# Blender 5.1.1
# www.blender.org
mtllib Bank.mtl
o Bank
v 4.249529 0.545400 -6.328261
v 3.936831 0.545400 -6.326668
v 3.936831 0.669013 -6.326668
v 3.998482 0.699917 -6.326982
v 4.029307 0.730820 -6.327139
v 4.060133 0.792627 -6.327296
v 4.060133 0.854434 -6.327296
v 4.029307 0.916240 -6.327139
v 3.998482 0.940963 -6.326982
v 3.936831 0.978047 -6.326668
v 3.936831 1.039854 -6.326668
v 3.967656 1.225274 -6.326825
v 3.998482 1.348888 -6.326982
v 4.060133 1.534308 -6.327296
v 4.152610 1.657922 -6.327767
v 4.249529 1.756812 -6.328261
v 4.201931 1.392152 -6.328018
v 4.195675 1.235537 -6.327987
v 4.201931 1.361249 -6.328018
v 4.249529 1.163468 -6.328261
v 4.249529 1.163468 -6.328261
v 4.249529 1.431924 -6.328261
v 4.224077 1.204633 -6.328131
v 4.232756 1.429236 -6.328176
v 4.220426 1.423056 -6.328113
v 4.144648 1.287081 -6.327726
v 4.144648 1.311804 -6.327726
v 4.166555 1.340426 -6.327838
v 4.163143 1.256178 -6.327821
v 4.178971 1.212003 -6.289757
v 4.201861 1.187097 -6.289874
v 4.143735 1.234360 -6.289577
v 4.117219 1.278665 -6.289442
v 4.117219 1.322118 -6.289442
v 4.148990 1.363627 -6.289604
v 4.174501 1.378644 -6.289734
v 4.174501 1.400569 -6.289734
v 4.201857 1.446276 -6.289874
v 4.225482 1.458118 -6.289994
v 4.248559 1.431924 -6.290112
v 4.248559 1.756812 -6.290112
v 4.178738 1.638357 -6.289756
v 4.090210 1.520022 -6.289305
v 4.030483 1.340386 -6.289001
v 4.000233 1.219082 -6.288846
v 3.970019 1.037339 -6.288692
v 3.970019 0.995251 -6.288692
v 4.018703 0.965967 -6.288940
v 4.056319 0.935798 -6.289132
v 4.093321 0.861607 -6.289320
v 4.093321 0.785454 -6.289320
v 4.057096 0.712821 -6.289136
v 4.019315 0.674945 -6.288944
v 3.970019 0.650234 -6.288692
v 3.970019 0.575785 -6.288692
v 4.248559 0.545400 -6.290112
v 4.247966 1.163468 -6.290108
v 4.248559 1.163468 -6.290112
v 4.558413 0.545400 -6.329834
v 4.558413 0.669013 -6.329834
v 4.496636 0.699917 -6.329520
v 4.465748 0.730820 -6.329362
v 4.434859 0.792627 -6.329205
v 4.434859 0.854434 -6.329205
v 4.465748 0.916240 -6.329362
v 4.496636 0.940963 -6.329520
v 4.558413 0.978047 -6.329834
v 4.558413 1.039854 -6.329834
v 4.527524 1.225274 -6.329677
v 4.496636 1.348888 -6.329520
v 4.434859 1.534308 -6.329205
v 4.342194 1.657922 -6.328733
v 4.292772 1.392152 -6.328481
v 4.299041 1.235537 -6.328513
v 4.292772 1.361249 -6.328481
v 4.270581 1.204633 -6.328368
v 4.261884 1.429236 -6.328324
v 4.274240 1.423056 -6.328387
v 4.350172 1.287081 -6.328773
v 4.350172 1.311804 -6.328773
v 4.328220 1.340426 -6.328662
v 4.331639 1.256178 -6.328679
v 4.317694 1.212003 -6.290463
v 4.294758 1.187097 -6.290347
v 4.353002 1.234360 -6.290643
v 4.379572 1.278665 -6.290779
v 4.379572 1.322118 -6.290779
v 4.347737 1.363627 -6.290617
v 4.322173 1.378644 -6.290486
v 4.322173 1.400569 -6.290486
v 4.294762 1.446276 -6.290347
v 4.271089 1.458118 -6.290226
v 4.317927 1.638357 -6.290465
v 4.406636 1.520022 -6.290916
v 4.466486 1.340386 -6.291222
v 4.496797 1.219082 -6.291376
v 4.527072 1.037339 -6.291530
v 4.527072 0.995251 -6.291530
v 4.478289 0.965967 -6.291282
v 4.440597 0.935798 -6.291090
v 4.403519 0.861607 -6.290901
v 4.403519 0.785454 -6.290901
v 4.439817 0.712821 -6.291086
v 4.477676 0.674945 -6.291278
v 4.527072 0.650234 -6.291530
v 4.527072 0.575785 -6.291530
v 4.198555 1.235537 -6.289856
v 4.226956 1.204633 -6.290001
v 4.166023 1.256178 -6.289691
v 4.147528 1.287081 -6.289597
v 4.147528 1.311804 -6.289597
v 4.169435 1.340426 -6.289708
v 4.204810 1.361249 -6.289888
v 4.204810 1.392152 -6.289888
v 4.223305 1.423056 -6.289983
v 4.235636 1.429236 -6.290046
v 4.155489 1.657922 -6.289637
v 4.063013 1.534308 -6.289166
v 4.001361 1.348888 -6.288852
v 3.970536 1.225274 -6.288695
v 3.939710 1.039854 -6.288538
v 3.939710 0.978047 -6.288538
v 4.001361 0.940963 -6.288852
v 4.032187 0.916240 -6.289009
v 4.063013 0.854434 -6.289166
v 4.063013 0.792627 -6.289166
v 4.032187 0.730820 -6.289009
v 4.001361 0.699917 -6.288852
v 3.939710 0.669013 -6.288538
v 3.939710 0.545400 -6.288538
v 4.298071 1.235537 -6.290363
v 4.269611 1.204633 -6.290218
v 4.330669 1.256178 -6.290530
v 4.349202 1.287081 -6.290624
v 4.349202 1.311804 -6.290624
v 4.327250 1.340426 -6.290512
v 4.291802 1.361249 -6.290332
v 4.291802 1.392152 -6.290332
v 4.273270 1.423056 -6.290237
v 4.260914 1.429236 -6.290174
v 4.341224 1.657922 -6.290583
v 4.433889 1.534308 -6.291055
v 4.495666 1.348888 -6.291370
v 4.526555 1.225274 -6.291527
v 4.557443 1.039854 -6.291685
v 4.557443 0.978047 -6.291685
v 4.495666 0.940963 -6.291370
v 4.464778 0.916240 -6.291213
v 4.433889 0.854434 -6.291055
v 4.433889 0.792627 -6.291055
v 4.464778 0.730820 -6.291213
v 4.495666 0.699917 -6.291370
v 4.557443 0.669013 -6.291685
v 4.557443 0.545400 -6.291685
v 4.248559 1.756812 -6.290112
v 4.248559 1.431924 -6.290112
v 4.248559 0.545400 -6.290112
v 4.248559 1.163468 -6.290112
v 4.178971 1.212003 -6.289757
v 4.201861 1.187097 -6.289874
v 4.143735 1.234360 -6.289577
v 4.117219 1.278665 -6.289442
v 4.117219 1.322118 -6.289442
v 4.148990 1.363627 -6.289604
v 4.174501 1.378644 -6.289734
v 4.174501 1.400569 -6.289734
v 4.201857 1.446276 -6.289874
v 4.225482 1.458118 -6.289994
v 4.178738 1.638357 -6.289756
v 4.090210 1.520022 -6.289305
v 4.030483 1.340386 -6.289001
v 4.000233 1.219082 -6.288846
v 3.970019 1.037339 -6.288692
v 3.970019 0.995251 -6.288692
v 4.018703 0.965967 -6.288940
v 4.056319 0.935798 -6.289132
v 4.093321 0.861607 -6.289320
v 4.093321 0.785454 -6.289320
v 4.057096 0.712821 -6.289136
v 4.019315 0.674945 -6.288944
v 3.970019 0.650234 -6.288692
v 3.970019 0.575785 -6.288692
v 4.317694 1.212003 -6.290463
v 4.294758 1.187097 -6.290347
v 4.353002 1.234360 -6.290643
v 4.379572 1.278665 -6.290779
v 4.379572 1.322118 -6.290779
v 4.347737 1.363627 -6.290617
v 4.322173 1.378644 -6.290486
v 4.322173 1.400569 -6.290486
v 4.294762 1.446276 -6.290347
v 4.271089 1.458118 -6.290226
v 4.317927 1.638357 -6.290465
v 4.406636 1.520022 -6.290916
v 4.466486 1.340386 -6.291222
v 4.496797 1.219082 -6.291376
v 4.527072 1.037339 -6.291530
v 4.527072 0.995251 -6.291530
v 4.478289 0.965967 -6.291282
v 4.440597 0.935798 -6.291090
v 4.403519 0.861607 -6.290901
v 4.403519 0.785454 -6.290901
v 4.439817 0.712821 -6.291086
v 4.477676 0.674945 -6.291278
v 4.527072 0.650234 -6.291530
v 4.527072 0.575785 -6.291530
v 4.248016 1.756812 -6.269518
v 4.248016 1.431924 -6.269518
v 4.248016 0.545400 -6.269518
v 4.248016 1.163468 -6.269518
v 4.248016 1.163468 -6.269518
v 4.180570 1.212003 -6.269175
v 4.203459 1.187097 -6.269291
v 4.145333 1.234360 -6.268995
v 4.118817 1.278665 -6.268860
v 4.118817 1.322118 -6.268860
v 4.150588 1.363627 -6.269022
v 4.176100 1.378644 -6.269152
v 4.176100 1.400569 -6.269152
v 4.203455 1.446276 -6.269291
v 4.227080 1.458118 -6.269412
v 4.180336 1.638357 -6.269173
v 4.091809 1.520022 -6.268723
v 4.032082 1.340386 -6.268418
v 4.001832 1.219082 -6.268264
v 3.971617 1.037339 -6.268110
v 3.971617 0.995251 -6.268110
v 4.020302 0.965967 -6.268358
v 4.057918 0.935798 -6.268550
v 4.094920 0.861607 -6.268738
v 4.094920 0.785454 -6.268738
v 4.058695 0.712821 -6.268554
v 4.020914 0.674945 -6.268361
v 3.971617 0.650234 -6.268110
v 3.971617 0.575785 -6.268110
v 4.317152 1.212003 -6.269870
v 4.294215 1.187097 -6.269753
v 4.352459 1.234360 -6.270050
v 4.379030 1.278665 -6.270185
v 4.379030 1.322118 -6.270185
v 4.347194 1.363627 -6.270023
v 4.321630 1.378644 -6.269893
v 4.321630 1.400569 -6.269893
v 4.294219 1.446276 -6.269753
v 4.270546 1.458118 -6.269633
v 4.317385 1.638357 -6.269872
v 4.406093 1.520022 -6.270323
v 4.465943 1.340386 -6.270628
v 4.496254 1.219082 -6.270782
v 4.526530 1.037339 -6.270937
v 4.526530 0.995251 -6.270937
v 4.477746 0.965967 -6.270689
v 4.440054 0.935798 -6.270496
v 4.402976 0.861607 -6.270308
v 4.402976 0.785454 -6.270308
v 4.439275 0.712821 -6.270493
v 4.477133 0.674945 -6.270685
v 4.526530 0.650234 -6.270937
v 4.526530 0.575785 -6.270937
v 4.871066 0.545400 -6.332281
v 4.558368 0.545400 -6.330688
v 4.558368 0.669013 -6.330688
v 4.620019 0.699917 -6.331002
v 4.650845 0.730820 -6.331159
v 4.681671 0.792627 -6.331316
v 4.681671 0.854434 -6.331316
v 4.650845 0.916240 -6.331159
v 4.620019 0.940963 -6.331002
v 4.558368 0.978047 -6.330688
v 4.558368 1.039854 -6.330688
v 4.589194 1.225274 -6.330845
v 4.620019 1.348888 -6.331002
v 4.681671 1.534308 -6.331316
v 4.774147 1.657922 -6.331787
v 4.871066 1.756812 -6.332281
v 4.823468 1.392152 -6.332038
v 4.817212 1.235537 -6.332006
v 4.823468 1.361249 -6.332038
v 4.871066 1.163468 -6.332281
v 4.871066 1.163468 -6.332281
v 4.871066 1.431924 -6.332281
v 4.845614 1.204633 -6.332151
v 4.854293 1.429236 -6.332195
v 4.841963 1.423056 -6.332132
v 4.766185 1.287081 -6.331746
v 4.766185 1.311804 -6.331746
v 4.788093 1.340426 -6.331858
v 4.784681 1.256178 -6.331841
v 4.800508 1.212003 -6.293777
v 4.823399 1.187097 -6.293893
v 4.765273 1.234360 -6.293597
v 4.738756 1.278665 -6.293462
v 4.738756 1.322118 -6.293462
v 4.770527 1.363627 -6.293624
v 4.796039 1.378644 -6.293754
v 4.796039 1.400569 -6.293754
v 4.823394 1.446276 -6.293893
v 4.847019 1.458118 -6.294014
v 4.870096 1.431924 -6.294131
v 4.870096 1.756812 -6.294131
v 4.800276 1.638357 -6.293776
v 4.711748 1.520022 -6.293324
v 4.652020 1.340386 -6.293020
v 4.621771 1.219082 -6.292866
v 4.591557 1.037339 -6.292712
v 4.591557 0.995251 -6.292712
v 4.640241 0.965967 -6.292960
v 4.677856 0.935798 -6.293152
v 4.714859 0.861607 -6.293340
v 4.714859 0.785454 -6.293340
v 4.678634 0.712821 -6.293156
v 4.640852 0.674945 -6.292964
v 4.591557 0.650234 -6.292712
v 4.591557 0.575785 -6.292712
v 4.870096 0.545400 -6.294131
v 4.869503 1.163468 -6.294128
v 4.870096 1.163468 -6.294131
v 5.179951 0.545400 -6.333854
v 5.179951 0.669013 -6.333854
v 5.118174 0.699917 -6.333539
v 5.087285 0.730820 -6.333382
v 5.056397 0.792627 -6.333225
v 5.056397 0.854434 -6.333225
v 5.087285 0.916240 -6.333382
v 5.118174 0.940963 -6.333539
v 5.179951 0.978047 -6.333854
v 5.179951 1.039854 -6.333854
v 5.149062 1.225274 -6.333697
v 5.118174 1.348888 -6.333539
v 5.056397 1.534308 -6.333225
v 4.963731 1.657922 -6.332753
v 4.914310 1.392152 -6.332501
v 4.920578 1.235537 -6.332533
v 4.914310 1.361249 -6.332501
v 4.892118 1.204633 -6.332388
v 4.883421 1.429236 -6.332344
v 4.895777 1.423056 -6.332407
v 4.971709 1.287081 -6.332793
v 4.971709 1.311804 -6.332793
v 4.949757 1.340426 -6.332681
v 4.953176 1.256178 -6.332699
v 4.939232 1.212003 -6.294483
v 4.916295 1.187097 -6.294366
v 4.974540 1.234360 -6.294663
v 5.001110 1.278665 -6.294798
v 5.001110 1.322118 -6.294798
v 4.969275 1.363627 -6.294636
v 4.943710 1.378644 -6.294506
v 4.943710 1.400569 -6.294506
v 4.916299 1.446276 -6.294366
v 4.892626 1.458118 -6.294246
v 4.939465 1.638357 -6.294485
v 5.028173 1.520022 -6.294936
v 5.088023 1.340386 -6.295241
v 5.118334 1.219082 -6.295395
v 5.148610 1.037339 -6.295550
v 5.148610 0.995251 -6.295550
v 5.099827 0.965967 -6.295301
v 5.062134 0.935798 -6.295109
v 5.025056 0.861607 -6.294920
v 5.025056 0.785454 -6.294920
v 5.061355 0.712821 -6.295105
v 5.099214 0.674945 -6.295298
v 5.148610 0.650234 -6.295550
v 5.148610 0.575785 -6.295550
v 4.820092 1.235537 -6.293876
v 4.848494 1.204633 -6.294021
v 4.787560 1.256178 -6.293711
v 4.769065 1.287081 -6.293616
v 4.769065 1.311804 -6.293616
v 4.790973 1.340426 -6.293728
v 4.826347 1.361249 -6.293908
v 4.826347 1.392152 -6.293908
v 4.844843 1.423056 -6.294003
v 4.857173 1.429236 -6.294065
v 4.777027 1.657922 -6.293657
v 4.684550 1.534308 -6.293186
v 4.622899 1.348888 -6.292872
v 4.592073 1.225274 -6.292715
v 4.561248 1.039854 -6.292558
v 4.561248 0.978047 -6.292558
v 4.622899 0.940963 -6.292872
v 4.653725 0.916240 -6.293029
v 4.684550 0.854434 -6.293186
v 4.684550 0.792627 -6.293186
v 4.653725 0.730820 -6.293029
v 4.622899 0.699917 -6.292872
v 4.561248 0.669013 -6.292558
v 4.561248 0.545400 -6.292558
v 4.919609 1.235537 -6.294383
v 4.891148 1.204633 -6.294238
v 4.952207 1.256178 -6.294549
v 4.970739 1.287081 -6.294644
v 4.970739 1.311804 -6.294644
v 4.948787 1.340426 -6.294532
v 4.913340 1.361249 -6.294352
v 4.913340 1.392152 -6.294352
v 4.894807 1.423056 -6.294257
v 4.882452 1.429236 -6.294194
v 4.962761 1.657922 -6.294603
v 5.055427 1.534308 -6.295075
v 5.117204 1.348888 -6.295390
v 5.148092 1.225274 -6.295547
v 5.178980 1.039854 -6.295704
v 5.178980 0.978047 -6.295704
v 5.117204 0.940963 -6.295390
v 5.086315 0.916240 -6.295232
v 5.055427 0.854434 -6.295075
v 5.055427 0.792627 -6.295075
v 5.086315 0.730820 -6.295232
v 5.117204 0.699917 -6.295390
v 5.178980 0.669013 -6.295704
v 5.178980 0.545400 -6.295704
v 4.870096 1.756812 -6.294131
v 4.870096 1.431924 -6.294131
v 4.870096 0.545400 -6.294131
v 4.870096 1.163468 -6.294131
v 4.800508 1.212003 -6.293777
v 4.823399 1.187097 -6.293893
v 4.765273 1.234360 -6.293597
v 4.738756 1.278665 -6.293462
v 4.738756 1.322118 -6.293462
v 4.770527 1.363627 -6.293624
v 4.796039 1.378644 -6.293754
v 4.796039 1.400569 -6.293754
v 4.823394 1.446276 -6.293893
v 4.847019 1.458118 -6.294014
v 4.800276 1.638357 -6.293776
v 4.711748 1.520022 -6.293324
v 4.652020 1.340386 -6.293020
v 4.621771 1.219082 -6.292866
v 4.591557 1.037339 -6.292712
v 4.591557 0.995251 -6.292712
v 4.640241 0.965967 -6.292960
v 4.677856 0.935798 -6.293152
v 4.714859 0.861607 -6.293340
v 4.714859 0.785454 -6.293340
v 4.678634 0.712821 -6.293156
v 4.640852 0.674945 -6.292964
v 4.591557 0.650234 -6.292712
v 4.591557 0.575785 -6.292712
v 4.939232 1.212003 -6.294483
v 4.916295 1.187097 -6.294366
v 4.974540 1.234360 -6.294663
v 5.001110 1.278665 -6.294798
v 5.001110 1.322118 -6.294798
v 4.969275 1.363627 -6.294636
v 4.943710 1.378644 -6.294506
v 4.943710 1.400569 -6.294506
v 4.916299 1.446276 -6.294366
v 4.892626 1.458118 -6.294246
v 4.939465 1.638357 -6.294485
v 5.028173 1.520022 -6.294936
v 5.088023 1.340386 -6.295241
v 5.118334 1.219082 -6.295395
v 5.148610 1.037339 -6.295550
v 5.148610 0.995251 -6.295550
v 5.099827 0.965967 -6.295301
v 5.062134 0.935798 -6.295109
v 5.025056 0.861607 -6.294920
v 5.025056 0.785454 -6.294920
v 5.061355 0.712821 -6.295105
v 5.099214 0.674945 -6.295298
v 5.148610 0.650234 -6.295550
v 5.148610 0.575785 -6.295550
v 4.869554 1.756812 -6.273538
v 4.869554 1.431924 -6.273538
v 4.869554 0.545400 -6.273538
v 4.869554 1.163468 -6.273538
v 4.869554 1.163468 -6.273538
v 4.802107 1.212003 -6.273194
v 4.824997 1.187097 -6.273311
v 4.766871 1.234360 -6.273015
v 4.740355 1.278665 -6.272880
v 4.740355 1.322118 -6.272880
v 4.772125 1.363627 -6.273042
v 4.797637 1.378644 -6.273171
v 4.797637 1.400569 -6.273171
v 4.824993 1.446276 -6.273311
v 4.848618 1.458118 -6.273431
v 4.801874 1.638357 -6.273193
v 4.713346 1.520022 -6.272742
v 4.653619 1.340386 -6.272438
v 4.623369 1.219082 -6.272284
v 4.593155 1.037339 -6.272130
v 4.593155 0.995251 -6.272130
v 4.641839 0.965967 -6.272378
v 4.679455 0.935798 -6.272570
v 4.716457 0.861607 -6.272758
v 4.716457 0.785454 -6.272758
v 4.680232 0.712821 -6.272573
v 4.642451 0.674945 -6.272381
v 4.593155 0.650234 -6.272130
v 4.593155 0.575785 -6.272130
v 4.938689 1.212003 -6.273890
v 4.915752 1.187097 -6.273773
v 4.973997 1.234360 -6.274070
v 5.000567 1.278665 -6.274205
v 5.000567 1.322118 -6.274205
v 4.968732 1.363627 -6.274043
v 4.943168 1.378644 -6.273913
v 4.943168 1.400569 -6.273913
v 4.915757 1.446276 -6.273773
v 4.892083 1.458118 -6.273653
v 4.938922 1.638357 -6.273891
v 5.027631 1.520022 -6.274343
v 5.087480 1.340386 -6.274648
v 5.117792 1.219082 -6.274802
v 5.148067 1.037339 -6.274957
v 5.148067 0.995251 -6.274957
v 5.099284 0.965967 -6.274708
v 5.061592 0.935798 -6.274516
v 5.024514 0.861607 -6.274327
v 5.024514 0.785454 -6.274327
v 5.060812 0.712821 -6.274512
v 5.098671 0.674945 -6.274705
v 5.148067 0.650234 -6.274957
v 5.148067 0.575785 -6.274957
v 5.492604 0.545400 -6.336300
v 5.179906 0.545400 -6.334707
v 5.179906 0.669013 -6.334707
v 5.241557 0.699917 -6.335021
v 5.272382 0.730820 -6.335178
v 5.303208 0.792627 -6.335336
v 5.303208 0.854434 -6.335336
v 5.272382 0.916240 -6.335178
v 5.241557 0.940963 -6.335021
v 5.179906 0.978047 -6.334707
v 5.179906 1.039854 -6.334707
v 5.210732 1.225274 -6.334865
v 5.241557 1.348888 -6.335021
v 5.303208 1.534308 -6.335336
v 5.395685 1.657922 -6.335806
v 5.492604 1.756812 -6.336300
v 5.445005 1.392152 -6.336058
v 5.438750 1.235537 -6.336026
v 5.445005 1.361249 -6.336058
v 5.492604 1.163468 -6.336300
v 5.492604 1.163468 -6.336300
v 5.492604 1.431924 -6.336300
v 5.467152 1.204633 -6.336171
v 5.475831 1.429236 -6.336215
v 5.463501 1.423056 -6.336152
v 5.387723 1.287081 -6.335766
v 5.387723 1.311804 -6.335766
v 5.409630 1.340426 -6.335877
v 5.406218 1.256178 -6.335860
v 5.422046 1.212003 -6.297796
v 5.444936 1.187097 -6.297913
v 5.386810 1.234360 -6.297617
v 5.360294 1.278665 -6.297482
v 5.360294 1.322118 -6.297482
v 5.392065 1.363627 -6.297644
v 5.417576 1.378644 -6.297773
v 5.417576 1.400569 -6.297773
v 5.444932 1.446276 -6.297913
v 5.468557 1.458118 -6.298033
v 5.491634 1.431924 -6.298151
v 5.491634 1.756812 -6.298151
v 5.421813 1.638357 -6.297795
v 5.333285 1.520022 -6.297344
v 5.273558 1.340386 -6.297040
v 5.243308 1.219082 -6.296886
v 5.213094 1.037339 -6.296732
v 5.213094 0.995251 -6.296732
v 5.261778 0.965967 -6.296980
v 5.299394 0.935798 -6.297172
v 5.336396 0.861607 -6.297360
v 5.336396 0.785454 -6.297360
v 5.300171 0.712821 -6.297175
v 5.262390 0.674945 -6.296983
v 5.213094 0.650234 -6.296732
v 5.213094 0.575785 -6.296732
v 5.491634 0.545400 -6.298151
v 5.491041 1.163468 -6.298148
v 5.491634 1.163468 -6.298151
v 5.801488 0.545400 -6.337874
v 5.801488 0.669013 -6.337874
v 5.739711 0.699917 -6.337559
v 5.708823 0.730820 -6.337402
v 5.677935 0.792627 -6.337245
v 5.677935 0.854434 -6.337245
v 5.708823 0.916240 -6.337402
v 5.739711 0.940963 -6.337559
v 5.801488 0.978047 -6.337874
v 5.801488 1.039854 -6.337874
v 5.770599 1.225274 -6.337717
v 5.739711 1.348888 -6.337559
v 5.677935 1.534308 -6.337245
v 5.585269 1.657922 -6.336772
v 5.535848 1.392152 -6.336521
v 5.542116 1.235537 -6.336553
v 5.535848 1.361249 -6.336521
v 5.513656 1.204633 -6.336408
v 5.504959 1.429236 -6.336363
v 5.517314 1.423056 -6.336426
v 5.593247 1.287081 -6.336813
v 5.593247 1.311804 -6.336813
v 5.571295 1.340426 -6.336701
v 5.574714 1.256178 -6.336719
v 5.560769 1.212003 -6.298503
v 5.537833 1.187097 -6.298386
v 5.596077 1.234360 -6.298683
v 5.622647 1.278665 -6.298818
v 5.622647 1.322118 -6.298818
v 5.590812 1.363627 -6.298656
v 5.565248 1.378644 -6.298526
v 5.565248 1.400569 -6.298526
v 5.537837 1.446276 -6.298386
v 5.514163 1.458118 -6.298265
v 5.561003 1.638357 -6.298504
v 5.649711 1.520022 -6.298956
v 5.709560 1.340386 -6.299261
v 5.739872 1.219082 -6.299415
v 5.770147 1.037339 -6.299570
v 5.770147 0.995251 -6.299570
v 5.721364 0.965967 -6.299321
v 5.683672 0.935798 -6.299129
v 5.646594 0.861607 -6.298940
v 5.646594 0.785454 -6.298940
v 5.682893 0.712821 -6.299125
v 5.720751 0.674945 -6.299318
v 5.770147 0.650234 -6.299570
v 5.770147 0.575785 -6.299570
v 5.441629 1.235537 -6.297896
v 5.470032 1.204633 -6.298041
v 5.409098 1.256178 -6.297730
v 5.390603 1.287081 -6.297636
v 5.390603 1.311804 -6.297636
v 5.412510 1.340426 -6.297748
v 5.447885 1.361249 -6.297928
v 5.447885 1.392152 -6.297928
v 5.466381 1.423056 -6.298022
v 5.478711 1.429236 -6.298085
v 5.398564 1.657922 -6.297677
v 5.306087 1.534308 -6.297205
v 5.244437 1.348888 -6.296892
v 5.213611 1.225274 -6.296734
v 5.182786 1.039854 -6.296577
v 5.182786 0.978047 -6.296577
v 5.244436 0.940963 -6.296892
v 5.275262 0.916240 -6.297049
v 5.306087 0.854434 -6.297205
v 5.306087 0.792627 -6.297205
v 5.275262 0.730820 -6.297049
v 5.244437 0.699917 -6.296892
v 5.182786 0.669013 -6.296577
v 5.182786 0.545400 -6.296577
v 5.541146 1.235537 -6.298403
v 5.512686 1.204633 -6.298258
v 5.573744 1.256178 -6.298569
v 5.592277 1.287081 -6.298664
v 5.592277 1.311804 -6.298664
v 5.570325 1.340426 -6.298552
v 5.534878 1.361249 -6.298371
v 5.534878 1.392152 -6.298371
v 5.516345 1.423056 -6.298277
v 5.503989 1.429236 -6.298214
v 5.584299 1.657922 -6.298623
v 5.676964 1.534308 -6.299095
v 5.738741 1.348888 -6.299409
v 5.769629 1.225274 -6.299567
v 5.800518 1.039854 -6.299724
v 5.800518 0.978047 -6.299724
v 5.738741 0.940963 -6.299409
v 5.707853 0.916240 -6.299252
v 5.676964 0.854434 -6.299095
v 5.676964 0.792627 -6.299095
v 5.707853 0.730820 -6.299252
v 5.738741 0.699917 -6.299409
v 5.800518 0.669013 -6.299724
v 5.800518 0.545400 -6.299724
v 5.491634 1.756812 -6.298151
v 5.491634 1.431924 -6.298151
v 5.491634 0.545400 -6.298151
v 5.491634 1.163468 -6.298151
v 5.422046 1.212003 -6.297796
v 5.444936 1.187097 -6.297913
v 5.386810 1.234360 -6.297617
v 5.360294 1.278665 -6.297482
v 5.360294 1.322118 -6.297482
v 5.392065 1.363627 -6.297644
v 5.417576 1.378644 -6.297773
v 5.417576 1.400569 -6.297773
v 5.444932 1.446276 -6.297913
v 5.468557 1.458118 -6.298033
v 5.421813 1.638357 -6.297795
v 5.333285 1.520022 -6.297344
v 5.273558 1.340386 -6.297040
v 5.243308 1.219082 -6.296886
v 5.213094 1.037339 -6.296732
v 5.213094 0.995251 -6.296732
v 5.261778 0.965967 -6.296980
v 5.299394 0.935798 -6.297172
v 5.336396 0.861607 -6.297360
v 5.336396 0.785454 -6.297360
v 5.300171 0.712821 -6.297175
v 5.262390 0.674945 -6.296983
v 5.213094 0.650234 -6.296732
v 5.213094 0.575785 -6.296732
v 5.560769 1.212003 -6.298503
v 5.537833 1.187097 -6.298386
v 5.596077 1.234360 -6.298683
v 5.622647 1.278665 -6.298818
v 5.622647 1.322118 -6.298818
v 5.590812 1.363627 -6.298656
v 5.565248 1.378644 -6.298526
v 5.565248 1.400569 -6.298526
v 5.537837 1.446276 -6.298386
v 5.514163 1.458118 -6.298265
v 5.561003 1.638357 -6.298504
v 5.649711 1.520022 -6.298956
v 5.709560 1.340386 -6.299261
v 5.739872 1.219082 -6.299415
v 5.770147 1.037339 -6.299570
v 5.770147 0.995251 -6.299570
v 5.721364 0.965967 -6.299321
v 5.683672 0.935798 -6.299129
v 5.646594 0.861607 -6.298940
v 5.646594 0.785454 -6.298940
v 5.682893 0.712821 -6.299125
v 5.720751 0.674945 -6.299318
v 5.770147 0.650234 -6.299570
v 5.770147 0.575785 -6.299570
v 5.491091 1.756812 -6.277557
v 5.491091 1.431924 -6.277557
v 5.491091 0.545400 -6.277557
v 5.491091 1.163468 -6.277557
v 5.491091 1.163468 -6.277557
v 5.423645 1.212003 -6.277214
v 5.446534 1.187097 -6.277330
v 5.388409 1.234360 -6.277035
v 5.361892 1.278665 -6.276899
v 5.361892 1.322118 -6.276899
v 5.393663 1.363627 -6.277061
v 5.419175 1.378644 -6.277191
v 5.419175 1.400569 -6.277191
v 5.446530 1.446276 -6.277330
v 5.470155 1.458118 -6.277451
v 5.423411 1.638357 -6.277213
v 5.334884 1.520022 -6.276762
v 5.275156 1.340386 -6.276458
v 5.244907 1.219082 -6.276304
v 5.214693 1.037339 -6.276150
v 5.214693 0.995251 -6.276150
v 5.263377 0.965967 -6.276398
v 5.300992 0.935798 -6.276589
v 5.337995 0.861607 -6.276778
v 5.337995 0.785454 -6.276778
v 5.301770 0.712821 -6.276593
v 5.263988 0.674945 -6.276401
v 5.214693 0.650234 -6.276150
v 5.214693 0.575785 -6.276150
v 5.560226 1.212003 -6.277910
v 5.537290 1.187097 -6.277793
v 5.595535 1.234360 -6.278090
v 5.622105 1.278665 -6.278225
v 5.622105 1.322118 -6.278225
v 5.590269 1.363627 -6.278063
v 5.564705 1.378644 -6.277933
v 5.564705 1.400569 -6.277933
v 5.537294 1.446276 -6.277793
v 5.513621 1.458118 -6.277672
v 5.560460 1.638357 -6.277911
v 5.649168 1.520022 -6.278363
v 5.709018 1.340386 -6.278668
v 5.739329 1.219082 -6.278822
v 5.769605 1.037339 -6.278976
v 5.769605 0.995251 -6.278976
v 5.720821 0.965967 -6.278728
v 5.683129 0.935798 -6.278536
v 5.646051 0.861607 -6.278347
v 5.646051 0.785454 -6.278347
v 5.682350 0.712821 -6.278532
v 5.720208 0.674945 -6.278725
v 5.769605 0.650234 -6.278976
v 5.769605 0.575785 -6.278976
v 6.114141 0.545400 -6.340320
v 5.801443 0.545400 -6.338727
v 5.801443 0.669013 -6.338727
v 5.863094 0.699917 -6.339041
v 5.893920 0.730820 -6.339198
v 5.924746 0.792627 -6.339355
v 5.924746 0.854434 -6.339355
v 5.893920 0.916240 -6.339198
v 5.863094 0.940963 -6.339041
v 5.801443 0.978047 -6.338727
v 5.801443 1.039854 -6.338727
v 5.832269 1.225274 -6.338884
v 5.863094 1.348888 -6.339041
v 5.924746 1.534308 -6.339355
v 6.017222 1.657922 -6.339826
v 6.114141 1.756812 -6.340320
v 6.066543 1.392152 -6.340077
v 6.060287 1.235537 -6.340046
v 6.066543 1.361249 -6.340077
v 6.114141 1.163468 -6.340320
v 6.114141 1.163468 -6.340320
v 6.114141 1.431924 -6.340320
v 6.088689 1.204633 -6.340190
v 6.097369 1.429236 -6.340235
v 6.085038 1.423056 -6.340172
v 6.009261 1.287081 -6.339786
v 6.009261 1.311804 -6.339786
v 6.031168 1.340426 -6.339897
v 6.027756 1.256178 -6.339880
v 6.043584 1.212003 -6.301816
v 6.066473 1.187097 -6.301933
v 6.008348 1.234360 -6.301637
v 5.981832 1.278665 -6.301501
v 5.981832 1.322118 -6.301501
v 6.013602 1.363627 -6.301663
v 6.039114 1.378644 -6.301793
v 6.039114 1.400569 -6.301793
v 6.066469 1.446276 -6.301933
v 6.090095 1.458118 -6.302053
v 6.113171 1.431924 -6.302171
v 6.113171 1.756812 -6.302171
v 6.043351 1.638357 -6.301815
v 5.954823 1.520022 -6.301364
v 5.895095 1.340386 -6.301060
v 5.864846 1.219082 -6.300906
v 5.834631 1.037339 -6.300752
v 5.834631 0.995251 -6.300752
v 5.883316 0.965967 -6.301000
v 5.920931 0.935798 -6.301191
v 5.957933 0.861607 -6.301380
v 5.957933 0.785454 -6.301380
v 5.921709 0.712821 -6.301195
v 5.883928 0.674945 -6.301003
v 5.834631 0.650234 -6.300752
v 5.834631 0.575785 -6.300752
v 6.113171 0.545400 -6.302171
v 6.112578 1.163468 -6.302167
v 6.113171 1.163468 -6.302171
v 6.423026 0.545400 -6.341894
v 6.423026 0.669013 -6.341894
v 6.361249 0.699917 -6.341579
v 6.330360 0.730820 -6.341422
v 6.299472 0.792627 -6.341264
v 6.299472 0.854434 -6.341264
v 6.330360 0.916240 -6.341422
v 6.361249 0.940963 -6.341579
v 6.423026 0.978047 -6.341894
v 6.423026 1.039854 -6.341894
v 6.392137 1.225274 -6.341736
v 6.361249 1.348888 -6.341579
v 6.299472 1.534308 -6.341264
v 6.206807 1.657922 -6.340792
v 6.157385 1.392152 -6.340540
v 6.163653 1.235537 -6.340572
v 6.157385 1.361249 -6.340540
v 6.135193 1.204633 -6.340427
v 6.126497 1.429236 -6.340383
v 6.138852 1.423056 -6.340446
v 6.214785 1.287081 -6.340833
v 6.214785 1.311804 -6.340833
v 6.192832 1.340426 -6.340721
v 6.196251 1.256178 -6.340738
v 6.182307 1.212003 -6.302523
v 6.159370 1.187097 -6.302406
v 6.217615 1.234360 -6.302702
v 6.244185 1.278665 -6.302838
v 6.244185 1.322118 -6.302838
v 6.212349 1.363627 -6.302676
v 6.186786 1.378644 -6.302546
v 6.186786 1.400569 -6.302546
v 6.159374 1.446276 -6.302406
v 6.135701 1.458118 -6.302285
v 6.182540 1.638357 -6.302524
v 6.271248 1.520022 -6.302976
v 6.331098 1.340386 -6.303281
v 6.361409 1.219082 -6.303435
v 6.391685 1.037339 -6.303589
v 6.391685 0.995251 -6.303589
v 6.342902 0.965967 -6.303341
v 6.305209 0.935798 -6.303149
v 6.268131 0.861607 -6.302960
v 6.268131 0.785454 -6.302960
v 6.304430 0.712821 -6.303145
v 6.342288 0.674945 -6.303338
v 6.391685 0.650234 -6.303589
v 6.391685 0.575785 -6.303589
v 6.063167 1.235537 -6.301916
v 6.091569 1.204633 -6.302061
v 6.030635 1.256178 -6.301750
v 6.012140 1.287081 -6.301656
v 6.012140 1.311804 -6.301656
v 6.034048 1.340426 -6.301767
v 6.069423 1.361249 -6.301948
v 6.069423 1.392152 -6.301948
v 6.087918 1.423056 -6.302042
v 6.100248 1.429236 -6.302105
v 6.020102 1.657922 -6.301696
v 5.927625 1.534308 -6.301225
v 5.865974 1.348888 -6.300911
v 5.835148 1.225274 -6.300755
v 5.804323 1.039854 -6.300597
v 5.804323 0.978047 -6.300597
v 5.865974 0.940963 -6.300911
v 5.896800 0.916240 -6.301068
v 5.927625 0.854434 -6.301225
v 5.927625 0.792627 -6.301225
v 5.896800 0.730820 -6.301068
v 5.865974 0.699917 -6.300911
v 5.804323 0.669013 -6.300597
v 5.804323 0.545400 -6.300597
v 6.162683 1.235537 -6.302423
v 6.134223 1.204633 -6.302278
v 6.195282 1.256178 -6.302589
v 6.213814 1.287081 -6.302683
v 6.213814 1.311804 -6.302683
v 6.191862 1.340426 -6.302571
v 6.156415 1.361249 -6.302391
v 6.156415 1.392152 -6.302391
v 6.137882 1.423056 -6.302297
v 6.125527 1.429236 -6.302234
v 6.205836 1.657922 -6.302643
v 6.298502 1.534308 -6.303114
v 6.360279 1.348888 -6.303429
v 6.391167 1.225274 -6.303586
v 6.422056 1.039854 -6.303744
v 6.422056 0.978047 -6.303744
v 6.360279 0.940963 -6.303429
v 6.329391 0.916240 -6.303272
v 6.298502 0.854434 -6.303114
v 6.298502 0.792627 -6.303114
v 6.329391 0.730820 -6.303272
v 6.360279 0.699917 -6.303429
v 6.422056 0.669013 -6.303744
v 6.422056 0.545400 -6.303744
v 6.113171 1.756812 -6.302171
v 6.113171 1.431924 -6.302171
v 6.113171 0.545400 -6.302171
v 6.113171 1.163468 -6.302171
v 6.043584 1.212003 -6.301816
v 6.066473 1.187097 -6.301933
v 6.008348 1.234360 -6.301637
v 5.981832 1.278665 -6.301501
v 5.981832 1.322118 -6.301501
v 6.013602 1.363627 -6.301663
v 6.039114 1.378644 -6.301793
v 6.039114 1.400569 -6.301793
v 6.066469 1.446276 -6.301933
v 6.090095 1.458118 -6.302053
v 6.043351 1.638357 -6.301815
v 5.954823 1.520022 -6.301364
v 5.895095 1.340386 -6.301060
v 5.864846 1.219082 -6.300906
v 5.834631 1.037339 -6.300752
v 5.834631 0.995251 -6.300752
v 5.883316 0.965967 -6.301000
v 5.920931 0.935798 -6.301191
v 5.957933 0.861607 -6.301380
v 5.957933 0.785454 -6.301380
v 5.921709 0.712821 -6.301195
v 5.883928 0.674945 -6.301003
v 5.834631 0.650234 -6.300752
v 5.834631 0.575785 -6.300752
v 6.182307 1.212003 -6.302523
v 6.159370 1.187097 -6.302406
v 6.217615 1.234360 -6.302702
v 6.244185 1.278665 -6.302838
v 6.244185 1.322118 -6.302838
v 6.212349 1.363627 -6.302676
v 6.186786 1.378644 -6.302546
v 6.186786 1.400569 -6.302546
v 6.159374 1.446276 -6.302406
v 6.135701 1.458118 -6.302285
v 6.182540 1.638357 -6.302524
v 6.271248 1.520022 -6.302976
v 6.331098 1.340386 -6.303281
v 6.361409 1.219082 -6.303435
v 6.391685 1.037339 -6.303589
v 6.391685 0.995251 -6.303589
v 6.342902 0.965967 -6.303341
v 6.305209 0.935798 -6.303149
v 6.268131 0.861607 -6.302960
v 6.268131 0.785454 -6.302960
v 6.304430 0.712821 -6.303145
v 6.342288 0.674945 -6.303338
v 6.391685 0.650234 -6.303589
v 6.391685 0.575785 -6.303589
v 6.112628 1.756812 -6.281577
v 6.112628 1.431924 -6.281577
v 6.112628 0.545400 -6.281577
v 6.112628 1.163468 -6.281577
v 6.112628 1.163468 -6.281577
v 6.045182 1.212003 -6.281234
v 6.068072 1.187097 -6.281350
v 6.009946 1.234360 -6.281054
v 5.983430 1.278665 -6.280919
v 5.983430 1.322118 -6.280919
v 6.015201 1.363627 -6.281081
v 6.040712 1.378644 -6.281211
v 6.040712 1.400569 -6.281211
v 6.068068 1.446276 -6.281350
v 6.091693 1.458118 -6.281471
v 6.044949 1.638357 -6.281232
v 5.956421 1.520022 -6.280782
v 5.896694 1.340386 -6.280478
v 5.866444 1.219082 -6.280324
v 5.836230 1.037339 -6.280169
v 5.836230 0.995251 -6.280169
v 5.884914 0.965967 -6.280417
v 5.922530 0.935798 -6.280609
v 5.959532 0.861607 -6.280797
v 5.959532 0.785454 -6.280797
v 5.923307 0.712821 -6.280613
v 5.885526 0.674945 -6.280420
v 5.836230 0.650234 -6.280169
v 5.836230 0.575785 -6.280169
v 6.181764 1.212003 -6.281929
v 6.158828 1.187097 -6.281813
v 6.217072 1.234360 -6.282109
v 6.243642 1.278665 -6.282245
v 6.243642 1.322118 -6.282245
v 6.211807 1.363627 -6.282083
v 6.186243 1.378644 -6.281952
v 6.186243 1.400569 -6.281952
v 6.158832 1.446276 -6.281813
v 6.135159 1.458118 -6.281692
v 6.181998 1.638357 -6.281931
v 6.270706 1.520022 -6.282382
v 6.330555 1.340386 -6.282687
v 6.360867 1.219082 -6.282842
v 6.391142 1.037339 -6.282996
v 6.391142 0.995251 -6.282996
v 6.342359 0.965967 -6.282748
v 6.304667 0.935798 -6.282556
v 6.267589 0.861607 -6.282367
v 6.267589 0.785454 -6.282367
v 6.303887 0.712821 -6.282552
v 6.341746 0.674945 -6.282744
v 6.391142 0.650234 -6.282996
v 6.391142 0.575785 -6.282996
v 3.951529 0.528283 -6.077215
v 3.951529 0.562517 -6.077215
v 3.924332 0.527923 -6.308744
v 3.924332 0.562877 -6.308744
v 6.453807 0.527923 -6.087553
v 6.427778 0.562517 -6.089829
v 6.426610 0.528283 -6.319082
v 6.426610 0.562517 -6.319082
v 6.335364 0.528363 -6.318076
v 6.220442 0.528363 -6.317491
v 6.105577 0.528363 -6.305777
v 5.990599 0.528363 -6.316320
v 5.875676 0.528363 -6.315734
v 5.760677 0.527923 -6.330270
v 5.645833 0.528363 -6.314564
v 5.530910 0.528363 -6.313978
v 5.415989 0.528363 -6.313393
v 5.301042 0.528363 -6.317698
v 5.186145 0.528363 -6.312222
v 5.071208 0.527923 -6.314587
v 4.956286 0.527923 -6.314001
v 4.841442 0.527923 -6.298130
v 4.726457 0.528363 -6.309880
v 4.611536 0.528363 -6.309295
v 4.496598 0.527923 -6.311659
v 4.381691 0.528363 -6.308124
v 4.266755 0.527923 -6.310489
v 4.151848 0.528363 -6.306953
v 4.036926 0.528363 -6.306368
v 4.036911 0.562877 -6.309318
v 4.151833 0.562877 -6.309903
v 4.266769 0.562436 -6.307539
v 4.381691 0.562436 -6.308124
v 4.496598 0.562877 -6.311659
v 4.611536 0.562436 -6.309295
v 4.726458 0.562436 -6.309880
v 4.841442 0.562877 -6.298130
v 4.956301 0.562436 -6.311051
v 5.071223 0.562436 -6.311636
v 5.186145 0.562436 -6.312222
v 5.301026 0.562877 -6.320775
v 5.415989 0.562436 -6.313393
v 5.530896 0.562877 -6.316928
v 5.645818 0.562877 -6.317513
v 5.760677 0.562877 -6.330270
v 5.875677 0.562436 -6.315734
v 5.990599 0.562436 -6.316320
v 6.105564 0.562877 -6.308439
v 6.220442 0.562436 -6.317491
v 6.335349 0.562877 -6.321026
v 4.152983 0.528363 -6.084104
v 4.267947 0.527923 -6.076418
v 4.382854 0.528363 -6.079954
v 4.497776 0.528363 -6.080539
v 4.612698 0.528363 -6.081124
v 4.727620 0.528363 -6.081710
v 4.842465 0.528363 -6.097323
v 5.072385 0.528363 -6.083466
v 5.187307 0.528363 -6.084052
v 5.302254 0.528363 -6.079724
v 5.417166 0.527923 -6.082273
v 5.646995 0.528363 -6.086393
v 5.761994 0.527923 -6.071857
v 5.876839 0.528363 -6.087564
v 6.221620 0.527923 -6.086370
v 6.336526 0.562436 -6.089906
v 6.221604 0.562436 -6.089320
v 6.106626 0.562436 -6.099863
v 5.991776 0.562877 -6.085199
v 5.876854 0.562877 -6.084614
v 5.761994 0.562877 -6.071857
v 5.647010 0.562877 -6.083443
v 5.532073 0.562436 -6.085808
v 5.302254 0.562436 -6.079724
v 5.187307 0.562436 -6.084052
v 5.072401 0.562877 -6.080516
v 4.957479 0.562877 -6.079931
v 4.842465 0.562436 -6.097323
v 4.727620 0.562436 -6.081710
v 4.612713 0.562877 -6.078175
v 4.497776 0.562436 -6.080539
v 4.382854 0.562436 -6.079954
v 4.152983 0.562436 -6.084104
v 4.038088 0.562436 -6.078197
v 3.924571 0.527923 -6.261930
v 3.956672 0.528363 -6.215279
v 3.925048 0.527923 -6.168302
v 3.925286 0.527923 -6.121488
v 3.957149 0.562436 -6.121650
v 3.925048 0.562877 -6.168302
v 3.956672 0.562436 -6.215279
v 3.924571 0.562877 -6.261930
v 6.453568 0.527923 -6.134367
v 6.421467 0.528363 -6.181019
v 6.453091 0.527923 -6.227995
v 6.452853 0.527923 -6.274809
v 6.452853 0.562877 -6.274809
v 6.421228 0.562436 -6.227833
v 6.421467 0.562436 -6.181019
v 6.453568 0.562877 -6.134367
v 6.335588 0.562877 -6.274212
v 6.335826 0.562254 -6.227398
v 6.336064 0.562254 -6.180584
v 6.336303 0.562877 -6.133770
v 6.220666 0.562254 -6.273626
v 6.220904 0.562877 -6.226812
v 6.221143 0.562877 -6.179998
v 6.221381 0.562877 -6.133184
v 6.105779 0.562877 -6.266191
v 6.105994 0.562877 -6.223944
v 6.106209 0.562877 -6.181696
v 5.990822 0.562254 -6.272456
v 5.991060 0.562877 -6.225642
v 5.991299 0.562877 -6.178827
v 5.991537 0.562254 -6.132013
v 5.875900 0.562254 -6.271870
v 5.876138 0.562254 -6.225056
v 5.876377 0.562254 -6.178242
v 5.876616 0.562254 -6.131428
v 5.760941 0.562877 -6.278588
v 5.761204 0.562877 -6.226905
v 5.761467 0.562877 -6.175222
v 5.761731 0.562877 -6.123540
v 5.646056 0.562254 -6.270700
v 5.646533 0.562877 -6.177071
v 5.646771 0.562254 -6.130257
v 5.531134 0.562877 -6.270114
v 5.531373 0.562877 -6.223300
v 5.531611 0.562877 -6.176486
v 5.531849 0.562254 -6.129672
v 5.416212 0.562877 -6.269528
v 5.416451 0.562877 -6.222714
v 5.416928 0.562877 -6.129086
v 5.301275 0.562877 -6.271950
v 5.301524 0.562877 -6.223125
v 5.301773 0.562254 -6.174299
v 5.302021 0.562877 -6.125473
v 5.186368 0.562877 -6.268358
v 5.186607 0.562254 -6.221544
v 5.186845 0.562877 -6.174730
v 5.187084 0.562254 -6.127915
v 5.071446 0.562254 -6.267772
v 5.071685 0.562877 -6.220958
v 5.071923 0.562877 -6.174144
v 5.072162 0.562877 -6.127330
v 4.956525 0.562254 -6.267187
v 4.956763 0.562877 -6.220373
v 4.957240 0.562254 -6.126745
v 4.841649 0.562877 -6.257456
v 4.841856 0.562877 -6.216782
v 4.842063 0.562877 -6.176108
v 4.842271 0.562877 -6.135434
v 4.726681 0.562877 -6.266016
v 4.726919 0.562254 -6.219202
v 4.727158 0.562254 -6.172388
v 4.727396 0.562877 -6.125574
v 4.611759 0.562877 -6.265431
v 4.611998 0.562254 -6.218616
v 4.612236 0.562877 -6.171803
v 4.612474 0.562254 -6.124989
v 4.496837 0.562877 -6.264845
v 4.497076 0.562254 -6.218031
v 4.497314 0.562254 -6.171217
v 4.497552 0.562254 -6.124403
v 4.381915 0.562877 -6.264260
v 4.382154 0.562877 -6.217446
v 4.382392 0.562877 -6.170632
v 4.382630 0.562254 -6.123818
v 4.266993 0.562254 -6.263675
v 4.267231 0.562877 -6.216860
v 4.267470 0.562254 -6.170046
v 4.267709 0.562877 -6.123232
v 4.152071 0.562877 -6.263089
v 4.152310 0.562877 -6.216275
v 4.152548 0.562877 -6.169461
v 4.152760 0.562254 -6.127968
v 4.037149 0.562877 -6.262504
v 4.037388 0.562877 -6.215690
v 4.037626 0.562254 -6.168876
v 4.037865 0.562877 -6.122062
v 4.037149 0.527923 -6.262504
v 4.037388 0.528546 -6.215690
v 4.037626 0.527923 -6.168876
v 4.037865 0.528546 -6.122062
v 4.152071 0.528546 -6.263089
v 4.152309 0.527923 -6.216275
v 4.152548 0.528546 -6.169461
v 4.152760 0.527923 -6.127968
v 4.266993 0.527923 -6.263675
v 4.267231 0.528546 -6.216860
v 4.267470 0.527923 -6.170046
v 4.267709 0.527923 -6.123232
v 4.381915 0.528546 -6.264260
v 4.382154 0.528546 -6.217446
v 4.382392 0.528546 -6.170632
v 4.382630 0.528546 -6.123818
v 4.496837 0.528546 -6.264845
v 4.497076 0.527923 -6.218031
v 4.497313 0.527923 -6.171217
v 4.497552 0.528546 -6.124403
v 4.611759 0.528546 -6.265431
v 4.611998 0.528546 -6.218616
v 4.612236 0.527923 -6.171803
v 4.612474 0.528546 -6.124989
v 4.726681 0.527923 -6.266016
v 4.726919 0.528546 -6.219202
v 4.727158 0.527923 -6.172388
v 4.727396 0.527923 -6.125574
v 4.841649 0.528546 -6.257456
v 4.841856 0.527923 -6.216782
v 4.842064 0.527923 -6.176108
v 4.842271 0.528546 -6.135434
v 4.956524 0.528546 -6.267187
v 4.956763 0.527923 -6.220373
v 4.957002 0.527923 -6.173559
v 4.957240 0.527923 -6.126745
v 5.071446 0.528546 -6.267772
v 5.071685 0.528546 -6.220958
v 5.071923 0.528546 -6.174144
v 5.072162 0.528546 -6.127330
v 5.186368 0.527923 -6.268358
v 5.186607 0.527923 -6.221544
v 5.186845 0.528546 -6.174730
v 5.187084 0.528546 -6.127915
v 5.301275 0.527923 -6.271950
v 5.301524 0.528546 -6.223125
v 5.301773 0.527923 -6.174299
v 5.302021 0.527923 -6.125473
v 5.416212 0.528546 -6.269528
v 5.416451 0.528546 -6.222714
v 5.416689 0.528546 -6.175900
v 5.416928 0.528546 -6.129086
v 5.531134 0.527923 -6.270114
v 5.531373 0.528546 -6.223300
v 5.531611 0.527923 -6.176486
v 5.531850 0.528546 -6.129672
v 5.646056 0.527923 -6.270700
v 5.646295 0.528546 -6.223886
v 5.646533 0.527923 -6.177071
v 5.646771 0.528546 -6.130257
v 5.760941 0.527923 -6.278588
v 5.761204 0.527923 -6.226905
v 5.761467 0.528546 -6.175222
v 5.761731 0.527923 -6.123540
v 5.875900 0.528546 -6.271870
v 5.876138 0.528546 -6.225056
v 5.876377 0.528546 -6.178242
v 5.876616 0.527923 -6.131428
v 5.990822 0.528546 -6.272456
v 5.991060 0.528546 -6.225642
v 5.991299 0.527923 -6.178827
v 5.991537 0.527923 -6.132013
v 6.105779 0.527923 -6.266191
v 6.105994 0.528546 -6.223944
v 6.106209 0.528546 -6.181696
v 6.106424 0.527923 -6.139449
v 6.220665 0.527923 -6.273626
v 6.220904 0.527923 -6.226812
v 6.221143 0.527923 -6.179998
v 6.221381 0.528546 -6.133184
v 6.335588 0.528546 -6.274212
v 6.335826 0.527923 -6.227398
v 6.336064 0.527923 -6.180584
v 6.336303 0.528546 -6.133770
v 4.021298 0.527993 -6.075629
v 4.038017 0.528147 -6.092055
v 4.054863 0.527987 -6.076540
v 4.038096 0.544672 -6.076679
v 4.940858 0.527987 -6.082444
v 4.957393 0.527923 -6.096740
v 4.974280 0.527987 -6.080448
v 4.957479 0.544733 -6.079931
v 5.515272 0.528299 -6.085291
v 5.531988 0.528433 -6.102617
v 5.548882 0.528363 -6.085893
v 5.532073 0.545173 -6.085808
v 5.974951 0.528363 -6.088064
v 5.991675 0.528195 -6.104958
v 6.008518 0.528299 -6.089470
v 5.991768 0.545112 -6.086718
v 6.089882 0.527987 -6.095881
v 6.106554 0.527923 -6.114010
v 6.123375 0.527923 -6.095624
v 6.106633 0.544683 -6.098494
v 6.336535 0.544672 -6.088387
v 6.319732 0.527923 -6.086870
v 6.336456 0.528147 -6.103764
v 6.353351 0.527923 -6.087041
v 5.433960 0.562436 -6.085308
v 5.417066 0.562605 -6.102031
v 5.400361 0.562436 -6.084419
v 5.417158 0.545688 -6.083791
v 4.284749 0.562812 -6.076935
v 4.267861 0.562877 -6.093228
v 4.251175 0.562812 -6.077539
v 4.267947 0.546067 -6.076418
v 6.123209 0.562877 -6.138534
v 6.106339 0.562877 -6.156258
v 6.089650 0.562786 -6.138363
v 6.106510 0.562690 -6.122640
v 5.646209 0.562653 -6.240694
v 5.629485 0.562877 -6.223800
v 5.646380 0.562877 -6.207076
v 5.663098 0.562877 -6.224327
v 5.416604 0.562477 -6.192708
v 5.399881 0.562254 -6.175666
v 5.416775 0.562477 -6.159092
v 5.433498 0.562345 -6.175986
v 4.956916 0.562877 -6.190368
v 4.940196 0.562877 -6.173932
v 4.957087 0.562653 -6.156751
v 4.973811 0.562877 -6.173645
v 6.389542 0.562517 -5.836209
v 6.389542 0.528282 -5.836209
v 6.413708 0.562876 -6.068000
v 6.413708 0.527923 -6.068000
v 3.951771 0.562877 -5.821383
v 3.977104 0.528283 -5.823920
v 3.975936 0.562517 -6.053174
v 3.975936 0.528283 -6.053174
v 4.064837 0.562436 -6.053085
v 4.176797 0.562436 -6.053655
v 4.288815 0.562436 -6.043097
v 4.400718 0.562436 -6.054796
v 4.512679 0.562436 -6.055367
v 4.624562 0.562877 -6.071058
v 4.736599 0.562436 -6.056507
v 4.848560 0.562436 -6.057077
v 4.960520 0.562436 -6.057648
v 5.072456 0.562436 -6.063109
v 5.184441 0.562436 -6.058788
v 5.296387 0.562877 -6.062308
v 5.408347 0.562877 -6.062879
v 5.520385 0.562877 -6.048163
v 5.632283 0.562436 -6.061069
v 5.744244 0.562436 -6.061640
v 5.856189 0.562876 -6.065160
v 5.968164 0.562436 -6.062780
v 6.080110 0.562876 -6.066301
v 6.192085 0.562436 -6.063921
v 6.304045 0.562436 -6.064491
v 6.304030 0.527923 -6.067441
v 6.192070 0.527923 -6.066871
v 6.080124 0.528363 -6.063351
v 5.968164 0.528363 -6.062780
v 5.856189 0.527923 -6.065160
v 5.744243 0.528363 -6.061640
v 5.632283 0.528363 -6.061069
v 5.520385 0.527923 -6.048163
v 5.408362 0.528363 -6.059929
v 5.296402 0.528363 -6.059359
v 5.184441 0.528363 -6.058788
v 5.072440 0.527923 -6.066186
v 4.960520 0.528364 -6.057648
v 4.848545 0.527923 -6.060027
v 4.736585 0.527923 -6.059457
v 4.624562 0.527923 -6.071058
v 4.512679 0.528364 -6.055366
v 4.400718 0.528364 -6.054796
v 4.288801 0.527923 -6.045759
v 4.176797 0.528364 -6.053655
v 4.064822 0.527923 -6.056035
v 6.193220 0.562436 -5.841072
v 6.081302 0.562876 -5.832231
v 5.969326 0.562436 -5.834610
v 5.857366 0.562436 -5.834040
v 5.745405 0.562436 -5.833469
v 5.633445 0.562436 -5.832899
v 5.521408 0.562436 -5.847357
v 5.297564 0.562436 -5.831188
v 5.185604 0.562436 -5.830618
v 5.073668 0.562436 -5.825135
v 4.961698 0.562877 -5.826527
v 4.737761 0.562436 -5.828336
v 4.625878 0.562877 -5.812645
v 4.513841 0.562436 -5.827196
v 4.177975 0.562877 -5.822535
v 4.066000 0.528364 -5.824914
v 4.177960 0.528364 -5.825485
v 4.289864 0.528364 -5.837183
v 4.401896 0.527923 -5.823676
v 4.513856 0.527923 -5.824246
v 4.625878 0.527923 -5.812645
v 4.737777 0.527923 -5.825387
v 4.849722 0.528364 -5.828907
v 5.073668 0.528364 -5.825135
v 5.185604 0.528363 -5.830618
v 5.297579 0.527923 -5.828238
v 5.409539 0.527923 -5.828808
v 5.521408 0.528363 -5.847357
v 5.633445 0.528363 -5.832899
v 5.745420 0.527923 -5.830520
v 5.857366 0.528363 -5.834040
v 5.969326 0.528363 -5.834610
v 6.193220 0.528363 -5.841072
v 6.305208 0.528363 -5.836321
v 6.413946 0.562876 -6.021186
v 6.383142 0.562436 -5.974214
v 6.414423 0.562876 -5.927558
v 6.414661 0.562876 -5.880744
v 6.383620 0.528363 -5.880586
v 6.414423 0.527923 -5.927558
v 6.383142 0.528363 -5.974214
v 6.413946 0.527923 -6.021186
v 3.951532 0.562877 -5.868196
v 3.982336 0.562437 -5.915169
v 3.951056 0.562877 -5.961825
v 3.950817 0.562877 -6.008639
v 3.950817 0.527923 -6.008639
v 3.982097 0.528364 -5.961983
v 3.982336 0.528364 -5.915169
v 3.951532 0.527923 -5.868196
v 4.065061 0.527923 -6.009221
v 4.065299 0.528546 -5.962407
v 4.065537 0.528546 -5.915593
v 4.065776 0.527923 -5.868779
v 4.177021 0.528546 -6.009791
v 4.177259 0.527923 -5.962977
v 4.177498 0.527923 -5.916163
v 4.177736 0.527923 -5.869349
v 4.289016 0.527923 -6.003512
v 4.289231 0.527923 -5.961264
v 4.289447 0.527923 -5.919017
v 4.400942 0.528546 -6.010932
v 4.401180 0.527923 -5.964118
v 4.401419 0.527923 -5.917304
v 4.401657 0.528546 -5.870490
v 4.512902 0.528546 -6.011502
v 4.513141 0.528546 -5.964688
v 4.513379 0.528546 -5.917874
v 4.513618 0.528546 -5.871060
v 4.624825 0.527923 -6.019375
v 4.625089 0.527923 -5.967693
v 4.625352 0.527923 -5.916010
v 4.625615 0.527923 -5.864327
v 4.736823 0.528546 -6.012643
v 4.737300 0.527923 -5.919014
v 4.737538 0.528546 -5.872200
v 4.848783 0.527923 -6.013213
v 4.849022 0.527923 -5.966399
v 4.849260 0.527923 -5.919585
v 4.849499 0.528546 -5.872771
v 4.960744 0.527923 -6.013783
v 4.960982 0.527923 -5.966969
v 4.961459 0.527923 -5.873341
v 5.072689 0.527923 -6.017360
v 5.072937 0.527923 -5.968535
v 5.073186 0.528546 -5.919709
v 5.073435 0.527923 -5.870884
v 5.184665 0.527923 -6.014924
v 5.184903 0.528546 -5.968110
v 5.185142 0.527923 -5.921296
v 5.185380 0.528546 -5.874482
v 5.296625 0.528546 -6.015494
v 5.296864 0.527923 -5.968680
v 5.297102 0.527923 -5.921866
v 5.297340 0.527923 -5.875052
v 5.408586 0.528546 -6.016065
v 5.408824 0.527923 -5.969251
v 5.409301 0.528546 -5.875623
v 5.520593 0.527923 -6.007489
v 5.520800 0.527923 -5.966815
v 5.521007 0.527923 -5.926142
v 5.521214 0.527923 -5.885468
v 5.632506 0.527923 -6.017205
v 5.632745 0.528546 -5.970391
v 5.632983 0.528546 -5.923577
v 5.633222 0.527923 -5.876763
v 5.744467 0.527923 -6.017776
v 5.744705 0.528546 -5.970962
v 5.744944 0.527923 -5.924148
v 5.745182 0.528546 -5.877334
v 5.856427 0.527923 -6.018346
v 5.856666 0.528546 -5.971532
v 5.856904 0.528546 -5.924718
v 5.857142 0.528546 -5.877904
v 5.968388 0.527923 -6.018916
v 5.968626 0.527923 -5.972102
v 5.968864 0.527923 -5.925288
v 5.969103 0.528546 -5.878474
v 6.080348 0.528546 -6.019486
v 6.080586 0.527923 -5.972672
v 6.080825 0.528546 -5.925858
v 6.081063 0.527923 -5.879045
v 6.192308 0.527923 -6.020057
v 6.192547 0.527923 -5.973243
v 6.192785 0.527923 -5.926429
v 6.192997 0.528546 -5.884936
v 6.304269 0.527923 -6.020627
v 6.304507 0.527923 -5.973813
v 6.304746 0.528546 -5.926999
v 6.304984 0.527923 -5.880185
v 6.304269 0.562876 -6.020627
v 6.304507 0.562253 -5.973813
v 6.304746 0.562876 -5.926999
v 6.304984 0.562253 -5.880185
v 6.192308 0.562253 -6.020057
v 6.192547 0.562876 -5.973243
v 6.192785 0.562253 -5.926429
v 6.192997 0.562876 -5.884936
v 6.080348 0.562876 -6.019486
v 6.080586 0.562253 -5.972672
v 6.080825 0.562876 -5.925858
v 6.081063 0.562876 -5.879045
v 5.968388 0.562253 -6.018916
v 5.968626 0.562253 -5.972102
v 5.968864 0.562253 -5.925288
v 5.969103 0.562253 -5.878474
v 5.856427 0.562253 -6.018346
v 5.856666 0.562876 -5.971532
v 5.856904 0.562876 -5.924718
v 5.857142 0.562253 -5.877904
v 5.744467 0.562253 -6.017776
v 5.744705 0.562253 -5.970962
v 5.744944 0.562876 -5.924148
v 5.745182 0.562253 -5.877334
v 5.632506 0.562877 -6.017205
v 5.632745 0.562254 -5.970391
v 5.632983 0.562877 -5.923577
v 5.633222 0.562877 -5.876763
v 5.520593 0.562254 -6.007489
v 5.520800 0.562877 -5.966815
v 5.521007 0.562877 -5.926142
v 5.521214 0.562254 -5.885468
v 5.408586 0.562254 -6.016065
v 5.408824 0.562877 -5.969251
v 5.409062 0.562877 -5.922437
v 5.409301 0.562877 -5.875623
v 5.296625 0.562254 -6.015494
v 5.296864 0.562254 -5.968680
v 5.297102 0.562254 -5.921866
v 5.297340 0.562254 -5.875052
v 5.184665 0.562877 -6.014924
v 5.184903 0.562877 -5.968110
v 5.185142 0.562254 -5.921296
v 5.185380 0.562254 -5.874482
v 5.072689 0.562877 -6.017360
v 5.072937 0.562254 -5.968535
v 5.073186 0.562877 -5.919709
v 5.073435 0.562877 -5.870884
v 4.960744 0.562254 -6.013783
v 4.960982 0.562254 -5.966969
v 4.961221 0.562254 -5.920155
v 4.961459 0.562254 -5.873341
v 4.848783 0.562877 -6.013213
v 4.849022 0.562254 -5.966399
v 4.849260 0.562877 -5.919585
v 4.849499 0.562254 -5.872771
v 4.736823 0.562877 -6.012643
v 4.737062 0.562254 -5.965829
v 4.737300 0.562877 -5.919014
v 4.737538 0.562254 -5.872200
v 4.624825 0.562877 -6.019375
v 4.625089 0.562877 -5.967693
v 4.625352 0.562254 -5.916010
v 4.625615 0.562877 -5.864327
v 4.512902 0.562254 -6.011502
v 4.513141 0.562254 -5.964688
v 4.513379 0.562254 -5.917874
v 4.513618 0.562877 -5.871060
v 4.400942 0.562254 -6.010932
v 4.401180 0.562254 -5.964118
v 4.401419 0.562877 -5.917304
v 4.401657 0.562877 -5.870490
v 4.289016 0.562877 -6.003512
v 4.289231 0.562254 -5.961264
v 4.289447 0.562254 -5.919017
v 4.289662 0.562877 -5.876769
v 4.177021 0.562877 -6.009791
v 4.177259 0.562877 -5.962977
v 4.177498 0.562877 -5.916163
v 4.177736 0.562254 -5.869349
v 4.065061 0.562254 -6.009221
v 4.065299 0.562877 -5.962407
v 4.065537 0.562877 -5.915593
v 4.065776 0.562254 -5.868779
v 6.321590 0.562806 -5.833922
v 6.305137 0.562653 -5.850179
v 6.288883 0.562812 -5.834495
v 6.305215 0.546128 -5.834803
v 5.425705 0.562813 -5.831489
v 5.409454 0.562877 -5.845618
v 5.393167 0.562812 -5.829156
v 5.409539 0.546067 -5.828808
v 4.866095 0.562501 -5.828559
v 4.849637 0.562366 -5.845716
v 4.833346 0.562436 -5.828823
v 4.849722 0.545627 -5.828907
v 4.418257 0.562436 -5.826709
v 4.401795 0.562605 -5.843434
v 4.385542 0.562501 -5.827777
v 4.401888 0.545688 -5.825194
v 4.306215 0.562813 -5.833370
v 4.289791 0.562877 -5.851331
v 4.273589 0.562877 -5.832777
v 4.289870 0.546117 -5.835814
v 4.066007 0.546128 -5.823396
v 4.082391 0.562877 -5.822048
v 4.065928 0.562653 -5.838773
v 4.049638 0.562877 -5.821881
v 4.945306 0.528364 -5.829394
v 4.961597 0.528195 -5.846286
v 4.978048 0.528364 -5.828843
v 4.961690 0.545112 -5.828045
v 6.064929 0.527987 -5.832578
v 6.081216 0.527923 -5.849040
v 6.097630 0.527987 -5.833520
v 6.081302 0.544732 -5.832231
v 4.273320 0.527923 -5.875686
v 4.289576 0.527923 -5.893579
v 4.306014 0.528014 -5.875852
v 4.289747 0.528110 -5.859961
v 4.736976 0.528147 -5.982636
v 4.753438 0.527923 -5.965912
v 4.737147 0.527923 -5.949019
v 4.720687 0.527923 -5.966101
v 4.961135 0.528322 -5.936963
v 4.977597 0.528546 -5.920090
v 4.961307 0.528322 -5.903347
v 4.944845 0.528455 -5.920072
v 5.408977 0.527923 -5.939246
v 5.425430 0.527923 -5.922978
v 5.409148 0.528147 -5.905629
v 5.392686 0.527923 -5.922353
v 3.784233 0.662779 -5.851896
v 3.720612 0.811529 -5.793258
v 3.741850 0.662094 -6.269517
v 3.889899 0.662779 -5.852434
v 3.954114 0.811529 -5.794448
v 3.927816 0.703034 -6.311406
v 3.951183 0.811529 -6.369838
v 3.717680 0.703034 -6.368649
v 3.951183 0.703034 -6.369838
v 3.954114 0.703034 -5.794448
v 3.784233 0.040255 -5.851896
v 3.927816 0.000000 -6.311406
v 3.889899 0.040255 -5.852434
v 6.434495 0.662779 -5.865396
v 6.370873 0.811529 -5.806758
v 6.391903 0.703034 -6.323958
v 6.367943 0.811529 -6.382149
v 6.540161 0.662779 -5.865934
v 6.578287 0.662094 -6.283966
v 6.367943 0.703034 -6.382149
v 6.370873 0.703034 -5.806758
v 6.601445 0.703034 -6.383339
v 6.604376 0.703034 -5.807948
v 6.391903 0.000000 -6.323958
v 6.434495 0.040255 -5.865396
v 6.578287 0.040941 -6.283966
v 6.540161 0.040255 -5.865934
v 3.930153 0.703034 -5.852639
v 3.743770 0.040941 -5.892631
v 6.394240 0.703034 -5.865191
v 6.580207 0.662094 -5.907080
v 6.394240 0.000000 -5.865191
v 6.580207 0.040941 -5.907080
v 3.783916 0.662779 -5.914202
v 3.889581 0.662779 -5.914741
v 3.783916 0.040255 -5.914202
v 6.434177 0.662779 -5.927702
v 6.539843 0.662779 -5.928241
v 6.434177 0.040255 -5.927702
v 6.539843 0.040255 -5.928241
v 3.741642 0.703034 -6.310458
v 3.743979 0.703034 -5.851691
v 3.741642 0.000000 -6.310458
v 3.743979 0.000000 -5.851691
v 6.580415 0.703034 -5.866139
v 6.578078 0.703034 -6.324906
v 6.580415 0.000000 -5.866139
v 6.578078 0.000000 -6.324906
v 3.774204 0.662094 -6.269682
v 3.776124 0.662094 -5.892796
v 3.774204 0.040941 -6.269682
v 3.776124 0.040941 -5.892796
v 6.547852 0.662094 -5.906915
v 6.545932 0.662094 -6.283802
v 6.547852 0.040941 -5.906915
v 6.545932 0.040941 -6.283802
v 3.718413 0.703034 -6.224801
v 3.719146 0.703034 -6.080954
v 3.719879 0.703034 -5.937106
v 3.719879 0.811529 -5.937106
v 3.718413 0.811529 -6.224801
v 3.953381 0.703034 -5.938295
v 3.952649 0.703034 -6.082143
v 3.951916 0.703034 -6.225991
v 3.951916 0.811529 -6.225991
v 3.952649 0.811529 -6.082143
v 3.742226 0.703034 -6.195766
v 3.742810 0.703034 -6.081074
v 3.743394 0.703034 -5.966383
v 3.929569 0.703034 -5.967331
v 3.928985 0.703034 -6.082023
v 3.928400 0.703034 -6.196714
v 3.742226 0.000000 -6.195766
v 3.742810 0.000000 -6.081074
v 3.743394 0.000000 -5.966383
v 3.929569 0.000000 -5.967331
v 3.928985 0.000000 -6.082023
v 3.928400 0.000000 -6.196714
v 3.742330 0.662094 -6.175296
v 3.742810 0.662094 -6.081074
v 3.743290 0.662094 -5.986853
v 3.742330 0.040941 -6.175296
v 3.742810 0.040941 -6.081074
v 3.743290 0.040941 -5.986853
v 3.774684 0.662094 -6.175461
v 3.775165 0.662094 -6.081239
v 3.775644 0.662094 -5.987017
v 3.774684 0.040941 -6.175461
v 3.775165 0.040941 -6.081239
v 3.775644 0.040941 -5.987017
v 6.368675 0.703034 -6.238302
v 6.370141 0.703034 -5.950606
v 6.370141 0.811529 -5.950606
v 6.369408 0.811529 -6.094454
v 6.368675 0.811529 -6.238302
v 6.603643 0.703034 -5.951796
v 6.602911 0.703034 -6.095644
v 6.602178 0.811529 -6.239491
v 6.602911 0.811529 -6.095644
v 6.603643 0.811529 -5.951796
v 6.392488 0.703034 -6.209266
v 6.393072 0.703034 -6.094574
v 6.393656 0.703034 -5.979883
v 6.579831 0.703034 -5.980831
v 6.579247 0.703034 -6.095523
v 6.578662 0.703034 -6.210215
v 6.392488 0.000000 -6.209266
v 6.393072 0.000000 -6.094574
v 6.393656 0.000000 -5.979883
v 6.579831 0.000000 -5.980831
v 6.579247 0.000000 -6.095523
v 6.578662 0.000000 -6.210215
v 6.579727 0.662094 -6.001301
v 6.579247 0.662094 -6.095523
v 6.578767 0.662094 -6.189744
v 6.579727 0.040941 -6.001301
v 6.579247 0.040941 -6.095523
v 6.578767 0.040941 -6.189744
v 6.547372 0.662094 -6.001136
v 6.546892 0.662094 -6.095358
v 6.546412 0.662094 -6.189580
v 6.547372 0.040941 -6.001136
v 6.546892 0.040941 -6.095358
v 6.546412 0.040941 -6.189580
v 3.747636 0.811529 -6.368802
v 3.717680 0.781573 -6.368649
v 3.717833 0.811529 -6.338694
v 3.731734 0.703034 -5.821072
v 3.750566 0.703034 -5.793411
v 3.720612 0.732989 -5.793258
v 3.720459 0.703034 -5.823213
v 6.574421 0.811529 -5.807796
v 6.604376 0.781573 -5.807948
v 6.604223 0.811529 -5.837903
v 6.601598 0.811529 -6.353384
v 6.601445 0.781573 -6.383339
v 6.571490 0.811529 -6.383186
v 3.719298 0.811529 -6.050999
v 3.749101 0.811529 -6.081106
v 3.718993 0.811529 -6.110909
v 3.719146 0.781573 -6.080954
v 3.953381 0.781573 -5.938295
v 3.953229 0.811529 -5.968250
v 3.923426 0.811529 -5.938143
v 3.953534 0.811529 -5.908340
v 6.369256 0.703034 -6.124409
v 6.393041 0.703034 -6.094574
v 6.369561 0.703034 -6.064499
v 6.369408 0.732989 -6.094454
v 6.602178 0.732989 -6.239491
v 6.602331 0.703034 -6.209536
v 6.583419 0.703034 -6.216136
v 6.602025 0.703034 -6.269446
v 3.741850 0.063540 -6.269517
v 3.741769 0.024960 -6.285498
v 3.741965 0.040941 -6.246918
v 3.764449 0.040941 -6.269633
v 3.766369 0.662094 -5.892746
v 3.743770 0.639494 -5.892631
v 3.743851 0.678074 -5.876650
v 3.743655 0.662094 -5.915230
v 3.930038 0.000000 -5.875238
v 3.930153 0.022600 -5.852639
v 3.914173 0.015980 -5.852558
v 3.907554 0.000000 -5.852524
v 3.889696 0.040255 -5.892141
v 3.889581 0.062855 -5.914741
v 3.866982 0.040255 -5.914625
v 3.839967 0.291954 -6.275675
v 3.839967 0.536191 -6.275675
v 3.839819 0.291954 -6.304757
v 3.839819 0.536191 -6.304757
v 6.483926 0.291954 -6.289143
v 6.483926 0.536191 -6.289143
v 6.483778 0.291954 -6.318225
v 6.483778 0.536191 -6.318225
v 3.924001 0.291954 -5.881544
v 3.924001 0.536191 -5.881544
v 3.923652 0.291954 -5.950039
v 3.923652 0.536191 -5.950039
v 6.406697 0.291954 -5.894190
v 6.406697 0.536191 -5.894190
v 6.406348 0.291954 -5.962686
v 6.406348 0.536191 -5.962686
v 6.051677 0.291954 -5.960879
v 5.697006 0.291954 -5.959072
v 5.342335 0.291954 -5.957265
v 4.987664 0.291954 -5.955459
v 4.632994 0.291954 -5.953652
v 4.278323 0.291954 -5.951846
v 4.278323 0.536191 -5.951846
v 4.632994 0.536191 -5.953652
v 4.987665 0.536191 -5.955459
v 5.342335 0.536191 -5.957265
v 5.697006 0.536191 -5.959072
v 6.051677 0.536191 -5.960879
v 4.633343 0.291954 -5.885157
v 4.988013 0.291954 -5.886964
v 5.342684 0.291954 -5.888771
v 6.052026 0.536191 -5.892384
v 5.697355 0.536191 -5.890577
v 5.342684 0.536191 -5.888771
v 4.988013 0.536191 -5.886964
v 4.633343 0.536191 -5.885157
v 4.278672 0.536191 -5.883350
v 4.254168 0.291954 -5.883225
v 4.278539 0.291954 -5.909446
v 4.303176 0.291954 -5.883475
v 4.278672 0.318050 -5.883350
v 5.672851 0.291954 -5.890452
v 5.697222 0.291954 -5.916673
v 5.721859 0.291954 -5.890702
v 5.697355 0.318050 -5.890577
v 6.052026 0.318050 -5.892384
v 6.027522 0.291954 -5.892259
v 6.051893 0.291954 -5.918480
v 6.076530 0.291954 -5.892509
vn -0.0051 -0.0000 -1.0000
vn -0.0000 1.0000 -0.0000
vn -0.9972 -0.0000 0.0753
vn -0.7210 0.6927 0.0181
vn -0.0000 -1.0000 -0.0000
vn -0.7992 0.5981 0.0604
vn 0.9994 0.0005 0.0332
vn -0.9465 0.3148 0.0715
vn 0.7350 0.6758 -0.0555
vn -0.0002 -1.0000 -0.0000
vn -0.9677 0.2414 0.0731
vn 0.5352 0.8438 -0.0404
vn 0.8680 0.4961 -0.0217
vn -0.9837 0.1636 0.0743
vn 0.8562 0.5126 -0.0647
vn 0.9972 -0.0000 -0.0753
vn -0.5149 -0.8564 0.0389
vn 0.7926 -0.6068 -0.0599
vn -0.6248 -0.7793 0.0472
vn 0.5068 -0.8612 -0.0383
vn -0.8928 -0.4454 0.0674
vn 0.8562 -0.5126 -0.0647
vn -0.8928 0.4454 0.0674
vn 0.4477 -0.8935 -0.0338
vn -0.7069 0.7053 0.0534
vn 0.1781 -0.9840 -0.0045
vn -0.4477 0.8935 0.0338
vn 0.9997 -0.0000 0.0254
vn 0.7296 0.6836 0.0186
vn 0.8000 0.5996 0.0203
vn 0.9485 0.3160 0.0241
vn -0.7355 0.6773 -0.0187
vn 0.9699 0.2423 0.0247
vn -0.5350 0.8448 -0.0136
vn -0.8901 0.4552 -0.0226
vn 0.9861 0.1642 0.0251
vn -0.8574 0.5141 -0.0218
vn -0.9997 -0.0000 -0.0254
vn 0.5147 -0.8573 0.0131
vn -0.7934 -0.6084 -0.0202
vn 0.6248 -0.7806 0.0159
vn -0.5065 -0.8621 -0.0129
vn 0.8943 -0.4469 0.0227
vn -0.8574 -0.5141 -0.0218
vn 0.8943 0.4469 0.0227
vn -0.4474 -0.8943 -0.0114
vn 0.7072 0.7068 0.0180
vn -0.2125 -0.9771 -0.0054
vn 0.4474 0.8943 0.0114
vn 0.0051 -0.0000 1.0000
vn -0.9970 -0.0000 0.0774
vn 0.9997 -0.0000 0.0263
vn 0.5147 -0.8573 0.0136
vn -0.5149 -0.8563 0.0400
vn 0.6248 -0.7806 0.0165
vn -0.6248 -0.7793 0.0485
vn 0.8943 -0.4469 0.0236
vn -0.8927 -0.4454 0.0693
vn 0.8943 0.4469 0.0236
vn -0.8927 0.4454 0.0693
vn 0.7072 0.7068 0.0186
vn -0.7068 0.7053 0.0549
vn 0.4474 0.8943 0.0118
vn -0.4477 0.8935 0.0348
vn 0.1085 -0.9941 0.0029
vn -0.1088 -0.9941 0.0028
vn -0.4554 0.8902 -0.0120
vn 0.4598 0.8879 -0.0118
vn -0.7355 0.6773 -0.0194
vn 0.7349 0.6757 -0.0571
vn -0.5350 0.8448 -0.0141
vn 0.5351 0.8437 -0.0416
vn -0.8574 0.5141 -0.0226
vn 0.8561 0.5126 -0.0665
vn -0.9997 -0.0000 -0.0263
vn 0.9970 -0.0000 -0.0774
vn -0.7934 -0.6084 -0.0209
vn 0.7925 -0.6068 -0.0615
vn -0.5065 -0.8621 -0.0134
vn 0.5067 -0.8612 -0.0394
vn -0.8574 -0.5141 -0.0226
vn 0.8561 -0.5126 -0.0665
vn -0.4474 -0.8943 -0.0118
vn 0.4477 -0.8935 -0.0348
vn 0.7580 -0.6519 0.0200
vn -0.7655 -0.6432 0.0196
vn 0.8627 0.5052 0.0227
vn -0.8646 0.5019 0.0222
vn 0.8000 0.5996 0.0211
vn -0.7991 0.5980 0.0621
vn 0.9484 0.3160 0.0250
vn -0.9463 0.3148 0.0735
vn 0.9699 0.2423 0.0256
vn -0.9675 0.2414 0.0751
vn 0.9861 0.1642 0.0260
vn -0.9836 0.1636 0.0764
vn -0.7210 0.6927 0.0180
vn -0.5065 -0.8621 -0.0133
vn -0.0001 -1.0000 -0.0000
vn -0.8901 0.4551 -0.0226
vn 0.6249 -0.7806 0.0159
vn 0.0001 -1.0000 -0.0000
vn -1.0000 -0.0000 0.0051
vn 0.0050 -0.0429 -0.9991
vn 0.9031 0.3463 0.2540
vn -0.0021 1.0000 0.0039
vn -0.0004 1.0000 0.0089
vn 0.0001 0.9999 0.0100
vn -0.0001 0.9999 -0.0133
vn 0.0021 1.0000 -0.0063
vn -0.0022 1.0000 -0.0063
vn -0.0018 1.0000 -0.0089
vn -0.0028 1.0000 0.0029
vn 0.0046 1.0000 -0.0020
vn -0.0027 1.0000 -0.0066
vn 0.0010 1.0000 -0.0022
vn 0.0012 0.9999 0.0107
vn -0.0008 1.0000 -0.0020
vn -0.0000 1.0000 -0.0042
vn 0.0029 1.0000 0.0029
vn -0.0022 -1.0000 0.0049
vn 0.0046 -1.0000 -0.0020
vn -0.0000 -1.0000 -0.0042
vn -0.0027 -1.0000 0.0030
vn 0.0031 -1.0000 0.0031
vn -0.0028 -1.0000 0.0029
vn 0.0007 -1.0000 -0.0020
vn -0.0045 -1.0000 -0.0019
vn 0.0024 -1.0000 0.0046
vn 0.1229 -0.0421 0.9915
vn -0.1128 -0.0421 0.9927
vn -0.0376 -0.0000 0.9993
vn 0.0178 -0.0430 0.9989
vn 0.1347 -0.0000 0.9909
vn -0.0077 -0.0430 0.9990
vn 0.0081 -0.0424 -0.9991
vn -0.0051 -0.0852 -0.9964
vn 0.0077 0.0430 -0.9990
vn -0.0308 -0.0000 -0.9995
vn 0.0206 -0.0000 -0.9998
vn 0.1017 -0.0000 -0.9948
vn -0.1242 0.0421 -0.9914
vn -0.0051 0.0852 -0.9964
vn -0.0608 -0.0447 -0.9971
vn 0.0506 -0.0447 -0.9977
vn -0.0178 -0.0430 -0.9989
vn -0.1229 -0.0421 -0.9915
vn 0.1254 -0.0000 -0.9921
vn 0.0799 -0.0386 -0.9961
vn -0.0900 -0.0386 -0.9952
vn 0.0027 -1.0000 -0.0030
vn 0.0027 -1.0000 -0.0067
vn 0.0001 -0.9999 0.0133
vn -0.0009 -0.9999 -0.0106
vn -0.0024 -1.0000 0.0070
vn -0.0054 -1.0000 -0.0000
vn -0.0025 -1.0000 -0.0031
vn -0.0030 -1.0000 0.0070
vn 0.0027 -1.0000 -0.0070
vn 0.0024 -1.0000 -0.0070
vn -0.0000 -1.0000 0.0042
vn -0.0027 -1.0000 -0.0066
vn 0.0045 -1.0000 0.0019
vn 0.0054 -1.0000 -0.0000
vn 0.0027 -1.0000 0.0063
vn -0.0006 -0.9999 -0.0126
vn -0.0024 -1.0000 -0.0046
vn -0.0024 -1.0000 0.0063
vn -0.0001 -0.9999 -0.0100
vn -0.0001 -0.9999 -0.0133
vn -0.0027 -1.0000 -0.0029
vn -0.0027 -1.0000 0.0067
vn 0.0028 -1.0000 -0.0029
vn 0.0026 -1.0000 0.0065
vn 0.0027 -1.0000 -0.0065
vn -0.0004 -1.0000 -0.0098
vn 0.0029 -1.0000 0.0065
vn -0.0008 -1.0000 0.0020
vn 0.0016 -0.9999 0.0142
vn -0.0008 -0.9999 -0.0142
vn -0.0031 -1.0000 0.0071
vn 0.0006 -1.0000 0.0022
vn -0.0028 -1.0000 -0.0071
vn 0.0031 -1.0000 0.0071
vn 0.0018 -1.0000 0.0089
vn -0.0018 -1.0000 0.0089
vn 0.0046 -1.0000 0.0020
vn 0.0027 -1.0000 0.0066
vn -0.0046 -1.0000 0.0020
vn -0.0026 -1.0000 -0.0070
vn 0.0020 -1.0000 -0.0049
vn 0.0010 -0.9999 0.0110
vn 0.0009 -0.9999 -0.0110
vn 0.0028 -1.0000 0.0066
vn -0.0027 1.0000 0.0067
vn 0.0046 1.0000 0.0020
vn 0.0027 1.0000 -0.0067
vn 0.0027 1.0000 0.0066
vn -0.0027 1.0000 -0.0029
vn -0.0020 1.0000 -0.0048
vn 0.0054 1.0000 -0.0000
vn 0.0020 1.0000 -0.0049
vn 0.0001 0.9999 0.0133
vn -0.0001 0.9999 -0.0100
vn -0.0015 1.0000 -0.0052
vn -0.0031 1.0000 0.0071
vn -0.0054 1.0000 -0.0000
vn -0.0031 1.0000 -0.0071
vn 0.0048 1.0000 0.0021
vn 0.0023 1.0000 -0.0071
vn -0.0000 1.0000 0.0042
vn -0.0022 1.0000 -0.0047
vn -0.0026 1.0000 0.0065
vn 0.0021 1.0000 -0.0048
vn -0.0021 1.0000 0.0063
vn -0.0029 1.0000 0.0063
vn 0.0045 1.0000 0.0019
vn -0.0048 1.0000 0.0021
vn -0.0025 1.0000 -0.0070
vn 0.0024 1.0000 -0.0070
vn -0.0046 1.0000 0.0020
vn 0.0018 1.0000 -0.0045
vn -0.0008 0.9999 0.0111
vn -0.0021 1.0000 -0.0000
vn -0.0010 0.9999 -0.0110
vn -0.0023 1.0000 0.0055
vn 0.0010 1.0000 0.0023
vn 0.0009 1.0000 -0.0023
vn -0.0034 -1.0000 -0.0010
vn 0.0022 -1.0000 0.0054
vn -0.0009 -1.0000 0.0023
vn 0.8602 -0.0000 -0.5099
vn 0.8694 0.3981 0.2928
vn 0.8685 0.4028 0.2887
vn 0.8238 -0.0000 -0.5669
vn -0.8880 0.4120 0.2044
vn -0.8663 0.3981 0.3016
vn -0.8295 -0.0000 -0.5584
vn -0.8238 -0.0000 0.5669
vn 0.0197 -0.6811 0.7319
vn -0.0422 -0.7064 0.7066
vn 0.0140 -0.7085 0.7055
vn 0.0271 -0.7330 0.6797
vn -0.0069 -0.6793 0.7338
vn 0.0037 -0.6812 0.7321
vn 0.0180 0.7331 0.6799
vn -0.0127 0.7070 0.7071
vn -0.0027 1.0000 0.0056
vn -0.0001 1.0000 -0.0067
vn -0.0027 1.0000 -0.0000
vn -0.0001 1.0000 0.0067
vn 0.0015 -1.0000 -0.0030
vn 0.0635 0.0413 0.9971
vn -0.0010 -1.0000 -0.0017
vn -0.0047 0.0408 0.9992
vn -0.1495 -0.0000 0.9888
vn -0.0044 -1.0000 -0.0022
vn 0.0175 -0.0440 0.9989
vn 0.0046 -1.0000 -0.0021
vn 0.0178 0.0430 0.9989
vn 0.0017 -1.0000 -0.0090
vn -0.0081 -0.0446 0.9990
vn 0.0051 -0.0852 0.9964
vn 0.0001 -0.9999 0.0100
vn 0.1045 -0.0042 0.9945
vn -0.0014 -1.0000 0.0051
vn -0.0922 0.0808 0.9925
vn 0.0033 -1.0000 -0.0072
vn 0.0024 0.0760 0.9971
vn -0.0028 -1.0000 -0.0065
vn 0.0051 0.0852 0.9964
vn 0.0028 1.0000 0.0027
vn 0.0346 0.0414 0.9985
vn 0.0004 1.0000 0.0098
vn 0.0308 -0.0000 0.9995
vn 0.0046 1.0000 -0.0021
vn -0.0667 -0.0000 0.9978
vn -0.0045 1.0000 -0.0020
vn -0.0009 1.0000 -0.0025
vn -0.0008 0.9999 0.0105
vn -0.0023 1.0000 0.0072
vn -0.0031 1.0000 -0.0061
vn 0.0027 1.0000 -0.0065
vn 0.0001 0.9999 0.0130
vn 0.0001 1.0000 0.0004
vn -0.0003 0.9999 -0.0130
vn -0.0027 1.0000 0.0065
vn 0.0024 1.0000 0.0069
vn 1.0000 -0.0000 -0.0051
vn -0.0155 0.0429 -0.9990
vn -0.9048 -0.3390 0.2577
vn 0.0022 -1.0000 0.0039
vn 0.0005 -1.0000 0.0089
vn -0.0023 -1.0000 -0.0063
vn 0.0022 -1.0000 -0.0063
vn 0.0018 -1.0000 -0.0089
vn 0.0029 -1.0000 0.0029
vn -0.0047 -1.0000 -0.0020
vn -0.0011 -1.0000 -0.0021
vn -0.0011 -0.9999 0.0108
vn 0.0008 -1.0000 -0.0020
vn -0.0029 -1.0000 0.0030
vn 0.0023 1.0000 0.0048
vn -0.0047 1.0000 -0.0020
vn 0.0028 1.0000 0.0029
vn -0.0031 1.0000 0.0032
vn 0.0045 1.0000 -0.0019
vn -0.0024 1.0000 0.0046
vn -0.1159 0.0421 0.9924
vn 0.1260 0.0421 0.9911
vn 0.0489 -0.0000 0.9988
vn -0.0080 0.0430 0.9990
vn -0.1280 -0.0000 0.9918
vn 0.0182 0.0430 0.9989
vn -0.0186 0.0424 -0.9989
vn -0.0182 -0.0430 -0.9989
vn 0.0212 -0.0000 -0.9998
vn -0.0314 -0.0000 -0.9995
vn -0.1146 -0.0000 -0.9934
vn 0.1172 -0.0421 -0.9922
vn 0.0521 0.0447 -0.9976
vn -0.0623 0.0447 -0.9971
vn 0.0080 0.0430 -0.9990
vn 0.1159 0.0421 -0.9924
vn -0.1389 -0.0000 -0.9903
vn -0.0923 0.0386 -0.9950
vn 0.0821 0.0386 -0.9959
vn -0.0028 1.0000 -0.0029
vn -0.0028 1.0000 -0.0066
vn 0.0008 0.9999 -0.0106
vn 0.0025 1.0000 0.0070
vn 0.0056 1.0000 -0.0000
vn 0.0025 1.0000 -0.0031
vn 0.0031 1.0000 0.0070
vn -0.0028 1.0000 -0.0070
vn -0.0045 1.0000 0.0019
vn -0.0056 1.0000 -0.0000
vn -0.0027 1.0000 0.0063
vn 0.0005 0.9999 -0.0127
vn 0.0024 1.0000 -0.0046
vn 0.0025 1.0000 0.0063
vn 0.0028 1.0000 -0.0030
vn 0.0028 1.0000 0.0066
vn -0.0029 1.0000 -0.0029
vn -0.0028 1.0000 -0.0065
vn 0.0003 1.0000 -0.0098
vn -0.0029 1.0000 0.0065
vn 0.0009 1.0000 0.0020
vn -0.0015 0.9999 0.0142
vn 0.0007 0.9999 -0.0142
vn 0.0032 1.0000 0.0071
vn -0.0006 1.0000 0.0022
vn 0.0027 1.0000 -0.0071
vn -0.0018 1.0000 0.0089
vn 0.0019 1.0000 0.0089
vn -0.0047 1.0000 0.0020
vn 0.0047 1.0000 0.0020
vn 0.0026 1.0000 -0.0071
vn -0.0021 1.0000 -0.0048
vn -0.0009 0.9999 0.0110
vn -0.0028 1.0000 0.0067
vn -0.0047 -1.0000 0.0020
vn -0.0028 -1.0000 -0.0066
vn 0.0028 -1.0000 -0.0030
vn -0.0056 -1.0000 -0.0000
vn -0.0021 -1.0000 -0.0048
vn 0.0014 -1.0000 -0.0052
vn 0.0032 -1.0000 0.0071
vn 0.0056 -1.0000 -0.0000
vn 0.0031 -1.0000 -0.0071
vn -0.0049 -1.0000 0.0022
vn -0.0024 -1.0000 -0.0071
vn 0.0022 -1.0000 -0.0048
vn 0.0027 -1.0000 0.0065
vn -0.0022 -1.0000 -0.0047
vn 0.0023 -1.0000 0.0063
vn 0.0031 -1.0000 0.0063
vn -0.0045 -1.0000 0.0019
vn 0.0049 -1.0000 0.0021
vn 0.0025 -1.0000 -0.0070
vn -0.0049 -1.0000 0.0021
vn -0.0025 -1.0000 -0.0070
vn 0.0047 -1.0000 0.0020
vn -0.0018 -1.0000 -0.0044
vn 0.0022 -1.0000 -0.0000
vn 0.0009 -0.9999 -0.0111
vn 0.0024 -1.0000 0.0055
vn -0.0010 -1.0000 0.0023
vn -0.0010 -1.0000 -0.0023
vn 0.0035 1.0000 -0.0010
vn -0.0022 1.0000 0.0055
vn 0.0009 1.0000 0.0022
vn -0.8710 -0.0000 -0.4913
vn -0.8719 -0.3903 0.2958
vn -0.8711 -0.3949 0.2919
vn -0.8362 -0.0000 -0.5484
vn 0.8947 -0.4036 0.1912
vn 0.8748 -0.3903 0.2869
vn 0.8306 -0.0000 -0.5569
vn 0.8362 -0.0000 0.5484
vn -0.0127 0.6811 0.7321
vn 0.0506 0.7063 0.7061
vn -0.0071 0.7085 0.7056
vn -0.0208 0.7330 0.6799
vn 0.0147 0.6793 0.7337
vn 0.0037 0.6812 0.7321
vn -0.0114 -0.7331 0.6800
vn 0.0204 -0.7070 0.7069
vn 0.0028 -1.0000 0.0055
vn -0.0000 -1.0000 -0.0067
vn 0.0028 -1.0000 -0.0000
vn 0.0001 -1.0000 0.0067
vn -0.0016 1.0000 -0.0029
vn -0.0549 -0.0413 0.9976
vn 0.0010 1.0000 -0.0017
vn 0.0152 -0.0408 0.9991
vn 0.1636 -0.0000 0.9865
vn 0.0045 1.0000 -0.0022
vn -0.0077 0.0440 0.9990
vn -0.0048 1.0000 -0.0020
vn -0.0080 -0.0430 0.9990
vn -0.0018 1.0000 -0.0090
vn 0.0186 0.0446 0.9988
vn -0.0970 0.0041 0.9953
vn 0.0015 1.0000 0.0051
vn 0.1049 -0.0808 0.9912
vn -0.0035 1.0000 -0.0072
vn 0.0079 -0.0760 0.9971
vn 0.0028 1.0000 -0.0065
vn -0.0028 -1.0000 0.0028
vn -0.0252 -0.0414 0.9988
vn -0.0003 -1.0000 0.0098
vn -0.0212 -0.0000 0.9998
vn -0.0048 -1.0000 -0.0020
vn 0.0788 -0.0000 0.9969
vn 0.0009 -1.0000 -0.0025
vn 0.0009 -0.9999 0.0105
vn 0.0024 -1.0000 0.0072
vn 0.0031 -1.0000 -0.0062
vn -0.0029 -1.0000 -0.0065
vn 0.0001 -0.9999 0.0130
vn -0.0001 -1.0000 0.0004
vn 0.0002 -0.9999 -0.0130
vn -0.5803 0.5773 -0.5744
vn -0.5174 -0.6775 0.5227
vn 0.5803 0.5774 0.5744
vn 0.5744 0.5773 -0.5803
vn -0.7071 0.7071 0.0036
vn 0.7071 0.7071 -0.0036
vn -0.7851 -0.6194 0.0040
vn 0.8460 -0.5332 -0.0043
vn -0.7046 0.5000 0.5036
vn -0.7096 -0.5000 -0.4964
vn 0.5036 -0.5000 0.7045
vn -0.5744 0.5773 0.5803
vn 0.0036 -0.7071 0.7071
vt 0.000000 0.000000
vt 0.375000 0.200000
vt 0.625000 0.200000
vt 0.625000 0.250000
vt 0.375000 0.250000
vt 0.375000 0.488405
vt 0.625000 0.488405
vt 0.625000 0.500000
vt 0.375000 0.500000
vt 0.375000 0.700000
vt 0.625000 0.700000
vt 0.625000 0.750000
vt 0.375000 0.750000
vt 0.863868 0.700000
vt 0.875000 0.700000
vt 0.875000 0.750000
vt 0.863868 0.750000
vt 0.636595 0.700000
vt 0.636595 0.750000
vt 0.647959 0.700000
vt 0.647959 0.750000
vt 0.670686 0.700000
vt 0.682050 0.700000
vt 0.682050 0.750000
vt 0.670686 0.750000
vt 0.693414 0.700000
vt 0.693414 0.750000
vt 0.704777 0.700000
vt 0.704777 0.750000
vt 0.716141 0.700000
vt 0.716141 0.750000
vt 0.738868 0.700000
vt 0.750232 0.700000
vt 0.750232 0.750000
vt 0.738868 0.750000
vt 0.761595 0.700000
vt 0.761595 0.750000
vt 0.772959 0.700000
vt 0.772959 0.750000
vt 0.784323 0.700000
vt 0.784323 0.750000
vt 0.795686 0.700000
vt 0.795686 0.750000
vt 0.807050 0.700000
vt 0.807050 0.750000
vt 0.818414 0.700000
vt 0.818413 0.750000
vt 0.829777 0.700000
vt 0.829777 0.750000
vt 0.852504 0.700000
vt 0.852504 0.750000
vt 0.147496 0.700000
vt 0.158859 0.700000
vt 0.158859 0.750000
vt 0.147496 0.750000
vt 0.170223 0.700000
vt 0.170223 0.750000
vt 0.181586 0.700000
vt 0.181586 0.750000
vt 0.192950 0.700000
vt 0.192950 0.750000
vt 0.204314 0.700000
vt 0.204314 0.750000
vt 0.215677 0.700000
vt 0.215677 0.750000
vt 0.238405 0.700000
vt 0.249768 0.700000
vt 0.249768 0.750000
vt 0.238405 0.750000
vt 0.261132 0.700000
vt 0.261132 0.750000
vt 0.272496 0.700000
vt 0.272496 0.750000
vt 0.295223 0.700000
vt 0.306586 0.700000
vt 0.306586 0.750000
vt 0.295223 0.750000
vt 0.317950 0.700000
vt 0.317950 0.750000
vt 0.375000 0.807050
vt 0.625000 0.807050
vt 0.625000 0.818413
vt 0.375000 0.818414
vt 0.625000 0.829777
vt 0.375000 0.829777
vt 0.375000 0.863868
vt 0.625000 0.863868
vt 0.625000 0.875232
vt 0.375000 0.875232
vt 0.625000 0.886595
vt 0.375000 0.886595
vt 0.375000 0.909323
vt 0.625000 0.909323
vt 0.625000 0.920686
vt 0.375000 0.920686
vt 0.625000 0.932050
vt 0.375000 0.932050
vt 0.625000 0.943413
vt 0.375000 0.943414
vt 0.625000 0.954777
vt 0.375000 0.954777
vt 0.625000 0.261132
vt 0.375000 0.261132
vt 0.625000 0.272496
vt 0.375000 0.272496
vt 0.625000 0.283859
vt 0.375000 0.283859
vt 0.625000 0.295223
vt 0.375000 0.295223
vt 0.625000 0.306586
vt 0.375000 0.306586
vt 0.625000 0.317950
vt 0.375000 0.317950
vt 0.625000 0.329314
vt 0.375000 0.329314
vt 0.625000 0.340677
vt 0.375000 0.340677
vt 0.625000 0.352041
vt 0.375000 0.352041
vt 0.625000 0.363405
vt 0.375000 0.363405
vt 0.625000 0.374768
vt 0.375000 0.374768
vt 0.625000 0.386132
vt 0.375000 0.386132
vt 0.625000 0.397496
vt 0.375000 0.397496
vt 0.625000 0.408859
vt 0.375000 0.408859
vt 0.625000 0.420223
vt 0.375000 0.420223
vt 0.625000 0.431586
vt 0.375000 0.431586
vt 0.625000 0.442950
vt 0.375000 0.442950
vt 0.625000 0.454314
vt 0.375000 0.454314
vt 0.625000 0.465677
vt 0.375000 0.465677
vt 0.625000 0.477041
vt 0.375000 0.477041
vt 0.352041 0.500000
vt 0.363405 0.500000
vt 0.363405 0.550000
vt 0.352041 0.550000
vt 0.363405 0.600000
vt 0.352041 0.600000
vt 0.363405 0.650000
vt 0.352041 0.650000
vt 0.363405 0.700000
vt 0.352041 0.700000
vt 0.340677 0.500000
vt 0.340677 0.550000
vt 0.340677 0.600000
vt 0.340677 0.650000
vt 0.340677 0.700000
vt 0.329314 0.500000
vt 0.329314 0.550000
vt 0.329314 0.600000
vt 0.329314 0.650000
vt 0.329314 0.700000
vt 0.317950 0.500000
vt 0.317950 0.550000
vt 0.317950 0.600000
vt 0.317950 0.650000
vt 0.306586 0.500000
vt 0.306586 0.550000
vt 0.306586 0.600000
vt 0.306586 0.650000
vt 0.295223 0.500000
vt 0.295223 0.550000
vt 0.295223 0.600000
vt 0.295223 0.650000
vt 0.283859 0.500000
vt 0.283859 0.550000
vt 0.283859 0.600000
vt 0.283859 0.650000
vt 0.283859 0.700000
vt 0.272495 0.500000
vt 0.272496 0.550000
vt 0.272495 0.600000
vt 0.272496 0.650000
vt 0.261132 0.500000
vt 0.261132 0.550000
vt 0.261132 0.600000
vt 0.261132 0.650000
vt 0.249768 0.500000
vt 0.249768 0.550000
vt 0.249768 0.600000
vt 0.249768 0.650000
vt 0.238405 0.500000
vt 0.238405 0.550000
vt 0.238405 0.600000
vt 0.238405 0.650000
vt 0.227041 0.500000
vt 0.227041 0.550000
vt 0.227041 0.600000
vt 0.227041 0.650000
vt 0.227041 0.700000
vt 0.215677 0.500000
vt 0.215677 0.550000
vt 0.215677 0.600000
vt 0.215677 0.650000
vt 0.204314 0.500000
vt 0.204314 0.550000
vt 0.204314 0.600000
vt 0.204314 0.650000
vt 0.192950 0.500000
vt 0.192950 0.550000
vt 0.192950 0.600000
vt 0.192950 0.650000
vt 0.181586 0.500000
vt 0.181586 0.550000
vt 0.181586 0.600000
vt 0.181586 0.650000
vt 0.170223 0.500000
vt 0.170223 0.550000
vt 0.170223 0.600000
vt 0.170223 0.650000
vt 0.158859 0.500000
vt 0.158859 0.550000
vt 0.158859 0.600000
vt 0.158859 0.650000
vt 0.147496 0.500000
vt 0.147496 0.550000
vt 0.147496 0.600000
vt 0.147496 0.650000
vt 0.136132 0.500000
vt 0.136132 0.550000
vt 0.136132 0.600000
vt 0.136132 0.650000
vt 0.136132 0.700000
vt 0.125000 0.500000
vt 0.125000 0.550000
vt 0.125000 0.600000
vt 0.125000 0.650000
vt 0.125000 0.700000
vt 0.852504 0.500000
vt 0.863868 0.500000
vt 0.863868 0.550000
vt 0.852504 0.550000
vt 0.863868 0.600000
vt 0.852504 0.600000
vt 0.863868 0.650000
vt 0.852504 0.650000
vt 0.841141 0.500000
vt 0.841141 0.550000
vt 0.841141 0.600000
vt 0.841141 0.650000
vt 0.841141 0.700000
vt 0.829777 0.500000
vt 0.829777 0.550000
vt 0.829777 0.600000
vt 0.829777 0.650000
vt 0.818413 0.500000
vt 0.818413 0.550000
vt 0.818413 0.600000
vt 0.818413 0.650000
vt 0.807050 0.500000
vt 0.807050 0.550000
vt 0.807050 0.600000
vt 0.807050 0.650000
vt 0.795686 0.500000
vt 0.795686 0.550000
vt 0.795686 0.600000
vt 0.795686 0.650000
vt 0.784323 0.500000
vt 0.784323 0.550000
vt 0.784323 0.600000
vt 0.784323 0.650000
vt 0.772959 0.500000
vt 0.772959 0.550000
vt 0.772959 0.600000
vt 0.761595 0.500000
vt 0.761595 0.550000
vt 0.761595 0.600000
vt 0.750232 0.500000
vt 0.750232 0.550000
vt 0.750232 0.600000
vt 0.761595 0.650000
vt 0.750232 0.650000
vt 0.738868 0.500000
vt 0.738868 0.550000
vt 0.738868 0.600000
vt 0.738868 0.650000
vt 0.727504 0.500000
vt 0.727504 0.550000
vt 0.727504 0.600000
vt 0.716141 0.500000
vt 0.716141 0.550000
vt 0.716141 0.600000
vt 0.704777 0.500000
vt 0.704777 0.550000
vt 0.704777 0.650000
vt 0.716141 0.650000
vt 0.693414 0.500000
vt 0.693414 0.550000
vt 0.693414 0.650000
vt 0.682050 0.500000
vt 0.682050 0.550000
vt 0.693413 0.600000
vt 0.682050 0.600000
vt 0.682050 0.650000
vt 0.670686 0.500000
vt 0.670686 0.550000
vt 0.670686 0.600000
vt 0.670686 0.650000
vt 0.659323 0.500000
vt 0.659323 0.550000
vt 0.659323 0.600000
vt 0.659323 0.650000
vt 0.647959 0.500000
vt 0.647959 0.550000
vt 0.647959 0.600000
vt 0.647959 0.650000
vt 0.636595 0.500000
vt 0.636595 0.550000
vt 0.636595 0.600000
vt 0.636595 0.650000
vt 0.625000 0.550000
vt 0.625000 0.600000
vt 0.625000 0.650000
vt 0.875000 0.500000
vt 0.875000 0.550000
vt 0.875000 0.600000
vt 0.875000 0.650000
vt 0.375000 0.550000
vt 0.375000 0.600000
vt 0.375000 0.650000
vt 0.375000 0.000000
vt 0.625000 0.000000
vt 0.625000 0.050000
vt 0.375000 0.050000
vt 0.625000 0.100000
vt 0.375000 0.100000
vt 0.625000 0.150000
vt 0.375000 0.150000
vt 0.133971 0.750000
vt 0.136132 0.732048
vt 0.136961 0.749355
vt 0.136132 0.748233
vt 0.225399 0.750000
vt 0.227041 0.732046
vt 0.227872 0.749770
vt 0.227034 0.749973
vt 0.282198 0.750000
vt 0.283859 0.730839
vt 0.284690 0.750000
vt 0.283859 0.749920
vt 0.328483 0.750000
vt 0.329314 0.730840
vt 0.330971 0.750000
vt 0.329314 0.750000
vt 0.339020 0.750000
vt 0.340677 0.730106
vt 0.341504 0.750000
vt 0.340675 0.748569
vt 0.363405 0.748233
vt 0.361742 0.750000
vt 0.363405 0.732048
vt 0.364236 0.750000
vt 0.625000 0.850842
vt 0.625000 0.852504
vt 0.624780 0.853335
vt 0.503680 0.852504
vt 0.624770 0.965310
vt 0.625000 0.966260
vt 0.625000 0.967799
vt 0.504772 0.966141
vt 0.657664 0.700000
vt 0.659323 0.680106
vt 0.660982 0.700000
vt 0.659323 0.721231
vt 0.704777 0.582048
vt 0.706439 0.600000
vt 0.704777 0.617953
vt 0.703115 0.600000
vt 0.727504 0.632048
vt 0.729167 0.650000
vt 0.727504 0.667952
vt 0.725842 0.650000
vt 0.772959 0.632047
vt 0.774620 0.650000
vt 0.772959 0.667952
vt 0.771297 0.650000
vt 0.125000 0.750000
vt 0.375000 0.977504
vt 0.625000 0.977504
vt 0.625000 0.988868
vt 0.496320 0.988868
vt 0.375000 0.987210
vt 0.375000 0.991029
vt 0.625000 1.000000
vt 0.375000 1.000000
vt 0.375000 0.899601
vt 0.495228 0.897959
vt 0.625000 0.897959
vt 0.375000 0.896298
vt 0.375000 0.842802
vt 0.498337 0.841141
vt 0.625000 0.841141
vt 0.375000 0.852504
vt 0.375000 0.839479
vt 0.375000 0.797348
vt 0.496320 0.795686
vt 0.625000 0.795686
vt 0.375000 0.785980
vt 0.496402 0.784323
vt 0.625000 0.784323
vt 0.375000 0.794029
vt 0.375000 0.772959
vt 0.625000 0.772959
vt 0.375000 0.782669
vt 0.352041 0.750000
vt 0.625000 0.761595
vt 0.496320 0.761595
vt 0.375000 0.759933
vt 0.375000 0.763258
vt 0.727504 0.700000
vt 0.727504 0.730840
vt 0.725842 0.750000
vt 0.729165 0.750000
vt 0.375000 0.966141
vt 0.841141 0.732047
vt 0.839479 0.750000
vt 0.842799 0.750000
vt 0.659323 0.750000
vt 0.349664 0.525336
vt 0.150336 0.525336
vt 0.349664 0.575168
vt 0.375000 0.562500
vt 0.150336 0.665938
vt 0.150336 0.706876
vt 0.306566 0.724664
vt 0.306566 0.724664
vt 0.375000 0.187500
vt 0.625000 0.187500
vt 0.150336 0.674832
vt 0.150336 0.724664
vt 0.125000 0.687500
vt 0.349664 0.724664
vt 0.349664 0.674832
vt 0.150336 0.575168
vt 0.193434 0.724664
vt 0.193434 0.724664
vt 0.349664 0.584062
vt 0.349664 0.543124
vt 0.349664 0.575168
vt 0.349664 0.665938
vt 0.349664 0.706876
vt 0.349664 0.706876
vt 0.349664 0.543124
vt 0.150336 0.584062
vt 0.150336 0.543124
vt 0.150336 0.543124
vt 0.150336 0.584062
vt 0.349664 0.665938
vt 0.349664 0.665938
vt 0.349664 0.584062
vt 0.349664 0.584062
vt 0.150336 0.625000
vt 0.150336 0.706876
vt 0.150336 0.625000
vt 0.349664 0.575168
vt 0.349664 0.625000
vt 0.349664 0.674832
vt 0.349664 0.674832
vt 0.375000 0.687500
vt 0.349664 0.625000
vt 0.375000 0.625000
vt 0.125000 0.562500
vt 0.125000 0.625000
vt 0.625000 0.562500
vt 0.625000 0.625000
vt 0.349664 0.625000
vt 0.349664 0.625000
vt 0.349664 0.674832
vt 0.875000 0.562500
vt 0.875000 0.625000
vt 0.875000 0.687500
vt 0.625000 0.687500
vt 0.625000 0.062500
vt 0.375000 0.062500
vt 0.625000 0.266036
vt 0.555975 0.250000
vt 0.625000 0.236985
vt 0.137060 0.737940
vt 0.143303 0.747733
vt 0.125000 0.736985
vt 0.635690 0.771381
vt 0.555975 0.750000
vt 0.625000 0.741323
vt 0.625000 0.508677
vt 0.555975 0.500000
vt 0.635690 0.478619
vt 0.625000 0.111985
vt 0.625000 0.125000
vt 0.625000 0.131508
vt 0.555975 0.125000
vt 0.555975 0.687500
vt 0.625000 0.674485
vt 0.657071 0.687500
vt 0.625000 0.700515
vt 0.125000 0.618492
vt 0.150303 0.625000
vt 0.125000 0.638015
vt 0.444025 0.562500
vt 0.375000 0.575515
vt 0.354789 0.572605
vt 0.375000 0.549485
vt 0.842929 0.500000
vt 0.875000 0.513015
vt 0.375000 0.013015
vt 0.444025 0.000000
vt 0.444025 1.000000
vt 0.375000 0.967929
vt 0.375000 0.125000
vt 0.842929 0.625000
vt 0.875000 0.638015
vt 0.875000 0.611985
vt 0.375000 0.138015
vt 0.444025 0.125000
vt 0.375000 0.111985
vt 0.150336 0.543124
vt 0.150336 0.536180
vt 0.150336 0.552943
vt 0.150336 0.706876
vt 0.150336 0.713820
vt 0.150336 0.697057
vt 0.349664 0.714845
vt 0.332555 0.724664
vt 0.325468 0.724664
vt 0.306566 0.724664
vt 0.282369 0.724664
vt 0.375000 0.464286
vt 0.625000 0.464286
vt 0.839286 0.500000
vt 0.839286 0.750000
vt 0.660714 0.500000
vt 0.660714 0.750000
vt 0.696429 0.500000
vt 0.696429 0.750000
vt 0.732143 0.500000
vt 0.732143 0.750000
vt 0.767857 0.500000
vt 0.767857 0.750000
vt 0.803571 0.500000
vt 0.803571 0.750000
vt 0.196429 0.500000
vt 0.232143 0.500000
vt 0.232143 0.750000
vt 0.196429 0.750000
vt 0.267857 0.500000
vt 0.267857 0.750000
vt 0.375000 0.857143
vt 0.625000 0.857143
vt 0.625000 0.892857
vt 0.375000 0.892857
vt 0.625000 0.928571
vt 0.375000 0.928571
vt 0.625000 0.285714
vt 0.375000 0.285714
vt 0.625000 0.321429
vt 0.375000 0.321429
vt 0.625000 0.357143
vt 0.375000 0.357143
vt 0.625000 0.392857
vt 0.375000 0.392857
vt 0.625000 0.428571
vt 0.375000 0.428571
vt 0.158247 0.750000
vt 0.160714 0.654752
vt 0.161948 0.750000
vt 0.160714 0.750000
vt 0.301104 0.750000
vt 0.303571 0.654752
vt 0.304805 0.750000
vt 0.303571 0.750000
vt 0.339286 0.750000
vt 0.336818 0.750000
vt 0.339286 0.654752
vt 0.340519 0.750000
vt 0.160714 0.500000
vt 0.625000 0.964286
vt 0.401712 0.964286
vt 0.375000 0.961818
vt 0.375000 0.966753
vt 0.375000 0.823896
vt 0.401712 0.821429
vt 0.625000 0.821429
vt 0.303571 0.500000
vt 0.375000 0.788182
vt 0.401712 0.785714
vt 0.625000 0.785714
vt 0.375000 0.818961
vt 0.339286 0.500000
vt 0.375000 0.783247
s 0
usemtl Dunkles_Holz_Sarg
f 18/1/1 23/1/1 20/1/1 21/1/1 1/1/1 2/1/1 3/1/1 4/1/1 5/1/1 6/1/1 7/1/1 8/1/1 9/1/1 10/1/1 11/1/1 12/1/1 13/1/1 14/1/1 15/1/1 16/1/1 22/1/1 24/1/1 25/1/1 17/1/1 19/1/1 28/1/1 27/1/1 26/1/1 29/1/1
f 44/1/2 45/1/2 172/1/2 171/1/2
f 1/1/7 21/1/7 57/1/7 56/1/7
f 21/1/10 20/1/10 58/1/10 57/1/10
f 22/1/28 16/1/28 41/1/28 40/1/28
f 74/1/1 82/1/1 79/1/1 80/1/1 81/1/1 75/1/1 73/1/1 78/1/1 77/1/1 22/1/1 16/1/1 72/1/1 71/1/1 70/1/1 69/1/1 68/1/1 67/1/1 66/1/1 65/1/1 64/1/1 63/1/1 62/1/1 61/1/1 60/1/1 59/1/1 1/1/1 21/1/1 20/1/1 76/1/1
f 96/1/2 95/1/2 195/1/2 196/1/2
f 42/1/50 41/1/50 117/1/50
f 43/1/50 42/1/50 117/1/50 118/1/50
f 44/1/50 43/1/50 118/1/50 119/1/50
f 45/1/50 44/1/50 119/1/50 120/1/50
f 46/1/50 45/1/50 120/1/50 121/1/50
f 47/1/50 46/1/50 121/1/50 122/1/50
f 48/1/50 47/1/50 122/1/50 123/1/50
f 49/1/50 48/1/50 123/1/50 124/1/50
f 50/1/50 49/1/50 124/1/50 125/1/50
f 51/1/50 50/1/50 125/1/50 126/1/50
f 52/1/50 51/1/50 126/1/50 127/1/50
f 53/1/50 52/1/50 127/1/50 128/1/50
f 54/1/50 53/1/50 128/1/50 129/1/50
f 55/1/50 54/1/50 129/1/50 130/1/50
f 56/1/50 55/1/50 130/1/50
f 41/1/50 93/1/50 141/1/50
f 93/1/50 94/1/50 142/1/50 141/1/50
f 94/1/50 95/1/50 143/1/50 142/1/50
f 95/1/50 96/1/50 144/1/50 143/1/50
f 96/1/50 97/1/50 145/1/50 144/1/50
f 97/1/50 98/1/50 146/1/50 145/1/50
f 98/1/50 99/1/50 147/1/50 146/1/50
f 99/1/50 100/1/50 148/1/50 147/1/50
f 100/1/50 101/1/50 149/1/50 148/1/50
f 101/1/50 102/1/50 150/1/50 149/1/50
f 102/1/50 103/1/50 151/1/50 150/1/50
f 103/1/50 104/1/50 152/1/50 151/1/50
f 104/1/50 105/1/50 153/1/50 152/1/50
f 105/1/50 106/1/50 154/1/50 153/1/50
f 106/1/50 56/1/50 154/1/50
f 97/1/2 96/1/2 196/1/2 197/1/2
f 45/1/2 46/1/2 173/1/2 172/1/2
f 98/1/2 97/1/2 197/1/2 198/1/2
f 46/1/2 47/1/2 174/1/2 173/1/2
f 99/1/2 98/1/2 198/1/2 199/1/2
f 47/1/2 48/1/2 175/1/2 174/1/2
f 100/1/2 99/1/2 199/1/2 200/1/2
f 48/1/2 49/1/2 176/1/2 175/1/2
f 101/1/2 100/1/2 200/1/2 201/1/2
f 49/1/2 50/1/2 177/1/2 176/1/2
f 102/1/2 101/1/2 201/1/2 202/1/2
f 50/1/2 51/1/2 178/1/2 177/1/2
f 103/1/2 102/1/2 202/1/2 203/1/2
f 51/1/2 52/1/2 179/1/2 178/1/2
f 104/1/2 103/1/2 203/1/2 204/1/2
f 52/1/2 53/1/2 180/1/2 179/1/2
f 105/1/2 104/1/2 204/1/2 205/1/2
f 53/1/2 54/1/2 181/1/2 180/1/2
f 106/1/2 105/1/2 205/1/2 206/1/2
f 54/1/2 55/1/2 182/1/2 181/1/2
f 56/1/2 106/1/2 206/1/2 157/1/2
f 55/1/2 56/1/2 157/1/2 182/1/2
f 84/1/2 58/1/2 158/1/2 184/1/2
f 58/1/2 31/1/2 160/1/2 158/1/2
f 83/1/2 84/1/2 184/1/2 183/1/2
f 31/1/2 30/1/2 159/1/2 160/1/2
f 85/1/2 83/1/2 183/1/2 185/1/2
f 30/1/2 32/1/2 161/1/2 159/1/2
f 86/1/2 85/1/2 185/1/2 186/1/2
f 32/1/2 33/1/2 162/1/2 161/1/2
f 87/1/2 86/1/2 186/1/2 187/1/2
f 33/1/2 34/1/2 163/1/2 162/1/2
f 88/1/2 87/1/2 187/1/2 188/1/2
f 34/1/2 35/1/2 164/1/2 163/1/2
f 89/1/2 88/1/2 188/1/2 189/1/2
f 35/1/2 36/1/2 165/1/2 164/1/2
f 90/1/2 89/1/2 189/1/2 190/1/2
f 36/1/2 37/1/2 166/1/2 165/1/2
f 91/1/2 90/1/2 190/1/2 191/1/2
f 37/1/2 38/1/2 167/1/2 166/1/2
f 92/1/2 91/1/2 191/1/2 192/1/2
f 38/1/2 39/1/2 168/1/2 167/1/2
f 40/1/2 92/1/2 192/1/2 156/1/2
f 39/1/2 40/1/2 156/1/2 168/1/2
f 93/1/2 41/1/2 155/1/2 193/1/2
f 41/1/2 42/1/2 169/1/2 155/1/2
f 94/1/2 93/1/2 193/1/2 194/1/2
f 42/1/2 43/1/2 170/1/2 169/1/2
f 95/1/2 94/1/2 194/1/2 195/1/2
f 43/1/2 44/1/2 171/1/2 170/1/2
f 212/1/50 214/1/50 215/1/50 216/1/50 217/1/50 218/1/50 219/1/50 220/1/50 221/1/50 208/1/50 207/1/50 222/1/50 223/1/50 224/1/50 225/1/50 226/1/50 227/1/50 228/1/50 229/1/50 230/1/50 231/1/50 232/1/50 233/1/50 234/1/50 235/1/50 209/1/50 210/1/50 211/1/50 213/1/50
f 236/1/50 237/1/50 211/1/50 210/1/50 209/1/50 259/1/50 258/1/50 257/1/50 256/1/50 255/1/50 254/1/50 253/1/50 252/1/50 251/1/50 250/1/50 249/1/50 248/1/50 247/1/50 246/1/50 207/1/50 208/1/50 245/1/50 244/1/50 243/1/50 242/1/50 241/1/50 240/1/50 239/1/50 238/1/50
f 184/1/67 158/1/67 211/1/67 237/1/67
f 158/1/68 160/1/68 213/1/68 211/1/68
f 183/1/69 184/1/69 237/1/69 236/1/69
f 160/1/70 159/1/70 212/1/70 213/1/70
f 185/1/71 183/1/71 236/1/71 238/1/71
f 159/1/72 161/1/72 214/1/72 212/1/72
f 186/1/73 185/1/73 238/1/73 239/1/73
f 161/1/74 162/1/74 215/1/74 214/1/74
f 187/1/75 186/1/75 239/1/75 240/1/75
f 162/1/76 163/1/76 216/1/76 215/1/76
f 188/1/77 187/1/77 240/1/77 241/1/77
f 163/1/78 164/1/78 217/1/78 216/1/78
f 189/1/79 188/1/79 241/1/79 242/1/79
f 164/1/80 165/1/80 218/1/80 217/1/80
f 190/1/75 189/1/75 242/1/75 243/1/75
f 165/1/76 166/1/76 219/1/76 218/1/76
f 191/1/81 190/1/81 243/1/81 244/1/81
f 166/1/82 167/1/82 220/1/82 219/1/82
f 192/1/83 191/1/83 244/1/83 245/1/83
f 167/1/84 168/1/84 221/1/84 220/1/84
f 156/1/85 192/1/85 245/1/85 208/1/85
f 168/1/86 156/1/86 208/1/86 221/1/86
f 277/1/1 282/1/1 279/1/1 280/1/1 260/1/1 261/1/1 262/1/1 263/1/1 264/1/1 265/1/1 266/1/1 267/1/1 268/1/1 269/1/1 270/1/1 271/1/1 272/1/1 273/1/1 274/1/1 275/1/1 281/1/1 283/1/1 284/1/1 276/1/1 278/1/1 287/1/1 286/1/1 285/1/1 288/1/1
f 303/1/2 304/1/2 431/1/2 430/1/2
f 260/1/7 280/1/7 316/1/7 315/1/7
f 280/1/5 279/1/5 317/1/5 316/1/5
f 281/1/28 275/1/28 300/1/28 299/1/28
f 333/1/1 341/1/1 338/1/1 339/1/1 340/1/1 334/1/1 332/1/1 337/1/1 336/1/1 281/1/1 275/1/1 331/1/1 330/1/1 329/1/1 328/1/1 327/1/1 326/1/1 325/1/1 324/1/1 323/1/1 322/1/1 321/1/1 320/1/1 319/1/1 318/1/1 260/1/1 280/1/1 279/1/1 335/1/1
f 355/1/2 354/1/2 454/1/2 455/1/2
f 301/1/50 300/1/50 376/1/50
f 302/1/50 301/1/50 376/1/50 377/1/50
f 303/1/50 302/1/50 377/1/50 378/1/50
f 304/1/50 303/1/50 378/1/50 379/1/50
f 305/1/50 304/1/50 379/1/50 380/1/50
f 306/1/50 305/1/50 380/1/50 381/1/50
f 307/1/50 306/1/50 381/1/50 382/1/50
f 308/1/50 307/1/50 382/1/50 383/1/50
f 309/1/50 308/1/50 383/1/50 384/1/50
f 310/1/50 309/1/50 384/1/50 385/1/50
f 311/1/50 310/1/50 385/1/50 386/1/50
f 312/1/50 311/1/50 386/1/50 387/1/50
f 313/1/50 312/1/50 387/1/50 388/1/50
f 314/1/50 313/1/50 388/1/50 389/1/50
f 315/1/50 314/1/50 389/1/50
f 300/1/50 352/1/50 400/1/50
f 352/1/50 353/1/50 401/1/50 400/1/50
f 353/1/50 354/1/50 402/1/50 401/1/50
f 354/1/50 355/1/50 403/1/50 402/1/50
f 355/1/50 356/1/50 404/1/50 403/1/50
f 356/1/50 357/1/50 405/1/50 404/1/50
f 357/1/50 358/1/50 406/1/50 405/1/50
f 358/1/50 359/1/50 407/1/50 406/1/50
f 359/1/50 360/1/50 408/1/50 407/1/50
f 360/1/50 361/1/50 409/1/50 408/1/50
f 361/1/50 362/1/50 410/1/50 409/1/50
f 362/1/50 363/1/50 411/1/50 410/1/50
f 363/1/50 364/1/50 412/1/50 411/1/50
f 364/1/50 365/1/50 413/1/50 412/1/50
f 365/1/50 315/1/50 413/1/50
f 356/1/2 355/1/2 455/1/2 456/1/2
f 304/1/2 305/1/2 432/1/2 431/1/2
f 357/1/2 356/1/2 456/1/2 457/1/2
f 305/1/2 306/1/2 433/1/2 432/1/2
f 358/1/2 357/1/2 457/1/2 458/1/2
f 306/1/2 307/1/2 434/1/2 433/1/2
f 359/1/2 358/1/2 458/1/2 459/1/2
f 307/1/2 308/1/2 435/1/2 434/1/2
f 360/1/2 359/1/2 459/1/2 460/1/2
f 308/1/2 309/1/2 436/1/2 435/1/2
f 361/1/2 360/1/2 460/1/2 461/1/2
f 309/1/2 310/1/2 437/1/2 436/1/2
f 362/1/2 361/1/2 461/1/2 462/1/2
f 310/1/2 311/1/2 438/1/2 437/1/2
f 363/1/2 362/1/2 462/1/2 463/1/2
f 311/1/2 312/1/2 439/1/2 438/1/2
f 364/1/2 363/1/2 463/1/2 464/1/2
f 312/1/2 313/1/2 440/1/2 439/1/2
f 365/1/2 364/1/2 464/1/2 465/1/2
f 313/1/2 314/1/2 441/1/2 440/1/2
f 315/1/2 365/1/2 465/1/2 416/1/2
f 314/1/2 315/1/2 416/1/2 441/1/2
f 343/1/2 317/1/2 417/1/2 443/1/2
f 317/1/2 290/1/2 419/1/2 417/1/2
f 342/1/2 343/1/2 443/1/2 442/1/2
f 290/1/2 289/1/2 418/1/2 419/1/2
f 344/1/2 342/1/2 442/1/2 444/1/2
f 289/1/2 291/1/2 420/1/2 418/1/2
f 345/1/2 344/1/2 444/1/2 445/1/2
f 291/1/2 292/1/2 421/1/2 420/1/2
f 346/1/2 345/1/2 445/1/2 446/1/2
f 292/1/2 293/1/2 422/1/2 421/1/2
f 347/1/2 346/1/2 446/1/2 447/1/2
f 293/1/2 294/1/2 423/1/2 422/1/2
f 348/1/2 347/1/2 447/1/2 448/1/2
f 294/1/2 295/1/2 424/1/2 423/1/2
f 349/1/2 348/1/2 448/1/2 449/1/2
f 295/1/2 296/1/2 425/1/2 424/1/2
f 350/1/2 349/1/2 449/1/2 450/1/2
f 296/1/2 297/1/2 426/1/2 425/1/2
f 351/1/2 350/1/2 450/1/2 451/1/2
f 297/1/2 298/1/2 427/1/2 426/1/2
f 299/1/2 351/1/2 451/1/2 415/1/2
f 298/1/2 299/1/2 415/1/2 427/1/2
f 352/1/2 300/1/2 414/1/2 452/1/2
f 300/1/2 301/1/2 428/1/2 414/1/2
f 353/1/2 352/1/2 452/1/2 453/1/2
f 301/1/2 302/1/2 429/1/2 428/1/2
f 354/1/2 353/1/2 453/1/2 454/1/2
f 302/1/2 303/1/2 430/1/2 429/1/2
f 471/1/50 473/1/50 474/1/50 475/1/50 476/1/50 477/1/50 478/1/50 479/1/50 480/1/50 467/1/50 466/1/50 481/1/50 482/1/50 483/1/50 484/1/50 485/1/50 486/1/50 487/1/50 488/1/50 489/1/50 490/1/50 491/1/50 492/1/50 493/1/50 494/1/50 468/1/50 469/1/50 470/1/50 472/1/50
f 495/1/50 496/1/50 470/1/50 469/1/50 468/1/50 518/1/50 517/1/50 516/1/50 515/1/50 514/1/50 513/1/50 512/1/50 511/1/50 510/1/50 509/1/50 508/1/50 507/1/50 506/1/50 505/1/50 466/1/50 467/1/50 504/1/50 503/1/50 502/1/50 501/1/50 500/1/50 499/1/50 498/1/50 497/1/50
f 443/1/67 417/1/67 470/1/67 496/1/67
f 417/1/68 419/1/68 472/1/68 470/1/68
f 442/1/69 443/1/69 496/1/69 495/1/69
f 419/1/70 418/1/70 471/1/70 472/1/70
f 444/1/71 442/1/71 495/1/71 497/1/71
f 418/1/72 420/1/72 473/1/72 471/1/72
f 445/1/73 444/1/73 497/1/73 498/1/73
f 420/1/74 421/1/74 474/1/74 473/1/74
f 446/1/75 445/1/75 498/1/75 499/1/75
f 421/1/76 422/1/76 475/1/76 474/1/76
f 447/1/77 446/1/77 499/1/77 500/1/77
f 422/1/78 423/1/78 476/1/78 475/1/78
f 448/1/98 447/1/98 500/1/98 501/1/98
f 423/1/80 424/1/80 477/1/80 476/1/80
f 449/1/75 448/1/75 501/1/75 502/1/75
f 424/1/76 425/1/76 478/1/76 477/1/76
f 450/1/81 449/1/81 502/1/81 503/1/81
f 425/1/82 426/1/82 479/1/82 478/1/82
f 451/1/83 450/1/83 503/1/83 504/1/83
f 426/1/84 427/1/84 480/1/84 479/1/84
f 415/1/85 451/1/85 504/1/85 467/1/85
f 427/1/86 415/1/86 467/1/86 480/1/86
f 536/1/1 541/1/1 538/1/1 539/1/1 519/1/1 520/1/1 521/1/1 522/1/1 523/1/1 524/1/1 525/1/1 526/1/1 527/1/1 528/1/1 529/1/1 530/1/1 531/1/1 532/1/1 533/1/1 534/1/1 540/1/1 542/1/1 543/1/1 535/1/1 537/1/1 546/1/1 545/1/1 544/1/1 547/1/1
f 562/1/2 563/1/2 690/1/2 689/1/2
f 519/1/7 539/1/7 575/1/7 574/1/7
f 539/1/99 538/1/99 576/1/99 575/1/99
f 540/1/28 534/1/28 559/1/28 558/1/28
f 592/1/1 600/1/1 597/1/1 598/1/1 599/1/1 593/1/1 591/1/1 596/1/1 595/1/1 540/1/1 534/1/1 590/1/1 589/1/1 588/1/1 587/1/1 586/1/1 585/1/1 584/1/1 583/1/1 582/1/1 581/1/1 580/1/1 579/1/1 578/1/1 577/1/1 519/1/1 539/1/1 538/1/1 594/1/1
f 614/1/2 613/1/2 713/1/2 714/1/2
f 560/1/50 559/1/50 635/1/50
f 561/1/50 560/1/50 635/1/50 636/1/50
f 562/1/50 561/1/50 636/1/50 637/1/50
f 563/1/50 562/1/50 637/1/50 638/1/50
f 564/1/50 563/1/50 638/1/50 639/1/50
f 565/1/50 564/1/50 639/1/50 640/1/50
f 566/1/50 565/1/50 640/1/50 641/1/50
f 567/1/50 566/1/50 641/1/50 642/1/50
f 568/1/50 567/1/50 642/1/50 643/1/50
f 569/1/50 568/1/50 643/1/50 644/1/50
f 570/1/50 569/1/50 644/1/50 645/1/50
f 571/1/50 570/1/50 645/1/50 646/1/50
f 572/1/50 571/1/50 646/1/50 647/1/50
f 573/1/50 572/1/50 647/1/50 648/1/50
f 574/1/50 573/1/50 648/1/50
f 559/1/50 611/1/50 659/1/50
f 611/1/50 612/1/50 660/1/50 659/1/50
f 612/1/50 613/1/50 661/1/50 660/1/50
f 613/1/50 614/1/50 662/1/50 661/1/50
f 614/1/50 615/1/50 663/1/50 662/1/50
f 615/1/50 616/1/50 664/1/50 663/1/50
f 616/1/50 617/1/50 665/1/50 664/1/50
f 617/1/50 618/1/50 666/1/50 665/1/50
f 618/1/50 619/1/50 667/1/50 666/1/50
f 619/1/50 620/1/50 668/1/50 667/1/50
f 620/1/50 621/1/50 669/1/50 668/1/50
f 621/1/50 622/1/50 670/1/50 669/1/50
f 622/1/50 623/1/50 671/1/50 670/1/50
f 623/1/50 624/1/50 672/1/50 671/1/50
f 624/1/50 574/1/50 672/1/50
f 615/1/2 614/1/2 714/1/2 715/1/2
f 563/1/2 564/1/2 691/1/2 690/1/2
f 616/1/2 615/1/2 715/1/2 716/1/2
f 564/1/2 565/1/2 692/1/2 691/1/2
f 617/1/2 616/1/2 716/1/2 717/1/2
f 565/1/2 566/1/2 693/1/2 692/1/2
f 618/1/2 617/1/2 717/1/2 718/1/2
f 566/1/2 567/1/2 694/1/2 693/1/2
f 619/1/2 618/1/2 718/1/2 719/1/2
f 567/1/2 568/1/2 695/1/2 694/1/2
f 620/1/2 619/1/2 719/1/2 720/1/2
f 568/1/2 569/1/2 696/1/2 695/1/2
f 621/1/2 620/1/2 720/1/2 721/1/2
f 569/1/2 570/1/2 697/1/2 696/1/2
f 622/1/2 621/1/2 721/1/2 722/1/2
f 570/1/2 571/1/2 698/1/2 697/1/2
f 623/1/2 622/1/2 722/1/2 723/1/2
f 571/1/2 572/1/2 699/1/2 698/1/2
f 624/1/2 623/1/2 723/1/2 724/1/2
f 572/1/2 573/1/2 700/1/2 699/1/2
f 574/1/2 624/1/2 724/1/2 675/1/2
f 573/1/2 574/1/2 675/1/2 700/1/2
f 602/1/2 576/1/2 676/1/2 702/1/2
f 576/1/2 549/1/2 678/1/2 676/1/2
f 601/1/2 602/1/2 702/1/2 701/1/2
f 549/1/2 548/1/2 677/1/2 678/1/2
f 603/1/2 601/1/2 701/1/2 703/1/2
f 548/1/2 550/1/2 679/1/2 677/1/2
f 604/1/2 603/1/2 703/1/2 704/1/2
f 550/1/2 551/1/2 680/1/2 679/1/2
f 605/1/2 604/1/2 704/1/2 705/1/2
f 551/1/2 552/1/2 681/1/2 680/1/2
f 606/1/2 605/1/2 705/1/2 706/1/2
f 552/1/2 553/1/2 682/1/2 681/1/2
f 607/1/2 606/1/2 706/1/2 707/1/2
f 553/1/2 554/1/2 683/1/2 682/1/2
f 608/1/2 607/1/2 707/1/2 708/1/2
f 554/1/2 555/1/2 684/1/2 683/1/2
f 609/1/2 608/1/2 708/1/2 709/1/2
f 555/1/2 556/1/2 685/1/2 684/1/2
f 610/1/2 609/1/2 709/1/2 710/1/2
f 556/1/2 557/1/2 686/1/2 685/1/2
f 558/1/2 610/1/2 710/1/2 674/1/2
f 557/1/2 558/1/2 674/1/2 686/1/2
f 611/1/2 559/1/2 673/1/2 711/1/2
f 559/1/2 560/1/2 687/1/2 673/1/2
f 612/1/2 611/1/2 711/1/2 712/1/2
f 560/1/2 561/1/2 688/1/2 687/1/2
f 613/1/2 612/1/2 712/1/2 713/1/2
f 561/1/2 562/1/2 689/1/2 688/1/2
f 730/1/50 732/1/50 733/1/50 734/1/50 735/1/50 736/1/50 737/1/50 738/1/50 739/1/50 726/1/50 725/1/50 740/1/50 741/1/50 742/1/50 743/1/50 744/1/50 745/1/50 746/1/50 747/1/50 748/1/50 749/1/50 750/1/50 751/1/50 752/1/50 753/1/50 727/1/50 728/1/50 729/1/50 731/1/50
f 754/1/50 755/1/50 729/1/50 728/1/50 727/1/50 777/1/50 776/1/50 775/1/50 774/1/50 773/1/50 772/1/50 771/1/50 770/1/50 769/1/50 768/1/50 767/1/50 766/1/50 765/1/50 764/1/50 725/1/50 726/1/50 763/1/50 762/1/50 761/1/50 760/1/50 759/1/50 758/1/50 757/1/50 756/1/50
f 702/1/67 676/1/67 729/1/67 755/1/67
f 676/1/68 678/1/68 731/1/68 729/1/68
f 701/1/69 702/1/69 755/1/69 754/1/69
f 678/1/70 677/1/70 730/1/70 731/1/70
f 703/1/71 701/1/71 754/1/71 756/1/71
f 677/1/72 679/1/72 732/1/72 730/1/72
f 704/1/73 703/1/73 756/1/73 757/1/73
f 679/1/74 680/1/74 733/1/74 732/1/74
f 705/1/75 704/1/75 757/1/75 758/1/75
f 680/1/76 681/1/76 734/1/76 733/1/76
f 706/1/77 705/1/77 758/1/77 759/1/77
f 681/1/78 682/1/78 735/1/78 734/1/78
f 707/1/98 706/1/98 759/1/98 760/1/98
f 682/1/80 683/1/80 736/1/80 735/1/80
f 708/1/75 707/1/75 760/1/75 761/1/75
f 683/1/76 684/1/76 737/1/76 736/1/76
f 709/1/81 708/1/81 761/1/81 762/1/81
f 684/1/82 685/1/82 738/1/82 737/1/82
f 710/1/83 709/1/83 762/1/83 763/1/83
f 685/1/84 686/1/84 739/1/84 738/1/84
f 674/1/85 710/1/85 763/1/85 726/1/85
f 686/1/86 674/1/86 726/1/86 739/1/86
f 795/1/1 800/1/1 797/1/1 798/1/1 778/1/1 779/1/1 780/1/1 781/1/1 782/1/1 783/1/1 784/1/1 785/1/1 786/1/1 787/1/1 788/1/1 789/1/1 790/1/1 791/1/1 792/1/1 793/1/1 799/1/1 801/1/1 802/1/1 794/1/1 796/1/1 805/1/1 804/1/1 803/1/1 806/1/1
f 821/1/2 822/1/2 949/1/2 948/1/2
f 778/1/7 798/1/7 834/1/7 833/1/7
f 798/1/102 797/1/102 835/1/102 834/1/102
f 799/1/28 793/1/28 818/1/28 817/1/28
f 851/1/1 859/1/1 856/1/1 857/1/1 858/1/1 852/1/1 850/1/1 855/1/1 854/1/1 799/1/1 793/1/1 849/1/1 848/1/1 847/1/1 846/1/1 845/1/1 844/1/1 843/1/1 842/1/1 841/1/1 840/1/1 839/1/1 838/1/1 837/1/1 836/1/1 778/1/1 798/1/1 797/1/1 853/1/1
f 873/1/2 872/1/2 972/1/2 973/1/2
f 819/1/50 818/1/50 894/1/50
f 820/1/50 819/1/50 894/1/50 895/1/50
f 821/1/50 820/1/50 895/1/50 896/1/50
f 822/1/50 821/1/50 896/1/50 897/1/50
f 823/1/50 822/1/50 897/1/50 898/1/50
f 824/1/50 823/1/50 898/1/50 899/1/50
f 825/1/50 824/1/50 899/1/50 900/1/50
f 826/1/50 825/1/50 900/1/50 901/1/50
f 827/1/50 826/1/50 901/1/50 902/1/50
f 828/1/50 827/1/50 902/1/50 903/1/50
f 829/1/50 828/1/50 903/1/50 904/1/50
f 830/1/50 829/1/50 904/1/50 905/1/50
f 831/1/50 830/1/50 905/1/50 906/1/50
f 832/1/50 831/1/50 906/1/50 907/1/50
f 833/1/50 832/1/50 907/1/50
f 818/1/50 870/1/50 918/1/50
f 870/1/50 871/1/50 919/1/50 918/1/50
f 871/1/50 872/1/50 920/1/50 919/1/50
f 872/1/50 873/1/50 921/1/50 920/1/50
f 873/1/50 874/1/50 922/1/50 921/1/50
f 874/1/50 875/1/50 923/1/50 922/1/50
f 875/1/50 876/1/50 924/1/50 923/1/50
f 876/1/50 877/1/50 925/1/50 924/1/50
f 877/1/50 878/1/50 926/1/50 925/1/50
f 878/1/50 879/1/50 927/1/50 926/1/50
f 879/1/50 880/1/50 928/1/50 927/1/50
f 880/1/50 881/1/50 929/1/50 928/1/50
f 881/1/50 882/1/50 930/1/50 929/1/50
f 882/1/50 883/1/50 931/1/50 930/1/50
f 883/1/50 833/1/50 931/1/50
f 874/1/2 873/1/2 973/1/2 974/1/2
f 822/1/2 823/1/2 950/1/2 949/1/2
f 875/1/2 874/1/2 974/1/2 975/1/2
f 823/1/2 824/1/2 951/1/2 950/1/2
f 876/1/2 875/1/2 975/1/2 976/1/2
f 824/1/2 825/1/2 952/1/2 951/1/2
f 877/1/2 876/1/2 976/1/2 977/1/2
f 825/1/2 826/1/2 953/1/2 952/1/2
f 878/1/2 877/1/2 977/1/2 978/1/2
f 826/1/2 827/1/2 954/1/2 953/1/2
f 879/1/2 878/1/2 978/1/2 979/1/2
f 827/1/2 828/1/2 955/1/2 954/1/2
f 880/1/2 879/1/2 979/1/2 980/1/2
f 828/1/2 829/1/2 956/1/2 955/1/2
f 881/1/2 880/1/2 980/1/2 981/1/2
f 829/1/2 830/1/2 957/1/2 956/1/2
f 882/1/2 881/1/2 981/1/2 982/1/2
f 830/1/2 831/1/2 958/1/2 957/1/2
f 883/1/2 882/1/2 982/1/2 983/1/2
f 831/1/2 832/1/2 959/1/2 958/1/2
f 833/1/2 883/1/2 983/1/2 934/1/2
f 832/1/2 833/1/2 934/1/2 959/1/2
f 861/1/2 835/1/2 935/1/2 961/1/2
f 835/1/2 808/1/2 937/1/2 935/1/2
f 860/1/2 861/1/2 961/1/2 960/1/2
f 808/1/2 807/1/2 936/1/2 937/1/2
f 862/1/2 860/1/2 960/1/2 962/1/2
f 807/1/2 809/1/2 938/1/2 936/1/2
f 863/1/2 862/1/2 962/1/2 963/1/2
f 809/1/2 810/1/2 939/1/2 938/1/2
f 864/1/2 863/1/2 963/1/2 964/1/2
f 810/1/2 811/1/2 940/1/2 939/1/2
f 865/1/2 864/1/2 964/1/2 965/1/2
f 811/1/2 812/1/2 941/1/2 940/1/2
f 866/1/2 865/1/2 965/1/2 966/1/2
f 812/1/2 813/1/2 942/1/2 941/1/2
f 867/1/2 866/1/2 966/1/2 967/1/2
f 813/1/2 814/1/2 943/1/2 942/1/2
f 868/1/2 867/1/2 967/1/2 968/1/2
f 814/1/2 815/1/2 944/1/2 943/1/2
f 869/1/2 868/1/2 968/1/2 969/1/2
f 815/1/2 816/1/2 945/1/2 944/1/2
f 817/1/2 869/1/2 969/1/2 933/1/2
f 816/1/2 817/1/2 933/1/2 945/1/2
f 870/1/2 818/1/2 932/1/2 970/1/2
f 818/1/2 819/1/2 946/1/2 932/1/2
f 871/1/2 870/1/2 970/1/2 971/1/2
f 819/1/2 820/1/2 947/1/2 946/1/2
f 872/1/2 871/1/2 971/1/2 972/1/2
f 820/1/2 821/1/2 948/1/2 947/1/2
f 989/1/50 991/1/50 992/1/50 993/1/50 994/1/50 995/1/50 996/1/50 997/1/50 998/1/50 985/1/50 984/1/50 999/1/50 1000/1/50 1001/1/50 1002/1/50 1003/1/50 1004/1/50 1005/1/50 1006/1/50 1007/1/50 1008/1/50 1009/1/50 1010/1/50 1011/1/50 1012/1/50 986/1/50 987/1/50 988/1/50 990/1/50
f 1013/1/50 1014/1/50 988/1/50 987/1/50 986/1/50 1036/1/50 1035/1/50 1034/1/50 1033/1/50 1032/1/50 1031/1/50 1030/1/50 1029/1/50 1028/1/50 1027/1/50 1026/1/50 1025/1/50 1024/1/50 1023/1/50 984/1/50 985/1/50 1022/1/50 1021/1/50 1020/1/50 1019/1/50 1018/1/50 1017/1/50 1016/1/50 1015/1/50
f 961/1/67 935/1/67 988/1/67 1014/1/67
f 935/1/68 937/1/68 990/1/68 988/1/68
f 960/1/69 961/1/69 1014/1/69 1013/1/69
f 937/1/70 936/1/70 989/1/70 990/1/70
f 962/1/71 960/1/71 1013/1/71 1015/1/71
f 936/1/72 938/1/72 991/1/72 989/1/72
f 963/1/73 962/1/73 1015/1/73 1016/1/73
f 938/1/74 939/1/74 992/1/74 991/1/74
f 964/1/75 963/1/75 1016/1/75 1017/1/75
f 939/1/76 940/1/76 993/1/76 992/1/76
f 965/1/77 964/1/77 1017/1/77 1018/1/77
f 940/1/78 941/1/78 994/1/78 993/1/78
f 966/1/98 965/1/98 1018/1/98 1019/1/98
f 941/1/80 942/1/80 995/1/80 994/1/80
f 967/1/75 966/1/75 1019/1/75 1020/1/75
f 942/1/76 943/1/76 996/1/76 995/1/76
f 968/1/81 967/1/81 1020/1/81 1021/1/81
f 943/1/82 944/1/82 997/1/82 996/1/82
f 969/1/83 968/1/83 1021/1/83 1022/1/83
f 944/1/84 945/1/84 998/1/84 997/1/84
f 933/1/85 969/1/85 1022/1/85 985/1/85
f 945/1/86 933/1/86 985/1/86 998/1/86
f 1121/2/103 1128/3/103 1040/4/103 1039/5/103
f 1045/6/104 1086/7/104 1044/8/104 1043/9/104
f 1129/10/105 1136/11/105 1042/12/105 1041/13/105
f 1216/14/106 1125/15/106 1038/16/106 1120/17/106
f 1136/11/107 1140/18/107 1102/19/107 1042/12/107
f 1140/18/108 1144/20/108 1103/21/108 1102/19/108
f 1151/22/109 1155/23/109 1106/24/109 1105/25/109
f 1155/23/110 1159/26/110 1107/27/110 1106/24/110
f 1159/26/111 1162/28/111 1108/29/111 1107/27/111
f 1162/28/112 1166/30/112 1109/31/112 1108/29/112
f 1173/32/113 1177/33/113 1111/34/113 1110/35/113
f 1177/33/114 1181/36/114 1112/37/114 1111/34/114
f 1181/36/115 1184/38/115 1113/39/115 1112/37/115
f 1184/38/116 1188/40/116 1114/41/116 1113/39/116
f 1188/40/117 1192/42/117 1115/43/117 1114/41/117
f 1192/42/118 1196/44/118 1116/45/118 1115/43/118
f 1196/44/112 1200/46/112 1117/47/112 1116/45/112
f 1200/46/119 1204/48/119 1118/49/119 1117/47/119
f 1212/50/120 1216/14/120 1120/17/120 1119/51/120
f 1224/52/121 1228/53/121 1088/54/121 1087/55/121
f 1228/53/122 1232/56/122 1089/57/122 1088/54/122
f 1232/56/123 1236/58/123 1090/59/123 1089/57/123
f 1236/58/123 1240/60/123 1091/61/123 1090/59/123
f 1240/60/124 1244/62/124 1092/63/124 1091/61/124
f 1244/62/125 1248/64/125 1093/65/125 1092/63/125
f 1256/66/123 1260/67/123 1095/68/123 1094/69/123
f 1260/67/126 1264/70/126 1096/71/126 1095/68/126
f 1264/70/127 1268/72/127 1097/73/127 1096/71/127
f 1276/74/128 1280/75/128 1099/76/128 1098/77/128
f 1280/75/129 1284/78/129 1100/79/129 1099/76/129
f 1100/80/130 1106/81/130 1107/82/130 1099/83/130
f 1099/83/131 1107/82/131 1108/84/131 1098/85/131
f 1096/86/132 1110/87/132 1111/88/132 1095/89/132
f 1095/89/133 1111/88/133 1112/90/133 1094/91/133
f 1093/92/134 1114/93/134 1115/94/134 1092/95/134
f 1092/95/133 1115/94/133 1116/96/133 1091/97/133
f 1091/97/135 1116/96/135 1117/98/135 1090/99/135
f 1090/99/50 1117/98/50 1118/100/50 1089/101/50
f 1039/5/136 1040/4/136 1066/102/136 1065/103/136
f 1065/103/137 1066/102/137 1067/104/137 1064/105/137
f 1064/105/1 1067/104/1 1068/106/1 1063/107/1
f 1063/107/138 1068/106/138 1069/108/138 1062/109/138
f 1062/109/139 1069/108/139 1070/110/139 1061/111/139
f 1061/111/140 1070/110/140 1071/112/140 1060/113/140
f 1060/113/1 1071/112/1 1072/114/1 1059/115/1
f 1059/115/141 1072/114/141 1073/116/141 1058/117/141
f 1058/117/142 1073/116/142 1074/118/142 1057/119/142
f 1057/119/143 1074/118/143 1075/120/143 1056/121/143
f 1056/121/138 1075/120/138 1076/122/138 1055/123/138
f 1055/123/144 1076/122/144 1077/124/144 1054/125/144
f 1054/125/145 1077/124/145 1078/126/145 1053/127/145
f 1053/127/146 1078/126/146 1079/128/146 1052/129/146
f 1052/129/137 1079/128/137 1080/130/137 1051/131/137
f 1051/131/147 1080/130/147 1081/132/147 1050/133/147
f 1050/133/148 1081/132/148 1082/134/148 1049/135/148
f 1049/135/1 1082/134/1 1083/136/1 1048/137/1
f 1048/137/149 1083/136/149 1084/138/149 1047/139/149
f 1047/139/150 1084/138/150 1085/140/150 1046/141/150
f 1046/141/146 1085/140/146 1086/7/146 1045/6/146
f 1046/142/151 1045/143/151 1297/144/151 1293/145/151
f 1293/145/152 1297/144/152 1298/146/152 1294/147/152
f 1294/147/5 1298/146/5 1299/148/5 1295/149/5
f 1295/149/153 1299/148/153 1300/150/153 1296/151/153
f 1047/152/154 1046/142/154 1293/145/154 1289/153/154
f 1289/153/155 1293/145/155 1294/147/155 1290/154/155
f 1290/154/156 1294/147/156 1295/149/156 1291/155/156
f 1291/155/5 1295/149/5 1296/151/5 1292/156/5
f 1048/157/157 1047/152/157 1289/153/157 1285/158/157
f 1285/158/158 1289/153/158 1290/154/158 1286/159/158
f 1286/159/159 1290/154/159 1291/155/159 1287/160/159
f 1287/160/160 1291/155/160 1292/156/160 1288/161/160
f 1049/162/161 1048/157/161 1285/158/161 1281/163/161
f 1281/163/5 1285/158/5 1286/159/5 1282/164/5
f 1282/164/162 1286/159/162 1287/160/162 1283/165/162
f 1283/165/162 1287/160/162 1288/161/162 1284/78/162
f 1050/166/163 1049/162/163 1281/163/163 1277/167/163
f 1277/167/164 1281/163/164 1282/164/164 1278/168/164
f 1278/168/165 1282/164/165 1283/165/165 1279/169/165
f 1279/169/166 1283/165/166 1284/78/166 1280/75/166
f 1051/170/167 1050/166/167 1277/167/167 1273/171/167
f 1273/171/168 1277/167/168 1278/168/168 1274/172/168
f 1274/172/5 1278/168/5 1279/169/5 1275/173/5
f 1275/173/5 1279/169/5 1280/75/5 1276/74/5
f 1052/174/169 1051/170/169 1273/171/169 1269/175/169
f 1269/175/153 1273/171/153 1274/172/153 1270/176/153
f 1270/176/170 1274/172/170 1275/173/170 1271/177/170
f 1271/177/153 1275/173/153 1276/74/153 1272/178/153
f 1053/179/171 1052/174/171 1269/175/171 1265/180/171
f 1265/180/172 1269/175/172 1270/176/172 1266/181/172
f 1266/181/162 1270/176/162 1271/177/162 1267/182/162
f 1267/182/172 1271/177/172 1272/178/172 1268/72/172
f 1054/183/173 1053/179/173 1265/180/173 1261/184/173
f 1261/184/174 1265/180/174 1266/181/174 1262/185/174
f 1262/185/175 1266/181/175 1267/182/175 1263/186/175
f 1263/186/164 1267/182/164 1268/72/164 1264/70/164
f 1055/187/176 1054/183/176 1261/184/176 1257/188/176
f 1257/188/177 1261/184/177 1262/185/177 1258/189/177
f 1258/189/5 1262/185/5 1263/186/5 1259/190/5
f 1259/190/156 1263/186/156 1264/70/156 1260/67/156
f 1056/191/178 1055/187/178 1257/188/178 1253/192/178
f 1253/192/156 1257/188/156 1258/189/156 1254/193/156
f 1254/193/172 1258/189/172 1259/190/172 1255/194/172
f 1255/194/5 1259/190/5 1260/67/5 1256/66/5
f 1057/195/153 1056/191/153 1253/192/153 1249/196/153
f 1249/196/152 1253/192/152 1254/193/152 1250/197/152
f 1250/197/164 1254/193/164 1255/194/164 1251/198/164
f 1251/198/164 1255/194/164 1256/66/164 1252/199/164
f 1058/200/179 1057/195/179 1249/196/179 1245/201/179
f 1245/201/180 1249/196/180 1250/197/180 1246/202/180
f 1246/202/5 1250/197/5 1251/198/5 1247/203/5
f 1247/203/181 1251/198/181 1252/199/181 1248/64/181
f 1059/204/182 1058/200/182 1245/201/182 1241/205/182
f 1241/205/5 1245/201/5 1246/202/5 1242/206/5
f 1242/206/183 1246/202/183 1247/203/183 1243/207/183
f 1243/207/184 1247/203/184 1248/64/184 1244/62/184
f 1060/208/171 1059/204/171 1241/205/171 1237/209/171
f 1237/209/172 1241/205/172 1242/206/172 1238/210/172
f 1238/210/170 1242/206/170 1243/207/170 1239/211/170
f 1239/211/172 1243/207/172 1244/62/172 1240/60/172
f 1061/212/185 1060/208/185 1237/209/185 1233/213/185
f 1233/213/152 1237/209/152 1238/210/152 1234/214/152
f 1234/214/152 1238/210/152 1239/211/152 1235/215/152
f 1235/215/153 1239/211/153 1240/60/153 1236/58/153
f 1062/216/186 1061/212/186 1233/213/186 1229/217/186
f 1229/217/162 1233/213/162 1234/214/162 1230/218/162
f 1230/218/156 1234/214/156 1235/215/156 1231/219/156
f 1231/219/172 1235/215/172 1236/58/172 1232/56/172
f 1063/220/187 1062/216/187 1229/217/187 1225/221/187
f 1225/221/188 1229/217/188 1230/218/188 1226/222/188
f 1226/222/152 1230/218/152 1231/219/152 1227/223/152
f 1227/223/164 1231/219/164 1232/56/164 1228/53/164
f 1064/224/189 1063/220/189 1225/221/189 1221/225/189
f 1221/225/5 1225/221/5 1226/222/5 1222/226/5
f 1222/226/5 1226/222/5 1227/223/5 1223/227/5
f 1223/227/190 1227/223/190 1228/53/190 1224/52/190
f 1065/228/151 1064/224/151 1221/225/151 1217/229/151
f 1217/229/5 1221/225/5 1222/226/5 1218/230/5
f 1218/230/5 1222/226/5 1223/227/5 1219/231/5
f 1219/231/5 1223/227/5 1224/52/5 1220/232/5
f 1039/233/191 1065/228/191 1217/229/191 1121/234/191
f 1121/234/192 1217/229/192 1218/230/192 1122/235/192
f 1122/235/193 1218/230/193 1219/231/193 1123/236/193
f 1123/236/194 1219/231/194 1220/232/194 1124/237/194
f 1067/238/2 1066/239/2 1213/240/2 1209/241/2
f 1209/241/2 1213/240/2 1214/242/2 1210/243/2
f 1210/243/195 1214/242/195 1215/244/195 1211/245/195
f 1211/245/2 1215/244/2 1216/14/2 1212/50/2
f 1068/246/196 1067/238/196 1209/241/196 1205/247/196
f 1205/247/197 1209/241/197 1210/243/197 1206/248/197
f 1206/248/198 1210/243/198 1211/245/198 1207/249/198
f 1207/249/2 1211/245/2 1212/50/2 1208/250/2
f 1069/251/199 1068/246/199 1205/247/199 1201/252/199
f 1201/252/115 1205/247/115 1206/248/115 1202/253/115
f 1202/253/195 1206/248/195 1207/249/195 1203/254/195
f 1203/254/2 1207/249/2 1208/250/2 1204/48/2
f 1070/255/200 1069/251/200 1201/252/200 1197/256/200
f 1197/256/198 1201/252/198 1202/253/198 1198/257/198
f 1198/257/201 1202/253/201 1203/254/201 1199/258/201
f 1199/258/198 1203/254/198 1204/48/198 1200/46/198
f 1071/259/202 1070/255/202 1197/256/202 1193/260/202
f 1193/260/203 1197/256/203 1198/257/203 1194/261/203
f 1194/261/115 1198/257/115 1199/258/115 1195/262/115
f 1195/262/195 1199/258/195 1200/46/195 1196/44/195
f 1072/263/204 1071/259/204 1193/260/204 1189/264/204
f 1189/264/203 1193/260/203 1194/261/203 1190/265/203
f 1190/265/197 1194/261/197 1195/262/197 1191/266/197
f 1191/266/2 1195/262/2 1196/44/2 1192/42/2
f 1073/267/205 1072/263/205 1189/264/205 1185/268/205
f 1185/268/206 1189/264/206 1190/265/206 1186/269/206
f 1186/269/207 1190/265/207 1191/266/207 1187/270/207
f 1187/270/208 1191/266/208 1192/42/208 1188/40/208
f 1074/271/209 1073/267/209 1185/268/209 1182/272/209
f 1182/272/210 1185/268/210 1186/269/210 1183/273/210
f 1075/274/211 1074/271/211 1182/272/211 1178/275/211
f 1178/275/109 1182/272/109 1183/273/109 1179/276/109
f 1076/277/199 1075/274/199 1178/275/199 1174/278/199
f 1174/278/2 1178/275/2 1179/276/2 1175/279/2
f 1175/279/197 1179/276/197 1180/280/197 1176/281/197
f 1176/281/198 1180/280/198 1181/36/198 1177/33/198
f 1077/282/212 1076/277/212 1174/278/212 1170/283/212
f 1170/283/213 1174/278/213 1175/279/213 1171/284/213
f 1171/284/2 1175/279/2 1176/281/2 1172/285/2
f 1172/285/2 1176/281/2 1177/33/2 1173/32/2
f 1078/286/214 1077/282/214 1170/283/214 1167/287/214
f 1167/287/2 1170/283/2 1171/284/2 1168/288/2
f 1079/289/200 1078/286/200 1167/287/200 1163/290/200
f 1163/290/2 1167/287/2 1168/288/2 1164/291/2
f 1080/292/198 1079/289/198 1163/290/198 1160/293/198
f 1161/294/203 1165/295/203 1166/30/203 1162/28/203
f 1081/296/215 1080/292/215 1160/293/215 1156/297/215
f 1158/298/216 1161/294/216 1162/28/216 1159/26/216
f 1082/299/217 1081/296/217 1156/297/217 1152/300/217
f 1152/300/201 1156/297/201 1157/301/201 1153/302/201
f 1153/302/201 1157/301/201 1158/298/201 1154/303/201
f 1154/303/201 1158/298/201 1159/26/201 1155/23/201
f 1083/304/211 1082/299/211 1152/300/211 1148/305/211
f 1148/305/115 1152/300/115 1153/302/115 1149/306/115
f 1149/306/207 1153/302/207 1154/303/207 1150/307/207
f 1150/307/195 1154/303/195 1155/23/195 1151/22/195
f 1084/308/218 1083/304/218 1148/305/218 1145/309/218
f 1145/309/219 1148/305/219 1149/306/219 1146/310/219
f 1146/310/2 1149/306/2 1150/307/2 1147/311/2
f 1085/312/209 1084/308/209 1145/309/209 1141/313/209
f 1141/313/220 1145/309/220 1146/310/220 1142/314/220
f 1142/314/2 1146/310/2 1147/311/2 1143/315/2
f 1086/316/221 1085/312/221 1141/313/221 1137/317/221
f 1137/317/2 1141/313/2 1142/314/2 1138/318/2
f 1138/318/201 1142/314/201 1143/315/201 1139/319/201
f 1139/319/197 1143/315/197 1144/20/197 1140/18/197
f 1044/8/222 1086/316/222 1137/317/222 1133/320/222
f 1133/320/223 1137/317/223 1138/318/223 1134/321/223
f 1134/321/224 1138/318/224 1139/319/224 1135/322/224
f 1135/322/225 1139/319/225 1140/18/225 1136/11/225
f 1066/239/2 1040/323/2 1128/324/2 1213/240/2
f 1213/240/226 1128/324/226 1127/325/226 1214/242/226
f 1214/242/227 1127/325/227 1126/326/227 1215/244/227
f 1215/244/228 1126/326/228 1125/15/228 1216/14/228
f 1045/143/229 1043/9/229 1132/327/229 1297/144/229
f 1297/144/162 1132/327/162 1131/328/162 1298/146/162
f 1298/146/230 1131/328/230 1130/329/230 1299/148/230
f 1299/148/231 1130/329/231 1129/10/231 1300/150/231
f 1043/9/232 1044/8/232 1133/320/232 1132/327/232
f 1132/327/233 1133/320/233 1134/321/233 1131/328/233
f 1131/328/234 1134/321/234 1135/322/234 1130/329/234
f 1130/329/235 1135/322/235 1136/11/235 1129/10/235
f 1037/330/236 1038/331/236 1125/332/236 1124/333/236
f 1124/333/237 1125/332/237 1126/334/237 1123/335/237
f 1123/335/238 1126/334/238 1127/336/238 1122/337/238
f 1122/337/239 1127/336/239 1128/3/239 1121/2/239
f 1124/237/252 1220/232/252 1302/339/252 1301/338/252 1037/386/252
f 1087/387/253 1119/388/253 1120/389/253 1304/390/253 1303/391/253
f 1220/232/254 1224/52/254 1087/55/254 1303/340/254 1302/339/254
f 1301/392/255 1304/390/255 1120/389/255 1038/393/255 1037/394/255
f 1305/395/256 1308/396/256 1113/397/256 1114/93/256 1093/92/256
f 1248/64/257 1252/199/257 1306/343/257 1305/342/257 1093/65/257
f 1094/91/258 1112/90/258 1113/397/258 1308/396/258 1307/398/258
f 1252/199/259 1256/66/259 1094/69/259 1307/344/259 1306/343/259
f 1309/399/260 1312/400/260 1109/401/260 1325/362/260 1328/365/260 1097/402/260
f 1268/72/261 1272/178/261 1310/347/261 1309/346/261 1097/73/261
f 1098/85/262 1108/84/262 1109/401/262 1312/400/262 1311/403/262
f 1272/178/123 1276/74/123 1098/77/123 1311/348/123 1310/347/123
f 1313/404/263 1316/405/263 1105/406/263 1106/81/263 1100/80/263
f 1284/78/264 1288/161/264 1314/351/264 1313/350/264 1100/79/264
f 1317/407/265 1320/408/265 1104/409/265 1105/406/265 1316/405/265 1315/410/265
f 1288/161/266 1292/156/266 1318/355/266 1317/354/266 1315/352/266 1314/351/266
f 1101/411/267 1103/412/267 1104/409/267 1320/408/267 1319/413/267
f 1292/156/268 1296/151/268 1101/414/268 1319/356/268 1318/355/268
f 1041/13/269 1042/12/269 1102/415/269 1321/416/269 1324/417/269
f 1296/151/170 1300/150/170 1323/360/170 1322/359/170 1101/414/170
f 1300/150/270 1129/10/270 1041/13/270 1324/361/270 1323/360/270
f 1322/418/271 1321/416/271 1102/415/271 1103/412/271 1101/411/271
f 1166/30/272 1169/419/272 1326/420/272 1325/421/272 1109/31/272
f 1097/402/273 1328/365/273 1327/364/273 1110/87/273 1096/86/273
f 1169/419/274 1173/32/274 1110/35/274 1327/422/274 1326/420/274
f 1089/101/275 1118/100/275 1329/366/275 1332/369/275 1088/423/275
f 1204/48/276 1208/250/276 1330/424/276 1329/425/276 1118/49/276
f 1088/423/277 1332/369/277 1331/368/277 1119/388/277 1087/387/277
f 1208/250/278 1212/50/278 1119/51/278 1331/426/278 1330/424/278
f 1336/373/279 1335/372/279 1151/22/279 1105/25/279 1104/427/279
f 1143/315/2 1147/311/2 1334/371/2 1333/370/2 1144/20/2
f 1144/20/280 1333/370/280 1336/373/280 1104/427/280 1103/21/280
f 1147/311/281 1150/307/281 1151/22/281 1335/372/281 1334/371/281
f 1156/297/282 1160/293/282 1337/374/282 1340/377/282 1157/301/282
f 1160/293/283 1163/290/283 1164/291/283 1338/375/283 1337/374/283
f 1157/301/2 1340/377/2 1339/376/2 1161/294/2 1158/298/2
f 1339/376/2 1338/375/2 1164/291/2 1165/295/2 1161/294/2
f 1164/291/213 1168/288/213 1341/378/213 1344/381/213 1165/295/213
f 1168/288/284 1171/284/284 1172/285/284 1342/379/284 1341/378/284
f 1165/295/285 1344/381/285 1343/380/285 1169/419/285 1166/30/285
f 1343/380/286 1342/379/286 1172/285/286 1173/32/286 1169/419/286
f 1179/276/2 1183/273/2 1345/382/2 1348/385/2 1180/280/2
f 1183/273/2 1186/269/2 1187/270/2 1346/383/2 1345/382/2
f 1180/280/287 1348/385/287 1347/384/287 1184/38/287 1181/36/287
f 1347/384/288 1346/383/288 1187/270/288 1188/40/288 1184/38/288
f 1433/2/289 1440/3/289 1352/4/289 1351/5/289
f 1357/6/290 1398/7/290 1356/8/290 1355/9/290
f 1441/10/291 1448/11/291 1354/12/291 1353/13/291
f 1528/14/292 1437/15/292 1350/16/292 1432/17/292
f 1448/11/293 1452/18/293 1414/19/293 1354/12/293
f 1452/18/264 1456/20/264 1415/21/264 1414/19/264
f 1463/22/170 1467/23/170 1418/24/170 1417/25/170
f 1467/23/294 1471/26/294 1419/27/294 1418/24/294
f 1471/26/295 1474/28/295 1420/29/295 1419/27/295
f 1474/28/296 1478/30/296 1421/31/296 1420/29/296
f 1485/32/297 1489/33/297 1423/34/297 1422/35/297
f 1489/33/298 1493/36/298 1424/37/298 1423/34/298
f 1493/36/152 1496/38/152 1425/39/152 1424/37/152
f 1496/38/299 1500/40/299 1426/41/299 1425/39/299
f 1500/40/300 1504/42/300 1427/43/300 1426/41/300
f 1504/42/301 1508/44/301 1428/45/301 1427/43/301
f 1508/44/296 1512/46/296 1429/47/296 1428/45/296
f 1512/46/123 1516/48/123 1430/49/123 1429/47/123
f 1524/50/302 1528/14/302 1432/17/302 1431/51/302
f 1536/52/303 1540/53/303 1400/54/303 1399/55/303
f 1540/53/304 1544/56/304 1401/57/304 1400/54/304
f 1544/56/119 1548/58/119 1402/59/119 1401/57/119
f 1548/58/119 1552/60/119 1403/61/119 1402/59/119
f 1552/60/305 1556/62/305 1404/63/305 1403/61/305
f 1556/62/306 1560/64/306 1405/65/306 1404/63/306
f 1568/66/119 1572/67/119 1407/68/119 1406/69/119
f 1572/67/120 1576/70/120 1408/71/120 1407/68/120
f 1576/70/118 1580/72/118 1409/73/118 1408/71/118
f 1588/74/307 1592/75/307 1411/76/307 1410/77/307
f 1592/75/308 1596/78/308 1412/79/308 1411/76/308
f 1412/80/309 1418/81/309 1419/82/309 1411/83/309
f 1411/83/310 1419/82/310 1420/84/310 1410/85/310
f 1408/86/311 1422/87/311 1423/88/311 1407/89/311
f 1407/89/312 1423/88/312 1424/90/312 1406/91/312
f 1405/92/313 1426/93/313 1427/94/313 1404/95/313
f 1404/95/312 1427/94/312 1428/96/312 1403/97/312
f 1403/97/314 1428/96/314 1429/98/314 1402/99/314
f 1402/99/50 1429/98/50 1430/100/50 1401/101/50
f 1351/5/315 1352/4/315 1378/102/315 1377/103/315
f 1377/103/143 1378/102/143 1379/104/143 1376/105/143
f 1376/105/1 1379/104/1 1380/106/1 1375/107/1
f 1375/107/316 1380/106/316 1381/108/316 1374/109/316
f 1374/109/317 1381/108/317 1382/110/317 1373/111/317
f 1373/111/318 1382/110/318 1383/112/318 1372/113/318
f 1372/113/1 1383/112/1 1384/114/1 1371/115/1
f 1371/115/319 1384/114/319 1385/116/319 1370/117/319
f 1370/117/320 1385/116/320 1386/118/320 1369/119/320
f 1369/119/137 1386/118/137 1387/120/137 1368/121/137
f 1368/121/316 1387/120/316 1388/122/316 1367/123/316
f 1367/123/321 1388/122/321 1389/124/321 1366/125/321
f 1366/125/322 1389/124/322 1390/126/322 1365/127/322
f 1365/127/323 1390/126/323 1391/128/323 1364/129/323
f 1364/129/143 1391/128/143 1392/130/143 1363/131/143
f 1363/131/324 1392/130/324 1393/132/324 1362/133/324
f 1362/133/325 1393/132/325 1394/134/325 1361/135/325
f 1361/135/1 1394/134/1 1395/136/1 1360/137/1
f 1360/137/326 1395/136/326 1396/138/326 1359/139/326
f 1359/139/327 1396/138/327 1397/140/327 1358/141/327
f 1358/141/323 1397/140/323 1398/7/323 1357/6/323
f 1358/142/328 1357/143/328 1609/144/328 1605/145/328
f 1605/145/329 1609/144/329 1610/146/329 1606/147/329
f 1606/147/2 1610/146/2 1611/148/2 1607/149/2
f 1607/149/203 1611/148/203 1612/150/203 1608/151/203
f 1359/152/330 1358/142/330 1605/145/330 1601/153/330
f 1601/153/331 1605/145/331 1606/147/331 1602/154/331
f 1602/154/332 1606/147/332 1607/149/332 1603/155/332
f 1603/155/2 1607/149/2 1608/151/2 1604/156/2
f 1360/157/333 1359/152/333 1601/153/333 1597/158/333
f 1597/158/334 1601/153/334 1602/154/334 1598/159/334
f 1598/159/335 1602/154/335 1603/155/335 1599/160/335
f 1599/160/219 1603/155/219 1604/156/219 1600/161/219
f 1361/162/211 1360/157/211 1597/158/211 1593/163/211
f 1593/163/2 1597/158/2 1598/159/2 1594/164/2
f 1594/164/197 1598/159/197 1599/160/197 1595/165/197
f 1595/165/197 1599/160/197 1600/161/197 1596/78/197
f 1362/166/336 1361/162/336 1593/163/336 1589/167/336
f 1589/167/337 1593/163/337 1594/164/337 1590/168/337
f 1590/168/338 1594/164/338 1595/165/338 1591/169/338
f 1591/169/339 1595/165/339 1596/78/339 1592/75/339
f 1363/170/340 1362/166/340 1589/167/340 1585/171/340
f 1585/171/341 1589/167/341 1590/168/341 1586/172/341
f 1586/172/2 1590/168/2 1591/169/2 1587/173/2
f 1587/173/2 1591/169/2 1592/75/2 1588/74/2
f 1364/174/204 1363/170/204 1585/171/204 1581/175/204
f 1581/175/203 1585/171/203 1586/172/203 1582/176/203
f 1582/176/109 1586/172/109 1587/173/109 1583/177/109
f 1583/177/203 1587/173/203 1588/74/203 1584/178/203
f 1365/179/342 1364/174/342 1581/175/342 1577/180/342
f 1577/180/343 1581/175/343 1582/176/343 1578/181/343
f 1578/181/197 1582/176/197 1583/177/197 1579/182/197
f 1579/182/343 1583/177/343 1584/178/343 1580/72/343
f 1366/183/344 1365/179/344 1577/180/344 1573/184/344
f 1573/184/213 1577/180/213 1578/181/213 1574/185/213
f 1574/185/345 1578/181/345 1579/182/345 1575/186/345
f 1575/186/337 1579/182/337 1580/72/337 1576/70/337
f 1367/187/346 1366/183/346 1573/184/346 1569/188/346
f 1569/188/347 1573/184/347 1574/185/347 1570/189/347
f 1570/189/2 1574/185/2 1575/186/2 1571/190/2
f 1571/190/332 1575/186/332 1576/70/332 1572/67/332
f 1368/191/348 1367/187/348 1569/188/348 1565/192/348
f 1565/192/332 1569/188/332 1570/189/332 1566/193/332
f 1566/193/343 1570/189/343 1571/190/343 1567/194/343
f 1567/194/2 1571/190/2 1572/67/2 1568/66/2
f 1369/195/203 1368/191/203 1565/192/203 1561/196/203
f 1561/196/329 1565/192/329 1566/193/329 1562/197/329
f 1562/197/337 1566/193/337 1567/194/337 1563/198/337
f 1563/198/337 1567/194/337 1568/66/337 1564/199/337
f 1370/200/349 1369/195/349 1561/196/349 1557/201/349
f 1557/201/350 1561/196/350 1562/197/350 1558/202/350
f 1558/202/2 1562/197/2 1563/198/2 1559/203/2
f 1559/203/351 1563/198/351 1564/199/351 1560/64/351
f 1371/204/352 1370/200/352 1557/201/352 1553/205/352
f 1553/205/2 1557/201/2 1558/202/2 1554/206/2
f 1554/206/353 1558/202/353 1559/203/353 1555/207/353
f 1555/207/206 1559/203/206 1560/64/206 1556/62/206
f 1372/208/342 1371/204/342 1553/205/342 1549/209/342
f 1549/209/343 1553/205/343 1554/206/343 1550/210/343
f 1550/210/109 1554/206/109 1555/207/109 1551/211/109
f 1551/211/343 1555/207/343 1556/62/343 1552/60/343
f 1373/212/354 1372/208/354 1549/209/354 1545/213/354
f 1545/213/329 1549/209/329 1550/210/329 1546/214/329
f 1546/214/329 1550/210/329 1551/211/329 1547/215/329
f 1547/215/203 1551/211/203 1552/60/203 1548/58/203
f 1374/216/355 1373/212/355 1545/213/355 1541/217/355
f 1541/217/197 1545/213/197 1546/214/197 1542/218/197
f 1542/218/332 1546/214/332 1547/215/332 1543/219/332
f 1543/219/343 1547/215/343 1548/58/343 1544/56/343
f 1375/220/356 1374/216/356 1541/217/356 1537/221/356
f 1537/221/195 1541/217/195 1542/218/195 1538/222/195
f 1538/222/329 1542/218/329 1543/219/329 1539/223/329
f 1539/223/337 1543/219/337 1544/56/337 1540/53/337
f 1376/224/357 1375/220/357 1537/221/357 1533/225/357
f 1533/225/2 1537/221/2 1538/222/2 1534/226/2
f 1534/226/2 1538/222/2 1539/223/2 1535/227/2
f 1535/227/358 1539/223/358 1540/53/358 1536/52/358
f 1377/228/328 1376/224/328 1533/225/328 1529/229/328
f 1529/229/2 1533/225/2 1534/226/2 1530/230/2
f 1530/230/2 1534/226/2 1535/227/2 1531/231/2
f 1531/231/2 1535/227/2 1536/52/2 1532/232/2
f 1351/233/359 1377/228/359 1529/229/359 1433/234/359
f 1433/234/360 1529/229/360 1530/230/360 1434/235/360
f 1434/235/225 1530/230/225 1531/231/225 1435/236/225
f 1435/236/361 1531/231/361 1532/232/361 1436/237/361
f 1379/238/5 1378/239/5 1525/240/5 1521/241/5
f 1521/241/5 1525/240/5 1526/242/5 1522/243/5
f 1522/243/194 1526/242/194 1527/244/194 1523/245/194
f 1523/245/5 1527/244/5 1528/14/5 1524/50/5
f 1380/246/362 1379/238/362 1521/241/362 1517/247/362
f 1517/247/363 1521/241/363 1522/243/363 1518/248/363
f 1518/248/172 1522/243/172 1523/245/172 1519/249/172
f 1519/249/5 1523/245/5 1524/50/5 1520/250/5
f 1381/251/364 1380/246/364 1517/247/364 1513/252/364
f 1513/252/152 1517/247/152 1518/248/152 1514/253/152
f 1514/253/194 1518/248/194 1519/249/194 1515/254/194
f 1515/254/5 1519/249/5 1520/250/5 1516/48/5
f 1382/255/191 1381/251/191 1513/252/191 1509/256/191
f 1509/256/172 1513/252/172 1514/253/172 1510/257/172
f 1510/257/365 1514/253/365 1515/254/365 1511/258/365
f 1511/258/172 1515/254/172 1516/48/172 1512/46/172
f 1383/259/366 1382/255/366 1509/256/366 1505/260/366
f 1505/260/153 1509/256/153 1510/257/153 1506/261/153
f 1506/261/152 1510/257/152 1511/258/152 1507/262/152
f 1507/262/194 1511/258/194 1512/46/194 1508/44/194
f 1384/263/169 1383/259/169 1505/260/169 1501/264/169
f 1501/264/153 1505/260/153 1506/261/153 1502/265/153
f 1502/265/363 1506/261/363 1507/262/363 1503/266/363
f 1503/266/5 1507/262/5 1508/44/5 1504/42/5
f 1385/267/367 1384/263/367 1501/264/367 1497/268/367
f 1497/268/368 1501/264/368 1502/265/368 1498/269/368
f 1498/269/369 1502/265/369 1503/266/369 1499/270/369
f 1499/270/370 1503/266/370 1504/42/370 1500/40/370
f 1386/271/371 1385/267/371 1497/268/371 1494/272/371
f 1494/272/372 1497/268/372 1498/269/372 1495/273/372
f 1387/274/161 1386/271/161 1494/272/161 1490/275/161
f 1490/275/170 1494/272/170 1495/273/170 1491/276/170
f 1388/277/364 1387/274/364 1490/275/364 1486/278/364
f 1486/278/5 1490/275/5 1491/276/5 1487/279/5
f 1487/279/363 1491/276/363 1492/280/363 1488/281/363
f 1488/281/172 1492/280/172 1493/36/172 1489/33/172
f 1389/282/373 1388/277/373 1486/278/373 1482/283/373
f 1482/283/374 1486/278/374 1487/279/374 1483/284/374
f 1483/284/5 1487/279/5 1488/281/5 1484/285/5
f 1484/285/5 1488/281/5 1489/33/5 1485/32/5
f 1390/286/375 1389/282/375 1482/283/375 1479/287/375
f 1479/287/5 1482/283/5 1483/284/5 1480/288/5
f 1391/289/191 1390/286/191 1479/287/191 1475/290/191
f 1475/290/5 1479/287/5 1480/288/5 1476/291/5
f 1392/292/172 1391/289/172 1475/290/172 1472/293/172
f 1473/294/153 1477/295/153 1478/30/153 1474/28/153
f 1393/296/376 1392/292/376 1472/293/376 1468/297/376
f 1470/298/377 1473/294/377 1474/28/377 1471/26/377
f 1394/299/378 1393/296/378 1468/297/378 1464/300/378
f 1464/300/365 1468/297/365 1469/301/365 1465/302/365
f 1465/302/365 1469/301/365 1470/298/365 1466/303/365
f 1466/303/365 1470/298/365 1471/26/365 1467/23/365
f 1395/304/161 1394/299/161 1464/300/161 1460/305/161
f 1460/305/152 1464/300/152 1465/302/152 1461/306/152
f 1461/306/369 1465/302/369 1466/303/369 1462/307/369
f 1462/307/194 1466/303/194 1467/23/194 1463/22/194
f 1396/308/379 1395/304/379 1460/305/379 1457/309/379
f 1457/309/380 1460/305/380 1461/306/380 1458/310/380
f 1458/310/5 1461/306/5 1462/307/5 1459/311/5
f 1397/312/381 1396/308/381 1457/309/381 1453/313/381
f 1453/313/382 1457/309/382 1458/310/382 1454/314/382
f 1454/314/5 1458/310/5 1459/311/5 1455/315/5
f 1398/316/383 1397/312/383 1453/313/383 1449/317/383
f 1449/317/5 1453/313/5 1454/314/5 1450/318/5
f 1450/318/365 1454/314/365 1455/315/365 1451/319/365
f 1451/319/363 1455/315/363 1456/20/363 1452/18/363
f 1356/8/384 1398/316/384 1449/317/384 1445/320/384
f 1445/320/192 1449/317/192 1450/318/192 1446/321/192
f 1446/321/385 1450/318/385 1451/319/385 1447/322/385
f 1447/322/386 1451/319/386 1452/18/386 1448/11/386
f 1378/239/5 1352/323/5 1440/324/5 1525/240/5
f 1525/240/387 1440/324/387 1439/325/387 1526/242/387
f 1526/242/388 1439/325/388 1438/326/388 1527/244/388
f 1527/244/389 1438/326/389 1437/15/389 1528/14/389
f 1357/143/390 1355/9/390 1444/327/390 1609/144/390
f 1609/144/197 1444/327/197 1443/328/197 1610/146/197
f 1610/146/391 1443/328/391 1442/329/391 1611/148/391
f 1611/148/392 1442/329/392 1441/10/392 1612/150/392
f 1355/9/393 1356/8/393 1445/320/393 1444/327/393
f 1444/327/394 1445/320/394 1446/321/394 1443/328/394
f 1443/328/395 1446/321/395 1447/322/395 1442/329/395
f 1442/329/396 1447/322/396 1448/11/396 1441/10/396
f 1349/330/397 1350/331/397 1437/332/397 1436/333/397
f 1436/333/398 1437/332/398 1438/334/398 1435/335/398
f 1435/335/399 1438/334/399 1439/336/399 1434/337/399
f 1434/337/400 1439/336/400 1440/3/400 1433/2/400
f 1436/237/413 1532/232/413 1614/339/413 1613/338/413 1349/386/413
f 1399/387/414 1431/388/414 1432/389/414 1616/390/414 1615/391/414
f 1532/232/415 1536/52/415 1399/55/415 1615/340/415 1614/339/415
f 1613/392/416 1616/390/416 1432/389/416 1350/393/416 1349/394/416
f 1617/395/417 1620/396/417 1425/397/417 1426/93/417 1405/92/417
f 1560/64/418 1564/199/418 1618/343/418 1617/342/418 1405/65/418
f 1406/91/419 1424/90/419 1425/397/419 1620/396/419 1619/398/419
f 1564/199/420 1568/66/420 1406/69/420 1619/344/420 1618/343/420
f 1621/399/421 1624/400/421 1421/401/421 1637/362/421 1640/365/421 1409/402/421
f 1580/72/422 1584/178/422 1622/347/422 1621/346/422 1409/73/422
f 1410/85/423 1420/84/423 1421/401/423 1624/400/423 1623/403/423
f 1584/178/119 1588/74/119 1410/77/119 1623/348/119 1622/347/119
f 1625/404/271 1628/405/271 1417/406/271 1418/81/271 1412/80/271
f 1596/78/108 1600/161/108 1626/351/108 1625/350/108 1412/79/108
f 1629/407/424 1632/408/424 1416/409/424 1417/406/424 1628/405/424 1627/410/424
f 1600/161/425 1604/156/425 1630/355/425 1629/354/425 1627/352/425 1626/351/425
f 1413/411/426 1415/412/426 1416/409/426 1632/408/426 1631/413/426
f 1604/156/427 1608/151/427 1413/414/427 1631/356/427 1630/355/427
f 1353/13/428 1354/12/428 1414/415/428 1633/416/428 1636/417/428
f 1608/151/109 1612/150/109 1635/360/109 1634/359/109 1413/414/109
f 1612/150/429 1441/10/429 1353/13/429 1636/361/429 1635/360/429
f 1634/418/263 1633/416/263 1414/415/263 1415/412/263 1413/411/263
f 1478/30/430 1481/419/430 1638/420/430 1637/421/430 1421/31/430
f 1409/402/431 1640/365/431 1639/364/431 1422/87/431 1408/86/431
f 1481/419/432 1485/32/432 1422/35/432 1639/422/432 1638/420/432
f 1401/101/433 1430/100/433 1641/366/433 1644/369/433 1400/423/433
f 1516/48/434 1520/250/434 1642/424/434 1641/425/434 1430/49/434
f 1400/423/435 1644/369/435 1643/368/435 1431/388/435 1399/387/435
f 1520/250/259 1524/50/259 1431/51/259 1643/426/259 1642/424/259
f 1648/373/436 1647/372/436 1463/22/436 1417/25/436 1416/427/436
f 1455/315/5 1459/311/5 1646/371/5 1645/370/5 1456/20/5
f 1456/20/437 1645/370/437 1648/373/437 1416/427/437 1415/21/437
f 1459/311/438 1462/307/438 1463/22/438 1647/372/438 1646/371/438
f 1468/297/439 1472/293/439 1649/374/439 1652/377/439 1469/301/439
f 1472/293/440 1475/290/440 1476/291/440 1650/375/440 1649/374/440
f 1469/301/5 1652/377/5 1651/376/5 1473/294/5 1470/298/5
f 1651/376/5 1650/375/5 1476/291/5 1477/295/5 1473/294/5
f 1476/291/374 1480/288/374 1653/378/374 1656/381/374 1477/295/374
f 1480/288/441 1483/284/441 1484/285/441 1654/379/441 1653/378/441
f 1477/295/442 1656/381/442 1655/380/442 1481/419/442 1478/30/442
f 1655/380/443 1654/379/443 1484/285/443 1485/32/443 1481/419/443
f 1491/276/5 1495/273/5 1657/382/5 1660/385/5 1492/280/5
f 1495/273/5 1498/269/5 1499/270/5 1658/383/5 1657/382/5
f 1492/280/177 1660/385/177 1659/384/177 1496/38/177 1493/36/177
f 1659/384/155 1658/383/155 1499/270/155 1500/40/155 1496/38/155
f 1666/428/5 1701/429/5 1668/233/5 1669/9/5
f 1732/430/5 1666/428/5 1669/9/5 1724/431/5
f 1744/432/2 1689/433/2 1712/433/2 1750/432/2
f 1687/434/103 1678/435/103 1698/435/103 1700/434/103
f 1701/429/1 1666/428/1 1672/428/1 1703/429/1
f 1751/436/103 1755/437/103 1677/4/103 1680/5/103
f 1763/438/5 1690/439/5 1681/386/5 1752/440/5
f 1706/428/5 1676/429/5 1680/233/5 1682/9/5
f 1690/439/5 1705/441/5 1683/13/5 1681/386/5
f 1769/438/5 1770/442/5 1707/441/5 1692/439/5
f 1761/443/103 1676/429/103 1684/429/103 1767/443/103
f 1676/429/1 1706/428/1 1708/428/1 1684/429/1
f 1661/444/50 1664/435/50 1688/441/50 1702/439/50
f 1671/445/50 1661/444/50 1702/439/50 1704/439/50
f 1674/444/50 1678/435/50 1705/441/50 1690/439/50
f 1687/434/50 1685/445/50 1692/439/50 1707/441/50
f 1678/435/50 1687/434/50 1707/441/50 1705/441/50
f 1685/445/50 1674/444/50 1690/439/50 1692/439/50
f 1678/435/5 1674/444/5 1697/444/5 1698/435/5
f 1664/435/5 1661/444/5 1694/444/5 1695/435/5
f 1674/444/289 1685/445/289 1699/445/289 1697/444/289
f 1685/445/2 1687/434/2 1700/434/2 1699/445/2
f 1661/444/289 1671/445/289 1696/445/289 1694/444/289
f 1775/446/289 1679/447/289 1706/428/289 1766/448/289
f 1776/449/289 1693/450/289 1707/441/289 1770/442/289
f 1693/450/289 1691/451/289 1705/441/289 1707/441/289
f 1679/447/289 1686/452/289 1708/428/289 1706/428/289
f 1691/451/1 1693/450/1 1715/450/1 1713/451/1
f 1773/457/5 1691/451/5 1713/451/5 1779/457/5
f 1739/453/5 1663/454/5 1709/454/5 1745/453/5
f 1686/452/50 1679/447/50 1714/447/50 1716/452/50
f 1778/459/2 1686/452/2 1716/452/2 1784/460/2
f 1741/432/5 1740/461/5 1746/461/5 1747/432/5
f 1740/461/5 1739/453/5 1745/453/5 1746/461/5
f 1689/433/103 1744/432/103 1735/438/103 1704/439/103
f 1744/432/103 1743/461/103 1734/461/103 1735/438/103
f 1743/461/103 1742/456/103 1733/443/103 1734/461/103
f 1663/454/103 1739/453/103 1727/443/103 1701/429/103
f 1739/453/103 1740/461/103 1728/461/103 1727/443/103
f 1740/461/103 1741/432/103 1729/438/103 1728/461/103
f 1742/456/2 1743/461/2 1749/463/2 1748/456/2
f 1743/461/2 1744/432/2 1750/432/2 1749/463/2
f 1703/429/5 1672/428/5 1738/464/5 1733/443/5
f 1733/443/5 1738/464/5 1737/465/5 1734/461/5
f 1734/461/5 1737/465/5 1736/466/5 1735/438/5
f 1688/441/5 1730/467/5 1722/468/5 1670/13/5
f 1730/467/5 1731/469/5 1723/470/5 1722/468/5
f 1731/469/5 1732/430/5 1724/431/5 1723/470/5
f 1701/429/5 1727/443/5 1717/471/5 1668/233/5
f 1727/443/5 1728/461/5 1718/472/5 1717/471/5
f 1728/461/5 1729/438/5 1719/440/5 1718/472/5
f 1666/428/289 1732/430/289 1738/464/289 1672/428/289
f 1732/430/289 1731/469/289 1737/465/289 1738/464/289
f 1731/469/289 1730/467/289 1736/466/289 1737/465/289
f 1669/9/289 1667/8/289 1725/473/289 1724/431/289
f 1724/431/289 1725/473/289 1726/474/289 1723/470/289
f 1693/450/2 1776/449/2 1782/458/2 1715/450/2
f 1776/449/2 1777/469/2 1783/475/2 1782/458/2
f 1777/469/2 1778/459/2 1784/460/2 1783/475/2
f 1679/447/5 1775/446/5 1781/446/5 1714/447/5
f 1775/446/5 1774/476/5 1780/476/5 1781/446/5
f 1774/476/5 1773/457/5 1779/457/5 1780/476/5
f 1686/452/289 1778/459/289 1772/464/289 1708/428/289
f 1778/459/289 1777/469/289 1771/476/289 1772/464/289
f 1777/469/289 1776/449/289 1770/442/289 1771/476/289
f 1691/451/289 1773/457/289 1764/477/289 1705/441/289
f 1773/457/289 1774/476/289 1765/465/289 1764/477/289
f 1774/476/289 1775/446/289 1766/448/289 1765/465/289
f 1690/439/103 1763/438/103 1769/438/103 1692/439/103
f 1763/438/103 1762/461/103 1768/461/103 1769/438/103
f 1762/461/103 1761/443/103 1767/443/103 1768/461/103
f 1684/429/5 1708/428/5 1772/464/5 1767/443/5
f 1767/443/5 1772/464/5 1771/476/5 1768/461/5
f 1768/461/5 1771/476/5 1770/442/5 1769/438/5
f 1705/441/5 1764/477/5 1756/468/5 1683/13/5
f 1764/477/5 1765/465/5 1757/470/5 1756/468/5
f 1676/429/5 1761/443/5 1751/471/5 1680/233/5
f 1758/473/2 1755/478/2 1754/479/2 1759/474/2
f 1759/474/2 1754/479/2 1753/480/2 1760/481/2
f 1757/470/289 1759/474/289 1760/481/289 1756/468/289
f 1681/330/103 1675/331/103 1753/482/103 1752/483/103
f 1667/8/2 1785/511/2 1787/512/2 1721/478/2 1725/473/2
f 1717/436/103 1721/437/103 1787/486/103 1786/485/103 1668/5/103
f 1668/5/1 1786/485/1 1785/484/1 1667/8/1 1669/9/1
f 1791/513/103 1790/514/103 1662/331/103 1720/482/103 1719/483/103
f 1670/13/50 1665/12/50 1662/393/50 1790/515/50 1789/516/50
f 1702/439/5 1688/441/5 1670/13/5 1789/488/5 1788/487/5
f 1729/438/5 1702/439/5 1788/487/5 1791/489/5 1719/440/5
f 1760/481/2 1753/480/2 1675/16/2 1792/490/2 1794/492/2
f 1756/468/289 1760/481/289 1794/492/289 1793/491/289 1683/13/289
f 1683/13/50 1793/491/50 1792/490/50 1675/393/50 1681/394/50
f 1795/493/2 1797/495/2 1677/323/2 1755/478/2 1758/473/2
f 1680/5/1 1677/4/1 1797/495/1 1796/494/1 1682/9/1
f 1682/9/289 1796/494/289 1795/493/289 1758/473/289 1810/507/289 1813/510/289
f 1719/483/103 1720/482/103 1798/496/103 1801/499/103 1718/517/103
f 1726/474/2 1799/518/2 1798/519/2 1720/480/2 1804/502/2 1803/501/2
f 1718/517/103 1801/499/103 1800/498/103 1721/437/103 1717/436/103
f 1725/473/2 1721/478/2 1800/520/2 1799/518/2 1726/474/2
f 1805/503/2 1804/502/2 1720/480/2 1662/16/2 1665/12/2
f 1723/470/289 1726/474/289 1803/501/289 1802/500/289 1722/468/289
f 1722/468/289 1802/500/289 1805/503/289 1665/12/289 1670/13/289
f 1806/521/103 1809/522/103 1754/497/103 1755/437/103 1751/436/103
f 1761/443/5 1762/461/5 1807/505/5 1806/504/5 1751/471/5
f 1752/483/103 1753/482/103 1754/497/103 1809/522/103 1808/523/103
f 1762/461/5 1763/438/5 1752/440/5 1808/506/5 1807/505/5
f 1765/465/5 1766/448/5 1812/509/5 1811/508/5 1757/470/5
f 1766/448/5 1706/428/5 1682/9/5 1813/510/5 1812/509/5
f 1811/508/289 1810/507/289 1758/473/289 1759/474/289 1757/470/289
f 1663/454/50 1814/524/50 1817/524/50 1711/455/50 1709/454/50
f 1817/524/2 1816/526/2 1742/456/2 1748/456/2 1711/455/2
f 1815/525/103 1814/524/103 1663/454/103 1701/429/103 1703/429/103
f 1742/456/103 1816/526/103 1815/525/103 1703/429/103 1733/443/103
f 1818/527/5 1821/529/5 1741/432/5 1747/432/5 1710/462/5
f 1820/528/103 1819/527/103 1689/433/103 1704/439/103 1702/439/103
f 1741/432/103 1821/529/103 1820/528/103 1702/439/103 1729/438/103
f 1689/433/1 1819/527/1 1818/527/1 1710/462/1 1712/433/1
f 1673/434/50 1671/445/50 1704/439/50 1825/532/50 1824/531/50
f 1730/467/289 1688/441/289 1823/441/289 1822/530/289 1736/466/289
f 1735/438/5 1736/466/5 1822/530/5 1825/532/5 1704/439/5
f 1664/435/50 1673/434/50 1824/531/50 1823/441/50 1688/441/50
f 1673/434/103 1664/435/103 1695/435/103 1827/533/103 1826/434/103
f 1671/445/2 1673/434/2 1826/434/2 1828/534/2 1696/445/2
f 1829/330/103 1830/331/103 1832/4/103 1831/5/103
f 1831/5/1 1832/4/1 1836/8/1 1835/9/1
f 1835/9/289 1836/8/289 1834/12/289 1833/13/289
f 1833/13/50 1834/12/50 1830/393/50 1829/394/50
f 1831/233/5 1835/9/5 1833/13/5 1829/386/5
f 1836/8/2 1832/323/2 1830/16/2 1834/12/2
f 1837/330/103 1838/331/103 1840/4/103 1839/5/103
f 1845/535/1 1856/536/1 1844/8/1 1843/9/1
f 1843/9/289 1844/8/289 1842/12/289 1841/13/289
f 1851/537/2 1840/323/2 1838/16/2 1865/538/2
f 1844/8/2 1856/539/2 1860/540/2 1842/12/2
f 1856/539/2 1855/541/2 1861/542/2 1860/540/2
f 1855/541/2 1854/543/2 1862/544/2 1861/542/2
f 1854/543/2 1853/545/2 1863/546/2 1862/544/2
f 1853/545/2 1852/547/2 1864/548/2 1863/546/2
f 1852/547/2 1851/537/2 1865/538/2 1864/548/2
f 1849/549/5 1848/550/5 1858/551/5 1857/552/5
f 1848/550/5 1847/553/5 1859/554/5 1858/551/5
f 1859/555/50 1862/556/50 1863/557/50 1858/558/50
f 1858/558/50 1863/557/50 1864/559/50 1857/560/50
f 1839/5/1 1840/4/1 1851/561/1 1850/562/1
f 1850/562/1 1851/561/1 1852/563/1 1849/564/1
f 1849/564/1 1852/563/1 1853/565/1 1848/566/1
f 1848/566/1 1853/565/1 1854/567/1 1847/568/1
f 1847/568/1 1854/567/1 1855/569/1 1846/570/1
f 1846/570/1 1855/569/1 1856/536/1 1845/535/1
f 1839/233/5 1850/583/5 1867/572/5 1866/571/5 1837/386/5
f 1857/560/50 1864/559/50 1865/584/50 1869/585/50 1868/586/50
f 1850/583/5 1849/549/5 1857/552/5 1868/573/5 1867/572/5
f 1866/587/50 1869/585/50 1865/584/50 1838/393/50 1837/394/50
f 1870/588/50 1873/589/50 1861/590/50 1862/556/50 1859/555/50
f 1847/553/5 1846/591/5 1871/576/5 1870/575/5 1859/554/5
f 1875/592/50 1874/593/50 1860/594/50 1861/590/50 1873/589/50 1872/595/50
f 1846/591/5 1845/596/5 1876/581/5 1875/580/5 1872/577/5 1871/576/5
f 1841/13/50 1842/12/50 1860/594/50 1874/593/50 1877/597/50
f 1845/596/5 1843/9/5 1841/13/5 1877/582/5 1876/581/5
usemtl Gotik_Symbol
f 30/1/50 31/1/50 108/1/50 107/1/50
f 32/1/50 30/1/50 107/1/50 109/1/50
f 33/1/50 32/1/50 109/1/50 110/1/50
f 34/1/50 33/1/50 110/1/50 111/1/50
f 35/1/50 34/1/50 111/1/50 112/1/50
f 36/1/50 35/1/50 112/1/50 113/1/50
f 37/1/50 36/1/50 113/1/50 114/1/50
f 38/1/50 37/1/50 114/1/50 115/1/50
f 39/1/50 38/1/50 115/1/50 116/1/50
f 40/1/50 39/1/50 116/1/50
f 31/1/50 58/1/50 108/1/50
f 84/1/50 83/1/50 131/1/50 132/1/50
f 83/1/50 85/1/50 133/1/50 131/1/50
f 85/1/50 86/1/50 134/1/50 133/1/50
f 86/1/50 87/1/50 135/1/50 134/1/50
f 87/1/50 88/1/50 136/1/50 135/1/50
f 88/1/50 89/1/50 137/1/50 136/1/50
f 89/1/50 90/1/50 138/1/50 137/1/50
f 90/1/50 91/1/50 139/1/50 138/1/50
f 91/1/50 92/1/50 140/1/50 139/1/50
f 92/1/50 40/1/50 140/1/50
f 58/1/50 84/1/50 132/1/50
f 289/1/50 290/1/50 367/1/50 366/1/50
f 291/1/50 289/1/50 366/1/50 368/1/50
f 292/1/50 291/1/50 368/1/50 369/1/50
f 293/1/50 292/1/50 369/1/50 370/1/50
f 294/1/50 293/1/50 370/1/50 371/1/50
f 295/1/50 294/1/50 371/1/50 372/1/50
f 296/1/50 295/1/50 372/1/50 373/1/50
f 297/1/50 296/1/50 373/1/50 374/1/50
f 298/1/50 297/1/50 374/1/50 375/1/50
f 299/1/50 298/1/50 375/1/50
f 290/1/50 317/1/50 367/1/50
f 343/1/50 342/1/50 390/1/50 391/1/50
f 342/1/50 344/1/50 392/1/50 390/1/50
f 344/1/50 345/1/50 393/1/50 392/1/50
f 345/1/50 346/1/50 394/1/50 393/1/50
f 346/1/50 347/1/50 395/1/50 394/1/50
f 347/1/50 348/1/50 396/1/50 395/1/50
f 348/1/50 349/1/50 397/1/50 396/1/50
f 349/1/50 350/1/50 398/1/50 397/1/50
f 350/1/50 351/1/50 399/1/50 398/1/50
f 351/1/50 299/1/50 399/1/50
f 317/1/50 343/1/50 391/1/50
f 548/1/50 549/1/50 626/1/50 625/1/50
f 550/1/50 548/1/50 625/1/50 627/1/50
f 551/1/50 550/1/50 627/1/50 628/1/50
f 552/1/50 551/1/50 628/1/50 629/1/50
f 553/1/50 552/1/50 629/1/50 630/1/50
f 554/1/50 553/1/50 630/1/50 631/1/50
f 555/1/50 554/1/50 631/1/50 632/1/50
f 556/1/50 555/1/50 632/1/50 633/1/50
f 557/1/50 556/1/50 633/1/50 634/1/50
f 558/1/50 557/1/50 634/1/50
f 549/1/50 576/1/50 626/1/50
f 602/1/50 601/1/50 649/1/50 650/1/50
f 601/1/50 603/1/50 651/1/50 649/1/50
f 603/1/50 604/1/50 652/1/50 651/1/50
f 604/1/50 605/1/50 653/1/50 652/1/50
f 605/1/50 606/1/50 654/1/50 653/1/50
f 606/1/50 607/1/50 655/1/50 654/1/50
f 607/1/50 608/1/50 656/1/50 655/1/50
f 608/1/50 609/1/50 657/1/50 656/1/50
f 609/1/50 610/1/50 658/1/50 657/1/50
f 610/1/50 558/1/50 658/1/50
f 576/1/50 602/1/50 650/1/50
f 807/1/50 808/1/50 885/1/50 884/1/50
f 809/1/50 807/1/50 884/1/50 886/1/50
f 810/1/50 809/1/50 886/1/50 887/1/50
f 811/1/50 810/1/50 887/1/50 888/1/50
f 812/1/50 811/1/50 888/1/50 889/1/50
f 813/1/50 812/1/50 889/1/50 890/1/50
f 814/1/50 813/1/50 890/1/50 891/1/50
f 815/1/50 814/1/50 891/1/50 892/1/50
f 816/1/50 815/1/50 892/1/50 893/1/50
f 817/1/50 816/1/50 893/1/50
f 808/1/50 835/1/50 885/1/50
f 861/1/50 860/1/50 908/1/50 909/1/50
f 860/1/50 862/1/50 910/1/50 908/1/50
f 862/1/50 863/1/50 911/1/50 910/1/50
f 863/1/50 864/1/50 912/1/50 911/1/50
f 864/1/50 865/1/50 913/1/50 912/1/50
f 865/1/50 866/1/50 914/1/50 913/1/50
f 866/1/50 867/1/50 915/1/50 914/1/50
f 867/1/50 868/1/50 916/1/50 915/1/50
f 868/1/50 869/1/50 917/1/50 916/1/50
f 869/1/50 817/1/50 917/1/50
f 835/1/50 861/1/50 909/1/50
usemtl Helles_Holz
f 3/1/3 2/1/3 130/1/3 129/1/3
f 16/1/4 15/1/4 117/1/4 41/1/4
f 2/1/5 1/1/5 56/1/5 130/1/5
f 15/1/6 14/1/6 118/1/6 117/1/6
f 14/1/8 13/1/8 119/1/8 118/1/8
f 13/1/11 12/1/11 120/1/11 119/1/11
f 12/1/14 11/1/14 121/1/14 120/1/14
f 11/1/3 10/1/3 122/1/3 121/1/3
f 10/1/17 9/1/17 123/1/17 122/1/17
f 9/1/19 8/1/19 124/1/19 123/1/19
f 8/1/21 7/1/21 125/1/21 124/1/21
f 7/1/3 6/1/3 126/1/3 125/1/3
f 6/1/23 5/1/23 127/1/23 126/1/23
f 5/1/25 4/1/25 128/1/25 127/1/25
f 4/1/27 3/1/27 129/1/27 128/1/27
f 60/1/28 153/1/28 154/1/28 59/1/28
f 16/1/29 41/1/29 141/1/29 72/1/29
f 59/1/5 154/1/5 56/1/5 1/1/5
f 72/1/30 141/1/30 142/1/30 71/1/30
f 71/1/31 142/1/31 143/1/31 70/1/31
f 70/1/33 143/1/33 144/1/33 69/1/33
f 69/1/36 144/1/36 145/1/36 68/1/36
f 68/1/28 145/1/28 146/1/28 67/1/28
f 67/1/39 146/1/39 147/1/39 66/1/39
f 66/1/41 147/1/41 148/1/41 65/1/41
f 65/1/43 148/1/43 149/1/43 64/1/43
f 64/1/28 149/1/28 150/1/28 63/1/28
f 63/1/45 150/1/45 151/1/45 62/1/45
f 62/1/47 151/1/47 152/1/47 61/1/47
f 61/1/49 152/1/49 153/1/49 60/1/49
f 173/1/51 174/1/51 227/1/51 226/1/51
f 198/1/52 197/1/52 250/1/52 251/1/52
f 199/1/53 198/1/53 251/1/53 252/1/53
f 174/1/54 175/1/54 228/1/54 227/1/54
f 200/1/55 199/1/55 252/1/55 253/1/55
f 175/1/56 176/1/56 229/1/56 228/1/56
f 201/1/57 200/1/57 253/1/57 254/1/57
f 176/1/58 177/1/58 230/1/58 229/1/58
f 202/1/52 201/1/52 254/1/52 255/1/52
f 177/1/51 178/1/51 231/1/51 230/1/51
f 203/1/59 202/1/59 255/1/59 256/1/59
f 178/1/60 179/1/60 232/1/60 231/1/60
f 204/1/61 203/1/61 256/1/61 257/1/61
f 179/1/62 180/1/62 233/1/62 232/1/62
f 205/1/63 204/1/63 257/1/63 258/1/63
f 180/1/64 181/1/64 234/1/64 233/1/64
f 206/1/52 205/1/52 258/1/52 259/1/52
f 181/1/51 182/1/51 235/1/51 234/1/51
f 157/1/65 206/1/65 259/1/65 209/1/65
f 182/1/66 157/1/66 209/1/66 235/1/66
f 193/1/87 155/1/87 207/1/87 246/1/87
f 155/1/88 169/1/88 222/1/88 207/1/88
f 194/1/89 193/1/89 246/1/89 247/1/89
f 169/1/90 170/1/90 223/1/90 222/1/90
f 195/1/91 194/1/91 247/1/91 248/1/91
f 170/1/92 171/1/92 224/1/92 223/1/92
f 196/1/93 195/1/93 248/1/93 249/1/93
f 171/1/94 172/1/94 225/1/94 224/1/94
f 197/1/95 196/1/95 249/1/95 250/1/95
f 172/1/96 173/1/96 226/1/96 225/1/96
f 262/1/3 261/1/3 389/1/3 388/1/3
f 275/1/97 274/1/97 376/1/97 300/1/97
f 261/1/5 260/1/5 315/1/5 389/1/5
f 274/1/6 273/1/6 377/1/6 376/1/6
f 273/1/8 272/1/8 378/1/8 377/1/8
f 272/1/11 271/1/11 379/1/11 378/1/11
f 271/1/14 270/1/14 380/1/14 379/1/14
f 270/1/3 269/1/3 381/1/3 380/1/3
f 269/1/17 268/1/17 382/1/17 381/1/17
f 268/1/19 267/1/19 383/1/19 382/1/19
f 267/1/21 266/1/21 384/1/21 383/1/21
f 266/1/3 265/1/3 385/1/3 384/1/3
f 265/1/23 264/1/23 386/1/23 385/1/23
f 264/1/25 263/1/25 387/1/25 386/1/25
f 263/1/27 262/1/27 388/1/27 387/1/27
f 319/1/28 412/1/28 413/1/28 318/1/28
f 275/1/29 300/1/29 400/1/29 331/1/29
f 318/1/5 413/1/5 315/1/5 260/1/5
f 331/1/30 400/1/30 401/1/30 330/1/30
f 330/1/31 401/1/31 402/1/31 329/1/31
f 329/1/33 402/1/33 403/1/33 328/1/33
f 328/1/36 403/1/36 404/1/36 327/1/36
f 327/1/28 404/1/28 405/1/28 326/1/28
f 326/1/39 405/1/39 406/1/39 325/1/39
f 325/1/41 406/1/41 407/1/41 324/1/41
f 324/1/43 407/1/43 408/1/43 323/1/43
f 323/1/28 408/1/28 409/1/28 322/1/28
f 322/1/45 409/1/45 410/1/45 321/1/45
f 321/1/47 410/1/47 411/1/47 320/1/47
f 320/1/49 411/1/49 412/1/49 319/1/49
f 432/1/51 433/1/51 486/1/51 485/1/51
f 457/1/52 456/1/52 509/1/52 510/1/52
f 458/1/53 457/1/53 510/1/53 511/1/53
f 433/1/54 434/1/54 487/1/54 486/1/54
f 459/1/55 458/1/55 511/1/55 512/1/55
f 434/1/56 435/1/56 488/1/56 487/1/56
f 460/1/57 459/1/57 512/1/57 513/1/57
f 435/1/58 436/1/58 489/1/58 488/1/58
f 461/1/52 460/1/52 513/1/52 514/1/52
f 436/1/51 437/1/51 490/1/51 489/1/51
f 462/1/59 461/1/59 514/1/59 515/1/59
f 437/1/60 438/1/60 491/1/60 490/1/60
f 463/1/61 462/1/61 515/1/61 516/1/61
f 438/1/62 439/1/62 492/1/62 491/1/62
f 464/1/63 463/1/63 516/1/63 517/1/63
f 439/1/64 440/1/64 493/1/64 492/1/64
f 465/1/52 464/1/52 517/1/52 518/1/52
f 440/1/51 441/1/51 494/1/51 493/1/51
f 416/1/65 465/1/65 518/1/65 468/1/65
f 441/1/66 416/1/66 468/1/66 494/1/66
f 452/1/87 414/1/87 466/1/87 505/1/87
f 414/1/88 428/1/88 481/1/88 466/1/88
f 453/1/89 452/1/89 505/1/89 506/1/89
f 428/1/90 429/1/90 482/1/90 481/1/90
f 454/1/91 453/1/91 506/1/91 507/1/91
f 429/1/92 430/1/92 483/1/92 482/1/92
f 455/1/93 454/1/93 507/1/93 508/1/93
f 430/1/94 431/1/94 484/1/94 483/1/94
f 456/1/95 455/1/95 508/1/95 509/1/95
f 431/1/96 432/1/96 485/1/96 484/1/96
f 521/1/3 520/1/3 648/1/3 647/1/3
f 534/1/97 533/1/97 635/1/97 559/1/97
f 520/1/5 519/1/5 574/1/5 648/1/5
f 533/1/6 532/1/6 636/1/6 635/1/6
f 532/1/8 531/1/8 637/1/8 636/1/8
f 531/1/11 530/1/11 638/1/11 637/1/11
f 530/1/14 529/1/14 639/1/14 638/1/14
f 529/1/3 528/1/3 640/1/3 639/1/3
f 528/1/17 527/1/17 641/1/17 640/1/17
f 527/1/19 526/1/19 642/1/19 641/1/19
f 526/1/21 525/1/21 643/1/21 642/1/21
f 525/1/3 524/1/3 644/1/3 643/1/3
f 524/1/23 523/1/23 645/1/23 644/1/23
f 523/1/25 522/1/25 646/1/25 645/1/25
f 522/1/27 521/1/27 647/1/27 646/1/27
f 578/1/28 671/1/28 672/1/28 577/1/28
f 534/1/29 559/1/29 659/1/29 590/1/29
f 577/1/5 672/1/5 574/1/5 519/1/5
f 590/1/30 659/1/30 660/1/30 589/1/30
f 589/1/31 660/1/31 661/1/31 588/1/31
f 588/1/33 661/1/33 662/1/33 587/1/33
f 587/1/36 662/1/36 663/1/36 586/1/36
f 586/1/28 663/1/28 664/1/28 585/1/28
f 585/1/39 664/1/39 665/1/39 584/1/39
f 584/1/101 665/1/101 666/1/101 583/1/101
f 583/1/43 666/1/43 667/1/43 582/1/43
f 582/1/28 667/1/28 668/1/28 581/1/28
f 581/1/45 668/1/45 669/1/45 580/1/45
f 580/1/47 669/1/47 670/1/47 579/1/47
f 579/1/49 670/1/49 671/1/49 578/1/49
f 691/1/51 692/1/51 745/1/51 744/1/51
f 716/1/52 715/1/52 768/1/52 769/1/52
f 717/1/53 716/1/53 769/1/53 770/1/53
f 692/1/54 693/1/54 746/1/54 745/1/54
f 718/1/55 717/1/55 770/1/55 771/1/55
f 693/1/56 694/1/56 747/1/56 746/1/56
f 719/1/57 718/1/57 771/1/57 772/1/57
f 694/1/58 695/1/58 748/1/58 747/1/58
f 720/1/52 719/1/52 772/1/52 773/1/52
f 695/1/51 696/1/51 749/1/51 748/1/51
f 721/1/59 720/1/59 773/1/59 774/1/59
f 696/1/60 697/1/60 750/1/60 749/1/60
f 722/1/61 721/1/61 774/1/61 775/1/61
f 697/1/62 698/1/62 751/1/62 750/1/62
f 723/1/63 722/1/63 775/1/63 776/1/63
f 698/1/64 699/1/64 752/1/64 751/1/64
f 724/1/52 723/1/52 776/1/52 777/1/52
f 699/1/51 700/1/51 753/1/51 752/1/51
f 675/1/65 724/1/65 777/1/65 727/1/65
f 700/1/66 675/1/66 727/1/66 753/1/66
f 711/1/87 673/1/87 725/1/87 764/1/87
f 673/1/88 687/1/88 740/1/88 725/1/88
f 712/1/89 711/1/89 764/1/89 765/1/89
f 687/1/90 688/1/90 741/1/90 740/1/90
f 713/1/91 712/1/91 765/1/91 766/1/91
f 688/1/92 689/1/92 742/1/92 741/1/92
f 714/1/93 713/1/93 766/1/93 767/1/93
f 689/1/94 690/1/94 743/1/94 742/1/94
f 715/1/95 714/1/95 767/1/95 768/1/95
f 690/1/96 691/1/96 744/1/96 743/1/96
f 780/1/3 779/1/3 907/1/3 906/1/3
f 793/1/97 792/1/97 894/1/97 818/1/97
f 779/1/5 778/1/5 833/1/5 907/1/5
f 792/1/6 791/1/6 895/1/6 894/1/6
f 791/1/8 790/1/8 896/1/8 895/1/8
f 790/1/11 789/1/11 897/1/11 896/1/11
f 789/1/14 788/1/14 898/1/14 897/1/14
f 788/1/3 787/1/3 899/1/3 898/1/3
f 787/1/17 786/1/17 900/1/17 899/1/17
f 786/1/19 785/1/19 901/1/19 900/1/19
f 785/1/21 784/1/21 902/1/21 901/1/21
f 784/1/3 783/1/3 903/1/3 902/1/3
f 783/1/23 782/1/23 904/1/23 903/1/23
f 782/1/25 781/1/25 905/1/25 904/1/25
f 781/1/27 780/1/27 906/1/27 905/1/27
f 837/1/28 930/1/28 931/1/28 836/1/28
f 793/1/29 818/1/29 918/1/29 849/1/29
f 836/1/5 931/1/5 833/1/5 778/1/5
f 849/1/30 918/1/30 919/1/30 848/1/30
f 848/1/31 919/1/31 920/1/31 847/1/31
f 847/1/33 920/1/33 921/1/33 846/1/33
f 846/1/36 921/1/36 922/1/36 845/1/36
f 845/1/28 922/1/28 923/1/28 844/1/28
f 844/1/39 923/1/39 924/1/39 843/1/39
f 843/1/41 924/1/41 925/1/41 842/1/41
f 842/1/43 925/1/43 926/1/43 841/1/43
f 841/1/28 926/1/28 927/1/28 840/1/28
f 840/1/45 927/1/45 928/1/45 839/1/45
f 839/1/47 928/1/47 929/1/47 838/1/47
f 838/1/49 929/1/49 930/1/49 837/1/49
f 950/1/51 951/1/51 1004/1/51 1003/1/51
f 975/1/52 974/1/52 1027/1/52 1028/1/52
f 976/1/53 975/1/53 1028/1/53 1029/1/53
f 951/1/54 952/1/54 1005/1/54 1004/1/54
f 977/1/55 976/1/55 1029/1/55 1030/1/55
f 952/1/56 953/1/56 1006/1/56 1005/1/56
f 978/1/57 977/1/57 1030/1/57 1031/1/57
f 953/1/58 954/1/58 1007/1/58 1006/1/58
f 979/1/52 978/1/52 1031/1/52 1032/1/52
f 954/1/51 955/1/51 1008/1/51 1007/1/51
f 980/1/59 979/1/59 1032/1/59 1033/1/59
f 955/1/60 956/1/60 1009/1/60 1008/1/60
f 981/1/61 980/1/61 1033/1/61 1034/1/61
f 956/1/62 957/1/62 1010/1/62 1009/1/62
f 982/1/63 981/1/63 1034/1/63 1035/1/63
f 957/1/64 958/1/64 1011/1/64 1010/1/64
f 983/1/52 982/1/52 1035/1/52 1036/1/52
f 958/1/51 959/1/51 1012/1/51 1011/1/51
f 934/1/65 983/1/65 1036/1/65 986/1/65
f 959/1/66 934/1/66 986/1/66 1012/1/66
f 970/1/87 932/1/87 984/1/87 1023/1/87
f 932/1/88 946/1/88 999/1/88 984/1/88
f 971/1/89 970/1/89 1023/1/89 1024/1/89
f 946/1/90 947/1/90 1000/1/90 999/1/90
f 972/1/91 971/1/91 1024/1/91 1025/1/91
f 947/1/92 948/1/92 1001/1/92 1000/1/92
f 973/1/93 972/1/93 1025/1/93 1026/1/93
f 948/1/94 949/1/94 1002/1/94 1001/1/94
f 974/1/95 973/1/95 1026/1/95 1027/1/95
f 949/1/96 950/1/96 1003/1/96 1002/1/96
f 1301/338/240 1302/339/240 1303/340/240 1304/341/240
f 1305/342/241 1306/343/241 1307/344/241 1308/345/241
f 1309/346/242 1310/347/242 1311/348/242 1312/349/242
f 1313/350/243 1314/351/243 1315/352/243 1316/353/243
f 1317/354/244 1318/355/244 1319/356/244 1320/357/244
f 1321/358/245 1322/359/245 1323/360/245 1324/361/245
f 1325/362/246 1326/363/246 1327/364/246 1328/365/246
f 1329/366/247 1330/367/247 1331/368/247 1332/369/247
f 1333/370/248 1334/371/248 1335/372/248 1336/373/248
f 1337/374/249 1338/375/249 1339/376/249 1340/377/249
f 1341/378/250 1342/379/250 1343/380/250 1344/381/250
f 1345/382/251 1346/383/251 1347/384/251 1348/385/251
f 1613/338/401 1614/339/401 1615/340/401 1616/341/401
f 1617/342/402 1618/343/402 1619/344/402 1620/345/402
f 1621/346/403 1622/347/403 1623/348/403 1624/349/403
f 1625/350/404 1626/351/404 1627/352/404 1628/353/404
f 1629/354/405 1630/355/405 1631/356/405 1632/357/405
f 1633/358/406 1634/359/406 1635/360/406 1636/361/406
f 1637/362/407 1638/363/407 1639/364/407 1640/365/407
f 1641/366/408 1642/367/408 1643/368/408 1644/369/408
f 1645/370/409 1646/371/409 1647/372/409 1648/373/409
f 1649/374/410 1650/375/410 1651/376/410 1652/377/410
f 1653/378/411 1654/379/411 1655/380/411 1656/381/411
f 1657/382/412 1658/383/412 1659/384/412 1660/385/412
f 1698/435/50 1697/444/50 1699/445/50 1700/434/50
f 1745/453/103 1709/454/103 1711/455/103 1748/456/103
f 1779/457/289 1713/451/289 1715/450/289 1782/458/289
f 1710/462/103 1747/432/103 1750/432/103 1712/433/103
f 1747/432/103 1746/461/103 1749/463/103 1750/432/103
f 1746/461/103 1745/453/103 1748/456/103 1749/463/103
f 1714/447/289 1781/446/289 1784/460/289 1716/452/289
f 1781/446/289 1780/476/289 1783/475/289 1784/460/289
f 1780/476/289 1779/457/289 1782/458/289 1783/475/289
f 1785/484/444 1786/485/444 1787/486/444
f 1788/487/445 1789/488/445 1790/386/445 1791/489/445
f 1792/490/446 1793/491/446 1794/492/446
f 1795/493/447 1796/494/447 1797/495/447
f 1798/496/448 1799/497/448 1800/498/448 1801/499/448
f 1802/500/449 1803/501/449 1804/502/449 1805/503/449
f 1806/504/450 1807/505/450 1808/506/450 1809/472/450
f 1810/507/451 1811/508/451 1812/509/451 1813/510/451
f 1814/524/452 1815/525/452 1816/526/452 1817/524/452
f 1818/527/453 1819/527/453 1820/528/453 1821/529/453
f 1822/530/454 1823/441/454 1824/531/454 1825/532/454
f 1826/434/455 1827/533/455 1828/534/455
f 1695/435/50 1694/444/50 1696/445/50 1828/534/50 1827/533/50
f 1866/571/456 1867/572/456 1868/573/456 1869/574/456
f 1870/575/456 1871/576/456 1872/577/456 1873/578/456
f 1874/579/456 1875/580/456 1876/581/456 1877/582/456
usemtl Sarg_innen_Samt
f 23/1/9 18/1/9 107/1/9 108/1/9
f 18/1/12 29/1/12 109/1/12 107/1/12
f 20/1/13 23/1/13 108/1/13 58/1/13
f 29/1/15 26/1/15 110/1/15 109/1/15
f 26/1/16 27/1/16 111/1/16 110/1/16
f 27/1/18 28/1/18 112/1/18 111/1/18
f 28/1/20 19/1/20 113/1/20 112/1/20
f 19/1/16 17/1/16 114/1/16 113/1/16
f 17/1/22 25/1/22 115/1/22 114/1/22
f 25/1/24 24/1/24 116/1/24 115/1/24
f 24/1/26 22/1/26 40/1/26 116/1/26
f 76/1/32 132/1/32 131/1/32 74/1/32
f 74/1/34 131/1/34 133/1/34 82/1/34
f 20/1/35 58/1/35 132/1/35 76/1/35
f 82/1/37 133/1/37 134/1/37 79/1/37
f 79/1/38 134/1/38 135/1/38 80/1/38
f 80/1/40 135/1/40 136/1/40 81/1/40
f 81/1/42 136/1/42 137/1/42 75/1/42
f 75/1/38 137/1/38 138/1/38 73/1/38
f 73/1/44 138/1/44 139/1/44 78/1/44
f 78/1/46 139/1/46 140/1/46 77/1/46
f 77/1/48 140/1/48 40/1/48 22/1/48
f 282/1/9 277/1/9 366/1/9 367/1/9
f 277/1/12 288/1/12 368/1/12 366/1/12
f 279/1/13 282/1/13 367/1/13 317/1/13
f 288/1/15 285/1/15 369/1/15 368/1/15
f 285/1/16 286/1/16 370/1/16 369/1/16
f 286/1/18 287/1/18 371/1/18 370/1/18
f 287/1/20 278/1/20 372/1/20 371/1/20
f 278/1/16 276/1/16 373/1/16 372/1/16
f 276/1/22 284/1/22 374/1/22 373/1/22
f 284/1/24 283/1/24 375/1/24 374/1/24
f 283/1/26 281/1/26 299/1/26 375/1/26
f 335/1/32 391/1/32 390/1/32 333/1/32
f 333/1/34 390/1/34 392/1/34 341/1/34
f 279/1/35 317/1/35 391/1/35 335/1/35
f 341/1/37 392/1/37 393/1/37 338/1/37
f 338/1/38 393/1/38 394/1/38 339/1/38
f 339/1/40 394/1/40 395/1/40 340/1/40
f 340/1/42 395/1/42 396/1/42 334/1/42
f 334/1/38 396/1/38 397/1/38 332/1/38
f 332/1/44 397/1/44 398/1/44 337/1/44
f 337/1/46 398/1/46 399/1/46 336/1/46
f 336/1/48 399/1/48 299/1/48 281/1/48
f 541/1/9 536/1/9 625/1/9 626/1/9
f 536/1/12 547/1/12 627/1/12 625/1/12
f 538/1/13 541/1/13 626/1/13 576/1/13
f 547/1/15 544/1/15 628/1/15 627/1/15
f 544/1/16 545/1/16 629/1/16 628/1/16
f 545/1/18 546/1/18 630/1/18 629/1/18
f 546/1/20 537/1/20 631/1/20 630/1/20
f 537/1/16 535/1/16 632/1/16 631/1/16
f 535/1/22 543/1/22 633/1/22 632/1/22
f 543/1/24 542/1/24 634/1/24 633/1/24
f 542/1/26 540/1/26 558/1/26 634/1/26
f 594/1/32 650/1/32 649/1/32 592/1/32
f 592/1/34 649/1/34 651/1/34 600/1/34
f 538/1/100 576/1/100 650/1/100 594/1/100
f 600/1/37 651/1/37 652/1/37 597/1/37
f 597/1/38 652/1/38 653/1/38 598/1/38
f 598/1/40 653/1/40 654/1/40 599/1/40
f 599/1/42 654/1/42 655/1/42 593/1/42
f 593/1/38 655/1/38 656/1/38 591/1/38
f 591/1/44 656/1/44 657/1/44 596/1/44
f 596/1/46 657/1/46 658/1/46 595/1/46
f 595/1/48 658/1/48 558/1/48 540/1/48
f 800/1/9 795/1/9 884/1/9 885/1/9
f 795/1/12 806/1/12 886/1/12 884/1/12
f 797/1/13 800/1/13 885/1/13 835/1/13
f 806/1/15 803/1/15 887/1/15 886/1/15
f 803/1/16 804/1/16 888/1/16 887/1/16
f 804/1/18 805/1/18 889/1/18 888/1/18
f 805/1/20 796/1/20 890/1/20 889/1/20
f 796/1/16 794/1/16 891/1/16 890/1/16
f 794/1/22 802/1/22 892/1/22 891/1/22
f 802/1/24 801/1/24 893/1/24 892/1/24
f 801/1/26 799/1/26 817/1/26 893/1/26
f 853/1/32 909/1/32 908/1/32 851/1/32
f 851/1/34 908/1/34 910/1/34 859/1/34
f 797/1/100 835/1/100 909/1/100 853/1/100
f 859/1/37 910/1/37 911/1/37 856/1/37
f 856/1/38 911/1/38 912/1/38 857/1/38
f 857/1/40 912/1/40 913/1/40 858/1/40
f 858/1/42 913/1/42 914/1/42 852/1/42
f 852/1/38 914/1/38 915/1/38 850/1/38
f 850/1/44 915/1/44 916/1/44 855/1/44
f 855/1/46 916/1/46 917/1/46 854/1/46
f 854/1/48 917/1/48 817/1/48 799/1/48
