# Blender 5.1.1
# www.blender.org
mtllib Regal_klein.mtl
o Regal_klein
v 7.062761 -0.011203 -5.934585
v 7.060677 0.019665 -5.932793
v 7.080197 -0.000564 -6.128707
v 8.660864 -0.010788 -5.878623
v 8.660795 0.020117 -5.876931
v 8.660262 -0.000098 -6.073109
v 8.664803 0.030747 -6.072001
v 8.510702 0.000314 -6.085317
v 8.134605 -0.000261 -6.089880
v 7.951160 -0.000171 -6.100925
v 7.583863 -0.000065 -6.112398
v 7.448125 -0.001192 -6.103875
v 7.224590 -0.000611 -6.119948
v 7.775560 0.030219 -6.099031
v 7.963087 0.030438 -6.096202
v 8.134538 0.030414 -6.088201
v 7.218144 -0.010738 -5.935234
v 7.585464 -0.010248 -5.929427
v 7.769182 -0.010583 -5.915997
v 8.136348 -0.010781 -5.897663
v 8.504211 -0.011132 -5.878834
v 8.509339 0.019758 -5.877849
v 8.313077 0.020325 -5.895681
v 8.129566 0.019872 -5.895309
v 7.952601 0.019842 -5.902396
v 7.769114 0.020092 -5.914317
v 7.588372 0.020514 -5.928558
v 7.391037 0.019490 -5.922466
v 7.071084 -0.001888 -6.101055
v 7.075135 -0.003963 -6.066570
v 7.070140 -0.005717 -6.032876
v 7.079612 -0.007609 -5.997063
v 7.066937 -0.009410 -5.964846
v 7.067703 0.021234 -5.963283
v 7.060781 0.025078 -6.030964
v 7.069696 0.026897 -6.065100
v 7.046176 0.029244 -6.099597
v 8.655979 -0.008992 -5.909516
v 8.657165 -0.007130 -5.943473
v 8.658349 -0.005269 -5.977431
v 8.659466 -0.003405 -6.011341
v 8.644034 -0.001698 -6.043725
v 8.650057 0.029057 -6.042760
v 8.658281 0.025406 -5.975751
v 8.665590 0.023702 -5.942488
v 8.508526 0.028907 -6.051968
v 8.510149 0.027145 -6.017226
v 8.507055 0.025104 -5.981040
v 8.505813 0.023152 -5.945438
v 8.505493 0.021155 -5.909595
v 8.325610 0.029452 -6.051497
v 8.316139 0.026733 -6.019626
v 8.322599 0.025822 -5.986763
v 8.322258 0.023295 -5.955414
v 8.321117 0.021538 -5.923372
v 8.142727 0.028736 -6.059101
v 8.132444 0.026649 -6.024271
v 8.144747 0.024736 -5.992926
v 8.138512 0.023138 -5.959913
v 8.147803 0.021370 -5.926517
v 7.958387 0.028672 -6.068197
v 7.957202 0.026810 -6.034239
v 7.956016 0.025835 -6.000234
v 7.954833 0.023087 -5.966325
v 7.953648 0.021225 -5.932368
v 7.774574 0.028410 -6.070776
v 7.783412 0.026745 -6.037623
v 7.777587 0.025901 -6.006300
v 7.771220 0.023139 -5.974645
v 7.770102 0.021382 -5.942601
v 7.582924 0.028588 -6.081876
v 7.589844 0.026706 -6.047064
v 7.588657 0.025731 -6.013059
v 7.585809 0.023680 -5.991961
v 7.584624 0.021819 -5.958004
v 7.447277 0.027893 -6.071560
v 7.406165 0.026654 -6.053477
v 7.404980 0.024793 -6.019519
v 7.403897 0.023003 -5.985574
v 7.402608 0.021955 -5.951557
v 7.223537 0.028254 -6.090014
v 7.232899 0.026584 -6.057493
v 7.226954 0.024752 -6.024740
v 7.220182 0.022983 -5.993882
v 7.219064 0.021227 -5.961838
v 7.223603 -0.001901 -6.091664
v 7.222485 -0.003658 -6.059621
v 7.221367 -0.005415 -6.027577
v 7.218379 -0.006946 -5.995976
v 7.225425 -0.009148 -5.962425
v 7.407418 -0.002526 -6.089133
v 7.415995 -0.003537 -6.054646
v 7.405392 -0.005286 -6.022927
v 7.402958 -0.007108 -5.985986
v 7.403134 -0.009103 -5.952977
v 7.583458 -0.001549 -6.083284
v 7.589911 -0.003449 -6.048715
v 7.588725 -0.005311 -6.014758
v 7.587541 -0.007173 -5.980801
v 7.586355 -0.009035 -5.946844
v 7.774641 -0.001746 -6.072427
v 7.773522 -0.003503 -6.040383
v 7.771914 -0.005262 -6.008385
v 7.771286 -0.007016 -5.976296
v 7.767667 -0.008958 -5.943781
v 7.958143 -0.002525 -6.068896
v 7.957269 -0.003346 -6.035891
v 7.956083 -0.005207 -6.001933
v 7.954899 -0.007069 -5.967976
v 7.953713 -0.008931 -5.934019
v 8.143267 -0.001385 -6.060161
v 8.132374 -0.003506 -6.025951
v 8.148438 -0.005193 -5.995233
v 8.138577 -0.007017 -5.961564
v 8.137393 -0.008879 -5.927607
v 8.330975 -0.001788 -6.053105
v 8.335534 -0.003313 -6.020174
v 8.316486 -0.005986 -5.990049
v 8.322324 -0.006860 -5.957065
v 8.321981 -0.008623 -5.925335
v 8.514841 -0.001138 -6.054784
v 8.510846 -0.002971 -6.018917
v 8.507123 -0.005938 -5.982739
v 8.505878 -0.007004 -5.947089
v 8.512134 -0.008899 -5.912419
v 7.071532 0.030925 -6.129841
v 7.066410 0.015902 -6.129995
v 7.048773 0.029855 -6.110431
v 8.326880 -0.001255 -6.063522
v 8.301458 -0.000265 -6.083549
v 8.324890 0.010513 -6.081434
v 8.337114 -0.000211 -6.083101
v 7.774877 -0.001438 -6.079185
v 7.757827 -0.000419 -6.101796
v 7.775580 0.021073 -6.099532
v 7.793464 -0.000427 -6.100733
v 7.223437 0.028698 -6.096948
v 7.240916 0.030054 -6.117146
v 7.224153 0.008573 -6.119500
v 7.205341 0.030174 -6.119787
v 7.450358 0.028512 -6.081160
v 7.474642 0.029898 -6.102623
v 7.451115 0.009464 -6.102993
v 7.439036 0.029832 -6.102615
v 7.585719 0.029170 -6.091002
v 7.609723 0.030439 -6.110082
v 7.586506 0.009940 -6.112028
v 7.574111 0.030377 -6.109955
v 8.326103 0.029664 -6.058230
v 8.345512 0.030402 -6.080098
v 8.322063 0.019560 -6.081155
v 8.309860 0.030346 -6.080499
v 8.528421 0.030961 -6.082295
v 8.510682 0.009460 -6.084816
v 8.492798 0.030926 -6.083255
v 8.509206 0.029578 -6.062175
v 7.383610 -0.010968 -5.924501
v 7.402659 -0.009623 -5.944825
v 7.419242 -0.010921 -5.923935
v 7.394625 0.008944 -5.922771
v 7.932452 -0.010832 -5.905970
v 7.952786 -0.009448 -5.926207
v 7.968071 -0.010852 -5.904186
v 7.951890 0.010538 -5.903148
v 8.303394 -0.010680 -5.896008
v 8.321777 -0.009178 -5.917333
v 8.338993 -0.010714 -5.894181
v 8.315825 0.009879 -5.895731
v 7.218124 -0.001592 -5.934733
v 7.235875 0.019890 -5.932414
v 7.218828 0.020918 -5.955080
v 7.200241 0.019906 -5.933468
v 7.068294 0.021923 -5.975710
v 7.087143 0.023099 -5.996819
v 7.064130 0.024307 -6.017719
v 7.076012 0.003131 -5.997116
v 8.656715 0.028197 -6.028430
v 8.647575 0.027086 -6.010623
v 8.661013 0.026049 -5.988825
v 8.661316 0.006118 -6.010849
v 8.655959 0.000154 -5.909016
v 8.661631 0.022876 -5.928311
v 8.638080 0.021620 -5.908045
v 8.659245 0.020614 -5.886743
v 8.672724 -0.018423 -6.290035
v 8.674835 0.012343 -6.293092
v 8.655300 0.000192 -6.096513
v 7.074621 -0.018918 -6.345994
v 7.074716 0.011891 -6.348953
v 7.075235 -0.000253 -6.152112
v 7.070721 0.030525 -6.154484
v 7.224796 0.000530 -6.139927
v 7.600892 -0.000184 -6.135338
v 7.784337 0.000200 -6.124303
v 8.151635 0.000459 -6.112837
v 8.287372 -0.001136 -6.121305
v 8.510907 -0.000090 -6.105265
v 7.959963 0.030335 -6.127439
v 7.772437 0.030600 -6.130279
v 7.600986 0.030396 -6.138275
v 8.517341 -0.017797 -6.289408
v 8.150022 -0.017226 -6.295236
v 7.966303 -0.017953 -6.308645
v 7.599136 -0.018585 -6.326961
v 7.231273 -0.019389 -6.345767
v 7.226171 0.011440 -6.348019
v 7.422435 0.012568 -6.330222
v 7.605945 0.011940 -6.330572
v 7.782909 0.012047 -6.323486
v 7.966397 0.012627 -6.311582
v 8.147141 0.013477 -6.297367
v 8.344475 0.012032 -6.303409
v 8.664412 -0.002275 -6.124088
v 8.660358 -0.005760 -6.158458
v 8.665351 -0.008900 -6.192051
v 8.655877 -0.012253 -6.227757
v 8.668550 -0.015385 -6.259872
v 8.667810 0.015169 -6.262692
v 8.674738 0.021782 -6.195227
v 8.665823 0.025009 -6.161194
v 8.689347 0.028750 -6.126822
v 7.079507 -0.015859 -6.315200
v 7.078324 -0.012604 -6.281348
v 7.077142 -0.009349 -6.247496
v 7.076028 -0.006093 -6.213691
v 7.091461 -0.003072 -6.181404
v 7.085464 0.027623 -6.183631
v 7.077236 0.021231 -6.250433
v 7.069925 0.018169 -6.283599
v 7.226996 0.027728 -6.174422
v 7.225371 0.024543 -6.209063
v 7.228463 0.021015 -6.245134
v 7.229703 0.017602 -6.280625
v 7.230021 0.014135 -6.316357
v 7.409912 0.028095 -6.174912
v 7.419380 0.024061 -6.206645
v 7.412918 0.021807 -6.239442
v 7.413258 0.017995 -6.270661
v 7.414396 0.014923 -6.302604
v 7.592795 0.027532 -6.167282
v 7.603075 0.024008 -6.201997
v 7.590771 0.020821 -6.233236
v 7.597004 0.017864 -6.266157
v 7.587709 0.014734 -6.299451
v 7.777135 0.027681 -6.158188
v 7.778317 0.024426 -6.192040
v 7.779503 0.022054 -6.225977
v 7.780683 0.017915 -6.259744
v 7.781865 0.014660 -6.293596
v 7.960947 0.027366 -6.155597
v 7.952108 0.024349 -6.188653
v 7.957931 0.022215 -6.219915
v 7.964295 0.018150 -6.251431
v 7.965411 0.015078 -6.283375
v 8.152598 0.027833 -6.144510
v 8.145676 0.024530 -6.179215
v 8.146861 0.022158 -6.213152
v 8.149708 0.019241 -6.234149
v 8.150890 0.015986 -6.268001
v 8.288244 0.026597 -6.154786
v 8.329355 0.024582 -6.172803
v 8.330538 0.021326 -6.206656
v 8.331618 0.018144 -6.240498
v 8.332906 0.015699 -6.274444
v 8.511985 0.027521 -6.136360
v 8.502621 0.024526 -6.168785
v 8.508563 0.021346 -6.201435
v 8.515333 0.018306 -6.232193
v 8.516449 0.015234 -6.264138
v 8.511892 -0.002541 -6.133472
v 8.513008 -0.005613 -6.165417
v 8.514124 -0.008685 -6.197361
v 8.517111 -0.011515 -6.228872
v 8.510061 -0.015085 -6.262305
v 8.328077 -0.003109 -6.135979
v 8.319499 -0.005528 -6.170395
v 8.330099 -0.008587 -6.202016
v 8.332531 -0.011926 -6.238851
v 8.332352 -0.015274 -6.271750
v 8.152038 -0.002220 -6.141866
v 8.145583 -0.005532 -6.176328
v 8.146766 -0.008788 -6.210180
v 8.147949 -0.012043 -6.244032
v 8.149132 -0.015298 -6.277884
v 7.960855 -0.002696 -6.152709
v 7.961971 -0.005768 -6.184654
v 7.963577 -0.008841 -6.216553
v 7.964203 -0.011912 -6.248543
v 7.967820 -0.015190 -6.280950
v 7.777352 -0.003461 -6.156209
v 7.778225 -0.005636 -6.189153
v 7.779408 -0.008891 -6.223005
v 7.780590 -0.012147 -6.256857
v 7.781773 -0.015402 -6.290709
v 7.592229 -0.002519 -6.164986
v 7.603119 -0.006052 -6.199080
v 7.587053 -0.008985 -6.229703
v 7.596911 -0.012199 -6.263269
v 7.598094 -0.015454 -6.297121
v 7.404521 -0.003049 -6.172023
v 7.399959 -0.005921 -6.204864
v 7.419004 -0.009845 -6.234853
v 7.413166 -0.012067 -6.267773
v 7.413506 -0.015131 -6.299404
v 7.220654 -0.002171 -6.170375
v 7.224648 -0.005478 -6.206137
v 7.228368 -0.009931 -6.242162
v 7.229610 -0.012461 -6.277738
v 7.223353 -0.015772 -6.312301
v 8.663992 0.031693 -6.096672
v 8.669102 0.016685 -6.095902
v 8.686750 0.029807 -6.116022
v 7.408615 -0.002092 -6.161636
v 7.434040 -0.000303 -6.141666
v 7.410617 0.010400 -6.144223
v 7.398383 -0.000236 -6.142117
v 7.960619 -0.002111 -6.145969
v 7.977671 -0.000180 -6.123419
v 7.959935 0.021217 -6.126564
v 7.942034 -0.000200 -6.124482
v 8.512085 0.028249 -6.129449
v 8.494607 0.030449 -6.109324
v 8.511353 0.009068 -6.106090
v 8.530182 0.030646 -6.106689
v 8.285164 0.027613 -6.145220
v 8.260881 0.029900 -6.123832
v 8.284390 0.009477 -6.122623
v 8.296487 0.029802 -6.123837
v 8.149803 0.028792 -6.135416
v 8.125801 0.030864 -6.116404
v 8.149000 0.010442 -6.113618
v 8.161413 0.030766 -6.116529
v 7.409420 0.028583 -6.168193
v 7.390011 0.030235 -6.146374
v 7.413451 0.019425 -6.144873
v 7.425663 0.030164 -6.145971
v 7.207104 0.031043 -6.144206
v 7.224824 0.009648 -6.140803
v 7.242726 0.031016 -6.143244
v 7.226317 0.028818 -6.164251
v 8.351875 -0.018324 -6.300126
v 8.332827 -0.016128 -6.279874
v 8.316242 -0.018268 -6.300693
v 8.340878 0.001510 -6.302672
v 7.803032 -0.018472 -6.318656
v 7.782701 -0.016240 -6.298493
v 7.767413 -0.018534 -6.320438
v 7.783613 0.002782 -6.322353
v 7.432090 -0.018407 -6.328621
v 7.413710 -0.016014 -6.307376
v 7.396492 -0.018485 -6.330446
v 7.419679 0.002135 -6.329742
v 8.517368 -0.008679 -6.290284
v 8.499636 0.012705 -6.293484
v 8.516685 0.014648 -6.270878
v 8.535271 0.012733 -6.292430
v 8.667221 0.016368 -6.250304
v 8.648372 0.018426 -6.229261
v 8.671387 0.020471 -6.208429
v 8.659486 -0.001523 -6.228146
v 7.078805 0.026181 -6.197914
v 7.087945 0.024332 -6.215660
v 7.074506 0.022412 -6.237397
v 7.074186 0.003403 -6.214573
v 7.079535 -0.006741 -6.316076
v 7.073884 0.016758 -6.297730
v 7.097433 0.014651 -6.317926
v 7.076266 0.012790 -6.339170
v 7.294242 0.005808 -6.296054
v 7.292968 0.004002 -6.326926
v 7.489024 0.012430 -6.303082
v 7.294385 1.026111 -6.313274
v 7.293283 1.025588 -6.344202
v 7.488898 1.021222 -6.320169
v 7.488541 1.023626 -6.351071
v 7.495859 0.925573 -6.318873
v 7.487217 0.685655 -6.314510
v 7.491820 0.568430 -6.312581
v 7.490403 0.333958 -6.308852
v 7.477105 0.247610 -6.306556
v 7.485335 0.104701 -6.304625
v 7.484349 0.455988 -6.341271
v 7.488104 0.575628 -6.343389
v 7.486122 0.685136 -6.345207
v 7.300349 0.104869 -6.298034
v 7.307440 0.339219 -6.302250
v 7.300457 0.456676 -6.303983
v 7.295012 0.691218 -6.307753
v 7.289094 0.926219 -6.311386
v 7.288880 0.928994 -6.342336
v 7.299825 0.803437 -6.340626
v 7.293008 0.686434 -6.338375
v 7.293882 0.573431 -6.336466
v 7.299363 0.456157 -6.334680
v 7.307261 0.340578 -6.333047
v 7.294233 0.214896 -6.330201
v 7.461048 0.007256 -6.302207
v 7.426694 0.010641 -6.300843
v 7.392818 0.008235 -6.299697
v 7.357330 0.015103 -6.298595
v 7.324659 0.007767 -6.297298
v 7.323710 0.007778 -6.327970
v 7.391168 0.001794 -6.330427
v 7.425623 0.006689 -6.331668
v 7.459313 -0.009116 -6.333112
v 7.325116 1.022279 -6.314421
v 7.359124 1.022248 -6.315632
v 7.393131 1.022217 -6.316844
v 7.427089 1.022143 -6.318058
v 7.458939 1.011554 -6.318982
v 7.458774 1.014902 -6.349805
v 7.392036 1.021698 -6.347541
v 7.359024 1.027127 -6.346557
v 7.463007 0.924449 -6.348084
v 7.428316 0.926286 -6.347015
v 7.392011 0.925152 -6.345648
v 7.356357 0.925185 -6.344378
v 7.320493 0.925811 -6.343077
v 7.456131 0.807810 -6.346839
v 7.423901 0.802525 -6.344648
v 7.391273 0.807391 -6.344441
v 7.359890 0.807913 -6.342522
v 7.327799 0.807928 -6.341378
v 7.457300 0.691033 -6.344177
v 7.422098 0.685286 -6.342667
v 7.391173 0.693860 -6.341486
v 7.357937 0.690646 -6.340470
v 7.324861 0.697343 -6.339444
v 7.459922 0.573284 -6.342123
v 7.425915 0.573315 -6.340911
v 7.391876 0.573331 -6.340586
v 7.357901 0.573377 -6.338487
v 7.323894 0.573408 -6.337276
v 7.456048 0.456019 -6.340003
v 7.423199 0.462419 -6.339071
v 7.391681 0.459416 -6.338780
v 7.359775 0.456106 -6.336572
v 7.327683 0.456136 -6.335429
v 7.460421 0.333558 -6.338079
v 7.425843 0.338777 -6.336945
v 7.391804 0.338793 -6.336620
v 7.370584 0.337480 -6.334953
v 7.336576 0.337511 -6.333741
v 7.445342 0.247301 -6.336252
v 7.425807 0.221508 -6.334961
v 7.391799 0.221539 -6.333750
v 7.357809 0.221634 -6.332611
v 7.323753 0.221586 -6.332213
v 7.455939 0.104212 -6.334054
v 7.423741 0.110934 -6.333109
v 7.390771 0.107902 -6.331857
v 7.359666 0.104300 -6.330623
v 7.327575 0.104329 -6.329480
v 7.457015 0.104722 -6.303876
v 7.424924 0.104751 -6.302732
v 7.392833 0.104781 -6.301589
v 7.361124 0.103604 -6.300644
v 7.327805 0.108880 -6.299166
v 7.460921 0.222002 -6.305109
v 7.426744 0.228256 -6.304854
v 7.394644 0.222230 -6.303618
v 7.357613 0.221529 -6.302492
v 7.324598 0.222410 -6.301143
v 7.461270 0.334372 -6.307931
v 7.426919 0.339287 -6.306767
v 7.392911 0.339318 -6.305556
v 7.358904 0.339349 -6.304344
v 7.324897 0.339380 -6.303132
v 7.457123 0.456529 -6.309825
v 7.425033 0.456558 -6.308682
v 7.392970 0.456273 -6.307530
v 7.360850 0.456616 -6.306395
v 7.328198 0.455064 -6.305051
v 7.460016 0.573635 -6.310920
v 7.426991 0.573825 -6.310734
v 7.392983 0.573856 -6.309522
v 7.358976 0.573887 -6.308310
v 7.324969 0.573918 -6.307098
v 7.457804 0.691858 -6.314050
v 7.423199 0.685709 -6.312490
v 7.393035 0.696663 -6.311559
v 7.359013 0.691156 -6.310293
v 7.325005 0.691187 -6.309082
v 7.457329 0.811717 -6.315631
v 7.424555 0.815383 -6.314792
v 7.393735 0.803952 -6.312519
v 7.360966 0.808423 -6.312345
v 7.329215 0.808940 -6.311197
v 7.465467 0.928916 -6.318056
v 7.429454 0.927197 -6.316883
v 7.393119 0.925677 -6.314584
v 7.357433 0.925695 -6.314200
v 7.322973 0.930486 -6.313043
v 7.490455 0.006352 -6.334453
v 7.490142 0.003334 -6.319382
v 7.470242 -0.007711 -6.333537
v 7.467605 0.808866 -6.315920
v 7.486743 0.792193 -6.316271
v 7.485657 0.807001 -6.327317
v 7.487546 0.814939 -6.316684
v 7.463891 0.456524 -6.310005
v 7.485904 0.445131 -6.310415
v 7.484676 0.456143 -6.332119
v 7.486092 0.467880 -6.310779
v 7.462873 0.103987 -6.334361
v 7.483694 0.114661 -6.335495
v 7.485048 0.104278 -6.313811
v 7.485088 0.091915 -6.335214
v 7.455053 0.249042 -6.336714
v 7.477378 0.264026 -6.337921
v 7.476532 0.249358 -6.317255
v 7.476119 0.241323 -6.337505
v 7.469648 0.335128 -6.338511
v 7.489579 0.349989 -6.339645
v 7.490317 0.335484 -6.318887
v 7.488201 0.327284 -6.339235
v 7.462880 0.807971 -6.346925
v 7.485426 0.819849 -6.347428
v 7.485452 0.805054 -6.336339
v 7.484574 0.797107 -6.347013
v 7.494047 0.936426 -6.349743
v 7.495533 0.925418 -6.328026
v 7.493756 0.913690 -6.349339
v 7.473243 0.924644 -6.348563
v 7.295424 0.210624 -6.299640
v 7.316425 0.222297 -6.300777
v 7.296110 0.233358 -6.300049
v 7.294461 0.217353 -6.319688
v 7.296161 0.561016 -6.305534
v 7.317122 0.573509 -6.306725
v 7.295627 0.583769 -6.305900
v 7.294431 0.573116 -6.327144
v 7.299220 0.797774 -6.309528
v 7.321202 0.808997 -6.310796
v 7.298643 0.820515 -6.309880
v 7.299773 0.805362 -6.330209
v 7.300023 0.104715 -6.307186
v 7.298738 0.115726 -6.328882
v 7.320808 0.104334 -6.329300
v 7.298542 0.092979 -6.328526
v 7.336161 0.007867 -6.328423
v 7.357937 0.019397 -6.329372
v 7.378036 0.004237 -6.329947
v 7.357461 0.012627 -6.309296
v 7.444672 1.019481 -6.349290
v 7.426537 1.014067 -6.348436
v 7.405208 1.023138 -6.347956
v 7.426845 1.023174 -6.327606
v 7.324790 1.022124 -6.323574
v 7.344703 1.024931 -6.345968
v 7.323604 1.010385 -6.344875
v 7.303041 1.024373 -6.344492
v 7.096472 -0.005975 -6.324528
v 7.101056 -0.007825 -6.355084
v 7.289055 0.001526 -6.294659
v 7.096624 1.052404 -6.342426
v 7.101382 1.051886 -6.373004
v 7.288955 1.047963 -6.312465
v 7.294431 1.050483 -6.342881
v 7.295849 0.948768 -6.309783
v 7.287301 0.699868 -6.306892
v 7.291829 0.578284 -6.304011
v 7.290478 0.335057 -6.300384
v 7.277260 0.245443 -6.300555
v 7.285432 0.097228 -6.296962
v 7.290267 0.461649 -6.333485
v 7.293974 0.585766 -6.334975
v 7.292024 0.699354 -6.337243
v 7.102529 0.096803 -6.325418
v 7.109544 0.339922 -6.328452
v 7.102641 0.461739 -6.331589
v 7.097261 0.705016 -6.336552
v 7.091389 0.948768 -6.341471
v 7.097014 0.951673 -6.371908
v 7.107838 0.821466 -6.368037
v 7.101090 0.700074 -6.366997
v 7.101947 0.582857 -6.364846
v 7.107364 0.461224 -6.361940
v 7.115179 0.341358 -6.358731
v 7.102246 0.210943 -6.358271
v 7.261435 -0.003932 -6.299076
v 7.227429 -0.000532 -6.304228
v 7.193955 -0.003138 -6.309495
v 7.158875 0.003872 -6.315122
v 7.126571 -0.003843 -6.320009
v 7.131430 -0.003809 -6.350309
v 7.198156 -0.009798 -6.339979
v 7.232211 -0.004607 -6.334697
v 7.265617 -0.020893 -6.329738
v 7.127031 1.048529 -6.337745
v 7.160655 1.048607 -6.332514
v 7.194280 1.048685 -6.327283
v 7.227856 1.048719 -6.322063
v 7.259340 1.037838 -6.316946
v 7.264987 1.041337 -6.347250
v 7.199002 1.048171 -6.357634
v 7.166380 1.053695 -6.362906
v 7.269107 0.947522 -6.344671
v 7.234833 0.949315 -6.350173
v 7.198927 0.948022 -6.355684
v 7.163674 0.947940 -6.361168
v 7.128207 0.948474 -6.366663
v 7.262490 0.826509 -6.344630
v 7.230443 0.820922 -6.348559
v 7.198348 0.825864 -6.354521
v 7.167165 0.826303 -6.358562
v 7.135436 0.826214 -6.363499
v 7.263507 0.705377 -6.341679
v 7.228671 0.699302 -6.346838
v 7.198052 0.708095 -6.351526
v 7.165233 0.704653 -6.356800
v 7.132536 0.711494 -6.362044
v 7.266068 0.583242 -6.339050
v 7.232443 0.583164 -6.344281
v 7.198956 0.583071 -6.350389
v 7.165195 0.583008 -6.354743
v 7.131571 0.582930 -6.359974
v 7.262235 0.461588 -6.337583
v 7.229781 0.468121 -6.342876
v 7.198785 0.464905 -6.348539
v 7.167046 0.461367 -6.352392
v 7.135316 0.461293 -6.357328
v 7.266555 0.334572 -6.334747
v 7.232368 0.339874 -6.340167
v 7.198881 0.339781 -6.346275
v 7.177732 0.338349 -6.348643
v 7.144107 0.338271 -6.353874
v 7.251676 0.245047 -6.335714
v 7.232331 0.218229 -6.338109
v 7.198707 0.218150 -6.343340
v 7.165112 0.218138 -6.348640
v 7.131595 0.217979 -6.354680
v 7.262122 0.096653 -6.331412
v 7.230304 0.103521 -6.336570
v 7.197700 0.100269 -6.341563
v 7.166934 0.096432 -6.346220
v 7.135204 0.096358 -6.351157
v 7.257479 0.097159 -6.301574
v 7.225750 0.097085 -6.306510
v 7.194020 0.097011 -6.311447
v 7.162706 0.095688 -6.316505
v 7.129691 0.101053 -6.321350
v 7.261176 0.218828 -6.302164
v 7.227545 0.225204 -6.308373
v 7.195808 0.218849 -6.313215
v 7.159233 0.218003 -6.319100
v 7.126554 0.218809 -6.324009
v 7.261693 0.335392 -6.304981
v 7.227725 0.340380 -6.310329
v 7.194101 0.340302 -6.315560
v 7.160477 0.340224 -6.320791
v 7.126853 0.340145 -6.326023
v 7.257592 0.462094 -6.307745
v 7.225862 0.462021 -6.312682
v 7.194160 0.461622 -6.317605
v 7.162403 0.461873 -6.322555
v 7.130089 0.460157 -6.327399
v 7.260267 0.583579 -6.308391
v 7.227800 0.583670 -6.314444
v 7.194176 0.583592 -6.319674
v 7.160552 0.583514 -6.324905
v 7.126927 0.583436 -6.330137
v 7.258310 0.706208 -6.312000
v 7.224052 0.699717 -6.316995
v 7.194221 0.710983 -6.321787
v 7.160589 0.705159 -6.326962
v 7.126965 0.705081 -6.332194
v 7.257761 0.830538 -6.313761
v 7.225407 0.834235 -6.319129
v 7.194749 0.822277 -6.322704
v 7.162522 0.826809 -6.328725
v 7.131125 0.827242 -6.333594
v 7.265840 0.952138 -6.314722
v 7.230258 0.950238 -6.320368
v 7.194147 0.948542 -6.324970
v 7.159031 0.948446 -6.331331
v 7.124958 0.953304 -6.336705
v 7.296403 -0.004746 -6.325190
v 7.293260 -0.007892 -6.310445
v 7.276425 -0.019400 -6.328093
v 7.267916 0.827614 -6.312102
v 7.286829 0.810381 -6.308815
v 7.287802 0.825748 -6.319883
v 7.287624 0.833978 -6.309092
v 7.264271 0.462111 -6.306643
v 7.286002 0.450365 -6.302878
v 7.288859 0.461802 -6.324435
v 7.286182 0.473963 -6.303223
v 7.268991 0.096442 -6.330404
v 7.289617 0.107581 -6.327597
v 7.286885 0.096797 -6.306037
v 7.291005 0.083991 -6.327035
v 7.261295 0.246885 -6.334336
v 7.283398 0.262501 -6.331320
v 7.278712 0.247264 -6.311171
v 7.282156 0.238946 -6.331127
v 7.275693 0.336231 -6.333431
v 7.295432 0.351711 -6.330795
v 7.292284 0.336649 -6.310256
v 7.294074 0.328154 -6.330630
v 7.269134 0.826698 -6.343440
v 7.291331 0.839092 -6.339689
v 7.289310 0.823735 -6.328779
v 7.290489 0.815498 -6.339420
v 7.299864 0.960047 -6.340451
v 7.297257 0.948614 -6.318832
v 7.299574 0.936461 -6.340086
v 7.279249 0.947758 -6.343208
v 7.097659 0.206489 -6.328031
v 7.118460 0.218665 -6.325193
v 7.098338 0.230073 -6.328325
v 7.100478 0.213484 -6.347906
v 7.098383 0.569959 -6.334028
v 7.119152 0.582986 -6.331251
v 7.097856 0.593560 -6.334510
v 7.100726 0.582523 -6.355587
v 7.101390 0.815562 -6.337607
v 7.123179 0.827275 -6.334713
v 7.100817 0.839150 -6.338084
v 7.105813 0.823453 -6.357819
v 7.103937 0.096650 -6.334467
v 7.106737 0.108087 -6.356026
v 7.128525 0.096341 -6.352259
v 7.106549 0.084491 -6.355691
v 7.143742 -0.003677 -6.348402
v 7.165269 0.008355 -6.345235
v 7.185163 -0.007306 -6.341990
v 7.161032 0.001313 -6.325602
v 7.251028 1.046041 -6.349411
v 7.233075 1.040366 -6.351991
v 7.212011 1.049707 -6.355556
v 7.229415 1.049796 -6.331486
v 7.128439 1.048376 -6.346795
v 7.152214 1.051371 -6.365029
v 7.131333 1.036214 -6.367926
v 7.111024 1.050657 -6.371446
v 7.486025 -0.004202 -6.297264
v 7.487263 -0.006059 -6.328136
v 7.680799 0.000217 -6.288299
v 7.500973 1.054080 -6.314625
v 7.502404 1.053552 -6.345538
v 7.695317 1.046564 -6.305545
v 7.697526 1.049062 -6.336373
v 7.700892 0.947267 -6.303663
v 7.688772 0.698526 -6.299975
v 7.691663 0.576880 -6.297650
v 7.686867 0.333697 -6.294002
v 7.672293 0.244302 -6.292786
v 7.678461 0.095969 -6.290158
v 7.685095 0.460347 -6.326834
v 7.690580 0.584393 -6.328661
v 7.690192 0.698002 -6.330658
v 7.493574 0.098470 -6.298757
v 7.504062 0.341455 -6.302425
v 7.498788 0.463371 -6.304749
v 7.496750 0.706714 -6.309001
v 7.494235 0.950537 -6.313156
v 7.496596 0.953418 -6.344020
v 7.505714 0.823049 -6.341392
v 7.497201 0.701776 -6.339684
v 7.496432 0.584556 -6.337687
v 7.500208 0.462847 -6.335433
v 7.506428 0.342867 -6.333135
v 7.491561 0.212670 -6.331340
v 7.652780 -0.004798 -6.289719
v 7.618476 -0.000854 -6.291178
v 7.584593 -0.002925 -6.292812
v 7.549226 0.004645 -6.294626
v 7.516466 -0.002552 -6.296011
v 7.518034 -0.002529 -6.326657
v 7.585382 -0.009585 -6.323574
v 7.619886 -0.004940 -6.321986
v 7.653370 -0.021757 -6.320660
v 7.531643 1.049720 -6.313246
v 7.565632 1.049260 -6.311666
v 7.599621 1.048800 -6.310085
v 7.633560 1.048297 -6.308510
v 7.665236 1.036913 -6.306817
v 7.667644 1.040387 -6.337551
v 7.601040 1.048276 -6.340768
v 7.568132 1.054322 -6.342495
v 7.670534 0.946514 -6.335471
v 7.635899 0.948856 -6.337250
v 7.599593 0.948136 -6.338864
v 7.563958 0.948618 -6.340521
v 7.528118 0.949719 -6.342165
v 7.662049 0.825620 -6.334769
v 7.629681 0.820544 -6.335227
v 7.597213 0.826001 -6.337697
v 7.565786 0.826936 -6.338358
v 7.533713 0.827356 -6.339849
v 7.661463 0.704481 -6.331996
v 7.626183 0.698963 -6.333376
v 7.595380 0.708245 -6.334737
v 7.562133 0.705329 -6.336450
v 7.529174 0.712691 -6.338140
v 7.662361 0.582316 -6.329710
v 7.628372 0.582775 -6.331290
v 7.594424 0.583220 -6.333758
v 7.560394 0.583695 -6.334452
v 7.526405 0.584154 -6.336032
v 7.656787 0.460734 -6.327890
v 7.624060 0.467786 -6.329657
v 7.592587 0.465067 -6.331950
v 7.560565 0.462035 -6.332366
v 7.528492 0.462469 -6.333857
v 7.659379 0.333660 -6.325590
v 7.624897 0.339508 -6.327295
v 7.590949 0.339952 -6.329762
v 7.569648 0.338857 -6.329841
v 7.535659 0.339317 -6.331421
v 7.643070 0.244381 -6.324987
v 7.623158 0.217874 -6.325297
v 7.589170 0.218334 -6.326879
v 7.555204 0.218859 -6.328530
v 7.521233 0.219238 -6.330926
v 7.651573 0.095832 -6.321898
v 7.619496 0.103209 -6.323598
v 7.586497 0.100479 -6.325053
v 7.555351 0.097134 -6.326373
v 7.523278 0.097568 -6.327865
v 7.650177 0.096348 -6.291734
v 7.618103 0.096781 -6.293225
v 7.586030 0.097215 -6.294717
v 7.554337 0.096393 -6.296375
v 7.521080 0.102285 -6.297635
v 7.655710 0.217945 -6.292666
v 7.621712 0.224860 -6.295216
v 7.589542 0.219014 -6.296615
v 7.552537 0.218753 -6.298529
v 7.519537 0.220081 -6.299891
v 7.657764 0.334493 -6.295473
v 7.623500 0.340023 -6.297131
v 7.589511 0.340483 -6.298712
v 7.555522 0.340942 -6.300292
v 7.521533 0.341402 -6.301873
v 7.655391 0.461249 -6.297726
v 7.623317 0.461683 -6.299218
v 7.591267 0.461791 -6.300699
v 7.559170 0.462550 -6.302201
v 7.526499 0.461351 -6.303539
v 7.659901 0.582678 -6.298604
v 7.626976 0.583291 -6.301126
v 7.592988 0.583750 -6.302707
v 7.558999 0.584210 -6.304288
v 7.525010 0.584670 -6.305869
v 7.659504 0.705330 -6.301929
v 7.624810 0.699387 -6.303210
v 7.594818 0.711129 -6.304758
v 7.560737 0.705844 -6.306285
v 7.526748 0.706304 -6.307866
v 7.660734 0.829657 -6.303568
v 7.628053 0.833872 -6.305420
v 7.597003 0.822402 -6.305679
v 7.564390 0.827452 -6.308194
v 7.532662 0.828387 -6.309654
v 7.670583 0.951117 -6.305342
v 7.634574 0.949787 -6.307125
v 7.598155 0.948667 -6.307813
v 7.562562 0.949134 -6.310357
v 7.528189 0.954537 -6.312029
v 7.684718 -0.006104 -6.319445
v 7.683130 -0.009232 -6.304450
v 7.664314 -0.020437 -6.320188
v 7.670961 0.826571 -6.303014
v 7.689843 0.809036 -6.301790
v 7.689861 0.824410 -6.312891
v 7.690977 0.832619 -6.302140
v 7.662149 0.461159 -6.297350
v 7.683971 0.449066 -6.295951
v 7.684671 0.460503 -6.317685
v 7.684486 0.472658 -6.296303
v 7.658505 0.095511 -6.321636
v 7.679488 0.106321 -6.321061
v 7.678922 0.095535 -6.299336
v 7.680555 0.082711 -6.320662
v 7.652809 0.246065 -6.324652
v 7.675353 0.261326 -6.324027
v 7.672623 0.246122 -6.303496
v 7.673766 0.237794 -6.323711
v 7.668632 0.335172 -6.325264
v 7.688782 0.350336 -6.324763
v 7.687624 0.335281 -6.304010
v 7.687077 0.326803 -6.324462
v 7.668784 0.825702 -6.334301
v 7.691449 0.837739 -6.332956
v 7.690372 0.822392 -6.321899
v 7.690268 0.814160 -6.332608
v 7.701760 0.958547 -6.334580
v 7.701316 0.947111 -6.312812
v 7.701138 0.934968 -6.334197
v 7.680777 0.946588 -6.335108
v 7.490185 0.208224 -6.300784
v 7.511361 0.220067 -6.300197
v 7.491201 0.231795 -6.301139
v 7.490959 0.215216 -6.320844
v 7.496003 0.571650 -6.306670
v 7.517153 0.584344 -6.306139
v 7.495800 0.595257 -6.307082
v 7.496210 0.584222 -6.328351
v 7.502487 0.817183 -6.310448
v 7.524644 0.828547 -6.309911
v 7.502239 0.840778 -6.310850
v 7.504833 0.825047 -6.331015
v 7.493997 0.098314 -6.307906
v 7.494640 0.109751 -6.329636
v 7.516520 0.097658 -6.328241
v 7.494118 0.086160 -6.329292
v 7.530481 -0.002594 -6.326087
v 7.552411 0.009092 -6.325251
v 7.572289 -0.006885 -6.324173
v 7.550201 0.002076 -6.305279
v 7.653609 1.045314 -6.338195
v 7.635395 1.039927 -6.338830
v 7.614220 1.049604 -6.340102
v 7.634113 1.049369 -6.318046
v 7.532066 1.049563 -6.322395
v 7.553784 1.052225 -6.343082
v 7.532476 1.037403 -6.343720
v 7.512136 1.052169 -6.345027
v 8.274886 1.024789 -6.279057
v 8.278312 1.025553 -6.309808
v 8.081060 1.017704 -6.299421
v 8.274740 0.004488 -6.261757
v 8.277997 0.003967 -6.292532
v 8.081186 0.008912 -6.282359
v 8.083695 0.005465 -6.313062
v 8.074265 0.104541 -6.284784
v 8.082866 0.344480 -6.287940
v 8.078278 0.461697 -6.290298
v 8.079708 0.696164 -6.294405
v 8.092916 0.782555 -6.294106
v 8.084739 0.925438 -6.297585
v 8.087863 0.573114 -6.322181
v 8.084124 0.453467 -6.320511
v 8.086099 0.343963 -6.318485
v 8.268815 0.925711 -6.278109
v 8.261759 0.691344 -6.274888
v 8.268706 0.573904 -6.272160
v 8.274124 0.339375 -6.267612
v 8.280005 0.104393 -6.262881
v 8.282372 0.100574 -6.293630
v 8.271482 0.226104 -6.296930
v 8.278265 0.343124 -6.298164
v 8.277393 0.456126 -6.300141
v 8.271939 0.573387 -6.302705
v 8.264083 0.688945 -6.305534
v 8.277029 0.814667 -6.306035
v 8.108913 1.022938 -6.296773
v 8.143085 1.019641 -6.292904
v 8.176801 1.022125 -6.289480
v 8.212118 1.015340 -6.285676
v 8.244627 1.022753 -6.282352
v 8.247713 1.021708 -6.312865
v 8.180598 1.027526 -6.320220
v 8.146307 1.022550 -6.323695
v 8.112819 1.038258 -6.328018
v 8.244167 0.008243 -6.265172
v 8.210328 0.008193 -6.268753
v 8.176488 0.008142 -6.272333
v 8.142697 0.008135 -6.275914
v 8.111002 0.018649 -6.279413
v 8.113312 0.014262 -6.310019
v 8.179721 0.007625 -6.302879
v 8.212578 0.002271 -6.299412
v 8.109076 0.104717 -6.311656
v 8.143606 0.102958 -6.308108
v 8.179728 0.104180 -6.304252
v 8.215206 0.104232 -6.300498
v 8.250893 0.103692 -6.296679
v 8.115986 0.221339 -6.313876
v 8.147991 0.226732 -6.309623
v 8.180519 0.221915 -6.306976
v 8.211692 0.221496 -6.302857
v 8.243625 0.221557 -6.299479
v 8.114771 0.338138 -6.315249
v 8.149790 0.343974 -6.311484
v 8.180547 0.335481 -6.307860
v 8.213635 0.338767 -6.304639
v 8.246552 0.332147 -6.301083
v 8.112152 0.455886 -6.317363
v 8.145991 0.455936 -6.313783
v 8.179925 0.455971 -6.311085
v 8.213672 0.456036 -6.306622
v 8.247511 0.456086 -6.303041
v 8.116008 0.573160 -6.318942
v 8.148704 0.566834 -6.315506
v 8.180128 0.569882 -6.313120
v 8.211807 0.573302 -6.308806
v 8.243740 0.573349 -6.305428
v 8.111656 0.695610 -6.321468
v 8.146064 0.690473 -6.317749
v 8.179997 0.690509 -6.315051
v 8.201051 0.691902 -6.311954
v 8.234891 0.691952 -6.308373
v 8.126672 0.781897 -6.321509
v 8.146100 0.807742 -6.319732
v 8.179940 0.807792 -6.316152
v 8.213768 0.807777 -6.312643
v 8.247713 0.807878 -6.309874
v 8.116116 0.924967 -6.324892
v 8.148162 0.918319 -6.321477
v 8.180968 0.921430 -6.318033
v 8.211915 0.925108 -6.314755
v 8.243849 0.925156 -6.311377
v 8.112938 0.925475 -6.294863
v 8.144871 0.925523 -6.291484
v 8.176805 0.925570 -6.288105
v 8.208372 0.926815 -6.284992
v 8.241501 0.921631 -6.281016
v 8.108989 0.808216 -6.292401
v 8.143058 0.802015 -6.289552
v 8.175001 0.808118 -6.286286
v 8.211864 0.808899 -6.282605
v 8.244703 0.808103 -6.278927
v 8.108706 0.695815 -6.291441
v 8.142886 0.690982 -6.287720
v 8.176725 0.691032 -6.284140
v 8.210566 0.691083 -6.280560
v 8.244406 0.691133 -6.276979
v 8.112829 0.573669 -6.288913
v 8.144763 0.573716 -6.285534
v 8.176667 0.574077 -6.282160
v 8.208629 0.573811 -6.278777
v 8.241110 0.575446 -6.275213
v 8.109882 0.456590 -6.286249
v 8.142814 0.456445 -6.283754
v 8.176654 0.456495 -6.280173
v 8.210493 0.456545 -6.276593
v 8.244333 0.456595 -6.273013
v 8.112167 0.338330 -6.285220
v 8.146587 0.344570 -6.281459
v 8.176600 0.333688 -6.278058
v 8.210457 0.339276 -6.274610
v 8.244297 0.339326 -6.271029
v 8.112610 0.218487 -6.282712
v 8.145242 0.214890 -6.279467
v 8.175841 0.226428 -6.275438
v 8.208513 0.222005 -6.272829
v 8.240107 0.221564 -6.269454
v 8.104522 0.101264 -6.281738
v 8.140368 0.103064 -6.278115
v 8.176456 0.104703 -6.273341
v 8.212029 0.104741 -6.270470
v 8.246318 0.100032 -6.266750
v 8.081827 1.022716 -6.331003
v 8.081093 1.026243 -6.316057
v 8.101945 1.036826 -6.329156
v 8.102383 0.221314 -6.283814
v 8.083336 0.237944 -6.286061
v 8.085172 0.222772 -6.296498
v 8.082536 0.215196 -6.285760
v 8.106091 0.573660 -6.289564
v 8.084173 0.585006 -6.291893
v 8.086899 0.573269 -6.313074
v 8.083984 0.562258 -6.291500
v 8.109221 0.925173 -6.325689
v 8.088516 0.914442 -6.327911
v 8.085667 0.925551 -6.306737
v 8.087133 0.937183 -6.328496
v 8.117014 0.780131 -6.322588
v 8.094810 0.765088 -6.324841
v 8.094231 0.780447 -6.304674
v 8.096064 0.787793 -6.325106
v 8.102479 0.694016 -6.322489
v 8.082658 0.679102 -6.324507
v 8.080492 0.694299 -6.304352
v 8.084030 0.701809 -6.324769
v 8.109259 0.221167 -6.314426
v 8.086789 0.209252 -6.316099
v 8.086007 0.224414 -6.305544
v 8.087637 0.231997 -6.316394
v 8.078213 0.092653 -6.315068
v 8.075230 0.104387 -6.293892
v 8.078502 0.115391 -6.315413
v 8.098898 0.104493 -6.312840
v 8.273716 0.819968 -6.275794
v 8.252831 0.808239 -6.277997
v 8.273033 0.797232 -6.275481
v 8.276066 0.812566 -6.295486
v 8.272978 0.469577 -6.269881
v 8.252136 0.457026 -6.272107
v 8.273509 0.446824 -6.269439
v 8.276196 0.456755 -6.290896
v 8.269925 0.232815 -6.266076
v 8.248072 0.221530 -6.268493
v 8.270498 0.210076 -6.265617
v 8.270807 0.224532 -6.286476
v 8.269779 0.925556 -6.287217
v 8.272560 0.913820 -6.308385
v 8.250587 0.925165 -6.310726
v 8.272758 0.936566 -6.308785
v 8.235324 1.021589 -6.314181
v 8.213654 1.010007 -6.316257
v 8.193662 1.025115 -6.318744
v 8.212736 1.017452 -6.296436
v 8.127338 0.009720 -6.308368
v 8.145376 0.015181 -6.306434
v 8.166609 0.006156 -6.304162
v 8.143606 0.006782 -6.285381
v 8.245131 0.008088 -6.274280
v 8.226826 0.004503 -6.297901
v 8.247814 0.019102 -6.295832
v 8.268284 0.005160 -6.293543
v 8.079784 1.051025 -6.308081
v 8.077344 1.051836 -6.338927
v 7.885577 1.044311 -6.291477
v 8.079632 -0.007354 -6.290170
v 8.077018 -0.007875 -6.321007
v 7.885686 -0.002130 -6.273860
v 7.882341 -0.005683 -6.304482
v 7.878738 0.097091 -6.275019
v 7.887358 0.345956 -6.279952
v 7.882783 0.467563 -6.281504
v 7.884164 0.710775 -6.286013
v 7.897468 0.800347 -6.288290
v 7.889240 0.948589 -6.290287
v 7.886533 0.583137 -6.314722
v 7.882793 0.459037 -6.312271
v 7.884763 0.345439 -6.310558
v 8.073683 0.948268 -6.305917
v 8.066609 0.705178 -6.301216
v 8.073570 0.583333 -6.299746
v 8.078997 0.340033 -6.296098
v 8.084909 0.096262 -6.292356
v 8.081417 0.092323 -6.322995
v 8.070503 0.222574 -6.324290
v 8.077306 0.343940 -6.326886
v 8.076439 0.461161 -6.328762
v 8.070976 0.582816 -6.330352
v 8.063097 0.702713 -6.331748
v 8.076120 0.833084 -6.334795
v 7.913446 1.049649 -6.294139
v 7.947723 1.046116 -6.296789
v 7.981486 1.048583 -6.299795
v 8.016865 1.041428 -6.302722
v 8.049440 1.049012 -6.305603
v 8.046706 1.047948 -6.336149
v 7.979428 1.054203 -6.330705
v 7.945082 1.049155 -6.327638
v 7.911431 1.065559 -6.325573
v 8.048977 -0.003359 -6.287755
v 8.015070 -0.003300 -6.284881
v 7.981163 -0.003241 -6.282008
v 7.947304 -0.003138 -6.279144
v 7.915552 0.007873 -6.276605
v 7.912027 0.003345 -6.307093
v 7.978568 -0.003758 -6.312614
v 8.011472 -0.009419 -6.315409
v 7.907849 0.097189 -6.307980
v 7.942421 0.095251 -6.311015
v 7.978626 0.096400 -6.314049
v 8.014175 0.096338 -6.317062
v 8.049938 0.095661 -6.320049
v 7.914589 0.218142 -6.311567
v 7.946839 0.223631 -6.313438
v 7.979266 0.218527 -6.316977
v 8.010654 0.217990 -6.318818
v 8.042650 0.217949 -6.321529
v 7.913512 0.339303 -6.312789
v 7.948630 0.345242 -6.315708
v 7.979491 0.336331 -6.317950
v 8.012603 0.339632 -6.321037
v 8.045577 0.332656 -6.323754
v 7.910919 0.461454 -6.314473
v 7.944826 0.461395 -6.317347
v 7.978658 0.461321 -6.321105
v 8.012640 0.461277 -6.323094
v 8.046547 0.461218 -6.325967
v 7.914783 0.583092 -6.316855
v 7.947519 0.576422 -6.319649
v 7.978839 0.579482 -6.323242
v 8.010773 0.582925 -6.324990
v 8.042770 0.582870 -6.327701
v 7.910426 0.710127 -6.318621
v 7.944901 0.704685 -6.321461
v 7.978733 0.704611 -6.325219
v 7.999997 0.705987 -6.326154
v 8.033904 0.705928 -6.329028
v 7.925441 0.799585 -6.321572
v 7.944938 0.826330 -6.323518
v 7.978846 0.826271 -6.326392
v 8.012727 0.826144 -6.329333
v 8.046585 0.826138 -6.333023
v 7.914896 0.948028 -6.323026
v 7.946988 0.941027 -6.325719
v 7.979865 0.944147 -6.328533
v 8.010885 0.947861 -6.331161
v 8.042882 0.947805 -6.333873
v 7.917446 0.948536 -6.292938
v 7.949443 0.948480 -6.295649
v 7.981440 0.948425 -6.298361
v 8.013031 0.949613 -6.301265
v 8.046297 0.944126 -6.303612
v 7.913656 0.826912 -6.289672
v 7.947631 0.820369 -6.293302
v 7.979635 0.826595 -6.296131
v 8.016533 0.827284 -6.299477
v 8.049473 0.826351 -6.302065
v 7.913198 0.710318 -6.288577
v 7.947452 0.705193 -6.291373
v 7.981359 0.705134 -6.294246
v 8.015266 0.705075 -6.297120
v 8.049173 0.705016 -6.299993
v 7.917334 0.583600 -6.286766
v 7.949331 0.583545 -6.289478
v 7.981299 0.583814 -6.292189
v 8.013324 0.583433 -6.294901
v 8.045898 0.585023 -6.297535
v 7.914567 0.462160 -6.283491
v 7.947377 0.461903 -6.287258
v 7.981284 0.461844 -6.290132
v 8.015191 0.461785 -6.293005
v 8.049098 0.461726 -6.295879
v 7.916626 0.339481 -6.282808
v 7.951157 0.345841 -6.285619
v 7.981236 0.334454 -6.287936
v 8.015154 0.340140 -6.290948
v 8.049061 0.340081 -6.293822
v 7.917150 0.215163 -6.280324
v 7.949795 0.211325 -6.283295
v 7.980641 0.223193 -6.285127
v 8.013205 0.218498 -6.288729
v 8.044865 0.217937 -6.291379
v 7.909015 0.093592 -6.277737
v 7.944906 0.095342 -6.280949
v 7.981252 0.096923 -6.283076
v 8.016726 0.096846 -6.286973
v 8.051085 0.091849 -6.289791
v 7.880383 1.049539 -6.322639
v 7.882495 1.053185 -6.307827
v 7.900533 1.064110 -6.324637
v 7.906907 0.218130 -6.279478
v 7.887832 0.235442 -6.278102
v 7.887615 0.219709 -6.288685
v 7.887030 0.211848 -6.277636
v 7.910594 0.583613 -6.286133
v 7.888667 0.595454 -6.284291
v 7.887307 0.583291 -6.305596
v 7.888483 0.571858 -6.283850
v 7.907974 0.948265 -6.322508
v 7.887189 0.937202 -6.320771
v 7.888424 0.948712 -6.299449
v 7.885793 0.960796 -6.321105
v 7.915748 0.797784 -6.320807
v 7.893470 0.782253 -6.318814
v 7.896757 0.798167 -6.298913
v 7.894724 0.805802 -6.319331
v 7.901216 0.708503 -6.317889
v 7.881323 0.693097 -6.316115
v 7.883050 0.708848 -6.295928
v 7.882694 0.716648 -6.316652
v 7.907879 0.217986 -6.310837
v 7.885460 0.205699 -6.308227
v 7.886733 0.221418 -6.297728
v 7.886309 0.229290 -6.308697
v 7.876858 0.084777 -6.305493
v 7.877964 0.096937 -6.284144
v 7.877150 0.108362 -6.305906
v 7.897630 0.096991 -6.307221
v 8.078593 0.838563 -6.304476
v 8.057631 0.826465 -6.302686
v 8.077909 0.814981 -6.304020
v 8.077158 0.830897 -6.324252
v 8.077861 0.475097 -6.298223
v 8.056933 0.462147 -6.296463
v 8.078392 0.451494 -6.297870
v 8.077011 0.461809 -6.319457
v 8.074821 0.229510 -6.293702
v 8.052869 0.217876 -6.291940
v 8.075397 0.205920 -6.293341
v 8.071809 0.220935 -6.313895
v 8.072909 0.948114 -6.315043
v 8.071606 0.935952 -6.336346
v 8.049622 0.947792 -6.334506
v 8.071796 0.959546 -6.336796
v 8.034290 1.047865 -6.335102
v 8.012581 1.035922 -6.333038
v 7.992528 1.051660 -6.331719
v 8.015447 1.043629 -6.313407
v 7.926098 -0.001413 -6.308116
v 7.944194 0.004193 -6.309628
v 7.965445 -0.005238 -6.311398
v 7.946404 -0.004535 -6.288611
v 8.048203 -0.003513 -6.296881
v 8.025755 -0.007151 -6.316617
v 8.046804 0.007924 -6.318562
v 8.067292 -0.006605 -6.320167
v 7.889377 0.897580 -6.298440
v 7.890293 0.898195 -6.329366
v 7.694467 0.894278 -6.302950
v 7.876658 -0.004488 -6.283595
v 7.877387 -0.005006 -6.314533
v 7.682158 0.002381 -6.288336
v 7.682107 -0.000712 -6.319148
v 7.676373 0.087035 -6.289963
v 7.687975 0.299038 -6.293242
v 7.684817 0.402743 -6.294942
v 7.689120 0.610018 -6.298599
v 7.703491 0.686197 -6.299175
v 7.697017 0.812647 -6.301637
v 7.693296 0.501095 -6.327237
v 7.688066 0.395369 -6.325551
v 7.688699 0.298524 -6.323950
v 7.882046 0.810076 -6.297235
v 7.872065 0.602975 -6.294002
v 7.877602 0.499038 -6.292126
v 7.880157 0.291602 -6.288589
v 7.883182 0.083760 -6.284908
v 7.882981 0.080339 -6.315755
v 7.873582 0.191490 -6.317861
v 7.881843 0.294846 -6.319368
v 7.882361 0.394767 -6.321000
v 7.878325 0.498523 -6.322834
v 7.871849 0.600810 -6.324740
v 7.886433 0.711766 -6.325998
v 7.722510 0.898479 -6.302569
v 7.756834 0.895042 -6.301507
v 7.790745 0.896723 -6.300838
v 7.826157 0.890185 -6.299942
v 7.858926 0.896242 -6.299263
v 7.859499 0.895263 -6.329927
v 7.792097 0.901433 -6.331772
v 7.757573 0.897557 -6.332451
v 7.724064 0.911956 -6.333991
v 7.845965 -0.000701 -6.284496
v 7.811950 -0.000228 -6.285306
v 7.777935 0.000245 -6.286115
v 7.743969 0.000754 -6.286929
v 7.712244 0.010534 -6.287807
v 7.711989 0.006613 -6.318510
v 7.778659 -0.000270 -6.316823
v 7.811611 -0.005506 -6.316060
v 7.708874 0.086650 -6.319582
v 7.743549 0.084568 -6.318866
v 7.779877 0.085096 -6.317965
v 7.815539 0.084600 -6.317116
v 7.851405 0.083577 -6.316221
v 7.717177 0.189653 -6.322083
v 7.749492 0.193932 -6.320441
v 7.782057 0.189176 -6.320467
v 7.813452 0.188329 -6.318904
v 7.845550 0.187896 -6.318141
v 7.717456 0.292936 -6.323077
v 7.752740 0.297561 -6.322165
v 7.783569 0.289582 -6.321082
v 7.816850 0.291982 -6.320561
v 7.849852 0.285626 -6.319716
v 7.716287 0.397079 -6.324692
v 7.750302 0.396607 -6.323883
v 7.784338 0.396119 -6.323961
v 7.818332 0.395661 -6.322264
v 7.852346 0.395188 -6.321455
v 7.721608 0.500705 -6.326303
v 7.754384 0.494612 -6.325560
v 7.785935 0.496827 -6.325737
v 7.817903 0.499367 -6.324012
v 7.850001 0.498921 -6.323248
v 7.718743 0.609033 -6.328177
v 7.753265 0.603965 -6.327288
v 7.787301 0.603478 -6.327366
v 7.808553 0.604388 -6.325993
v 7.842568 0.603915 -6.325183
v 7.734887 0.685091 -6.329239
v 7.754746 0.707644 -6.328991
v 7.788761 0.707172 -6.328181
v 7.822758 0.706641 -6.327443
v 7.856812 0.706211 -6.327450
v 7.726052 0.811743 -6.331411
v 7.758174 0.805376 -6.330637
v 7.791190 0.807626 -6.329872
v 7.822347 0.810405 -6.329120
v 7.854445 0.809959 -6.328356
v 7.725341 0.812249 -6.301223
v 7.757439 0.811803 -6.300459
v 7.789537 0.811357 -6.299696
v 7.821266 0.811976 -6.299163
v 7.854533 0.806886 -6.297915
v 7.719999 0.708638 -6.298725
v 7.754097 0.702635 -6.298678
v 7.786279 0.707542 -6.298013
v 7.823325 0.707670 -6.297348
v 7.856339 0.706465 -6.296362
v 7.718254 0.609266 -6.298010
v 7.752553 0.604471 -6.297100
v 7.786569 0.603998 -6.296290
v 7.820583 0.603526 -6.295481
v 7.854599 0.603053 -6.294672
v 7.720897 0.501211 -6.296115
v 7.752995 0.500765 -6.295352
v 7.785069 0.500597 -6.294589
v 7.817191 0.499873 -6.293824
v 7.849873 0.500822 -6.292916
v 7.716572 0.397744 -6.293496
v 7.749590 0.397113 -6.293694
v 7.783606 0.396640 -6.292885
v 7.817620 0.396167 -6.292076
v 7.851635 0.395694 -6.291266
v 7.717313 0.293153 -6.292936
v 7.752005 0.298144 -6.291979
v 7.782041 0.288065 -6.291062
v 7.816139 0.292488 -6.290373
v 7.850154 0.292015 -6.289564
v 7.716316 0.187191 -6.290756
v 7.749049 0.183512 -6.290190
v 7.780029 0.193246 -6.288642
v 7.812740 0.188835 -6.288716
v 7.844492 0.187963 -6.287929
v 7.706728 0.083675 -6.289402
v 7.742770 0.084718 -6.288709
v 7.779145 0.085617 -6.286890
v 7.814828 0.085106 -6.286928
v 7.849237 0.080419 -6.286028
v 7.692724 0.898690 -6.334476
v 7.693259 0.901823 -6.319513
v 7.713116 0.910857 -6.334243
v 7.706073 0.189847 -6.291013
v 7.687136 0.204840 -6.291660
v 7.687907 0.191396 -6.302248
v 7.686052 0.184741 -6.291349
v 7.714128 0.501306 -6.296214
v 7.692252 0.511672 -6.296721
v 7.693080 0.501248 -6.318081
v 7.691785 0.491563 -6.296368
v 7.719118 0.812031 -6.331644
v 7.698158 0.802860 -6.332196
v 7.697197 0.812730 -6.310834
v 7.697044 0.822987 -6.332613
v 7.725150 0.683677 -6.329531
v 7.702634 0.670716 -6.330002
v 7.703911 0.684310 -6.309819
v 7.704172 0.690772 -6.330314
v 7.709493 0.607763 -6.328450
v 7.689372 0.594880 -6.328880
v 7.689065 0.608355 -6.308581
v 7.691030 0.614935 -6.329200
v 7.710426 0.189604 -6.322083
v 7.687736 0.179413 -6.321946
v 7.688025 0.192832 -6.311327
v 7.688868 0.199509 -6.322256
v 7.677675 0.076456 -6.320495
v 7.676589 0.086881 -6.299119
v 7.678246 0.096555 -6.320808
v 7.698632 0.086608 -6.319932
v 7.885669 0.716511 -6.295576
v 7.864516 0.706460 -6.296096
v 7.884703 0.696421 -6.295262
v 7.886303 0.709926 -6.315412
v 7.880614 0.406734 -6.290450
v 7.859491 0.395956 -6.290998
v 7.880867 0.386610 -6.290106
v 7.881931 0.395344 -6.311687
v 7.874637 0.197455 -6.286967
v 7.852508 0.187811 -6.287621
v 7.874934 0.177342 -6.286611
v 7.873738 0.190113 -6.307390
v 7.882261 0.809922 -6.306390
v 7.883146 0.799497 -6.327742
v 7.861214 0.809864 -6.328258
v 7.883622 0.819605 -6.328104
v 7.847044 0.895348 -6.330229
v 7.825120 0.885439 -6.330558
v 7.805202 0.899102 -6.331371
v 7.825925 0.892041 -6.310711
v 7.726039 0.002383 -6.318018
v 7.744246 0.006935 -6.317549
v 7.765467 -0.001368 -6.317037
v 7.744084 -0.000458 -6.296442
v 7.846181 -0.000854 -6.293653
v 7.825963 -0.003750 -6.315710
v 7.847248 0.008837 -6.315325
v 7.867641 -0.003803 -6.314746
v 8.468459 0.006140 -6.255061
v 8.467186 0.004334 -6.285933
v 8.663242 0.012762 -6.262089
v 8.468603 1.026442 -6.272282
v 8.467501 1.025920 -6.303208
v 8.663116 1.021553 -6.279176
v 8.662758 1.023957 -6.310078
v 8.670076 0.925905 -6.277880
v 8.661434 0.685986 -6.273517
v 8.666038 0.568762 -6.271588
v 8.664621 0.334289 -6.267859
v 8.651322 0.247941 -6.265563
v 8.659554 0.105032 -6.263632
v 8.658567 0.456320 -6.300278
v 8.662322 0.575960 -6.302396
v 8.660340 0.685468 -6.304214
v 8.474567 0.105201 -6.257041
v 8.481657 0.339551 -6.261257
v 8.474675 0.457007 -6.262990
v 8.469231 0.691550 -6.266759
v 8.463312 0.926551 -6.270393
v 8.463099 0.929326 -6.301343
v 8.474043 0.803769 -6.299633
v 8.467226 0.686765 -6.297381
v 8.468100 0.573762 -6.295473
v 8.473581 0.456489 -6.293687
v 8.481480 0.340910 -6.292054
v 8.468451 0.215228 -6.289208
v 8.635266 0.007587 -6.261213
v 8.600912 0.010973 -6.259851
v 8.567037 0.008566 -6.258704
v 8.531548 0.015434 -6.257603
v 8.498878 0.008099 -6.256305
v 8.497928 0.008109 -6.286977
v 8.565386 0.002125 -6.289434
v 8.599841 0.007021 -6.290675
v 8.633531 -0.008784 -6.292119
v 8.499334 1.022610 -6.273427
v 8.533341 1.022579 -6.274639
v 8.567348 1.022549 -6.275851
v 8.601307 1.022475 -6.277065
v 8.633156 1.011886 -6.277989
v 8.632992 1.015233 -6.308812
v 8.566255 1.022030 -6.306548
v 8.533241 1.027459 -6.305564
v 8.637224 0.924780 -6.307092
v 8.602533 0.926618 -6.306022
v 8.566229 0.925484 -6.304655
v 8.530575 0.925516 -6.303385
v 8.494711 0.926143 -6.302083
v 8.630349 0.808142 -6.305846
v 8.598119 0.802857 -6.303655
v 8.565491 0.807723 -6.303448
v 8.534107 0.808244 -6.301529
v 8.502017 0.808259 -6.300385
v 8.631518 0.691365 -6.303184
v 8.596315 0.685618 -6.301674
v 8.565392 0.694192 -6.300493
v 8.532154 0.690977 -6.299478
v 8.499079 0.697675 -6.298451
v 8.634140 0.573616 -6.301129
v 8.600133 0.573647 -6.299918
v 8.566093 0.573662 -6.299593
v 8.532118 0.573708 -6.297494
v 8.498112 0.573739 -6.296282
v 8.630265 0.456350 -6.299010
v 8.597417 0.462751 -6.298078
v 8.565899 0.459748 -6.297787
v 8.533993 0.456438 -6.295579
v 8.501902 0.456467 -6.294436
v 8.634638 0.333890 -6.297087
v 8.600060 0.339109 -6.295951
v 8.566022 0.339125 -6.295627
v 8.544802 0.337812 -6.293960
v 8.510795 0.337843 -6.292748
v 8.619559 0.247633 -6.295259
v 8.600024 0.221840 -6.293968
v 8.566017 0.221871 -6.292757
v 8.532027 0.221966 -6.291618
v 8.497971 0.221918 -6.291220
v 8.630157 0.104544 -6.293060
v 8.597959 0.111265 -6.292116
v 8.564988 0.108234 -6.290864
v 8.533884 0.104632 -6.289630
v 8.501793 0.104661 -6.288486
v 8.631233 0.105054 -6.262883
v 8.599142 0.105083 -6.261740
v 8.567051 0.105112 -6.260596
v 8.535341 0.103936 -6.259651
v 8.502022 0.109212 -6.258173
v 8.635139 0.222334 -6.264116
v 8.600962 0.228587 -6.263861
v 8.568862 0.222561 -6.262626
v 8.531830 0.221861 -6.261499
v 8.498816 0.222742 -6.260149
v 8.635488 0.334704 -6.266938
v 8.601136 0.339619 -6.265774
v 8.567129 0.339650 -6.264563
v 8.533122 0.339681 -6.263350
v 8.499115 0.339712 -6.262139
v 8.631341 0.456860 -6.268832
v 8.599250 0.456889 -6.267689
v 8.567187 0.456605 -6.266537
v 8.535069 0.456948 -6.265402
v 8.502416 0.455396 -6.264058
v 8.634233 0.573966 -6.269927
v 8.601209 0.574157 -6.269741
v 8.567202 0.574187 -6.268529
v 8.533194 0.574218 -6.267317
v 8.499187 0.574249 -6.266105
v 8.632021 0.692190 -6.273057
v 8.597416 0.686040 -6.271496
v 8.567253 0.696995 -6.270566
v 8.533230 0.691487 -6.269300
v 8.499223 0.691518 -6.268088
v 8.631546 0.812049 -6.274638
v 8.598772 0.815715 -6.273798
v 8.567953 0.804284 -6.271525
v 8.535183 0.808754 -6.271351
v 8.503433 0.809271 -6.270204
v 8.639686 0.929248 -6.277063
v 8.603672 0.927529 -6.275889
v 8.567336 0.926009 -6.273591
v 8.531651 0.926026 -6.273208
v 8.497191 0.930818 -6.272049
v 8.664673 0.006684 -6.293460
v 8.664360 0.003665 -6.278389
v 8.644459 -0.007379 -6.292544
v 8.641823 0.809198 -6.274927
v 8.660961 0.792525 -6.275278
v 8.659875 0.807333 -6.286324
v 8.661764 0.815271 -6.275691
v 8.638108 0.456855 -6.269011
v 8.660122 0.445463 -6.269422
v 8.658894 0.456475 -6.291125
v 8.660309 0.468211 -6.269785
v 8.637092 0.104319 -6.293368
v 8.657912 0.114993 -6.294502
v 8.659266 0.104610 -6.272818
v 8.659306 0.092247 -6.294220
v 8.629271 0.249374 -6.295722
v 8.651596 0.264358 -6.296927
v 8.650750 0.249689 -6.276261
v 8.650337 0.241655 -6.296512
v 8.643866 0.335460 -6.297518
v 8.663797 0.350321 -6.298652
v 8.664535 0.335815 -6.277894
v 8.662419 0.327616 -6.298242
v 8.637098 0.808303 -6.305932
v 8.659643 0.820181 -6.306435
v 8.659670 0.805386 -6.295345
v 8.658792 0.797438 -6.306020
v 8.668264 0.936758 -6.308750
v 8.669750 0.925750 -6.287033
v 8.667974 0.914021 -6.308345
v 8.647461 0.924976 -6.307570
v 8.469642 0.210956 -6.258647
v 8.490643 0.222629 -6.259784
v 8.470327 0.233690 -6.259056
v 8.468679 0.217685 -6.278695
v 8.470379 0.561347 -6.264541
v 8.491339 0.573840 -6.265731
v 8.469845 0.584101 -6.264906
v 8.468649 0.573447 -6.286151
v 8.473438 0.798106 -6.268536
v 8.495420 0.809328 -6.269803
v 8.472860 0.820847 -6.268887
v 8.473990 0.805694 -6.289216
v 8.474240 0.105046 -6.266193
v 8.472956 0.116058 -6.287889
v 8.495026 0.104666 -6.288307
v 8.472760 0.093311 -6.287533
v 8.510379 0.008198 -6.287429
v 8.532154 0.019729 -6.288379
v 8.552254 0.004569 -6.288954
v 8.531679 0.012958 -6.268302
v 8.618890 1.019812 -6.308297
v 8.600755 1.014399 -6.307443
v 8.579426 1.023470 -6.306962
v 8.601063 1.023506 -6.286613
v 8.499008 1.022456 -6.282580
v 8.518921 1.025263 -6.304975
v 8.497822 1.010717 -6.303883
v 8.477259 1.024704 -6.303499
v 8.270689 -0.005643 -6.283535
v 8.275273 -0.007494 -6.314091
v 8.463273 0.001857 -6.253666
v 8.270842 1.052736 -6.301433
v 8.275600 1.052217 -6.332011
v 8.463173 1.048295 -6.271472
v 8.468648 1.050815 -6.301888
v 8.470067 0.949099 -6.268789
v 8.461518 0.700200 -6.265899
v 8.466046 0.578615 -6.263018
v 8.464696 0.335388 -6.259391
v 8.451477 0.245775 -6.259562
v 8.459650 0.097560 -6.255969
v 8.464485 0.461980 -6.292492
v 8.468192 0.586097 -6.293982
v 8.466242 0.699685 -6.296250
v 8.276747 0.097135 -6.284424
v 8.283761 0.340253 -6.287459
v 8.276859 0.462070 -6.290596
v 8.271479 0.705348 -6.295559
v 8.265607 0.949099 -6.300478
v 8.271233 0.952004 -6.330914
v 8.282055 0.821797 -6.327044
v 8.275308 0.700405 -6.326004
v 8.276165 0.583188 -6.323853
v 8.281582 0.461556 -6.320947
v 8.289397 0.341690 -6.317738
v 8.276464 0.211274 -6.317278
v 8.435652 -0.003601 -6.258083
v 8.401648 -0.000200 -6.263235
v 8.368174 -0.002806 -6.268502
v 8.333093 0.004203 -6.274128
v 8.300789 -0.003512 -6.279016
v 8.305648 -0.003477 -6.309316
v 8.372375 -0.009466 -6.298985
v 8.406429 -0.004276 -6.293704
v 8.439836 -0.020561 -6.288744
v 8.301249 1.048861 -6.296751
v 8.334873 1.048939 -6.291521
v 8.368498 1.049017 -6.286290
v 8.402074 1.049050 -6.281070
v 8.433558 1.038170 -6.275953
v 8.439205 1.041669 -6.306257
v 8.373220 1.048502 -6.316641
v 8.340598 1.054027 -6.321913
v 8.443325 0.947853 -6.303678
v 8.409050 0.949647 -6.309180
v 8.373144 0.948353 -6.314691
v 8.337893 0.948271 -6.320175
v 8.302425 0.948805 -6.325670
v 8.436708 0.826841 -6.303637
v 8.404661 0.821254 -6.307566
v 8.372566 0.826196 -6.313528
v 8.341383 0.826634 -6.317569
v 8.309654 0.826546 -6.322505
v 8.437725 0.705709 -6.300686
v 8.402889 0.699633 -6.305844
v 8.372271 0.708427 -6.310533
v 8.339451 0.704985 -6.315807
v 8.306754 0.711825 -6.321051
v 8.440286 0.583574 -6.298057
v 8.406661 0.583496 -6.303288
v 8.373174 0.583403 -6.309396
v 8.339413 0.583340 -6.313750
v 8.305788 0.583261 -6.318981
v 8.436453 0.461920 -6.296590
v 8.403999 0.468453 -6.301883
v 8.373003 0.465236 -6.307546
v 8.341264 0.461699 -6.311399
v 8.309534 0.461625 -6.316335
v 8.440773 0.334904 -6.293754
v 8.406586 0.340205 -6.299173
v 8.373098 0.340112 -6.305282
v 8.351950 0.338681 -6.307650
v 8.318325 0.338603 -6.312881
v 8.425894 0.245379 -6.294721
v 8.406549 0.218560 -6.297116
v 8.372925 0.218482 -6.302347
v 8.339331 0.218470 -6.307647
v 8.305813 0.218311 -6.313686
v 8.436340 0.096984 -6.290419
v 8.404522 0.103852 -6.295577
v 8.371918 0.100600 -6.300570
v 8.341151 0.096763 -6.305227
v 8.309422 0.096689 -6.310164
v 8.431697 0.097490 -6.260581
v 8.399967 0.097417 -6.265517
v 8.368238 0.097343 -6.270454
v 8.336925 0.096020 -6.275512
v 8.303909 0.101385 -6.280356
v 8.435393 0.219159 -6.261171
v 8.401762 0.225536 -6.267380
v 8.370027 0.219181 -6.272222
v 8.333450 0.218335 -6.278107
v 8.300773 0.219141 -6.283016
v 8.435911 0.335724 -6.263988
v 8.401943 0.340711 -6.269336
v 8.368319 0.340633 -6.274567
v 8.334695 0.340555 -6.279798
v 8.301070 0.340477 -6.285029
v 8.431809 0.462426 -6.266752
v 8.400080 0.462352 -6.271689
v 8.368378 0.461953 -6.276611
v 8.336620 0.462205 -6.281561
v 8.304307 0.460489 -6.286406
v 8.434485 0.583910 -6.267397
v 8.402018 0.584002 -6.273450
v 8.368394 0.583924 -6.278681
v 8.334769 0.583845 -6.283912
v 8.301146 0.583767 -6.289144
v 8.432528 0.706540 -6.271007
v 8.398270 0.700048 -6.276001
v 8.368439 0.711314 -6.280794
v 8.334807 0.705491 -6.285970
v 8.301183 0.705413 -6.291201
v 8.431979 0.830870 -6.272768
v 8.399625 0.834567 -6.278135
v 8.368967 0.822608 -6.281711
v 8.336740 0.827140 -6.287732
v 8.305343 0.827574 -6.292601
v 8.440058 0.952469 -6.273729
v 8.404476 0.950569 -6.279375
v 8.368364 0.948874 -6.283977
v 8.333249 0.948777 -6.290338
v 8.299175 0.953636 -6.295712
v 8.470621 -0.004415 -6.284196
v 8.467478 -0.007561 -6.269452
v 8.450643 -0.019069 -6.287100
v 8.442134 0.827946 -6.271109
v 8.461047 0.810712 -6.267823
v 8.462019 0.826079 -6.278890
v 8.461842 0.834310 -6.268099
v 8.438489 0.462442 -6.265650
v 8.460220 0.450696 -6.261885
v 8.463077 0.462134 -6.283442
v 8.460401 0.474294 -6.262230
v 8.443209 0.096773 -6.289411
v 8.463835 0.107913 -6.286604
v 8.461102 0.097128 -6.265044
v 8.465222 0.084323 -6.286042
v 8.435513 0.247216 -6.293343
v 8.457616 0.262832 -6.290327
v 8.452929 0.247596 -6.270177
v 8.456373 0.239278 -6.290133
v 8.449911 0.336562 -6.292438
v 8.469650 0.352042 -6.289802
v 8.466501 0.336980 -6.269263
v 8.468292 0.328485 -6.289637
v 8.443352 0.827029 -6.302447
v 8.465549 0.839423 -6.298696
v 8.463528 0.824066 -6.287786
v 8.464706 0.815829 -6.298427
v 8.474081 0.960379 -6.299458
v 8.471476 0.948946 -6.277839
v 8.473792 0.936793 -6.299092
v 8.453466 0.948089 -6.302215
v 8.271877 0.206820 -6.287037
v 8.292678 0.218997 -6.284200
v 8.272555 0.230405 -6.287332
v 8.274696 0.213815 -6.306913
v 8.272600 0.570290 -6.293035
v 8.293369 0.583317 -6.290258
v 8.272074 0.593891 -6.293517
v 8.274944 0.582855 -6.314594
v 8.275608 0.815894 -6.296614
v 8.297398 0.827607 -6.293720
v 8.275035 0.839482 -6.297091
v 8.280031 0.823785 -6.316826
v 8.278154 0.096981 -6.293474
v 8.280954 0.108418 -6.315033
v 8.302742 0.096673 -6.311266
v 8.280767 0.084822 -6.314698
v 8.317960 -0.003345 -6.307409
v 8.339487 0.008687 -6.304242
v 8.359381 -0.006974 -6.300996
v 8.335250 0.001645 -6.284609
v 8.425246 1.046373 -6.308418
v 8.407293 1.040698 -6.310997
v 8.386229 1.050039 -6.314562
v 8.403633 1.050128 -6.290493
v 8.302657 1.048707 -6.305801
v 8.326431 1.051703 -6.324036
v 8.305552 1.036546 -6.326933
v 8.285242 1.050988 -6.330453
v 7.084990 0.000572 -5.937590
v 7.054207 -0.000801 -5.940548
v 7.126668 0.001094 -6.323149
v 7.085306 1.058957 -5.955145
v 7.054534 1.058910 -5.958469
v 7.126855 1.047548 -6.339989
v 7.096343 1.050511 -6.344819
v 7.128248 0.948103 -6.352157
v 7.126339 0.699510 -6.330992
v 7.127404 0.577758 -6.338096
v 7.126762 0.334583 -6.331373
v 7.124254 0.245440 -6.303530
v 7.125789 0.096931 -6.317432
v 7.095359 0.461820 -6.326903
v 7.096229 0.585803 -6.336352
v 7.095796 0.699464 -6.334292
v 7.086234 0.103134 -5.951368
v 7.087807 0.346001 -5.969369
v 7.086346 0.468069 -5.957540
v 7.085241 0.711545 -5.950737
v 7.084161 0.955509 -5.942982
v 7.053643 0.958853 -5.948109
v 7.055931 0.828253 -5.967645
v 7.054473 0.707103 -5.952168
v 7.054661 0.589853 -5.951979
v 7.055803 0.468023 -5.960839
v 7.057424 0.347873 -5.974519
v 7.054861 0.217920 -5.946563
v 7.120479 -0.003359 -6.267738
v 7.113326 0.001270 -6.199776
v 7.105982 -0.000121 -6.132719
v 7.098348 0.008160 -6.062615
v 7.091369 0.001615 -5.997839
v 7.060895 0.002113 -6.001427
v 7.075167 -0.006291 -6.134843
v 7.082604 -0.002336 -6.203098
v 7.089302 -0.019821 -6.269589
v 7.091763 1.053982 -6.015914
v 7.099034 1.052842 -6.083210
v 7.106306 1.051702 -6.150506
v 7.113563 1.050519 -6.217705
v 7.120402 1.038496 -6.280546
v 7.090032 1.042431 -6.285755
v 7.075763 1.051656 -6.153806
v 7.068606 1.058365 -6.088587
v 7.091252 0.948458 -6.292540
v 7.083700 0.951496 -6.223946
v 7.075990 0.951503 -6.152074
v 7.068366 0.952698 -6.081520
v 7.060730 0.954517 -6.010552
v 7.088795 0.827704 -6.277132
v 7.082841 0.823258 -6.213093
v 7.075005 0.829382 -6.148765
v 7.069091 0.830933 -6.086524
v 7.062229 0.831995 -6.023021
v 7.089736 0.706519 -6.277338
v 7.082362 0.701702 -6.207551
v 7.075972 0.711601 -6.146460
v 7.068644 0.709352 -6.080674
v 7.061534 0.717379 -6.015340
v 7.090422 0.584286 -6.280504
v 7.083150 0.585427 -6.213209
v 7.074996 0.586566 -6.146008
v 7.068606 0.587707 -6.078617
v 7.061335 0.588848 -6.011321
v 7.089563 0.462770 -6.270851
v 7.082412 0.470482 -6.205980
v 7.074800 0.468407 -6.143716
v 7.068977 0.465998 -6.080339
v 7.062116 0.467074 -6.016836
v 7.090477 0.335596 -6.277429
v 7.083075 0.342136 -6.209094
v 7.074921 0.343275 -6.141894
v 7.071259 0.342592 -6.099721
v 7.063987 0.343732 -6.032425
v 7.087065 0.246613 -6.246160
v 7.083037 0.220491 -6.207037
v 7.075766 0.221631 -6.139741
v 7.068428 0.222838 -6.072493
v 7.060340 0.223911 -6.005245
v 7.089451 0.097834 -6.264680
v 7.082479 0.105857 -6.201093
v 7.075454 0.103786 -6.135793
v 7.068865 0.101062 -6.074168
v 7.062003 0.102138 -6.010664
v 7.119477 0.097880 -6.261436
v 7.112615 0.098956 -6.197932
v 7.105753 0.100032 -6.134429
v 7.098770 0.099848 -6.071696
v 7.092021 0.106401 -6.005783
v 7.121218 0.219398 -6.270994
v 7.113066 0.227011 -6.203619
v 7.106190 0.221806 -6.139997
v 7.098068 0.222290 -6.066741
v 7.091194 0.224276 -6.001390
v 7.120423 0.335964 -6.273748
v 7.113101 0.342182 -6.205851
v 7.105829 0.343322 -6.138555
v 7.098557 0.344462 -6.071259
v 7.091286 0.345603 -6.003963
v 7.119589 0.462815 -6.267608
v 7.112727 0.463892 -6.204103
v 7.105875 0.464641 -6.140650
v 7.099003 0.466044 -6.077096
v 7.092173 0.465495 -6.012427
v 7.121212 0.584184 -6.275139
v 7.113176 0.585472 -6.209965
v 7.105904 0.586613 -6.142669
v 7.098632 0.587753 -6.075373
v 7.091361 0.588893 -6.008077
v 7.119575 0.706911 -6.272978
v 7.112393 0.701656 -6.204355
v 7.105987 0.714002 -6.144844
v 7.098670 0.709398 -6.077430
v 7.091398 0.710538 -6.010134
v 7.119925 0.831253 -6.273992
v 7.112655 0.836128 -6.209245
v 7.107029 0.825260 -6.147889
v 7.099117 0.830979 -6.083281
v 7.092352 0.832549 -6.020455
v 7.121543 0.952564 -6.292110
v 7.113705 0.951957 -6.220839
v 7.106898 0.951550 -6.148735
v 7.098392 0.952744 -6.078276
v 7.091035 0.958837 -6.010164
v 7.095995 -0.004791 -6.331472
v 7.110724 -0.008135 -6.328129
v 7.091627 -0.018720 -6.291241
v 7.122150 0.827961 -6.294273
v 7.126287 0.810040 -6.331854
v 7.115378 0.825598 -6.331885
v 7.126465 0.833610 -6.333830
v 7.121098 0.462589 -6.280988
v 7.125981 0.450051 -6.324325
v 7.104465 0.461834 -6.325920
v 7.126054 0.473642 -6.325077
v 7.090870 0.097376 -6.278410
v 7.095117 0.107773 -6.319830
v 7.116655 0.096638 -6.318495
v 7.095356 0.084133 -6.322212
v 7.089056 0.248103 -6.265422
v 7.093679 0.262922 -6.309882
v 7.113594 0.247431 -6.304330
v 7.093392 0.239412 -6.307009
v 7.092375 0.336925 -6.295731
v 7.096471 0.351693 -6.335454
v 7.116874 0.336318 -6.333011
v 7.096148 0.328186 -6.332347
v 7.090394 0.827649 -6.290462
v 7.095712 0.839228 -6.335189
v 7.106400 0.823719 -6.333061
v 7.095524 0.815664 -6.333118
v 7.097548 0.959877 -6.354229
v 7.119141 0.948089 -6.353141
v 7.097489 0.936301 -6.353267
v 7.093331 0.948329 -6.312818
v 7.085213 0.212997 -5.943411
v 7.089518 0.224424 -5.985202
v 7.085364 0.236557 -5.945154
v 7.065323 0.220305 -5.945177
v 7.085512 0.576443 -5.950793
v 7.089768 0.588723 -5.992525
v 7.085403 0.600064 -5.950122
v 7.063982 0.589370 -5.951397
v 7.086341 0.821939 -5.960836
v 7.090754 0.832868 -6.004578
v 7.086235 0.845547 -5.960076
v 7.066219 0.830097 -5.965714
v 7.077127 0.103120 -5.952353
v 7.055605 0.114904 -5.953834
v 7.060494 0.102365 -5.997284
v 7.055522 0.091315 -5.953068
v 7.063551 0.001799 -6.026068
v 7.068231 0.013051 -6.069352
v 7.072412 -0.003329 -6.108889
v 7.087790 0.005747 -6.064745
v 7.087106 1.047639 -6.257912
v 7.083342 1.042612 -6.221911
v 7.078658 1.052719 -6.179881
v 7.104107 1.051738 -6.218937
v 7.082656 1.053969 -6.016898
v 7.065584 1.056553 -6.060204
v 7.061162 1.042150 -6.018187
v 7.056656 1.057331 -5.977753
v 8.648767 0.005753 -6.274665
v 8.679651 0.004486 -6.273037
v 8.624498 0.019061 -5.890310
v 8.649076 1.026049 -6.292261
v 8.679966 1.026072 -6.290313
v 8.624907 1.027838 -5.908226
v 8.655603 1.030812 -5.904873
v 8.624079 0.932431 -5.892801
v 8.625071 0.692218 -5.905657
v 8.624346 0.575151 -5.894532
v 8.624722 0.340638 -5.893183
v 8.625988 0.253827 -5.917968
v 8.625104 0.111206 -5.899192
v 8.655872 0.463036 -5.903209
v 8.655409 0.582802 -5.897899
v 8.655731 0.692242 -5.903724
v 8.648129 0.105024 -6.264334
v 8.647331 0.339615 -6.254443
v 8.648237 0.456831 -6.270284
v 8.648996 0.691184 -6.285140
v 8.649689 0.925976 -6.300955
v 8.680405 0.929327 -6.297320
v 8.679020 0.804147 -6.273514
v 8.679798 0.686910 -6.284924
v 8.679621 0.573938 -6.281223
v 8.678898 0.456854 -6.268351
v 8.677914 0.341548 -6.250730
v 8.679235 0.215415 -6.274280
v 8.628186 0.012930 -5.945412
v 8.632270 0.015132 -6.013309
v 8.636586 0.011565 -6.080118
v 8.641053 0.017216 -6.150282
v 8.645109 0.008759 -6.214642
v 8.675712 0.009315 -6.212438
v 8.667465 0.005650 -6.079161
v 8.663109 0.011727 -6.011244
v 8.659416 -0.002912 -5.944401
v 8.645365 1.023274 -6.231518
v 8.641131 1.024411 -6.164392
v 8.636898 1.025547 -6.097266
v 8.632676 1.026639 -6.030234
v 8.628675 1.017143 -5.967187
v 8.659249 1.021065 -5.963484
v 8.667559 1.025570 -6.095333
v 8.671770 1.029868 -6.160578
v 8.658350 0.930752 -5.953589
v 8.662805 0.931401 -6.022079
v 8.667270 0.929020 -6.093726
v 8.671707 0.927828 -6.164103
v 8.676139 0.927223 -6.234910
v 8.660130 0.813897 -5.964988
v 8.663194 0.807488 -6.028640
v 8.668124 0.811250 -6.093012
v 8.671227 0.810679 -6.155076
v 8.675221 0.809592 -6.218419
v 8.659219 0.697147 -5.960731
v 8.663442 0.690189 -6.030137
v 8.667072 0.697697 -6.091358
v 8.671430 0.693346 -6.156877
v 8.675589 0.698909 -6.222277
v 8.658695 0.579486 -5.953515
v 8.662928 0.578350 -6.020641
v 8.668047 0.577214 -6.087711
v 8.671393 0.576077 -6.154893
v 8.675627 0.574941 -6.222020
v 8.659137 0.462089 -5.959108
v 8.663358 0.467365 -6.024041
v 8.668157 0.463296 -6.086083
v 8.671120 0.458872 -6.149140
v 8.675114 0.457800 -6.212484
v 8.658541 0.339780 -5.948333
v 8.662855 0.343812 -6.016675
v 8.667974 0.342677 -6.083745
v 8.669733 0.340619 -6.125726
v 8.673966 0.339482 -6.192852
v 8.660554 0.253010 -5.976562
v 8.662819 0.226544 -6.014691
v 8.667052 0.225407 -6.081818
v 8.671354 0.224336 -6.148902
v 8.676404 0.223135 -6.216014
v 8.659028 0.110283 -5.953159
v 8.663128 0.115901 -6.016819
v 8.667205 0.111737 -6.081849
v 8.671011 0.107066 -6.143190
v 8.675006 0.105993 -6.206534
v 8.628887 0.110260 -5.955059
v 8.632881 0.109188 -6.018403
v 8.636876 0.108115 -6.081747
v 8.641026 0.105854 -6.144289
v 8.644798 0.109979 -6.210199
v 8.627560 0.227657 -5.949521
v 8.632668 0.232753 -6.016979
v 8.636671 0.225625 -6.080233
v 8.641485 0.223657 -6.153288
v 8.645409 0.223401 -6.218495
v 8.628459 0.340054 -5.950681
v 8.632715 0.343790 -6.018575
v 8.636948 0.342653 -6.085701
v 8.641180 0.341517 -6.152827
v 8.645413 0.340380 -6.219954
v 8.628996 0.462066 -5.961009
v 8.632990 0.460994 -6.024353
v 8.636977 0.459609 -6.087635
v 8.640979 0.458849 -6.151040
v 8.644890 0.456174 -6.215485
v 8.627695 0.579252 -5.957481
v 8.632787 0.578327 -6.022541
v 8.637020 0.577191 -6.089667
v 8.641253 0.576054 -6.156794
v 8.645486 0.574918 -6.223920
v 8.629214 0.697421 -5.963759
v 8.633298 0.690080 -6.031987
v 8.637016 0.699998 -6.091722
v 8.641289 0.693323 -6.158777
v 8.645522 0.692186 -6.225903
v 8.628890 0.817255 -5.966853
v 8.633236 0.819801 -6.031573
v 8.636094 0.807293 -6.092337
v 8.641087 0.810656 -6.156976
v 8.645015 0.810082 -6.219659
v 8.628071 0.934735 -5.952820
v 8.632691 0.931782 -6.023858
v 8.636243 0.928996 -6.095682
v 8.641567 0.927805 -6.166003
v 8.645847 0.931414 -6.234107
v 8.655515 0.013625 -5.883205
v 8.640652 0.010312 -5.885764
v 8.658069 -0.001132 -5.922853
v 8.627582 0.814756 -5.946523
v 8.625143 0.798739 -5.908461
v 8.636041 0.813714 -5.909425
v 8.625051 0.821512 -5.907274
v 8.628092 0.462293 -5.947659
v 8.625167 0.451653 -5.904032
v 8.646730 0.463029 -5.903785
v 8.625124 0.474407 -5.904064
v 8.658229 0.110297 -5.939459
v 8.655851 0.121690 -5.898520
v 8.634276 0.110947 -5.898530
v 8.655723 0.098993 -5.895364
v 8.659431 0.255086 -5.957412
v 8.656815 0.270839 -5.913589
v 8.636673 0.255757 -5.917708
v 8.656976 0.248093 -5.915673
v 8.657469 0.341669 -5.930135
v 8.655163 0.357217 -5.891032
v 8.634674 0.342350 -5.892050
v 8.655350 0.334465 -5.893351
v 8.659133 0.814286 -5.951690
v 8.655833 0.826929 -5.907463
v 8.645062 0.811930 -5.908591
v 8.655931 0.804158 -5.908745
v 8.654839 0.943802 -5.892484
v 8.633220 0.932438 -5.892224
v 8.654857 0.921055 -5.892661
v 8.657187 0.931301 -5.933373
v 8.648774 0.210609 -6.275909
v 8.646353 0.223006 -6.234635
v 8.648697 0.233366 -6.274954
v 8.668721 0.217681 -6.275274
v 8.648750 0.561021 -6.280601
v 8.646376 0.574237 -6.239415
v 8.648825 0.583756 -6.282053
v 8.670282 0.573466 -6.281375
v 8.648336 0.797880 -6.278724
v 8.645897 0.809862 -6.235493
v 8.648404 0.820600 -6.280264
v 8.668655 0.805874 -6.275040
v 8.657271 0.105031 -6.263758
v 8.678835 0.116405 -6.263623
v 8.675910 0.105767 -6.219883
v 8.678886 0.093652 -6.263607
v 8.674169 0.009831 -6.187862
v 8.671441 0.022109 -6.145084
v 8.669048 0.007641 -6.105131
v 8.651696 0.014946 -6.148554
v 8.660917 1.025158 -5.991411
v 8.663057 1.019120 -6.027128
v 8.665840 1.027461 -6.069370
v 8.642178 1.027842 -6.029469
v 8.654506 1.023281 -6.230942
v 8.673510 1.027180 -6.188811
v 8.676038 1.011908 -6.230217
v 8.678715 1.025191 -6.271035
v 7.061361 0.366362 -5.961328
v 7.059193 0.397200 -5.959158
v 7.083673 0.379731 -6.154781
v 8.657543 0.367456 -5.865061
v 8.657393 0.398334 -5.862940
v 8.661832 0.380865 -6.059332
v 8.666305 0.411696 -6.057680
v 8.512627 0.381311 -6.075303
v 8.136765 0.380455 -6.089362
v 7.953658 0.380532 -6.105029
v 7.586766 0.380462 -6.125764
v 7.450858 0.379092 -6.120685
v 7.227799 0.379693 -6.142383
v 7.778028 0.410732 -6.107143
v 7.965423 0.411083 -6.099580
v 8.136618 0.411103 -6.087257
v 7.216711 0.366978 -5.958050
v 7.583766 0.367723 -5.942971
v 7.767087 0.367369 -5.924915
v 8.133675 0.367250 -5.897327
v 8.500946 0.366972 -5.869229
v 8.506008 0.397851 -5.867684
v 8.310258 0.398487 -5.890453
v 8.126797 0.397861 -5.894718
v 7.950067 0.397768 -5.906267
v 7.766939 0.398017 -5.922810
v 7.586613 0.398473 -5.941599
v 7.389188 0.397183 -5.940503
v 7.073867 0.378011 -6.127388
v 7.077050 0.375458 -6.092844
v 7.071209 0.373228 -6.059316
v 7.079777 0.370844 -6.023305
v 7.066297 0.368582 -5.991446
v 7.066984 0.399202 -5.989437
v 7.061766 0.403985 -6.057210
v 7.071537 0.406289 -6.091082
v 7.048891 0.409097 -6.126125
v 8.653437 0.369680 -5.896040
v 8.655476 0.372017 -5.929927
v 8.657514 0.374355 -5.963814
v 8.659482 0.376694 -5.997657
v 8.644871 0.378839 -6.030392
v 8.650828 0.409583 -6.028847
v 8.657366 0.405003 -5.961709
v 8.663836 0.402841 -5.928299
v 8.509575 0.409433 -6.041624
v 8.510323 0.407186 -6.006880
v 8.506320 0.404636 -5.970816
v 8.504183 0.402185 -5.935287
v 8.502962 0.399687 -5.899494
v 8.326704 0.409803 -6.045761
v 8.316437 0.406630 -6.014180
v 8.322067 0.405266 -5.981180
v 8.320938 0.402300 -5.949888
v 8.318993 0.400095 -5.917912
v 8.144072 0.409026 -6.057986
v 8.132917 0.406443 -6.023458
v 8.144427 0.404104 -5.991844
v 8.137364 0.402038 -5.959023
v 8.145813 0.399812 -5.925432
v 7.960021 0.408921 -6.071730
v 7.957982 0.406583 -6.037842
v 7.955939 0.405131 -6.003894
v 7.953905 0.401908 -5.970068
v 7.951867 0.399571 -5.936181
v 7.776332 0.408527 -6.078949
v 7.784332 0.406407 -6.045610
v 7.777721 0.405120 -6.014460
v 7.770561 0.401909 -5.983016
v 7.768637 0.399703 -5.951039
v 7.585022 0.408684 -6.094878
v 7.591064 0.406323 -6.059932
v 7.589022 0.404871 -6.025984
v 7.585645 0.402523 -6.004996
v 7.583606 0.400185 -5.971108
v 7.449159 0.407721 -6.087999
v 7.407606 0.406192 -6.070977
v 7.405567 0.403855 -6.037090
v 7.403631 0.401590 -6.003211
v 7.401486 0.400065 -5.969255
v 7.225955 0.408136 -6.112084
v 7.234496 0.406020 -6.079364
v 7.227730 0.403724 -6.046801
v 7.220184 0.401518 -6.016151
v 7.218261 0.399312 -5.984174
v 7.226101 0.378006 -6.114154
v 7.224177 0.375800 -6.082176
v 7.222254 0.373595 -6.050199
v 7.218472 0.371619 -6.018708
v 7.224673 0.368955 -5.985024
v 7.409794 0.377515 -6.106995
v 7.417500 0.376029 -6.072320
v 7.406103 0.373827 -6.040905
v 7.402740 0.371486 -6.004067
v 7.402087 0.369031 -5.971095
v 7.585629 0.378571 -6.096693
v 7.591210 0.376193 -6.062002
v 7.589172 0.373856 -6.028115
v 7.587133 0.371518 -5.994227
v 7.585095 0.369181 -5.960340
v 7.776478 0.378397 -6.081019
v 7.774554 0.376191 -6.049041
v 7.772141 0.373983 -6.017122
v 7.770707 0.371780 -5.985086
v 7.766272 0.369380 -5.952703
v 7.959834 0.377736 -6.072870
v 7.958128 0.376454 -6.039912
v 7.956090 0.374116 -6.006025
v 7.954051 0.371779 -5.972137
v 7.952013 0.369441 -5.938251
v 8.144677 0.378924 -6.059453
v 8.132928 0.376315 -6.025561
v 8.148213 0.374213 -5.994473
v 8.137510 0.371909 -5.961092
v 8.135471 0.369571 -5.927206
v 8.332147 0.378594 -6.047668
v 8.335877 0.376612 -6.014657
v 8.316079 0.373501 -5.985064
v 8.321084 0.372171 -5.951958
v 8.319943 0.369965 -5.920275
v 8.515997 0.379436 -6.044698
v 8.511101 0.377097 -6.008973
v 8.506470 0.373621 -5.972946
v 8.504329 0.372056 -5.937357
v 8.509710 0.369682 -5.902570
v 7.075000 0.411224 -6.155694
v 7.069901 0.396200 -6.156187
v 7.051760 0.409862 -6.136881
v 8.328317 0.379269 -6.058177
v 8.303406 0.380516 -6.078824
v 8.326763 0.391285 -6.075968
v 8.339039 0.380596 -6.077475
v 7.776884 0.378800 -6.087764
v 7.760408 0.380119 -6.110781
v 7.778072 0.401594 -6.107771
v 7.796007 0.380129 -6.108819
v 7.226030 0.408676 -6.119013
v 7.244011 0.410331 -6.138742
v 7.227339 0.388870 -6.141818
v 7.208514 0.410455 -6.142278
v 7.452480 0.408477 -6.097508
v 7.477296 0.410185 -6.118330
v 7.453812 0.389737 -6.119579
v 7.441702 0.410087 -6.119221
v 7.588046 0.409397 -6.103922
v 7.612521 0.410955 -6.122370
v 7.589387 0.390464 -6.125187
v 7.576918 0.410858 -6.123143
v 8.327367 0.410110 -6.052476
v 8.347321 0.411172 -6.073834
v 8.323919 0.400324 -6.075634
v 8.311689 0.411088 -6.075135
v 8.530225 0.411929 -6.071407
v 8.512583 0.390449 -6.074675
v 8.494637 0.411874 -6.073267
v 8.510510 0.410247 -6.051800
v 7.381853 0.366749 -5.943149
v 7.401407 0.368396 -5.962965
v 7.417460 0.366821 -5.941685
v 7.392796 0.386645 -5.940864
v 7.930053 0.367128 -5.910776
v 7.950889 0.368814 -5.930472
v 7.965616 0.367116 -5.908094
v 7.949387 0.388475 -5.907166
v 8.300626 0.367480 -5.891457
v 8.319538 0.369298 -5.912289
v 8.336166 0.367453 -5.888733
v 8.313019 0.388045 -5.890580
v 7.216667 0.376116 -5.957422
v 7.234326 0.397580 -5.954355
v 7.217855 0.398909 -5.977428
v 7.198730 0.397577 -5.956309
v 7.067887 0.400064 -6.001834
v 7.087262 0.401553 -6.022442
v 7.064781 0.403032 -6.043897
v 7.076167 0.381580 -6.023298
v 8.657124 0.408529 -6.014367
v 8.647539 0.407160 -5.996813
v 8.660424 0.405831 -5.974699
v 8.661306 0.386211 -5.996985
v 8.653393 0.378818 -5.895412
v 8.659520 0.401813 -5.914239
v 8.635467 0.400252 -5.894594
v 8.656090 0.398967 -5.872780
v 8.672853 0.368629 -6.296914
v 8.674881 0.399546 -6.297538
v 8.655405 0.371895 -6.102529
v 7.074752 0.368148 -6.352876
v 7.074761 0.399095 -6.353400
v 7.075340 0.371484 -6.158126
v 7.070741 0.402341 -6.158067
v 7.224899 0.371717 -6.145905
v 7.600997 0.371678 -6.141354
v 7.784441 0.371696 -6.130307
v 8.151739 0.372061 -6.118825
v 8.287478 0.371512 -6.127380
v 8.511012 0.371906 -6.111289
v 7.959984 0.402467 -6.131045
v 7.772457 0.402439 -6.133871
v 7.601007 0.402394 -6.141873
v 8.517470 0.368776 -6.296253
v 8.150150 0.368794 -6.302050
v 7.966433 0.368621 -6.315490
v 7.599267 0.368423 -6.333831
v 7.231405 0.368091 -6.352673
v 7.226218 0.398987 -6.352490
v 7.422480 0.399250 -6.334643
v 7.605990 0.399156 -6.335026
v 7.782956 0.399192 -6.327939
v 7.966442 0.399337 -6.316010
v 8.147184 0.399562 -6.301756
v 8.344521 0.399140 -6.307877
v 8.664520 0.371633 -6.130211
v 8.660471 0.370854 -6.164750
v 8.665468 0.370384 -6.198485
v 8.655999 0.369828 -6.234345
v 8.668676 0.369270 -6.266606
v 8.667852 0.399950 -6.267011
v 8.674770 0.401247 -6.199233
v 8.665852 0.401758 -6.165053
v 8.689369 0.402845 -6.130491
v 7.079634 0.368785 -6.321937
v 7.078446 0.369360 -6.287934
v 7.077259 0.369935 -6.253931
v 7.076141 0.370515 -6.219974
v 7.091570 0.371026 -6.187548
v 7.085489 0.401784 -6.187351
v 7.077269 0.400652 -6.254450
v 7.069962 0.400192 -6.287755
v 7.227021 0.401553 -6.178150
v 7.225400 0.401102 -6.212934
v 7.228497 0.400434 -6.249171
v 7.229741 0.399831 -6.284821
v 7.230063 0.399191 -6.320715
v 7.409935 0.402460 -6.178594
v 7.419409 0.400964 -6.210545
v 7.412950 0.401283 -6.243419
v 7.413296 0.399943 -6.274840
v 7.414438 0.399401 -6.306927
v 7.592820 0.401802 -6.171016
v 7.603105 0.401051 -6.205900
v 7.590805 0.400301 -6.237295
v 7.597042 0.399963 -6.270345
v 7.587752 0.399440 -6.303783
v 7.777159 0.401741 -6.161923
v 7.778347 0.401166 -6.195926
v 7.779534 0.401478 -6.229944
v 7.780721 0.400015 -6.263932
v 7.781908 0.399439 -6.297935
v 7.960973 0.401728 -6.159348
v 7.952137 0.401300 -6.192541
v 7.957962 0.401652 -6.223873
v 7.964334 0.400099 -6.255610
v 7.965454 0.399556 -6.287697
v 8.152623 0.401847 -6.148243
v 8.145704 0.401269 -6.183101
v 8.146893 0.401582 -6.217120
v 8.149744 0.400335 -6.238280
v 8.150931 0.399760 -6.272283
v 8.288271 0.401798 -6.158573
v 8.329384 0.401321 -6.176689
v 8.330571 0.400746 -6.210692
v 8.331656 0.400242 -6.244680
v 8.332946 0.400483 -6.278714
v 8.512010 0.401884 -6.140111
v 8.502649 0.401425 -6.172672
v 8.508596 0.400844 -6.205471
v 8.515371 0.400255 -6.236373
v 8.516491 0.399712 -6.268460
v 8.512001 0.371687 -6.139601
v 8.513121 0.371144 -6.171688
v 8.514241 0.370601 -6.203775
v 8.517231 0.370270 -6.235411
v 8.510187 0.369325 -6.269022
v 8.328187 0.370813 -6.142160
v 8.319612 0.371089 -6.176661
v 8.330215 0.370559 -6.208423
v 8.332653 0.370138 -6.245406
v 8.332479 0.369392 -6.278467
v 8.152145 0.371678 -6.147974
v 8.145696 0.371073 -6.182590
v 8.146883 0.370497 -6.216594
v 8.148069 0.369922 -6.250597
v 8.149258 0.369347 -6.284600
v 7.960963 0.371531 -6.158838
v 7.962084 0.370988 -6.190925
v 7.963694 0.370442 -6.222967
v 7.964324 0.369903 -6.255100
v 7.967946 0.369197 -6.287664
v 7.777462 0.370541 -6.162403
v 7.778337 0.370969 -6.195415
v 7.779525 0.370394 -6.229419
v 7.780712 0.369818 -6.263422
v 7.781899 0.369243 -6.297425
v 7.592336 0.371661 -6.171094
v 7.603232 0.370855 -6.205359
v 7.587171 0.370299 -6.236121
v 7.597033 0.369767 -6.269834
v 7.598220 0.369191 -6.303837
v 7.404630 0.371171 -6.178167
v 7.400071 0.370882 -6.211133
v 7.419124 0.369385 -6.241336
v 7.413286 0.369747 -6.274330
v 7.413631 0.369185 -6.306104
v 7.220762 0.371411 -6.176472
v 7.224759 0.370942 -6.212382
v 7.228487 0.369350 -6.248646
v 7.229732 0.369635 -6.284310
v 7.223479 0.369039 -6.319028
v 8.664011 0.403334 -6.100205
v 8.669162 0.388326 -6.100619
v 8.686771 0.403041 -6.119642
v 7.408723 0.371318 -6.167737
v 7.434144 0.371599 -6.147686
v 7.410692 0.382405 -6.149394
v 7.398488 0.371602 -6.148133
v 7.960727 0.371584 -6.152073
v 7.977776 0.371779 -6.129439
v 7.959981 0.393308 -6.130890
v 7.942139 0.371745 -6.130503
v 8.512109 0.402065 -6.133165
v 8.494628 0.402624 -6.112931
v 8.511433 0.381102 -6.111389
v 8.530203 0.402711 -6.110285
v 8.285189 0.402049 -6.148957
v 8.260903 0.402577 -6.127458
v 8.284469 0.382188 -6.127858
v 8.296509 0.402578 -6.127467
v 8.149826 0.402079 -6.139102
v 8.125821 0.402582 -6.119988
v 8.149076 0.382068 -6.118817
v 8.161434 0.402591 -6.120116
v 7.409442 0.402416 -6.171857
v 7.390032 0.402292 -6.149978
v 7.413502 0.391462 -6.149330
v 7.425684 0.402287 -6.149579
v 7.207123 0.402423 -6.147768
v 7.224902 0.380875 -6.146060
v 7.242746 0.402418 -6.146809
v 7.226340 0.401837 -6.167925
v 8.352005 0.368640 -6.306993
v 8.332954 0.369181 -6.286634
v 8.316373 0.368642 -6.307558
v 8.340953 0.388583 -6.307971
v 7.803163 0.368443 -6.325525
v 7.782827 0.369023 -6.305251
v 7.767544 0.368423 -6.327310
v 7.783685 0.389868 -6.327538
v 7.432220 0.368272 -6.335487
v 7.413836 0.368933 -6.314121
v 7.396623 0.368240 -6.337315
v 7.419753 0.388804 -6.334987
v 8.517473 0.377935 -6.296408
v 8.499681 0.399456 -6.297915
v 8.516727 0.399659 -6.275226
v 8.535316 0.399499 -6.296859
v 8.667261 0.400167 -6.254567
v 8.648410 0.400509 -6.233429
v 8.671422 0.400971 -6.212498
v 8.659578 0.380565 -6.233887
v 7.078832 0.401454 -6.201704
v 7.087974 0.401033 -6.219540
v 7.074537 0.400795 -6.241362
v 7.074273 0.380046 -6.220106
v 7.079637 0.377943 -6.322092
v 7.073923 0.399909 -6.301952
v 7.097476 0.399464 -6.322250
v 7.076311 0.399224 -6.343576
v 7.062967 0.689567 -5.946158
v 7.060960 0.720489 -5.946579
v 7.080417 0.686247 -6.140542
v 8.661070 0.689994 -5.890194
v 8.661079 0.720941 -5.890717
v 8.660481 0.686744 -6.084946
v 8.665099 0.717578 -6.086048
v 8.510921 0.686655 -6.097168
v 8.134825 0.686694 -6.101721
v 7.951380 0.686451 -6.112763
v 7.584083 0.686654 -6.124255
v 7.448343 0.686478 -6.115688
v 7.224810 0.686466 -6.131786
v 7.775856 0.717338 -6.113068
v 7.963383 0.717290 -6.110241
v 8.134834 0.717410 -6.102240
v 7.218351 0.689596 -5.946821
v 7.585671 0.689584 -5.941024
v 7.769389 0.689751 -5.927584
v 8.136555 0.689948 -5.909243
v 8.504416 0.690027 -5.890397
v 8.509623 0.720896 -5.891624
v 8.313360 0.720675 -5.909472
v 8.129850 0.720708 -5.909089
v 7.952885 0.720613 -5.916175
v 7.769398 0.720468 -5.928103
v 7.588656 0.720322 -5.942358
v 7.391319 0.720228 -5.936230
v 7.071301 0.686927 -6.112866
v 7.075350 0.687315 -6.078321
v 7.070353 0.687988 -6.044590
v 7.079822 0.688639 -6.008731
v 7.067145 0.689180 -5.976470
v 7.067988 0.719855 -5.977102
v 7.061070 0.718864 -6.044886
v 7.069989 0.718214 -6.079063
v 7.046472 0.718146 -6.113642
v 8.656188 0.689587 -5.921137
v 8.657375 0.689012 -5.955140
v 8.658562 0.688437 -5.989143
v 8.659680 0.687867 -6.023100
v 8.644252 0.687290 -6.055525
v 8.650352 0.718021 -6.056762
v 8.658571 0.719153 -5.989663
v 8.665878 0.719815 -5.956362
v 8.508820 0.717566 -6.065951
v 8.510440 0.718290 -6.031172
v 8.507343 0.718850 -5.994933
v 8.506099 0.719453 -5.959283
v 8.505776 0.720027 -5.923388
v 8.325906 0.718600 -6.065540
v 8.316431 0.718192 -6.033557
v 8.322891 0.719618 -6.000713
v 8.322544 0.719341 -5.969264
v 8.321402 0.719884 -5.937178
v 8.143021 0.717798 -6.073093
v 8.132735 0.718234 -6.038205
v 8.145035 0.718538 -6.006802
v 8.138799 0.719322 -5.973760
v 8.148088 0.719924 -5.940322
v 7.958681 0.717544 -6.082181
v 7.957494 0.718119 -6.048178
v 7.956307 0.719582 -6.014190
v 7.955119 0.719270 -5.980172
v 7.953932 0.719845 -5.946169
v 7.774868 0.717557 -6.084756
v 7.783703 0.718246 -6.051568
v 7.777879 0.719660 -6.020266
v 7.771507 0.719186 -5.988494
v 7.770387 0.719729 -5.956407
v 7.583218 0.717419 -6.095861
v 7.590136 0.718015 -6.061003
v 7.588948 0.719478 -6.027015
v 7.586096 0.718950 -6.005825
v 7.584909 0.719525 -5.971822
v 7.447570 0.717803 -6.085537
v 7.406456 0.717964 -6.067416
v 7.405269 0.718539 -6.033412
v 7.404184 0.719185 -5.999426
v 7.402895 0.720577 -5.965421
v 7.223830 0.717401 -6.103993
v 7.233191 0.718039 -6.071435
v 7.227243 0.718570 -6.038636
v 7.220469 0.719030 -6.007731
v 7.219349 0.719573 -5.975645
v 7.223821 0.687205 -6.103483
v 7.222701 0.687748 -6.071395
v 7.221581 0.688291 -6.039308
v 7.218591 0.689032 -6.007679
v 7.225634 0.689219 -5.974056
v 7.407634 0.686304 -6.100893
v 7.416210 0.687741 -6.066422
v 7.405606 0.688293 -6.034659
v 7.403170 0.689124 -5.997683
v 7.403344 0.689496 -5.964616
v 7.583676 0.687257 -6.095109
v 7.590126 0.687819 -6.060493
v 7.588939 0.688394 -6.026489
v 7.587751 0.688970 -5.992486
v 7.586565 0.689545 -5.958483
v 7.774858 0.687360 -6.084245
v 7.773738 0.687903 -6.052158
v 7.772128 0.688442 -6.020116
v 7.771498 0.688989 -5.987984
v 7.767876 0.689388 -5.955414
v 7.958359 0.686378 -6.080647
v 7.957484 0.687923 -6.047668
v 7.956297 0.688498 -6.013665
v 7.955110 0.689074 -5.979661
v 7.953923 0.689649 -5.945658
v 8.143486 0.687677 -6.071996
v 8.132589 0.688037 -6.037724
v 8.148651 0.688512 -6.006961
v 8.138789 0.689125 -5.973249
v 8.137602 0.689701 -5.939246
v 8.331191 0.687311 -6.064909
v 8.335751 0.688135 -6.031952
v 8.316698 0.687671 -6.001716
v 8.322536 0.689145 -5.968753
v 8.322190 0.689658 -5.936978
v 8.515060 0.687381 -6.066609
v 8.511063 0.688128 -6.030704
v 8.507334 0.687766 -5.994407
v 8.506090 0.689257 -5.958772
v 8.512342 0.689832 -5.924055
v 7.071830 0.717595 -6.143927
v 7.066669 0.702613 -6.143006
v 7.049069 0.717973 -6.124492
v 8.327099 0.687108 -6.075338
v 8.301677 0.686727 -6.095387
v 8.325136 0.697570 -6.094046
v 8.337334 0.686723 -6.094940
v 7.775095 0.687184 -6.091008
v 7.758046 0.686624 -6.113636
v 7.775854 0.708179 -6.112913
v 7.793683 0.686604 -6.112571
v 7.223732 0.717348 -6.110942
v 7.241212 0.717212 -6.131184
v 7.224395 0.695660 -6.131996
v 7.205638 0.717231 -6.133830
v 7.450652 0.717726 -6.095156
v 7.474937 0.717512 -6.116661
v 7.451360 0.697162 -6.115571
v 7.439332 0.717535 -6.116652
v 7.586014 0.717340 -6.105005
v 7.610019 0.717181 -6.124125
v 7.586751 0.696653 -6.124601
v 7.574407 0.717217 -6.123997
v 8.326399 0.718328 -6.072272
v 8.345808 0.717452 -6.094134
v 8.322332 0.706621 -6.094416
v 8.310156 0.717456 -6.094533
v 8.528717 0.717395 -6.096345
v 8.510925 0.695814 -6.097323
v 8.493094 0.717380 -6.097304
v 8.509501 0.717504 -6.076180
v 7.383816 0.689721 -5.936081
v 7.402867 0.689562 -5.956447
v 7.419449 0.689720 -5.935517
v 7.394881 0.709679 -5.935779
v 7.932658 0.689812 -5.917547
v 7.952994 0.689695 -5.937829
v 7.968278 0.689831 -5.915762
v 7.952149 0.711281 -5.916259
v 8.303600 0.689750 -5.907581
v 8.321985 0.689677 -5.928957
v 8.339199 0.689758 -5.905753
v 8.316082 0.710246 -5.908775
v 7.218354 0.698754 -5.946976
v 7.236158 0.720303 -5.946198
v 7.219113 0.719750 -5.968881
v 7.200524 0.720332 -5.947255
v 7.068579 0.719651 -5.989547
v 7.087431 0.719267 -6.010684
v 7.064419 0.719035 -6.031619
v 7.076250 0.699357 -6.009552
v 8.657009 0.718172 -6.042407
v 8.647867 0.718360 -6.024566
v 8.661304 0.718852 -6.002749
v 8.661554 0.697396 -6.023291
v 8.656191 0.698746 -5.921292
v 8.661918 0.720015 -5.942163
v 8.638365 0.720271 -5.921862
v 8.659530 0.720738 -5.900539
v 8.671638 0.670182 -6.314517
v 8.673736 0.700753 -6.319137
v 8.657475 0.698435 -6.121899
v 7.072825 0.670130 -6.343799
v 7.072907 0.700753 -6.348289
v 7.076702 0.698414 -6.151123
v 7.072185 0.729045 -6.154949
v 7.226446 0.699501 -6.141482
v 7.602565 0.698257 -6.143117
v 7.786169 0.698819 -6.135168
v 8.153607 0.698906 -6.129839
v 8.289182 0.696618 -6.140472
v 8.512955 0.698010 -6.128224
v 7.961754 0.728405 -6.142720
v 7.774207 0.728907 -6.142450
v 7.602646 0.728652 -6.147574
v 8.516289 0.671151 -6.311339
v 8.148926 0.672173 -6.311079
v 7.965008 0.671151 -6.321378
v 7.597586 0.670350 -6.333532
v 7.229459 0.669354 -6.346154
v 7.224357 0.700043 -6.349852
v 7.420891 0.701658 -6.335400
v 7.604369 0.700644 -6.338770
v 7.781427 0.700746 -6.334642
v 7.965089 0.701547 -6.325835
v 8.146046 0.702738 -6.314687
v 8.343249 0.700595 -6.323931
v 8.666121 0.694581 -6.149465
v 8.661489 0.689399 -6.183547
v 8.665916 0.684581 -6.217020
v 8.655844 0.679476 -6.252352
v 8.667974 0.674724 -6.284479
v 8.667224 0.705102 -6.288803
v 8.675285 0.715049 -6.221874
v 8.666945 0.719982 -6.187901
v 8.691044 0.725381 -6.154154
v 7.078229 0.674706 -6.313282
v 7.077616 0.679644 -6.279619
v 7.077003 0.684581 -6.245955
v 7.076458 0.689517 -6.212340
v 7.092432 0.694109 -6.180505
v 7.086436 0.724667 -6.184156
v 7.077085 0.714977 -6.250412
v 7.069217 0.710284 -6.283258
v 7.228102 0.724945 -6.177320
v 7.225894 0.720043 -6.211727
v 7.228378 0.714719 -6.247624
v 7.229021 0.709542 -6.282917
v 7.228737 0.704302 -6.318433
v 7.410984 0.724917 -6.180869
v 7.419915 0.719291 -6.212514
v 7.412904 0.715421 -6.245047
v 7.412717 0.710060 -6.276039
v 7.413318 0.705401 -6.307804
v 7.593968 0.724366 -6.176262
v 7.603662 0.719098 -6.210925
v 7.590834 0.714386 -6.241758
v 7.596513 0.709782 -6.274590
v 7.586659 0.705019 -6.307528
v 7.778434 0.724595 -6.170254
v 7.779047 0.719657 -6.203917
v 7.779662 0.715598 -6.237709
v 7.780273 0.709782 -6.271243
v 7.780886 0.704845 -6.304906
v 7.962264 0.724037 -6.170707
v 7.952870 0.719398 -6.203422
v 7.958167 0.715700 -6.234631
v 7.963999 0.710060 -6.266006
v 7.964578 0.705400 -6.297772
v 8.154074 0.724669 -6.162846
v 8.146568 0.719657 -6.197224
v 8.147183 0.715598 -6.231016
v 8.149675 0.711634 -6.251885
v 8.150289 0.706697 -6.285548
v 8.289528 0.722650 -6.175303
v 8.330329 0.719657 -6.193878
v 8.330942 0.714720 -6.227541
v 8.331453 0.709855 -6.261197
v 8.332170 0.705723 -6.294996
v 8.513546 0.724037 -6.160668
v 8.503637 0.719451 -6.192743
v 8.509029 0.714639 -6.225289
v 8.515281 0.710060 -6.255967
v 8.515860 0.705400 -6.287733
v 8.513466 0.694156 -6.156287
v 8.514044 0.689497 -6.188053
v 8.514623 0.684838 -6.219819
v 8.517078 0.680438 -6.251195
v 8.509468 0.675223 -6.284287
v 8.329634 0.693835 -6.155704
v 8.320478 0.689725 -6.189810
v 8.330545 0.685076 -6.221412
v 8.332358 0.679903 -6.258070
v 8.331625 0.674923 -6.290754
v 8.153522 0.694786 -6.158701
v 8.146488 0.689776 -6.192843
v 8.147101 0.684839 -6.226506
v 8.147715 0.679901 -6.260169
v 8.148328 0.674964 -6.293832
v 7.962184 0.694156 -6.166326
v 7.962763 0.689497 -6.198092
v 7.963832 0.684838 -6.229821
v 7.963920 0.680178 -6.261625
v 7.966990 0.675285 -6.293884
v 7.778647 0.693589 -6.166731
v 7.778967 0.689776 -6.199536
v 7.779580 0.684839 -6.233199
v 7.780193 0.679901 -6.266862
v 7.780807 0.674964 -6.300525
v 7.593405 0.694467 -6.172464
v 7.603720 0.689221 -6.206516
v 7.587141 0.684800 -6.236685
v 7.596433 0.679901 -6.270208
v 7.597046 0.674964 -6.303871
v 7.405605 0.693967 -6.176344
v 7.400492 0.689474 -6.208921
v 7.419028 0.684025 -6.238990
v 7.412638 0.680179 -6.271657
v 7.412446 0.675545 -6.303097
v 7.221793 0.695297 -6.171685
v 7.225184 0.690207 -6.207299
v 7.228296 0.683960 -6.243114
v 7.228941 0.679661 -6.278536
v 7.222104 0.674647 -6.312783
v 8.666200 0.729871 -6.123771
v 8.671305 0.714909 -6.122339
v 8.688629 0.726979 -6.143378
v 7.409873 0.695431 -6.166087
v 7.435630 0.698160 -6.146657
v 7.412181 0.708770 -6.149353
v 7.399971 0.698276 -6.146517
v 7.962062 0.695077 -6.159620
v 7.979490 0.698093 -6.137481
v 7.961730 0.719342 -6.141391
v 7.943840 0.698092 -6.137949
v 8.513762 0.725108 -6.153805
v 8.496626 0.728341 -6.133526
v 8.513397 0.707114 -6.129511
v 8.532240 0.728597 -6.131496
v 8.286609 0.724146 -6.165749
v 8.262690 0.727543 -6.144101
v 8.286192 0.707159 -6.142267
v 8.298290 0.727374 -6.144693
v 8.151432 0.726084 -6.153765
v 8.127754 0.729148 -6.134484
v 8.150972 0.708843 -6.131072
v 8.163359 0.728972 -6.135196
v 7.410604 0.725740 -6.174175
v 7.391565 0.728515 -6.152146
v 7.415014 0.717746 -6.150498
v 7.427219 0.728392 -6.152333
v 7.208721 0.729798 -6.146978
v 7.226470 0.708564 -6.142811
v 7.244355 0.729747 -6.146609
v 7.227594 0.726541 -6.167205
v 8.350668 0.670426 -6.319264
v 8.331963 0.673665 -6.298833
v 8.315030 0.670525 -6.319241
v 8.339653 0.690131 -6.322611
v 7.801592 0.670464 -6.328634
v 7.781602 0.673737 -6.308272
v 7.765948 0.670386 -6.329818
v 7.782139 0.691547 -6.333061
v 7.430535 0.670783 -6.332421
v 7.412515 0.674266 -6.311018
v 7.394912 0.670686 -6.333647
v 7.418131 0.691268 -6.334356
v 8.516314 0.680214 -6.312667
v 8.498556 0.701449 -6.316633
v 8.515982 0.704480 -6.294438
v 8.534203 0.701457 -6.316174
v 8.666842 0.706917 -6.276482
v 8.648351 0.710057 -6.255257
v 8.671713 0.713090 -6.234938
v 8.659458 0.690166 -6.253335
v 7.079537 0.722530 -6.198237
v 7.088377 0.719782 -6.216019
v 7.074574 0.716811 -6.237407
v 7.074614 0.698961 -6.213663
v 7.078254 0.683769 -6.314610
v 7.072937 0.708164 -6.297365
v 7.096144 0.705007 -6.317821
v 7.074623 0.702134 -6.338591
v 7.062554 1.033371 -5.984215
v 7.060307 1.064016 -5.980189
v 7.083439 1.058367 -6.176672
v 8.659372 1.034266 -5.899172
v 8.659143 1.064960 -5.895206
v 8.662230 1.059287 -6.092317
v 8.666619 1.089980 -6.088854
v 8.512914 1.060168 -6.107193
v 8.136966 1.058846 -6.118661
v 7.953752 1.059221 -6.133020
v 7.586722 1.059115 -6.151167
v 7.450859 1.056969 -6.145233
v 7.227650 1.058090 -6.165303
v 7.778018 1.088882 -6.132100
v 7.965461 1.089432 -6.125835
v 8.136739 1.089312 -6.114725
v 7.217920 1.034331 -5.981988
v 7.585070 1.035452 -5.969447
v 7.768516 1.034656 -5.952722
v 8.135290 1.034164 -5.927744
v 8.502752 1.033486 -5.902271
v 8.507730 1.064234 -5.898916
v 8.311821 1.065549 -5.920242
v 8.128338 1.064540 -5.923259
v 7.951530 1.064523 -5.933563
v 7.768289 1.065123 -5.948785
v 7.587832 1.066074 -5.966258
v 7.390425 1.064033 -5.963866
v 7.073834 1.054978 -6.149364
v 7.077273 1.050374 -6.115058
v 7.071679 1.046122 -6.081683
v 7.080512 1.041617 -6.045939
v 7.067266 1.037406 -6.014180
v 7.067874 1.067853 -6.010346
v 7.062156 1.076664 -6.077674
v 7.071678 1.081025 -6.111414
v 7.048773 1.085845 -6.146068
v 8.655039 1.038324 -5.929933
v 8.656827 1.042692 -5.963633
v 8.658615 1.047060 -5.997333
v 8.660335 1.051426 -6.030987
v 8.645483 1.055475 -6.063433
v 8.651357 1.086092 -6.060092
v 8.658388 1.077526 -5.993396
v 8.665104 1.073391 -5.960221
v 8.510016 1.086214 -6.071871
v 8.511020 1.081896 -6.037330
v 8.507283 1.077178 -6.001456
v 8.505408 1.072599 -5.966124
v 8.504451 1.067960 -5.930537
v 8.327121 1.086194 -6.074705
v 8.317089 1.081101 -6.043300
v 8.322960 1.077785 -6.010481
v 8.322063 1.072949 -5.979416
v 8.320354 1.068827 -5.947617
v 8.144409 1.085514 -6.085683
v 8.133510 1.080830 -6.051295
v 8.145253 1.076644 -6.019958
v 8.138432 1.072594 -5.987272
v 8.147127 1.068392 -5.953934
v 7.960265 1.085589 -6.098126
v 7.958477 1.081222 -6.064426
v 7.956681 1.077734 -6.030613
v 7.954899 1.072486 -5.997027
v 7.953111 1.068118 -5.963327
v 7.776531 1.084988 -6.104078
v 7.784777 1.080905 -6.070982
v 7.778393 1.077734 -6.039919
v 7.771468 1.072623 -6.008675
v 7.769780 1.068501 -5.976874
v 7.585113 1.085432 -6.118636
v 7.591413 1.081005 -6.083937
v 7.589618 1.077517 -6.050124
v 7.586398 1.073906 -6.029290
v 7.584609 1.069538 -5.995590
v 7.449306 1.083586 -6.110881
v 7.407881 1.080896 -6.093692
v 7.406092 1.076528 -6.059992
v 7.404406 1.072234 -6.026298
v 7.402508 1.068673 -5.992479
v 7.225935 1.084662 -6.133344
v 7.234717 1.080622 -6.100869
v 7.228191 1.076360 -6.068455
v 7.220872 1.072298 -6.037941
v 7.219184 1.068176 -6.006140
v 7.226159 1.054712 -6.137214
v 7.224471 1.050590 -6.105413
v 7.222783 1.046468 -6.073612
v 7.219233 1.042599 -6.042270
v 7.225683 1.037946 -6.008850
v 7.409899 1.054433 -6.131376
v 7.417857 1.050902 -6.096907
v 7.406693 1.046785 -6.065602
v 7.403601 1.042233 -6.028947
v 7.403191 1.037806 -5.996177
v 7.585799 1.055483 -6.122254
v 7.591636 1.051054 -6.087807
v 7.589848 1.046686 -6.054107
v 7.588058 1.042318 -6.020407
v 7.586270 1.037950 -5.986708
v 7.776755 1.055037 -6.107948
v 7.775067 1.050915 -6.076147
v 7.772890 1.046793 -6.044401
v 7.771691 1.042672 -6.012545
v 7.767495 1.038324 -5.980334
v 7.960165 1.054529 -6.101130
v 7.958700 1.051270 -6.068297
v 7.956911 1.046903 -6.034597
v 7.955123 1.042535 -6.000897
v 7.953334 1.038167 -5.967197
v 8.145096 1.055555 -6.088953
v 8.133597 1.050882 -6.055198
v 8.149112 1.046978 -6.024398
v 8.138655 1.042643 -5.991142
v 8.136866 1.038276 -5.957442
v 8.332645 1.055174 -6.078516
v 8.336617 1.051234 -6.045709
v 8.317041 1.046288 -6.016217
v 8.322288 1.042998 -5.983286
v 8.321381 1.038897 -5.951784
v 8.516508 1.056477 -6.076780
v 8.511875 1.051989 -6.041225
v 8.507513 1.046347 -6.005440
v 8.505631 1.042648 -5.969994
v 8.511269 1.038216 -5.935450
v 7.074663 1.089828 -6.175638
v 7.069607 1.074843 -6.176993
v 7.051562 1.087262 -6.156779
v 8.328737 1.056463 -6.088938
v 8.303676 1.058856 -6.109299
v 8.327020 1.069516 -6.105966
v 8.339317 1.058979 -6.108196
v 7.777111 1.055844 -6.114660
v 7.760468 1.058480 -6.137441
v 7.778086 1.079798 -6.133274
v 7.796079 1.058497 -6.135730
v 7.225959 1.085617 -6.140228
v 7.243793 1.088511 -6.159947
v 7.227165 1.067215 -6.164186
v 7.208272 1.088723 -6.163222
v 7.452557 1.084921 -6.120350
v 7.477217 1.087958 -6.141206
v 7.453788 1.067539 -6.143513
v 7.441618 1.087789 -6.141853
v 7.588070 1.086694 -6.127642
v 7.612408 1.089439 -6.146134
v 7.589316 1.069072 -6.150011
v 7.576799 1.089264 -6.146663
v 8.327734 1.086904 -6.081394
v 8.347531 1.089312 -6.102790
v 8.324151 1.078510 -6.105072
v 8.311893 1.089182 -6.103845
v 8.530445 1.090559 -6.101595
v 8.512846 1.069252 -6.106020
v 8.494846 1.090492 -6.103207
v 8.510877 1.087639 -6.081987
v 7.383164 1.033787 -5.968278
v 7.402571 1.036684 -5.988095
v 7.418781 1.033895 -5.967060
v 7.394062 1.053548 -5.964882
v 7.931579 1.034138 -5.939758
v 7.952268 1.037072 -5.959463
v 7.967160 1.034090 -5.937330
v 7.950872 1.055298 -5.935012
v 8.302278 1.034625 -5.923033
v 8.321034 1.037751 -5.943850
v 8.337837 1.034559 -5.920564
v 8.314613 1.055144 -5.921013
v 7.217853 1.043415 -5.980814
v 7.235468 1.064719 -5.976592
v 7.218828 1.067369 -5.999428
v 7.199858 1.064709 -5.978293
v 7.068686 1.069459 -6.022676
v 7.087908 1.072245 -6.043293
v 7.065269 1.074927 -6.064463
v 7.076869 1.052321 -6.045265
v 8.657760 1.084196 -6.045745
v 8.648304 1.081746 -6.028238
v 8.661351 1.079140 -6.006335
v 8.662135 1.060892 -6.029760
v 8.654970 1.047408 -5.928759
v 8.660892 1.071509 -5.946218
v 8.636986 1.068692 -5.926535
v 8.657768 1.066177 -5.904981
v 8.670260 1.018076 -6.334492
v 8.672282 1.048992 -6.335183
v 8.659283 1.021347 -6.139634
v 7.071181 1.018493 -6.337316
v 7.071191 1.049440 -6.337839
v 7.078243 1.021825 -6.142693
v 7.073666 1.052685 -6.142481
v 7.228126 1.021974 -6.135449
v 7.604167 1.021724 -6.143398
v 7.787877 1.021638 -6.138453
v 8.155354 1.021796 -6.139184
v 8.290733 1.021172 -6.152245
v 8.514678 1.021440 -6.143590
v 7.963315 1.052311 -6.145025
v 7.775798 1.052388 -6.141617
v 7.604177 1.052440 -6.143918
v 8.514984 1.018310 -6.328668
v 8.147675 1.018534 -6.322255
v 7.963612 1.018464 -6.329582
v 7.596040 1.018474 -6.335712
v 7.227754 1.018349 -6.342319
v 7.222594 1.049248 -6.341964
v 7.419340 1.049399 -6.330648
v 7.602737 1.049203 -6.337129
v 7.779840 1.049139 -6.335927
v 7.963622 1.049181 -6.330102
v 8.144737 1.049304 -6.321863
v 8.341762 1.048771 -6.334537
v 8.667473 1.021081 -6.167604
v 8.662277 1.020305 -6.201989
v 8.666151 1.019833 -6.235872
v 8.655495 1.019283 -6.271397
v 8.667092 1.018718 -6.304062
v 8.666273 1.049398 -6.304439
v 8.675440 1.050690 -6.236928
v 8.667663 1.051206 -6.202471
v 8.692316 1.052279 -6.168710
v 7.077089 1.019127 -6.306556
v 7.077033 1.019702 -6.272532
v 7.076976 1.020278 -6.238508
v 7.076987 1.020857 -6.204533
v 7.093485 1.021358 -6.172638
v 7.087432 1.052120 -6.172239
v 7.076986 1.050994 -6.239028
v 7.068576 1.050539 -6.272071
v 7.229191 1.051810 -6.167747
v 7.226415 1.051360 -6.202457
v 7.228305 1.050692 -6.238777
v 7.228364 1.050088 -6.274449
v 7.227493 1.049448 -6.310333
v 7.411990 1.052613 -6.174268
v 7.420397 1.051113 -6.206516
v 7.412848 1.051437 -6.239158
v 7.412149 1.050097 -6.270574
v 7.412224 1.049554 -6.302680
v 7.595025 1.051852 -6.172772
v 7.604145 1.051097 -6.207979
v 7.590808 1.050354 -6.238947
v 7.595943 1.050013 -6.272186
v 7.585546 1.049496 -6.305297
v 7.779565 1.051688 -6.169810
v 7.779621 1.051113 -6.203834
v 7.779678 1.051425 -6.237873
v 7.779734 1.049962 -6.271882
v 7.779790 1.049387 -6.305905
v 7.963362 1.051572 -6.173346
v 7.953428 1.051150 -6.206226
v 7.958209 1.051498 -6.237734
v 7.963521 1.049943 -6.269666
v 7.963574 1.049400 -6.301773
v 8.155275 1.051583 -6.168614
v 8.147203 1.051010 -6.203224
v 8.147260 1.051322 -6.237263
v 8.149405 1.050074 -6.258506
v 8.149462 1.049499 -6.292530
v 8.290505 1.051458 -6.183446
v 8.330994 1.050958 -6.202919
v 8.331050 1.050383 -6.236943
v 8.331005 1.049879 -6.270948
v 8.331162 1.050120 -6.305006
v 8.514734 1.051417 -6.172431
v 8.504297 1.050965 -6.204662
v 8.509151 1.050380 -6.237640
v 8.514894 1.049788 -6.268751
v 8.514947 1.049245 -6.300858
v 8.514725 1.021221 -6.171920
v 8.514778 1.020678 -6.204027
v 8.514832 1.020135 -6.236134
v 8.516768 1.019803 -6.267851
v 8.508612 1.018862 -6.301209
v 8.330928 1.020450 -6.168369
v 8.321211 1.020731 -6.202566
v 8.330753 1.020196 -6.234663
v 8.331959 1.019775 -6.271707
v 8.330687 1.019029 -6.304744
v 8.154791 1.021414 -6.168331
v 8.147194 1.020813 -6.202713
v 8.147250 1.020238 -6.236737
v 8.147306 1.019663 -6.270761
v 8.147363 1.019087 -6.304785
v 7.963353 1.021375 -6.172835
v 7.963406 1.020832 -6.204941
v 7.963951 1.020286 -6.237019
v 7.963512 1.019746 -6.269155
v 7.966049 1.019040 -6.301822
v 7.779835 1.020488 -6.170300
v 7.779612 1.020916 -6.203323
v 7.779668 1.020341 -6.237347
v 7.779725 1.019765 -6.271371
v 7.779781 1.019190 -6.305395
v 7.594522 1.021712 -6.172834
v 7.604273 1.020900 -6.207443
v 7.587198 1.020355 -6.237653
v 7.595934 1.019817 -6.271676
v 7.595990 1.019242 -6.305700
v 7.406685 1.021328 -6.173666
v 7.401032 1.021042 -6.206462
v 7.419070 1.019535 -6.237281
v 7.412140 1.019901 -6.270063
v 7.411428 1.019340 -6.301831
v 7.222974 1.021671 -6.165861
v 7.225776 1.021200 -6.201885
v 7.228296 1.019608 -6.238252
v 7.228355 1.019892 -6.273938
v 7.220952 1.019300 -6.308429
v 8.667978 1.052781 -6.137598
v 8.673104 1.037771 -6.138183
v 8.690081 1.052476 -6.157780
v 7.411122 1.021472 -6.163377
v 7.437196 1.021739 -6.144182
v 7.413706 1.032558 -6.145110
v 7.401544 1.021762 -6.143445
v 7.963342 1.021428 -6.166065
v 7.981133 1.021613 -6.144011
v 7.963313 1.043152 -6.144870
v 7.945480 1.021599 -6.143890
v 8.515064 1.051599 -6.165491
v 8.498266 1.052167 -6.144687
v 8.515100 1.030635 -6.143705
v 8.533909 1.052234 -6.143226
v 8.287745 1.051710 -6.173734
v 8.264187 1.052251 -6.151439
v 8.287715 1.031849 -6.152623
v 8.299772 1.052233 -6.152632
v 8.152784 1.051816 -6.159385
v 8.129429 1.052332 -6.139485
v 8.152699 1.031805 -6.139088
v 8.165016 1.052322 -6.140797
v 7.411721 1.052570 -6.167519
v 7.393049 1.052456 -6.145007
v 7.416521 1.041613 -6.145140
v 7.428695 1.052431 -6.145792
v 7.210314 1.052690 -6.136720
v 7.228128 1.031132 -6.135604
v 7.245950 1.052665 -6.136945
v 7.228851 1.052094 -6.157505
v 8.349255 1.018267 -6.333903
v 8.330891 1.018818 -6.312922
v 8.313622 1.018289 -6.333283
v 8.338186 1.038216 -6.334513
v 7.800099 1.018378 -6.334186
v 7.780449 1.018970 -6.313247
v 7.764440 1.018379 -6.334786
v 7.780577 1.039814 -6.335551
v 7.429030 1.018416 -6.331815
v 7.411366 1.019088 -6.309850
v 7.393392 1.018404 -6.332459
v 7.416597 1.038955 -6.330902
v 8.514987 1.027469 -6.328823
v 8.497168 1.049000 -6.329738
v 8.514958 1.049193 -6.307627
v 8.532818 1.049022 -6.329866
v 8.666096 1.049616 -6.291982
v 8.647957 1.049968 -6.270229
v 8.671652 1.050416 -6.250075
v 8.659094 1.030018 -6.271058
v 7.080301 1.051794 -6.186362
v 7.088845 1.051368 -6.204493
v 7.074691 1.051138 -6.225855
v 7.075121 1.030389 -6.204603
v 7.077092 1.028285 -6.306711
v 7.072063 1.050254 -6.286393
v 7.094928 1.049796 -6.307462
v 7.073066 1.049568 -6.328073
v 7.038297 0.641871 -6.067493
v 7.038338 0.774001 -6.069727
v 7.036367 0.642806 -6.012219
v 7.036407 0.774936 -6.014453
v 7.090758 0.641886 -6.065661
v 7.090799 0.774016 -6.067896
v 7.088828 0.642821 -6.010387
v 7.088869 0.774951 -6.012622
v 7.019225 0.674898 -6.068718
v 7.011997 0.707928 -6.069529
v 7.019246 0.740963 -6.069835
v 7.017316 0.741898 -6.014561
v 7.010067 0.708864 -6.014255
v 7.017295 0.675833 -6.013443
v 7.088859 0.741919 -6.012063
v 7.088849 0.708886 -6.011505
v 7.088839 0.675853 -6.010946
v 7.090789 0.740983 -6.067338
v 7.090778 0.707951 -6.066779
v 7.090768 0.674918 -6.066220
v 7.046718 0.314478 -6.306044
v 7.046758 0.446608 -6.308279
v 7.044787 0.315413 -6.250770
v 7.044828 0.447544 -6.253004
v 7.099179 0.314493 -6.304213
v 7.099219 0.446623 -6.306447
v 7.097249 0.315428 -6.248939
v 7.097289 0.447559 -6.251173
v 7.027646 0.347505 -6.307269
v 7.020418 0.380536 -6.308080
v 7.027666 0.413570 -6.308386
v 7.025736 0.414506 -6.253112
v 7.018487 0.381471 -6.252806
v 7.025716 0.348441 -6.251995
v 7.097279 0.414526 -6.250614
v 7.097269 0.381493 -6.250056
v 7.097259 0.348461 -6.249497
v 7.099209 0.413591 -6.305888
v 7.099199 0.380558 -6.305330
v 7.099189 0.347526 -6.304771
v 7.038198 0.318607 -6.062027
v 7.038238 0.450738 -6.064261
v 7.036267 0.319543 -6.006752
v 7.036308 0.451673 -6.008986
v 7.090659 0.318622 -6.060195
v 7.090699 0.450752 -6.062429
v 7.088729 0.319557 -6.004920
v 7.088769 0.451688 -6.007155
v 7.019126 0.351635 -6.063251
v 7.011898 0.384665 -6.064063
v 7.019146 0.417700 -6.064368
v 7.017216 0.418635 -6.009094
v 7.009968 0.385600 -6.008788
v 7.017196 0.352570 -6.007977
v 7.088759 0.418655 -6.006597
v 7.088749 0.385623 -6.006038
v 7.088738 0.352590 -6.005479
v 7.090689 0.417720 -6.061871
v 7.090679 0.384687 -6.061312
v 7.090669 0.351655 -6.060753
v 7.046817 0.637742 -6.311511
v 7.046858 0.769872 -6.313745
v 7.044887 0.638677 -6.256237
v 7.044928 0.770807 -6.258471
v 7.099278 0.637756 -6.309679
v 7.099319 0.769887 -6.311913
v 7.097348 0.638692 -6.254405
v 7.097389 0.770822 -6.256639
v 7.027745 0.670769 -6.312736
v 7.020517 0.703799 -6.313547
v 7.027766 0.736834 -6.313853
v 7.025836 0.737769 -6.258578
v 7.018587 0.704735 -6.258273
v 7.025815 0.671704 -6.257462
v 7.097379 0.737789 -6.256081
v 7.097368 0.704757 -6.255522
v 7.097359 0.671724 -6.254964
v 7.099309 0.736854 -6.311355
v 7.099298 0.703822 -6.310796
v 7.099288 0.670789 -6.310238
v 8.690290 0.642847 -5.979685
v 8.690331 0.774977 -5.981919
v 8.686350 0.643781 -5.924518
v 8.686390 0.775911 -5.926752
v 8.637931 0.642800 -5.983425
v 8.637972 0.774930 -5.985659
v 8.633989 0.643734 -5.928257
v 8.634030 0.775864 -5.930492
v 8.709346 0.675897 -5.978883
v 8.716580 0.708936 -5.978926
v 8.709366 0.741962 -5.980000
v 8.705424 0.742896 -5.924833
v 8.712639 0.709870 -5.923759
v 8.705404 0.676831 -5.923716
v 8.634020 0.742832 -5.929934
v 8.634010 0.709799 -5.929375
v 8.634000 0.676767 -5.928816
v 8.637961 0.741898 -5.985101
v 8.637951 0.708865 -5.984542
v 8.637941 0.675832 -5.983984
v 8.707592 0.315460 -6.217764
v 8.707632 0.447590 -6.219998
v 8.703650 0.316394 -6.162597
v 8.703691 0.448524 -6.164831
v 8.655231 0.315412 -6.221504
v 8.655272 0.447543 -6.223738
v 8.651291 0.316347 -6.166337
v 8.651331 0.448477 -6.168571
v 8.726646 0.348509 -6.216962
v 8.733881 0.381548 -6.217005
v 8.726667 0.414574 -6.218079
v 8.722725 0.415508 -6.162912
v 8.729939 0.382482 -6.161837
v 8.722705 0.349443 -6.161795
v 8.651321 0.415444 -6.168013
v 8.651311 0.382412 -6.167454
v 8.651300 0.349379 -6.166895
v 8.655262 0.414510 -6.223180
v 8.655252 0.381478 -6.222621
v 8.655242 0.348445 -6.222063
v 8.690191 0.319584 -5.974218
v 8.690231 0.451714 -5.976452
v 8.686250 0.320518 -5.919051
v 8.686291 0.452648 -5.921285
v 8.637832 0.319536 -5.977958
v 8.637873 0.451667 -5.980193
v 8.633890 0.320471 -5.922791
v 8.633930 0.452601 -5.925025
v 8.709246 0.352633 -5.973416
v 8.716480 0.385672 -5.973459
v 8.709267 0.418698 -5.974534
v 8.705325 0.419632 -5.919366
v 8.712540 0.386606 -5.918292
v 8.705305 0.353567 -5.918249
v 8.633921 0.419568 -5.924467
v 8.633910 0.386536 -5.923908
v 8.633900 0.353503 -5.923349
v 8.637862 0.418634 -5.979634
v 8.637852 0.385602 -5.979075
v 8.637842 0.352569 -5.978517
v 8.707691 0.638723 -6.223230
v 8.707731 0.770853 -6.225465
v 8.703750 0.639657 -6.168063
v 8.703791 0.771787 -6.170298
v 8.655331 0.638676 -6.226971
v 8.655372 0.770806 -6.229205
v 8.651390 0.639610 -6.171803
v 8.651430 0.771740 -6.174037
v 8.726746 0.671773 -6.222429
v 8.733980 0.704812 -6.222471
v 8.726767 0.737838 -6.223546
v 8.722825 0.738772 -6.168379
v 8.730040 0.705746 -6.167304
v 8.722805 0.672707 -6.167262
v 8.651421 0.738708 -6.173479
v 8.651410 0.705675 -6.172921
v 8.651400 0.672643 -6.172362
v 8.655361 0.737774 -6.228646
v 8.655352 0.704741 -6.228088
v 8.655341 0.671708 -6.227529
v 7.085304 1.022315 -5.954868
v 7.054522 1.020942 -5.957827
v 7.126983 1.022836 -6.340427
v 7.126104 1.118674 -6.334711
v 7.086548 1.124876 -5.968647
v 7.120793 1.018384 -6.285017
v 7.113641 1.023012 -6.217055
v 7.106297 1.021621 -6.149997
v 7.098662 1.029903 -6.079894
v 7.091683 1.023358 -6.015118
v 7.061210 1.023855 -6.018705
v 7.075481 1.015452 -6.152122
v 7.082919 1.019407 -6.220377
v 7.089617 1.001921 -6.286868
v 7.089766 1.119577 -6.281959
v 7.082794 1.127600 -6.218372
v 7.075768 1.125529 -6.153071
v 7.069180 1.122805 -6.091447
v 7.062318 1.123881 -6.027943
v 7.119792 1.119622 -6.278715
v 7.112929 1.120699 -6.215211
v 7.106068 1.121775 -6.151707
v 7.099085 1.121590 -6.088974
v 7.092336 1.128144 -6.023061
v 7.096310 1.016951 -6.348751
v 7.111039 1.013608 -6.345408
v 7.091942 1.003022 -6.308519
v 7.091185 1.119118 -6.295689
v 7.116970 1.118381 -6.335773
v 7.095671 1.105876 -6.339491
v 7.077441 1.124862 -5.969631
v 7.060809 1.124108 -6.014563
v 7.055837 1.113058 -5.970346
v 7.063866 1.023542 -6.043347
v 7.068546 1.034793 -6.086631
v 7.072726 1.018413 -6.126168
v 7.088105 1.027489 -6.082024
v 8.649082 1.027495 -6.291944
v 8.679966 1.026229 -6.290316
v 8.624813 1.040803 -5.907589
v 8.625419 1.132949 -5.916471
v 8.648444 1.126767 -6.281613
v 8.628501 1.034673 -5.962691
v 8.632585 1.036875 -6.030588
v 8.636901 1.033308 -6.097397
v 8.641368 1.038958 -6.167561
v 8.645424 1.030501 -6.231921
v 8.676026 1.031058 -6.229717
v 8.667780 1.027392 -6.096439
v 8.663424 1.033470 -6.028522
v 8.659731 1.018831 -5.961679
v 8.659343 1.132026 -5.970437
v 8.663443 1.137643 -6.034098
v 8.667520 1.133479 -6.099128
v 8.671326 1.128808 -6.160469
v 8.675321 1.127736 -6.223813
v 8.629202 1.132003 -5.972338
v 8.633196 1.130930 -6.035681
v 8.637191 1.129858 -6.099025
v 8.641341 1.127597 -6.161568
v 8.645113 1.131722 -6.227478
v 8.655829 1.035367 -5.900484
v 8.640966 1.032055 -5.903043
v 8.658383 1.020611 -5.940131
v 8.658544 1.132040 -5.956738
v 8.634591 1.132690 -5.915809
v 8.656037 1.120736 -5.912642
v 8.657586 1.126774 -6.281036
v 8.676225 1.127510 -6.237162
v 8.679201 1.115395 -6.280885
v 8.674483 1.031574 -6.205141
v 8.671756 1.043852 -6.162363
v 8.669363 1.029384 -6.122409
v 8.652011 1.036689 -6.165833
v 7.294551 1.010324 -6.313041
v 7.293277 1.008518 -6.343913
v 7.489333 1.016945 -6.320069
v 7.485645 1.109216 -6.321612
v 7.300658 1.109385 -6.315021
v 7.461358 1.011771 -6.319194
v 7.427003 1.015157 -6.317831
v 7.393128 1.012750 -6.316684
v 7.357639 1.019618 -6.315583
v 7.324969 1.012283 -6.314286
v 7.324019 1.012293 -6.344957
v 7.391477 1.006309 -6.347414
v 7.425933 1.011205 -6.348656
v 7.459622 0.995400 -6.350099
v 7.456248 1.108728 -6.351041
v 7.424050 1.115449 -6.350096
v 7.391080 1.112418 -6.348844
v 7.359976 1.108815 -6.347610
v 7.327885 1.108845 -6.346467
v 7.457324 1.109238 -6.320863
v 7.425233 1.109267 -6.319720
v 7.393142 1.109296 -6.318576
v 7.361433 1.108119 -6.317631
v 7.328114 1.113396 -6.316153
v 7.490765 1.010868 -6.351440
v 7.490451 1.007849 -6.336369
v 7.470551 0.996804 -6.350524
v 7.463183 1.108502 -6.351348
v 7.485357 1.108793 -6.330798
v 7.485397 1.096431 -6.352201
v 7.300332 1.109230 -6.324173
v 7.321117 1.108850 -6.346288
v 7.298851 1.097495 -6.345513
v 7.336470 1.012382 -6.345409
v 7.358246 1.023913 -6.346360
v 7.378345 1.008752 -6.346935
v 7.357770 1.017142 -6.326283
v 7.096781 0.998541 -6.341516
v 7.101365 0.996690 -6.372071
v 7.289365 1.006041 -6.311646
v 7.285741 1.101743 -6.313950
v 7.102838 1.101319 -6.342405
v 7.261744 1.000583 -6.316063
v 7.227739 1.003983 -6.321215
v 7.194264 1.001377 -6.326483
v 7.159184 1.008387 -6.332109
v 7.126881 1.000672 -6.336997
v 7.131739 1.000706 -6.367296
v 7.198466 0.994718 -6.356966
v 7.232521 0.999908 -6.351684
v 7.265927 0.983622 -6.346725
v 7.262432 1.101168 -6.348399
v 7.230613 1.108036 -6.353558
v 7.198009 1.104784 -6.358550
v 7.167243 1.100947 -6.363208
v 7.135513 1.100873 -6.368144
v 7.257789 1.101674 -6.318562
v 7.226059 1.101600 -6.323498
v 7.194329 1.101526 -6.328434
v 7.163016 1.100204 -6.333492
v 7.130000 1.105568 -6.338337
v 7.296713 0.999769 -6.342177
v 7.293569 0.996623 -6.327433
v 7.276734 0.985115 -6.345080
v 7.269300 1.100957 -6.347392
v 7.287194 1.101312 -6.323024
v 7.291314 1.088506 -6.344022
v 7.104246 1.101165 -6.351455
v 7.128834 1.100857 -6.369246
v 7.106859 1.089006 -6.372678
v 7.144051 1.000839 -6.365389
v 7.165578 1.012871 -6.362222
v 7.185472 0.997210 -6.358977
v 7.161342 1.005828 -6.342589
v 7.486334 1.000313 -6.314251
v 7.487573 0.998456 -6.345124
v 7.681108 1.004732 -6.305286
v 7.678770 1.100485 -6.307145
v 7.493883 1.102985 -6.315744
v 7.653090 0.999717 -6.306706
v 7.618786 1.003661 -6.308165
v 7.584902 1.001591 -6.309800
v 7.549535 1.009161 -6.311614
v 7.516775 1.001963 -6.312998
v 7.518344 1.001986 -6.343645
v 7.585692 0.994931 -6.340561
v 7.620195 0.999576 -6.338974
v 7.653679 0.982758 -6.337647
v 7.651882 1.100348 -6.338885
v 7.619806 1.107724 -6.340585
v 7.586806 1.104994 -6.342040
v 7.555661 1.101649 -6.343360
v 7.523587 1.102083 -6.344852
v 7.650486 1.100863 -6.308721
v 7.618412 1.101297 -6.310213
v 7.586339 1.101731 -6.311704
v 7.554646 1.100909 -6.313362
v 7.521389 1.106801 -6.314622
v 7.685027 0.998411 -6.336432
v 7.683440 0.995284 -6.321437
v 7.664623 0.984078 -6.337175
v 7.658815 1.100027 -6.338623
v 7.679232 1.100050 -6.316323
v 7.680864 1.087226 -6.337648
v 7.494307 1.102829 -6.324893
v 7.516829 1.102173 -6.345228
v 7.494427 1.090676 -6.346280
v 7.530790 1.001921 -6.343074
v 7.552721 1.013608 -6.342238
v 7.572598 0.997630 -6.341160
v 7.550511 1.006591 -6.322266
v 8.275049 1.009003 -6.278744
v 8.278306 1.008482 -6.309519
v 8.081496 1.013427 -6.299346
v 8.084005 1.009981 -6.330049
v 8.074575 1.109057 -6.301772
v 8.280313 1.108908 -6.279868
v 8.282681 1.105089 -6.310617
v 8.244477 1.012758 -6.282159
v 8.210637 1.012708 -6.285740
v 8.176798 1.012658 -6.289320
v 8.143006 1.012651 -6.292901
v 8.111312 1.023165 -6.296400
v 8.113622 1.018778 -6.327006
v 8.180030 1.012140 -6.319866
v 8.212888 1.006787 -6.316399
v 8.109385 1.109232 -6.328643
v 8.143915 1.107473 -6.325096
v 8.180037 1.108695 -6.321239
v 8.215516 1.108748 -6.317486
v 8.251202 1.108207 -6.313666
v 8.104832 1.105779 -6.298725
v 8.140677 1.107579 -6.295102
v 8.176765 1.109219 -6.290328
v 8.212337 1.109256 -6.287457
v 8.246627 1.104547 -6.283738
v 8.078523 1.097169 -6.332056
v 8.075539 1.108902 -6.310879
v 8.099208 1.109009 -6.329827
v 8.127647 1.014235 -6.325355
v 8.145685 1.019696 -6.323421
v 8.166918 1.010672 -6.321149
v 8.143915 1.011298 -6.302368
v 8.245441 1.012604 -6.291267
v 8.227135 1.009018 -6.314888
v 8.248123 1.023618 -6.312819
v 8.268593 1.009675 -6.310531
v 8.079942 0.997161 -6.307158
v 8.077328 0.996641 -6.337994
v 7.885995 1.002385 -6.290847
v 7.882650 0.998832 -6.321469
v 7.879047 1.101606 -6.292006
v 8.085218 1.100777 -6.309343
v 8.081726 1.096838 -6.339983
v 8.049287 1.001156 -6.304742
v 8.015379 1.001215 -6.301868
v 7.981472 1.001274 -6.298995
v 7.947613 1.001378 -6.296131
v 7.915862 1.012388 -6.293592
v 7.912337 1.007860 -6.324080
v 7.978877 1.000757 -6.329602
v 8.011781 0.995096 -6.332397
v 7.908158 1.101704 -6.324967
v 7.942731 1.099766 -6.328001
v 7.978935 1.100915 -6.331037
v 8.014484 1.100854 -6.334049
v 8.050247 1.100176 -6.337036
v 7.909324 1.098107 -6.294724
v 7.945215 1.099857 -6.297936
v 7.981561 1.101439 -6.300064
v 8.017035 1.101362 -6.303961
v 8.051394 1.096364 -6.306778
v 7.877168 1.089292 -6.322481
v 7.878273 1.101452 -6.301132
v 7.897939 1.101506 -6.324208
v 7.926408 1.003103 -6.325103
v 7.944504 1.008708 -6.326615
v 7.965754 0.999277 -6.328384
v 7.946713 0.999981 -6.305598
v 8.048513 1.001002 -6.313868
v 8.026064 0.997364 -6.333604
v 8.047113 1.012440 -6.335549
v 8.067602 0.997910 -6.337154
v 7.876967 1.000028 -6.300582
v 7.877697 0.999509 -6.331520
v 7.682467 1.006896 -6.305323
v 7.682416 1.003803 -6.336135
v 7.676683 1.091550 -6.306950
v 7.883491 1.088275 -6.301895
v 7.883291 1.084855 -6.332743
v 7.846274 1.003814 -6.301484
v 7.812260 1.004287 -6.302293
v 7.778244 1.004760 -6.303102
v 7.744279 1.005270 -6.303916
v 7.712553 1.015050 -6.304795
v 7.712299 1.011128 -6.335496
v 7.778968 1.004245 -6.333810
v 7.811921 0.999010 -6.333047
v 7.709184 1.091166 -6.336569
v 7.743858 1.089083 -6.335853
v 7.780187 1.089612 -6.334952
v 7.815849 1.089116 -6.334104
v 7.851715 1.088093 -6.333208
v 7.707038 1.088190 -6.306388
v 7.743079 1.089234 -6.305696
v 7.779454 1.090132 -6.303877
v 7.815138 1.089622 -6.303916
v 7.849546 1.084934 -6.303016
v 7.677984 1.080972 -6.337482
v 7.676899 1.091397 -6.316106
v 7.678555 1.101070 -6.337796
v 7.698942 1.091124 -6.336920
v 7.726348 1.006898 -6.335005
v 7.744556 1.011451 -6.334536
v 7.765777 1.003147 -6.334023
v 7.744393 1.004057 -6.313429
v 7.846490 1.003661 -6.310640
v 7.826272 1.000765 -6.332697
v 7.847557 1.013352 -6.332312
v 7.867951 1.000713 -6.331733
v 8.468769 1.010655 -6.272048
v 8.467495 1.008849 -6.302920
v 8.663551 1.017277 -6.279076
v 8.659863 1.109548 -6.280619
v 8.474876 1.109716 -6.274028
v 8.635575 1.012103 -6.278201
v 8.601221 1.015488 -6.276838
v 8.567346 1.013082 -6.275691
v 8.531857 1.019950 -6.274590
v 8.499187 1.012614 -6.273293
v 8.498238 1.012625 -6.303964
v 8.565695 1.006641 -6.306421
v 8.600151 1.011536 -6.307662
v 8.633841 0.995731 -6.309106
v 8.630466 1.109059 -6.310048
v 8.598269 1.115781 -6.309103
v 8.565298 1.112749 -6.307851
v 8.534193 1.109147 -6.306617
v 8.502102 1.109176 -6.305474
v 8.631542 1.109569 -6.279871
v 8.599451 1.109599 -6.278727
v 8.567360 1.109628 -6.277583
v 8.535650 1.108451 -6.276638
v 8.502332 1.113728 -6.275160
v 8.664982 1.011199 -6.310447
v 8.664669 1.008181 -6.295376
v 8.644769 0.997136 -6.309532
v 8.637401 1.108834 -6.310355
v 8.659575 1.109125 -6.289805
v 8.659615 1.096762 -6.311208
v 8.474550 1.109562 -6.283180
v 8.495335 1.109181 -6.305295
v 8.473069 1.097826 -6.304520
v 8.510688 1.012714 -6.304417
v 8.532464 1.024245 -6.305367
v 8.552563 1.009084 -6.305942
v 8.531988 1.017474 -6.285290
v 8.270999 0.998872 -6.300522
v 8.275583 0.997022 -6.331078
v 8.463583 1.006373 -6.270653
v 8.459959 1.102075 -6.272956
v 8.277056 1.101650 -6.301412
v 8.435962 1.000915 -6.275070
v 8.401957 1.004315 -6.280222
v 8.368483 1.001709 -6.285490
v 8.333403 1.008718 -6.291116
v 8.301098 1.001004 -6.296003
v 8.305957 1.001038 -6.326303
v 8.372684 0.995049 -6.315973
v 8.406738 1.000239 -6.310691
v 8.440145 0.983954 -6.305732
v 8.436649 1.101500 -6.307406
v 8.404831 1.108367 -6.312564
v 8.372227 1.105116 -6.317557
v 8.341461 1.101279 -6.322215
v 8.309731 1.101205 -6.327151
v 8.432007 1.102005 -6.277568
v 8.400277 1.101932 -6.282505
v 8.368547 1.101858 -6.287441
v 8.337234 1.100535 -6.292499
v 8.304218 1.105900 -6.297344
v 8.470930 1.000100 -6.301184
v 8.467787 0.996955 -6.286439
v 8.450953 0.985447 -6.304087
v 8.443518 1.101288 -6.306398
v 8.461412 1.101644 -6.282031
v 8.465532 1.088838 -6.303029
v 8.278463 1.101497 -6.310462
v 8.303052 1.101188 -6.328253
v 8.281076 1.089337 -6.331685
v 8.318269 1.001170 -6.324396
v 8.339796 1.013202 -6.321229
v 8.359690 0.997541 -6.317984
v 8.335560 1.006160 -6.301596
vn 0.0015 -0.9981 -0.0623
vn -0.0011 0.9990 0.0438
vn -0.0021 0.9990 0.0450
vn -0.0021 0.9989 0.0464
vn -0.0017 0.9990 0.0458
vn -0.0013 0.9990 0.0450
vn -0.0002 0.9979 0.0642
vn 0.0026 -0.9983 -0.0583
vn 0.0021 -0.9980 -0.0627
vn -0.0036 -0.0430 0.9991
vn -0.0757 -0.0378 0.9964
vn 0.0534 0.0935 -0.9942
vn 0.0027 -0.9988 -0.0488
vn 0.0030 -0.9965 -0.0837
vn 0.0011 -0.9996 -0.0283
vn 0.0023 -0.9985 -0.0552
vn 0.0012 -0.9985 -0.0541
vn 0.0005 -0.9974 -0.0715
vn -0.0007 -0.9992 -0.0405
vn 0.0021 -0.9985 -0.0550
vn 0.0059 -0.9983 -0.0577
vn 0.0049 -0.9991 -0.0428
vn 0.0021 -0.9985 -0.0553
vn 0.0021 -0.9985 -0.0541
vn 0.0022 -0.9985 -0.0547
vn -0.0008 -0.9992 -0.0396
vn 0.0022 -0.9985 -0.0546
vn 0.0027 -0.9984 -0.0569
vn 0.0018 -0.9984 -0.0570
vn 0.0062 -0.9983 -0.0583
vn 0.0045 -0.9991 -0.0431
vn 0.0023 -0.9985 -0.0545
vn 0.0016 -0.9987 -0.0518
vn 0.0018 -0.9983 -0.0575
vn -0.0002 -0.9981 -0.0610
vn -0.0005 -0.9991 -0.0415
vn 0.0021 -0.9985 -0.0545
vn 0.0018 -0.9988 -0.0487
vn 0.0031 -0.9980 -0.0632
vn 0.0026 -0.9989 -0.0462
vn 0.0041 -0.9983 -0.0577
vn 0.0042 -0.9986 -0.0529
vn 0.0044 -0.9987 -0.0511
vn 0.0038 -0.9982 -0.0604
vn -0.0024 0.9984 0.0559
vn -0.0018 0.9985 0.0551
vn -0.0022 0.9985 0.0546
vn -0.0042 0.9991 0.0423
vn -0.0016 0.9983 0.0578
vn -0.0041 0.9991 0.0416
vn -0.0044 0.9976 0.0693
vn -0.0000 0.9991 0.0428
vn -0.0024 0.9986 0.0527
vn -0.0017 0.9996 0.0276
vn -0.0048 0.9959 0.0900
vn -0.0022 0.9985 0.0547
vn -0.0022 0.9980 0.0632
vn -0.0018 0.9986 0.0527
vn -0.0007 0.9996 0.0278
vn -0.0030 0.9965 0.0834
vn -0.0030 0.9982 0.0604
vn -0.0027 0.9984 0.0569
vn 0.0014 0.9990 0.0439
vn 0.0004 0.9979 0.0649
vn -0.0023 0.9985 0.0541
vn -0.0045 0.9975 0.0705
vn -0.0046 0.9990 0.0453
vn -0.0053 0.9980 0.0634
vn -0.0021 0.9985 0.0540
vn -0.0000 0.9977 0.0671
vn -0.0001 0.9991 0.0427
vn -0.0005 0.9978 0.0667
vn -0.0021 0.9985 0.0552
vn -0.0042 0.9986 0.0534
vn 0.0008 0.9982 0.0594
vn -0.0003 0.9985 0.0544
vn 0.0007 -0.9987 -0.0507
vn -0.0001 -0.9987 -0.0518
vn 0.0037 -0.9976 -0.0685
vn 0.0030 -0.9991 -0.0419
vn 0.0005 -0.9985 -0.0547
vn 0.8758 -0.1654 0.4534
vn 0.9868 -0.1299 -0.0968
vn -0.9833 -0.0112 -0.1819
vn -0.9538 -0.2176 -0.2071
vn -0.8477 -0.4296 0.3113
vn -0.6383 0.2252 -0.7361
vn 0.0082 -0.8353 -0.5497
vn 0.0220 -0.6708 -0.7413
vn 0.0518 0.7459 -0.6640
vn -0.0016 0.7535 -0.6574
vn -0.0037 0.7378 -0.6750
vn 0.0031 0.9149 -0.4037
vn 0.0171 0.7480 -0.6635
vn -0.0092 -0.7666 0.6420
vn -0.0332 -0.7559 0.6539
vn -0.0344 -0.7541 0.6558
vn -0.0217 0.6708 0.7414
vn -0.8685 0.4825 0.1135
vn 0.8345 0.5476 -0.0608
vn 0.7677 0.6359 0.0787
vn 0.0018 0.9982 0.0601
vn -0.7500 -0.6127 -0.2492
vn 0.0679 0.0144 -0.9976
vn 0.0027 -0.9987 -0.0499
vn 0.0409 0.0718 -0.9966
vn -0.0170 0.0798 -0.9967
vn 0.0006 -0.9990 -0.0444
vn -0.0009 -0.9982 -0.0608
vn 0.0636 0.0375 -0.9973
vn 0.0073 0.1043 -0.9945
vn 0.0013 -0.9988 -0.0483
vn 0.0724 0.0571 -0.9957
vn -0.0036 0.9980 0.0636
vn -0.0679 0.0783 -0.9946
vn -0.0002 0.9980 0.0640
vn -0.0028 0.9980 0.0633
vn -0.0037 0.9990 0.0456
vn 0.0005 0.9988 0.0496
vn -0.0040 0.9982 0.0605
vn 0.0784 0.0388 -0.9962
vn -0.0644 -0.0527 0.9965
vn 0.0030 -0.9982 -0.0606
vn 0.0320 -0.0249 0.9992
vn 0.0022 -0.9978 -0.0658
vn -0.0631 -0.0648 0.9959
vn 0.0029 -0.9981 -0.0621
vn -0.0392 -0.0814 0.9959
vn 0.0027 -0.9979 -0.0644
vn -0.0037 -0.0427 0.9991
vn 0.0017 -0.9978 -0.0661
vn -0.0915 -0.0225 0.9956
vn 0.0034 -0.9977 -0.0671
vn -0.0009 0.9988 0.0486
vn 0.0046 -0.0562 0.9984
vn -0.0048 0.9979 0.0650
vn -0.9617 -0.0966 -0.2565
vn -0.0004 0.9985 0.0550
vn -0.9268 -0.3009 0.2247
vn -0.0003 0.9983 0.0577
vn 0.8897 -0.1570 -0.4286
vn -0.0035 0.9984 0.0558
vn 0.9929 -0.0739 0.0928
vn -0.0030 0.9986 0.0525
vn -0.0033 0.9989 0.0476
vn 0.9784 -0.1728 0.1139
vn 0.9878 0.0107 -0.1555
vn -0.0043 0.9984 0.0562
vn -0.0023 -0.9947 0.1032
vn 0.0020 0.9964 -0.0848
vn 0.0030 0.9963 -0.0860
vn 0.0030 0.9962 -0.0874
vn 0.0025 0.9962 -0.0868
vn 0.0022 0.9963 -0.0859
vn 0.0011 0.9945 -0.1052
vn -0.0035 -0.9951 0.0992
vn -0.0030 -0.9946 0.1036
vn 0.0035 -0.0840 -0.9965
vn 0.0757 -0.0788 -0.9940
vn -0.0533 0.1343 0.9895
vn -0.0036 -0.9960 0.0897
vn -0.0039 -0.9922 0.1246
vn -0.0019 -0.9976 0.0693
vn -0.0031 -0.9954 0.0961
vn -0.0021 -0.9955 0.0951
vn -0.0014 -0.9937 0.1123
vn -0.0002 -0.9967 0.0815
vn -0.0030 -0.9954 0.0960
vn -0.0068 -0.9951 0.0987
vn -0.0058 -0.9965 0.0838
vn -0.0030 -0.9954 0.0962
vn -0.0029 -0.9955 0.0950
vn -0.0031 -0.9954 0.0956
vn -0.0000 -0.9967 0.0806
vn -0.0031 -0.9954 0.0957
vn -0.0036 -0.9952 0.0979
vn -0.0030 -0.9954 0.0959
vn -0.0030 -0.9954 0.0957
vn -0.0030 -0.9954 0.0956
vn -0.0027 -0.9952 0.0979
vn -0.0071 -0.9950 0.0992
vn -0.0054 -0.9964 0.0841
vn -0.0032 -0.9954 0.0954
vn -0.0025 -0.9957 0.0928
vn -0.0026 -0.9951 0.0984
vn -0.0007 -0.9948 0.1020
vn -0.0004 -0.9966 0.0825
vn -0.0029 -0.9954 0.0955
vn -0.0027 -0.9960 0.0897
vn -0.0039 -0.9946 0.1042
vn -0.0035 -0.9962 0.0872
vn -0.0050 -0.9951 0.0986
vn -0.0051 -0.9956 0.0939
vn -0.0053 -0.9957 0.0921
vn -0.0047 -0.9948 0.1013
vn 0.0033 0.9953 -0.0968
vn 0.0026 0.9954 -0.0960
vn 0.0031 0.9954 -0.0955
vn 0.0050 0.9965 -0.0832
vn 0.0025 0.9951 -0.0988
vn 0.0050 0.9966 -0.0825
vn 0.0053 0.9939 -0.1102
vn 0.0008 0.9965 -0.0837
vn 0.0033 0.9956 -0.0936
vn 0.0026 0.9976 -0.0687
vn 0.0057 0.9914 -0.1308
vn 0.0031 0.9954 -0.0956
vn 0.0031 0.9946 -0.1041
vn 0.0027 0.9956 -0.0936
vn 0.0016 0.9976 -0.0688
vn 0.0038 0.9922 -0.1242
vn 0.0039 0.9948 -0.1013
vn 0.0036 0.9952 -0.0978
vn -0.0005 0.9964 -0.0849
vn 0.0005 0.9944 -0.1058
vn 0.0031 0.9955 -0.0950
vn 0.0054 0.9938 -0.1114
vn 0.0055 0.9963 -0.0862
vn 0.0062 0.9945 -0.1043
vn 0.0029 0.9955 -0.0950
vn 0.0009 0.9941 -0.1080
vn 0.0010 0.9965 -0.0837
vn 0.0014 0.9942 -0.1076
vn 0.0030 0.9954 -0.0961
vn 0.0050 0.9955 -0.0943
vn -0.0000 0.9950 -0.1004
vn 0.0012 0.9954 -0.0954
vn -0.0016 -0.9958 0.0917
vn -0.0008 -0.9957 0.0927
vn -0.0046 -0.9940 0.1094
vn -0.0039 -0.9966 0.0829
vn -0.0013 -0.9954 0.0956
vn -0.8760 -0.1832 -0.4463
vn -0.9869 -0.1250 0.1020
vn 0.9832 -0.0045 0.1822
vn 0.9536 -0.2097 0.2159
vn 0.8473 -0.4428 -0.2934
vn 0.6386 0.2547 0.7262
vn -0.0089 -0.8120 0.5836
vn -0.0225 -0.6397 0.7683
vn -0.0511 0.7726 0.6328
vn 0.0022 0.7799 0.6259
vn 0.0044 0.7649 0.6441
vn -0.0023 0.9307 0.3658
vn -0.0165 0.7746 0.6322
vn 0.0085 -0.7923 -0.6100
vn 0.0325 -0.7821 -0.6223
vn 0.0337 -0.7805 -0.6243
vn 0.0222 0.6397 -0.7683
vn 0.8689 0.4767 -0.1332
vn -0.8341 0.5503 0.0383
vn -0.7672 0.6328 -0.1047
vn -0.0009 0.9949 -0.1010
vn 0.7495 -0.6026 0.2742
vn -0.0678 0.0554 0.9962
vn -0.0036 -0.9959 0.0909
vn -0.0408 0.1127 0.9928
vn 0.0171 0.1206 0.9926
vn -0.0014 -0.9963 0.0854
vn -0.0000 -0.9948 0.1017
vn -0.0636 0.0784 0.9949
vn -0.0072 0.1450 0.9894
vn -0.0022 -0.9960 0.0893
vn -0.0723 0.0980 0.9926
vn 0.0045 0.9945 -0.1045
vn 0.0680 0.1190 0.9906
vn 0.0010 0.9945 -0.1049
vn 0.0037 0.9945 -0.1042
vn 0.0046 0.9962 -0.0866
vn 0.0003 0.9959 -0.0906
vn 0.0049 0.9948 -0.1014
vn -0.0784 0.0797 0.9937
vn 0.0643 -0.0936 -0.9935
vn -0.0039 -0.9948 0.1015
vn -0.0320 -0.0658 -0.9973
vn -0.0031 -0.9943 0.1067
vn 0.0630 -0.1057 -0.9924
vn -0.0037 -0.9947 0.1030
vn 0.0391 -0.1223 -0.9917
vn -0.0036 -0.9944 0.1054
vn 0.0036 -0.0837 -0.9965
vn -0.0026 -0.9943 0.1070
vn 0.0914 -0.0635 -0.9938
vn -0.0043 -0.9941 0.1081
vn 0.0018 0.9960 -0.0896
vn -0.0047 -0.0972 -0.9953
vn 0.0057 0.9944 -0.1059
vn 0.9616 -0.0868 0.2603
vn 0.0013 0.9954 -0.0960
vn 0.9265 -0.3106 -0.2122
vn 0.0012 0.9951 -0.0986
vn -0.8899 -0.1385 0.4347
vn 0.0043 0.9953 -0.0968
vn -0.9930 -0.0768 -0.0897
vn 0.0039 0.9956 -0.0935
vn 0.0042 0.9961 -0.0885
vn -0.9785 -0.1765 -0.1067
vn -0.9878 0.0179 0.1550
vn 0.0052 0.9953 -0.0972
vn 0.0432 0.0153 0.9989
vn -0.0247 -0.0158 -0.9996
vn -0.0260 -0.0173 -0.9995
vn -0.0273 -0.0172 -0.9995
vn -0.0267 -0.0165 -0.9995
vn -0.0259 -0.0160 -0.9995
vn -0.0451 -0.0133 -0.9989
vn 0.0392 0.0174 0.9991
vn 0.0436 0.0163 0.9989
vn -0.9985 0.0497 0.0230
vn -0.9978 -0.0634 0.0198
vn 0.9968 0.0277 -0.0749
vn 0.0298 0.0180 0.9994
vn 0.0647 0.0166 0.9978
vn 0.0092 0.0166 0.9998
vn 0.0362 0.0170 0.9992
vn 0.0350 0.0154 0.9993
vn 0.0524 0.0133 0.9985
vn 0.0213 0.0132 0.9997
vn 0.0360 0.0168 0.9992
vn 0.0388 0.0226 0.9990
vn 0.0239 0.0218 0.9995
vn 0.0362 0.0167 0.9992
vn 0.0350 0.0167 0.9992
vn 0.0356 0.0169 0.9992
vn 0.0205 0.0130 0.9997
vn 0.0357 0.0169 0.9992
vn 0.0379 0.0176 0.9991
vn 0.0359 0.0168 0.9992
vn 0.0379 0.0162 0.9991
vn 0.0394 0.0230 0.9990
vn 0.0241 0.0211 0.9995
vn 0.0354 0.0171 0.9992
vn 0.0327 0.0162 0.9993
vn 0.0384 0.0161 0.9991
vn 0.0419 0.0128 0.9990
vn 0.0224 0.0134 0.9997
vn 0.0355 0.0167 0.9992
vn 0.0297 0.0167 0.9994
vn 0.0442 0.0178 0.9989
vn 0.0272 0.0180 0.9995
vn 0.0387 0.0197 0.9991
vn 0.0340 0.0201 0.9992
vn 0.0322 0.0206 0.9993
vn 0.0414 0.0191 0.9990
vn -0.0368 -0.0172 -0.9992
vn -0.0360 -0.0162 -0.9992
vn -0.0355 -0.0169 -0.9992
vn -0.0233 -0.0207 -0.9995
vn -0.0388 -0.0158 -0.9991
vn -0.0226 -0.0207 -0.9995
vn -0.0503 -0.0196 -0.9985
vn -0.0236 -0.0141 -0.9996
vn -0.0336 -0.0174 -0.9993
vn -0.0086 -0.0176 -0.9998
vn -0.0711 -0.0190 -0.9973
vn -0.0356 -0.0169 -0.9992
vn -0.0442 -0.0164 -0.9989
vn -0.0336 -0.0164 -0.9993
vn -0.0087 -0.0161 -0.9998
vn -0.0644 -0.0165 -0.9978
vn -0.0414 -0.0179 -0.9990
vn -0.0378 -0.0176 -0.9991
vn -0.0247 -0.0119 -0.9996
vn -0.0457 -0.0122 -0.9989
vn -0.0350 -0.0171 -0.9992
vn -0.0516 -0.0197 -0.9985
vn -0.0263 -0.0212 -0.9994
vn -0.0445 -0.0213 -0.9988
vn -0.0350 -0.0167 -0.9992
vn -0.0480 -0.0128 -0.9988
vn -0.0236 -0.0143 -0.9996
vn -0.0476 -0.0136 -0.9988
vn -0.0361 -0.0168 -0.9992
vn -0.0344 -0.0200 -0.9992
vn -0.0403 -0.0119 -0.9991
vn -0.0353 -0.0140 -0.9993
vn 0.0316 0.0148 0.9994
vn 0.0326 0.0135 0.9994
vn 0.0495 0.0185 0.9986
vn 0.0229 0.0189 0.9996
vn 0.0356 0.0142 0.9993
vn -0.2896 0.9528 0.0912
vn 0.0832 0.9942 0.0687
vn 0.0943 -0.9952 0.0256
vn 0.1104 -0.9808 0.1607
vn -0.2458 -0.9173 0.3132
vn 0.5599 -0.8146 -0.1515
vn 0.5336 -0.0035 0.8458
vn 0.7287 0.0049 0.6848
vn 0.6791 0.0325 -0.7333
vn 0.6710 -0.0507 -0.7398
vn 0.6880 -0.0548 -0.7236
vn 0.4210 -0.0323 -0.9065
vn 0.6779 -0.0217 -0.7349
vn -0.6564 0.0334 0.7537
vn -0.6689 -0.0038 0.7434
vn -0.6708 -0.0056 0.7416
vn -0.7287 -0.0044 -0.6848
vn -0.0934 -0.9428 -0.3201
vn 0.0711 0.9135 -0.4005
vn -0.0288 0.8761 -0.4812
vn -0.0409 -0.0104 -0.9991
vn 0.1555 -0.8690 0.4697
vn 0.9987 0.0515 0.0039
vn 0.0309 0.0180 0.9994
vn 0.9986 0.0084 -0.0528
vn 0.9948 -0.0823 -0.0592
vn 0.0253 0.0149 0.9996
vn 0.0416 0.0117 0.9991
vn 0.9988 0.0445 -0.0191
vn 0.9954 -0.0446 -0.0845
vn 0.0293 0.0159 0.9994
vn 0.9976 0.0580 -0.0390
vn -0.0446 -0.0186 -0.9988
vn 0.9854 -0.1607 -0.0562
vn -0.0449 -0.0132 -0.9989
vn -0.0443 -0.0174 -0.9989
vn -0.0266 -0.0198 -0.9995
vn -0.0305 -0.0129 -0.9995
vn -0.0415 -0.0194 -0.9989
vn 0.9975 0.0676 -0.0208
vn -0.9984 -0.0455 0.0344
vn 0.0415 0.0179 0.9990
vn -0.9945 0.1047 0.0040
vn 0.0467 0.0163 0.9988
vn -0.9980 -0.0433 0.0464
vn 0.0430 0.0175 0.9989
vn -0.9980 -0.0057 0.0625
vn 0.0454 0.0172 0.9988
vn -0.9985 0.0495 0.0227
vn 0.0471 0.0156 0.9988
vn -0.9961 -0.0882 0.0049
vn 0.0481 0.0181 0.9987
vn -0.0295 -0.0153 -0.9994
vn -0.9974 0.0627 0.0361
vn -0.0461 -0.0204 -0.9987
vn 0.1432 -0.9863 0.0820
vn -0.0359 -0.0141 -0.9993
vn -0.1762 -0.9607 0.2143
vn -0.0386 -0.0138 -0.9992
vn 0.3142 0.9442 0.0983
vn -0.0368 -0.0188 -0.9991
vn -0.0378 0.9988 0.0298
vn -0.0335 -0.0182 -0.9993
vn -0.0285 -0.0191 -0.9994
vn -0.0532 0.9942 0.0938
vn 0.1229 0.9922 -0.0211
vn -0.0373 -0.0201 -0.9991
vn -0.1462 0.0153 0.9891
vn 0.1645 -0.0157 -0.9862
vn 0.1632 -0.0171 -0.9864
vn 0.1619 -0.0170 -0.9867
vn 0.1625 -0.0164 -0.9866
vn 0.1634 -0.0159 -0.9864
vn 0.1443 -0.0133 -0.9894
vn -0.1502 0.0172 0.9885
vn -0.1458 0.0163 0.9892
vn -0.9851 0.0447 -0.1659
vn -0.9835 -0.0643 -0.1690
vn 0.9930 0.0299 0.1146
vn -0.1595 0.0178 0.9870
vn -0.1249 0.0165 0.9920
vn -0.1798 0.0164 0.9836
vn -0.1532 0.0168 0.9880
vn -0.1543 0.0153 0.9879
vn -0.1372 0.0133 0.9905
vn -0.1678 0.0131 0.9857
vn -0.1534 0.0166 0.9880
vn -0.1506 0.0223 0.9883
vn -0.1653 0.0215 0.9860
vn -0.1531 0.0166 0.9881
vn -0.1543 0.0166 0.9879
vn -0.1537 0.0168 0.9880
vn -0.1687 0.0130 0.9856
vn -0.1538 0.0168 0.9880
vn -0.1515 0.0174 0.9883
vn -0.1534 0.0167 0.9880
vn -0.1537 0.0167 0.9880
vn -0.1538 0.0167 0.9880
vn -0.1515 0.0161 0.9883
vn -0.1500 0.0227 0.9884
vn -0.1651 0.0208 0.9861
vn -0.1539 0.0170 0.9879
vn -0.1566 0.0161 0.9875
vn -0.1510 0.0160 0.9884
vn -0.1475 0.0129 0.9890
vn -0.1668 0.0133 0.9859
vn -0.1539 0.0166 0.9879
vn -0.1596 0.0165 0.9870
vn -0.1452 0.0177 0.9892
vn -0.1621 0.0178 0.9866
vn -0.1507 0.0195 0.9884
vn -0.1554 0.0199 0.9877
vn -0.1571 0.0203 0.9874
vn -0.1480 0.0189 0.9888
vn 0.1525 -0.0171 -0.9881
vn 0.1533 -0.0161 -0.9880
vn 0.1538 -0.0168 -0.9880
vn 0.1659 -0.0204 -0.9859
vn 0.1506 -0.0157 -0.9885
vn 0.1666 -0.0204 -0.9858
vn 0.1392 -0.0194 -0.9901
vn 0.1656 -0.0140 -0.9861
vn 0.1557 -0.0172 -0.9877
vn 0.1804 -0.0174 -0.9834
vn 0.1186 -0.0189 -0.9928
vn 0.1537 -0.0168 -0.9880
vn 0.1453 -0.0164 -0.9893
vn 0.1557 -0.0163 -0.9877
vn 0.1803 -0.0159 -0.9835
vn 0.1252 -0.0165 -0.9920
vn 0.1481 -0.0177 -0.9888
vn 0.1516 -0.0175 -0.9883
vn 0.1645 -0.0119 -0.9863
vn 0.1438 -0.0123 -0.9895
vn 0.1543 -0.0169 -0.9879
vn 0.1379 -0.0195 -0.9902
vn 0.1629 -0.0208 -0.9864
vn 0.1450 -0.0210 -0.9892
vn 0.1544 -0.0166 -0.9879
vn 0.1415 -0.0128 -0.9899
vn 0.1656 -0.0142 -0.9861
vn 0.1419 -0.0136 -0.9898
vn 0.1533 -0.0166 -0.9880
vn 0.1549 -0.0198 -0.9877
vn 0.1491 -0.0120 -0.9887
vn 0.1541 -0.0140 -0.9880
vn -0.1577 0.0148 0.9874
vn -0.1567 0.0134 0.9876
vn -0.1400 0.0184 0.9900
vn -0.1663 0.0187 0.9859
vn -0.1538 0.0141 0.9880
vn -0.3149 0.9484 0.0363
vn 0.0680 0.9939 0.0865
vn 0.0943 -0.9946 0.0443
vn 0.0842 -0.9792 0.1849
vn -0.3070 -0.9129 0.2691
vn 0.5950 -0.8025 -0.0443
vn 0.3643 -0.0014 0.9313
vn 0.5863 0.0073 0.8101
vn 0.8053 0.0333 -0.5919
vn 0.7988 -0.0471 -0.5998
vn 0.8125 -0.0509 -0.5807
vn 0.5847 -0.0301 -0.8107
vn 0.8045 -0.0191 -0.5937
vn -0.7870 0.0303 0.6162
vn -0.7972 -0.0055 0.6037
vn -0.7988 -0.0072 0.6016
vn -0.5863 -0.0069 -0.8101
vn -0.0292 -0.9389 -0.3431
vn 0.1470 0.9084 -0.3915
vn 0.0615 0.8687 -0.4915
vn 0.1485 -0.0105 -0.9889
vn 0.0687 -0.8608 0.5042
vn 0.9799 0.0528 0.1924
vn -0.1584 0.0178 0.9872
vn 0.9906 0.0112 0.1367
vn 0.9886 -0.0762 0.1297
vn -0.1639 0.0148 0.9864
vn -0.1478 0.0118 0.9889
vn 0.9844 0.0461 0.1699
vn 0.9937 -0.0398 0.1050
vn -0.1600 0.0158 0.9870
vn 0.9869 0.0590 0.1501
vn 0.1449 -0.0184 -0.9893
vn 0.9797 -0.1519 0.1310
vn 0.1446 -0.0132 -0.9894
vn 0.1452 -0.0173 -0.9893
vn 0.1627 -0.0195 -0.9865
vn 0.1588 -0.0129 -0.9872
vn 0.1479 -0.0192 -0.9888
vn 0.9834 0.0684 0.1680
vn -0.9868 -0.0470 -0.1548
vn -0.1479 0.0177 0.9888
vn -0.9781 0.0978 -0.1839
vn -0.1427 0.0163 0.9896
vn -0.9887 -0.0449 -0.1429
vn -0.1464 0.0174 0.9891
vn -0.9919 -0.0086 -0.1271
vn -0.1440 0.0171 0.9894
vn -0.9851 0.0445 -0.1662
vn -0.1424 0.0155 0.9897
vn -0.9791 -0.0882 -0.1833
vn -0.1413 0.0179 0.9898
vn 0.1598 -0.0152 -0.9870
vn -0.9866 0.0572 -0.1529
vn 0.1434 -0.0202 -0.9895
vn 0.1330 -0.9849 0.1112
vn 0.1535 -0.0141 -0.9881
vn -0.2177 -0.9587 0.1831
vn 0.1508 -0.0137 -0.9885
vn 0.2965 0.9413 0.1612
vn 0.1525 -0.0186 -0.9881
vn -0.0476 0.9986 0.0232
vn 0.1558 -0.0181 -0.9876
vn 0.1607 -0.0188 -0.9868
vn -0.0758 0.9935 0.0854
vn 0.1260 0.9920 0.0028
vn 0.1521 -0.0199 -0.9882
vn -0.0386 0.0155 0.9991
vn 0.0571 -0.0162 -0.9982
vn 0.0558 -0.0175 -0.9983
vn 0.0545 -0.0175 -0.9984
vn 0.0551 -0.0168 -0.9983
vn 0.0560 -0.0164 -0.9983
vn 0.0368 -0.0134 -0.9992
vn -0.0426 0.0175 0.9989
vn -0.0382 0.0164 0.9991
vn -0.9964 0.0605 -0.0589
vn -0.9969 -0.0486 -0.0622
vn 0.9999 0.0141 0.0071
vn -0.0521 0.0182 0.9985
vn -0.0171 0.0164 0.9997
vn -0.0726 0.0171 0.9972
vn -0.0457 0.0171 0.9988
vn -0.0468 0.0157 0.9988
vn -0.0295 0.0134 0.9995
vn -0.0605 0.0136 0.9981
vn -0.0459 0.0169 0.9988
vn -0.0429 0.0225 0.9988
vn -0.0579 0.0220 0.9981
vn -0.0456 0.0169 0.9988
vn -0.0468 0.0169 0.9988
vn -0.0462 0.0171 0.9988
vn -0.0614 0.0135 0.9980
vn -0.0463 0.0171 0.9988
vn -0.0439 0.0177 0.9989
vn -0.0459 0.0170 0.9988
vn -0.0462 0.0170 0.9988
vn -0.0463 0.0170 0.9988
vn -0.0439 0.0163 0.9989
vn -0.0424 0.0229 0.9988
vn -0.0576 0.0213 0.9981
vn -0.0464 0.0173 0.9988
vn -0.0491 0.0164 0.9987
vn -0.0435 0.0163 0.9989
vn -0.0400 0.0131 0.9991
vn -0.0595 0.0139 0.9981
vn -0.0464 0.0169 0.9988
vn -0.0522 0.0169 0.9985
vn -0.0376 0.0178 0.9991
vn -0.0546 0.0183 0.9983
vn -0.0431 0.0198 0.9989
vn -0.0478 0.0202 0.9987
vn -0.0496 0.0207 0.9986
vn -0.0404 0.0191 0.9990
vn 0.0450 -0.0173 -0.9988
vn 0.0458 -0.0164 -0.9988
vn 0.0463 -0.0171 -0.9988
vn 0.0585 -0.0209 -0.9981
vn 0.0431 -0.0160 -0.9989
vn 0.0592 -0.0209 -0.9980
vn 0.0315 -0.0195 -0.9993
vn 0.0582 -0.0145 -0.9982
vn 0.0482 -0.0176 -0.9987
vn 0.0732 -0.0181 -0.9972
vn 0.0107 -0.0187 -0.9998
vn 0.0462 -0.0171 -0.9988
vn 0.0377 -0.0165 -0.9992
vn 0.0482 -0.0166 -0.9987
vn 0.0732 -0.0166 -0.9972
vn 0.0174 -0.0164 -0.9997
vn 0.0405 -0.0179 -0.9990
vn 0.0440 -0.0178 -0.9989
vn 0.0572 -0.0124 -0.9983
vn 0.0362 -0.0125 -0.9993
vn 0.0468 -0.0172 -0.9988
vn 0.0302 -0.0195 -0.9994
vn 0.0555 -0.0213 -0.9982
vn 0.0373 -0.0212 -0.9991
vn 0.0468 -0.0169 -0.9988
vn 0.0339 -0.0129 -0.9993
vn 0.0583 -0.0147 -0.9982
vn 0.0343 -0.0137 -0.9993
vn 0.0457 -0.0169 -0.9988
vn 0.0474 -0.0201 -0.9987
vn 0.0416 -0.0122 -0.9991
vn 0.0466 -0.0143 -0.9988
vn -0.0502 0.0151 0.9986
vn -0.0492 0.0138 0.9987
vn -0.0323 0.0185 0.9993
vn -0.0589 0.0192 0.9981
vn -0.0463 0.0145 0.9988
vn -0.2942 0.9532 0.0704
vn 0.0926 0.9926 0.0791
vn 0.0828 -0.9960 0.0335
vn 0.0881 -0.9807 0.1743
vn -0.2906 -0.9085 0.3002
vn 0.5741 -0.8116 -0.1085
vn 0.4623 -0.0090 0.8867
vn 0.6701 -0.0036 0.7423
vn 0.7374 0.0219 -0.6751
vn 0.7287 -0.0583 -0.6823
vn 0.7444 -0.0624 -0.6649
vn 0.4935 -0.0376 -0.8690
vn 0.7355 -0.0304 -0.6768
vn -0.7156 0.0414 0.6973
vn -0.7276 0.0057 0.6860
vn -0.7294 0.0040 0.6841
vn -0.6701 0.0041 -0.7423
vn -0.0807 -0.9376 -0.3383
vn 0.1183 0.9068 -0.4047
vn 0.0220 0.8687 -0.4949
vn 0.0410 -0.0107 -0.9991
vn 0.1090 -0.8629 0.4935
vn 0.9956 0.0371 0.0858
vn -0.0509 0.0182 0.9985
vn 0.9996 -0.0046 0.0292
vn 0.9955 -0.0920 0.0225
vn -0.0565 0.0153 0.9983
vn -0.0403 0.0120 0.9991
vn 0.9976 0.0303 0.0629
vn 0.9984 -0.0556 -0.0026
vn -0.0526 0.0162 0.9985
vn 0.9981 0.0433 0.0430
vn 0.0373 -0.0186 -0.9991
vn 0.9856 -0.1675 0.0247
vn 0.0370 -0.0134 -0.9992
vn 0.0375 -0.0174 -0.9991
vn 0.0552 -0.0200 -0.9983
vn 0.0514 -0.0133 -0.9986
vn 0.0403 -0.0194 -0.9990
vn 0.9967 0.0526 0.0611
vn -0.9984 -0.0312 -0.0477
vn -0.0403 0.0179 0.9990
vn -0.9905 0.1135 -0.0775
vn -0.0351 0.0164 0.9992
vn -0.9989 -0.0291 -0.0356
vn -0.0388 0.0176 0.9991
vn -0.9998 0.0072 -0.0196
vn -0.0364 0.0172 0.9992
vn -0.9964 0.0603 -0.0592
vn -0.0348 0.0156 0.9993
vn -0.9944 -0.0725 -0.0769
vn -0.0337 0.0181 0.9993
vn 0.0524 -0.0156 -0.9985
vn -0.9963 0.0730 -0.0458
vn 0.0357 -0.0203 -0.9992
vn 0.1286 -0.9871 0.0959
vn 0.0460 -0.0144 -0.9988
vn -0.2119 -0.9555 0.2051
vn 0.0433 -0.0140 -0.9990
vn 0.3269 0.9362 0.1287
vn 0.0450 -0.0189 -0.9988
vn -0.0291 0.9992 0.0287
vn 0.0483 -0.0184 -0.9987
vn 0.0533 -0.0192 -0.9984
vn -0.0505 0.9943 0.0935
vn 0.1412 0.9899 -0.0104
vn 0.0445 -0.0202 -0.9988
vn -0.1128 0.0184 0.9934
vn 0.0944 -0.0179 -0.9954
vn 0.0956 -0.0165 -0.9953
vn 0.0970 -0.0166 -0.9951
vn 0.0964 -0.0172 -0.9952
vn 0.0955 -0.0177 -0.9953
vn 0.1147 -0.0205 -0.9932
vn -0.1088 0.0163 0.9939
vn -0.1132 0.0174 0.9934
vn 0.9944 -0.0477 0.0943
vn 0.9941 0.0652 0.0872
vn -0.9892 -0.0314 -0.1433
vn -0.0994 0.0157 0.9949
vn -0.1342 0.0171 0.9908
vn -0.0789 0.0172 0.9967
vn -0.1058 0.0168 0.9943
vn -0.1046 0.0183 0.9943
vn -0.1219 0.0204 0.9923
vn -0.0910 0.0206 0.9956
vn -0.1056 0.0170 0.9943
vn -0.1084 0.0111 0.9940
vn -0.0936 0.0119 0.9955
vn -0.1058 0.0170 0.9942
vn -0.1046 0.0170 0.9944
vn -0.1052 0.0168 0.9943
vn -0.0901 0.0208 0.9957
vn -0.1053 0.0168 0.9943
vn -0.1075 0.0161 0.9941
vn -0.1055 0.0169 0.9943
vn -0.1053 0.0169 0.9943
vn -0.1052 0.0169 0.9943
vn -0.1075 0.0176 0.9940
vn -0.1090 0.0107 0.9940
vn -0.0938 0.0126 0.9955
vn -0.1050 0.0166 0.9943
vn -0.1024 0.0176 0.9946
vn -0.1080 0.0176 0.9940
vn -0.1115 0.0209 0.9935
vn -0.0920 0.0204 0.9955
vn -0.1051 0.0171 0.9943
vn -0.0993 0.0171 0.9949
vn -0.1138 0.0159 0.9934
vn -0.0968 0.0157 0.9952
vn -0.1083 0.0140 0.9940
vn -0.1036 0.0136 0.9945
vn -0.1018 0.0131 0.9947
vn -0.1110 0.0146 0.9937
vn 0.1064 -0.0165 -0.9942
vn 0.1056 -0.0175 -0.9943
vn 0.1051 -0.0168 -0.9943
vn 0.0929 -0.0131 -0.9956
vn 0.1084 -0.0179 -0.9940
vn 0.0922 -0.0131 -0.9957
vn 0.1198 -0.0141 -0.9927
vn 0.0933 -0.0197 -0.9954
vn 0.1032 -0.0163 -0.9945
vn 0.0783 -0.0161 -0.9968
vn 0.1405 -0.0146 -0.9900
vn 0.1052 -0.0168 -0.9943
vn 0.1137 -0.0173 -0.9934
vn 0.1032 -0.0174 -0.9945
vn 0.0784 -0.0177 -0.9968
vn 0.1338 -0.0171 -0.9909
vn 0.1109 -0.0159 -0.9937
vn 0.1074 -0.0161 -0.9941
vn 0.0944 -0.0219 -0.9953
vn 0.1153 -0.0215 -0.9931
vn 0.1047 -0.0167 -0.9944
vn 0.1211 -0.0140 -0.9925
vn 0.0959 -0.0126 -0.9953
vn 0.1140 -0.0124 -0.9934
vn 0.1046 -0.0170 -0.9944
vn 0.1175 -0.0209 -0.9928
vn 0.0933 -0.0195 -0.9955
vn 0.1172 -0.0201 -0.9929
vn 0.1057 -0.0170 -0.9943
vn 0.1040 -0.0137 -0.9945
vn 0.1099 -0.0218 -0.9937
vn 0.1049 -0.0197 -0.9943
vn -0.1013 0.0189 0.9947
vn -0.1023 0.0203 0.9946
vn -0.1191 0.0152 0.9928
vn -0.0926 0.0149 0.9956
vn -0.1052 0.0195 0.9943
vn 0.2814 -0.9488 0.1434
vn -0.0890 -0.9914 0.0963
vn -0.0947 0.9954 -0.0147
vn -0.1202 0.9855 0.1194
vn 0.2244 0.9277 0.2984
vn -0.5470 0.8084 -0.2176
vn -0.5912 0.0314 0.8059
vn -0.7747 0.0173 0.6321
vn -0.6264 -0.0581 -0.7773
vn -0.6177 0.0249 -0.7860
vn -0.6358 0.0295 -0.7713
vn -0.3567 0.0012 -0.9342
vn -0.6249 -0.0039 -0.7807
vn 0.6022 -0.0071 0.7983
vn 0.6154 0.0297 0.7876
vn 0.6175 0.0314 0.7859
vn 0.7747 -0.0178 -0.6321
vn 0.1166 0.9315 -0.3445
vn -0.0441 -0.9266 -0.3734
vn 0.0612 -0.8919 -0.4481
vn 0.1105 -0.0233 -0.9936
vn -0.1869 0.8842 0.4280
vn -0.9966 -0.0525 -0.0641
vn -0.1005 0.0157 0.9948
vn -0.9925 -0.0113 -0.1220
vn -0.9882 0.0791 -0.1312
vn -0.0950 0.0189 0.9953
vn -0.1112 0.0220 0.9936
vn -0.9951 -0.0463 -0.0872
vn -0.9871 0.0405 -0.1551
vn -0.0989 0.0179 0.9949
vn -0.9925 -0.0604 -0.1064
vn 0.1141 -0.0151 -0.9934
vn -0.9789 0.1576 -0.1301
vn 0.1144 -0.0205 -0.9932
vn 0.1139 -0.0163 -0.9934
vn 0.0962 -0.0140 -0.9953
vn 0.1001 -0.0208 -0.9948
vn 0.1111 -0.0143 -0.9937
vn -0.9937 -0.0695 -0.0880
vn 0.9936 0.0478 0.1023
vn -0.1111 0.0159 0.9937
vn 0.9917 -0.1034 0.0769
vn -0.1163 0.0174 0.9931
vn 0.9924 0.0460 0.1144
vn -0.1126 0.0162 0.9935
vn 0.9912 0.0089 0.1317
vn -0.1150 0.0165 0.9932
vn 0.9944 -0.0475 0.0940
vn -0.1166 0.0182 0.9930
vn 0.9934 0.0895 0.0714
vn -0.1177 0.0156 0.9929
vn 0.0991 -0.0185 -0.9949
vn 0.9924 -0.0602 0.1076
vn 0.1156 -0.0133 -0.9932
vn -0.1474 0.9883 0.0385
vn 0.1055 -0.0196 -0.9942
vn 0.1620 0.9676 0.1935
vn 0.1081 -0.0200 -0.9939
vn -0.3215 -0.9408 0.1080
vn 0.1064 -0.0149 -0.9942
vn 0.0344 -0.9972 0.0661
vn 0.1031 -0.0155 -0.9945
vn 0.0982 -0.0147 -0.9951
vn 0.0454 -0.9904 0.1309
vn -0.1223 -0.9925 0.0039
vn 0.1069 -0.0136 -0.9942
vn 0.0769 0.0183 0.9969
vn -0.0953 -0.0178 -0.9953
vn -0.0940 -0.0164 -0.9954
vn -0.0927 -0.0165 -0.9956
vn -0.0933 -0.0171 -0.9955
vn -0.0942 -0.0176 -0.9954
vn -0.0750 -0.0203 -0.9970
vn 0.0809 0.0163 0.9966
vn 0.0765 0.0174 0.9969
vn 0.9942 -0.0492 -0.0952
vn 0.9930 0.0597 -0.1021
vn -0.9986 -0.0271 0.0461
vn 0.0903 0.0157 0.9958
vn 0.0554 0.0171 0.9983
vn 0.1107 0.0171 0.9937
vn 0.0839 0.0167 0.9963
vn 0.0851 0.0182 0.9962
vn 0.0678 0.0203 0.9975
vn 0.0987 0.0204 0.9949
vn 0.0841 0.0169 0.9963
vn 0.0813 0.0113 0.9966
vn 0.0961 0.0120 0.9953
vn 0.0839 0.0170 0.9963
vn 0.0850 0.0170 0.9962
vn 0.0845 0.0168 0.9963
vn 0.0996 0.0206 0.9948
vn 0.0844 0.0168 0.9963
vn 0.0822 0.0162 0.9965
vn 0.0822 0.0175 0.9965
vn 0.0807 0.0109 0.9967
vn 0.0959 0.0127 0.9953
vn 0.0846 0.0166 0.9963
vn 0.0873 0.0175 0.9960
vn 0.0817 0.0176 0.9965
vn 0.0782 0.0207 0.9967
vn 0.0977 0.0202 0.9950
vn 0.0846 0.0170 0.9963
vn 0.0904 0.0170 0.9958
vn 0.0759 0.0160 0.9970
vn 0.0929 0.0157 0.9956
vn 0.0814 0.0141 0.9966
vn 0.0861 0.0137 0.9962
vn 0.0879 0.0132 0.9960
vn 0.0787 0.0147 0.9968
vn -0.0833 -0.0165 -0.9964
vn -0.0841 -0.0175 -0.9963
vn -0.0846 -0.0168 -0.9963
vn -0.0968 -0.0132 -0.9952
vn -0.0813 -0.0178 -0.9965
vn -0.0974 -0.0132 -0.9952
vn -0.0698 -0.0142 -0.9975
vn -0.0964 -0.0195 -0.9952
vn -0.0864 -0.0163 -0.9961
vn -0.1114 -0.0161 -0.9936
vn -0.0490 -0.0148 -0.9987
vn -0.0845 -0.0168 -0.9963
vn -0.0759 -0.0173 -0.9970
vn -0.0865 -0.0173 -0.9961
vn -0.1113 -0.0175 -0.9936
vn -0.0557 -0.0172 -0.9983
vn -0.0787 -0.0159 -0.9968
vn -0.0823 -0.0161 -0.9965
vn -0.0953 -0.0216 -0.9952
vn -0.0744 -0.0213 -0.9970
vn -0.0850 -0.0167 -0.9962
vn -0.0685 -0.0141 -0.9975
vn -0.0937 -0.0127 -0.9955
vn -0.0756 -0.0126 -0.9971
vn -0.0851 -0.0170 -0.9962
vn -0.0721 -0.0208 -0.9972
vn -0.0964 -0.0193 -0.9952
vn -0.0725 -0.0200 -0.9972
vn -0.0840 -0.0169 -0.9963
vn -0.0857 -0.0138 -0.9962
vn -0.0798 -0.0216 -0.9966
vn -0.0848 -0.0196 -0.9962
vn 0.0884 0.0188 0.9959
vn 0.0874 0.0201 0.9960
vn 0.0706 0.0152 0.9974
vn 0.0971 0.0149 0.9952
vn 0.0845 0.0194 0.9962
vn 0.3105 -0.9463 0.0902
vn -0.0750 -0.9905 0.1151
vn -0.0960 0.9954 0.0040
vn -0.0957 0.9847 0.1453
vn 0.2885 0.9218 0.2589
vn -0.5896 0.7998 -0.1128
vn -0.4283 0.0324 0.9030
vn -0.6413 0.0194 0.7670
vn -0.7621 -0.0542 -0.6451
vn -0.7549 0.0258 -0.6553
vn -0.7700 0.0303 -0.6374
vn -0.5267 0.0020 -0.8501
vn -0.7611 -0.0020 -0.6486
vn 0.7421 -0.0086 0.6702
vn 0.7532 0.0268 0.6573
vn 0.7549 0.0285 0.6552
vn 0.6413 -0.0198 -0.7670
vn 0.0541 0.9268 -0.3717
vn -0.1204 -0.9212 -0.3699
vn -0.0281 -0.8849 -0.4650
vn -0.0792 -0.0231 -0.9966
vn -0.1027 0.8773 0.4688
vn -0.9910 -0.0475 0.1253
vn 0.0892 0.0157 0.9959
vn -0.9977 -0.0078 0.0676
vn -0.9952 0.0794 0.0578
vn 0.0947 0.0187 0.9953
vn 0.0785 0.0218 0.9967
vn -0.9939 -0.0414 0.1023
vn -0.9985 0.0422 0.0341
vn 0.0908 0.0178 0.9957
vn -0.9950 -0.0551 0.0829
vn -0.0755 -0.0152 -0.9970
vn -0.9862 0.1551 0.0572
vn -0.0752 -0.0204 -0.9970
vn -0.0758 -0.0164 -0.9970
vn -0.0934 -0.0140 -0.9955
vn -0.0896 -0.0206 -0.9958
vn -0.0786 -0.0144 -0.9968
vn -0.9928 -0.0638 0.1012
vn 0.9953 0.0429 -0.0871
vn 0.0786 0.0159 0.9968
vn 0.9884 -0.1028 -0.1118
vn 0.0734 0.0174 0.9972
vn 0.9963 0.0412 -0.0750
vn 0.0771 0.0162 0.9969
vn 0.9983 0.0055 -0.0578
vn 0.0747 0.0166 0.9971
vn 0.9942 -0.0490 -0.0955
vn 0.0730 0.0181 0.9972
vn 0.9896 0.0832 -0.1175
vn 0.0720 0.0157 0.9973
vn -0.0906 -0.0184 -0.9957
vn 0.9948 -0.0612 -0.0817
vn -0.0740 -0.0134 -0.9972
vn -0.1392 0.9879 0.0684
vn -0.0842 -0.0195 -0.9963
vn 0.2056 0.9646 0.1653
vn -0.0815 -0.0198 -0.9965
vn -0.3081 -0.9357 0.1718
vn -0.0833 -0.0150 -0.9964
vn 0.0447 -0.9972 0.0602
vn -0.0866 -0.0155 -0.9961
vn -0.0915 -0.0147 -0.9957
vn 0.0685 -0.9899 0.1240
vn -0.1271 -0.9915 0.0275
vn -0.0828 -0.0137 -0.9965
vn -0.0311 0.0186 0.9993
vn 0.0126 -0.0178 -0.9998
vn 0.0139 -0.0162 -0.9998
vn 0.0153 -0.0163 -0.9998
vn 0.0146 -0.0170 -0.9997
vn 0.0138 -0.0176 -0.9998
vn 0.0330 -0.0210 -0.9992
vn -0.0272 0.0162 0.9995
vn -0.0316 0.0175 0.9993
vn 0.9975 -0.0694 0.0130
vn 0.9983 0.0583 0.0057
vn -0.9979 -0.0199 -0.0621
vn -0.0177 0.0154 0.9997
vn -0.0527 0.0175 0.9985
vn 0.0028 0.0168 0.9999
vn -0.0241 0.0167 0.9996
vn -0.0229 0.0184 0.9996
vn -0.0402 0.0210 0.9990
vn -0.0092 0.0208 0.9997
vn -0.0239 0.0169 0.9996
vn -0.0268 0.0103 0.9996
vn -0.0119 0.0110 0.9999
vn -0.0242 0.0169 0.9996
vn -0.0230 0.0169 0.9996
vn -0.0236 0.0168 0.9996
vn -0.0083 0.0210 0.9997
vn -0.0236 0.0167 0.9996
vn -0.0235 0.0167 0.9996
vn -0.0258 0.0160 0.9995
vn -0.0235 0.0168 0.9996
vn -0.0259 0.0176 0.9995
vn -0.0274 0.0099 0.9996
vn -0.0121 0.0118 0.9999
vn -0.0234 0.0165 0.9996
vn -0.0207 0.0175 0.9996
vn -0.0263 0.0177 0.9995
vn -0.0298 0.0214 0.9993
vn -0.0102 0.0205 0.9997
vn -0.0234 0.0170 0.9996
vn -0.0176 0.0169 0.9997
vn -0.0322 0.0158 0.9994
vn -0.0151 0.0153 0.9998
vn -0.0267 0.0136 0.9996
vn -0.0219 0.0131 0.9997
vn -0.0202 0.0125 0.9997
vn -0.0294 0.0143 0.9995
vn 0.0248 -0.0164 -0.9996
vn 0.0240 -0.0175 -0.9996
vn 0.0234 -0.0167 -0.9996
vn 0.0113 -0.0123 -0.9999
vn 0.0267 -0.0180 -0.9995
vn 0.0106 -0.0123 -0.9999
vn 0.0383 -0.0139 -0.9992
vn 0.0115 -0.0198 -0.9997
vn 0.0216 -0.0161 -0.9996
vn -0.0035 -0.0155 -0.9999
vn 0.0591 -0.0148 -0.9981
vn 0.0236 -0.0168 -0.9996
vn 0.0321 -0.0174 -0.9993
vn 0.0215 -0.0173 -0.9996
vn -0.0034 -0.0173 -0.9998
vn 0.0523 -0.0175 -0.9985
vn 0.0293 -0.0157 -0.9994
vn 0.0258 -0.0159 -0.9995
vn 0.0126 -0.0222 -0.9997
vn 0.0336 -0.0221 -0.9992
vn 0.0230 -0.0166 -0.9996
vn 0.0396 -0.0138 -0.9991
vn 0.0143 -0.0118 -0.9998
vn 0.0325 -0.0119 -0.9994
vn 0.0229 -0.0169 -0.9996
vn 0.0359 -0.0216 -0.9991
vn 0.0115 -0.0195 -0.9997
vn 0.0355 -0.0206 -0.9992
vn 0.0240 -0.0169 -0.9996
vn 0.0224 -0.0132 -0.9997
vn 0.0281 -0.0224 -0.9994
vn 0.0232 -0.0200 -0.9995
vn -0.0195 0.0190 0.9996
vn -0.0205 0.0206 0.9996
vn -0.0375 0.0151 0.9992
vn -0.0109 0.0143 0.9998
vn -0.0235 0.0198 0.9995
vn 0.2465 -0.9630 0.1086
vn -0.0867 -0.9919 0.0929
vn -0.0694 0.9976 -0.0076
vn -0.0826 0.9902 0.1128
vn 0.2373 0.9389 0.2495
vn -0.5045 0.8485 -0.1596
vn -0.5230 0.0414 0.8513
vn -0.7202 0.0289 0.6932
vn -0.6884 -0.0531 -0.7234
vn -0.6791 0.0407 -0.7330
vn -0.6958 0.0461 -0.7167
vn -0.4316 0.0104 -0.9020
vn -0.6865 0.0082 -0.7271
vn 0.6651 -0.0203 0.7465
vn 0.6780 0.0211 0.7348
vn 0.6799 0.0230 0.7329
vn 0.7202 -0.0295 -0.6931
vn 0.0933 0.9436 -0.3177
vn -0.0812 -0.9405 -0.3300
vn 0.0083 -0.9130 -0.4079
vn 0.0287 -0.0242 -0.9993
vn -0.1235 0.9083 0.3996
vn -0.9989 -0.0439 0.0175
vn -0.0188 0.0154 0.9997
vn -0.9992 0.0028 -0.0407
vn -0.9932 0.1049 -0.0503
vn -0.0132 0.0189 0.9997
vn -0.0295 0.0227 0.9993
vn -0.9993 -0.0368 -0.0057
vn -0.9953 0.0615 -0.0742
vn -0.0172 0.0178 0.9997
vn -0.9983 -0.0528 -0.0250
vn 0.0325 -0.0149 -0.9994
vn -0.9799 0.1929 -0.0500
vn 0.0327 -0.0210 -0.9992
vn 0.0322 -0.0163 -0.9993
vn 0.0146 -0.0133 -0.9998
vn 0.0183 -0.0212 -0.9996
vn 0.0295 -0.0140 -0.9995
vn -0.9980 -0.0630 -0.0066
vn 0.9990 0.0385 0.0209
vn -0.0295 0.0157 0.9994
vn 0.9912 -0.1321 -0.0040
vn -0.0347 0.0175 0.9992
vn 0.9988 0.0365 0.0330
vn -0.0310 0.0161 0.9994
vn 0.9987 -0.0055 0.0504
vn -0.0334 0.0166 0.9993
vn 0.9975 -0.0692 0.0127
vn -0.0350 0.0184 0.9992
vn 0.9963 0.0857 -0.0100
vn -0.0361 0.0156 0.9992
vn 0.0174 -0.0185 -0.9997
vn 0.9961 -0.0836 0.0264
vn 0.0341 -0.0129 -0.9993
vn -0.1124 0.9927 0.0432
vn 0.0238 -0.0199 -0.9995
vn 0.1728 0.9721 0.1586
vn 0.0264 -0.0203 -0.9994
vn -0.2934 -0.9483 0.1212
vn 0.0248 -0.0146 -0.9996
vn 0.0199 -0.9982 0.0573
vn 0.0215 -0.0152 -0.9997
vn 0.0165 -0.0142 -0.9998
vn 0.0344 -0.9929 0.1137
vn -0.1228 -0.9923 0.0137
vn 0.0253 -0.0131 -0.9996
vn -0.6689 -0.0038 0.7433
vn 0.9976 0.0580 -0.0389
vn 0.1437 -0.0123 -0.9895
vn -0.0291 -0.9389 -0.3431
vn 0.9906 0.0112 0.1366
vn -0.9791 -0.0883 -0.1833
vn -0.0476 0.9986 0.0233
vn 0.9946 -0.0000 0.1036
vn -0.9936 -0.0006 -0.1129
vn -0.9937 -0.0019 -0.1122
vn -0.9938 -0.0019 -0.1115
vn -0.9937 -0.0012 -0.1119
vn -0.9937 -0.0008 -0.1123
vn -0.9947 0.0021 -0.1027
vn 0.9944 0.0020 0.1056
vn 0.9946 0.0009 0.1034
vn -0.1299 0.1104 0.9854
vn -0.1397 -0.1055 0.9846
vn 0.0302 0.0391 -0.9988
vn 0.9939 0.0026 0.1103
vn 0.9957 0.0010 0.0928
vn 0.9927 0.0014 0.1206
vn 0.9942 0.0016 0.1071
vn 0.9942 0.0001 0.1077
vn 0.9951 -0.0021 0.0991
vn 0.9934 -0.0020 0.1146
vn 0.9942 0.0014 0.1072
vn 0.9944 0.0070 0.1057
vn 0.9936 0.0064 0.1132
vn 0.9942 0.0013 0.1071
vn 0.9942 0.0014 0.1077
vn 0.9942 0.0015 0.1074
vn 0.9934 -0.0021 0.1150
vn 0.9943 0.0022 0.1063
vn 0.9943 0.0008 0.1063
vn 0.9944 0.0074 0.1054
vn 0.9936 0.0057 0.1131
vn 0.9942 0.0017 0.1075
vn 0.9941 0.0008 0.1089
vn 0.9944 0.0007 0.1060
vn 0.9945 -0.0024 0.1043
vn 0.9935 -0.0018 0.1141
vn 0.9942 0.0013 0.1075
vn 0.9939 0.0014 0.1104
vn 0.9947 0.0023 0.1031
vn 0.9937 0.0027 0.1116
vn 0.9944 0.0042 0.1058
vn 0.9941 0.0047 0.1082
vn 0.9940 0.0051 0.1091
vn 0.9945 0.0036 0.1045
vn -0.9943 -0.0018 -0.1068
vn -0.9942 -0.0008 -0.1072
vn -0.9942 -0.0015 -0.1075
vn -0.9935 -0.0053 -0.1135
vn -0.9944 -0.0005 -0.1058
vn -0.9935 -0.0053 -0.1139
vn -0.9950 -0.0040 -0.1000
vn -0.9935 0.0011 -0.1134
vn -0.9941 -0.0020 -0.1084
vn -0.9927 -0.0025 -0.1209
vn -0.9960 -0.0033 -0.0896
vn -0.9942 -0.0015 -0.1074
vn -0.9947 -0.0010 -0.1031
vn -0.9941 -0.0010 -0.1084
vn -0.9927 -0.0010 -0.1209
vn -0.9957 -0.0010 -0.0930
vn -0.9945 -0.0024 -0.1045
vn -0.9943 -0.0022 -0.1063
vn -0.9936 0.0032 -0.1129
vn -0.9947 0.0030 -0.1024
vn -0.9942 -0.0017 -0.1077
vn -0.9950 -0.0041 -0.0994
vn -0.9937 -0.0057 -0.1120
vn -0.9947 -0.0057 -0.1029
vn -0.9942 -0.0014 -0.1077
vn -0.9949 0.0026 -0.1013
vn -0.9935 0.0009 -0.1135
vn -0.9948 0.0018 -0.1015
vn -0.9942 -0.0014 -0.1072
vn -0.9941 -0.0046 -0.1080
vn -0.9945 0.0033 -0.1052
vn -0.9942 0.0013 -0.1076
vn 0.9940 -0.0004 0.1094
vn 0.9940 -0.0018 0.1089
vn 0.9949 0.0030 0.1004
vn 0.9935 0.0036 0.1137
vn 0.9942 -0.0011 0.1075
vn 0.0865 0.9846 0.1517
vn 0.0962 0.9942 -0.0484
vn 0.0176 -0.9994 -0.0307
vn 0.1587 -0.9871 -0.0217
vn 0.2892 -0.9394 0.1843
vn -0.1350 -0.9317 -0.3372
vn 0.9842 -0.0222 -0.1758
vn 0.9378 -0.0139 -0.3469
vn -0.8398 0.0460 -0.5410
vn -0.8450 -0.0547 -0.5320
vn -0.8346 -0.0609 -0.5475
vn -0.9365 -0.0233 -0.3498
vn -0.8421 -0.0199 -0.5389
vn 0.8538 0.0329 0.5195
vn 0.8471 -0.0112 0.5313
vn 0.8460 -0.0134 0.5331
vn -0.9378 0.0146 0.3469
vn -0.3539 -0.9351 0.0200
vn -0.3880 0.9160 -0.1016
vn -0.4782 0.8762 -0.0601
vn -0.9945 0.0048 -0.1049
vn 0.4816 -0.8763 -0.0062
vn 0.1858 0.0820 -0.9792
vn 0.9940 0.0026 0.1097
vn 0.0735 0.0015 -0.9973
vn 0.0567 -0.1705 -0.9837
vn 0.9936 -0.0003 0.1126
vn 0.9945 -0.0035 0.1045
vn 0.1410 0.0695 -0.9876
vn 0.0088 -0.0985 -0.9951
vn 0.9939 0.0006 0.1106
vn 0.1020 0.0957 -0.9902
vn -0.9947 -0.0031 -0.1029
vn 0.0570 -0.3117 -0.9485
vn -0.9947 0.0021 -0.1028
vn -0.9947 -0.0019 -0.1031
vn -0.9937 -0.0044 -0.1119
vn -0.9939 0.0023 -0.1100
vn -0.9945 -0.0039 -0.1044
vn 0.1377 0.1134 -0.9840
vn -0.1110 -0.0718 0.9912
vn 0.9945 0.0024 0.1044
vn -0.1628 0.2134 0.9633
vn 0.9948 0.0009 0.1018
vn -0.0871 -0.0680 0.9939
vn 0.9946 0.0021 0.1037
vn -0.0543 0.0035 0.9985
vn 0.9947 0.0017 0.1025
vn -0.1306 0.1100 0.9853
vn 0.9948 0.0001 0.1017
vn -0.1684 -0.1514 0.9740
vn 0.9949 0.0026 0.1011
vn -0.9939 -0.0000 -0.1105
vn -0.1036 0.1345 0.9855
vn -0.9948 -0.0048 -0.1021
vn 0.0808 -0.9955 -0.0489
vn -0.9942 0.0012 -0.1073
vn 0.1892 -0.9728 0.1339
vn -0.9944 0.0015 -0.1060
vn 0.1522 0.9739 -0.1684
vn -0.9943 -0.0033 -0.1068
vn 0.0449 0.9990 0.0088
vn -0.9941 -0.0028 -0.1084
vn -0.9938 -0.0037 -0.1109
vn 0.1092 0.9937 0.0251
vn 0.0072 0.9967 -0.0808
vn -0.9943 -0.0046 -0.1065
vn -0.9983 -0.0022 -0.0591
vn 0.9977 0.0019 0.0684
vn 0.9977 0.0005 0.0678
vn 0.9977 0.0005 0.0671
vn 0.9977 0.0012 0.0674
vn 0.9977 0.0017 0.0678
vn 0.9983 0.0043 0.0581
vn -0.9981 -0.0002 -0.0611
vn -0.9983 -0.0012 -0.0589
vn 0.0856 0.0797 -0.9931
vn 0.0954 -0.1425 -0.9852
vn 0.0139 0.0746 0.9971
vn -0.9978 0.0003 -0.0659
vn -0.9988 -0.0008 -0.0482
vn -0.9971 -0.0013 -0.0762
vn -0.9980 -0.0007 -0.0627
vn -0.9980 -0.0022 -0.0632
vn -0.9985 -0.0042 -0.0544
vn -0.9975 -0.0046 -0.0701
vn -0.9980 -0.0009 -0.0627
vn -0.9981 0.0050 -0.0614
vn -0.9976 0.0041 -0.0689
vn -0.9980 -0.0009 -0.0626
vn -0.9980 -0.0009 -0.0632
vn -0.9980 -0.0008 -0.0629
vn -0.9975 -0.0048 -0.0705
vn -0.9980 -0.0007 -0.0629
vn -0.9981 -0.0000 -0.0618
vn -0.9980 -0.0008 -0.0628
vn -0.9981 -0.0014 -0.0617
vn -0.9981 0.0054 -0.0611
vn -0.9976 0.0034 -0.0688
vn -0.9980 -0.0005 -0.0630
vn -0.9979 -0.0015 -0.0644
vn -0.9981 -0.0015 -0.0615
vn -0.9982 -0.0047 -0.0597
vn -0.9976 -0.0044 -0.0696
vn -0.9980 -0.0010 -0.0630
vn -0.9978 -0.0010 -0.0659
vn -0.9983 0.0002 -0.0586
vn -0.9977 0.0003 -0.0672
vn -0.9981 0.0021 -0.0614
vn -0.9980 0.0025 -0.0638
vn -0.9979 0.0029 -0.0647
vn -0.9982 0.0015 -0.0600
vn 0.9981 0.0004 0.0623
vn 0.9980 0.0014 0.0627
vn 0.9980 0.0007 0.0630
vn 0.9976 -0.0029 0.0692
vn 0.9981 0.0018 0.0613
vn 0.9976 -0.0029 0.0696
vn 0.9985 -0.0021 0.0555
vn 0.9976 0.0037 0.0689
vn 0.9980 0.0003 0.0639
vn 0.9971 0.0003 0.0766
vn 0.9990 -0.0017 0.0450
vn 0.9980 0.0008 0.0629
vn 0.9983 0.0011 0.0586
vn 0.9980 0.0013 0.0639
vn 0.9971 0.0018 0.0765
vn 0.9988 0.0008 0.0484
vn 0.9982 -0.0003 0.0600
vn 0.9981 -0.0000 0.0618
vn 0.9976 0.0058 0.0683
vn 0.9983 0.0053 0.0577
vn 0.9980 0.0006 0.0632
vn 0.9985 -0.0022 0.0549
vn 0.9977 -0.0034 0.0677
vn 0.9983 -0.0037 0.0585
vn 0.9980 0.0009 0.0632
vn 0.9984 0.0048 0.0566
vn 0.9976 0.0035 0.0689
vn 0.9984 0.0039 0.0568
vn 0.9980 0.0009 0.0627
vn 0.9980 -0.0024 0.0636
vn 0.9982 0.0057 0.0605
vn 0.9980 0.0036 0.0630
vn -0.9979 -0.0028 -0.0649
vn -0.9979 -0.0042 -0.0644
vn -0.9984 0.0010 -0.0559
vn -0.9976 0.0011 -0.0694
vn -0.9980 -0.0035 -0.0629
vn -0.0900 0.9802 -0.1761
vn -0.0907 0.9957 0.0180
vn -0.0155 -0.9978 0.0638
vn -0.1520 -0.9865 0.0608
vn -0.2873 -0.9482 -0.1351
vn 0.1451 -0.9242 0.3533
vn -0.9750 -0.0155 0.2219
vn -0.9204 -0.0012 0.3910
vn 0.8617 0.0651 0.5032
vn 0.8666 -0.0394 0.4974
vn 0.8568 -0.0453 0.5136
vn 0.9508 -0.0133 0.3097
vn 0.8641 -0.0032 0.5034
vn -0.8750 0.0174 -0.4839
vn -0.8687 -0.0287 -0.4944
vn -0.8677 -0.0310 -0.4962
vn 0.9204 0.0018 -0.3910
vn 0.3416 -0.9398 -0.0037
vn 0.3801 0.9235 0.0513
vn 0.4668 0.8843 0.0082
vn 0.9982 0.0072 0.0602
vn -0.4673 -0.8823 0.0567
vn -0.1414 0.1183 0.9829
vn -0.9979 0.0003 -0.0653
vn -0.0292 0.0358 0.9989
vn -0.0130 -0.1417 0.9898
vn -0.9977 -0.0029 -0.0681
vn -0.9982 -0.0059 -0.0598
vn -0.0965 0.1056 0.9897
vn 0.0350 -0.0673 0.9971
vn -0.9978 -0.0018 -0.0661
vn -0.0577 0.1326 0.9895
vn 0.9983 -0.0010 0.0584
vn -0.0148 -0.2877 0.9576
vn 0.9983 0.0043 0.0582
vn 0.9983 0.0002 0.0585
vn 0.9977 -0.0021 0.0675
vn 0.9978 0.0048 0.0655
vn 0.9982 -0.0018 0.0600
vn -0.0934 0.1507 0.9842
vn 0.0666 -0.1081 -0.9919
vn -0.9982 0.0003 -0.0600
vn 0.1191 0.1863 -0.9752
vn -0.9984 -0.0012 -0.0573
vn 0.0428 -0.1043 -0.9936
vn -0.9982 -0.0000 -0.0592
vn 0.0100 -0.0308 -0.9995
vn -0.9983 -0.0004 -0.0580
vn 0.0862 0.0793 -0.9931
vn -0.9984 -0.0020 -0.0571
vn 0.1242 -0.1895 -0.9740
vn -0.9984 0.0006 -0.0566
vn 0.9978 0.0024 0.0660
vn 0.0594 0.1046 -0.9927
vn 0.9983 -0.0029 0.0577
vn -0.0756 -0.9936 0.0841
vn 0.9980 0.0036 0.0627
vn -0.1881 -0.9781 -0.0892
vn 0.9981 0.0039 0.0614
vn -0.1397 0.9806 0.1375
vn 0.9981 -0.0012 0.0623
vn -0.0437 0.9983 -0.0398
vn 0.9979 -0.0006 0.0640
vn 0.9978 -0.0013 0.0665
vn -0.1064 0.9929 -0.0527
vn -0.0036 0.9990 0.0454
vn 0.9981 -0.0025 0.0621
vn 0.0043 -0.9971 -0.0762
vn -0.0035 0.9983 0.0577
vn -0.0045 0.9983 0.0589
vn -0.0045 0.9982 0.0602
vn -0.0041 0.9982 0.0597
vn -0.0037 0.9983 0.0589
vn -0.0031 0.9969 0.0781
vn 0.0054 -0.9974 -0.0721
vn 0.0050 -0.9971 -0.0765
vn -0.0287 -0.0570 0.9980
vn -0.1008 -0.0518 0.9936
vn 0.0783 0.1075 -0.9911
vn 0.0052 -0.9980 -0.0626
vn 0.0064 -0.9952 -0.0975
vn 0.0030 -0.9991 -0.0422
vn 0.0049 -0.9976 -0.0691
vn 0.0039 -0.9977 -0.0680
vn 0.0036 -0.9963 -0.0853
vn 0.0016 -0.9985 -0.0544
vn 0.0048 -0.9976 -0.0689
vn 0.0087 -0.9974 -0.0715
vn 0.0073 -0.9984 -0.0566
vn 0.0048 -0.9976 -0.0691
vn 0.0047 -0.9977 -0.0680
vn 0.0048 -0.9976 -0.0685
vn 0.0014 -0.9986 -0.0536
vn 0.0048 -0.9976 -0.0686
vn 0.0054 -0.9975 -0.0708
vn 0.0045 -0.9975 -0.0709
vn 0.0090 -0.9974 -0.0721
vn 0.0068 -0.9984 -0.0569
vn 0.0050 -0.9977 -0.0683
vn 0.0042 -0.9978 -0.0657
vn 0.0045 -0.9974 -0.0713
vn 0.0026 -0.9972 -0.0750
vn 0.0018 -0.9985 -0.0555
vn 0.0047 -0.9976 -0.0684
vn 0.0043 -0.9980 -0.0626
vn 0.0059 -0.9970 -0.0771
vn 0.0051 -0.9982 -0.0601
vn 0.0068 -0.9974 -0.0715
vn 0.0068 -0.9977 -0.0667
vn 0.0070 -0.9979 -0.0649
vn 0.0066 -0.9972 -0.0742
vn -0.0051 0.9976 0.0697
vn -0.0044 0.9976 0.0690
vn -0.0048 0.9976 0.0684
vn -0.0065 0.9984 0.0561
vn -0.0043 0.9974 0.0717
vn -0.0065 0.9984 0.0554
vn -0.0074 0.9965 0.0831
vn -0.0023 0.9984 0.0567
vn -0.0050 0.9978 0.0665
vn -0.0037 0.9991 0.0415
vn -0.0083 0.9946 0.1038
vn -0.0048 0.9976 0.0685
vn -0.0051 0.9970 0.0771
vn -0.0044 0.9978 0.0665
vn -0.0027 0.9991 0.0417
vn -0.0064 0.9952 0.0972
vn -0.0058 0.9972 0.0742
vn -0.0054 0.9975 0.0707
vn -0.0010 0.9983 0.0579
vn -0.0025 0.9969 0.0788
vn -0.0049 0.9977 0.0679
vn -0.0076 0.9964 0.0843
vn -0.0070 0.9982 0.0591
vn -0.0082 0.9970 0.0772
vn -0.0047 0.9977 0.0679
vn -0.0030 0.9967 0.0810
vn -0.0025 0.9984 0.0566
vn -0.0035 0.9967 0.0806
vn -0.0048 0.9976 0.0690
vn -0.0068 0.9977 0.0672
vn -0.0019 0.9973 0.0734
vn -0.0030 0.9977 0.0683
vn 0.0033 -0.9979 -0.0646
vn 0.0025 -0.9978 -0.0657
vn 0.0067 -0.9966 -0.0823
vn 0.0054 -0.9984 -0.0558
vn 0.0031 -0.9976 -0.0686
vn 0.8643 -0.1710 0.4730
vn 0.9891 -0.1277 -0.0737
vn -0.9783 -0.0095 -0.2068
vn -0.9480 -0.2155 -0.2341
vn -0.8547 -0.4347 0.2838
vn -0.6199 0.2349 -0.7487
vn 0.0231 -0.8275 -0.5610
vn 0.0415 -0.6603 -0.7498
vn 0.0676 0.7552 -0.6520
vn 0.0141 0.7626 -0.6467
vn 0.0124 0.7472 -0.6645
vn 0.0121 0.9204 -0.3907
vn 0.0329 0.7572 -0.6524
vn -0.0244 -0.7755 0.6309
vn -0.0487 -0.7650 0.6422
vn -0.0499 -0.7633 0.6442
vn -0.0412 0.6603 0.7499
vn -0.8717 0.4800 0.0982
vn 0.8351 0.5491 -0.0321
vn 0.7647 0.6355 0.1069
vn -0.0010 0.9973 0.0740
vn -0.7427 -0.6098 -0.2766
vn 0.0930 0.0284 -0.9953
vn 0.0053 -0.9980 -0.0638
vn 0.0659 0.0857 -0.9941
vn 0.0080 0.0937 -0.9956
vn 0.0029 -0.9983 -0.0583
vn 0.0019 -0.9972 -0.0747
vn 0.0887 0.0515 -0.9947
vn 0.0323 0.1182 -0.9925
vn 0.0038 -0.9981 -0.0622
vn 0.0974 0.0711 -0.9927
vn -0.0065 0.9970 0.0774
vn -0.0429 0.0921 -0.9948
vn -0.0031 0.9970 0.0779
vn -0.0057 0.9970 0.0772
vn -0.0061 0.9982 0.0594
vn -0.0020 0.9980 0.0635
vn -0.0068 0.9972 0.0743
vn 0.1035 0.0528 -0.9932
vn -0.0894 -0.0667 0.9938
vn 0.0058 -0.9972 -0.0744
vn 0.0068 -0.0388 0.9992
vn 0.0052 -0.9968 -0.0796
vn -0.0881 -0.0788 0.9930
vn 0.0057 -0.9971 -0.0759
vn -0.0642 -0.0954 0.9934
vn 0.0056 -0.9969 -0.0783
vn -0.0288 -0.0566 0.9980
vn 0.0047 -0.9968 -0.0800
vn -0.1165 -0.0365 0.9925
vn 0.0064 -0.9967 -0.0810
vn -0.0034 0.9980 0.0625
vn -0.0205 -0.0702 0.9973
vn -0.0077 0.9969 0.0788
vn -0.9548 -0.0939 -0.2820
vn -0.0031 0.9976 0.0689
vn -0.9318 -0.3048 0.1971
vn -0.0030 0.9974 0.0716
vn 0.9005 -0.1502 -0.4082
vn -0.0061 0.9976 0.0697
vn 0.9904 -0.0742 0.1168
vn -0.0056 0.9978 0.0664
vn -0.0058 0.9981 0.0614
vn 0.9754 -0.1735 0.1361
vn 0.9914 0.0138 -0.1304
vn -0.0070 0.9975 0.0700
vn 0.0004 -0.9997 0.0245
vn -0.0007 1.0000 -0.0060
vn 0.0002 1.0000 -0.0073
vn 0.0002 1.0000 -0.0086
vn -0.0002 1.0000 -0.0080
vn -0.0006 1.0000 -0.0072
vn -0.0017 0.9996 -0.0265
vn -0.0008 -0.9998 0.0205
vn -0.0002 -0.9997 0.0249
vn 0.0036 -0.0052 -1.0000
vn 0.0758 -0.0000 -0.9971
vn -0.0535 0.0558 0.9970
vn -0.0008 -0.9999 0.0110
vn -0.0011 -0.9989 0.0460
vn 0.0008 -1.0000 -0.0095
vn -0.0004 -0.9998 0.0174
vn 0.0006 -0.9999 0.0163
vn 0.0014 -0.9994 0.0337
vn 0.0026 -1.0000 0.0027
vn -0.0002 -0.9999 0.0173
vn -0.0041 -0.9998 0.0200
vn -0.0031 -1.0000 0.0051
vn -0.0002 -0.9998 0.0175
vn -0.0002 -0.9999 0.0163
vn -0.0003 -0.9999 0.0169
vn 0.0027 -1.0000 0.0018
vn -0.0003 -0.9999 0.0170
vn -0.0008 -0.9998 0.0192
vn -0.0003 -0.9999 0.0172
vn 0.0001 -0.9998 0.0192
vn -0.0044 -0.9998 0.0205
vn -0.0026 -1.0000 0.0053
vn -0.0004 -0.9999 0.0167
vn 0.0002 -0.9999 0.0140
vn 0.0001 -0.9998 0.0197
vn 0.0020 -0.9997 0.0233
vn 0.0024 -1.0000 0.0037
vn -0.0002 -0.9999 0.0168
vn -0.0000 -0.9999 0.0110
vn -0.0012 -0.9997 0.0255
vn -0.0007 -1.0000 0.0085
vn -0.0022 -0.9998 0.0199
vn -0.0023 -0.9999 0.0152
vn -0.0026 -0.9999 0.0134
vn -0.0019 -0.9997 0.0227
vn 0.0005 0.9998 -0.0181
vn -0.0001 0.9998 -0.0173
vn 0.0003 0.9999 -0.0168
vn 0.0023 1.0000 -0.0045
vn -0.0003 0.9998 -0.0201
vn 0.0023 1.0000 -0.0038
vn 0.0025 0.9995 -0.0315
vn -0.0019 1.0000 -0.0050
vn 0.0006 0.9999 -0.0149
vn -0.0002 0.9999 0.0101
vn 0.0029 0.9986 -0.0523
vn 0.0003 0.9999 -0.0169
vn 0.0003 0.9997 -0.0255
vn -0.0001 0.9999 -0.0149
vn -0.0011 0.9999 0.0100
vn 0.0011 0.9990 -0.0457
vn 0.0011 0.9997 -0.0226
vn 0.0009 0.9998 -0.0191
vn -0.0033 1.0000 -0.0061
vn -0.0023 0.9996 -0.0271
vn 0.0004 0.9999 -0.0163
vn 0.0027 0.9995 -0.0328
vn 0.0027 1.0000 -0.0075
vn 0.0034 0.9997 -0.0257
vn 0.0002 0.9999 -0.0163
vn -0.0019 0.9996 -0.0294
vn -0.0018 1.0000 -0.0050
vn -0.0014 0.9996 -0.0290
vn 0.0002 0.9998 -0.0174
vn 0.0023 0.9999 -0.0156
vn -0.0027 0.9998 -0.0217
vn -0.0015 0.9999 -0.0167
vn 0.0011 -0.9999 0.0130
vn 0.0020 -0.9999 0.0140
vn -0.0018 -0.9995 0.0308
vn -0.0011 -1.0000 0.0041
vn 0.0014 -0.9999 0.0169
vn -0.8755 -0.1498 -0.4594
vn -0.9865 -0.1353 0.0918
vn 0.9833 -0.0162 0.1814
vn 0.9542 -0.2234 0.1988
vn 0.8484 -0.4160 -0.3272
vn 0.6379 0.1984 0.7441
vn -0.0066 -0.8555 0.5178
vn -0.0207 -0.6983 0.7155
vn -0.0532 0.7202 0.6917
vn 0.0002 0.7281 0.6854
vn 0.0023 0.7118 0.7024
vn -0.0048 0.8990 0.4380
vn -0.0185 0.7223 0.6913
vn 0.0106 -0.7418 -0.6705
vn 0.0346 -0.7306 -0.6819
vn 0.0358 -0.7288 -0.6838
vn 0.0204 0.6983 -0.7155
vn 0.8676 0.4881 -0.0951
vn -0.8356 0.5433 0.0815
vn -0.7689 0.6370 -0.0546
vn -0.0037 0.9997 -0.0223
vn 0.7512 -0.6202 0.2259
vn -0.0679 -0.0234 0.9974
vn -0.0009 -0.9999 0.0122
vn -0.0410 0.0340 0.9986
vn 0.0169 0.0421 0.9990
vn 0.0013 -1.0000 0.0067
vn 0.0028 -0.9997 0.0230
vn -0.0637 -0.0004 0.9980
vn -0.0075 0.0666 0.9978
vn 0.0006 -0.9999 0.0106
vn -0.0725 0.0193 0.9972
vn 0.0017 0.9997 -0.0258
vn 0.0678 0.0408 0.9969
vn -0.0017 0.9997 -0.0262
vn 0.0009 0.9997 -0.0256
vn 0.0018 1.0000 -0.0078
vn -0.0024 0.9999 -0.0119
vn 0.0021 0.9997 -0.0228
vn -0.0785 0.0010 0.9969
vn 0.0644 -0.0149 -0.9978
vn -0.0011 -0.9997 0.0228
vn -0.0320 0.0128 -0.9994
vn -0.0004 -0.9996 0.0281
vn 0.0632 -0.0270 -0.9976
vn -0.0010 -0.9997 0.0243
vn 0.0393 -0.0437 -0.9983
vn -0.0008 -0.9996 0.0267
vn 0.0037 -0.0049 -1.0000
vn 0.0001 -0.9996 0.0284
vn 0.0915 0.0153 -0.9957
vn -0.0015 -0.9996 0.0294
vn -0.0009 0.9999 -0.0108
vn -0.0046 -0.0185 -0.9998
vn 0.0029 0.9996 -0.0273
vn 0.9619 -0.1044 0.2527
vn -0.0015 0.9999 -0.0173
vn 0.9274 -0.2904 -0.2359
vn -0.0016 0.9998 -0.0199
vn -0.8894 -0.1747 0.4224
vn 0.0016 0.9998 -0.0181
vn -0.9928 -0.0722 -0.0956
vn 0.0011 0.9999 -0.0148
vn 0.0014 1.0000 -0.0098
vn -0.9780 -0.1702 -0.1203
vn -0.9878 0.0029 0.1558
vn 0.0024 0.9998 -0.0185
vn -0.0010 -1.0000 0.0093
vn 0.0014 0.9996 -0.0278
vn 0.0004 0.9996 -0.0265
vn 0.0004 0.9997 -0.0252
vn 0.0008 0.9997 -0.0258
vn 0.0012 0.9996 -0.0266
vn 0.0023 1.0000 -0.0073
vn 0.0001 -0.9999 0.0133
vn -0.0004 -1.0000 0.0089
vn -0.0036 0.0286 0.9996
vn -0.0758 0.0337 0.9966
vn 0.0535 0.0220 -0.9983
vn 0.0002 -0.9997 0.0228
vn 0.0005 -0.9999 -0.0122
vn -0.0014 -0.9991 0.0433
vn -0.0002 -0.9999 0.0164
vn -0.0013 -0.9998 0.0175
vn -0.0020 -1.0000 0.0001
vn -0.0032 -0.9995 0.0311
vn -0.0004 -0.9999 0.0165
vn 0.0034 -0.9999 0.0138
vn 0.0024 -0.9996 0.0287
vn -0.0004 -0.9999 0.0163
vn -0.0004 -0.9998 0.0175
vn -0.0033 -0.9995 0.0320
vn 0.0002 -0.9999 0.0146
vn -0.0003 -0.9999 0.0166
vn -0.0007 -0.9999 0.0146
vn 0.0037 -0.9999 0.0133
vn 0.0020 -0.9996 0.0285
vn -0.0002 -0.9999 0.0171
vn -0.0009 -0.9998 0.0198
vn -0.0007 -0.9999 0.0141
vn -0.0027 -0.9999 0.0105
vn -0.0030 -0.9995 0.0301
vn -0.0004 -0.9999 0.0171
vn -0.0007 -0.9997 0.0229
vn 0.0006 -1.0000 0.0083
vn 0.0001 -0.9997 0.0254
vn 0.0016 -0.9999 0.0139
vn 0.0017 -0.9998 0.0186
vn 0.0020 -0.9998 0.0204
vn 0.0013 -0.9999 0.0112
vn 0.0001 0.9999 -0.0157
vn 0.0007 0.9999 -0.0165
vn 0.0003 0.9999 -0.0170
vn -0.0017 0.9996 -0.0293
vn 0.0009 0.9999 -0.0137
vn -0.0017 0.9995 -0.0300
vn -0.0019 1.0000 -0.0023
vn 0.0025 0.9996 -0.0288
vn 0.0001 0.9998 -0.0189
vn 0.0008 0.9990 -0.0439
vn -0.0023 0.9998 0.0185
vn 0.0003 1.0000 -0.0084
vn 0.0007 0.9998 -0.0189
vn 0.0018 0.9990 -0.0438
vn -0.0005 0.9999 0.0119
vn -0.0005 0.9999 -0.0112
vn -0.0002 0.9999 -0.0147
vn 0.0039 0.9996 -0.0277
vn 0.0029 1.0000 -0.0067
vn 0.0002 0.9998 -0.0175
vn -0.0020 1.0000 -0.0010
vn -0.0021 0.9997 -0.0263
vn -0.0028 1.0000 -0.0081
vn 0.0004 0.9998 -0.0175
vn 0.0025 1.0000 -0.0044
vn 0.0024 0.9996 -0.0289
vn 0.0020 1.0000 -0.0048
vn 0.0004 0.9999 -0.0164
vn -0.0017 0.9998 -0.0182
vn 0.0033 0.9999 -0.0121
vn 0.0021 0.9999 -0.0172
vn -0.0018 -0.9998 0.0209
vn -0.0026 -0.9998 0.0198
vn 0.0012 -1.0000 0.0030
vn 0.0005 -0.9996 0.0297
vn -0.0020 -0.9999 0.0169
vn 0.8754 -0.1348 0.4642
vn 0.9865 -0.1390 -0.0871
vn -0.9833 -0.0217 -0.1808
vn -0.9544 -0.2295 -0.1911
vn -0.8487 -0.4042 0.3411
vn -0.6378 0.1736 -0.7504
vn 0.0060 -0.8725 -0.4886
vn 0.0202 -0.7221 -0.6915
vn 0.0536 0.6964 -0.7157
vn 0.0003 0.7045 -0.7097
vn -0.0019 0.6877 -0.7260
vn 0.0053 0.8836 -0.4682
vn 0.0190 0.6985 -0.7153
vn -0.0110 -0.7187 0.6952
vn -0.0350 -0.7071 0.7063
vn -0.0362 -0.7052 0.7081
vn -0.0199 0.7221 0.6915
vn -0.8673 0.4915 0.0786
vn 0.8359 0.5397 -0.0998
vn 0.7693 0.6380 0.0330
vn 0.0043 0.9999 -0.0115
vn -0.7516 -0.6271 -0.2048
vn 0.0678 -0.0572 -0.9961
vn 0.0002 -0.9998 0.0217
vn 0.0410 0.0002 -0.9992
vn -0.0169 0.0083 -0.9998
vn -0.0019 -0.9996 0.0272
vn -0.0034 -0.9999 0.0108
vn 0.0636 -0.0341 -0.9974
vn 0.0075 0.0328 -0.9994
vn -0.0012 -0.9997 0.0232
vn 0.0725 -0.0145 -0.9973
vn -0.0011 1.0000 -0.0080
vn -0.0677 0.0071 -0.9977
vn 0.0023 1.0000 -0.0076
vn -0.0003 1.0000 -0.0082
vn -0.0012 0.9997 -0.0260
vn 0.0030 0.9998 -0.0220
vn -0.0015 0.9999 -0.0111
vn 0.0784 -0.0328 -0.9964
vn -0.0644 0.0189 0.9977
vn 0.0005 -0.9999 0.0110
vn 0.0320 0.0466 0.9984
vn -0.0003 -1.0000 0.0058
vn -0.0632 0.0068 0.9980
vn 0.0004 -1.0000 0.0095
vn -0.0394 -0.0099 0.9992
vn 0.0002 -1.0000 0.0071
vn -0.0037 0.0289 0.9996
vn -0.0008 -1.0000 0.0054
vn -0.0914 0.0490 0.9946
vn 0.0009 -1.0000 0.0044
vn 0.0016 0.9997 -0.0230
vn 0.0046 0.0153 0.9999
vn -0.0023 1.0000 -0.0065
vn -0.9620 -0.1123 -0.2491
vn 0.0021 0.9999 -0.0166
vn -0.9275 -0.2817 0.2456
vn 0.0022 0.9999 -0.0139
vn 0.8893 -0.1895 -0.4162
vn -0.0010 0.9999 -0.0157
vn 0.9928 -0.0695 0.0980
vn -0.0005 0.9998 -0.0190
vn -0.0008 0.9997 -0.0240
vn 0.9779 -0.1666 0.1260
vn 0.9878 -0.0029 -0.1558
vn -0.0018 0.9999 -0.0153
vn -0.0018 -0.9883 0.1526
vn 0.0018 0.9909 -0.1343
vn 0.0027 0.9908 -0.1355
vn 0.0027 0.9906 -0.1369
vn 0.0023 0.9907 -0.1363
vn 0.0019 0.9908 -0.1354
vn 0.0005 0.9880 -0.1545
vn -0.0030 -0.9889 0.1487
vn -0.0024 -0.9882 0.1530
vn -0.0132 -0.1334 -0.9910
vn 0.0590 -0.1283 -0.9900
vn -0.0366 0.1835 0.9823
vn -0.0033 -0.9903 0.1392
vn -0.0030 -0.9848 0.1738
vn -0.0019 -0.9929 0.1189
vn -0.0027 -0.9893 0.1456
vn -0.0017 -0.9895 0.1445
vn -0.0007 -0.9868 0.1617
vn -0.0000 -0.9914 0.1310
vn -0.0026 -0.9894 0.1454
vn -0.0063 -0.9889 0.1482
vn -0.0056 -0.9910 0.1334
vn -0.0025 -0.9893 0.1457
vn -0.0025 -0.9895 0.1445
vn -0.0026 -0.9894 0.1451
vn 0.0001 -0.9915 0.1301
vn -0.0027 -0.9894 0.1451
vn -0.0027 -0.9894 0.1450
vn -0.0031 -0.9891 0.1473
vn -0.0026 -0.9894 0.1450
vn -0.0022 -0.9891 0.1474
vn -0.0066 -0.9889 0.1487
vn -0.0051 -0.9910 0.1336
vn -0.0028 -0.9894 0.1449
vn -0.0021 -0.9898 0.1422
vn -0.0022 -0.9890 0.1478
vn -0.0002 -0.9885 0.1513
vn -0.0002 -0.9913 0.1320
vn -0.0025 -0.9894 0.1449
vn -0.0024 -0.9903 0.1392
vn -0.0034 -0.9881 0.1536
vn -0.0032 -0.9906 0.1367
vn -0.0045 -0.9890 0.1481
vn -0.0047 -0.9897 0.1434
vn -0.0050 -0.9899 0.1416
vn -0.0042 -0.9886 0.1508
vn 0.0029 0.9892 -0.1463
vn 0.0022 0.9894 -0.1455
vn 0.0027 0.9894 -0.1450
vn 0.0048 0.9911 -0.1328
vn 0.0020 0.9890 -0.1482
vn 0.0048 0.9912 -0.1321
vn 0.0046 0.9872 -0.1596
vn 0.0006 0.9911 -0.1332
vn 0.0029 0.9897 -0.1431
vn 0.0026 0.9930 -0.1183
vn 0.0047 0.9836 -0.1801
vn 0.0026 0.9894 -0.1451
vn 0.0025 0.9881 -0.1535
vn 0.0023 0.9897 -0.1431
vn 0.0016 0.9930 -0.1184
vn 0.0030 0.9848 -0.1735
vn 0.0034 0.9886 -0.1507
vn 0.0032 0.9891 -0.1473
vn -0.0007 0.9909 -0.1344
vn -0.0001 0.9879 -0.1551
vn 0.0027 0.9895 -0.1445
vn 0.0047 0.9870 -0.1608
vn 0.0052 0.9907 -0.1358
vn 0.0056 0.9881 -0.1538
vn 0.0025 0.9895 -0.1445
vn 0.0002 0.9875 -0.1574
vn 0.0008 0.9911 -0.1332
vn 0.0008 0.9876 -0.1570
vn 0.0026 0.9893 -0.1456
vn 0.0046 0.9896 -0.1438
vn -0.0004 0.9887 -0.1497
vn 0.0008 0.9895 -0.1448
vn -0.0013 -0.9900 0.1411
vn -0.0004 -0.9898 0.1422
vn -0.0039 -0.9873 0.1588
vn -0.0037 -0.9912 0.1324
vn -0.0009 -0.9894 0.1451
vn -0.8835 -0.2034 -0.4220
vn -0.9852 -0.1178 0.1245
vn 0.9861 0.0025 0.1659
vn 0.9569 -0.2006 0.2101
vn 0.8417 -0.4586 -0.2850
vn 0.6509 0.2892 0.7019
vn -0.0001 -0.7820 0.6233
vn -0.0105 -0.6007 0.7994
vn -0.0396 0.8032 0.5943
vn 0.0136 0.8100 0.5862
vn 0.0160 0.7960 0.6051
vn 0.0049 0.9477 0.3191
vn -0.0050 0.8051 0.5931
vn -0.0026 -0.8217 -0.5699
vn 0.0212 -0.8122 -0.5830
vn 0.0223 -0.8106 -0.5852
vn 0.0101 0.6007 -0.7994
vn 0.8672 0.4677 -0.1712
vn -0.8327 0.5532 0.0247
vn -0.7681 0.6284 -0.1233
vn -0.0014 0.9886 -0.1504
vn 0.7533 -0.5897 0.2913
vn -0.0511 0.1050 0.9932
vn -0.0033 -0.9901 0.1404
vn -0.0241 0.1620 0.9865
vn 0.0339 0.1698 0.9849
vn -0.0012 -0.9909 0.1349
vn 0.0006 -0.9885 0.1511
vn -0.0468 0.1280 0.9907
vn 0.0095 0.1941 0.9809
vn -0.0019 -0.9903 0.1388
vn -0.0556 0.1474 0.9875
vn 0.0039 0.9881 -0.1539
vn 0.0846 0.1680 0.9822
vn 0.0005 0.9880 -0.1543
vn 0.0031 0.9881 -0.1537
vn 0.0043 0.9907 -0.1361
vn -0.0000 0.9901 -0.1400
vn 0.0043 0.9885 -0.1509
vn -0.0617 0.1292 0.9897
vn 0.0476 -0.1431 -0.9886
vn -0.0034 -0.9885 0.1509
vn -0.0488 -0.1153 -0.9921
vn -0.0025 -0.9877 0.1561
vn 0.0463 -0.1550 -0.9868
vn -0.0032 -0.9883 0.1524
vn 0.0224 -0.1716 -0.9849
vn -0.0030 -0.9879 0.1548
vn -0.0131 -0.1331 -0.9910
vn -0.0020 -0.9877 0.1564
vn 0.0747 -0.1130 -0.9908
vn -0.0036 -0.9875 0.1575
vn 0.0015 0.9903 -0.1390
vn -0.0214 -0.1465 -0.9890
vn 0.0051 0.9878 -0.1554
vn 0.9657 -0.0757 0.2483
vn 0.0009 0.9894 -0.1454
vn 0.9225 -0.3227 -0.2118
vn 0.0007 0.9890 -0.1480
vn -0.8826 -0.1149 0.4558
vn 0.0039 0.9892 -0.1462
vn -0.9945 -0.0791 -0.0693
vn 0.0035 0.9897 -0.1430
vn 0.0039 0.9904 -0.1380
vn -0.9804 -0.1796 -0.0815
vn -0.9850 0.0276 0.1703
vn 0.0048 0.9892 -0.1467
vn 0.0068 -0.9907 -0.1357
vn -0.0062 0.9931 0.1174
vn -0.0071 0.9929 0.1186
vn -0.0071 0.9928 0.1199
vn -0.0067 0.9928 0.1193
vn -0.0063 0.9929 0.1185
vn -0.0056 0.9905 0.1377
vn 0.0079 -0.9913 -0.1317
vn 0.0075 -0.9907 -0.1361
vn -0.0214 -0.1167 0.9929
vn -0.0935 -0.1115 0.9894
vn 0.0709 0.1669 -0.9834
vn 0.0078 -0.9925 -0.1223
vn 0.0087 -0.9876 -0.1570
vn 0.0058 -0.9948 -0.1020
vn 0.0075 -0.9917 -0.1287
vn 0.0064 -0.9918 -0.1276
vn 0.0060 -0.9894 -0.1448
vn 0.0043 -0.9935 -0.1141
vn 0.0073 -0.9917 -0.1285
vn 0.0112 -0.9913 -0.1311
vn 0.0099 -0.9932 -0.1164
vn 0.0073 -0.9917 -0.1287
vn 0.0073 -0.9918 -0.1276
vn 0.0074 -0.9917 -0.1281
vn 0.0041 -0.9936 -0.1132
vn 0.0074 -0.9917 -0.1282
vn 0.0080 -0.9914 -0.1304
vn 0.0074 -0.9917 -0.1285
vn 0.0071 -0.9914 -0.1305
vn 0.0115 -0.9912 -0.1317
vn 0.0095 -0.9931 -0.1166
vn 0.0075 -0.9918 -0.1280
vn 0.0068 -0.9921 -0.1253
vn 0.0070 -0.9914 -0.1309
vn 0.0052 -0.9909 -0.1345
vn 0.0045 -0.9933 -0.1151
vn 0.0073 -0.9917 -0.1280
vn 0.0069 -0.9925 -0.1222
vn 0.0084 -0.9906 -0.1366
vn 0.0077 -0.9928 -0.1198
vn 0.0094 -0.9913 -0.1311
vn 0.0094 -0.9919 -0.1264
vn 0.0096 -0.9922 -0.1246
vn 0.0091 -0.9910 -0.1338
vn -0.0077 0.9916 0.1293
vn -0.0070 0.9917 0.1286
vn -0.0074 0.9917 0.1280
vn -0.0092 0.9932 0.1158
vn -0.0069 0.9913 0.1313
vn -0.0091 0.9933 0.1151
vn -0.0099 0.9897 0.1426
vn -0.0050 0.9932 0.1164
vn -0.0076 0.9920 0.1262
vn -0.0064 0.9948 0.1013
vn -0.0106 0.9865 0.1632
vn -0.0074 0.9917 0.1281
vn -0.0076 0.9906 0.1366
vn -0.0070 0.9920 0.1262
vn -0.0055 0.9948 0.1014
vn -0.0087 0.9876 0.1566
vn -0.0083 0.9910 0.1338
vn -0.0080 0.9914 0.1303
vn -0.0036 0.9931 0.1175
vn -0.0050 0.9904 0.1383
vn -0.0075 0.9918 0.1276
vn -0.0100 0.9895 0.1439
vn -0.0096 0.9929 0.1188
vn -0.0107 0.9905 0.1368
vn -0.0073 0.9918 0.1275
vn -0.0054 0.9901 0.1406
vn -0.0051 0.9932 0.1163
vn -0.0059 0.9901 0.1402
vn -0.0073 0.9917 0.1286
vn -0.0093 0.9919 0.1268
vn -0.0045 0.9911 0.1329
vn -0.0056 0.9918 0.1279
vn 0.0059 -0.9922 -0.1243
vn 0.0051 -0.9921 -0.1253
vn 0.0092 -0.9898 -0.1419
vn 0.0080 -0.9933 -0.1155
vn 0.0057 -0.9917 -0.1282
vn 0.8682 -0.1959 0.4559
vn 0.9889 -0.1196 -0.0881
vn -0.9798 -0.0005 -0.2002
vn -0.9490 -0.2044 -0.2400
vn -0.8513 -0.4539 0.2632
vn -0.6259 0.2771 -0.7290
vn 0.0216 -0.7924 -0.6096
vn 0.0382 -0.6141 -0.7883
vn 0.0606 0.7931 -0.6061
vn 0.0071 0.8000 -0.6000
vn 0.0053 0.7857 -0.6186
vn 0.0065 0.9422 -0.3350
vn 0.0259 0.7950 -0.6061
vn -0.0175 -0.8120 0.5835
vn -0.0417 -0.8022 0.5956
vn -0.0430 -0.8006 0.5977
vn -0.0378 0.6141 0.7883
vn -0.8725 0.4703 0.1329
vn 0.8332 0.5530 -0.0050
vn 0.7635 0.6306 0.1394
vn -0.0035 0.9910 0.1336
vn -0.7428 -0.5947 -0.3074
vn 0.0858 0.0882 -0.9924
vn 0.0079 -0.9923 -0.1234
vn 0.0585 0.1453 -0.9877
vn 0.0006 0.1531 -0.9882
vn 0.0056 -0.9930 -0.1180
vn 0.0044 -0.9909 -0.1343
vn 0.0814 0.1112 -0.9905
vn 0.0248 0.1774 -0.9838
vn 0.0064 -0.9925 -0.1219
vn 0.0901 0.1307 -0.9873
vn -0.0090 0.9905 0.1369
vn -0.0503 0.1513 -0.9872
vn -0.0055 0.9905 0.1374
vn -0.0082 0.9906 0.1367
vn -0.0088 0.9928 0.1191
vn -0.0046 0.9924 0.1232
vn -0.0093 0.9909 0.1339
vn 0.0962 0.1125 -0.9890
vn -0.0821 -0.1263 0.9886
vn 0.0083 -0.9910 -0.1340
vn 0.0141 -0.0985 0.9950
vn 0.0076 -0.9902 -0.1392
vn -0.0808 -0.1383 0.9871
vn 0.0082 -0.9907 -0.1355
vn -0.0568 -0.1549 0.9863
vn 0.0081 -0.9904 -0.1378
vn -0.0215 -0.1164 0.9930
vn 0.0072 -0.9902 -0.1395
vn -0.1093 -0.0963 0.9893
vn 0.0088 -0.9900 -0.1405
vn -0.0060 0.9925 0.1221
vn -0.0131 -0.1298 0.9915
vn -0.0102 0.9903 0.1384
vn -0.9565 -0.0802 -0.2805
vn -0.0056 0.9917 0.1285
vn -0.9294 -0.3193 0.1849
vn -0.0056 0.9913 0.1312
vn 0.8980 -0.1223 -0.4227
vn -0.0087 0.9916 0.1293
vn 0.9914 -0.0776 0.1052
vn -0.0082 0.9920 0.1260
vn -0.0084 0.9926 0.1211
vn 0.9769 -0.1779 0.1187
vn 0.9904 0.0250 -0.1362
vn -0.0096 0.9915 0.1297
vn 0.0007 -0.9997 0.0245
vn -0.0004 1.0000 -0.0060
vn 0.0005 1.0000 -0.0073
vn 0.0005 1.0000 -0.0086
vn 0.0001 1.0000 -0.0080
vn -0.0003 1.0000 -0.0072
vn -0.0020 0.9996 -0.0264
vn -0.0006 -0.9998 0.0205
vn -0.0000 -0.9997 0.0249
vn -0.0296 -0.0052 -0.9995
vn 0.0426 -0.0000 -0.9991
vn -0.0203 0.0558 0.9982
vn -0.0010 -0.9999 0.0110
vn -0.0002 -0.9989 0.0460
vn -0.0000 -1.0000 -0.0095
vn 0.0019 -0.9994 0.0337
vn 0.0021 -1.0000 0.0026
vn -0.0040 -0.9998 0.0201
vn -0.0034 -1.0000 0.0052
vn 0.0022 -1.0000 0.0017
vn -0.0042 -0.9998 0.0207
vn -0.0030 -1.0000 0.0054
vn 0.0001 -0.9999 0.0140
vn 0.0002 -0.9998 0.0197
vn 0.0023 -0.9997 0.0232
vn 0.0020 -1.0000 0.0037
vn -0.0002 -0.9999 0.0109
vn -0.0009 -0.9997 0.0255
vn -0.0010 -1.0000 0.0085
vn -0.0021 -0.9998 0.0200
vn -0.0024 -0.9999 0.0152
vn -0.0027 -0.9999 0.0135
vn -0.0017 -0.9997 0.0227
vn 0.0027 1.0000 -0.0046
vn -0.0004 0.9998 -0.0200
vn 0.0027 1.0000 -0.0039
vn 0.0021 0.9995 -0.0316
vn -0.0015 1.0000 -0.0049
vn 0.0007 0.9999 0.0101
vn 0.0017 0.9986 -0.0524
vn -0.0000 0.9997 -0.0255
vn -0.0000 0.9999 -0.0149
vn 0.0001 0.9990 -0.0457
vn 0.0009 0.9997 -0.0227
vn 0.0008 0.9998 -0.0191
vn -0.0029 1.0000 -0.0060
vn -0.0026 0.9996 -0.0270
vn 0.0021 0.9995 -0.0329
vn 0.0030 1.0000 -0.0076
vn 0.0031 0.9997 -0.0258
vn -0.0023 0.9996 -0.0293
vn -0.0014 1.0000 -0.0049
vn -0.0018 0.9996 -0.0289
vn 0.0023 0.9999 -0.0157
vn -0.0029 0.9998 -0.0216
vn -0.0015 0.9999 -0.0166
vn 0.0010 -0.9999 0.0129
vn 0.0019 -0.9999 0.0139
vn -0.0014 -0.9995 0.0308
vn -0.0016 -1.0000 0.0042
vn -0.8904 -0.1493 -0.4300
vn -0.9830 -0.1348 0.1245
vn 0.9888 -0.0167 0.1486
vn 0.9602 -0.2240 0.1669
vn 0.8369 -0.4165 -0.3553
vn 0.6624 0.1981 0.7225
vn 0.0102 -0.8555 0.5177
vn 0.0027 -0.6983 0.7158
vn -0.0298 0.7202 0.6931
vn 0.0233 0.7281 0.6851
vn 0.0261 0.7118 0.7019
vn 0.0103 0.8990 0.4379
vn 0.0049 0.7223 0.6915
vn -0.0121 -0.7418 -0.6705
vn 0.0115 -0.7306 -0.6827
vn 0.0126 -0.7288 -0.6846
vn -0.0030 0.6983 -0.7158
vn 0.8642 0.4876 -0.1239
vn -0.8321 0.5438 0.1092
vn -0.7700 0.6374 -0.0290
vn -0.0038 0.9997 -0.0222
vn 0.7579 -0.6207 0.2008
vn -0.0347 -0.0234 0.9991
vn -0.0010 -0.9999 0.0122
vn -0.0078 0.0340 0.9994
vn 0.0501 0.0421 0.9979
vn 0.0010 -1.0000 0.0066
vn 0.0030 -0.9997 0.0229
vn -0.0305 -0.0003 0.9995
vn 0.0257 0.0666 0.9974
vn 0.0003 -0.9999 0.0106
vn -0.0393 0.0193 0.9990
vn 0.0014 0.9997 -0.0259
vn 0.1009 0.0407 0.9941
vn -0.0020 0.9997 -0.0262
vn 0.0006 0.9997 -0.0256
vn 0.0021 1.0000 -0.0079
vn -0.0022 0.9999 -0.0118
vn 0.0019 0.9997 -0.0228
vn -0.0453 0.0010 0.9990
vn 0.0312 -0.0149 -0.9994
vn -0.0009 -0.9997 0.0228
vn -0.0651 0.0129 -0.9978
vn -0.0000 -0.9996 0.0280
vn 0.0300 -0.0270 -0.9992
vn -0.0007 -0.9997 0.0243
vn 0.0061 -0.0437 -0.9990
vn -0.0005 -0.9996 0.0267
vn -0.0295 -0.0049 -0.9996
vn 0.0005 -0.9996 0.0284
vn 0.0583 0.0152 -0.9982
vn -0.0011 -0.9996 0.0294
vn -0.0007 0.9999 -0.0108
vn -0.0378 -0.0184 -0.9991
vn 0.0026 0.9996 -0.0274
vn 0.9697 -0.1050 0.2206
vn -0.0015 0.9999 -0.0172
vn 0.9189 -0.2909 -0.2666
vn -0.0017 0.9998 -0.0198
vn -0.8750 -0.1742 0.4517
vn 0.0015 0.9998 -0.0181
vn -0.9955 -0.0716 -0.0625
vn 0.0012 0.9999 -0.0148
vn 0.0017 1.0000 -0.0098
vn -0.9816 -0.1696 -0.0878
vn -0.9821 0.0035 0.1885
vn 0.0024 0.9998 -0.0186
vn -0.8651 0.5001 -0.0387
vn -0.0349 0.0169 0.9992
vn -0.9994 -0.0003 -0.0349
vn 0.0349 -0.0169 -0.9992
vn -0.8654 -0.5006 -0.0217
vn -0.9763 -0.2144 -0.0305
vn -0.9761 0.2138 -0.0377
vn 0.8638 0.5011 0.0532
vn -0.0713 0.0169 0.9973
vn 0.9975 0.0009 0.0713
vn 0.0713 -0.0169 -0.9973
vn 0.8635 -0.4995 0.0701
vn 0.9743 -0.2132 0.0732
vn 0.9744 0.2150 0.0660
vn 0.9975 0.0009 0.0712
vn -0.9945 0.0033 -0.1051
vn 0.0176 -0.9994 -0.0308
vn -0.2874 -0.9482 -0.1351
vn -0.4674 -0.8823 0.0567
vn -0.3069 -0.9129 0.2691
vn 0.1330 -0.9849 0.1113
vn 0.2814 -0.9488 0.1433
vn -0.3214 -0.9408 0.1080
vn -0.0813 -0.9405 -0.3300
vn -0.2178 -0.9587 0.1831
vn 0.0013 0.9999 -0.0157
vn 0.0025 0.9998 -0.0181
vn 0.0028 0.9998 -0.0177
vn -0.0108 0.9999 0.0001
vn -0.0077 1.0000 0.0026
vn 0.0390 0.9986 0.0347
vn 0.0166 0.9997 -0.0174
vn -0.0007 0.9998 -0.0182
vt 0.347222 0.708333
vt 0.375000 0.708333
vt 0.375000 0.750000
vt 0.347222 0.750000
vt 0.652778 0.708333
vt 0.680556 0.708333
vt 0.680556 0.750000
vt 0.652778 0.750000
vt 0.708333 0.708333
vt 0.708333 0.750000
vt 0.736111 0.708333
vt 0.736111 0.750000
vt 0.763889 0.708333
vt 0.763889 0.750000
vt 0.791667 0.708333
vt 0.791667 0.750000
vt 0.819444 0.708333
vt 0.819444 0.750000
vt 0.125000 0.708333
vt 0.152778 0.708333
vt 0.152778 0.750000
vt 0.125000 0.750000
vt 0.208333 0.708333
vt 0.236111 0.708333
vt 0.236111 0.750000
vt 0.208333 0.750000
vt 0.625000 0.750000
vt 0.625000 0.777778
vt 0.375000 0.777778
vt 0.375000 0.888889
vt 0.625000 0.888889
vt 0.625000 0.916667
vt 0.375000 0.916667
vt 0.375000 0.388889
vt 0.625000 0.388889
vt 0.625000 0.416667
vt 0.375000 0.416667
vt 0.319444 0.541667
vt 0.347222 0.541667
vt 0.347222 0.583333
vt 0.319444 0.583333
vt 0.347222 0.625000
vt 0.319444 0.625000
vt 0.347222 0.666667
vt 0.319444 0.666667
vt 0.319444 0.708333
vt 0.291667 0.541667
vt 0.291667 0.583333
vt 0.291667 0.625000
vt 0.291667 0.666667
vt 0.291667 0.708333
vt 0.263889 0.500000
vt 0.291667 0.500000
vt 0.263889 0.541667
vt 0.263889 0.583333
vt 0.263889 0.625000
vt 0.263889 0.666667
vt 0.263889 0.708333
vt 0.236111 0.541667
vt 0.236111 0.583333
vt 0.236111 0.625000
vt 0.236111 0.666667
vt 0.208333 0.541667
vt 0.208333 0.583333
vt 0.208333 0.625000
vt 0.208333 0.666667
vt 0.180556 0.500000
vt 0.208333 0.500000
vt 0.180556 0.541667
vt 0.180556 0.583333
vt 0.180556 0.625000
vt 0.180556 0.666667
vt 0.180556 0.708333
vt 0.152778 0.500000
vt 0.152778 0.541667
vt 0.152778 0.583333
vt 0.152778 0.625000
vt 0.152778 0.666667
vt 0.125000 0.500000
vt 0.125000 0.541667
vt 0.125000 0.583333
vt 0.125000 0.625000
vt 0.125000 0.666667
vt 0.819444 0.541667
vt 0.847222 0.541667
vt 0.847222 0.583333
vt 0.819444 0.583333
vt 0.847222 0.625000
vt 0.819444 0.625000
vt 0.847222 0.666667
vt 0.819444 0.666667
vt 0.847222 0.708333
vt 0.791667 0.541667
vt 0.791667 0.583333
vt 0.791667 0.625000
vt 0.791667 0.666667
vt 0.763889 0.541667
vt 0.763889 0.583333
vt 0.763889 0.625000
vt 0.763889 0.666667
vt 0.736111 0.500000
vt 0.763889 0.500000
vt 0.736111 0.541667
vt 0.736111 0.583333
vt 0.736111 0.625000
vt 0.736111 0.666667
vt 0.708333 0.500000
vt 0.708333 0.541667
vt 0.708333 0.583333
vt 0.708333 0.625000
vt 0.708333 0.666667
vt 0.680556 0.541667
vt 0.680556 0.583333
vt 0.680556 0.625000
vt 0.680556 0.666667
vt 0.652778 0.541667
vt 0.652778 0.583333
vt 0.652778 0.625000
vt 0.652778 0.666667
vt 0.625000 0.625000
vt 0.625000 0.666667
vt 0.875000 0.541667
vt 0.875000 0.583333
vt 0.875000 0.625000
vt 0.347222 0.500000
vt 0.375000 0.500000
vt 0.375000 0.541667
vt 0.375000 0.583333
vt 0.375000 0.625000
vt 0.375000 0.666667
vt 0.625000 0.500000
vt 0.625000 0.541667
vt 0.375000 0.000000
vt 0.625000 0.000000
vt 0.625000 0.041667
vt 0.375000 0.041667
vt 0.375000 0.125000
vt 0.625000 0.125000
vt 0.625000 0.166667
vt 0.375000 0.166667
vt 0.625000 0.208333
vt 0.375000 0.208333
vt 0.625000 0.252917
vt 0.505314 0.250000
vt 0.625000 0.236314
vt 0.319444 0.527085
vt 0.318104 0.500000
vt 0.320199 0.501601
vt 0.322033 0.500000
vt 0.236111 0.531711
vt 0.234822 0.500000
vt 0.236111 0.500291
vt 0.238934 0.500000
vt 0.623791 0.277969
vt 0.625000 0.279892
vt 0.449827 0.277778
vt 0.625000 0.276319
vt 0.623962 0.304939
vt 0.625000 0.307387
vt 0.460921 0.305556
vt 0.625000 0.303441
vt 0.625000 0.331896
vt 0.625000 0.334679
vt 0.456934 0.333333
vt 0.625000 0.329670
vt 0.625000 0.444444
vt 0.625000 0.447152
vt 0.458700 0.444444
vt 0.598587 0.443163
vt 0.625000 0.473825
vt 0.449541 0.472222
vt 0.625000 0.469514
vt 0.625000 0.471993
vt 0.177858 0.750000
vt 0.180556 0.719798
vt 0.181901 0.748726
vt 0.179534 0.749721
vt 0.261158 0.750000
vt 0.263889 0.719502
vt 0.265219 0.748519
vt 0.263889 0.750000
vt 0.318105 0.750000
vt 0.319444 0.719634
vt 0.322141 0.750000
vt 0.319444 0.748300
vt 0.449541 0.972222
vt 0.625000 0.969364
vt 0.623390 0.972222
vt 0.625000 0.973796
vt 0.625000 0.056927
vt 0.563838 0.083333
vt 0.625000 0.095991
vt 0.462392 0.083333
vt 0.625000 0.559764
vt 0.628187 0.583333
vt 0.625000 0.608985
vt 0.453101 0.583333
vt 0.449541 0.708333
vt 0.625000 0.683714
vt 0.628293 0.708333
vt 0.625000 0.736773
vt 0.847222 0.531506
vt 0.850139 0.500000
vt 0.872083 0.500000
vt 0.875000 0.527373
vt 0.375000 0.250000
vt 0.375000 0.277778
vt 0.541300 0.444444
vt 0.375000 0.441764
vt 0.375000 0.447033
vt 0.375000 0.472222
vt 0.375000 0.333333
vt 0.625000 0.361111
vt 0.550459 0.361111
vt 0.375000 0.358533
vt 0.375000 0.363934
vt 0.375000 0.305556
vt 0.819444 0.528222
vt 0.821559 0.500000
vt 0.845108 0.500000
vt 0.791667 0.528729
vt 0.795330 0.500000
vt 0.815781 0.500000
vt 0.788975 0.500000
vt 0.680556 0.531724
vt 0.683118 0.500000
vt 0.652778 0.528237
vt 0.655486 0.500000
vt 0.677847 0.500000
vt 0.649573 0.500000
vt 0.375000 0.947142
vt 0.538509 0.944444
vt 0.625000 0.944444
vt 0.375000 0.972222
vt 0.375000 0.941753
vt 0.375000 0.863842
vt 0.549241 0.861111
vt 0.625000 0.861111
vt 0.375000 0.833333
vt 0.625000 0.833333
vt 0.375000 0.858451
vt 0.291667 0.750000
vt 0.375000 0.808235
vt 0.540742 0.805556
vt 0.625000 0.805556
vt 0.375000 0.802859
vt 0.875000 0.708333
vt 0.875000 0.750000
vt 0.850370 0.750000
vt 0.847222 0.718289
vt 0.625000 1.000000
vt 0.375000 1.000000
vt 0.844364 0.750000
vt 0.375000 0.083333
vt 0.871717 0.666667
vt 0.875000 0.693073
vt 0.875000 0.641352
vt 0.562500 0.000000
vt 0.562500 0.250000
vt 0.625000 0.250000
vt 0.562500 0.500000
vt 0.562500 0.750000
vt 0.562500 1.000000
vt 0.875000 0.500000
vt 0.437500 1.000000
vt 0.437500 0.750000
vt 0.500000 1.000000
vt 0.500000 0.750000
vt 0.437500 0.500000
vt 0.500000 0.500000
vt 0.437500 0.250000
vt 0.500000 0.250000
vt 0.437500 0.000000
vt 0.500000 0.000000
s 0
usemtl Dunkles_Holz_Sarg
f 125/1/1 38/2/1 4/3/1 21/4/1
f 50/5/2 55/6/2 23/7/2 22/8/2
f 55/6/3 60/9/3 24/10/3 23/7/3
f 60/9/4 65/11/4 25/12/4 24/10/4
f 65/11/5 70/13/5 26/14/5 25/12/5
f 70/13/6 75/15/6 27/16/6 26/14/6
f 75/15/7 80/17/7 28/18/7 27/16/7
f 33/19/8 90/20/8 17/21/8 1/22/8
f 100/23/9 105/24/9 19/25/9 18/26/9
f 4/3/10 5/27/10 22/28/10 21/29/10
f 19/30/11 26/31/11 27/32/11 18/33/11
f 10/34/12 15/35/12 16/36/12 9/37/12
f 116/38/13 121/39/13 122/40/13 117/41/13
f 117/41/14 122/40/14 123/42/14 118/43/14
f 118/43/15 123/42/15 124/44/15 119/45/15
f 119/45/16 124/44/16 125/1/16 120/46/16
f 111/47/17 116/38/17 117/41/17 112/48/17
f 112/48/18 117/41/18 118/43/18 113/49/18
f 113/49/19 118/43/19 119/45/19 114/50/19
f 114/50/20 119/45/20 120/46/20 115/51/20
f 10/52/21 9/53/21 111/47/21 106/54/21
f 106/54/22 111/47/22 112/48/22 107/55/22
f 107/55/23 112/48/23 113/49/23 108/56/23
f 108/56/24 113/49/24 114/50/24 109/57/24
f 109/57/25 114/50/25 115/51/25 110/58/25
f 101/59/26 106/54/26 107/55/26 102/60/26
f 102/60/25 107/55/25 108/56/25 103/61/25
f 103/61/27 108/56/27 109/57/27 104/62/27
f 104/62/28 109/57/28 110/58/28 105/24/28
f 96/63/20 101/59/20 102/60/20 97/64/20
f 97/64/25 102/60/25 103/61/25 98/65/25
f 98/65/27 103/61/27 104/62/27 99/66/27
f 99/66/29 104/62/29 105/24/29 100/23/29
f 12/67/30 11/68/30 96/63/30 91/69/30
f 91/69/31 96/63/31 97/64/31 92/70/31
f 92/70/32 97/64/32 98/65/32 93/71/32
f 93/71/33 98/65/33 99/66/33 94/72/33
f 94/72/34 99/66/34 100/23/34 95/73/34
f 13/74/35 12/67/35 91/69/35 86/75/35
f 86/75/36 91/69/36 92/70/36 87/76/36
f 87/76/37 92/70/37 93/71/37 88/77/37
f 88/77/38 93/71/38 94/72/38 89/78/38
f 89/78/39 94/72/39 95/73/39 90/20/39
f 3/79/40 13/74/40 86/75/40 29/80/40
f 29/80/41 86/75/41 87/76/41 30/81/41
f 30/81/42 87/76/42 88/77/42 31/82/42
f 31/82/43 88/77/43 89/78/43 32/83/43
f 32/83/44 89/78/44 90/20/44 33/19/44
f 76/84/45 81/85/45 82/86/45 77/87/45
f 77/87/46 82/86/46 83/88/46 78/89/46
f 78/89/47 83/88/47 84/90/47 79/91/47
f 79/91/48 84/90/48 85/92/48 80/17/48
f 71/93/49 76/84/49 77/87/49 72/94/49
f 72/94/50 77/87/50 78/89/50 73/95/50
f 73/95/51 78/89/51 79/91/51 74/96/51
f 74/96/52 79/91/52 80/17/52 75/15/52
f 66/97/53 71/93/53 72/94/53 67/98/53
f 67/98/54 72/94/54 73/95/54 68/99/54
f 68/99/55 73/95/55 74/96/55 69/100/55
f 69/100/56 74/96/56 75/15/56 70/13/56
f 15/101/57 14/102/57 66/97/57 61/103/57
f 61/103/58 66/97/58 67/98/58 62/104/58
f 62/104/59 67/98/59 68/99/59 63/105/59
f 63/105/60 68/99/60 69/100/60 64/106/60
f 64/106/56 69/100/56 70/13/56 65/11/56
f 16/107/61 15/101/61 61/103/61 56/108/61
f 56/108/62 61/103/62 62/104/62 57/109/62
f 57/109/63 62/104/63 63/105/63 58/110/63
f 58/110/64 63/105/64 64/106/64 59/111/64
f 59/111/65 64/106/65 65/11/65 60/9/65
f 51/112/66 56/108/66 57/109/66 52/113/66
f 52/113/67 57/109/67 58/110/67 53/114/67
f 53/114/68 58/110/68 59/111/68 54/115/68
f 54/115/69 59/111/69 60/9/69 55/6/69
f 46/116/70 51/112/70 52/113/70 47/117/70
f 47/117/71 52/113/71 53/114/71 48/118/71
f 48/118/72 53/114/72 54/115/72 49/119/72
f 49/119/73 54/115/73 55/6/73 50/5/73
f 44/120/74 48/118/74 49/119/74 45/121/74
f 81/85/75 37/122/75 36/123/75 82/86/75
f 82/86/76 36/123/76 35/124/76 83/88/76
f 8/125/77 6/126/77 42/127/77 121/39/77
f 121/39/78 42/127/78 41/128/78 122/40/78
f 122/40/79 41/128/79 40/129/79 123/42/79
f 123/42/80 40/129/80 39/130/80 124/44/80
f 124/44/81 39/130/81 38/2/81 125/1/81
f 6/126/82 7/131/82 43/132/82 42/127/82
f 40/129/83 44/120/83 45/121/83 39/130/83
f 1/133/84 2/134/84 34/135/84 33/136/84
f 31/137/85 35/138/85 36/139/85 30/140/85
f 30/140/86 36/139/86 37/141/86 29/142/86
f 126/143/87 127/144/87 128/145/87
f 129/146/88 130/147/88 131/148/88 132/149/88
f 133/150/89 134/151/89 135/152/89 136/153/89
f 137/154/90 138/155/90 139/156/90 140/157/90
f 141/158/91 142/159/91 143/160/91 144/161/91
f 145/162/92 146/163/92 147/164/92 148/165/92
f 153/170/94 154/171/94 155/172/94 156/173/94
f 161/178/96 162/179/96 163/180/96 164/181/96
f 165/182/97 166/183/97 167/184/97 168/185/97
f 169/186/98 170/187/98 171/188/98 172/189/98
f 173/190/99 174/191/99 175/192/99 176/193/99
f 177/194/100 178/195/100 179/196/100 180/197/100
f 181/198/101 182/199/101 183/200/101 184/201/101
f 137/202/102 140/203/102 126/204/102 128/205/102 37/122/102 81/85/102
f 29/142/103 37/141/103 128/145/103 127/144/103 3/206/103
f 3/206/104 127/144/104 126/143/104 140/157/104 139/156/104 13/207/104
f 129/146/105 132/149/105 8/125/105 121/39/105 116/38/105
f 9/37/106 16/36/106 152/169/106 151/168/106 131/208/106 130/209/106
f 132/210/107 131/208/107 151/168/107 150/167/107 155/172/107 154/171/107 8/211/107
f 9/53/108 130/147/108 129/146/108 116/38/108 111/47/108
f 133/150/109 136/153/109 10/52/109 106/54/109 101/59/109
f 11/212/110 147/164/110 146/163/110 14/213/110 135/214/110 134/215/110
f 136/216/111 135/214/111 14/213/111 15/35/111 10/34/111
f 11/68/112 134/151/112 133/150/112 101/59/112 96/63/112
f 13/207/113 139/156/113 138/155/113 144/161/113 143/160/113 12/217/113
f 141/218/114 144/219/114 138/220/114 137/202/114 81/85/114 76/84/114
f 12/217/115 143/160/115 142/159/115 148/165/115 147/164/115 11/212/115
f 145/221/116 148/222/116 142/223/116 141/218/116 76/84/116 71/93/116
f 14/102/117 146/224/117 145/221/117 71/93/117 66/97/117
f 149/225/118 152/226/118 16/107/118 56/108/118 51/112/118
f 156/227/119 155/228/119 150/229/119 149/225/119 51/112/119 46/116/119
f 7/131/120 153/230/120 156/227/120 46/116/120 43/132/120
f 8/211/121 154/171/121 153/170/121 7/131/121 6/126/121
f 157/231/122 160/232/122 28/233/122 170/187/122 169/186/122 17/234/122
f 90/20/123 95/73/123 158/175/123 157/174/123 17/21/123
f 18/33/124 27/32/124 28/233/124 160/232/124 159/235/124
f 95/73/125 100/23/125 18/26/125 159/176/125 158/175/125
f 161/236/126 164/237/126 25/238/126 26/31/126 19/30/126
f 105/24/127 110/58/127 162/179/127 161/178/127 19/25/127
f 20/239/128 24/240/128 25/238/128 164/237/128 163/241/128
f 110/58/129 115/51/129 20/242/129 163/180/129 162/179/129
f 165/243/130 168/244/130 23/245/130 24/240/130 20/239/130
f 115/51/131 120/46/131 166/183/131 165/182/131 20/242/131
f 21/29/132 22/28/132 23/245/132 168/244/132 167/246/132
f 120/46/133 125/1/133 21/4/133 167/184/133 166/183/133
f 85/92/134 34/247/134 2/248/134 172/249/134 171/250/134
f 17/234/135 169/186/135 172/189/135 2/251/135 1/252/135
f 80/17/136 85/92/136 171/250/136 170/253/136 28/18/136
f 33/136/137 34/135/137 173/190/137 176/193/137 32/254/137
f 84/90/138 174/255/138 173/256/138 34/247/138 85/92/138
f 32/254/139 176/193/139 175/192/139 35/138/139 31/137/139
f 83/88/140 35/124/140 175/257/140 174/255/140 84/90/140
f 42/127/141 43/132/141 177/194/141 180/197/141 41/128/141
f 43/132/142 46/116/142 47/117/142 178/195/142 177/194/142
f 41/128/143 180/197/143 179/196/143 44/120/143 40/129/143
f 179/196/144 178/195/144 47/117/144 48/118/144 44/120/144
f 184/201/145 183/200/145 50/5/145 22/8/145 5/27/145
f 39/130/146 45/121/146 182/199/146 181/198/146 38/2/146
f 38/2/147 181/198/147 184/201/147 5/27/147 4/3/147
f 45/121/148 49/119/148 50/5/148 183/200/148 182/199/148
f 309/1/149 222/2/149 188/3/149 205/4/149
f 234/5/150 239/6/150 207/7/150 206/8/150
f 239/6/151 244/9/151 208/10/151 207/7/151
f 244/9/152 249/11/152 209/12/152 208/10/152
f 249/11/153 254/13/153 210/14/153 209/12/153
f 254/13/154 259/15/154 211/16/154 210/14/154
f 259/15/155 264/17/155 212/18/155 211/16/155
f 217/19/156 274/20/156 201/21/156 185/22/156
f 284/23/157 289/24/157 203/25/157 202/26/157
f 188/3/158 189/27/158 206/28/158 205/29/158
f 203/30/159 210/31/159 211/32/159 202/33/159
f 194/34/160 199/35/160 200/36/160 193/37/160
f 300/38/161 305/39/161 306/40/161 301/41/161
f 301/41/162 306/40/162 307/42/162 302/43/162
f 302/43/163 307/42/163 308/44/163 303/45/163
f 303/45/164 308/44/164 309/1/164 304/46/164
f 295/47/165 300/38/165 301/41/165 296/48/165
f 296/48/166 301/41/166 302/43/166 297/49/166
f 297/49/167 302/43/167 303/45/167 298/50/167
f 298/50/168 303/45/168 304/46/168 299/51/168
f 194/52/169 193/53/169 295/47/169 290/54/169
f 290/54/170 295/47/170 296/48/170 291/55/170
f 291/55/171 296/48/171 297/49/171 292/56/171
f 292/56/172 297/49/172 298/50/172 293/57/172
f 293/57/173 298/50/173 299/51/173 294/58/173
f 285/59/174 290/54/174 291/55/174 286/60/174
f 286/60/175 291/55/175 292/56/175 287/61/175
f 287/61/173 292/56/173 293/57/173 288/62/173
f 288/62/176 293/57/176 294/58/176 289/24/176
f 280/63/177 285/59/177 286/60/177 281/64/177
f 281/64/178 286/60/178 287/61/178 282/65/178
f 282/65/179 287/61/179 288/62/179 283/66/179
f 283/66/180 288/62/180 289/24/180 284/23/180
f 196/67/181 195/68/181 280/63/181 275/69/181
f 275/69/182 280/63/182 281/64/182 276/70/182
f 276/70/183 281/64/183 282/65/183 277/71/183
f 277/71/184 282/65/184 283/66/184 278/72/184
f 278/72/185 283/66/185 284/23/185 279/73/185
f 197/74/186 196/67/186 275/69/186 270/75/186
f 270/75/187 275/69/187 276/70/187 271/76/187
f 271/76/188 276/70/188 277/71/188 272/77/188
f 272/77/189 277/71/189 278/72/189 273/78/189
f 273/78/190 278/72/190 279/73/190 274/20/190
f 187/79/191 197/74/191 270/75/191 213/80/191
f 213/80/192 270/75/192 271/76/192 214/81/192
f 214/81/193 271/76/193 272/77/193 215/82/193
f 215/82/194 272/77/194 273/78/194 216/83/194
f 216/83/195 273/78/195 274/20/195 217/19/195
f 260/84/196 265/85/196 266/86/196 261/87/196
f 261/87/197 266/86/197 267/88/197 262/89/197
f 262/89/198 267/88/198 268/90/198 263/91/198
f 263/91/199 268/90/199 269/92/199 264/17/199
f 255/93/200 260/84/200 261/87/200 256/94/200
f 256/94/201 261/87/201 262/89/201 257/95/201
f 257/95/202 262/89/202 263/91/202 258/96/202
f 258/96/203 263/91/203 264/17/203 259/15/203
f 250/97/204 255/93/204 256/94/204 251/98/204
f 251/98/205 256/94/205 257/95/205 252/99/205
f 252/99/206 257/95/206 258/96/206 253/100/206
f 253/100/207 258/96/207 259/15/207 254/13/207
f 199/101/208 198/102/208 250/97/208 245/103/208
f 245/103/209 250/97/209 251/98/209 246/104/209
f 246/104/210 251/98/210 252/99/210 247/105/210
f 247/105/211 252/99/211 253/100/211 248/106/211
f 248/106/207 253/100/207 254/13/207 249/11/207
f 200/107/212 199/101/212 245/103/212 240/108/212
f 240/108/213 245/103/213 246/104/213 241/109/213
f 241/109/214 246/104/214 247/105/214 242/110/214
f 242/110/215 247/105/215 248/106/215 243/111/215
f 243/111/216 248/106/216 249/11/216 244/9/216
f 235/112/217 240/108/217 241/109/217 236/113/217
f 236/113/218 241/109/218 242/110/218 237/114/218
f 237/114/219 242/110/219 243/111/219 238/115/219
f 238/115/220 243/111/220 244/9/220 239/6/220
f 230/116/221 235/112/221 236/113/221 231/117/221
f 231/117/222 236/113/222 237/114/222 232/118/222
f 232/118/223 237/114/223 238/115/223 233/119/223
f 233/119/224 238/115/224 239/6/224 234/5/224
f 228/120/225 232/118/225 233/119/225 229/121/225
f 265/85/226 221/122/226 220/123/226 266/86/226
f 266/86/227 220/123/227 219/124/227 267/88/227
f 192/125/228 190/126/228 226/127/228 305/39/228
f 305/39/229 226/127/229 225/128/229 306/40/229
f 306/40/230 225/128/230 224/129/230 307/42/230
f 307/42/231 224/129/231 223/130/231 308/44/231
f 308/44/232 223/130/232 222/2/232 309/1/232
f 190/126/233 191/131/233 227/132/233 226/127/233
f 224/129/234 228/120/234 229/121/234 223/130/234
f 185/133/235 186/134/235 218/135/235 217/136/235
f 215/137/236 219/138/236 220/139/236 214/140/236
f 214/140/237 220/139/237 221/141/237 213/142/237
f 310/143/238 311/144/238 312/145/238
f 313/146/239 314/147/239 315/148/239 316/149/239
f 317/150/240 318/151/240 319/152/240 320/153/240
f 321/154/241 322/155/241 323/156/241 324/157/241
f 325/158/242 326/159/242 327/160/242 328/161/242
f 329/162/243 330/163/243 331/164/243 332/165/243
f 337/170/245 338/171/245 339/172/245 340/173/245
f 345/178/247 346/179/247 347/180/247 348/181/247
f 349/182/248 350/183/248 351/184/248 352/185/248
f 353/186/249 354/187/249 355/188/249 356/189/249
f 357/190/250 358/191/250 359/192/250 360/193/250
f 361/194/251 362/195/251 363/196/251 364/197/251
f 365/198/252 366/199/252 367/200/252 368/201/252
f 321/202/253 324/203/253 310/204/253 312/205/253 221/122/253 265/85/253
f 213/142/254 221/141/254 312/145/254 311/144/254 187/206/254
f 187/206/255 311/144/255 310/143/255 324/157/255 323/156/255 197/207/255
f 313/146/256 316/149/256 192/125/256 305/39/256 300/38/256
f 193/37/257 200/36/257 336/169/257 335/168/257 315/208/257 314/209/257
f 316/210/258 315/208/258 335/168/258 334/167/258 339/172/258 338/171/258 192/211/258
f 193/53/259 314/147/259 313/146/259 300/38/259 295/47/259
f 317/150/260 320/153/260 194/52/260 290/54/260 285/59/260
f 195/212/261 331/164/261 330/163/261 198/213/261 319/214/261 318/215/261
f 320/216/262 319/214/262 198/213/262 199/35/262 194/34/262
f 195/68/263 318/151/263 317/150/263 285/59/263 280/63/263
f 197/207/264 323/156/264 322/155/264 328/161/264 327/160/264 196/217/264
f 325/218/265 328/219/265 322/220/265 321/202/265 265/85/265 260/84/265
f 196/217/266 327/160/266 326/159/266 332/165/266 331/164/266 195/212/266
f 329/221/267 332/222/267 326/223/267 325/218/267 260/84/267 255/93/267
f 198/102/268 330/224/268 329/221/268 255/93/268 250/97/268
f 333/225/269 336/226/269 200/107/269 240/108/269 235/112/269
f 340/227/270 339/228/270 334/229/270 333/225/270 235/112/270 230/116/270
f 191/131/271 337/230/271 340/227/271 230/116/271 227/132/271
f 192/211/272 338/171/272 337/170/272 191/131/272 190/126/272
f 341/231/273 344/232/273 212/233/273 354/187/273 353/186/273 201/234/273
f 274/20/274 279/73/274 342/175/274 341/174/274 201/21/274
f 202/33/275 211/32/275 212/233/275 344/232/275 343/235/275
f 279/73/276 284/23/276 202/26/276 343/176/276 342/175/276
f 345/236/277 348/237/277 209/238/277 210/31/277 203/30/277
f 289/24/278 294/58/278 346/179/278 345/178/278 203/25/278
f 204/239/279 208/240/279 209/238/279 348/237/279 347/241/279
f 294/58/280 299/51/280 204/242/280 347/180/280 346/179/280
f 349/243/281 352/244/281 207/245/281 208/240/281 204/239/281
f 299/51/282 304/46/282 350/183/282 349/182/282 204/242/282
f 205/29/283 206/28/283 207/245/283 352/244/283 351/246/283
f 304/46/284 309/1/284 205/4/284 351/184/284 350/183/284
f 269/92/285 218/247/285 186/248/285 356/249/285 355/250/285
f 201/234/286 353/186/286 356/189/286 186/251/286 185/252/286
f 264/17/287 269/92/287 355/250/287 354/253/287 212/18/287
f 217/136/288 218/135/288 357/190/288 360/193/288 216/254/288
f 268/90/289 358/255/289 357/256/289 218/247/289 269/92/289
f 216/254/290 360/193/290 359/192/290 219/138/290 215/137/290
f 267/88/291 219/124/291 359/257/291 358/255/291 268/90/291
f 226/127/292 227/132/292 361/194/292 364/197/292 225/128/292
f 227/132/293 230/116/293 231/117/293 362/195/293 361/194/293
f 225/128/294 364/197/294 363/196/294 228/120/294 224/129/294
f 363/196/295 362/195/295 231/117/295 232/118/295 228/120/295
f 368/201/296 367/200/296 234/5/296 206/8/296 189/27/296
f 223/130/297 229/121/297 366/199/297 365/198/297 222/2/297
f 222/2/298 365/198/298 368/201/298 189/27/298 188/3/298
f 229/121/299 233/119/299 234/5/299 367/200/299 366/199/299
f 493/1/300 406/2/300 372/3/300 389/4/300
f 418/5/301 423/6/301 391/7/301 390/8/301
f 423/6/302 428/9/302 392/10/302 391/7/302
f 428/9/303 433/11/303 393/12/303 392/10/303
f 433/11/304 438/13/304 394/14/304 393/12/304
f 438/13/305 443/15/305 395/16/305 394/14/305
f 443/15/306 448/17/306 396/18/306 395/16/306
f 401/19/307 458/20/307 385/21/307 369/22/307
f 468/23/308 473/24/308 387/25/308 386/26/308
f 372/3/309 373/27/309 390/28/309 389/29/309
f 387/30/310 394/31/310 395/32/310 386/33/310
f 378/34/311 383/35/311 384/36/311 377/37/311
f 484/38/312 489/39/312 490/40/312 485/41/312
f 485/41/313 490/40/313 491/42/313 486/43/313
f 486/43/314 491/42/314 492/44/314 487/45/314
f 487/45/315 492/44/315 493/1/315 488/46/315
f 479/47/316 484/38/316 485/41/316 480/48/316
f 480/48/317 485/41/317 486/43/317 481/49/317
f 481/49/318 486/43/318 487/45/318 482/50/318
f 482/50/319 487/45/319 488/46/319 483/51/319
f 378/52/320 377/53/320 479/47/320 474/54/320
f 474/54/321 479/47/321 480/48/321 475/55/321
f 475/55/322 480/48/322 481/49/322 476/56/322
f 476/56/323 481/49/323 482/50/323 477/57/323
f 477/57/324 482/50/324 483/51/324 478/58/324
f 469/59/325 474/54/325 475/55/325 470/60/325
f 470/60/326 475/55/326 476/56/326 471/61/326
f 471/61/324 476/56/324 477/57/324 472/62/324
f 472/62/327 477/57/327 478/58/327 473/24/327
f 464/63/328 469/59/328 470/60/328 465/64/328
f 465/64/326 470/60/326 471/61/326 466/65/326
f 466/65/324 471/61/324 472/62/324 467/66/324
f 467/66/329 472/62/329 473/24/329 468/23/329
f 380/67/330 379/68/330 464/63/330 459/69/330
f 459/69/331 464/63/331 465/64/331 460/70/331
f 460/70/332 465/64/332 466/65/332 461/71/332
f 461/71/333 466/65/333 467/66/333 462/72/333
f 462/72/334 467/66/334 468/23/334 463/73/334
f 381/74/335 380/67/335 459/69/335 454/75/335
f 454/75/336 459/69/336 460/70/336 455/76/336
f 455/76/337 460/70/337 461/71/337 456/77/337
f 456/77/338 461/71/338 462/72/338 457/78/338
f 457/78/339 462/72/339 463/73/339 458/20/339
f 371/79/340 381/74/340 454/75/340 397/80/340
f 397/80/341 454/75/341 455/76/341 398/81/341
f 398/81/342 455/76/342 456/77/342 399/82/342
f 399/82/343 456/77/343 457/78/343 400/83/343
f 400/83/344 457/78/344 458/20/344 401/19/344
f 444/84/345 449/85/345 450/86/345 445/87/345
f 445/87/346 450/86/346 451/88/346 446/89/346
f 446/89/347 451/88/347 452/90/347 447/91/347
f 447/91/348 452/90/348 453/92/348 448/17/348
f 439/93/349 444/84/349 445/87/349 440/94/349
f 440/94/350 445/87/350 446/89/350 441/95/350
f 441/95/351 446/89/351 447/91/351 442/96/351
f 442/96/352 447/91/352 448/17/352 443/15/352
f 434/97/353 439/93/353 440/94/353 435/98/353
f 435/98/354 440/94/354 441/95/354 436/99/354
f 436/99/355 441/95/355 442/96/355 437/100/355
f 437/100/356 442/96/356 443/15/356 438/13/356
f 383/101/357 382/102/357 434/97/357 429/103/357
f 429/103/358 434/97/358 435/98/358 430/104/358
f 430/104/359 435/98/359 436/99/359 431/105/359
f 431/105/360 436/99/360 437/100/360 432/106/360
f 432/106/356 437/100/356 438/13/356 433/11/356
f 384/107/361 383/101/361 429/103/361 424/108/361
f 424/108/362 429/103/362 430/104/362 425/109/362
f 425/109/363 430/104/363 431/105/363 426/110/363
f 426/110/364 431/105/364 432/106/364 427/111/364
f 427/111/365 432/106/365 433/11/365 428/9/365
f 419/112/366 424/108/366 425/109/366 420/113/366
f 420/113/367 425/109/367 426/110/367 421/114/367
f 421/114/368 426/110/368 427/111/368 422/115/368
f 422/115/369 427/111/369 428/9/369 423/6/369
f 414/116/370 419/112/370 420/113/370 415/117/370
f 415/117/371 420/113/371 421/114/371 416/118/371
f 416/118/372 421/114/372 422/115/372 417/119/372
f 417/119/373 422/115/373 423/6/373 418/5/373
f 412/120/374 416/118/374 417/119/374 413/121/374
f 449/85/375 405/122/375 404/123/375 450/86/375
f 450/86/376 404/123/376 403/124/376 451/88/376
f 376/125/377 374/126/377 410/127/377 489/39/377
f 489/39/378 410/127/378 409/128/378 490/40/378
f 490/40/379 409/128/379 408/129/379 491/42/379
f 491/42/380 408/129/380 407/130/380 492/44/380
f 492/44/381 407/130/381 406/2/381 493/1/381
f 374/126/382 375/131/382 411/132/382 410/127/382
f 408/129/383 412/120/383 413/121/383 407/130/383
f 369/133/384 370/134/384 402/135/384 401/136/384
f 399/137/385 403/138/385 404/139/385 398/140/385
f 398/140/386 404/139/386 405/141/386 397/142/386
f 494/143/387 495/144/387 496/145/387
f 497/146/388 498/147/388 499/148/388 500/149/388
f 501/150/389 502/151/389 503/152/389 504/153/389
f 505/154/390 506/155/390 507/156/390 508/157/390
f 509/158/391 510/159/391 511/160/391 512/161/391
f 513/162/392 514/163/392 515/164/392 516/165/392
f 521/170/394 522/171/394 523/172/394 524/173/394
f 529/178/396 530/179/396 531/180/396 532/181/396
f 533/182/397 534/183/397 535/184/397 536/185/397
f 537/186/398 538/187/398 539/188/398 540/189/398
f 541/190/399 542/191/399 543/192/399 544/193/399
f 545/194/400 546/195/400 547/196/400 548/197/400
f 549/198/401 550/199/401 551/200/401 552/201/401
f 505/202/402 508/203/402 494/204/402 496/205/402 405/122/402 449/85/402
f 397/142/403 405/141/403 496/145/403 495/144/403 371/206/403
f 371/206/404 495/144/404 494/143/404 508/157/404 507/156/404 381/207/404
f 497/146/405 500/149/405 376/125/405 489/39/405 484/38/405
f 377/37/406 384/36/406 520/169/406 519/168/406 499/208/406 498/209/406
f 500/210/407 499/208/407 519/168/407 518/167/407 523/172/407 522/171/407 376/211/407
f 377/53/408 498/147/408 497/146/408 484/38/408 479/47/408
f 501/150/409 504/153/409 378/52/409 474/54/409 469/59/409
f 379/212/410 515/164/410 514/163/410 382/213/410 503/214/410 502/215/410
f 504/216/411 503/214/411 382/213/411 383/35/411 378/34/411
f 379/68/412 502/151/412 501/150/412 469/59/412 464/63/412
f 381/207/413 507/156/413 506/155/413 512/161/413 511/160/413 380/217/413
f 509/218/414 512/219/414 506/220/414 505/202/414 449/85/414 444/84/414
f 380/217/415 511/160/415 510/159/415 516/165/415 515/164/415 379/212/415
f 513/221/416 516/222/416 510/223/416 509/218/416 444/84/416 439/93/416
f 382/102/417 514/224/417 513/221/417 439/93/417 434/97/417
f 517/225/418 520/226/418 384/107/418 424/108/418 419/112/418
f 524/227/419 523/228/419 518/229/419 517/225/419 419/112/419 414/116/419
f 375/131/420 521/230/420 524/227/420 414/116/420 411/132/420
f 376/211/421 522/171/421 521/170/421 375/131/421 374/126/421
f 525/231/422 528/232/422 396/233/422 538/187/422 537/186/422 385/234/422
f 458/20/423 463/73/423 526/175/423 525/174/423 385/21/423
f 386/33/424 395/32/424 396/233/424 528/232/424 527/235/424
f 463/73/425 468/23/425 386/26/425 527/176/425 526/175/425
f 529/236/426 532/237/426 393/238/426 394/31/426 387/30/426
f 473/24/427 478/58/427 530/179/427 529/178/427 387/25/427
f 388/239/428 392/240/428 393/238/428 532/237/428 531/241/428
f 478/58/429 483/51/429 388/242/429 531/180/429 530/179/429
f 533/243/430 536/244/430 391/245/430 392/240/430 388/239/430
f 483/51/431 488/46/431 534/183/431 533/182/431 388/242/431
f 389/29/432 390/28/432 391/245/432 536/244/432 535/246/432
f 488/46/433 493/1/433 389/4/433 535/184/433 534/183/433
f 453/92/434 402/247/434 370/248/434 540/249/434 539/250/434
f 385/234/435 537/186/435 540/189/435 370/251/435 369/252/435
f 448/17/436 453/92/436 539/250/436 538/253/436 396/18/436
f 401/136/437 402/135/437 541/190/437 544/193/437 400/254/437
f 452/90/438 542/255/438 541/256/438 402/247/438 453/92/438
f 400/254/439 544/193/439 543/192/439 403/138/439 399/137/439
f 451/88/440 403/124/440 543/257/440 542/255/440 452/90/440
f 410/127/441 411/132/441 545/194/441 548/197/441 409/128/441
f 411/132/442 414/116/442 415/117/442 546/195/442 545/194/442
f 409/128/443 548/197/443 547/196/443 412/120/443 408/129/443
f 547/196/444 546/195/444 415/117/444 416/118/444 412/120/444
f 552/201/445 551/200/445 418/5/445 390/8/445 373/27/445
f 407/130/446 413/121/446 550/199/446 549/198/446 406/2/446
f 406/2/447 549/198/447 552/201/447 373/27/447 372/3/447
f 413/121/448 417/119/448 418/5/448 551/200/448 550/199/448
f 677/1/449 590/2/449 556/3/449 573/4/449
f 602/5/450 607/6/450 575/7/450 574/8/450
f 607/6/451 612/9/451 576/10/451 575/7/451
f 612/9/452 617/11/452 577/12/452 576/10/452
f 617/11/453 622/13/453 578/14/453 577/12/453
f 622/13/454 627/15/454 579/16/454 578/14/454
f 627/15/455 632/17/455 580/18/455 579/16/455
f 585/19/456 642/20/456 569/21/456 553/22/456
f 652/23/457 657/24/457 571/25/457 570/26/457
f 556/3/458 557/27/458 574/28/458 573/29/458
f 571/30/459 578/31/459 579/32/459 570/33/459
f 562/34/460 567/35/460 568/36/460 561/37/460
f 668/38/461 673/39/461 674/40/461 669/41/461
f 669/41/462 674/40/462 675/42/462 670/43/462
f 670/43/463 675/42/463 676/44/463 671/45/463
f 671/45/464 676/44/464 677/1/464 672/46/464
f 663/47/465 668/38/465 669/41/465 664/48/465
f 664/48/466 669/41/466 670/43/466 665/49/466
f 665/49/467 670/43/467 671/45/467 666/50/467
f 666/50/468 671/45/468 672/46/468 667/51/468
f 562/52/469 561/53/469 663/47/469 658/54/469
f 658/54/470 663/47/470 664/48/470 659/55/470
f 659/55/471 664/48/471 665/49/471 660/56/471
f 660/56/472 665/49/472 666/50/472 661/57/472
f 661/57/473 666/50/473 667/51/473 662/58/473
f 653/59/474 658/54/474 659/55/474 654/60/474
f 654/60/473 659/55/473 660/56/473 655/61/473
f 655/61/475 660/56/475 661/57/475 656/62/475
f 656/62/476 661/57/476 662/58/476 657/24/476
f 648/63/477 653/59/477 654/60/477 649/64/477
f 649/64/478 654/60/478 655/61/478 650/65/478
f 650/65/479 655/61/479 656/62/479 651/66/479
f 651/66/480 656/62/480 657/24/480 652/23/480
f 564/67/481 563/68/481 648/63/481 643/69/481
f 643/69/482 648/63/482 649/64/482 644/70/482
f 644/70/483 649/64/483 650/65/483 645/71/483
f 645/71/484 650/65/484 651/66/484 646/72/484
f 646/72/485 651/66/485 652/23/485 647/73/485
f 565/74/486 564/67/486 643/69/486 638/75/486
f 638/75/487 643/69/487 644/70/487 639/76/487
f 639/76/488 644/70/488 645/71/488 640/77/488
f 640/77/489 645/71/489 646/72/489 641/78/489
f 641/78/490 646/72/490 647/73/490 642/20/490
f 555/79/491 565/74/491 638/75/491 581/80/491
f 581/80/492 638/75/492 639/76/492 582/81/492
f 582/81/493 639/76/493 640/77/493 583/82/493
f 583/82/494 640/77/494 641/78/494 584/83/494
f 584/83/495 641/78/495 642/20/495 585/19/495
f 628/84/496 633/85/496 634/86/496 629/87/496
f 629/87/497 634/86/497 635/88/497 630/89/497
f 630/89/498 635/88/498 636/90/498 631/91/498
f 631/91/499 636/90/499 637/92/499 632/17/499
f 623/93/500 628/84/500 629/87/500 624/94/500
f 624/94/501 629/87/501 630/89/501 625/95/501
f 625/95/502 630/89/502 631/91/502 626/96/502
f 626/96/503 631/91/503 632/17/503 627/15/503
f 618/97/504 623/93/504 624/94/504 619/98/504
f 619/98/505 624/94/505 625/95/505 620/99/505
f 620/99/506 625/95/506 626/96/506 621/100/506
f 621/100/507 626/96/507 627/15/507 622/13/507
f 567/101/508 566/102/508 618/97/508 613/103/508
f 613/103/509 618/97/509 619/98/509 614/104/509
f 614/104/510 619/98/510 620/99/510 615/105/510
f 615/105/511 620/99/511 621/100/511 616/106/511
f 616/106/507 621/100/507 622/13/507 617/11/507
f 568/107/512 567/101/512 613/103/512 608/108/512
f 608/108/513 613/103/513 614/104/513 609/109/513
f 609/109/514 614/104/514 615/105/514 610/110/514
f 610/110/515 615/105/515 616/106/515 611/111/515
f 611/111/516 616/106/516 617/11/516 612/9/516
f 603/112/517 608/108/517 609/109/517 604/113/517
f 604/113/518 609/109/518 610/110/518 605/114/518
f 605/114/519 610/110/519 611/111/519 606/115/519
f 606/115/520 611/111/520 612/9/520 607/6/520
f 598/116/521 603/112/521 604/113/521 599/117/521
f 599/117/522 604/113/522 605/114/522 600/118/522
f 600/118/523 605/114/523 606/115/523 601/119/523
f 601/119/524 606/115/524 607/6/524 602/5/524
f 596/120/525 600/118/525 601/119/525 597/121/525
f 633/85/526 589/122/526 588/123/526 634/86/526
f 634/86/527 588/123/527 587/124/527 635/88/527
f 560/125/528 558/126/528 594/127/528 673/39/528
f 673/39/529 594/127/529 593/128/529 674/40/529
f 674/40/530 593/128/530 592/129/530 675/42/530
f 675/42/531 592/129/531 591/130/531 676/44/531
f 676/44/532 591/130/532 590/2/532 677/1/532
f 558/126/533 559/131/533 595/132/533 594/127/533
f 592/129/534 596/120/534 597/121/534 591/130/534
f 553/133/535 554/134/535 586/135/535 585/136/535
f 583/137/536 587/138/536 588/139/536 582/140/536
f 582/140/537 588/139/537 589/141/537 581/142/537
f 678/143/538 679/144/538 680/145/538
f 681/146/539 682/147/539 683/148/539 684/149/539
f 685/150/540 686/151/540 687/152/540 688/153/540
f 689/154/541 690/155/541 691/156/541 692/157/541
f 693/158/542 694/159/542 695/160/542 696/161/542
f 697/162/543 698/163/543 699/164/543 700/165/543
f 705/170/545 706/171/545 707/172/545 708/173/545
f 713/178/547 714/179/547 715/180/547 716/181/547
f 717/182/548 718/183/548 719/184/548 720/185/548
f 721/186/549 722/187/549 723/188/549 724/189/549
f 725/190/550 726/191/550 727/192/550 728/193/550
f 729/194/551 730/195/551 731/196/551 732/197/551
f 733/198/552 734/199/552 735/200/552 736/201/552
f 689/202/553 692/203/553 678/204/553 680/205/553 589/122/553 633/85/553
f 581/142/554 589/141/554 680/145/554 679/144/554 555/206/554
f 555/206/555 679/144/555 678/143/555 692/157/555 691/156/555 565/207/555
f 681/146/556 684/149/556 560/125/556 673/39/556 668/38/556
f 561/37/557 568/36/557 704/169/557 703/168/557 683/208/557 682/209/557
f 684/210/558 683/208/558 703/168/558 702/167/558 707/172/558 706/171/558 560/211/558
f 561/53/559 682/147/559 681/146/559 668/38/559 663/47/559
f 685/150/560 688/153/560 562/52/560 658/54/560 653/59/560
f 563/212/561 699/164/561 698/163/561 566/213/561 687/214/561 686/215/561
f 688/216/562 687/214/562 566/213/562 567/35/562 562/34/562
f 563/68/563 686/151/563 685/150/563 653/59/563 648/63/563
f 565/207/564 691/156/564 690/155/564 696/161/564 695/160/564 564/217/564
f 693/218/565 696/219/565 690/220/565 689/202/565 633/85/565 628/84/565
f 564/217/566 695/160/566 694/159/566 700/165/566 699/164/566 563/212/566
f 697/221/567 700/222/567 694/223/567 693/218/567 628/84/567 623/93/567
f 566/102/568 698/224/568 697/221/568 623/93/568 618/97/568
f 701/225/569 704/226/569 568/107/569 608/108/569 603/112/569
f 708/227/570 707/228/570 702/229/570 701/225/570 603/112/570 598/116/570
f 559/131/571 705/230/571 708/227/571 598/116/571 595/132/571
f 560/211/572 706/171/572 705/170/572 559/131/572 558/126/572
f 709/231/573 712/232/573 580/233/573 722/187/573 721/186/573 569/234/573
f 642/20/574 647/73/574 710/175/574 709/174/574 569/21/574
f 570/33/575 579/32/575 580/233/575 712/232/575 711/235/575
f 647/73/576 652/23/576 570/26/576 711/176/576 710/175/576
f 713/236/577 716/237/577 577/238/577 578/31/577 571/30/577
f 657/24/578 662/58/578 714/179/578 713/178/578 571/25/578
f 572/239/579 576/240/579 577/238/579 716/237/579 715/241/579
f 662/58/580 667/51/580 572/242/580 715/180/580 714/179/580
f 717/243/581 720/244/581 575/245/581 576/240/581 572/239/581
f 667/51/582 672/46/582 718/183/582 717/182/582 572/242/582
f 573/29/583 574/28/583 575/245/583 720/244/583 719/246/583
f 672/46/584 677/1/584 573/4/584 719/184/584 718/183/584
f 637/92/585 586/247/585 554/248/585 724/249/585 723/250/585
f 569/234/586 721/186/586 724/189/586 554/251/586 553/252/586
f 632/17/587 637/92/587 723/250/587 722/253/587 580/18/587
f 585/136/588 586/135/588 725/190/588 728/193/588 584/254/588
f 636/90/589 726/255/589 725/256/589 586/247/589 637/92/589
f 584/254/590 728/193/590 727/192/590 587/138/590 583/137/590
f 635/88/591 587/124/591 727/257/591 726/255/591 636/90/591
f 594/127/592 595/132/592 729/194/592 732/197/592 593/128/592
f 595/132/593 598/116/593 599/117/593 730/195/593 729/194/593
f 593/128/594 732/197/594 731/196/594 596/120/594 592/129/594
f 731/196/595 730/195/595 599/117/595 600/118/595 596/120/595
f 736/201/596 735/200/596 602/5/596 574/8/596 557/27/596
f 591/130/597 597/121/597 734/199/597 733/198/597 590/2/597
f 590/2/598 733/198/598 736/201/598 557/27/598 556/3/598
f 597/121/599 601/119/599 602/5/599 735/200/599 734/199/599
f 861/1/600 774/2/600 740/3/600 757/4/600
f 786/5/601 791/6/601 759/7/601 758/8/601
f 791/6/602 796/9/602 760/10/602 759/7/602
f 796/9/603 801/11/603 761/12/603 760/10/603
f 801/11/604 806/13/604 762/14/604 761/12/604
f 806/13/605 811/15/605 763/16/605 762/14/605
f 811/15/606 816/17/606 764/18/606 763/16/606
f 769/19/607 826/20/607 753/21/607 737/22/607
f 836/23/608 841/24/608 755/25/608 754/26/608
f 740/3/609 741/27/609 758/28/609 757/29/609
f 755/30/610 762/31/610 763/32/610 754/33/610
f 746/34/611 751/35/611 752/36/611 745/37/611
f 852/38/612 857/39/612 858/40/612 853/41/612
f 853/41/613 858/40/613 859/42/613 854/43/613
f 854/43/614 859/42/614 860/44/614 855/45/614
f 855/45/615 860/44/615 861/1/615 856/46/615
f 847/47/616 852/38/616 853/41/616 848/48/616
f 848/48/617 853/41/617 854/43/617 849/49/617
f 849/49/618 854/43/618 855/45/618 850/50/618
f 850/50/619 855/45/619 856/46/619 851/51/619
f 746/52/620 745/53/620 847/47/620 842/54/620
f 842/54/621 847/47/621 848/48/621 843/55/621
f 843/55/622 848/48/622 849/49/622 844/56/622
f 844/56/623 849/49/623 850/50/623 845/57/623
f 845/57/624 850/50/624 851/51/624 846/58/624
f 837/59/625 842/54/625 843/55/625 838/60/625
f 838/60/624 843/55/624 844/56/624 839/61/624
f 839/61/626 844/56/626 845/57/626 840/62/626
f 840/62/627 845/57/627 846/58/627 841/24/627
f 832/63/628 837/59/628 838/60/628 833/64/628
f 833/64/629 838/60/629 839/61/629 834/65/629
f 834/65/630 839/61/630 840/62/630 835/66/630
f 835/66/631 840/62/631 841/24/631 836/23/631
f 748/67/632 747/68/632 832/63/632 827/69/632
f 827/69/633 832/63/633 833/64/633 828/70/633
f 828/70/634 833/64/634 834/65/634 829/71/634
f 829/71/635 834/65/635 835/66/635 830/72/635
f 830/72/636 835/66/636 836/23/636 831/73/636
f 749/74/637 748/67/637 827/69/637 822/75/637
f 822/75/638 827/69/638 828/70/638 823/76/638
f 823/76/639 828/70/639 829/71/639 824/77/639
f 824/77/640 829/71/640 830/72/640 825/78/640
f 825/78/641 830/72/641 831/73/641 826/20/641
f 739/79/642 749/74/642 822/75/642 765/80/642
f 765/80/643 822/75/643 823/76/643 766/81/643
f 766/81/644 823/76/644 824/77/644 767/82/644
f 767/82/645 824/77/645 825/78/645 768/83/645
f 768/83/646 825/78/646 826/20/646 769/19/646
f 812/84/647 817/85/647 818/86/647 813/87/647
f 813/87/648 818/86/648 819/88/648 814/89/648
f 814/89/649 819/88/649 820/90/649 815/91/649
f 815/91/650 820/90/650 821/92/650 816/17/650
f 807/93/651 812/84/651 813/87/651 808/94/651
f 808/94/652 813/87/652 814/89/652 809/95/652
f 809/95/653 814/89/653 815/91/653 810/96/653
f 810/96/654 815/91/654 816/17/654 811/15/654
f 802/97/655 807/93/655 808/94/655 803/98/655
f 803/98/656 808/94/656 809/95/656 804/99/656
f 804/99/657 809/95/657 810/96/657 805/100/657
f 805/100/658 810/96/658 811/15/658 806/13/658
f 751/101/659 750/102/659 802/97/659 797/103/659
f 797/103/660 802/97/660 803/98/660 798/104/660
f 798/104/661 803/98/661 804/99/661 799/105/661
f 799/105/662 804/99/662 805/100/662 800/106/662
f 800/106/658 805/100/658 806/13/658 801/11/658
f 752/107/663 751/101/663 797/103/663 792/108/663
f 792/108/664 797/103/664 798/104/664 793/109/664
f 793/109/665 798/104/665 799/105/665 794/110/665
f 794/110/666 799/105/666 800/106/666 795/111/666
f 795/111/667 800/106/667 801/11/667 796/9/667
f 787/112/668 792/108/668 793/109/668 788/113/668
f 788/113/669 793/109/669 794/110/669 789/114/669
f 789/114/670 794/110/670 795/111/670 790/115/670
f 790/115/671 795/111/671 796/9/671 791/6/671
f 782/116/672 787/112/672 788/113/672 783/117/672
f 783/117/673 788/113/673 789/114/673 784/118/673
f 784/118/674 789/114/674 790/115/674 785/119/674
f 785/119/675 790/115/675 791/6/675 786/5/675
f 780/120/676 784/118/676 785/119/676 781/121/676
f 817/85/677 773/122/677 772/123/677 818/86/677
f 818/86/678 772/123/678 771/124/678 819/88/678
f 744/125/679 742/126/679 778/127/679 857/39/679
f 857/39/680 778/127/680 777/128/680 858/40/680
f 858/40/681 777/128/681 776/129/681 859/42/681
f 859/42/682 776/129/682 775/130/682 860/44/682
f 860/44/683 775/130/683 774/2/683 861/1/683
f 742/126/684 743/131/684 779/132/684 778/127/684
f 776/129/685 780/120/685 781/121/685 775/130/685
f 737/133/686 738/134/686 770/135/686 769/136/686
f 767/137/687 771/138/687 772/139/687 766/140/687
f 766/140/688 772/139/688 773/141/688 765/142/688
f 862/143/689 863/144/689 864/145/689
f 865/146/690 866/147/690 867/148/690 868/149/690
f 869/150/691 870/151/691 871/152/691 872/153/691
f 873/154/692 874/155/692 875/156/692 876/157/692
f 877/158/693 878/159/693 879/160/693 880/161/693
f 881/162/694 882/163/694 883/164/694 884/165/694
f 889/170/696 890/171/696 891/172/696 892/173/696
f 897/178/698 898/179/698 899/180/698 900/181/698
f 901/182/699 902/183/699 903/184/699 904/185/699
f 905/186/700 906/187/700 907/188/700 908/189/700
f 909/190/701 910/191/701 911/192/701 912/193/701
f 913/194/702 914/195/702 915/196/702 916/197/702
f 917/198/703 918/199/703 919/200/703 920/201/703
f 873/202/704 876/203/704 862/204/704 864/205/704 773/122/704 817/85/704
f 765/142/705 773/141/705 864/145/705 863/144/705 739/206/705
f 739/206/706 863/144/706 862/143/706 876/157/706 875/156/706 749/207/706
f 865/146/707 868/149/707 744/125/707 857/39/707 852/38/707
f 745/37/708 752/36/708 888/169/708 887/168/708 867/208/708 866/209/708
f 868/210/709 867/208/709 887/168/709 886/167/709 891/172/709 890/171/709 744/211/709
f 745/53/710 866/147/710 865/146/710 852/38/710 847/47/710
f 869/150/711 872/153/711 746/52/711 842/54/711 837/59/711
f 747/212/712 883/164/712 882/163/712 750/213/712 871/214/712 870/215/712
f 872/216/713 871/214/713 750/213/713 751/35/713 746/34/713
f 747/68/714 870/151/714 869/150/714 837/59/714 832/63/714
f 749/207/715 875/156/715 874/155/715 880/161/715 879/160/715 748/217/715
f 877/218/716 880/219/716 874/220/716 873/202/716 817/85/716 812/84/716
f 748/217/717 879/160/717 878/159/717 884/165/717 883/164/717 747/212/717
f 881/221/718 884/222/718 878/223/718 877/218/718 812/84/718 807/93/718
f 750/102/719 882/224/719 881/221/719 807/93/719 802/97/719
f 885/225/720 888/226/720 752/107/720 792/108/720 787/112/720
f 892/227/721 891/228/721 886/229/721 885/225/721 787/112/721 782/116/721
f 743/131/722 889/230/722 892/227/722 782/116/722 779/132/722
f 744/211/723 890/171/723 889/170/723 743/131/723 742/126/723
f 893/231/724 896/232/724 764/233/724 906/187/724 905/186/724 753/234/724
f 826/20/725 831/73/725 894/175/725 893/174/725 753/21/725
f 754/33/726 763/32/726 764/233/726 896/232/726 895/235/726
f 831/73/727 836/23/727 754/26/727 895/176/727 894/175/727
f 897/236/728 900/237/728 761/238/728 762/31/728 755/30/728
f 841/24/729 846/58/729 898/179/729 897/178/729 755/25/729
f 756/239/730 760/240/730 761/238/730 900/237/730 899/241/730
f 846/58/731 851/51/731 756/242/731 899/180/731 898/179/731
f 901/243/732 904/244/732 759/245/732 760/240/732 756/239/732
f 851/51/733 856/46/733 902/183/733 901/182/733 756/242/733
f 757/29/734 758/28/734 759/245/734 904/244/734 903/246/734
f 856/46/735 861/1/735 757/4/735 903/184/735 902/183/735
f 821/92/736 770/247/736 738/248/736 908/249/736 907/250/736
f 753/234/737 905/186/737 908/189/737 738/251/737 737/252/737
f 816/17/738 821/92/738 907/250/738 906/253/738 764/18/738
f 769/136/739 770/135/739 909/190/739 912/193/739 768/254/739
f 820/90/740 910/255/740 909/256/740 770/247/740 821/92/740
f 768/254/741 912/193/741 911/192/741 771/138/741 767/137/741
f 819/88/742 771/124/742 911/257/742 910/255/742 820/90/742
f 778/127/743 779/132/743 913/194/743 916/197/743 777/128/743
f 779/132/744 782/116/744 783/117/744 914/195/744 913/194/744
f 777/128/745 916/197/745 915/196/745 780/120/745 776/129/745
f 915/196/746 914/195/746 783/117/746 784/118/746 780/120/746
f 920/201/747 919/200/747 786/5/747 758/8/747 741/27/747
f 775/130/748 781/121/748 918/199/748 917/198/748 774/2/748
f 774/2/749 917/198/749 920/201/749 741/27/749 740/3/749
f 781/121/750 785/119/750 786/5/750 919/200/750 918/199/750
f 1045/1/751 958/2/751 924/3/751 941/4/751
f 970/5/752 975/6/752 943/7/752 942/8/752
f 975/6/753 980/9/753 944/10/753 943/7/753
f 980/9/754 985/11/754 945/12/754 944/10/754
f 985/11/755 990/13/755 946/14/755 945/12/755
f 990/13/756 995/15/756 947/16/756 946/14/756
f 995/15/757 1000/17/757 948/18/757 947/16/757
f 953/19/758 1010/20/758 937/21/758 921/22/758
f 1020/23/759 1025/24/759 939/25/759 938/26/759
f 924/3/760 925/27/760 942/28/760 941/29/760
f 939/30/761 946/31/761 947/32/761 938/33/761
f 930/34/762 935/35/762 936/36/762 929/37/762
f 1036/38/763 1041/39/763 1042/40/763 1037/41/763
f 1037/41/764 1042/40/764 1043/42/764 1038/43/764
f 1038/43/765 1043/42/765 1044/44/765 1039/45/765
f 1039/45/766 1044/44/766 1045/1/766 1040/46/766
f 1031/47/767 1036/38/767 1037/41/767 1032/48/767
f 1032/48/768 1037/41/768 1038/43/768 1033/49/768
f 1033/49/769 1038/43/769 1039/45/769 1034/50/769
f 1034/50/770 1039/45/770 1040/46/770 1035/51/770
f 930/52/771 929/53/771 1031/47/771 1026/54/771
f 1026/54/772 1031/47/772 1032/48/772 1027/55/772
f 1027/55/773 1032/48/773 1033/49/773 1028/56/773
f 1028/56/774 1033/49/774 1034/50/774 1029/57/774
f 1029/57/775 1034/50/775 1035/51/775 1030/58/775
f 1021/59/776 1026/54/776 1027/55/776 1022/60/776
f 1022/60/777 1027/55/777 1028/56/777 1023/61/777
f 1023/61/775 1028/56/775 1029/57/775 1024/62/775
f 1024/62/778 1029/57/778 1030/58/778 1025/24/778
f 1016/63/779 1021/59/779 1022/60/779 1017/64/779
f 1017/64/780 1022/60/780 1023/61/780 1018/65/780
f 1018/65/781 1023/61/781 1024/62/781 1019/66/781
f 1019/66/782 1024/62/782 1025/24/782 1020/23/782
f 932/67/783 931/68/783 1016/63/783 1011/69/783
f 1011/69/784 1016/63/784 1017/64/784 1012/70/784
f 1012/70/785 1017/64/785 1018/65/785 1013/71/785
f 1013/71/786 1018/65/786 1019/66/786 1014/72/786
f 1014/72/787 1019/66/787 1020/23/787 1015/73/787
f 933/74/788 932/67/788 1011/69/788 1006/75/788
f 1006/75/789 1011/69/789 1012/70/789 1007/76/789
f 1007/76/790 1012/70/790 1013/71/790 1008/77/790
f 1008/77/791 1013/71/791 1014/72/791 1009/78/791
f 1009/78/792 1014/72/792 1015/73/792 1010/20/792
f 923/79/793 933/74/793 1006/75/793 949/80/793
f 949/80/794 1006/75/794 1007/76/794 950/81/794
f 950/81/795 1007/76/795 1008/77/795 951/82/795
f 951/82/796 1008/77/796 1009/78/796 952/83/796
f 952/83/797 1009/78/797 1010/20/797 953/19/797
f 996/84/798 1001/85/798 1002/86/798 997/87/798
f 997/87/799 1002/86/799 1003/88/799 998/89/799
f 998/89/800 1003/88/800 1004/90/800 999/91/800
f 999/91/801 1004/90/801 1005/92/801 1000/17/801
f 991/93/802 996/84/802 997/87/802 992/94/802
f 992/94/803 997/87/803 998/89/803 993/95/803
f 993/95/804 998/89/804 999/91/804 994/96/804
f 994/96/805 999/91/805 1000/17/805 995/15/805
f 986/97/806 991/93/806 992/94/806 987/98/806
f 987/98/807 992/94/807 993/95/807 988/99/807
f 988/99/808 993/95/808 994/96/808 989/100/808
f 989/100/809 994/96/809 995/15/809 990/13/809
f 935/101/810 934/102/810 986/97/810 981/103/810
f 981/103/811 986/97/811 987/98/811 982/104/811
f 982/104/812 987/98/812 988/99/812 983/105/812
f 983/105/813 988/99/813 989/100/813 984/106/813
f 984/106/809 989/100/809 990/13/809 985/11/809
f 936/107/814 935/101/814 981/103/814 976/108/814
f 976/108/815 981/103/815 982/104/815 977/109/815
f 977/109/816 982/104/816 983/105/816 978/110/816
f 978/110/817 983/105/817 984/106/817 979/111/817
f 979/111/818 984/106/818 985/11/818 980/9/818
f 971/112/819 976/108/819 977/109/819 972/113/819
f 972/113/820 977/109/820 978/110/820 973/114/820
f 973/114/821 978/110/821 979/111/821 974/115/821
f 974/115/822 979/111/822 980/9/822 975/6/822
f 966/116/823 971/112/823 972/113/823 967/117/823
f 967/117/824 972/113/824 973/114/824 968/118/824
f 968/118/825 973/114/825 974/115/825 969/119/825
f 969/119/826 974/115/826 975/6/826 970/5/826
f 964/120/827 968/118/827 969/119/827 965/121/827
f 1001/85/828 957/122/828 956/123/828 1002/86/828
f 1002/86/829 956/123/829 955/124/829 1003/88/829
f 928/125/830 926/126/830 962/127/830 1041/39/830
f 1041/39/831 962/127/831 961/128/831 1042/40/831
f 1042/40/832 961/128/832 960/129/832 1043/42/832
f 1043/42/833 960/129/833 959/130/833 1044/44/833
f 1044/44/834 959/130/834 958/2/834 1045/1/834
f 926/126/835 927/131/835 963/132/835 962/127/835
f 960/129/836 964/120/836 965/121/836 959/130/836
f 921/133/837 922/134/837 954/135/837 953/136/837
f 951/137/838 955/138/838 956/139/838 950/140/838
f 950/140/839 956/139/839 957/141/839 949/142/839
f 1046/143/840 1047/144/840 1048/145/840
f 1049/146/841 1050/147/841 1051/148/841 1052/149/841
f 1053/150/842 1054/151/842 1055/152/842 1056/153/842
f 1057/154/843 1058/155/843 1059/156/843 1060/157/843
f 1061/158/844 1062/159/844 1063/160/844 1064/161/844
f 1065/162/845 1066/163/845 1067/164/845 1068/165/845
f 1073/170/847 1074/171/847 1075/172/847 1076/173/847
f 1081/178/849 1082/179/849 1083/180/849 1084/181/849
f 1085/182/850 1086/183/850 1087/184/850 1088/185/850
f 1089/186/851 1090/187/851 1091/188/851 1092/189/851
f 1093/190/852 1094/191/852 1095/192/852 1096/193/852
f 1097/194/853 1098/195/853 1099/196/853 1100/197/853
f 1101/198/854 1102/199/854 1103/200/854 1104/201/854
f 1057/202/855 1060/203/855 1046/204/855 1048/205/855 957/122/855 1001/85/855
f 949/142/856 957/141/856 1048/145/856 1047/144/856 923/206/856
f 923/206/857 1047/144/857 1046/143/857 1060/157/857 1059/156/857 933/207/857
f 1049/146/858 1052/149/858 928/125/858 1041/39/858 1036/38/858
f 929/37/859 936/36/859 1072/169/859 1071/168/859 1051/208/859 1050/209/859
f 1052/210/860 1051/208/860 1071/168/860 1070/167/860 1075/172/860 1074/171/860 928/211/860
f 929/53/861 1050/147/861 1049/146/861 1036/38/861 1031/47/861
f 1053/150/862 1056/153/862 930/52/862 1026/54/862 1021/59/862
f 931/212/863 1067/164/863 1066/163/863 934/213/863 1055/214/863 1054/215/863
f 1056/216/864 1055/214/864 934/213/864 935/35/864 930/34/864
f 931/68/865 1054/151/865 1053/150/865 1021/59/865 1016/63/865
f 933/207/866 1059/156/866 1058/155/866 1064/161/866 1063/160/866 932/217/866
f 1061/218/867 1064/219/867 1058/220/867 1057/202/867 1001/85/867 996/84/867
f 932/217/868 1063/160/868 1062/159/868 1068/165/868 1067/164/868 931/212/868
f 1065/221/869 1068/222/869 1062/223/869 1061/218/869 996/84/869 991/93/869
f 934/102/870 1066/224/870 1065/221/870 991/93/870 986/97/870
f 1069/225/871 1072/226/871 936/107/871 976/108/871 971/112/871
f 1076/227/872 1075/228/872 1070/229/872 1069/225/872 971/112/872 966/116/872
f 927/131/873 1073/230/873 1076/227/873 966/116/873 963/132/873
f 928/211/874 1074/171/874 1073/170/874 927/131/874 926/126/874
f 1077/231/875 1080/232/875 948/233/875 1090/187/875 1089/186/875 937/234/875
f 1010/20/876 1015/73/876 1078/175/876 1077/174/876 937/21/876
f 938/33/877 947/32/877 948/233/877 1080/232/877 1079/235/877
f 1015/73/878 1020/23/878 938/26/878 1079/176/878 1078/175/878
f 1081/236/879 1084/237/879 945/238/879 946/31/879 939/30/879
f 1025/24/880 1030/58/880 1082/179/880 1081/178/880 939/25/880
f 940/239/881 944/240/881 945/238/881 1084/237/881 1083/241/881
f 1030/58/882 1035/51/882 940/242/882 1083/180/882 1082/179/882
f 1085/243/883 1088/244/883 943/245/883 944/240/883 940/239/883
f 1035/51/884 1040/46/884 1086/183/884 1085/182/884 940/242/884
f 941/29/885 942/28/885 943/245/885 1088/244/885 1087/246/885
f 1040/46/886 1045/1/886 941/4/886 1087/184/886 1086/183/886
f 1005/92/887 954/247/887 922/248/887 1092/249/887 1091/250/887
f 937/234/888 1089/186/888 1092/189/888 922/251/888 921/252/888
f 1000/17/889 1005/92/889 1091/250/889 1090/253/889 948/18/889
f 953/136/890 954/135/890 1093/190/890 1096/193/890 952/254/890
f 1004/90/891 1094/255/891 1093/256/891 954/247/891 1005/92/891
f 952/254/892 1096/193/892 1095/192/892 955/138/892 951/137/892
f 1003/88/893 955/124/893 1095/257/893 1094/255/893 1004/90/893
f 962/127/894 963/132/894 1097/194/894 1100/197/894 961/128/894
f 963/132/895 966/116/895 967/117/895 1098/195/895 1097/194/895
f 961/128/896 1100/197/896 1099/196/896 964/120/896 960/129/896
f 1099/196/897 1098/195/897 967/117/897 968/118/897 964/120/897
f 1104/201/898 1103/200/898 970/5/898 942/8/898 925/27/898
f 959/130/899 965/121/899 1102/199/899 1101/198/899 958/2/899
f 958/2/900 1101/198/900 1104/201/900 925/27/900 924/3/900
f 965/121/901 969/119/901 970/5/901 1103/200/901 1102/199/901
f 1229/1/902 1142/2/902 1108/3/902 1125/4/902
f 1154/5/903 1159/6/903 1127/7/903 1126/8/903
f 1159/6/904 1164/9/904 1128/10/904 1127/7/904
f 1164/9/905 1169/11/905 1129/12/905 1128/10/905
f 1169/11/906 1174/13/906 1130/14/906 1129/12/906
f 1174/13/907 1179/15/907 1131/16/907 1130/14/907
f 1179/15/908 1184/17/908 1132/18/908 1131/16/908
f 1137/19/909 1194/20/909 1121/21/909 1105/22/909
f 1204/23/910 1209/24/910 1123/25/910 1122/26/910
f 1108/3/911 1109/27/911 1126/28/911 1125/29/911
f 1123/30/912 1130/31/912 1131/32/912 1122/33/912
f 1114/34/913 1119/35/913 1120/36/913 1113/37/913
f 1220/38/914 1225/39/914 1226/40/914 1221/41/914
f 1221/41/915 1226/40/915 1227/42/915 1222/43/915
f 1222/43/916 1227/42/916 1228/44/916 1223/45/916
f 1223/45/917 1228/44/917 1229/1/917 1224/46/917
f 1215/47/918 1220/38/918 1221/41/918 1216/48/918
f 1216/48/919 1221/41/919 1222/43/919 1217/49/919
f 1217/49/920 1222/43/920 1223/45/920 1218/50/920
f 1218/50/921 1223/45/921 1224/46/921 1219/51/921
f 1114/52/922 1113/53/922 1215/47/922 1210/54/922
f 1210/54/923 1215/47/923 1216/48/923 1211/55/923
f 1211/55/924 1216/48/924 1217/49/924 1212/56/924
f 1212/56/925 1217/49/925 1218/50/925 1213/57/925
f 1213/57/926 1218/50/926 1219/51/926 1214/58/926
f 1205/59/927 1210/54/927 1211/55/927 1206/60/927
f 1206/60/928 1211/55/928 1212/56/928 1207/61/928
f 1207/61/926 1212/56/926 1213/57/926 1208/62/926
f 1208/62/929 1213/57/929 1214/58/929 1209/24/929
f 1200/63/921 1205/59/921 1206/60/921 1201/64/921
f 1201/64/928 1206/60/928 1207/61/928 1202/65/928
f 1202/65/926 1207/61/926 1208/62/926 1203/66/926
f 1203/66/930 1208/62/930 1209/24/930 1204/23/930
f 1116/67/931 1115/68/931 1200/63/931 1195/69/931
f 1195/69/932 1200/63/932 1201/64/932 1196/70/932
f 1196/70/933 1201/64/933 1202/65/933 1197/71/933
f 1197/71/934 1202/65/934 1203/66/934 1198/72/934
f 1198/72/935 1203/66/935 1204/23/935 1199/73/935
f 1117/74/936 1116/67/936 1195/69/936 1190/75/936
f 1190/75/937 1195/69/937 1196/70/937 1191/76/937
f 1191/76/938 1196/70/938 1197/71/938 1192/77/938
f 1192/77/939 1197/71/939 1198/72/939 1193/78/939
f 1193/78/940 1198/72/940 1199/73/940 1194/20/940
f 1107/79/941 1117/74/941 1190/75/941 1133/80/941
f 1133/80/942 1190/75/942 1191/76/942 1134/81/942
f 1134/81/943 1191/76/943 1192/77/943 1135/82/943
f 1135/82/944 1192/77/944 1193/78/944 1136/83/944
f 1136/83/945 1193/78/945 1194/20/945 1137/19/945
f 1180/84/946 1185/85/946 1186/86/946 1181/87/946
f 1181/87/947 1186/86/947 1187/88/947 1182/89/947
f 1182/89/948 1187/88/948 1188/90/948 1183/91/948
f 1183/91/949 1188/90/949 1189/92/949 1184/17/949
f 1175/93/950 1180/84/950 1181/87/950 1176/94/950
f 1176/94/951 1181/87/951 1182/89/951 1177/95/951
f 1177/95/952 1182/89/952 1183/91/952 1178/96/952
f 1178/96/953 1183/91/953 1184/17/953 1179/15/953
f 1170/97/954 1175/93/954 1176/94/954 1171/98/954
f 1171/98/955 1176/94/955 1177/95/955 1172/99/955
f 1172/99/956 1177/95/956 1178/96/956 1173/100/956
f 1173/100/957 1178/96/957 1179/15/957 1174/13/957
f 1119/101/958 1118/102/958 1170/97/958 1165/103/958
f 1165/103/959 1170/97/959 1171/98/959 1166/104/959
f 1166/104/960 1171/98/960 1172/99/960 1167/105/960
f 1167/105/961 1172/99/961 1173/100/961 1168/106/961
f 1168/106/957 1173/100/957 1174/13/957 1169/11/957
f 1120/107/962 1119/101/962 1165/103/962 1160/108/962
f 1160/108/963 1165/103/963 1166/104/963 1161/109/963
f 1161/109/964 1166/104/964 1167/105/964 1162/110/964
f 1162/110/965 1167/105/965 1168/106/965 1163/111/965
f 1163/111/966 1168/106/966 1169/11/966 1164/9/966
f 1155/112/967 1160/108/967 1161/109/967 1156/113/967
f 1156/113/968 1161/109/968 1162/110/968 1157/114/968
f 1157/114/969 1162/110/969 1163/111/969 1158/115/969
f 1158/115/970 1163/111/970 1164/9/970 1159/6/970
f 1150/116/971 1155/112/971 1156/113/971 1151/117/971
f 1151/117/972 1156/113/972 1157/114/972 1152/118/972
f 1152/118/973 1157/114/973 1158/115/973 1153/119/973
f 1153/119/974 1158/115/974 1159/6/974 1154/5/974
f 1148/120/975 1152/118/975 1153/119/975 1149/121/975
f 1185/85/976 1141/122/976 1140/123/976 1186/86/976
f 1186/86/977 1140/123/977 1139/124/977 1187/88/977
f 1112/125/978 1110/126/978 1146/127/978 1225/39/978
f 1225/39/979 1146/127/979 1145/128/979 1226/40/979
f 1226/40/980 1145/128/980 1144/129/980 1227/42/980
f 1227/42/981 1144/129/981 1143/130/981 1228/44/981
f 1228/44/982 1143/130/982 1142/2/982 1229/1/982
f 1110/126/983 1111/131/983 1147/132/983 1146/127/983
f 1144/129/984 1148/120/984 1149/121/984 1143/130/984
f 1105/133/985 1106/134/985 1138/135/985 1137/136/985
f 1135/137/986 1139/138/986 1140/139/986 1134/140/986
f 1134/140/987 1140/139/987 1141/141/987 1133/142/987
f 1230/143/988 1231/144/988 1232/145/988
f 1233/146/989 1234/147/989 1235/148/989 1236/149/989
f 1237/150/990 1238/151/990 1239/152/990 1240/153/990
f 1241/154/991 1242/155/991 1243/156/991 1244/157/991
f 1245/158/992 1246/159/992 1247/160/992 1248/161/992
f 1249/162/993 1250/163/993 1251/164/993 1252/165/993
f 1257/170/995 1258/171/995 1259/172/995 1260/173/995
f 1265/178/997 1266/179/997 1267/180/997 1268/181/997
f 1269/182/998 1270/183/998 1271/184/998 1272/185/998
f 1273/186/999 1274/187/999 1275/188/999 1276/189/999
f 1277/190/1000 1278/191/1000 1279/192/1000 1280/193/1000
f 1281/194/1001 1282/195/1001 1283/196/1001 1284/197/1001
f 1285/198/1002 1286/199/1002 1287/200/1002 1288/201/1002
f 1241/202/1003 1244/203/1003 1230/204/1003 1232/205/1003 1141/122/1003 1185/85/1003
f 1133/142/1004 1141/141/1004 1232/145/1004 1231/144/1004 1107/206/1004
f 1107/206/1005 1231/144/1005 1230/143/1005 1244/157/1005 1243/156/1005 1117/207/1005
f 1233/146/1006 1236/149/1006 1112/125/1006 1225/39/1006 1220/38/1006
f 1113/37/1007 1120/36/1007 1256/169/1007 1255/168/1007 1235/208/1007 1234/209/1007
f 1236/210/1008 1235/208/1008 1255/168/1008 1254/167/1008 1259/172/1008 1258/171/1008 1112/211/1008
f 1113/53/1009 1234/147/1009 1233/146/1009 1220/38/1009 1215/47/1009
f 1237/150/1010 1240/153/1010 1114/52/1010 1210/54/1010 1205/59/1010
f 1115/212/1011 1251/164/1011 1250/163/1011 1118/213/1011 1239/214/1011 1238/215/1011
f 1240/216/1012 1239/214/1012 1118/213/1012 1119/35/1012 1114/34/1012
f 1115/68/1013 1238/151/1013 1237/150/1013 1205/59/1013 1200/63/1013
f 1117/207/1014 1243/156/1014 1242/155/1014 1248/161/1014 1247/160/1014 1116/217/1014
f 1245/218/1015 1248/219/1015 1242/220/1015 1241/202/1015 1185/85/1015 1180/84/1015
f 1116/217/1016 1247/160/1016 1246/159/1016 1252/165/1016 1251/164/1016 1115/212/1016
f 1249/221/1017 1252/222/1017 1246/223/1017 1245/218/1017 1180/84/1017 1175/93/1017
f 1118/102/1018 1250/224/1018 1249/221/1018 1175/93/1018 1170/97/1018
f 1253/225/1019 1256/226/1019 1120/107/1019 1160/108/1019 1155/112/1019
f 1260/227/1020 1259/228/1020 1254/229/1020 1253/225/1020 1155/112/1020 1150/116/1020
f 1111/131/1021 1257/230/1021 1260/227/1021 1150/116/1021 1147/132/1021
f 1112/211/1022 1258/171/1022 1257/170/1022 1111/131/1022 1110/126/1022
f 1261/231/1023 1264/232/1023 1132/233/1023 1274/187/1023 1273/186/1023 1121/234/1023
f 1194/20/1024 1199/73/1024 1262/175/1024 1261/174/1024 1121/21/1024
f 1122/33/1025 1131/32/1025 1132/233/1025 1264/232/1025 1263/235/1025
f 1199/73/1026 1204/23/1026 1122/26/1026 1263/176/1026 1262/175/1026
f 1265/236/1027 1268/237/1027 1129/238/1027 1130/31/1027 1123/30/1027
f 1209/24/1028 1214/58/1028 1266/179/1028 1265/178/1028 1123/25/1028
f 1124/239/1029 1128/240/1029 1129/238/1029 1268/237/1029 1267/241/1029
f 1214/58/1030 1219/51/1030 1124/242/1030 1267/180/1030 1266/179/1030
f 1269/243/1031 1272/244/1031 1127/245/1031 1128/240/1031 1124/239/1031
f 1219/51/1032 1224/46/1032 1270/183/1032 1269/182/1032 1124/242/1032
f 1125/29/1033 1126/28/1033 1127/245/1033 1272/244/1033 1271/246/1033
f 1224/46/1034 1229/1/1034 1125/4/1034 1271/184/1034 1270/183/1034
f 1189/92/1035 1138/247/1035 1106/248/1035 1276/249/1035 1275/250/1035
f 1121/234/1036 1273/186/1036 1276/189/1036 1106/251/1036 1105/252/1036
f 1184/17/1037 1189/92/1037 1275/250/1037 1274/253/1037 1132/18/1037
f 1137/136/1038 1138/135/1038 1277/190/1038 1280/193/1038 1136/254/1038
f 1188/90/1039 1278/255/1039 1277/256/1039 1138/247/1039 1189/92/1039
f 1136/254/1040 1280/193/1040 1279/192/1040 1139/138/1040 1135/137/1040
f 1187/88/1041 1139/124/1041 1279/257/1041 1278/255/1041 1188/90/1041
f 1146/127/1042 1147/132/1042 1281/194/1042 1284/197/1042 1145/128/1042
f 1147/132/1043 1150/116/1043 1151/117/1043 1282/195/1043 1281/194/1043
f 1145/128/1044 1284/197/1044 1283/196/1044 1148/120/1044 1144/129/1044
f 1283/196/1045 1282/195/1045 1151/117/1045 1152/118/1045 1148/120/1045
f 1288/201/1046 1287/200/1046 1154/5/1046 1126/8/1046 1109/27/1046
f 1143/130/1047 1149/121/1047 1286/199/1047 1285/198/1047 1142/2/1047
f 1142/2/1048 1285/198/1048 1288/201/1048 1109/27/1048 1108/3/1048
f 1149/121/1049 1153/119/1049 1154/5/1049 1287/200/1049 1286/199/1049
f 1413/1/1050 1326/2/1050 1292/3/1050 1309/4/1050
f 1338/5/1051 1343/6/1051 1311/7/1051 1310/8/1051
f 1343/6/1052 1348/9/1052 1312/10/1052 1311/7/1052
f 1348/9/1053 1353/11/1053 1313/12/1053 1312/10/1053
f 1353/11/1054 1358/13/1054 1314/14/1054 1313/12/1054
f 1358/13/1055 1363/15/1055 1315/16/1055 1314/14/1055
f 1363/15/1056 1368/17/1056 1316/18/1056 1315/16/1056
f 1321/19/1057 1378/20/1057 1305/21/1057 1289/22/1057
f 1388/23/1058 1393/24/1058 1307/25/1058 1306/26/1058
f 1292/3/1059 1293/27/1059 1310/28/1059 1309/29/1059
f 1307/30/1060 1314/31/1060 1315/32/1060 1306/33/1060
f 1298/34/1061 1303/35/1061 1304/36/1061 1297/37/1061
f 1404/38/1062 1409/39/1062 1410/40/1062 1405/41/1062
f 1405/41/1063 1410/40/1063 1411/42/1063 1406/43/1063
f 1406/43/1064 1411/42/1064 1412/44/1064 1407/45/1064
f 1407/45/1065 1412/44/1065 1413/1/1065 1408/46/1065
f 1399/47/1066 1404/38/1066 1405/41/1066 1400/48/1066
f 1400/48/1067 1405/41/1067 1406/43/1067 1401/49/1067
f 1401/49/1068 1406/43/1068 1407/45/1068 1402/50/1068
f 1402/50/1069 1407/45/1069 1408/46/1069 1403/51/1069
f 1298/52/1070 1297/53/1070 1399/47/1070 1394/54/1070
f 1394/54/1071 1399/47/1071 1400/48/1071 1395/55/1071
f 1395/55/1072 1400/48/1072 1401/49/1072 1396/56/1072
f 1396/56/1073 1401/49/1073 1402/50/1073 1397/57/1073
f 1397/57/1074 1402/50/1074 1403/51/1074 1398/58/1074
f 1389/59/1075 1394/54/1075 1395/55/1075 1390/60/1075
f 1390/60/1076 1395/55/1076 1396/56/1076 1391/61/1076
f 1391/61/1077 1396/56/1077 1397/57/1077 1392/62/1077
f 1392/62/1078 1397/57/1078 1398/58/1078 1393/24/1078
f 1384/63/1069 1389/59/1069 1390/60/1069 1385/64/1069
f 1385/64/1074 1390/60/1074 1391/61/1074 1386/65/1074
f 1386/65/1079 1391/61/1079 1392/62/1079 1387/66/1079
f 1387/66/1080 1392/62/1080 1393/24/1080 1388/23/1080
f 1300/67/1081 1299/68/1081 1384/63/1081 1379/69/1081
f 1379/69/1082 1384/63/1082 1385/64/1082 1380/70/1082
f 1380/70/1083 1385/64/1083 1386/65/1083 1381/71/1083
f 1381/71/1084 1386/65/1084 1387/66/1084 1382/72/1084
f 1382/72/1085 1387/66/1085 1388/23/1085 1383/73/1085
f 1301/74/1086 1300/67/1086 1379/69/1086 1374/75/1086
f 1374/75/1087 1379/69/1087 1380/70/1087 1375/76/1087
f 1375/76/1088 1380/70/1088 1381/71/1088 1376/77/1088
f 1376/77/1089 1381/71/1089 1382/72/1089 1377/78/1089
f 1377/78/1090 1382/72/1090 1383/73/1090 1378/20/1090
f 1291/79/1091 1301/74/1091 1374/75/1091 1317/80/1091
f 1317/80/1092 1374/75/1092 1375/76/1092 1318/81/1092
f 1318/81/1093 1375/76/1093 1376/77/1093 1319/82/1093
f 1319/82/1094 1376/77/1094 1377/78/1094 1320/83/1094
f 1320/83/1095 1377/78/1095 1378/20/1095 1321/19/1095
f 1364/84/1096 1369/85/1096 1370/86/1096 1365/87/1096
f 1365/87/1097 1370/86/1097 1371/88/1097 1366/89/1097
f 1366/89/1098 1371/88/1098 1372/90/1098 1367/91/1098
f 1367/91/1099 1372/90/1099 1373/92/1099 1368/17/1099
f 1359/93/1100 1364/84/1100 1365/87/1100 1360/94/1100
f 1360/94/1101 1365/87/1101 1366/89/1101 1361/95/1101
f 1361/95/1102 1366/89/1102 1367/91/1102 1362/96/1102
f 1362/96/1103 1367/91/1103 1368/17/1103 1363/15/1103
f 1354/97/1104 1359/93/1104 1360/94/1104 1355/98/1104
f 1355/98/1105 1360/94/1105 1361/95/1105 1356/99/1105
f 1356/99/1106 1361/95/1106 1362/96/1106 1357/100/1106
f 1357/100/1107 1362/96/1107 1363/15/1107 1358/13/1107
f 1303/101/1108 1302/102/1108 1354/97/1108 1349/103/1108
f 1349/103/1109 1354/97/1109 1355/98/1109 1350/104/1109
f 1350/104/1110 1355/98/1110 1356/99/1110 1351/105/1110
f 1351/105/1111 1356/99/1111 1357/100/1111 1352/106/1111
f 1352/106/1107 1357/100/1107 1358/13/1107 1353/11/1107
f 1304/107/1112 1303/101/1112 1349/103/1112 1344/108/1112
f 1344/108/1113 1349/103/1113 1350/104/1113 1345/109/1113
f 1345/109/1114 1350/104/1114 1351/105/1114 1346/110/1114
f 1346/110/1115 1351/105/1115 1352/106/1115 1347/111/1115
f 1347/111/1116 1352/106/1116 1353/11/1116 1348/9/1116
f 1339/112/1117 1344/108/1117 1345/109/1117 1340/113/1117
f 1340/113/1118 1345/109/1118 1346/110/1118 1341/114/1118
f 1341/114/1119 1346/110/1119 1347/111/1119 1342/115/1119
f 1342/115/1120 1347/111/1120 1348/9/1120 1343/6/1120
f 1334/116/1121 1339/112/1121 1340/113/1121 1335/117/1121
f 1335/117/1122 1340/113/1122 1341/114/1122 1336/118/1122
f 1336/118/1123 1341/114/1123 1342/115/1123 1337/119/1123
f 1337/119/1124 1342/115/1124 1343/6/1124 1338/5/1124
f 1332/120/1125 1336/118/1125 1337/119/1125 1333/121/1125
f 1369/85/1126 1325/122/1126 1324/123/1126 1370/86/1126
f 1370/86/1127 1324/123/1127 1323/124/1127 1371/88/1127
f 1296/125/1128 1294/126/1128 1330/127/1128 1409/39/1128
f 1409/39/1129 1330/127/1129 1329/128/1129 1410/40/1129
f 1410/40/1130 1329/128/1130 1328/129/1130 1411/42/1130
f 1411/42/1131 1328/129/1131 1327/130/1131 1412/44/1131
f 1412/44/1132 1327/130/1132 1326/2/1132 1413/1/1132
f 1294/126/1133 1295/131/1133 1331/132/1133 1330/127/1133
f 1328/129/1134 1332/120/1134 1333/121/1134 1327/130/1134
f 1289/133/1135 1290/134/1135 1322/135/1135 1321/136/1135
f 1319/137/1136 1323/138/1136 1324/139/1136 1318/140/1136
f 1318/140/1137 1324/139/1137 1325/141/1137 1317/142/1137
f 1414/143/1138 1415/144/1138 1416/145/1138
f 1417/146/1139 1418/147/1139 1419/148/1139 1420/149/1139
f 1421/150/1140 1422/151/1140 1423/152/1140 1424/153/1140
f 1425/154/1141 1426/155/1141 1427/156/1141 1428/157/1141
f 1429/158/1142 1430/159/1142 1431/160/1142 1432/161/1142
f 1433/162/1143 1434/163/1143 1435/164/1143 1436/165/1143
f 1441/170/1145 1442/171/1145 1443/172/1145 1444/173/1145
f 1449/178/1147 1450/179/1147 1451/180/1147 1452/181/1147
f 1453/182/1148 1454/183/1148 1455/184/1148 1456/185/1148
f 1457/186/1149 1458/187/1149 1459/188/1149 1460/189/1149
f 1461/190/1150 1462/191/1150 1463/192/1150 1464/193/1150
f 1465/194/1151 1466/195/1151 1467/196/1151 1468/197/1151
f 1469/198/1152 1470/199/1152 1471/200/1152 1472/201/1152
f 1425/202/1153 1428/203/1153 1414/204/1153 1416/205/1153 1325/122/1153 1369/85/1153
f 1317/142/1154 1325/141/1154 1416/145/1154 1415/144/1154 1291/206/1154
f 1291/206/1155 1415/144/1155 1414/143/1155 1428/157/1155 1427/156/1155 1301/207/1155
f 1417/146/1156 1420/149/1156 1296/125/1156 1409/39/1156 1404/38/1156
f 1297/37/1157 1304/36/1157 1440/169/1157 1439/168/1157 1419/208/1157 1418/209/1157
f 1420/210/1158 1419/208/1158 1439/168/1158 1438/167/1158 1443/172/1158 1442/171/1158 1296/211/1158
f 1297/53/1159 1418/147/1159 1417/146/1159 1404/38/1159 1399/47/1159
f 1421/150/1160 1424/153/1160 1298/52/1160 1394/54/1160 1389/59/1160
f 1299/212/1161 1435/164/1161 1434/163/1161 1302/213/1161 1423/214/1161 1422/215/1161
f 1424/216/1162 1423/214/1162 1302/213/1162 1303/35/1162 1298/34/1162
f 1299/68/1163 1422/151/1163 1421/150/1163 1389/59/1163 1384/63/1163
f 1301/207/1164 1427/156/1164 1426/155/1164 1432/161/1164 1431/160/1164 1300/217/1164
f 1429/218/1165 1432/219/1165 1426/220/1165 1425/202/1165 1369/85/1165 1364/84/1165
f 1300/217/1166 1431/160/1166 1430/159/1166 1436/165/1166 1435/164/1166 1299/212/1166
f 1433/221/1167 1436/222/1167 1430/223/1167 1429/218/1167 1364/84/1167 1359/93/1167
f 1302/102/1168 1434/224/1168 1433/221/1168 1359/93/1168 1354/97/1168
f 1437/225/1169 1440/226/1169 1304/107/1169 1344/108/1169 1339/112/1169
f 1444/227/1170 1443/228/1170 1438/229/1170 1437/225/1170 1339/112/1170 1334/116/1170
f 1295/131/1171 1441/230/1171 1444/227/1171 1334/116/1171 1331/132/1171
f 1296/211/1172 1442/171/1172 1441/170/1172 1295/131/1172 1294/126/1172
f 1445/231/1173 1448/232/1173 1316/233/1173 1458/187/1173 1457/186/1173 1305/234/1173
f 1378/20/1174 1383/73/1174 1446/175/1174 1445/174/1174 1305/21/1174
f 1306/33/1175 1315/32/1175 1316/233/1175 1448/232/1175 1447/235/1175
f 1383/73/1176 1388/23/1176 1306/26/1176 1447/176/1176 1446/175/1176
f 1449/236/1177 1452/237/1177 1313/238/1177 1314/31/1177 1307/30/1177
f 1393/24/1178 1398/58/1178 1450/179/1178 1449/178/1178 1307/25/1178
f 1308/239/1179 1312/240/1179 1313/238/1179 1452/237/1179 1451/241/1179
f 1398/58/1180 1403/51/1180 1308/242/1180 1451/180/1180 1450/179/1180
f 1453/243/1181 1456/244/1181 1311/245/1181 1312/240/1181 1308/239/1181
f 1403/51/1182 1408/46/1182 1454/183/1182 1453/182/1182 1308/242/1182
f 1309/29/1183 1310/28/1183 1311/245/1183 1456/244/1183 1455/246/1183
f 1408/46/1184 1413/1/1184 1309/4/1184 1455/184/1184 1454/183/1184
f 1373/92/1185 1322/247/1185 1290/248/1185 1460/249/1185 1459/250/1185
f 1305/234/1186 1457/186/1186 1460/189/1186 1290/251/1186 1289/252/1186
f 1368/17/1187 1373/92/1187 1459/250/1187 1458/253/1187 1316/18/1187
f 1321/136/1188 1322/135/1188 1461/190/1188 1464/193/1188 1320/254/1188
f 1372/90/1189 1462/255/1189 1461/256/1189 1322/247/1189 1373/92/1189
f 1320/254/1190 1464/193/1190 1463/192/1190 1323/138/1190 1319/137/1190
f 1371/88/1191 1323/124/1191 1463/257/1191 1462/255/1191 1372/90/1191
f 1330/127/1192 1331/132/1192 1465/194/1192 1468/197/1192 1329/128/1192
f 1331/132/1193 1334/116/1193 1335/117/1193 1466/195/1193 1465/194/1193
f 1329/128/1194 1468/197/1194 1467/196/1194 1332/120/1194 1328/129/1194
f 1467/196/1195 1466/195/1195 1335/117/1195 1336/118/1195 1332/120/1195
f 1472/201/1196 1471/200/1196 1338/5/1196 1310/8/1196 1293/27/1196
f 1327/130/1197 1333/121/1197 1470/199/1197 1469/198/1197 1326/2/1197
f 1326/2/1198 1469/198/1198 1472/201/1198 1293/27/1198 1292/3/1198
f 1333/121/1199 1337/119/1199 1338/5/1199 1471/200/1199 1470/199/1199
f 1597/1/300 1510/2/300 1476/3/300 1493/4/300
f 1522/5/301 1527/6/301 1495/7/301 1494/8/301
f 1527/6/302 1532/9/302 1496/10/302 1495/7/302
f 1532/9/303 1537/11/303 1497/12/303 1496/10/303
f 1537/11/304 1542/13/304 1498/14/304 1497/12/304
f 1542/13/305 1547/15/305 1499/16/305 1498/14/305
f 1547/15/306 1552/17/306 1500/18/306 1499/16/306
f 1505/19/307 1562/20/307 1489/21/307 1473/22/307
f 1572/23/308 1577/24/308 1491/25/308 1490/26/308
f 1476/3/309 1477/27/309 1494/28/309 1493/29/309
f 1491/30/310 1498/31/310 1499/32/310 1490/33/310
f 1482/34/311 1487/35/311 1488/36/311 1481/37/311
f 1588/38/312 1593/39/312 1594/40/312 1589/41/312
f 1589/41/313 1594/40/313 1595/42/313 1590/43/313
f 1590/43/314 1595/42/314 1596/44/314 1591/45/314
f 1591/45/315 1596/44/315 1597/1/315 1592/46/315
f 1583/47/316 1588/38/316 1589/41/316 1584/48/316
f 1584/48/317 1589/41/317 1590/43/317 1585/49/317
f 1585/49/318 1590/43/318 1591/45/318 1586/50/318
f 1586/50/319 1591/45/319 1592/46/319 1587/51/319
f 1482/52/320 1481/53/320 1583/47/320 1578/54/320
f 1578/54/321 1583/47/321 1584/48/321 1579/55/321
f 1579/55/322 1584/48/322 1585/49/322 1580/56/322
f 1580/56/323 1585/49/323 1586/50/323 1581/57/323
f 1581/57/324 1586/50/324 1587/51/324 1582/58/324
f 1573/59/325 1578/54/325 1579/55/325 1574/60/325
f 1574/60/326 1579/55/326 1580/56/326 1575/61/326
f 1575/61/324 1580/56/324 1581/57/324 1576/62/324
f 1576/62/327 1581/57/327 1582/58/327 1577/24/327
f 1568/63/328 1573/59/328 1574/60/328 1569/64/328
f 1569/64/326 1574/60/326 1575/61/326 1570/65/326
f 1570/65/324 1575/61/324 1576/62/324 1571/66/324
f 1571/66/329 1576/62/329 1577/24/329 1572/23/329
f 1484/67/330 1483/68/330 1568/63/330 1563/69/330
f 1563/69/331 1568/63/331 1569/64/331 1564/70/331
f 1564/70/332 1569/64/332 1570/65/332 1565/71/332
f 1565/71/333 1570/65/333 1571/66/333 1566/72/333
f 1566/72/334 1571/66/334 1572/23/334 1567/73/334
f 1485/74/335 1484/67/335 1563/69/335 1558/75/335
f 1558/75/336 1563/69/336 1564/70/336 1559/76/336
f 1559/76/337 1564/70/337 1565/71/337 1560/77/337
f 1560/77/338 1565/71/338 1566/72/338 1561/78/338
f 1561/78/339 1566/72/339 1567/73/339 1562/20/339
f 1475/79/340 1485/74/340 1558/75/340 1501/80/340
f 1501/80/341 1558/75/341 1559/76/341 1502/81/341
f 1502/81/342 1559/76/342 1560/77/342 1503/82/342
f 1503/82/343 1560/77/343 1561/78/343 1504/83/343
f 1504/83/344 1561/78/344 1562/20/344 1505/19/344
f 1548/84/345 1553/85/345 1554/86/345 1549/87/345
f 1549/87/346 1554/86/346 1555/88/346 1550/89/346
f 1550/89/347 1555/88/347 1556/90/347 1551/91/347
f 1551/91/348 1556/90/348 1557/92/348 1552/17/348
f 1543/93/349 1548/84/349 1549/87/349 1544/94/349
f 1544/94/350 1549/87/350 1550/89/350 1545/95/350
f 1545/95/351 1550/89/351 1551/91/351 1546/96/351
f 1546/96/352 1551/91/352 1552/17/352 1547/15/352
f 1538/97/353 1543/93/353 1544/94/353 1539/98/353
f 1539/98/354 1544/94/354 1545/95/354 1540/99/354
f 1540/99/355 1545/95/355 1546/96/355 1541/100/355
f 1541/100/356 1546/96/356 1547/15/356 1542/13/356
f 1487/101/357 1486/102/357 1538/97/357 1533/103/357
f 1533/103/358 1538/97/358 1539/98/358 1534/104/358
f 1534/104/359 1539/98/359 1540/99/359 1535/105/359
f 1535/105/360 1540/99/360 1541/100/360 1536/106/360
f 1536/106/356 1541/100/356 1542/13/356 1537/11/356
f 1488/107/361 1487/101/361 1533/103/361 1528/108/361
f 1528/108/362 1533/103/362 1534/104/362 1529/109/362
f 1529/109/363 1534/104/363 1535/105/363 1530/110/363
f 1530/110/364 1535/105/364 1536/106/364 1531/111/364
f 1531/111/365 1536/106/365 1537/11/365 1532/9/365
f 1523/112/366 1528/108/366 1529/109/366 1524/113/366
f 1524/113/367 1529/109/367 1530/110/367 1525/114/367
f 1525/114/368 1530/110/368 1531/111/368 1526/115/368
f 1526/115/369 1531/111/369 1532/9/369 1527/6/369
f 1518/116/370 1523/112/370 1524/113/370 1519/117/370
f 1519/117/371 1524/113/371 1525/114/371 1520/118/371
f 1520/118/372 1525/114/372 1526/115/372 1521/119/372
f 1521/119/373 1526/115/373 1527/6/373 1522/5/373
f 1516/120/374 1520/118/374 1521/119/374 1517/121/374
f 1553/85/375 1509/122/375 1508/123/375 1554/86/375
f 1554/86/376 1508/123/376 1507/124/376 1555/88/376
f 1480/125/377 1478/126/377 1514/127/377 1593/39/377
f 1593/39/378 1514/127/378 1513/128/378 1594/40/378
f 1594/40/379 1513/128/379 1512/129/379 1595/42/379
f 1595/42/380 1512/129/380 1511/130/380 1596/44/380
f 1596/44/381 1511/130/381 1510/2/381 1597/1/381
f 1478/126/382 1479/131/382 1515/132/382 1514/127/382
f 1512/129/383 1516/120/383 1517/121/383 1511/130/383
f 1473/133/384 1474/134/384 1506/135/384 1505/136/384
f 1503/137/385 1507/138/385 1508/139/385 1502/140/385
f 1502/140/386 1508/139/386 1509/141/386 1501/142/386
f 1598/143/387 1599/144/387 1600/145/387
f 1601/146/388 1602/147/388 1603/148/388 1604/149/388
f 1605/150/389 1606/151/389 1607/152/389 1608/153/389
f 1609/154/390 1610/155/390 1611/156/390 1612/157/390
f 1613/158/391 1614/159/391 1615/160/391 1616/161/391
f 1617/162/392 1618/163/392 1619/164/392 1620/165/392
f 1625/170/394 1626/171/394 1627/172/394 1628/173/394
f 1633/178/1200 1634/179/1200 1635/180/1200 1636/181/1200
f 1637/182/397 1638/183/397 1639/184/397 1640/185/397
f 1641/186/398 1642/187/398 1643/188/398 1644/189/398
f 1645/190/399 1646/191/399 1647/192/399 1648/193/399
f 1649/194/400 1650/195/400 1651/196/400 1652/197/400
f 1653/198/401 1654/199/401 1655/200/401 1656/201/401
f 1609/202/402 1612/203/402 1598/204/402 1600/205/402 1509/122/402 1553/85/402
f 1501/142/403 1509/141/403 1600/145/403 1599/144/403 1475/206/403
f 1475/206/404 1599/144/404 1598/143/404 1612/157/404 1611/156/404 1485/207/404
f 1601/146/405 1604/149/405 1480/125/405 1593/39/405 1588/38/405
f 1481/37/406 1488/36/406 1624/169/406 1623/168/406 1603/208/406 1602/209/406
f 1604/210/407 1603/208/407 1623/168/407 1622/167/407 1627/172/407 1626/171/407 1480/211/407
f 1481/53/408 1602/147/408 1601/146/408 1588/38/408 1583/47/408
f 1605/150/409 1608/153/409 1482/52/409 1578/54/409 1573/59/409
f 1483/212/410 1619/164/410 1618/163/410 1486/213/410 1607/214/410 1606/215/410
f 1608/216/411 1607/214/411 1486/213/411 1487/35/411 1482/34/411
f 1483/68/412 1606/151/412 1605/150/412 1573/59/412 1568/63/412
f 1485/207/1201 1611/156/1201 1610/155/1201 1616/161/1201 1615/160/1201 1484/217/1201
f 1613/218/414 1616/219/414 1610/220/414 1609/202/414 1553/85/414 1548/84/414
f 1484/217/415 1615/160/415 1614/159/415 1620/165/415 1619/164/415 1483/212/415
f 1617/221/416 1620/222/416 1614/223/416 1613/218/416 1548/84/416 1543/93/416
f 1486/102/417 1618/224/417 1617/221/417 1543/93/417 1538/97/417
f 1621/225/418 1624/226/418 1488/107/418 1528/108/418 1523/112/418
f 1628/227/419 1627/228/419 1622/229/419 1621/225/419 1523/112/419 1518/116/419
f 1479/131/420 1625/230/420 1628/227/420 1518/116/420 1515/132/420
f 1480/211/421 1626/171/421 1625/170/421 1479/131/421 1478/126/421
f 1629/231/422 1632/232/422 1500/233/422 1642/187/422 1641/186/422 1489/234/422
f 1562/20/423 1567/73/423 1630/175/423 1629/174/423 1489/21/423
f 1490/33/424 1499/32/424 1500/233/424 1632/232/424 1631/235/424
f 1567/73/425 1572/23/425 1490/26/425 1631/176/425 1630/175/425
f 1633/236/426 1636/237/426 1497/238/426 1498/31/426 1491/30/426
f 1577/24/427 1582/58/427 1634/179/427 1633/178/427 1491/25/427
f 1492/239/428 1496/240/428 1497/238/428 1636/237/428 1635/241/428
f 1582/58/429 1587/51/429 1492/242/429 1635/180/429 1634/179/429
f 1637/243/430 1640/244/430 1495/245/430 1496/240/430 1492/239/430
f 1587/51/431 1592/46/431 1638/183/431 1637/182/431 1492/242/431
f 1493/29/432 1494/28/432 1495/245/432 1640/244/432 1639/246/432
f 1592/46/433 1597/1/433 1493/4/433 1639/184/433 1638/183/433
f 1557/92/434 1506/247/434 1474/248/434 1644/249/434 1643/250/434
f 1489/234/435 1641/186/435 1644/189/435 1474/251/435 1473/252/435
f 1552/17/436 1557/92/436 1643/250/436 1642/253/436 1500/18/436
f 1505/136/437 1506/135/437 1645/190/437 1648/193/437 1504/254/437
f 1556/90/438 1646/255/438 1645/256/438 1506/247/438 1557/92/438
f 1504/254/439 1648/193/439 1647/192/439 1507/138/439 1503/137/439
f 1555/88/440 1507/124/440 1647/257/440 1646/255/440 1556/90/440
f 1514/127/441 1515/132/441 1649/194/441 1652/197/441 1513/128/441
f 1515/132/442 1518/116/442 1519/117/442 1650/195/442 1649/194/442
f 1513/128/443 1652/197/443 1651/196/443 1516/120/443 1512/129/443
f 1651/196/444 1650/195/444 1519/117/444 1520/118/444 1516/120/444
f 1656/201/445 1655/200/445 1522/5/445 1494/8/445 1477/27/445
f 1511/130/446 1517/121/446 1654/199/446 1653/198/446 1510/2/446
f 1510/2/447 1653/198/447 1656/201/447 1477/27/447 1476/3/447
f 1517/121/448 1521/119/448 1522/5/448 1655/200/448 1654/199/448
f 1781/1/449 1694/2/449 1660/3/449 1677/4/449
f 1706/5/450 1711/6/450 1679/7/450 1678/8/450
f 1711/6/451 1716/9/451 1680/10/451 1679/7/451
f 1716/9/452 1721/11/452 1681/12/452 1680/10/452
f 1721/11/453 1726/13/453 1682/14/453 1681/12/453
f 1726/13/454 1731/15/454 1683/16/454 1682/14/454
f 1731/15/455 1736/17/455 1684/18/455 1683/16/455
f 1689/19/456 1746/20/456 1673/21/456 1657/22/456
f 1756/23/457 1761/24/457 1675/25/457 1674/26/457
f 1660/3/458 1661/27/458 1678/28/458 1677/29/458
f 1675/30/459 1682/31/459 1683/32/459 1674/33/459
f 1666/34/460 1671/35/460 1672/36/460 1665/37/460
f 1772/38/461 1777/39/461 1778/40/461 1773/41/461
f 1773/41/462 1778/40/462 1779/42/462 1774/43/462
f 1774/43/463 1779/42/463 1780/44/463 1775/45/463
f 1775/45/464 1780/44/464 1781/1/464 1776/46/464
f 1767/47/465 1772/38/465 1773/41/465 1768/48/465
f 1768/48/466 1773/41/466 1774/43/466 1769/49/466
f 1769/49/467 1774/43/467 1775/45/467 1770/50/467
f 1770/50/468 1775/45/468 1776/46/468 1771/51/468
f 1666/52/469 1665/53/469 1767/47/469 1762/54/469
f 1762/54/470 1767/47/470 1768/48/470 1763/55/470
f 1763/55/471 1768/48/471 1769/49/471 1764/56/471
f 1764/56/472 1769/49/472 1770/50/472 1765/57/472
f 1765/57/473 1770/50/473 1771/51/473 1766/58/473
f 1757/59/474 1762/54/474 1763/55/474 1758/60/474
f 1758/60/473 1763/55/473 1764/56/473 1759/61/473
f 1759/61/475 1764/56/475 1765/57/475 1760/62/475
f 1760/62/476 1765/57/476 1766/58/476 1761/24/476
f 1752/63/477 1757/59/477 1758/60/477 1753/64/477
f 1753/64/478 1758/60/478 1759/61/478 1754/65/478
f 1754/65/479 1759/61/479 1760/62/479 1755/66/479
f 1755/66/480 1760/62/480 1761/24/480 1756/23/480
f 1668/67/481 1667/68/481 1752/63/481 1747/69/481
f 1747/69/482 1752/63/482 1753/64/482 1748/70/482
f 1748/70/483 1753/64/483 1754/65/483 1749/71/483
f 1749/71/484 1754/65/484 1755/66/484 1750/72/484
f 1750/72/485 1755/66/485 1756/23/485 1751/73/485
f 1669/74/486 1668/67/486 1747/69/486 1742/75/486
f 1742/75/487 1747/69/487 1748/70/487 1743/76/487
f 1743/76/488 1748/70/488 1749/71/488 1744/77/488
f 1744/77/489 1749/71/489 1750/72/489 1745/78/489
f 1745/78/490 1750/72/490 1751/73/490 1746/20/490
f 1659/79/491 1669/74/491 1742/75/491 1685/80/491
f 1685/80/492 1742/75/492 1743/76/492 1686/81/492
f 1686/81/493 1743/76/493 1744/77/493 1687/82/493
f 1687/82/494 1744/77/494 1745/78/494 1688/83/494
f 1688/83/495 1745/78/495 1746/20/495 1689/19/495
f 1732/84/496 1737/85/496 1738/86/496 1733/87/496
f 1733/87/497 1738/86/497 1739/88/497 1734/89/497
f 1734/89/498 1739/88/498 1740/90/498 1735/91/498
f 1735/91/499 1740/90/499 1741/92/499 1736/17/499
f 1727/93/500 1732/84/500 1733/87/500 1728/94/500
f 1728/94/501 1733/87/501 1734/89/501 1729/95/501
f 1729/95/502 1734/89/502 1735/91/502 1730/96/502
f 1730/96/503 1735/91/503 1736/17/503 1731/15/503
f 1722/97/504 1727/93/504 1728/94/504 1723/98/504
f 1723/98/505 1728/94/505 1729/95/505 1724/99/505
f 1724/99/506 1729/95/506 1730/96/506 1725/100/506
f 1725/100/507 1730/96/507 1731/15/507 1726/13/507
f 1671/101/508 1670/102/508 1722/97/508 1717/103/508
f 1717/103/509 1722/97/509 1723/98/509 1718/104/509
f 1718/104/510 1723/98/510 1724/99/510 1719/105/510
f 1719/105/511 1724/99/511 1725/100/511 1720/106/511
f 1720/106/507 1725/100/507 1726/13/507 1721/11/507
f 1672/107/512 1671/101/512 1717/103/512 1712/108/512
f 1712/108/513 1717/103/513 1718/104/513 1713/109/513
f 1713/109/514 1718/104/514 1719/105/514 1714/110/514
f 1714/110/1202 1719/105/1202 1720/106/1202 1715/111/1202
f 1715/111/516 1720/106/516 1721/11/516 1716/9/516
f 1707/112/517 1712/108/517 1713/109/517 1708/113/517
f 1708/113/518 1713/109/518 1714/110/518 1709/114/518
f 1709/114/519 1714/110/519 1715/111/519 1710/115/519
f 1710/115/520 1715/111/520 1716/9/520 1711/6/520
f 1702/116/521 1707/112/521 1708/113/521 1703/117/521
f 1703/117/522 1708/113/522 1709/114/522 1704/118/522
f 1704/118/523 1709/114/523 1710/115/523 1705/119/523
f 1705/119/524 1710/115/524 1711/6/524 1706/5/524
f 1700/120/525 1704/118/525 1705/119/525 1701/121/525
f 1737/85/526 1693/122/526 1692/123/526 1738/86/526
f 1738/86/527 1692/123/527 1691/124/527 1739/88/527
f 1664/125/528 1662/126/528 1698/127/528 1777/39/528
f 1777/39/529 1698/127/529 1697/128/529 1778/40/529
f 1778/40/530 1697/128/530 1696/129/530 1779/42/530
f 1779/42/531 1696/129/531 1695/130/531 1780/44/531
f 1780/44/532 1695/130/532 1694/2/532 1781/1/532
f 1662/126/533 1663/131/533 1699/132/533 1698/127/533
f 1696/129/534 1700/120/534 1701/121/534 1695/130/534
f 1657/133/535 1658/134/535 1690/135/535 1689/136/535
f 1687/137/536 1691/138/536 1692/139/536 1686/140/536
f 1686/140/537 1692/139/537 1693/141/537 1685/142/537
f 1782/143/538 1783/144/538 1784/145/538
f 1785/146/539 1786/147/539 1787/148/539 1788/149/539
f 1789/150/540 1790/151/540 1791/152/540 1792/153/540
f 1793/154/541 1794/155/541 1795/156/541 1796/157/541
f 1797/158/542 1798/159/542 1799/160/542 1800/161/542
f 1801/162/543 1802/163/543 1803/164/543 1804/165/543
f 1809/170/545 1810/171/545 1811/172/545 1812/173/545
f 1817/178/547 1818/179/547 1819/180/547 1820/181/547
f 1821/182/548 1822/183/548 1823/184/548 1824/185/548
f 1825/186/549 1826/187/549 1827/188/549 1828/189/549
f 1829/190/1203 1830/191/1203 1831/192/1203 1832/193/1203
f 1833/194/551 1834/195/551 1835/196/551 1836/197/551
f 1837/198/552 1838/199/552 1839/200/552 1840/201/552
f 1793/202/553 1796/203/553 1782/204/553 1784/205/553 1693/122/553 1737/85/553
f 1685/142/554 1693/141/554 1784/145/554 1783/144/554 1659/206/554
f 1659/206/555 1783/144/555 1782/143/555 1796/157/555 1795/156/555 1669/207/555
f 1785/146/556 1788/149/556 1664/125/556 1777/39/556 1772/38/556
f 1665/37/1204 1672/36/1204 1808/169/1204 1807/168/1204 1787/208/1204 1786/209/1204
f 1788/210/558 1787/208/558 1807/168/558 1806/167/558 1811/172/558 1810/171/558 1664/211/558
f 1665/53/559 1786/147/559 1785/146/559 1772/38/559 1767/47/559
f 1789/150/560 1792/153/560 1666/52/560 1762/54/560 1757/59/560
f 1667/212/561 1803/164/561 1802/163/561 1670/213/561 1791/214/561 1790/215/561
f 1792/216/562 1791/214/562 1670/213/562 1671/35/562 1666/34/562
f 1667/68/563 1790/151/563 1789/150/563 1757/59/563 1752/63/563
f 1669/207/564 1795/156/564 1794/155/564 1800/161/564 1799/160/564 1668/217/564
f 1797/218/565 1800/219/565 1794/220/565 1793/202/565 1737/85/565 1732/84/565
f 1668/217/566 1799/160/566 1798/159/566 1804/165/566 1803/164/566 1667/212/566
f 1801/221/567 1804/222/567 1798/223/567 1797/218/567 1732/84/567 1727/93/567
f 1670/102/568 1802/224/568 1801/221/568 1727/93/568 1722/97/568
f 1805/225/569 1808/226/569 1672/107/569 1712/108/569 1707/112/569
f 1812/227/570 1811/228/570 1806/229/570 1805/225/570 1707/112/570 1702/116/570
f 1663/131/571 1809/230/571 1812/227/571 1702/116/571 1699/132/571
f 1664/211/572 1810/171/572 1809/170/572 1663/131/572 1662/126/572
f 1813/231/573 1816/232/573 1684/233/573 1826/187/573 1825/186/573 1673/234/573
f 1746/20/574 1751/73/574 1814/175/574 1813/174/574 1673/21/574
f 1674/33/575 1683/32/575 1684/233/575 1816/232/575 1815/235/575
f 1751/73/576 1756/23/576 1674/26/576 1815/176/576 1814/175/576
f 1817/236/577 1820/237/577 1681/238/577 1682/31/577 1675/30/577
f 1761/24/578 1766/58/578 1818/179/578 1817/178/578 1675/25/578
f 1676/239/579 1680/240/579 1681/238/579 1820/237/579 1819/241/579
f 1766/58/580 1771/51/580 1676/242/580 1819/180/580 1818/179/580
f 1821/243/581 1824/244/581 1679/245/581 1680/240/581 1676/239/581
f 1771/51/582 1776/46/582 1822/183/582 1821/182/582 1676/242/582
f 1677/29/1205 1678/28/1205 1679/245/1205 1824/244/1205 1823/246/1205
f 1776/46/584 1781/1/584 1677/4/584 1823/184/584 1822/183/584
f 1741/92/585 1690/247/585 1658/248/585 1828/249/585 1827/250/585
f 1673/234/586 1825/186/586 1828/189/586 1658/251/586 1657/252/586
f 1736/17/587 1741/92/587 1827/250/587 1826/253/587 1684/18/587
f 1689/136/588 1690/135/588 1829/190/588 1832/193/588 1688/254/588
f 1740/90/589 1830/255/589 1829/256/589 1690/247/589 1741/92/589
f 1688/254/590 1832/193/590 1831/192/590 1691/138/590 1687/137/590
f 1739/88/591 1691/124/591 1831/257/591 1830/255/591 1740/90/591
f 1698/127/592 1699/132/592 1833/194/592 1836/197/592 1697/128/592
f 1699/132/593 1702/116/593 1703/117/593 1834/195/593 1833/194/593
f 1697/128/1206 1836/197/1206 1835/196/1206 1700/120/1206 1696/129/1206
f 1835/196/595 1834/195/595 1703/117/595 1704/118/595 1700/120/595
f 1840/201/596 1839/200/596 1706/5/596 1678/8/596 1661/27/596
f 1695/130/597 1701/121/597 1838/199/597 1837/198/597 1694/2/597
f 1694/2/598 1837/198/598 1840/201/598 1661/27/598 1660/3/598
f 1701/121/599 1705/119/599 1706/5/599 1839/200/599 1838/199/599
f 1965/1/1207 1878/2/1207 1844/3/1207 1861/4/1207
f 1890/5/1208 1895/6/1208 1863/7/1208 1862/8/1208
f 1895/6/1209 1900/9/1209 1864/10/1209 1863/7/1209
f 1900/9/1210 1905/11/1210 1865/12/1210 1864/10/1210
f 1905/11/1211 1910/13/1211 1866/14/1211 1865/12/1211
f 1910/13/1212 1915/15/1212 1867/16/1212 1866/14/1212
f 1915/15/1213 1920/17/1213 1868/18/1213 1867/16/1213
f 1873/19/1214 1930/20/1214 1857/21/1214 1841/22/1214
f 1940/23/1215 1945/24/1215 1859/25/1215 1858/26/1215
f 1844/3/1216 1845/27/1216 1862/28/1216 1861/29/1216
f 1859/30/1217 1866/31/1217 1867/32/1217 1858/33/1217
f 1850/34/1218 1855/35/1218 1856/36/1218 1849/37/1218
f 1956/38/1219 1961/39/1219 1962/40/1219 1957/41/1219
f 1957/41/1220 1962/40/1220 1963/42/1220 1958/43/1220
f 1958/43/1221 1963/42/1221 1964/44/1221 1959/45/1221
f 1959/45/1222 1964/44/1222 1965/1/1222 1960/46/1222
f 1951/47/1223 1956/38/1223 1957/41/1223 1952/48/1223
f 1952/48/1224 1957/41/1224 1958/43/1224 1953/49/1224
f 1953/49/1225 1958/43/1225 1959/45/1225 1954/50/1225
f 1954/50/1226 1959/45/1226 1960/46/1226 1955/51/1226
f 1850/52/1227 1849/53/1227 1951/47/1227 1946/54/1227
f 1946/54/1228 1951/47/1228 1952/48/1228 1947/55/1228
f 1947/55/1229 1952/48/1229 1953/49/1229 1948/56/1229
f 1948/56/1230 1953/49/1230 1954/50/1230 1949/57/1230
f 1949/57/1231 1954/50/1231 1955/51/1231 1950/58/1231
f 1941/59/1232 1946/54/1232 1947/55/1232 1942/60/1232
f 1942/60/1231 1947/55/1231 1948/56/1231 1943/61/1231
f 1943/61/1231 1948/56/1231 1949/57/1231 1944/62/1231
f 1944/62/1233 1949/57/1233 1950/58/1233 1945/24/1233
f 1936/63/1226 1941/59/1226 1942/60/1226 1937/64/1226
f 1937/64/1231 1942/60/1231 1943/61/1231 1938/65/1231
f 1938/65/1231 1943/61/1231 1944/62/1231 1939/66/1231
f 1939/66/1234 1944/62/1234 1945/24/1234 1940/23/1234
f 1852/67/1235 1851/68/1235 1936/63/1235 1931/69/1235
f 1931/69/1236 1936/63/1236 1937/64/1236 1932/70/1236
f 1932/70/1237 1937/64/1237 1938/65/1237 1933/71/1237
f 1933/71/1238 1938/65/1238 1939/66/1238 1934/72/1238
f 1934/72/1239 1939/66/1239 1940/23/1239 1935/73/1239
f 1853/74/1240 1852/67/1240 1931/69/1240 1926/75/1240
f 1926/75/1241 1931/69/1241 1932/70/1241 1927/76/1241
f 1927/76/1242 1932/70/1242 1933/71/1242 1928/77/1242
f 1928/77/1243 1933/71/1243 1934/72/1243 1929/78/1243
f 1929/78/1244 1934/72/1244 1935/73/1244 1930/20/1244
f 1843/79/1245 1853/74/1245 1926/75/1245 1869/80/1245
f 1869/80/1246 1926/75/1246 1927/76/1246 1870/81/1246
f 1870/81/1247 1927/76/1247 1928/77/1247 1871/82/1247
f 1871/82/1248 1928/77/1248 1929/78/1248 1872/83/1248
f 1872/83/1249 1929/78/1249 1930/20/1249 1873/19/1249
f 1916/84/1250 1921/85/1250 1922/86/1250 1917/87/1250
f 1917/87/1251 1922/86/1251 1923/88/1251 1918/89/1251
f 1918/89/1252 1923/88/1252 1924/90/1252 1919/91/1252
f 1919/91/1253 1924/90/1253 1925/92/1253 1920/17/1253
f 1911/93/1254 1916/84/1254 1917/87/1254 1912/94/1254
f 1912/94/1255 1917/87/1255 1918/89/1255 1913/95/1255
f 1913/95/1256 1918/89/1256 1919/91/1256 1914/96/1256
f 1914/96/1257 1919/91/1257 1920/17/1257 1915/15/1257
f 1906/97/1258 1911/93/1258 1912/94/1258 1907/98/1258
f 1907/98/1259 1912/94/1259 1913/95/1259 1908/99/1259
f 1908/99/1260 1913/95/1260 1914/96/1260 1909/100/1260
f 1909/100/1261 1914/96/1261 1915/15/1261 1910/13/1261
f 1855/101/1262 1854/102/1262 1906/97/1262 1901/103/1262
f 1901/103/1263 1906/97/1263 1907/98/1263 1902/104/1263
f 1902/104/1264 1907/98/1264 1908/99/1264 1903/105/1264
f 1903/105/1265 1908/99/1265 1909/100/1265 1904/106/1265
f 1904/106/1261 1909/100/1261 1910/13/1261 1905/11/1261
f 1856/107/1266 1855/101/1266 1901/103/1266 1896/108/1266
f 1896/108/1267 1901/103/1267 1902/104/1267 1897/109/1267
f 1897/109/1268 1902/104/1268 1903/105/1268 1898/110/1268
f 1898/110/1269 1903/105/1269 1904/106/1269 1899/111/1269
f 1899/111/1270 1904/106/1270 1905/11/1270 1900/9/1270
f 1891/112/1271 1896/108/1271 1897/109/1271 1892/113/1271
f 1892/113/1272 1897/109/1272 1898/110/1272 1893/114/1272
f 1893/114/1273 1898/110/1273 1899/111/1273 1894/115/1273
f 1894/115/1274 1899/111/1274 1900/9/1274 1895/6/1274
f 1886/116/1275 1891/112/1275 1892/113/1275 1887/117/1275
f 1887/117/1276 1892/113/1276 1893/114/1276 1888/118/1276
f 1888/118/1277 1893/114/1277 1894/115/1277 1889/119/1277
f 1889/119/1278 1894/115/1278 1895/6/1278 1890/5/1278
f 1884/120/1279 1888/118/1279 1889/119/1279 1885/121/1279
f 1921/85/1280 1877/122/1280 1876/123/1280 1922/86/1280
f 1922/86/1281 1876/123/1281 1875/124/1281 1923/88/1281
f 1848/125/1282 1846/126/1282 1882/127/1282 1961/39/1282
f 1961/39/1283 1882/127/1283 1881/128/1283 1962/40/1283
f 1962/40/1284 1881/128/1284 1880/129/1284 1963/42/1284
f 1963/42/1285 1880/129/1285 1879/130/1285 1964/44/1285
f 1964/44/1286 1879/130/1286 1878/2/1286 1965/1/1286
f 1846/126/1287 1847/131/1287 1883/132/1287 1882/127/1287
f 1880/129/1288 1884/120/1288 1885/121/1288 1879/130/1288
f 1841/133/1289 1842/134/1289 1874/135/1289 1873/136/1289
f 1871/137/1290 1875/138/1290 1876/139/1290 1870/140/1290
f 1870/140/1291 1876/139/1291 1877/141/1291 1869/142/1291
f 1966/143/1292 1967/144/1292 1968/145/1292
f 1969/146/1293 1970/147/1293 1971/148/1293 1972/149/1293
f 1973/150/1294 1974/151/1294 1975/152/1294 1976/153/1294
f 1977/154/1295 1978/155/1295 1979/156/1295 1980/157/1295
f 1981/158/1296 1982/159/1296 1983/160/1296 1984/161/1296
f 1985/162/1297 1986/163/1297 1987/164/1297 1988/165/1297
f 1993/170/1299 1994/171/1299 1995/172/1299 1996/173/1299
f 2001/178/1301 2002/179/1301 2003/180/1301 2004/181/1301
f 2005/182/1302 2006/183/1302 2007/184/1302 2008/185/1302
f 2009/186/1303 2010/187/1303 2011/188/1303 2012/189/1303
f 2013/190/1304 2014/191/1304 2015/192/1304 2016/193/1304
f 2017/194/1305 2018/195/1305 2019/196/1305 2020/197/1305
f 2021/198/1306 2022/199/1306 2023/200/1306 2024/201/1306
f 1977/202/1307 1980/203/1307 1966/204/1307 1968/205/1307 1877/122/1307 1921/85/1307
f 1869/142/1308 1877/141/1308 1968/145/1308 1967/144/1308 1843/206/1308
f 1843/206/1309 1967/144/1309 1966/143/1309 1980/157/1309 1979/156/1309 1853/207/1309
f 1969/146/1310 1972/149/1310 1848/125/1310 1961/39/1310 1956/38/1310
f 1849/37/1311 1856/36/1311 1992/169/1311 1991/168/1311 1971/208/1311 1970/209/1311
f 1972/210/1312 1971/208/1312 1991/168/1312 1990/167/1312 1995/172/1312 1994/171/1312 1848/211/1312
f 1849/53/1313 1970/147/1313 1969/146/1313 1956/38/1313 1951/47/1313
f 1973/150/1314 1976/153/1314 1850/52/1314 1946/54/1314 1941/59/1314
f 1851/212/1315 1987/164/1315 1986/163/1315 1854/213/1315 1975/214/1315 1974/215/1315
f 1976/216/1316 1975/214/1316 1854/213/1316 1855/35/1316 1850/34/1316
f 1851/68/1317 1974/151/1317 1973/150/1317 1941/59/1317 1936/63/1317
f 1853/207/1318 1979/156/1318 1978/155/1318 1984/161/1318 1983/160/1318 1852/217/1318
f 1981/218/1319 1984/219/1319 1978/220/1319 1977/202/1319 1921/85/1319 1916/84/1319
f 1852/217/1320 1983/160/1320 1982/159/1320 1988/165/1320 1987/164/1320 1851/212/1320
f 1985/221/1321 1988/222/1321 1982/223/1321 1981/218/1321 1916/84/1321 1911/93/1321
f 1854/102/1322 1986/224/1322 1985/221/1322 1911/93/1322 1906/97/1322
f 1989/225/1323 1992/226/1323 1856/107/1323 1896/108/1323 1891/112/1323
f 1996/227/1324 1995/228/1324 1990/229/1324 1989/225/1324 1891/112/1324 1886/116/1324
f 1847/131/1325 1993/230/1325 1996/227/1325 1886/116/1325 1883/132/1325
f 1848/211/1326 1994/171/1326 1993/170/1326 1847/131/1326 1846/126/1326
f 1997/231/1327 2000/232/1327 1868/233/1327 2010/187/1327 2009/186/1327 1857/234/1327
f 1930/20/1328 1935/73/1328 1998/175/1328 1997/174/1328 1857/21/1328
f 1858/33/1329 1867/32/1329 1868/233/1329 2000/232/1329 1999/235/1329
f 1935/73/1330 1940/23/1330 1858/26/1330 1999/176/1330 1998/175/1330
f 2001/236/1331 2004/237/1331 1865/238/1331 1866/31/1331 1859/30/1331
f 1945/24/1332 1950/58/1332 2002/179/1332 2001/178/1332 1859/25/1332
f 1860/239/1333 1864/240/1333 1865/238/1333 2004/237/1333 2003/241/1333
f 1950/58/1334 1955/51/1334 1860/242/1334 2003/180/1334 2002/179/1334
f 2005/243/1335 2008/244/1335 1863/245/1335 1864/240/1335 1860/239/1335
f 1955/51/1336 1960/46/1336 2006/183/1336 2005/182/1336 1860/242/1336
f 1861/29/1337 1862/28/1337 1863/245/1337 2008/244/1337 2007/246/1337
f 1960/46/1338 1965/1/1338 1861/4/1338 2007/184/1338 2006/183/1338
f 1925/92/1339 1874/247/1339 1842/248/1339 2012/249/1339 2011/250/1339
f 1857/234/1340 2009/186/1340 2012/189/1340 1842/251/1340 1841/252/1340
f 1920/17/1341 1925/92/1341 2011/250/1341 2010/253/1341 1868/18/1341
f 1873/136/1342 1874/135/1342 2013/190/1342 2016/193/1342 1872/254/1342
f 1924/90/1343 2014/255/1343 2013/256/1343 1874/247/1343 1925/92/1343
f 1872/254/1344 2016/193/1344 2015/192/1344 1875/138/1344 1871/137/1344
f 1923/88/1345 1875/124/1345 2015/257/1345 2014/255/1345 1924/90/1345
f 1882/127/1346 1883/132/1346 2017/194/1346 2020/197/1346 1881/128/1346
f 1883/132/1347 1886/116/1347 1887/117/1347 2018/195/1347 2017/194/1347
f 1881/128/1348 2020/197/1348 2019/196/1348 1884/120/1348 1880/129/1348
f 2019/196/1349 2018/195/1349 1887/117/1349 1888/118/1349 1884/120/1349
f 2024/201/1350 2023/200/1350 1890/5/1350 1862/8/1350 1845/27/1350
f 1879/130/1351 1885/121/1351 2022/199/1351 2021/198/1351 1878/2/1351
f 1878/2/1352 2021/198/1352 2024/201/1352 1845/27/1352 1844/3/1352
f 1885/121/1353 1889/119/1353 1890/5/1353 2023/200/1353 2022/199/1353
f 2149/1/1354 2062/2/1354 2028/3/1354 2045/4/1354
f 2074/5/1355 2079/6/1355 2047/7/1355 2046/8/1355
f 2079/6/1356 2084/9/1356 2048/10/1356 2047/7/1356
f 2084/9/1357 2089/11/1357 2049/12/1357 2048/10/1357
f 2089/11/1358 2094/13/1358 2050/14/1358 2049/12/1358
f 2094/13/1359 2099/15/1359 2051/16/1359 2050/14/1359
f 2099/15/1360 2104/17/1360 2052/18/1360 2051/16/1360
f 2057/19/1361 2114/20/1361 2041/21/1361 2025/22/1361
f 2124/23/1362 2129/24/1362 2043/25/1362 2042/26/1362
f 2028/3/1363 2029/27/1363 2046/28/1363 2045/29/1363
f 2043/30/1364 2050/31/1364 2051/32/1364 2042/33/1364
f 2034/34/1365 2039/35/1365 2040/36/1365 2033/37/1365
f 2140/38/1366 2145/39/1366 2146/40/1366 2141/41/1366
f 2141/41/1367 2146/40/1367 2147/42/1367 2142/43/1367
f 2142/43/1368 2147/42/1368 2148/44/1368 2143/45/1368
f 2143/45/1369 2148/44/1369 2149/1/1369 2144/46/1369
f 2135/47/1370 2140/38/1370 2141/41/1370 2136/48/1370
f 2136/48/1371 2141/41/1371 2142/43/1371 2137/49/1371
f 2137/49/1372 2142/43/1372 2143/45/1372 2138/50/1372
f 2138/50/1373 2143/45/1373 2144/46/1373 2139/51/1373
f 2034/52/1374 2033/53/1374 2135/47/1374 2130/54/1374
f 2130/54/1375 2135/47/1375 2136/48/1375 2131/55/1375
f 2131/55/1376 2136/48/1376 2137/49/1376 2132/56/1376
f 2132/56/1377 2137/49/1377 2138/50/1377 2133/57/1377
f 2133/57/1378 2138/50/1378 2139/51/1378 2134/58/1378
f 2125/59/1379 2130/54/1379 2131/55/1379 2126/60/1379
f 2126/60/1380 2131/55/1380 2132/56/1380 2127/61/1380
f 2127/61/1380 2132/56/1380 2133/57/1380 2128/62/1380
f 2128/62/1381 2133/57/1381 2134/58/1381 2129/24/1381
f 2120/63/1382 2125/59/1382 2126/60/1382 2121/64/1382
f 2121/64/1378 2126/60/1378 2127/61/1378 2122/65/1378
f 2122/65/1378 2127/61/1378 2128/62/1378 2123/66/1378
f 2123/66/1383 2128/62/1383 2129/24/1383 2124/23/1383
f 2036/67/1384 2035/68/1384 2120/63/1384 2115/69/1384
f 2115/69/1385 2120/63/1385 2121/64/1385 2116/70/1385
f 2116/70/1386 2121/64/1386 2122/65/1386 2117/71/1386
f 2117/71/1387 2122/65/1387 2123/66/1387 2118/72/1387
f 2118/72/1388 2123/66/1388 2124/23/1388 2119/73/1388
f 2037/74/1389 2036/67/1389 2115/69/1389 2110/75/1389
f 2110/75/1390 2115/69/1390 2116/70/1390 2111/76/1390
f 2111/76/1391 2116/70/1391 2117/71/1391 2112/77/1391
f 2112/77/1392 2117/71/1392 2118/72/1392 2113/78/1392
f 2113/78/1393 2118/72/1393 2119/73/1393 2114/20/1393
f 2027/79/1394 2037/74/1394 2110/75/1394 2053/80/1394
f 2053/80/1395 2110/75/1395 2111/76/1395 2054/81/1395
f 2054/81/1396 2111/76/1396 2112/77/1396 2055/82/1396
f 2055/82/1397 2112/77/1397 2113/78/1397 2056/83/1397
f 2056/83/1398 2113/78/1398 2114/20/1398 2057/19/1398
f 2100/84/1399 2105/85/1399 2106/86/1399 2101/87/1399
f 2101/87/1400 2106/86/1400 2107/88/1400 2102/89/1400
f 2102/89/1401 2107/88/1401 2108/90/1401 2103/91/1401
f 2103/91/1402 2108/90/1402 2109/92/1402 2104/17/1402
f 2095/93/1403 2100/84/1403 2101/87/1403 2096/94/1403
f 2096/94/1404 2101/87/1404 2102/89/1404 2097/95/1404
f 2097/95/1405 2102/89/1405 2103/91/1405 2098/96/1405
f 2098/96/1406 2103/91/1406 2104/17/1406 2099/15/1406
f 2090/97/1407 2095/93/1407 2096/94/1407 2091/98/1407
f 2091/98/1408 2096/94/1408 2097/95/1408 2092/99/1408
f 2092/99/1409 2097/95/1409 2098/96/1409 2093/100/1409
f 2093/100/1410 2098/96/1410 2099/15/1410 2094/13/1410
f 2039/101/1411 2038/102/1411 2090/97/1411 2085/103/1411
f 2085/103/1412 2090/97/1412 2091/98/1412 2086/104/1412
f 2086/104/1413 2091/98/1413 2092/99/1413 2087/105/1413
f 2087/105/1414 2092/99/1414 2093/100/1414 2088/106/1414
f 2088/106/1410 2093/100/1410 2094/13/1410 2089/11/1410
f 2040/107/1415 2039/101/1415 2085/103/1415 2080/108/1415
f 2080/108/1416 2085/103/1416 2086/104/1416 2081/109/1416
f 2081/109/1417 2086/104/1417 2087/105/1417 2082/110/1417
f 2082/110/1418 2087/105/1418 2088/106/1418 2083/111/1418
f 2083/111/1419 2088/106/1419 2089/11/1419 2084/9/1419
f 2075/112/1420 2080/108/1420 2081/109/1420 2076/113/1420
f 2076/113/1421 2081/109/1421 2082/110/1421 2077/114/1421
f 2077/114/1422 2082/110/1422 2083/111/1422 2078/115/1422
f 2078/115/1423 2083/111/1423 2084/9/1423 2079/6/1423
f 2070/116/1424 2075/112/1424 2076/113/1424 2071/117/1424
f 2071/117/1425 2076/113/1425 2077/114/1425 2072/118/1425
f 2072/118/1426 2077/114/1426 2078/115/1426 2073/119/1426
f 2073/119/1427 2078/115/1427 2079/6/1427 2074/5/1427
f 2068/120/1428 2072/118/1428 2073/119/1428 2069/121/1428
f 2105/85/1429 2061/122/1429 2060/123/1429 2106/86/1429
f 2106/86/1430 2060/123/1430 2059/124/1430 2107/88/1430
f 2032/125/1431 2030/126/1431 2066/127/1431 2145/39/1431
f 2145/39/1432 2066/127/1432 2065/128/1432 2146/40/1432
f 2146/40/1433 2065/128/1433 2064/129/1433 2147/42/1433
f 2147/42/1434 2064/129/1434 2063/130/1434 2148/44/1434
f 2148/44/1435 2063/130/1435 2062/2/1435 2149/1/1435
f 2030/126/1436 2031/131/1436 2067/132/1436 2066/127/1436
f 2064/129/1437 2068/120/1437 2069/121/1437 2063/130/1437
f 2025/133/1438 2026/134/1438 2058/135/1438 2057/136/1438
f 2055/137/1439 2059/138/1439 2060/139/1439 2054/140/1439
f 2054/140/1440 2060/139/1440 2061/141/1440 2053/142/1440
f 2150/143/1441 2151/144/1441 2152/145/1441
f 2153/146/1442 2154/147/1442 2155/148/1442 2156/149/1442
f 2157/150/1443 2158/151/1443 2159/152/1443 2160/153/1443
f 2161/154/1444 2162/155/1444 2163/156/1444 2164/157/1444
f 2165/158/1445 2166/159/1445 2167/160/1445 2168/161/1445
f 2169/162/1446 2170/163/1446 2171/164/1446 2172/165/1446
f 2177/170/1448 2178/171/1448 2179/172/1448 2180/173/1448
f 2185/178/1450 2186/179/1450 2187/180/1450 2188/181/1450
f 2189/182/1451 2190/183/1451 2191/184/1451 2192/185/1451
f 2193/186/1452 2194/187/1452 2195/188/1452 2196/189/1452
f 2197/190/1453 2198/191/1453 2199/192/1453 2200/193/1453
f 2201/194/1454 2202/195/1454 2203/196/1454 2204/197/1454
f 2205/198/1455 2206/199/1455 2207/200/1455 2208/201/1455
f 2161/202/1456 2164/203/1456 2150/204/1456 2152/205/1456 2061/122/1456 2105/85/1456
f 2053/142/1457 2061/141/1457 2152/145/1457 2151/144/1457 2027/206/1457
f 2027/206/1458 2151/144/1458 2150/143/1458 2164/157/1458 2163/156/1458 2037/207/1458
f 2153/146/1459 2156/149/1459 2032/125/1459 2145/39/1459 2140/38/1459
f 2033/37/1460 2040/36/1460 2176/169/1460 2175/168/1460 2155/208/1460 2154/209/1460
f 2156/210/1461 2155/208/1461 2175/168/1461 2174/167/1461 2179/172/1461 2178/171/1461 2032/211/1461
f 2033/53/1462 2154/147/1462 2153/146/1462 2140/38/1462 2135/47/1462
f 2157/150/1463 2160/153/1463 2034/52/1463 2130/54/1463 2125/59/1463
f 2035/212/1464 2171/164/1464 2170/163/1464 2038/213/1464 2159/214/1464 2158/215/1464
f 2160/216/1465 2159/214/1465 2038/213/1465 2039/35/1465 2034/34/1465
f 2035/68/1466 2158/151/1466 2157/150/1466 2125/59/1466 2120/63/1466
f 2037/207/1467 2163/156/1467 2162/155/1467 2168/161/1467 2167/160/1467 2036/217/1467
f 2165/218/1468 2168/219/1468 2162/220/1468 2161/202/1468 2105/85/1468 2100/84/1468
f 2036/217/1469 2167/160/1469 2166/159/1469 2172/165/1469 2171/164/1469 2035/212/1469
f 2169/221/1470 2172/222/1470 2166/223/1470 2165/218/1470 2100/84/1470 2095/93/1470
f 2038/102/1471 2170/224/1471 2169/221/1471 2095/93/1471 2090/97/1471
f 2173/225/1472 2176/226/1472 2040/107/1472 2080/108/1472 2075/112/1472
f 2180/227/1473 2179/228/1473 2174/229/1473 2173/225/1473 2075/112/1473 2070/116/1473
f 2031/131/1474 2177/230/1474 2180/227/1474 2070/116/1474 2067/132/1474
f 2032/211/1475 2178/171/1475 2177/170/1475 2031/131/1475 2030/126/1475
f 2181/231/1476 2184/232/1476 2052/233/1476 2194/187/1476 2193/186/1476 2041/234/1476
f 2114/20/1477 2119/73/1477 2182/175/1477 2181/174/1477 2041/21/1477
f 2042/33/1478 2051/32/1478 2052/233/1478 2184/232/1478 2183/235/1478
f 2119/73/1479 2124/23/1479 2042/26/1479 2183/176/1479 2182/175/1479
f 2185/236/1480 2188/237/1480 2049/238/1480 2050/31/1480 2043/30/1480
f 2129/24/1481 2134/58/1481 2186/179/1481 2185/178/1481 2043/25/1481
f 2044/239/1482 2048/240/1482 2049/238/1482 2188/237/1482 2187/241/1482
f 2134/58/1483 2139/51/1483 2044/242/1483 2187/180/1483 2186/179/1483
f 2189/243/1484 2192/244/1484 2047/245/1484 2048/240/1484 2044/239/1484
f 2139/51/1485 2144/46/1485 2190/183/1485 2189/182/1485 2044/242/1485
f 2045/29/1486 2046/28/1486 2047/245/1486 2192/244/1486 2191/246/1486
f 2144/46/1487 2149/1/1487 2045/4/1487 2191/184/1487 2190/183/1487
f 2109/92/1488 2058/247/1488 2026/248/1488 2196/249/1488 2195/250/1488
f 2041/234/1489 2193/186/1489 2196/189/1489 2026/251/1489 2025/252/1489
f 2104/17/1490 2109/92/1490 2195/250/1490 2194/253/1490 2052/18/1490
f 2057/136/1491 2058/135/1491 2197/190/1491 2200/193/1491 2056/254/1491
f 2108/90/1492 2198/255/1492 2197/256/1492 2058/247/1492 2109/92/1492
f 2056/254/1493 2200/193/1493 2199/192/1493 2059/138/1493 2055/137/1493
f 2107/88/1494 2059/124/1494 2199/257/1494 2198/255/1494 2108/90/1494
f 2066/127/1495 2067/132/1495 2201/194/1495 2204/197/1495 2065/128/1495
f 2067/132/1496 2070/116/1496 2071/117/1496 2202/195/1496 2201/194/1496
f 2065/128/1497 2204/197/1497 2203/196/1497 2068/120/1497 2064/129/1497
f 2203/196/1498 2202/195/1498 2071/117/1498 2072/118/1498 2068/120/1498
f 2208/201/1499 2207/200/1499 2074/5/1499 2046/8/1499 2029/27/1499
f 2063/130/1500 2069/121/1500 2206/199/1500 2205/198/1500 2062/2/1500
f 2062/2/1501 2205/198/1501 2208/201/1501 2029/27/1501 2028/3/1501
f 2069/121/1502 2073/119/1502 2074/5/1502 2207/200/1502 2206/199/1502
f 2333/1/1503 2246/2/1503 2212/3/1503 2229/4/1503
f 2258/5/1504 2263/6/1504 2231/7/1504 2230/8/1504
f 2263/6/1505 2268/9/1505 2232/10/1505 2231/7/1505
f 2268/9/1506 2273/11/1506 2233/12/1506 2232/10/1506
f 2273/11/1507 2278/13/1507 2234/14/1507 2233/12/1507
f 2278/13/1508 2283/15/1508 2235/16/1508 2234/14/1508
f 2283/15/1509 2288/17/1509 2236/18/1509 2235/16/1509
f 2241/19/1510 2298/20/1510 2225/21/1510 2209/22/1510
f 2308/23/1511 2313/24/1511 2227/25/1511 2226/26/1511
f 2212/3/1512 2213/27/1512 2230/28/1512 2229/29/1512
f 2227/30/1513 2234/31/1513 2235/32/1513 2226/33/1513
f 2218/34/1514 2223/35/1514 2224/36/1514 2217/37/1514
f 2324/38/1515 2329/39/1515 2330/40/1515 2325/41/1515
f 2325/41/1516 2330/40/1516 2331/42/1516 2326/43/1516
f 2326/43/1517 2331/42/1517 2332/44/1517 2327/45/1517
f 2327/45/1518 2332/44/1518 2333/1/1518 2328/46/1518
f 2319/47/1519 2324/38/1519 2325/41/1519 2320/48/1519
f 2320/48/1520 2325/41/1520 2326/43/1520 2321/49/1520
f 2321/49/1521 2326/43/1521 2327/45/1521 2322/50/1521
f 2322/50/1522 2327/45/1522 2328/46/1522 2323/51/1522
f 2218/52/1523 2217/53/1523 2319/47/1523 2314/54/1523
f 2314/54/1524 2319/47/1524 2320/48/1524 2315/55/1524
f 2315/55/1525 2320/48/1525 2321/49/1525 2316/56/1525
f 2316/56/1526 2321/49/1526 2322/50/1526 2317/57/1526
f 2317/57/1527 2322/50/1527 2323/51/1527 2318/58/1527
f 2309/59/1528 2314/54/1528 2315/55/1528 2310/60/1528
f 2310/60/1529 2315/55/1529 2316/56/1529 2311/61/1529
f 2311/61/1527 2316/56/1527 2317/57/1527 2312/62/1527
f 2312/62/1530 2317/57/1530 2318/58/1530 2313/24/1530
f 2304/63/1522 2309/59/1522 2310/60/1522 2305/64/1522
f 2305/64/1529 2310/60/1529 2311/61/1529 2306/65/1529
f 2306/65/1527 2311/61/1527 2312/62/1527 2307/66/1527
f 2307/66/1531 2312/62/1531 2313/24/1531 2308/23/1531
f 2220/67/1532 2219/68/1532 2304/63/1532 2299/69/1532
f 2299/69/1533 2304/63/1533 2305/64/1533 2300/70/1533
f 2300/70/1534 2305/64/1534 2306/65/1534 2301/71/1534
f 2301/71/1535 2306/65/1535 2307/66/1535 2302/72/1535
f 2302/72/1536 2307/66/1536 2308/23/1536 2303/73/1536
f 2221/74/1537 2220/67/1537 2299/69/1537 2294/75/1537
f 2294/75/1538 2299/69/1538 2300/70/1538 2295/76/1538
f 2295/76/1539 2300/70/1539 2301/71/1539 2296/77/1539
f 2296/77/1540 2301/71/1540 2302/72/1540 2297/78/1540
f 2297/78/1541 2302/72/1541 2303/73/1541 2298/20/1541
f 2211/79/1542 2221/74/1542 2294/75/1542 2237/80/1542
f 2237/80/1543 2294/75/1543 2295/76/1543 2238/81/1543
f 2238/81/1544 2295/76/1544 2296/77/1544 2239/82/1544
f 2239/82/1545 2296/77/1545 2297/78/1545 2240/83/1545
f 2240/83/1546 2297/78/1546 2298/20/1546 2241/19/1546
f 2284/84/1547 2289/85/1547 2290/86/1547 2285/87/1547
f 2285/87/1548 2290/86/1548 2291/88/1548 2286/89/1548
f 2286/89/1549 2291/88/1549 2292/90/1549 2287/91/1549
f 2287/91/1550 2292/90/1550 2293/92/1550 2288/17/1550
f 2279/93/1551 2284/84/1551 2285/87/1551 2280/94/1551
f 2280/94/1552 2285/87/1552 2286/89/1552 2281/95/1552
f 2281/95/1553 2286/89/1553 2287/91/1553 2282/96/1553
f 2282/96/1554 2287/91/1554 2288/17/1554 2283/15/1554
f 2274/97/1555 2279/93/1555 2280/94/1555 2275/98/1555
f 2275/98/1556 2280/94/1556 2281/95/1556 2276/99/1556
f 2276/99/1557 2281/95/1557 2282/96/1557 2277/100/1557
f 2277/100/1558 2282/96/1558 2283/15/1558 2278/13/1558
f 2223/101/1559 2222/102/1559 2274/97/1559 2269/103/1559
f 2269/103/1560 2274/97/1560 2275/98/1560 2270/104/1560
f 2270/104/1561 2275/98/1561 2276/99/1561 2271/105/1561
f 2271/105/1562 2276/99/1562 2277/100/1562 2272/106/1562
f 2272/106/1558 2277/100/1558 2278/13/1558 2273/11/1558
f 2224/107/1563 2223/101/1563 2269/103/1563 2264/108/1563
f 2264/108/1564 2269/103/1564 2270/104/1564 2265/109/1564
f 2265/109/1565 2270/104/1565 2271/105/1565 2266/110/1565
f 2266/110/1566 2271/105/1566 2272/106/1566 2267/111/1566
f 2267/111/1567 2272/106/1567 2273/11/1567 2268/9/1567
f 2259/112/1568 2264/108/1568 2265/109/1568 2260/113/1568
f 2260/113/1569 2265/109/1569 2266/110/1569 2261/114/1569
f 2261/114/1570 2266/110/1570 2267/111/1570 2262/115/1570
f 2262/115/1571 2267/111/1571 2268/9/1571 2263/6/1571
f 2254/116/1572 2259/112/1572 2260/113/1572 2255/117/1572
f 2255/117/1573 2260/113/1573 2261/114/1573 2256/118/1573
f 2256/118/1574 2261/114/1574 2262/115/1574 2257/119/1574
f 2257/119/1575 2262/115/1575 2263/6/1575 2258/5/1575
f 2252/120/1576 2256/118/1576 2257/119/1576 2253/121/1576
f 2289/85/1577 2245/122/1577 2244/123/1577 2290/86/1577
f 2290/86/1578 2244/123/1578 2243/124/1578 2291/88/1578
f 2216/125/1579 2214/126/1579 2250/127/1579 2329/39/1579
f 2329/39/1580 2250/127/1580 2249/128/1580 2330/40/1580
f 2330/40/1581 2249/128/1581 2248/129/1581 2331/42/1581
f 2331/42/1582 2248/129/1582 2247/130/1582 2332/44/1582
f 2332/44/1583 2247/130/1583 2246/2/1583 2333/1/1583
f 2214/126/1584 2215/131/1584 2251/132/1584 2250/127/1584
f 2248/129/1585 2252/120/1585 2253/121/1585 2247/130/1585
f 2209/133/1586 2210/134/1586 2242/135/1586 2241/136/1586
f 2239/137/1587 2243/138/1587 2244/139/1587 2238/140/1587
f 2238/140/1588 2244/139/1588 2245/141/1588 2237/142/1588
f 2334/143/1589 2335/144/1589 2336/145/1589
f 2337/146/1590 2338/147/1590 2339/148/1590 2340/149/1590
f 2341/150/1591 2342/151/1591 2343/152/1591 2344/153/1591
f 2345/154/1592 2346/155/1592 2347/156/1592 2348/157/1592
f 2349/158/1593 2350/159/1593 2351/160/1593 2352/161/1593
f 2353/162/1594 2354/163/1594 2355/164/1594 2356/165/1594
f 2361/170/1596 2362/171/1596 2363/172/1596 2364/173/1596
f 2369/178/1598 2370/179/1598 2371/180/1598 2372/181/1598
f 2373/182/1599 2374/183/1599 2375/184/1599 2376/185/1599
f 2377/186/1600 2378/187/1600 2379/188/1600 2380/189/1600
f 2381/190/1601 2382/191/1601 2383/192/1601 2384/193/1601
f 2385/194/1602 2386/195/1602 2387/196/1602 2388/197/1602
f 2389/198/1603 2390/199/1603 2391/200/1603 2392/201/1603
f 2345/202/1604 2348/203/1604 2334/204/1604 2336/205/1604 2245/122/1604 2289/85/1604
f 2237/142/1605 2245/141/1605 2336/145/1605 2335/144/1605 2211/206/1605
f 2211/206/1606 2335/144/1606 2334/143/1606 2348/157/1606 2347/156/1606 2221/207/1606
f 2337/146/1607 2340/149/1607 2216/125/1607 2329/39/1607 2324/38/1607
f 2217/37/1608 2224/36/1608 2360/169/1608 2359/168/1608 2339/208/1608 2338/209/1608
f 2340/210/1609 2339/208/1609 2359/168/1609 2358/167/1609 2363/172/1609 2362/171/1609 2216/211/1609
f 2217/53/1610 2338/147/1610 2337/146/1610 2324/38/1610 2319/47/1610
f 2341/150/1611 2344/153/1611 2218/52/1611 2314/54/1611 2309/59/1611
f 2219/212/1612 2355/164/1612 2354/163/1612 2222/213/1612 2343/214/1612 2342/215/1612
f 2344/216/1613 2343/214/1613 2222/213/1613 2223/35/1613 2218/34/1613
f 2219/68/1614 2342/151/1614 2341/150/1614 2309/59/1614 2304/63/1614
f 2221/207/1615 2347/156/1615 2346/155/1615 2352/161/1615 2351/160/1615 2220/217/1615
f 2349/218/1616 2352/219/1616 2346/220/1616 2345/202/1616 2289/85/1616 2284/84/1616
f 2220/217/1617 2351/160/1617 2350/159/1617 2356/165/1617 2355/164/1617 2219/212/1617
f 2353/221/1618 2356/222/1618 2350/223/1618 2349/218/1618 2284/84/1618 2279/93/1618
f 2222/102/1619 2354/224/1619 2353/221/1619 2279/93/1619 2274/97/1619
f 2357/225/1620 2360/226/1620 2224/107/1620 2264/108/1620 2259/112/1620
f 2364/227/1621 2363/228/1621 2358/229/1621 2357/225/1621 2259/112/1621 2254/116/1621
f 2215/131/1622 2361/230/1622 2364/227/1622 2254/116/1622 2251/132/1622
f 2216/211/1623 2362/171/1623 2361/170/1623 2215/131/1623 2214/126/1623
f 2365/231/1624 2368/232/1624 2236/233/1624 2378/187/1624 2377/186/1624 2225/234/1624
f 2298/20/1625 2303/73/1625 2366/175/1625 2365/174/1625 2225/21/1625
f 2226/33/1626 2235/32/1626 2236/233/1626 2368/232/1626 2367/235/1626
f 2303/73/1627 2308/23/1627 2226/26/1627 2367/176/1627 2366/175/1627
f 2369/236/1628 2372/237/1628 2233/238/1628 2234/31/1628 2227/30/1628
f 2313/24/1629 2318/58/1629 2370/179/1629 2369/178/1629 2227/25/1629
f 2228/239/1630 2232/240/1630 2233/238/1630 2372/237/1630 2371/241/1630
f 2318/58/1631 2323/51/1631 2228/242/1631 2371/180/1631 2370/179/1631
f 2373/243/1632 2376/244/1632 2231/245/1632 2232/240/1632 2228/239/1632
f 2323/51/1633 2328/46/1633 2374/183/1633 2373/182/1633 2228/242/1633
f 2229/29/1634 2230/28/1634 2231/245/1634 2376/244/1634 2375/246/1634
f 2328/46/1635 2333/1/1635 2229/4/1635 2375/184/1635 2374/183/1635
f 2293/92/1636 2242/247/1636 2210/248/1636 2380/249/1636 2379/250/1636
f 2225/234/1637 2377/186/1637 2380/189/1637 2210/251/1637 2209/252/1637
f 2288/17/1638 2293/92/1638 2379/250/1638 2378/253/1638 2236/18/1638
f 2241/136/1639 2242/135/1639 2381/190/1639 2384/193/1639 2240/254/1639
f 2292/90/1640 2382/255/1640 2381/256/1640 2242/247/1640 2293/92/1640
f 2240/254/1641 2384/193/1641 2383/192/1641 2243/138/1641 2239/137/1641
f 2291/88/1642 2243/124/1642 2383/257/1642 2382/255/1642 2292/90/1642
f 2250/127/1643 2251/132/1643 2385/194/1643 2388/197/1643 2249/128/1643
f 2251/132/1644 2254/116/1644 2255/117/1644 2386/195/1644 2385/194/1644
f 2249/128/1645 2388/197/1645 2387/196/1645 2252/120/1645 2248/129/1645
f 2387/196/1646 2386/195/1646 2255/117/1646 2256/118/1646 2252/120/1646
f 2392/201/1647 2391/200/1647 2258/5/1647 2230/8/1647 2213/27/1647
f 2247/130/1648 2253/121/1648 2390/199/1648 2389/198/1648 2246/2/1648
f 2246/2/1649 2389/198/1649 2392/201/1649 2213/27/1649 2212/3/1649
f 2253/121/1650 2257/119/1650 2258/5/1650 2391/200/1650 2390/199/1650
f 2517/1/1651 2430/2/1651 2396/3/1651 2413/4/1651
f 2442/5/1652 2447/6/1652 2415/7/1652 2414/8/1652
f 2447/6/1653 2452/9/1653 2416/10/1653 2415/7/1653
f 2452/9/1654 2457/11/1654 2417/12/1654 2416/10/1654
f 2457/11/1655 2462/13/1655 2418/14/1655 2417/12/1655
f 2462/13/1656 2467/15/1656 2419/16/1656 2418/14/1656
f 2467/15/1657 2472/17/1657 2420/18/1657 2419/16/1657
f 2425/19/1658 2482/20/1658 2409/21/1658 2393/22/1658
f 2492/23/1659 2497/24/1659 2411/25/1659 2410/26/1659
f 2396/3/1660 2397/27/1660 2414/28/1660 2413/29/1660
f 2411/30/1661 2418/31/1661 2419/32/1661 2410/33/1661
f 2402/34/1662 2407/35/1662 2408/36/1662 2401/37/1662
f 2508/38/1663 2513/39/1663 2514/40/1663 2509/41/1663
f 2509/41/1664 2514/40/1664 2515/42/1664 2510/43/1664
f 2510/43/1665 2515/42/1665 2516/44/1665 2511/45/1665
f 2511/45/1666 2516/44/1666 2517/1/1666 2512/46/1666
f 2503/47/1667 2508/38/1667 2509/41/1667 2504/48/1667
f 2504/48/1668 2509/41/1668 2510/43/1668 2505/49/1668
f 2505/49/1669 2510/43/1669 2511/45/1669 2506/50/1669
f 2506/50/1670 2511/45/1670 2512/46/1670 2507/51/1670
f 2402/52/1671 2401/53/1671 2503/47/1671 2498/54/1671
f 2498/54/1672 2503/47/1672 2504/48/1672 2499/55/1672
f 2499/55/1673 2504/48/1673 2505/49/1673 2500/56/1673
f 2500/56/1674 2505/49/1674 2506/50/1674 2501/57/1674
f 2501/57/1675 2506/50/1675 2507/51/1675 2502/58/1675
f 2493/59/1676 2498/54/1676 2499/55/1676 2494/60/1676
f 2494/60/1677 2499/55/1677 2500/56/1677 2495/61/1677
f 2495/61/1675 2500/56/1675 2501/57/1675 2496/62/1675
f 2496/62/1678 2501/57/1678 2502/58/1678 2497/24/1678
f 2488/63/1679 2493/59/1679 2494/60/1679 2489/64/1679
f 2489/64/1677 2494/60/1677 2495/61/1677 2490/65/1677
f 2490/65/1675 2495/61/1675 2496/62/1675 2491/66/1675
f 2491/66/1680 2496/62/1680 2497/24/1680 2492/23/1680
f 2404/67/1681 2403/68/1681 2488/63/1681 2483/69/1681
f 2483/69/1682 2488/63/1682 2489/64/1682 2484/70/1682
f 2484/70/1683 2489/64/1683 2490/65/1683 2485/71/1683
f 2485/71/1684 2490/65/1684 2491/66/1684 2486/72/1684
f 2486/72/1685 2491/66/1685 2492/23/1685 2487/73/1685
f 2405/74/1686 2404/67/1686 2483/69/1686 2478/75/1686
f 2478/75/1687 2483/69/1687 2484/70/1687 2479/76/1687
f 2479/76/1688 2484/70/1688 2485/71/1688 2480/77/1688
f 2480/77/1689 2485/71/1689 2486/72/1689 2481/78/1689
f 2481/78/1690 2486/72/1690 2487/73/1690 2482/20/1690
f 2395/79/1691 2405/74/1691 2478/75/1691 2421/80/1691
f 2421/80/1692 2478/75/1692 2479/76/1692 2422/81/1692
f 2422/81/1693 2479/76/1693 2480/77/1693 2423/82/1693
f 2423/82/1694 2480/77/1694 2481/78/1694 2424/83/1694
f 2424/83/1695 2481/78/1695 2482/20/1695 2425/19/1695
f 2468/84/1696 2473/85/1696 2474/86/1696 2469/87/1696
f 2469/87/1697 2474/86/1697 2475/88/1697 2470/89/1697
f 2470/89/1698 2475/88/1698 2476/90/1698 2471/91/1698
f 2471/91/1699 2476/90/1699 2477/92/1699 2472/17/1699
f 2463/93/1700 2468/84/1700 2469/87/1700 2464/94/1700
f 2464/94/1701 2469/87/1701 2470/89/1701 2465/95/1701
f 2465/95/1702 2470/89/1702 2471/91/1702 2466/96/1702
f 2466/96/1703 2471/91/1703 2472/17/1703 2467/15/1703
f 2458/97/1704 2463/93/1704 2464/94/1704 2459/98/1704
f 2459/98/1705 2464/94/1705 2465/95/1705 2460/99/1705
f 2460/99/1706 2465/95/1706 2466/96/1706 2461/100/1706
f 2461/100/1707 2466/96/1707 2467/15/1707 2462/13/1707
f 2407/101/1708 2406/102/1708 2458/97/1708 2453/103/1708
f 2453/103/1709 2458/97/1709 2459/98/1709 2454/104/1709
f 2454/104/1710 2459/98/1710 2460/99/1710 2455/105/1710
f 2455/105/1711 2460/99/1711 2461/100/1711 2456/106/1711
f 2456/106/1707 2461/100/1707 2462/13/1707 2457/11/1707
f 2408/107/1712 2407/101/1712 2453/103/1712 2448/108/1712
f 2448/108/1713 2453/103/1713 2454/104/1713 2449/109/1713
f 2449/109/1714 2454/104/1714 2455/105/1714 2450/110/1714
f 2450/110/1715 2455/105/1715 2456/106/1715 2451/111/1715
f 2451/111/1716 2456/106/1716 2457/11/1716 2452/9/1716
f 2443/112/1717 2448/108/1717 2449/109/1717 2444/113/1717
f 2444/113/1718 2449/109/1718 2450/110/1718 2445/114/1718
f 2445/114/1719 2450/110/1719 2451/111/1719 2446/115/1719
f 2446/115/1720 2451/111/1720 2452/9/1720 2447/6/1720
f 2438/116/1721 2443/112/1721 2444/113/1721 2439/117/1721
f 2439/117/1722 2444/113/1722 2445/114/1722 2440/118/1722
f 2440/118/1723 2445/114/1723 2446/115/1723 2441/119/1723
f 2441/119/1724 2446/115/1724 2447/6/1724 2442/5/1724
f 2436/120/1725 2440/118/1725 2441/119/1725 2437/121/1725
f 2473/85/1726 2429/122/1726 2428/123/1726 2474/86/1726
f 2474/86/1727 2428/123/1727 2427/124/1727 2475/88/1727
f 2400/125/1728 2398/126/1728 2434/127/1728 2513/39/1728
f 2513/39/1729 2434/127/1729 2433/128/1729 2514/40/1729
f 2514/40/1730 2433/128/1730 2432/129/1730 2515/42/1730
f 2515/42/1731 2432/129/1731 2431/130/1731 2516/44/1731
f 2516/44/1732 2431/130/1732 2430/2/1732 2517/1/1732
f 2398/126/1733 2399/131/1733 2435/132/1733 2434/127/1733
f 2432/129/1734 2436/120/1734 2437/121/1734 2431/130/1734
f 2393/133/1735 2394/134/1735 2426/135/1735 2425/136/1735
f 2423/137/1736 2427/138/1736 2428/139/1736 2422/140/1736
f 2422/140/1737 2428/139/1737 2429/141/1737 2421/142/1737
f 2518/143/1738 2519/144/1738 2520/145/1738
f 2521/146/1739 2522/147/1739 2523/148/1739 2524/149/1739
f 2525/150/1740 2526/151/1740 2527/152/1740 2528/153/1740
f 2529/154/1741 2530/155/1741 2531/156/1741 2532/157/1741
f 2533/158/1742 2534/159/1742 2535/160/1742 2536/161/1742
f 2537/162/1743 2538/163/1743 2539/164/1743 2540/165/1743
f 2545/170/1745 2546/171/1745 2547/172/1745 2548/173/1745
f 2553/178/1747 2554/179/1747 2555/180/1747 2556/181/1747
f 2557/182/1748 2558/183/1748 2559/184/1748 2560/185/1748
f 2561/186/1749 2562/187/1749 2563/188/1749 2564/189/1749
f 2565/190/1750 2566/191/1750 2567/192/1750 2568/193/1750
f 2569/194/1751 2570/195/1751 2571/196/1751 2572/197/1751
f 2573/198/1752 2574/199/1752 2575/200/1752 2576/201/1752
f 2529/202/1753 2532/203/1753 2518/204/1753 2520/205/1753 2429/122/1753 2473/85/1753
f 2421/142/1754 2429/141/1754 2520/145/1754 2519/144/1754 2395/206/1754
f 2395/206/1755 2519/144/1755 2518/143/1755 2532/157/1755 2531/156/1755 2405/207/1755
f 2521/146/1756 2524/149/1756 2400/125/1756 2513/39/1756 2508/38/1756
f 2401/37/1757 2408/36/1757 2544/169/1757 2543/168/1757 2523/208/1757 2522/209/1757
f 2524/210/1758 2523/208/1758 2543/168/1758 2542/167/1758 2547/172/1758 2546/171/1758 2400/211/1758
f 2401/53/1759 2522/147/1759 2521/146/1759 2508/38/1759 2503/47/1759
f 2525/150/1760 2528/153/1760 2402/52/1760 2498/54/1760 2493/59/1760
f 2403/212/1761 2539/164/1761 2538/163/1761 2406/213/1761 2527/214/1761 2526/215/1761
f 2528/216/1762 2527/214/1762 2406/213/1762 2407/35/1762 2402/34/1762
f 2403/68/1763 2526/151/1763 2525/150/1763 2493/59/1763 2488/63/1763
f 2405/207/1764 2531/156/1764 2530/155/1764 2536/161/1764 2535/160/1764 2404/217/1764
f 2533/218/1765 2536/219/1765 2530/220/1765 2529/202/1765 2473/85/1765 2468/84/1765
f 2404/217/1766 2535/160/1766 2534/159/1766 2540/165/1766 2539/164/1766 2403/212/1766
f 2537/221/1767 2540/222/1767 2534/223/1767 2533/218/1767 2468/84/1767 2463/93/1767
f 2406/102/1768 2538/224/1768 2537/221/1768 2463/93/1768 2458/97/1768
f 2541/225/1769 2544/226/1769 2408/107/1769 2448/108/1769 2443/112/1769
f 2548/227/1770 2547/228/1770 2542/229/1770 2541/225/1770 2443/112/1770 2438/116/1770
f 2399/131/1771 2545/230/1771 2548/227/1771 2438/116/1771 2435/132/1771
f 2400/211/1772 2546/171/1772 2545/170/1772 2399/131/1772 2398/126/1772
f 2549/231/1773 2552/232/1773 2420/233/1773 2562/187/1773 2561/186/1773 2409/234/1773
f 2482/20/1774 2487/73/1774 2550/175/1774 2549/174/1774 2409/21/1774
f 2410/33/1775 2419/32/1775 2420/233/1775 2552/232/1775 2551/235/1775
f 2487/73/1776 2492/23/1776 2410/26/1776 2551/176/1776 2550/175/1776
f 2553/236/1777 2556/237/1777 2417/238/1777 2418/31/1777 2411/30/1777
f 2497/24/1778 2502/58/1778 2554/179/1778 2553/178/1778 2411/25/1778
f 2412/239/1779 2416/240/1779 2417/238/1779 2556/237/1779 2555/241/1779
f 2502/58/1780 2507/51/1780 2412/242/1780 2555/180/1780 2554/179/1780
f 2557/243/1781 2560/244/1781 2415/245/1781 2416/240/1781 2412/239/1781
f 2507/51/1782 2512/46/1782 2558/183/1782 2557/182/1782 2412/242/1782
f 2413/29/1783 2414/28/1783 2415/245/1783 2560/244/1783 2559/246/1783
f 2512/46/1784 2517/1/1784 2413/4/1784 2559/184/1784 2558/183/1784
f 2477/92/1785 2426/247/1785 2394/248/1785 2564/249/1785 2563/250/1785
f 2409/234/1786 2561/186/1786 2564/189/1786 2394/251/1786 2393/252/1786
f 2472/17/1787 2477/92/1787 2563/250/1787 2562/253/1787 2420/18/1787
f 2425/136/1788 2426/135/1788 2565/190/1788 2568/193/1788 2424/254/1788
f 2476/90/1789 2566/255/1789 2565/256/1789 2426/247/1789 2477/92/1789
f 2424/254/1790 2568/193/1790 2567/192/1790 2427/138/1790 2423/137/1790
f 2475/88/1791 2427/124/1791 2567/257/1791 2566/255/1791 2476/90/1791
f 2434/127/1792 2435/132/1792 2569/194/1792 2572/197/1792 2433/128/1792
f 2435/132/1793 2438/116/1793 2439/117/1793 2570/195/1793 2569/194/1793
f 2433/128/1794 2572/197/1794 2571/196/1794 2436/120/1794 2432/129/1794
f 2571/196/1795 2570/195/1795 2439/117/1795 2440/118/1795 2436/120/1795
f 2576/201/1796 2575/200/1796 2442/5/1796 2414/8/1796 2397/27/1796
f 2431/130/1797 2437/121/1797 2574/199/1797 2573/198/1797 2430/2/1797
f 2430/2/1798 2573/198/1798 2576/201/1798 2397/27/1798 2396/3/1798
f 2437/121/1799 2441/119/1799 2442/5/1799 2575/200/1799 2574/199/1799
f 2701/1/1800 2614/2/1800 2580/3/1800 2597/4/1800
f 2626/5/1801 2631/6/1801 2599/7/1801 2598/8/1801
f 2631/6/1802 2636/9/1802 2600/10/1802 2599/7/1802
f 2636/9/1803 2641/11/1803 2601/12/1803 2600/10/1803
f 2641/11/1804 2646/13/1804 2602/14/1804 2601/12/1804
f 2646/13/1805 2651/15/1805 2603/16/1805 2602/14/1805
f 2651/15/1806 2656/17/1806 2604/18/1806 2603/16/1806
f 2609/19/1807 2666/20/1807 2593/21/1807 2577/22/1807
f 2676/23/1808 2681/24/1808 2595/25/1808 2594/26/1808
f 2580/3/1809 2581/27/1809 2598/28/1809 2597/29/1809
f 2595/30/1810 2602/31/1810 2603/32/1810 2594/33/1810
f 2586/34/1811 2591/35/1811 2592/36/1811 2585/37/1811
f 2692/38/1812 2697/39/1812 2698/40/1812 2693/41/1812
f 2693/41/1813 2698/40/1813 2699/42/1813 2694/43/1813
f 2694/43/1814 2699/42/1814 2700/44/1814 2695/45/1814
f 2695/45/1815 2700/44/1815 2701/1/1815 2696/46/1815
f 2687/47/1816 2692/38/1816 2693/41/1816 2688/48/1816
f 2688/48/1817 2693/41/1817 2694/43/1817 2689/49/1817
f 2689/49/1818 2694/43/1818 2695/45/1818 2690/50/1818
f 2690/50/1819 2695/45/1819 2696/46/1819 2691/51/1819
f 2586/52/1820 2585/53/1820 2687/47/1820 2682/54/1820
f 2682/54/1821 2687/47/1821 2688/48/1821 2683/55/1821
f 2683/55/1822 2688/48/1822 2689/49/1822 2684/56/1822
f 2684/56/1823 2689/49/1823 2690/50/1823 2685/57/1823
f 2685/57/1675 2690/50/1675 2691/51/1675 2686/58/1675
f 2677/59/1824 2682/54/1824 2683/55/1824 2678/60/1824
f 2678/60/1675 2683/55/1675 2684/56/1675 2679/61/1675
f 2679/61/1677 2684/56/1677 2685/57/1677 2680/62/1677
f 2680/62/1825 2685/57/1825 2686/58/1825 2681/24/1825
f 2672/63/1826 2677/59/1826 2678/60/1826 2673/64/1826
f 2673/64/1675 2678/60/1675 2679/61/1675 2674/65/1675
f 2674/65/1677 2679/61/1677 2680/62/1677 2675/66/1677
f 2675/66/1827 2680/62/1827 2681/24/1827 2676/23/1827
f 2588/67/1828 2587/68/1828 2672/63/1828 2667/69/1828
f 2667/69/1829 2672/63/1829 2673/64/1829 2668/70/1829
f 2668/70/1830 2673/64/1830 2674/65/1830 2669/71/1830
f 2669/71/1831 2674/65/1831 2675/66/1831 2670/72/1831
f 2670/72/1832 2675/66/1832 2676/23/1832 2671/73/1832
f 2589/74/1833 2588/67/1833 2667/69/1833 2662/75/1833
f 2662/75/1834 2667/69/1834 2668/70/1834 2663/76/1834
f 2663/76/1835 2668/70/1835 2669/71/1835 2664/77/1835
f 2664/77/1836 2669/71/1836 2670/72/1836 2665/78/1836
f 2665/78/1837 2670/72/1837 2671/73/1837 2666/20/1837
f 2579/79/1838 2589/74/1838 2662/75/1838 2605/80/1838
f 2605/80/1839 2662/75/1839 2663/76/1839 2606/81/1839
f 2606/81/1840 2663/76/1840 2664/77/1840 2607/82/1840
f 2607/82/1841 2664/77/1841 2665/78/1841 2608/83/1841
f 2608/83/1842 2665/78/1842 2666/20/1842 2609/19/1842
f 2652/84/1843 2657/85/1843 2658/86/1843 2653/87/1843
f 2653/87/1844 2658/86/1844 2659/88/1844 2654/89/1844
f 2654/89/1845 2659/88/1845 2660/90/1845 2655/91/1845
f 2655/91/1846 2660/90/1846 2661/92/1846 2656/17/1846
f 2647/93/1847 2652/84/1847 2653/87/1847 2648/94/1847
f 2648/94/1848 2653/87/1848 2654/89/1848 2649/95/1848
f 2649/95/1849 2654/89/1849 2655/91/1849 2650/96/1849
f 2650/96/1850 2655/91/1850 2656/17/1850 2651/15/1850
f 2642/97/1851 2647/93/1851 2648/94/1851 2643/98/1851
f 2643/98/1852 2648/94/1852 2649/95/1852 2644/99/1852
f 2644/99/1853 2649/95/1853 2650/96/1853 2645/100/1853
f 2645/100/1707 2650/96/1707 2651/15/1707 2646/13/1707
f 2591/101/1854 2590/102/1854 2642/97/1854 2637/103/1854
f 2637/103/1855 2642/97/1855 2643/98/1855 2638/104/1855
f 2638/104/1856 2643/98/1856 2644/99/1856 2639/105/1856
f 2639/105/1857 2644/99/1857 2645/100/1857 2640/106/1857
f 2640/106/1707 2645/100/1707 2646/13/1707 2641/11/1707
f 2592/107/1858 2591/101/1858 2637/103/1858 2632/108/1858
f 2632/108/1859 2637/103/1859 2638/104/1859 2633/109/1859
f 2633/109/1860 2638/104/1860 2639/105/1860 2634/110/1860
f 2634/110/1861 2639/105/1861 2640/106/1861 2635/111/1861
f 2635/111/1862 2640/106/1862 2641/11/1862 2636/9/1862
f 2627/112/1863 2632/108/1863 2633/109/1863 2628/113/1863
f 2628/113/1864 2633/109/1864 2634/110/1864 2629/114/1864
f 2629/114/1865 2634/110/1865 2635/111/1865 2630/115/1865
f 2630/115/1866 2635/111/1866 2636/9/1866 2631/6/1866
f 2622/116/1867 2627/112/1867 2628/113/1867 2623/117/1867
f 2623/117/1868 2628/113/1868 2629/114/1868 2624/118/1868
f 2624/118/1869 2629/114/1869 2630/115/1869 2625/119/1869
f 2625/119/1870 2630/115/1870 2631/6/1870 2626/5/1870
f 2620/120/1871 2624/118/1871 2625/119/1871 2621/121/1871
f 2657/85/1872 2613/122/1872 2612/123/1872 2658/86/1872
f 2658/86/1873 2612/123/1873 2611/124/1873 2659/88/1873
f 2584/125/1874 2582/126/1874 2618/127/1874 2697/39/1874
f 2697/39/1875 2618/127/1875 2617/128/1875 2698/40/1875
f 2698/40/1876 2617/128/1876 2616/129/1876 2699/42/1876
f 2699/42/1877 2616/129/1877 2615/130/1877 2700/44/1877
f 2700/44/1878 2615/130/1878 2614/2/1878 2701/1/1878
f 2582/126/1879 2583/131/1879 2619/132/1879 2618/127/1879
f 2616/129/1880 2620/120/1880 2621/121/1880 2615/130/1880
f 2577/133/1881 2578/134/1881 2610/135/1881 2609/136/1881
f 2607/137/1882 2611/138/1882 2612/139/1882 2606/140/1882
f 2606/140/1883 2612/139/1883 2613/141/1883 2605/142/1883
f 2702/143/1884 2703/144/1884 2704/145/1884
f 2705/146/1885 2706/147/1885 2707/148/1885 2708/149/1885
f 2709/150/1886 2710/151/1886 2711/152/1886 2712/153/1886
f 2713/154/1887 2714/155/1887 2715/156/1887 2716/157/1887
f 2717/158/1888 2718/159/1888 2719/160/1888 2720/161/1888
f 2721/162/1889 2722/163/1889 2723/164/1889 2724/165/1889
f 2729/170/1891 2730/171/1891 2731/172/1891 2732/173/1891
f 2737/178/1893 2738/179/1893 2739/180/1893 2740/181/1893
f 2741/182/1894 2742/183/1894 2743/184/1894 2744/185/1894
f 2745/186/1895 2746/187/1895 2747/188/1895 2748/189/1895
f 2749/190/1896 2750/191/1896 2751/192/1896 2752/193/1896
f 2753/194/1897 2754/195/1897 2755/196/1897 2756/197/1897
f 2757/198/1898 2758/199/1898 2759/200/1898 2760/201/1898
f 2713/202/1899 2716/203/1899 2702/204/1899 2704/205/1899 2613/122/1899 2657/85/1899
f 2605/142/1900 2613/141/1900 2704/145/1900 2703/144/1900 2579/206/1900
f 2579/206/1901 2703/144/1901 2702/143/1901 2716/157/1901 2715/156/1901 2589/207/1901
f 2705/146/1902 2708/149/1902 2584/125/1902 2697/39/1902 2692/38/1902
f 2585/37/1903 2592/36/1903 2728/169/1903 2727/168/1903 2707/208/1903 2706/209/1903
f 2708/210/1904 2707/208/1904 2727/168/1904 2726/167/1904 2731/172/1904 2730/171/1904 2584/211/1904
f 2585/53/1905 2706/147/1905 2705/146/1905 2692/38/1905 2687/47/1905
f 2709/150/1906 2712/153/1906 2586/52/1906 2682/54/1906 2677/59/1906
f 2587/212/1907 2723/164/1907 2722/163/1907 2590/213/1907 2711/214/1907 2710/215/1907
f 2712/216/1908 2711/214/1908 2590/213/1908 2591/35/1908 2586/34/1908
f 2587/68/1909 2710/151/1909 2709/150/1909 2677/59/1909 2672/63/1909
f 2589/207/1910 2715/156/1910 2714/155/1910 2720/161/1910 2719/160/1910 2588/217/1910
f 2717/218/1911 2720/219/1911 2714/220/1911 2713/202/1911 2657/85/1911 2652/84/1911
f 2588/217/1912 2719/160/1912 2718/159/1912 2724/165/1912 2723/164/1912 2587/212/1912
f 2721/221/1913 2724/222/1913 2718/223/1913 2717/218/1913 2652/84/1913 2647/93/1913
f 2590/102/1914 2722/224/1914 2721/221/1914 2647/93/1914 2642/97/1914
f 2725/225/1915 2728/226/1915 2592/107/1915 2632/108/1915 2627/112/1915
f 2732/227/1916 2731/228/1916 2726/229/1916 2725/225/1916 2627/112/1916 2622/116/1916
f 2583/131/1917 2729/230/1917 2732/227/1917 2622/116/1917 2619/132/1917
f 2584/211/1918 2730/171/1918 2729/170/1918 2583/131/1918 2582/126/1918
f 2733/231/1919 2736/232/1919 2604/233/1919 2746/187/1919 2745/186/1919 2593/234/1919
f 2666/20/1920 2671/73/1920 2734/175/1920 2733/174/1920 2593/21/1920
f 2594/33/1921 2603/32/1921 2604/233/1921 2736/232/1921 2735/235/1921
f 2671/73/1922 2676/23/1922 2594/26/1922 2735/176/1922 2734/175/1922
f 2737/236/1923 2740/237/1923 2601/238/1923 2602/31/1923 2595/30/1923
f 2681/24/1924 2686/58/1924 2738/179/1924 2737/178/1924 2595/25/1924
f 2596/239/1925 2600/240/1925 2601/238/1925 2740/237/1925 2739/241/1925
f 2686/58/1926 2691/51/1926 2596/242/1926 2739/180/1926 2738/179/1926
f 2741/243/1927 2744/244/1927 2599/245/1927 2600/240/1927 2596/239/1927
f 2691/51/1928 2696/46/1928 2742/183/1928 2741/182/1928 2596/242/1928
f 2597/29/1929 2598/28/1929 2599/245/1929 2744/244/1929 2743/246/1929
f 2696/46/1930 2701/1/1930 2597/4/1930 2743/184/1930 2742/183/1930
f 2661/92/1931 2610/247/1931 2578/248/1931 2748/249/1931 2747/250/1931
f 2593/234/1932 2745/186/1932 2748/189/1932 2578/251/1932 2577/252/1932
f 2656/17/1933 2661/92/1933 2747/250/1933 2746/253/1933 2604/18/1933
f 2609/136/1934 2610/135/1934 2749/190/1934 2752/193/1934 2608/254/1934
f 2660/90/1935 2750/255/1935 2749/256/1935 2610/247/1935 2661/92/1935
f 2608/254/1936 2752/193/1936 2751/192/1936 2611/138/1936 2607/137/1936
f 2659/88/1937 2611/124/1937 2751/257/1937 2750/255/1937 2660/90/1937
f 2618/127/1938 2619/132/1938 2753/194/1938 2756/197/1938 2617/128/1938
f 2619/132/1939 2622/116/1939 2623/117/1939 2754/195/1939 2753/194/1939
f 2617/128/1940 2756/197/1940 2755/196/1940 2620/120/1940 2616/129/1940
f 2755/196/1941 2754/195/1941 2623/117/1941 2624/118/1941 2620/120/1941
f 2760/201/1942 2759/200/1942 2626/5/1942 2598/8/1942 2581/27/1942
f 2615/130/1943 2621/121/1943 2758/199/1943 2757/198/1943 2614/2/1943
f 2614/2/1944 2757/198/1944 2760/201/1944 2581/27/1944 2580/3/1944
f 2621/121/1945 2625/119/1945 2626/5/1945 2759/200/1945 2758/199/1945
f 2885/1/1946 2798/2/1946 2764/3/1946 2781/4/1946
f 2810/5/1947 2815/6/1947 2783/7/1947 2782/8/1947
f 2815/6/1948 2820/9/1948 2784/10/1948 2783/7/1948
f 2820/9/1949 2825/11/1949 2785/12/1949 2784/10/1949
f 2825/11/1950 2830/13/1950 2786/14/1950 2785/12/1950
f 2830/13/1951 2835/15/1951 2787/16/1951 2786/14/1951
f 2835/15/1952 2840/17/1952 2788/18/1952 2787/16/1952
f 2793/19/1953 2850/20/1953 2777/21/1953 2761/22/1953
f 2860/23/1954 2865/24/1954 2779/25/1954 2778/26/1954
f 2764/3/1955 2765/27/1955 2782/28/1955 2781/29/1955
f 2779/30/1956 2786/31/1956 2787/32/1956 2778/33/1956
f 2770/34/1957 2775/35/1957 2776/36/1957 2769/37/1957
f 2876/38/1958 2881/39/1958 2882/40/1958 2877/41/1958
f 2877/41/1959 2882/40/1959 2883/42/1959 2878/43/1959
f 2878/43/1960 2883/42/1960 2884/44/1960 2879/45/1960
f 2879/45/1961 2884/44/1961 2885/1/1961 2880/46/1961
f 2871/47/1962 2876/38/1962 2877/41/1962 2872/48/1962
f 2872/48/1963 2877/41/1963 2878/43/1963 2873/49/1963
f 2873/49/1964 2878/43/1964 2879/45/1964 2874/50/1964
f 2874/50/1965 2879/45/1965 2880/46/1965 2875/51/1965
f 2770/52/1966 2769/53/1966 2871/47/1966 2866/54/1966
f 2866/54/1967 2871/47/1967 2872/48/1967 2867/55/1967
f 2867/55/1968 2872/48/1968 2873/49/1968 2868/56/1968
f 2868/56/1969 2873/49/1969 2874/50/1969 2869/57/1969
f 2869/57/1970 2874/50/1970 2875/51/1970 2870/58/1970
f 2861/59/1971 2866/54/1971 2867/55/1971 2862/60/1971
f 2862/60/1972 2867/55/1972 2868/56/1972 2863/61/1972
f 2863/61/1973 2868/56/1973 2869/57/1973 2864/62/1973
f 2864/62/1974 2869/57/1974 2870/58/1974 2865/24/1974
f 2856/63/1965 2861/59/1965 2862/60/1965 2857/64/1965
f 2857/64/1970 2862/60/1970 2863/61/1970 2858/65/1970
f 2858/65/1975 2863/61/1975 2864/62/1975 2859/66/1975
f 2859/66/1976 2864/62/1976 2865/24/1976 2860/23/1976
f 2772/67/1977 2771/68/1977 2856/63/1977 2851/69/1977
f 2851/69/1978 2856/63/1978 2857/64/1978 2852/70/1978
f 2852/70/1979 2857/64/1979 2858/65/1979 2853/71/1979
f 2853/71/1980 2858/65/1980 2859/66/1980 2854/72/1980
f 2854/72/1981 2859/66/1981 2860/23/1981 2855/73/1981
f 2773/74/1982 2772/67/1982 2851/69/1982 2846/75/1982
f 2846/75/1983 2851/69/1983 2852/70/1983 2847/76/1983
f 2847/76/1984 2852/70/1984 2853/71/1984 2848/77/1984
f 2848/77/1985 2853/71/1985 2854/72/1985 2849/78/1985
f 2849/78/1986 2854/72/1986 2855/73/1986 2850/20/1986
f 2763/79/1987 2773/74/1987 2846/75/1987 2789/80/1987
f 2789/80/1988 2846/75/1988 2847/76/1988 2790/81/1988
f 2790/81/1989 2847/76/1989 2848/77/1989 2791/82/1989
f 2791/82/1990 2848/77/1990 2849/78/1990 2792/83/1990
f 2792/83/1991 2849/78/1991 2850/20/1991 2793/19/1991
f 2836/84/1992 2841/85/1992 2842/86/1992 2837/87/1992
f 2837/87/1993 2842/86/1993 2843/88/1993 2838/89/1993
f 2838/89/1994 2843/88/1994 2844/90/1994 2839/91/1994
f 2839/91/1995 2844/90/1995 2845/92/1995 2840/17/1995
f 2831/93/1996 2836/84/1996 2837/87/1996 2832/94/1996
f 2832/94/1997 2837/87/1997 2838/89/1997 2833/95/1997
f 2833/95/1998 2838/89/1998 2839/91/1998 2834/96/1998
f 2834/96/1999 2839/91/1999 2840/17/1999 2835/15/1999
f 2826/97/2000 2831/93/2000 2832/94/2000 2827/98/2000
f 2827/98/2001 2832/94/2001 2833/95/2001 2828/99/2001
f 2828/99/2002 2833/95/2002 2834/96/2002 2829/100/2002
f 2829/100/2003 2834/96/2003 2835/15/2003 2830/13/2003
f 2775/101/2004 2774/102/2004 2826/97/2004 2821/103/2004
f 2821/103/2005 2826/97/2005 2827/98/2005 2822/104/2005
f 2822/104/2006 2827/98/2006 2828/99/2006 2823/105/2006
f 2823/105/2007 2828/99/2007 2829/100/2007 2824/106/2007
f 2824/106/2003 2829/100/2003 2830/13/2003 2825/11/2003
f 2776/107/2008 2775/101/2008 2821/103/2008 2816/108/2008
f 2816/108/2009 2821/103/2009 2822/104/2009 2817/109/2009
f 2817/109/2010 2822/104/2010 2823/105/2010 2818/110/2010
f 2818/110/2011 2823/105/2011 2824/106/2011 2819/111/2011
f 2819/111/2012 2824/106/2012 2825/11/2012 2820/9/2012
f 2811/112/2013 2816/108/2013 2817/109/2013 2812/113/2013
f 2812/113/2014 2817/109/2014 2818/110/2014 2813/114/2014
f 2813/114/2015 2818/110/2015 2819/111/2015 2814/115/2015
f 2814/115/2016 2819/111/2016 2820/9/2016 2815/6/2016
f 2806/116/2017 2811/112/2017 2812/113/2017 2807/117/2017
f 2807/117/2018 2812/113/2018 2813/114/2018 2808/118/2018
f 2808/118/2019 2813/114/2019 2814/115/2019 2809/119/2019
f 2809/119/2020 2814/115/2020 2815/6/2020 2810/5/2020
f 2804/120/2021 2808/118/2021 2809/119/2021 2805/121/2021
f 2841/85/2022 2797/122/2022 2796/123/2022 2842/86/2022
f 2842/86/2023 2796/123/2023 2795/124/2023 2843/88/2023
f 2768/125/2024 2766/126/2024 2802/127/2024 2881/39/2024
f 2881/39/2025 2802/127/2025 2801/128/2025 2882/40/2025
f 2882/40/2026 2801/128/2026 2800/129/2026 2883/42/2026
f 2883/42/2027 2800/129/2027 2799/130/2027 2884/44/2027
f 2884/44/2028 2799/130/2028 2798/2/2028 2885/1/2028
f 2766/126/2029 2767/131/2029 2803/132/2029 2802/127/2029
f 2800/129/2030 2804/120/2030 2805/121/2030 2799/130/2030
f 2761/133/2031 2762/134/2031 2794/135/2031 2793/136/2031
f 2791/137/2032 2795/138/2032 2796/139/2032 2790/140/2032
f 2790/140/2033 2796/139/2033 2797/141/2033 2789/142/2033
f 2886/143/2034 2887/144/2034 2888/145/2034
f 2889/146/2035 2890/147/2035 2891/148/2035 2892/149/2035
f 2893/150/2036 2894/151/2036 2895/152/2036 2896/153/2036
f 2897/154/2037 2898/155/2037 2899/156/2037 2900/157/2037
f 2901/158/2038 2902/159/2038 2903/160/2038 2904/161/2038
f 2905/162/2039 2906/163/2039 2907/164/2039 2908/165/2039
f 2913/170/2041 2914/171/2041 2915/172/2041 2916/173/2041
f 2921/178/2043 2922/179/2043 2923/180/2043 2924/181/2043
f 2925/182/2044 2926/183/2044 2927/184/2044 2928/185/2044
f 2929/186/2045 2930/187/2045 2931/188/2045 2932/189/2045
f 2933/190/2046 2934/191/2046 2935/192/2046 2936/193/2046
f 2937/194/2047 2938/195/2047 2939/196/2047 2940/197/2047
f 2941/198/2048 2942/199/2048 2943/200/2048 2944/201/2048
f 2897/202/2049 2900/203/2049 2886/204/2049 2888/205/2049 2797/122/2049 2841/85/2049
f 2789/142/2050 2797/141/2050 2888/145/2050 2887/144/2050 2763/206/2050
f 2763/206/2051 2887/144/2051 2886/143/2051 2900/157/2051 2899/156/2051 2773/207/2051
f 2889/146/2052 2892/149/2052 2768/125/2052 2881/39/2052 2876/38/2052
f 2769/37/2053 2776/36/2053 2912/169/2053 2911/168/2053 2891/208/2053 2890/209/2053
f 2892/210/2054 2891/208/2054 2911/168/2054 2910/167/2054 2915/172/2054 2914/171/2054 2768/211/2054
f 2769/53/2055 2890/147/2055 2889/146/2055 2876/38/2055 2871/47/2055
f 2893/150/2056 2896/153/2056 2770/52/2056 2866/54/2056 2861/59/2056
f 2771/212/2057 2907/164/2057 2906/163/2057 2774/213/2057 2895/214/2057 2894/215/2057
f 2896/216/2058 2895/214/2058 2774/213/2058 2775/35/2058 2770/34/2058
f 2771/68/2059 2894/151/2059 2893/150/2059 2861/59/2059 2856/63/2059
f 2773/207/2060 2899/156/2060 2898/155/2060 2904/161/2060 2903/160/2060 2772/217/2060
f 2901/218/2061 2904/219/2061 2898/220/2061 2897/202/2061 2841/85/2061 2836/84/2061
f 2772/217/2062 2903/160/2062 2902/159/2062 2908/165/2062 2907/164/2062 2771/212/2062
f 2905/221/2063 2908/222/2063 2902/223/2063 2901/218/2063 2836/84/2063 2831/93/2063
f 2774/102/2064 2906/224/2064 2905/221/2064 2831/93/2064 2826/97/2064
f 2909/225/2065 2912/226/2065 2776/107/2065 2816/108/2065 2811/112/2065
f 2916/227/2066 2915/228/2066 2910/229/2066 2909/225/2066 2811/112/2066 2806/116/2066
f 2767/131/2067 2913/230/2067 2916/227/2067 2806/116/2067 2803/132/2067
f 2768/211/2068 2914/171/2068 2913/170/2068 2767/131/2068 2766/126/2068
f 2917/231/2069 2920/232/2069 2788/233/2069 2930/187/2069 2929/186/2069 2777/234/2069
f 2850/20/2070 2855/73/2070 2918/175/2070 2917/174/2070 2777/21/2070
f 2778/33/2071 2787/32/2071 2788/233/2071 2920/232/2071 2919/235/2071
f 2855/73/2072 2860/23/2072 2778/26/2072 2919/176/2072 2918/175/2072
f 2921/236/2073 2924/237/2073 2785/238/2073 2786/31/2073 2779/30/2073
f 2865/24/2074 2870/58/2074 2922/179/2074 2921/178/2074 2779/25/2074
f 2780/239/2075 2784/240/2075 2785/238/2075 2924/237/2075 2923/241/2075
f 2870/58/2076 2875/51/2076 2780/242/2076 2923/180/2076 2922/179/2076
f 2925/243/2077 2928/244/2077 2783/245/2077 2784/240/2077 2780/239/2077
f 2875/51/2078 2880/46/2078 2926/183/2078 2925/182/2078 2780/242/2078
f 2781/29/2079 2782/28/2079 2783/245/2079 2928/244/2079 2927/246/2079
f 2880/46/2080 2885/1/2080 2781/4/2080 2927/184/2080 2926/183/2080
f 2845/92/2081 2794/247/2081 2762/248/2081 2932/249/2081 2931/250/2081
f 2777/234/2082 2929/186/2082 2932/189/2082 2762/251/2082 2761/252/2082
f 2840/17/2083 2845/92/2083 2931/250/2083 2930/253/2083 2788/18/2083
f 2793/136/2084 2794/135/2084 2933/190/2084 2936/193/2084 2792/254/2084
f 2844/90/2085 2934/255/2085 2933/256/2085 2794/247/2085 2845/92/2085
f 2792/254/2086 2936/193/2086 2935/192/2086 2795/138/2086 2791/137/2086
f 2843/88/2087 2795/124/2087 2935/257/2087 2934/255/2087 2844/90/2087
f 2802/127/2088 2803/132/2088 2937/194/2088 2940/197/2088 2801/128/2088
f 2803/132/2089 2806/116/2089 2807/117/2089 2938/195/2089 2937/194/2089
f 2801/128/2090 2940/197/2090 2939/196/2090 2804/120/2090 2800/129/2090
f 2939/196/2091 2938/195/2091 2807/117/2091 2808/118/2091 2804/120/2091
f 2944/201/2092 2943/200/2092 2810/5/2092 2782/8/2092 2765/27/2092
f 2799/130/2093 2805/121/2093 2942/199/2093 2941/198/2093 2798/2/2093
f 2798/2/2094 2941/198/2094 2944/201/2094 2765/27/2094 2764/3/2094
f 2805/121/2095 2809/119/2095 2810/5/2095 2943/200/2095 2942/199/2095
f 3069/1/2096 2982/2/2096 2948/3/2096 2965/4/2096
f 2994/5/2097 2999/6/2097 2967/7/2097 2966/8/2097
f 2999/6/2098 3004/9/2098 2968/10/2098 2967/7/2098
f 3004/9/2099 3009/11/2099 2969/12/2099 2968/10/2099
f 3009/11/2100 3014/13/2100 2970/14/2100 2969/12/2100
f 3014/13/2101 3019/15/2101 2971/16/2101 2970/14/2101
f 3019/15/2102 3024/17/2102 2972/18/2102 2971/16/2102
f 2977/19/2103 3034/20/2103 2961/21/2103 2945/22/2103
f 3044/23/2104 3049/24/2104 2963/25/2104 2962/26/2104
f 2948/3/2105 2949/27/2105 2966/28/2105 2965/29/2105
f 2963/30/2106 2970/31/2106 2971/32/2106 2962/33/2106
f 2954/34/2107 2959/35/2107 2960/36/2107 2953/37/2107
f 3060/38/2108 3065/39/2108 3066/40/2108 3061/41/2108
f 3061/41/2109 3066/40/2109 3067/42/2109 3062/43/2109
f 3062/43/2110 3067/42/2110 3068/44/2110 3063/45/2110
f 3063/45/2111 3068/44/2111 3069/1/2111 3064/46/2111
f 3055/47/2112 3060/38/2112 3061/41/2112 3056/48/2112
f 3056/48/2113 3061/41/2113 3062/43/2113 3057/49/2113
f 3057/49/2114 3062/43/2114 3063/45/2114 3058/50/2114
f 3058/50/2115 3063/45/2115 3064/46/2115 3059/51/2115
f 2954/52/2116 2953/53/2116 3055/47/2116 3050/54/2116
f 3050/54/2117 3055/47/2117 3056/48/2117 3051/55/2117
f 3051/55/2118 3056/48/2118 3057/49/2118 3052/56/2118
f 3052/56/2119 3057/49/2119 3058/50/2119 3053/57/2119
f 3053/57/2120 3058/50/2120 3059/51/2120 3054/58/2120
f 3045/59/2121 3050/54/2121 3051/55/2121 3046/60/2121
f 3046/60/2122 3051/55/2122 3052/56/2122 3047/61/2122
f 3047/61/2120 3052/56/2120 3053/57/2120 3048/62/2120
f 3048/62/2123 3053/57/2123 3054/58/2123 3049/24/2123
f 3040/63/2124 3045/59/2124 3046/60/2124 3041/64/2124
f 3041/64/2122 3046/60/2122 3047/61/2122 3042/65/2122
f 3042/65/2120 3047/61/2120 3048/62/2120 3043/66/2120
f 3043/66/2125 3048/62/2125 3049/24/2125 3044/23/2125
f 2956/67/2126 2955/68/2126 3040/63/2126 3035/69/2126
f 3035/69/2127 3040/63/2127 3041/64/2127 3036/70/2127
f 3036/70/2128 3041/64/2128 3042/65/2128 3037/71/2128
f 3037/71/2129 3042/65/2129 3043/66/2129 3038/72/2129
f 3038/72/2130 3043/66/2130 3044/23/2130 3039/73/2130
f 2957/74/2131 2956/67/2131 3035/69/2131 3030/75/2131
f 3030/75/2132 3035/69/2132 3036/70/2132 3031/76/2132
f 3031/76/2133 3036/70/2133 3037/71/2133 3032/77/2133
f 3032/77/2134 3037/71/2134 3038/72/2134 3033/78/2134
f 3033/78/2135 3038/72/2135 3039/73/2135 3034/20/2135
f 2947/79/2136 2957/74/2136 3030/75/2136 2973/80/2136
f 2973/80/2137 3030/75/2137 3031/76/2137 2974/81/2137
f 2974/81/2138 3031/76/2138 3032/77/2138 2975/82/2138
f 2975/82/2139 3032/77/2139 3033/78/2139 2976/83/2139
f 2976/83/2140 3033/78/2140 3034/20/2140 2977/19/2140
f 3020/84/2141 3025/85/2141 3026/86/2141 3021/87/2141
f 3021/87/2142 3026/86/2142 3027/88/2142 3022/89/2142
f 3022/89/2143 3027/88/2143 3028/90/2143 3023/91/2143
f 3023/91/2144 3028/90/2144 3029/92/2144 3024/17/2144
f 3015/93/2145 3020/84/2145 3021/87/2145 3016/94/2145
f 3016/94/2146 3021/87/2146 3022/89/2146 3017/95/2146
f 3017/95/2147 3022/89/2147 3023/91/2147 3018/96/2147
f 3018/96/2148 3023/91/2148 3024/17/2148 3019/15/2148
f 3010/97/2149 3015/93/2149 3016/94/2149 3011/98/2149
f 3011/98/2150 3016/94/2150 3017/95/2150 3012/99/2150
f 3012/99/2151 3017/95/2151 3018/96/2151 3013/100/2151
f 3013/100/2152 3018/96/2152 3019/15/2152 3014/13/2152
f 2959/101/2153 2958/102/2153 3010/97/2153 3005/103/2153
f 3005/103/2154 3010/97/2154 3011/98/2154 3006/104/2154
f 3006/104/2155 3011/98/2155 3012/99/2155 3007/105/2155
f 3007/105/2156 3012/99/2156 3013/100/2156 3008/106/2156
f 3008/106/2152 3013/100/2152 3014/13/2152 3009/11/2152
f 2960/107/2157 2959/101/2157 3005/103/2157 3000/108/2157
f 3000/108/2158 3005/103/2158 3006/104/2158 3001/109/2158
f 3001/109/2159 3006/104/2159 3007/105/2159 3002/110/2159
f 3002/110/2160 3007/105/2160 3008/106/2160 3003/111/2160
f 3003/111/2161 3008/106/2161 3009/11/2161 3004/9/2161
f 2995/112/2162 3000/108/2162 3001/109/2162 2996/113/2162
f 2996/113/2163 3001/109/2163 3002/110/2163 2997/114/2163
f 2997/114/2164 3002/110/2164 3003/111/2164 2998/115/2164
f 2998/115/2165 3003/111/2165 3004/9/2165 2999/6/2165
f 2990/116/2166 2995/112/2166 2996/113/2166 2991/117/2166
f 2991/117/2167 2996/113/2167 2997/114/2167 2992/118/2167
f 2992/118/2168 2997/114/2168 2998/115/2168 2993/119/2168
f 2993/119/2169 2998/115/2169 2999/6/2169 2994/5/2169
f 2988/120/2170 2992/118/2170 2993/119/2170 2989/121/2170
f 3025/85/2171 2981/122/2171 2980/123/2171 3026/86/2171
f 3026/86/2172 2980/123/2172 2979/124/2172 3027/88/2172
f 2952/125/2173 2950/126/2173 2986/127/2173 3065/39/2173
f 3065/39/2174 2986/127/2174 2985/128/2174 3066/40/2174
f 3066/40/2175 2985/128/2175 2984/129/2175 3067/42/2175
f 3067/42/2176 2984/129/2176 2983/130/2176 3068/44/2176
f 3068/44/2177 2983/130/2177 2982/2/2177 3069/1/2177
f 2950/126/2178 2951/131/2178 2987/132/2178 2986/127/2178
f 2984/129/2179 2988/120/2179 2989/121/2179 2983/130/2179
f 2945/133/2180 2946/134/2180 2978/135/2180 2977/136/2180
f 2975/137/2181 2979/138/2181 2980/139/2181 2974/140/2181
f 2974/140/2182 2980/139/2182 2981/141/2182 2973/142/2182
f 3070/143/2183 3071/144/2183 3072/145/2183
f 3073/146/2184 3074/147/2184 3075/148/2184 3076/149/2184
f 3077/150/2185 3078/151/2185 3079/152/2185 3080/153/2185
f 3081/154/2186 3082/155/2186 3083/156/2186 3084/157/2186
f 3085/158/2187 3086/159/2187 3087/160/2187 3088/161/2187
f 3089/162/2188 3090/163/2188 3091/164/2188 3092/165/2188
f 3097/170/2190 3098/171/2190 3099/172/2190 3100/173/2190
f 3105/178/2192 3106/179/2192 3107/180/2192 3108/181/2192
f 3109/182/2193 3110/183/2193 3111/184/2193 3112/185/2193
f 3113/186/2194 3114/187/2194 3115/188/2194 3116/189/2194
f 3117/190/2195 3118/191/2195 3119/192/2195 3120/193/2195
f 3121/194/2196 3122/195/2196 3123/196/2196 3124/197/2196
f 3125/198/2197 3126/199/2197 3127/200/2197 3128/201/2197
f 3081/202/2198 3084/203/2198 3070/204/2198 3072/205/2198 2981/122/2198 3025/85/2198
f 2973/142/2199 2981/141/2199 3072/145/2199 3071/144/2199 2947/206/2199
f 2947/206/2200 3071/144/2200 3070/143/2200 3084/157/2200 3083/156/2200 2957/207/2200
f 3073/146/2201 3076/149/2201 2952/125/2201 3065/39/2201 3060/38/2201
f 2953/37/2202 2960/36/2202 3096/169/2202 3095/168/2202 3075/208/2202 3074/209/2202
f 3076/210/2203 3075/208/2203 3095/168/2203 3094/167/2203 3099/172/2203 3098/171/2203 2952/211/2203
f 2953/53/2204 3074/147/2204 3073/146/2204 3060/38/2204 3055/47/2204
f 3077/150/2205 3080/153/2205 2954/52/2205 3050/54/2205 3045/59/2205
f 2955/212/2206 3091/164/2206 3090/163/2206 2958/213/2206 3079/214/2206 3078/215/2206
f 3080/216/2207 3079/214/2207 2958/213/2207 2959/35/2207 2954/34/2207
f 2955/68/2208 3078/151/2208 3077/150/2208 3045/59/2208 3040/63/2208
f 2957/207/2209 3083/156/2209 3082/155/2209 3088/161/2209 3087/160/2209 2956/217/2209
f 3085/218/2210 3088/219/2210 3082/220/2210 3081/202/2210 3025/85/2210 3020/84/2210
f 2956/217/2211 3087/160/2211 3086/159/2211 3092/165/2211 3091/164/2211 2955/212/2211
f 3089/221/2212 3092/222/2212 3086/223/2212 3085/218/2212 3020/84/2212 3015/93/2212
f 2958/102/2213 3090/224/2213 3089/221/2213 3015/93/2213 3010/97/2213
f 3093/225/2214 3096/226/2214 2960/107/2214 3000/108/2214 2995/112/2214
f 3100/227/2215 3099/228/2215 3094/229/2215 3093/225/2215 2995/112/2215 2990/116/2215
f 2951/131/2216 3097/230/2216 3100/227/2216 2990/116/2216 2987/132/2216
f 2952/211/2217 3098/171/2217 3097/170/2217 2951/131/2217 2950/126/2217
f 3101/231/2218 3104/232/2218 2972/233/2218 3114/187/2218 3113/186/2218 2961/234/2218
f 3034/20/2219 3039/73/2219 3102/175/2219 3101/174/2219 2961/21/2219
f 2962/33/2220 2971/32/2220 2972/233/2220 3104/232/2220 3103/235/2220
f 3039/73/2221 3044/23/2221 2962/26/2221 3103/176/2221 3102/175/2221
f 3105/236/2222 3108/237/2222 2969/238/2222 2970/31/2222 2963/30/2222
f 3049/24/2223 3054/58/2223 3106/179/2223 3105/178/2223 2963/25/2223
f 2964/239/2224 2968/240/2224 2969/238/2224 3108/237/2224 3107/241/2224
f 3054/58/2225 3059/51/2225 2964/242/2225 3107/180/2225 3106/179/2225
f 3109/243/2226 3112/244/2226 2967/245/2226 2968/240/2226 2964/239/2226
f 3059/51/2227 3064/46/2227 3110/183/2227 3109/182/2227 2964/242/2227
f 2965/29/2228 2966/28/2228 2967/245/2228 3112/244/2228 3111/246/2228
f 3064/46/2229 3069/1/2229 2965/4/2229 3111/184/2229 3110/183/2229
f 3029/92/2230 2978/247/2230 2946/248/2230 3116/249/2230 3115/250/2230
f 2961/234/2231 3113/186/2231 3116/189/2231 2946/251/2231 2945/252/2231
f 3024/17/2232 3029/92/2232 3115/250/2232 3114/253/2232 2972/18/2232
f 2977/136/2233 2978/135/2233 3117/190/2233 3120/193/2233 2976/254/2233
f 3028/90/2234 3118/255/2234 3117/256/2234 2978/247/2234 3029/92/2234
f 2976/254/2235 3120/193/2235 3119/192/2235 2979/138/2235 2975/137/2235
f 3027/88/2236 2979/124/2236 3119/257/2236 3118/255/2236 3028/90/2236
f 2986/127/2237 2987/132/2237 3121/194/2237 3124/197/2237 2985/128/2237
f 2987/132/2238 2990/116/2238 2991/117/2238 3122/195/2238 3121/194/2238
f 2985/128/2239 3124/197/2239 3123/196/2239 2988/120/2239 2984/129/2239
f 3123/196/2240 3122/195/2240 2991/117/2240 2992/118/2240 2988/120/2240
f 3128/201/2241 3127/200/2241 2994/5/2241 2966/8/2241 2949/27/2241
f 2983/130/2242 2989/121/2242 3126/199/2242 3125/198/2242 2982/2/2242
f 2982/2/2243 3125/198/2243 3128/201/2243 2949/27/2243 2948/3/2243
f 2989/121/2244 2993/119/2244 2994/5/2244 3127/200/2244 3126/199/2244
f 3253/1/2245 3166/2/2245 3132/3/2245 3149/4/2245
f 3178/5/2246 3183/6/2246 3151/7/2246 3150/8/2246
f 3183/6/2247 3188/9/2247 3152/10/2247 3151/7/2247
f 3188/9/2248 3193/11/2248 3153/12/2248 3152/10/2248
f 3193/11/2249 3198/13/2249 3154/14/2249 3153/12/2249
f 3198/13/2250 3203/15/2250 3155/16/2250 3154/14/2250
f 3203/15/2251 3208/17/2251 3156/18/2251 3155/16/2251
f 3161/19/2252 3218/20/2252 3145/21/2252 3129/22/2252
f 3228/23/2253 3233/24/2253 3147/25/2253 3146/26/2253
f 3132/3/2254 3133/27/2254 3150/28/2254 3149/29/2254
f 3147/30/2255 3154/31/2255 3155/32/2255 3146/33/2255
f 3138/34/2256 3143/35/2256 3144/36/2256 3137/37/2256
f 3244/38/2257 3249/39/2257 3250/40/2257 3245/41/2257
f 3245/41/2258 3250/40/2258 3251/42/2258 3246/43/2258
f 3246/43/2259 3251/42/2259 3252/44/2259 3247/45/2259
f 3247/45/1666 3252/44/1666 3253/1/1666 3248/46/1666
f 3239/47/1667 3244/38/1667 3245/41/1667 3240/48/1667
f 3240/48/2260 3245/41/2260 3246/43/2260 3241/49/2260
f 3241/49/2261 3246/43/2261 3247/45/2261 3242/50/2261
f 3242/50/1670 3247/45/1670 3248/46/1670 3243/51/1670
f 3138/52/2262 3137/53/2262 3239/47/2262 3234/54/2262
f 3234/54/2263 3239/47/2263 3240/48/2263 3235/55/2263
f 3235/55/1673 3240/48/1673 3241/49/1673 3236/56/1673
f 3236/56/1674 3241/49/1674 3242/50/1674 3237/57/1674
f 3237/57/1675 3242/50/1675 3243/51/1675 3238/58/1675
f 3229/59/2264 3234/54/2264 3235/55/2264 3230/60/2264
f 3230/60/1677 3235/55/1677 3236/56/1677 3231/61/1677
f 3231/61/1675 3236/56/1675 3237/57/1675 3232/62/1675
f 3232/62/1678 3237/57/1678 3238/58/1678 3233/24/1678
f 3224/63/1679 3229/59/1679 3230/60/1679 3225/64/1679
f 3225/64/1677 3230/60/1677 3231/61/1677 3226/65/1677
f 3226/65/1675 3231/61/1675 3232/62/1675 3227/66/1675
f 3227/66/1680 3232/62/1680 3233/24/1680 3228/23/1680
f 3140/67/2265 3139/68/2265 3224/63/2265 3219/69/2265
f 3219/69/2266 3224/63/2266 3225/64/2266 3220/70/2266
f 3220/70/1683 3225/64/1683 3226/65/1683 3221/71/1683
f 3221/71/2267 3226/65/2267 3227/66/2267 3222/72/2267
f 3222/72/2268 3227/66/2268 3228/23/2268 3223/73/2268
f 3141/74/2269 3140/67/2269 3219/69/2269 3214/75/2269
f 3214/75/2270 3219/69/2270 3220/70/2270 3215/76/2270
f 3215/76/1688 3220/70/1688 3221/71/1688 3216/77/1688
f 3216/77/2271 3221/71/2271 3222/72/2271 3217/78/2271
f 3217/78/2272 3222/72/2272 3223/73/2272 3218/20/2272
f 3131/79/2273 3141/74/2273 3214/75/2273 3157/80/2273
f 3157/80/2274 3214/75/2274 3215/76/2274 3158/81/2274
f 3158/81/2275 3215/76/2275 3216/77/2275 3159/82/2275
f 3159/82/2276 3216/77/2276 3217/78/2276 3160/83/2276
f 3160/83/2277 3217/78/2277 3218/20/2277 3161/19/2277
f 3204/84/1696 3209/85/1696 3210/86/1696 3205/87/1696
f 3205/87/1697 3210/86/1697 3211/88/1697 3206/89/1697
f 3206/89/1698 3211/88/1698 3212/90/1698 3207/91/1698
f 3207/91/2278 3212/90/2278 3213/92/2278 3208/17/2278
f 3199/93/2279 3204/84/2279 3205/87/2279 3200/94/2279
f 3200/94/2280 3205/87/2280 3206/89/2280 3201/95/2280
f 3201/95/2281 3206/89/2281 3207/91/2281 3202/96/2281
f 3202/96/2282 3207/91/2282 3208/17/2282 3203/15/2282
f 3194/97/1704 3199/93/1704 3200/94/1704 3195/98/1704
f 3195/98/2283 3200/94/2283 3201/95/2283 3196/99/2283
f 3196/99/2284 3201/95/2284 3202/96/2284 3197/100/2284
f 3197/100/1707 3202/96/1707 3203/15/1707 3198/13/1707
f 3143/101/2285 3142/102/2285 3194/97/2285 3189/103/2285
f 3189/103/2286 3194/97/2286 3195/98/2286 3190/104/2286
f 3190/104/1705 3195/98/1705 3196/99/1705 3191/105/1705
f 3191/105/2287 3196/99/2287 3197/100/2287 3192/106/2287
f 3192/106/1707 3197/100/1707 3198/13/1707 3193/11/1707
f 3144/107/2288 3143/101/2288 3189/103/2288 3184/108/2288
f 3184/108/2289 3189/103/2289 3190/104/2289 3185/109/2289
f 3185/109/2290 3190/104/2290 3191/105/2290 3186/110/2290
f 3186/110/2291 3191/105/2291 3192/106/2291 3187/111/2291
f 3187/111/1716 3192/106/1716 3193/11/1716 3188/9/1716
f 3179/112/2292 3184/108/2292 3185/109/2292 3180/113/2292
f 3180/113/2293 3185/109/2293 3186/110/2293 3181/114/2293
f 3181/114/2294 3186/110/2294 3187/111/2294 3182/115/2294
f 3182/115/1720 3187/111/1720 3188/9/1720 3183/6/1720
f 3174/116/2295 3179/112/2295 3180/113/2295 3175/117/2295
f 3175/117/2296 3180/113/2296 3181/114/2296 3176/118/2296
f 3176/118/2297 3181/114/2297 3182/115/2297 3177/119/2297
f 3177/119/1724 3182/115/1724 3183/6/1724 3178/5/1724
f 3172/120/2298 3176/118/2298 3177/119/2298 3173/121/2298
f 3209/85/2299 3165/122/2299 3164/123/2299 3210/86/2299
f 3210/86/2300 3164/123/2300 3163/124/2300 3211/88/2300
f 3136/125/2301 3134/126/2301 3170/127/2301 3249/39/2301
f 3249/39/2302 3170/127/2302 3169/128/2302 3250/40/2302
f 3250/40/2303 3169/128/2303 3168/129/2303 3251/42/2303
f 3251/42/2304 3168/129/2304 3167/130/2304 3252/44/2304
f 3252/44/1732 3167/130/1732 3166/2/1732 3253/1/1732
f 3134/126/2305 3135/131/2305 3171/132/2305 3170/127/2305
f 3168/129/2306 3172/120/2306 3173/121/2306 3167/130/2306
f 3129/133/2307 3130/134/2307 3162/135/2307 3161/136/2307
f 3159/137/2308 3163/138/2308 3164/139/2308 3158/140/2308
f 3158/140/2309 3164/139/2309 3165/141/2309 3157/142/2309
f 3254/143/2310 3255/144/2310 3256/145/2310
f 3257/146/2311 3258/147/2311 3259/148/2311 3260/149/2311
f 3261/150/2312 3262/151/2312 3263/152/2312 3264/153/2312
f 3265/154/2313 3266/155/2313 3267/156/2313 3268/157/2313
f 3269/158/2314 3270/159/2314 3271/160/2314 3272/161/2314
f 3273/162/2315 3274/163/2315 3275/164/2315 3276/165/2315
f 3281/170/2317 3282/171/2317 3283/172/2317 3284/173/2317
f 3289/178/2319 3290/179/2319 3291/180/2319 3292/181/2319
f 3293/182/2320 3294/183/2320 3295/184/2320 3296/185/2320
f 3297/186/2321 3298/187/2321 3299/188/2321 3300/189/2321
f 3301/190/2322 3302/191/2322 3303/192/2322 3304/193/2322
f 3305/194/2323 3306/195/2323 3307/196/2323 3308/197/2323
f 3309/198/2324 3310/199/2324 3311/200/2324 3312/201/2324
f 3265/202/2325 3268/203/2325 3254/204/2325 3256/205/2325 3165/122/2325 3209/85/2325
f 3157/142/2326 3165/141/2326 3256/145/2326 3255/144/2326 3131/206/2326
f 3131/206/2327 3255/144/2327 3254/143/2327 3268/157/2327 3267/156/2327 3141/207/2327
f 3257/146/2328 3260/149/2328 3136/125/2328 3249/39/2328 3244/38/2328
f 3137/37/2329 3144/36/2329 3280/169/2329 3279/168/2329 3259/208/2329 3258/209/2329
f 3260/210/2330 3259/208/2330 3279/168/2330 3278/167/2330 3283/172/2330 3282/171/2330 3136/211/2330
f 3137/53/2331 3258/147/2331 3257/146/2331 3244/38/2331 3239/47/2331
f 3261/150/2332 3264/153/2332 3138/52/2332 3234/54/2332 3229/59/2332
f 3139/212/2333 3275/164/2333 3274/163/2333 3142/213/2333 3263/214/2333 3262/215/2333
f 3264/216/2334 3263/214/2334 3142/213/2334 3143/35/2334 3138/34/2334
f 3139/68/2335 3262/151/2335 3261/150/2335 3229/59/2335 3224/63/2335
f 3141/207/2336 3267/156/2336 3266/155/2336 3272/161/2336 3271/160/2336 3140/217/2336
f 3269/218/2337 3272/219/2337 3266/220/2337 3265/202/2337 3209/85/2337 3204/84/2337
f 3140/217/2338 3271/160/2338 3270/159/2338 3276/165/2338 3275/164/2338 3139/212/2338
f 3273/221/2339 3276/222/2339 3270/223/2339 3269/218/2339 3204/84/2339 3199/93/2339
f 3142/102/2340 3274/224/2340 3273/221/2340 3199/93/2340 3194/97/2340
f 3277/225/2341 3280/226/2341 3144/107/2341 3184/108/2341 3179/112/2341
f 3284/227/2342 3283/228/2342 3278/229/2342 3277/225/2342 3179/112/2342 3174/116/2342
f 3135/131/2343 3281/230/2343 3284/227/2343 3174/116/2343 3171/132/2343
f 3136/211/2344 3282/171/2344 3281/170/2344 3135/131/2344 3134/126/2344
f 3285/231/2345 3288/232/2345 3156/233/2345 3298/187/2345 3297/186/2345 3145/234/2345
f 3218/20/2346 3223/73/2346 3286/175/2346 3285/174/2346 3145/21/2346
f 3146/33/2347 3155/32/2347 3156/233/2347 3288/232/2347 3287/235/2347
f 3223/73/2348 3228/23/2348 3146/26/2348 3287/176/2348 3286/175/2348
f 3289/236/2349 3292/237/2349 3153/238/2349 3154/31/2349 3147/30/2349
f 3233/24/2350 3238/58/2350 3290/179/2350 3289/178/2350 3147/25/2350
f 3148/239/2351 3152/240/2351 3153/238/2351 3292/237/2351 3291/241/2351
f 3238/58/2352 3243/51/2352 3148/242/2352 3291/180/2352 3290/179/2352
f 3293/243/2353 3296/244/2353 3151/245/2353 3152/240/2353 3148/239/2353
f 3243/51/2354 3248/46/2354 3294/183/2354 3293/182/2354 3148/242/2354
f 3149/29/2355 3150/28/2355 3151/245/2355 3296/244/2355 3295/246/2355
f 3248/46/2356 3253/1/2356 3149/4/2356 3295/184/2356 3294/183/2356
f 3213/92/2357 3162/247/2357 3130/248/2357 3300/249/2357 3299/250/2357
f 3145/234/2358 3297/186/2358 3300/189/2358 3130/251/2358 3129/252/2358
f 3208/17/2359 3213/92/2359 3299/250/2359 3298/253/2359 3156/18/2359
f 3161/136/2360 3162/135/2360 3301/190/2360 3304/193/2360 3160/254/2360
f 3212/90/2361 3302/255/2361 3301/256/2361 3162/247/2361 3213/92/2361
f 3160/254/2362 3304/193/2362 3303/192/2362 3163/138/2362 3159/137/2362
f 3211/88/2363 3163/124/2363 3303/257/2363 3302/255/2363 3212/90/2363
f 3170/127/2364 3171/132/2364 3305/194/2364 3308/197/2364 3169/128/2364
f 3171/132/2365 3174/116/2365 3175/117/2365 3306/195/2365 3305/194/2365
f 3169/128/2366 3308/197/2366 3307/196/2366 3172/120/2366 3168/129/2366
f 3307/196/2367 3306/195/2367 3175/117/2367 3176/118/2367 3172/120/2367
f 3312/201/2368 3311/200/2368 3178/5/2368 3150/8/2368 3133/27/2368
f 3167/130/2369 3173/121/2369 3310/199/2369 3309/198/2369 3166/2/2369
f 3166/2/2370 3309/198/2370 3312/201/2370 3133/27/2370 3132/3/2370
f 3173/121/2371 3177/119/2371 3178/5/2371 3311/200/2371 3310/199/2371
f 3482/19/1214 3496/20/1214 3477/21/1214 3473/22/1214
f 3475/79/1245 3476/74/1245 3492/75/1245 3478/80/1245
f 3478/80/1246 3492/75/1246 3493/76/1246 3479/81/1246
f 3479/81/1247 3493/76/1247 3494/77/1247 3480/82/1247
f 3480/82/1248 3494/77/1248 3495/78/1248 3481/83/1248
f 3481/83/1249 3495/78/1249 3496/20/1249 3482/19/1249
f 3487/85/2387 3486/122/2387 3485/123/2387 3488/86/2387
f 3488/86/1281 3485/123/1281 3484/124/1281 3489/88/1281
f 3473/133/2388 3474/134/2388 3483/135/2388 3482/136/2388
f 3480/137/1290 3484/138/1290 3485/139/1290 3479/140/1290
f 3479/140/1291 3485/139/1291 3486/141/1291 3478/142/1291
f 3497/143/1292 3498/144/1292 3499/145/1292
f 3506/190/1304 3507/191/1304 3508/192/1304 3509/193/1304
f 3500/202/1307 3502/203/1307 3497/204/1307 3499/205/1307 3486/122/1307 3487/85/1307
f 3478/142/1308 3486/141/1308 3499/145/1308 3498/144/1308 3475/206/1308
f 3475/206/1309 3498/144/1309 3497/143/1309 3502/157/1309 3501/156/1309 3476/207/1309
f 3491/92/1339 3483/247/1339 3474/248/1339 3505/249/1339 3504/250/1339
f 3477/234/1340 3503/186/1340 3505/189/1340 3474/251/1340 3473/252/1340
f 3482/136/1342 3483/135/1342 3506/190/1342 3509/193/1342 3481/254/1342
f 3490/90/1343 3507/255/1343 3506/256/1343 3483/247/1343 3491/92/1343
f 3481/254/1344 3509/193/1344 3508/192/1344 3484/138/1344 3480/137/1344
f 3489/88/1345 3484/124/1345 3508/257/1345 3507/255/1345 3490/90/1345
f 3519/19/1361 3533/20/1361 3514/21/1361 3510/22/1361
f 3512/79/1394 3513/74/1394 3529/75/1394 3515/80/1394
f 3515/80/1395 3529/75/1395 3530/76/1395 3516/81/1395
f 3516/81/1396 3530/76/1396 3531/77/1396 3517/82/1396
f 3517/82/1397 3531/77/1397 3532/78/1397 3518/83/1397
f 3518/83/1398 3532/78/1398 3533/20/1398 3519/19/1398
f 3524/85/1429 3523/122/1429 3522/123/1429 3525/86/1429
f 3525/86/1430 3522/123/1430 3521/124/1430 3526/88/1430
f 3510/133/1438 3511/134/1438 3520/135/1438 3519/136/1438
f 3517/137/1439 3521/138/1439 3522/139/1439 3516/140/1439
f 3516/140/2389 3522/139/2389 3523/141/2389 3515/142/2389
f 3534/143/1441 3535/144/1441 3536/145/1441
f 3543/190/1453 3544/191/1453 3545/192/1453 3546/193/1453
f 3537/202/1456 3539/203/1456 3534/204/1456 3536/205/1456 3523/122/1456 3524/85/1456
f 3515/142/2390 3523/141/2390 3536/145/2390 3535/144/2390 3512/206/2390
f 3512/206/1458 3535/144/1458 3534/143/1458 3539/157/1458 3538/156/1458 3513/207/1458
f 3528/92/1488 3520/247/1488 3511/248/1488 3542/249/1488 3541/250/1488
f 3514/234/1489 3540/186/1489 3542/189/1489 3511/251/1489 3510/252/1489
f 3519/136/1491 3520/135/1491 3543/190/1491 3546/193/1491 3518/254/1491
f 3527/90/1492 3544/255/1492 3543/256/1492 3520/247/1492 3528/92/1492
f 3518/254/1493 3546/193/1493 3545/192/1493 3521/138/1493 3517/137/1493
f 3526/88/1494 3521/124/1494 3545/257/1494 3544/255/1494 3527/90/1494
f 3556/19/307 3570/20/307 3551/21/307 3547/22/307
f 3549/79/340 3550/74/340 3566/75/340 3552/80/340
f 3552/80/341 3566/75/341 3567/76/341 3553/81/341
f 3553/81/342 3567/76/342 3568/77/342 3554/82/342
f 3554/82/343 3568/77/343 3569/78/343 3555/83/343
f 3555/83/344 3569/78/344 3570/20/344 3556/19/344
f 3561/85/375 3560/122/375 3559/123/375 3562/86/375
f 3562/86/376 3559/123/376 3558/124/376 3563/88/376
f 3547/133/384 3548/134/384 3557/135/384 3556/136/384
f 3554/137/385 3558/138/385 3559/139/385 3553/140/385
f 3553/140/386 3559/139/386 3560/141/386 3552/142/386
f 3571/143/387 3572/144/387 3573/145/387
f 3580/190/399 3581/191/399 3582/192/399 3583/193/399
f 3574/202/402 3576/203/402 3571/204/402 3573/205/402 3560/122/402 3561/85/402
f 3552/142/403 3560/141/403 3573/145/403 3572/144/403 3549/206/403
f 3549/206/404 3572/144/404 3571/143/404 3576/157/404 3575/156/404 3550/207/404
f 3565/92/434 3557/247/434 3548/248/434 3579/249/434 3578/250/434
f 3551/234/435 3577/186/435 3579/189/435 3548/251/435 3547/252/435
f 3556/136/437 3557/135/437 3580/190/437 3583/193/437 3555/254/437
f 3564/90/438 3581/255/438 3580/256/438 3557/247/438 3565/92/438
f 3555/254/439 3583/193/439 3582/192/439 3558/138/439 3554/137/439
f 3563/88/440 3558/124/440 3582/257/440 3581/255/440 3564/90/440
f 3593/19/456 3607/20/456 3588/21/456 3584/22/456
f 3586/79/491 3587/74/491 3603/75/491 3589/80/491
f 3589/80/492 3603/75/492 3604/76/492 3590/81/492
f 3590/81/493 3604/76/493 3605/77/493 3591/82/493
f 3591/82/494 3605/77/494 3606/78/494 3592/83/494
f 3592/83/495 3606/78/495 3607/20/495 3593/19/495
f 3598/85/526 3597/122/526 3596/123/526 3599/86/526
f 3599/86/527 3596/123/527 3595/124/527 3600/88/527
f 3584/133/535 3585/134/535 3594/135/535 3593/136/535
f 3591/137/536 3595/138/536 3596/139/536 3590/140/536
f 3590/140/2391 3596/139/2391 3597/141/2391 3589/142/2391
f 3608/143/538 3609/144/538 3610/145/538
f 3617/190/1203 3618/191/1203 3619/192/1203 3620/193/1203
f 3611/202/553 3613/203/553 3608/204/553 3610/205/553 3597/122/553 3598/85/553
f 3589/142/554 3597/141/554 3610/145/554 3609/144/554 3586/206/554
f 3586/206/555 3609/144/555 3608/143/555 3613/157/555 3612/156/555 3587/207/555
f 3602/92/585 3594/247/585 3585/248/585 3616/249/585 3615/250/585
f 3588/234/586 3614/186/586 3616/189/586 3585/251/586 3584/252/586
f 3593/136/2392 3594/135/2392 3617/190/2392 3620/193/2392 3592/254/2392
f 3601/90/589 3618/255/589 3617/256/589 3594/247/589 3602/92/589
f 3592/254/590 3620/193/590 3619/192/590 3595/138/590 3591/137/590
f 3600/88/591 3595/124/591 3619/257/591 3618/255/591 3601/90/591
f 3630/19/607 3644/20/607 3625/21/607 3621/22/607
f 3623/79/642 3624/74/642 3640/75/642 3626/80/642
f 3626/80/643 3640/75/643 3641/76/643 3627/81/643
f 3627/81/644 3641/76/644 3642/77/644 3628/82/644
f 3628/82/645 3642/77/645 3643/78/645 3629/83/645
f 3629/83/646 3643/78/646 3644/20/646 3630/19/646
f 3635/85/677 3634/122/677 3633/123/677 3636/86/677
f 3636/86/678 3633/123/678 3632/124/678 3637/88/678
f 3621/133/686 3622/134/686 3631/135/686 3630/136/686
f 3628/137/687 3632/138/687 3633/139/687 3627/140/687
f 3627/140/688 3633/139/688 3634/141/688 3626/142/688
f 3645/143/689 3646/144/689 3647/145/689
f 3654/190/701 3655/191/701 3656/192/701 3657/193/701
f 3648/202/704 3650/203/704 3645/204/704 3647/205/704 3634/122/704 3635/85/704
f 3626/142/705 3634/141/705 3647/145/705 3646/144/705 3623/206/705
f 3623/206/706 3646/144/706 3645/143/706 3650/157/706 3649/156/706 3624/207/706
f 3639/92/736 3631/247/736 3622/248/736 3653/249/736 3652/250/736
f 3625/234/737 3651/186/737 3653/189/737 3622/251/737 3621/252/737
f 3630/136/739 3631/135/739 3654/190/739 3657/193/739 3629/254/739
f 3638/90/740 3655/255/740 3654/256/740 3631/247/740 3639/92/740
f 3629/254/741 3657/193/741 3656/192/741 3632/138/741 3628/137/741
f 3637/88/742 3632/124/742 3656/257/742 3655/255/742 3638/90/742
f 3682/1/751 3665/2/751 3658/3/751 3663/4/751
f 3658/3/760 3659/27/760 3664/28/760 3663/29/760
f 3671/120/827 3675/118/827 3676/119/827 3672/121/827
f 3662/125/830 3660/126/830 3669/127/830 3678/39/830
f 3678/39/831 3669/127/831 3668/128/831 3679/40/831
f 3679/40/832 3668/128/832 3667/129/832 3680/42/832
f 3680/42/833 3667/129/833 3666/130/833 3681/44/833
f 3681/44/834 3666/130/834 3665/2/834 3682/1/834
f 3660/126/2393 3661/131/2393 3670/132/2393 3669/127/2393
f 3667/129/836 3671/120/836 3672/121/836 3666/130/836
f 3686/194/853 3687/195/853 3688/196/853 3689/197/853
f 3690/198/854 3691/199/854 3692/200/854 3693/201/854
f 3661/131/873 3683/230/873 3685/227/873 3673/116/873 3670/132/873
f 3662/211/874 3684/171/874 3683/170/874 3661/131/874 3660/126/874
f 3669/127/2394 3670/132/2394 3686/194/2394 3689/197/2394 3668/128/2394
f 3670/132/895 3673/116/895 3674/117/895 3687/195/895 3686/194/895
f 3668/128/896 3689/197/896 3688/196/896 3671/120/896 3667/129/896
f 3688/196/897 3687/195/897 3674/117/897 3675/118/897 3671/120/897
f 3693/201/898 3692/200/898 3677/5/898 3664/8/898 3659/27/898
f 3666/130/899 3672/121/899 3691/199/899 3690/198/899 3665/2/899
f 3665/2/900 3690/198/900 3693/201/900 3659/27/900 3658/3/900
f 3672/121/901 3676/119/901 3677/5/901 3692/200/901 3691/199/901
f 3718/1/902 3701/2/902 3694/3/902 3699/4/902
f 3694/3/911 3695/27/911 3700/28/911 3699/29/911
f 3707/120/975 3711/118/975 3712/119/975 3708/121/975
f 3698/125/978 3696/126/978 3705/127/978 3714/39/978
f 3714/39/979 3705/127/979 3704/128/979 3715/40/979
f 3715/40/980 3704/128/980 3703/129/980 3716/42/980
f 3716/42/981 3703/129/981 3702/130/981 3717/44/981
f 3717/44/982 3702/130/982 3701/2/982 3718/1/982
f 3696/126/983 3697/131/983 3706/132/983 3705/127/983
f 3703/129/984 3707/120/984 3708/121/984 3702/130/984
f 3722/194/1001 3723/195/1001 3724/196/1001 3725/197/1001
f 3726/198/1002 3727/199/1002 3728/200/1002 3729/201/1002
f 3697/131/1021 3719/230/1021 3721/227/1021 3709/116/1021 3706/132/1021
f 3698/211/1022 3720/171/1022 3719/170/1022 3697/131/1022 3696/126/1022
f 3705/127/1042 3706/132/1042 3722/194/1042 3725/197/1042 3704/128/1042
f 3706/132/1043 3709/116/1043 3710/117/1043 3723/195/1043 3722/194/1043
f 3704/128/1044 3725/197/1044 3724/196/1044 3707/120/1044 3703/129/1044
f 3724/196/1045 3723/195/1045 3710/117/1045 3711/118/1045 3707/120/1045
f 3729/201/1046 3728/200/1046 3713/5/1046 3700/8/1046 3695/27/1046
f 3702/130/1047 3708/121/1047 3727/199/1047 3726/198/1047 3701/2/1047
f 3701/2/1048 3726/198/1048 3729/201/1048 3695/27/1048 3694/3/1048
f 3708/121/1049 3712/119/1049 3713/5/1049 3728/200/1049 3727/199/1049
f 3754/1/1050 3737/2/1050 3730/3/1050 3735/4/1050
f 3730/3/1059 3731/27/1059 3736/28/1059 3735/29/1059
f 3743/120/1125 3747/118/1125 3748/119/1125 3744/121/1125
f 3734/125/1128 3732/126/1128 3741/127/1128 3750/39/1128
f 3750/39/1129 3741/127/1129 3740/128/1129 3751/40/1129
f 3751/40/1130 3740/128/1130 3739/129/1130 3752/42/1130
f 3752/42/1131 3739/129/1131 3738/130/1131 3753/44/1131
f 3753/44/1132 3738/130/1132 3737/2/1132 3754/1/1132
f 3732/126/1133 3733/131/1133 3742/132/1133 3741/127/1133
f 3739/129/1134 3743/120/1134 3744/121/1134 3738/130/1134
f 3755/170/1145 3756/171/1145 3757/172/1145 3758/173/1145
f 3759/194/2395 3760/195/2395 3761/196/2395 3762/197/2395
f 3763/198/1152 3764/199/1152 3765/200/1152 3766/201/1152
f 3733/131/1171 3755/230/1171 3758/227/1171 3745/116/1171 3742/132/1171
f 3734/211/1172 3756/171/1172 3755/170/1172 3733/131/1172 3732/126/1172
f 3741/127/1192 3742/132/1192 3759/194/1192 3762/197/1192 3740/128/1192
f 3742/132/1193 3745/116/1193 3746/117/1193 3760/195/1193 3759/194/1193
f 3740/128/1194 3762/197/1194 3761/196/1194 3743/120/1194 3739/129/1194
f 3761/196/1195 3760/195/1195 3746/117/1195 3747/118/1195 3743/120/1195
f 3766/201/1196 3765/200/1196 3749/5/1196 3736/8/1196 3731/27/1196
f 3738/130/1197 3744/121/1197 3764/199/1197 3763/198/1197 3737/2/1197
f 3737/2/1198 3763/198/1198 3766/201/1198 3731/27/1198 3730/3/1198
f 3744/121/1199 3748/119/1199 3749/5/1199 3765/200/1199 3764/199/1199
f 3776/19/307 3790/20/307 3771/21/307 3767/22/307
f 3769/79/340 3770/74/340 3786/75/340 3772/80/340
f 3772/80/341 3786/75/341 3787/76/341 3773/81/341
f 3773/81/342 3787/76/342 3788/77/342 3774/82/342
f 3774/82/343 3788/77/343 3789/78/343 3775/83/343
f 3775/83/344 3789/78/344 3790/20/344 3776/19/344
f 3781/85/375 3780/122/375 3779/123/375 3782/86/375
f 3782/86/376 3779/123/376 3778/124/376 3783/88/376
f 3767/133/384 3768/134/384 3777/135/384 3776/136/384
f 3774/137/385 3778/138/385 3779/139/385 3773/140/385
f 3773/140/386 3779/139/386 3780/141/386 3772/142/386
f 3791/143/387 3792/144/387 3793/145/387
f 3800/190/399 3801/191/399 3802/192/399 3803/193/399
f 3794/202/402 3796/203/402 3791/204/402 3793/205/402 3780/122/402 3781/85/402
f 3772/142/403 3780/141/403 3793/145/403 3792/144/403 3769/206/403
f 3769/206/404 3792/144/404 3791/143/404 3796/157/404 3795/156/404 3770/207/404
f 3785/92/434 3777/247/434 3768/248/434 3799/249/434 3798/250/434
f 3771/234/435 3797/186/435 3799/189/435 3768/251/435 3767/252/435
f 3776/136/437 3777/135/437 3800/190/437 3803/193/437 3775/254/437
f 3784/90/438 3801/255/438 3800/256/438 3777/247/438 3785/92/438
f 3775/254/439 3803/193/439 3802/192/439 3778/138/439 3774/137/439
f 3783/88/440 3778/124/440 3802/257/440 3801/255/440 3784/90/440
f 3813/19/456 3827/20/456 3808/21/456 3804/22/456
f 3806/79/491 3807/74/491 3823/75/491 3809/80/491
f 3809/80/492 3823/75/492 3824/76/492 3810/81/492
f 3810/81/493 3824/76/493 3825/77/493 3811/82/493
f 3811/82/494 3825/77/494 3826/78/494 3812/83/494
f 3812/83/495 3826/78/495 3827/20/495 3813/19/495
f 3818/85/526 3817/122/526 3816/123/526 3819/86/526
f 3819/86/527 3816/123/527 3815/124/527 3820/88/527
f 3804/133/535 3805/134/535 3814/135/535 3813/136/535
f 3811/137/536 3815/138/536 3816/139/536 3810/140/536
f 3810/140/537 3816/139/537 3817/141/537 3809/142/537
f 3828/143/538 3829/144/538 3830/145/538
f 3837/190/1203 3838/191/1203 3839/192/1203 3840/193/1203
f 3831/202/553 3833/203/553 3828/204/553 3830/205/553 3817/122/553 3818/85/553
f 3809/142/554 3817/141/554 3830/145/554 3829/144/554 3806/206/554
f 3806/206/555 3829/144/555 3828/143/555 3833/157/555 3832/156/555 3807/207/555
f 3822/92/585 3814/247/585 3805/248/585 3836/249/585 3835/250/585
f 3808/234/586 3834/186/586 3836/189/586 3805/251/586 3804/252/586
f 3813/136/588 3814/135/588 3837/190/588 3840/193/588 3812/254/588
f 3821/90/589 3838/255/589 3837/256/589 3814/247/589 3822/92/589
f 3812/254/2396 3840/193/2396 3839/192/2396 3815/138/2396 3811/137/2396
f 3820/88/591 3815/124/591 3839/257/591 3838/255/591 3821/90/591
f 3514/234/2397 3533/20/2397 3532/78/2397 3531/77/2397 3530/76/2397 3529/75/2397 3513/207/2397 3538/156/2397 3539/203/2397 3537/202/2397 3524/85/2397 3525/86/2397 3526/88/2397 3527/90/2397 3528/92/2397 3541/250/2397 3542/189/2397 3540/186/2397
f 3771/234/2398 3790/20/2398 3789/78/2398 3788/77/2398 3787/76/2398 3786/75/2398 3770/207/2398 3795/156/2398 3796/203/2398 3794/202/2398 3781/85/2398 3782/86/2398 3783/88/2398 3784/90/2398 3785/92/2398 3798/250/2398 3799/189/2398 3797/186/2398
f 3808/234/2399 3827/20/2399 3826/78/2399 3825/77/2399 3824/76/2399 3823/75/2399 3807/207/2399 3832/156/2399 3833/203/2399 3831/202/2399 3818/85/2399 3819/86/2399 3820/88/2399 3821/90/2399 3822/92/2399 3835/250/2399 3836/189/2399 3834/186/2399
f 3664/28/2400 3677/5/2400 3676/119/2400 3675/118/2400 3674/117/2400 3673/116/2400 3685/227/2400 3683/170/2400 3684/171/2400 3662/125/2400 3678/39/2400 3679/40/2400 3680/42/2400 3681/44/2400 3682/1/2400 3663/29/2400
f 3700/28/2401 3713/5/2401 3712/119/2401 3711/118/2401 3710/117/2401 3709/116/2401 3721/227/2401 3719/170/2401 3720/171/2401 3698/125/2401 3714/39/2401 3715/40/2401 3716/42/2401 3717/44/2401 3718/1/2401 3699/29/2401
f 3736/28/2402 3749/5/2402 3748/119/2402 3747/118/2402 3746/117/2402 3745/116/2402 3758/173/2402 3757/172/2402 3756/171/2402 3734/125/2402 3750/39/2402 3751/40/2402 3752/42/2402 3753/44/2402 3754/1/2402 3735/29/2402
f 3625/234/2403 3644/20/2403 3643/78/2403 3642/77/2403 3641/76/2403 3640/75/2403 3624/207/2403 3649/156/2403 3650/203/2403 3648/202/2403 3635/85/2403 3636/86/2403 3637/88/2403 3638/90/2403 3639/92/2403 3652/250/2403 3653/189/2403 3651/186/2403
f 3551/234/2398 3570/20/2398 3569/78/2398 3568/77/2398 3567/76/2398 3566/75/2398 3550/207/2398 3575/156/2398 3576/203/2398 3574/202/2398 3561/85/2398 3562/86/2398 3563/88/2398 3564/90/2398 3565/92/2398 3578/250/2398 3579/189/2398 3577/186/2398
f 3588/234/2399 3607/20/2399 3606/78/2399 3605/77/2399 3604/76/2399 3603/75/2399 3587/207/2399 3612/156/2399 3613/203/2399 3611/202/2399 3598/85/2399 3599/86/2399 3600/88/2399 3601/90/2399 3602/92/2399 3615/250/2399 3616/189/2399 3614/186/2399
f 3477/234/2404 3496/20/2404 3495/78/2404 3494/77/2404 3493/76/2404 3492/75/2404 3476/207/2404 3501/156/2404 3502/203/2404 3500/202/2404 3487/85/2404 3488/86/2404 3489/88/2404 3490/90/2404 3491/92/2404 3504/250/2404 3505/189/2404 3503/186/2404
usemtl Helles_Holz
f 149/166/93 150/167/93 151/168/93 152/169/93
f 157/174/95 158/175/95 159/176/95 160/177/95
f 333/166/244 334/167/244 335/168/244 336/169/244
f 341/174/246 342/175/246 343/176/246 344/177/246
f 517/166/393 518/167/393 519/168/393 520/169/393
f 525/174/395 526/175/395 527/176/395 528/177/395
f 701/166/544 702/167/544 703/168/544 704/169/544
f 709/174/546 710/175/546 711/176/546 712/177/546
f 885/166/695 886/167/695 887/168/695 888/169/695
f 893/174/697 894/175/697 895/176/697 896/177/697
f 1069/166/846 1070/167/846 1071/168/846 1072/169/846
f 1077/174/848 1078/175/848 1079/176/848 1080/177/848
f 1253/166/994 1254/167/994 1255/168/994 1256/169/994
f 1261/174/996 1262/175/996 1263/176/996 1264/177/996
f 1437/166/1144 1438/167/1144 1439/168/1144 1440/169/1144
f 1445/174/1146 1446/175/1146 1447/176/1146 1448/177/1146
f 1621/166/393 1622/167/393 1623/168/393 1624/169/393
f 1629/174/395 1630/175/395 1631/176/395 1632/177/395
f 1805/166/544 1806/167/544 1807/168/544 1808/169/544
f 1813/174/546 1814/175/546 1815/176/546 1816/177/546
f 1989/166/1298 1990/167/1298 1991/168/1298 1992/169/1298
f 1997/174/1300 1998/175/1300 1999/176/1300 2000/177/1300
f 2173/166/1447 2174/167/1447 2175/168/1447 2176/169/1447
f 2181/174/1449 2182/175/1449 2183/176/1449 2184/177/1449
f 2357/166/1595 2358/167/1595 2359/168/1595 2360/169/1595
f 2365/174/1597 2366/175/1597 2367/176/1597 2368/177/1597
f 2541/166/1744 2542/167/1744 2543/168/1744 2544/169/1744
f 2549/174/1746 2550/175/1746 2551/176/1746 2552/177/1746
f 2725/166/1890 2726/167/1890 2727/168/1890 2728/169/1890
f 2733/174/1892 2734/175/1892 2735/176/1892 2736/177/1892
f 2909/166/2040 2910/167/2040 2911/168/2040 2912/169/2040
f 2917/174/2042 2918/175/2042 2919/176/2042 2920/177/2042
f 3093/166/2189 3094/167/2189 3095/168/2189 3096/169/2189
f 3101/174/2191 3102/175/2191 3103/176/2191 3104/177/2191
f 3277/166/2316 3278/167/2316 3279/168/2316 3280/169/2316
f 3285/174/2318 3286/175/2318 3287/176/2318 3288/177/2318
usemtl Kessel_Metall_Eisen
f 3323/258/2372 3324/259/2372 3316/260/2372 3314/134/2372
f 3324/259/2373 3327/261/2373 3320/131/2373 3316/260/2373
f 3327/261/2374 3320/131/2374 3318/27/2374 3330/262/2374
f 3330/262/2375 3323/263/2375 3314/251/2375 3318/27/2375
f 3315/79/1675 3313/22/1675 3317/3/1675 3319/126/1675
f 3320/131/1707 3318/27/1707 3314/248/1707 3316/264/1707
f 3317/3/2375 3313/252/2375 3321/265/2375 3332/266/2375
f 3332/266/2375 3321/265/2375 3322/267/2375 3331/268/2375
f 3331/268/2375 3322/267/2375 3323/263/2375 3330/262/2375
f 3319/126/2374 3329/269/2374 3332/266/2374 3317/3/2374
f 3329/269/2374 3328/270/2374 3331/268/2374 3332/266/2374
f 3328/270/2374 3327/261/2374 3330/262/2374 3331/268/2374
f 3315/206/2373 3319/126/2373 3329/269/2373 3326/271/2373
f 3326/271/2373 3329/269/2373 3328/270/2373 3325/272/2373
f 3325/272/2373 3328/270/2373 3327/261/2373 3324/259/2373
f 3313/133/2376 3315/206/2376 3326/271/2376 3321/273/2376
f 3321/273/2377 3326/271/2377 3325/272/2377 3322/274/2377
f 3322/274/2378 3325/272/2378 3324/259/2378 3323/258/2378
f 3343/258/2372 3344/259/2372 3336/260/2372 3334/134/2372
f 3344/259/2373 3347/261/2373 3340/131/2373 3336/260/2373
f 3347/261/2374 3340/131/2374 3338/27/2374 3350/262/2374
f 3350/262/2375 3343/263/2375 3334/251/2375 3338/27/2375
f 3335/79/1675 3333/22/1675 3337/3/1675 3339/126/1675
f 3340/131/1707 3338/27/1707 3334/248/1707 3336/264/1707
f 3337/3/2375 3333/252/2375 3341/265/2375 3352/266/2375
f 3352/266/2375 3341/265/2375 3342/267/2375 3351/268/2375
f 3351/268/2375 3342/267/2375 3343/263/2375 3350/262/2375
f 3339/126/2374 3349/269/2374 3352/266/2374 3337/3/2374
f 3349/269/2374 3348/270/2374 3351/268/2374 3352/266/2374
f 3348/270/2374 3347/261/2374 3350/262/2374 3351/268/2374
f 3335/206/2373 3339/126/2373 3349/269/2373 3346/271/2373
f 3346/271/2373 3349/269/2373 3348/270/2373 3345/272/2373
f 3345/272/2373 3348/270/2373 3347/261/2373 3344/259/2373
f 3333/133/2376 3335/206/2376 3346/271/2376 3341/273/2376
f 3341/273/2377 3346/271/2377 3345/272/2377 3342/274/2377
f 3342/274/2378 3345/272/2378 3344/259/2378 3343/258/2378
f 3363/258/2372 3364/259/2372 3356/260/2372 3354/134/2372
f 3364/259/2373 3367/261/2373 3360/131/2373 3356/260/2373
f 3367/261/2374 3360/131/2374 3358/27/2374 3370/262/2374
f 3370/262/2375 3363/263/2375 3354/251/2375 3358/27/2375
f 3355/79/1675 3353/22/1675 3357/3/1675 3359/126/1675
f 3360/131/1707 3358/27/1707 3354/248/1707 3356/264/1707
f 3357/3/2375 3353/252/2375 3361/265/2375 3372/266/2375
f 3372/266/2375 3361/265/2375 3362/267/2375 3371/268/2375
f 3371/268/2375 3362/267/2375 3363/263/2375 3370/262/2375
f 3359/126/2374 3369/269/2374 3372/266/2374 3357/3/2374
f 3369/269/2374 3368/270/2374 3371/268/2374 3372/266/2374
f 3368/270/2374 3367/261/2374 3370/262/2374 3371/268/2374
f 3355/206/2373 3359/126/2373 3369/269/2373 3366/271/2373
f 3366/271/2373 3369/269/2373 3368/270/2373 3365/272/2373
f 3365/272/2373 3368/270/2373 3367/261/2373 3364/259/2373
f 3353/133/2376 3355/206/2376 3366/271/2376 3361/273/2376
f 3361/273/2377 3366/271/2377 3365/272/2377 3362/274/2377
f 3362/274/2378 3365/272/2378 3364/259/2378 3363/258/2378
f 3383/258/2372 3384/259/2372 3376/260/2372 3374/134/2372
f 3384/259/2373 3387/261/2373 3380/131/2373 3376/260/2373
f 3387/261/2374 3380/131/2374 3378/27/2374 3390/262/2374
f 3390/262/2375 3383/263/2375 3374/251/2375 3378/27/2375
f 3375/79/1675 3373/22/1675 3377/3/1675 3379/126/1675
f 3380/131/1707 3378/27/1707 3374/248/1707 3376/264/1707
f 3377/3/2375 3373/252/2375 3381/265/2375 3392/266/2375
f 3392/266/2375 3381/265/2375 3382/267/2375 3391/268/2375
f 3391/268/2375 3382/267/2375 3383/263/2375 3390/262/2375
f 3379/126/2374 3389/269/2374 3392/266/2374 3377/3/2374
f 3389/269/2374 3388/270/2374 3391/268/2374 3392/266/2374
f 3388/270/2374 3387/261/2374 3390/262/2374 3391/268/2374
f 3375/206/2373 3379/126/2373 3389/269/2373 3386/271/2373
f 3386/271/2373 3389/269/2373 3388/270/2373 3385/272/2373
f 3385/272/2373 3388/270/2373 3387/261/2373 3384/259/2373
f 3373/133/2376 3375/206/2376 3386/271/2376 3381/273/2376
f 3381/273/2377 3386/271/2377 3385/272/2377 3382/274/2377
f 3382/274/2378 3385/272/2378 3384/259/2378 3383/258/2378
f 3403/258/2379 3394/134/2379 3396/260/2379 3404/259/2379
f 3404/259/2380 3396/260/2380 3400/131/2380 3407/261/2380
f 3407/261/2381 3410/262/2381 3398/27/2381 3400/131/2381
f 3410/262/2382 3398/27/2382 3394/251/2382 3403/263/2382
f 3395/79/1675 3399/126/1675 3397/3/1675 3393/22/1675
f 3400/131/1707 3396/264/1707 3394/248/1707 3398/27/1707
f 3397/3/2382 3412/266/2382 3401/265/2382 3393/252/2382
f 3412/266/2382 3411/268/2382 3402/267/2382 3401/265/2382
f 3411/268/2382 3410/262/2382 3403/263/2382 3402/267/2382
f 3399/126/2381 3397/3/2381 3412/266/2381 3409/269/2381
f 3409/269/2381 3412/266/2381 3411/268/2381 3408/270/2381
f 3408/270/2381 3411/268/2381 3410/262/2381 3407/261/2381
f 3395/206/2380 3406/271/2380 3409/269/2380 3399/126/2380
f 3406/271/2380 3405/272/2380 3408/270/2380 3409/269/2380
f 3405/272/2380 3404/259/2380 3407/261/2380 3408/270/2380
f 3393/133/2383 3401/273/2383 3406/271/2383 3395/206/2383
f 3401/273/2384 3402/274/2384 3405/272/2384 3406/271/2384
f 3402/274/2385 3403/258/2385 3404/259/2385 3405/272/2385
f 3423/258/2379 3414/134/2379 3416/260/2379 3424/259/2379
f 3424/259/2380 3416/260/2380 3420/131/2380 3427/261/2380
f 3427/261/2386 3430/262/2386 3418/27/2386 3420/131/2386
f 3430/262/2382 3418/27/2382 3414/251/2382 3423/263/2382
f 3415/79/1675 3419/126/1675 3417/3/1675 3413/22/1675
f 3420/131/1707 3416/264/1707 3414/248/1707 3418/27/1707
f 3417/3/2382 3432/266/2382 3421/265/2382 3413/252/2382
f 3432/266/2382 3431/268/2382 3422/267/2382 3421/265/2382
f 3431/268/2382 3430/262/2382 3423/263/2382 3422/267/2382
f 3419/126/2386 3417/3/2386 3432/266/2386 3429/269/2386
f 3429/269/2386 3432/266/2386 3431/268/2386 3428/270/2386
f 3428/270/2386 3431/268/2386 3430/262/2386 3427/261/2386
f 3415/206/2380 3426/271/2380 3429/269/2380 3419/126/2380
f 3426/271/2380 3425/272/2380 3428/270/2380 3429/269/2380
f 3425/272/2380 3424/259/2380 3427/261/2380 3428/270/2380
f 3413/133/2383 3421/273/2383 3426/271/2383 3415/206/2383
f 3421/273/2384 3422/274/2384 3425/272/2384 3426/271/2384
f 3422/274/2385 3423/258/2385 3424/259/2385 3425/272/2385
f 3443/258/2379 3434/134/2379 3436/260/2379 3444/259/2379
f 3444/259/2380 3436/260/2380 3440/131/2380 3447/261/2380
f 3447/261/2386 3450/262/2386 3438/27/2386 3440/131/2386
f 3450/262/2382 3438/27/2382 3434/251/2382 3443/263/2382
f 3435/79/1675 3439/126/1675 3437/3/1675 3433/22/1675
f 3440/131/1707 3436/264/1707 3434/248/1707 3438/27/1707
f 3437/3/2382 3452/266/2382 3441/265/2382 3433/252/2382
f 3452/266/2382 3451/268/2382 3442/267/2382 3441/265/2382
f 3451/268/2382 3450/262/2382 3443/263/2382 3442/267/2382
f 3439/126/2386 3437/3/2386 3452/266/2386 3449/269/2386
f 3449/269/2381 3452/266/2381 3451/268/2381 3448/270/2381
f 3448/270/2386 3451/268/2386 3450/262/2386 3447/261/2386
f 3435/206/2380 3446/271/2380 3449/269/2380 3439/126/2380
f 3446/271/2380 3445/272/2380 3448/270/2380 3449/269/2380
f 3445/272/2380 3444/259/2380 3447/261/2380 3448/270/2380
f 3433/133/2383 3441/273/2383 3446/271/2383 3435/206/2383
f 3441/273/2384 3442/274/2384 3445/272/2384 3446/271/2384
f 3442/274/2385 3443/258/2385 3444/259/2385 3445/272/2385
f 3463/258/2379 3454/134/2379 3456/260/2379 3464/259/2379
f 3464/259/2380 3456/260/2380 3460/131/2380 3467/261/2380
f 3467/261/2386 3470/262/2386 3458/27/2386 3460/131/2386
f 3470/262/2380 3463/263/2380 3454/251/2380 3458/27/2380
f 3455/79/1675 3459/126/1675 3457/3/1675 3453/22/1675
f 3460/131/1707 3456/264/1707 3454/248/1707 3458/27/1707
f 3457/3/2380 3453/252/2380 3461/265/2380 3472/266/2380
f 3472/266/2382 3471/268/2382 3462/267/2382 3461/265/2382
f 3471/268/2382 3470/262/2382 3463/263/2382 3462/267/2382
f 3459/126/2386 3457/3/2386 3472/266/2386 3469/269/2386
f 3469/269/2386 3472/266/2386 3471/268/2386 3468/270/2386
f 3468/270/2386 3471/268/2386 3470/262/2386 3467/261/2386
f 3455/206/2380 3466/271/2380 3469/269/2380 3459/126/2380
f 3466/271/2380 3465/272/2380 3468/270/2380 3469/269/2380
f 3465/272/2380 3464/259/2380 3467/261/2380 3468/270/2380
f 3453/133/2383 3461/273/2383 3466/271/2383 3455/206/2383
f 3461/273/2384 3462/274/2384 3465/272/2384 3466/271/2384
f 3462/274/2385 3463/258/2385 3464/259/2385 3465/272/2385
