# Blender 5.1.1
# www.blender.org
mtllib Regal_groß_var2.mtl
o Regal_groß
v 11.509726 -0.014657 -5.787963
v 11.507713 0.016175 -5.785578
v 11.520382 -0.000732 -5.982368
v 13.108808 -0.014697 -5.787794
v 13.108808 0.016175 -5.785578
v 13.101423 -0.000720 -5.981931
v 13.106009 0.030104 -5.980462
v 12.951529 -0.000147 -5.988905
v 12.575501 -0.000761 -5.980353
v 12.391783 -0.000541 -5.984988
v 12.024309 -0.000354 -5.983636
v 11.888950 -0.001667 -5.970402
v 11.664991 -0.000883 -5.978654
v 12.216365 0.029759 -5.976455
v 12.403876 0.029987 -5.980167
v 12.575501 0.029881 -5.978154
v 11.664991 -0.014134 -5.794025
v 12.032290 -0.013628 -5.801031
v 12.216365 -0.014134 -5.794025
v 12.583946 -0.014529 -5.788519
v 12.952243 -0.015085 -5.782545
v 12.957411 0.015786 -5.781217
v 12.760647 0.016594 -5.792179
v 12.577261 0.016077 -5.785412
v 12.400156 0.016113 -5.786320
v 12.216365 0.016508 -5.791826
v 12.035235 0.017115 -5.799744
v 11.838232 0.015927 -5.786788
v 11.512238 -0.002527 -5.954441
v 11.517489 -0.005183 -5.920158
v 11.513672 -0.007508 -5.886346
v 11.524386 -0.010003 -5.850922
v 11.512844 -0.012351 -5.818317
v 11.513672 0.018262 -5.816264
v 11.504394 0.023247 -5.883587
v 11.512114 0.025646 -5.917978
v 11.487404 0.028569 -5.951589
v 13.102849 -0.012380 -5.818463
v 13.102849 -0.009944 -5.852405
v 13.102848 -0.007508 -5.886346
v 13.102781 -0.005071 -5.920238
v 13.086231 -0.002822 -5.952031
v 13.092293 0.027914 -5.950757
v 13.102849 0.023134 -5.884147
v 13.111313 0.020870 -5.851192
v 12.950525 0.027877 -5.955022
v 12.953360 0.025528 -5.920393
v 12.951529 0.022874 -5.884161
v 12.951529 0.020320 -5.848575
v 12.952459 0.017718 -5.812781
v 12.767738 0.028357 -5.948161
v 12.759384 0.025097 -5.916029
v 12.766987 0.023632 -5.883431
v 12.767738 0.020576 -5.852137
v 12.767715 0.018277 -5.820108
v 12.584700 0.027714 -5.949390
v 12.575639 0.025035 -5.914263
v 12.589026 0.022596 -5.883403
v 12.583946 0.020438 -5.850224
v 12.594398 0.018108 -5.817208
v 12.400156 0.027746 -5.952048
v 12.400156 0.025310 -5.918107
v 12.400156 0.023760 -5.884102
v 12.400156 0.020438 -5.850224
v 12.400156 0.018002 -5.816282
v 12.216365 0.027471 -5.948217
v 12.226353 0.025249 -5.915426
v 12.221624 0.023874 -5.883938
v 12.216365 0.020575 -5.852130
v 12.216365 0.018276 -5.820101
v 12.024444 0.027778 -5.952620
v 12.032574 0.025310 -5.918107
v 12.032574 0.023760 -5.884102
v 12.030462 0.021352 -5.862955
v 12.030462 0.018916 -5.829014
v 11.889239 0.026867 -5.937591
v 11.848783 0.025310 -5.918107
v 11.848783 0.022874 -5.884165
v 11.848885 0.020511 -5.850238
v 11.848783 0.018888 -5.816219
v 11.664991 0.027472 -5.948217
v 11.675482 0.025255 -5.916076
v 11.670683 0.022867 -5.883171
v 11.664991 0.020575 -5.852130
v 11.664991 0.018277 -5.820101
v 11.664991 -0.002652 -5.950379
v 11.664991 -0.004951 -5.918350
v 11.664991 -0.007249 -5.886322
v 11.663108 -0.009316 -5.854666
v 11.671320 -0.012082 -5.821424
v 11.848783 -0.003262 -5.954274
v 11.858557 -0.004854 -5.920129
v 11.849068 -0.007142 -5.888093
v 11.847922 -0.009589 -5.851126
v 11.849251 -0.012142 -5.818182
v 12.024920 -0.002330 -5.954555
v 12.032574 -0.004813 -5.920269
v 12.032574 -0.007249 -5.886327
v 12.032574 -0.009685 -5.852386
v 12.032574 -0.012121 -5.818444
v 12.216365 -0.002652 -5.950379
v 12.216365 -0.004951 -5.918350
v 12.215874 -0.007251 -5.886350
v 12.216365 -0.009548 -5.854292
v 12.213882 -0.012040 -5.821709
v 12.399879 -0.003434 -5.953266
v 12.400156 -0.004813 -5.920269
v 12.400156 -0.007249 -5.886327
v 12.400156 -0.009685 -5.852386
v 12.400156 -0.012121 -5.818444
v 12.585196 -0.002385 -5.950978
v 12.575501 -0.005087 -5.916450
v 12.592627 -0.007288 -5.886343
v 12.583946 -0.009685 -5.852386
v 12.583946 -0.012121 -5.818444
v 12.773033 -0.002849 -5.950482
v 12.778740 -0.004930 -5.917761
v 12.760754 -0.008118 -5.887040
v 12.767738 -0.009548 -5.854299
v 12.768502 -0.011846 -5.822611
v 12.956731 -0.002115 -5.958564
v 12.953989 -0.004555 -5.922616
v 12.951529 -0.008135 -5.886386
v 12.951529 -0.009803 -5.850737
v 12.958989 -0.012282 -5.816343
v 11.511690 0.030768 -5.982667
v 11.506561 0.015749 -5.982896
v 11.489622 0.029363 -5.962495
v 12.768579 -0.002142 -5.960741
v 12.742474 -0.000821 -5.979849
v 12.765968 0.009927 -5.978370
v 12.778124 -0.000764 -5.980644
v 12.216365 -0.002229 -5.957136
v 12.198537 -0.000834 -5.979117
v 12.216365 0.020622 -5.977111
v 12.234189 -0.000848 -5.979298
v 11.664650 0.028032 -5.955136
v 11.681415 0.029735 -5.975906
v 11.664573 0.008292 -5.978036
v 11.645769 0.029889 -5.977302
v 11.891983 0.027650 -5.947279
v 11.915504 0.029405 -5.969551
v 11.891973 0.008973 -5.969446
v 11.879921 0.029329 -5.968301
v 12.026919 0.028515 -5.961826
v 12.050243 0.030115 -5.981708
v 12.026966 0.009644 -5.983189
v 12.014657 0.030039 -5.980339
v 12.767996 0.028683 -5.954903
v 12.786631 0.029797 -5.977418
v 12.763155 0.018967 -5.977840
v 12.750986 0.029736 -5.976576
v 12.969351 0.030450 -5.985986
v 12.951529 0.008989 -5.988250
v 12.933716 0.030419 -5.985703
v 12.950850 0.028721 -5.965234
v 11.830730 -0.014494 -5.789077
v 11.849060 -0.012800 -5.810028
v 11.866362 -0.014445 -5.789755
v 11.841805 0.005389 -5.787396
v 12.379885 -0.014503 -5.789707
v 12.399502 -0.012770 -5.810615
v 12.415545 -0.014542 -5.789167
v 12.399416 0.006823 -5.787204
v 12.750950 -0.014405 -5.792692
v 12.768578 -0.012537 -5.814617
v 12.786590 -0.014459 -5.792109
v 12.763387 0.006151 -5.792502
v 11.664991 -0.004998 -5.793370
v 11.682819 0.016448 -5.791308
v 11.664991 0.017854 -5.813345
v 11.647169 0.016470 -5.791118
v 11.513828 0.019160 -5.828691
v 11.531931 0.020699 -5.850421
v 11.508203 0.022254 -5.870482
v 11.520790 0.000735 -5.850667
v 13.099446 0.026815 -5.936684
v 13.090933 0.025399 -5.918590
v 13.105122 0.023998 -5.897295
v 13.104650 0.004443 -5.919651
v 13.102849 -0.003244 -5.817807
v 13.107850 0.019803 -5.836902
v 13.085020 0.018197 -5.815851
v 13.106916 0.016837 -5.795320
v 13.106304 -0.015370 -6.199439
v 13.108316 0.015444 -6.202048
v 13.095648 -0.000036 -6.005140
v 11.507221 -0.015411 -6.199607
v 11.507221 0.015444 -6.202047
v 11.514606 -0.000027 -6.005577
v 11.510020 0.030785 -6.007269
v 11.664500 0.000596 -5.998607
v 12.040527 -0.000080 -6.007154
v 12.224246 0.000174 -6.002522
v 12.591721 0.000352 -6.003875
v 12.727078 -0.001057 -6.017098
v 12.951037 -0.000214 -6.008852
v 12.399664 0.030411 -6.011274
v 12.212152 0.030667 -6.007564
v 12.040527 0.030546 -6.009575
v 12.951037 -0.014803 -6.193381
v 12.583739 -0.014247 -6.186379
v 12.399664 -0.014803 -6.193380
v 12.032082 -0.015238 -6.198884
v 11.663786 -0.015838 -6.204854
v 11.658618 0.015023 -6.206405
v 11.855383 0.015910 -6.195450
v 12.038769 0.015345 -6.202213
v 12.215874 0.015387 -6.201305
v 12.399664 0.015822 -6.195802
v 12.580793 0.016487 -6.187889
v 12.777797 0.015205 -6.200836
v 13.103792 -0.002033 -6.033054
v 13.098539 -0.004938 -6.067316
v 13.102358 -0.007508 -6.101111
v 13.091642 -0.010259 -6.136516
v 13.103186 -0.012844 -6.169102
v 13.102358 0.017753 -6.171378
v 13.111635 0.023227 -6.104093
v 13.103916 0.025874 -6.069720
v 13.128625 0.029041 -6.036131
v 11.513180 -0.012872 -6.168956
v 11.513180 -0.010190 -6.135033
v 11.513180 -0.007508 -6.101110
v 11.513248 -0.004825 -6.067236
v 11.529799 -0.002346 -6.035461
v 11.523737 0.028381 -6.036958
v 11.513181 0.023117 -6.103531
v 11.504716 0.020614 -6.136468
v 11.665504 0.028374 -6.032692
v 11.662670 0.025774 -6.067304
v 11.664500 0.022857 -6.103516
v 11.664500 0.020046 -6.139081
v 11.663570 0.017184 -6.174856
v 11.848291 0.028805 -6.039557
v 11.856645 0.025311 -6.071664
v 11.849042 0.023610 -6.104250
v 11.848291 0.020327 -6.135522
v 11.848313 0.017796 -6.167533
v 12.031329 0.028170 -6.038323
v 12.040390 0.025236 -6.073430
v 12.027002 0.022574 -6.104271
v 12.032083 0.020176 -6.137434
v 12.021631 0.017607 -6.170432
v 12.215874 0.028222 -6.035665
v 12.215874 0.025540 -6.069588
v 12.215874 0.023743 -6.103581
v 12.215874 0.020176 -6.137434
v 12.215874 0.017494 -6.171357
v 12.399664 0.027919 -6.039495
v 12.389676 0.025459 -6.072269
v 12.394404 0.023856 -6.103746
v 12.399664 0.020326 -6.135529
v 12.399664 0.017795 -6.167540
v 12.591585 0.028258 -6.035094
v 12.583456 0.025540 -6.069588
v 12.583456 0.023743 -6.103581
v 12.585567 0.021182 -6.124710
v 12.585567 0.018500 -6.158633
v 12.726789 0.027238 -6.050117
v 12.767246 0.025540 -6.069589
v 12.767246 0.022858 -6.103511
v 12.767145 0.020248 -6.137421
v 12.767246 0.018379 -6.171427
v 12.951037 0.027919 -6.039495
v 12.940547 0.025469 -6.071619
v 12.945346 0.022844 -6.104506
v 12.951037 0.020326 -6.135529
v 12.951037 0.017796 -6.167541
v 12.951037 -0.002187 -6.037114
v 12.951037 -0.004718 -6.069126
v 12.951037 -0.007249 -6.101137
v 12.952921 -0.009545 -6.132777
v 12.944710 -0.012552 -6.165998
v 12.767246 -0.002770 -6.033215
v 12.757472 -0.004609 -6.067347
v 12.766962 -0.007129 -6.099366
v 12.768106 -0.009845 -6.136314
v 12.766779 -0.012636 -6.169240
v 12.591109 -0.001836 -6.032941
v 12.583456 -0.004567 -6.067208
v 12.583456 -0.007249 -6.101131
v 12.583456 -0.009931 -6.135054
v 12.583456 -0.012613 -6.168977
v 12.399664 -0.002188 -6.037114
v 12.399664 -0.004718 -6.069126
v 12.400156 -0.007251 -6.101109
v 12.399664 -0.009780 -6.133148
v 12.402147 -0.012509 -6.165713
v 12.216150 -0.002949 -6.034222
v 12.215874 -0.004567 -6.067208
v 12.215874 -0.007249 -6.101130
v 12.215874 -0.009931 -6.135054
v 12.215874 -0.012613 -6.168977
v 12.030834 -0.001916 -6.036517
v 12.040527 -0.004869 -6.071025
v 12.023403 -0.007288 -6.101115
v 12.032083 -0.009931 -6.135054
v 12.032082 -0.012613 -6.168976
v 11.842996 -0.002384 -6.037009
v 11.837290 -0.004702 -6.069715
v 11.855276 -0.008113 -6.100411
v 11.848291 -0.009780 -6.133142
v 11.847527 -0.012308 -6.164812
v 11.659298 -0.001591 -6.028933
v 11.662041 -0.004292 -6.064863
v 11.664500 -0.008134 -6.101065
v 11.664500 -0.010061 -6.136701
v 11.657040 -0.012790 -6.171076
v 13.104339 0.031466 -6.005070
v 13.109468 0.016448 -6.004732
v 13.126408 0.029915 -6.025231
v 11.847450 -0.001602 -6.026756
v 11.873556 -0.000143 -6.007658
v 11.850061 0.010594 -6.009215
v 11.837906 -0.000080 -6.006864
v 12.399664 -0.001716 -6.030361
v 12.417492 -0.000161 -6.008390
v 12.399664 0.021280 -6.010552
v 12.381840 -0.000174 -6.008209
v 12.951379 0.028530 -6.032580
v 12.934614 0.030384 -6.011823
v 12.951456 0.008957 -6.009538
v 12.970261 0.030547 -6.010428
v 12.724046 0.028091 -6.040433
v 12.700525 0.030008 -6.018176
v 12.724056 0.009576 -6.018133
v 12.736109 0.029922 -6.019424
v 12.589109 0.029062 -6.025893
v 12.565786 0.030805 -6.006024
v 12.589064 0.010346 -6.004395
v 12.601373 0.030720 -6.007392
v 11.848034 0.029179 -6.032818
v 11.829399 0.030457 -6.010310
v 11.852874 0.019630 -6.009810
v 11.865044 0.030390 -6.011153
v 11.646678 0.031171 -6.001748
v 11.664500 0.009728 -5.999329
v 11.682313 0.031139 -6.002031
v 11.665180 0.029292 -6.022487
v 12.785299 -0.015199 -6.198326
v 12.766970 -0.013353 -6.177389
v 12.749668 -0.015146 -6.197649
v 12.774225 0.004671 -6.200152
v 12.236143 -0.015203 -6.197696
v 12.216528 -0.013319 -6.176801
v 12.200483 -0.015246 -6.198236
v 12.216614 0.006104 -6.200354
v 11.865080 -0.015084 -6.194711
v 11.847452 -0.013056 -6.172801
v 11.829439 -0.015142 -6.195294
v 11.852642 0.005470 -6.195051
v 12.951037 -0.005672 -6.194103
v 12.933210 0.015758 -6.196320
v 12.951037 0.017324 -6.174294
v 12.968860 0.015779 -6.196510
v 13.102201 0.018742 -6.158958
v 13.084098 0.020438 -6.137239
v 13.107826 0.022138 -6.117190
v 13.095239 0.000477 -6.136848
v 11.516582 0.027179 -6.051022
v 11.525097 0.025632 -6.069105
v 11.510907 0.024077 -6.090389
v 11.511379 0.004684 -6.067893
v 11.513181 -0.003741 -6.169678
v 11.508179 0.019443 -6.150751
v 11.531010 0.017685 -6.171790
v 11.509113 0.016177 -6.192310
v 11.728458 0.008534 -6.156949
v 11.726108 0.007250 -6.187784
v 11.922878 0.015334 -6.170656
v 11.728289 1.028982 -6.156910
v 11.726108 1.028982 -6.187784
v 11.922441 1.024271 -6.170668
v 11.921007 1.027197 -6.201494
v 11.929417 0.928616 -6.171233
v 11.920864 0.688655 -6.170629
v 11.925498 0.571416 -6.170844
v 11.924147 0.336914 -6.171033
v 11.910912 0.250535 -6.169735
v 11.919165 0.107617 -6.170509
v 11.917000 0.459473 -6.201153
v 11.920712 0.579133 -6.201378
v 11.918699 0.688655 -6.201273
v 11.734521 0.107617 -6.157465
v 11.741526 0.342007 -6.157963
v 11.734521 0.459473 -6.157465
v 11.729014 0.694045 -6.157076
v 11.723039 0.929071 -6.156527
v 11.721746 0.932369 -6.187400
v 11.732708 0.806805 -6.188195
v 11.725941 0.689778 -6.187686
v 11.726850 0.576759 -6.187721
v 11.732356 0.459473 -6.188110
v 11.740274 0.343886 -6.188709
v 11.727317 0.218170 -6.187535
v 11.894949 0.010137 -6.168893
v 11.860664 0.013488 -6.166275
v 11.826849 0.011052 -6.163988
v 11.791422 0.017890 -6.161533
v 11.758815 0.010524 -6.159221
v 11.756796 0.011053 -6.189837
v 11.824124 0.005131 -6.194746
v 11.858518 0.010058 -6.197106
v 11.892132 -0.005710 -6.199991
v 11.758961 1.025180 -6.159192
v 11.792904 1.025180 -6.161590
v 11.826849 1.025180 -6.163988
v 11.860744 1.025137 -6.166387
v 11.892538 1.014575 -6.168600
v 11.891299 1.018443 -6.199338
v 11.824684 1.025180 -6.194632
v 11.791727 1.030581 -6.192405
v 11.895565 0.927975 -6.199296
v 11.860932 0.929784 -6.196986
v 11.824697 0.928616 -6.194372
v 11.789109 0.928616 -6.191858
v 11.753312 0.929209 -6.189296
v 11.888703 0.811330 -6.199784
v 11.856568 0.805999 -6.196559
v 11.823969 0.810851 -6.195131
v 11.792671 0.811330 -6.192110
v 11.760640 0.811316 -6.189847
v 11.889933 0.694525 -6.199139
v 11.854802 0.688743 -6.196499
v 11.823940 0.697286 -6.194096
v 11.790758 0.694045 -6.191975
v 11.757740 0.700714 -6.189682
v 11.892591 0.576759 -6.199169
v 11.858646 0.576759 -6.196771
v 11.824640 0.576759 -6.195258
v 11.790758 0.576759 -6.191975
v 11.756814 0.576759 -6.189577
v 11.888760 0.459473 -6.198898
v 11.855965 0.465847 -6.196712
v 11.824476 0.462830 -6.195373
v 11.792665 0.459473 -6.192110
v 11.760633 0.459473 -6.189847
v 11.893162 0.336999 -6.199199
v 11.858646 0.342188 -6.196771
v 11.824640 0.342188 -6.195258
v 11.803490 0.340840 -6.192874
v 11.769547 0.340841 -6.190476
v 11.878132 0.250719 -6.198306
v 11.858646 0.224902 -6.196771
v 11.824702 0.224902 -6.194373
v 11.790772 0.224967 -6.192047
v 11.756751 0.224902 -6.190463
v 11.888760 0.107617 -6.198898
v 11.856615 0.114311 -6.196717
v 11.823708 0.111249 -6.194367
v 11.792665 0.107617 -6.192110
v 11.760633 0.107617 -6.189847
v 11.890887 0.107617 -6.168772
v 11.858856 0.107617 -6.166510
v 11.826824 0.107617 -6.164247
v 11.795167 0.106414 -6.162216
v 11.761921 0.111655 -6.159487
v 11.894781 0.224902 -6.168158
v 11.860636 0.231140 -6.166604
v 11.828596 0.225084 -6.164352
v 11.791627 0.224353 -6.161946
v 11.758679 0.225201 -6.159431
v 11.895063 0.337303 -6.169089
v 11.860775 0.342188 -6.166645
v 11.826830 0.342188 -6.164247
v 11.792887 0.342188 -6.161849
v 11.758942 0.342188 -6.159451
v 11.890887 0.459473 -6.168772
v 11.858856 0.459473 -6.166510
v 11.826853 0.459160 -6.164245
v 11.794792 0.459473 -6.161984
v 11.762207 0.457889 -6.159528
v 11.893774 0.576582 -6.167986
v 11.860775 0.576759 -6.166645
v 11.826830 0.576759 -6.164247
v 11.792887 0.576759 -6.161849
v 11.758942 0.576759 -6.159451
v 11.891486 0.694841 -6.169038
v 11.856955 0.688655 -6.166375
v 11.826845 0.699584 -6.164207
v 11.792887 0.694045 -6.161849
v 11.758942 0.694044 -6.159451
v 11.890990 0.814709 -6.168574
v 11.858267 0.818351 -6.166531
v 11.827541 0.806873 -6.163377
v 11.794800 0.811330 -6.161984
v 11.763109 0.811818 -6.159721
v 11.899073 0.931935 -6.169300
v 11.863121 0.930185 -6.166900
v 11.826888 0.928616 -6.163361
v 11.791237 0.928616 -6.161733
v 11.756841 0.933376 -6.159292
v 11.923212 0.009788 -6.202156
v 11.923425 0.006515 -6.187136
v 11.903039 -0.004295 -6.200774
v 11.901249 0.811867 -6.169271
v 11.920359 0.795208 -6.170570
v 11.918892 0.810201 -6.181320
v 11.921154 0.817958 -6.170626
v 11.897644 0.459473 -6.169187
v 11.919627 0.448096 -6.170557
v 11.917645 0.459473 -6.192017
v 11.919807 0.470848 -6.170543
v 11.895679 0.107399 -6.199451
v 11.916451 0.118097 -6.201130
v 11.918556 0.107349 -6.179685
v 11.917847 0.095350 -6.201282
v 11.887821 0.252470 -6.199077
v 11.910095 0.267480 -6.200808
v 11.909967 0.252464 -6.180376
v 11.908845 0.244773 -6.200732
v 11.902369 0.338579 -6.199926
v 11.922253 0.353463 -6.201503
v 11.923711 0.338609 -6.181031
v 11.920884 0.330754 -6.201429
v 11.895446 0.811495 -6.200102
v 11.917963 0.823386 -6.201190
v 11.918373 0.808406 -6.190361
v 11.917120 0.800640 -6.201131
v 11.926531 0.939989 -6.201833
v 11.928771 0.928616 -6.180370
v 11.926249 0.917248 -6.201804
v 11.905777 0.928182 -6.200128
v 11.729572 0.213382 -6.157111
v 11.750525 0.225079 -6.158782
v 11.730249 0.236120 -6.157159
v 11.727913 0.220449 -6.176996
v 11.730202 0.563824 -6.157102
v 11.751112 0.576341 -6.158811
v 11.729662 0.586580 -6.157063
v 11.727722 0.576287 -6.178430
v 11.733187 0.800617 -6.157196
v 11.755115 0.811866 -6.159040
v 11.732604 0.823360 -6.157143
v 11.733020 0.808553 -6.177752
v 11.733875 0.107617 -6.166603
v 11.731837 0.118993 -6.188051
v 11.753876 0.107617 -6.189432
v 11.731647 0.096243 -6.188073
v 11.769223 0.011153 -6.190721
v 11.790956 0.022705 -6.192235
v 11.811018 0.007562 -6.193768
v 11.791180 0.015595 -6.172271
v 11.877226 1.023009 -6.198254
v 11.859130 1.017576 -6.196859
v 11.837833 1.026631 -6.195482
v 11.860167 1.026330 -6.175901
v 11.758315 1.025180 -6.168329
v 11.777435 1.028371 -6.191354
v 11.756382 1.013803 -6.189772
v 11.735849 1.027775 -6.188436
v 11.529812 -0.002826 -6.178701
v 11.533327 -0.004158 -6.209425
v 11.723323 0.004227 -6.155447
v 11.529638 1.055704 -6.178695
v 11.533327 1.055704 -6.209425
v 11.722897 1.050817 -6.155541
v 11.727308 1.053852 -6.186083
v 11.729852 0.951592 -6.154779
v 11.721339 0.702676 -6.155801
v 11.725931 0.581062 -6.155137
v 11.724639 0.337808 -6.155578
v 11.711397 0.248206 -6.156802
v 11.719648 0.099954 -6.156004
v 11.723309 0.464942 -6.186506
v 11.726996 0.589067 -6.186025
v 11.725000 0.702676 -6.186303
v 11.535863 0.099954 -6.178063
v 11.542837 0.343091 -6.177229
v 11.535863 0.464942 -6.178063
v 11.530382 0.708267 -6.178721
v 11.524410 0.952065 -6.179310
v 11.528971 0.955486 -6.209871
v 11.539886 0.825235 -6.208582
v 11.533145 0.703841 -6.209361
v 11.534043 0.586604 -6.209223
v 11.539524 0.464942 -6.208565
v 11.547413 0.345041 -6.207658
v 11.534468 0.214633 -6.208952
v 11.695562 -0.001164 -6.158989
v 11.661400 0.002313 -6.162893
v 11.627762 -0.000214 -6.167033
v 11.592508 0.006879 -6.171313
v 11.560051 -0.000762 -6.175200
v 11.563850 -0.000214 -6.205646
v 11.630895 -0.006356 -6.197752
v 11.665114 -0.001245 -6.193575
v 11.698668 -0.017602 -6.190061
v 11.560189 1.051760 -6.175144
v 11.593975 1.051760 -6.171088
v 11.627762 1.051760 -6.167033
v 11.661500 1.051715 -6.162988
v 11.693140 1.040759 -6.159157
v 11.697728 1.044772 -6.189576
v 11.631423 1.051760 -6.197535
v 11.598639 1.057363 -6.201571
v 11.701908 0.950928 -6.188729
v 11.667463 0.952803 -6.193001
v 11.631387 0.951592 -6.197277
v 11.595964 0.951592 -6.201529
v 11.560328 0.952208 -6.205773
v 11.695263 0.829929 -6.190504
v 11.663097 0.824400 -6.193406
v 11.630816 0.829432 -6.198160
v 11.599510 0.829929 -6.201103
v 11.567628 0.829915 -6.204930
v 11.696348 0.708765 -6.189639
v 11.661351 0.702767 -6.193681
v 11.630590 0.711629 -6.197148
v 11.597605 0.708267 -6.201332
v 11.564748 0.715185 -6.205316
v 11.698964 0.586604 -6.189166
v 11.665178 0.586604 -6.193221
v 11.631497 0.586604 -6.198158
v 11.597605 0.586604 -6.201332
v 11.563819 0.586604 -6.205388
v 11.695150 0.464942 -6.189624
v 11.662534 0.471553 -6.193671
v 11.631358 0.468424 -6.198302
v 11.599503 0.464942 -6.201104
v 11.567620 0.464942 -6.204931
v 11.699531 0.337897 -6.189088
v 11.665178 0.343279 -6.193221
v 11.631497 0.343279 -6.198158
v 11.610278 0.341881 -6.199811
v 11.576492 0.341881 -6.203866
v 11.684603 0.248397 -6.191049
v 11.665178 0.221616 -6.193222
v 11.631392 0.221617 -6.197277
v 11.597633 0.221684 -6.201400
v 11.563925 0.221616 -6.206269
v 11.695150 0.099954 -6.189624
v 11.663174 0.106898 -6.193552
v 11.630414 0.103721 -6.197459
v 11.599503 0.099954 -6.201104
v 11.567620 0.099954 -6.204931
v 11.691551 0.099954 -6.159638
v 11.659669 0.099954 -6.163465
v 11.627787 0.099954 -6.167292
v 11.596315 0.098707 -6.171276
v 11.563152 0.104143 -6.174874
v 11.695259 0.221616 -6.158299
v 11.661434 0.228087 -6.163222
v 11.629547 0.221805 -6.167060
v 11.592788 0.221047 -6.171679
v 11.559958 0.221926 -6.175431
v 11.695711 0.338212 -6.159161
v 11.661579 0.343279 -6.163236
v 11.627792 0.343279 -6.167291
v 11.594006 0.343279 -6.171347
v 11.560220 0.343279 -6.175402
v 11.691551 0.464942 -6.159638
v 11.659669 0.464942 -6.163465
v 11.627814 0.464616 -6.167285
v 11.595903 0.464942 -6.171119
v 11.563440 0.463298 -6.174861
v 11.694237 0.586421 -6.158322
v 11.661579 0.586604 -6.163236
v 11.627792 0.586604 -6.167291
v 11.594006 0.586604 -6.171347
v 11.560220 0.586604 -6.175402
v 11.692190 0.709093 -6.159786
v 11.657777 0.702676 -6.163692
v 11.627800 0.714013 -6.167250
v 11.594006 0.708267 -6.171347
v 11.560220 0.708267 -6.175402
v 11.691615 0.833435 -6.159425
v 11.659094 0.837212 -6.163597
v 11.628327 0.825306 -6.166303
v 11.595911 0.829930 -6.171118
v 11.564363 0.830435 -6.174880
v 11.699690 0.955035 -6.158611
v 11.663932 0.953220 -6.163043
v 11.627682 0.951592 -6.166410
v 11.592365 0.951592 -6.171544
v 11.558126 0.956530 -6.175642
v 11.729599 -0.001525 -6.186317
v 11.726971 -0.004921 -6.171527
v 11.709528 -0.016134 -6.188769
v 11.701820 0.830486 -6.158171
v 11.720833 0.813205 -6.155838
v 11.721422 0.828758 -6.166672
v 11.721623 0.836805 -6.155743
v 11.698265 0.464942 -6.158770
v 11.720111 0.453140 -6.155964
v 11.722218 0.464942 -6.177411
v 11.720286 0.476741 -6.155916
v 11.702049 0.099728 -6.188860
v 11.722765 0.110825 -6.186587
v 11.720783 0.099676 -6.165130
v 11.724165 0.087229 -6.186472
v 11.694263 0.250214 -6.189977
v 11.716463 0.265783 -6.187470
v 11.712479 0.250207 -6.167430
v 11.715221 0.242228 -6.187632
v 11.708710 0.339536 -6.188064
v 11.728534 0.354975 -6.185857
v 11.726099 0.339567 -6.165478
v 11.727175 0.331419 -6.186043
v 11.701944 0.830100 -6.189543
v 11.724262 0.842436 -6.186360
v 11.722619 0.826896 -6.175648
v 11.723423 0.818840 -6.186461
v 11.732798 0.963390 -6.185374
v 11.730944 0.951592 -6.163874
v 11.732513 0.939801 -6.185398
v 11.712095 0.951142 -6.187618
v 11.530936 0.209667 -6.178650
v 11.551827 0.221800 -6.176334
v 11.531610 0.233253 -6.178569
v 11.533062 0.216997 -6.198491
v 11.531553 0.573186 -6.178522
v 11.552410 0.586171 -6.176251
v 11.531015 0.596792 -6.178586
v 11.533146 0.586114 -6.199935
v 11.534502 0.818816 -6.178051
v 11.556383 0.830485 -6.175721
v 11.533920 0.842408 -6.178109
v 11.538220 0.827049 -6.198268
v 11.536955 0.099954 -6.187158
v 11.539003 0.111755 -6.208605
v 11.560907 0.099954 -6.205800
v 11.538822 0.088156 -6.208663
v 11.576221 -0.000110 -6.204167
v 11.597849 0.011873 -6.201550
v 11.617840 -0.003835 -6.199266
v 11.594297 0.004498 -6.181903
v 11.683702 1.049507 -6.191170
v 11.665669 1.043872 -6.193217
v 11.644496 1.053265 -6.195886
v 11.662730 1.052952 -6.172441
v 11.561281 1.051760 -6.184238
v 11.584406 1.055071 -6.203238
v 11.563433 1.039958 -6.205661
v 11.543016 1.054452 -6.208225
v 11.920079 -0.001395 -6.165019
v 11.920239 -0.002729 -6.195943
v 12.115049 0.002932 -6.162781
v 11.934711 1.057034 -6.164994
v 11.935062 1.057029 -6.195943
v 12.129252 1.049425 -6.162829
v 12.130385 1.052445 -6.193669
v 12.134861 0.950113 -6.162822
v 12.122808 0.701341 -6.162919
v 12.125743 0.579674 -6.162754
v 12.121009 0.336462 -6.163053
v 12.106461 0.247055 -6.162841
v 12.112675 0.098701 -6.162938
v 12.118128 0.463649 -6.193657
v 12.123581 0.587710 -6.193577
v 12.123156 0.701336 -6.193638
v 11.927601 0.101290 -6.165038
v 11.938024 0.344305 -6.164961
v 11.932705 0.466242 -6.165038
v 11.930590 0.709621 -6.165101
v 11.927999 0.953479 -6.165042
v 11.929283 0.956882 -6.195917
v 11.938452 0.826490 -6.195813
v 11.929968 0.705203 -6.195859
v 11.929236 0.587965 -6.195819
v 11.933054 0.466237 -6.195757
v 11.939317 0.346237 -6.195706
v 11.924484 0.216024 -6.195596
v 12.086996 -0.002067 -6.163308
v 12.052664 0.001890 -6.163502
v 12.018744 -0.000163 -6.163988
v 11.983337 0.007426 -6.164439
v 11.950546 0.000243 -6.164801
v 11.951044 0.000784 -6.195479
v 12.018457 -0.006301 -6.194866
v 12.052996 -0.001673 -6.194406
v 12.086502 -0.018500 -6.194532
v 11.965409 1.052660 -6.164760
v 11.999433 1.052185 -6.164374
v 12.033456 1.051709 -6.163988
v 12.067430 1.051189 -6.163608
v 12.099143 1.039788 -6.163213
v 12.100477 1.043782 -6.193949
v 12.033804 1.051704 -6.194707
v 12.000857 1.057768 -6.195182
v 12.103412 0.949888 -6.193559
v 12.068737 0.952249 -6.194088
v 12.032395 0.951546 -6.194447
v 11.996725 0.952045 -6.194851
v 11.960850 0.953162 -6.195225
v 12.094922 0.828997 -6.194606
v 12.062556 0.823919 -6.194020
v 12.030024 0.829408 -6.195263
v 11.998593 0.830344 -6.194811
v 11.966488 0.830779 -6.195175
v 12.094398 0.707828 -6.193862
v 12.059090 0.702323 -6.194105
v 12.028261 0.711618 -6.194233
v 11.994974 0.708720 -6.194833
v 11.961979 0.716101 -6.195248
v 12.095343 0.585642 -6.193675
v 12.061319 0.586118 -6.194061
v 12.027306 0.586594 -6.195334
v 11.993273 0.587069 -6.194833
v 11.959249 0.587545 -6.195219
v 12.089800 0.464045 -6.193718
v 12.057034 0.471116 -6.194222
v 12.025499 0.468426 -6.195462
v 11.993482 0.465392 -6.194811
v 11.961376 0.465841 -6.195175
v 12.092436 0.336951 -6.193659
v 12.057916 0.342816 -6.194061
v 12.023903 0.343292 -6.195334
v 12.002611 0.342192 -6.194688
v 11.968588 0.342668 -6.195074
v 12.076133 0.247670 -6.193997
v 12.056214 0.221166 -6.194061
v 12.022191 0.221642 -6.194447
v 11.988189 0.222184 -6.194904
v 11.954155 0.222593 -6.196106
v 12.084696 0.099093 -6.193718
v 12.052582 0.106487 -6.194173
v 12.019550 0.103772 -6.194522
v 11.988377 0.100440 -6.194811
v 11.956271 0.100889 -6.195175
v 12.084352 0.099098 -6.163520
v 12.052247 0.099547 -6.163884
v 12.020141 0.099996 -6.164248
v 11.988409 0.099192 -6.164813
v 11.955131 0.105094 -6.164812
v 12.089885 0.220695 -6.162589
v 12.055820 0.227642 -6.163833
v 12.023620 0.221810 -6.164208
v 11.986570 0.221570 -6.164834
v 11.953543 0.222911 -6.165021
v 12.091872 0.337274 -6.163494
v 12.057573 0.342821 -6.163862
v 12.023550 0.343297 -6.164248
v 11.989527 0.343773 -6.164634
v 11.955503 0.344249 -6.165020
v 12.089458 0.464050 -6.163520
v 12.057352 0.464499 -6.163884
v 12.025270 0.464622 -6.164244
v 11.993139 0.465397 -6.164612
v 11.960442 0.464210 -6.164830
v 12.093968 0.585477 -6.162501
v 12.060976 0.586123 -6.163862
v 12.026953 0.586598 -6.164248
v 11.992929 0.587074 -6.164634
v 11.958906 0.587550 -6.165020
v 12.093491 0.708169 -6.163736
v 12.058771 0.702237 -6.163906
v 12.028748 0.713994 -6.164207
v 11.994632 0.708725 -6.164634
v 11.960608 0.709201 -6.165020
v 12.094698 0.832506 -6.163314
v 12.061973 0.836741 -6.163953
v 12.030930 0.825268 -6.163323
v 11.998251 0.830349 -6.164612
v 11.966492 0.831299 -6.164948
v 12.104513 0.953981 -6.163377
v 12.068464 0.952670 -6.163925
v 12.032043 0.951551 -6.163361
v 11.996382 0.952050 -6.164653
v 11.961973 0.957470 -6.165033
v 12.117878 -0.002861 -6.194148
v 12.116813 -0.006242 -6.179161
v 12.097456 -0.017185 -6.194420
v 12.104937 0.829414 -6.163169
v 12.123846 0.811866 -6.162901
v 12.123481 0.827426 -6.173735
v 12.124972 0.835452 -6.162892
v 12.096226 0.463955 -6.163381
v 12.118079 0.451847 -6.162949
v 12.118024 0.463650 -6.184498
v 12.118588 0.475442 -6.162920
v 12.091633 0.098770 -6.193704
v 12.112625 0.109574 -6.193679
v 12.112816 0.098422 -6.172133
v 12.113699 0.085961 -6.193716
v 12.085877 0.249351 -6.193974
v 12.108433 0.264606 -6.193877
v 12.106417 0.249056 -6.173524
v 12.106852 0.241071 -6.193904
v 12.101694 0.338461 -6.193631
v 12.121853 0.353619 -6.193576
v 12.121416 0.338216 -6.173054
v 12.120153 0.330084 -6.193614
v 12.101669 0.829073 -6.194372
v 12.124371 0.841092 -6.193615
v 12.123676 0.825561 -6.182788
v 12.123196 0.817511 -6.193625
v 12.134653 0.961914 -6.193555
v 12.134966 0.950111 -6.171981
v 12.134039 0.938332 -6.193549
v 12.113661 0.949959 -6.193553
v 11.924175 0.211061 -6.165089
v 11.945361 0.222899 -6.165041
v 11.925184 0.234636 -6.165082
v 11.924250 0.218392 -6.185043
v 11.929886 0.574537 -6.165029
v 11.951045 0.587227 -6.165022
v 11.929675 0.598147 -6.165034
v 11.929340 0.587474 -6.186488
v 11.936304 0.820101 -6.164878
v 11.958469 0.831461 -6.164923
v 11.936049 0.843699 -6.164873
v 11.937933 0.828312 -6.185379
v 11.927705 0.101289 -6.174197
v 11.927593 0.113092 -6.195740
v 11.949503 0.100984 -6.195314
v 11.927075 0.089498 -6.195778
v 11.963503 0.000714 -6.195344
v 11.985453 0.012391 -6.195076
v 12.005352 -0.003596 -6.194963
v 11.983940 0.005037 -6.175161
v 12.086430 1.048715 -6.194020
v 12.068203 1.043334 -6.194109
v 12.046999 1.053024 -6.194478
v 12.067650 1.052423 -6.173137
v 11.965513 1.052659 -6.173919
v 11.986497 1.055677 -6.195303
v 11.965176 1.040861 -6.195449
v 11.944807 1.055641 -6.195796
v 12.709387 1.027385 -6.156949
v 12.711737 1.028669 -6.187784
v 12.514966 1.020585 -6.170656
v 12.709556 0.006936 -6.156910
v 12.711737 0.006936 -6.187784
v 12.515403 0.011648 -6.170668
v 12.516838 0.008722 -6.201494
v 12.508429 0.107303 -6.171233
v 12.516981 0.347264 -6.170629
v 12.512346 0.464503 -6.170844
v 12.513699 0.699005 -6.171033
v 12.526933 0.785383 -6.169735
v 12.518681 0.928302 -6.170509
v 12.520845 0.576445 -6.201153
v 12.517133 0.456786 -6.201378
v 12.519146 0.347264 -6.201273
v 12.703323 0.928302 -6.157465
v 12.696318 0.693912 -6.157963
v 12.703323 0.576445 -6.157465
v 12.708830 0.341874 -6.157076
v 12.714806 0.106847 -6.156527
v 12.716099 0.103550 -6.187400
v 12.705136 0.229114 -6.188195
v 12.711904 0.346141 -6.187686
v 12.710995 0.459160 -6.187721
v 12.705488 0.576445 -6.188110
v 12.697571 0.692032 -6.188709
v 12.710527 0.817749 -6.187535
v 12.542896 1.025782 -6.168893
v 12.577181 1.022430 -6.166275
v 12.610996 1.024866 -6.163988
v 12.646423 1.018029 -6.161533
v 12.679029 1.025395 -6.159221
v 12.681049 1.024866 -6.189837
v 12.613720 1.030787 -6.194746
v 12.579327 1.025861 -6.197106
v 12.545713 1.041629 -6.199991
v 12.678885 0.010739 -6.159192
v 12.644939 0.010739 -6.161590
v 12.610996 0.010739 -6.163988
v 12.577101 0.010782 -6.166387
v 12.545305 0.021344 -6.168600
v 12.546545 0.017476 -6.199338
v 12.613161 0.010739 -6.194632
v 12.646117 0.005337 -6.192405
v 12.542280 0.107943 -6.199296
v 12.576912 0.106135 -6.196986
v 12.613148 0.107303 -6.194373
v 12.648735 0.107303 -6.191858
v 12.684532 0.106709 -6.189296
v 12.549141 0.224589 -6.199784
v 12.581276 0.229919 -6.196559
v 12.613875 0.225068 -6.195131
v 12.645173 0.224589 -6.192110
v 12.677204 0.224603 -6.189847
v 12.547913 0.341394 -6.199139
v 12.583042 0.347176 -6.196499
v 12.613905 0.338633 -6.194096
v 12.647087 0.341874 -6.191975
v 12.680105 0.335205 -6.189682
v 12.545254 0.459160 -6.199169
v 12.579198 0.459160 -6.196771
v 12.613205 0.459160 -6.195258
v 12.647087 0.459160 -6.191975
v 12.681030 0.459160 -6.189577
v 12.549086 0.576445 -6.198898
v 12.581879 0.570072 -6.196712
v 12.613369 0.573089 -6.195373
v 12.645180 0.576445 -6.192110
v 12.677212 0.576445 -6.189847
v 12.544683 0.698919 -6.199199
v 12.579198 0.693731 -6.196771
v 12.613205 0.693731 -6.195258
v 12.634354 0.695078 -6.192874
v 12.668299 0.695078 -6.190476
v 12.559713 0.785200 -6.198306
v 12.579199 0.811016 -6.196771
v 12.613142 0.811016 -6.194373
v 12.647072 0.810952 -6.192047
v 12.681093 0.811016 -6.190463
v 12.549086 0.928302 -6.198898
v 12.581229 0.921608 -6.196717
v 12.614137 0.924670 -6.194367
v 12.645180 0.928302 -6.192110
v 12.677212 0.928302 -6.189847
v 12.546957 0.928302 -6.168772
v 12.578989 0.928302 -6.166510
v 12.611020 0.928302 -6.164247
v 12.642677 0.929504 -6.162216
v 12.675923 0.924264 -6.159487
v 12.543063 0.811016 -6.168158
v 12.577209 0.804779 -6.166604
v 12.609248 0.810835 -6.164352
v 12.646217 0.811566 -6.161946
v 12.679165 0.810718 -6.159431
v 12.542782 0.698615 -6.169089
v 12.577070 0.693731 -6.166645
v 12.611014 0.693731 -6.164247
v 12.644958 0.693731 -6.161849
v 12.678903 0.693731 -6.159451
v 12.546957 0.576445 -6.168772
v 12.578989 0.576445 -6.166510
v 12.610991 0.576759 -6.164245
v 12.643052 0.576445 -6.161984
v 12.675638 0.578030 -6.159528
v 12.544071 0.459337 -6.167986
v 12.577070 0.459160 -6.166645
v 12.611013 0.459160 -6.164247
v 12.644958 0.459160 -6.161849
v 12.678903 0.459160 -6.159451
v 12.546358 0.341078 -6.169038
v 12.580890 0.347264 -6.166375
v 12.610998 0.336335 -6.164207
v 12.644958 0.341874 -6.161849
v 12.678903 0.341874 -6.159451
v 12.546854 0.221209 -6.168574
v 12.579578 0.217568 -6.166531
v 12.610302 0.229046 -6.163377
v 12.643045 0.224589 -6.161984
v 12.674736 0.224101 -6.159721
v 12.538772 0.103984 -6.169300
v 12.574722 0.105733 -6.166900
v 12.610956 0.107303 -6.163361
v 12.646606 0.107303 -6.161733
v 12.681004 0.102542 -6.159292
v 12.514632 1.026130 -6.202156
v 12.514420 1.029404 -6.187136
v 12.534805 1.040214 -6.200774
v 12.536595 0.224052 -6.169271
v 12.517486 0.240711 -6.170570
v 12.518951 0.225718 -6.181320
v 12.516691 0.217961 -6.170626
v 12.540200 0.576445 -6.169187
v 12.518217 0.587822 -6.170557
v 12.520199 0.576445 -6.192017
v 12.518036 0.565071 -6.170543
v 12.542166 0.928520 -6.199451
v 12.521395 0.917822 -6.201130
v 12.519288 0.928570 -6.179685
v 12.519999 0.940569 -6.201282
v 12.550022 0.783448 -6.199077
v 12.527750 0.768439 -6.200808
v 12.527878 0.783455 -6.180376
v 12.528999 0.791146 -6.200732
v 12.535475 0.697339 -6.199926
v 12.515592 0.682456 -6.201503
v 12.514133 0.697309 -6.181031
v 12.516960 0.705165 -6.201429
v 12.542398 0.224424 -6.200102
v 12.519881 0.212532 -6.201191
v 12.519472 0.227513 -6.190361
v 12.520724 0.235279 -6.201131
v 12.511313 0.095930 -6.201833
v 12.509073 0.107303 -6.180370
v 12.511597 0.118670 -6.201804
v 12.532066 0.107737 -6.200128
v 12.708273 0.822536 -6.157111
v 12.687321 0.810840 -6.158782
v 12.707595 0.799799 -6.157159
v 12.709932 0.815470 -6.176996
v 12.707643 0.472095 -6.157102
v 12.686733 0.459578 -6.158811
v 12.708182 0.449339 -6.157063
v 12.710122 0.459632 -6.178430
v 12.704658 0.235302 -6.157196
v 12.682730 0.224053 -6.159040
v 12.705240 0.212559 -6.157143
v 12.704824 0.227365 -6.177752
v 12.703970 0.928302 -6.166603
v 12.706007 0.916926 -6.188051
v 12.683969 0.928302 -6.189432
v 12.706197 0.939675 -6.188073
v 12.668621 1.024766 -6.190721
v 12.646889 1.013214 -6.192235
v 12.626826 1.028357 -6.193768
v 12.646666 1.020324 -6.172271
v 12.560619 0.012910 -6.198254
v 12.578714 0.018343 -6.196859
v 12.600011 0.009288 -6.195482
v 12.577678 0.009589 -6.175901
v 12.679529 0.010739 -6.168329
v 12.660409 0.007547 -6.191354
v 12.681461 0.022116 -6.189772
v 12.701995 0.008143 -6.188436
v 12.513397 1.054047 -6.178701
v 12.509883 1.055379 -6.209425
v 12.319887 1.046993 -6.155447
v 12.513572 -0.004484 -6.178695
v 12.509884 -0.004484 -6.209425
v 12.320314 0.000404 -6.155541
v 12.315903 -0.002631 -6.186083
v 12.313358 0.099628 -6.154779
v 12.321871 0.348544 -6.155801
v 12.317279 0.470158 -6.155137
v 12.318571 0.713412 -6.155578
v 12.331812 0.803014 -6.156802
v 12.323562 0.951266 -6.156004
v 12.319901 0.586279 -6.186506
v 12.316214 0.462154 -6.186025
v 12.318210 0.348544 -6.186303
v 12.507347 0.951267 -6.178063
v 12.500374 0.708129 -6.177229
v 12.507347 0.586279 -6.178063
v 12.512828 0.342954 -6.178721
v 12.518799 0.099156 -6.179310
v 12.514238 0.095735 -6.209871
v 12.503324 0.225986 -6.208582
v 12.510065 0.347380 -6.209361
v 12.509167 0.464616 -6.209223
v 12.503685 0.586279 -6.208565
v 12.495797 0.706179 -6.207658
v 12.508742 0.836588 -6.208952
v 12.347647 1.052384 -6.158989
v 12.381809 1.048908 -6.162893
v 12.415448 1.051435 -6.167033
v 12.450701 1.044342 -6.171313
v 12.483158 1.051983 -6.175200
v 12.479360 1.051435 -6.205646
v 12.412315 1.057577 -6.197752
v 12.378095 1.052466 -6.193575
v 12.344541 1.068823 -6.190061
v 12.483021 -0.000539 -6.175144
v 12.449235 -0.000539 -6.171088
v 12.415449 -0.000539 -6.167033
v 12.381710 -0.000495 -6.162988
v 12.350069 0.010461 -6.159157
v 12.345482 0.006449 -6.189576
v 12.411787 -0.000539 -6.197535
v 12.444572 -0.006142 -6.201571
v 12.341301 0.100293 -6.188729
v 12.375747 0.098417 -6.193001
v 12.411823 0.099629 -6.197277
v 12.447246 0.099629 -6.201529
v 12.482882 0.099013 -6.205773
v 12.347946 0.221291 -6.190504
v 12.380114 0.226821 -6.193406
v 12.412395 0.221788 -6.198160
v 12.443701 0.221291 -6.201103
v 12.475582 0.221306 -6.204930
v 12.346862 0.342455 -6.189639
v 12.381859 0.348453 -6.193681
v 12.412620 0.339591 -6.197148
v 12.445604 0.342954 -6.201332
v 12.478462 0.336035 -6.205316
v 12.344246 0.464616 -6.189166
v 12.378032 0.464616 -6.193221
v 12.411713 0.464616 -6.198158
v 12.445604 0.464616 -6.201332
v 12.479391 0.464616 -6.205388
v 12.348059 0.586279 -6.189624
v 12.380676 0.579667 -6.193671
v 12.411852 0.582797 -6.198302
v 12.443707 0.586279 -6.201104
v 12.475590 0.586279 -6.204931
v 12.343679 0.713323 -6.189088
v 12.378032 0.707941 -6.193221
v 12.411713 0.707941 -6.198158
v 12.432932 0.709339 -6.199811
v 12.466718 0.709339 -6.203866
v 12.358607 0.802823 -6.191049
v 12.378032 0.829604 -6.193221
v 12.411818 0.829604 -6.197277
v 12.445577 0.829537 -6.201400
v 12.479284 0.829604 -6.206269
v 12.348059 0.951267 -6.189624
v 12.380036 0.944322 -6.193552
v 12.412796 0.947499 -6.197459
v 12.443707 0.951267 -6.201104
v 12.475590 0.951267 -6.204931
v 12.351658 0.951267 -6.159638
v 12.383541 0.951266 -6.163465
v 12.415423 0.951267 -6.167292
v 12.446895 0.952514 -6.171276
v 12.480057 0.947078 -6.174874
v 12.347950 0.829604 -6.158299
v 12.381775 0.823134 -6.163222
v 12.413663 0.829416 -6.167060
v 12.450422 0.830173 -6.171679
v 12.483252 0.829295 -6.175431
v 12.347498 0.713008 -6.159161
v 12.381631 0.707941 -6.163236
v 12.415417 0.707941 -6.167291
v 12.449203 0.707941 -6.171347
v 12.482990 0.707941 -6.175402
v 12.351658 0.586279 -6.159638
v 12.383541 0.586279 -6.163465
v 12.415396 0.586604 -6.167285
v 12.447306 0.586279 -6.171119
v 12.479769 0.587923 -6.174861
v 12.348972 0.464800 -6.158322
v 12.381631 0.464616 -6.163236
v 12.415417 0.464616 -6.167291
v 12.449203 0.464616 -6.171347
v 12.482990 0.464616 -6.175402
v 12.351021 0.342127 -6.159786
v 12.385433 0.348544 -6.163692
v 12.415410 0.337208 -6.167250
v 12.449203 0.342954 -6.171347
v 12.482990 0.342954 -6.175402
v 12.351595 0.217786 -6.159424
v 12.384115 0.214008 -6.163597
v 12.414883 0.225914 -6.166303
v 12.447300 0.221291 -6.171118
v 12.478848 0.220785 -6.174880
v 12.343521 0.096185 -6.158611
v 12.379278 0.098000 -6.163043
v 12.415528 0.099628 -6.166410
v 12.450845 0.099629 -6.171544
v 12.485084 0.094690 -6.175642
v 12.313610 1.052746 -6.186317
v 12.316238 1.056141 -6.171527
v 12.333682 1.067355 -6.188769
v 12.341389 0.220734 -6.158171
v 12.322378 0.238015 -6.155838
v 12.321788 0.222463 -6.166672
v 12.321587 0.214416 -6.155743
v 12.344945 0.586279 -6.158770
v 12.323099 0.598080 -6.155964
v 12.320992 0.586279 -6.177411
v 12.322924 0.574480 -6.155916
v 12.341160 0.951493 -6.188860
v 12.320444 0.940395 -6.186587
v 12.322426 0.951544 -6.165130
v 12.319045 0.963991 -6.186472
v 12.348946 0.801007 -6.189977
v 12.326746 0.785437 -6.187470
v 12.330730 0.801014 -6.167430
v 12.327988 0.808992 -6.187632
v 12.334499 0.711685 -6.188064
v 12.314676 0.696245 -6.185857
v 12.317110 0.711653 -6.165478
v 12.316034 0.719802 -6.186043
v 12.341266 0.221120 -6.189543
v 12.318948 0.208785 -6.186360
v 12.320591 0.224324 -6.175648
v 12.319787 0.232380 -6.186461
v 12.310413 0.087831 -6.185373
v 12.312266 0.099628 -6.163874
v 12.310697 0.111420 -6.185398
v 12.331116 0.100079 -6.187618
v 12.512274 0.841554 -6.178650
v 12.491383 0.829421 -6.176334
v 12.511599 0.817968 -6.178569
v 12.510147 0.834223 -6.198491
v 12.511657 0.478035 -6.178522
v 12.490801 0.465050 -6.176251
v 12.512194 0.454429 -6.178586
v 12.510063 0.465106 -6.199935
v 12.508707 0.232404 -6.178051
v 12.486826 0.220736 -6.175721
v 12.509291 0.208812 -6.178109
v 12.504990 0.224171 -6.198268
v 12.506255 0.951267 -6.187158
v 12.504206 0.939466 -6.208605
v 12.482303 0.951267 -6.205800
v 12.504388 0.963064 -6.208663
v 12.466989 1.051331 -6.204167
v 12.445360 1.039348 -6.201550
v 12.425370 1.055055 -6.199266
v 12.448912 1.046722 -6.181903
v 12.359507 0.001713 -6.191170
v 12.377541 0.007349 -6.193217
v 12.398714 -0.002044 -6.195886
v 12.380480 -0.001732 -6.172441
v 12.481930 -0.000539 -6.184238
v 12.458805 -0.003850 -6.203238
v 12.479778 0.011263 -6.205661
v 12.500194 -0.003232 -6.208225
v 12.323400 0.900403 -6.165019
v 12.323236 0.901540 -6.195943
v 12.128449 0.897117 -6.162781
v 12.310951 -0.001791 -6.164994
v 12.310600 -0.001786 -6.195943
v 12.116406 0.005097 -6.162829
v 12.115280 0.002525 -6.193669
v 12.110593 0.089764 -6.162822
v 12.122133 0.301796 -6.162919
v 12.118946 0.405514 -6.162754
v 12.123178 0.612822 -6.163053
v 12.137541 0.689004 -6.162841
v 12.131021 0.815476 -6.162938
v 12.126322 0.504400 -6.193657
v 12.121124 0.398659 -6.193577
v 12.121784 0.301801 -6.193638
v 12.316090 0.812888 -6.165038
v 12.306170 0.605759 -6.164961
v 12.311739 0.501806 -6.165038
v 12.314358 0.294342 -6.165101
v 12.317450 0.086468 -6.165041
v 12.316174 0.083569 -6.195917
v 12.306737 0.194736 -6.195813
v 12.314970 0.298106 -6.195859
v 12.315459 0.398040 -6.195819
v 12.311390 0.501811 -6.195756
v 12.304880 0.604115 -6.195706
v 12.319443 0.715080 -6.195596
v 12.156490 0.901320 -6.163308
v 12.190829 0.897876 -6.163502
v 12.224744 0.899556 -6.163988
v 12.260164 0.893014 -6.164439
v 12.292938 0.899069 -6.164801
v 12.292440 0.898609 -6.195479
v 12.225017 0.904788 -6.194866
v 12.190489 0.900914 -6.194406
v 12.156951 0.915327 -6.194532
v 12.280247 0.002001 -6.164760
v 12.246225 0.002477 -6.164374
v 12.212202 0.002952 -6.163988
v 12.178229 0.003466 -6.163608
v 12.146494 0.013249 -6.163213
v 12.145168 0.009847 -6.193949
v 12.211854 0.002957 -6.194707
v 12.244812 -0.002280 -6.195182
v 12.142040 0.089890 -6.193559
v 12.176719 0.087807 -6.194088
v 12.213057 0.088331 -6.194447
v 12.248726 0.087832 -6.194851
v 12.284601 0.086805 -6.195225
v 12.150280 0.192923 -6.194606
v 12.182633 0.197184 -6.194020
v 12.215176 0.192439 -6.195263
v 12.246607 0.191576 -6.194811
v 12.278711 0.191139 -6.195175
v 12.150553 0.296208 -6.193862
v 12.185848 0.300828 -6.194105
v 12.216694 0.292841 -6.194233
v 12.249974 0.295243 -6.194833
v 12.282983 0.288883 -6.195248
v 12.149358 0.400364 -6.193675
v 12.183380 0.399888 -6.194061
v 12.217392 0.399412 -6.195334
v 12.251425 0.398936 -6.194833
v 12.285447 0.398460 -6.195219
v 12.154648 0.504004 -6.193718
v 12.187428 0.497909 -6.194222
v 12.218956 0.500136 -6.195462
v 12.250964 0.502657 -6.194811
v 12.283070 0.502208 -6.195175
v 12.151751 0.612346 -6.193659
v 12.186281 0.607275 -6.194061
v 12.220293 0.606800 -6.195334
v 12.241581 0.607693 -6.194688
v 12.275603 0.607217 -6.195074
v 12.167870 0.688417 -6.193997
v 12.187731 0.710969 -6.194061
v 12.221754 0.710493 -6.194447
v 12.255754 0.709960 -6.194904
v 12.289788 0.709542 -6.196106
v 12.158999 0.815085 -6.193718
v 12.191128 0.808716 -6.194173
v 12.224151 0.810962 -6.194522
v 12.255316 0.813738 -6.194811
v 12.287420 0.813289 -6.195175
v 12.159342 0.815080 -6.163520
v 12.191448 0.814631 -6.163884
v 12.223553 0.814182 -6.164248
v 12.255281 0.814801 -6.164813
v 12.288570 0.809702 -6.164812
v 12.154062 0.711440 -6.162589
v 12.188139 0.705448 -6.163833
v 12.220325 0.710353 -6.164208
v 12.257372 0.710481 -6.164834
v 12.290401 0.709269 -6.165021
v 12.152315 0.612070 -6.163494
v 12.186624 0.607271 -6.163862
v 12.220646 0.606795 -6.164248
v 12.254668 0.606319 -6.164634
v 12.288691 0.605843 -6.165020
v 12.154991 0.503999 -6.163520
v 12.187096 0.503550 -6.163884
v 12.219177 0.503379 -6.164244
v 12.251307 0.502652 -6.164612
v 12.284000 0.503596 -6.164829
v 12.150731 0.400501 -6.162501
v 12.183722 0.399883 -6.163862
v 12.217745 0.399407 -6.164248
v 12.251767 0.398931 -6.164634
v 12.285789 0.398455 -6.165020
v 12.151462 0.295916 -6.163736
v 12.186167 0.300901 -6.163906
v 12.216214 0.290817 -6.164207
v 12.250317 0.295238 -6.164634
v 12.284340 0.294762 -6.165020
v 12.150511 0.189931 -6.163314
v 12.183243 0.186253 -6.163953
v 12.214261 0.195969 -6.163323
v 12.246948 0.191571 -6.164612
v 12.278708 0.190695 -6.164948
v 12.140947 0.086404 -6.163377
v 12.176992 0.087447 -6.163924
v 12.213408 0.088326 -6.163361
v 12.249069 0.087827 -6.164653
v 12.283486 0.083136 -6.165033
v 12.125609 0.902060 -6.194148
v 12.126667 0.904940 -6.179161
v 12.146000 0.914229 -6.194420
v 12.140266 0.192588 -6.163169
v 12.121323 0.207585 -6.162901
v 12.121719 0.194321 -6.173735
v 12.120245 0.187482 -6.162892
v 12.148224 0.504094 -6.163381
v 12.126346 0.514460 -6.162949
v 12.126425 0.504399 -6.184498
v 12.125885 0.494348 -6.162920
v 12.152061 0.815375 -6.193704
v 12.131093 0.806208 -6.193679
v 12.130880 0.815715 -6.172133
v 12.129971 0.826338 -6.193716
v 12.158128 0.687005 -6.193974
v 12.135605 0.674047 -6.193877
v 12.137589 0.687298 -6.173524
v 12.137137 0.694106 -6.193904
v 12.142496 0.611079 -6.193631
v 12.122370 0.598199 -6.193576
v 12.122774 0.611328 -6.173054
v 12.124020 0.618257 -6.193614
v 12.143534 0.192872 -6.194372
v 12.120858 0.182673 -6.193615
v 12.121521 0.195911 -6.182788
v 12.121984 0.202772 -6.193625
v 12.110826 0.079704 -6.193555
v 12.110489 0.089766 -6.171981
v 12.111391 0.099805 -6.193549
v 12.131792 0.089851 -6.193553
v 12.319742 0.719310 -6.165089
v 12.298582 0.709262 -6.165041
v 12.318783 0.699217 -6.165082
v 12.319683 0.713061 -6.185043
v 12.314782 0.409489 -6.165029
v 12.293650 0.398715 -6.165022
v 12.315042 0.389362 -6.165034
v 12.315355 0.398460 -6.186488
v 12.308871 0.200178 -6.164878
v 12.286730 0.190541 -6.164923
v 12.309175 0.180062 -6.164873
v 12.307259 0.193183 -6.185379
v 12.315987 0.812889 -6.174197
v 12.316122 0.802827 -6.195740
v 12.294188 0.813194 -6.195314
v 12.316591 0.822938 -6.195778
v 12.279982 0.898695 -6.195344
v 12.258059 0.888786 -6.195076
v 12.238128 0.902455 -6.194963
v 12.259556 0.895052 -6.175161
v 12.159225 0.005614 -6.194020
v 12.177440 0.010163 -6.194109
v 12.198663 0.001859 -6.194478
v 12.178012 0.002414 -6.173137
v 12.280144 0.002002 -6.173919
v 12.259167 -0.000527 -6.195303
v 12.280457 0.012059 -6.195449
v 12.300854 -0.000583 -6.195796
v 12.903391 0.008534 -6.156949
v 12.901041 0.007250 -6.187784
v 13.097812 0.015334 -6.170656
v 12.903221 1.028982 -6.156910
v 12.901041 1.028982 -6.187784
v 13.097374 1.024271 -6.170668
v 13.095940 1.027197 -6.201494
v 13.104349 0.928616 -6.171233
v 13.095797 0.688655 -6.170629
v 13.100431 0.571416 -6.170844
v 13.099079 0.336914 -6.171033
v 13.085845 0.250535 -6.169735
v 13.094097 0.107617 -6.170509
v 13.091932 0.459473 -6.201153
v 13.095645 0.579133 -6.201378
v 13.093632 0.688655 -6.201273
v 12.909454 0.107617 -6.157465
v 12.916460 0.342007 -6.157963
v 12.909454 0.459473 -6.157465
v 12.903948 0.694045 -6.157076
v 12.897972 0.929071 -6.156527
v 12.896679 0.932369 -6.187400
v 12.907641 0.806805 -6.188195
v 12.900874 0.689778 -6.187686
v 12.901783 0.576759 -6.187721
v 12.907290 0.459473 -6.188110
v 12.915207 0.343886 -6.188709
v 12.902250 0.218170 -6.187535
v 13.069882 0.010137 -6.168893
v 13.035597 0.013489 -6.166275
v 13.001781 0.011052 -6.163988
v 12.966354 0.017890 -6.161533
v 12.933748 0.010524 -6.159221
v 12.931728 0.011053 -6.189837
v 12.999058 0.005131 -6.194746
v 13.033451 0.010058 -6.197106
v 13.067064 -0.005710 -6.199991
v 12.933893 1.025180 -6.159192
v 12.967838 1.025180 -6.161590
v 13.001781 1.025180 -6.163988
v 13.035677 1.025137 -6.166387
v 13.067472 1.014575 -6.168600
v 13.066233 1.018443 -6.199338
v 12.999617 1.025180 -6.194632
v 12.966660 1.030581 -6.192405
v 13.070498 0.927975 -6.199296
v 13.035866 0.929784 -6.196986
v 12.999630 0.928616 -6.194373
v 12.964043 0.928616 -6.191858
v 12.928246 0.929209 -6.189296
v 13.063637 0.811330 -6.199784
v 13.031502 0.805999 -6.196559
v 12.998902 0.810851 -6.195131
v 12.967605 0.811330 -6.192110
v 12.935574 0.811316 -6.189847
v 13.064865 0.694525 -6.199139
v 13.029736 0.688743 -6.196499
v 12.998873 0.697286 -6.194096
v 12.965691 0.694045 -6.191975
v 12.932673 0.700714 -6.189682
v 13.067524 0.576759 -6.199169
v 13.033580 0.576759 -6.196771
v 12.999573 0.576759 -6.195258
v 12.965691 0.576759 -6.191975
v 12.931747 0.576759 -6.189577
v 13.063692 0.459473 -6.198898
v 13.030898 0.465847 -6.196712
v 12.999409 0.462830 -6.195373
v 12.967598 0.459473 -6.192110
v 12.935566 0.459473 -6.189847
v 13.068095 0.337000 -6.199200
v 13.033580 0.342188 -6.196771
v 12.999573 0.342188 -6.195258
v 12.978424 0.340841 -6.192874
v 12.944479 0.340841 -6.190476
v 13.053065 0.250719 -6.198306
v 13.033580 0.224902 -6.196771
v 12.999636 0.224902 -6.194373
v 12.965706 0.224967 -6.192047
v 12.931684 0.224902 -6.190463
v 13.063692 0.107617 -6.198898
v 13.031549 0.114311 -6.196717
v 12.998641 0.111249 -6.194367
v 12.967598 0.107617 -6.192110
v 12.935566 0.107617 -6.189847
v 13.065821 0.107617 -6.168772
v 13.033789 0.107617 -6.166510
v 13.001758 0.107617 -6.164247
v 12.970100 0.106414 -6.162216
v 12.936854 0.111655 -6.159487
v 13.069715 0.224902 -6.168158
v 13.035568 0.231140 -6.166604
v 13.003530 0.225084 -6.164352
v 12.966560 0.224353 -6.161946
v 12.933613 0.225201 -6.159431
v 13.069996 0.337304 -6.169089
v 13.035707 0.342188 -6.166645
v 13.001763 0.342188 -6.164247
v 12.967819 0.342188 -6.161849
v 12.933875 0.342188 -6.159451
v 13.065821 0.459473 -6.168772
v 13.033789 0.459473 -6.166510
v 13.001786 0.459160 -6.164245
v 12.969726 0.459473 -6.161984
v 12.937140 0.457889 -6.159528
v 13.068707 0.576582 -6.167987
v 13.035707 0.576759 -6.166645
v 13.001763 0.576759 -6.164247
v 12.967819 0.576759 -6.161849
v 12.933875 0.576759 -6.159451
v 13.066420 0.694841 -6.169038
v 13.031888 0.688655 -6.166375
v 13.001779 0.699584 -6.164207
v 12.967819 0.694045 -6.161849
v 12.933875 0.694045 -6.159451
v 13.065924 0.814709 -6.168574
v 13.033199 0.818351 -6.166531
v 13.002476 0.806873 -6.163377
v 12.969732 0.811330 -6.161984
v 12.938042 0.811818 -6.159721
v 13.074006 0.931935 -6.169300
v 13.038054 0.930185 -6.166900
v 13.001822 0.928616 -6.163361
v 12.966170 0.928616 -6.161733
v 12.931774 0.933376 -6.159292
v 13.098146 0.009788 -6.202156
v 13.098358 0.006515 -6.187136
v 13.077972 -0.004295 -6.200774
v 13.076182 0.811867 -6.169271
v 13.095292 0.795208 -6.170570
v 13.093825 0.810201 -6.181320
v 13.096087 0.817958 -6.170626
v 13.072577 0.459473 -6.169187
v 13.094561 0.448097 -6.170557
v 13.092579 0.459473 -6.192017
v 13.094742 0.470848 -6.170543
v 13.070612 0.107399 -6.199451
v 13.091383 0.118097 -6.201130
v 13.093490 0.107349 -6.179685
v 13.092779 0.095350 -6.201283
v 13.062756 0.252471 -6.199077
v 13.085028 0.267480 -6.200808
v 13.084900 0.252464 -6.180376
v 13.083778 0.244773 -6.200732
v 13.077303 0.338579 -6.199926
v 13.097186 0.353463 -6.201503
v 13.098644 0.338609 -6.181031
v 13.095818 0.330754 -6.201430
v 13.070379 0.811495 -6.200102
v 13.092896 0.823386 -6.201191
v 13.093306 0.808406 -6.190361
v 13.092053 0.800640 -6.201131
v 13.101464 0.939989 -6.201833
v 13.103704 0.928616 -6.180370
v 13.101181 0.917248 -6.201804
v 13.080710 0.928182 -6.200128
v 12.904505 0.213382 -6.157111
v 12.925457 0.225079 -6.158782
v 12.905183 0.236120 -6.157159
v 12.902846 0.220449 -6.176996
v 12.905135 0.563824 -6.157102
v 12.926044 0.576341 -6.158811
v 12.904595 0.586580 -6.157063
v 12.902656 0.576287 -6.178430
v 12.908120 0.800617 -6.157196
v 12.930048 0.811866 -6.159040
v 12.907537 0.823360 -6.157143
v 12.907953 0.808553 -6.177752
v 12.908808 0.107617 -6.166603
v 12.906771 0.118993 -6.188051
v 12.928810 0.107617 -6.189432
v 12.906581 0.096243 -6.188073
v 12.944157 0.011153 -6.190721
v 12.965889 0.022705 -6.192235
v 12.985951 0.007562 -6.193768
v 12.966112 0.015595 -6.172271
v 13.052158 1.023009 -6.198254
v 13.034063 1.017576 -6.196859
v 13.012766 1.026631 -6.195482
v 13.035100 1.026330 -6.175901
v 12.933249 1.025180 -6.168329
v 12.952368 1.028371 -6.191354
v 12.931315 1.013803 -6.189772
v 12.910783 1.027775 -6.188436
v 12.704745 -0.002826 -6.178701
v 12.708260 -0.004158 -6.209425
v 12.898256 0.004227 -6.155447
v 12.704571 1.055704 -6.178695
v 12.708260 1.055704 -6.209425
v 12.897829 1.050817 -6.155541
v 12.902241 1.053852 -6.186083
v 12.904785 0.951592 -6.154779
v 12.896273 0.702676 -6.155801
v 12.900864 0.581062 -6.155137
v 12.899572 0.337808 -6.155578
v 12.886330 0.248206 -6.156802
v 12.894581 0.099954 -6.156004
v 12.898242 0.464942 -6.186506
v 12.901930 0.589067 -6.186025
v 12.899933 0.702676 -6.186303
v 12.710796 0.099954 -6.178063
v 12.717770 0.343091 -6.177229
v 12.710796 0.464942 -6.178063
v 12.705315 0.708267 -6.178721
v 12.699344 0.952064 -6.179310
v 12.703905 0.955486 -6.209871
v 12.714819 0.825235 -6.208582
v 12.708078 0.703841 -6.209361
v 12.708977 0.586604 -6.209223
v 12.714457 0.464942 -6.208565
v 12.722345 0.345041 -6.207658
v 12.709400 0.214633 -6.208952
v 12.870496 -0.001164 -6.158989
v 12.836332 0.002313 -6.162893
v 12.802694 -0.000214 -6.167033
v 12.767442 0.006879 -6.171312
v 12.734984 -0.000762 -6.175200
v 12.738783 -0.000214 -6.205646
v 12.805828 -0.006356 -6.197752
v 12.840048 -0.001246 -6.193575
v 12.873602 -0.017602 -6.190061
v 12.735123 1.051760 -6.175144
v 12.768909 1.051760 -6.171088
v 12.802694 1.051760 -6.167033
v 12.836433 1.051715 -6.162988
v 12.868074 1.040759 -6.159157
v 12.872662 1.044772 -6.189576
v 12.806356 1.051760 -6.197535
v 12.773571 1.057363 -6.201571
v 12.876842 0.950928 -6.188729
v 12.842397 0.952803 -6.193001
v 12.806320 0.951592 -6.197277
v 12.770897 0.951592 -6.201529
v 12.735260 0.952208 -6.205773
v 12.870196 0.829929 -6.190504
v 12.838030 0.824400 -6.193406
v 12.805748 0.829432 -6.198160
v 12.774443 0.829929 -6.201103
v 12.742561 0.829915 -6.204930
v 12.871281 0.708765 -6.189639
v 12.836285 0.702767 -6.193681
v 12.805524 0.711629 -6.197148
v 12.772539 0.708267 -6.201332
v 12.739681 0.715185 -6.205316
v 12.873898 0.586604 -6.189166
v 12.840111 0.586604 -6.193221
v 12.806431 0.586604 -6.198158
v 12.772539 0.586604 -6.201332
v 12.738752 0.586604 -6.205387
v 12.870084 0.464942 -6.189624
v 12.837467 0.471553 -6.193671
v 12.806292 0.468424 -6.198302
v 12.774436 0.464942 -6.201104
v 12.742554 0.464942 -6.204931
v 12.874464 0.337897 -6.189088
v 12.840111 0.343279 -6.193221
v 12.806431 0.343279 -6.198158
v 12.785212 0.341881 -6.199811
v 12.751425 0.341881 -6.203866
v 12.859535 0.248397 -6.191049
v 12.840111 0.221616 -6.193221
v 12.806324 0.221616 -6.197277
v 12.772566 0.221684 -6.201400
v 12.738857 0.221616 -6.206269
v 12.870084 0.099954 -6.189624
v 12.838106 0.106898 -6.193552
v 12.805347 0.103721 -6.197459
v 12.774436 0.099954 -6.201104
v 12.742554 0.099954 -6.204931
v 12.866485 0.099954 -6.159638
v 12.834602 0.099954 -6.163465
v 12.802719 0.099954 -6.167292
v 12.771248 0.098707 -6.171276
v 12.738085 0.104143 -6.174874
v 12.870193 0.221616 -6.158299
v 12.836367 0.228087 -6.163222
v 12.804480 0.221805 -6.167060
v 12.767721 0.221047 -6.171679
v 12.734892 0.221926 -6.175431
v 12.870645 0.338212 -6.159161
v 12.836512 0.343279 -6.163236
v 12.802726 0.343279 -6.167291
v 12.768939 0.343279 -6.171347
v 12.735153 0.343279 -6.175402
v 12.866485 0.464942 -6.159638
v 12.834602 0.464942 -6.163465
v 12.802748 0.464616 -6.167284
v 12.770837 0.464942 -6.171119
v 12.738374 0.463298 -6.174860
v 12.869170 0.586420 -6.158322
v 12.836512 0.586604 -6.163236
v 12.802726 0.586604 -6.167291
v 12.768940 0.586604 -6.171347
v 12.735153 0.586604 -6.175402
v 12.867123 0.709093 -6.159786
v 12.832710 0.702676 -6.163692
v 12.802733 0.714013 -6.167250
v 12.768940 0.708267 -6.171347
v 12.735153 0.708267 -6.175402
v 12.866549 0.833435 -6.159424
v 12.834027 0.837212 -6.163597
v 12.803261 0.825306 -6.166303
v 12.770844 0.829929 -6.171118
v 12.739296 0.830435 -6.174880
v 12.874622 0.955035 -6.158611
v 12.838865 0.953220 -6.163043
v 12.802615 0.951592 -6.166410
v 12.767298 0.951592 -6.171544
v 12.733060 0.956530 -6.175642
v 12.904532 -0.001526 -6.186317
v 12.901904 -0.004921 -6.171527
v 12.884460 -0.016134 -6.188769
v 12.876755 0.830486 -6.158171
v 12.895765 0.813205 -6.155838
v 12.896355 0.828758 -6.166672
v 12.896557 0.836804 -6.155743
v 12.873198 0.464942 -6.158770
v 12.895044 0.453140 -6.155964
v 12.897150 0.464942 -6.177411
v 12.895220 0.476741 -6.155916
v 12.876984 0.099728 -6.188860
v 12.897697 0.110825 -6.186587
v 12.895717 0.099676 -6.165130
v 12.899097 0.087229 -6.186472
v 12.869197 0.250213 -6.189977
v 12.891396 0.265783 -6.187470
v 12.887412 0.250207 -6.167430
v 12.890155 0.242228 -6.187632
v 12.883643 0.339536 -6.188064
v 12.903467 0.354975 -6.185857
v 12.901032 0.339567 -6.165478
v 12.902109 0.331419 -6.186043
v 12.876877 0.830100 -6.189543
v 12.899195 0.842436 -6.186360
v 12.897552 0.826896 -6.175648
v 12.898356 0.818840 -6.186461
v 12.907730 0.963390 -6.185373
v 12.905876 0.951592 -6.163874
v 12.907447 0.939801 -6.185398
v 12.887028 0.951142 -6.187618
v 12.705870 0.209666 -6.178650
v 12.726761 0.221800 -6.176334
v 12.706544 0.233253 -6.178569
v 12.707995 0.216997 -6.198491
v 12.706486 0.573186 -6.178522
v 12.727343 0.586171 -6.176251
v 12.705950 0.596791 -6.178586
v 12.708079 0.586114 -6.199935
v 12.709436 0.818816 -6.178051
v 12.731317 0.830485 -6.175721
v 12.708853 0.842408 -6.178109
v 12.713154 0.827049 -6.198268
v 12.711887 0.099954 -6.187158
v 12.713937 0.111755 -6.208605
v 12.735840 0.099954 -6.205800
v 12.713755 0.088156 -6.208663
v 12.751154 -0.000110 -6.204167
v 12.772781 0.011873 -6.201550
v 12.792772 -0.003835 -6.199266
v 12.769231 0.004498 -6.181903
v 12.858636 1.049507 -6.191170
v 12.840603 1.043871 -6.193217
v 12.819429 1.053265 -6.195886
v 12.837664 1.052952 -6.172441
v 12.736214 1.051760 -6.184238
v 12.759338 1.055071 -6.203238
v 12.738365 1.039958 -6.205661
v 12.717950 1.054452 -6.208225
v 11.531838 -0.002826 -5.791543
v 11.500972 -0.004158 -5.793448
v 11.560040 0.004227 -6.178257
v 11.531841 1.055704 -5.791199
v 11.500972 1.055704 -5.793448
v 11.559935 1.050817 -6.177396
v 11.529273 1.053852 -6.181108
v 11.560874 0.951592 -6.191286
v 11.559635 0.702676 -6.174273
v 11.560417 0.581062 -6.183468
v 11.559940 0.337808 -6.180840
v 11.558380 0.248206 -6.154438
v 11.559388 0.099954 -6.170894
v 11.528749 0.464942 -6.173126
v 11.529324 0.589067 -6.180501
v 11.528996 0.702676 -6.176506
v 11.532631 0.099954 -5.803620
v 11.533643 0.343091 -5.817555
v 11.532631 0.464942 -5.803620
v 11.531833 0.708267 -5.792667
v 11.531092 0.952065 -5.780755
v 11.500415 0.955486 -5.784757
v 11.501983 0.825235 -5.806566
v 11.501032 0.703841 -5.793099
v 11.501193 0.586604 -5.794899
v 11.501991 0.464942 -5.805852
v 11.503099 0.345041 -5.821610
v 11.501476 0.214633 -5.795783
v 11.555786 -0.001164 -6.122747
v 11.551010 0.002313 -6.054509
v 11.546010 -0.000214 -5.987269
v 11.540829 0.006879 -5.916812
v 11.536112 -0.000763 -5.851952
v 11.505532 -0.000214 -5.854465
v 11.515139 -0.006356 -5.988421
v 11.520191 -0.001245 -6.056818
v 11.524559 -0.017602 -6.123787
v 11.536173 1.051760 -5.852232
v 11.541092 1.051760 -5.919751
v 11.546011 1.051760 -5.987269
v 11.550918 1.051715 -6.054691
v 11.555557 1.040759 -6.117927
v 11.525024 1.044772 -6.122005
v 11.515371 1.051760 -5.989501
v 11.510495 1.057363 -5.923968
v 11.525980 0.950928 -6.130416
v 11.520828 0.952803 -6.061559
v 11.515629 0.951592 -5.989472
v 11.510472 0.951592 -5.918684
v 11.505318 0.952208 -5.847474
v 11.524029 0.829930 -6.116976
v 11.520311 0.824400 -6.052853
v 11.514726 0.829432 -5.988196
v 11.510988 0.829930 -5.925770
v 11.506347 0.829915 -5.862057
v 11.524927 0.708765 -6.119264
v 11.519992 0.702767 -6.049353
v 11.515739 0.711629 -5.987918
v 11.510712 0.708267 -5.921964
v 11.505887 0.715185 -5.856296
v 11.525468 0.586604 -6.124519
v 11.520549 0.586604 -6.057001
v 11.514745 0.586604 -5.989547
v 11.510711 0.586604 -5.921964
v 11.505793 0.586604 -5.854446
v 11.524913 0.464942 -6.116898
v 11.520031 0.471553 -6.051695
v 11.514597 0.468424 -5.989247
v 11.510987 0.464942 -5.925756
v 11.506346 0.464942 -5.862042
v 11.525560 0.337897 -6.125653
v 11.520549 0.343279 -6.057001
v 11.514745 0.343279 -5.989547
v 11.512556 0.341881 -5.947290
v 11.507637 0.341881 -5.879772
v 11.523216 0.248397 -6.095792
v 11.520549 0.221616 -6.057001
v 11.515630 0.221617 -5.989482
v 11.510643 0.221684 -5.922008
v 11.504907 0.221616 -5.854510
v 11.524913 0.099954 -6.116898
v 11.520166 0.106898 -6.052980
v 11.515423 0.103721 -5.987518
v 11.510987 0.099954 -5.925756
v 11.506346 0.099954 -5.862043
v 11.555034 0.099954 -6.114703
v 11.550392 0.099954 -6.050990
v 11.545750 0.099954 -5.987276
v 11.540960 0.098707 -5.924350
v 11.536516 0.104143 -5.858140
v 11.556475 0.221616 -6.122260
v 11.550680 0.228087 -6.054522
v 11.546026 0.221805 -5.990797
v 11.540466 0.221047 -5.917304
v 11.535877 0.221926 -5.851729
v 11.555617 0.338212 -6.123013
v 11.550670 0.343279 -6.054806
v 11.545751 0.343279 -5.987288
v 11.540832 0.343279 -5.919770
v 11.535913 0.343279 -5.852252
v 11.555034 0.464942 -6.114703
v 11.550392 0.464942 -6.050990
v 11.545757 0.464616 -5.987332
v 11.541108 0.464942 -5.923562
v 11.536537 0.463298 -5.858713
v 11.556426 0.586421 -6.120234
v 11.550671 0.586604 -6.054806
v 11.545752 0.586604 -5.987288
v 11.540833 0.586604 -5.919770
v 11.535913 0.586604 -5.852252
v 11.554900 0.709093 -6.115942
v 11.550117 0.702676 -6.047208
v 11.545794 0.714013 -5.987309
v 11.540833 0.708267 -5.919770
v 11.535913 0.708267 -5.852252
v 11.555250 0.833435 -6.114865
v 11.550245 0.837212 -6.049831
v 11.546761 0.825306 -5.988508
v 11.541109 0.829930 -5.923575
v 11.536541 0.830435 -5.860535
v 11.556270 0.955035 -6.130974
v 11.550922 0.953220 -6.059494
v 11.546636 0.951592 -5.987214
v 11.540593 0.951592 -5.916490
v 11.535620 0.956531 -5.848070
v 11.529094 -0.001526 -6.185604
v 11.543929 -0.004921 -6.182833
v 11.526129 -0.016134 -6.145486
v 11.556766 0.830486 -6.135264
v 11.559584 0.813205 -6.173265
v 11.548685 0.828758 -6.172652
v 11.559700 0.836805 -6.174846
v 11.556074 0.464942 -6.128130
v 11.559440 0.453140 -6.171817
v 11.537884 0.464942 -6.172461
v 11.559492 0.476741 -6.172172
v 11.525852 0.099728 -6.130675
v 11.528654 0.110825 -6.172036
v 11.550222 0.099676 -6.171641
v 11.528803 0.087229 -6.174825
v 11.524535 0.250214 -6.115085
v 11.527608 0.265783 -6.159422
v 11.547700 0.250207 -6.154831
v 11.527414 0.242228 -6.156939
v 11.526819 0.339536 -6.143984
v 11.529531 0.354975 -6.183570
v 11.550002 0.339567 -6.182102
v 11.529310 0.331419 -6.180852
v 11.525162 0.830100 -6.130353
v 11.528919 0.842436 -6.175036
v 11.539671 0.826896 -6.173544
v 11.528797 0.818840 -6.173359
v 11.530124 0.963390 -6.192086
v 11.551739 0.951592 -6.191951
v 11.530092 0.939801 -6.191521
v 11.527351 0.951142 -6.150754
v 11.531919 0.209667 -5.793776
v 11.534767 0.221800 -5.835492
v 11.532017 0.233253 -5.795124
v 11.511982 0.216997 -5.794722
v 11.532063 0.573186 -5.795017
v 11.534864 0.586171 -5.836658
v 11.531984 0.596792 -5.793943
v 11.510529 0.586114 -5.794651
v 11.532610 0.818816 -5.800930
v 11.535498 0.830485 -5.844608
v 11.532537 0.842408 -5.799768
v 11.512333 0.827049 -5.804964
v 11.523495 0.099954 -5.804286
v 11.501938 0.111755 -5.804816
v 11.505304 0.099954 -5.848616
v 11.501875 0.088156 -5.804447
v 11.507326 -0.000110 -5.879186
v 11.510497 0.011873 -5.922410
v 11.513290 -0.003835 -5.962340
v 11.530203 0.004498 -5.918612
v 11.523073 1.049507 -6.093992
v 11.520566 1.043872 -6.057973
v 11.517355 1.053265 -6.015640
v 11.541425 1.052952 -6.055571
v 11.527037 1.051760 -5.852898
v 11.508465 1.055071 -5.895532
v 11.505507 1.039958 -5.853636
v 11.502420 1.054452 -5.812818
v 13.082906 0.008534 -6.182837
v 13.113827 0.007250 -6.182309
v 13.072065 0.015334 -5.797699
v 13.082888 1.028982 -6.183177
v 13.113827 1.028982 -6.182309
v 13.072132 1.024271 -5.798558
v 13.102929 1.027197 -5.796228
v 13.071815 0.928616 -5.784729
v 13.072292 0.688655 -5.801671
v 13.071922 0.571416 -5.792509
v 13.072280 0.336914 -5.795139
v 13.072655 0.250535 -5.821418
v 13.072386 0.107617 -5.805037
v 13.103095 0.459473 -5.804175
v 13.102851 0.579133 -5.796828
v 13.103001 0.688655 -5.800809
v 13.082657 0.107617 -6.170812
v 13.082270 0.342007 -6.156934
v 13.082657 0.459473 -6.170812
v 13.082962 0.694044 -6.181721
v 13.083168 0.929071 -6.193579
v 13.113995 0.932369 -6.190961
v 13.113405 0.806805 -6.169242
v 13.113751 0.689778 -6.182653
v 13.113671 0.576759 -6.180859
v 13.113365 0.459473 -6.169950
v 13.112964 0.343886 -6.154258
v 13.113428 0.218170 -6.179969
v 13.073827 0.010137 -5.852992
v 13.075539 0.013489 -5.920943
v 13.077520 0.011053 -5.987913
v 13.079538 0.017890 -6.058084
v 13.081345 0.010524 -6.122680
v 13.112005 0.011052 -6.121536
v 13.108414 0.005131 -5.988133
v 13.106431 0.010058 -5.920012
v 13.105068 -0.005710 -5.853338
v 13.081297 1.025180 -6.122398
v 13.079409 1.025180 -6.055155
v 13.077520 1.025180 -5.987913
v 13.075641 1.025137 -5.920766
v 13.073839 1.014575 -5.857787
v 13.104525 1.018443 -5.855087
v 13.108230 1.025180 -5.987051
v 13.110163 1.030581 -6.052320
v 13.103947 0.927975 -5.846695
v 13.106008 0.929784 -5.915277
v 13.107970 0.928616 -5.987067
v 13.109949 0.928616 -6.057567
v 13.111907 0.929209 -6.128485
v 13.105293 0.811330 -5.860124
v 13.106133 0.805999 -5.923943
v 13.108815 0.810851 -5.988375
v 13.109751 0.811330 -6.050510
v 13.111533 0.811316 -6.113963
v 13.104498 0.694525 -5.857812
v 13.106296 0.688743 -5.927431
v 13.107790 0.697286 -5.988605
v 13.109858 0.694045 -6.054300
v 13.111733 0.700714 -6.119702
v 13.104194 0.576759 -5.852572
v 13.106081 0.576759 -5.919815
v 13.108857 0.576759 -5.987033
v 13.109858 0.576759 -6.054300
v 13.111746 0.576759 -6.121543
v 13.104406 0.459473 -5.860162
v 13.106361 0.465847 -5.925105
v 13.108992 0.462830 -5.987337
v 13.109752 0.459473 -6.050524
v 13.111533 0.459473 -6.113977
v 13.104153 0.337000 -5.851442
v 13.106082 0.342188 -5.919815
v 13.108857 0.342188 -5.987033
v 13.109150 0.340841 -6.029078
v 13.111037 0.340841 -6.096321
v 13.105156 0.250719 -5.881188
v 13.106082 0.224902 -5.919815
v 13.107969 0.224902 -5.987058
v 13.109928 0.224967 -6.054260
v 13.112633 0.224902 -6.121518
v 13.104406 0.107617 -5.860162
v 13.106284 0.114311 -5.923823
v 13.108089 0.111249 -5.989017
v 13.109752 0.107617 -6.050523
v 13.111533 0.107617 -6.113977
v 13.074218 0.107617 -5.861010
v 13.075999 0.107617 -5.924463
v 13.077782 0.107617 -5.987917
v 13.079746 0.106414 -6.050596
v 13.081218 0.111655 -6.116518
v 13.073117 0.224902 -5.853445
v 13.075870 0.231140 -5.920944
v 13.077662 0.225084 -5.984410
v 13.079924 0.224353 -6.057612
v 13.081570 0.225201 -6.122911
v 13.074007 0.337303 -5.852735
v 13.075893 0.342188 -5.920662
v 13.077781 0.342188 -5.987906
v 13.079669 0.342188 -6.055148
v 13.081556 0.342188 -6.122391
v 13.074218 0.459473 -5.861010
v 13.076000 0.459473 -5.924464
v 13.077776 0.459160 -5.987861
v 13.079563 0.459473 -6.051371
v 13.081223 0.457889 -6.115949
v 13.073074 0.576582 -5.855458
v 13.075893 0.576759 -5.920662
v 13.077781 0.576759 -5.987906
v 13.079669 0.576759 -6.055148
v 13.081556 0.576759 -6.122391
v 13.074407 0.694841 -5.859786
v 13.076105 0.688655 -5.928229
v 13.077740 0.699584 -5.987882
v 13.079669 0.694045 -6.055148
v 13.081556 0.694044 -6.122391
v 13.074009 0.814709 -5.860840
v 13.076095 0.818351 -5.925621
v 13.076828 0.806873 -5.986650
v 13.079562 0.811330 -6.051358
v 13.081301 0.811818 -6.114141
v 13.073713 0.931935 -5.844803
v 13.075851 0.930185 -5.915998
v 13.076894 0.928616 -5.987940
v 13.079761 0.928616 -6.058414
v 13.081663 0.933376 -6.126555
v 13.103310 0.009788 -5.791773
v 13.088365 0.006515 -5.793868
v 13.104473 -0.004295 -5.831729
v 13.073410 0.811867 -5.840523
v 13.072296 0.795208 -5.802675
v 13.083158 0.810201 -5.803765
v 13.072252 0.817958 -5.801100
v 13.073780 0.459473 -5.847635
v 13.072376 0.448096 -5.804118
v 13.093939 0.459473 -5.804432
v 13.072339 0.470848 -5.803764
v 13.104086 0.107399 -5.846444
v 13.103141 0.118097 -5.805261
v 13.081576 0.107349 -5.804700
v 13.103116 0.095350 -5.802486
v 13.104703 0.252471 -5.861978
v 13.103621 0.267480 -5.817830
v 13.083344 0.252464 -5.821499
v 13.103703 0.244773 -5.820303
v 13.103716 0.338579 -5.833189
v 13.102781 0.353463 -5.793772
v 13.082266 0.338609 -5.794325
v 13.102880 0.330754 -5.796480
v 13.104761 0.811495 -5.846794
v 13.103010 0.823386 -5.802271
v 13.092203 0.808406 -5.803277
v 13.103058 0.800640 -5.803941
v 13.102571 0.939989 -5.785293
v 13.080973 0.928616 -5.784472
v 13.102577 0.917248 -5.785854
v 13.103488 0.928182 -5.826445
v 13.082926 0.213382 -6.180616
v 13.081951 0.225079 -6.139079
v 13.082890 0.236120 -6.179274
v 13.102885 0.220449 -6.180558
v 13.082838 0.563823 -6.179378
v 13.081905 0.576341 -6.137917
v 13.082869 0.586580 -6.180447
v 13.104334 0.576287 -6.180693
v 13.082557 0.800617 -6.173483
v 13.081630 0.811866 -6.129997
v 13.082577 0.823360 -6.174640
v 13.102994 0.808554 -6.170375
v 13.091812 0.107617 -6.170555
v 13.113371 0.118993 -6.170981
v 13.111971 0.107617 -6.127352
v 13.113418 0.096243 -6.171350
v 13.111320 0.011153 -6.096916
v 13.110091 0.022705 -6.053867
v 13.109090 0.007562 -6.014105
v 13.090235 0.015595 -6.056767
v 13.105218 1.023009 -5.882982
v 13.106109 1.017575 -5.918849
v 13.107420 1.026631 -5.961015
v 13.085163 1.026330 -5.920311
v 13.090453 1.025180 -6.122141
v 13.110917 1.028371 -6.080639
v 13.111994 1.013803 -6.122360
v 13.113249 1.027775 -6.163016
v 11.507500 0.363305 -5.808253
v 11.505417 0.394101 -5.805489
v 11.523052 0.379950 -6.002113
v 13.106069 0.363263 -5.767731
v 13.106001 0.394101 -5.765084
v 13.103580 0.379956 -5.961778
v 13.108116 0.410756 -5.959762
v 12.953910 0.380626 -5.972524
v 12.577786 0.379893 -5.973474
v 12.394243 0.380177 -5.982739
v 12.026852 0.380346 -5.990658
v 11.891203 0.378848 -5.980865
v 11.667524 0.379747 -5.994754
v 12.218655 0.410355 -5.978213
v 12.406200 0.410635 -5.977188
v 12.577721 0.410501 -5.970846
v 11.662869 0.363913 -5.810387
v 12.030228 0.364517 -5.808113
v 12.214067 0.363913 -5.796473
v 12.581393 0.363441 -5.781699
v 12.949421 0.362801 -5.766440
v 12.954544 0.393651 -5.764551
v 12.758118 0.394612 -5.780462
v 12.574619 0.394001 -5.778333
v 12.397594 0.394049 -5.783710
v 12.214001 0.394521 -5.793846
v 12.033129 0.395240 -5.806323
v 11.835862 0.393870 -5.798360
v 11.514208 0.377765 -5.974428
v 11.518594 0.374628 -5.940065
v 11.513926 0.371831 -5.906395
v 11.523744 0.368841 -5.870750
v 11.511382 0.366036 -5.838484
v 11.512148 0.396617 -5.835982
v 11.504569 0.402544 -5.903441
v 11.513154 0.405424 -5.937589
v 11.489300 0.408817 -5.971769
v 13.100885 0.366009 -5.798505
v 13.101740 0.368920 -5.832398
v 13.102596 0.371831 -5.866292
v 13.103383 0.374742 -5.900138
v 13.087639 0.377436 -5.932303
v 13.093656 0.408151 -5.930446
v 13.102530 0.402439 -5.863665
v 13.110161 0.399714 -5.830542
v 12.952042 0.408174 -5.938288
v 12.954000 0.405340 -5.903634
v 12.951258 0.402179 -5.867501
v 12.950361 0.399127 -5.831966
v 12.950389 0.396024 -5.796200
v 12.769138 0.408558 -5.936035
v 12.759978 0.404848 -5.904173
v 12.766756 0.402927 -5.871418
v 12.766719 0.399433 -5.840161
v 12.765889 0.396686 -5.808178
v 12.586191 0.407931 -5.941892
v 12.576246 0.404761 -5.907046
v 12.588852 0.401891 -5.875896
v 12.582938 0.399269 -5.842888
v 12.592553 0.396477 -5.809655
v 12.401772 0.408001 -5.949206
v 12.400917 0.405091 -5.915313
v 12.400059 0.403064 -5.881344
v 12.399206 0.399269 -5.847527
v 12.398350 0.396358 -5.813633
v 12.217943 0.407673 -5.950018
v 12.227101 0.404992 -5.917020
v 12.221581 0.403176 -5.885684
v 12.215521 0.399432 -5.854068
v 12.214714 0.396686 -5.822084
v 12.026194 0.408041 -5.959258
v 12.033451 0.405090 -5.924589
v 12.032595 0.403064 -5.890620
v 12.029951 0.400361 -5.869569
v 12.029095 0.397450 -5.835676
v 11.890654 0.406920 -5.947660
v 11.849719 0.405091 -5.929227
v 11.848864 0.402180 -5.895334
v 11.848110 0.399341 -5.861451
v 11.847151 0.397243 -5.827471
v 11.666746 0.407673 -5.963933
v 11.676422 0.405006 -5.931571
v 11.670795 0.402159 -5.898835
v 11.664324 0.399432 -5.867982
v 11.663516 0.396686 -5.835999
v 11.666811 0.377583 -5.966516
v 11.666003 0.374836 -5.934532
v 11.665195 0.372089 -5.902548
v 11.662515 0.369580 -5.870983
v 11.669886 0.366349 -5.837585
v 11.850641 0.377027 -5.965779
v 11.859552 0.374958 -5.931424
v 11.849257 0.372221 -5.899673
v 11.847181 0.369257 -5.862784
v 11.847678 0.366243 -5.829856
v 12.026730 0.377963 -5.961601
v 12.033517 0.375000 -5.927172
v 12.032661 0.372090 -5.893278
v 12.031805 0.369179 -5.859385
v 12.030951 0.366268 -5.825492
v 12.218008 0.377583 -5.952601
v 12.217201 0.374836 -5.920618
v 12.215902 0.372088 -5.888675
v 12.215586 0.369342 -5.856651
v 12.212282 0.366394 -5.824179
v 12.401537 0.376841 -5.950867
v 12.400982 0.375000 -5.917895
v 12.400126 0.372090 -5.884002
v 12.399271 0.369179 -5.850109
v 12.398415 0.366268 -5.816216
v 12.586737 0.377858 -5.943888
v 12.576176 0.374673 -5.909657
v 12.592536 0.372050 -5.879161
v 12.583003 0.369179 -5.845471
v 12.582148 0.366268 -5.811577
v 12.774502 0.377387 -5.938659
v 12.779382 0.374848 -5.905837
v 12.760628 0.371231 -5.875627
v 12.766784 0.369343 -5.842743
v 12.766749 0.366601 -5.811081
v 12.958345 0.378234 -5.942091
v 12.954698 0.375291 -5.906261
v 12.951325 0.371205 -5.870159
v 12.950426 0.369037 -5.834548
v 12.957018 0.366077 -5.800015
v 11.514361 0.411451 -6.002191
v 11.509245 0.396436 -6.002759
v 11.491791 0.409764 -5.982604
v 12.770308 0.378238 -5.949016
v 12.744692 0.379826 -5.968756
v 12.768139 0.390552 -5.966535
v 12.780352 0.379894 -5.968650
v 12.218179 0.378100 -5.959349
v 12.200911 0.379802 -5.981751
v 12.218675 0.401229 -5.978996
v 12.236556 0.379791 -5.981033
v 11.666578 0.408330 -5.970850
v 11.683861 0.410324 -5.991163
v 11.667086 0.388912 -5.994018
v 11.648262 0.410497 -5.993456
v 11.893641 0.407838 -5.957265
v 11.917715 0.409905 -5.978909
v 11.894197 0.389474 -5.979683
v 11.882113 0.409811 -5.978559
v 12.028901 0.408907 -5.968388
v 12.052718 0.410784 -5.987650
v 12.029493 0.390337 -5.990005
v 12.017109 0.410690 -5.987181
v 12.769567 0.408978 -5.942763
v 12.788763 0.410407 -5.964784
v 12.765310 0.399584 -5.965950
v 12.753109 0.410334 -5.964842
v 12.971642 0.411179 -5.968728
v 12.953890 0.389752 -5.971741
v 12.936010 0.411145 -5.969345
v 12.952622 0.409160 -5.948476
v 11.828431 0.363484 -5.801264
v 11.847282 0.365471 -5.821719
v 11.864067 0.363542 -5.801041
v 11.839452 0.383342 -5.799025
v 12.377426 0.363484 -5.788035
v 12.397563 0.365509 -5.808415
v 12.413061 0.363438 -5.786596
v 12.396880 0.384773 -5.784741
v 12.748447 0.363624 -5.781653
v 12.766623 0.365799 -5.803099
v 12.784061 0.363561 -5.780172
v 12.760869 0.384174 -5.780862
v 11.662849 0.373040 -5.809604
v 11.680612 0.394454 -5.806793
v 11.663345 0.396168 -5.829251
v 11.644968 0.394474 -5.807503
v 11.512617 0.397690 -5.848387
v 11.531262 0.399532 -5.869630
v 11.508047 0.401368 -5.890259
v 11.520139 0.379574 -5.870436
v 13.100452 0.406855 -5.916214
v 13.091485 0.405186 -5.898363
v 13.105133 0.403487 -5.876738
v 13.105233 0.384247 -5.899370
v 13.100864 0.375135 -5.797722
v 13.106339 0.398447 -5.816360
v 13.082985 0.396547 -5.795916
v 13.104357 0.394900 -5.774860
v 13.106304 0.371743 -6.199773
v 13.108316 0.402667 -6.199945
v 13.095648 0.371715 -6.004870
v 11.507221 0.371715 -6.199944
v 11.507221 0.402667 -6.199944
v 11.514606 0.371758 -6.005304
v 11.510020 0.402608 -6.004564
v 11.664500 0.371831 -5.998307
v 12.040527 0.371831 -6.006881
v 12.224246 0.371718 -6.002243
v 12.591721 0.372002 -6.003579
v 12.727078 0.371640 -6.016872
v 12.951037 0.371831 -6.008585
v 12.399664 0.402551 -6.008585
v 12.212152 0.402513 -6.004866
v 12.040527 0.402551 -6.006881
v 12.951037 0.371831 -6.193689
v 12.583739 0.371833 -6.186666
v 12.399664 0.371831 -6.193689
v 12.032083 0.371831 -6.199209
v 11.663786 0.371704 -6.205208
v 11.658618 0.402590 -6.204322
v 11.855383 0.402612 -6.193331
v 12.038769 0.402581 -6.200118
v 12.215874 0.402551 -6.199209
v 12.399664 0.402551 -6.193689
v 12.580793 0.402591 -6.185749
v 12.777797 0.402333 -6.198756
v 13.103792 0.371925 -6.032854
v 13.098539 0.371729 -6.067239
v 13.102358 0.371831 -6.101131
v 13.091642 0.371878 -6.136642
v 13.103186 0.371870 -6.169332
v 13.102358 0.402551 -6.169188
v 13.111635 0.402705 -6.101681
v 13.103915 0.402635 -6.067207
v 13.128625 0.403144 -6.033473
v 11.513180 0.371831 -6.169188
v 11.513180 0.371831 -6.135159
v 11.513180 0.371831 -6.101130
v 11.513248 0.371835 -6.067150
v 11.529799 0.371803 -6.035279
v 11.523737 0.402551 -6.034349
v 11.513180 0.402551 -6.101130
v 11.504716 0.402652 -6.134162
v 11.665504 0.402209 -6.030097
v 11.662670 0.402345 -6.064806
v 11.664500 0.402291 -6.101135
v 11.664500 0.402291 -6.136812
v 11.663570 0.402258 -6.172701
v 11.848291 0.403179 -6.036907
v 11.856645 0.402227 -6.069190
v 11.849042 0.403100 -6.101809
v 11.848291 0.402291 -6.133241
v 11.848313 0.402291 -6.165352
v 12.031329 0.402449 -6.035727
v 12.040390 0.402291 -6.070956
v 12.027002 0.402068 -6.101911
v 12.032083 0.402291 -6.135159
v 12.021631 0.402331 -6.168257
v 12.215874 0.402291 -6.033073
v 12.215874 0.402291 -6.067102
v 12.215874 0.403179 -6.101130
v 12.215874 0.402291 -6.135159
v 12.215874 0.402291 -6.169188
v 12.399664 0.402291 -6.036914
v 12.389676 0.402422 -6.069780
v 12.394404 0.403305 -6.101286
v 12.399664 0.402291 -6.133248
v 12.399664 0.402291 -6.165359
v 12.591585 0.402282 -6.032501
v 12.583456 0.402291 -6.067102
v 12.583456 0.403179 -6.101131
v 12.585567 0.402291 -6.122396
v 12.585567 0.402291 -6.156425
v 12.726789 0.402450 -6.047557
v 12.767246 0.402291 -6.067102
v 12.767246 0.402291 -6.101131
v 12.767145 0.402362 -6.135140
v 12.767246 0.403179 -6.169188
v 12.951037 0.402291 -6.036914
v 12.940547 0.402381 -6.069132
v 12.945346 0.402356 -6.102123
v 12.951037 0.402291 -6.133248
v 12.951037 0.402291 -6.165359
v 12.951037 0.372091 -6.036914
v 12.951037 0.372091 -6.069026
v 12.951037 0.372091 -6.101137
v 12.952921 0.372296 -6.132859
v 12.944710 0.371916 -6.166214
v 12.767246 0.371203 -6.033073
v 12.757472 0.372060 -6.067244
v 12.766962 0.372071 -6.099362
v 12.768106 0.372276 -6.136409
v 12.766779 0.372089 -6.169452
v 12.591109 0.372113 -6.032727
v 12.583456 0.372091 -6.067102
v 12.583456 0.372091 -6.101131
v 12.583456 0.372091 -6.135159
v 12.583456 0.372091 -6.169188
v 12.399664 0.372091 -6.036914
v 12.399664 0.372091 -6.069026
v 12.400156 0.372087 -6.101109
v 12.399664 0.372091 -6.133248
v 12.402147 0.371937 -6.165926
v 12.216150 0.371104 -6.034091
v 12.215874 0.372091 -6.067102
v 12.215874 0.372091 -6.101130
v 12.215874 0.372091 -6.135159
v 12.215874 0.372091 -6.169188
v 12.030834 0.372314 -6.036298
v 12.040527 0.372091 -6.070931
v 12.023403 0.372050 -6.101118
v 12.032083 0.372091 -6.135159
v 12.032083 0.372091 -6.169188
v 11.842996 0.371886 -6.036825
v 11.837290 0.372153 -6.069612
v 11.855276 0.371173 -6.100482
v 11.848291 0.372091 -6.133241
v 11.847527 0.372066 -6.165012
v 11.659298 0.372041 -6.028712
v 11.662041 0.372180 -6.064743
v 11.664500 0.371203 -6.101135
v 11.664500 0.372091 -6.136812
v 11.657040 0.372080 -6.171295
v 13.104339 0.403113 -6.002317
v 13.109468 0.388116 -6.003164
v 13.126408 0.403156 -6.022538
v 11.847450 0.371858 -6.026543
v 11.873556 0.371807 -6.007389
v 11.850061 0.382634 -6.008094
v 11.837906 0.371807 -6.006592
v 12.399664 0.372028 -6.030145
v 12.417492 0.371846 -6.008120
v 12.399664 0.393391 -6.008585
v 12.381840 0.371819 -6.007940
v 12.951379 0.402356 -6.029973
v 12.934614 0.402567 -6.009135
v 12.951456 0.381027 -6.008545
v 12.970261 0.402620 -6.007731
v 12.724046 0.402536 -6.037837
v 12.700525 0.402693 -6.015497
v 12.724056 0.382321 -6.017065
v 12.736109 0.402706 -6.016749
v 12.589109 0.402358 -6.023265
v 12.565786 0.402530 -6.003320
v 12.589064 0.382006 -6.003309
v 12.601373 0.402553 -6.004691
v 11.848034 0.403021 -6.030159
v 11.829399 0.402521 -6.007621
v 11.852874 0.391688 -6.007976
v 11.865044 0.402520 -6.008466
v 11.646678 0.402558 -5.999029
v 11.664500 0.380991 -5.998307
v 11.682313 0.402548 -5.999313
v 11.665180 0.402319 -6.019851
v 12.785299 0.371826 -6.198650
v 12.766970 0.372016 -6.177632
v 12.749668 0.371826 -6.197971
v 12.774225 0.391778 -6.198904
v 12.236143 0.371772 -6.198022
v 12.216528 0.372003 -6.177044
v 12.200483 0.371772 -6.198564
v 12.216614 0.393222 -6.198993
v 11.865080 0.371656 -6.195038
v 11.847452 0.371950 -6.173035
v 11.829439 0.371644 -6.195623
v 11.852642 0.392172 -6.193756
v 12.951037 0.380990 -6.193689
v 12.933210 0.402529 -6.194210
v 12.951037 0.402353 -6.172129
v 12.968860 0.402564 -6.194398
v 13.102201 0.402558 -6.156730
v 13.084098 0.402537 -6.134944
v 13.107826 0.402652 -6.114824
v 13.095239 0.382607 -6.136128
v 11.516582 0.402462 -6.048464
v 11.525097 0.402345 -6.066613
v 11.510907 0.402472 -6.087954
v 11.511379 0.381367 -6.067056
v 11.513180 0.380990 -6.169188
v 11.508179 0.402611 -6.148493
v 11.531010 0.402517 -6.169604
v 11.509113 0.402630 -6.190180
v 11.509726 0.686208 -5.787685
v 11.507713 0.717132 -5.787514
v 11.520382 0.686181 -5.982589
v 13.108808 0.686181 -5.787514
v 13.108808 0.717132 -5.787514
v 13.101423 0.686224 -5.982153
v 13.106009 0.717074 -5.982894
v 12.951529 0.686296 -5.989151
v 12.575501 0.686296 -5.980577
v 12.391783 0.686184 -5.985215
v 12.024309 0.686467 -5.983880
v 11.888950 0.686105 -5.970586
v 11.664991 0.686296 -5.978873
v 12.216365 0.717017 -5.978873
v 12.403876 0.716979 -5.982592
v 12.575501 0.717017 -5.980577
v 11.664991 0.686296 -5.793769
v 12.032290 0.686299 -5.800793
v 12.216365 0.686296 -5.793769
v 12.583946 0.686296 -5.788249
v 12.952243 0.686169 -5.782250
v 12.957411 0.717056 -5.783136
v 12.760647 0.717077 -5.794127
v 12.577261 0.717046 -5.787341
v 12.400156 0.717017 -5.788249
v 12.216365 0.717017 -5.793769
v 12.035235 0.717056 -5.801710
v 11.838232 0.716798 -5.788702
v 11.512238 0.686390 -5.954604
v 11.517489 0.686194 -5.920220
v 11.513672 0.686296 -5.886328
v 11.524386 0.686344 -5.850816
v 11.512844 0.686335 -5.818127
v 11.513672 0.717017 -5.818270
v 11.504394 0.717170 -5.885777
v 11.512114 0.717100 -5.920251
v 11.487404 0.717610 -5.953985
v 13.102849 0.686296 -5.818270
v 13.102848 0.686296 -5.852299
v 13.102848 0.686296 -5.886328
v 13.102781 0.686301 -5.920308
v 13.086231 0.686268 -5.952179
v 13.092293 0.717017 -5.953109
v 13.102849 0.717017 -5.886328
v 13.111313 0.717117 -5.853296
v 12.950525 0.716674 -5.957361
v 12.953359 0.716810 -5.922652
v 12.951529 0.716757 -5.886322
v 12.951529 0.716757 -5.850646
v 12.952459 0.716723 -5.814757
v 12.767738 0.717644 -5.950551
v 12.759384 0.716692 -5.918268
v 12.766987 0.717565 -5.885650
v 12.767738 0.716757 -5.854217
v 12.767715 0.716757 -5.822106
v 12.584700 0.716914 -5.951731
v 12.575639 0.716757 -5.916502
v 12.589026 0.716534 -5.885548
v 12.583946 0.716757 -5.852299
v 12.594398 0.716796 -5.819201
v 12.400156 0.716757 -5.954385
v 12.400156 0.716757 -5.920356
v 12.400156 0.717644 -5.886328
v 12.400156 0.716757 -5.852299
v 12.400156 0.716757 -5.818270
v 12.216365 0.716757 -5.950544
v 12.226353 0.716887 -5.917677
v 12.221624 0.717770 -5.886172
v 12.216365 0.716757 -5.854210
v 12.216365 0.716757 -5.822099
v 12.024444 0.716747 -5.954957
v 12.032574 0.716757 -5.920356
v 12.032574 0.717644 -5.886328
v 12.030462 0.716757 -5.865063
v 12.030462 0.716757 -5.831034
v 11.889239 0.716915 -5.939901
v 11.848783 0.716757 -5.920356
v 11.848783 0.716757 -5.886328
v 11.848885 0.716828 -5.852318
v 11.848783 0.717644 -5.818270
v 11.664991 0.716757 -5.950544
v 11.675482 0.716846 -5.918327
v 11.670683 0.716821 -5.885335
v 11.664991 0.716757 -5.854210
v 11.664991 0.716757 -5.822099
v 11.664991 0.686556 -5.950544
v 11.664991 0.686556 -5.918433
v 11.664991 0.686556 -5.886322
v 11.663108 0.686761 -5.854599
v 11.671320 0.686382 -5.821244
v 11.848783 0.685668 -5.954385
v 11.858557 0.686525 -5.920214
v 11.849068 0.686536 -5.888097
v 11.847922 0.686741 -5.851049
v 11.849251 0.686554 -5.818007
v 12.024920 0.686578 -5.954731
v 12.032574 0.686556 -5.920356
v 12.032574 0.686556 -5.886328
v 12.032574 0.686556 -5.852299
v 12.032574 0.686556 -5.818270
v 12.216365 0.686556 -5.950544
v 12.216365 0.686556 -5.918433
v 12.215874 0.686552 -5.886350
v 12.216365 0.686556 -5.854210
v 12.213882 0.686402 -5.821532
v 12.399879 0.685569 -5.953368
v 12.400156 0.686556 -5.920356
v 12.400156 0.686556 -5.886328
v 12.400156 0.686556 -5.852299
v 12.400156 0.686556 -5.818270
v 12.585196 0.686779 -5.951160
v 12.575501 0.686556 -5.916527
v 12.592627 0.686515 -5.886340
v 12.583946 0.686556 -5.852299
v 12.583946 0.686556 -5.818270
v 12.773033 0.686351 -5.950633
v 12.778740 0.686618 -5.917847
v 12.760754 0.685638 -5.886976
v 12.767738 0.686556 -5.854217
v 12.768502 0.686532 -5.822445
v 12.956731 0.686506 -5.958746
v 12.953989 0.686645 -5.922715
v 12.951529 0.685668 -5.886322
v 12.951529 0.686556 -5.850646
v 12.958989 0.686545 -5.816163
v 11.511690 0.717579 -5.985141
v 11.506561 0.702581 -5.984294
v 11.489622 0.717621 -5.964921
v 12.768579 0.686323 -5.960915
v 12.742474 0.686273 -5.980069
v 12.765968 0.697099 -5.979363
v 12.778124 0.686273 -5.980866
v 12.216365 0.686494 -5.957314
v 12.198537 0.686312 -5.979338
v 12.216365 0.707857 -5.978873
v 12.234189 0.686284 -5.979518
v 11.664650 0.716821 -5.957485
v 11.681415 0.717032 -5.978323
v 11.664573 0.695492 -5.978913
v 11.645769 0.717085 -5.979727
v 11.891983 0.717001 -5.949622
v 11.915504 0.717158 -5.971961
v 11.891973 0.696786 -5.970394
v 11.879921 0.717171 -5.970709
v 12.026919 0.716824 -5.964193
v 12.050243 0.716995 -5.984138
v 12.026966 0.696472 -5.984149
v 12.014657 0.717018 -5.982768
v 12.767996 0.717486 -5.957299
v 12.786631 0.716986 -5.979837
v 12.763155 0.706154 -5.979482
v 12.750986 0.716986 -5.978992
v 12.969351 0.717023 -5.988429
v 12.951529 0.695456 -5.989151
v 12.933716 0.717013 -5.988144
v 12.950850 0.716784 -5.967607
v 11.830730 0.686291 -5.788808
v 11.849060 0.686481 -5.809826
v 11.866362 0.686291 -5.789487
v 11.841805 0.706243 -5.788554
v 12.379885 0.686237 -5.789435
v 12.399502 0.686469 -5.810414
v 12.415545 0.686237 -5.788895
v 12.399416 0.707687 -5.788465
v 12.750950 0.686121 -5.792420
v 12.768578 0.686415 -5.814423
v 12.786590 0.686109 -5.791835
v 12.763387 0.706637 -5.793702
v 11.664991 0.695456 -5.793769
v 11.682819 0.716994 -5.793248
v 11.664991 0.716819 -5.815330
v 11.647169 0.717030 -5.793061
v 11.513828 0.717023 -5.830729
v 11.531931 0.717002 -5.852515
v 11.508203 0.717117 -5.872635
v 11.520790 0.697072 -5.851330
v 13.099446 0.716927 -5.938994
v 13.090932 0.716811 -5.920845
v 13.105122 0.716938 -5.899504
v 13.104650 0.695832 -5.920402
v 13.102849 0.695456 -5.818270
v 13.107850 0.717076 -5.838965
v 13.085020 0.716982 -5.817853
v 13.106916 0.717095 -5.797277
v 13.104561 0.673549 -6.212222
v 13.106503 0.704195 -6.216394
v 13.097132 0.698537 -6.018776
v 11.505699 0.673500 -6.185700
v 11.505632 0.704195 -6.189672
v 11.516302 0.698524 -5.992826
v 11.511663 0.729214 -5.995974
v 11.666292 0.699494 -5.988399
v 12.042126 0.698393 -6.003176
v 12.225895 0.698877 -6.001629
v 12.593296 0.698987 -6.009122
v 12.728415 0.696922 -6.024517
v 12.952480 0.698174 -6.020061
v 12.401117 0.728641 -6.014802
v 12.213695 0.729081 -6.007980
v 12.042059 0.728860 -6.007119
v 12.949416 0.674417 -6.203609
v 12.582285 0.675321 -6.190515
v 12.398120 0.674417 -6.194407
v 12.030498 0.673709 -6.193746
v 11.662154 0.672813 -6.193532
v 11.656935 0.703558 -6.196530
v 11.853854 0.704989 -6.188919
v 12.037102 0.704088 -6.198704
v 12.214197 0.704175 -6.200756
v 12.398054 0.704884 -6.198349
v 12.579289 0.705942 -6.193503
v 12.776051 0.704017 -6.209656
v 13.104811 0.695153 -6.046688
v 13.098991 0.690546 -6.080671
v 13.102247 0.686297 -6.114355
v 13.090946 0.681786 -6.149395
v 13.101946 0.677582 -6.182001
v 13.101055 0.708028 -6.185782
v 13.111449 0.716845 -6.119017
v 13.104300 0.721200 -6.084695
v 13.129564 0.726035 -6.051723
v 11.512165 0.677562 -6.155317
v 11.512728 0.681929 -6.121574
v 11.513291 0.686297 -6.087832
v 11.513922 0.690663 -6.054139
v 11.530997 0.694721 -6.022808
v 11.524886 0.725334 -6.025731
v 11.513226 0.716763 -6.091774
v 11.504215 0.712624 -6.124400
v 11.666704 0.725540 -6.023837
v 11.663296 0.721221 -6.058224
v 11.664525 0.716505 -6.094271
v 11.663935 0.711926 -6.129648
v 11.662411 0.707286 -6.165215
v 11.849352 0.725629 -6.033764
v 11.857172 0.720541 -6.065793
v 11.849028 0.717220 -6.098122
v 11.847759 0.712384 -6.129174
v 11.847250 0.708263 -6.161016
v 12.032385 0.725056 -6.035555
v 12.040862 0.720378 -6.070619
v 12.026964 0.716184 -6.101061
v 12.031492 0.712138 -6.134144
v 12.020495 0.707929 -6.166794
v 12.216948 0.725240 -6.035983
v 12.216385 0.720873 -6.069726
v 12.215819 0.717386 -6.103582
v 12.215258 0.712138 -6.137211
v 12.214695 0.707770 -6.170954
v 12.400650 0.724747 -6.042860
v 12.390119 0.720659 -6.075300
v 12.394323 0.717491 -6.106732
v 12.399055 0.712383 -6.138383
v 12.398523 0.708262 -6.170225
v 12.592617 0.725304 -6.041686
v 12.583916 0.720873 -6.075861
v 12.583350 0.717386 -6.109717
v 12.585112 0.713776 -6.130725
v 12.584548 0.709409 -6.164467
v 12.727553 0.723538 -6.058893
v 12.767681 0.720873 -6.078928
v 12.767118 0.716505 -6.112671
v 12.766453 0.712211 -6.146401
v 12.765989 0.708651 -6.180270
v 12.951946 0.724747 -6.052062
v 12.940924 0.720701 -6.083845
v 12.945175 0.716442 -6.116635
v 12.950352 0.712383 -6.147586
v 12.949820 0.708262 -6.179427
v 12.952011 0.694796 -6.048186
v 12.951479 0.690675 -6.080028
v 12.950948 0.686554 -6.111869
v 12.952306 0.682685 -6.143382
v 12.943544 0.678028 -6.176271
v 12.768311 0.694409 -6.041196
v 12.757971 0.690873 -6.075027
v 12.766928 0.686762 -6.107034
v 12.767458 0.682210 -6.143815
v 12.765584 0.677784 -6.176534
v 12.592202 0.695356 -6.038030
v 12.583981 0.690922 -6.071985
v 12.583417 0.686554 -6.105728
v 12.582853 0.682187 -6.139471
v 12.582291 0.677820 -6.173213
v 12.400715 0.694796 -6.038984
v 12.400183 0.690675 -6.070825
v 12.400143 0.686554 -6.102646
v 12.399120 0.682432 -6.134508
v 12.401062 0.678086 -6.166933
v 12.217276 0.694180 -6.032995
v 12.216450 0.690922 -6.065850
v 12.215886 0.686554 -6.099593
v 12.215322 0.682187 -6.133336
v 12.214760 0.677820 -6.167078
v 12.031945 0.695097 -6.032246
v 12.041064 0.690430 -6.066721
v 12.023442 0.686516 -6.096363
v 12.031557 0.682187 -6.130268
v 12.030994 0.677820 -6.164011
v 11.844126 0.694605 -6.029579
v 11.837876 0.690662 -6.062028
v 11.855351 0.685727 -6.092814
v 11.847824 0.682433 -6.125299
v 11.846534 0.678331 -6.156787
v 11.660587 0.695799 -6.018487
v 11.662732 0.691313 -6.054279
v 11.664592 0.685673 -6.090281
v 11.664000 0.681975 -6.125772
v 11.655970 0.677538 -6.159840
v 13.105797 0.730003 -6.020419
v 13.110943 0.715021 -6.019420
v 13.127527 0.727450 -6.040844
v 11.848749 0.695896 -6.019454
v 11.875168 0.698305 -6.000890
v 11.851643 0.708951 -6.002587
v 11.839537 0.698407 -5.999505
v 12.400826 0.695604 -6.032264
v 12.419017 0.698250 -6.010698
v 12.401137 0.719557 -6.013626
v 12.383373 0.698246 -6.009922
v 12.952402 0.725702 -6.045193
v 12.935985 0.728586 -6.024277
v 12.952880 0.707299 -6.021209
v 12.971648 0.728819 -6.023487
v 12.724970 0.724872 -6.049220
v 12.701822 0.727895 -6.026695
v 12.725368 0.707490 -6.026028
v 12.737380 0.727747 -6.028532
v 12.590295 0.726565 -6.032495
v 12.567305 0.729296 -6.012351
v 12.590622 0.708943 -6.010095
v 12.602862 0.729143 -6.014307
v 11.849206 0.726338 -6.027049
v 11.830948 0.728734 -6.004324
v 11.854437 0.717946 -6.003678
v 11.866573 0.728626 -6.005757
v 11.648395 0.729874 -5.992760
v 11.666273 0.708578 -5.989574
v 11.684020 0.729828 -5.993636
v 11.666550 0.726965 -6.013686
v 12.783619 0.673775 -6.205762
v 12.765639 0.676662 -6.184639
v 12.748004 0.673863 -6.204494
v 12.772499 0.693530 -6.208389
v 12.234550 0.673803 -6.195968
v 12.215284 0.676725 -6.174868
v 12.198887 0.673733 -6.195909
v 12.214961 0.694951 -6.199356
v 11.863588 0.674071 -6.186800
v 11.846327 0.677186 -6.164726
v 11.827944 0.673984 -6.186784
v 11.851130 0.694582 -6.187954
v 12.949396 0.683501 -6.204784
v 12.931518 0.704795 -6.207768
v 12.949708 0.707455 -6.186147
v 12.967159 0.704806 -6.208553
v 13.101105 0.709634 -6.173427
v 13.083364 0.712409 -6.151519
v 13.107423 0.715105 -6.131979
v 13.094526 0.692492 -6.150322
v 11.517500 0.723434 -6.039596
v 11.525713 0.720989 -6.057720
v 11.511171 0.718376 -6.078660
v 11.512033 0.700127 -6.055237
v 11.512146 0.686646 -6.156493
v 11.507441 0.710744 -6.138662
v 11.529919 0.707940 -6.159966
v 11.507685 0.705412 -6.180017
v 11.508081 1.030606 -5.819887
v 11.505985 1.061178 -5.815267
v 11.522246 1.058860 -6.012505
v 13.106895 1.030555 -5.790605
v 13.106813 1.061178 -5.786115
v 13.103020 1.058839 -5.983281
v 13.107536 1.089470 -5.979455
v 12.953276 1.059926 -5.992922
v 12.577156 1.058681 -5.991287
v 12.393552 1.059243 -5.999237
v 12.026114 1.059330 -6.004565
v 11.890539 1.057043 -5.993932
v 11.666766 1.058434 -6.006180
v 12.217966 1.088830 -5.991684
v 12.405514 1.089332 -5.991954
v 12.577074 1.089077 -5.986830
v 11.663431 1.031576 -5.823065
v 12.030795 1.032598 -5.823325
v 12.214713 1.031576 -5.813026
v 12.582134 1.030775 -5.800872
v 12.950262 1.029779 -5.788250
v 12.955363 1.060467 -5.784552
v 12.758829 1.062083 -5.799004
v 12.575352 1.061069 -5.795634
v 12.398293 1.061171 -5.799762
v 12.214632 1.061972 -5.808569
v 12.033676 1.063163 -5.819716
v 11.836472 1.061020 -5.810473
v 11.513599 1.055006 -5.984939
v 11.518231 1.049823 -5.950857
v 11.513803 1.045006 -5.917384
v 11.523877 1.039901 -5.882051
v 11.511747 1.035149 -5.849926
v 11.512497 1.065527 -5.845601
v 11.504436 1.075474 -5.912529
v 11.512775 1.080407 -5.946503
v 11.488677 1.085805 -5.980250
v 13.101492 1.035131 -5.821122
v 13.102104 1.040069 -5.854785
v 13.102717 1.045006 -5.888449
v 13.103262 1.049942 -5.922064
v 13.087289 1.054533 -5.953899
v 13.093285 1.085092 -5.950247
v 13.102636 1.075402 -5.883992
v 13.110504 1.070709 -5.851146
v 12.951619 1.085370 -5.957085
v 12.953826 1.080468 -5.922678
v 12.951342 1.075144 -5.886780
v 12.950699 1.069967 -5.851486
v 12.950983 1.064727 -5.815971
v 12.768736 1.085342 -5.953536
v 12.759806 1.079715 -5.921890
v 12.766817 1.075846 -5.889357
v 12.767003 1.070485 -5.858366
v 12.766403 1.065826 -5.826600
v 12.585752 1.084790 -5.958141
v 12.576057 1.079523 -5.923479
v 12.588886 1.074811 -5.892646
v 12.583208 1.070207 -5.859814
v 12.593061 1.065444 -5.826876
v 12.401287 1.085020 -5.964150
v 12.400673 1.080082 -5.930487
v 12.400059 1.076023 -5.896695
v 12.399447 1.070207 -5.863161
v 12.398834 1.065269 -5.829498
v 12.217457 1.084462 -5.963697
v 12.226851 1.079823 -5.930983
v 12.221554 1.076125 -5.899774
v 12.215721 1.070484 -5.868398
v 12.215143 1.065825 -5.836632
v 12.025646 1.085093 -5.971558
v 12.033153 1.080082 -5.937180
v 12.032537 1.076023 -5.903388
v 12.030046 1.072059 -5.882519
v 12.029432 1.067122 -5.848856
v 11.890193 1.083074 -5.959102
v 11.849392 1.080082 -5.940526
v 11.848779 1.075145 -5.906863
v 11.848268 1.070280 -5.873207
v 11.847550 1.066148 -5.839408
v 11.666175 1.084462 -5.973736
v 11.676083 1.079876 -5.941661
v 11.670691 1.075064 -5.909115
v 11.664440 1.070484 -5.878437
v 11.663861 1.065825 -5.846671
v 11.666255 1.054581 -5.978117
v 11.665676 1.049922 -5.946351
v 11.665098 1.045263 -5.914585
v 11.662642 1.040863 -5.883208
v 11.670253 1.035647 -5.850117
v 11.850087 1.054260 -5.978700
v 11.859241 1.050150 -5.944593
v 11.849174 1.045500 -5.912992
v 11.847363 1.040328 -5.876334
v 11.848095 1.035348 -5.843649
v 12.026199 1.055210 -5.975703
v 12.033232 1.050201 -5.941561
v 12.032619 1.045264 -5.907898
v 12.032006 1.040326 -5.874235
v 12.031393 1.035388 -5.840572
v 12.217537 1.054581 -5.968078
v 12.216958 1.049922 -5.936312
v 12.215889 1.045263 -5.904583
v 12.215801 1.040603 -5.872779
v 12.212730 1.035710 -5.840520
v 12.401073 1.054014 -5.967673
v 12.400753 1.050201 -5.934868
v 12.400141 1.045263 -5.901205
v 12.399528 1.040326 -5.867542
v 12.398914 1.035388 -5.833879
v 12.586316 1.054891 -5.961940
v 12.576001 1.049645 -5.927888
v 12.592580 1.045225 -5.897719
v 12.583288 1.040326 -5.864196
v 12.582675 1.035388 -5.830533
v 12.774115 1.054392 -5.958060
v 12.779229 1.049899 -5.925483
v 12.760693 1.044449 -5.895414
v 12.767083 1.040604 -5.862747
v 12.767275 1.035970 -5.831306
v 12.957928 1.055722 -5.962719
v 12.954536 1.050632 -5.927105
v 12.951424 1.044384 -5.891290
v 12.950779 1.040086 -5.855868
v 12.957617 1.035072 -5.821621
v 11.513521 1.090296 -6.010633
v 11.508416 1.075334 -6.012065
v 11.491091 1.087404 -5.991025
v 12.769847 1.055856 -5.968317
v 12.744091 1.058585 -5.987748
v 12.767540 1.069194 -5.985052
v 12.779750 1.058701 -5.987887
v 12.217659 1.055502 -5.974783
v 12.200232 1.058517 -5.996922
v 12.217991 1.079767 -5.993012
v 12.235880 1.058517 -5.996455
v 11.665958 1.085533 -5.980599
v 11.683095 1.088766 -6.000878
v 11.666323 1.067539 -6.004893
v 11.647480 1.089022 -6.002907
v 11.893112 1.084571 -5.968655
v 11.917030 1.087967 -5.990304
v 11.893529 1.067584 -5.992136
v 11.881431 1.087798 -5.989711
v 12.028288 1.086509 -5.980639
v 12.051968 1.089573 -5.999920
v 12.028749 1.069268 -6.003333
v 12.016362 1.089397 -5.999208
v 12.769115 1.086164 -5.960229
v 12.788155 1.088939 -5.982258
v 12.764706 1.078171 -5.983906
v 12.752501 1.088817 -5.982071
v 12.971001 1.090223 -5.987425
v 12.953251 1.068989 -5.991593
v 12.935366 1.090172 -5.987794
v 12.952127 1.086966 -5.967199
v 11.829054 1.030851 -5.815140
v 11.847757 1.034089 -5.835571
v 11.864691 1.030950 -5.815164
v 11.840069 1.050556 -5.811793
v 12.378128 1.030889 -5.805770
v 12.398119 1.034162 -5.826132
v 12.413773 1.030811 -5.804585
v 12.397581 1.051972 -5.801343
v 12.749186 1.031208 -5.801983
v 12.767205 1.034691 -5.823386
v 12.784809 1.031111 -5.800757
v 12.761589 1.051693 -5.800048
v 11.663407 1.040639 -5.821736
v 11.681165 1.061874 -5.817771
v 11.663739 1.064904 -5.839965
v 11.645517 1.061882 -5.818230
v 11.512878 1.067341 -5.857922
v 11.531370 1.070481 -5.879147
v 11.508007 1.073514 -5.899467
v 11.520263 1.050591 -5.881070
v 13.100183 1.082955 -5.936167
v 13.091344 1.080207 -5.918385
v 13.105146 1.077235 -5.896997
v 13.105107 1.059386 -5.920741
v 13.101467 1.044194 -5.819794
v 13.106783 1.068589 -5.837039
v 13.083577 1.065432 -5.816583
v 13.105099 1.062559 -5.795813
v 13.102584 1.021731 -6.226250
v 13.104589 1.052655 -6.226489
v 13.098412 1.021704 -6.031101
v 11.504379 1.021704 -6.173275
v 11.504379 1.052655 -6.173275
v 11.518229 1.021747 -5.978988
v 11.513670 1.052597 -5.978095
v 11.668273 1.021819 -5.976976
v 12.043808 1.021819 -5.998043
v 12.227578 1.021706 -5.999514
v 12.594805 1.021990 -6.013062
v 12.729647 1.021628 -6.030847
v 12.953758 1.021819 -6.030008
v 12.402689 1.052540 -6.011682
v 12.215405 1.052502 -6.001733
v 12.043808 1.052540 -5.998043
v 12.947605 1.021819 -6.215009
v 12.580744 1.021822 -6.195782
v 12.396538 1.021819 -6.196684
v 12.028975 1.021819 -6.189984
v 11.660683 1.021692 -6.183739
v 11.655547 1.052579 -6.182682
v 11.852568 1.052600 -6.178236
v 12.035627 1.052569 -6.191114
v 12.212664 1.052540 -6.196093
v 12.396538 1.052540 -6.196684
v 12.577830 1.052579 -6.194767
v 12.774292 1.052321 -6.214315
v 13.105621 1.021913 -6.059340
v 13.099230 1.021717 -6.093532
v 13.101918 1.021819 -6.127532
v 13.090029 1.021867 -6.162668
v 13.100479 1.021858 -6.195722
v 13.099656 1.052540 -6.195552
v 13.111174 1.052693 -6.128390
v 13.104603 1.052623 -6.093678
v 13.130420 1.053133 -6.060784
v 11.511357 1.021819 -6.142733
v 11.512488 1.021819 -6.108723
v 11.513619 1.021819 -6.074713
v 11.514816 1.021824 -6.040754
v 11.532417 1.021791 -6.009450
v 11.526390 1.052540 -6.008320
v 11.513619 1.052540 -6.074713
v 11.504062 1.052640 -6.107446
v 11.668219 1.052197 -6.008782
v 11.664234 1.052333 -6.043377
v 11.664856 1.052280 -6.079748
v 11.663670 1.052280 -6.115405
v 11.661547 1.052246 -6.151242
v 11.850679 1.053167 -6.021663
v 11.857956 1.052215 -6.054205
v 11.849273 1.053088 -6.086554
v 11.847478 1.052280 -6.117944
v 11.846433 1.052280 -6.150038
v 12.033655 1.052437 -6.026567
v 12.041541 1.052280 -6.062078
v 12.027132 1.052057 -6.092570
v 12.031103 1.052280 -6.125969
v 12.019558 1.052319 -6.158702
v 12.218185 1.052279 -6.030048
v 12.217054 1.052280 -6.064058
v 12.215923 1.053167 -6.098068
v 12.214792 1.052280 -6.132078
v 12.213661 1.052280 -6.166088
v 12.401748 1.052280 -6.039996
v 12.390673 1.052411 -6.072512
v 12.394351 1.053293 -6.104157
v 12.398546 1.052279 -6.136277
v 12.397478 1.052279 -6.168370
v 12.593710 1.052270 -6.041964
v 12.584435 1.052279 -6.076275
v 12.583303 1.053167 -6.110285
v 12.584706 1.052280 -6.131608
v 12.583575 1.052280 -6.165618
v 12.728339 1.052438 -6.061505
v 12.768124 1.052280 -6.082384
v 12.766993 1.052280 -6.116394
v 12.765760 1.052351 -6.150381
v 12.764730 1.053167 -6.184414
v 12.952816 1.052280 -6.058321
v 12.941261 1.052369 -6.090172
v 12.944961 1.052344 -6.123305
v 12.949615 1.052279 -6.154602
v 12.948547 1.052279 -6.186696
v 12.952816 1.022079 -6.058321
v 12.951749 1.022079 -6.090415
v 12.950682 1.022079 -6.122509
v 12.951510 1.022284 -6.154275
v 12.942194 1.021904 -6.187339
v 12.769255 1.021191 -6.048374
v 12.758350 1.022048 -6.082201
v 12.766768 1.022059 -6.114616
v 12.766680 1.022264 -6.151681
v 12.764254 1.022077 -6.184661
v 12.593226 1.022101 -6.042173
v 12.584435 1.022079 -6.076275
v 12.583303 1.022079 -6.110285
v 12.582172 1.022079 -6.144295
v 12.581041 1.022079 -6.178305
v 12.401748 1.022079 -6.039996
v 12.400681 1.022079 -6.072089
v 12.400105 1.022075 -6.104171
v 12.398546 1.022079 -6.136277
v 12.399941 1.021925 -6.169019
v 12.218430 1.021092 -6.031075
v 12.217054 1.022079 -6.064058
v 12.215923 1.022079 -6.098068
v 12.214792 1.022079 -6.132078
v 12.213661 1.022079 -6.166088
v 12.033142 1.022302 -6.027121
v 12.041679 1.022079 -6.062057
v 12.023560 1.022038 -6.091659
v 12.031103 1.022079 -6.125970
v 12.029972 1.022079 -6.159980
v 11.845389 1.021874 -6.021405
v 11.838596 1.022141 -6.053984
v 11.855547 1.021161 -6.085435
v 11.847478 1.022079 -6.117944
v 11.845657 1.022055 -6.149673
v 11.662064 1.022029 -6.007191
v 11.663607 1.022168 -6.043293
v 11.664856 1.021191 -6.079748
v 11.663670 1.022079 -6.115405
v 11.655067 1.022068 -6.149621
v 13.107183 1.053102 -6.028838
v 13.112281 1.038104 -6.029855
v 13.128567 1.053144 -6.049781
v 11.850183 1.021846 -6.011277
v 11.876911 1.021796 -5.993001
v 11.853406 1.032622 -5.992925
v 11.841307 1.021796 -5.991020
v 12.401973 1.022017 -6.033230
v 12.420523 1.021835 -6.011810
v 12.402689 1.043380 -6.011682
v 12.384896 1.021807 -6.010446
v 12.953388 1.052344 -6.051395
v 12.937326 1.052555 -6.030011
v 12.954178 1.031015 -6.029982
v 12.972998 1.052608 -6.029794
v 12.725920 1.052524 -6.051699
v 12.703154 1.052681 -6.028590
v 12.726620 1.032309 -6.030939
v 12.738676 1.052694 -6.031024
v 12.591542 1.052347 -6.032650
v 12.568894 1.052519 -6.011941
v 12.592159 1.031995 -6.012703
v 12.604416 1.052541 -6.014494
v 11.850646 1.053010 -6.014910
v 11.832770 1.052509 -5.991765
v 11.856220 1.041677 -5.992900
v 11.868367 1.052509 -5.993794
v 11.650436 1.052546 -5.977105
v 11.668273 1.030979 -5.976976
v 11.686043 1.052536 -5.978574
v 11.668236 1.052307 -5.998531
v 12.781794 1.021814 -6.214459
v 12.764174 1.022004 -6.192844
v 12.746204 1.021814 -6.212596
v 12.770718 1.041766 -6.214345
v 12.232963 1.021760 -6.195580
v 12.214055 1.021992 -6.173962
v 12.197305 1.021760 -6.194936
v 12.213411 1.043211 -6.195901
v 11.862204 1.021644 -6.180264
v 11.845316 1.021938 -6.157688
v 11.826563 1.021632 -6.179665
v 11.849815 1.042161 -6.178570
v 12.947605 1.030979 -6.215009
v 12.929771 1.052517 -6.214938
v 12.948322 1.052342 -6.193461
v 12.965395 1.052553 -6.216310
v 13.099914 1.052546 -6.183095
v 13.082545 1.052525 -6.160719
v 13.106930 1.052640 -6.141399
v 13.093639 1.032595 -6.162273
v 11.518770 1.052450 -6.022189
v 11.526676 1.052334 -6.040611
v 11.511786 1.052460 -6.061468
v 11.512951 1.031355 -6.040597
v 11.511357 1.030979 -6.142733
v 11.507047 1.052599 -6.121883
v 11.529162 1.052505 -6.143742
v 11.506595 1.052618 -6.163579
v 11.480824 0.640563 -5.908875
v 11.480824 0.772712 -5.908875
v 11.480824 0.640563 -5.853559
v 11.480824 0.772712 -5.853559
v 11.533317 0.640563 -5.908875
v 11.533317 0.772712 -5.908875
v 11.533317 0.640563 -5.853559
v 11.533317 0.772712 -5.853559
v 11.461730 0.673600 -5.908875
v 11.454487 0.706637 -5.908875
v 11.461730 0.739675 -5.908875
v 11.461730 0.739675 -5.853559
v 11.454487 0.706637 -5.853559
v 11.461730 0.673600 -5.853559
v 11.533317 0.739675 -5.853559
v 11.533317 0.706637 -5.853559
v 11.533317 0.673600 -5.853559
v 11.533317 0.739675 -5.908875
v 11.533317 0.706637 -5.908875
v 11.533317 0.673600 -5.908875
v 11.480824 0.317253 -6.153077
v 11.480824 0.449402 -6.153077
v 11.480824 0.317253 -6.097761
v 11.480824 0.449402 -6.097761
v 11.533317 0.317253 -6.153077
v 11.533317 0.449402 -6.153077
v 11.533317 0.317253 -6.097761
v 11.533317 0.449402 -6.097761
v 11.461730 0.350290 -6.153077
v 11.454487 0.383328 -6.153077
v 11.461730 0.416365 -6.153077
v 11.461730 0.416365 -6.097761
v 11.454487 0.383328 -6.097761
v 11.461730 0.350290 -6.097761
v 11.533317 0.416365 -6.097761
v 11.533317 0.383328 -6.097761
v 11.533317 0.350290 -6.097761
v 11.533317 0.416365 -6.153077
v 11.533317 0.383327 -6.153077
v 11.533317 0.350290 -6.153077
v 11.480824 0.317253 -5.908875
v 11.480824 0.449402 -5.908875
v 11.480824 0.317253 -5.853559
v 11.480824 0.449402 -5.853559
v 11.533317 0.317253 -5.908875
v 11.533317 0.449402 -5.908875
v 11.533317 0.317253 -5.853559
v 11.533317 0.449402 -5.853559
v 11.461730 0.350290 -5.908875
v 11.454487 0.383328 -5.908875
v 11.461730 0.416365 -5.908875
v 11.461730 0.416365 -5.853559
v 11.454487 0.383328 -5.853559
v 11.461730 0.350290 -5.853559
v 11.533317 0.416365 -5.853559
v 11.533317 0.383328 -5.853559
v 11.533317 0.350290 -5.853559
v 11.533317 0.416365 -5.908875
v 11.533317 0.383328 -5.908875
v 11.533317 0.350290 -5.908875
v 11.480824 0.640563 -6.153077
v 11.480824 0.772712 -6.153077
v 11.480824 0.640563 -6.097761
v 11.480824 0.772712 -6.097761
v 11.533317 0.640563 -6.153077
v 11.533317 0.772712 -6.153077
v 11.533317 0.640563 -6.097761
v 11.533317 0.772712 -6.097761
v 11.461730 0.673600 -6.153077
v 11.454487 0.706637 -6.153077
v 11.461730 0.739674 -6.153077
v 11.461730 0.739674 -6.097761
v 11.454487 0.706637 -6.097761
v 11.461730 0.673600 -6.097761
v 11.533317 0.739675 -6.097761
v 11.533317 0.706637 -6.097761
v 11.533317 0.673600 -6.097761
v 11.533317 0.739675 -6.153077
v 11.533317 0.706637 -6.153077
v 11.533317 0.673600 -6.153077
v 13.134875 0.640563 -5.878754
v 13.134875 0.772712 -5.878754
v 13.132861 0.640563 -5.823475
v 13.132861 0.772712 -5.823475
v 13.082417 0.640563 -5.880665
v 13.082417 0.772712 -5.880665
v 13.080402 0.640563 -5.825386
v 13.080402 0.772712 -5.825386
v 13.153955 0.673600 -5.878058
v 13.161194 0.706637 -5.877795
v 13.153955 0.739674 -5.878058
v 13.151941 0.739674 -5.822780
v 13.159180 0.706637 -5.822516
v 13.151941 0.673600 -5.822780
v 13.080402 0.739674 -5.825386
v 13.080402 0.706637 -5.825386
v 13.080402 0.673600 -5.825386
v 13.082417 0.739675 -5.880665
v 13.082417 0.706637 -5.880665
v 13.082417 0.673600 -5.880665
v 13.143766 0.317253 -6.122793
v 13.143766 0.449402 -6.122793
v 13.141752 0.317253 -6.067514
v 13.141752 0.449402 -6.067514
v 13.091308 0.317253 -6.124704
v 13.091308 0.449402 -6.124704
v 13.089294 0.317253 -6.069426
v 13.089294 0.449402 -6.069426
v 13.162848 0.350290 -6.122098
v 13.170086 0.383328 -6.121834
v 13.162848 0.416365 -6.122098
v 13.160833 0.416365 -6.066819
v 13.168071 0.383328 -6.066556
v 13.160833 0.350290 -6.066819
v 13.089294 0.416365 -6.069426
v 13.089294 0.383327 -6.069426
v 13.089294 0.350290 -6.069426
v 13.091308 0.416365 -6.124704
v 13.091308 0.383327 -6.124704
v 13.091308 0.350290 -6.124704
v 13.134875 0.317253 -5.878754
v 13.134875 0.449402 -5.878754
v 13.132861 0.317253 -5.823475
v 13.132861 0.449402 -5.823475
v 13.082417 0.317253 -5.880665
v 13.082417 0.449402 -5.880665
v 13.080402 0.317253 -5.825386
v 13.080402 0.449402 -5.825386
v 13.153955 0.350290 -5.878059
v 13.161194 0.383327 -5.877795
v 13.153955 0.416365 -5.878058
v 13.151941 0.416365 -5.822780
v 13.159180 0.383327 -5.822516
v 13.151941 0.350290 -5.822780
v 13.080402 0.416365 -5.825386
v 13.080402 0.383327 -5.825386
v 13.080402 0.350290 -5.825386
v 13.082417 0.416365 -5.880665
v 13.082417 0.383328 -5.880665
v 13.082417 0.350290 -5.880665
v 13.143766 0.640563 -6.122793
v 13.143766 0.772712 -6.122793
v 13.141752 0.640563 -6.067514
v 13.141752 0.772712 -6.067514
v 13.091308 0.640563 -6.124704
v 13.091308 0.772712 -6.124704
v 13.089294 0.640563 -6.069426
v 13.089294 0.772712 -6.069426
v 13.162848 0.673600 -6.122098
v 13.170086 0.706637 -6.121834
v 13.162848 0.739675 -6.122098
v 13.160833 0.739674 -6.066819
v 13.168071 0.706637 -6.066556
v 13.160833 0.673600 -6.066819
v 13.089294 0.739675 -6.069426
v 13.089294 0.706637 -6.069426
v 13.089294 0.673600 -6.069426
v 13.091308 0.739674 -6.124704
v 13.091308 0.706637 -6.124704
v 13.091308 0.673600 -6.124704
v 11.531838 1.019063 -5.791543
v 11.500972 1.017730 -5.793448
v 11.560040 1.026116 -6.178257
v 11.559388 1.121843 -6.170894
v 11.532631 1.121843 -5.803620
v 11.555786 1.020725 -6.122747
v 11.551010 1.024202 -6.054509
v 11.546010 1.021675 -5.987269
v 11.540829 1.028768 -5.916812
v 11.536112 1.021126 -5.851952
v 11.505532 1.021675 -5.854465
v 11.515139 1.015533 -5.988421
v 11.520191 1.020643 -6.056818
v 11.524559 1.004287 -6.123787
v 11.524913 1.121843 -6.116898
v 11.520166 1.128787 -6.052980
v 11.515423 1.125610 -5.987518
v 11.510987 1.121843 -5.925756
v 11.506346 1.121843 -5.862043
v 11.555034 1.121843 -6.114703
v 11.550392 1.121843 -6.050990
v 11.545750 1.121843 -5.987276
v 11.540960 1.120595 -5.924350
v 11.536516 1.126031 -5.858140
v 11.529094 1.020363 -6.185604
v 11.543929 1.016968 -6.182833
v 11.526129 1.005754 -6.145485
v 11.525852 1.121617 -6.130675
v 11.550222 1.121565 -6.171641
v 11.528803 1.109118 -6.174825
v 11.523495 1.121843 -5.804286
v 11.505304 1.121843 -5.848616
v 11.501875 1.110045 -5.804447
v 11.507326 1.021779 -5.879186
v 11.510497 1.033762 -5.922410
v 11.513290 1.018054 -5.962340
v 11.530203 1.026387 -5.918612
v 13.082906 1.030423 -6.182837
v 13.113827 1.029139 -6.182309
v 13.072065 1.037223 -5.797699
v 13.072386 1.129506 -5.805037
v 13.082657 1.129506 -6.170812
v 13.073827 1.032026 -5.852992
v 13.075539 1.035378 -5.920943
v 13.077520 1.032942 -5.987913
v 13.079538 1.039779 -6.058084
v 13.081345 1.032413 -6.122680
v 13.112005 1.032942 -6.121536
v 13.108414 1.027020 -5.988133
v 13.106431 1.031947 -5.920012
v 13.105068 1.016179 -5.853338
v 13.104406 1.129506 -5.860162
v 13.106284 1.136200 -5.923823
v 13.108089 1.133138 -5.989017
v 13.109752 1.129506 -6.050523
v 13.111533 1.129506 -6.113977
v 13.074218 1.129506 -5.861010
v 13.075999 1.129506 -5.924463
v 13.077782 1.129506 -5.987917
v 13.079746 1.128304 -6.050596
v 13.081218 1.133544 -6.116518
v 13.103310 1.031677 -5.791773
v 13.088365 1.028404 -5.793868
v 13.104473 1.017594 -5.831729
v 13.104086 1.129288 -5.846444
v 13.081576 1.129238 -5.804700
v 13.103116 1.117239 -5.802486
v 13.091812 1.129506 -6.170555
v 13.111971 1.129506 -6.127352
v 13.113417 1.118132 -6.171350
v 13.111320 1.033041 -6.096916
v 13.110091 1.044594 -6.053867
v 13.109090 1.029451 -6.014105
v 13.090235 1.037484 -6.056767
v 11.728458 1.013194 -6.156949
v 11.726108 1.011909 -6.187784
v 11.922878 1.019993 -6.170656
v 11.919165 1.112276 -6.170509
v 11.734521 1.112276 -6.157465
v 11.894949 1.014796 -6.168893
v 11.860664 1.018148 -6.166275
v 11.826849 1.015712 -6.163988
v 11.791422 1.022549 -6.161533
v 11.758815 1.015183 -6.159221
v 11.756796 1.015712 -6.189837
v 11.824124 1.009791 -6.194746
v 11.858518 1.014717 -6.197106
v 11.892132 0.998949 -6.199991
v 11.888760 1.112276 -6.198898
v 11.856615 1.118970 -6.196717
v 11.823708 1.115908 -6.194367
v 11.792665 1.112276 -6.192110
v 11.760633 1.112276 -6.189847
v 11.890887 1.112276 -6.168772
v 11.858856 1.112276 -6.166510
v 11.826824 1.112276 -6.164247
v 11.795167 1.111074 -6.162216
v 11.761921 1.116314 -6.159487
v 11.923212 1.014447 -6.202156
v 11.923425 1.011174 -6.187136
v 11.903039 1.000364 -6.200774
v 11.895679 1.112058 -6.199451
v 11.918556 1.112009 -6.179685
v 11.917847 1.100009 -6.201282
v 11.733875 1.112276 -6.166603
v 11.753876 1.112276 -6.189432
v 11.731647 1.100903 -6.188073
v 11.769223 1.015812 -6.190721
v 11.790956 1.027364 -6.192235
v 11.811018 1.012221 -6.193768
v 11.791180 1.020255 -6.172271
v 11.529812 1.001833 -6.178701
v 11.533327 1.000501 -6.209425
v 11.723323 1.008886 -6.155447
v 11.719648 1.104613 -6.156004
v 11.535863 1.104613 -6.178063
v 11.695562 1.003495 -6.158989
v 11.661400 1.006972 -6.162893
v 11.627762 1.004445 -6.167033
v 11.592508 1.011538 -6.171312
v 11.560051 1.003897 -6.175200
v 11.563850 1.004445 -6.205646
v 11.630895 0.998303 -6.197752
v 11.665114 1.003414 -6.193575
v 11.698668 0.987057 -6.190061
v 11.695150 1.104613 -6.189624
v 11.663174 1.111557 -6.193552
v 11.630414 1.108381 -6.197459
v 11.599503 1.104613 -6.201104
v 11.567620 1.104613 -6.204931
v 11.691551 1.104613 -6.159638
v 11.659669 1.104613 -6.163465
v 11.627787 1.104613 -6.167292
v 11.596315 1.103366 -6.171276
v 11.563152 1.108802 -6.174874
v 11.729599 1.003134 -6.186317
v 11.726971 0.999738 -6.171527
v 11.709528 0.988525 -6.188769
v 11.702049 1.104387 -6.188860
v 11.720783 1.104335 -6.165130
v 11.724165 1.091888 -6.186472
v 11.536955 1.104613 -6.187158
v 11.560907 1.104613 -6.205800
v 11.538822 1.092815 -6.208663
v 11.576221 1.004549 -6.204167
v 11.597849 1.016532 -6.201550
v 11.617840 1.000824 -6.199266
v 11.594297 1.009158 -6.181903
v 11.920079 1.003264 -6.165019
v 11.920239 1.001930 -6.195943
v 12.115049 1.007591 -6.162781
v 12.112675 1.103360 -6.162938
v 11.927601 1.105949 -6.165038
v 12.086996 1.002592 -6.163308
v 12.052664 1.006549 -6.163502
v 12.018744 1.004497 -6.163988
v 11.983337 1.012085 -6.164439
v 11.950546 1.004902 -6.164801
v 11.951044 1.005444 -6.195479
v 12.018457 0.998358 -6.194866
v 12.052996 1.002986 -6.194406
v 12.086502 0.986159 -6.194532
v 12.084696 1.103752 -6.193718
v 12.052582 1.111146 -6.194173
v 12.019550 1.108431 -6.194522
v 11.988377 1.105099 -6.194811
v 11.956271 1.105548 -6.195175
v 12.084352 1.103757 -6.163520
v 12.052247 1.104206 -6.163884
v 12.020141 1.104655 -6.164248
v 11.988409 1.103851 -6.164813
v 11.955131 1.109753 -6.164812
v 12.117878 1.001798 -6.194148
v 12.116813 0.998418 -6.179161
v 12.097456 0.987474 -6.194420
v 12.091633 1.103429 -6.193704
v 12.112816 1.103081 -6.172133
v 12.113699 1.090620 -6.193716
v 11.927705 1.105948 -6.174197
v 11.949503 1.105643 -6.195314
v 11.927076 1.094157 -6.195778
v 11.963503 1.005373 -6.195344
v 11.985453 1.017050 -6.195076
v 12.005352 1.001063 -6.194963
v 11.983939 1.009696 -6.175161
v 12.709556 1.011596 -6.156910
v 12.711737 1.011596 -6.187784
v 12.515403 1.016308 -6.170668
v 12.516838 1.013381 -6.201494
v 12.508429 1.111962 -6.171233
v 12.714806 1.111507 -6.156527
v 12.716099 1.108209 -6.187400
v 12.678885 1.015398 -6.159192
v 12.644939 1.015398 -6.161590
v 12.610996 1.015398 -6.163988
v 12.577101 1.015441 -6.166387
v 12.545305 1.026003 -6.168600
v 12.546545 1.022135 -6.199338
v 12.613161 1.015398 -6.194632
v 12.646117 1.009997 -6.192405
v 12.542280 1.112602 -6.199296
v 12.576912 1.110795 -6.196986
v 12.613148 1.111962 -6.194373
v 12.648735 1.111962 -6.191858
v 12.684532 1.111368 -6.189296
v 12.538772 1.108643 -6.169300
v 12.574722 1.110393 -6.166900
v 12.610956 1.111962 -6.163361
v 12.646606 1.111962 -6.161733
v 12.681004 1.107202 -6.159292
v 12.511313 1.100589 -6.201833
v 12.509073 1.111962 -6.180370
v 12.532066 1.112396 -6.200128
v 12.560619 1.017570 -6.198254
v 12.578714 1.023003 -6.196859
v 12.600011 1.013947 -6.195482
v 12.577678 1.014249 -6.175901
v 12.679529 1.015398 -6.168329
v 12.660409 1.012207 -6.191354
v 12.681461 1.026776 -6.189772
v 12.701995 1.012803 -6.188436
v 12.513572 1.000175 -6.178695
v 12.509884 1.000175 -6.209425
v 12.320314 1.005063 -6.155541
v 12.315903 1.002028 -6.186083
v 12.313358 1.104288 -6.154779
v 12.518799 1.103815 -6.179310
v 12.514238 1.100394 -6.209871
v 12.483021 1.004120 -6.175144
v 12.449235 1.004120 -6.171088
v 12.415449 1.004120 -6.167033
v 12.381710 1.004164 -6.162988
v 12.350069 1.015120 -6.159157
v 12.345482 1.011108 -6.189576
v 12.411787 1.004120 -6.197535
v 12.444572 0.998517 -6.201571
v 12.341301 1.104952 -6.188729
v 12.375747 1.103076 -6.193001
v 12.411823 1.104288 -6.197277
v 12.447246 1.104288 -6.201529
v 12.482882 1.103672 -6.205773
v 12.343521 1.100844 -6.158611
v 12.379278 1.102659 -6.163043
v 12.415528 1.104288 -6.166410
v 12.450845 1.104288 -6.171544
v 12.485084 1.099349 -6.175642
v 12.310413 1.092490 -6.185373
v 12.312266 1.104288 -6.163874
v 12.331116 1.104738 -6.187618
v 12.359507 1.006372 -6.191170
v 12.377541 1.012008 -6.193217
v 12.398714 1.002615 -6.195886
v 12.380480 1.002927 -6.172441
v 12.481930 1.004120 -6.184238
v 12.458805 1.000809 -6.203238
v 12.479778 1.015922 -6.205661
v 12.500194 1.001428 -6.208225
v 12.310951 1.002868 -6.164994
v 12.310600 1.002873 -6.195943
v 12.116406 1.009756 -6.162829
v 12.115280 1.007184 -6.193668
v 12.110593 1.094423 -6.162822
v 12.317450 1.091127 -6.165041
v 12.316174 1.088228 -6.195916
v 12.280247 1.006660 -6.164760
v 12.246225 1.007136 -6.164374
v 12.212202 1.007612 -6.163988
v 12.178229 1.008125 -6.163608
v 12.146494 1.017908 -6.163213
v 12.145168 1.014506 -6.193949
v 12.211854 1.007617 -6.194707
v 12.244812 1.002379 -6.195182
v 12.142040 1.094550 -6.193559
v 12.176719 1.092466 -6.194088
v 12.213057 1.092990 -6.194447
v 12.248726 1.092491 -6.194851
v 12.284601 1.091464 -6.195225
v 12.140947 1.091063 -6.163376
v 12.176992 1.092107 -6.163925
v 12.213408 1.092985 -6.163361
v 12.249069 1.092486 -6.164653
v 12.283486 1.087795 -6.165033
v 12.110826 1.084363 -6.193555
v 12.110489 1.094425 -6.171981
v 12.111391 1.104464 -6.193549
v 12.131792 1.094511 -6.193553
v 12.159225 1.010273 -6.194020
v 12.177440 1.014822 -6.194109
v 12.198663 1.006518 -6.194478
v 12.178012 1.007073 -6.173137
v 12.280144 1.006661 -6.173919
v 12.259167 1.004133 -6.195303
v 12.280457 1.016718 -6.195449
v 12.300854 1.004077 -6.195796
v 12.903391 1.013194 -6.156949
v 12.901041 1.011909 -6.187784
v 13.097812 1.019993 -6.170656
v 13.094097 1.112276 -6.170509
v 12.909454 1.112276 -6.157465
v 13.069882 1.014796 -6.168893
v 13.035597 1.018148 -6.166275
v 13.001781 1.015712 -6.163988
v 12.966354 1.022549 -6.161533
v 12.933748 1.015183 -6.159221
v 12.931728 1.015712 -6.189837
v 12.999058 1.009791 -6.194746
v 13.033451 1.014717 -6.197106
v 13.067064 0.998949 -6.199991
v 13.063692 1.112276 -6.198898
v 13.031549 1.118970 -6.196717
v 12.998641 1.115908 -6.194367
v 12.967598 1.112276 -6.192110
v 12.935566 1.112276 -6.189847
v 13.065821 1.112276 -6.168772
v 13.033789 1.112276 -6.166510
v 13.001758 1.112276 -6.164247
v 12.970100 1.111074 -6.162216
v 12.936854 1.116314 -6.159487
v 13.098145 1.014447 -6.202156
v 13.098358 1.011174 -6.187136
v 13.077972 1.000364 -6.200774
v 13.070612 1.112058 -6.199451
v 13.093490 1.112009 -6.179685
v 13.092779 1.100009 -6.201283
v 12.908809 1.112276 -6.166603
v 12.928810 1.112276 -6.189432
v 12.906581 1.100903 -6.188073
v 12.944157 1.015812 -6.190721
v 12.965889 1.027364 -6.192235
v 12.985951 1.012222 -6.193768
v 12.966112 1.020255 -6.172271
v 12.704745 1.001833 -6.178701
v 12.708260 1.000501 -6.209425
v 12.898256 1.008886 -6.155447
v 12.894581 1.104613 -6.156004
v 12.710796 1.104613 -6.178063
v 12.870496 1.003495 -6.158989
v 12.836332 1.006972 -6.162893
v 12.802694 1.004445 -6.167033
v 12.767442 1.011538 -6.171312
v 12.734984 1.003897 -6.175200
v 12.738783 1.004445 -6.205646
v 12.805828 0.998303 -6.197752
v 12.840048 1.003413 -6.193575
v 12.873602 0.987057 -6.190061
v 12.870084 1.104613 -6.189624
v 12.838106 1.111557 -6.193552
v 12.805347 1.108381 -6.197459
v 12.774436 1.104613 -6.201104
v 12.742554 1.104613 -6.204931
v 12.866485 1.104613 -6.159638
v 12.834602 1.104613 -6.163465
v 12.802719 1.104613 -6.167292
v 12.771248 1.103366 -6.171276
v 12.738085 1.108802 -6.174874
v 12.904532 1.003134 -6.186317
v 12.901904 0.999738 -6.171527
v 12.884460 0.988525 -6.188769
v 12.876983 1.104387 -6.188860
v 12.895717 1.104336 -6.165130
v 12.899097 1.091888 -6.186472
v 12.711887 1.104613 -6.187158
v 12.735840 1.104613 -6.205800
v 12.713755 1.092815 -6.208663
v 12.751154 1.004549 -6.204167
v 12.772781 1.016532 -6.201550
v 12.792772 1.000824 -6.199266
v 12.769231 1.009157 -6.181903
v 11.509726 1.027200 -5.787963
v 11.507713 1.058032 -5.785578
v 11.520381 1.041125 -5.982368
v 13.108808 1.027160 -5.787794
v 13.108808 1.058032 -5.785578
v 13.101423 1.041137 -5.981931
v 13.106009 1.071960 -5.980462
v 12.951529 1.041710 -5.988905
v 12.575501 1.041096 -5.980353
v 12.391783 1.041316 -5.984988
v 12.024309 1.041503 -5.983636
v 11.888950 1.040190 -5.970403
v 11.664991 1.040974 -5.978654
v 12.216365 1.071616 -5.976455
v 12.403876 1.071844 -5.980167
v 12.575501 1.071738 -5.978154
v 11.664991 1.027723 -5.794025
v 12.032290 1.028229 -5.801031
v 12.216365 1.027723 -5.794025
v 12.583946 1.027328 -5.788519
v 12.952243 1.026772 -5.782545
v 12.957411 1.057643 -5.781218
v 12.760647 1.058450 -5.792179
v 12.577261 1.057934 -5.785412
v 12.400156 1.057970 -5.786320
v 12.216365 1.058365 -5.791826
v 12.035235 1.058972 -5.799744
v 11.838232 1.057784 -5.786788
v 11.512238 1.039330 -5.954441
v 11.517489 1.036674 -5.920158
v 11.513672 1.034349 -5.886346
v 11.524386 1.031854 -5.850922
v 11.512844 1.029505 -5.818317
v 11.513672 1.060119 -5.816264
v 11.504394 1.065104 -5.883587
v 11.512114 1.067503 -5.917978
v 11.487404 1.070426 -5.951589
v 13.102848 1.029477 -5.818463
v 13.102849 1.031913 -5.852405
v 13.102849 1.034349 -5.886346
v 13.102781 1.036786 -5.920238
v 13.086231 1.039035 -5.952031
v 13.092293 1.069771 -5.950757
v 13.102849 1.064991 -5.884147
v 13.111313 1.062726 -5.851192
v 12.950525 1.069734 -5.955022
v 12.953360 1.067385 -5.920393
v 12.951529 1.064731 -5.884161
v 12.951529 1.062177 -5.848575
v 12.952459 1.059574 -5.812781
v 12.767738 1.070214 -5.948161
v 12.759384 1.066954 -5.916029
v 12.766987 1.065489 -5.883431
v 12.767738 1.062433 -5.852137
v 12.767715 1.060134 -5.820108
v 12.584700 1.069571 -5.949390
v 12.575639 1.066891 -5.914263
v 12.589026 1.064453 -5.883403
v 12.583946 1.062295 -5.850224
v 12.594398 1.059965 -5.817208
v 12.400156 1.069603 -5.952048
v 12.400156 1.067168 -5.918107
v 12.400156 1.065617 -5.884102
v 12.400156 1.062295 -5.850224
v 12.400156 1.059859 -5.816282
v 12.216365 1.069329 -5.948217
v 12.226353 1.067106 -5.915426
v 12.221624 1.065731 -5.883938
v 12.216365 1.062432 -5.852130
v 12.216365 1.060133 -5.820101
v 12.024444 1.069635 -5.952620
v 12.032574 1.067167 -5.918107
v 12.032574 1.065617 -5.884102
v 12.030462 1.063209 -5.862955
v 12.030462 1.060773 -5.829014
v 11.889239 1.068724 -5.937591
v 11.848783 1.067167 -5.918107
v 11.848783 1.064731 -5.884165
v 11.848885 1.062367 -5.850238
v 11.848783 1.060745 -5.816219
v 11.664991 1.069329 -5.948217
v 11.675482 1.067111 -5.916076
v 11.670683 1.064724 -5.883171
v 11.664991 1.062432 -5.852130
v 11.664991 1.060133 -5.820101
v 11.664991 1.039205 -5.950379
v 11.664991 1.036906 -5.918350
v 11.664991 1.034608 -5.886322
v 11.663108 1.032541 -5.854666
v 11.671320 1.029775 -5.821424
v 11.848783 1.038595 -5.954274
v 11.858557 1.037003 -5.920129
v 11.849068 1.034715 -5.888093
v 11.847922 1.032268 -5.851126
v 11.849251 1.029715 -5.818182
v 12.024920 1.039527 -5.954555
v 12.032574 1.037044 -5.920269
v 12.032574 1.034608 -5.886327
v 12.032574 1.032172 -5.852386
v 12.032574 1.029736 -5.818444
v 12.216365 1.039205 -5.950379
v 12.216365 1.036906 -5.918350
v 12.215874 1.034606 -5.886350
v 12.216365 1.032309 -5.854292
v 12.213882 1.029816 -5.821709
v 12.399879 1.038423 -5.953266
v 12.400156 1.037044 -5.920269
v 12.400156 1.034608 -5.886327
v 12.400156 1.032172 -5.852386
v 12.400156 1.029736 -5.818444
v 12.585196 1.039472 -5.950978
v 12.575501 1.036770 -5.916450
v 12.592627 1.034569 -5.886343
v 12.583946 1.032172 -5.852386
v 12.583946 1.029736 -5.818444
v 12.773033 1.039007 -5.950482
v 12.778740 1.036927 -5.917761
v 12.760754 1.033739 -5.887040
v 12.767738 1.032309 -5.854299
v 12.768502 1.030011 -5.822611
v 12.956731 1.039742 -5.958564
v 12.953989 1.037302 -5.922616
v 12.951529 1.033722 -5.886386
v 12.951529 1.032054 -5.850737
v 12.958989 1.029575 -5.816343
v 11.511690 1.072625 -5.982667
v 11.506561 1.057606 -5.982896
v 11.489622 1.071220 -5.962495
v 12.768579 1.039715 -5.960741
v 12.742474 1.041036 -5.979849
v 12.765968 1.051784 -5.978370
v 12.778124 1.041093 -5.980644
v 12.216365 1.039628 -5.957136
v 12.198537 1.041023 -5.979117
v 12.216365 1.062479 -5.977111
v 12.234189 1.041008 -5.979298
v 11.664650 1.069889 -5.955136
v 11.681415 1.071592 -5.975906
v 11.664573 1.050149 -5.978036
v 11.645769 1.071745 -5.977302
v 11.891983 1.069507 -5.947279
v 11.915504 1.071262 -5.969551
v 11.891973 1.050830 -5.969446
v 11.879921 1.071185 -5.968301
v 12.026919 1.070372 -5.961826
v 12.050243 1.071972 -5.981708
v 12.026966 1.051501 -5.983189
v 12.014656 1.071896 -5.980339
v 12.767996 1.070540 -5.954903
v 12.786631 1.071654 -5.977418
v 12.763155 1.060824 -5.977840
v 12.750986 1.071593 -5.976576
v 12.969351 1.072306 -5.985986
v 12.951529 1.050846 -5.988250
v 12.933716 1.072276 -5.985703
v 12.950850 1.070578 -5.965234
v 11.830730 1.027363 -5.789077
v 11.849060 1.029057 -5.810028
v 11.866362 1.027411 -5.789755
v 11.841805 1.047246 -5.787396
v 12.379885 1.027354 -5.789707
v 12.399502 1.029087 -5.810615
v 12.415545 1.027315 -5.789167
v 12.399416 1.048680 -5.787204
v 12.750950 1.027452 -5.792692
v 12.768578 1.029320 -5.814617
v 12.786590 1.027398 -5.792109
v 12.763387 1.048007 -5.792502
v 11.664991 1.036859 -5.793370
v 11.682819 1.058305 -5.791308
v 11.664991 1.059711 -5.813345
v 11.647169 1.058327 -5.791118
v 11.513828 1.061017 -5.828691
v 11.531931 1.062556 -5.850422
v 11.508203 1.064111 -5.870482
v 11.520791 1.042592 -5.850667
v 13.099446 1.068672 -5.936684
v 13.090932 1.067256 -5.918590
v 13.105122 1.065855 -5.897295
v 13.104650 1.046300 -5.919651
v 13.102849 1.038613 -5.817807
v 13.107850 1.061660 -5.836902
v 13.085020 1.060054 -5.815851
v 13.106916 1.058694 -5.795320
v 13.106304 1.026486 -6.199439
v 13.108316 1.057301 -6.202048
v 13.095648 1.041821 -6.005140
v 11.507221 1.026446 -6.199607
v 11.507221 1.057301 -6.202047
v 11.514606 1.041830 -6.005577
v 11.510020 1.072642 -6.007269
v 11.664500 1.042453 -5.998607
v 12.040527 1.041777 -6.007154
v 12.224246 1.042031 -6.002522
v 12.591721 1.042208 -6.003875
v 12.727078 1.040800 -6.017099
v 12.951037 1.041643 -6.008852
v 12.399664 1.072268 -6.011274
v 12.212152 1.072524 -6.007564
v 12.040527 1.072402 -6.009575
v 12.951037 1.027054 -6.193381
v 12.583739 1.027610 -6.186379
v 12.399664 1.027054 -6.193380
v 12.032082 1.026618 -6.198884
v 11.663786 1.026019 -6.204854
v 11.658618 1.056880 -6.206405
v 11.855383 1.057767 -6.195450
v 12.038769 1.057202 -6.202213
v 12.215874 1.057244 -6.201305
v 12.399664 1.057679 -6.195802
v 12.580793 1.058344 -6.187889
v 12.777797 1.057062 -6.200836
v 13.103792 1.039824 -6.033054
v 13.098539 1.036919 -6.067316
v 13.102358 1.034349 -6.101111
v 13.091642 1.031598 -6.136516
v 13.103186 1.029012 -6.169102
v 13.102358 1.059610 -6.171378
v 13.111636 1.065084 -6.104093
v 13.103915 1.067731 -6.069720
v 13.128625 1.070898 -6.036131
v 11.513180 1.028985 -6.168956
v 11.513180 1.031667 -6.135033
v 11.513180 1.034349 -6.101110
v 11.513248 1.037032 -6.067236
v 11.529799 1.039511 -6.035461
v 11.523737 1.070238 -6.036958
v 11.513180 1.064974 -6.103531
v 11.504716 1.062471 -6.136468
v 11.665504 1.070231 -6.032692
v 11.662670 1.067631 -6.067304
v 11.664500 1.064714 -6.103516
v 11.664500 1.061902 -6.139081
v 11.663570 1.059041 -6.174856
v 11.848291 1.070662 -6.039557
v 11.856645 1.067168 -6.071664
v 11.849042 1.065467 -6.104250
v 11.848291 1.062184 -6.135522
v 11.848313 1.059653 -6.167533
v 12.031329 1.070027 -6.038323
v 12.040390 1.067093 -6.073430
v 12.027002 1.064431 -6.104271
v 12.032083 1.062033 -6.137434
v 12.021631 1.059464 -6.170432
v 12.215874 1.070079 -6.035665
v 12.215874 1.067397 -6.069588
v 12.215874 1.065600 -6.103581
v 12.215874 1.062033 -6.137434
v 12.215874 1.059351 -6.171357
v 12.399664 1.069776 -6.039495
v 12.389676 1.067316 -6.072269
v 12.394404 1.065713 -6.103746
v 12.399664 1.062183 -6.135529
v 12.399664 1.059652 -6.167540
v 12.591585 1.070115 -6.035094
v 12.583456 1.067397 -6.069588
v 12.583456 1.065600 -6.103581
v 12.585567 1.063039 -6.124710
v 12.585567 1.060357 -6.158633
v 12.726789 1.069095 -6.050117
v 12.767246 1.067397 -6.069589
v 12.767246 1.064715 -6.103511
v 12.767145 1.062105 -6.137421
v 12.767246 1.060236 -6.171427
v 12.951037 1.069776 -6.039495
v 12.940547 1.067326 -6.071619
v 12.945346 1.064701 -6.104506
v 12.951037 1.062183 -6.135529
v 12.951037 1.059652 -6.167541
v 12.951037 1.039670 -6.037114
v 12.951037 1.037138 -6.069126
v 12.951037 1.034607 -6.101137
v 12.952921 1.032312 -6.132777
v 12.944710 1.029305 -6.165998
v 12.767246 1.039087 -6.033215
v 12.757472 1.037248 -6.067347
v 12.766962 1.034728 -6.099366
v 12.768106 1.032012 -6.136314
v 12.766779 1.029221 -6.169240
v 12.591109 1.040021 -6.032941
v 12.583456 1.037290 -6.067208
v 12.583456 1.034608 -6.101131
v 12.583456 1.031926 -6.135054
v 12.583456 1.029244 -6.168977
v 12.399664 1.039669 -6.037114
v 12.399664 1.037138 -6.069126
v 12.400156 1.034606 -6.101109
v 12.399664 1.032077 -6.133149
v 12.402147 1.029348 -6.165713
v 12.216150 1.038908 -6.034222
v 12.215874 1.037290 -6.067208
v 12.215874 1.034608 -6.101130
v 12.215874 1.031926 -6.135054
v 12.215874 1.029244 -6.168977
v 12.030834 1.039941 -6.036517
v 12.040527 1.036988 -6.071025
v 12.023403 1.034569 -6.101115
v 12.032083 1.031926 -6.135054
v 12.032082 1.029244 -6.168976
v 11.842996 1.039473 -6.037009
v 11.837290 1.037154 -6.069715
v 11.855276 1.033744 -6.100412
v 11.848291 1.032077 -6.133142
v 11.847527 1.029549 -6.164812
v 11.659298 1.040266 -6.028933
v 11.662041 1.037565 -6.064863
v 11.664500 1.033723 -6.101066
v 11.664500 1.031796 -6.136701
v 11.657040 1.029067 -6.171076
v 13.104339 1.073323 -6.005070
v 13.109468 1.058305 -6.004732
v 13.126408 1.071771 -6.025231
v 11.847450 1.040255 -6.026756
v 11.873556 1.041714 -6.007658
v 11.850061 1.052451 -6.009215
v 11.837906 1.041777 -6.006864
v 12.399664 1.040141 -6.030361
v 12.417492 1.041696 -6.008390
v 12.399664 1.063137 -6.010552
v 12.381840 1.041682 -6.008209
v 12.951379 1.070387 -6.032580
v 12.934614 1.072241 -6.011823
v 12.951456 1.050814 -6.009538
v 12.970261 1.072404 -6.010428
v 12.724046 1.069947 -6.040433
v 12.700525 1.071865 -6.018176
v 12.724056 1.051432 -6.018133
v 12.736109 1.071779 -6.019424
v 12.589109 1.070919 -6.025893
v 12.565786 1.072662 -6.006024
v 12.589064 1.052203 -6.004395
v 12.601373 1.072577 -6.007392
v 11.848034 1.071036 -6.032818
v 11.829399 1.072314 -6.010310
v 11.852874 1.061487 -6.009810
v 11.865044 1.072247 -6.011153
v 11.646678 1.073028 -6.001748
v 11.664500 1.051584 -5.999329
v 11.682313 1.072996 -6.002031
v 11.665180 1.071149 -6.022487
v 12.785299 1.026657 -6.198326
v 12.766970 1.028504 -6.177389
v 12.749668 1.026711 -6.197649
v 12.774225 1.046528 -6.200152
v 12.236143 1.026654 -6.197696
v 12.216528 1.028538 -6.176801
v 12.200483 1.026611 -6.198236
v 12.216614 1.047961 -6.200354
v 11.865080 1.026773 -6.194711
v 11.847452 1.028800 -6.172801
v 11.829439 1.026715 -6.195294
v 11.852642 1.047327 -6.195051
v 12.951037 1.036185 -6.194103
v 12.933210 1.057615 -6.196320
v 12.951037 1.059181 -6.174294
v 12.968860 1.057636 -6.196510
v 13.102201 1.060599 -6.158958
v 13.084098 1.062295 -6.137239
v 13.107826 1.063995 -6.117190
v 13.095239 1.042333 -6.136848
v 11.516583 1.069036 -6.051022
v 11.525097 1.067489 -6.069105
v 11.510907 1.065934 -6.090389
v 11.511379 1.046541 -6.067893
v 11.513180 1.038116 -6.169678
v 11.508179 1.061301 -6.150751
v 11.531010 1.059542 -6.171790
v 11.509113 1.058034 -6.192310
v 11.728458 1.050391 -6.156949
v 11.726108 1.049107 -6.187784
v 11.922878 1.057191 -6.170656
v 11.728289 2.070839 -6.156910
v 11.726108 2.070839 -6.187784
v 11.922441 2.066127 -6.170668
v 11.921007 2.069053 -6.201494
v 11.929417 1.970473 -6.171233
v 11.920864 1.730512 -6.170629
v 11.925498 1.613273 -6.170844
v 11.924147 1.378771 -6.171033
v 11.910912 1.292392 -6.169735
v 11.919165 1.149474 -6.170509
v 11.917000 1.501330 -6.201153
v 11.920712 1.620990 -6.201378
v 11.918699 1.730512 -6.201273
v 11.734521 1.149474 -6.157465
v 11.741526 1.383864 -6.157963
v 11.734521 1.501330 -6.157465
v 11.729013 1.735902 -6.157076
v 11.723040 1.970928 -6.156527
v 11.721746 1.974226 -6.187400
v 11.732708 1.848662 -6.188195
v 11.725941 1.731635 -6.187686
v 11.726850 1.618616 -6.187721
v 11.732356 1.501330 -6.188110
v 11.740274 1.385743 -6.188709
v 11.727317 1.260026 -6.187535
v 11.894949 1.051994 -6.168893
v 11.860664 1.055345 -6.166275
v 11.826849 1.052909 -6.163988
v 11.791422 1.059747 -6.161533
v 11.758815 1.052381 -6.159221
v 11.756796 1.052909 -6.189837
v 11.824124 1.046988 -6.194746
v 11.858518 1.051915 -6.197106
v 11.892132 1.036147 -6.199991
v 11.758961 2.067037 -6.159192
v 11.792904 2.067037 -6.161590
v 11.826849 2.067037 -6.163988
v 11.860744 2.066994 -6.166387
v 11.892538 2.056432 -6.168600
v 11.891299 2.060300 -6.199338
v 11.824684 2.067037 -6.194632
v 11.791727 2.072438 -6.192405
v 11.895565 1.969832 -6.199296
v 11.860932 1.971640 -6.196986
v 11.824697 1.970473 -6.194373
v 11.789109 1.970473 -6.191858
v 11.753312 1.971066 -6.189296
v 11.888703 1.853187 -6.199784
v 11.856568 1.847856 -6.196559
v 11.823969 1.852708 -6.195131
v 11.792671 1.853187 -6.192110
v 11.760640 1.853173 -6.189847
v 11.889933 1.736382 -6.199139
v 11.854802 1.730600 -6.196499
v 11.823940 1.739143 -6.194096
v 11.790758 1.735901 -6.191975
v 11.757740 1.742571 -6.189682
v 11.892591 1.618616 -6.199169
v 11.858646 1.618616 -6.196771
v 11.824640 1.618616 -6.195258
v 11.790758 1.618616 -6.191975
v 11.756814 1.618616 -6.189577
v 11.888760 1.501330 -6.198898
v 11.855965 1.507704 -6.196712
v 11.824476 1.504687 -6.195373
v 11.792665 1.501330 -6.192110
v 11.760633 1.501330 -6.189847
v 11.893162 1.378856 -6.199200
v 11.858646 1.384045 -6.196771
v 11.824640 1.384045 -6.195258
v 11.803490 1.382697 -6.192874
v 11.769547 1.382697 -6.190476
v 11.878132 1.292576 -6.198306
v 11.858646 1.266759 -6.196771
v 11.824702 1.266759 -6.194373
v 11.790772 1.266824 -6.192047
v 11.756751 1.266759 -6.190463
v 11.888760 1.149474 -6.198898
v 11.856615 1.156168 -6.196717
v 11.823708 1.153106 -6.194367
v 11.792665 1.149474 -6.192110
v 11.760633 1.149474 -6.189847
v 11.890887 1.149474 -6.168772
v 11.858856 1.149474 -6.166510
v 11.826824 1.149474 -6.164247
v 11.795167 1.148271 -6.162216
v 11.761921 1.153512 -6.159487
v 11.894781 1.266759 -6.168158
v 11.860636 1.272997 -6.166604
v 11.828596 1.266941 -6.164352
v 11.791627 1.266210 -6.161946
v 11.758679 1.267058 -6.159431
v 11.895063 1.379160 -6.169089
v 11.860775 1.384045 -6.166645
v 11.826830 1.384045 -6.164247
v 11.792887 1.384045 -6.161849
v 11.758942 1.384045 -6.159451
v 11.890887 1.501330 -6.168772
v 11.858856 1.501330 -6.166510
v 11.826853 1.501017 -6.164245
v 11.794792 1.501330 -6.161984
v 11.762207 1.499746 -6.159528
v 11.893774 1.618439 -6.167987
v 11.860775 1.618616 -6.166645
v 11.826830 1.618616 -6.164247
v 11.792887 1.618616 -6.161849
v 11.758942 1.618616 -6.159451
v 11.891486 1.736698 -6.169038
v 11.856955 1.730512 -6.166375
v 11.826845 1.741441 -6.164207
v 11.792887 1.735902 -6.161849
v 11.758942 1.735901 -6.159451
v 11.890990 1.856566 -6.168574
v 11.858267 1.860208 -6.166531
v 11.827541 1.848730 -6.163377
v 11.794800 1.853187 -6.161984
v 11.763109 1.853675 -6.159721
v 11.899073 1.973792 -6.169300
v 11.863121 1.972042 -6.166900
v 11.826888 1.970473 -6.163361
v 11.791237 1.970473 -6.161733
v 11.756841 1.975233 -6.159292
v 11.923212 1.051645 -6.202156
v 11.923425 1.048372 -6.187136
v 11.903039 1.037562 -6.200774
v 11.901249 1.853724 -6.169271
v 11.920359 1.837065 -6.170570
v 11.918892 1.852058 -6.181320
v 11.921154 1.859815 -6.170626
v 11.897644 1.501330 -6.169187
v 11.919627 1.489953 -6.170558
v 11.917645 1.501330 -6.192017
v 11.919807 1.512705 -6.170543
v 11.895679 1.149256 -6.199451
v 11.916451 1.159954 -6.201130
v 11.918556 1.149206 -6.179685
v 11.917847 1.137207 -6.201283
v 11.887821 1.294327 -6.199077
v 11.910095 1.309337 -6.200808
v 11.909967 1.294321 -6.180376
v 11.908845 1.286629 -6.200732
v 11.902369 1.380436 -6.199926
v 11.922253 1.395320 -6.201503
v 11.923711 1.380466 -6.181031
v 11.920884 1.372611 -6.201429
v 11.895446 1.853351 -6.200102
v 11.917963 1.865243 -6.201191
v 11.918372 1.850263 -6.190361
v 11.917120 1.842497 -6.201131
v 11.926531 1.981846 -6.201833
v 11.928770 1.970473 -6.180370
v 11.926249 1.959105 -6.201804
v 11.905777 1.970039 -6.200128
v 11.729572 1.255239 -6.157111
v 11.750525 1.266936 -6.158782
v 11.730249 1.277977 -6.157159
v 11.727913 1.262306 -6.176996
v 11.730202 1.605680 -6.157102
v 11.751112 1.618198 -6.158811
v 11.729662 1.628437 -6.157063
v 11.727722 1.618144 -6.178430
v 11.733187 1.842474 -6.157196
v 11.755114 1.853722 -6.159040
v 11.732604 1.865217 -6.157143
v 11.733020 1.850410 -6.177752
v 11.733875 1.149474 -6.166603
v 11.731837 1.160850 -6.188051
v 11.753876 1.149474 -6.189432
v 11.731647 1.138100 -6.188073
v 11.769223 1.053010 -6.190721
v 11.790956 1.064562 -6.192235
v 11.811018 1.049419 -6.193768
v 11.791180 1.057452 -6.172271
v 11.877226 2.064866 -6.198254
v 11.859130 2.059433 -6.196859
v 11.837833 2.068488 -6.195482
v 11.860167 2.068187 -6.175901
v 11.758315 2.067037 -6.168329
v 11.777435 2.070229 -6.191354
v 11.756382 2.055659 -6.189772
v 11.735849 2.069632 -6.188436
v 11.529812 1.039031 -6.178701
v 11.533327 1.037699 -6.209425
v 11.723323 1.046084 -6.155447
v 11.529638 2.097561 -6.178695
v 11.533327 2.097561 -6.209425
v 11.722897 2.092673 -6.155541
v 11.727308 2.095709 -6.186083
v 11.729852 1.993449 -6.154779
v 11.721339 1.744533 -6.155801
v 11.725931 1.622919 -6.155137
v 11.724639 1.379665 -6.155578
v 11.711397 1.290063 -6.156802
v 11.719648 1.141811 -6.156004
v 11.723309 1.506799 -6.186506
v 11.726996 1.630924 -6.186025
v 11.725000 1.744533 -6.186303
v 11.535863 1.141811 -6.178063
v 11.542837 1.384948 -6.177229
v 11.535863 1.506799 -6.178063
v 11.530382 1.750124 -6.178721
v 11.524410 1.993922 -6.179310
v 11.528971 1.997343 -6.209871
v 11.539886 1.867092 -6.208582
v 11.533145 1.745698 -6.209361
v 11.534043 1.628461 -6.209223
v 11.539524 1.506799 -6.208565
v 11.547413 1.386898 -6.207658
v 11.534468 1.256490 -6.208952
v 11.695562 1.040693 -6.158989
v 11.661400 1.044170 -6.162893
v 11.627762 1.041643 -6.167033
v 11.592508 1.048736 -6.171313
v 11.560051 1.041095 -6.175200
v 11.563850 1.041643 -6.205646
v 11.630895 1.035501 -6.197752
v 11.665114 1.040612 -6.193575
v 11.698668 1.024255 -6.190061
v 11.560189 2.093617 -6.175144
v 11.593975 2.093617 -6.171088
v 11.627762 2.093616 -6.167033
v 11.661500 2.093572 -6.162988
v 11.693140 2.082617 -6.159157
v 11.697728 2.086629 -6.189576
v 11.631423 2.093617 -6.197535
v 11.598639 2.099220 -6.201571
v 11.701908 1.992785 -6.188729
v 11.667463 1.994660 -6.193001
v 11.631387 1.993449 -6.197277
v 11.595964 1.993449 -6.201529
v 11.560328 1.994065 -6.205773
v 11.695263 1.871786 -6.190505
v 11.663097 1.866257 -6.193406
v 11.630816 1.871289 -6.198160
v 11.599510 1.871786 -6.201104
v 11.567628 1.871772 -6.204930
v 11.696348 1.750623 -6.189639
v 11.661351 1.744624 -6.193681
v 11.630590 1.753486 -6.197148
v 11.597605 1.750124 -6.201332
v 11.564749 1.757042 -6.205316
v 11.698964 1.628461 -6.189166
v 11.665178 1.628461 -6.193222
v 11.631497 1.628461 -6.198158
v 11.597605 1.628461 -6.201332
v 11.563819 1.628461 -6.205388
v 11.695150 1.506799 -6.189624
v 11.662534 1.513410 -6.193671
v 11.631358 1.510281 -6.198302
v 11.599503 1.506799 -6.201104
v 11.567620 1.506799 -6.204931
v 11.699532 1.379754 -6.189088
v 11.665178 1.385136 -6.193222
v 11.631497 1.385136 -6.198158
v 11.610278 1.383738 -6.199811
v 11.576492 1.383739 -6.203866
v 11.684603 1.290254 -6.191049
v 11.665178 1.263473 -6.193222
v 11.631392 1.263473 -6.197277
v 11.597633 1.263541 -6.201400
v 11.563925 1.263473 -6.206269
v 11.695150 1.141811 -6.189624
v 11.663174 1.148755 -6.193552
v 11.630414 1.145578 -6.197459
v 11.599503 1.141811 -6.201104
v 11.567620 1.141811 -6.204931
v 11.691551 1.141811 -6.159638
v 11.659669 1.141811 -6.163465
v 11.627787 1.141811 -6.167292
v 11.596315 1.140564 -6.171276
v 11.563152 1.145999 -6.174874
v 11.695259 1.263474 -6.158299
v 11.661434 1.269944 -6.163222
v 11.629547 1.263662 -6.167060
v 11.592788 1.262904 -6.171679
v 11.559958 1.263783 -6.175431
v 11.695711 1.380069 -6.159161
v 11.661579 1.385136 -6.163236
v 11.627792 1.385136 -6.167291
v 11.594006 1.385136 -6.171347
v 11.560220 1.385136 -6.175402
v 11.691551 1.506799 -6.159638
v 11.659669 1.506799 -6.163465
v 11.627814 1.506473 -6.167285
v 11.595903 1.506799 -6.171119
v 11.563440 1.505155 -6.174861
v 11.694237 1.628278 -6.158322
v 11.661579 1.628461 -6.163236
v 11.627792 1.628461 -6.167291
v 11.594006 1.628461 -6.171347
v 11.560220 1.628461 -6.175402
v 11.692190 1.750950 -6.159787
v 11.657777 1.744533 -6.163692
v 11.627800 1.755870 -6.167250
v 11.594006 1.750124 -6.171347
v 11.560220 1.750124 -6.175402
v 11.691615 1.875292 -6.159425
v 11.659094 1.879069 -6.163597
v 11.628327 1.867163 -6.166303
v 11.595911 1.871786 -6.171118
v 11.564363 1.872292 -6.174880
v 11.699690 1.996892 -6.158611
v 11.663932 1.995077 -6.163043
v 11.627682 1.993449 -6.166410
v 11.592365 1.993449 -6.171544
v 11.558126 1.998387 -6.175642
v 11.729599 1.040332 -6.186317
v 11.726971 1.036936 -6.171527
v 11.709528 1.025723 -6.188769
v 11.701820 1.872343 -6.158171
v 11.720833 1.855062 -6.155838
v 11.721422 1.870615 -6.166672
v 11.721623 1.878661 -6.155743
v 11.698265 1.506799 -6.158770
v 11.720111 1.494997 -6.155964
v 11.722218 1.506799 -6.177411
v 11.720286 1.518598 -6.155916
v 11.702049 1.141585 -6.188860
v 11.722765 1.152682 -6.186587
v 11.720783 1.141533 -6.165130
v 11.724165 1.129086 -6.186472
v 11.694263 1.292071 -6.189977
v 11.716463 1.307640 -6.187470
v 11.712479 1.292063 -6.167430
v 11.715221 1.284085 -6.187632
v 11.708710 1.381393 -6.188064
v 11.728534 1.396832 -6.185857
v 11.726099 1.381424 -6.165479
v 11.727175 1.373276 -6.186043
v 11.701944 1.871957 -6.189543
v 11.724262 1.884293 -6.186360
v 11.722618 1.868753 -6.175648
v 11.723423 1.860698 -6.186461
v 11.732798 2.005246 -6.185374
v 11.730944 1.993449 -6.163874
v 11.732513 1.981658 -6.185398
v 11.712095 1.992999 -6.187618
v 11.530936 1.251523 -6.178650
v 11.551827 1.263657 -6.176334
v 11.531610 1.275110 -6.178569
v 11.533062 1.258854 -6.198491
v 11.531553 1.615043 -6.178522
v 11.552410 1.628028 -6.176251
v 11.531015 1.638648 -6.178586
v 11.533146 1.627971 -6.199935
v 11.534502 1.860673 -6.178051
v 11.556383 1.872342 -6.175721
v 11.533920 1.884265 -6.178109
v 11.538219 1.868906 -6.198268
v 11.536955 1.141811 -6.187158
v 11.539003 1.153612 -6.208605
v 11.560907 1.141811 -6.205800
v 11.538822 1.130013 -6.208663
v 11.576221 1.041747 -6.204167
v 11.597849 1.053730 -6.201550
v 11.617840 1.038022 -6.199266
v 11.594297 1.046355 -6.181903
v 11.683702 2.091364 -6.191170
v 11.665669 2.085729 -6.193217
v 11.644496 2.095122 -6.195886
v 11.662730 2.094810 -6.172441
v 11.561281 2.093617 -6.184238
v 11.584405 2.096928 -6.203238
v 11.563433 2.081815 -6.205661
v 11.543016 2.096309 -6.208225
v 11.920079 1.040462 -6.165019
v 11.920239 1.039127 -6.195943
v 12.115049 1.044789 -6.162781
v 11.934711 2.098891 -6.164994
v 11.935062 2.098886 -6.195943
v 12.129252 2.091283 -6.162829
v 12.130385 2.094302 -6.193669
v 12.134861 1.991970 -6.162822
v 12.122808 1.743198 -6.162919
v 12.125743 1.621531 -6.162754
v 12.121009 1.378319 -6.163053
v 12.106461 1.288912 -6.162841
v 12.112675 1.140558 -6.162938
v 12.118128 1.505506 -6.193657
v 12.123581 1.629567 -6.193577
v 12.123156 1.743193 -6.193638
v 11.927601 1.143147 -6.165038
v 11.938024 1.386162 -6.164961
v 11.932705 1.508099 -6.165038
v 11.930590 1.751478 -6.165101
v 11.927999 1.995336 -6.165042
v 11.929283 1.998739 -6.195917
v 11.938452 1.868347 -6.195813
v 11.929968 1.747060 -6.195859
v 11.929236 1.629822 -6.195819
v 11.933054 1.508094 -6.195757
v 11.939317 1.388094 -6.195706
v 11.924484 1.257881 -6.195596
v 12.086996 1.039790 -6.163308
v 12.052664 1.043747 -6.163502
v 12.018744 1.041694 -6.163988
v 11.983337 1.049283 -6.164439
v 11.950546 1.042100 -6.164801
v 11.951044 1.042641 -6.195479
v 12.018457 1.035556 -6.194866
v 12.052996 1.040184 -6.194406
v 12.086502 1.023357 -6.194532
v 11.965409 2.094517 -6.164760
v 11.999433 2.094042 -6.164374
v 12.033456 2.093566 -6.163988
v 12.067430 2.093046 -6.163608
v 12.099143 2.081645 -6.163213
v 12.100477 2.085639 -6.193949
v 12.033804 2.093561 -6.194707
v 12.000857 2.099625 -6.195182
v 12.103412 1.991745 -6.193559
v 12.068737 1.994106 -6.194088
v 12.032395 1.993403 -6.194447
v 11.996725 1.993901 -6.194851
v 11.960850 1.995019 -6.195225
v 12.094922 1.870854 -6.194606
v 12.062556 1.865776 -6.194020
v 12.030024 1.871264 -6.195263
v 11.998593 1.872201 -6.194811
v 11.966488 1.872636 -6.195175
v 12.094398 1.749685 -6.193862
v 12.059090 1.744180 -6.194105
v 12.028261 1.753474 -6.194233
v 11.994974 1.750577 -6.194833
v 11.961979 1.757958 -6.195248
v 12.095343 1.627499 -6.193675
v 12.061319 1.627975 -6.194061
v 12.027306 1.628450 -6.195334
v 11.993273 1.628926 -6.194833
v 11.959249 1.629402 -6.195219
v 12.089800 1.505902 -6.193718
v 12.057034 1.512973 -6.194222
v 12.025499 1.510283 -6.195462
v 11.993482 1.507249 -6.194811
v 11.961376 1.507698 -6.195175
v 12.092436 1.378808 -6.193659
v 12.057916 1.384673 -6.194061
v 12.023903 1.385149 -6.195334
v 12.002611 1.384049 -6.194688
v 11.968588 1.384525 -6.195074
v 12.076133 1.289527 -6.193997
v 12.056214 1.263023 -6.194061
v 12.022191 1.263499 -6.194447
v 11.988189 1.264041 -6.194904
v 11.954155 1.264450 -6.196106
v 12.084696 1.140949 -6.193718
v 12.052582 1.148344 -6.194173
v 12.019550 1.145629 -6.194522
v 11.988377 1.142297 -6.194811
v 11.956271 1.142746 -6.195176
v 12.084352 1.140954 -6.163520
v 12.052247 1.141403 -6.163884
v 12.020141 1.141853 -6.164248
v 11.988409 1.141049 -6.164813
v 11.955131 1.146951 -6.164812
v 12.089885 1.262552 -6.162589
v 12.055820 1.269499 -6.163833
v 12.023620 1.263667 -6.164208
v 11.986570 1.263427 -6.164834
v 11.953543 1.264768 -6.165021
v 12.091872 1.379131 -6.163494
v 12.057573 1.384678 -6.163862
v 12.023550 1.385154 -6.164248
v 11.989527 1.385630 -6.164634
v 11.955503 1.386106 -6.165020
v 12.089458 1.505907 -6.163520
v 12.057352 1.506356 -6.163884
v 12.025270 1.506479 -6.164244
v 11.993139 1.507254 -6.164612
v 11.960442 1.506068 -6.164830
v 12.093968 1.627334 -6.162501
v 12.060976 1.627980 -6.163862
v 12.026953 1.628455 -6.164248
v 11.992929 1.628931 -6.164634
v 11.958906 1.629407 -6.165020
v 12.093491 1.750026 -6.163736
v 12.058771 1.744094 -6.163906
v 12.028748 1.755851 -6.164207
v 11.994632 1.750582 -6.164634
v 11.960608 1.751058 -6.165020
v 12.094698 1.874363 -6.163314
v 12.061973 1.878598 -6.163953
v 12.030930 1.867125 -6.163323
v 11.998251 1.872206 -6.164612
v 11.966492 1.873156 -6.164948
v 12.104513 1.995838 -6.163377
v 12.068464 1.994527 -6.163925
v 12.032043 1.993408 -6.163361
v 11.996382 1.993906 -6.164653
v 11.961973 1.999327 -6.165033
v 12.117878 1.038996 -6.194148
v 12.116813 1.035615 -6.179161
v 12.097456 1.024672 -6.194420
v 12.104937 1.871271 -6.163169
v 12.123846 1.853724 -6.162901
v 12.123481 1.869282 -6.173735
v 12.124972 1.877309 -6.162892
v 12.096226 1.505812 -6.163381
v 12.118079 1.493704 -6.162949
v 12.118024 1.505507 -6.184498
v 12.118588 1.517299 -6.162920
v 12.091633 1.140626 -6.193704
v 12.112625 1.151431 -6.193679
v 12.112816 1.140279 -6.172133
v 12.113699 1.127818 -6.193716
v 12.085877 1.291208 -6.193974
v 12.108433 1.306463 -6.193877
v 12.106417 1.290913 -6.173524
v 12.106852 1.282928 -6.193904
v 12.101694 1.380317 -6.193631
v 12.121853 1.395476 -6.193576
v 12.121416 1.380073 -6.173054
v 12.120153 1.371941 -6.193614
v 12.101669 1.870930 -6.194372
v 12.124371 1.882949 -6.193615
v 12.123676 1.867418 -6.182788
v 12.123196 1.859368 -6.193625
v 12.134653 2.003771 -6.193555
v 12.134966 1.991968 -6.171981
v 12.134039 1.980189 -6.193549
v 12.113661 1.991816 -6.193553
v 11.924175 1.252918 -6.165089
v 11.945361 1.264756 -6.165041
v 11.925184 1.276493 -6.165082
v 11.924250 1.260249 -6.185043
v 11.929886 1.616394 -6.165029
v 11.951045 1.629084 -6.165022
v 11.929675 1.640004 -6.165034
v 11.929340 1.629331 -6.186488
v 11.936304 1.861958 -6.164878
v 11.958469 1.873318 -6.164923
v 11.936049 1.885556 -6.164873
v 11.937933 1.870169 -6.185379
v 11.927705 1.143146 -6.174197
v 11.927593 1.154949 -6.195740
v 11.949503 1.142841 -6.195314
v 11.927075 1.131355 -6.195778
v 11.963503 1.042571 -6.195344
v 11.985453 1.054248 -6.195076
v 12.005352 1.038261 -6.194963
v 11.983940 1.046894 -6.175161
v 12.086430 2.090572 -6.194020
v 12.068203 2.085191 -6.194109
v 12.046999 2.094881 -6.194479
v 12.067650 2.094280 -6.173137
v 11.965513 2.094516 -6.173919
v 11.986497 2.097533 -6.195303
v 11.965176 2.082718 -6.195449
v 11.944807 2.097498 -6.195796
v 12.709387 2.069242 -6.156949
v 12.711737 2.070526 -6.187784
v 12.514966 2.062442 -6.170656
v 12.709556 1.048793 -6.156910
v 12.711737 1.048793 -6.187784
v 12.515403 1.053505 -6.170668
v 12.516838 1.050579 -6.201494
v 12.508429 1.149160 -6.171233
v 12.516981 1.389121 -6.170629
v 12.512346 1.506360 -6.170844
v 12.513699 1.740862 -6.171033
v 12.526933 1.827240 -6.169735
v 12.518681 1.970159 -6.170509
v 12.520845 1.618302 -6.201153
v 12.517133 1.498643 -6.201378
v 12.519146 1.389121 -6.201273
v 12.703323 1.970159 -6.157465
v 12.696318 1.735769 -6.157963
v 12.703323 1.618302 -6.157465
v 12.708830 1.383731 -6.157076
v 12.714806 1.148705 -6.156527
v 12.716099 1.145406 -6.187400
v 12.705136 1.270971 -6.188195
v 12.711904 1.387998 -6.187686
v 12.710995 1.501017 -6.187721
v 12.705488 1.618302 -6.188110
v 12.697571 1.733889 -6.188709
v 12.710527 1.859606 -6.187535
v 12.542896 2.067639 -6.168893
v 12.577181 2.064287 -6.166275
v 12.610996 2.066723 -6.163988
v 12.646423 2.059886 -6.161533
v 12.679029 2.067252 -6.159221
v 12.681049 2.066723 -6.189837
v 12.613720 2.072644 -6.194746
v 12.579327 2.067718 -6.197106
v 12.545713 2.083486 -6.199991
v 12.678885 1.052596 -6.159192
v 12.644939 1.052596 -6.161590
v 12.610996 1.052596 -6.163988
v 12.577101 1.052639 -6.166387
v 12.545305 1.063200 -6.168600
v 12.546545 1.059333 -6.199338
v 12.613161 1.052596 -6.194632
v 12.646117 1.047194 -6.192405
v 12.542280 1.149800 -6.199296
v 12.576912 1.147992 -6.196986
v 12.613148 1.149160 -6.194373
v 12.648735 1.149160 -6.191858
v 12.684532 1.148566 -6.189296
v 12.549141 1.266446 -6.199784
v 12.581276 1.271776 -6.196559
v 12.613875 1.266925 -6.195131
v 12.645173 1.266446 -6.192110
v 12.677204 1.266460 -6.189847
v 12.547913 1.383250 -6.199139
v 12.583042 1.389033 -6.196499
v 12.613905 1.380490 -6.194096
v 12.647087 1.383731 -6.191975
v 12.680105 1.377062 -6.189682
v 12.545254 1.501017 -6.199169
v 12.579198 1.501017 -6.196771
v 12.613205 1.501017 -6.195258
v 12.647087 1.501017 -6.191975
v 12.681030 1.501017 -6.189577
v 12.549086 1.618302 -6.198898
v 12.581879 1.611928 -6.196712
v 12.613369 1.614946 -6.195373
v 12.645180 1.618302 -6.192110
v 12.677212 1.618302 -6.189847
v 12.544683 1.740776 -6.199199
v 12.579198 1.735588 -6.196771
v 12.613205 1.735588 -6.195258
v 12.634354 1.736935 -6.192874
v 12.668299 1.736935 -6.190476
v 12.559713 1.827056 -6.198306
v 12.579199 1.852874 -6.196771
v 12.613142 1.852874 -6.194373
v 12.647072 1.852809 -6.192047
v 12.681093 1.852874 -6.190463
v 12.549086 1.970159 -6.198898
v 12.581229 1.963464 -6.196717
v 12.614137 1.966527 -6.194367
v 12.645180 1.970159 -6.192110
v 12.677212 1.970159 -6.189847
v 12.546957 1.970159 -6.168772
v 12.578989 1.970159 -6.166510
v 12.611020 1.970159 -6.164247
v 12.642677 1.971361 -6.162216
v 12.675923 1.966121 -6.159487
v 12.543063 1.852874 -6.168158
v 12.577209 1.846636 -6.166604
v 12.609248 1.852692 -6.164352
v 12.646217 1.853422 -6.161946
v 12.679165 1.852575 -6.159431
v 12.542782 1.740472 -6.169089
v 12.577070 1.735588 -6.166645
v 12.611014 1.735588 -6.164247
v 12.644958 1.735588 -6.161849
v 12.678903 1.735588 -6.159451
v 12.546957 1.618302 -6.168772
v 12.578989 1.618302 -6.166510
v 12.610991 1.618616 -6.164245
v 12.643052 1.618302 -6.161984
v 12.675638 1.619887 -6.159528
v 12.544071 1.501194 -6.167986
v 12.577070 1.501017 -6.166645
v 12.611013 1.501017 -6.164247
v 12.644958 1.501017 -6.161849
v 12.678903 1.501017 -6.159451
v 12.546358 1.382935 -6.169038
v 12.580890 1.389120 -6.166375
v 12.610998 1.378192 -6.164207
v 12.644958 1.383731 -6.161849
v 12.678903 1.383731 -6.159451
v 12.546854 1.263066 -6.168574
v 12.579578 1.259425 -6.166531
v 12.610302 1.270903 -6.163377
v 12.643045 1.266446 -6.161984
v 12.674736 1.265958 -6.159721
v 12.538772 1.145841 -6.169300
v 12.574722 1.147590 -6.166900
v 12.610956 1.149160 -6.163361
v 12.646606 1.149160 -6.161733
v 12.681004 1.144399 -6.159292
v 12.514632 2.067988 -6.202156
v 12.514420 2.071261 -6.187136
v 12.534805 2.082071 -6.200774
v 12.536595 1.265909 -6.169271
v 12.517486 1.282568 -6.170570
v 12.518951 1.267575 -6.181320
v 12.516691 1.259818 -6.170626
v 12.540200 1.618302 -6.169187
v 12.518217 1.629679 -6.170557
v 12.520199 1.618302 -6.192017
v 12.518036 1.606928 -6.170543
v 12.542166 1.970377 -6.199451
v 12.521395 1.959679 -6.201130
v 12.519288 1.970427 -6.179685
v 12.519999 1.982426 -6.201282
v 12.550023 1.825305 -6.199077
v 12.527750 1.810296 -6.200808
v 12.527878 1.825312 -6.180376
v 12.528999 1.833003 -6.200732
v 12.535475 1.739196 -6.199926
v 12.515592 1.724313 -6.201503
v 12.514133 1.739166 -6.181031
v 12.516960 1.747022 -6.201429
v 12.542398 1.266281 -6.200102
v 12.519881 1.254389 -6.201191
v 12.519472 1.269370 -6.190361
v 12.520724 1.277136 -6.201131
v 12.511313 1.137787 -6.201833
v 12.509073 1.149160 -6.180370
v 12.511597 1.160527 -6.201804
v 12.532066 1.149594 -6.200128
v 12.708273 1.864393 -6.157111
v 12.687321 1.852697 -6.158782
v 12.707595 1.841656 -6.157159
v 12.709931 1.857327 -6.176996
v 12.707643 1.513952 -6.157102
v 12.686733 1.501435 -6.158811
v 12.708182 1.491196 -6.157063
v 12.710122 1.501489 -6.178430
v 12.704658 1.277159 -6.157196
v 12.682730 1.265910 -6.159040
v 12.705240 1.254416 -6.157143
v 12.704824 1.269222 -6.177752
v 12.703970 1.970159 -6.166603
v 12.706007 1.958783 -6.188051
v 12.683969 1.970159 -6.189432
v 12.706197 1.981532 -6.188073
v 12.668621 2.066623 -6.190721
v 12.646889 2.055071 -6.192235
v 12.626826 2.070214 -6.193768
v 12.646666 2.062180 -6.172271
v 12.560619 1.054767 -6.198254
v 12.578714 1.060200 -6.196859
v 12.600011 1.051145 -6.195482
v 12.577678 1.051446 -6.175901
v 12.679529 1.052596 -6.168329
v 12.660409 1.049404 -6.191354
v 12.681461 1.063973 -6.189772
v 12.701995 1.050000 -6.188436
v 12.513397 2.095904 -6.178701
v 12.509883 2.097236 -6.209425
v 12.319887 2.088850 -6.155447
v 12.513572 1.037373 -6.178695
v 12.509884 1.037373 -6.209425
v 12.320314 1.042261 -6.155541
v 12.315903 1.039225 -6.186083
v 12.313358 1.141485 -6.154779
v 12.321871 1.390401 -6.155801
v 12.317279 1.512015 -6.155137
v 12.318571 1.755269 -6.155578
v 12.331812 1.844871 -6.156802
v 12.323562 1.993124 -6.156004
v 12.319901 1.628136 -6.186506
v 12.316214 1.504010 -6.186025
v 12.318210 1.390401 -6.186303
v 12.507347 1.993124 -6.178063
v 12.500374 1.749986 -6.177229
v 12.507347 1.628136 -6.178063
v 12.512828 1.384811 -6.178721
v 12.518799 1.141013 -6.179310
v 12.514238 1.137592 -6.209871
v 12.503324 1.267843 -6.208582
v 12.510065 1.389237 -6.209361
v 12.509167 1.506473 -6.209223
v 12.503685 1.628136 -6.208565
v 12.495797 1.748037 -6.207658
v 12.508742 1.878445 -6.208952
v 12.347647 2.094241 -6.158989
v 12.381809 2.090765 -6.162893
v 12.415448 2.093291 -6.167033
v 12.450701 2.086199 -6.171313
v 12.483158 2.093840 -6.175200
v 12.479360 2.093292 -6.205646
v 12.412315 2.099434 -6.197752
v 12.378095 2.094323 -6.193575
v 12.344541 2.110680 -6.190061
v 12.483021 1.041318 -6.175144
v 12.449235 1.041317 -6.171088
v 12.415449 1.041317 -6.167033
v 12.381710 1.041362 -6.162988
v 12.350069 1.052318 -6.159157
v 12.345482 1.048306 -6.189576
v 12.411787 1.041317 -6.197535
v 12.444572 1.035714 -6.201571
v 12.341301 1.142149 -6.188729
v 12.375747 1.140274 -6.193001
v 12.411823 1.141485 -6.197277
v 12.447246 1.141485 -6.201529
v 12.482882 1.140870 -6.205773
v 12.347946 1.263148 -6.190504
v 12.380114 1.268677 -6.193406
v 12.412395 1.263645 -6.198160
v 12.443701 1.263148 -6.201104
v 12.475582 1.263163 -6.204930
v 12.346862 1.384312 -6.189639
v 12.381859 1.390310 -6.193681
v 12.412620 1.381448 -6.197148
v 12.445604 1.384811 -6.201332
v 12.478462 1.377892 -6.205316
v 12.344246 1.506473 -6.189166
v 12.378032 1.506473 -6.193222
v 12.411713 1.506473 -6.198158
v 12.445604 1.506473 -6.201332
v 12.479391 1.506473 -6.205388
v 12.348059 1.628136 -6.189624
v 12.380676 1.621524 -6.193671
v 12.411852 1.624654 -6.198302
v 12.443707 1.628136 -6.201104
v 12.475590 1.628136 -6.204931
v 12.343679 1.755180 -6.189088
v 12.378032 1.749799 -6.193222
v 12.411713 1.749799 -6.198158
v 12.432932 1.751196 -6.199811
v 12.466718 1.751196 -6.203866
v 12.358607 1.844681 -6.191049
v 12.378032 1.871461 -6.193222
v 12.411818 1.871461 -6.197277
v 12.445577 1.871394 -6.201400
v 12.479284 1.871461 -6.206269
v 12.348059 1.993124 -6.189624
v 12.380036 1.986179 -6.193552
v 12.412796 1.989356 -6.197459
v 12.443707 1.993124 -6.201104
v 12.475590 1.993124 -6.204931
v 12.351658 1.993123 -6.159638
v 12.383541 1.993124 -6.163465
v 12.415423 1.993124 -6.167292
v 12.446895 1.994371 -6.171276
v 12.480057 1.988935 -6.174874
v 12.347950 1.871461 -6.158299
v 12.381775 1.864991 -6.163222
v 12.413663 1.871273 -6.167060
v 12.450422 1.872030 -6.171679
v 12.483252 1.871152 -6.175431
v 12.347498 1.754865 -6.159161
v 12.381631 1.749799 -6.163236
v 12.415417 1.749799 -6.167291
v 12.449203 1.749798 -6.171347
v 12.482990 1.749798 -6.175402
v 12.351658 1.628136 -6.159638
v 12.383541 1.628136 -6.163465
v 12.415396 1.628461 -6.167285
v 12.447306 1.628136 -6.171119
v 12.479769 1.629780 -6.174861
v 12.348972 1.506657 -6.158322
v 12.381631 1.506473 -6.163236
v 12.415417 1.506473 -6.167291
v 12.449203 1.506473 -6.171347
v 12.482990 1.506473 -6.175402
v 12.351021 1.383984 -6.159786
v 12.385433 1.390401 -6.163692
v 12.415410 1.379065 -6.167250
v 12.449203 1.384811 -6.171347
v 12.482990 1.384811 -6.175402
v 12.351595 1.259643 -6.159425
v 12.384115 1.255865 -6.163597
v 12.414883 1.267771 -6.166303
v 12.447300 1.263148 -6.171118
v 12.478848 1.262642 -6.174880
v 12.343521 1.138042 -6.158611
v 12.379278 1.139857 -6.163043
v 12.415528 1.141485 -6.166410
v 12.450845 1.141485 -6.171544
v 12.485084 1.136547 -6.175642
v 12.313610 2.094603 -6.186317
v 12.316238 2.097999 -6.171527
v 12.333682 2.109212 -6.188769
v 12.341389 1.262591 -6.158171
v 12.322378 1.279872 -6.155838
v 12.321788 1.264320 -6.166672
v 12.321587 1.256273 -6.155743
v 12.344945 1.628136 -6.158770
v 12.323099 1.639937 -6.155964
v 12.320992 1.628136 -6.177411
v 12.322924 1.616337 -6.155916
v 12.341160 1.993349 -6.188860
v 12.320444 1.982252 -6.186587
v 12.322426 1.993401 -6.165130
v 12.319045 2.005848 -6.186472
v 12.348946 1.842864 -6.189977
v 12.326746 1.827294 -6.187470
v 12.330730 1.842871 -6.167430
v 12.327988 1.850849 -6.187632
v 12.334499 1.753541 -6.188064
v 12.314676 1.738102 -6.185857
v 12.317110 1.753510 -6.165478
v 12.316034 1.761659 -6.186043
v 12.341266 1.262977 -6.189543
v 12.318948 1.250642 -6.186360
v 12.320591 1.266181 -6.175648
v 12.319787 1.274237 -6.186461
v 12.310413 1.129688 -6.185374
v 12.312266 1.141485 -6.163874
v 12.310697 1.153277 -6.185398
v 12.331116 1.141936 -6.187618
v 12.512274 1.883411 -6.178650
v 12.491383 1.871278 -6.176334
v 12.511599 1.859825 -6.178569
v 12.510147 1.876080 -6.198491
v 12.511657 1.519892 -6.178522
v 12.490801 1.506907 -6.176251
v 12.512194 1.496286 -6.178586
v 12.510063 1.506963 -6.199935
v 12.508707 1.274261 -6.178051
v 12.486826 1.262593 -6.175721
v 12.509291 1.250669 -6.178109
v 12.504990 1.266028 -6.198268
v 12.506255 1.993124 -6.187158
v 12.504206 1.981323 -6.208605
v 12.482303 1.993124 -6.205800
v 12.504388 2.004921 -6.208663
v 12.466989 2.093188 -6.204167
v 12.445360 2.081205 -6.201550
v 12.425370 2.096912 -6.199266
v 12.448912 2.088579 -6.181903
v 12.359507 1.043570 -6.191170
v 12.377541 1.049206 -6.193217
v 12.398714 1.039813 -6.195886
v 12.380480 1.040125 -6.172441
v 12.481930 1.041318 -6.184238
v 12.458805 1.038007 -6.203238
v 12.479778 1.053119 -6.205661
v 12.500194 1.038625 -6.208225
v 12.323400 1.942260 -6.165019
v 12.323236 1.943397 -6.195943
v 12.128449 1.938974 -6.162781
v 12.310951 1.040066 -6.164994
v 12.310600 1.040071 -6.195943
v 12.116406 1.046954 -6.162829
v 12.115280 1.044382 -6.193669
v 12.110593 1.131621 -6.162822
v 12.122133 1.343653 -6.162919
v 12.118946 1.447371 -6.162754
v 12.123178 1.654679 -6.163053
v 12.137541 1.730861 -6.162841
v 12.131021 1.857333 -6.162938
v 12.126322 1.546257 -6.193657
v 12.121124 1.440516 -6.193577
v 12.121784 1.343658 -6.193638
v 12.316090 1.854745 -6.165038
v 12.306170 1.647616 -6.164961
v 12.311739 1.543664 -6.165038
v 12.314358 1.336199 -6.165101
v 12.317450 1.128325 -6.165041
v 12.316174 1.125426 -6.195917
v 12.306737 1.236593 -6.195813
v 12.314970 1.339963 -6.195859
v 12.315459 1.439897 -6.195819
v 12.311390 1.543668 -6.195756
v 12.304880 1.645972 -6.195706
v 12.319443 1.756937 -6.195596
v 12.156490 1.943177 -6.163308
v 12.190829 1.939733 -6.163502
v 12.224744 1.941413 -6.163988
v 12.260164 1.934871 -6.164439
v 12.292938 1.940926 -6.164801
v 12.292440 1.940466 -6.195479
v 12.225017 1.946645 -6.194866
v 12.190489 1.942771 -6.194406
v 12.156951 1.957184 -6.194532
v 12.280247 1.043858 -6.164760
v 12.246225 1.044333 -6.164374
v 12.212202 1.044809 -6.163988
v 12.178229 1.045322 -6.163608
v 12.146494 1.055106 -6.163213
v 12.145168 1.051704 -6.193949
v 12.211854 1.044814 -6.194707
v 12.244812 1.039577 -6.195182
v 12.142040 1.131747 -6.193559
v 12.176719 1.129663 -6.194088
v 12.213057 1.130188 -6.194447
v 12.248726 1.129689 -6.194851
v 12.284601 1.128662 -6.195225
v 12.150280 1.234780 -6.194606
v 12.182633 1.239041 -6.194020
v 12.215176 1.234296 -6.195263
v 12.246607 1.233433 -6.194811
v 12.278711 1.232996 -6.195175
v 12.150553 1.338065 -6.193862
v 12.185848 1.342685 -6.194105
v 12.216694 1.334698 -6.194233
v 12.249974 1.337100 -6.194833
v 12.282983 1.330740 -6.195248
v 12.149358 1.442221 -6.193675
v 12.183380 1.441745 -6.194061
v 12.217392 1.441269 -6.195334
v 12.251425 1.440793 -6.194833
v 12.285447 1.440317 -6.195219
v 12.154648 1.545861 -6.193718
v 12.187428 1.539766 -6.194222
v 12.218956 1.541993 -6.195462
v 12.250964 1.544513 -6.194811
v 12.283070 1.544065 -6.195175
v 12.151751 1.654203 -6.193659
v 12.186281 1.649132 -6.194061
v 12.220293 1.648657 -6.195334
v 12.241581 1.649550 -6.194688
v 12.275603 1.649074 -6.195074
v 12.167870 1.730274 -6.193997
v 12.187731 1.752826 -6.194061
v 12.221754 1.752350 -6.194447
v 12.255754 1.751817 -6.194904
v 12.289788 1.751398 -6.196106
v 12.158999 1.856942 -6.193718
v 12.191128 1.850573 -6.194173
v 12.224151 1.852819 -6.194522
v 12.255316 1.855595 -6.194811
v 12.287420 1.855146 -6.195175
v 12.159342 1.856937 -6.163520
v 12.191448 1.856488 -6.163884
v 12.223553 1.856039 -6.164248
v 12.255281 1.856658 -6.164813
v 12.288570 1.851559 -6.164812
v 12.154062 1.753297 -6.162589
v 12.188139 1.747305 -6.163833
v 12.220325 1.752210 -6.164208
v 12.257372 1.752337 -6.164834
v 12.290401 1.751126 -6.165021
v 12.152315 1.653927 -6.163494
v 12.186624 1.649128 -6.163862
v 12.220646 1.648652 -6.164248
v 12.254668 1.648176 -6.164634
v 12.288691 1.647700 -6.165020
v 12.154991 1.545856 -6.163520
v 12.187096 1.545407 -6.163884
v 12.219177 1.545236 -6.164244
v 12.251307 1.544509 -6.164612
v 12.284000 1.545453 -6.164830
v 12.150731 1.442358 -6.162501
v 12.183722 1.441740 -6.163862
v 12.217745 1.441264 -6.164248
v 12.251767 1.440788 -6.164634
v 12.285789 1.440312 -6.165020
v 12.151462 1.337773 -6.163736
v 12.186167 1.342758 -6.163906
v 12.216214 1.332674 -6.164207
v 12.250317 1.337095 -6.164634
v 12.284340 1.336619 -6.165020
v 12.150511 1.231788 -6.163314
v 12.183243 1.228110 -6.163953
v 12.214261 1.237826 -6.163323
v 12.246948 1.233428 -6.164612
v 12.278708 1.232552 -6.164948
v 12.140947 1.128261 -6.163377
v 12.176992 1.129304 -6.163925
v 12.213408 1.130183 -6.163361
v 12.249069 1.129684 -6.164653
v 12.283486 1.124993 -6.165033
v 12.125609 1.943918 -6.194148
v 12.126667 1.946797 -6.179161
v 12.146000 1.956086 -6.194420
v 12.140266 1.234445 -6.163169
v 12.121323 1.249442 -6.162901
v 12.121719 1.236178 -6.173735
v 12.120245 1.229339 -6.162892
v 12.148224 1.545951 -6.163381
v 12.126346 1.556317 -6.162949
v 12.126425 1.546256 -6.184498
v 12.125885 1.536205 -6.162920
v 12.152061 1.857232 -6.193704
v 12.131093 1.848065 -6.193679
v 12.130880 1.857572 -6.172133
v 12.129971 1.868195 -6.193716
v 12.158128 1.728862 -6.193974
v 12.135605 1.715904 -6.193877
v 12.137589 1.729155 -6.173524
v 12.137137 1.735963 -6.193904
v 12.142496 1.652936 -6.193631
v 12.122370 1.640056 -6.193576
v 12.122774 1.653185 -6.173054
v 12.124020 1.660114 -6.193614
v 12.143534 1.234729 -6.194372
v 12.120858 1.224530 -6.193615
v 12.121521 1.237768 -6.182788
v 12.121984 1.244629 -6.193625
v 12.110826 1.121561 -6.193555
v 12.110489 1.131623 -6.171981
v 12.111391 1.141662 -6.193549
v 12.131792 1.131708 -6.193553
v 12.319742 1.761167 -6.165089
v 12.298582 1.751119 -6.165041
v 12.318783 1.741073 -6.165082
v 12.319683 1.754918 -6.185043
v 12.314782 1.451346 -6.165029
v 12.293650 1.440572 -6.165022
v 12.315042 1.431219 -6.165034
v 12.315355 1.440316 -6.186488
v 12.308871 1.242035 -6.164878
v 12.286730 1.232398 -6.164923
v 12.309175 1.221919 -6.164873
v 12.307259 1.235039 -6.185379
v 12.315987 1.854746 -6.174197
v 12.316122 1.844684 -6.195740
v 12.294188 1.855051 -6.195314
v 12.316591 1.864795 -6.195778
v 12.279982 1.940552 -6.195344
v 12.258059 1.930643 -6.195076
v 12.238128 1.944312 -6.194963
v 12.259556 1.936908 -6.175161
v 12.159225 1.047471 -6.194020
v 12.177440 1.052020 -6.194109
v 12.198663 1.043716 -6.194478
v 12.178012 1.044271 -6.173137
v 12.280144 1.043859 -6.173919
v 12.259167 1.041330 -6.195303
v 12.280457 1.053916 -6.195449
v 12.300854 1.041274 -6.195796
v 12.903391 1.050391 -6.156949
v 12.901041 1.049107 -6.187784
v 13.097812 1.057191 -6.170656
v 12.903221 2.070839 -6.156910
v 12.901041 2.070839 -6.187784
v 13.097374 2.066127 -6.170668
v 13.095940 2.069053 -6.201494
v 13.104349 1.970473 -6.171233
v 13.095797 1.730512 -6.170629
v 13.100431 1.613273 -6.170844
v 13.099079 1.378771 -6.171033
v 13.085845 1.292392 -6.169735
v 13.094097 1.149474 -6.170509
v 13.091932 1.501330 -6.201153
v 13.095645 1.620990 -6.201378
v 13.093632 1.730512 -6.201273
v 12.909454 1.149474 -6.157465
v 12.916460 1.383864 -6.157963
v 12.909454 1.501330 -6.157465
v 12.903948 1.735901 -6.157076
v 12.897972 1.970928 -6.156528
v 12.896679 1.974226 -6.187400
v 12.907641 1.848662 -6.188195
v 12.900874 1.731635 -6.187686
v 12.901783 1.618616 -6.187721
v 12.907290 1.501330 -6.188110
v 12.915207 1.385743 -6.188709
v 12.902250 1.260026 -6.187535
v 13.069882 1.051994 -6.168893
v 13.035597 1.055346 -6.166275
v 13.001781 1.052909 -6.163988
v 12.966355 1.059747 -6.161533
v 12.933748 1.052381 -6.159221
v 12.931728 1.052909 -6.189837
v 12.999058 1.046988 -6.194746
v 13.033451 1.051915 -6.197106
v 13.067064 1.036147 -6.199991
v 12.933893 2.067037 -6.159192
v 12.967838 2.067037 -6.161590
v 13.001781 2.067037 -6.163988
v 13.035677 2.066994 -6.166387
v 13.067472 2.056432 -6.168600
v 13.066233 2.060300 -6.199338
v 12.999617 2.067037 -6.194632
v 12.966660 2.072438 -6.192405
v 13.070498 1.969833 -6.199296
v 13.035866 1.971640 -6.196986
v 12.999630 1.970473 -6.194373
v 12.964043 1.970473 -6.191858
v 12.928246 1.971066 -6.189296
v 13.063637 1.853187 -6.199784
v 13.031502 1.847856 -6.196559
v 12.998902 1.852708 -6.195131
v 12.967605 1.853187 -6.192110
v 12.935574 1.853173 -6.189847
v 13.064865 1.736382 -6.199139
v 13.029736 1.730600 -6.196499
v 12.998873 1.739143 -6.194096
v 12.965691 1.735901 -6.191975
v 12.932673 1.742571 -6.189682
v 13.067524 1.618616 -6.199169
v 13.033580 1.618616 -6.196771
v 12.999573 1.618616 -6.195258
v 12.965691 1.618616 -6.191975
v 12.931747 1.618616 -6.189577
v 13.063692 1.501330 -6.198898
v 13.030898 1.507704 -6.196712
v 12.999409 1.504687 -6.195373
v 12.967598 1.501330 -6.192110
v 12.935566 1.501330 -6.189847
v 13.068095 1.378856 -6.199200
v 13.033580 1.384045 -6.196771
v 12.999573 1.384045 -6.195258
v 12.978424 1.382698 -6.192874
v 12.944479 1.382698 -6.190476
v 13.053065 1.292576 -6.198306
v 13.033580 1.266759 -6.196771
v 12.999636 1.266759 -6.194373
v 12.965706 1.266824 -6.192047
v 12.931684 1.266759 -6.190463
v 13.063692 1.149474 -6.198898
v 13.031549 1.156168 -6.196717
v 12.998641 1.153106 -6.194367
v 12.967598 1.149474 -6.192110
v 12.935566 1.149474 -6.189847
v 13.065821 1.149474 -6.168772
v 13.033789 1.149474 -6.166510
v 13.001758 1.149474 -6.164247
v 12.970100 1.148271 -6.162216
v 12.936854 1.153512 -6.159487
v 13.069715 1.266759 -6.168158
v 13.035568 1.272997 -6.166604
v 13.003530 1.266941 -6.164352
v 12.966560 1.266210 -6.161946
v 12.933613 1.267058 -6.159431
v 13.069996 1.379160 -6.169089
v 13.035707 1.384045 -6.166645
v 13.001763 1.384045 -6.164247
v 12.967819 1.384045 -6.161849
v 12.933875 1.384045 -6.159451
v 13.065821 1.501330 -6.168772
v 13.033789 1.501330 -6.166510
v 13.001786 1.501017 -6.164245
v 12.969727 1.501330 -6.161984
v 12.937140 1.499746 -6.159528
v 13.068707 1.618439 -6.167987
v 13.035707 1.618616 -6.166645
v 13.001763 1.618616 -6.164247
v 12.967819 1.618616 -6.161849
v 12.933875 1.618616 -6.159451
v 13.066420 1.736698 -6.169038
v 13.031888 1.730512 -6.166375
v 13.001779 1.741441 -6.164207
v 12.967819 1.735901 -6.161849
v 12.933875 1.735901 -6.159451
v 13.065924 1.856567 -6.168574
v 13.033199 1.860208 -6.166531
v 13.002476 1.848730 -6.163377
v 12.969732 1.853187 -6.161984
v 12.938042 1.853675 -6.159721
v 13.074006 1.973792 -6.169300
v 13.038054 1.972042 -6.166900
v 13.001822 1.970473 -6.163361
v 12.966171 1.970473 -6.161733
v 12.931774 1.975233 -6.159292
v 13.098145 1.051645 -6.202156
v 13.098358 1.048372 -6.187136
v 13.077972 1.037562 -6.200774
v 13.076182 1.853724 -6.169271
v 13.095292 1.837065 -6.170570
v 13.093825 1.852058 -6.181320
v 13.096087 1.859815 -6.170626
v 13.072577 1.501330 -6.169187
v 13.094561 1.489954 -6.170558
v 13.092579 1.501330 -6.192017
v 13.094742 1.512705 -6.170543
v 13.070612 1.149256 -6.199451
v 13.091383 1.159954 -6.201130
v 13.093490 1.149206 -6.179685
v 13.092779 1.137207 -6.201283
v 13.062756 1.294327 -6.199077
v 13.085028 1.309337 -6.200808
v 13.084900 1.294321 -6.180376
v 13.083778 1.286630 -6.200732
v 13.077303 1.380436 -6.199926
v 13.097186 1.395320 -6.201503
v 13.098644 1.380466 -6.181031
v 13.095818 1.372611 -6.201430
v 13.070379 1.853351 -6.200102
v 13.092896 1.865243 -6.201191
v 13.093306 1.850263 -6.190361
v 13.092053 1.842497 -6.201131
v 13.101464 1.981846 -6.201833
v 13.103704 1.970473 -6.180370
v 13.101181 1.959105 -6.201804
v 13.080710 1.970039 -6.200128
v 12.904505 1.255239 -6.157111
v 12.925457 1.266936 -6.158782
v 12.905183 1.277977 -6.157159
v 12.902846 1.262306 -6.176996
v 12.905135 1.605680 -6.157102
v 12.926044 1.618198 -6.158811
v 12.904595 1.628437 -6.157063
v 12.902656 1.618144 -6.178430
v 12.908120 1.842474 -6.157196
v 12.930048 1.853722 -6.159040
v 12.907537 1.865217 -6.157143
v 12.907953 1.850410 -6.177752
v 12.908808 1.149474 -6.166603
v 12.906771 1.160850 -6.188051
v 12.928810 1.149474 -6.189432
v 12.906581 1.138100 -6.188073
v 12.944157 1.053010 -6.190721
v 12.965889 1.064562 -6.192235
v 12.985951 1.049419 -6.193768
v 12.966112 1.057452 -6.172271
v 13.052158 2.064866 -6.198254
v 13.034063 2.059433 -6.196859
v 13.012766 2.068488 -6.195482
v 13.035100 2.068187 -6.175901
v 12.933249 2.067037 -6.168329
v 12.952368 2.070228 -6.191354
v 12.931316 2.055660 -6.189772
v 12.910783 2.069632 -6.188436
v 12.704745 1.039031 -6.178701
v 12.708260 1.037699 -6.209425
v 12.898256 1.046084 -6.155447
v 12.704571 2.097561 -6.178695
v 12.708260 2.097561 -6.209425
v 12.897829 2.092673 -6.155541
v 12.902241 2.095709 -6.186083
v 12.904785 1.993449 -6.154779
v 12.896273 1.744533 -6.155801
v 12.900864 1.622919 -6.155137
v 12.899572 1.379665 -6.155578
v 12.886330 1.290063 -6.156802
v 12.894581 1.141811 -6.156004
v 12.898242 1.506799 -6.186506
v 12.901930 1.630924 -6.186025
v 12.899933 1.744533 -6.186303
v 12.710796 1.141811 -6.178063
v 12.717770 1.384948 -6.177229
v 12.710796 1.506799 -6.178063
v 12.705315 1.750124 -6.178721
v 12.699344 1.993922 -6.179310
v 12.703905 1.997343 -6.209871
v 12.714819 1.867092 -6.208582
v 12.708078 1.745698 -6.209361
v 12.708977 1.628461 -6.209223
v 12.714457 1.506799 -6.208565
v 12.722345 1.386898 -6.207658
v 12.709400 1.256490 -6.208952
v 12.870496 1.040693 -6.158989
v 12.836333 1.044170 -6.162893
v 12.802694 1.041643 -6.167033
v 12.767442 1.048735 -6.171312
v 12.734984 1.041094 -6.175200
v 12.738783 1.041643 -6.205646
v 12.805828 1.035501 -6.197752
v 12.840048 1.040611 -6.193575
v 12.873602 1.024255 -6.190061
v 12.735123 2.093617 -6.175144
v 12.768909 2.093617 -6.171088
v 12.802694 2.093617 -6.167033
v 12.836433 2.093572 -6.162988
v 12.868074 2.082616 -6.159157
v 12.872662 2.086629 -6.189576
v 12.806356 2.093617 -6.197535
v 12.773571 2.099220 -6.201571
v 12.876842 1.992785 -6.188729
v 12.842397 1.994660 -6.193001
v 12.806320 1.993449 -6.197277
v 12.770897 1.993449 -6.201529
v 12.735260 1.994065 -6.205773
v 12.870196 1.871786 -6.190504
v 12.838030 1.866257 -6.193406
v 12.805748 1.871289 -6.198160
v 12.774443 1.871786 -6.201103
v 12.742561 1.871772 -6.204930
v 12.871281 1.750623 -6.189639
v 12.836285 1.744624 -6.193681
v 12.805524 1.753486 -6.197148
v 12.772539 1.750124 -6.201332
v 12.739681 1.757042 -6.205316
v 12.873898 1.628461 -6.189166
v 12.840111 1.628461 -6.193221
v 12.806431 1.628461 -6.198158
v 12.772539 1.628461 -6.201332
v 12.738752 1.628461 -6.205388
v 12.870084 1.506799 -6.189624
v 12.837467 1.513410 -6.193671
v 12.806292 1.510280 -6.198302
v 12.774436 1.506799 -6.201104
v 12.742554 1.506799 -6.204931
v 12.874464 1.379754 -6.189088
v 12.840111 1.385136 -6.193221
v 12.806431 1.385136 -6.198158
v 12.785212 1.383738 -6.199811
v 12.751425 1.383738 -6.203866
v 12.859535 1.290254 -6.191049
v 12.840111 1.263473 -6.193221
v 12.806324 1.263473 -6.197277
v 12.772566 1.263541 -6.201400
v 12.738857 1.263473 -6.206269
v 12.870084 1.141811 -6.189624
v 12.838106 1.148755 -6.193552
v 12.805347 1.145578 -6.197459
v 12.774436 1.141811 -6.201104
v 12.742554 1.141811 -6.204931
v 12.866485 1.141811 -6.159638
v 12.834602 1.141811 -6.163465
v 12.802719 1.141811 -6.167292
v 12.771248 1.140563 -6.171276
v 12.738085 1.146000 -6.174874
v 12.870193 1.263473 -6.158299
v 12.836367 1.269943 -6.163222
v 12.804480 1.263662 -6.167060
v 12.767721 1.262904 -6.171679
v 12.734892 1.263783 -6.175431
v 12.870645 1.380069 -6.159161
v 12.836512 1.385136 -6.163236
v 12.802725 1.385136 -6.167291
v 12.768939 1.385136 -6.171347
v 12.735153 1.385136 -6.175402
v 12.866485 1.506799 -6.159638
v 12.834602 1.506799 -6.163465
v 12.802748 1.506473 -6.167284
v 12.770837 1.506799 -6.171119
v 12.738374 1.505155 -6.174860
v 12.869170 1.628277 -6.158322
v 12.836512 1.628461 -6.163236
v 12.802726 1.628461 -6.167291
v 12.768940 1.628461 -6.171347
v 12.735153 1.628461 -6.175402
v 12.867123 1.750950 -6.159786
v 12.832710 1.744533 -6.163692
v 12.802733 1.755870 -6.167250
v 12.768940 1.750124 -6.171347
v 12.735153 1.750124 -6.175402
v 12.866549 1.875292 -6.159425
v 12.834027 1.879069 -6.163597
v 12.803261 1.867163 -6.166303
v 12.770844 1.871786 -6.171118
v 12.739296 1.872292 -6.174880
v 12.874622 1.996892 -6.158611
v 12.838865 1.995077 -6.163043
v 12.802615 1.993449 -6.166410
v 12.767298 1.993449 -6.171544
v 12.733060 1.998387 -6.175642
v 12.904532 1.040331 -6.186317
v 12.901904 1.036936 -6.171527
v 12.884460 1.025723 -6.188769
v 12.876755 1.872343 -6.158171
v 12.895765 1.855062 -6.155838
v 12.896355 1.870615 -6.166672
v 12.896557 1.878661 -6.155743
v 12.873198 1.506799 -6.158770
v 12.895044 1.494997 -6.155964
v 12.897150 1.506799 -6.177411
v 12.895220 1.518597 -6.155916
v 12.876983 1.141585 -6.188860
v 12.897697 1.152682 -6.186587
v 12.895717 1.141533 -6.165130
v 12.899097 1.129086 -6.186472
v 12.869197 1.292070 -6.189977
v 12.891396 1.307640 -6.187470
v 12.887412 1.292063 -6.167430
v 12.890155 1.284085 -6.187632
v 12.883643 1.381393 -6.188064
v 12.903467 1.396832 -6.185857
v 12.901032 1.381424 -6.165478
v 12.902109 1.373275 -6.186043
v 12.876877 1.871957 -6.189543
v 12.899195 1.884293 -6.186360
v 12.897552 1.868753 -6.175648
v 12.898356 1.860697 -6.186461
v 12.907730 2.005246 -6.185374
v 12.905876 1.993449 -6.163874
v 12.907447 1.981658 -6.185398
v 12.887028 1.992999 -6.187618
v 12.705870 1.251523 -6.178650
v 12.726761 1.263657 -6.176334
v 12.706544 1.275110 -6.178569
v 12.707995 1.258854 -6.198491
v 12.706486 1.615043 -6.178522
v 12.727343 1.628028 -6.176251
v 12.705950 1.638648 -6.178586
v 12.708079 1.627971 -6.199935
v 12.709436 1.860673 -6.178051
v 12.731317 1.872342 -6.175721
v 12.708853 1.884265 -6.178109
v 12.713154 1.868906 -6.198268
v 12.711887 1.141811 -6.187158
v 12.713937 1.153611 -6.208605
v 12.735840 1.141811 -6.205800
v 12.713755 1.130013 -6.208663
v 12.751154 1.041747 -6.204167
v 12.772781 1.053730 -6.201550
v 12.792772 1.038022 -6.199266
v 12.769231 1.046355 -6.181903
v 12.858636 2.091364 -6.191170
v 12.840603 2.085728 -6.193217
v 12.819429 2.095122 -6.195886
v 12.837664 2.094810 -6.172441
v 12.736214 2.093617 -6.184238
v 12.759338 2.096927 -6.203238
v 12.738365 2.081815 -6.205661
v 12.717950 2.096309 -6.208225
v 11.531838 1.039031 -5.791543
v 11.500972 1.037699 -5.793448
v 11.560040 1.046084 -6.178257
v 11.531841 2.097561 -5.791199
v 11.500972 2.097561 -5.793448
v 11.559935 2.092674 -6.177396
v 11.529273 2.095709 -6.181108
v 11.560874 1.993449 -6.191286
v 11.559635 1.744533 -6.174273
v 11.560417 1.622919 -6.183468
v 11.559940 1.379665 -6.180840
v 11.558380 1.290063 -6.154438
v 11.559388 1.141811 -6.170894
v 11.528749 1.506799 -6.173126
v 11.529324 1.630924 -6.180501
v 11.528996 1.744533 -6.176506
v 11.532631 1.141811 -5.803620
v 11.533643 1.384948 -5.817555
v 11.532631 1.506799 -5.803620
v 11.531833 1.750124 -5.792667
v 11.531092 1.993922 -5.780755
v 11.500415 1.997343 -5.784757
v 11.501983 1.867092 -5.806566
v 11.501032 1.745698 -5.793099
v 11.501193 1.628461 -5.794899
v 11.501991 1.506799 -5.805852
v 11.503099 1.386898 -5.821610
v 11.501476 1.256490 -5.795783
v 11.555786 1.040693 -6.122747
v 11.551010 1.044170 -6.054509
v 11.546010 1.041643 -5.987269
v 11.540829 1.048736 -5.916812
v 11.536112 1.041094 -5.851952
v 11.505532 1.041643 -5.854465
v 11.515139 1.035501 -5.988421
v 11.520191 1.040612 -6.056818
v 11.524559 1.024255 -6.123787
v 11.536173 2.093617 -5.852232
v 11.541092 2.093617 -5.919751
v 11.546011 2.093617 -5.987269
v 11.550918 2.093572 -6.054691
v 11.555557 2.082616 -6.117927
v 11.525024 2.086629 -6.122005
v 11.515371 2.093617 -5.989501
v 11.510495 2.099220 -5.923968
v 11.525980 1.992785 -6.130416
v 11.520828 1.994660 -6.061559
v 11.515629 1.993449 -5.989472
v 11.510472 1.993449 -5.918684
v 11.505318 1.994065 -5.847474
v 11.524029 1.871786 -6.116976
v 11.520311 1.866257 -6.052853
v 11.514726 1.871289 -5.988196
v 11.510988 1.871786 -5.925770
v 11.506346 1.871772 -5.862057
v 11.524927 1.750623 -6.119264
v 11.519992 1.744624 -6.049354
v 11.515739 1.753486 -5.987918
v 11.510712 1.750124 -5.921964
v 11.505887 1.757042 -5.856296
v 11.525468 1.628461 -6.124519
v 11.520549 1.628461 -6.057001
v 11.514745 1.628461 -5.989547
v 11.510711 1.628461 -5.921964
v 11.505793 1.628461 -5.854446
v 11.524913 1.506799 -6.116898
v 11.520031 1.513410 -6.051695
v 11.514597 1.510281 -5.989247
v 11.510987 1.506799 -5.925756
v 11.506346 1.506799 -5.862042
v 11.525560 1.379754 -6.125653
v 11.520549 1.385136 -6.057001
v 11.514745 1.385136 -5.989547
v 11.512556 1.383739 -5.947290
v 11.507637 1.383739 -5.879772
v 11.523216 1.290254 -6.095793
v 11.520549 1.263473 -6.057001
v 11.515630 1.263473 -5.989482
v 11.510643 1.263541 -5.922008
v 11.504907 1.263473 -5.854510
v 11.524913 1.141811 -6.116898
v 11.520166 1.148755 -6.052980
v 11.515423 1.145578 -5.987518
v 11.510987 1.141811 -5.925756
v 11.506346 1.141811 -5.862043
v 11.555034 1.141811 -6.114703
v 11.550392 1.141811 -6.050990
v 11.545750 1.141811 -5.987276
v 11.540960 1.140563 -5.924350
v 11.536516 1.145999 -5.858140
v 11.556475 1.263474 -6.122260
v 11.550680 1.269943 -6.054522
v 11.546026 1.263662 -5.990797
v 11.540466 1.262904 -5.917304
v 11.535877 1.263783 -5.851729
v 11.555617 1.380069 -6.123013
v 11.550670 1.385136 -6.054806
v 11.545751 1.385136 -5.987288
v 11.540832 1.385136 -5.919770
v 11.535913 1.385136 -5.852252
v 11.555034 1.506799 -6.114703
v 11.550392 1.506799 -6.050990
v 11.545757 1.506473 -5.987332
v 11.541108 1.506799 -5.923562
v 11.536537 1.505155 -5.858713
v 11.556426 1.628278 -6.120234
v 11.550671 1.628461 -6.054806
v 11.545752 1.628461 -5.987288
v 11.540833 1.628461 -5.919770
v 11.535913 1.628461 -5.852252
v 11.554900 1.750950 -6.115942
v 11.550117 1.744533 -6.047208
v 11.545794 1.755870 -5.987309
v 11.540833 1.750124 -5.919770
v 11.535913 1.750124 -5.852252
v 11.555250 1.875292 -6.114865
v 11.550245 1.879069 -6.049831
v 11.546761 1.867163 -5.988508
v 11.541109 1.871786 -5.923575
v 11.536541 1.872292 -5.860535
v 11.556270 1.996892 -6.130974
v 11.550922 1.995077 -6.059494
v 11.546636 1.993449 -5.987214
v 11.540593 1.993449 -5.916490
v 11.535619 1.998388 -5.848070
v 11.529094 1.040331 -6.185604
v 11.543929 1.036936 -6.182833
v 11.526129 1.025723 -6.145486
v 11.556766 1.872343 -6.135264
v 11.559584 1.855062 -6.173265
v 11.548685 1.870615 -6.172652
v 11.559700 1.878661 -6.174846
v 11.556074 1.506799 -6.128130
v 11.559440 1.494997 -6.171817
v 11.537884 1.506799 -6.172461
v 11.559492 1.518597 -6.172172
v 11.525852 1.141585 -6.130675
v 11.528654 1.152682 -6.172036
v 11.550222 1.141533 -6.171641
v 11.528803 1.129086 -6.174825
v 11.524535 1.292071 -6.115085
v 11.527608 1.307640 -6.159422
v 11.547700 1.292063 -6.154831
v 11.527414 1.284085 -6.156939
v 11.526819 1.381393 -6.143984
v 11.529531 1.396832 -6.183570
v 11.550002 1.381424 -6.182102
v 11.529310 1.373276 -6.180852
v 11.525162 1.871957 -6.130353
v 11.528919 1.884293 -6.175036
v 11.539671 1.868753 -6.173544
v 11.528797 1.860697 -6.173359
v 11.530124 2.005246 -6.192086
v 11.551739 1.993449 -6.191951
v 11.530092 1.981658 -6.191521
v 11.527351 1.992999 -6.150754
v 11.531919 1.251523 -5.793776
v 11.534767 1.263657 -5.835492
v 11.532017 1.275110 -5.795124
v 11.511982 1.258854 -5.794722
v 11.532063 1.615043 -5.795017
v 11.534864 1.628028 -5.836658
v 11.531984 1.638649 -5.793943
v 11.510529 1.627971 -5.794651
v 11.532610 1.860673 -5.800930
v 11.535498 1.872342 -5.844608
v 11.532537 1.884265 -5.799768
v 11.512333 1.868906 -5.804964
v 11.523495 1.141811 -5.804286
v 11.501938 1.153611 -5.804816
v 11.505304 1.141811 -5.848616
v 11.501875 1.130013 -5.804447
v 11.507326 1.041747 -5.879186
v 11.510497 1.053730 -5.922410
v 11.513290 1.038022 -5.962340
v 11.530203 1.046355 -5.918612
v 11.523073 2.091364 -6.093992
v 11.520566 2.085728 -6.057973
v 11.517355 2.095122 -6.015640
v 11.541425 2.094809 -6.055571
v 11.527037 2.093617 -5.852898
v 11.508465 2.096928 -5.895532
v 11.505507 2.081815 -5.853636
v 11.502419 2.096309 -5.812819
v 13.082906 1.050391 -6.182837
v 13.113827 1.049107 -6.182309
v 13.072065 1.057191 -5.797699
v 13.082888 2.070839 -6.183177
v 13.113827 2.070839 -6.182309
v 13.072132 2.066128 -5.798558
v 13.102929 2.069054 -5.796228
v 13.071815 1.970473 -5.784729
v 13.072292 1.730512 -5.801671
v 13.071922 1.613273 -5.792509
v 13.072280 1.378771 -5.795139
v 13.072655 1.292392 -5.821418
v 13.072386 1.149474 -5.805037
v 13.103095 1.501330 -5.804175
v 13.102851 1.620990 -5.796828
v 13.103001 1.730512 -5.800809
v 13.082657 1.149474 -6.170812
v 13.082270 1.383864 -6.156934
v 13.082657 1.501330 -6.170812
v 13.082962 1.735901 -6.181721
v 13.083168 1.970928 -6.193579
v 13.113995 1.974226 -6.190961
v 13.113405 1.848662 -6.169242
v 13.113751 1.731635 -6.182653
v 13.113671 1.618616 -6.180859
v 13.113365 1.501330 -6.169950
v 13.112964 1.385743 -6.154258
v 13.113428 1.260027 -6.179969
v 13.073827 1.051994 -5.852992
v 13.075539 1.055345 -5.920943
v 13.077520 1.052910 -5.987913
v 13.079539 1.059747 -6.058084
v 13.081345 1.052381 -6.122680
v 13.112005 1.052909 -6.121536
v 13.108414 1.046988 -5.988133
v 13.106431 1.051915 -5.920012
v 13.105068 1.036147 -5.853338
v 13.081297 2.067037 -6.122398
v 13.079409 2.067037 -6.055155
v 13.077520 2.067037 -5.987913
v 13.075641 2.066994 -5.920766
v 13.073839 2.056432 -5.857787
v 13.104525 2.060300 -5.855087
v 13.108230 2.067037 -5.987051
v 13.110163 2.072438 -6.052320
v 13.103946 1.969832 -5.846695
v 13.106009 1.971640 -5.915277
v 13.107969 1.970473 -5.987067
v 13.109949 1.970473 -6.057567
v 13.111907 1.971066 -6.128485
v 13.105293 1.853187 -5.860124
v 13.106133 1.847856 -5.923943
v 13.108815 1.852708 -5.988375
v 13.109751 1.853187 -6.050510
v 13.111533 1.853173 -6.113963
v 13.104498 1.736382 -5.857812
v 13.106296 1.730600 -5.927431
v 13.107790 1.739143 -5.988605
v 13.109858 1.735901 -6.054300
v 13.111733 1.742571 -6.119702
v 13.104194 1.618616 -5.852572
v 13.106082 1.618616 -5.919815
v 13.108857 1.618616 -5.987033
v 13.109858 1.618616 -6.054300
v 13.111746 1.618616 -6.121543
v 13.104406 1.501330 -5.860162
v 13.106361 1.507704 -5.925105
v 13.108992 1.504687 -5.987337
v 13.109752 1.501330 -6.050524
v 13.111533 1.501330 -6.113977
v 13.104153 1.378856 -5.851442
v 13.106081 1.384045 -5.919815
v 13.108857 1.384045 -5.987033
v 13.109150 1.382697 -6.029078
v 13.111037 1.382697 -6.096321
v 13.105156 1.292576 -5.881188
v 13.106081 1.266759 -5.919815
v 13.107969 1.266759 -5.987058
v 13.109928 1.266824 -6.054260
v 13.112633 1.266759 -6.121518
v 13.104406 1.149474 -5.860162
v 13.106284 1.156168 -5.923823
v 13.108089 1.153106 -5.989017
v 13.109752 1.149474 -6.050523
v 13.111533 1.149474 -6.113977
v 13.074218 1.149473 -5.861010
v 13.076000 1.149474 -5.924464
v 13.077782 1.149474 -5.987917
v 13.079746 1.148271 -6.050596
v 13.081218 1.153512 -6.116518
v 13.073117 1.266759 -5.853445
v 13.075870 1.272997 -5.920944
v 13.077662 1.266941 -5.984410
v 13.079924 1.266210 -6.057612
v 13.081570 1.267058 -6.122911
v 13.074007 1.379160 -5.852735
v 13.075893 1.384045 -5.920662
v 13.077781 1.384045 -5.987906
v 13.079669 1.384045 -6.055148
v 13.081556 1.384045 -6.122391
v 13.074218 1.501330 -5.861010
v 13.075999 1.501330 -5.924464
v 13.077776 1.501017 -5.987862
v 13.079563 1.501330 -6.051371
v 13.081223 1.499746 -6.115949
v 13.073074 1.618439 -5.855458
v 13.075893 1.618616 -5.920662
v 13.077781 1.618616 -5.987906
v 13.079669 1.618616 -6.055148
v 13.081556 1.618616 -6.122391
v 13.074408 1.736698 -5.859786
v 13.076105 1.730512 -5.928229
v 13.077740 1.741440 -5.987882
v 13.079669 1.735902 -6.055148
v 13.081556 1.735901 -6.122391
v 13.074009 1.856566 -5.860840
v 13.076095 1.860208 -5.925621
v 13.076828 1.848730 -5.986650
v 13.079562 1.853187 -6.051358
v 13.081301 1.853675 -6.114141
v 13.073713 1.973792 -5.844803
v 13.075851 1.972042 -5.915998
v 13.076894 1.970473 -5.987940
v 13.079761 1.970473 -6.058414
v 13.081663 1.975233 -6.126555
v 13.103310 1.051645 -5.791773
v 13.088365 1.048372 -5.793868
v 13.104473 1.037562 -5.831729
v 13.073410 1.853724 -5.840523
v 13.072296 1.837065 -5.802675
v 13.083158 1.852058 -5.803765
v 13.072252 1.859815 -5.801100
v 13.073780 1.501330 -5.847635
v 13.072376 1.489953 -5.804119
v 13.093939 1.501330 -5.804432
v 13.072339 1.512705 -5.803764
v 13.104086 1.149256 -5.846445
v 13.103141 1.159954 -5.805261
v 13.081576 1.149206 -5.804700
v 13.103116 1.137207 -5.802486
v 13.104702 1.294327 -5.861979
v 13.103621 1.309337 -5.817830
v 13.083344 1.294321 -5.821499
v 13.103703 1.286630 -5.820303
v 13.103716 1.380436 -5.833189
v 13.102781 1.395320 -5.793772
v 13.082266 1.380466 -5.794325
v 13.102880 1.372611 -5.796480
v 13.104761 1.853352 -5.846794
v 13.103010 1.865243 -5.802271
v 13.092202 1.850263 -5.803277
v 13.103058 1.842497 -5.803941
v 13.102571 1.981846 -5.785293
v 13.080973 1.970473 -5.784472
v 13.102577 1.959105 -5.785855
v 13.103488 1.970039 -5.826445
v 13.082926 1.255239 -6.180616
v 13.081951 1.266936 -6.139079
v 13.082890 1.277977 -6.179274
v 13.102885 1.262306 -6.180558
v 13.082838 1.605680 -6.179378
v 13.081905 1.618198 -6.137917
v 13.082869 1.628437 -6.180447
v 13.104334 1.618144 -6.180693
v 13.082557 1.842474 -6.173483
v 13.081630 1.853722 -6.129997
v 13.082577 1.865217 -6.174640
v 13.102994 1.850410 -6.170375
v 13.091812 1.149474 -6.170555
v 13.113371 1.160850 -6.170981
v 13.111971 1.149474 -6.127352
v 13.113417 1.138100 -6.171350
v 13.111320 1.053010 -6.096916
v 13.110091 1.064562 -6.053867
v 13.109090 1.049419 -6.014105
v 13.090235 1.057452 -6.056767
v 13.105218 2.064865 -5.882982
v 13.106109 2.059432 -5.918849
v 13.107420 2.068488 -5.961015
v 13.085163 2.068187 -5.920311
v 13.090453 2.067037 -6.122141
v 13.110917 2.070228 -6.080639
v 13.111994 2.055659 -6.122360
v 13.113249 2.069633 -6.163016
v 11.507500 1.405162 -5.808253
v 11.505417 1.435958 -5.805489
v 11.523052 1.421807 -6.002113
v 13.106069 1.405120 -5.767731
v 13.106001 1.435958 -5.765084
v 13.103580 1.421813 -5.961778
v 13.108116 1.452613 -5.959762
v 12.953909 1.422483 -5.972524
v 12.577786 1.421750 -5.973474
v 12.394243 1.422034 -5.982739
v 12.026852 1.422203 -5.990658
v 11.891203 1.420705 -5.980865
v 11.667524 1.421604 -5.994754
v 12.218655 1.452212 -5.978213
v 12.406200 1.452492 -5.977188
v 12.577721 1.452358 -5.970846
v 11.662869 1.405770 -5.810387
v 12.030228 1.406374 -5.808113
v 12.214067 1.405770 -5.796473
v 12.581393 1.405298 -5.781699
v 12.949421 1.404658 -5.766440
v 12.954544 1.435508 -5.764551
v 12.758118 1.436469 -5.780462
v 12.574619 1.435858 -5.778333
v 12.397594 1.435906 -5.783710
v 12.214001 1.436378 -5.793846
v 12.033129 1.437097 -5.806323
v 11.835862 1.435727 -5.798360
v 11.514208 1.419621 -5.974428
v 11.518594 1.416486 -5.940065
v 11.513926 1.413687 -5.906395
v 11.523744 1.410697 -5.870750
v 11.511382 1.407893 -5.838484
v 11.512148 1.438474 -5.835982
v 11.504569 1.444401 -5.903441
v 11.513154 1.447281 -5.937589
v 11.489300 1.450674 -5.971769
v 13.100885 1.407866 -5.798505
v 13.101740 1.410777 -5.832398
v 13.102596 1.413687 -5.866292
v 13.103383 1.416599 -5.900138
v 13.087639 1.419292 -5.932303
v 13.093656 1.450008 -5.930446
v 13.102530 1.444296 -5.863665
v 13.110161 1.441571 -5.830542
v 12.952042 1.450030 -5.938288
v 12.954000 1.447197 -5.903635
v 12.951258 1.444036 -5.867501
v 12.950361 1.440984 -5.831966
v 12.950389 1.437881 -5.796200
v 12.769138 1.450415 -5.936035
v 12.759978 1.446705 -5.904173
v 12.766756 1.444784 -5.871418
v 12.766719 1.441290 -5.840161
v 12.765889 1.438543 -5.808178
v 12.586191 1.449788 -5.941892
v 12.576246 1.446618 -5.907046
v 12.588852 1.443748 -5.875896
v 12.582938 1.441126 -5.842888
v 12.592553 1.438334 -5.809655
v 12.401772 1.449858 -5.949206
v 12.400917 1.446947 -5.915313
v 12.400059 1.444921 -5.881344
v 12.399206 1.441126 -5.847527
v 12.398350 1.438215 -5.813633
v 12.217943 1.449530 -5.950018
v 12.227101 1.446849 -5.917020
v 12.221581 1.445033 -5.885684
v 12.215521 1.441289 -5.854068
v 12.214714 1.438543 -5.822084
v 12.026194 1.449898 -5.959258
v 12.033451 1.446947 -5.924589
v 12.032595 1.444921 -5.890620
v 12.029951 1.442218 -5.869569
v 12.029095 1.439307 -5.835676
v 11.890654 1.448777 -5.947660
v 11.849719 1.446947 -5.929227
v 11.848864 1.444037 -5.895334
v 11.848110 1.441198 -5.861451
v 11.847151 1.439100 -5.827471
v 11.666746 1.449530 -5.963933
v 11.676422 1.446863 -5.931571
v 11.670795 1.444016 -5.898835
v 11.664324 1.441289 -5.867982
v 11.663516 1.438543 -5.835999
v 11.666811 1.419440 -5.966516
v 11.666003 1.416693 -5.934532
v 11.665195 1.413946 -5.902548
v 11.662515 1.411437 -5.870983
v 11.669886 1.408206 -5.837585
v 11.850641 1.418884 -5.965779
v 11.859552 1.416815 -5.931424
v 11.849257 1.414078 -5.899673
v 11.847181 1.411114 -5.862784
v 11.847678 1.408100 -5.829856
v 12.026730 1.419820 -5.961601
v 12.033517 1.416857 -5.927172
v 12.032661 1.413946 -5.893278
v 12.031805 1.411036 -5.859385
v 12.030951 1.408125 -5.825492
v 12.218008 1.419440 -5.952601
v 12.217201 1.416693 -5.920618
v 12.215902 1.413945 -5.888675
v 12.215586 1.411199 -5.856650
v 12.212282 1.408251 -5.824179
v 12.401537 1.418698 -5.950867
v 12.400982 1.416857 -5.917895
v 12.400126 1.413946 -5.884002
v 12.399271 1.411036 -5.850109
v 12.398415 1.408125 -5.816216
v 12.586737 1.419715 -5.943888
v 12.576176 1.416530 -5.909657
v 12.592536 1.413907 -5.879161
v 12.583003 1.411036 -5.845471
v 12.582148 1.408125 -5.811578
v 12.774502 1.419243 -5.938659
v 12.779382 1.416705 -5.905837
v 12.760628 1.413088 -5.875627
v 12.766784 1.411200 -5.842743
v 12.766749 1.408458 -5.811081
v 12.958345 1.420091 -5.942091
v 12.954698 1.417148 -5.906261
v 12.951325 1.413062 -5.870159
v 12.950426 1.410894 -5.834548
v 12.957018 1.407934 -5.800015
v 11.514361 1.453308 -6.002191
v 11.509245 1.438293 -6.002759
v 11.491791 1.451621 -5.982604
v 12.770308 1.420095 -5.949016
v 12.744692 1.421683 -5.968756
v 12.768139 1.432409 -5.966535
v 12.780352 1.421751 -5.968650
v 12.218179 1.419957 -5.959349
v 12.200911 1.421659 -5.981751
v 12.218675 1.443086 -5.978996
v 12.236556 1.421648 -5.981033
v 11.666578 1.450187 -5.970850
v 11.683861 1.452181 -5.991164
v 11.667086 1.430769 -5.994018
v 11.648262 1.452353 -5.993456
v 11.893641 1.449695 -5.957265
v 11.917715 1.451762 -5.978909
v 11.894197 1.431330 -5.979683
v 11.882113 1.451668 -5.978559
v 12.028901 1.450764 -5.968388
v 12.052718 1.452641 -5.987650
v 12.029493 1.432194 -5.990005
v 12.017109 1.452547 -5.987181
v 12.769567 1.450835 -5.942763
v 12.788763 1.452264 -5.964784
v 12.765310 1.441441 -5.965950
v 12.753109 1.452191 -5.964842
v 12.971642 1.453036 -5.968728
v 12.953890 1.431609 -5.971741
v 12.936010 1.453001 -5.969345
v 12.952622 1.451017 -5.948476
v 11.828431 1.405341 -5.801264
v 11.847282 1.407328 -5.821719
v 11.864067 1.405399 -5.801041
v 11.839452 1.425199 -5.799025
v 12.377426 1.405341 -5.788035
v 12.397563 1.407366 -5.808415
v 12.413061 1.405295 -5.786596
v 12.396880 1.426630 -5.784741
v 12.748447 1.405481 -5.781653
v 12.766623 1.407656 -5.803099
v 12.784061 1.405418 -5.780172
v 12.760869 1.426031 -5.780862
v 11.662849 1.414896 -5.809604
v 11.680612 1.436311 -5.806793
v 11.663345 1.438025 -5.829251
v 11.644968 1.436331 -5.807503
v 11.512617 1.439547 -5.848387
v 11.531261 1.441389 -5.869630
v 11.508047 1.443224 -5.890260
v 11.520139 1.421431 -5.870436
v 13.100452 1.448712 -5.916214
v 13.091485 1.447043 -5.898363
v 13.105133 1.445344 -5.876738
v 13.105232 1.426104 -5.899370
v 13.100864 1.416992 -5.797722
v 13.106339 1.440304 -5.816360
v 13.082985 1.438404 -5.795916
v 13.104357 1.436757 -5.774860
v 13.106304 1.413600 -6.199773
v 13.108316 1.444523 -6.199945
v 13.095648 1.413572 -6.004870
v 11.507221 1.413572 -6.199944
v 11.507221 1.444524 -6.199944
v 11.514606 1.413615 -6.005304
v 11.510020 1.444465 -6.004564
v 11.664500 1.413687 -5.998307
v 12.040527 1.413687 -6.006881
v 12.224246 1.413575 -6.002243
v 12.591721 1.413859 -6.003579
v 12.727078 1.413497 -6.016872
v 12.951037 1.413687 -6.008585
v 12.399664 1.444408 -6.008585
v 12.212152 1.444370 -6.004866
v 12.040527 1.444408 -6.006881
v 12.951037 1.413687 -6.193689
v 12.583739 1.413690 -6.186666
v 12.399664 1.413687 -6.193689
v 12.032083 1.413687 -6.199209
v 11.663786 1.413561 -6.205208
v 11.658618 1.444448 -6.204322
v 11.855383 1.444468 -6.193331
v 12.038769 1.444438 -6.200118
v 12.215874 1.444408 -6.199209
v 12.399664 1.444408 -6.193689
v 12.580793 1.444448 -6.185749
v 12.777797 1.444190 -6.198756
v 13.103792 1.413781 -6.032854
v 13.098539 1.413586 -6.067239
v 13.102358 1.413687 -6.101131
v 13.091642 1.413735 -6.136642
v 13.103186 1.413727 -6.169332
v 13.102358 1.444408 -6.169188
v 13.111635 1.444561 -6.101681
v 13.103915 1.444492 -6.067207
v 13.128625 1.445001 -6.033473
v 11.513181 1.413687 -6.169188
v 11.513181 1.413687 -6.135159
v 11.513181 1.413687 -6.101130
v 11.513248 1.413692 -6.067150
v 11.529799 1.413659 -6.035279
v 11.523737 1.444408 -6.034349
v 11.513181 1.444408 -6.101130
v 11.504716 1.444509 -6.134162
v 11.665504 1.444066 -6.030097
v 11.662670 1.444202 -6.064806
v 11.664500 1.444148 -6.101135
v 11.664500 1.444148 -6.136812
v 11.663570 1.444115 -6.172701
v 11.848291 1.445036 -6.036907
v 11.856645 1.444084 -6.069190
v 11.849042 1.444957 -6.101809
v 11.848291 1.444148 -6.133241
v 11.848313 1.444148 -6.165352
v 12.031329 1.444306 -6.035727
v 12.040390 1.444148 -6.070956
v 12.027002 1.443925 -6.101911
v 12.032083 1.444148 -6.135159
v 12.021631 1.444188 -6.168257
v 12.215874 1.444148 -6.033073
v 12.215874 1.444148 -6.067102
v 12.215874 1.445036 -6.101130
v 12.215874 1.444148 -6.135159
v 12.215874 1.444148 -6.169188
v 12.399664 1.444148 -6.036914
v 12.389676 1.444279 -6.069780
v 12.394404 1.445162 -6.101286
v 12.399664 1.444148 -6.133248
v 12.399664 1.444148 -6.165359
v 12.591585 1.444139 -6.032501
v 12.583456 1.444148 -6.067102
v 12.583456 1.445036 -6.101131
v 12.585567 1.444148 -6.122396
v 12.585567 1.444148 -6.156425
v 12.726789 1.444306 -6.047557
v 12.767246 1.444148 -6.067102
v 12.767246 1.444148 -6.101131
v 12.767145 1.444219 -6.135140
v 12.767246 1.445036 -6.169188
v 12.951037 1.444148 -6.036914
v 12.940547 1.444238 -6.069132
v 12.945346 1.444212 -6.102123
v 12.951037 1.444148 -6.133248
v 12.951037 1.444148 -6.165359
v 12.951037 1.413948 -6.036914
v 12.951037 1.413947 -6.069026
v 12.951037 1.413948 -6.101137
v 12.952921 1.414153 -6.132859
v 12.944710 1.413773 -6.166214
v 12.767246 1.413060 -6.033073
v 12.757472 1.413917 -6.067244
v 12.766962 1.413928 -6.099362
v 12.768106 1.414133 -6.136409
v 12.766779 1.413946 -6.169452
v 12.591109 1.413970 -6.032727
v 12.583456 1.413948 -6.067102
v 12.583456 1.413948 -6.101131
v 12.583456 1.413948 -6.135159
v 12.583456 1.413948 -6.169188
v 12.399664 1.413948 -6.036914
v 12.399664 1.413948 -6.069026
v 12.400156 1.413944 -6.101109
v 12.399664 1.413947 -6.133248
v 12.402147 1.413794 -6.165926
v 12.216150 1.412961 -6.034091
v 12.215874 1.413948 -6.067102
v 12.215874 1.413947 -6.101130
v 12.215874 1.413948 -6.135159
v 12.215874 1.413948 -6.169188
v 12.030834 1.414171 -6.036298
v 12.040527 1.413948 -6.070931
v 12.023403 1.413907 -6.101118
v 12.032083 1.413948 -6.135159
v 12.032083 1.413948 -6.169188
v 11.842996 1.413743 -6.036825
v 11.837290 1.414010 -6.069612
v 11.855276 1.413030 -6.100482
v 11.848291 1.413947 -6.133241
v 11.847527 1.413923 -6.165012
v 11.659298 1.413898 -6.028712
v 11.662041 1.414037 -6.064743
v 11.664500 1.413060 -6.101135
v 11.664500 1.413948 -6.136812
v 11.657040 1.413937 -6.171295
v 13.104339 1.444970 -6.002317
v 13.109468 1.429973 -6.003164
v 13.126408 1.445013 -6.022538
v 11.847450 1.413714 -6.026543
v 11.873556 1.413664 -6.007389
v 11.850061 1.424490 -6.008094
v 11.837906 1.413664 -6.006592
v 12.399664 1.413885 -6.030145
v 12.417492 1.413703 -6.008120
v 12.399664 1.435248 -6.008585
v 12.381840 1.413676 -6.007940
v 12.951379 1.444212 -6.029973
v 12.934614 1.444424 -6.009135
v 12.951456 1.422884 -6.008545
v 12.970261 1.444477 -6.007731
v 12.724046 1.444393 -6.037837
v 12.700525 1.444550 -6.015497
v 12.724056 1.424178 -6.017065
v 12.736109 1.444563 -6.016749
v 12.589109 1.444215 -6.023265
v 12.565786 1.444387 -6.003320
v 12.589064 1.423863 -6.003309
v 12.601373 1.444410 -6.004691
v 11.848034 1.444878 -6.030159
v 11.829399 1.444377 -6.007621
v 11.852874 1.433545 -6.007976
v 11.865044 1.444377 -6.008466
v 11.646678 1.444415 -5.999029
v 11.664500 1.422848 -5.998307
v 11.682313 1.444405 -5.999313
v 11.665180 1.444176 -6.019851
v 12.785299 1.413682 -6.198650
v 12.766970 1.413873 -6.177632
v 12.749668 1.413683 -6.197971
v 12.774225 1.433635 -6.198904
v 12.236143 1.413629 -6.198023
v 12.216528 1.413860 -6.177044
v 12.200483 1.413629 -6.198564
v 12.216614 1.435079 -6.198993
v 11.865080 1.413513 -6.195038
v 11.847452 1.413807 -6.173035
v 11.829439 1.413501 -6.195623
v 11.852642 1.434029 -6.193756
v 12.951037 1.422848 -6.193689
v 12.933210 1.444386 -6.194211
v 12.951037 1.444210 -6.172129
v 12.968860 1.444421 -6.194398
v 13.102201 1.444415 -6.156730
v 13.084098 1.444394 -6.134944
v 13.107826 1.444509 -6.114824
v 13.095238 1.424464 -6.136128
v 11.516582 1.444319 -6.048464
v 11.525097 1.444202 -6.066613
v 11.510907 1.444329 -6.087954
v 11.511379 1.423224 -6.067056
v 11.513180 1.422847 -6.169188
v 11.508179 1.444468 -6.148493
v 11.531010 1.444373 -6.169604
v 11.509113 1.444487 -6.190180
v 11.509726 1.728065 -5.787685
v 11.507713 1.758989 -5.787514
v 11.520382 1.728038 -5.982589
v 13.108808 1.728038 -5.787514
v 13.108808 1.758989 -5.787514
v 13.101423 1.728081 -5.982153
v 13.106009 1.758931 -5.982894
v 12.951529 1.728153 -5.989151
v 12.575501 1.728153 -5.980577
v 12.391783 1.728040 -5.985215
v 12.024309 1.728324 -5.983880
v 11.888950 1.727962 -5.970586
v 11.664991 1.728153 -5.978873
v 12.216365 1.758874 -5.978873
v 12.403876 1.758836 -5.982592
v 12.575501 1.758874 -5.980577
v 11.664991 1.728153 -5.793769
v 12.032290 1.728156 -5.800793
v 12.216365 1.728153 -5.793769
v 12.583946 1.728153 -5.788249
v 12.952243 1.728026 -5.782250
v 12.957411 1.758913 -5.783136
v 12.760647 1.758934 -5.794127
v 12.577261 1.758903 -5.787341
v 12.400156 1.758874 -5.788249
v 12.216365 1.758874 -5.793769
v 12.035235 1.758913 -5.801710
v 11.838232 1.758655 -5.788702
v 11.512238 1.728247 -5.954604
v 11.517489 1.728051 -5.920220
v 11.513672 1.728153 -5.886328
v 11.524386 1.728201 -5.850816
v 11.512844 1.728192 -5.818127
v 11.513672 1.758874 -5.818270
v 11.504393 1.759027 -5.885777
v 11.512114 1.758957 -5.920251
v 11.487404 1.759466 -5.953985
v 13.102849 1.728153 -5.818270
v 13.102849 1.728153 -5.852299
v 13.102849 1.728153 -5.886328
v 13.102781 1.728158 -5.920308
v 13.086231 1.728125 -5.952179
v 13.092293 1.758874 -5.953109
v 13.102849 1.758874 -5.886328
v 13.111313 1.758974 -5.853296
v 12.950525 1.758531 -5.957361
v 12.953359 1.758667 -5.922652
v 12.951529 1.758614 -5.886322
v 12.951529 1.758614 -5.850646
v 12.952459 1.758580 -5.814757
v 12.767738 1.759501 -5.950551
v 12.759384 1.758549 -5.918268
v 12.766987 1.759422 -5.885650
v 12.767738 1.758614 -5.854217
v 12.767715 1.758614 -5.822106
v 12.584700 1.758771 -5.951731
v 12.575639 1.758614 -5.916502
v 12.589026 1.758391 -5.885548
v 12.583946 1.758614 -5.852299
v 12.594398 1.758653 -5.819201
v 12.400156 1.758614 -5.954385
v 12.400156 1.758614 -5.920356
v 12.400156 1.759501 -5.886327
v 12.400156 1.758614 -5.852299
v 12.400156 1.758614 -5.818270
v 12.216365 1.758614 -5.950544
v 12.226353 1.758744 -5.917677
v 12.221624 1.759627 -5.886172
v 12.216365 1.758614 -5.854210
v 12.216365 1.758614 -5.822099
v 12.024444 1.758604 -5.954957
v 12.032574 1.758614 -5.920356
v 12.032574 1.759501 -5.886328
v 12.030462 1.758614 -5.865063
v 12.030462 1.758614 -5.831034
v 11.889239 1.758772 -5.939901
v 11.848783 1.758613 -5.920356
v 11.848783 1.758614 -5.886328
v 11.848885 1.758685 -5.852318
v 11.848783 1.759501 -5.818270
v 11.664991 1.758614 -5.950544
v 11.675482 1.758703 -5.918327
v 11.670683 1.758678 -5.885335
v 11.664991 1.758614 -5.854210
v 11.664991 1.758614 -5.822099
v 11.664991 1.728413 -5.950544
v 11.664991 1.728413 -5.918433
v 11.664991 1.728413 -5.886322
v 11.663108 1.728618 -5.854599
v 11.671320 1.728239 -5.821244
v 11.848783 1.727525 -5.954385
v 11.858557 1.728382 -5.920214
v 11.849068 1.728393 -5.888097
v 11.847922 1.728598 -5.851049
v 11.849251 1.728411 -5.818007
v 12.024920 1.728435 -5.954731
v 12.032574 1.728413 -5.920356
v 12.032574 1.728413 -5.886328
v 12.032574 1.728413 -5.852299
v 12.032574 1.728413 -5.818270
v 12.216365 1.728413 -5.950544
v 12.216365 1.728413 -5.918433
v 12.215874 1.728409 -5.886350
v 12.216365 1.728413 -5.854210
v 12.213882 1.728259 -5.821532
v 12.399879 1.727426 -5.953368
v 12.400156 1.728413 -5.920356
v 12.400156 1.728413 -5.886328
v 12.400156 1.728413 -5.852299
v 12.400156 1.728413 -5.818270
v 12.585196 1.728636 -5.951160
v 12.575501 1.728413 -5.916527
v 12.592627 1.728372 -5.886340
v 12.583946 1.728413 -5.852299
v 12.583946 1.728413 -5.818270
v 12.773033 1.728208 -5.950633
v 12.778740 1.728475 -5.917847
v 12.760754 1.727495 -5.886976
v 12.767738 1.728413 -5.854217
v 12.768502 1.728389 -5.822445
v 12.956731 1.728363 -5.958746
v 12.953989 1.728502 -5.922715
v 12.951529 1.727525 -5.886322
v 12.951529 1.728413 -5.850646
v 12.958989 1.728402 -5.816163
v 11.511690 1.759436 -5.985141
v 11.506561 1.744438 -5.984294
v 11.489622 1.759478 -5.964921
v 12.768579 1.728180 -5.960915
v 12.742474 1.728130 -5.980069
v 12.765968 1.738956 -5.979363
v 12.778124 1.728129 -5.980866
v 12.216365 1.728351 -5.957314
v 12.198537 1.728169 -5.979338
v 12.216365 1.749714 -5.978873
v 12.234189 1.728141 -5.979518
v 11.664650 1.758678 -5.957485
v 11.681415 1.758889 -5.978323
v 11.664573 1.737349 -5.978913
v 11.645769 1.758942 -5.979727
v 11.891983 1.758858 -5.949622
v 11.915504 1.759015 -5.971961
v 11.891973 1.738643 -5.970394
v 11.879921 1.759028 -5.970709
v 12.026919 1.758681 -5.964193
v 12.050243 1.758852 -5.984138
v 12.026966 1.738329 -5.984149
v 12.014657 1.758875 -5.982768
v 12.767996 1.759343 -5.957299
v 12.786631 1.758843 -5.979837
v 12.763155 1.748011 -5.979482
v 12.750986 1.758843 -5.978992
v 12.969351 1.758880 -5.988429
v 12.951529 1.737313 -5.989151
v 12.933716 1.758870 -5.988144
v 12.950850 1.758641 -5.967607
v 11.830730 1.728148 -5.788808
v 11.849060 1.728338 -5.809826
v 11.866362 1.728148 -5.789488
v 11.841805 1.748101 -5.788554
v 12.379885 1.728094 -5.789435
v 12.399502 1.728326 -5.810414
v 12.415545 1.728094 -5.788895
v 12.399416 1.749544 -5.788465
v 12.750950 1.727978 -5.792420
v 12.768578 1.728272 -5.814423
v 12.786590 1.727966 -5.791835
v 12.763387 1.748494 -5.793702
v 11.664991 1.737313 -5.793769
v 11.682819 1.758851 -5.793248
v 11.664991 1.758676 -5.815330
v 11.647169 1.758887 -5.793061
v 11.513828 1.758880 -5.830729
v 11.531931 1.758859 -5.852515
v 11.508203 1.758974 -5.872635
v 11.520791 1.738929 -5.851330
v 13.099446 1.758784 -5.938994
v 13.090932 1.758668 -5.920845
v 13.105122 1.758795 -5.899504
v 13.104650 1.737689 -5.920402
v 13.102849 1.737313 -5.818270
v 13.107850 1.758933 -5.838965
v 13.085020 1.758839 -5.817853
v 13.106916 1.758952 -5.797277
v 13.104561 1.715406 -6.212222
v 13.106503 1.746052 -6.216394
v 13.097132 1.740394 -6.018776
v 11.505699 1.715357 -6.185700
v 11.505632 1.746052 -6.189672
v 11.516302 1.740381 -5.992826
v 11.511663 1.771071 -5.995974
v 11.666292 1.741350 -5.988399
v 12.042126 1.740250 -6.003176
v 12.225895 1.740734 -6.001629
v 12.593296 1.740844 -6.009122
v 12.728415 1.738778 -6.024517
v 12.952480 1.740031 -6.020061
v 12.401117 1.770498 -6.014802
v 12.213695 1.770938 -6.007980
v 12.042059 1.770717 -6.007119
v 12.949416 1.716274 -6.203609
v 12.582285 1.717178 -6.190515
v 12.398120 1.716274 -6.194407
v 12.030498 1.715565 -6.193746
v 11.662154 1.714670 -6.193532
v 11.656935 1.745415 -6.196530
v 11.853854 1.746846 -6.188919
v 12.037102 1.745945 -6.198704
v 12.214197 1.746032 -6.200756
v 12.398054 1.746741 -6.198349
v 12.579289 1.747799 -6.193503
v 12.776051 1.745874 -6.209656
v 13.104811 1.737010 -6.046688
v 13.098991 1.732403 -6.080671
v 13.102247 1.728153 -6.114355
v 13.090946 1.723643 -6.149395
v 13.101946 1.719439 -6.182001
v 13.101055 1.749885 -6.185782
v 13.111449 1.758702 -6.119017
v 13.104300 1.763057 -6.084695
v 13.129564 1.767892 -6.051723
v 11.512165 1.719419 -6.155317
v 11.512728 1.723786 -6.121574
v 11.513291 1.728153 -6.087832
v 11.513922 1.732520 -6.054139
v 11.530997 1.736578 -6.022808
v 11.524886 1.767191 -6.025731
v 11.513226 1.758620 -6.091774
v 11.504215 1.754481 -6.124400
v 11.666704 1.767397 -6.023837
v 11.663297 1.763077 -6.058224
v 11.664525 1.758362 -6.094271
v 11.663935 1.753783 -6.129648
v 11.662411 1.749143 -6.165215
v 11.849352 1.767485 -6.033764
v 11.857172 1.762398 -6.065793
v 11.849028 1.759077 -6.098122
v 11.847759 1.754241 -6.129174
v 11.847250 1.750120 -6.161016
v 12.032385 1.766913 -6.035555
v 12.040862 1.762235 -6.070619
v 12.026964 1.758041 -6.101061
v 12.031492 1.753995 -6.134144
v 12.020495 1.749786 -6.166794
v 12.216948 1.767097 -6.035983
v 12.216385 1.762730 -6.069726
v 12.215819 1.759243 -6.103582
v 12.215258 1.753995 -6.137211
v 12.214695 1.749627 -6.170954
v 12.400650 1.766604 -6.042860
v 12.390119 1.762516 -6.075300
v 12.394323 1.759348 -6.106732
v 12.399055 1.754240 -6.138383
v 12.398523 1.750119 -6.170225
v 12.592617 1.767161 -6.041686
v 12.583916 1.762730 -6.075861
v 12.583350 1.759243 -6.109717
v 12.585112 1.755633 -6.130725
v 12.584548 1.751266 -6.164467
v 12.727553 1.765395 -6.058893
v 12.767681 1.762730 -6.078928
v 12.767118 1.758363 -6.112671
v 12.766453 1.754068 -6.146401
v 12.765989 1.750508 -6.180270
v 12.951946 1.766604 -6.052062
v 12.940924 1.762558 -6.083845
v 12.945175 1.758299 -6.116635
v 12.950352 1.754240 -6.147586
v 12.949820 1.750119 -6.179427
v 12.952011 1.736653 -6.048186
v 12.951479 1.732532 -6.080028
v 12.950948 1.728410 -6.111869
v 12.952306 1.724542 -6.143382
v 12.943544 1.719885 -6.176271
v 12.768311 1.736266 -6.041196
v 12.757971 1.732730 -6.075027
v 12.766928 1.728619 -6.107034
v 12.767458 1.724067 -6.143815
v 12.765584 1.719640 -6.176534
v 12.592202 1.737212 -6.038030
v 12.583981 1.732779 -6.071985
v 12.583417 1.728411 -6.105728
v 12.582853 1.724044 -6.139471
v 12.582291 1.719676 -6.173213
v 12.400715 1.736653 -6.038984
v 12.400183 1.732532 -6.070825
v 12.400143 1.728410 -6.102646
v 12.399120 1.724289 -6.134508
v 12.401062 1.719943 -6.166933
v 12.217276 1.736037 -6.032995
v 12.216450 1.732779 -6.065850
v 12.215886 1.728411 -6.099593
v 12.215322 1.724044 -6.133336
v 12.214760 1.719676 -6.167078
v 12.031945 1.736954 -6.032246
v 12.041064 1.732287 -6.066721
v 12.023442 1.728373 -6.096363
v 12.031557 1.724044 -6.130268
v 12.030994 1.719676 -6.164011
v 11.844126 1.736462 -6.029579
v 11.837876 1.732519 -6.062028
v 11.855351 1.727584 -6.092814
v 11.847824 1.724290 -6.125299
v 11.846534 1.720188 -6.156787
v 11.660587 1.737656 -6.018487
v 11.662732 1.733170 -6.054279
v 11.664592 1.727530 -6.090281
v 11.664000 1.723832 -6.125772
v 11.655970 1.719395 -6.159840
v 13.105797 1.771860 -6.020420
v 13.110943 1.756878 -6.019420
v 13.127527 1.769307 -6.040844
v 11.848749 1.737753 -6.019454
v 11.875168 1.740162 -6.000890
v 11.851643 1.750808 -6.002587
v 11.839537 1.740264 -5.999505
v 12.400826 1.737460 -6.032264
v 12.419017 1.740107 -6.010698
v 12.401137 1.761414 -6.013626
v 12.383373 1.740103 -6.009922
v 12.952402 1.767559 -6.045193
v 12.935985 1.770443 -6.024277
v 12.952880 1.749156 -6.021209
v 12.971648 1.770676 -6.023488
v 12.724970 1.766729 -6.049220
v 12.701822 1.769752 -6.026695
v 12.725368 1.749347 -6.026028
v 12.737380 1.769603 -6.028532
v 12.590295 1.768422 -6.032495
v 12.567305 1.771153 -6.012351
v 12.590622 1.750800 -6.010095
v 12.602862 1.771000 -6.014307
v 11.849206 1.768195 -6.027049
v 11.830948 1.770591 -6.004324
v 11.854437 1.759803 -6.003678
v 11.866573 1.770483 -6.005757
v 11.648395 1.771731 -5.992760
v 11.666273 1.750435 -5.989574
v 11.684020 1.771685 -5.993636
v 11.666550 1.768822 -6.013686
v 12.783619 1.715632 -6.205762
v 12.765639 1.718519 -6.184639
v 12.748004 1.715720 -6.204494
v 12.772499 1.735387 -6.208389
v 12.234550 1.715660 -6.195968
v 12.215284 1.718582 -6.174868
v 12.198887 1.715590 -6.195909
v 12.214961 1.736808 -6.199356
v 11.863588 1.715928 -6.186800
v 11.846327 1.719043 -6.164726
v 11.827944 1.715840 -6.186784
v 11.851130 1.736439 -6.187954
v 12.949396 1.725358 -6.204784
v 12.931518 1.746651 -6.207768
v 12.949707 1.749312 -6.186147
v 12.967159 1.746663 -6.208553
v 13.101105 1.751491 -6.173427
v 13.083364 1.754266 -6.151519
v 13.107423 1.756963 -6.131979
v 13.094526 1.734349 -6.150322
v 11.517500 1.765291 -6.039596
v 11.525713 1.762846 -6.057720
v 11.511171 1.760233 -6.078660
v 11.512033 1.741984 -6.055237
v 11.512146 1.728503 -6.156493
v 11.507441 1.752601 -6.138662
v 11.529919 1.749797 -6.159966
v 11.507685 1.747269 -6.180017
v 11.508081 2.072463 -5.819887
v 11.505985 2.103035 -5.815267
v 11.522246 2.100716 -6.012505
v 13.106895 2.072411 -5.790605
v 13.106813 2.103035 -5.786115
v 13.103020 2.100696 -5.983281
v 13.107536 2.131327 -5.979455
v 12.953276 2.101783 -5.992922
v 12.577156 2.100538 -5.991287
v 12.393552 2.101101 -5.999237
v 12.026114 2.101187 -6.004565
v 11.890539 2.098900 -5.993932
v 11.666766 2.100292 -6.006180
v 12.217966 2.130687 -5.991684
v 12.405514 2.131189 -5.991954
v 12.577074 2.130934 -5.986830
v 11.663431 2.073433 -5.823065
v 12.030795 2.074455 -5.823325
v 12.214713 2.073433 -5.813026
v 12.582134 2.072632 -5.800872
v 12.950262 2.071636 -5.788250
v 12.955363 2.102324 -5.784552
v 12.758829 2.103940 -5.799004
v 12.575352 2.102925 -5.795634
v 12.398293 2.103028 -5.799762
v 12.214632 2.103829 -5.808569
v 12.033676 2.105020 -5.819716
v 11.836472 2.102877 -5.810473
v 11.513599 2.096863 -5.984939
v 11.518231 2.091680 -5.950857
v 11.513803 2.086863 -5.917384
v 11.523877 2.081758 -5.882051
v 11.511747 2.077006 -5.849926
v 11.512497 2.107384 -5.845601
v 11.504436 2.117331 -5.912529
v 11.512775 2.122264 -5.946503
v 11.488677 2.127662 -5.980250
v 13.101492 2.076988 -5.821122
v 13.102104 2.081926 -5.854785
v 13.102717 2.086863 -5.888449
v 13.103262 2.091799 -5.922064
v 13.087289 2.096390 -5.953899
v 13.093285 2.126949 -5.950248
v 13.102636 2.117259 -5.883992
v 13.110504 2.112566 -5.851146
v 12.951619 2.127227 -5.957085
v 12.953826 2.122325 -5.922678
v 12.951342 2.117001 -5.886780
v 12.950699 2.111824 -5.851487
v 12.950983 2.106584 -5.815971
v 12.768736 2.127198 -5.953536
v 12.759806 2.121572 -5.921890
v 12.766817 2.117703 -5.889357
v 12.767003 2.112342 -5.858366
v 12.766403 2.107683 -5.826600
v 12.585752 2.126647 -5.958141
v 12.576057 2.121380 -5.923479
v 12.588886 2.116668 -5.892646
v 12.583208 2.112064 -5.859814
v 12.593061 2.107301 -5.826876
v 12.401287 2.126877 -5.964150
v 12.400673 2.121939 -5.930487
v 12.400059 2.117880 -5.896695
v 12.399447 2.112064 -5.863161
v 12.398834 2.107126 -5.829498
v 12.217457 2.126319 -5.963697
v 12.226851 2.121680 -5.930983
v 12.221554 2.117982 -5.899774
v 12.215721 2.112341 -5.868398
v 12.215143 2.107682 -5.836632
v 12.025646 2.126950 -5.971558
v 12.033153 2.121939 -5.937180
v 12.032537 2.117880 -5.903388
v 12.030046 2.113916 -5.882519
v 12.029432 2.108978 -5.848856
v 11.890193 2.124932 -5.959102
v 11.849392 2.121939 -5.940526
v 11.848779 2.117001 -5.906863
v 11.848268 2.112137 -5.873207
v 11.847550 2.108005 -5.839408
v 11.666175 2.126319 -5.973736
v 11.676084 2.121733 -5.941661
v 11.670691 2.116921 -5.909115
v 11.664440 2.112341 -5.878437
v 11.663861 2.107682 -5.846671
v 11.666255 2.096438 -5.978117
v 11.665676 2.091779 -5.946351
v 11.665098 2.087120 -5.914585
v 11.662642 2.082720 -5.883208
v 11.670253 2.077504 -5.850117
v 11.850087 2.096117 -5.978700
v 11.859241 2.092007 -5.944593
v 11.849174 2.087357 -5.912992
v 11.847363 2.082185 -5.876334
v 11.848095 2.077205 -5.843649
v 12.026199 2.097068 -5.975703
v 12.033232 2.092058 -5.941561
v 12.032619 2.087120 -5.907898
v 12.032006 2.082183 -5.874235
v 12.031393 2.077245 -5.840572
v 12.217537 2.096438 -5.968078
v 12.216958 2.091779 -5.936312
v 12.215889 2.087120 -5.904583
v 12.215801 2.082460 -5.872779
v 12.212730 2.077567 -5.840520
v 12.401073 2.095871 -5.967673
v 12.400753 2.092058 -5.934868
v 12.400141 2.087121 -5.901205
v 12.399528 2.082183 -5.867542
v 12.398914 2.077245 -5.833879
v 12.586316 2.096748 -5.961940
v 12.576001 2.091502 -5.927888
v 12.592580 2.087082 -5.897719
v 12.583288 2.082183 -5.864196
v 12.582675 2.077245 -5.830533
v 12.774115 2.096249 -5.958060
v 12.779229 2.091756 -5.925483
v 12.760693 2.086307 -5.895414
v 12.767083 2.082461 -5.862747
v 12.767275 2.077827 -5.831306
v 12.957928 2.097579 -5.962719
v 12.954536 2.092488 -5.927105
v 12.951425 2.086241 -5.891290
v 12.950779 2.081943 -5.855868
v 12.957617 2.076929 -5.821621
v 11.513521 2.132153 -6.010633
v 11.508416 2.117191 -6.012065
v 11.491091 2.129261 -5.991025
v 12.769847 2.097713 -5.968317
v 12.744091 2.100442 -5.987748
v 12.767540 2.111051 -5.985052
v 12.779750 2.100558 -5.987887
v 12.217659 2.097359 -5.974783
v 12.200232 2.100375 -5.996922
v 12.217991 2.121624 -5.993012
v 12.235880 2.100374 -5.996455
v 11.665958 2.127390 -5.980599
v 11.683095 2.130623 -6.000878
v 11.666323 2.109396 -6.004893
v 11.647480 2.130879 -6.002907
v 11.893112 2.126428 -5.968655
v 11.917030 2.129825 -5.990304
v 11.893529 2.109440 -5.992137
v 11.881431 2.129655 -5.989711
v 12.028288 2.128366 -5.980639
v 12.051968 2.131430 -5.999920
v 12.028749 2.111125 -6.003333
v 12.016362 2.131254 -5.999208
v 12.769115 2.128021 -5.960229
v 12.788155 2.130796 -5.982258
v 12.764706 2.120027 -5.983906
v 12.752501 2.130673 -5.982071
v 12.971001 2.132080 -5.987425
v 12.953251 2.110846 -5.991593
v 12.935366 2.132029 -5.987794
v 12.952127 2.128823 -5.967199
v 11.829054 2.072708 -5.815140
v 11.847757 2.075946 -5.835571
v 11.864691 2.072807 -5.815164
v 11.840069 2.092413 -5.811793
v 12.378128 2.072746 -5.805770
v 12.398119 2.076019 -5.826132
v 12.413773 2.072668 -5.804585
v 12.397581 2.093829 -5.801343
v 12.749186 2.073064 -5.801983
v 12.767205 2.076548 -5.823386
v 12.784809 2.072967 -5.800757
v 12.761589 2.093550 -5.800048
v 11.663407 2.082496 -5.821736
v 11.681165 2.103731 -5.817771
v 11.663739 2.106761 -5.839965
v 11.645517 2.103739 -5.818230
v 11.512878 2.109198 -5.857922
v 11.531370 2.112339 -5.879147
v 11.508007 2.115371 -5.899467
v 11.520263 2.092448 -5.881070
v 13.100183 2.124812 -5.936167
v 13.091344 2.122063 -5.918385
v 13.105146 2.119092 -5.896997
v 13.105107 2.101243 -5.920741
v 13.101467 2.086051 -5.819794
v 13.106783 2.110446 -5.837039
v 13.083577 2.107289 -5.816583
v 13.105099 2.104415 -5.795813
v 13.102584 2.063588 -6.226250
v 13.104589 2.094512 -6.226489
v 13.098412 2.063560 -6.031101
v 11.504379 2.063560 -6.173275
v 11.504379 2.094512 -6.173275
v 11.518229 2.063604 -5.978988
v 11.513670 2.094454 -5.978095
v 11.668273 2.063676 -5.976976
v 12.043808 2.063676 -5.998043
v 12.227578 2.063563 -5.999514
v 12.594805 2.063847 -6.013062
v 12.729647 2.063485 -6.030847
v 12.953758 2.063676 -6.030008
v 12.402689 2.094397 -6.011682
v 12.215405 2.094359 -6.001733
v 12.043808 2.094397 -5.998043
v 12.947605 2.063676 -6.215009
v 12.580744 2.063679 -6.195782
v 12.396538 2.063676 -6.196684
v 12.028975 2.063676 -6.189984
v 11.660683 2.063549 -6.183739
v 11.655547 2.094436 -6.182682
v 11.852568 2.094457 -6.178236
v 12.035627 2.094427 -6.191114
v 12.212664 2.094397 -6.196093
v 12.396538 2.094397 -6.196684
v 12.577830 2.094436 -6.194768
v 12.774292 2.094178 -6.214316
v 13.105621 2.063770 -6.059340
v 13.099230 2.063574 -6.093532
v 13.101918 2.063676 -6.127532
v 13.090029 2.063724 -6.162668
v 13.100479 2.063715 -6.195723
v 13.099656 2.094397 -6.195552
v 13.111174 2.094550 -6.128390
v 13.104603 2.094480 -6.093678
v 13.130420 2.094990 -6.060784
v 11.511357 2.063676 -6.142733
v 11.512488 2.063676 -6.108723
v 11.513619 2.063676 -6.074713
v 11.514816 2.063681 -6.040754
v 11.532417 2.063648 -6.009450
v 11.526390 2.094396 -6.008320
v 11.513619 2.094397 -6.074713
v 11.504062 2.094497 -6.107446
v 11.668219 2.094054 -6.008782
v 11.664234 2.094190 -6.043377
v 11.664855 2.094136 -6.079748
v 11.663670 2.094137 -6.115405
v 11.661547 2.094103 -6.151242
v 11.850679 2.095025 -6.021663
v 11.857956 2.094072 -6.054206
v 11.849273 2.094945 -6.086554
v 11.847478 2.094136 -6.117944
v 11.846433 2.094137 -6.150038
v 12.033655 2.094294 -6.026567
v 12.041541 2.094137 -6.062078
v 12.027132 2.093914 -6.092570
v 12.031103 2.094136 -6.125969
v 12.019558 2.094176 -6.158702
v 12.218185 2.094136 -6.030048
v 12.217054 2.094136 -6.064058
v 12.215923 2.095024 -6.098068
v 12.214792 2.094137 -6.132078
v 12.213662 2.094136 -6.166088
v 12.401748 2.094137 -6.039996
v 12.390673 2.094268 -6.072512
v 12.394351 2.095150 -6.104157
v 12.398546 2.094137 -6.136277
v 12.397478 2.094137 -6.168370
v 12.593710 2.094127 -6.041964
v 12.584435 2.094137 -6.076275
v 12.583303 2.095024 -6.110285
v 12.584706 2.094136 -6.131608
v 12.583575 2.094137 -6.165618
v 12.728339 2.094295 -6.061505
v 12.768124 2.094137 -6.082384
v 12.766993 2.094137 -6.116394
v 12.765760 2.094208 -6.150381
v 12.764730 2.095024 -6.184414
v 12.952816 2.094137 -6.058321
v 12.941261 2.094226 -6.090172
v 12.944961 2.094201 -6.123305
v 12.949615 2.094137 -6.154602
v 12.948547 2.094137 -6.186696
v 12.952816 2.063936 -6.058321
v 12.951749 2.063936 -6.090415
v 12.950682 2.063936 -6.122509
v 12.951510 2.064141 -6.154275
v 12.942194 2.063761 -6.187339
v 12.769255 2.063048 -6.048374
v 12.758350 2.063905 -6.082201
v 12.766768 2.063916 -6.114616
v 12.766680 2.064121 -6.151681
v 12.764254 2.063934 -6.184661
v 12.593225 2.063958 -6.042173
v 12.584435 2.063936 -6.076275
v 12.583303 2.063936 -6.110285
v 12.582172 2.063936 -6.144295
v 12.581041 2.063936 -6.178305
v 12.401748 2.063936 -6.039996
v 12.400681 2.063936 -6.072089
v 12.400105 2.063932 -6.104171
v 12.398546 2.063936 -6.136277
v 12.399941 2.063782 -6.169019
v 12.218430 2.062949 -6.031075
v 12.217054 2.063936 -6.064058
v 12.215923 2.063936 -6.098068
v 12.214792 2.063936 -6.132078
v 12.213661 2.063936 -6.166088
v 12.033142 2.064159 -6.027121
v 12.041679 2.063936 -6.062057
v 12.023560 2.063895 -6.091659
v 12.031103 2.063936 -6.125970
v 12.029972 2.063936 -6.159980
v 11.845389 2.063731 -6.021405
v 11.838596 2.063998 -6.053984
v 11.855547 2.063018 -6.085435
v 11.847478 2.063936 -6.117944
v 11.845657 2.063912 -6.149673
v 11.662064 2.063886 -6.007191
v 11.663607 2.064025 -6.043293
v 11.664855 2.063048 -6.079748
v 11.663670 2.063936 -6.115405
v 11.655067 2.063925 -6.149621
v 13.107183 2.094959 -6.028838
v 13.112281 2.079961 -6.029855
v 13.128567 2.095001 -6.049781
v 11.850183 2.063703 -6.011277
v 11.876911 2.063652 -5.993001
v 11.853406 2.074479 -5.992925
v 11.841307 2.063653 -5.991020
v 12.401973 2.063874 -6.033230
v 12.420523 2.063692 -6.011810
v 12.402689 2.085237 -6.011682
v 12.384896 2.063665 -6.010446
v 12.953388 2.094201 -6.051395
v 12.937326 2.094412 -6.030011
v 12.954178 2.072872 -6.029982
v 12.972998 2.094465 -6.029794
v 12.725920 2.094381 -6.051699
v 12.703154 2.094538 -6.028590
v 12.726620 2.074166 -6.030939
v 12.738676 2.094551 -6.031024
v 12.591542 2.094204 -6.032651
v 12.568894 2.094376 -6.011941
v 12.592159 2.073852 -6.012703
v 12.604416 2.094398 -6.014494
v 11.850646 2.094866 -6.014910
v 11.832770 2.094366 -5.991765
v 11.856220 2.083534 -5.992900
v 11.868367 2.094366 -5.993794
v 11.650436 2.094403 -5.977105
v 11.668273 2.072836 -5.976976
v 11.686043 2.094393 -5.978574
v 11.668236 2.094165 -5.998531
v 12.781794 2.063671 -6.214459
v 12.764174 2.063861 -6.192844
v 12.746205 2.063671 -6.212596
v 12.770718 2.083623 -6.214345
v 12.232963 2.063617 -6.195580
v 12.214055 2.063848 -6.173962
v 12.197305 2.063617 -6.194936
v 12.213411 2.085068 -6.195901
v 11.862204 2.063501 -6.180264
v 11.845316 2.063795 -6.157688
v 11.826563 2.063489 -6.179665
v 11.849815 2.084018 -6.178570
v 12.947605 2.072836 -6.215009
v 12.929771 2.094374 -6.214938
v 12.948322 2.094199 -6.193461
v 12.965395 2.094410 -6.216310
v 13.099914 2.094403 -6.183095
v 13.082545 2.094382 -6.160719
v 13.106930 2.094497 -6.141399
v 13.093639 2.074452 -6.162273
v 11.518770 2.094307 -6.022189
v 11.526676 2.094191 -6.040611
v 11.511786 2.094318 -6.061468
v 11.512951 2.073212 -6.040597
v 11.511357 2.072836 -6.142733
v 11.507047 2.094456 -6.121883
v 11.529162 2.094362 -6.143742
v 11.506595 2.094475 -6.163579
v 11.480824 1.682420 -5.908875
v 11.480824 1.814569 -5.908875
v 11.480824 1.682420 -5.853559
v 11.480824 1.814569 -5.853559
v 11.533317 1.682420 -5.908875
v 11.533317 1.814569 -5.908875
v 11.533317 1.682420 -5.853559
v 11.533317 1.814569 -5.853559
v 11.461730 1.715457 -5.908875
v 11.454487 1.748494 -5.908875
v 11.461730 1.781532 -5.908875
v 11.461730 1.781532 -5.853559
v 11.454487 1.748494 -5.853559
v 11.461730 1.715457 -5.853559
v 11.533317 1.781532 -5.853559
v 11.533317 1.748494 -5.853559
v 11.533317 1.715457 -5.853559
v 11.533317 1.781532 -5.908875
v 11.533317 1.748494 -5.908875
v 11.533317 1.715457 -5.908875
v 11.480824 1.359110 -6.153077
v 11.480824 1.491259 -6.153077
v 11.480824 1.359110 -6.097761
v 11.480824 1.491259 -6.097761
v 11.533317 1.359110 -6.153077
v 11.533317 1.491259 -6.153077
v 11.533317 1.359110 -6.097761
v 11.533317 1.491259 -6.097761
v 11.461730 1.392147 -6.153077
v 11.454487 1.425184 -6.153077
v 11.461730 1.458222 -6.153077
v 11.461730 1.458222 -6.097761
v 11.454487 1.425184 -6.097761
v 11.461730 1.392147 -6.097761
v 11.533317 1.458222 -6.097761
v 11.533317 1.425184 -6.097761
v 11.533317 1.392147 -6.097761
v 11.533317 1.458222 -6.153077
v 11.533317 1.425184 -6.153077
v 11.533317 1.392147 -6.153077
v 11.480824 1.359110 -5.908875
v 11.480824 1.491259 -5.908875
v 11.480824 1.359110 -5.853559
v 11.480824 1.491259 -5.853559
v 11.533317 1.359110 -5.908875
v 11.533317 1.491259 -5.908875
v 11.533317 1.359110 -5.853559
v 11.533317 1.491259 -5.853559
v 11.461730 1.392147 -5.908875
v 11.454487 1.425184 -5.908875
v 11.461730 1.458222 -5.908875
v 11.461730 1.458222 -5.853559
v 11.454487 1.425184 -5.853559
v 11.461730 1.392147 -5.853559
v 11.533317 1.458222 -5.853559
v 11.533317 1.425184 -5.853559
v 11.533317 1.392147 -5.853559
v 11.533317 1.458222 -5.908875
v 11.533317 1.425184 -5.908875
v 11.533317 1.392147 -5.908875
v 11.480824 1.682420 -6.153077
v 11.480824 1.814569 -6.153077
v 11.480824 1.682420 -6.097761
v 11.480824 1.814569 -6.097761
v 11.533317 1.682420 -6.153077
v 11.533317 1.814569 -6.153077
v 11.533317 1.682420 -6.097761
v 11.533317 1.814569 -6.097761
v 11.461730 1.715457 -6.153077
v 11.454487 1.748494 -6.153077
v 11.461730 1.781532 -6.153077
v 11.461730 1.781532 -6.097761
v 11.454487 1.748494 -6.097761
v 11.461730 1.715457 -6.097761
v 11.533317 1.781532 -6.097761
v 11.533317 1.748494 -6.097761
v 11.533317 1.715457 -6.097761
v 11.533317 1.781532 -6.153077
v 11.533317 1.748494 -6.153077
v 11.533317 1.715457 -6.153077
v 13.134875 1.682420 -5.878754
v 13.134875 1.814569 -5.878754
v 13.132861 1.682420 -5.823475
v 13.132861 1.814569 -5.823475
v 13.082417 1.682420 -5.880665
v 13.082417 1.814569 -5.880665
v 13.080402 1.682420 -5.825386
v 13.080402 1.814569 -5.825386
v 13.153955 1.715457 -5.878058
v 13.161194 1.748494 -5.877795
v 13.153955 1.781531 -5.878059
v 13.151941 1.781532 -5.822780
v 13.159180 1.748494 -5.822516
v 13.151941 1.715457 -5.822780
v 13.080402 1.781531 -5.825386
v 13.080402 1.748494 -5.825386
v 13.080402 1.715457 -5.825386
v 13.082417 1.781532 -5.880665
v 13.082417 1.748494 -5.880665
v 13.082417 1.715457 -5.880665
v 13.143766 1.359110 -6.122793
v 13.143766 1.491259 -6.122793
v 13.141752 1.359110 -6.067514
v 13.141752 1.491259 -6.067514
v 13.091308 1.359110 -6.124704
v 13.091308 1.491259 -6.124704
v 13.089294 1.359110 -6.069426
v 13.089294 1.491259 -6.069426
v 13.162848 1.392147 -6.122098
v 13.170085 1.425184 -6.121834
v 13.162848 1.458222 -6.122098
v 13.160833 1.458222 -6.066819
v 13.168071 1.425184 -6.066556
v 13.160833 1.392147 -6.066819
v 13.089294 1.458222 -6.069426
v 13.089294 1.425184 -6.069426
v 13.089294 1.392147 -6.069426
v 13.091308 1.458222 -6.124704
v 13.091308 1.425184 -6.124704
v 13.091308 1.392147 -6.124704
v 13.134875 1.359110 -5.878754
v 13.134875 1.491259 -5.878754
v 13.132861 1.359110 -5.823475
v 13.132861 1.491259 -5.823475
v 13.082417 1.359110 -5.880665
v 13.082417 1.491259 -5.880665
v 13.080402 1.359110 -5.825386
v 13.080402 1.491259 -5.825386
v 13.153955 1.392147 -5.878059
v 13.161194 1.425184 -5.877795
v 13.153955 1.458222 -5.878059
v 13.151941 1.458222 -5.822780
v 13.159180 1.425184 -5.822516
v 13.151941 1.392147 -5.822780
v 13.080402 1.458222 -5.825386
v 13.080402 1.425184 -5.825386
v 13.080402 1.392147 -5.825386
v 13.082417 1.458222 -5.880665
v 13.082417 1.425184 -5.880665
v 13.082417 1.392147 -5.880665
v 13.143766 1.682420 -6.122793
v 13.143766 1.814569 -6.122793
v 13.141752 1.682420 -6.067514
v 13.141752 1.814569 -6.067514
v 13.091308 1.682420 -6.124704
v 13.091308 1.814569 -6.124704
v 13.089294 1.682420 -6.069426
v 13.089294 1.814569 -6.069426
v 13.162848 1.715457 -6.122098
v 13.170085 1.748494 -6.121834
v 13.162848 1.781532 -6.122098
v 13.160833 1.781531 -6.066819
v 13.168071 1.748494 -6.066556
v 13.160833 1.715457 -6.066819
v 13.089294 1.781532 -6.069426
v 13.089294 1.748494 -6.069426
v 13.089294 1.715457 -6.069426
v 13.091308 1.781531 -6.124704
v 13.091308 1.748494 -6.124704
v 13.091308 1.715457 -6.124704
v 11.531838 2.060920 -5.791543
v 11.500972 2.059587 -5.793448
v 11.560040 2.067973 -6.178257
v 11.559388 2.163699 -6.170894
v 11.532631 2.163700 -5.803620
v 11.555786 2.062582 -6.122747
v 11.551010 2.066059 -6.054509
v 11.546010 2.063532 -5.987269
v 11.540829 2.070625 -5.916812
v 11.536112 2.062983 -5.851952
v 11.505532 2.063532 -5.854465
v 11.515139 2.057389 -5.988421
v 11.520191 2.062500 -6.056818
v 11.524559 2.046143 -6.123787
v 11.524913 2.163700 -6.116898
v 11.520166 2.170644 -6.052980
v 11.515423 2.167467 -5.987518
v 11.510987 2.163700 -5.925756
v 11.506346 2.163700 -5.862043
v 11.555034 2.163700 -6.114703
v 11.550392 2.163700 -6.050990
v 11.545750 2.163700 -5.987276
v 11.540960 2.162452 -5.924350
v 11.536516 2.167888 -5.858140
v 11.529094 2.062220 -6.185604
v 11.543929 2.058825 -6.182833
v 11.526129 2.047611 -6.145486
v 11.525852 2.163474 -6.130675
v 11.550222 2.163422 -6.171641
v 11.528803 2.150975 -6.174825
v 11.523495 2.163700 -5.804286
v 11.505304 2.163700 -5.848616
v 11.501875 2.151902 -5.804447
v 11.507326 2.063636 -5.879186
v 11.510497 2.075619 -5.922410
v 11.513290 2.059911 -5.962340
v 11.530203 2.068244 -5.918612
v 13.082906 2.072280 -6.182837
v 13.113827 2.070996 -6.182309
v 13.072065 2.079080 -5.797699
v 13.072386 2.171363 -5.805037
v 13.082657 2.171363 -6.170812
v 13.073827 2.073883 -5.852992
v 13.075539 2.077235 -5.920943
v 13.077520 2.074799 -5.987913
v 13.079538 2.081636 -6.058084
v 13.081345 2.074270 -6.122680
v 13.112005 2.074799 -6.121536
v 13.108414 2.068877 -5.988133
v 13.106431 2.073804 -5.920012
v 13.105068 2.058036 -5.853338
v 13.104406 2.171362 -5.860162
v 13.106284 2.178057 -5.923823
v 13.108089 2.174994 -5.989017
v 13.109752 2.171363 -6.050523
v 13.111533 2.171363 -6.113977
v 13.074218 2.171363 -5.861010
v 13.076000 2.171363 -5.924464
v 13.077782 2.171363 -5.987917
v 13.079746 2.170160 -6.050596
v 13.081218 2.175401 -6.116518
v 13.103310 2.073534 -5.791773
v 13.088365 2.070261 -5.793868
v 13.104473 2.059451 -5.831729
v 13.104086 2.171145 -5.846445
v 13.081576 2.171095 -5.804700
v 13.103116 2.159096 -5.802486
v 13.091812 2.171363 -6.170555
v 13.111971 2.171363 -6.127352
v 13.113417 2.159989 -6.171350
v 13.111320 2.074898 -6.096916
v 13.110091 2.086451 -6.053867
v 13.109090 2.071308 -6.014105
v 13.090235 2.079341 -6.056767
v 11.728458 2.055051 -6.156949
v 11.726108 2.053766 -6.187784
v 11.922878 2.061850 -6.170656
v 11.919165 2.154133 -6.170509
v 11.734521 2.154133 -6.157465
v 11.894949 2.056654 -6.168893
v 11.860664 2.060005 -6.166275
v 11.826849 2.057569 -6.163988
v 11.791422 2.064406 -6.161533
v 11.758815 2.057040 -6.159221
v 11.756796 2.057569 -6.189837
v 11.824124 2.051648 -6.194746
v 11.858518 2.056574 -6.197106
v 11.892132 2.040806 -6.199991
v 11.888760 2.154133 -6.198898
v 11.856615 2.160827 -6.196717
v 11.823708 2.157765 -6.194367
v 11.792665 2.154133 -6.192110
v 11.760633 2.154133 -6.189847
v 11.890887 2.154133 -6.168772
v 11.858856 2.154133 -6.166510
v 11.826824 2.154133 -6.164247
v 11.795167 2.152930 -6.162216
v 11.761921 2.158171 -6.159487
v 11.923212 2.056305 -6.202156
v 11.923425 2.053031 -6.187136
v 11.903039 2.042221 -6.200774
v 11.895679 2.153915 -6.199451
v 11.918556 2.153866 -6.179685
v 11.917847 2.141866 -6.201283
v 11.733875 2.154133 -6.166603
v 11.753876 2.154133 -6.189432
v 11.731647 2.142760 -6.188073
v 11.769223 2.057669 -6.190721
v 11.790956 2.069221 -6.192235
v 11.811018 2.054079 -6.193768
v 11.791180 2.062112 -6.172271
v 11.529812 2.043690 -6.178701
v 11.533327 2.042358 -6.209425
v 11.723323 2.050743 -6.155447
v 11.719648 2.146470 -6.156004
v 11.535863 2.146470 -6.178063
v 11.695562 2.045352 -6.158989
v 11.661400 2.048829 -6.162893
v 11.627762 2.046302 -6.167033
v 11.592508 2.053395 -6.171312
v 11.560051 2.045754 -6.175200
v 11.563850 2.046302 -6.205646
v 11.630895 2.040160 -6.197752
v 11.665114 2.045271 -6.193575
v 11.698668 2.028914 -6.190061
v 11.695150 2.146470 -6.189624
v 11.663174 2.153414 -6.193552
v 11.630414 2.150238 -6.197459
v 11.599503 2.146470 -6.201104
v 11.567620 2.146470 -6.204931
v 11.691551 2.146470 -6.159638
v 11.659669 2.146470 -6.163465
v 11.627787 2.146470 -6.167292
v 11.596315 2.145223 -6.171276
v 11.563152 2.150659 -6.174874
v 11.729599 2.044991 -6.186317
v 11.726971 2.041595 -6.171527
v 11.709528 2.030382 -6.188769
v 11.702049 2.146244 -6.188860
v 11.720783 2.146192 -6.165130
v 11.724165 2.133745 -6.186472
v 11.536955 2.146470 -6.187158
v 11.560907 2.146470 -6.205800
v 11.538822 2.134672 -6.208663
v 11.576221 2.046406 -6.204167
v 11.597849 2.058389 -6.201550
v 11.617840 2.042681 -6.199266
v 11.594297 2.051014 -6.181903
v 11.920079 2.045121 -6.165019
v 11.920239 2.043787 -6.195943
v 12.115049 2.049448 -6.162781
v 12.112675 2.145217 -6.162938
v 11.927601 2.147806 -6.165038
v 12.086996 2.044449 -6.163308
v 12.052664 2.048406 -6.163502
v 12.018744 2.046354 -6.163988
v 11.983337 2.053942 -6.164439
v 11.950546 2.046759 -6.164801
v 11.951044 2.047301 -6.195479
v 12.018457 2.040215 -6.194866
v 12.052996 2.044843 -6.194406
v 12.086502 2.028016 -6.194532
v 12.084696 2.145609 -6.193718
v 12.052582 2.153003 -6.194173
v 12.019550 2.150288 -6.194522
v 11.988377 2.146956 -6.194811
v 11.956271 2.147405 -6.195176
v 12.084352 2.145614 -6.163520
v 12.052247 2.146063 -6.163884
v 12.020141 2.146512 -6.164248
v 11.988409 2.145708 -6.164813
v 11.955131 2.151610 -6.164812
v 12.117878 2.043656 -6.194148
v 12.116813 2.040274 -6.179161
v 12.097456 2.029331 -6.194420
v 12.091633 2.145286 -6.193704
v 12.112816 2.144938 -6.172133
v 12.113699 2.132478 -6.193716
v 11.927705 2.147805 -6.174197
v 11.949503 2.147500 -6.195314
v 11.927076 2.136015 -6.195778
v 11.963503 2.047230 -6.195344
v 11.985453 2.058907 -6.195076
v 12.005352 2.042920 -6.194963
v 11.983939 2.051553 -6.175161
v 12.709556 2.053452 -6.156910
v 12.711737 2.053453 -6.187784
v 12.515403 2.058165 -6.170668
v 12.516838 2.055238 -6.201494
v 12.508429 2.153819 -6.171233
v 12.714806 2.153364 -6.156527
v 12.716099 2.150066 -6.187400
v 12.678885 2.057255 -6.159192
v 12.644939 2.057255 -6.161590
v 12.610996 2.057255 -6.163988
v 12.577101 2.057298 -6.166387
v 12.545305 2.067860 -6.168600
v 12.546545 2.063992 -6.199338
v 12.613161 2.057255 -6.194632
v 12.646117 2.051853 -6.192405
v 12.542280 2.154460 -6.199296
v 12.576912 2.152652 -6.196986
v 12.613148 2.153819 -6.194373
v 12.648735 2.153819 -6.191858
v 12.684532 2.153225 -6.189296
v 12.538772 2.150500 -6.169300
v 12.574722 2.152249 -6.166900
v 12.610956 2.153819 -6.163361
v 12.646606 2.153819 -6.161733
v 12.681004 2.149059 -6.159292
v 12.511313 2.142446 -6.201833
v 12.509073 2.153819 -6.180370
v 12.532066 2.154253 -6.200128
v 12.560619 2.059427 -6.198254
v 12.578714 2.064860 -6.196859
v 12.600011 2.055804 -6.195482
v 12.577678 2.056106 -6.175901
v 12.679529 2.057255 -6.168329
v 12.660409 2.054064 -6.191354
v 12.681461 2.068633 -6.189772
v 12.701995 2.054660 -6.188436
v 12.513572 2.042032 -6.178695
v 12.509884 2.042032 -6.209425
v 12.320314 2.046920 -6.155541
v 12.315903 2.043885 -6.186083
v 12.313358 2.146144 -6.154779
v 12.518799 2.145672 -6.179310
v 12.514238 2.142251 -6.209871
v 12.483021 2.045977 -6.175144
v 12.449235 2.045977 -6.171088
v 12.415449 2.045977 -6.167033
v 12.381710 2.046021 -6.162988
v 12.350069 2.056977 -6.159157
v 12.345482 2.052965 -6.189576
v 12.411787 2.045977 -6.197535
v 12.444572 2.040374 -6.201571
v 12.341301 2.146809 -6.188729
v 12.375747 2.144933 -6.193001
v 12.411823 2.146145 -6.197277
v 12.447246 2.146145 -6.201529
v 12.482882 2.145529 -6.205773
v 12.343521 2.142701 -6.158611
v 12.379278 2.144516 -6.163043
v 12.415528 2.146145 -6.166410
v 12.450845 2.146144 -6.171544
v 12.485084 2.141207 -6.175642
v 12.310413 2.134347 -6.185374
v 12.312266 2.146145 -6.163874
v 12.331116 2.146595 -6.187618
v 12.359507 2.048229 -6.191170
v 12.377541 2.053865 -6.193217
v 12.398714 2.044472 -6.195886
v 12.380480 2.044784 -6.172441
v 12.481930 2.045977 -6.184238
v 12.458805 2.042666 -6.203238
v 12.479778 2.057779 -6.205661
v 12.500194 2.043284 -6.208225
v 12.310951 2.044725 -6.164994
v 12.310600 2.044730 -6.195943
v 12.116406 2.051613 -6.162829
v 12.115280 2.049041 -6.193668
v 12.110593 2.136280 -6.162822
v 12.317450 2.132984 -6.165041
v 12.316174 2.130085 -6.195917
v 12.280247 2.048517 -6.164760
v 12.246225 2.048993 -6.164374
v 12.212202 2.049469 -6.163988
v 12.178229 2.049982 -6.163608
v 12.146494 2.059765 -6.163213
v 12.145168 2.056364 -6.193949
v 12.211854 2.049474 -6.194707
v 12.244812 2.044236 -6.195182
v 12.142040 2.136406 -6.193559
v 12.176719 2.134323 -6.194088
v 12.213057 2.134847 -6.194447
v 12.248726 2.134348 -6.194851
v 12.284601 2.133321 -6.195225
v 12.140947 2.132920 -6.163377
v 12.176992 2.133964 -6.163925
v 12.213408 2.134842 -6.163361
v 12.249069 2.134343 -6.164653
v 12.283486 2.129652 -6.165033
v 12.110826 2.126220 -6.193555
v 12.110489 2.136281 -6.171981
v 12.111391 2.146321 -6.193549
v 12.131792 2.136367 -6.193553
v 12.159225 2.052130 -6.194020
v 12.177440 2.056679 -6.194109
v 12.198663 2.048375 -6.194478
v 12.178012 2.048930 -6.173137
v 12.280144 2.048518 -6.173919
v 12.259167 2.045989 -6.195303
v 12.280457 2.058575 -6.195449
v 12.300854 2.045933 -6.195796
v 12.903391 2.055051 -6.156949
v 12.901041 2.053766 -6.187784
v 13.097812 2.061850 -6.170656
v 13.094097 2.154133 -6.170509
v 12.909454 2.154133 -6.157465
v 13.069882 2.056653 -6.168893
v 13.035597 2.060005 -6.166275
v 13.001781 2.057569 -6.163988
v 12.966355 2.064406 -6.161533
v 12.933748 2.057040 -6.159221
v 12.931728 2.057569 -6.189837
v 12.999058 2.051648 -6.194746
v 13.033451 2.056574 -6.197106
v 13.067064 2.040806 -6.199991
v 13.063692 2.154133 -6.198898
v 13.031549 2.160827 -6.196717
v 12.998641 2.157765 -6.194367
v 12.967598 2.154133 -6.192110
v 12.935566 2.154133 -6.189847
v 13.065821 2.154133 -6.168772
v 13.033789 2.154133 -6.166510
v 13.001758 2.154133 -6.164247
v 12.970100 2.152930 -6.162216
v 12.936854 2.158171 -6.159487
v 13.098146 2.056304 -6.202156
v 13.098358 2.053031 -6.187136
v 13.077972 2.042221 -6.200774
v 13.070612 2.153915 -6.199451
v 13.093490 2.153865 -6.179685
v 13.092779 2.141866 -6.201283
v 12.908808 2.154133 -6.166603
v 12.928810 2.154133 -6.189432
v 12.906581 2.142760 -6.188073
v 12.944157 2.057669 -6.190721
v 12.965889 2.069221 -6.192235
v 12.985951 2.054079 -6.193768
v 12.966112 2.062111 -6.172271
v 12.704745 2.043690 -6.178701
v 12.708260 2.042358 -6.209425
v 12.898256 2.050743 -6.155447
v 12.894581 2.146470 -6.156004
v 12.710796 2.146470 -6.178063
v 12.870496 2.045352 -6.158989
v 12.836332 2.048829 -6.162893
v 12.802694 2.046302 -6.167033
v 12.767442 2.053395 -6.171312
v 12.734984 2.045754 -6.175200
v 12.738783 2.046302 -6.205646
v 12.805828 2.040160 -6.197752
v 12.840048 2.045270 -6.193575
v 12.873602 2.028914 -6.190061
v 12.870084 2.146470 -6.189624
v 12.838106 2.153414 -6.193552
v 12.805347 2.150238 -6.197459
v 12.774436 2.146470 -6.201104
v 12.742554 2.146470 -6.204931
v 12.866485 2.146470 -6.159638
v 12.834602 2.146470 -6.163465
v 12.802719 2.146470 -6.167292
v 12.771248 2.145223 -6.171276
v 12.738085 2.150659 -6.174874
v 12.904532 2.044990 -6.186317
v 12.901904 2.041595 -6.171527
v 12.884460 2.030382 -6.188769
v 12.876983 2.146244 -6.188860
v 12.895717 2.146192 -6.165130
v 12.899097 2.133745 -6.186472
v 12.711887 2.146470 -6.187158
v 12.735840 2.146470 -6.205800
v 12.713755 2.134672 -6.208663
v 12.751154 2.046406 -6.204167
v 12.772781 2.058389 -6.201550
v 12.792772 2.042682 -6.199266
v 12.769231 2.051015 -6.181903
vn -0.0010 -0.9969 -0.0792
vn 0.0007 0.9982 0.0607
vn -0.0002 0.9981 0.0620
vn -0.0002 0.9980 0.0633
vn 0.0002 0.9980 0.0627
vn 0.0006 0.9981 0.0619
vn 0.0023 0.9967 0.0811
vn 0.0003 -0.9972 -0.0752
vn -0.0003 -0.9968 -0.0796
vn 0.0313 -0.0599 0.9977
vn -0.0409 -0.0547 0.9977
vn 0.0187 0.1103 -0.9937
vn 0.0007 -0.9978 -0.0657
vn -0.0002 -0.9949 -0.1006
vn -0.0002 -0.9990 -0.0452
vn 0.0001 -0.9974 -0.0721
vn -0.0009 -0.9975 -0.0710
vn -0.0023 -0.9961 -0.0883
vn -0.0024 -0.9984 -0.0573
vn -0.0001 -0.9974 -0.0720
vn 0.0036 -0.9972 -0.0748
vn 0.0032 -0.9982 -0.0599
vn -0.0001 -0.9974 -0.0722
vn -0.0001 -0.9975 -0.0710
vn -0.0000 -0.9974 -0.0716
vn -0.0025 -0.9984 -0.0565
vn -0.0000 -0.9974 -0.0715
vn 0.0004 -0.9973 -0.0739
vn -0.0001 -0.9974 -0.0719
vn -0.0005 -0.9973 -0.0739
vn 0.0039 -0.9971 -0.0754
vn 0.0027 -0.9982 -0.0601
vn 0.0001 -0.9974 -0.0714
vn -0.0005 -0.9976 -0.0687
vn -0.0005 -0.9972 -0.0744
vn -0.0026 -0.9970 -0.0779
vn -0.0022 -0.9983 -0.0584
vn -0.0001 -0.9974 -0.0714
vn -0.0001 -0.9978 -0.0656
vn 0.0006 -0.9968 -0.0802
vn 0.0007 -0.9980 -0.0632
vn 0.0018 -0.9972 -0.0747
vn 0.0021 -0.9975 -0.0699
vn 0.0024 -0.9977 -0.0681
vn 0.0014 -0.9970 -0.0774
vn -0.0002 0.9973 0.0728
vn 0.0004 0.9974 0.0720
vn -0.0000 0.9974 0.0715
vn -0.0024 0.9982 0.0593
vn 0.0007 0.9972 0.0747
vn -0.0024 0.9983 0.0586
vn -0.0017 0.9963 0.0863
vn 0.0018 0.9982 0.0596
vn -0.0003 0.9976 0.0696
vn -0.0005 0.9990 0.0446
vn -0.0014 0.9943 0.1070
vn -0.0000 0.9974 0.0716
vn 0.0003 0.9968 0.0801
vn 0.0003 0.9976 0.0696
vn 0.0005 0.9990 0.0447
vn 0.0002 0.9950 0.1003
vn -0.0006 0.9970 0.0773
vn -0.0005 0.9973 0.0738
vn 0.0032 0.9981 0.0607
vn 0.0030 0.9967 0.0817
vn -0.0001 0.9975 0.0710
vn -0.0018 0.9962 0.0875
vn -0.0027 0.9981 0.0623
vn -0.0028 0.9968 0.0804
vn 0.0001 0.9975 0.0710
vn 0.0026 0.9965 0.0839
vn 0.0017 0.9982 0.0596
vn 0.0021 0.9965 0.0836
vn 0.0001 0.9974 0.0721
vn -0.0020 0.9975 0.0704
vn 0.0032 0.9971 0.0762
vn 0.0018 0.9975 0.0713
vn -0.0013 -0.9977 -0.0676
vn -0.0022 -0.9976 -0.0686
vn 0.0011 -0.9963 -0.0855
vn 0.0013 -0.9983 -0.0589
vn -0.0017 -0.9974 -0.0716
vn 0.8911 -0.1728 0.4197
vn 0.9828 -0.1280 -0.1333
vn -0.9890 -0.0084 -0.1477
vn -0.9605 -0.2143 -0.1773
vn -0.8364 -0.4351 0.3333
vn -0.6636 0.2374 -0.7094
vn -0.0112 -0.8259 -0.5637
vn -0.0041 -0.6581 -0.7529
vn 0.0288 0.7571 -0.6527
vn -0.0243 0.7645 -0.6441
vn -0.0270 0.7492 -0.6618
vn -0.0107 0.9216 -0.3881
vn -0.0058 0.7591 -0.6510
vn 0.0130 -0.7774 0.6289
vn -0.0105 -0.7668 0.6417
vn -0.0117 -0.7651 0.6438
vn 0.0044 0.6581 0.7529
vn -0.8639 0.4802 0.1518
vn 0.8321 0.5488 -0.0807
vn 0.7702 0.6347 0.0626
vn 0.0041 0.9970 0.0768
vn -0.7584 -0.6086 -0.2332
vn 0.0330 0.0313 -0.9990
vn 0.0007 -0.9978 -0.0669
vn 0.0061 0.0886 -0.9960
vn -0.0518 0.0966 -0.9940
vn -0.0013 -0.9981 -0.0613
vn -0.0033 -0.9970 -0.0776
vn 0.0288 0.0543 -0.9981
vn -0.0274 0.1211 -0.9923
vn -0.0006 -0.9979 -0.0652
vn 0.0376 0.0739 -0.9966
vn -0.0011 0.9968 0.0805
vn -0.1025 0.0950 -0.9902
vn 0.0023 0.9967 0.0808
vn -0.0003 0.9968 0.0802
vn -0.0019 0.9980 0.0626
vn 0.0025 0.9978 0.0664
vn -0.0016 0.9970 0.0775
vn 0.0436 0.0556 -0.9975
vn -0.0296 -0.0696 0.9971
vn 0.0006 -0.9970 -0.0775
vn 0.0668 -0.0417 0.9969
vn -0.0003 -0.9966 -0.0827
vn -0.0283 -0.0816 0.9963
vn 0.0004 -0.9969 -0.0790
vn -0.0045 -0.0983 0.9951
vn 0.0002 -0.9967 -0.0814
vn 0.0312 -0.0596 0.9977
vn -0.0008 -0.9965 -0.0830
vn -0.0567 -0.0394 0.9976
vn 0.0008 -0.9965 -0.0841
vn 0.0010 0.9979 0.0655
vn 0.0394 -0.0731 0.9965
vn -0.0023 0.9966 0.0820
vn -0.9701 -0.0926 -0.2244
vn 0.0018 0.9974 0.0719
vn -0.9185 -0.3049 0.2518
vn 0.0020 0.9972 0.0745
vn 0.8742 -0.1495 -0.4620
vn -0.0012 0.9973 0.0728
vn 0.9956 -0.0751 0.0569
vn -0.0009 0.9976 0.0695
vn -0.0014 0.9979 0.0645
vn 0.9817 -0.1744 0.0767
vn 0.9817 0.0136 -0.1897
vn -0.0021 0.9973 0.0732
vn 0.0010 -0.9963 0.0864
vn -0.0007 0.9977 -0.0679
vn 0.0002 0.9976 -0.0692
vn 0.0002 0.9975 -0.0705
vn -0.0002 0.9976 -0.0699
vn -0.0006 0.9976 -0.0691
vn -0.0023 0.9961 -0.0883
vn -0.0003 -0.9966 0.0824
vn 0.0003 -0.9962 0.0868
vn -0.0313 -0.0671 -0.9973
vn 0.0409 -0.0619 -0.9972
vn -0.0187 0.1175 0.9929
vn -0.0007 -0.9973 0.0730
vn 0.0002 -0.9942 0.1078
vn 0.0002 -0.9986 0.0525
vn -0.0001 -0.9968 0.0793
vn 0.0009 -0.9969 0.0782
vn 0.0023 -0.9954 0.0955
vn 0.0024 -0.9979 0.0646
vn 0.0001 -0.9969 0.0792
vn -0.0036 -0.9966 0.0820
vn -0.0032 -0.9977 0.0671
vn 0.0001 -0.9968 0.0794
vn 0.0001 -0.9969 0.0782
vn -0.0000 -0.9969 0.0788
vn 0.0025 -0.9980 0.0637
vn -0.0000 -0.9969 0.0789
vn -0.0004 -0.9967 0.0811
vn 0.0001 -0.9969 0.0791
vn 0.0005 -0.9967 0.0811
vn -0.0039 -0.9966 0.0826
vn -0.0027 -0.9977 0.0674
vn -0.0001 -0.9969 0.0786
vn 0.0005 -0.9971 0.0759
vn 0.0005 -0.9967 0.0816
vn 0.0026 -0.9964 0.0851
vn 0.0022 -0.9978 0.0656
vn 0.0001 -0.9969 0.0787
vn 0.0001 -0.9973 0.0729
vn -0.0006 -0.9962 0.0874
vn -0.0007 -0.9975 0.0704
vn -0.0018 -0.9966 0.0819
vn -0.0021 -0.9970 0.0772
vn -0.0024 -0.9972 0.0754
vn -0.0014 -0.9964 0.0846
vn 0.0002 0.9968 -0.0800
vn -0.0004 0.9969 -0.0792
vn -0.0000 0.9969 -0.0787
vn 0.0024 0.9978 -0.0665
vn -0.0007 0.9966 -0.0820
vn 0.0024 0.9978 -0.0658
vn 0.0017 0.9956 -0.0935
vn -0.0018 0.9978 -0.0669
vn 0.0003 0.9970 -0.0768
vn 0.0005 0.9987 -0.0518
vn 0.0014 0.9935 -0.1142
vn -0.0000 0.9969 -0.0788
vn -0.0003 0.9962 -0.0873
vn -0.0003 0.9970 -0.0768
vn -0.0005 0.9987 -0.0519
vn -0.0002 0.9942 -0.1075
vn 0.0006 0.9964 -0.0845
vn 0.0005 0.9967 -0.0810
vn -0.0032 0.9977 -0.0680
vn -0.0030 0.9960 -0.0889
vn 0.0001 0.9969 -0.0782
vn 0.0018 0.9955 -0.0947
vn 0.0027 0.9976 -0.0695
vn 0.0028 0.9961 -0.0877
vn -0.0001 0.9969 -0.0782
vn -0.0026 0.9958 -0.0912
vn -0.0017 0.9978 -0.0668
vn -0.0021 0.9959 -0.0908
vn -0.0001 0.9969 -0.0793
vn 0.0020 0.9970 -0.0776
vn -0.0032 0.9965 -0.0835
vn -0.0018 0.9969 -0.0785
vn 0.0013 -0.9972 0.0748
vn 0.0022 -0.9971 0.0758
vn -0.0011 -0.9957 0.0927
vn -0.0013 -0.9978 0.0661
vn 0.0017 -0.9969 0.0788
vn -0.8910 -0.1758 -0.4185
vn -0.9828 -0.1270 0.1343
vn 0.9890 -0.0073 0.1477
vn 0.9605 -0.2130 0.1789
vn 0.8364 -0.4375 -0.3302
vn 0.6636 0.2426 0.7077
vn 0.0113 -0.8218 0.5697
vn 0.0041 -0.6527 0.7576
vn -0.0288 0.7618 0.6472
vn 0.0243 0.7692 0.6386
vn 0.0270 0.7539 0.6564
vn 0.0107 0.9244 0.3814
vn 0.0058 0.7638 0.6454
vn -0.0130 -0.7819 -0.6233
vn 0.0105 -0.7715 -0.6362
vn 0.0117 -0.7698 -0.6382
vn -0.0044 0.6527 -0.7576
vn 0.8639 0.4791 -0.1553
vn -0.8321 0.5493 0.0767
vn -0.7702 0.6343 -0.0672
vn -0.0041 0.9965 -0.0841
vn 0.7584 -0.6069 0.2376
vn -0.0330 0.0385 0.9987
vn -0.0007 -0.9973 0.0741
vn -0.0061 0.0958 0.9954
vn 0.0518 0.1038 0.9932
vn 0.0013 -0.9976 0.0685
vn 0.0033 -0.9964 0.0848
vn -0.0288 0.0616 0.9977
vn 0.0274 0.1283 0.9914
vn 0.0006 -0.9974 0.0725
vn -0.0376 0.0812 0.9960
vn 0.0011 0.9961 -0.0877
vn 0.1025 0.1022 0.9895
vn -0.0023 0.9961 -0.0880
vn 0.0003 0.9962 -0.0875
vn 0.0019 0.9976 -0.0698
vn -0.0025 0.9973 -0.0737
vn 0.0016 0.9964 -0.0847
vn -0.0436 0.0629 0.9971
vn 0.0296 -0.0768 -0.9966
vn -0.0006 -0.9964 0.0847
vn -0.0668 -0.0490 -0.9966
vn 0.0003 -0.9959 0.0899
vn 0.0283 -0.0889 -0.9956
vn -0.0004 -0.9963 0.0862
vn 0.0045 -0.1055 -0.9944
vn -0.0002 -0.9961 0.0886
vn -0.0312 -0.0668 -0.9973
vn 0.0008 -0.9959 0.0902
vn 0.0567 -0.0466 -0.9973
vn -0.0008 -0.9958 0.0913
vn -0.0010 0.9974 -0.0727
vn -0.0394 -0.0803 -0.9960
vn 0.0023 0.9960 -0.0892
vn 0.9701 -0.0909 0.2251
vn -0.0018 0.9969 -0.0791
vn 0.9185 -0.3067 -0.2496
vn -0.0020 0.9967 -0.0817
vn -0.8742 -0.1461 0.4631
vn 0.0012 0.9968 -0.0800
vn -0.9956 -0.0755 -0.0563
vn 0.0009 0.9971 -0.0767
vn 0.0014 0.9974 -0.0718
vn -0.9817 -0.1749 -0.0755
vn -0.9817 0.0150 0.1896
vn 0.0021 0.9968 -0.0805
vn 0.0781 -0.0015 0.9969
vn -0.0596 0.0010 -0.9982
vn -0.0609 -0.0004 -0.9981
vn -0.0622 -0.0003 -0.9981
vn -0.0616 0.0004 -0.9981
vn -0.0607 0.0009 -0.9982
vn -0.0800 0.0036 -0.9968
vn 0.0741 0.0005 0.9973
vn 0.0785 -0.0005 0.9969
vn -0.9971 0.0490 0.0587
vn -0.9965 -0.0641 0.0535
vn 0.9936 0.0293 -0.1092
vn 0.0646 0.0011 0.9979
vn 0.0995 -0.0003 0.9950
vn 0.0441 -0.0003 0.9990
vn 0.0710 0.0001 0.9975
vn 0.0699 -0.0015 0.9976
vn 0.0872 -0.0036 0.9962
vn 0.0562 -0.0037 0.9984
vn 0.0708 -0.0001 0.9975
vn 0.0737 0.0057 0.9973
vn 0.0588 0.0050 0.9983
vn 0.0711 -0.0002 0.9975
vn 0.0699 -0.0002 0.9976
vn 0.0705 -0.0000 0.9975
vn 0.0553 -0.0039 0.9985
vn 0.0704 -0.0000 0.9975
vn 0.0727 0.0007 0.9974
vn 0.0728 -0.0007 0.9973
vn 0.0742 0.0061 0.9972
vn 0.0590 0.0042 0.9982
vn 0.0703 0.0002 0.9975
vn 0.0676 -0.0007 0.9977
vn 0.0732 -0.0008 0.9973
vn 0.0767 -0.0040 0.9970
vn 0.0572 -0.0035 0.9984
vn 0.0703 -0.0002 0.9975
vn 0.0645 -0.0002 0.9979
vn 0.0791 0.0009 0.9969
vn 0.0620 0.0011 0.9981
vn 0.0735 0.0028 0.9973
vn 0.0688 0.0032 0.9976
vn 0.0670 0.0037 0.9977
vn 0.0762 0.0022 0.9971
vn -0.0717 -0.0003 -0.9974
vn -0.0709 0.0007 -0.9975
vn -0.0704 -0.0000 -0.9975
vn -0.0581 -0.0038 -0.9983
vn -0.0736 0.0011 -0.9973
vn -0.0575 -0.0038 -0.9983
vn -0.0851 -0.0027 -0.9964
vn -0.0585 0.0028 -0.9983
vn -0.0685 -0.0005 -0.9977
vn -0.0435 -0.0007 -0.9991
vn -0.1058 -0.0022 -0.9944
vn -0.0705 -0.0000 -0.9975
vn -0.0790 0.0004 -0.9969
vn -0.0685 0.0005 -0.9977
vn -0.0435 0.0008 -0.9991
vn -0.0992 0.0003 -0.9951
vn -0.0762 -0.0010 -0.9971
vn -0.0727 -0.0007 -0.9974
vn -0.0596 0.0050 -0.9982
vn -0.0805 0.0046 -0.9967
vn -0.0699 -0.0002 -0.9976
vn -0.0864 -0.0028 -0.9963
vn -0.0612 -0.0043 -0.9981
vn -0.0793 -0.0044 -0.9968
vn -0.0698 0.0002 -0.9976
vn -0.0828 0.0041 -0.9966
vn -0.0585 0.0026 -0.9983
vn -0.0824 0.0033 -0.9966
vn -0.0709 0.0001 -0.9975
vn -0.0692 -0.0031 -0.9976
vn -0.0751 0.0050 -0.9972
vn -0.0701 0.0029 -0.9975
vn 0.0665 -0.0020 0.9978
vn 0.0675 -0.0034 0.9977
vn 0.0843 0.0017 0.9964
vn 0.0578 0.0020 0.9983
vn 0.0704 -0.0027 0.9975
vn -0.2860 0.9510 0.1174
vn 0.0859 0.9929 0.0826
vn 0.0948 -0.9955 0.0055
vn 0.1157 -0.9833 0.1402
vn -0.2350 -0.9226 0.3060
vn 0.5540 -0.8117 -0.1848
vn 0.5627 -0.0176 0.8264
vn 0.7522 -0.0064 0.6590
vn 0.6532 0.0451 -0.7559
vn 0.6447 -0.0380 -0.7635
vn 0.6623 -0.0423 -0.7480
vn 0.3891 -0.0168 -0.9211
vn 0.6518 -0.0091 -0.7583
vn -0.6297 0.0204 0.7766
vn -0.6425 -0.0165 0.7661
vn -0.6446 -0.0183 0.7643
vn -0.7521 0.0069 -0.6590
vn -0.1048 -0.9372 -0.3326
vn 0.0574 0.9202 -0.3872
vn -0.0453 0.8841 -0.4650
vn -0.0757 0.0065 -0.9971
vn 0.1716 -0.8768 0.4492
vn 0.9982 0.0517 -0.0301
vn 0.0658 0.0011 0.9978
vn 0.9961 0.0096 -0.0875
vn 0.9921 -0.0810 -0.0953
vn 0.0602 -0.0020 0.9982
vn 0.0765 -0.0052 0.9971
vn 0.9976 0.0451 -0.0532
vn 0.9919 -0.0428 -0.1199
vn 0.0641 -0.0010 0.9979
vn 0.9956 0.0589 -0.0727
vn -0.0794 -0.0017 -0.9968
vn 0.9828 -0.1594 -0.0932
vn -0.0797 0.0037 -0.9968
vn -0.0791 -0.0005 -0.9969
vn -0.0615 -0.0029 -0.9981
vn -0.0653 0.0040 -0.9979
vn -0.0764 -0.0025 -0.9971
vn 0.9962 0.0683 -0.0544
vn -0.9966 -0.0463 0.0684
vn 0.0764 0.0010 0.9971
vn -0.9937 0.1044 0.0405
vn 0.0816 -0.0005 0.9967
vn -0.9958 -0.0444 0.0805
vn 0.0779 0.0007 0.9970
vn -0.9952 -0.0070 0.0972
vn 0.0803 0.0003 0.9968
vn -0.9971 0.0488 0.0584
vn 0.0819 -0.0013 0.9966
vn -0.9953 -0.0886 0.0382
vn 0.0830 0.0012 0.9966
vn -0.0644 0.0016 -0.9979
vn -0.9955 0.0617 0.0719
vn -0.0809 -0.0035 -0.9967
vn 0.1457 -0.9875 0.0603
vn -0.0707 0.0028 -0.9975
vn -0.1689 -0.9643 0.2041
vn -0.0734 0.0031 -0.9973
vn 0.3178 0.9425 0.1032
vn -0.0717 -0.0019 -0.9974
vn -0.0364 0.9982 0.0480
vn -0.0684 -0.0014 -0.9977
vn -0.0634 -0.0022 -0.9980
vn -0.0496 0.9924 0.1124
vn 0.1224 0.9924 -0.0087
vn -0.0721 -0.0033 -0.9974
vn -0.1116 -0.0015 0.9938
vn 0.1300 0.0010 -0.9915
vn 0.1287 -0.0004 -0.9917
vn 0.1274 -0.0003 -0.9919
vn 0.1280 0.0003 -0.9918
vn 0.1288 0.0008 -0.9917
vn 0.1097 0.0035 -0.9940
vn -0.1156 0.0005 0.9933
vn -0.1112 -0.0005 0.9938
vn -0.9903 0.0472 -0.1306
vn -0.9888 -0.0618 -0.1357
vn 0.9964 0.0282 0.0804
vn -0.1250 0.0011 0.9922
vn -0.0902 -0.0003 0.9959
vn -0.1453 -0.0003 0.9894
vn -0.1186 0.0001 0.9929
vn -0.1198 -0.0014 0.9928
vn -0.1025 -0.0034 0.9947
vn -0.1333 -0.0036 0.9911
vn -0.1188 -0.0001 0.9929
vn -0.1160 0.0055 0.9932
vn -0.1308 0.0048 0.9914
vn -0.1186 -0.0002 0.9929
vn -0.1198 -0.0002 0.9928
vn -0.1192 -0.0000 0.9929
vn -0.1342 -0.0038 0.9909
vn -0.1191 -0.0000 0.9929
vn -0.1169 0.0007 0.9931
vn -0.1169 -0.0007 0.9931
vn -0.1154 0.0059 0.9933
vn -0.1306 0.0041 0.9914
vn -0.1194 0.0002 0.9929
vn -0.1220 -0.0007 0.9925
vn -0.1164 -0.0008 0.9932
vn -0.1129 -0.0039 0.9936
vn -0.1323 -0.0034 0.9912
vn -0.1193 -0.0002 0.9929
vn -0.1251 -0.0002 0.9921
vn -0.1106 0.0009 0.9939
vn -0.1275 0.0011 0.9918
vn -0.1161 0.0027 0.9932
vn -0.1208 0.0031 0.9927
vn -0.1226 0.0036 0.9925
vn -0.1134 0.0022 0.9935
vn 0.1180 -0.0003 -0.9930
vn 0.1188 0.0007 -0.9929
vn 0.1193 -0.0000 -0.9929
vn 0.1314 -0.0036 -0.9913
vn 0.1160 0.0010 -0.9932
vn 0.1321 -0.0036 -0.9912
vn 0.1046 -0.0026 -0.9945
vn 0.1311 0.0027 -0.9914
vn 0.1212 -0.0005 -0.9926
vn 0.1460 -0.0007 -0.9893
vn 0.0838 -0.0021 -0.9965
vn 0.1192 -0.0000 -0.9929
vn 0.1107 0.0004 -0.9939
vn 0.1212 0.0005 -0.9926
vn 0.1459 0.0008 -0.9893
vn 0.0905 0.0003 -0.9959
vn 0.1135 -0.0009 -0.9935
vn 0.1170 -0.0007 -0.9931
vn 0.1300 0.0048 -0.9915
vn 0.1091 0.0045 -0.9940
vn 0.1197 -0.0002 -0.9928
vn 0.1033 -0.0027 -0.9946
vn 0.1284 -0.0041 -0.9917
vn 0.1104 -0.0042 -0.9939
vn 0.1198 0.0002 -0.9928
vn 0.1069 0.0040 -0.9943
vn 0.1311 0.0025 -0.9914
vn 0.1072 0.0032 -0.9942
vn 0.1187 0.0001 -0.9929
vn 0.1204 -0.0030 -0.9927
vn 0.1145 0.0048 -0.9934
vn 0.1195 0.0028 -0.9928
vn -0.1231 -0.0020 0.9924
vn -0.1221 -0.0033 0.9925
vn -0.1054 0.0016 0.9944
vn -0.1318 0.0019 0.9913
vn -0.1192 -0.0026 0.9929
vn -0.3132 0.9476 0.0633
vn 0.0713 0.9923 0.1009
vn 0.0955 -0.9951 0.0242
vn 0.0903 -0.9821 0.1652
vn -0.2976 -0.9174 0.2642
vn 0.5929 -0.8014 -0.0786
vn 0.3965 -0.0170 0.9179
vn 0.6142 -0.0062 0.7891
vn 0.7842 0.0435 -0.6190
vn 0.7773 -0.0367 -0.6280
vn 0.7917 -0.0409 -0.6095
vn 0.5560 -0.0162 -0.8310
vn 0.7833 -0.0088 -0.6216
vn -0.7650 0.0197 0.6437
vn -0.7757 -0.0160 0.6310
vn -0.7773 -0.0176 0.6288
vn -0.6142 0.0066 -0.7891
vn -0.0414 -0.9329 -0.3577
vn 0.1335 0.9149 -0.3810
vn 0.0446 0.8769 -0.4786
vn 0.1139 0.0063 -0.9935
vn 0.0860 -0.8692 0.4869
vn 0.9860 0.0499 0.1589
vn -0.1239 0.0011 0.9923
vn 0.9947 0.0092 0.1022
vn 0.9925 -0.0781 0.0938
vn -0.1294 -0.0019 0.9916
vn -0.1132 -0.0050 0.9936
vn 0.9897 0.0435 0.1362
vn 0.9967 -0.0413 0.0696
vn -0.1255 -0.0010 0.9921
vn 0.9916 0.0568 0.1166
vn 0.1103 -0.0016 -0.9939
vn 0.9836 -0.1538 0.0941
vn 0.1100 0.0035 -0.9939
vn 0.1105 -0.0005 -0.9939
vn 0.1281 -0.0028 -0.9918
vn 0.1243 0.0038 -0.9922
vn 0.1133 -0.0024 -0.9936
vn 0.9887 0.0658 0.1347
vn -0.9916 -0.0447 -0.1211
vn -0.1133 0.0009 0.9936
vn -0.9839 0.1006 -0.1480
vn -0.1081 -0.0005 0.9941
vn -0.9931 -0.0428 -0.1090
vn -0.1118 0.0006 0.9937
vn -0.9957 -0.0068 -0.0925
vn -0.1094 0.0003 0.9940
vn -0.9903 0.0470 -0.1310
vn -0.1078 -0.0013 0.9942
vn -0.9849 -0.0854 -0.1505
vn -0.1067 0.0012 0.9943
vn 0.1253 0.0016 -0.9921
vn -0.9913 0.0595 -0.1174
vn 0.1088 -0.0034 -0.9941
vn 0.1365 -0.9866 0.0899
vn 0.1189 0.0027 -0.9929
vn -0.2115 -0.9617 0.1743
vn 0.1163 0.0030 -0.9932
vn 0.3022 0.9386 0.1666
vn 0.1180 -0.0018 -0.9930
vn -0.0465 0.9980 0.0418
vn 0.1213 -0.0013 -0.9926
vn 0.1262 -0.0021 -0.9920
vn -0.0725 0.9918 0.1048
vn 0.1263 0.9919 0.0152
vn 0.1175 -0.0031 -0.9931
vn -0.0038 -0.0014 1.0000
vn 0.0223 0.0007 -0.9998
vn 0.0210 -0.0006 -0.9998
vn 0.0196 -0.0006 -0.9998
vn 0.0203 0.0001 -0.9998
vn 0.0211 0.0005 -0.9998
vn 0.0019 0.0035 -1.0000
vn -0.0077 0.0006 1.0000
vn -0.0033 -0.0005 1.0000
vn -0.9979 0.0612 -0.0230
vn -0.9985 -0.0478 -0.0282
vn 0.9995 0.0142 -0.0276
vn -0.0172 0.0013 0.9999
vn 0.0178 -0.0005 0.9998
vn -0.0377 0.0002 0.9993
vn -0.0108 0.0002 0.9999
vn -0.0120 -0.0012 0.9999
vn 0.0054 -0.0035 1.0000
vn -0.0257 -0.0033 0.9997
vn -0.0110 -0.0000 0.9999
vn -0.0081 0.0056 1.0000
vn -0.0230 0.0051 0.9997
vn -0.0107 -0.0000 0.9999
vn -0.0119 -0.0000 0.9999
vn -0.0113 0.0002 0.9999
vn -0.0265 -0.0034 0.9996
vn -0.0114 0.0002 0.9999
vn -0.0090 0.0008 1.0000
vn -0.0110 0.0001 0.9999
vn -0.0113 0.0001 0.9999
vn -0.0114 0.0001 0.9999
vn -0.0090 -0.0006 1.0000
vn -0.0075 0.0060 1.0000
vn -0.0228 0.0044 0.9997
vn -0.0115 0.0004 0.9999
vn -0.0142 -0.0005 0.9999
vn -0.0086 -0.0006 1.0000
vn -0.0051 -0.0038 1.0000
vn -0.0246 -0.0030 0.9997
vn -0.0115 -0.0000 0.9999
vn -0.0173 -0.0000 0.9999
vn -0.0027 0.0009 1.0000
vn -0.0198 0.0014 0.9998
vn -0.0082 0.0029 1.0000
vn -0.0130 0.0033 0.9999
vn -0.0147 0.0038 0.9999
vn -0.0055 0.0022 1.0000
vn 0.0101 -0.0004 -0.9999
vn 0.0109 0.0005 -0.9999
vn 0.0114 -0.0002 -0.9999
vn 0.0236 -0.0040 -0.9997
vn 0.0082 0.0009 -1.0000
vn 0.0243 -0.0040 -0.9997
vn -0.0034 -0.0026 -1.0000
vn 0.0234 0.0024 -0.9997
vn 0.0133 -0.0007 -0.9999
vn 0.0384 -0.0012 -0.9993
vn -0.0242 -0.0017 -0.9997
vn 0.0113 -0.0002 -0.9999
vn 0.0028 0.0004 -1.0000
vn 0.0133 0.0003 -0.9999
vn 0.0383 0.0002 -0.9993
vn -0.0175 0.0006 -0.9998
vn 0.0056 -0.0010 -1.0000
vn 0.0091 -0.0008 -1.0000
vn 0.0223 0.0045 -0.9997
vn 0.0013 0.0045 -1.0000
vn 0.0119 -0.0003 -0.9999
vn -0.0047 -0.0026 -1.0000
vn 0.0206 -0.0044 -0.9998
vn 0.0024 -0.0043 -1.0000
vn 0.0120 -0.0000 -0.9999
vn -0.0010 0.0040 -1.0000
vn 0.0234 0.0022 -0.9997
vn -0.0006 0.0032 -1.0000
vn 0.0109 -0.0000 -0.9999
vn 0.0125 -0.0032 -0.9999
vn 0.0067 0.0047 -1.0000
vn 0.0117 0.0026 -0.9999
vn -0.0154 -0.0018 0.9999
vn -0.0144 -0.0031 0.9999
vn 0.0026 0.0016 1.0000
vn -0.0240 0.0023 0.9997
vn -0.0114 -0.0024 0.9999
vn -0.2913 0.9517 0.0967
vn 0.0956 0.9911 0.0926
vn 0.0836 -0.9964 0.0137
vn 0.0938 -0.9835 0.1545
vn -0.2802 -0.9136 0.2948
vn 0.5697 -0.8095 -0.1421
vn 0.4930 -0.0239 0.8697
vn 0.6956 -0.0159 0.7183
vn 0.7134 0.0335 -0.7000
vn 0.7045 -0.0465 -0.7082
vn 0.7207 -0.0509 -0.6914
vn 0.4628 -0.0227 -0.8862
vn 0.7114 -0.0187 -0.7025
vn -0.6908 0.0293 0.7225
vn -0.7032 -0.0061 0.7110
vn -0.7051 -0.0078 0.7091
vn -0.6956 0.0164 -0.7183
vn -0.0928 -0.9317 -0.3511
vn 0.1044 0.9135 -0.3932
vn 0.0049 0.8769 -0.4806
vn 0.0062 0.0062 -1.0000
vn 0.1259 -0.8711 0.4748
vn 0.9980 0.0359 0.0516
vn -0.0161 0.0013 0.9999
vn 1.0000 -0.0048 -0.0058
vn 0.9957 -0.0920 -0.0138
vn -0.0217 -0.0016 0.9998
vn -0.0054 -0.0049 1.0000
vn 0.9992 0.0295 0.0286
vn 0.9977 -0.0553 -0.0384
vn -0.0177 -0.0007 0.9998
vn 0.9990 0.0428 0.0089
vn 0.0024 -0.0017 -1.0000
vn 0.9858 -0.1676 -0.0126
vn 0.0022 0.0035 -1.0000
vn 0.0026 -0.0005 -1.0000
vn 0.0203 -0.0031 -0.9998
vn 0.0165 0.0036 -0.9999
vn 0.0054 -0.0025 -1.0000
vn 0.9983 0.0519 0.0272
vn -0.9994 -0.0307 -0.0133
vn -0.0054 0.0010 1.0000
vn -0.9926 0.1145 -0.0409
vn -0.0002 -0.0005 1.0000
vn -0.9996 -0.0288 -0.0012
vn -0.0039 0.0007 1.0000
vn -0.9999 0.0072 0.0155
vn -0.0015 0.0003 1.0000
vn -0.9979 0.0610 -0.0233
vn 0.0001 -0.0013 1.0000
vn -0.9965 -0.0715 -0.0434
vn 0.0012 0.0011 1.0000
vn 0.0175 0.0013 -0.9998
vn -0.9972 0.0735 -0.0098
vn 0.0008 -0.0034 -1.0000
vn 0.1316 -0.9885 0.0746
vn 0.0111 0.0025 -0.9999
vn -0.2049 -0.9589 0.1961
vn 0.0085 0.0029 -1.0000
vn 0.3315 0.9340 0.1331
vn 0.0101 -0.0020 -0.9999
vn -0.0278 0.9985 0.0465
vn 0.0134 -0.0015 -0.9999
vn 0.0184 -0.0023 -0.9998
vn -0.0469 0.9926 0.1120
vn 0.1411 0.9900 0.0014
vn 0.0097 -0.0033 -0.9999
vn -0.0781 0.0015 0.9969
vn 0.0596 -0.0010 -0.9982
vn 0.0609 0.0004 -0.9981
vn 0.0622 0.0003 -0.9981
vn 0.0616 -0.0004 -0.9981
vn 0.0607 -0.0009 -0.9982
vn 0.0800 -0.0036 -0.9968
vn -0.0741 -0.0005 0.9973
vn -0.0785 0.0005 0.9969
vn 0.9971 -0.0490 0.0587
vn 0.9965 0.0641 0.0535
vn -0.9936 -0.0293 -0.1092
vn -0.0646 -0.0011 0.9979
vn -0.0995 0.0003 0.9950
vn -0.0441 0.0003 0.9990
vn -0.0710 -0.0001 0.9975
vn -0.0699 0.0015 0.9976
vn -0.0872 0.0036 0.9962
vn -0.0562 0.0037 0.9984
vn -0.0708 0.0001 0.9975
vn -0.0737 -0.0057 0.9973
vn -0.0588 -0.0050 0.9983
vn -0.0711 0.0002 0.9975
vn -0.0699 0.0002 0.9976
vn -0.0705 -0.0000 0.9975
vn -0.0553 0.0039 0.9985
vn -0.0704 -0.0000 0.9975
vn -0.0727 -0.0007 0.9974
vn -0.0728 0.0007 0.9973
vn -0.0742 -0.0061 0.9972
vn -0.0590 -0.0042 0.9982
vn -0.0703 -0.0002 0.9975
vn -0.0676 0.0007 0.9977
vn -0.0732 0.0008 0.9973
vn -0.0767 0.0040 0.9970
vn -0.0572 0.0035 0.9984
vn -0.0703 0.0002 0.9975
vn -0.0645 0.0002 0.9979
vn -0.0791 -0.0009 0.9969
vn -0.0620 -0.0011 0.9981
vn -0.0735 -0.0028 0.9973
vn -0.0688 -0.0032 0.9976
vn -0.0670 -0.0037 0.9977
vn -0.0762 -0.0022 0.9971
vn 0.0717 0.0003 -0.9974
vn 0.0709 -0.0007 -0.9975
vn 0.0704 -0.0000 -0.9975
vn 0.0581 0.0038 -0.9983
vn 0.0736 -0.0011 -0.9973
vn 0.0575 0.0038 -0.9983
vn 0.0851 0.0027 -0.9964
vn 0.0585 -0.0028 -0.9983
vn 0.0685 0.0005 -0.9977
vn 0.0435 0.0007 -0.9991
vn 0.1058 0.0022 -0.9944
vn 0.0705 -0.0000 -0.9975
vn 0.0790 -0.0004 -0.9969
vn 0.0685 -0.0005 -0.9977
vn 0.0435 -0.0008 -0.9991
vn 0.0992 -0.0003 -0.9951
vn 0.0762 0.0010 -0.9971
vn 0.0727 0.0007 -0.9974
vn 0.0596 -0.0050 -0.9982
vn 0.0805 -0.0046 -0.9967
vn 0.0699 0.0002 -0.9976
vn 0.0864 0.0028 -0.9963
vn 0.0612 0.0043 -0.9981
vn 0.0793 0.0044 -0.9968
vn 0.0698 -0.0002 -0.9976
vn 0.0828 -0.0041 -0.9966
vn 0.0585 -0.0026 -0.9983
vn 0.0825 -0.0033 -0.9966
vn 0.0709 -0.0001 -0.9975
vn 0.0693 0.0031 -0.9976
vn 0.0751 -0.0050 -0.9972
vn 0.0701 -0.0029 -0.9975
vn -0.0665 0.0020 0.9978
vn -0.0675 0.0034 0.9977
vn -0.0843 -0.0017 0.9964
vn -0.0578 -0.0020 0.9983
vn -0.0704 0.0027 0.9975
vn 0.2860 -0.9510 0.1174
vn -0.0859 -0.9929 0.0826
vn -0.0948 0.9955 0.0055
vn -0.1157 0.9833 0.1402
vn 0.2350 0.9226 0.3060
vn -0.5540 0.8117 -0.1848
vn -0.5627 0.0176 0.8265
vn -0.7521 0.0064 0.6590
vn -0.6532 -0.0451 -0.7559
vn -0.6447 0.0380 -0.7635
vn -0.6623 0.0423 -0.7480
vn -0.3891 0.0169 -0.9211
vn -0.6518 0.0091 -0.7583
vn 0.6297 -0.0204 0.7766
vn 0.6425 0.0165 0.7661
vn 0.6446 0.0183 0.7643
vn 0.7521 -0.0069 -0.6590
vn 0.1048 0.9372 -0.3326
vn -0.0574 -0.9202 -0.3872
vn 0.0453 -0.8841 -0.4650
vn 0.0757 -0.0065 -0.9971
vn -0.1715 0.8768 0.4492
vn -0.9982 -0.0517 -0.0301
vn -0.0658 -0.0011 0.9978
vn -0.9961 -0.0096 -0.0875
vn -0.9922 0.0810 -0.0953
vn -0.0602 0.0020 0.9982
vn -0.0765 0.0052 0.9971
vn -0.9976 -0.0451 -0.0532
vn -0.9919 0.0428 -0.1199
vn -0.0641 0.0010 0.9979
vn -0.9956 -0.0589 -0.0727
vn 0.0794 0.0017 -0.9968
vn -0.9828 0.1594 -0.0932
vn 0.0797 -0.0037 -0.9968
vn 0.0791 0.0005 -0.9969
vn 0.0615 0.0029 -0.9981
vn 0.0653 -0.0040 -0.9979
vn 0.0764 0.0025 -0.9971
vn -0.9962 -0.0683 -0.0544
vn 0.9966 0.0463 0.0684
vn -0.0764 -0.0010 0.9971
vn 0.9937 -0.1044 0.0405
vn -0.0816 0.0005 0.9967
vn 0.9958 0.0444 0.0805
vn -0.0779 -0.0007 0.9970
vn 0.9952 0.0070 0.0972
vn -0.0803 -0.0003 0.9968
vn 0.9971 -0.0488 0.0584
vn -0.0819 0.0013 0.9966
vn 0.9953 0.0886 0.0382
vn -0.0830 -0.0012 0.9966
vn 0.0644 -0.0016 -0.9979
vn 0.9955 -0.0617 0.0719
vn 0.0809 0.0035 -0.9967
vn -0.1457 0.9875 0.0603
vn 0.0707 -0.0028 -0.9975
vn 0.1689 0.9643 0.2041
vn 0.0734 -0.0031 -0.9973
vn -0.3177 -0.9425 0.1032
vn 0.0717 0.0019 -0.9974
vn 0.0364 -0.9982 0.0480
vn 0.0684 0.0014 -0.9977
vn 0.0634 0.0022 -0.9980
vn 0.0496 -0.9924 0.1124
vn -0.1224 -0.9924 -0.0086
vn 0.0721 0.0033 -0.9974
vn 0.1116 0.0015 0.9938
vn -0.1300 -0.0010 -0.9915
vn -0.1287 0.0004 -0.9917
vn -0.1274 0.0003 -0.9919
vn -0.1280 -0.0003 -0.9918
vn -0.1288 -0.0008 -0.9917
vn -0.1097 -0.0035 -0.9940
vn 0.1156 -0.0005 0.9933
vn 0.1112 0.0005 0.9938
vn 0.9903 -0.0472 -0.1306
vn 0.9888 0.0618 -0.1357
vn -0.9964 -0.0282 0.0804
vn 0.1250 -0.0011 0.9922
vn 0.0902 0.0003 0.9959
vn 0.1453 0.0003 0.9894
vn 0.1186 -0.0001 0.9929
vn 0.1198 0.0014 0.9928
vn 0.1025 0.0034 0.9947
vn 0.1333 0.0036 0.9911
vn 0.1188 0.0001 0.9929
vn 0.1160 -0.0055 0.9932
vn 0.1308 -0.0048 0.9914
vn 0.1186 0.0002 0.9929
vn 0.1198 0.0002 0.9928
vn 0.1192 -0.0000 0.9929
vn 0.1342 0.0038 0.9909
vn 0.1191 -0.0000 0.9929
vn 0.1169 -0.0007 0.9931
vn 0.1169 0.0007 0.9931
vn 0.1154 -0.0059 0.9933
vn 0.1306 -0.0041 0.9914
vn 0.1194 -0.0002 0.9929
vn 0.1220 0.0007 0.9925
vn 0.1164 0.0008 0.9932
vn 0.1129 0.0039 0.9936
vn 0.1323 0.0034 0.9912
vn 0.1193 0.0002 0.9929
vn 0.1251 0.0002 0.9921
vn 0.1106 -0.0009 0.9939
vn 0.1275 -0.0011 0.9918
vn 0.1161 -0.0027 0.9932
vn 0.1208 -0.0031 0.9927
vn 0.1226 -0.0036 0.9925
vn 0.1134 -0.0022 0.9935
vn -0.1180 0.0003 -0.9930
vn -0.1188 -0.0007 -0.9929
vn -0.1193 -0.0000 -0.9929
vn -0.1314 0.0036 -0.9913
vn -0.1160 -0.0010 -0.9932
vn -0.1321 0.0036 -0.9912
vn -0.1046 0.0026 -0.9945
vn -0.1311 -0.0027 -0.9914
vn -0.1212 0.0005 -0.9926
vn -0.1460 0.0007 -0.9893
vn -0.0838 0.0021 -0.9965
vn -0.1192 -0.0000 -0.9929
vn -0.1107 -0.0004 -0.9939
vn -0.1212 -0.0005 -0.9926
vn -0.1459 -0.0008 -0.9893
vn -0.0905 -0.0003 -0.9959
vn -0.1135 0.0009 -0.9935
vn -0.1170 0.0007 -0.9931
vn -0.1300 -0.0048 -0.9915
vn -0.1091 -0.0045 -0.9940
vn -0.1197 0.0002 -0.9928
vn -0.1033 0.0027 -0.9946
vn -0.1284 0.0041 -0.9917
vn -0.1104 0.0042 -0.9939
vn -0.1198 -0.0002 -0.9928
vn -0.1069 -0.0040 -0.9943
vn -0.1311 -0.0025 -0.9914
vn -0.1072 -0.0032 -0.9942
vn -0.1187 -0.0001 -0.9929
vn -0.1204 0.0030 -0.9927
vn -0.1145 -0.0048 -0.9934
vn -0.1195 -0.0028 -0.9928
vn 0.1231 0.0020 0.9924
vn 0.1221 0.0033 0.9925
vn 0.1054 -0.0016 0.9944
vn 0.1318 -0.0019 0.9913
vn 0.1192 0.0026 0.9929
vn 0.3132 -0.9476 0.0633
vn -0.0713 -0.9923 0.1009
vn -0.0955 0.9951 0.0242
vn -0.0903 0.9821 0.1652
vn 0.2976 0.9174 0.2642
vn -0.5929 0.8014 -0.0786
vn -0.3966 0.0170 0.9179
vn -0.6142 0.0062 0.7891
vn -0.7842 -0.0435 -0.6190
vn -0.7773 0.0367 -0.6280
vn -0.7917 0.0408 -0.6095
vn -0.5560 0.0162 -0.8310
vn -0.7833 0.0088 -0.6216
vn 0.7651 -0.0197 0.6437
vn 0.7757 0.0159 0.6309
vn 0.7773 0.0177 0.6289
vn 0.6142 -0.0067 -0.7891
vn 0.0414 0.9329 -0.3577
vn -0.1335 -0.9149 -0.3810
vn -0.0446 -0.8769 -0.4786
vn -0.1139 -0.0063 -0.9935
vn -0.0860 0.8692 0.4869
vn -0.9860 -0.0499 0.1589
vn 0.1239 -0.0011 0.9923
vn -0.9947 -0.0092 0.1022
vn -0.9925 0.0781 0.0938
vn 0.1294 0.0019 0.9916
vn 0.1132 0.0050 0.9936
vn -0.9897 -0.0435 0.1362
vn -0.9967 0.0413 0.0696
vn 0.1255 0.0010 0.9921
vn -0.9916 -0.0568 0.1166
vn -0.1103 0.0016 -0.9939
vn -0.9836 0.1538 0.0941
vn -0.1100 -0.0035 -0.9939
vn -0.1105 0.0005 -0.9939
vn -0.1281 0.0028 -0.9918
vn -0.1243 -0.0038 -0.9922
vn -0.1133 0.0024 -0.9936
vn -0.9887 -0.0658 0.1347
vn 0.9916 0.0447 -0.1211
vn 0.1133 -0.0009 0.9936
vn 0.9839 -0.1006 -0.1480
vn 0.1081 0.0005 0.9941
vn 0.9931 0.0428 -0.1090
vn 0.1118 -0.0006 0.9937
vn 0.9957 0.0068 -0.0925
vn 0.1094 -0.0003 0.9940
vn 0.9903 -0.0470 -0.1310
vn 0.1078 0.0013 0.9942
vn 0.9849 0.0854 -0.1505
vn 0.1067 -0.0012 0.9943
vn -0.1253 -0.0016 -0.9921
vn 0.9913 -0.0595 -0.1174
vn -0.1088 0.0034 -0.9941
vn -0.1365 0.9866 0.0899
vn -0.1189 -0.0027 -0.9929
vn 0.2115 0.9617 0.1743
vn -0.1163 -0.0030 -0.9932
vn -0.3022 -0.9386 0.1666
vn -0.1180 0.0018 -0.9930
vn 0.0465 -0.9980 0.0418
vn -0.1213 0.0013 -0.9926
vn -0.1262 0.0021 -0.9920
vn 0.0725 -0.9918 0.1048
vn -0.1263 -0.9919 0.0152
vn -0.1175 0.0031 -0.9931
vn 0.0038 0.0017 1.0000
vn -0.0223 -0.0009 -0.9998
vn -0.0210 0.0007 -0.9998
vn -0.0196 0.0006 -0.9998
vn -0.0203 -0.0001 -0.9998
vn -0.0211 -0.0007 -0.9998
vn -0.0019 -0.0041 -1.0000
vn 0.0077 -0.0007 1.0000
vn 0.0033 0.0006 1.0000
vn 0.9973 -0.0693 -0.0230
vn 0.9979 0.0585 -0.0282
vn -0.9994 -0.0191 -0.0276
vn 0.0172 -0.0015 0.9999
vn -0.0178 0.0006 0.9998
vn 0.0377 -0.0001 0.9993
vn 0.0108 -0.0002 0.9999
vn 0.0120 0.0015 0.9999
vn -0.0053 0.0041 1.0000
vn 0.0257 0.0039 0.9997
vn 0.0110 -0.0000 0.9999
vn 0.0081 -0.0066 0.9999
vn 0.0230 -0.0059 0.9997
vn 0.0107 -0.0000 0.9999
vn 0.0119 -0.0000 0.9999
vn 0.0113 -0.0002 0.9999
vn 0.0266 0.0040 0.9996
vn 0.0114 -0.0002 0.9999
vn 0.0090 -0.0009 1.0000
vn 0.0110 -0.0001 0.9999
vn 0.0113 -0.0001 0.9999
vn 0.0114 -0.0001 0.9999
vn 0.0090 0.0007 1.0000
vn 0.0075 -0.0070 0.9999
vn 0.0228 -0.0051 0.9997
vn 0.0115 -0.0004 0.9999
vn 0.0142 0.0006 0.9999
vn 0.0086 0.0008 1.0000
vn 0.0051 0.0045 1.0000
vn 0.0246 0.0036 0.9997
vn 0.0115 0.0001 0.9999
vn 0.0173 -0.0000 0.9999
vn 0.0027 -0.0011 1.0000
vn 0.0198 -0.0016 0.9998
vn 0.0082 -0.0033 1.0000
vn 0.0129 -0.0038 0.9999
vn 0.0147 -0.0044 0.9999
vn 0.0055 -0.0026 1.0000
vn -0.0101 0.0005 -0.9999
vn -0.0109 -0.0006 -0.9999
vn -0.0115 0.0002 -0.9999
vn -0.0236 0.0046 -0.9997
vn -0.0082 -0.0011 -1.0000
vn -0.0243 0.0046 -0.9997
vn 0.0034 0.0030 -1.0000
vn -0.0234 -0.0029 -0.9997
vn -0.0133 0.0008 -0.9999
vn -0.0384 0.0014 -0.9993
vn 0.0242 0.0021 -0.9997
vn -0.0113 0.0002 -0.9999
vn -0.0028 -0.0004 -1.0000
vn -0.0134 -0.0004 -0.9999
vn -0.0383 -0.0004 -0.9993
vn 0.0175 -0.0006 -0.9998
vn -0.0056 0.0012 -1.0000
vn -0.0091 0.0010 -1.0000
vn -0.0223 -0.0053 -0.9997
vn -0.0013 -0.0052 -1.0000
vn -0.0119 0.0004 -0.9999
vn 0.0047 0.0031 -1.0000
vn -0.0206 0.0051 -0.9998
vn -0.0024 0.0050 -1.0000
vn -0.0120 -0.0000 -0.9999
vn 0.0010 -0.0047 -1.0000
vn -0.0234 -0.0026 -0.9997
vn 0.0006 -0.0037 -1.0000
vn -0.0109 -0.0000 -0.9999
vn -0.0125 0.0037 -0.9999
vn -0.0067 -0.0055 -1.0000
vn -0.0117 -0.0031 -0.9999
vn 0.0154 0.0021 0.9999
vn 0.0144 0.0037 0.9999
vn -0.0026 -0.0018 1.0000
vn 0.0240 -0.0026 0.9997
vn 0.0114 0.0029 0.9999
vn 0.2498 -0.9647 0.0836
vn -0.0837 -0.9933 0.0791
vn -0.0693 0.9975 0.0117
vn -0.0783 0.9881 0.1324
vn 0.2461 0.9346 0.2569
vn -0.5095 0.8510 -0.1275
vn -0.4929 0.0268 0.8697
vn -0.6956 0.0170 0.7183
vn -0.7132 -0.0411 -0.6997
vn -0.7042 0.0528 -0.7080
vn -0.7204 0.0579 -0.6912
vn -0.4628 0.0255 -0.8861
vn -0.7114 0.0202 -0.7025
vn 0.6907 -0.0327 0.7224
vn 0.7032 0.0089 0.7109
vn 0.7051 0.0108 0.7090
vn 0.6956 -0.0176 -0.7183
vn 0.0825 0.9489 -0.3047
vn -0.0930 -0.9348 -0.3429
vn -0.0062 -0.9060 -0.4233
vn -0.0062 -0.0073 -1.0000
vn -0.1092 0.9014 0.4189
vn -0.9977 -0.0445 0.0516
vn 0.0160 -0.0015 0.9999
vn -1.0000 0.0032 -0.0058
vn -0.9943 0.1054 -0.0138
vn 0.0217 0.0020 0.9998
vn 0.0054 0.0058 1.0000
vn -0.9989 -0.0370 0.0285
vn -0.9973 0.0624 -0.0384
vn 0.0177 0.0009 0.9998
vn -0.9986 -0.0526 0.0089
vn -0.0024 0.0020 -1.0000
vn -0.9810 0.1934 -0.0125
vn -0.0022 -0.0041 -1.0000
vn -0.0026 0.0006 -1.0000
vn -0.0203 0.0036 -0.9998
vn -0.0166 -0.0043 -0.9999
vn -0.0054 0.0029 -1.0000
vn -0.9976 -0.0632 0.0272
vn 0.9992 0.0384 -0.0133
vn 0.0054 -0.0012 1.0000
vn 0.9904 -0.1317 -0.0409
vn 0.0002 0.0006 1.0000
vn 0.9993 0.0362 -0.0012
vn 0.0039 -0.0008 1.0000
vn 0.9999 -0.0060 0.0155
vn 0.0015 -0.0004 1.0000
vn 0.9973 -0.0691 -0.0233
vn -0.0001 0.0015 1.0000
vn 0.9953 0.0862 -0.0433
vn -0.0012 -0.0013 1.0000
vn -0.0175 -0.0016 -0.9998
vn 0.9964 -0.0837 -0.0097
vn -0.0008 0.0040 -1.0000
vn -0.1105 0.9918 0.0638
vn -0.0111 -0.0030 -0.9999
vn 0.1785 0.9693 0.1689
vn -0.0085 -0.0034 -1.0000
vn -0.2893 -0.9503 0.1153
vn -0.0101 0.0023 -0.9999
vn 0.0216 -0.9990 0.0397
vn -0.0134 0.0017 -0.9999
vn -0.0184 0.0027 -0.9998
vn 0.0380 -0.9947 0.0957
vn -0.1226 -0.9925 0.0012
vn -0.0096 0.0038 -0.9999
vn 0.0588 0.0049 0.9983
vn 0.0621 0.0011 0.9981
vn -0.0825 0.0033 -0.9966
vn -0.0693 -0.0031 -0.9976
vn 0.5540 -0.8118 -0.1847
vn 0.7521 -0.0064 0.6590
vn 0.3891 -0.0169 -0.9211
vn -0.6297 0.0204 0.7765
vn -0.6426 -0.0165 0.7661
vn 0.9922 -0.0810 -0.0953
vn 0.0764 -0.0052 0.9971
vn 0.3177 0.9425 0.1032
vn 0.1224 0.9924 -0.0086
vn 0.1274 -0.0003 -0.9918
vn -0.9903 0.0472 -0.1307
vn -0.9888 -0.0618 -0.1356
vn 0.3966 -0.0170 0.9178
vn 0.7773 -0.0366 -0.6280
vn 0.7917 -0.0408 -0.6095
vn -0.7757 -0.0159 0.6309
vn -0.7773 -0.0177 0.6288
vn -0.6142 0.0067 -0.7891
vn -0.9916 -0.0447 -0.1210
vn -0.9839 0.1006 -0.1479
vn -0.9903 0.0470 -0.1309
vn 0.1252 0.0016 -0.9921
vn 0.9976 -0.0015 0.0689
vn -0.9969 0.0010 -0.0781
vn -0.9970 -0.0004 -0.0775
vn -0.9970 -0.0003 -0.0768
vn -0.9970 0.0003 -0.0771
vn -0.9970 0.0008 -0.0776
vn -0.9977 0.0035 -0.0679
vn 0.9975 0.0005 0.0708
vn 0.9976 -0.0005 0.0686
vn -0.0954 0.0936 0.9910
vn -0.1053 -0.1221 0.9869
vn -0.0046 0.0560 -0.9984
vn 0.9971 0.0011 0.0756
vn 0.9983 -0.0003 0.0580
vn 0.9963 -0.0003 0.0859
vn 0.9974 0.0001 0.0724
vn 0.9973 -0.0014 0.0730
vn 0.9979 -0.0034 0.0643
vn 0.9968 -0.0036 0.0798
vn 0.9974 -0.0001 0.0725
vn 0.9975 0.0055 0.0711
vn 0.9969 0.0048 0.0785
vn 0.9974 -0.0002 0.0724
vn 0.9973 -0.0002 0.0730
vn 0.9974 -0.0000 0.0727
vn 0.9968 -0.0038 0.0803
vn 0.9974 -0.0000 0.0726
vn 0.9974 0.0007 0.0715
vn 0.9974 -0.0007 0.0715
vn 0.9975 0.0059 0.0707
vn 0.9969 0.0041 0.0784
vn 0.9973 0.0002 0.0728
vn 0.9973 -0.0007 0.0741
vn 0.9975 -0.0008 0.0713
vn 0.9976 -0.0039 0.0695
vn 0.9968 -0.0034 0.0793
vn 0.9974 -0.0002 0.0727
vn 0.9971 -0.0002 0.0756
vn 0.9977 0.0009 0.0683
vn 0.9970 0.0011 0.0769
vn 0.9975 0.0027 0.0711
vn 0.9973 0.0031 0.0735
vn 0.9972 0.0036 0.0744
vn 0.9976 0.0021 0.0698
vn -0.9974 -0.0003 -0.0721
vn -0.9974 0.0007 -0.0725
vn -0.9974 -0.0000 -0.0727
vn -0.9969 -0.0036 -0.0788
vn -0.9975 0.0010 -0.0711
vn -0.9969 -0.0036 -0.0792
vn -0.9979 -0.0026 -0.0653
vn -0.9969 0.0027 -0.0787
vn -0.9973 -0.0005 -0.0737
vn -0.9963 -0.0007 -0.0862
vn -0.9985 -0.0021 -0.0548
vn -0.9977 0.0004 -0.0684
vn -0.9973 0.0005 -0.0737
vn -0.9963 0.0008 -0.0862
vn -0.9983 0.0003 -0.0582
vn -0.9976 -0.0009 -0.0698
vn -0.9974 -0.0007 -0.0716
vn -0.9969 0.0048 -0.0781
vn -0.9977 0.0045 -0.0676
vn -0.9973 -0.0002 -0.0729
vn -0.9979 -0.0027 -0.0647
vn -0.9970 -0.0041 -0.0773
vn -0.9977 -0.0042 -0.0682
vn -0.9973 0.0002 -0.0730
vn -0.9978 0.0040 -0.0664
vn -0.9969 0.0025 -0.0787
vn -0.9978 0.0032 -0.0666
vn -0.9974 0.0001 -0.0724
vn -0.9973 -0.0030 -0.0733
vn -0.9975 0.0048 -0.0703
vn -0.9973 0.0028 -0.0728
vn 0.9972 -0.0020 0.0747
vn 0.9972 -0.0033 0.0742
vn 0.9978 0.0016 0.0657
vn 0.9969 0.0019 0.0790
vn 0.9974 -0.0026 0.0727
vn 0.0921 0.9820 0.1652
vn 0.0947 0.9949 -0.0349
vn 0.0162 -0.9987 -0.0482
vn 0.1576 -0.9865 -0.0439
vn 0.2951 -0.9423 0.1582
vn -0.1469 -0.9259 -0.3480
vn 0.9774 -0.0189 -0.2104
vn 0.9251 -0.0078 -0.3796
vn -0.8581 0.0549 -0.5105
vn -0.8631 -0.0459 -0.5030
vn -0.8532 -0.0519 -0.5190
vn -0.9482 -0.0176 -0.3172
vn -0.8604 -0.0110 -0.5095
vn 0.8714 0.0244 0.4899
vn 0.8651 -0.0199 0.5012
vn 0.8640 -0.0221 0.5029
vn -0.9251 0.0084 0.3796
vn -0.3532 -0.9354 0.0166
vn -0.3911 0.9175 -0.0725
vn -0.4798 0.8769 -0.0285
vn -0.9975 0.0063 -0.0700
vn 0.4809 -0.8760 -0.0378
vn 0.1516 0.0986 -0.9835
vn 0.9972 0.0011 0.0750
vn 0.0387 0.0183 -0.9991
vn 0.0223 -0.1538 -0.9878
vn 0.9970 -0.0019 0.0778
vn 0.9976 -0.0050 0.0697
vn 0.1064 0.0862 -0.9906
vn -0.0259 -0.0817 -0.9963
vn 0.9971 -0.0010 0.0758
vn 0.0674 0.1125 -0.9914
vn -0.9977 -0.0016 -0.0682
vn 0.0238 -0.2956 -0.9550
vn -0.9977 0.0035 -0.0680
vn -0.9977 -0.0005 -0.0683
vn -0.9970 -0.0028 -0.0772
vn -0.9972 0.0038 -0.0753
vn -0.9976 -0.0024 -0.0697
vn 0.1033 0.1301 -0.9861
vn -0.0763 -0.0886 0.9931
vn 0.9976 0.0009 0.0697
vn -0.1290 0.1970 0.9719
vn 0.9977 -0.0005 0.0671
vn -0.0524 -0.0849 0.9950
vn 0.9976 0.0006 0.0689
vn -0.0194 -0.0134 0.9997
vn 0.9977 0.0003 0.0678
vn -0.0961 0.0932 0.9910
vn 0.9978 -0.0013 0.0669
vn -0.1343 -0.1679 0.9766
vn 0.9978 0.0012 0.0664
vn -0.9971 0.0016 -0.0757
vn -0.0691 0.1178 0.9906
vn -0.9977 -0.0034 -0.0674
vn 0.0787 -0.9945 -0.0686
vn -0.9974 0.0027 -0.0725
vn 0.1935 -0.9748 0.1108
vn -0.9975 0.0030 -0.0712
vn 0.1465 0.9767 -0.1571
vn -0.9974 -0.0018 -0.0720
vn 0.0454 0.9987 0.0241
vn -0.9973 -0.0013 -0.0737
vn -0.9971 -0.0021 -0.0762
vn 0.1103 0.9932 0.0381
vn 0.0047 0.9979 -0.0642
vn -0.9974 -0.0031 -0.0718
vn -0.9997 -0.0015 -0.0242
vn 0.9994 0.0010 0.0336
vn 0.9995 -0.0004 0.0329
vn 0.9995 -0.0003 0.0323
vn 0.9995 0.0004 0.0326
vn 0.9995 0.0009 0.0330
vn 0.9997 0.0036 0.0233
vn -0.9997 0.0005 -0.0262
vn -0.9997 -0.0005 -0.0240
vn 0.0510 0.0965 -0.9940
vn 0.0609 -0.1258 -0.9902
vn 0.0487 0.0577 0.9971
vn -0.9995 0.0011 -0.0310
vn -0.9999 -0.0003 -0.0133
vn -0.9991 -0.0003 -0.0414
vn -0.9996 0.0001 -0.0278
vn -0.9996 -0.0015 -0.0284
vn -0.9998 -0.0036 -0.0196
vn -0.9994 -0.0037 -0.0353
vn -0.9996 -0.0001 -0.0279
vn -0.9996 0.0057 -0.0264
vn -0.9994 0.0049 -0.0340
vn -0.9996 -0.0002 -0.0278
vn -0.9996 -0.0002 -0.0284
vn -0.9996 -0.0000 -0.0281
vn -0.9994 -0.0039 -0.0357
vn -0.9996 -0.0000 -0.0280
vn -0.9996 0.0007 -0.0269
vn -0.9996 -0.0007 -0.0269
vn -0.9996 0.0061 -0.0262
vn -0.9994 0.0042 -0.0339
vn -0.9996 0.0002 -0.0282
vn -0.9996 -0.0007 -0.0295
vn -0.9996 -0.0008 -0.0267
vn -0.9997 -0.0040 -0.0249
vn -0.9994 -0.0035 -0.0348
vn -0.9996 -0.0002 -0.0281
vn -0.9995 -0.0002 -0.0311
vn -0.9997 0.0009 -0.0237
vn -0.9995 0.0011 -0.0323
vn -0.9996 0.0028 -0.0265
vn -0.9996 0.0032 -0.0289
vn -0.9995 0.0037 -0.0298
vn -0.9997 0.0022 -0.0251
vn 0.9996 -0.0003 0.0275
vn 0.9996 0.0007 0.0279
vn 0.9996 -0.0000 0.0281
vn 0.9994 -0.0038 0.0343
vn 0.9996 0.0011 0.0265
vn 0.9994 -0.0038 0.0347
vn 0.9998 -0.0027 0.0206
vn 0.9994 0.0028 0.0341
vn 0.9996 -0.0005 0.0291
vn 0.9991 -0.0007 0.0417
vn 0.9999 -0.0022 0.0101
vn 0.9997 0.0004 0.0237
vn 0.9996 0.0005 0.0291
vn 0.9991 0.0008 0.0417
vn 0.9999 0.0003 0.0135
vn 0.9997 -0.0010 0.0252
vn 0.9996 -0.0007 0.0269
vn 0.9994 0.0050 0.0336
vn 0.9997 0.0046 0.0230
vn 0.9996 -0.0002 0.0284
vn 0.9998 -0.0028 0.0200
vn 0.9995 -0.0043 0.0328
vn 0.9997 -0.0044 0.0236
vn 0.9996 0.0002 0.0284
vn 0.9998 0.0041 0.0218
vn 0.9994 0.0026 0.0342
vn 0.9998 0.0033 0.0220
vn 0.9996 0.0001 0.0278
vn 0.9996 -0.0031 0.0287
vn 0.9997 0.0050 0.0257
vn 0.9996 0.0029 0.0282
vn -0.9995 -0.0020 -0.0301
vn -0.9996 -0.0034 -0.0296
vn -0.9998 0.0017 -0.0210
vn -0.9994 0.0020 -0.0345
vn -0.9996 -0.0027 -0.0281
vn -0.0958 0.9831 -0.1563
vn -0.0897 0.9952 0.0380
vn -0.0135 -0.9988 0.0475
vn -0.1500 -0.9874 0.0494
vn -0.2922 -0.9459 -0.1410
vn 0.1571 -0.9300 0.3324
vn -0.9666 -0.0196 0.2555
vn -0.9062 -0.0081 0.4228
vn 0.8787 0.0568 0.4739
vn 0.8834 -0.0476 0.4661
vn 0.8742 -0.0537 0.4825
vn 0.9610 -0.0182 0.2760
vn 0.8811 -0.0115 0.4728
vn -0.8913 0.0253 -0.4527
vn -0.8855 -0.0206 -0.4642
vn -0.8844 -0.0229 -0.4661
vn 0.9062 0.0087 -0.4228
vn 0.3410 -0.9395 -0.0315
vn 0.3819 0.9227 0.0536
vn 0.4671 0.8842 0.0068
vn 0.9997 0.0065 0.0254
vn -0.4653 -0.8832 0.0580
vn -0.1070 0.1016 0.9891
vn -0.9995 0.0011 -0.0305
vn 0.0057 0.0189 0.9998
vn 0.0215 -0.1585 0.9871
vn -0.9994 -0.0020 -0.0333
vn -0.9997 -0.0052 -0.0250
vn -0.0619 0.0888 0.9941
vn 0.0697 -0.0842 0.9940
vn -0.9995 -0.0010 -0.0313
vn -0.0231 0.1159 0.9930
vn 0.9997 -0.0017 0.0235
vn 0.0185 -0.3039 0.9525
vn 0.9997 0.0037 0.0234
vn 0.9997 -0.0005 0.0237
vn 0.9995 -0.0029 0.0326
vn 0.9995 0.0040 0.0307
vn 0.9997 -0.0025 0.0251
vn -0.0590 0.1340 0.9892
vn 0.0319 -0.0913 -0.9953
vn -0.9997 0.0010 -0.0251
vn 0.0850 0.2028 -0.9755
vn -0.9997 -0.0005 -0.0224
vn 0.0081 -0.0875 -0.9961
vn -0.9997 0.0007 -0.0243
vn -0.0249 -0.0139 -0.9996
vn -0.9997 0.0003 -0.0231
vn 0.0516 0.0961 -0.9940
vn -0.9998 -0.0013 -0.0223
vn 0.0901 -0.1729 -0.9808
vn -0.9998 0.0012 -0.0217
vn 0.9995 0.0016 0.0312
vn 0.0248 0.1214 -0.9923
vn 0.9997 -0.0035 0.0228
vn -0.0729 -0.9949 0.0699
vn 0.9996 0.0028 0.0279
vn -0.1914 -0.9765 -0.0991
vn 0.9996 0.0031 0.0266
vn -0.1346 0.9781 0.1589
vn 0.9996 -0.0019 0.0274
vn -0.0448 0.9988 -0.0214
vn 0.9996 -0.0014 0.0291
vn 0.9995 -0.0022 0.0317
vn -0.1079 0.9936 -0.0321
vn -0.0018 0.9981 0.0624
vn 0.9996 -0.0033 0.0272
vn 0.0014 -0.9957 -0.0931
vn -0.0012 0.9972 0.0746
vn -0.0022 0.9971 0.0759
vn -0.0021 0.9970 0.0772
vn -0.0017 0.9971 0.0766
vn -0.0014 0.9971 0.0758
vn -0.0001 0.9955 0.0950
vn 0.0026 -0.9960 -0.0891
vn 0.0020 -0.9956 -0.0935
vn 0.0061 -0.0738 0.9973
vn -0.0661 -0.0686 0.9955
vn 0.0437 0.1243 -0.9913
vn 0.0027 -0.9968 -0.0796
vn 0.0027 -0.9934 -0.1145
vn 0.0013 -0.9982 -0.0592
vn 0.0022 -0.9963 -0.0860
vn 0.0012 -0.9964 -0.0849
vn 0.0003 -0.9948 -0.1022
vn -0.0006 -0.9975 -0.0713
vn 0.0021 -0.9963 -0.0859
vn 0.0059 -0.9960 -0.0886
vn 0.0050 -0.9973 -0.0737
vn 0.0021 -0.9963 -0.0861
vn 0.0020 -0.9964 -0.0849
vn 0.0022 -0.9963 -0.0855
vn -0.0007 -0.9975 -0.0705
vn 0.0022 -0.9963 -0.0856
vn 0.0027 -0.9961 -0.0878
vn 0.0021 -0.9963 -0.0858
vn 0.0021 -0.9963 -0.0855
vn 0.0018 -0.9961 -0.0878
vn 0.0062 -0.9960 -0.0892
vn 0.0046 -0.9972 -0.0740
vn 0.0023 -0.9964 -0.0853
vn 0.0016 -0.9966 -0.0827
vn 0.0017 -0.9961 -0.0883
vn -0.0003 -0.9958 -0.0918
vn -0.0004 -0.9974 -0.0724
vn 0.0020 -0.9963 -0.0854
vn 0.0019 -0.9968 -0.0796
vn 0.0030 -0.9956 -0.0941
vn 0.0027 -0.9970 -0.0771
vn 0.0041 -0.9961 -0.0885
vn 0.0042 -0.9965 -0.0838
vn 0.0045 -0.9966 -0.0820
vn 0.0037 -0.9958 -0.0913
vn -0.0024 0.9962 0.0867
vn -0.0017 0.9963 0.0859
vn -0.0022 0.9963 0.0854
vn -0.0043 0.9973 0.0731
vn -0.0016 0.9961 0.0887
vn -0.0042 0.9974 0.0725
vn -0.0042 0.9950 0.1001
vn -0.0001 0.9973 0.0736
vn -0.0024 0.9965 0.0835
vn -0.0019 0.9983 0.0585
vn -0.0044 0.9927 0.1208
vn -0.0022 0.9963 0.0855
vn -0.0021 0.9956 0.0940
vn -0.0018 0.9965 0.0835
vn -0.0010 0.9983 0.0586
vn -0.0027 0.9935 0.1142
vn -0.0029 0.9958 0.0912
vn -0.0027 0.9961 0.0877
vn 0.0013 0.9972 0.0747
vn 0.0005 0.9954 0.0956
vn -0.0023 0.9964 0.0849
vn -0.0043 0.9948 0.1014
vn -0.0046 0.9971 0.0762
vn -0.0052 0.9955 0.0943
vn -0.0020 0.9964 0.0849
vn 0.0002 0.9952 0.0979
vn -0.0002 0.9973 0.0736
vn -0.0004 0.9952 0.0975
vn -0.0021 0.9963 0.0860
vn -0.0041 0.9964 0.0842
vn 0.0009 0.9959 0.0902
vn -0.0003 0.9964 0.0852
vn 0.0008 -0.9967 -0.0816
vn -0.0001 -0.9966 -0.0826
vn 0.0036 -0.9950 -0.0993
vn 0.0031 -0.9973 -0.0728
vn 0.0004 -0.9963 -0.0855
vn 0.8802 -0.1787 0.4396
vn 0.9859 -0.1261 -0.1103
vn -0.9850 -0.0063 -0.1727
vn -0.9557 -0.2118 -0.2045
vn -0.8444 -0.4397 0.3060
vn -0.6455 0.2473 -0.7226
vn 0.0033 -0.8179 -0.5753
vn 0.0151 -0.6475 -0.7619
vn 0.0450 0.7661 -0.6411
vn -0.0083 0.7735 -0.6338
vn -0.0106 0.7583 -0.6518
vn -0.0013 0.9269 -0.3753
vn 0.0103 0.7681 -0.6402
vn -0.0026 -0.7861 0.6181
vn -0.0265 -0.7758 0.6305
vn -0.0277 -0.7741 0.6325
vn -0.0148 0.6475 0.7619
vn -0.8676 0.4781 0.1367
vn 0.8336 0.5498 -0.0519
vn 0.7682 0.6338 0.0909
vn 0.0019 0.9959 0.0909
vn -0.7521 -0.6053 -0.2608
vn 0.0582 0.0452 -0.9973
vn 0.0027 -0.9967 -0.0808
vn 0.0312 0.1026 -0.9942
vn -0.0267 0.1105 -0.9935
vn 0.0006 -0.9972 -0.0753
vn -0.0010 -0.9958 -0.0916
vn 0.0540 0.0683 -0.9962
vn -0.0024 0.1349 -0.9909
vn 0.0014 -0.9969 -0.0792
vn 0.0627 0.0879 -0.9942
vn -0.0035 0.9955 0.0944
vn -0.0775 0.1089 -0.9910
vn -0.0001 0.9955 0.0948
vn -0.0027 0.9956 0.0941
vn -0.0038 0.9971 0.0765
vn 0.0005 0.9968 0.0804
vn -0.0039 0.9958 0.0914
vn 0.0688 0.0696 -0.9952
vn -0.0547 -0.0835 0.9950
vn 0.0029 -0.9958 -0.0914
vn 0.0416 -0.0557 0.9976
vn 0.0021 -0.9953 -0.0966
vn -0.0534 -0.0956 0.9940
vn 0.0028 -0.9957 -0.0929
vn -0.0296 -0.1122 0.9932
vn 0.0026 -0.9954 -0.0953
vn 0.0060 -0.0735 0.9973
vn 0.0016 -0.9953 -0.0969
vn -0.0818 -0.0533 0.9952
vn 0.0032 -0.9952 -0.0980
vn -0.0010 0.9968 0.0794
vn 0.0143 -0.0870 0.9961
vn -0.0047 0.9954 0.0959
vn -0.9641 -0.0894 -0.2501
vn -0.0004 0.9963 0.0858
vn -0.9244 -0.3084 0.2243
vn -0.0002 0.9961 0.0885
vn 0.8856 -0.1430 -0.4418
vn -0.0034 0.9962 0.0867
vn 0.9938 -0.0759 0.0809
vn -0.0030 0.9965 0.0834
vn -0.0034 0.9969 0.0784
vn 0.9795 -0.1754 0.0990
vn 0.9862 0.0163 -0.1647
vn -0.0043 0.9962 0.0871
vn 0.0010 -1.0000 0.0076
vn -0.0007 0.9999 0.0109
vn 0.0002 1.0000 0.0096
vn 0.0002 1.0000 0.0083
vn -0.0002 1.0000 0.0089
vn -0.0006 1.0000 0.0097
vn -0.0023 1.0000 -0.0095
vn -0.0003 -1.0000 0.0036
vn 0.0003 -1.0000 0.0080
vn -0.0313 0.0117 -0.9994
vn 0.0409 0.0169 -0.9990
vn -0.0187 0.0389 0.9991
vn -0.0007 -1.0000 -0.0059
vn 0.0002 -0.9996 0.0291
vn 0.0002 -0.9997 -0.0264
vn -0.0001 -1.0000 0.0005
vn 0.0009 -1.0000 -0.0006
vn 0.0023 -0.9999 0.0168
vn 0.0024 -0.9999 -0.0143
vn 0.0001 -1.0000 0.0004
vn -0.0036 -1.0000 0.0032
vn -0.0032 -0.9999 -0.0117
vn 0.0001 -1.0000 0.0006
vn 0.0001 -1.0000 -0.0006
vn -0.0000 -1.0000 -0.0000
vn 0.0025 -0.9999 -0.0152
vn -0.0000 -1.0000 0.0001
vn -0.0000 -1.0000 -0.0001
vn -0.0004 -1.0000 0.0023
vn 0.0001 -1.0000 0.0003
vn 0.0005 -1.0000 0.0023
vn -0.0039 -1.0000 0.0038
vn -0.0027 -0.9999 -0.0115
vn -0.0001 -1.0000 -0.0002
vn 0.0005 -1.0000 -0.0029
vn 0.0005 -1.0000 0.0028
vn 0.0026 -1.0000 0.0063
vn 0.0022 -0.9999 -0.0133
vn 0.0001 -1.0000 -0.0002
vn 0.0001 -1.0000 -0.0060
vn -0.0006 -1.0000 0.0086
vn -0.0007 -1.0000 -0.0084
vn -0.0018 -1.0000 0.0031
vn -0.0021 -1.0000 -0.0017
vn -0.0024 -1.0000 -0.0034
vn -0.0014 -1.0000 0.0058
vn 0.0002 1.0000 -0.0012
vn -0.0004 1.0000 -0.0004
vn -0.0000 1.0000 0.0001
vn 0.0024 0.9999 0.0123
vn -0.0007 1.0000 -0.0031
vn 0.0024 0.9999 0.0130
vn 0.0017 0.9999 -0.0147
vn -0.0018 0.9999 0.0120
vn 0.0003 1.0000 0.0020
vn 0.0005 0.9996 0.0270
vn 0.0014 0.9994 -0.0355
vn -0.0000 1.0000 -0.0000
vn -0.0003 1.0000 -0.0085
vn -0.0003 1.0000 0.0020
vn -0.0005 0.9996 0.0270
vn -0.0002 0.9996 -0.0288
vn 0.0006 1.0000 -0.0057
vn 0.0005 1.0000 -0.0022
vn -0.0032 0.9999 0.0109
vn -0.0030 0.9999 -0.0101
vn 0.0001 1.0000 0.0006
vn 0.0018 0.9999 -0.0160
vn 0.0027 1.0000 0.0093
vn 0.0028 1.0000 -0.0089
vn -0.0001 1.0000 0.0006
vn -0.0026 0.9999 -0.0124
vn -0.0017 0.9999 0.0120
vn -0.0021 0.9999 -0.0120
vn -0.0001 1.0000 -0.0005
vn 0.0020 1.0000 0.0012
vn -0.0032 1.0000 -0.0047
vn -0.0018 1.0000 0.0003
vn 0.0013 -1.0000 -0.0040
vn 0.0022 -1.0000 -0.0030
vn -0.0011 -0.9999 0.0139
vn -0.0013 -0.9999 -0.0127
vn 0.0017 -1.0000 -0.0000
vn -0.8910 -0.1423 -0.4310
vn -0.9828 -0.1372 0.1238
vn 0.9890 -0.0189 0.1467
vn 0.9605 -0.2265 0.1615
vn 0.8364 -0.4101 -0.3636
vn 0.6636 0.1861 0.7246
vn 0.0113 -0.8641 0.5032
vn 0.0041 -0.7103 0.7039
vn -0.0288 0.7084 0.7052
vn 0.0243 0.7164 0.6972
vn 0.0270 0.6999 0.7138
vn 0.0108 0.8914 0.4531
vn 0.0058 0.7105 0.7036
vn -0.0130 -0.7303 -0.6830
vn 0.0106 -0.7189 -0.6950
vn 0.0117 -0.7171 -0.6969
vn -0.0044 0.7103 -0.7038
vn 0.8639 0.4899 -0.1171
vn -0.8321 0.5416 0.1197
vn -0.7702 0.6376 -0.0170
vn -0.0041 1.0000 -0.0053
vn 0.7584 -0.6237 0.1891
vn -0.0330 -0.0403 0.9986
vn -0.0007 -1.0000 -0.0047
vn -0.0061 0.0171 0.9998
vn 0.0518 0.0252 0.9983
vn 0.0013 -0.9999 -0.0103
vn 0.0033 -1.0000 0.0060
vn -0.0288 -0.0172 0.9994
vn 0.0274 0.0497 0.9984
vn 0.0006 -1.0000 -0.0064
vn -0.0376 0.0024 0.9993
vn 0.0011 1.0000 -0.0089
vn 0.1025 0.0239 0.9944
vn -0.0023 1.0000 -0.0092
vn 0.0003 1.0000 -0.0087
vn 0.0019 1.0000 0.0090
vn -0.0025 1.0000 0.0051
vn 0.0016 1.0000 -0.0059
vn -0.0436 -0.0159 0.9989
vn 0.0296 0.0020 -0.9996
vn -0.0006 -1.0000 0.0059
vn -0.0668 0.0297 -0.9973
vn 0.0003 -0.9999 0.0111
vn 0.0283 -0.0101 -0.9995
vn -0.0004 -1.0000 0.0074
vn 0.0045 -0.0268 -0.9996
vn -0.0002 -1.0000 0.0098
vn -0.0312 0.0120 -0.9994
vn 0.0008 -0.9999 0.0115
vn 0.0567 0.0321 -0.9979
vn -0.0008 -0.9999 0.0125
vn -0.0010 1.0000 0.0061
vn -0.0394 -0.0016 -0.9992
vn 0.0023 0.9999 -0.0105
vn 0.9701 -0.1084 0.2172
vn -0.0018 1.0000 -0.0003
vn 0.9185 -0.2861 -0.2730
vn -0.0020 1.0000 -0.0029
vn -0.8742 -0.1822 0.4501
vn 0.0012 1.0000 -0.0012
vn -0.9956 -0.0709 -0.0620
vn 0.0009 1.0000 0.0021
vn 0.0014 1.0000 0.0071
vn -0.9817 -0.1684 -0.0890
vn -0.9817 -0.0000 0.1902
vn 0.0021 1.0000 -0.0016
vn -0.0010 -1.0000 -0.0076
vn 0.0007 0.9999 -0.0109
vn -0.0002 1.0000 -0.0096
vn -0.0002 1.0000 -0.0083
vn 0.0002 1.0000 -0.0089
vn 0.0006 1.0000 -0.0097
vn 0.0023 1.0000 0.0095
vn 0.0003 -1.0000 -0.0036
vn -0.0003 -1.0000 -0.0080
vn 0.0313 0.0117 0.9994
vn -0.0409 0.0169 0.9990
vn 0.0187 0.0389 -0.9991
vn 0.0007 -1.0000 0.0059
vn -0.0002 -0.9996 -0.0291
vn -0.0002 -0.9997 0.0264
vn 0.0001 -1.0000 -0.0005
vn -0.0009 -1.0000 0.0006
vn -0.0023 -0.9999 -0.0168
vn -0.0024 -0.9999 0.0143
vn -0.0001 -1.0000 -0.0004
vn 0.0036 -1.0000 -0.0032
vn 0.0032 -0.9999 0.0117
vn -0.0001 -1.0000 -0.0006
vn -0.0001 -1.0000 0.0006
vn -0.0025 -0.9999 0.0152
vn 0.0004 -1.0000 -0.0023
vn -0.0001 -1.0000 -0.0003
vn -0.0005 -1.0000 -0.0023
vn 0.0039 -1.0000 -0.0038
vn 0.0027 -0.9999 0.0115
vn 0.0001 -1.0000 0.0002
vn -0.0005 -1.0000 0.0029
vn -0.0005 -1.0000 -0.0028
vn -0.0026 -1.0000 -0.0063
vn -0.0022 -0.9999 0.0133
vn -0.0001 -1.0000 0.0002
vn -0.0001 -1.0000 0.0060
vn 0.0006 -1.0000 -0.0086
vn 0.0007 -1.0000 0.0084
vn 0.0018 -1.0000 -0.0031
vn 0.0021 -1.0000 0.0017
vn 0.0024 -1.0000 0.0034
vn 0.0014 -1.0000 -0.0058
vn -0.0002 1.0000 0.0012
vn 0.0004 1.0000 0.0004
vn -0.0000 1.0000 -0.0001
vn -0.0024 0.9999 -0.0123
vn 0.0007 1.0000 0.0031
vn -0.0024 0.9999 -0.0130
vn -0.0017 0.9999 0.0147
vn 0.0018 0.9999 -0.0120
vn -0.0003 1.0000 -0.0020
vn -0.0005 0.9996 -0.0270
vn -0.0014 0.9994 0.0355
vn 0.0003 1.0000 0.0085
vn 0.0003 1.0000 -0.0020
vn 0.0005 0.9996 -0.0270
vn 0.0002 0.9996 0.0288
vn -0.0006 1.0000 0.0057
vn -0.0005 1.0000 0.0022
vn 0.0032 0.9999 -0.0109
vn 0.0030 0.9999 0.0101
vn -0.0001 1.0000 -0.0006
vn -0.0018 0.9999 0.0160
vn -0.0027 1.0000 -0.0093
vn -0.0028 1.0000 0.0089
vn 0.0001 1.0000 -0.0006
vn 0.0026 0.9999 0.0124
vn 0.0017 0.9999 -0.0120
vn 0.0021 0.9999 0.0120
vn 0.0001 1.0000 0.0005
vn -0.0020 1.0000 -0.0012
vn 0.0032 1.0000 0.0047
vn 0.0018 1.0000 -0.0003
vn -0.0013 -1.0000 0.0040
vn -0.0022 -1.0000 0.0030
vn 0.0011 -0.9999 -0.0139
vn 0.0013 -0.9999 0.0127
vn -0.0017 -1.0000 -0.0000
vn 0.8911 -0.1423 0.4310
vn 0.9828 -0.1372 -0.1238
vn -0.9890 -0.0189 -0.1467
vn -0.9605 -0.2265 -0.1615
vn -0.8364 -0.4101 0.3636
vn -0.6636 0.1860 -0.7246
vn -0.0112 -0.8641 -0.5032
vn -0.0041 -0.7103 -0.7039
vn 0.0288 0.7084 -0.7052
vn -0.0243 0.7164 -0.6972
vn -0.0270 0.6999 -0.7138
vn -0.0107 0.8914 -0.4530
vn -0.0058 0.7105 -0.7036
vn 0.0130 -0.7303 0.6830
vn -0.0105 -0.7189 0.6950
vn -0.0117 -0.7171 0.6969
vn 0.0044 0.7103 0.7038
vn -0.8639 0.4899 0.1171
vn 0.8321 0.5416 -0.1197
vn 0.7702 0.6376 0.0170
vn 0.0041 1.0000 0.0053
vn -0.7584 -0.6237 -0.1891
vn 0.0330 -0.0403 -0.9986
vn 0.0007 -1.0000 0.0047
vn 0.0061 0.0171 -0.9998
vn -0.0518 0.0252 -0.9983
vn -0.0013 -0.9999 0.0103
vn -0.0033 -1.0000 -0.0060
vn 0.0288 -0.0172 -0.9994
vn -0.0274 0.0497 -0.9984
vn -0.0006 -1.0000 0.0064
vn 0.0376 0.0024 -0.9993
vn -0.0011 1.0000 0.0089
vn -0.1025 0.0239 -0.9944
vn 0.0023 1.0000 0.0092
vn -0.0003 1.0000 0.0087
vn -0.0019 1.0000 -0.0090
vn 0.0025 1.0000 -0.0052
vn -0.0016 1.0000 0.0059
vn 0.0436 -0.0159 -0.9989
vn -0.0296 0.0020 0.9996
vn 0.0006 -1.0000 -0.0059
vn 0.0668 0.0297 0.9973
vn -0.0003 -0.9999 -0.0111
vn -0.0283 -0.0101 0.9995
vn 0.0004 -1.0000 -0.0074
vn -0.0045 -0.0268 0.9996
vn 0.0002 -1.0000 -0.0098
vn 0.0312 0.0120 0.9994
vn -0.0008 -0.9999 -0.0114
vn -0.0567 0.0321 0.9979
vn 0.0008 -0.9999 -0.0125
vn 0.0010 1.0000 -0.0061
vn 0.0394 -0.0016 0.9992
vn -0.0023 0.9999 0.0105
vn -0.9701 -0.1084 -0.2172
vn 0.0018 1.0000 0.0003
vn -0.9185 -0.2861 0.2730
vn 0.0020 1.0000 0.0029
vn 0.8742 -0.1821 -0.4501
vn -0.0012 1.0000 0.0012
vn 0.9956 -0.0709 0.0621
vn -0.0009 1.0000 -0.0021
vn -0.0014 1.0000 -0.0071
vn 0.9817 -0.1685 0.0890
vn 0.9817 -0.0000 -0.1902
vn -0.0021 1.0000 0.0016
vn 0.0032 -0.9907 0.1359
vn -0.0026 0.9931 -0.1175
vn -0.0017 0.9929 -0.1188
vn -0.0018 0.9928 -0.1201
vn -0.0022 0.9928 -0.1195
vn -0.0025 0.9929 -0.1186
vn -0.0046 0.9905 -0.1377
vn 0.0019 -0.9913 0.1319
vn 0.0026 -0.9907 0.1363
vn -0.0479 -0.1167 -0.9920
vn 0.0244 -0.1115 -0.9935
vn -0.0022 0.1668 0.9860
vn 0.0013 -0.9925 0.1225
vn 0.0028 -0.9876 0.1572
vn 0.0019 -0.9948 0.1021
vn 0.0021 -0.9917 0.1289
vn 0.0031 -0.9918 0.1277
vn 0.0047 -0.9894 0.1449
vn 0.0043 -0.9935 0.1141
vn 0.0022 -0.9917 0.1287
vn -0.0014 -0.9913 0.1316
vn -0.0012 -0.9932 0.1167
vn 0.0023 -0.9917 0.1289
vn 0.0022 -0.9918 0.1278
vn 0.0021 -0.9917 0.1283
vn 0.0044 -0.9936 0.1132
vn 0.0021 -0.9917 0.1284
vn 0.0017 -0.9914 0.1306
vn 0.0022 -0.9917 0.1286
vn 0.0022 -0.9917 0.1284
vn 0.0022 -0.9917 0.1283
vn 0.0026 -0.9914 0.1306
vn -0.0017 -0.9912 0.1321
vn -0.0007 -0.9931 0.1170
vn 0.0020 -0.9918 0.1281
vn 0.0025 -0.9921 0.1255
vn 0.0027 -0.9914 0.1311
vn 0.0048 -0.9909 0.1345
vn 0.0042 -0.9933 0.1151
vn 0.0023 -0.9917 0.1282
vn 0.0022 -0.9925 0.1224
vn 0.0017 -0.9906 0.1369
vn 0.0013 -0.9928 0.1200
vn 0.0004 -0.9913 0.1314
vn -0.0000 -0.9919 0.1267
vn -0.0003 -0.9922 0.1250
vn 0.0008 -0.9910 0.1341
vn -0.0020 0.9916 -0.1295
vn -0.0026 0.9917 -0.1287
vn -0.0021 0.9917 -0.1282
vn 0.0005 0.9932 -0.1161
vn -0.0029 0.9913 -0.1314
vn 0.0005 0.9933 -0.1154
vn -0.0007 0.9897 -0.1429
vn -0.0037 0.9932 -0.1164
vn -0.0018 0.9920 -0.1264
vn -0.0012 0.9948 -0.1015
vn -0.0014 0.9865 -0.1635
vn -0.0021 0.9917 -0.1283
vn -0.0026 0.9906 -0.1368
vn -0.0024 0.9920 -0.1263
vn -0.0022 0.9948 -0.1015
vn -0.0028 0.9876 -0.1568
vn -0.0016 0.9910 -0.1340
vn -0.0017 0.9914 -0.1305
vn -0.0051 0.9931 -0.1175
vn -0.0053 0.9904 -0.1383
vn -0.0020 0.9918 -0.1278
vn -0.0006 0.9896 -0.1442
vn 0.0007 0.9929 -0.1191
vn 0.0005 0.9905 -0.1372
vn -0.0022 0.9918 -0.1277
vn -0.0050 0.9901 -0.1406
vn -0.0036 0.9932 -0.1164
vn -0.0044 0.9901 -0.1402
vn -0.0022 0.9917 -0.1288
vn -0.0001 0.9919 -0.1272
vn -0.0054 0.9911 -0.1329
vn -0.0040 0.9918 -0.1280
vn 0.0034 -0.9922 0.1243
vn 0.0043 -0.9921 0.1253
vn 0.0013 -0.9898 0.1421
vn 0.0006 -0.9933 0.1157
vn 0.0039 -0.9917 0.1283
vn -0.8977 -0.1965 -0.3943
vn -0.9803 -0.1201 0.1568
vn 0.9913 0.0001 0.1314
vn 0.9636 -0.2039 0.1732
vn 0.8311 -0.4534 -0.3219
vn 0.6751 0.2775 0.6836
vn 0.0214 -0.7924 0.6096
vn 0.0173 -0.6141 0.7890
vn -0.0187 0.7930 0.6089
vn 0.0343 0.8000 0.5990
vn 0.0374 0.7857 0.6175
vn 0.0163 0.9422 0.3347
vn 0.0159 0.7950 0.6064
vn -0.0228 -0.8120 -0.5833
vn 0.0006 -0.8022 -0.5971
vn 0.0017 -0.8006 -0.5992
vn -0.0176 0.6141 -0.7890
vn 0.8608 0.4708 -0.1934
vn -0.8311 0.5525 0.0631
vn -0.7717 0.6301 -0.0858
vn -0.0064 0.9910 -0.1335
vn 0.7628 -0.5943 0.2549
vn -0.0164 0.0882 0.9960
vn 0.0014 -0.9923 0.1237
vn 0.0104 0.1453 0.9893
vn 0.0682 0.1531 0.9858
vn 0.0033 -0.9930 0.1181
vn 0.0055 -0.9909 0.1342
vn -0.0122 0.1112 0.9937
vn 0.0438 0.1775 0.9832
vn 0.0027 -0.9925 0.1220
vn -0.0211 0.1306 0.9912
vn -0.0012 0.9905 -0.1372
vn 0.1189 0.1514 0.9813
vn -0.0046 0.9905 -0.1374
vn -0.0020 0.9906 -0.1369
vn -0.0001 0.9928 -0.1194
vn -0.0046 0.9924 -0.1232
vn -0.0006 0.9910 -0.1342
vn -0.0271 0.1124 0.9933
vn 0.0130 -0.1263 -0.9919
vn 0.0016 -0.9910 0.1342
vn -0.0834 -0.0985 -0.9916
vn 0.0027 -0.9902 0.1394
vn 0.0118 -0.1383 -0.9903
vn 0.0018 -0.9907 0.1357
vn -0.0120 -0.1549 -0.9879
vn 0.0021 -0.9904 0.1381
vn -0.0477 -0.1164 -0.9921
vn 0.0032 -0.9902 0.1397
vn 0.0401 -0.0962 -0.9946
vn 0.0016 -0.9900 0.1408
vn -0.0031 0.9925 -0.1222
vn -0.0560 -0.1298 -0.9900
vn -0.0001 0.9903 -0.1387
vn 0.9738 -0.0796 0.2131
vn -0.0039 0.9917 -0.1286
vn 0.9145 -0.3188 -0.2493
vn -0.0042 0.9913 -0.1312
vn -0.8662 -0.1229 0.4843
vn -0.0009 0.9916 -0.1295
vn -0.9963 -0.0782 -0.0358
vn -0.0012 0.9920 -0.1262
vn -0.0006 0.9926 -0.1213
vn -0.9827 -0.1785 -0.0503
vn -0.9785 0.0244 0.2050
vn -0.0001 0.9915 -0.1300
vn 0.0018 -0.9883 -0.1526
vn -0.0018 0.9909 0.1343
vn -0.0027 0.9908 0.1355
vn -0.0027 0.9906 0.1369
vn -0.0023 0.9907 0.1363
vn -0.0019 0.9908 0.1354
vn -0.0005 0.9880 0.1545
vn 0.0030 -0.9889 -0.1487
vn 0.0024 -0.9882 -0.1530
vn 0.0132 -0.1334 0.9910
vn -0.0590 -0.1283 0.9900
vn 0.0366 0.1835 -0.9823
vn 0.0033 -0.9903 -0.1392
vn 0.0030 -0.9848 -0.1738
vn 0.0019 -0.9929 -0.1189
vn 0.0027 -0.9893 -0.1456
vn 0.0017 -0.9895 -0.1445
vn 0.0007 -0.9868 -0.1617
vn -0.0000 -0.9914 -0.1310
vn 0.0026 -0.9894 -0.1454
vn 0.0063 -0.9889 -0.1482
vn 0.0056 -0.9910 -0.1334
vn 0.0025 -0.9893 -0.1457
vn 0.0025 -0.9895 -0.1445
vn 0.0026 -0.9894 -0.1451
vn -0.0001 -0.9915 -0.1301
vn 0.0027 -0.9894 -0.1451
vn 0.0027 -0.9894 -0.1450
vn 0.0031 -0.9891 -0.1473
vn 0.0026 -0.9894 -0.1450
vn 0.0022 -0.9891 -0.1474
vn 0.0066 -0.9889 -0.1487
vn 0.0051 -0.9910 -0.1336
vn 0.0028 -0.9894 -0.1449
vn 0.0021 -0.9898 -0.1422
vn 0.0022 -0.9890 -0.1478
vn 0.0002 -0.9885 -0.1513
vn 0.0002 -0.9913 -0.1320
vn 0.0025 -0.9894 -0.1449
vn 0.0024 -0.9903 -0.1392
vn 0.0034 -0.9881 -0.1536
vn 0.0032 -0.9906 -0.1367
vn 0.0045 -0.9890 -0.1481
vn 0.0047 -0.9897 -0.1434
vn 0.0050 -0.9899 -0.1416
vn 0.0042 -0.9886 -0.1508
vn -0.0029 0.9892 0.1463
vn -0.0022 0.9894 0.1455
vn -0.0027 0.9894 0.1450
vn -0.0048 0.9911 0.1328
vn -0.0020 0.9890 0.1482
vn -0.0048 0.9912 0.1321
vn -0.0046 0.9872 0.1596
vn -0.0006 0.9911 0.1332
vn -0.0029 0.9897 0.1431
vn -0.0026 0.9930 0.1183
vn -0.0047 0.9836 0.1801
vn -0.0026 0.9894 0.1451
vn -0.0025 0.9881 0.1535
vn -0.0023 0.9897 0.1431
vn -0.0016 0.9930 0.1184
vn -0.0030 0.9848 0.1735
vn -0.0034 0.9886 0.1507
vn -0.0032 0.9891 0.1473
vn 0.0007 0.9909 0.1344
vn 0.0001 0.9879 0.1551
vn -0.0027 0.9895 0.1445
vn -0.0047 0.9870 0.1608
vn -0.0052 0.9907 0.1358
vn -0.0056 0.9881 0.1538
vn -0.0025 0.9895 0.1445
vn -0.0002 0.9875 0.1574
vn -0.0008 0.9911 0.1332
vn -0.0008 0.9876 0.1570
vn -0.0026 0.9893 0.1456
vn -0.0046 0.9896 0.1438
vn 0.0004 0.9887 0.1497
vn -0.0008 0.9895 0.1448
vn 0.0013 -0.9900 -0.1411
vn 0.0004 -0.9898 -0.1422
vn 0.0039 -0.9873 -0.1588
vn 0.0037 -0.9912 -0.1324
vn 0.0009 -0.9894 -0.1451
vn 0.8835 -0.2034 0.4220
vn 0.9852 -0.1178 -0.1245
vn -0.9861 0.0026 -0.1659
vn -0.9569 -0.2006 -0.2101
vn -0.8417 -0.4586 0.2850
vn -0.6509 0.2892 -0.7019
vn 0.0001 -0.7820 -0.6233
vn 0.0105 -0.6007 -0.7994
vn 0.0396 0.8032 -0.5944
vn -0.0136 0.8100 -0.5862
vn -0.0160 0.7960 -0.6051
vn -0.0049 0.9477 -0.3191
vn 0.0050 0.8051 -0.5931
vn 0.0027 -0.8217 0.5699
vn -0.0212 -0.8122 0.5830
vn -0.0223 -0.8106 0.5852
vn -0.0101 0.6007 0.7994
vn -0.8672 0.4677 0.1712
vn 0.8327 0.5532 -0.0247
vn 0.7681 0.6284 0.1233
vn 0.0014 0.9886 0.1504
vn -0.7533 -0.5897 -0.2913
vn 0.0511 0.1050 -0.9932
vn 0.0033 -0.9901 -0.1404
vn 0.0241 0.1620 -0.9865
vn -0.0339 0.1698 -0.9849
vn 0.0012 -0.9909 -0.1349
vn -0.0006 -0.9885 -0.1511
vn 0.0468 0.1279 -0.9907
vn -0.0095 0.1941 -0.9809
vn 0.0019 -0.9903 -0.1388
vn 0.0556 0.1474 -0.9875
vn -0.0039 0.9881 0.1539
vn -0.0846 0.1679 -0.9822
vn -0.0005 0.9880 0.1543
vn -0.0031 0.9881 0.1537
vn -0.0043 0.9907 0.1361
vn -0.0000 0.9901 0.1400
vn -0.0043 0.9885 0.1509
vn 0.0617 0.1292 -0.9897
vn -0.0476 -0.1430 0.9886
vn 0.0034 -0.9885 -0.1509
vn 0.0488 -0.1153 0.9921
vn 0.0025 -0.9877 -0.1561
vn -0.0463 -0.1550 0.9868
vn 0.0032 -0.9883 -0.1524
vn -0.0224 -0.1716 0.9849
vn 0.0030 -0.9879 -0.1548
vn 0.0131 -0.1331 0.9910
vn 0.0020 -0.9877 -0.1564
vn -0.0747 -0.1130 0.9908
vn 0.0036 -0.9875 -0.1575
vn -0.0015 0.9903 0.1390
vn 0.0214 -0.1465 0.9890
vn -0.0051 0.9878 0.1554
vn -0.9657 -0.0757 -0.2483
vn -0.0009 0.9894 0.1454
vn -0.9225 -0.3227 0.2118
vn -0.0007 0.9890 0.1480
vn 0.8826 -0.1149 -0.4558
vn -0.0039 0.9892 0.1462
vn 0.9945 -0.0791 0.0693
vn -0.0035 0.9897 0.1430
vn -0.0039 0.9904 0.1380
vn 0.9804 -0.1796 0.0815
vn 0.9850 0.0276 -0.1703
vn -0.0048 0.9892 0.1467
vn 0.0012 -1.0000 0.0076
vn -0.0003 0.9999 0.0109
vn 0.0006 1.0000 0.0096
vn 0.0005 1.0000 0.0083
vn 0.0001 1.0000 0.0089
vn -0.0002 1.0000 0.0098
vn -0.0026 1.0000 -0.0094
vn -0.0002 -1.0000 0.0036
vn 0.0006 -1.0000 0.0080
vn -0.0645 0.0117 -0.9979
vn 0.0077 0.0169 -0.9998
vn 0.0145 0.0389 0.9991
vn -0.0009 -1.0000 -0.0058
vn 0.0011 -0.9996 0.0291
vn -0.0007 -0.9997 -0.0264
vn -0.0000 -1.0000 0.0005
vn 0.0028 -0.9999 0.0167
vn 0.0019 -0.9999 -0.0144
vn -0.0035 -1.0000 0.0033
vn -0.0035 -0.9999 -0.0116
vn 0.0020 -0.9999 -0.0152
vn -0.0038 -1.0000 0.0039
vn -0.0031 -0.9999 -0.0114
vn 0.0004 -1.0000 -0.0029
vn 0.0006 -1.0000 0.0028
vn 0.0028 -1.0000 0.0062
vn 0.0018 -0.9999 -0.0133
vn -0.0001 -1.0000 -0.0060
vn -0.0003 -1.0000 0.0086
vn -0.0010 -1.0000 -0.0084
vn -0.0017 -1.0000 0.0031
vn -0.0021 -1.0000 -0.0016
vn -0.0025 -1.0000 -0.0034
vn -0.0012 -1.0000 0.0058
vn -0.0005 1.0000 -0.0004
vn 0.0028 0.9999 0.0123
vn -0.0008 1.0000 -0.0031
vn 0.0028 0.9999 0.0130
vn 0.0012 0.9999 -0.0148
vn -0.0014 0.9999 0.0120
vn 0.0004 1.0000 0.0020
vn 0.0014 0.9996 0.0270
vn 0.0002 0.9994 -0.0355
vn -0.0006 1.0000 -0.0085
vn 0.0004 0.9996 0.0270
vn -0.0012 0.9996 -0.0288
vn 0.0004 1.0000 -0.0058
vn 0.0004 1.0000 -0.0022
vn -0.0028 0.9999 0.0110
vn -0.0033 0.9999 -0.0100
vn 0.0013 0.9999 -0.0160
vn 0.0030 1.0000 0.0092
vn 0.0025 1.0000 -0.0089
vn -0.0030 0.9999 -0.0123
vn -0.0013 0.9999 0.0121
vn -0.0025 0.9999 -0.0119
vn -0.0033 1.0000 -0.0046
vn -0.0018 1.0000 0.0004
vn 0.0012 -1.0000 -0.0040
vn 0.0021 -1.0000 -0.0031
vn -0.0006 -0.9999 0.0139
vn -0.0017 -0.9999 -0.0127
vn 0.0017 -1.0000 -0.0001
vn -0.9049 -0.1423 -0.4012
vn -0.9781 -0.1372 0.1564
vn 0.9933 -0.0189 0.1137
vn 0.9654 -0.2265 0.1295
vn 0.8239 -0.4101 -0.3912
vn 0.6873 0.1860 0.7022
vn 0.0280 -0.8641 0.5025
vn 0.0275 -0.7103 0.7033
vn -0.0054 0.7084 0.7058
vn 0.0474 0.7164 0.6960
vn 0.0508 0.6999 0.7125
vn 0.0258 0.8914 0.4525
vn 0.0292 0.7105 0.7030
vn -0.0357 -0.7303 -0.6821
vn -0.0126 -0.7189 -0.6950
vn -0.0115 -0.7171 -0.6969
vn -0.0278 0.7103 -0.7033
vn 0.8595 0.4898 -0.1457
vn -0.8276 0.5416 0.1473
vn -0.7703 0.6376 0.0086
vn -0.0043 1.0000 -0.0051
vn 0.7643 -0.6237 0.1638
vn 0.0002 -0.0403 0.9992
vn -0.0009 -1.0000 -0.0047
vn 0.0271 0.0171 0.9995
vn 0.0849 0.0252 0.9961
vn 0.0009 -0.9999 -0.0103
vn 0.0035 -1.0000 0.0059
vn 0.0044 -0.0173 0.9998
vn 0.0605 0.0497 0.9969
vn 0.0004 -1.0000 -0.0064
vn -0.0044 0.0024 1.0000
vn 0.0008 1.0000 -0.0090
vn 0.1355 0.0239 0.9905
vn -0.0026 1.0000 -0.0092
vn -0.0000 1.0000 -0.0087
vn 0.0022 1.0000 0.0090
vn -0.0024 1.0000 0.0052
vn 0.0014 1.0000 -0.0060
vn -0.0104 -0.0159 0.9998
vn -0.0036 0.0020 -1.0000
vn -0.0004 -1.0000 0.0059
vn -0.0999 0.0297 -0.9946
vn 0.0007 -0.9999 0.0111
vn -0.0049 -0.0101 -0.9999
vn -0.0002 -1.0000 0.0074
vn -0.0287 -0.0268 -0.9992
vn 0.0001 -1.0000 0.0098
vn -0.0644 0.0120 -0.9979
vn 0.0012 -0.9999 0.0114
vn 0.0235 0.0321 -0.9992
vn -0.0004 -0.9999 0.0126
vn -0.0008 1.0000 0.0061
vn -0.0726 -0.0016 -0.9974
vn 0.0019 0.9999 -0.0105
vn 0.9768 -0.1084 0.1849
vn -0.0018 1.0000 -0.0002
vn 0.9089 -0.2861 -0.3034
vn -0.0021 1.0000 -0.0029
vn -0.8587 -0.1822 0.4789
vn -0.9971 -0.0709 -0.0290
vn 0.0016 1.0000 0.0070
vn -0.9841 -0.1684 -0.0563
vn -0.9749 -0.0000 0.2227
vn 0.0020 1.0000 -0.0017
vn -0.8658 0.5004 -0.0000
vn -0.0000 -0.0000 1.0000
vn -1.0000 -0.0000 -0.0000
vn -0.0000 -0.0000 -1.0000
vn -0.8658 -0.5004 -0.0000
vn -0.9768 -0.2142 -0.0000
vn -0.9768 0.2142 -0.0000
vn 0.8652 0.5004 0.0315
vn -0.0364 -0.0000 0.9993
vn 0.9993 -0.0000 0.0364
vn 0.0364 -0.0000 -0.9993
vn 0.8652 -0.5004 0.0315
vn 0.9762 -0.2142 0.0356
vn 0.9762 0.2142 0.0356
vn 0.9762 -0.2141 0.0356
vn 0.9762 0.2141 0.0356
vn 0.5540 -0.8117 -0.1847
vn 0.0010 1.0000 0.0012
vn 0.0021 1.0000 -0.0012
vn 0.0024 1.0000 -0.0008
vn -0.0105 0.9998 0.0174
vn -0.0073 0.9998 0.0198
vn 0.0405 0.9979 0.0501
vn 0.0163 0.9999 -0.0011
vn -0.0010 1.0000 -0.0012
vn 0.9828 -0.1279 -0.1333
vn 0.8321 0.5488 -0.0806
vn -0.0006 -0.9979 -0.0653
vn -0.1025 0.0951 -0.9902
vn 0.9956 -0.0751 0.0568
vn -0.0000 -0.9968 0.0793
vn 0.0112 -0.8218 0.5697
vn -0.9817 -0.1749 -0.0754
vn -0.0710 0.0001 -0.9975
vn -0.0496 0.9924 0.1125
vn 0.1161 0.0010 -0.9932
vn -0.7773 -0.0176 0.6289
vn 0.0166 0.0036 -0.9999
vn 0.1410 0.9900 0.0014
vn -0.0621 -0.0011 0.9981
vn -0.5540 0.8117 -0.1847
vn -0.3891 0.0169 -0.9210
vn 0.6297 -0.0204 0.7765
vn 0.6426 0.0165 0.7661
vn -0.1161 -0.0010 -0.9932
vn 0.7650 -0.0197 0.6437
vn 0.0414 0.9329 -0.3576
vn -0.7204 0.0579 -0.6911
vn 0.5628 -0.0176 0.8264
vn 0.6142 -0.0062 0.7892
vn -0.9973 0.0001 -0.0730
vn 0.8640 -0.0221 0.5030
vn 0.1515 0.0986 -0.9835
vn -0.9994 0.0050 -0.0340
vn -0.9996 0.0029 -0.0265
vn -0.9996 0.0033 -0.0289
vn 0.9996 -0.0003 0.0274
vn 0.9996 -0.0007 0.0270
vn 0.9994 0.0026 0.0341
vn -0.0959 0.9831 -0.1563
vn -0.0898 0.9952 0.0380
vn -0.2921 -0.9459 -0.1410
vn 0.9610 -0.0183 0.2760
vn -0.8855 -0.0206 -0.4643
vn -0.1345 0.9781 0.1589
vn 0.9996 -0.0019 0.0275
vn -0.0003 -0.9958 -0.0919
vn -0.8676 0.4780 0.1367
vn 0.8337 0.5498 -0.0519
vn -0.0027 0.9956 0.0942
vn 0.8364 -0.4101 -0.3637
vn 0.0105 -0.7189 -0.6950
vn 0.8639 0.4898 -0.1171
vn -0.0025 1.0000 0.0052
vn -0.9956 -0.0709 -0.0621
vn -0.9817 -0.1685 -0.0890
vn 0.0021 1.0000 -0.0017
vn -0.0023 -0.9999 -0.0167
vn 0.0007 1.0000 0.0032
vn -0.0113 -0.8641 -0.5032
vn -0.0270 0.6998 -0.7138
vn -0.8639 0.4898 0.1171
vn -0.0006 -1.0000 0.0063
vn 0.0025 1.0000 -0.0051
vn -0.0008 -0.9999 -0.0115
vn 0.9817 -0.1684 0.0890
vn -0.0025 0.9929 -0.1187
vn -0.0003 -0.9922 0.1249
vn 0.0373 0.7857 0.6175
vn 0.0056 -0.9909 0.1342
vn -0.0023 0.9907 0.1362
vn 0.0030 -0.9889 -0.1486
vn 0.0051 -0.9910 -0.1337
vn 0.0002 -0.9885 -0.1514
vn 0.0004 0.9887 0.1498
vn 0.0013 -0.9900 -0.1412
vn 0.0396 0.8032 -0.5943
vn -0.0049 0.9477 -0.3190
vn -0.0039 0.9892 0.1463
vn 0.0012 -0.9996 0.0291
vn 0.0025 1.0000 -0.0090
vn 0.0507 0.6999 0.7125
vn 0.0292 0.7105 0.7031
vn 0.7643 -0.6237 0.1637
vn -0.0008 1.0000 0.0062
vn -0.1047 -0.9372 -0.3326
vn 0.0011 1.0000 0.0012
vt 0.347222 0.708333
vt 0.375000 0.708333
vt 0.375000 0.750000
vt 0.347222 0.750000
vt 0.652778 0.708333
vt 0.680556 0.708333
vt 0.680556 0.750000
vt 0.652778 0.750000
vt 0.708333 0.708333
vt 0.708333 0.750000
vt 0.736111 0.708333
vt 0.736111 0.750000
vt 0.763889 0.708333
vt 0.763889 0.750000
vt 0.791667 0.708333
vt 0.791667 0.750000
vt 0.819444 0.708333
vt 0.819444 0.750000
vt 0.125000 0.708333
vt 0.152778 0.708333
vt 0.152778 0.750000
vt 0.125000 0.750000
vt 0.208333 0.708333
vt 0.236111 0.708333
vt 0.236111 0.750000
vt 0.208333 0.750000
vt 0.625000 0.750000
vt 0.625000 0.777778
vt 0.375000 0.777778
vt 0.375000 0.888889
vt 0.625000 0.888889
vt 0.625000 0.916667
vt 0.375000 0.916667
vt 0.375000 0.388889
vt 0.625000 0.388889
vt 0.625000 0.416667
vt 0.375000 0.416667
vt 0.319444 0.541667
vt 0.347222 0.541667
vt 0.347222 0.583333
vt 0.319444 0.583333
vt 0.347222 0.625000
vt 0.319444 0.625000
vt 0.347222 0.666667
vt 0.319444 0.666667
vt 0.319444 0.708333
vt 0.291667 0.541667
vt 0.291667 0.583333
vt 0.291667 0.625000
vt 0.291667 0.666667
vt 0.291667 0.708333
vt 0.263889 0.500000
vt 0.291667 0.500000
vt 0.263889 0.541667
vt 0.263889 0.583333
vt 0.263889 0.625000
vt 0.263889 0.666667
vt 0.263889 0.708333
vt 0.236111 0.541667
vt 0.236111 0.583333
vt 0.236111 0.625000
vt 0.236111 0.666667
vt 0.208333 0.541667
vt 0.208333 0.583333
vt 0.208333 0.625000
vt 0.208333 0.666667
vt 0.180556 0.500000
vt 0.208333 0.500000
vt 0.180556 0.541667
vt 0.180556 0.583333
vt 0.180556 0.625000
vt 0.180556 0.666667
vt 0.180556 0.708333
vt 0.152778 0.500000
vt 0.152778 0.541667
vt 0.152778 0.583333
vt 0.152778 0.625000
vt 0.152778 0.666667
vt 0.125000 0.500000
vt 0.125000 0.541667
vt 0.125000 0.583333
vt 0.125000 0.625000
vt 0.125000 0.666667
vt 0.819444 0.541667
vt 0.847222 0.541667
vt 0.847222 0.583333
vt 0.819444 0.583333
vt 0.847222 0.625000
vt 0.819444 0.625000
vt 0.847222 0.666667
vt 0.819444 0.666667
vt 0.847222 0.708333
vt 0.791667 0.541667
vt 0.791667 0.583333
vt 0.791667 0.625000
vt 0.791667 0.666667
vt 0.763889 0.541667
vt 0.763889 0.583333
vt 0.763889 0.625000
vt 0.763889 0.666667
vt 0.736111 0.500000
vt 0.763889 0.500000
vt 0.736111 0.541667
vt 0.736111 0.583333
vt 0.736111 0.625000
vt 0.736111 0.666667
vt 0.708333 0.500000
vt 0.708333 0.541667
vt 0.708333 0.583333
vt 0.708333 0.625000
vt 0.708333 0.666667
vt 0.680556 0.541667
vt 0.680556 0.583333
vt 0.680556 0.625000
vt 0.680556 0.666667
vt 0.652778 0.541667
vt 0.652778 0.583333
vt 0.652778 0.625000
vt 0.652778 0.666667
vt 0.625000 0.625000
vt 0.625000 0.666667
vt 0.875000 0.541667
vt 0.875000 0.583333
vt 0.875000 0.625000
vt 0.347222 0.500000
vt 0.375000 0.500000
vt 0.375000 0.541667
vt 0.375000 0.583333
vt 0.375000 0.625000
vt 0.375000 0.666667
vt 0.625000 0.500000
vt 0.625000 0.541667
vt 0.375000 0.000000
vt 0.625000 0.000000
vt 0.625000 0.041667
vt 0.375000 0.041667
vt 0.375000 0.125000
vt 0.625000 0.125000
vt 0.625000 0.166667
vt 0.375000 0.166667
vt 0.625000 0.208333
vt 0.375000 0.208333
vt 0.625000 0.252917
vt 0.505314 0.250000
vt 0.625000 0.236314
vt 0.319444 0.527085
vt 0.318104 0.500000
vt 0.320199 0.501601
vt 0.322033 0.500000
vt 0.236111 0.531711
vt 0.234822 0.500000
vt 0.236111 0.500291
vt 0.238934 0.500000
vt 0.623791 0.277969
vt 0.625000 0.279892
vt 0.449827 0.277778
vt 0.625000 0.276319
vt 0.623962 0.304939
vt 0.625000 0.307387
vt 0.460921 0.305556
vt 0.625000 0.303441
vt 0.625000 0.331896
vt 0.625000 0.334679
vt 0.456934 0.333333
vt 0.625000 0.329670
vt 0.625000 0.444444
vt 0.625000 0.447152
vt 0.458700 0.444444
vt 0.598587 0.443163
vt 0.625000 0.473825
vt 0.449541 0.472222
vt 0.625000 0.469514
vt 0.625000 0.471993
vt 0.177858 0.750000
vt 0.180556 0.719798
vt 0.181901 0.748726
vt 0.179534 0.749721
vt 0.261158 0.750000
vt 0.263889 0.719502
vt 0.265219 0.748519
vt 0.263889 0.750000
vt 0.318105 0.750000
vt 0.319444 0.719634
vt 0.322141 0.750000
vt 0.319444 0.748300
vt 0.449541 0.972222
vt 0.625000 0.969364
vt 0.623390 0.972222
vt 0.625000 0.973796
vt 0.625000 0.056927
vt 0.563838 0.083333
vt 0.625000 0.095991
vt 0.462392 0.083333
vt 0.625000 0.559764
vt 0.628187 0.583333
vt 0.625000 0.608985
vt 0.453101 0.583333
vt 0.449541 0.708333
vt 0.625000 0.683714
vt 0.628293 0.708333
vt 0.625000 0.736773
vt 0.847222 0.531506
vt 0.850139 0.500000
vt 0.872083 0.500000
vt 0.875000 0.527373
vt 0.375000 0.250000
vt 0.375000 0.277778
vt 0.541300 0.444444
vt 0.375000 0.441764
vt 0.375000 0.447033
vt 0.375000 0.472222
vt 0.375000 0.333333
vt 0.625000 0.361111
vt 0.550459 0.361111
vt 0.375000 0.358533
vt 0.375000 0.363934
vt 0.375000 0.305556
vt 0.819444 0.528222
vt 0.821559 0.500000
vt 0.845108 0.500000
vt 0.791667 0.528729
vt 0.795330 0.500000
vt 0.815781 0.500000
vt 0.788975 0.500000
vt 0.680556 0.531724
vt 0.683118 0.500000
vt 0.652778 0.528237
vt 0.655486 0.500000
vt 0.677847 0.500000
vt 0.649573 0.500000
vt 0.375000 0.947142
vt 0.538509 0.944444
vt 0.625000 0.944444
vt 0.375000 0.972222
vt 0.375000 0.941753
vt 0.375000 0.863842
vt 0.549241 0.861111
vt 0.625000 0.861111
vt 0.375000 0.833333
vt 0.625000 0.833333
vt 0.375000 0.858451
vt 0.291667 0.750000
vt 0.375000 0.808235
vt 0.540742 0.805556
vt 0.625000 0.805556
vt 0.375000 0.802859
vt 0.875000 0.708333
vt 0.875000 0.750000
vt 0.850370 0.750000
vt 0.847222 0.718289
vt 0.625000 1.000000
vt 0.375000 1.000000
vt 0.844364 0.750000
vt 0.375000 0.083333
vt 0.871717 0.666667
vt 0.875000 0.693073
vt 0.875000 0.641352
vt 0.562500 0.000000
vt 0.562500 0.250000
vt 0.625000 0.250000
vt 0.562500 0.500000
vt 0.562500 0.750000
vt 0.562500 1.000000
vt 0.875000 0.500000
vt 0.437500 1.000000
vt 0.437500 0.750000
vt 0.500000 1.000000
vt 0.500000 0.750000
vt 0.437500 0.500000
vt 0.500000 0.500000
vt 0.437500 0.250000
vt 0.500000 0.250000
vt 0.437500 0.000000
vt 0.500000 0.000000
s 0
usemtl Dunkles_Holz_Sarg
f 125/1/1 38/2/1 4/3/1 21/4/1
f 50/5/2 55/6/2 23/7/2 22/8/2
f 55/6/3 60/9/3 24/10/3 23/7/3
f 60/9/4 65/11/4 25/12/4 24/10/4
f 65/11/5 70/13/5 26/14/5 25/12/5
f 70/13/6 75/15/6 27/16/6 26/14/6
f 75/15/7 80/17/7 28/18/7 27/16/7
f 33/19/8 90/20/8 17/21/8 1/22/8
f 100/23/9 105/24/9 19/25/9 18/26/9
f 4/3/10 5/27/10 22/28/10 21/29/10
f 19/30/11 26/31/11 27/32/11 18/33/11
f 10/34/12 15/35/12 16/36/12 9/37/12
f 116/38/13 121/39/13 122/40/13 117/41/13
f 117/41/14 122/40/14 123/42/14 118/43/14
f 118/43/15 123/42/15 124/44/15 119/45/15
f 119/45/16 124/44/16 125/1/16 120/46/16
f 111/47/17 116/38/17 117/41/17 112/48/17
f 112/48/18 117/41/18 118/43/18 113/49/18
f 113/49/19 118/43/19 119/45/19 114/50/19
f 114/50/20 119/45/20 120/46/20 115/51/20
f 10/52/21 9/53/21 111/47/21 106/54/21
f 106/54/22 111/47/22 112/48/22 107/55/22
f 107/55/23 112/48/23 113/49/23 108/56/23
f 108/56/24 113/49/24 114/50/24 109/57/24
f 109/57/25 114/50/25 115/51/25 110/58/25
f 101/59/26 106/54/26 107/55/26 102/60/26
f 102/60/25 107/55/25 108/56/25 103/61/25
f 103/61/27 108/56/27 109/57/27 104/62/27
f 104/62/28 109/57/28 110/58/28 105/24/28
f 96/63/29 101/59/29 102/60/29 97/64/29
f 97/64/25 102/60/25 103/61/25 98/65/25
f 98/65/27 103/61/27 104/62/27 99/66/27
f 99/66/30 104/62/30 105/24/30 100/23/30
f 12/67/31 11/68/31 96/63/31 91/69/31
f 91/69/32 96/63/32 97/64/32 92/70/32
f 92/70/33 97/64/33 98/65/33 93/71/33
f 93/71/34 98/65/34 99/66/34 94/72/34
f 94/72/35 99/66/35 100/23/35 95/73/35
f 13/74/36 12/67/36 91/69/36 86/75/36
f 86/75/37 91/69/37 92/70/37 87/76/37
f 87/76/38 92/70/38 93/71/38 88/77/38
f 88/77/39 93/71/39 94/72/39 89/78/39
f 89/78/40 94/72/40 95/73/40 90/20/40
f 3/79/41 13/74/41 86/75/41 29/80/41
f 29/80/42 86/75/42 87/76/42 30/81/42
f 30/81/43 87/76/43 88/77/43 31/82/43
f 31/82/44 88/77/44 89/78/44 32/83/44
f 32/83/45 89/78/45 90/20/45 33/19/45
f 76/84/46 81/85/46 82/86/46 77/87/46
f 77/87/47 82/86/47 83/88/47 78/89/47
f 78/89/48 83/88/48 84/90/48 79/91/48
f 79/91/49 84/90/49 85/92/49 80/17/49
f 71/93/50 76/84/50 77/87/50 72/94/50
f 72/94/51 77/87/51 78/89/51 73/95/51
f 73/95/52 78/89/52 79/91/52 74/96/52
f 74/96/53 79/91/53 80/17/53 75/15/53
f 66/97/54 71/93/54 72/94/54 67/98/54
f 67/98/55 72/94/55 73/95/55 68/99/55
f 68/99/56 73/95/56 74/96/56 69/100/56
f 69/100/57 74/96/57 75/15/57 70/13/57
f 15/101/58 14/102/58 66/97/58 61/103/58
f 61/103/59 66/97/59 67/98/59 62/104/59
f 62/104/60 67/98/60 68/99/60 63/105/60
f 63/105/61 68/99/61 69/100/61 64/106/61
f 64/106/57 69/100/57 70/13/57 65/11/57
f 16/107/62 15/101/62 61/103/62 56/108/62
f 56/108/63 61/103/63 62/104/63 57/109/63
f 57/109/64 62/104/64 63/105/64 58/110/64
f 58/110/65 63/105/65 64/106/65 59/111/65
f 59/111/66 64/106/66 65/11/66 60/9/66
f 51/112/67 56/108/67 57/109/67 52/113/67
f 52/113/68 57/109/68 58/110/68 53/114/68
f 53/114/69 58/110/69 59/111/69 54/115/69
f 54/115/70 59/111/70 60/9/70 55/6/70
f 46/116/71 51/112/71 52/113/71 47/117/71
f 47/117/72 52/113/72 53/114/72 48/118/72
f 48/118/73 53/114/73 54/115/73 49/119/73
f 49/119/74 54/115/74 55/6/74 50/5/74
f 44/120/75 48/118/75 49/119/75 45/121/75
f 81/85/76 37/122/76 36/123/76 82/86/76
f 82/86/77 36/123/77 35/124/77 83/88/77
f 8/125/78 6/126/78 42/127/78 121/39/78
f 121/39/79 42/127/79 41/128/79 122/40/79
f 122/40/80 41/128/80 40/129/80 123/42/80
f 123/42/81 40/129/81 39/130/81 124/44/81
f 124/44/82 39/130/82 38/2/82 125/1/82
f 6/126/83 7/131/83 43/132/83 42/127/83
f 40/129/84 44/120/84 45/121/84 39/130/84
f 1/133/85 2/134/85 34/135/85 33/136/85
f 31/137/86 35/138/86 36/139/86 30/140/86
f 30/140/87 36/139/87 37/141/87 29/142/87
f 126/143/88 127/144/88 128/145/88
f 129/146/89 130/147/89 131/148/89 132/149/89
f 133/150/90 134/151/90 135/152/90 136/153/90
f 137/154/91 138/155/91 139/156/91 140/157/91
f 141/158/92 142/159/92 143/160/92 144/161/92
f 145/162/93 146/163/93 147/164/93 148/165/93
f 153/170/95 154/171/95 155/172/95 156/173/95
f 161/178/97 162/179/97 163/180/97 164/181/97
f 165/182/98 166/183/98 167/184/98 168/185/98
f 169/186/99 170/187/99 171/188/99 172/189/99
f 173/190/100 174/191/100 175/192/100 176/193/100
f 177/194/101 178/195/101 179/196/101 180/197/101
f 181/198/102 182/199/102 183/200/102 184/201/102
f 137/202/103 140/203/103 126/204/103 128/205/103 37/122/103 81/85/103
f 29/142/104 37/141/104 128/145/104 127/144/104 3/206/104
f 3/206/105 127/144/105 126/143/105 140/157/105 139/156/105 13/207/105
f 129/146/106 132/149/106 8/125/106 121/39/106 116/38/106
f 9/37/107 16/36/107 152/169/107 151/168/107 131/208/107 130/209/107
f 132/210/108 131/208/108 151/168/108 150/167/108 155/172/108 154/171/108 8/211/108
f 9/53/109 130/147/109 129/146/109 116/38/109 111/47/109
f 133/150/110 136/153/110 10/52/110 106/54/110 101/59/110
f 11/212/111 147/164/111 146/163/111 14/213/111 135/214/111 134/215/111
f 136/216/112 135/214/112 14/213/112 15/35/112 10/34/112
f 11/68/113 134/151/113 133/150/113 101/59/113 96/63/113
f 13/207/114 139/156/114 138/155/114 144/161/114 143/160/114 12/217/114
f 141/218/115 144/219/115 138/220/115 137/202/115 81/85/115 76/84/115
f 12/217/116 143/160/116 142/159/116 148/165/116 147/164/116 11/212/116
f 145/221/117 148/222/117 142/223/117 141/218/117 76/84/117 71/93/117
f 14/102/118 146/224/118 145/221/118 71/93/118 66/97/118
f 149/225/119 152/226/119 16/107/119 56/108/119 51/112/119
f 156/227/120 155/228/120 150/229/120 149/225/120 51/112/120 46/116/120
f 7/131/121 153/230/121 156/227/121 46/116/121 43/132/121
f 8/211/122 154/171/122 153/170/122 7/131/122 6/126/122
f 157/231/123 160/232/123 28/233/123 170/187/123 169/186/123 17/234/123
f 90/20/124 95/73/124 158/175/124 157/174/124 17/21/124
f 18/33/125 27/32/125 28/233/125 160/232/125 159/235/125
f 95/73/126 100/23/126 18/26/126 159/176/126 158/175/126
f 161/236/127 164/237/127 25/238/127 26/31/127 19/30/127
f 105/24/128 110/58/128 162/179/128 161/178/128 19/25/128
f 20/239/129 24/240/129 25/238/129 164/237/129 163/241/129
f 110/58/130 115/51/130 20/242/130 163/180/130 162/179/130
f 165/243/131 168/244/131 23/245/131 24/240/131 20/239/131
f 115/51/132 120/46/132 166/183/132 165/182/132 20/242/132
f 21/29/133 22/28/133 23/245/133 168/244/133 167/246/133
f 120/46/134 125/1/134 21/4/134 167/184/134 166/183/134
f 85/92/135 34/247/135 2/248/135 172/249/135 171/250/135
f 17/234/136 169/186/136 172/189/136 2/251/136 1/252/136
f 80/17/137 85/92/137 171/250/137 170/253/137 28/18/137
f 33/136/138 34/135/138 173/190/138 176/193/138 32/254/138
f 84/90/139 174/255/139 173/256/139 34/247/139 85/92/139
f 32/254/140 176/193/140 175/192/140 35/138/140 31/137/140
f 83/88/141 35/124/141 175/257/141 174/255/141 84/90/141
f 42/127/142 43/132/142 177/194/142 180/197/142 41/128/142
f 43/132/143 46/116/143 47/117/143 178/195/143 177/194/143
f 41/128/144 180/197/144 179/196/144 44/120/144 40/129/144
f 179/196/145 178/195/145 47/117/145 48/118/145 44/120/145
f 184/201/146 183/200/146 50/5/146 22/8/146 5/27/146
f 39/130/147 45/121/147 182/199/147 181/198/147 38/2/147
f 38/2/148 181/198/148 184/201/148 5/27/148 4/3/148
f 45/121/149 49/119/149 50/5/149 183/200/149 182/199/149
f 309/1/150 222/2/150 188/3/150 205/4/150
f 234/5/151 239/6/151 207/7/151 206/8/151
f 239/6/152 244/9/152 208/10/152 207/7/152
f 244/9/153 249/11/153 209/12/153 208/10/153
f 249/11/154 254/13/154 210/14/154 209/12/154
f 254/13/155 259/15/155 211/16/155 210/14/155
f 259/15/156 264/17/156 212/18/156 211/16/156
f 217/19/157 274/20/157 201/21/157 185/22/157
f 284/23/158 289/24/158 203/25/158 202/26/158
f 188/3/159 189/27/159 206/28/159 205/29/159
f 203/30/160 210/31/160 211/32/160 202/33/160
f 194/34/161 199/35/161 200/36/161 193/37/161
f 300/38/162 305/39/162 306/40/162 301/41/162
f 301/41/163 306/40/163 307/42/163 302/43/163
f 302/43/164 307/42/164 308/44/164 303/45/164
f 303/45/165 308/44/165 309/1/165 304/46/165
f 295/47/166 300/38/166 301/41/166 296/48/166
f 296/48/167 301/41/167 302/43/167 297/49/167
f 297/49/168 302/43/168 303/45/168 298/50/168
f 298/50/169 303/45/169 304/46/169 299/51/169
f 194/52/170 193/53/170 295/47/170 290/54/170
f 290/54/171 295/47/171 296/48/171 291/55/171
f 291/55/172 296/48/172 297/49/172 292/56/172
f 292/56/173 297/49/173 298/50/173 293/57/173
f 293/57/174 298/50/174 299/51/174 294/58/174
f 285/59/175 290/54/175 291/55/175 286/60/175
f 286/60/176 291/55/176 292/56/176 287/61/176
f 287/61/174 292/56/174 293/57/174 288/62/174
f 288/62/177 293/57/177 294/58/177 289/24/177
f 280/63/178 285/59/178 286/60/178 281/64/178
f 281/64/176 286/60/176 287/61/176 282/65/176
f 282/65/174 287/61/174 288/62/174 283/66/174
f 283/66/179 288/62/179 289/24/179 284/23/179
f 196/67/180 195/68/180 280/63/180 275/69/180
f 275/69/181 280/63/181 281/64/181 276/70/181
f 276/70/182 281/64/182 282/65/182 277/71/182
f 277/71/183 282/65/183 283/66/183 278/72/183
f 278/72/184 283/66/184 284/23/184 279/73/184
f 197/74/185 196/67/185 275/69/185 270/75/185
f 270/75/186 275/69/186 276/70/186 271/76/186
f 271/76/187 276/70/187 277/71/187 272/77/187
f 272/77/188 277/71/188 278/72/188 273/78/188
f 273/78/189 278/72/189 279/73/189 274/20/189
f 187/79/190 197/74/190 270/75/190 213/80/190
f 213/80/191 270/75/191 271/76/191 214/81/191
f 214/81/192 271/76/192 272/77/192 215/82/192
f 215/82/193 272/77/193 273/78/193 216/83/193
f 216/83/194 273/78/194 274/20/194 217/19/194
f 260/84/195 265/85/195 266/86/195 261/87/195
f 261/87/196 266/86/196 267/88/196 262/89/196
f 262/89/197 267/88/197 268/90/197 263/91/197
f 263/91/198 268/90/198 269/92/198 264/17/198
f 255/93/199 260/84/199 261/87/199 256/94/199
f 256/94/200 261/87/200 262/89/200 257/95/200
f 257/95/201 262/89/201 263/91/201 258/96/201
f 258/96/202 263/91/202 264/17/202 259/15/202
f 250/97/203 255/93/203 256/94/203 251/98/203
f 251/98/204 256/94/204 257/95/204 252/99/204
f 252/99/205 257/95/205 258/96/205 253/100/205
f 253/100/206 258/96/206 259/15/206 254/13/206
f 199/101/207 198/102/207 250/97/207 245/103/207
f 245/103/208 250/97/208 251/98/208 246/104/208
f 246/104/209 251/98/209 252/99/209 247/105/209
f 247/105/210 252/99/210 253/100/210 248/106/210
f 248/106/206 253/100/206 254/13/206 249/11/206
f 200/107/211 199/101/211 245/103/211 240/108/211
f 240/108/212 245/103/212 246/104/212 241/109/212
f 241/109/213 246/104/213 247/105/213 242/110/213
f 242/110/214 247/105/214 248/106/214 243/111/214
f 243/111/215 248/106/215 249/11/215 244/9/215
f 235/112/216 240/108/216 241/109/216 236/113/216
f 236/113/217 241/109/217 242/110/217 237/114/217
f 237/114/218 242/110/218 243/111/218 238/115/218
f 238/115/219 243/111/219 244/9/219 239/6/219
f 230/116/220 235/112/220 236/113/220 231/117/220
f 231/117/221 236/113/221 237/114/221 232/118/221
f 232/118/222 237/114/222 238/115/222 233/119/222
f 233/119/223 238/115/223 239/6/223 234/5/223
f 228/120/224 232/118/224 233/119/224 229/121/224
f 265/85/225 221/122/225 220/123/225 266/86/225
f 266/86/226 220/123/226 219/124/226 267/88/226
f 192/125/227 190/126/227 226/127/227 305/39/227
f 305/39/228 226/127/228 225/128/228 306/40/228
f 306/40/229 225/128/229 224/129/229 307/42/229
f 307/42/230 224/129/230 223/130/230 308/44/230
f 308/44/231 223/130/231 222/2/231 309/1/231
f 190/126/232 191/131/232 227/132/232 226/127/232
f 224/129/233 228/120/233 229/121/233 223/130/233
f 185/133/234 186/134/234 218/135/234 217/136/234
f 215/137/235 219/138/235 220/139/235 214/140/235
f 214/140/236 220/139/236 221/141/236 213/142/236
f 310/143/237 311/144/237 312/145/237
f 313/146/238 314/147/238 315/148/238 316/149/238
f 317/150/239 318/151/239 319/152/239 320/153/239
f 321/154/240 322/155/240 323/156/240 324/157/240
f 325/158/241 326/159/241 327/160/241 328/161/241
f 329/162/242 330/163/242 331/164/242 332/165/242
f 337/170/244 338/171/244 339/172/244 340/173/244
f 345/178/246 346/179/246 347/180/246 348/181/246
f 349/182/247 350/183/247 351/184/247 352/185/247
f 353/186/248 354/187/248 355/188/248 356/189/248
f 357/190/249 358/191/249 359/192/249 360/193/249
f 361/194/250 362/195/250 363/196/250 364/197/250
f 365/198/251 366/199/251 367/200/251 368/201/251
f 321/202/252 324/203/252 310/204/252 312/205/252 221/122/252 265/85/252
f 213/142/253 221/141/253 312/145/253 311/144/253 187/206/253
f 187/206/254 311/144/254 310/143/254 324/157/254 323/156/254 197/207/254
f 313/146/255 316/149/255 192/125/255 305/39/255 300/38/255
f 193/37/256 200/36/256 336/169/256 335/168/256 315/208/256 314/209/256
f 316/210/257 315/208/257 335/168/257 334/167/257 339/172/257 338/171/257 192/211/257
f 193/53/258 314/147/258 313/146/258 300/38/258 295/47/258
f 317/150/259 320/153/259 194/52/259 290/54/259 285/59/259
f 195/212/260 331/164/260 330/163/260 198/213/260 319/214/260 318/215/260
f 320/216/261 319/214/261 198/213/261 199/35/261 194/34/261
f 195/68/262 318/151/262 317/150/262 285/59/262 280/63/262
f 197/207/263 323/156/263 322/155/263 328/161/263 327/160/263 196/217/263
f 325/218/264 328/219/264 322/220/264 321/202/264 265/85/264 260/84/264
f 196/217/265 327/160/265 326/159/265 332/165/265 331/164/265 195/212/265
f 329/221/266 332/222/266 326/223/266 325/218/266 260/84/266 255/93/266
f 198/102/267 330/224/267 329/221/267 255/93/267 250/97/267
f 333/225/268 336/226/268 200/107/268 240/108/268 235/112/268
f 340/227/269 339/228/269 334/229/269 333/225/269 235/112/269 230/116/269
f 191/131/270 337/230/270 340/227/270 230/116/270 227/132/270
f 192/211/271 338/171/271 337/170/271 191/131/271 190/126/271
f 341/231/272 344/232/272 212/233/272 354/187/272 353/186/272 201/234/272
f 274/20/273 279/73/273 342/175/273 341/174/273 201/21/273
f 202/33/274 211/32/274 212/233/274 344/232/274 343/235/274
f 279/73/275 284/23/275 202/26/275 343/176/275 342/175/275
f 345/236/276 348/237/276 209/238/276 210/31/276 203/30/276
f 289/24/277 294/58/277 346/179/277 345/178/277 203/25/277
f 204/239/278 208/240/278 209/238/278 348/237/278 347/241/278
f 294/58/279 299/51/279 204/242/279 347/180/279 346/179/279
f 349/243/280 352/244/280 207/245/280 208/240/280 204/239/280
f 299/51/281 304/46/281 350/183/281 349/182/281 204/242/281
f 205/29/282 206/28/282 207/245/282 352/244/282 351/246/282
f 304/46/283 309/1/283 205/4/283 351/184/283 350/183/283
f 269/92/284 218/247/284 186/248/284 356/249/284 355/250/284
f 201/234/285 353/186/285 356/189/285 186/251/285 185/252/285
f 264/17/286 269/92/286 355/250/286 354/253/286 212/18/286
f 217/136/287 218/135/287 357/190/287 360/193/287 216/254/287
f 268/90/288 358/255/288 357/256/288 218/247/288 269/92/288
f 216/254/289 360/193/289 359/192/289 219/138/289 215/137/289
f 267/88/290 219/124/290 359/257/290 358/255/290 268/90/290
f 226/127/291 227/132/291 361/194/291 364/197/291 225/128/291
f 227/132/292 230/116/292 231/117/292 362/195/292 361/194/292
f 225/128/293 364/197/293 363/196/293 228/120/293 224/129/293
f 363/196/294 362/195/294 231/117/294 232/118/294 228/120/294
f 368/201/295 367/200/295 234/5/295 206/8/295 189/27/295
f 223/130/296 229/121/296 366/199/296 365/198/296 222/2/296
f 222/2/297 365/198/297 368/201/297 189/27/297 188/3/297
f 229/121/298 233/119/298 234/5/298 367/200/298 366/199/298
f 493/1/299 406/2/299 372/3/299 389/4/299
f 418/5/300 423/6/300 391/7/300 390/8/300
f 423/6/301 428/9/301 392/10/301 391/7/301
f 428/9/302 433/11/302 393/12/302 392/10/302
f 433/11/303 438/13/303 394/14/303 393/12/303
f 438/13/304 443/15/304 395/16/304 394/14/304
f 443/15/305 448/17/305 396/18/305 395/16/305
f 401/19/306 458/20/306 385/21/306 369/22/306
f 468/23/307 473/24/307 387/25/307 386/26/307
f 372/3/308 373/27/308 390/28/308 389/29/308
f 387/30/309 394/31/309 395/32/309 386/33/309
f 378/34/310 383/35/310 384/36/310 377/37/310
f 484/38/311 489/39/311 490/40/311 485/41/311
f 485/41/312 490/40/312 491/42/312 486/43/312
f 486/43/313 491/42/313 492/44/313 487/45/313
f 487/45/314 492/44/314 493/1/314 488/46/314
f 479/47/315 484/38/315 485/41/315 480/48/315
f 480/48/316 485/41/316 486/43/316 481/49/316
f 481/49/317 486/43/317 487/45/317 482/50/317
f 482/50/318 487/45/318 488/46/318 483/51/318
f 378/52/319 377/53/319 479/47/319 474/54/319
f 474/54/320 479/47/320 480/48/320 475/55/320
f 475/55/321 480/48/321 481/49/321 476/56/321
f 476/56/322 481/49/322 482/50/322 477/57/322
f 477/57/323 482/50/323 483/51/323 478/58/323
f 469/59/324 474/54/324 475/55/324 470/60/324
f 470/60/323 475/55/323 476/56/323 471/61/323
f 471/61/325 476/56/325 477/57/325 472/62/325
f 472/62/326 477/57/326 478/58/326 473/24/326
f 464/63/318 469/59/318 470/60/318 465/64/318
f 465/64/323 470/60/323 471/61/323 466/65/323
f 466/65/325 471/61/325 472/62/325 467/66/325
f 467/66/327 472/62/327 473/24/327 468/23/327
f 380/67/328 379/68/328 464/63/328 459/69/328
f 459/69/329 464/63/329 465/64/329 460/70/329
f 460/70/330 465/64/330 466/65/330 461/71/330
f 461/71/331 466/65/331 467/66/331 462/72/331
f 462/72/332 467/66/332 468/23/332 463/73/332
f 381/74/333 380/67/333 459/69/333 454/75/333
f 454/75/334 459/69/334 460/70/334 455/76/334
f 455/76/335 460/70/335 461/71/335 456/77/335
f 456/77/336 461/71/336 462/72/336 457/78/336
f 457/78/337 462/72/337 463/73/337 458/20/337
f 371/79/338 381/74/338 454/75/338 397/80/338
f 397/80/339 454/75/339 455/76/339 398/81/339
f 398/81/340 455/76/340 456/77/340 399/82/340
f 399/82/341 456/77/341 457/78/341 400/83/341
f 400/83/342 457/78/342 458/20/342 401/19/342
f 444/84/343 449/85/343 450/86/343 445/87/343
f 445/87/344 450/86/344 451/88/344 446/89/344
f 446/89/345 451/88/345 452/90/345 447/91/345
f 447/91/346 452/90/346 453/92/346 448/17/346
f 439/93/347 444/84/347 445/87/347 440/94/347
f 440/94/348 445/87/348 446/89/348 441/95/348
f 441/95/349 446/89/349 447/91/349 442/96/349
f 442/96/350 447/91/350 448/17/350 443/15/350
f 434/97/351 439/93/351 440/94/351 435/98/351
f 435/98/352 440/94/352 441/95/352 436/99/352
f 436/99/353 441/95/353 442/96/353 437/100/353
f 437/100/354 442/96/354 443/15/354 438/13/354
f 383/101/355 382/102/355 434/97/355 429/103/355
f 429/103/356 434/97/356 435/98/356 430/104/356
f 430/104/357 435/98/357 436/99/357 431/105/357
f 431/105/358 436/99/358 437/100/358 432/106/358
f 432/106/354 437/100/354 438/13/354 433/11/354
f 384/107/359 383/101/359 429/103/359 424/108/359
f 424/108/360 429/103/360 430/104/360 425/109/360
f 425/109/361 430/104/361 431/105/361 426/110/361
f 426/110/362 431/105/362 432/106/362 427/111/362
f 427/111/363 432/106/363 433/11/363 428/9/363
f 419/112/364 424/108/364 425/109/364 420/113/364
f 420/113/365 425/109/365 426/110/365 421/114/365
f 421/114/366 426/110/366 427/111/366 422/115/366
f 422/115/367 427/111/367 428/9/367 423/6/367
f 414/116/368 419/112/368 420/113/368 415/117/368
f 415/117/369 420/113/369 421/114/369 416/118/369
f 416/118/370 421/114/370 422/115/370 417/119/370
f 417/119/371 422/115/371 423/6/371 418/5/371
f 412/120/372 416/118/372 417/119/372 413/121/372
f 449/85/373 405/122/373 404/123/373 450/86/373
f 450/86/374 404/123/374 403/124/374 451/88/374
f 376/125/375 374/126/375 410/127/375 489/39/375
f 489/39/376 410/127/376 409/128/376 490/40/376
f 490/40/377 409/128/377 408/129/377 491/42/377
f 491/42/378 408/129/378 407/130/378 492/44/378
f 492/44/379 407/130/379 406/2/379 493/1/379
f 374/126/380 375/131/380 411/132/380 410/127/380
f 408/129/381 412/120/381 413/121/381 407/130/381
f 369/133/382 370/134/382 402/135/382 401/136/382
f 399/137/383 403/138/383 404/139/383 398/140/383
f 398/140/384 404/139/384 405/141/384 397/142/384
f 494/143/385 495/144/385 496/145/385
f 497/146/386 498/147/386 499/148/386 500/149/386
f 501/150/387 502/151/387 503/152/387 504/153/387
f 505/154/388 506/155/388 507/156/388 508/157/388
f 509/158/389 510/159/389 511/160/389 512/161/389
f 513/162/390 514/163/390 515/164/390 516/165/390
f 521/170/392 522/171/392 523/172/392 524/173/392
f 529/178/394 530/179/394 531/180/394 532/181/394
f 533/182/395 534/183/395 535/184/395 536/185/395
f 537/186/396 538/187/396 539/188/396 540/189/396
f 541/190/397 542/191/397 543/192/397 544/193/397
f 545/194/398 546/195/398 547/196/398 548/197/398
f 549/198/399 550/199/399 551/200/399 552/201/399
f 505/202/400 508/203/400 494/204/400 496/205/400 405/122/400 449/85/400
f 397/142/401 405/141/401 496/145/401 495/144/401 371/206/401
f 371/206/402 495/144/402 494/143/402 508/157/402 507/156/402 381/207/402
f 497/146/403 500/149/403 376/125/403 489/39/403 484/38/403
f 377/37/404 384/36/404 520/169/404 519/168/404 499/208/404 498/209/404
f 500/210/405 499/208/405 519/168/405 518/167/405 523/172/405 522/171/405 376/211/405
f 377/53/406 498/147/406 497/146/406 484/38/406 479/47/406
f 501/150/407 504/153/407 378/52/407 474/54/407 469/59/407
f 379/212/408 515/164/408 514/163/408 382/213/408 503/214/408 502/215/408
f 504/216/409 503/214/409 382/213/409 383/35/409 378/34/409
f 379/68/410 502/151/410 501/150/410 469/59/410 464/63/410
f 381/207/411 507/156/411 506/155/411 512/161/411 511/160/411 380/217/411
f 509/218/412 512/219/412 506/220/412 505/202/412 449/85/412 444/84/412
f 380/217/413 511/160/413 510/159/413 516/165/413 515/164/413 379/212/413
f 513/221/414 516/222/414 510/223/414 509/218/414 444/84/414 439/93/414
f 382/102/415 514/224/415 513/221/415 439/93/415 434/97/415
f 517/225/416 520/226/416 384/107/416 424/108/416 419/112/416
f 524/227/417 523/228/417 518/229/417 517/225/417 419/112/417 414/116/417
f 375/131/418 521/230/418 524/227/418 414/116/418 411/132/418
f 376/211/419 522/171/419 521/170/419 375/131/419 374/126/419
f 525/231/420 528/232/420 396/233/420 538/187/420 537/186/420 385/234/420
f 458/20/421 463/73/421 526/175/421 525/174/421 385/21/421
f 386/33/422 395/32/422 396/233/422 528/232/422 527/235/422
f 463/73/423 468/23/423 386/26/423 527/176/423 526/175/423
f 529/236/424 532/237/424 393/238/424 394/31/424 387/30/424
f 473/24/425 478/58/425 530/179/425 529/178/425 387/25/425
f 388/239/426 392/240/426 393/238/426 532/237/426 531/241/426
f 478/58/427 483/51/427 388/242/427 531/180/427 530/179/427
f 533/243/428 536/244/428 391/245/428 392/240/428 388/239/428
f 483/51/429 488/46/429 534/183/429 533/182/429 388/242/429
f 389/29/430 390/28/430 391/245/430 536/244/430 535/246/430
f 488/46/431 493/1/431 389/4/431 535/184/431 534/183/431
f 453/92/432 402/247/432 370/248/432 540/249/432 539/250/432
f 385/234/433 537/186/433 540/189/433 370/251/433 369/252/433
f 448/17/434 453/92/434 539/250/434 538/253/434 396/18/434
f 401/136/435 402/135/435 541/190/435 544/193/435 400/254/435
f 452/90/436 542/255/436 541/256/436 402/247/436 453/92/436
f 400/254/437 544/193/437 543/192/437 403/138/437 399/137/437
f 451/88/438 403/124/438 543/257/438 542/255/438 452/90/438
f 410/127/439 411/132/439 545/194/439 548/197/439 409/128/439
f 411/132/440 414/116/440 415/117/440 546/195/440 545/194/440
f 409/128/441 548/197/441 547/196/441 412/120/441 408/129/441
f 547/196/442 546/195/442 415/117/442 416/118/442 412/120/442
f 552/201/443 551/200/443 418/5/443 390/8/443 373/27/443
f 407/130/444 413/121/444 550/199/444 549/198/444 406/2/444
f 406/2/445 549/198/445 552/201/445 373/27/445 372/3/445
f 413/121/446 417/119/446 418/5/446 551/200/446 550/199/446
f 677/1/447 590/2/447 556/3/447 573/4/447
f 602/5/448 607/6/448 575/7/448 574/8/448
f 607/6/449 612/9/449 576/10/449 575/7/449
f 612/9/450 617/11/450 577/12/450 576/10/450
f 617/11/451 622/13/451 578/14/451 577/12/451
f 622/13/452 627/15/452 579/16/452 578/14/452
f 627/15/453 632/17/453 580/18/453 579/16/453
f 585/19/454 642/20/454 569/21/454 553/22/454
f 652/23/455 657/24/455 571/25/455 570/26/455
f 556/3/456 557/27/456 574/28/456 573/29/456
f 571/30/457 578/31/457 579/32/457 570/33/457
f 562/34/458 567/35/458 568/36/458 561/37/458
f 668/38/459 673/39/459 674/40/459 669/41/459
f 669/41/460 674/40/460 675/42/460 670/43/460
f 670/43/461 675/42/461 676/44/461 671/45/461
f 671/45/462 676/44/462 677/1/462 672/46/462
f 663/47/463 668/38/463 669/41/463 664/48/463
f 664/48/464 669/41/464 670/43/464 665/49/464
f 665/49/465 670/43/465 671/45/465 666/50/465
f 666/50/466 671/45/466 672/46/466 667/51/466
f 562/52/467 561/53/467 663/47/467 658/54/467
f 658/54/468 663/47/468 664/48/468 659/55/468
f 659/55/469 664/48/469 665/49/469 660/56/469
f 660/56/470 665/49/470 666/50/470 661/57/470
f 661/57/471 666/50/471 667/51/471 662/58/471
f 653/59/472 658/54/472 659/55/472 654/60/472
f 654/60/473 659/55/473 660/56/473 655/61/473
f 655/61/471 660/56/471 661/57/471 656/62/471
f 656/62/474 661/57/474 662/58/474 657/24/474
f 648/63/466 653/59/466 654/60/466 649/64/466
f 649/64/473 654/60/473 655/61/473 650/65/473
f 650/65/471 655/61/471 656/62/471 651/66/471
f 651/66/475 656/62/475 657/24/475 652/23/475
f 564/67/476 563/68/476 648/63/476 643/69/476
f 643/69/477 648/63/477 649/64/477 644/70/477
f 644/70/478 649/64/478 650/65/478 645/71/478
f 645/71/479 650/65/479 651/66/479 646/72/479
f 646/72/480 651/66/480 652/23/480 647/73/480
f 565/74/481 564/67/481 643/69/481 638/75/481
f 638/75/482 643/69/482 644/70/482 639/76/482
f 639/76/483 644/70/483 645/71/483 640/77/483
f 640/77/484 645/71/484 646/72/484 641/78/484
f 641/78/485 646/72/485 647/73/485 642/20/485
f 555/79/486 565/74/486 638/75/486 581/80/486
f 581/80/487 638/75/487 639/76/487 582/81/487
f 582/81/488 639/76/488 640/77/488 583/82/488
f 583/82/489 640/77/489 641/78/489 584/83/489
f 584/83/490 641/78/490 642/20/490 585/19/490
f 628/84/491 633/85/491 634/86/491 629/87/491
f 629/87/492 634/86/492 635/88/492 630/89/492
f 630/89/493 635/88/493 636/90/493 631/91/493
f 631/91/494 636/90/494 637/92/494 632/17/494
f 623/93/495 628/84/495 629/87/495 624/94/495
f 624/94/496 629/87/496 630/89/496 625/95/496
f 625/95/497 630/89/497 631/91/497 626/96/497
f 626/96/498 631/91/498 632/17/498 627/15/498
f 618/97/499 623/93/499 624/94/499 619/98/499
f 619/98/500 624/94/500 625/95/500 620/99/500
f 620/99/501 625/95/501 626/96/501 621/100/501
f 621/100/502 626/96/502 627/15/502 622/13/502
f 567/101/503 566/102/503 618/97/503 613/103/503
f 613/103/504 618/97/504 619/98/504 614/104/504
f 614/104/505 619/98/505 620/99/505 615/105/505
f 615/105/506 620/99/506 621/100/506 616/106/506
f 616/106/502 621/100/502 622/13/502 617/11/502
f 568/107/507 567/101/507 613/103/507 608/108/507
f 608/108/508 613/103/508 614/104/508 609/109/508
f 609/109/509 614/104/509 615/105/509 610/110/509
f 610/110/510 615/105/510 616/106/510 611/111/510
f 611/111/511 616/106/511 617/11/511 612/9/511
f 603/112/512 608/108/512 609/109/512 604/113/512
f 604/113/513 609/109/513 610/110/513 605/114/513
f 605/114/514 610/110/514 611/111/514 606/115/514
f 606/115/515 611/111/515 612/9/515 607/6/515
f 598/116/516 603/112/516 604/113/516 599/117/516
f 599/117/517 604/113/517 605/114/517 600/118/517
f 600/118/518 605/114/518 606/115/518 601/119/518
f 601/119/519 606/115/519 607/6/519 602/5/519
f 596/120/520 600/118/520 601/119/520 597/121/520
f 633/85/521 589/122/521 588/123/521 634/86/521
f 634/86/522 588/123/522 587/124/522 635/88/522
f 560/125/523 558/126/523 594/127/523 673/39/523
f 673/39/524 594/127/524 593/128/524 674/40/524
f 674/40/525 593/128/525 592/129/525 675/42/525
f 675/42/526 592/129/526 591/130/526 676/44/526
f 676/44/527 591/130/527 590/2/527 677/1/527
f 558/126/528 559/131/528 595/132/528 594/127/528
f 592/129/529 596/120/529 597/121/529 591/130/529
f 553/133/530 554/134/530 586/135/530 585/136/530
f 583/137/531 587/138/531 588/139/531 582/140/531
f 582/140/532 588/139/532 589/141/532 581/142/532
f 678/143/533 679/144/533 680/145/533
f 681/146/534 682/147/534 683/148/534 684/149/534
f 685/150/535 686/151/535 687/152/535 688/153/535
f 689/154/536 690/155/536 691/156/536 692/157/536
f 693/158/537 694/159/537 695/160/537 696/161/537
f 697/162/538 698/163/538 699/164/538 700/165/538
f 705/170/540 706/171/540 707/172/540 708/173/540
f 713/178/542 714/179/542 715/180/542 716/181/542
f 717/182/543 718/183/543 719/184/543 720/185/543
f 721/186/544 722/187/544 723/188/544 724/189/544
f 725/190/545 726/191/545 727/192/545 728/193/545
f 729/194/546 730/195/546 731/196/546 732/197/546
f 733/198/547 734/199/547 735/200/547 736/201/547
f 689/202/548 692/203/548 678/204/548 680/205/548 589/122/548 633/85/548
f 581/142/549 589/141/549 680/145/549 679/144/549 555/206/549
f 555/206/550 679/144/550 678/143/550 692/157/550 691/156/550 565/207/550
f 681/146/551 684/149/551 560/125/551 673/39/551 668/38/551
f 561/37/552 568/36/552 704/169/552 703/168/552 683/208/552 682/209/552
f 684/210/553 683/208/553 703/168/553 702/167/553 707/172/553 706/171/553 560/211/553
f 561/53/554 682/147/554 681/146/554 668/38/554 663/47/554
f 685/150/555 688/153/555 562/52/555 658/54/555 653/59/555
f 563/212/556 699/164/556 698/163/556 566/213/556 687/214/556 686/215/556
f 688/216/557 687/214/557 566/213/557 567/35/557 562/34/557
f 563/68/558 686/151/558 685/150/558 653/59/558 648/63/558
f 565/207/559 691/156/559 690/155/559 696/161/559 695/160/559 564/217/559
f 693/218/560 696/219/560 690/220/560 689/202/560 633/85/560 628/84/560
f 564/217/561 695/160/561 694/159/561 700/165/561 699/164/561 563/212/561
f 697/221/562 700/222/562 694/223/562 693/218/562 628/84/562 623/93/562
f 566/102/563 698/224/563 697/221/563 623/93/563 618/97/563
f 701/225/564 704/226/564 568/107/564 608/108/564 603/112/564
f 708/227/565 707/228/565 702/229/565 701/225/565 603/112/565 598/116/565
f 559/131/566 705/230/566 708/227/566 598/116/566 595/132/566
f 560/211/567 706/171/567 705/170/567 559/131/567 558/126/567
f 709/231/568 712/232/568 580/233/568 722/187/568 721/186/568 569/234/568
f 642/20/569 647/73/569 710/175/569 709/174/569 569/21/569
f 570/33/570 579/32/570 580/233/570 712/232/570 711/235/570
f 647/73/571 652/23/571 570/26/571 711/176/571 710/175/571
f 713/236/572 716/237/572 577/238/572 578/31/572 571/30/572
f 657/24/573 662/58/573 714/179/573 713/178/573 571/25/573
f 572/239/574 576/240/574 577/238/574 716/237/574 715/241/574
f 662/58/575 667/51/575 572/242/575 715/180/575 714/179/575
f 717/243/576 720/244/576 575/245/576 576/240/576 572/239/576
f 667/51/577 672/46/577 718/183/577 717/182/577 572/242/577
f 573/29/578 574/28/578 575/245/578 720/244/578 719/246/578
f 672/46/579 677/1/579 573/4/579 719/184/579 718/183/579
f 637/92/580 586/247/580 554/248/580 724/249/580 723/250/580
f 569/234/581 721/186/581 724/189/581 554/251/581 553/252/581
f 632/17/582 637/92/582 723/250/582 722/253/582 580/18/582
f 585/136/583 586/135/583 725/190/583 728/193/583 584/254/583
f 636/90/584 726/255/584 725/256/584 586/247/584 637/92/584
f 584/254/585 728/193/585 727/192/585 587/138/585 583/137/585
f 635/88/586 587/124/586 727/257/586 726/255/586 636/90/586
f 594/127/587 595/132/587 729/194/587 732/197/587 593/128/587
f 595/132/588 598/116/588 599/117/588 730/195/588 729/194/588
f 593/128/589 732/197/589 731/196/589 596/120/589 592/129/589
f 731/196/590 730/195/590 599/117/590 600/118/590 596/120/590
f 736/201/591 735/200/591 602/5/591 574/8/591 557/27/591
f 591/130/592 597/121/592 734/199/592 733/198/592 590/2/592
f 590/2/593 733/198/593 736/201/593 557/27/593 556/3/593
f 597/121/594 601/119/594 602/5/594 735/200/594 734/199/594
f 861/1/595 774/2/595 740/3/595 757/4/595
f 786/5/596 791/6/596 759/7/596 758/8/596
f 791/6/597 796/9/597 760/10/597 759/7/597
f 796/9/598 801/11/598 761/12/598 760/10/598
f 801/11/599 806/13/599 762/14/599 761/12/599
f 806/13/600 811/15/600 763/16/600 762/14/600
f 811/15/601 816/17/601 764/18/601 763/16/601
f 769/19/602 826/20/602 753/21/602 737/22/602
f 836/23/603 841/24/603 755/25/603 754/26/603
f 740/3/604 741/27/604 758/28/604 757/29/604
f 755/30/605 762/31/605 763/32/605 754/33/605
f 746/34/606 751/35/606 752/36/606 745/37/606
f 852/38/607 857/39/607 858/40/607 853/41/607
f 853/41/608 858/40/608 859/42/608 854/43/608
f 854/43/609 859/42/609 860/44/609 855/45/609
f 855/45/610 860/44/610 861/1/610 856/46/610
f 847/47/611 852/38/611 853/41/611 848/48/611
f 848/48/612 853/41/612 854/43/612 849/49/612
f 849/49/613 854/43/613 855/45/613 850/50/613
f 850/50/614 855/45/614 856/46/614 851/51/614
f 746/52/615 745/53/615 847/47/615 842/54/615
f 842/54/616 847/47/616 848/48/616 843/55/616
f 843/55/617 848/48/617 849/49/617 844/56/617
f 844/56/618 849/49/618 850/50/618 845/57/618
f 845/57/619 850/50/619 851/51/619 846/58/619
f 837/59/620 842/54/620 843/55/620 838/60/620
f 838/60/619 843/55/619 844/56/619 839/61/619
f 839/61/621 844/56/621 845/57/621 840/62/621
f 840/62/622 845/57/622 846/58/622 841/24/622
f 832/63/623 837/59/623 838/60/623 833/64/623
f 833/64/624 838/60/624 839/61/624 834/65/624
f 834/65/625 839/61/625 840/62/625 835/66/625
f 835/66/626 840/62/626 841/24/626 836/23/626
f 748/67/627 747/68/627 832/63/627 827/69/627
f 827/69/628 832/63/628 833/64/628 828/70/628
f 828/70/629 833/64/629 834/65/629 829/71/629
f 829/71/630 834/65/630 835/66/630 830/72/630
f 830/72/631 835/66/631 836/23/631 831/73/631
f 749/74/632 748/67/632 827/69/632 822/75/632
f 822/75/633 827/69/633 828/70/633 823/76/633
f 823/76/634 828/70/634 829/71/634 824/77/634
f 824/77/635 829/71/635 830/72/635 825/78/635
f 825/78/636 830/72/636 831/73/636 826/20/636
f 739/79/637 749/74/637 822/75/637 765/80/637
f 765/80/638 822/75/638 823/76/638 766/81/638
f 766/81/639 823/76/639 824/77/639 767/82/639
f 767/82/640 824/77/640 825/78/640 768/83/640
f 768/83/641 825/78/641 826/20/641 769/19/641
f 812/84/642 817/85/642 818/86/642 813/87/642
f 813/87/643 818/86/643 819/88/643 814/89/643
f 814/89/644 819/88/644 820/90/644 815/91/644
f 815/91/645 820/90/645 821/92/645 816/17/645
f 807/93/646 812/84/646 813/87/646 808/94/646
f 808/94/647 813/87/647 814/89/647 809/95/647
f 809/95/648 814/89/648 815/91/648 810/96/648
f 810/96/649 815/91/649 816/17/649 811/15/649
f 802/97/650 807/93/650 808/94/650 803/98/650
f 803/98/651 808/94/651 809/95/651 804/99/651
f 804/99/652 809/95/652 810/96/652 805/100/652
f 805/100/653 810/96/653 811/15/653 806/13/653
f 751/101/654 750/102/654 802/97/654 797/103/654
f 797/103/655 802/97/655 803/98/655 798/104/655
f 798/104/656 803/98/656 804/99/656 799/105/656
f 799/105/657 804/99/657 805/100/657 800/106/657
f 800/106/653 805/100/653 806/13/653 801/11/653
f 752/107/658 751/101/658 797/103/658 792/108/658
f 792/108/659 797/103/659 798/104/659 793/109/659
f 793/109/660 798/104/660 799/105/660 794/110/660
f 794/110/661 799/105/661 800/106/661 795/111/661
f 795/111/662 800/106/662 801/11/662 796/9/662
f 787/112/663 792/108/663 793/109/663 788/113/663
f 788/113/664 793/109/664 794/110/664 789/114/664
f 789/114/665 794/110/665 795/111/665 790/115/665
f 790/115/666 795/111/666 796/9/666 791/6/666
f 782/116/667 787/112/667 788/113/667 783/117/667
f 783/117/668 788/113/668 789/114/668 784/118/668
f 784/118/669 789/114/669 790/115/669 785/119/669
f 785/119/670 790/115/670 791/6/670 786/5/670
f 780/120/671 784/118/671 785/119/671 781/121/671
f 817/85/672 773/122/672 772/123/672 818/86/672
f 818/86/673 772/123/673 771/124/673 819/88/673
f 744/125/674 742/126/674 778/127/674 857/39/674
f 857/39/675 778/127/675 777/128/675 858/40/675
f 858/40/676 777/128/676 776/129/676 859/42/676
f 859/42/677 776/129/677 775/130/677 860/44/677
f 860/44/678 775/130/678 774/2/678 861/1/678
f 742/126/679 743/131/679 779/132/679 778/127/679
f 776/129/680 780/120/680 781/121/680 775/130/680
f 737/133/681 738/134/681 770/135/681 769/136/681
f 767/137/682 771/138/682 772/139/682 766/140/682
f 766/140/683 772/139/683 773/141/683 765/142/683
f 862/143/684 863/144/684 864/145/684
f 865/146/685 866/147/685 867/148/685 868/149/685
f 869/150/686 870/151/686 871/152/686 872/153/686
f 873/154/687 874/155/687 875/156/687 876/157/687
f 877/158/688 878/159/688 879/160/688 880/161/688
f 881/162/689 882/163/689 883/164/689 884/165/689
f 889/170/691 890/171/691 891/172/691 892/173/691
f 897/178/693 898/179/693 899/180/693 900/181/693
f 901/182/694 902/183/694 903/184/694 904/185/694
f 905/186/695 906/187/695 907/188/695 908/189/695
f 909/190/696 910/191/696 911/192/696 912/193/696
f 913/194/697 914/195/697 915/196/697 916/197/697
f 917/198/698 918/199/698 919/200/698 920/201/698
f 873/202/699 876/203/699 862/204/699 864/205/699 773/122/699 817/85/699
f 765/142/700 773/141/700 864/145/700 863/144/700 739/206/700
f 739/206/701 863/144/701 862/143/701 876/157/701 875/156/701 749/207/701
f 865/146/702 868/149/702 744/125/702 857/39/702 852/38/702
f 745/37/703 752/36/703 888/169/703 887/168/703 867/208/703 866/209/703
f 868/210/704 867/208/704 887/168/704 886/167/704 891/172/704 890/171/704 744/211/704
f 745/53/705 866/147/705 865/146/705 852/38/705 847/47/705
f 869/150/706 872/153/706 746/52/706 842/54/706 837/59/706
f 747/212/707 883/164/707 882/163/707 750/213/707 871/214/707 870/215/707
f 872/216/708 871/214/708 750/213/708 751/35/708 746/34/708
f 747/68/709 870/151/709 869/150/709 837/59/709 832/63/709
f 749/207/710 875/156/710 874/155/710 880/161/710 879/160/710 748/217/710
f 877/218/711 880/219/711 874/220/711 873/202/711 817/85/711 812/84/711
f 748/217/712 879/160/712 878/159/712 884/165/712 883/164/712 747/212/712
f 881/221/713 884/222/713 878/223/713 877/218/713 812/84/713 807/93/713
f 750/102/714 882/224/714 881/221/714 807/93/714 802/97/714
f 885/225/715 888/226/715 752/107/715 792/108/715 787/112/715
f 892/227/716 891/228/716 886/229/716 885/225/716 787/112/716 782/116/716
f 743/131/717 889/230/717 892/227/717 782/116/717 779/132/717
f 744/211/718 890/171/718 889/170/718 743/131/718 742/126/718
f 893/231/719 896/232/719 764/233/719 906/187/719 905/186/719 753/234/719
f 826/20/720 831/73/720 894/175/720 893/174/720 753/21/720
f 754/33/721 763/32/721 764/233/721 896/232/721 895/235/721
f 831/73/722 836/23/722 754/26/722 895/176/722 894/175/722
f 897/236/723 900/237/723 761/238/723 762/31/723 755/30/723
f 841/24/724 846/58/724 898/179/724 897/178/724 755/25/724
f 756/239/725 760/240/725 761/238/725 900/237/725 899/241/725
f 846/58/726 851/51/726 756/242/726 899/180/726 898/179/726
f 901/243/727 904/244/727 759/245/727 760/240/727 756/239/727
f 851/51/728 856/46/728 902/183/728 901/182/728 756/242/728
f 757/29/729 758/28/729 759/245/729 904/244/729 903/246/729
f 856/46/730 861/1/730 757/4/730 903/184/730 902/183/730
f 821/92/731 770/247/731 738/248/731 908/249/731 907/250/731
f 753/234/732 905/186/732 908/189/732 738/251/732 737/252/732
f 816/17/733 821/92/733 907/250/733 906/253/733 764/18/733
f 769/136/734 770/135/734 909/190/734 912/193/734 768/254/734
f 820/90/735 910/255/735 909/256/735 770/247/735 821/92/735
f 768/254/736 912/193/736 911/192/736 771/138/736 767/137/736
f 819/88/737 771/124/737 911/257/737 910/255/737 820/90/737
f 778/127/738 779/132/738 913/194/738 916/197/738 777/128/738
f 779/132/739 782/116/739 783/117/739 914/195/739 913/194/739
f 777/128/740 916/197/740 915/196/740 780/120/740 776/129/740
f 915/196/741 914/195/741 783/117/741 784/118/741 780/120/741
f 920/201/742 919/200/742 786/5/742 758/8/742 741/27/742
f 775/130/743 781/121/743 918/199/743 917/198/743 774/2/743
f 774/2/744 917/198/744 920/201/744 741/27/744 740/3/744
f 781/121/745 785/119/745 786/5/745 919/200/745 918/199/745
f 1045/1/746 958/2/746 924/3/746 941/4/746
f 970/5/747 975/6/747 943/7/747 942/8/747
f 975/6/748 980/9/748 944/10/748 943/7/748
f 980/9/749 985/11/749 945/12/749 944/10/749
f 985/11/750 990/13/750 946/14/750 945/12/750
f 990/13/751 995/15/751 947/16/751 946/14/751
f 995/15/752 1000/17/752 948/18/752 947/16/752
f 953/19/753 1010/20/753 937/21/753 921/22/753
f 1020/23/754 1025/24/754 939/25/754 938/26/754
f 924/3/755 925/27/755 942/28/755 941/29/755
f 939/30/756 946/31/756 947/32/756 938/33/756
f 930/34/757 935/35/757 936/36/757 929/37/757
f 1036/38/758 1041/39/758 1042/40/758 1037/41/758
f 1037/41/759 1042/40/759 1043/42/759 1038/43/759
f 1038/43/760 1043/42/760 1044/44/760 1039/45/760
f 1039/45/761 1044/44/761 1045/1/761 1040/46/761
f 1031/47/762 1036/38/762 1037/41/762 1032/48/762
f 1032/48/763 1037/41/763 1038/43/763 1033/49/763
f 1033/49/764 1038/43/764 1039/45/764 1034/50/764
f 1034/50/765 1039/45/765 1040/46/765 1035/51/765
f 930/52/766 929/53/766 1031/47/766 1026/54/766
f 1026/54/767 1031/47/767 1032/48/767 1027/55/767
f 1027/55/768 1032/48/768 1033/49/768 1028/56/768
f 1028/56/769 1033/49/769 1034/50/769 1029/57/769
f 1029/57/770 1034/50/770 1035/51/770 1030/58/770
f 1021/59/771 1026/54/771 1027/55/771 1022/60/771
f 1022/60/770 1027/55/770 1028/56/770 1023/61/770
f 1023/61/772 1028/56/772 1029/57/772 1024/62/772
f 1024/62/773 1029/57/773 1030/58/773 1025/24/773
f 1016/63/765 1021/59/765 1022/60/765 1017/64/765
f 1017/64/770 1022/60/770 1023/61/770 1018/65/770
f 1018/65/772 1023/61/772 1024/62/772 1019/66/772
f 1019/66/774 1024/62/774 1025/24/774 1020/23/774
f 932/67/775 931/68/775 1016/63/775 1011/69/775
f 1011/69/776 1016/63/776 1017/64/776 1012/70/776
f 1012/70/777 1017/64/777 1018/65/777 1013/71/777
f 1013/71/778 1018/65/778 1019/66/778 1014/72/778
f 1014/72/779 1019/66/779 1020/23/779 1015/73/779
f 933/74/780 932/67/780 1011/69/780 1006/75/780
f 1006/75/781 1011/69/781 1012/70/781 1007/76/781
f 1007/76/782 1012/70/782 1013/71/782 1008/77/782
f 1008/77/783 1013/71/783 1014/72/783 1009/78/783
f 1009/78/784 1014/72/784 1015/73/784 1010/20/784
f 923/79/785 933/74/785 1006/75/785 949/80/785
f 949/80/786 1006/75/786 1007/76/786 950/81/786
f 950/81/787 1007/76/787 1008/77/787 951/82/787
f 951/82/788 1008/77/788 1009/78/788 952/83/788
f 952/83/789 1009/78/789 1010/20/789 953/19/789
f 996/84/790 1001/85/790 1002/86/790 997/87/790
f 997/87/791 1002/86/791 1003/88/791 998/89/791
f 998/89/792 1003/88/792 1004/90/792 999/91/792
f 999/91/793 1004/90/793 1005/92/793 1000/17/793
f 991/93/794 996/84/794 997/87/794 992/94/794
f 992/94/795 997/87/795 998/89/795 993/95/795
f 993/95/796 998/89/796 999/91/796 994/96/796
f 994/96/797 999/91/797 1000/17/797 995/15/797
f 986/97/798 991/93/798 992/94/798 987/98/798
f 987/98/799 992/94/799 993/95/799 988/99/799
f 988/99/800 993/95/800 994/96/800 989/100/800
f 989/100/801 994/96/801 995/15/801 990/13/801
f 935/101/802 934/102/802 986/97/802 981/103/802
f 981/103/803 986/97/803 987/98/803 982/104/803
f 982/104/804 987/98/804 988/99/804 983/105/804
f 983/105/805 988/99/805 989/100/805 984/106/805
f 984/106/801 989/100/801 990/13/801 985/11/801
f 936/107/806 935/101/806 981/103/806 976/108/806
f 976/108/807 981/103/807 982/104/807 977/109/807
f 977/109/808 982/104/808 983/105/808 978/110/808
f 978/110/809 983/105/809 984/106/809 979/111/809
f 979/111/810 984/106/810 985/11/810 980/9/810
f 971/112/811 976/108/811 977/109/811 972/113/811
f 972/113/812 977/109/812 978/110/812 973/114/812
f 973/114/813 978/110/813 979/111/813 974/115/813
f 974/115/814 979/111/814 980/9/814 975/6/814
f 966/116/815 971/112/815 972/113/815 967/117/815
f 967/117/816 972/113/816 973/114/816 968/118/816
f 968/118/817 973/114/817 974/115/817 969/119/817
f 969/119/818 974/115/818 975/6/818 970/5/818
f 964/120/819 968/118/819 969/119/819 965/121/819
f 1001/85/820 957/122/820 956/123/820 1002/86/820
f 1002/86/821 956/123/821 955/124/821 1003/88/821
f 928/125/822 926/126/822 962/127/822 1041/39/822
f 1041/39/823 962/127/823 961/128/823 1042/40/823
f 1042/40/824 961/128/824 960/129/824 1043/42/824
f 1043/42/825 960/129/825 959/130/825 1044/44/825
f 1044/44/826 959/130/826 958/2/826 1045/1/826
f 926/126/827 927/131/827 963/132/827 962/127/827
f 960/129/828 964/120/828 965/121/828 959/130/828
f 921/133/829 922/134/829 954/135/829 953/136/829
f 951/137/830 955/138/830 956/139/830 950/140/830
f 950/140/831 956/139/831 957/141/831 949/142/831
f 1046/143/832 1047/144/832 1048/145/832
f 1049/146/833 1050/147/833 1051/148/833 1052/149/833
f 1053/150/834 1054/151/834 1055/152/834 1056/153/834
f 1057/154/835 1058/155/835 1059/156/835 1060/157/835
f 1061/158/836 1062/159/836 1063/160/836 1064/161/836
f 1065/162/837 1066/163/837 1067/164/837 1068/165/837
f 1073/170/839 1074/171/839 1075/172/839 1076/173/839
f 1081/178/841 1082/179/841 1083/180/841 1084/181/841
f 1085/182/842 1086/183/842 1087/184/842 1088/185/842
f 1089/186/843 1090/187/843 1091/188/843 1092/189/843
f 1093/190/844 1094/191/844 1095/192/844 1096/193/844
f 1097/194/845 1098/195/845 1099/196/845 1100/197/845
f 1101/198/846 1102/199/846 1103/200/846 1104/201/846
f 1057/202/847 1060/203/847 1046/204/847 1048/205/847 957/122/847 1001/85/847
f 949/142/848 957/141/848 1048/145/848 1047/144/848 923/206/848
f 923/206/849 1047/144/849 1046/143/849 1060/157/849 1059/156/849 933/207/849
f 1049/146/850 1052/149/850 928/125/850 1041/39/850 1036/38/850
f 929/37/851 936/36/851 1072/169/851 1071/168/851 1051/208/851 1050/209/851
f 1052/210/852 1051/208/852 1071/168/852 1070/167/852 1075/172/852 1074/171/852 928/211/852
f 929/53/853 1050/147/853 1049/146/853 1036/38/853 1031/47/853
f 1053/150/854 1056/153/854 930/52/854 1026/54/854 1021/59/854
f 931/212/855 1067/164/855 1066/163/855 934/213/855 1055/214/855 1054/215/855
f 1056/216/856 1055/214/856 934/213/856 935/35/856 930/34/856
f 931/68/857 1054/151/857 1053/150/857 1021/59/857 1016/63/857
f 933/207/858 1059/156/858 1058/155/858 1064/161/858 1063/160/858 932/217/858
f 1061/218/859 1064/219/859 1058/220/859 1057/202/859 1001/85/859 996/84/859
f 932/217/860 1063/160/860 1062/159/860 1068/165/860 1067/164/860 931/212/860
f 1065/221/861 1068/222/861 1062/223/861 1061/218/861 996/84/861 991/93/861
f 934/102/862 1066/224/862 1065/221/862 991/93/862 986/97/862
f 1069/225/863 1072/226/863 936/107/863 976/108/863 971/112/863
f 1076/227/864 1075/228/864 1070/229/864 1069/225/864 971/112/864 966/116/864
f 927/131/865 1073/230/865 1076/227/865 966/116/865 963/132/865
f 928/211/866 1074/171/866 1073/170/866 927/131/866 926/126/866
f 1077/231/867 1080/232/867 948/233/867 1090/187/867 1089/186/867 937/234/867
f 1010/20/868 1015/73/868 1078/175/868 1077/174/868 937/21/868
f 938/33/869 947/32/869 948/233/869 1080/232/869 1079/235/869
f 1015/73/870 1020/23/870 938/26/870 1079/176/870 1078/175/870
f 1081/236/871 1084/237/871 945/238/871 946/31/871 939/30/871
f 1025/24/872 1030/58/872 1082/179/872 1081/178/872 939/25/872
f 940/239/873 944/240/873 945/238/873 1084/237/873 1083/241/873
f 1030/58/874 1035/51/874 940/242/874 1083/180/874 1082/179/874
f 1085/243/875 1088/244/875 943/245/875 944/240/875 940/239/875
f 1035/51/876 1040/46/876 1086/183/876 1085/182/876 940/242/876
f 941/29/877 942/28/877 943/245/877 1088/244/877 1087/246/877
f 1040/46/878 1045/1/878 941/4/878 1087/184/878 1086/183/878
f 1005/92/879 954/247/879 922/248/879 1092/249/879 1091/250/879
f 937/234/880 1089/186/880 1092/189/880 922/251/880 921/252/880
f 1000/17/881 1005/92/881 1091/250/881 1090/253/881 948/18/881
f 953/136/882 954/135/882 1093/190/882 1096/193/882 952/254/882
f 1004/90/883 1094/255/883 1093/256/883 954/247/883 1005/92/883
f 952/254/884 1096/193/884 1095/192/884 955/138/884 951/137/884
f 1003/88/885 955/124/885 1095/257/885 1094/255/885 1004/90/885
f 962/127/886 963/132/886 1097/194/886 1100/197/886 961/128/886
f 963/132/887 966/116/887 967/117/887 1098/195/887 1097/194/887
f 961/128/888 1100/197/888 1099/196/888 964/120/888 960/129/888
f 1099/196/889 1098/195/889 967/117/889 968/118/889 964/120/889
f 1104/201/890 1103/200/890 970/5/890 942/8/890 925/27/890
f 959/130/891 965/121/891 1102/199/891 1101/198/891 958/2/891
f 958/2/892 1101/198/892 1104/201/892 925/27/892 924/3/892
f 965/121/893 969/119/893 970/5/893 1103/200/893 1102/199/893
f 1229/1/894 1142/2/894 1108/3/894 1125/4/894
f 1154/5/895 1159/6/895 1127/7/895 1126/8/895
f 1159/6/896 1164/9/896 1128/10/896 1127/7/896
f 1164/9/897 1169/11/897 1129/12/897 1128/10/897
f 1169/11/898 1174/13/898 1130/14/898 1129/12/898
f 1174/13/899 1179/15/899 1131/16/899 1130/14/899
f 1179/15/900 1184/17/900 1132/18/900 1131/16/900
f 1137/19/901 1194/20/901 1121/21/901 1105/22/901
f 1204/23/902 1209/24/902 1123/25/902 1122/26/902
f 1108/3/903 1109/27/903 1126/28/903 1125/29/903
f 1123/30/904 1130/31/904 1131/32/904 1122/33/904
f 1114/34/905 1119/35/905 1120/36/905 1113/37/905
f 1220/38/906 1225/39/906 1226/40/906 1221/41/906
f 1221/41/907 1226/40/907 1227/42/907 1222/43/907
f 1222/43/908 1227/42/908 1228/44/908 1223/45/908
f 1223/45/909 1228/44/909 1229/1/909 1224/46/909
f 1215/47/910 1220/38/910 1221/41/910 1216/48/910
f 1216/48/911 1221/41/911 1222/43/911 1217/49/911
f 1217/49/912 1222/43/912 1223/45/912 1218/50/912
f 1218/50/913 1223/45/913 1224/46/913 1219/51/913
f 1114/52/914 1113/53/914 1215/47/914 1210/54/914
f 1210/54/915 1215/47/915 1216/48/915 1211/55/915
f 1211/55/916 1216/48/916 1217/49/916 1212/56/916
f 1212/56/917 1217/49/917 1218/50/917 1213/57/917
f 1213/57/918 1218/50/918 1219/51/918 1214/58/918
f 1205/59/919 1210/54/919 1211/55/919 1206/60/919
f 1206/60/920 1211/55/920 1212/56/920 1207/61/920
f 1207/61/918 1212/56/918 1213/57/918 1208/62/918
f 1208/62/921 1213/57/921 1214/58/921 1209/24/921
f 1200/63/913 1205/59/913 1206/60/913 1201/64/913
f 1201/64/920 1206/60/920 1207/61/920 1202/65/920
f 1202/65/918 1207/61/918 1208/62/918 1203/66/918
f 1203/66/922 1208/62/922 1209/24/922 1204/23/922
f 1116/67/923 1115/68/923 1200/63/923 1195/69/923
f 1195/69/924 1200/63/924 1201/64/924 1196/70/924
f 1196/70/925 1201/64/925 1202/65/925 1197/71/925
f 1197/71/926 1202/65/926 1203/66/926 1198/72/926
f 1198/72/927 1203/66/927 1204/23/927 1199/73/927
f 1117/74/928 1116/67/928 1195/69/928 1190/75/928
f 1190/75/929 1195/69/929 1196/70/929 1191/76/929
f 1191/76/930 1196/70/930 1197/71/930 1192/77/930
f 1192/77/931 1197/71/931 1198/72/931 1193/78/931
f 1193/78/932 1198/72/932 1199/73/932 1194/20/932
f 1107/79/933 1117/74/933 1190/75/933 1133/80/933
f 1133/80/934 1190/75/934 1191/76/934 1134/81/934
f 1134/81/935 1191/76/935 1192/77/935 1135/82/935
f 1135/82/936 1192/77/936 1193/78/936 1136/83/936
f 1136/83/937 1193/78/937 1194/20/937 1137/19/937
f 1180/84/938 1185/85/938 1186/86/938 1181/87/938
f 1181/87/939 1186/86/939 1187/88/939 1182/89/939
f 1182/89/940 1187/88/940 1188/90/940 1183/91/940
f 1183/91/941 1188/90/941 1189/92/941 1184/17/941
f 1175/93/942 1180/84/942 1181/87/942 1176/94/942
f 1176/94/943 1181/87/943 1182/89/943 1177/95/943
f 1177/95/944 1182/89/944 1183/91/944 1178/96/944
f 1178/96/945 1183/91/945 1184/17/945 1179/15/945
f 1170/97/946 1175/93/946 1176/94/946 1171/98/946
f 1171/98/947 1176/94/947 1177/95/947 1172/99/947
f 1172/99/948 1177/95/948 1178/96/948 1173/100/948
f 1173/100/949 1178/96/949 1179/15/949 1174/13/949
f 1119/101/950 1118/102/950 1170/97/950 1165/103/950
f 1165/103/951 1170/97/951 1171/98/951 1166/104/951
f 1166/104/952 1171/98/952 1172/99/952 1167/105/952
f 1167/105/953 1172/99/953 1173/100/953 1168/106/953
f 1168/106/949 1173/100/949 1174/13/949 1169/11/949
f 1120/107/954 1119/101/954 1165/103/954 1160/108/954
f 1160/108/955 1165/103/955 1166/104/955 1161/109/955
f 1161/109/956 1166/104/956 1167/105/956 1162/110/956
f 1162/110/957 1167/105/957 1168/106/957 1163/111/957
f 1163/111/958 1168/106/958 1169/11/958 1164/9/958
f 1155/112/959 1160/108/959 1161/109/959 1156/113/959
f 1156/113/960 1161/109/960 1162/110/960 1157/114/960
f 1157/114/961 1162/110/961 1163/111/961 1158/115/961
f 1158/115/962 1163/111/962 1164/9/962 1159/6/962
f 1150/116/963 1155/112/963 1156/113/963 1151/117/963
f 1151/117/964 1156/113/964 1157/114/964 1152/118/964
f 1152/118/965 1157/114/965 1158/115/965 1153/119/965
f 1153/119/966 1158/115/966 1159/6/966 1154/5/966
f 1148/120/967 1152/118/967 1153/119/967 1149/121/967
f 1185/85/968 1141/122/968 1140/123/968 1186/86/968
f 1186/86/969 1140/123/969 1139/124/969 1187/88/969
f 1112/125/970 1110/126/970 1146/127/970 1225/39/970
f 1225/39/971 1146/127/971 1145/128/971 1226/40/971
f 1226/40/972 1145/128/972 1144/129/972 1227/42/972
f 1227/42/973 1144/129/973 1143/130/973 1228/44/973
f 1228/44/974 1143/130/974 1142/2/974 1229/1/974
f 1110/126/975 1111/131/975 1147/132/975 1146/127/975
f 1144/129/976 1148/120/976 1149/121/976 1143/130/976
f 1105/133/977 1106/134/977 1138/135/977 1137/136/977
f 1135/137/978 1139/138/978 1140/139/978 1134/140/978
f 1134/140/979 1140/139/979 1141/141/979 1133/142/979
f 1230/143/980 1231/144/980 1232/145/980
f 1233/146/981 1234/147/981 1235/148/981 1236/149/981
f 1237/150/982 1238/151/982 1239/152/982 1240/153/982
f 1241/154/983 1242/155/983 1243/156/983 1244/157/983
f 1245/158/984 1246/159/984 1247/160/984 1248/161/984
f 1249/162/985 1250/163/985 1251/164/985 1252/165/985
f 1257/170/987 1258/171/987 1259/172/987 1260/173/987
f 1265/178/989 1266/179/989 1267/180/989 1268/181/989
f 1269/182/990 1270/183/990 1271/184/990 1272/185/990
f 1273/186/991 1274/187/991 1275/188/991 1276/189/991
f 1277/190/992 1278/191/992 1279/192/992 1280/193/992
f 1281/194/993 1282/195/993 1283/196/993 1284/197/993
f 1285/198/994 1286/199/994 1287/200/994 1288/201/994
f 1241/202/995 1244/203/995 1230/204/995 1232/205/995 1141/122/995 1185/85/995
f 1133/142/996 1141/141/996 1232/145/996 1231/144/996 1107/206/996
f 1107/206/997 1231/144/997 1230/143/997 1244/157/997 1243/156/997 1117/207/997
f 1233/146/998 1236/149/998 1112/125/998 1225/39/998 1220/38/998
f 1113/37/999 1120/36/999 1256/169/999 1255/168/999 1235/208/999 1234/209/999
f 1236/210/1000 1235/208/1000 1255/168/1000 1254/167/1000 1259/172/1000 1258/171/1000 1112/211/1000
f 1113/53/1001 1234/147/1001 1233/146/1001 1220/38/1001 1215/47/1001
f 1237/150/1002 1240/153/1002 1114/52/1002 1210/54/1002 1205/59/1002
f 1115/212/1003 1251/164/1003 1250/163/1003 1118/213/1003 1239/214/1003 1238/215/1003
f 1240/216/1004 1239/214/1004 1118/213/1004 1119/35/1004 1114/34/1004
f 1115/68/1005 1238/151/1005 1237/150/1005 1205/59/1005 1200/63/1005
f 1117/207/1006 1243/156/1006 1242/155/1006 1248/161/1006 1247/160/1006 1116/217/1006
f 1245/218/1007 1248/219/1007 1242/220/1007 1241/202/1007 1185/85/1007 1180/84/1007
f 1116/217/1008 1247/160/1008 1246/159/1008 1252/165/1008 1251/164/1008 1115/212/1008
f 1249/221/1009 1252/222/1009 1246/223/1009 1245/218/1009 1180/84/1009 1175/93/1009
f 1118/102/1010 1250/224/1010 1249/221/1010 1175/93/1010 1170/97/1010
f 1253/225/1011 1256/226/1011 1120/107/1011 1160/108/1011 1155/112/1011
f 1260/227/1012 1259/228/1012 1254/229/1012 1253/225/1012 1155/112/1012 1150/116/1012
f 1111/131/1013 1257/230/1013 1260/227/1013 1150/116/1013 1147/132/1013
f 1112/211/1014 1258/171/1014 1257/170/1014 1111/131/1014 1110/126/1014
f 1261/231/1015 1264/232/1015 1132/233/1015 1274/187/1015 1273/186/1015 1121/234/1015
f 1194/20/1016 1199/73/1016 1262/175/1016 1261/174/1016 1121/21/1016
f 1122/33/1017 1131/32/1017 1132/233/1017 1264/232/1017 1263/235/1017
f 1199/73/1018 1204/23/1018 1122/26/1018 1263/176/1018 1262/175/1018
f 1265/236/1019 1268/237/1019 1129/238/1019 1130/31/1019 1123/30/1019
f 1209/24/1020 1214/58/1020 1266/179/1020 1265/178/1020 1123/25/1020
f 1124/239/1021 1128/240/1021 1129/238/1021 1268/237/1021 1267/241/1021
f 1214/58/1022 1219/51/1022 1124/242/1022 1267/180/1022 1266/179/1022
f 1269/243/1023 1272/244/1023 1127/245/1023 1128/240/1023 1124/239/1023
f 1219/51/1024 1224/46/1024 1270/183/1024 1269/182/1024 1124/242/1024
f 1125/29/1025 1126/28/1025 1127/245/1025 1272/244/1025 1271/246/1025
f 1224/46/1026 1229/1/1026 1125/4/1026 1271/184/1026 1270/183/1026
f 1189/92/1027 1138/247/1027 1106/248/1027 1276/249/1027 1275/250/1027
f 1121/234/1028 1273/186/1028 1276/189/1028 1106/251/1028 1105/252/1028
f 1184/17/1029 1189/92/1029 1275/250/1029 1274/253/1029 1132/18/1029
f 1137/136/1030 1138/135/1030 1277/190/1030 1280/193/1030 1136/254/1030
f 1188/90/1031 1278/255/1031 1277/256/1031 1138/247/1031 1189/92/1031
f 1136/254/1032 1280/193/1032 1279/192/1032 1139/138/1032 1135/137/1032
f 1187/88/1033 1139/124/1033 1279/257/1033 1278/255/1033 1188/90/1033
f 1146/127/1034 1147/132/1034 1281/194/1034 1284/197/1034 1145/128/1034
f 1147/132/1035 1150/116/1035 1151/117/1035 1282/195/1035 1281/194/1035
f 1145/128/1036 1284/197/1036 1283/196/1036 1148/120/1036 1144/129/1036
f 1283/196/1037 1282/195/1037 1151/117/1037 1152/118/1037 1148/120/1037
f 1288/201/1038 1287/200/1038 1154/5/1038 1126/8/1038 1109/27/1038
f 1143/130/1039 1149/121/1039 1286/199/1039 1285/198/1039 1142/2/1039
f 1142/2/1040 1285/198/1040 1288/201/1040 1109/27/1040 1108/3/1040
f 1149/121/1041 1153/119/1041 1154/5/1041 1287/200/1041 1286/199/1041
f 1413/1/1042 1326/2/1042 1292/3/1042 1309/4/1042
f 1338/5/1043 1343/6/1043 1311/7/1043 1310/8/1043
f 1343/6/1044 1348/9/1044 1312/10/1044 1311/7/1044
f 1348/9/1045 1353/11/1045 1313/12/1045 1312/10/1045
f 1353/11/1046 1358/13/1046 1314/14/1046 1313/12/1046
f 1358/13/1047 1363/15/1047 1315/16/1047 1314/14/1047
f 1363/15/1048 1368/17/1048 1316/18/1048 1315/16/1048
f 1321/19/1049 1378/20/1049 1305/21/1049 1289/22/1049
f 1388/23/1050 1393/24/1050 1307/25/1050 1306/26/1050
f 1292/3/1051 1293/27/1051 1310/28/1051 1309/29/1051
f 1307/30/1052 1314/31/1052 1315/32/1052 1306/33/1052
f 1298/34/1053 1303/35/1053 1304/36/1053 1297/37/1053
f 1404/38/1054 1409/39/1054 1410/40/1054 1405/41/1054
f 1405/41/1055 1410/40/1055 1411/42/1055 1406/43/1055
f 1406/43/1056 1411/42/1056 1412/44/1056 1407/45/1056
f 1407/45/1057 1412/44/1057 1413/1/1057 1408/46/1057
f 1399/47/1058 1404/38/1058 1405/41/1058 1400/48/1058
f 1400/48/1059 1405/41/1059 1406/43/1059 1401/49/1059
f 1401/49/1060 1406/43/1060 1407/45/1060 1402/50/1060
f 1402/50/1061 1407/45/1061 1408/46/1061 1403/51/1061
f 1298/52/1062 1297/53/1062 1399/47/1062 1394/54/1062
f 1394/54/1063 1399/47/1063 1400/48/1063 1395/55/1063
f 1395/55/1064 1400/48/1064 1401/49/1064 1396/56/1064
f 1396/56/1065 1401/49/1065 1402/50/1065 1397/57/1065
f 1397/57/1066 1402/50/1066 1403/51/1066 1398/58/1066
f 1389/59/1067 1394/54/1067 1395/55/1067 1390/60/1067
f 1390/60/1066 1395/55/1066 1396/56/1066 1391/61/1066
f 1391/61/1068 1396/56/1068 1397/57/1068 1392/62/1068
f 1392/62/1069 1397/57/1069 1398/58/1069 1393/24/1069
f 1384/63/1070 1389/59/1070 1390/60/1070 1385/64/1070
f 1385/64/1071 1390/60/1071 1391/61/1071 1386/65/1071
f 1386/65/1072 1391/61/1072 1392/62/1072 1387/66/1072
f 1387/66/1073 1392/62/1073 1393/24/1073 1388/23/1073
f 1300/67/1074 1299/68/1074 1384/63/1074 1379/69/1074
f 1379/69/1075 1384/63/1075 1385/64/1075 1380/70/1075
f 1380/70/1076 1385/64/1076 1386/65/1076 1381/71/1076
f 1381/71/1077 1386/65/1077 1387/66/1077 1382/72/1077
f 1382/72/1078 1387/66/1078 1388/23/1078 1383/73/1078
f 1301/74/1079 1300/67/1079 1379/69/1079 1374/75/1079
f 1374/75/1080 1379/69/1080 1380/70/1080 1375/76/1080
f 1375/76/1081 1380/70/1081 1381/71/1081 1376/77/1081
f 1376/77/1082 1381/71/1082 1382/72/1082 1377/78/1082
f 1377/78/1083 1382/72/1083 1383/73/1083 1378/20/1083
f 1291/79/1084 1301/74/1084 1374/75/1084 1317/80/1084
f 1317/80/1085 1374/75/1085 1375/76/1085 1318/81/1085
f 1318/81/1086 1375/76/1086 1376/77/1086 1319/82/1086
f 1319/82/1087 1376/77/1087 1377/78/1087 1320/83/1087
f 1320/83/1088 1377/78/1088 1378/20/1088 1321/19/1088
f 1364/84/1089 1369/85/1089 1370/86/1089 1365/87/1089
f 1365/87/1090 1370/86/1090 1371/88/1090 1366/89/1090
f 1366/89/1091 1371/88/1091 1372/90/1091 1367/91/1091
f 1367/91/1092 1372/90/1092 1373/92/1092 1368/17/1092
f 1359/93/1093 1364/84/1093 1365/87/1093 1360/94/1093
f 1360/94/1094 1365/87/1094 1366/89/1094 1361/95/1094
f 1361/95/1095 1366/89/1095 1367/91/1095 1362/96/1095
f 1362/96/1096 1367/91/1096 1368/17/1096 1363/15/1096
f 1354/97/1097 1359/93/1097 1360/94/1097 1355/98/1097
f 1355/98/1098 1360/94/1098 1361/95/1098 1356/99/1098
f 1356/99/1099 1361/95/1099 1362/96/1099 1357/100/1099
f 1357/100/1100 1362/96/1100 1363/15/1100 1358/13/1100
f 1303/101/1101 1302/102/1101 1354/97/1101 1349/103/1101
f 1349/103/1102 1354/97/1102 1355/98/1102 1350/104/1102
f 1350/104/1103 1355/98/1103 1356/99/1103 1351/105/1103
f 1351/105/1104 1356/99/1104 1357/100/1104 1352/106/1104
f 1352/106/1100 1357/100/1100 1358/13/1100 1353/11/1100
f 1304/107/1105 1303/101/1105 1349/103/1105 1344/108/1105
f 1344/108/1106 1349/103/1106 1350/104/1106 1345/109/1106
f 1345/109/1107 1350/104/1107 1351/105/1107 1346/110/1107
f 1346/110/1108 1351/105/1108 1352/106/1108 1347/111/1108
f 1347/111/1109 1352/106/1109 1353/11/1109 1348/9/1109
f 1339/112/1110 1344/108/1110 1345/109/1110 1340/113/1110
f 1340/113/1111 1345/109/1111 1346/110/1111 1341/114/1111
f 1341/114/1112 1346/110/1112 1347/111/1112 1342/115/1112
f 1342/115/1113 1347/111/1113 1348/9/1113 1343/6/1113
f 1334/116/1114 1339/112/1114 1340/113/1114 1335/117/1114
f 1335/117/1115 1340/113/1115 1341/114/1115 1336/118/1115
f 1336/118/1116 1341/114/1116 1342/115/1116 1337/119/1116
f 1337/119/1117 1342/115/1117 1343/6/1117 1338/5/1117
f 1332/120/1118 1336/118/1118 1337/119/1118 1333/121/1118
f 1369/85/1119 1325/122/1119 1324/123/1119 1370/86/1119
f 1370/86/1120 1324/123/1120 1323/124/1120 1371/88/1120
f 1296/125/1121 1294/126/1121 1330/127/1121 1409/39/1121
f 1409/39/1122 1330/127/1122 1329/128/1122 1410/40/1122
f 1410/40/1123 1329/128/1123 1328/129/1123 1411/42/1123
f 1411/42/1124 1328/129/1124 1327/130/1124 1412/44/1124
f 1412/44/1125 1327/130/1125 1326/2/1125 1413/1/1125
f 1294/126/1126 1295/131/1126 1331/132/1126 1330/127/1126
f 1328/129/1127 1332/120/1127 1333/121/1127 1327/130/1127
f 1289/133/1128 1290/134/1128 1322/135/1128 1321/136/1128
f 1319/137/1129 1323/138/1129 1324/139/1129 1318/140/1129
f 1318/140/1130 1324/139/1130 1325/141/1130 1317/142/1130
f 1414/143/1131 1415/144/1131 1416/145/1131
f 1417/146/1132 1418/147/1132 1419/148/1132 1420/149/1132
f 1421/150/1133 1422/151/1133 1423/152/1133 1424/153/1133
f 1425/154/1134 1426/155/1134 1427/156/1134 1428/157/1134
f 1429/158/1135 1430/159/1135 1431/160/1135 1432/161/1135
f 1433/162/1136 1434/163/1136 1435/164/1136 1436/165/1136
f 1441/170/1138 1442/171/1138 1443/172/1138 1444/173/1138
f 1449/178/1140 1450/179/1140 1451/180/1140 1452/181/1140
f 1453/182/1141 1454/183/1141 1455/184/1141 1456/185/1141
f 1457/186/1142 1458/187/1142 1459/188/1142 1460/189/1142
f 1461/190/1143 1462/191/1143 1463/192/1143 1464/193/1143
f 1465/194/1144 1466/195/1144 1467/196/1144 1468/197/1144
f 1469/198/1145 1470/199/1145 1471/200/1145 1472/201/1145
f 1425/202/1146 1428/203/1146 1414/204/1146 1416/205/1146 1325/122/1146 1369/85/1146
f 1317/142/1147 1325/141/1147 1416/145/1147 1415/144/1147 1291/206/1147
f 1291/206/1148 1415/144/1148 1414/143/1148 1428/157/1148 1427/156/1148 1301/207/1148
f 1417/146/1149 1420/149/1149 1296/125/1149 1409/39/1149 1404/38/1149
f 1297/37/1150 1304/36/1150 1440/169/1150 1439/168/1150 1419/208/1150 1418/209/1150
f 1420/210/1151 1419/208/1151 1439/168/1151 1438/167/1151 1443/172/1151 1442/171/1151 1296/211/1151
f 1297/53/1152 1418/147/1152 1417/146/1152 1404/38/1152 1399/47/1152
f 1421/150/1153 1424/153/1153 1298/52/1153 1394/54/1153 1389/59/1153
f 1299/212/1154 1435/164/1154 1434/163/1154 1302/213/1154 1423/214/1154 1422/215/1154
f 1424/216/1155 1423/214/1155 1302/213/1155 1303/35/1155 1298/34/1155
f 1299/68/1156 1422/151/1156 1421/150/1156 1389/59/1156 1384/63/1156
f 1301/207/1157 1427/156/1157 1426/155/1157 1432/161/1157 1431/160/1157 1300/217/1157
f 1429/218/1158 1432/219/1158 1426/220/1158 1425/202/1158 1369/85/1158 1364/84/1158
f 1300/217/1159 1431/160/1159 1430/159/1159 1436/165/1159 1435/164/1159 1299/212/1159
f 1433/221/1160 1436/222/1160 1430/223/1160 1429/218/1160 1364/84/1160 1359/93/1160
f 1302/102/1161 1434/224/1161 1433/221/1161 1359/93/1161 1354/97/1161
f 1437/225/1162 1440/226/1162 1304/107/1162 1344/108/1162 1339/112/1162
f 1444/227/1163 1443/228/1163 1438/229/1163 1437/225/1163 1339/112/1163 1334/116/1163
f 1295/131/1164 1441/230/1164 1444/227/1164 1334/116/1164 1331/132/1164
f 1296/211/1165 1442/171/1165 1441/170/1165 1295/131/1165 1294/126/1165
f 1445/231/1166 1448/232/1166 1316/233/1166 1458/187/1166 1457/186/1166 1305/234/1166
f 1378/20/1167 1383/73/1167 1446/175/1167 1445/174/1167 1305/21/1167
f 1306/33/1168 1315/32/1168 1316/233/1168 1448/232/1168 1447/235/1168
f 1383/73/1169 1388/23/1169 1306/26/1169 1447/176/1169 1446/175/1169
f 1449/236/1170 1452/237/1170 1313/238/1170 1314/31/1170 1307/30/1170
f 1393/24/1171 1398/58/1171 1450/179/1171 1449/178/1171 1307/25/1171
f 1308/239/1172 1312/240/1172 1313/238/1172 1452/237/1172 1451/241/1172
f 1398/58/1173 1403/51/1173 1308/242/1173 1451/180/1173 1450/179/1173
f 1453/243/1174 1456/244/1174 1311/245/1174 1312/240/1174 1308/239/1174
f 1403/51/1175 1408/46/1175 1454/183/1175 1453/182/1175 1308/242/1175
f 1309/29/1176 1310/28/1176 1311/245/1176 1456/244/1176 1455/246/1176
f 1408/46/1177 1413/1/1177 1309/4/1177 1455/184/1177 1454/183/1177
f 1373/92/1178 1322/247/1178 1290/248/1178 1460/249/1178 1459/250/1178
f 1305/234/1179 1457/186/1179 1460/189/1179 1290/251/1179 1289/252/1179
f 1368/17/1180 1373/92/1180 1459/250/1180 1458/253/1180 1316/18/1180
f 1321/136/1181 1322/135/1181 1461/190/1181 1464/193/1181 1320/254/1181
f 1372/90/1182 1462/255/1182 1461/256/1182 1322/247/1182 1373/92/1182
f 1320/254/1183 1464/193/1183 1463/192/1183 1323/138/1183 1319/137/1183
f 1371/88/1184 1323/124/1184 1463/257/1184 1462/255/1184 1372/90/1184
f 1330/127/1185 1331/132/1185 1465/194/1185 1468/197/1185 1329/128/1185
f 1331/132/1186 1334/116/1186 1335/117/1186 1466/195/1186 1465/194/1186
f 1329/128/1187 1468/197/1187 1467/196/1187 1332/120/1187 1328/129/1187
f 1467/196/1188 1466/195/1188 1335/117/1188 1336/118/1188 1332/120/1188
f 1472/201/1189 1471/200/1189 1338/5/1189 1310/8/1189 1293/27/1189
f 1327/130/1190 1333/121/1190 1470/199/1190 1469/198/1190 1326/2/1190
f 1326/2/1191 1469/198/1191 1472/201/1191 1293/27/1191 1292/3/1191
f 1333/121/1192 1337/119/1192 1338/5/1192 1471/200/1192 1470/199/1192
f 1597/1/299 1510/2/299 1476/3/299 1493/4/299
f 1522/5/300 1527/6/300 1495/7/300 1494/8/300
f 1527/6/301 1532/9/301 1496/10/301 1495/7/301
f 1532/9/302 1537/11/302 1497/12/302 1496/10/302
f 1537/11/303 1542/13/303 1498/14/303 1497/12/303
f 1542/13/304 1547/15/304 1499/16/304 1498/14/304
f 1547/15/305 1552/17/305 1500/18/305 1499/16/305
f 1505/19/306 1562/20/306 1489/21/306 1473/22/306
f 1572/23/307 1577/24/307 1491/25/307 1490/26/307
f 1476/3/308 1477/27/308 1494/28/308 1493/29/308
f 1491/30/309 1498/31/309 1499/32/309 1490/33/309
f 1482/34/310 1487/35/310 1488/36/310 1481/37/310
f 1588/38/311 1593/39/311 1594/40/311 1589/41/311
f 1589/41/312 1594/40/312 1595/42/312 1590/43/312
f 1590/43/313 1595/42/313 1596/44/313 1591/45/313
f 1591/45/314 1596/44/314 1597/1/314 1592/46/314
f 1583/47/315 1588/38/315 1589/41/315 1584/48/315
f 1584/48/316 1589/41/316 1590/43/316 1585/49/316
f 1585/49/317 1590/43/317 1591/45/317 1586/50/317
f 1586/50/318 1591/45/318 1592/46/318 1587/51/318
f 1482/52/319 1481/53/319 1583/47/319 1578/54/319
f 1578/54/1193 1583/47/1193 1584/48/1193 1579/55/1193
f 1579/55/321 1584/48/321 1585/49/321 1580/56/321
f 1580/56/322 1585/49/322 1586/50/322 1581/57/322
f 1581/57/323 1586/50/323 1587/51/323 1582/58/323
f 1573/59/324 1578/54/324 1579/55/324 1574/60/324
f 1574/60/323 1579/55/323 1580/56/323 1575/61/323
f 1575/61/325 1580/56/325 1581/57/325 1576/62/325
f 1576/62/326 1581/57/326 1582/58/326 1577/24/326
f 1568/63/318 1573/59/318 1574/60/318 1569/64/318
f 1569/64/323 1574/60/323 1575/61/323 1570/65/323
f 1570/65/325 1575/61/325 1576/62/325 1571/66/325
f 1571/66/327 1576/62/327 1577/24/327 1572/23/327
f 1484/67/328 1483/68/328 1568/63/328 1563/69/328
f 1563/69/329 1568/63/329 1569/64/329 1564/70/329
f 1564/70/330 1569/64/330 1570/65/330 1565/71/330
f 1565/71/331 1570/65/331 1571/66/331 1566/72/331
f 1566/72/332 1571/66/332 1572/23/332 1567/73/332
f 1485/74/333 1484/67/333 1563/69/333 1558/75/333
f 1558/75/334 1563/69/334 1564/70/334 1559/76/334
f 1559/76/335 1564/70/335 1565/71/335 1560/77/335
f 1560/77/336 1565/71/336 1566/72/336 1561/78/336
f 1561/78/337 1566/72/337 1567/73/337 1562/20/337
f 1475/79/1194 1485/74/1194 1558/75/1194 1501/80/1194
f 1501/80/339 1558/75/339 1559/76/339 1502/81/339
f 1502/81/340 1559/76/340 1560/77/340 1503/82/340
f 1503/82/341 1560/77/341 1561/78/341 1504/83/341
f 1504/83/342 1561/78/342 1562/20/342 1505/19/342
f 1548/84/343 1553/85/343 1554/86/343 1549/87/343
f 1549/87/344 1554/86/344 1555/88/344 1550/89/344
f 1550/89/345 1555/88/345 1556/90/345 1551/91/345
f 1551/91/346 1556/90/346 1557/92/346 1552/17/346
f 1543/93/347 1548/84/347 1549/87/347 1544/94/347
f 1544/94/348 1549/87/348 1550/89/348 1545/95/348
f 1545/95/349 1550/89/349 1551/91/349 1546/96/349
f 1546/96/350 1551/91/350 1552/17/350 1547/15/350
f 1538/97/351 1543/93/351 1544/94/351 1539/98/351
f 1539/98/352 1544/94/352 1545/95/352 1540/99/352
f 1540/99/353 1545/95/353 1546/96/353 1541/100/353
f 1541/100/354 1546/96/354 1547/15/354 1542/13/354
f 1487/101/355 1486/102/355 1538/97/355 1533/103/355
f 1533/103/356 1538/97/356 1539/98/356 1534/104/356
f 1534/104/357 1539/98/357 1540/99/357 1535/105/357
f 1535/105/358 1540/99/358 1541/100/358 1536/106/358
f 1536/106/354 1541/100/354 1542/13/354 1537/11/354
f 1488/107/359 1487/101/359 1533/103/359 1528/108/359
f 1528/108/360 1533/103/360 1534/104/360 1529/109/360
f 1529/109/361 1534/104/361 1535/105/361 1530/110/361
f 1530/110/362 1535/105/362 1536/106/362 1531/111/362
f 1531/111/363 1536/106/363 1537/11/363 1532/9/363
f 1523/112/364 1528/108/364 1529/109/364 1524/113/364
f 1524/113/365 1529/109/365 1530/110/365 1525/114/365
f 1525/114/366 1530/110/366 1531/111/366 1526/115/366
f 1526/115/367 1531/111/367 1532/9/367 1527/6/367
f 1518/116/368 1523/112/368 1524/113/368 1519/117/368
f 1519/117/369 1524/113/369 1525/114/369 1520/118/369
f 1520/118/1195 1525/114/1195 1526/115/1195 1521/119/1195
f 1521/119/371 1526/115/371 1527/6/371 1522/5/371
f 1516/120/1196 1520/118/1196 1521/119/1196 1517/121/1196
f 1553/85/373 1509/122/373 1508/123/373 1554/86/373
f 1554/86/374 1508/123/374 1507/124/374 1555/88/374
f 1480/125/375 1478/126/375 1514/127/375 1593/39/375
f 1593/39/376 1514/127/376 1513/128/376 1594/40/376
f 1594/40/377 1513/128/377 1512/129/377 1595/42/377
f 1595/42/378 1512/129/378 1511/130/378 1596/44/378
f 1596/44/379 1511/130/379 1510/2/379 1597/1/379
f 1478/126/380 1479/131/380 1515/132/380 1514/127/380
f 1512/129/381 1516/120/381 1517/121/381 1511/130/381
f 1473/133/382 1474/134/382 1506/135/382 1505/136/382
f 1503/137/383 1507/138/383 1508/139/383 1502/140/383
f 1502/140/384 1508/139/384 1509/141/384 1501/142/384
f 1598/143/1197 1599/144/1197 1600/145/1197
f 1601/146/386 1602/147/386 1603/148/386 1604/149/386
f 1605/150/1198 1606/151/1198 1607/152/1198 1608/153/1198
f 1609/154/388 1610/155/388 1611/156/388 1612/157/388
f 1613/158/389 1614/159/389 1615/160/389 1616/161/389
f 1617/162/390 1618/163/390 1619/164/390 1620/165/390
f 1625/170/392 1626/171/392 1627/172/392 1628/173/392
f 1633/178/1201 1634/179/1201 1635/180/1201 1636/181/1201
f 1637/182/395 1638/183/395 1639/184/395 1640/185/395
f 1641/186/396 1642/187/396 1643/188/396 1644/189/396
f 1645/190/397 1646/191/397 1647/192/397 1648/193/397
f 1649/194/398 1650/195/398 1651/196/398 1652/197/398
f 1653/198/399 1654/199/399 1655/200/399 1656/201/399
f 1609/202/400 1612/203/400 1598/204/400 1600/205/400 1509/122/400 1553/85/400
f 1501/142/401 1509/141/401 1600/145/401 1599/144/401 1475/206/401
f 1475/206/402 1599/144/402 1598/143/402 1612/157/402 1611/156/402 1485/207/402
f 1601/146/403 1604/149/403 1480/125/403 1593/39/403 1588/38/403
f 1481/37/404 1488/36/404 1624/169/404 1623/168/404 1603/208/404 1602/209/404
f 1604/210/1202 1603/208/1202 1623/168/1202 1622/167/1202 1627/172/1202 1626/171/1202 1480/211/1202
f 1481/53/406 1602/147/406 1601/146/406 1588/38/406 1583/47/406
f 1605/150/1203 1608/153/1203 1482/52/1203 1578/54/1203 1573/59/1203
f 1483/212/408 1619/164/408 1618/163/408 1486/213/408 1607/214/408 1606/215/408
f 1608/216/409 1607/214/409 1486/213/409 1487/35/409 1482/34/409
f 1483/68/410 1606/151/410 1605/150/410 1573/59/410 1568/63/410
f 1485/207/411 1611/156/411 1610/155/411 1616/161/411 1615/160/411 1484/217/411
f 1613/218/412 1616/219/412 1610/220/412 1609/202/412 1553/85/412 1548/84/412
f 1484/217/413 1615/160/413 1614/159/413 1620/165/413 1619/164/413 1483/212/413
f 1617/221/414 1620/222/414 1614/223/414 1613/218/414 1548/84/414 1543/93/414
f 1486/102/415 1618/224/415 1617/221/415 1543/93/415 1538/97/415
f 1621/225/416 1624/226/416 1488/107/416 1528/108/416 1523/112/416
f 1628/227/417 1627/228/417 1622/229/417 1621/225/417 1523/112/417 1518/116/417
f 1479/131/418 1625/230/418 1628/227/418 1518/116/418 1515/132/418
f 1480/211/419 1626/171/419 1625/170/419 1479/131/419 1478/126/419
f 1629/231/420 1632/232/420 1500/233/420 1642/187/420 1641/186/420 1489/234/420
f 1562/20/421 1567/73/421 1630/175/421 1629/174/421 1489/21/421
f 1490/33/422 1499/32/422 1500/233/422 1632/232/422 1631/235/422
f 1567/73/423 1572/23/423 1490/26/423 1631/176/423 1630/175/423
f 1633/236/424 1636/237/424 1497/238/424 1498/31/424 1491/30/424
f 1577/24/425 1582/58/425 1634/179/425 1633/178/425 1491/25/425
f 1492/239/426 1496/240/426 1497/238/426 1636/237/426 1635/241/426
f 1582/58/427 1587/51/427 1492/242/427 1635/180/427 1634/179/427
f 1637/243/428 1640/244/428 1495/245/428 1496/240/428 1492/239/428
f 1587/51/429 1592/46/429 1638/183/429 1637/182/429 1492/242/429
f 1493/29/430 1494/28/430 1495/245/430 1640/244/430 1639/246/430
f 1592/46/431 1597/1/431 1493/4/431 1639/184/431 1638/183/431
f 1557/92/432 1506/247/432 1474/248/432 1644/249/432 1643/250/432
f 1489/234/433 1641/186/433 1644/189/433 1474/251/433 1473/252/433
f 1552/17/434 1557/92/434 1643/250/434 1642/253/434 1500/18/434
f 1505/136/435 1506/135/435 1645/190/435 1648/193/435 1504/254/435
f 1556/90/436 1646/255/436 1645/256/436 1506/247/436 1557/92/436
f 1504/254/437 1648/193/437 1647/192/437 1507/138/437 1503/137/437
f 1555/88/438 1507/124/438 1647/257/438 1646/255/438 1556/90/438
f 1514/127/1204 1515/132/1204 1649/194/1204 1652/197/1204 1513/128/1204
f 1515/132/440 1518/116/440 1519/117/440 1650/195/440 1649/194/440
f 1513/128/441 1652/197/441 1651/196/441 1516/120/441 1512/129/441
f 1651/196/442 1650/195/442 1519/117/442 1520/118/442 1516/120/442
f 1656/201/443 1655/200/443 1522/5/443 1494/8/443 1477/27/443
f 1511/130/444 1517/121/444 1654/199/444 1653/198/444 1510/2/444
f 1510/2/1205 1653/198/1205 1656/201/1205 1477/27/1205 1476/3/1205
f 1517/121/446 1521/119/446 1522/5/446 1655/200/446 1654/199/446
f 1781/1/447 1694/2/447 1660/3/447 1677/4/447
f 1706/5/448 1711/6/448 1679/7/448 1678/8/448
f 1711/6/449 1716/9/449 1680/10/449 1679/7/449
f 1716/9/1206 1721/11/1206 1681/12/1206 1680/10/1206
f 1721/11/451 1726/13/451 1682/14/451 1681/12/451
f 1726/13/452 1731/15/452 1683/16/452 1682/14/452
f 1731/15/453 1736/17/453 1684/18/453 1683/16/453
f 1689/19/454 1746/20/454 1673/21/454 1657/22/454
f 1756/23/455 1761/24/455 1675/25/455 1674/26/455
f 1660/3/1207 1661/27/1207 1678/28/1207 1677/29/1207
f 1675/30/1208 1682/31/1208 1683/32/1208 1674/33/1208
f 1666/34/458 1671/35/458 1672/36/458 1665/37/458
f 1772/38/459 1777/39/459 1778/40/459 1773/41/459
f 1773/41/460 1778/40/460 1779/42/460 1774/43/460
f 1774/43/461 1779/42/461 1780/44/461 1775/45/461
f 1775/45/462 1780/44/462 1781/1/462 1776/46/462
f 1767/47/463 1772/38/463 1773/41/463 1768/48/463
f 1768/48/464 1773/41/464 1774/43/464 1769/49/464
f 1769/49/465 1774/43/465 1775/45/465 1770/50/465
f 1770/50/466 1775/45/466 1776/46/466 1771/51/466
f 1666/52/467 1665/53/467 1767/47/467 1762/54/467
f 1762/54/468 1767/47/468 1768/48/468 1763/55/468
f 1763/55/469 1768/48/469 1769/49/469 1764/56/469
f 1764/56/470 1769/49/470 1770/50/470 1765/57/470
f 1765/57/471 1770/50/471 1771/51/471 1766/58/471
f 1757/59/472 1762/54/472 1763/55/472 1758/60/472
f 1758/60/473 1763/55/473 1764/56/473 1759/61/473
f 1759/61/471 1764/56/471 1765/57/471 1760/62/471
f 1760/62/474 1765/57/474 1766/58/474 1761/24/474
f 1752/63/466 1757/59/466 1758/60/466 1753/64/466
f 1753/64/473 1758/60/473 1759/61/473 1754/65/473
f 1754/65/471 1759/61/471 1760/62/471 1755/66/471
f 1755/66/475 1760/62/475 1761/24/475 1756/23/475
f 1668/67/476 1667/68/476 1752/63/476 1747/69/476
f 1747/69/477 1752/63/477 1753/64/477 1748/70/477
f 1748/70/478 1753/64/478 1754/65/478 1749/71/478
f 1749/71/479 1754/65/479 1755/66/479 1750/72/479
f 1750/72/480 1755/66/480 1756/23/480 1751/73/480
f 1669/74/481 1668/67/481 1747/69/481 1742/75/481
f 1742/75/482 1747/69/482 1748/70/482 1743/76/482
f 1743/76/483 1748/70/483 1749/71/483 1744/77/483
f 1744/77/484 1749/71/484 1750/72/484 1745/78/484
f 1745/78/485 1750/72/485 1751/73/485 1746/20/485
f 1659/79/486 1669/74/486 1742/75/486 1685/80/486
f 1685/80/487 1742/75/487 1743/76/487 1686/81/487
f 1686/81/488 1743/76/488 1744/77/488 1687/82/488
f 1687/82/489 1744/77/489 1745/78/489 1688/83/489
f 1688/83/490 1745/78/490 1746/20/490 1689/19/490
f 1732/84/491 1737/85/491 1738/86/491 1733/87/491
f 1733/87/492 1738/86/492 1739/88/492 1734/89/492
f 1734/89/493 1739/88/493 1740/90/493 1735/91/493
f 1735/91/494 1740/90/494 1741/92/494 1736/17/494
f 1727/93/495 1732/84/495 1733/87/495 1728/94/495
f 1728/94/496 1733/87/496 1734/89/496 1729/95/496
f 1729/95/497 1734/89/497 1735/91/497 1730/96/497
f 1730/96/498 1735/91/498 1736/17/498 1731/15/498
f 1722/97/499 1727/93/499 1728/94/499 1723/98/499
f 1723/98/500 1728/94/500 1729/95/500 1724/99/500
f 1724/99/501 1729/95/501 1730/96/501 1725/100/501
f 1725/100/502 1730/96/502 1731/15/502 1726/13/502
f 1671/101/503 1670/102/503 1722/97/503 1717/103/503
f 1717/103/504 1722/97/504 1723/98/504 1718/104/504
f 1718/104/505 1723/98/505 1724/99/505 1719/105/505
f 1719/105/506 1724/99/506 1725/100/506 1720/106/506
f 1720/106/502 1725/100/502 1726/13/502 1721/11/502
f 1672/107/507 1671/101/507 1717/103/507 1712/108/507
f 1712/108/508 1717/103/508 1718/104/508 1713/109/508
f 1713/109/509 1718/104/509 1719/105/509 1714/110/509
f 1714/110/510 1719/105/510 1720/106/510 1715/111/510
f 1715/111/511 1720/106/511 1721/11/511 1716/9/511
f 1707/112/512 1712/108/512 1713/109/512 1708/113/512
f 1708/113/513 1713/109/513 1714/110/513 1709/114/513
f 1709/114/514 1714/110/514 1715/111/514 1710/115/514
f 1710/115/515 1715/111/515 1716/9/515 1711/6/515
f 1702/116/516 1707/112/516 1708/113/516 1703/117/516
f 1703/117/517 1708/113/517 1709/114/517 1704/118/517
f 1704/118/518 1709/114/518 1710/115/518 1705/119/518
f 1705/119/519 1710/115/519 1711/6/519 1706/5/519
f 1700/120/520 1704/118/520 1705/119/520 1701/121/520
f 1737/85/521 1693/122/521 1692/123/521 1738/86/521
f 1738/86/522 1692/123/522 1691/124/522 1739/88/522
f 1664/125/523 1662/126/523 1698/127/523 1777/39/523
f 1777/39/524 1698/127/524 1697/128/524 1778/40/524
f 1778/40/525 1697/128/525 1696/129/525 1779/42/525
f 1779/42/526 1696/129/526 1695/130/526 1780/44/526
f 1780/44/527 1695/130/527 1694/2/527 1781/1/527
f 1662/126/528 1663/131/528 1699/132/528 1698/127/528
f 1696/129/529 1700/120/529 1701/121/529 1695/130/529
f 1657/133/530 1658/134/530 1690/135/530 1689/136/530
f 1687/137/531 1691/138/531 1692/139/531 1686/140/531
f 1686/140/532 1692/139/532 1693/141/532 1685/142/532
f 1782/143/533 1783/144/533 1784/145/533
f 1785/146/1209 1786/147/1209 1787/148/1209 1788/149/1209
f 1789/150/535 1790/151/535 1791/152/535 1792/153/535
f 1793/154/536 1794/155/536 1795/156/536 1796/157/536
f 1797/158/1210 1798/159/1210 1799/160/1210 1800/161/1210
f 1801/162/1211 1802/163/1211 1803/164/1211 1804/165/1211
f 1809/170/540 1810/171/540 1811/172/540 1812/173/540
f 1817/178/1212 1818/179/1212 1819/180/1212 1820/181/1212
f 1821/182/1213 1822/183/1213 1823/184/1213 1824/185/1213
f 1825/186/1214 1826/187/1214 1827/188/1214 1828/189/1214
f 1829/190/545 1830/191/545 1831/192/545 1832/193/545
f 1833/194/546 1834/195/546 1835/196/546 1836/197/546
f 1837/198/547 1838/199/547 1839/200/547 1840/201/547
f 1793/202/548 1796/203/548 1782/204/548 1784/205/548 1693/122/548 1737/85/548
f 1685/142/549 1693/141/549 1784/145/549 1783/144/549 1659/206/549
f 1659/206/550 1783/144/550 1782/143/550 1796/157/550 1795/156/550 1669/207/550
f 1785/146/551 1788/149/551 1664/125/551 1777/39/551 1772/38/551
f 1665/37/552 1672/36/552 1808/169/552 1807/168/552 1787/208/552 1786/209/552
f 1788/210/553 1787/208/553 1807/168/553 1806/167/553 1811/172/553 1810/171/553 1664/211/553
f 1665/53/554 1786/147/554 1785/146/554 1772/38/554 1767/47/554
f 1789/150/555 1792/153/555 1666/52/555 1762/54/555 1757/59/555
f 1667/212/556 1803/164/556 1802/163/556 1670/213/556 1791/214/556 1790/215/556
f 1792/216/557 1791/214/557 1670/213/557 1671/35/557 1666/34/557
f 1667/68/558 1790/151/558 1789/150/558 1757/59/558 1752/63/558
f 1669/207/559 1795/156/559 1794/155/559 1800/161/559 1799/160/559 1668/217/559
f 1797/218/560 1800/219/560 1794/220/560 1793/202/560 1737/85/560 1732/84/560
f 1668/217/561 1799/160/561 1798/159/561 1804/165/561 1803/164/561 1667/212/561
f 1801/221/562 1804/222/562 1798/223/562 1797/218/562 1732/84/562 1727/93/562
f 1670/102/563 1802/224/563 1801/221/563 1727/93/563 1722/97/563
f 1805/225/564 1808/226/564 1672/107/564 1712/108/564 1707/112/564
f 1812/227/565 1811/228/565 1806/229/565 1805/225/565 1707/112/565 1702/116/565
f 1663/131/566 1809/230/566 1812/227/566 1702/116/566 1699/132/566
f 1664/211/567 1810/171/567 1809/170/567 1663/131/567 1662/126/567
f 1813/231/1215 1816/232/1215 1684/233/1215 1826/187/1215 1825/186/1215 1673/234/1215
f 1746/20/569 1751/73/569 1814/175/569 1813/174/569 1673/21/569
f 1674/33/1216 1683/32/1216 1684/233/1216 1816/232/1216 1815/235/1216
f 1751/73/571 1756/23/571 1674/26/571 1815/176/571 1814/175/571
f 1817/236/572 1820/237/572 1681/238/572 1682/31/572 1675/30/572
f 1761/24/573 1766/58/573 1818/179/573 1817/178/573 1675/25/573
f 1676/239/574 1680/240/574 1681/238/574 1820/237/574 1819/241/574
f 1766/58/575 1771/51/575 1676/242/575 1819/180/575 1818/179/575
f 1821/243/1217 1824/244/1217 1679/245/1217 1680/240/1217 1676/239/1217
f 1771/51/577 1776/46/577 1822/183/577 1821/182/577 1676/242/577
f 1677/29/578 1678/28/578 1679/245/578 1824/244/578 1823/246/578
f 1776/46/579 1781/1/579 1677/4/579 1823/184/579 1822/183/579
f 1741/92/1218 1690/247/1218 1658/248/1218 1828/249/1218 1827/250/1218
f 1673/234/581 1825/186/581 1828/189/581 1658/251/581 1657/252/581
f 1736/17/582 1741/92/582 1827/250/582 1826/253/582 1684/18/582
f 1689/136/583 1690/135/583 1829/190/583 1832/193/583 1688/254/583
f 1740/90/584 1830/255/584 1829/256/584 1690/247/584 1741/92/584
f 1688/254/585 1832/193/585 1831/192/585 1691/138/585 1687/137/585
f 1739/88/586 1691/124/586 1831/257/586 1830/255/586 1740/90/586
f 1698/127/587 1699/132/587 1833/194/587 1836/197/587 1697/128/587
f 1699/132/588 1702/116/588 1703/117/588 1834/195/588 1833/194/588
f 1697/128/589 1836/197/589 1835/196/589 1700/120/589 1696/129/589
f 1835/196/590 1834/195/590 1703/117/590 1704/118/590 1700/120/590
f 1840/201/591 1839/200/591 1706/5/591 1678/8/591 1661/27/591
f 1695/130/592 1701/121/592 1838/199/592 1837/198/592 1694/2/592
f 1694/2/593 1837/198/593 1840/201/593 1661/27/593 1660/3/593
f 1701/121/594 1705/119/594 1706/5/594 1839/200/594 1838/199/594
f 1965/1/1219 1878/2/1219 1844/3/1219 1861/4/1219
f 1890/5/1220 1895/6/1220 1863/7/1220 1862/8/1220
f 1895/6/1221 1900/9/1221 1864/10/1221 1863/7/1221
f 1900/9/1222 1905/11/1222 1865/12/1222 1864/10/1222
f 1905/11/1223 1910/13/1223 1866/14/1223 1865/12/1223
f 1910/13/1224 1915/15/1224 1867/16/1224 1866/14/1224
f 1915/15/1225 1920/17/1225 1868/18/1225 1867/16/1225
f 1873/19/1226 1930/20/1226 1857/21/1226 1841/22/1226
f 1940/23/1227 1945/24/1227 1859/25/1227 1858/26/1227
f 1844/3/1228 1845/27/1228 1862/28/1228 1861/29/1228
f 1859/30/1229 1866/31/1229 1867/32/1229 1858/33/1229
f 1850/34/1230 1855/35/1230 1856/36/1230 1849/37/1230
f 1956/38/1231 1961/39/1231 1962/40/1231 1957/41/1231
f 1957/41/1232 1962/40/1232 1963/42/1232 1958/43/1232
f 1958/43/1233 1963/42/1233 1964/44/1233 1959/45/1233
f 1959/45/1234 1964/44/1234 1965/1/1234 1960/46/1234
f 1951/47/1235 1956/38/1235 1957/41/1235 1952/48/1235
f 1952/48/1236 1957/41/1236 1958/43/1236 1953/49/1236
f 1953/49/1237 1958/43/1237 1959/45/1237 1954/50/1237
f 1954/50/1238 1959/45/1238 1960/46/1238 1955/51/1238
f 1850/52/1239 1849/53/1239 1951/47/1239 1946/54/1239
f 1946/54/1240 1951/47/1240 1952/48/1240 1947/55/1240
f 1947/55/1241 1952/48/1241 1953/49/1241 1948/56/1241
f 1948/56/1242 1953/49/1242 1954/50/1242 1949/57/1242
f 1949/57/1243 1954/50/1243 1955/51/1243 1950/58/1243
f 1941/59/1244 1946/54/1244 1947/55/1244 1942/60/1244
f 1942/60/1245 1947/55/1245 1948/56/1245 1943/61/1245
f 1943/61/1243 1948/56/1243 1949/57/1243 1944/62/1243
f 1944/62/1246 1949/57/1246 1950/58/1246 1945/24/1246
f 1936/63/1238 1941/59/1238 1942/60/1238 1937/64/1238
f 1937/64/1245 1942/60/1245 1943/61/1245 1938/65/1245
f 1938/65/1243 1943/61/1243 1944/62/1243 1939/66/1243
f 1939/66/1247 1944/62/1247 1945/24/1247 1940/23/1247
f 1852/67/1248 1851/68/1248 1936/63/1248 1931/69/1248
f 1931/69/1249 1936/63/1249 1937/64/1249 1932/70/1249
f 1932/70/1250 1937/64/1250 1938/65/1250 1933/71/1250
f 1933/71/1251 1938/65/1251 1939/66/1251 1934/72/1251
f 1934/72/1252 1939/66/1252 1940/23/1252 1935/73/1252
f 1853/74/1253 1852/67/1253 1931/69/1253 1926/75/1253
f 1926/75/1254 1931/69/1254 1932/70/1254 1927/76/1254
f 1927/76/1255 1932/70/1255 1933/71/1255 1928/77/1255
f 1928/77/1256 1933/71/1256 1934/72/1256 1929/78/1256
f 1929/78/1257 1934/72/1257 1935/73/1257 1930/20/1257
f 1843/79/1258 1853/74/1258 1926/75/1258 1869/80/1258
f 1869/80/1259 1926/75/1259 1927/76/1259 1870/81/1259
f 1870/81/1260 1927/76/1260 1928/77/1260 1871/82/1260
f 1871/82/1261 1928/77/1261 1929/78/1261 1872/83/1261
f 1872/83/1262 1929/78/1262 1930/20/1262 1873/19/1262
f 1916/84/1263 1921/85/1263 1922/86/1263 1917/87/1263
f 1917/87/1264 1922/86/1264 1923/88/1264 1918/89/1264
f 1918/89/1265 1923/88/1265 1924/90/1265 1919/91/1265
f 1919/91/1266 1924/90/1266 1925/92/1266 1920/17/1266
f 1911/93/1267 1916/84/1267 1917/87/1267 1912/94/1267
f 1912/94/1268 1917/87/1268 1918/89/1268 1913/95/1268
f 1913/95/1269 1918/89/1269 1919/91/1269 1914/96/1269
f 1914/96/1270 1919/91/1270 1920/17/1270 1915/15/1270
f 1906/97/1271 1911/93/1271 1912/94/1271 1907/98/1271
f 1907/98/1272 1912/94/1272 1913/95/1272 1908/99/1272
f 1908/99/1273 1913/95/1273 1914/96/1273 1909/100/1273
f 1909/100/1265 1914/96/1265 1915/15/1265 1910/13/1265
f 1855/101/1274 1854/102/1274 1906/97/1274 1901/103/1274
f 1901/103/1275 1906/97/1275 1907/98/1275 1902/104/1275
f 1902/104/1276 1907/98/1276 1908/99/1276 1903/105/1276
f 1903/105/1277 1908/99/1277 1909/100/1277 1904/106/1277
f 1904/106/1265 1909/100/1265 1910/13/1265 1905/11/1265
f 1856/107/1278 1855/101/1278 1901/103/1278 1896/108/1278
f 1896/108/1279 1901/103/1279 1902/104/1279 1897/109/1279
f 1897/109/1280 1902/104/1280 1903/105/1280 1898/110/1280
f 1898/110/1281 1903/105/1281 1904/106/1281 1899/111/1281
f 1899/111/1282 1904/106/1282 1905/11/1282 1900/9/1282
f 1891/112/1283 1896/108/1283 1897/109/1283 1892/113/1283
f 1892/113/1284 1897/109/1284 1898/110/1284 1893/114/1284
f 1893/114/1285 1898/110/1285 1899/111/1285 1894/115/1285
f 1894/115/1286 1899/111/1286 1900/9/1286 1895/6/1286
f 1886/116/1287 1891/112/1287 1892/113/1287 1887/117/1287
f 1887/117/1288 1892/113/1288 1893/114/1288 1888/118/1288
f 1888/118/1289 1893/114/1289 1894/115/1289 1889/119/1289
f 1889/119/1290 1894/115/1290 1895/6/1290 1890/5/1290
f 1884/120/1291 1888/118/1291 1889/119/1291 1885/121/1291
f 1921/85/1292 1877/122/1292 1876/123/1292 1922/86/1292
f 1922/86/1293 1876/123/1293 1875/124/1293 1923/88/1293
f 1848/125/1294 1846/126/1294 1882/127/1294 1961/39/1294
f 1961/39/1295 1882/127/1295 1881/128/1295 1962/40/1295
f 1962/40/1296 1881/128/1296 1880/129/1296 1963/42/1296
f 1963/42/1297 1880/129/1297 1879/130/1297 1964/44/1297
f 1964/44/1298 1879/130/1298 1878/2/1298 1965/1/1298
f 1846/126/1299 1847/131/1299 1883/132/1299 1882/127/1299
f 1880/129/1300 1884/120/1300 1885/121/1300 1879/130/1300
f 1841/133/1301 1842/134/1301 1874/135/1301 1873/136/1301
f 1871/137/1302 1875/138/1302 1876/139/1302 1870/140/1302
f 1870/140/1303 1876/139/1303 1877/141/1303 1869/142/1303
f 1966/143/1304 1967/144/1304 1968/145/1304
f 1969/146/1305 1970/147/1305 1971/148/1305 1972/149/1305
f 1973/150/1306 1974/151/1306 1975/152/1306 1976/153/1306
f 1977/154/1307 1978/155/1307 1979/156/1307 1980/157/1307
f 1981/158/1308 1982/159/1308 1983/160/1308 1984/161/1308
f 1985/162/1309 1986/163/1309 1987/164/1309 1988/165/1309
f 1993/170/1311 1994/171/1311 1995/172/1311 1996/173/1311
f 2001/178/1313 2002/179/1313 2003/180/1313 2004/181/1313
f 2005/182/1314 2006/183/1314 2007/184/1314 2008/185/1314
f 2009/186/1315 2010/187/1315 2011/188/1315 2012/189/1315
f 2013/190/1316 2014/191/1316 2015/192/1316 2016/193/1316
f 2017/194/1317 2018/195/1317 2019/196/1317 2020/197/1317
f 2021/198/1318 2022/199/1318 2023/200/1318 2024/201/1318
f 1977/202/1319 1980/203/1319 1966/204/1319 1968/205/1319 1877/122/1319 1921/85/1319
f 1869/142/1320 1877/141/1320 1968/145/1320 1967/144/1320 1843/206/1320
f 1843/206/1321 1967/144/1321 1966/143/1321 1980/157/1321 1979/156/1321 1853/207/1321
f 1969/146/1322 1972/149/1322 1848/125/1322 1961/39/1322 1956/38/1322
f 1849/37/1323 1856/36/1323 1992/169/1323 1991/168/1323 1971/208/1323 1970/209/1323
f 1972/210/1324 1971/208/1324 1991/168/1324 1990/167/1324 1995/172/1324 1994/171/1324 1848/211/1324
f 1849/53/1325 1970/147/1325 1969/146/1325 1956/38/1325 1951/47/1325
f 1973/150/1326 1976/153/1326 1850/52/1326 1946/54/1326 1941/59/1326
f 1851/212/1327 1987/164/1327 1986/163/1327 1854/213/1327 1975/214/1327 1974/215/1327
f 1976/216/1328 1975/214/1328 1854/213/1328 1855/35/1328 1850/34/1328
f 1851/68/1329 1974/151/1329 1973/150/1329 1941/59/1329 1936/63/1329
f 1853/207/1330 1979/156/1330 1978/155/1330 1984/161/1330 1983/160/1330 1852/217/1330
f 1981/218/1331 1984/219/1331 1978/220/1331 1977/202/1331 1921/85/1331 1916/84/1331
f 1852/217/1332 1983/160/1332 1982/159/1332 1988/165/1332 1987/164/1332 1851/212/1332
f 1985/221/1333 1988/222/1333 1982/223/1333 1981/218/1333 1916/84/1333 1911/93/1333
f 1854/102/1334 1986/224/1334 1985/221/1334 1911/93/1334 1906/97/1334
f 1989/225/1335 1992/226/1335 1856/107/1335 1896/108/1335 1891/112/1335
f 1996/227/1336 1995/228/1336 1990/229/1336 1989/225/1336 1891/112/1336 1886/116/1336
f 1847/131/1337 1993/230/1337 1996/227/1337 1886/116/1337 1883/132/1337
f 1848/211/1338 1994/171/1338 1993/170/1338 1847/131/1338 1846/126/1338
f 1997/231/1339 2000/232/1339 1868/233/1339 2010/187/1339 2009/186/1339 1857/234/1339
f 1930/20/1340 1935/73/1340 1998/175/1340 1997/174/1340 1857/21/1340
f 1858/33/1341 1867/32/1341 1868/233/1341 2000/232/1341 1999/235/1341
f 1935/73/1342 1940/23/1342 1858/26/1342 1999/176/1342 1998/175/1342
f 2001/236/1343 2004/237/1343 1865/238/1343 1866/31/1343 1859/30/1343
f 1945/24/1344 1950/58/1344 2002/179/1344 2001/178/1344 1859/25/1344
f 1860/239/1345 1864/240/1345 1865/238/1345 2004/237/1345 2003/241/1345
f 1950/58/1346 1955/51/1346 1860/242/1346 2003/180/1346 2002/179/1346
f 2005/243/1347 2008/244/1347 1863/245/1347 1864/240/1347 1860/239/1347
f 1955/51/1348 1960/46/1348 2006/183/1348 2005/182/1348 1860/242/1348
f 1861/29/1349 1862/28/1349 1863/245/1349 2008/244/1349 2007/246/1349
f 1960/46/1350 1965/1/1350 1861/4/1350 2007/184/1350 2006/183/1350
f 1925/92/1351 1874/247/1351 1842/248/1351 2012/249/1351 2011/250/1351
f 1857/234/1352 2009/186/1352 2012/189/1352 1842/251/1352 1841/252/1352
f 1920/17/1353 1925/92/1353 2011/250/1353 2010/253/1353 1868/18/1353
f 1873/136/1354 1874/135/1354 2013/190/1354 2016/193/1354 1872/254/1354
f 1924/90/1355 2014/255/1355 2013/256/1355 1874/247/1355 1925/92/1355
f 1872/254/1356 2016/193/1356 2015/192/1356 1875/138/1356 1871/137/1356
f 1923/88/1357 1875/124/1357 2015/257/1357 2014/255/1357 1924/90/1357
f 1882/127/1358 1883/132/1358 2017/194/1358 2020/197/1358 1881/128/1358
f 1883/132/1359 1886/116/1359 1887/117/1359 2018/195/1359 2017/194/1359
f 1881/128/1360 2020/197/1360 2019/196/1360 1884/120/1360 1880/129/1360
f 2019/196/1361 2018/195/1361 1887/117/1361 1888/118/1361 1884/120/1361
f 2024/201/1362 2023/200/1362 1890/5/1362 1862/8/1362 1845/27/1362
f 1879/130/1363 1885/121/1363 2022/199/1363 2021/198/1363 1878/2/1363
f 1878/2/1364 2021/198/1364 2024/201/1364 1845/27/1364 1844/3/1364
f 1885/121/1365 1889/119/1365 1890/5/1365 2023/200/1365 2022/199/1365
f 2149/1/1366 2062/2/1366 2028/3/1366 2045/4/1366
f 2074/5/1367 2079/6/1367 2047/7/1367 2046/8/1367
f 2079/6/1368 2084/9/1368 2048/10/1368 2047/7/1368
f 2084/9/1369 2089/11/1369 2049/12/1369 2048/10/1369
f 2089/11/1370 2094/13/1370 2050/14/1370 2049/12/1370
f 2094/13/1371 2099/15/1371 2051/16/1371 2050/14/1371
f 2099/15/1372 2104/17/1372 2052/18/1372 2051/16/1372
f 2057/19/1373 2114/20/1373 2041/21/1373 2025/22/1373
f 2124/23/1374 2129/24/1374 2043/25/1374 2042/26/1374
f 2028/3/1375 2029/27/1375 2046/28/1375 2045/29/1375
f 2043/30/1376 2050/31/1376 2051/32/1376 2042/33/1376
f 2034/34/1377 2039/35/1377 2040/36/1377 2033/37/1377
f 2140/38/1378 2145/39/1378 2146/40/1378 2141/41/1378
f 2141/41/1379 2146/40/1379 2147/42/1379 2142/43/1379
f 2142/43/1380 2147/42/1380 2148/44/1380 2143/45/1380
f 2143/45/1381 2148/44/1381 2149/1/1381 2144/46/1381
f 2135/47/1382 2140/38/1382 2141/41/1382 2136/48/1382
f 2136/48/1383 2141/41/1383 2142/43/1383 2137/49/1383
f 2137/49/1384 2142/43/1384 2143/45/1384 2138/50/1384
f 2138/50/1385 2143/45/1385 2144/46/1385 2139/51/1385
f 2034/52/1386 2033/53/1386 2135/47/1386 2130/54/1386
f 2130/54/1387 2135/47/1387 2136/48/1387 2131/55/1387
f 2131/55/1388 2136/48/1388 2137/49/1388 2132/56/1388
f 2132/56/1389 2137/49/1389 2138/50/1389 2133/57/1389
f 2133/57/1390 2138/50/1390 2139/51/1390 2134/58/1390
f 2125/59/1391 2130/54/1391 2131/55/1391 2126/60/1391
f 2126/60/1392 2131/55/1392 2132/56/1392 2127/61/1392
f 2127/61/1390 2132/56/1390 2133/57/1390 2128/62/1390
f 2128/62/1393 2133/57/1393 2134/58/1393 2129/24/1393
f 2120/63/1385 2125/59/1385 2126/60/1385 2121/64/1385
f 2121/64/1392 2126/60/1392 2127/61/1392 2122/65/1392
f 2122/65/1390 2127/61/1390 2128/62/1390 2123/66/1390
f 2123/66/1394 2128/62/1394 2129/24/1394 2124/23/1394
f 2036/67/1395 2035/68/1395 2120/63/1395 2115/69/1395
f 2115/69/1396 2120/63/1396 2121/64/1396 2116/70/1396
f 2116/70/1397 2121/64/1397 2122/65/1397 2117/71/1397
f 2117/71/1398 2122/65/1398 2123/66/1398 2118/72/1398
f 2118/72/1399 2123/66/1399 2124/23/1399 2119/73/1399
f 2037/74/1400 2036/67/1400 2115/69/1400 2110/75/1400
f 2110/75/1401 2115/69/1401 2116/70/1401 2111/76/1401
f 2111/76/1402 2116/70/1402 2117/71/1402 2112/77/1402
f 2112/77/1403 2117/71/1403 2118/72/1403 2113/78/1403
f 2113/78/1404 2118/72/1404 2119/73/1404 2114/20/1404
f 2027/79/1405 2037/74/1405 2110/75/1405 2053/80/1405
f 2053/80/1406 2110/75/1406 2111/76/1406 2054/81/1406
f 2054/81/1407 2111/76/1407 2112/77/1407 2055/82/1407
f 2055/82/1408 2112/77/1408 2113/78/1408 2056/83/1408
f 2056/83/1409 2113/78/1409 2114/20/1409 2057/19/1409
f 2100/84/1410 2105/85/1410 2106/86/1410 2101/87/1410
f 2101/87/1411 2106/86/1411 2107/88/1411 2102/89/1411
f 2102/89/1412 2107/88/1412 2108/90/1412 2103/91/1412
f 2103/91/1413 2108/90/1413 2109/92/1413 2104/17/1413
f 2095/93/1414 2100/84/1414 2101/87/1414 2096/94/1414
f 2096/94/1415 2101/87/1415 2102/89/1415 2097/95/1415
f 2097/95/1416 2102/89/1416 2103/91/1416 2098/96/1416
f 2098/96/1417 2103/91/1417 2104/17/1417 2099/15/1417
f 2090/97/1418 2095/93/1418 2096/94/1418 2091/98/1418
f 2091/98/1419 2096/94/1419 2097/95/1419 2092/99/1419
f 2092/99/1420 2097/95/1420 2098/96/1420 2093/100/1420
f 2093/100/1412 2098/96/1412 2099/15/1412 2094/13/1412
f 2039/101/1421 2038/102/1421 2090/97/1421 2085/103/1421
f 2085/103/1422 2090/97/1422 2091/98/1422 2086/104/1422
f 2086/104/1423 2091/98/1423 2092/99/1423 2087/105/1423
f 2087/105/1424 2092/99/1424 2093/100/1424 2088/106/1424
f 2088/106/1412 2093/100/1412 2094/13/1412 2089/11/1412
f 2040/107/1425 2039/101/1425 2085/103/1425 2080/108/1425
f 2080/108/1426 2085/103/1426 2086/104/1426 2081/109/1426
f 2081/109/1427 2086/104/1427 2087/105/1427 2082/110/1427
f 2082/110/1428 2087/105/1428 2088/106/1428 2083/111/1428
f 2083/111/1429 2088/106/1429 2089/11/1429 2084/9/1429
f 2075/112/1430 2080/108/1430 2081/109/1430 2076/113/1430
f 2076/113/1431 2081/109/1431 2082/110/1431 2077/114/1431
f 2077/114/1432 2082/110/1432 2083/111/1432 2078/115/1432
f 2078/115/1433 2083/111/1433 2084/9/1433 2079/6/1433
f 2070/116/1434 2075/112/1434 2076/113/1434 2071/117/1434
f 2071/117/1435 2076/113/1435 2077/114/1435 2072/118/1435
f 2072/118/1436 2077/114/1436 2078/115/1436 2073/119/1436
f 2073/119/1437 2078/115/1437 2079/6/1437 2074/5/1437
f 2068/120/1438 2072/118/1438 2073/119/1438 2069/121/1438
f 2105/85/1439 2061/122/1439 2060/123/1439 2106/86/1439
f 2106/86/1440 2060/123/1440 2059/124/1440 2107/88/1440
f 2032/125/1441 2030/126/1441 2066/127/1441 2145/39/1441
f 2145/39/1442 2066/127/1442 2065/128/1442 2146/40/1442
f 2146/40/1443 2065/128/1443 2064/129/1443 2147/42/1443
f 2147/42/1444 2064/129/1444 2063/130/1444 2148/44/1444
f 2148/44/1445 2063/130/1445 2062/2/1445 2149/1/1445
f 2030/126/1446 2031/131/1446 2067/132/1446 2066/127/1446
f 2064/129/1447 2068/120/1447 2069/121/1447 2063/130/1447
f 2025/133/1448 2026/134/1448 2058/135/1448 2057/136/1448
f 2055/137/1449 2059/138/1449 2060/139/1449 2054/140/1449
f 2054/140/1450 2060/139/1450 2061/141/1450 2053/142/1450
f 2150/143/1451 2151/144/1451 2152/145/1451
f 2153/146/1452 2154/147/1452 2155/148/1452 2156/149/1452
f 2157/150/1453 2158/151/1453 2159/152/1453 2160/153/1453
f 2161/154/1454 2162/155/1454 2163/156/1454 2164/157/1454
f 2165/158/1455 2166/159/1455 2167/160/1455 2168/161/1455
f 2169/162/1456 2170/163/1456 2171/164/1456 2172/165/1456
f 2177/170/1458 2178/171/1458 2179/172/1458 2180/173/1458
f 2185/178/1460 2186/179/1460 2187/180/1460 2188/181/1460
f 2189/182/1461 2190/183/1461 2191/184/1461 2192/185/1461
f 2193/186/1462 2194/187/1462 2195/188/1462 2196/189/1462
f 2197/190/1463 2198/191/1463 2199/192/1463 2200/193/1463
f 2201/194/1464 2202/195/1464 2203/196/1464 2204/197/1464
f 2205/198/1465 2206/199/1465 2207/200/1465 2208/201/1465
f 2161/202/1466 2164/203/1466 2150/204/1466 2152/205/1466 2061/122/1466 2105/85/1466
f 2053/142/1467 2061/141/1467 2152/145/1467 2151/144/1467 2027/206/1467
f 2027/206/1468 2151/144/1468 2150/143/1468 2164/157/1468 2163/156/1468 2037/207/1468
f 2153/146/1469 2156/149/1469 2032/125/1469 2145/39/1469 2140/38/1469
f 2033/37/1470 2040/36/1470 2176/169/1470 2175/168/1470 2155/208/1470 2154/209/1470
f 2156/210/1471 2155/208/1471 2175/168/1471 2174/167/1471 2179/172/1471 2178/171/1471 2032/211/1471
f 2033/53/1472 2154/147/1472 2153/146/1472 2140/38/1472 2135/47/1472
f 2157/150/1473 2160/153/1473 2034/52/1473 2130/54/1473 2125/59/1473
f 2035/212/1474 2171/164/1474 2170/163/1474 2038/213/1474 2159/214/1474 2158/215/1474
f 2160/216/1475 2159/214/1475 2038/213/1475 2039/35/1475 2034/34/1475
f 2035/68/1476 2158/151/1476 2157/150/1476 2125/59/1476 2120/63/1476
f 2037/207/1477 2163/156/1477 2162/155/1477 2168/161/1477 2167/160/1477 2036/217/1477
f 2165/218/1478 2168/219/1478 2162/220/1478 2161/202/1478 2105/85/1478 2100/84/1478
f 2036/217/1479 2167/160/1479 2166/159/1479 2172/165/1479 2171/164/1479 2035/212/1479
f 2169/221/1480 2172/222/1480 2166/223/1480 2165/218/1480 2100/84/1480 2095/93/1480
f 2038/102/1481 2170/224/1481 2169/221/1481 2095/93/1481 2090/97/1481
f 2173/225/1482 2176/226/1482 2040/107/1482 2080/108/1482 2075/112/1482
f 2180/227/1483 2179/228/1483 2174/229/1483 2173/225/1483 2075/112/1483 2070/116/1483
f 2031/131/1484 2177/230/1484 2180/227/1484 2070/116/1484 2067/132/1484
f 2032/211/1485 2178/171/1485 2177/170/1485 2031/131/1485 2030/126/1485
f 2181/231/1486 2184/232/1486 2052/233/1486 2194/187/1486 2193/186/1486 2041/234/1486
f 2114/20/1487 2119/73/1487 2182/175/1487 2181/174/1487 2041/21/1487
f 2042/33/1488 2051/32/1488 2052/233/1488 2184/232/1488 2183/235/1488
f 2119/73/1489 2124/23/1489 2042/26/1489 2183/176/1489 2182/175/1489
f 2185/236/1490 2188/237/1490 2049/238/1490 2050/31/1490 2043/30/1490
f 2129/24/1491 2134/58/1491 2186/179/1491 2185/178/1491 2043/25/1491
f 2044/239/1492 2048/240/1492 2049/238/1492 2188/237/1492 2187/241/1492
f 2134/58/1493 2139/51/1493 2044/242/1493 2187/180/1493 2186/179/1493
f 2189/243/1494 2192/244/1494 2047/245/1494 2048/240/1494 2044/239/1494
f 2139/51/1495 2144/46/1495 2190/183/1495 2189/182/1495 2044/242/1495
f 2045/29/1496 2046/28/1496 2047/245/1496 2192/244/1496 2191/246/1496
f 2144/46/1497 2149/1/1497 2045/4/1497 2191/184/1497 2190/183/1497
f 2109/92/1498 2058/247/1498 2026/248/1498 2196/249/1498 2195/250/1498
f 2041/234/1499 2193/186/1499 2196/189/1499 2026/251/1499 2025/252/1499
f 2104/17/1500 2109/92/1500 2195/250/1500 2194/253/1500 2052/18/1500
f 2057/136/1501 2058/135/1501 2197/190/1501 2200/193/1501 2056/254/1501
f 2108/90/1502 2198/255/1502 2197/256/1502 2058/247/1502 2109/92/1502
f 2056/254/1503 2200/193/1503 2199/192/1503 2059/138/1503 2055/137/1503
f 2107/88/1504 2059/124/1504 2199/257/1504 2198/255/1504 2108/90/1504
f 2066/127/1505 2067/132/1505 2201/194/1505 2204/197/1505 2065/128/1505
f 2067/132/1506 2070/116/1506 2071/117/1506 2202/195/1506 2201/194/1506
f 2065/128/1507 2204/197/1507 2203/196/1507 2068/120/1507 2064/129/1507
f 2203/196/1508 2202/195/1508 2071/117/1508 2072/118/1508 2068/120/1508
f 2208/201/1509 2207/200/1509 2074/5/1509 2046/8/1509 2029/27/1509
f 2063/130/1510 2069/121/1510 2206/199/1510 2205/198/1510 2062/2/1510
f 2062/2/1511 2205/198/1511 2208/201/1511 2029/27/1511 2028/3/1511
f 2069/121/1512 2073/119/1512 2074/5/1512 2207/200/1512 2206/199/1512
f 2333/1/1513 2246/2/1513 2212/3/1513 2229/4/1513
f 2258/5/1514 2263/6/1514 2231/7/1514 2230/8/1514
f 2263/6/1515 2268/9/1515 2232/10/1515 2231/7/1515
f 2268/9/1516 2273/11/1516 2233/12/1516 2232/10/1516
f 2273/11/1517 2278/13/1517 2234/14/1517 2233/12/1517
f 2278/13/1518 2283/15/1518 2235/16/1518 2234/14/1518
f 2283/15/1519 2288/17/1519 2236/18/1519 2235/16/1519
f 2241/19/1520 2298/20/1520 2225/21/1520 2209/22/1520
f 2308/23/1521 2313/24/1521 2227/25/1521 2226/26/1521
f 2212/3/1522 2213/27/1522 2230/28/1522 2229/29/1522
f 2227/30/1523 2234/31/1523 2235/32/1523 2226/33/1523
f 2218/34/1524 2223/35/1524 2224/36/1524 2217/37/1524
f 2324/38/1525 2329/39/1525 2330/40/1525 2325/41/1525
f 2325/41/1526 2330/40/1526 2331/42/1526 2326/43/1526
f 2326/43/1527 2331/42/1527 2332/44/1527 2327/45/1527
f 2327/45/1528 2332/44/1528 2333/1/1528 2328/46/1528
f 2319/47/1529 2324/38/1529 2325/41/1529 2320/48/1529
f 2320/48/1530 2325/41/1530 2326/43/1530 2321/49/1530
f 2321/49/1531 2326/43/1531 2327/45/1531 2322/50/1531
f 2322/50/1532 2327/45/1532 2328/46/1532 2323/51/1532
f 2218/52/1533 2217/53/1533 2319/47/1533 2314/54/1533
f 2314/54/1534 2319/47/1534 2320/48/1534 2315/55/1534
f 2315/55/1535 2320/48/1535 2321/49/1535 2316/56/1535
f 2316/56/1536 2321/49/1536 2322/50/1536 2317/57/1536
f 2317/57/1537 2322/50/1537 2323/51/1537 2318/58/1537
f 2309/59/1538 2314/54/1538 2315/55/1538 2310/60/1538
f 2310/60/1539 2315/55/1539 2316/56/1539 2311/61/1539
f 2311/61/1537 2316/56/1537 2317/57/1537 2312/62/1537
f 2312/62/1540 2317/57/1540 2318/58/1540 2313/24/1540
f 2304/63/1541 2309/59/1541 2310/60/1541 2305/64/1541
f 2305/64/1539 2310/60/1539 2311/61/1539 2306/65/1539
f 2306/65/1542 2311/61/1542 2312/62/1542 2307/66/1542
f 2307/66/1543 2312/62/1543 2313/24/1543 2308/23/1543
f 2220/67/1544 2219/68/1544 2304/63/1544 2299/69/1544
f 2299/69/1545 2304/63/1545 2305/64/1545 2300/70/1545
f 2300/70/1546 2305/64/1546 2306/65/1546 2301/71/1546
f 2301/71/1547 2306/65/1547 2307/66/1547 2302/72/1547
f 2302/72/1548 2307/66/1548 2308/23/1548 2303/73/1548
f 2221/74/1549 2220/67/1549 2299/69/1549 2294/75/1549
f 2294/75/1550 2299/69/1550 2300/70/1550 2295/76/1550
f 2295/76/1551 2300/70/1551 2301/71/1551 2296/77/1551
f 2296/77/1552 2301/71/1552 2302/72/1552 2297/78/1552
f 2297/78/1553 2302/72/1553 2303/73/1553 2298/20/1553
f 2211/79/1554 2221/74/1554 2294/75/1554 2237/80/1554
f 2237/80/1555 2294/75/1555 2295/76/1555 2238/81/1555
f 2238/81/1556 2295/76/1556 2296/77/1556 2239/82/1556
f 2239/82/1557 2296/77/1557 2297/78/1557 2240/83/1557
f 2240/83/1558 2297/78/1558 2298/20/1558 2241/19/1558
f 2284/84/1559 2289/85/1559 2290/86/1559 2285/87/1559
f 2285/87/1560 2290/86/1560 2291/88/1560 2286/89/1560
f 2286/89/1561 2291/88/1561 2292/90/1561 2287/91/1561
f 2287/91/1562 2292/90/1562 2293/92/1562 2288/17/1562
f 2279/93/1563 2284/84/1563 2285/87/1563 2280/94/1563
f 2280/94/1564 2285/87/1564 2286/89/1564 2281/95/1564
f 2281/95/1565 2286/89/1565 2287/91/1565 2282/96/1565
f 2282/96/1566 2287/91/1566 2288/17/1566 2283/15/1566
f 2274/97/1567 2279/93/1567 2280/94/1567 2275/98/1567
f 2275/98/1568 2280/94/1568 2281/95/1568 2276/99/1568
f 2276/99/1569 2281/95/1569 2282/96/1569 2277/100/1569
f 2277/100/1570 2282/96/1570 2283/15/1570 2278/13/1570
f 2223/101/1571 2222/102/1571 2274/97/1571 2269/103/1571
f 2269/103/1572 2274/97/1572 2275/98/1572 2270/104/1572
f 2270/104/1573 2275/98/1573 2276/99/1573 2271/105/1573
f 2271/105/1574 2276/99/1574 2277/100/1574 2272/106/1574
f 2272/106/1570 2277/100/1570 2278/13/1570 2273/11/1570
f 2224/107/1575 2223/101/1575 2269/103/1575 2264/108/1575
f 2264/108/1576 2269/103/1576 2270/104/1576 2265/109/1576
f 2265/109/1577 2270/104/1577 2271/105/1577 2266/110/1577
f 2266/110/1578 2271/105/1578 2272/106/1578 2267/111/1578
f 2267/111/1579 2272/106/1579 2273/11/1579 2268/9/1579
f 2259/112/1580 2264/108/1580 2265/109/1580 2260/113/1580
f 2260/113/1581 2265/109/1581 2266/110/1581 2261/114/1581
f 2261/114/1582 2266/110/1582 2267/111/1582 2262/115/1582
f 2262/115/1583 2267/111/1583 2268/9/1583 2263/6/1583
f 2254/116/1584 2259/112/1584 2260/113/1584 2255/117/1584
f 2255/117/1585 2260/113/1585 2261/114/1585 2256/118/1585
f 2256/118/1586 2261/114/1586 2262/115/1586 2257/119/1586
f 2257/119/1587 2262/115/1587 2263/6/1587 2258/5/1587
f 2252/120/1588 2256/118/1588 2257/119/1588 2253/121/1588
f 2289/85/1589 2245/122/1589 2244/123/1589 2290/86/1589
f 2290/86/1590 2244/123/1590 2243/124/1590 2291/88/1590
f 2216/125/1591 2214/126/1591 2250/127/1591 2329/39/1591
f 2329/39/1592 2250/127/1592 2249/128/1592 2330/40/1592
f 2330/40/1593 2249/128/1593 2248/129/1593 2331/42/1593
f 2331/42/1594 2248/129/1594 2247/130/1594 2332/44/1594
f 2332/44/1595 2247/130/1595 2246/2/1595 2333/1/1595
f 2214/126/1596 2215/131/1596 2251/132/1596 2250/127/1596
f 2248/129/1597 2252/120/1597 2253/121/1597 2247/130/1597
f 2209/133/1598 2210/134/1598 2242/135/1598 2241/136/1598
f 2239/137/1599 2243/138/1599 2244/139/1599 2238/140/1599
f 2238/140/1600 2244/139/1600 2245/141/1600 2237/142/1600
f 2334/143/1601 2335/144/1601 2336/145/1601
f 2337/146/1602 2338/147/1602 2339/148/1602 2340/149/1602
f 2341/150/1603 2342/151/1603 2343/152/1603 2344/153/1603
f 2345/154/1604 2346/155/1604 2347/156/1604 2348/157/1604
f 2349/158/1605 2350/159/1605 2351/160/1605 2352/161/1605
f 2353/162/1606 2354/163/1606 2355/164/1606 2356/165/1606
f 2361/170/1608 2362/171/1608 2363/172/1608 2364/173/1608
f 2369/178/1610 2370/179/1610 2371/180/1610 2372/181/1610
f 2373/182/1611 2374/183/1611 2375/184/1611 2376/185/1611
f 2377/186/1612 2378/187/1612 2379/188/1612 2380/189/1612
f 2381/190/1613 2382/191/1613 2383/192/1613 2384/193/1613
f 2385/194/1614 2386/195/1614 2387/196/1614 2388/197/1614
f 2389/198/1615 2390/199/1615 2391/200/1615 2392/201/1615
f 2345/202/1616 2348/203/1616 2334/204/1616 2336/205/1616 2245/122/1616 2289/85/1616
f 2237/142/1617 2245/141/1617 2336/145/1617 2335/144/1617 2211/206/1617
f 2211/206/1618 2335/144/1618 2334/143/1618 2348/157/1618 2347/156/1618 2221/207/1618
f 2337/146/1619 2340/149/1619 2216/125/1619 2329/39/1619 2324/38/1619
f 2217/37/1620 2224/36/1620 2360/169/1620 2359/168/1620 2339/208/1620 2338/209/1620
f 2340/210/1621 2339/208/1621 2359/168/1621 2358/167/1621 2363/172/1621 2362/171/1621 2216/211/1621
f 2217/53/1622 2338/147/1622 2337/146/1622 2324/38/1622 2319/47/1622
f 2341/150/1623 2344/153/1623 2218/52/1623 2314/54/1623 2309/59/1623
f 2219/212/1624 2355/164/1624 2354/163/1624 2222/213/1624 2343/214/1624 2342/215/1624
f 2344/216/1625 2343/214/1625 2222/213/1625 2223/35/1625 2218/34/1625
f 2219/68/1626 2342/151/1626 2341/150/1626 2309/59/1626 2304/63/1626
f 2221/207/1627 2347/156/1627 2346/155/1627 2352/161/1627 2351/160/1627 2220/217/1627
f 2349/218/1628 2352/219/1628 2346/220/1628 2345/202/1628 2289/85/1628 2284/84/1628
f 2220/217/1629 2351/160/1629 2350/159/1629 2356/165/1629 2355/164/1629 2219/212/1629
f 2353/221/1630 2356/222/1630 2350/223/1630 2349/218/1630 2284/84/1630 2279/93/1630
f 2222/102/1631 2354/224/1631 2353/221/1631 2279/93/1631 2274/97/1631
f 2357/225/1632 2360/226/1632 2224/107/1632 2264/108/1632 2259/112/1632
f 2364/227/1633 2363/228/1633 2358/229/1633 2357/225/1633 2259/112/1633 2254/116/1633
f 2215/131/1634 2361/230/1634 2364/227/1634 2254/116/1634 2251/132/1634
f 2216/211/1635 2362/171/1635 2361/170/1635 2215/131/1635 2214/126/1635
f 2365/231/1636 2368/232/1636 2236/233/1636 2378/187/1636 2377/186/1636 2225/234/1636
f 2298/20/1637 2303/73/1637 2366/175/1637 2365/174/1637 2225/21/1637
f 2226/33/1638 2235/32/1638 2236/233/1638 2368/232/1638 2367/235/1638
f 2303/73/1639 2308/23/1639 2226/26/1639 2367/176/1639 2366/175/1639
f 2369/236/1640 2372/237/1640 2233/238/1640 2234/31/1640 2227/30/1640
f 2313/24/1641 2318/58/1641 2370/179/1641 2369/178/1641 2227/25/1641
f 2228/239/1642 2232/240/1642 2233/238/1642 2372/237/1642 2371/241/1642
f 2318/58/1643 2323/51/1643 2228/242/1643 2371/180/1643 2370/179/1643
f 2373/243/1644 2376/244/1644 2231/245/1644 2232/240/1644 2228/239/1644
f 2323/51/1645 2328/46/1645 2374/183/1645 2373/182/1645 2228/242/1645
f 2229/29/1646 2230/28/1646 2231/245/1646 2376/244/1646 2375/246/1646
f 2328/46/1647 2333/1/1647 2229/4/1647 2375/184/1647 2374/183/1647
f 2293/92/1648 2242/247/1648 2210/248/1648 2380/249/1648 2379/250/1648
f 2225/234/1649 2377/186/1649 2380/189/1649 2210/251/1649 2209/252/1649
f 2288/17/1650 2293/92/1650 2379/250/1650 2378/253/1650 2236/18/1650
f 2241/136/1651 2242/135/1651 2381/190/1651 2384/193/1651 2240/254/1651
f 2292/90/1652 2382/255/1652 2381/256/1652 2242/247/1652 2293/92/1652
f 2240/254/1653 2384/193/1653 2383/192/1653 2243/138/1653 2239/137/1653
f 2291/88/1654 2243/124/1654 2383/257/1654 2382/255/1654 2292/90/1654
f 2250/127/1655 2251/132/1655 2385/194/1655 2388/197/1655 2249/128/1655
f 2251/132/1656 2254/116/1656 2255/117/1656 2386/195/1656 2385/194/1656
f 2249/128/1657 2388/197/1657 2387/196/1657 2252/120/1657 2248/129/1657
f 2387/196/1658 2386/195/1658 2255/117/1658 2256/118/1658 2252/120/1658
f 2392/201/1659 2391/200/1659 2258/5/1659 2230/8/1659 2213/27/1659
f 2247/130/1660 2253/121/1660 2390/199/1660 2389/198/1660 2246/2/1660
f 2246/2/1661 2389/198/1661 2392/201/1661 2213/27/1661 2212/3/1661
f 2253/121/1662 2257/119/1662 2258/5/1662 2391/200/1662 2390/199/1662
f 2517/1/1663 2430/2/1663 2396/3/1663 2413/4/1663
f 2442/5/1664 2447/6/1664 2415/7/1664 2414/8/1664
f 2447/6/1665 2452/9/1665 2416/10/1665 2415/7/1665
f 2452/9/1666 2457/11/1666 2417/12/1666 2416/10/1666
f 2457/11/1667 2462/13/1667 2418/14/1667 2417/12/1667
f 2462/13/1668 2467/15/1668 2419/16/1668 2418/14/1668
f 2467/15/1669 2472/17/1669 2420/18/1669 2419/16/1669
f 2425/19/1670 2482/20/1670 2409/21/1670 2393/22/1670
f 2492/23/1671 2497/24/1671 2411/25/1671 2410/26/1671
f 2396/3/1672 2397/27/1672 2414/28/1672 2413/29/1672
f 2411/30/1673 2418/31/1673 2419/32/1673 2410/33/1673
f 2402/34/1674 2407/35/1674 2408/36/1674 2401/37/1674
f 2508/38/1675 2513/39/1675 2514/40/1675 2509/41/1675
f 2509/41/1676 2514/40/1676 2515/42/1676 2510/43/1676
f 2510/43/1677 2515/42/1677 2516/44/1677 2511/45/1677
f 2511/45/1678 2516/44/1678 2517/1/1678 2512/46/1678
f 2503/47/1679 2508/38/1679 2509/41/1679 2504/48/1679
f 2504/48/1680 2509/41/1680 2510/43/1680 2505/49/1680
f 2505/49/1681 2510/43/1681 2511/45/1681 2506/50/1681
f 2506/50/1682 2511/45/1682 2512/46/1682 2507/51/1682
f 2402/52/1683 2401/53/1683 2503/47/1683 2498/54/1683
f 2498/54/1684 2503/47/1684 2504/48/1684 2499/55/1684
f 2499/55/1685 2504/48/1685 2505/49/1685 2500/56/1685
f 2500/56/1686 2505/49/1686 2506/50/1686 2501/57/1686
f 2501/57/1687 2506/50/1687 2507/51/1687 2502/58/1687
f 2493/59/1688 2498/54/1688 2499/55/1688 2494/60/1688
f 2494/60/1689 2499/55/1689 2500/56/1689 2495/61/1689
f 2495/61/1690 2500/56/1690 2501/57/1690 2496/62/1690
f 2496/62/1691 2501/57/1691 2502/58/1691 2497/24/1691
f 2488/63/1692 2493/59/1692 2494/60/1692 2489/64/1692
f 2489/64/1689 2494/60/1689 2495/61/1689 2490/65/1689
f 2490/65/1690 2495/61/1690 2496/62/1690 2491/66/1690
f 2491/66/1693 2496/62/1693 2497/24/1693 2492/23/1693
f 2404/67/1694 2403/68/1694 2488/63/1694 2483/69/1694
f 2483/69/1695 2488/63/1695 2489/64/1695 2484/70/1695
f 2484/70/1696 2489/64/1696 2490/65/1696 2485/71/1696
f 2485/71/1697 2490/65/1697 2491/66/1697 2486/72/1697
f 2486/72/1698 2491/66/1698 2492/23/1698 2487/73/1698
f 2405/74/1699 2404/67/1699 2483/69/1699 2478/75/1699
f 2478/75/1700 2483/69/1700 2484/70/1700 2479/76/1700
f 2479/76/1701 2484/70/1701 2485/71/1701 2480/77/1701
f 2480/77/1702 2485/71/1702 2486/72/1702 2481/78/1702
f 2481/78/1703 2486/72/1703 2487/73/1703 2482/20/1703
f 2395/79/1704 2405/74/1704 2478/75/1704 2421/80/1704
f 2421/80/1705 2478/75/1705 2479/76/1705 2422/81/1705
f 2422/81/1706 2479/76/1706 2480/77/1706 2423/82/1706
f 2423/82/1707 2480/77/1707 2481/78/1707 2424/83/1707
f 2424/83/1708 2481/78/1708 2482/20/1708 2425/19/1708
f 2468/84/1709 2473/85/1709 2474/86/1709 2469/87/1709
f 2469/87/1710 2474/86/1710 2475/88/1710 2470/89/1710
f 2470/89/1711 2475/88/1711 2476/90/1711 2471/91/1711
f 2471/91/1712 2476/90/1712 2477/92/1712 2472/17/1712
f 2463/93/1713 2468/84/1713 2469/87/1713 2464/94/1713
f 2464/94/1714 2469/87/1714 2470/89/1714 2465/95/1714
f 2465/95/1715 2470/89/1715 2471/91/1715 2466/96/1715
f 2466/96/1716 2471/91/1716 2472/17/1716 2467/15/1716
f 2458/97/1717 2463/93/1717 2464/94/1717 2459/98/1717
f 2459/98/1718 2464/94/1718 2465/95/1718 2460/99/1718
f 2460/99/1719 2465/95/1719 2466/96/1719 2461/100/1719
f 2461/100/1720 2466/96/1720 2467/15/1720 2462/13/1720
f 2407/101/1721 2406/102/1721 2458/97/1721 2453/103/1721
f 2453/103/1722 2458/97/1722 2459/98/1722 2454/104/1722
f 2454/104/1723 2459/98/1723 2460/99/1723 2455/105/1723
f 2455/105/1724 2460/99/1724 2461/100/1724 2456/106/1724
f 2456/106/1720 2461/100/1720 2462/13/1720 2457/11/1720
f 2408/107/1725 2407/101/1725 2453/103/1725 2448/108/1725
f 2448/108/1726 2453/103/1726 2454/104/1726 2449/109/1726
f 2449/109/1727 2454/104/1727 2455/105/1727 2450/110/1727
f 2450/110/1728 2455/105/1728 2456/106/1728 2451/111/1728
f 2451/111/1729 2456/106/1729 2457/11/1729 2452/9/1729
f 2443/112/1730 2448/108/1730 2449/109/1730 2444/113/1730
f 2444/113/1731 2449/109/1731 2450/110/1731 2445/114/1731
f 2445/114/1732 2450/110/1732 2451/111/1732 2446/115/1732
f 2446/115/1733 2451/111/1733 2452/9/1733 2447/6/1733
f 2438/116/1734 2443/112/1734 2444/113/1734 2439/117/1734
f 2439/117/1735 2444/113/1735 2445/114/1735 2440/118/1735
f 2440/118/1736 2445/114/1736 2446/115/1736 2441/119/1736
f 2441/119/1737 2446/115/1737 2447/6/1737 2442/5/1737
f 2436/120/1738 2440/118/1738 2441/119/1738 2437/121/1738
f 2473/85/1739 2429/122/1739 2428/123/1739 2474/86/1739
f 2474/86/1740 2428/123/1740 2427/124/1740 2475/88/1740
f 2400/125/1741 2398/126/1741 2434/127/1741 2513/39/1741
f 2513/39/1742 2434/127/1742 2433/128/1742 2514/40/1742
f 2514/40/1743 2433/128/1743 2432/129/1743 2515/42/1743
f 2515/42/1744 2432/129/1744 2431/130/1744 2516/44/1744
f 2516/44/1745 2431/130/1745 2430/2/1745 2517/1/1745
f 2398/126/1746 2399/131/1746 2435/132/1746 2434/127/1746
f 2432/129/1747 2436/120/1747 2437/121/1747 2431/130/1747
f 2393/133/1748 2394/134/1748 2426/135/1748 2425/136/1748
f 2423/137/1749 2427/138/1749 2428/139/1749 2422/140/1749
f 2422/140/1750 2428/139/1750 2429/141/1750 2421/142/1750
f 2518/143/1751 2519/144/1751 2520/145/1751
f 2521/146/1752 2522/147/1752 2523/148/1752 2524/149/1752
f 2525/150/1753 2526/151/1753 2527/152/1753 2528/153/1753
f 2529/154/1754 2530/155/1754 2531/156/1754 2532/157/1754
f 2533/158/1755 2534/159/1755 2535/160/1755 2536/161/1755
f 2537/162/1756 2538/163/1756 2539/164/1756 2540/165/1756
f 2545/170/1758 2546/171/1758 2547/172/1758 2548/173/1758
f 2553/178/1760 2554/179/1760 2555/180/1760 2556/181/1760
f 2557/182/1761 2558/183/1761 2559/184/1761 2560/185/1761
f 2561/186/1762 2562/187/1762 2563/188/1762 2564/189/1762
f 2565/190/1763 2566/191/1763 2567/192/1763 2568/193/1763
f 2569/194/1764 2570/195/1764 2571/196/1764 2572/197/1764
f 2573/198/1765 2574/199/1765 2575/200/1765 2576/201/1765
f 2529/202/1766 2532/203/1766 2518/204/1766 2520/205/1766 2429/122/1766 2473/85/1766
f 2421/142/1767 2429/141/1767 2520/145/1767 2519/144/1767 2395/206/1767
f 2395/206/1768 2519/144/1768 2518/143/1768 2532/157/1768 2531/156/1768 2405/207/1768
f 2521/146/1769 2524/149/1769 2400/125/1769 2513/39/1769 2508/38/1769
f 2401/37/1770 2408/36/1770 2544/169/1770 2543/168/1770 2523/208/1770 2522/209/1770
f 2524/210/1771 2523/208/1771 2543/168/1771 2542/167/1771 2547/172/1771 2546/171/1771 2400/211/1771
f 2401/53/1772 2522/147/1772 2521/146/1772 2508/38/1772 2503/47/1772
f 2525/150/1773 2528/153/1773 2402/52/1773 2498/54/1773 2493/59/1773
f 2403/212/1774 2539/164/1774 2538/163/1774 2406/213/1774 2527/214/1774 2526/215/1774
f 2528/216/1775 2527/214/1775 2406/213/1775 2407/35/1775 2402/34/1775
f 2403/68/1776 2526/151/1776 2525/150/1776 2493/59/1776 2488/63/1776
f 2405/207/1777 2531/156/1777 2530/155/1777 2536/161/1777 2535/160/1777 2404/217/1777
f 2533/218/1778 2536/219/1778 2530/220/1778 2529/202/1778 2473/85/1778 2468/84/1778
f 2404/217/1779 2535/160/1779 2534/159/1779 2540/165/1779 2539/164/1779 2403/212/1779
f 2537/221/1780 2540/222/1780 2534/223/1780 2533/218/1780 2468/84/1780 2463/93/1780
f 2406/102/1781 2538/224/1781 2537/221/1781 2463/93/1781 2458/97/1781
f 2541/225/1782 2544/226/1782 2408/107/1782 2448/108/1782 2443/112/1782
f 2548/227/1783 2547/228/1783 2542/229/1783 2541/225/1783 2443/112/1783 2438/116/1783
f 2399/131/1784 2545/230/1784 2548/227/1784 2438/116/1784 2435/132/1784
f 2400/211/1785 2546/171/1785 2545/170/1785 2399/131/1785 2398/126/1785
f 2549/231/1786 2552/232/1786 2420/233/1786 2562/187/1786 2561/186/1786 2409/234/1786
f 2482/20/1787 2487/73/1787 2550/175/1787 2549/174/1787 2409/21/1787
f 2410/33/1788 2419/32/1788 2420/233/1788 2552/232/1788 2551/235/1788
f 2487/73/1789 2492/23/1789 2410/26/1789 2551/176/1789 2550/175/1789
f 2553/236/1790 2556/237/1790 2417/238/1790 2418/31/1790 2411/30/1790
f 2497/24/1791 2502/58/1791 2554/179/1791 2553/178/1791 2411/25/1791
f 2412/239/1792 2416/240/1792 2417/238/1792 2556/237/1792 2555/241/1792
f 2502/58/1793 2507/51/1793 2412/242/1793 2555/180/1793 2554/179/1793
f 2557/243/1794 2560/244/1794 2415/245/1794 2416/240/1794 2412/239/1794
f 2507/51/1795 2512/46/1795 2558/183/1795 2557/182/1795 2412/242/1795
f 2413/29/1796 2414/28/1796 2415/245/1796 2560/244/1796 2559/246/1796
f 2512/46/1797 2517/1/1797 2413/4/1797 2559/184/1797 2558/183/1797
f 2477/92/1798 2426/247/1798 2394/248/1798 2564/249/1798 2563/250/1798
f 2409/234/1799 2561/186/1799 2564/189/1799 2394/251/1799 2393/252/1799
f 2472/17/1800 2477/92/1800 2563/250/1800 2562/253/1800 2420/18/1800
f 2425/136/1801 2426/135/1801 2565/190/1801 2568/193/1801 2424/254/1801
f 2476/90/1802 2566/255/1802 2565/256/1802 2426/247/1802 2477/92/1802
f 2424/254/1803 2568/193/1803 2567/192/1803 2427/138/1803 2423/137/1803
f 2475/88/1804 2427/124/1804 2567/257/1804 2566/255/1804 2476/90/1804
f 2434/127/1805 2435/132/1805 2569/194/1805 2572/197/1805 2433/128/1805
f 2435/132/1806 2438/116/1806 2439/117/1806 2570/195/1806 2569/194/1806
f 2433/128/1807 2572/197/1807 2571/196/1807 2436/120/1807 2432/129/1807
f 2571/196/1808 2570/195/1808 2439/117/1808 2440/118/1808 2436/120/1808
f 2576/201/1809 2575/200/1809 2442/5/1809 2414/8/1809 2397/27/1809
f 2431/130/1810 2437/121/1810 2574/199/1810 2573/198/1810 2430/2/1810
f 2430/2/1811 2573/198/1811 2576/201/1811 2397/27/1811 2396/3/1811
f 2437/121/1812 2441/119/1812 2442/5/1812 2575/200/1812 2574/199/1812
f 2701/1/1813 2614/2/1813 2580/3/1813 2597/4/1813
f 2626/5/1814 2631/6/1814 2599/7/1814 2598/8/1814
f 2631/6/1815 2636/9/1815 2600/10/1815 2599/7/1815
f 2636/9/1816 2641/11/1816 2601/12/1816 2600/10/1816
f 2641/11/1817 2646/13/1817 2602/14/1817 2601/12/1817
f 2646/13/1818 2651/15/1818 2603/16/1818 2602/14/1818
f 2651/15/1819 2656/17/1819 2604/18/1819 2603/16/1819
f 2609/19/1820 2666/20/1820 2593/21/1820 2577/22/1820
f 2676/23/1821 2681/24/1821 2595/25/1821 2594/26/1821
f 2580/3/1822 2581/27/1822 2598/28/1822 2597/29/1822
f 2595/30/1823 2602/31/1823 2603/32/1823 2594/33/1823
f 2586/34/1824 2591/35/1824 2592/36/1824 2585/37/1824
f 2692/38/1825 2697/39/1825 2698/40/1825 2693/41/1825
f 2693/41/1826 2698/40/1826 2699/42/1826 2694/43/1826
f 2694/43/1827 2699/42/1827 2700/44/1827 2695/45/1827
f 2695/45/1828 2700/44/1828 2701/1/1828 2696/46/1828
f 2687/47/1829 2692/38/1829 2693/41/1829 2688/48/1829
f 2688/48/1830 2693/41/1830 2694/43/1830 2689/49/1830
f 2689/49/1831 2694/43/1831 2695/45/1831 2690/50/1831
f 2690/50/1832 2695/45/1832 2696/46/1832 2691/51/1832
f 2586/52/1833 2585/53/1833 2687/47/1833 2682/54/1833
f 2682/54/1834 2687/47/1834 2688/48/1834 2683/55/1834
f 2683/55/1835 2688/48/1835 2689/49/1835 2684/56/1835
f 2684/56/1836 2689/49/1836 2690/50/1836 2685/57/1836
f 2685/57/1687 2690/50/1687 2691/51/1687 2686/58/1687
f 2677/59/1837 2682/54/1837 2683/55/1837 2678/60/1837
f 2678/60/1690 2683/55/1690 2684/56/1690 2679/61/1690
f 2679/61/1689 2684/56/1689 2685/57/1689 2680/62/1689
f 2680/62/1838 2685/57/1838 2686/58/1838 2681/24/1838
f 2672/63/1839 2677/59/1839 2678/60/1839 2673/64/1839
f 2673/64/1690 2678/60/1690 2679/61/1690 2674/65/1690
f 2674/65/1689 2679/61/1689 2680/62/1689 2675/66/1689
f 2675/66/1840 2680/62/1840 2681/24/1840 2676/23/1840
f 2588/67/1841 2587/68/1841 2672/63/1841 2667/69/1841
f 2667/69/1842 2672/63/1842 2673/64/1842 2668/70/1842
f 2668/70/1843 2673/64/1843 2674/65/1843 2669/71/1843
f 2669/71/1844 2674/65/1844 2675/66/1844 2670/72/1844
f 2670/72/1845 2675/66/1845 2676/23/1845 2671/73/1845
f 2589/74/1846 2588/67/1846 2667/69/1846 2662/75/1846
f 2662/75/1847 2667/69/1847 2668/70/1847 2663/76/1847
f 2663/76/1848 2668/70/1848 2669/71/1848 2664/77/1848
f 2664/77/1849 2669/71/1849 2670/72/1849 2665/78/1849
f 2665/78/1850 2670/72/1850 2671/73/1850 2666/20/1850
f 2579/79/1851 2589/74/1851 2662/75/1851 2605/80/1851
f 2605/80/1852 2662/75/1852 2663/76/1852 2606/81/1852
f 2606/81/1853 2663/76/1853 2664/77/1853 2607/82/1853
f 2607/82/1854 2664/77/1854 2665/78/1854 2608/83/1854
f 2608/83/1855 2665/78/1855 2666/20/1855 2609/19/1855
f 2652/84/1856 2657/85/1856 2658/86/1856 2653/87/1856
f 2653/87/1857 2658/86/1857 2659/88/1857 2654/89/1857
f 2654/89/1858 2659/88/1858 2660/90/1858 2655/91/1858
f 2655/91/1859 2660/90/1859 2661/92/1859 2656/17/1859
f 2647/93/1860 2652/84/1860 2653/87/1860 2648/94/1860
f 2648/94/1861 2653/87/1861 2654/89/1861 2649/95/1861
f 2649/95/1862 2654/89/1862 2655/91/1862 2650/96/1862
f 2650/96/1863 2655/91/1863 2656/17/1863 2651/15/1863
f 2642/97/1864 2647/93/1864 2648/94/1864 2643/98/1864
f 2643/98/1865 2648/94/1865 2649/95/1865 2644/99/1865
f 2644/99/1866 2649/95/1866 2650/96/1866 2645/100/1866
f 2645/100/1720 2650/96/1720 2651/15/1720 2646/13/1720
f 2591/101/1867 2590/102/1867 2642/97/1867 2637/103/1867
f 2637/103/1868 2642/97/1868 2643/98/1868 2638/104/1868
f 2638/104/1869 2643/98/1869 2644/99/1869 2639/105/1869
f 2639/105/1870 2644/99/1870 2645/100/1870 2640/106/1870
f 2640/106/1720 2645/100/1720 2646/13/1720 2641/11/1720
f 2592/107/1871 2591/101/1871 2637/103/1871 2632/108/1871
f 2632/108/1872 2637/103/1872 2638/104/1872 2633/109/1872
f 2633/109/1873 2638/104/1873 2639/105/1873 2634/110/1873
f 2634/110/1874 2639/105/1874 2640/106/1874 2635/111/1874
f 2635/111/1875 2640/106/1875 2641/11/1875 2636/9/1875
f 2627/112/1876 2632/108/1876 2633/109/1876 2628/113/1876
f 2628/113/1877 2633/109/1877 2634/110/1877 2629/114/1877
f 2629/114/1878 2634/110/1878 2635/111/1878 2630/115/1878
f 2630/115/1879 2635/111/1879 2636/9/1879 2631/6/1879
f 2622/116/1880 2627/112/1880 2628/113/1880 2623/117/1880
f 2623/117/1881 2628/113/1881 2629/114/1881 2624/118/1881
f 2624/118/1882 2629/114/1882 2630/115/1882 2625/119/1882
f 2625/119/1883 2630/115/1883 2631/6/1883 2626/5/1883
f 2620/120/1884 2624/118/1884 2625/119/1884 2621/121/1884
f 2657/85/1885 2613/122/1885 2612/123/1885 2658/86/1885
f 2658/86/1886 2612/123/1886 2611/124/1886 2659/88/1886
f 2584/125/1887 2582/126/1887 2618/127/1887 2697/39/1887
f 2697/39/1888 2618/127/1888 2617/128/1888 2698/40/1888
f 2698/40/1889 2617/128/1889 2616/129/1889 2699/42/1889
f 2699/42/1890 2616/129/1890 2615/130/1890 2700/44/1890
f 2700/44/1891 2615/130/1891 2614/2/1891 2701/1/1891
f 2582/126/1892 2583/131/1892 2619/132/1892 2618/127/1892
f 2616/129/1893 2620/120/1893 2621/121/1893 2615/130/1893
f 2577/133/1894 2578/134/1894 2610/135/1894 2609/136/1894
f 2607/137/1895 2611/138/1895 2612/139/1895 2606/140/1895
f 2606/140/1896 2612/139/1896 2613/141/1896 2605/142/1896
f 2702/143/1897 2703/144/1897 2704/145/1897
f 2705/146/1898 2706/147/1898 2707/148/1898 2708/149/1898
f 2709/150/1899 2710/151/1899 2711/152/1899 2712/153/1899
f 2713/154/1900 2714/155/1900 2715/156/1900 2716/157/1900
f 2717/158/1901 2718/159/1901 2719/160/1901 2720/161/1901
f 2721/162/1902 2722/163/1902 2723/164/1902 2724/165/1902
f 2729/170/1904 2730/171/1904 2731/172/1904 2732/173/1904
f 2737/178/1906 2738/179/1906 2739/180/1906 2740/181/1906
f 2741/182/1907 2742/183/1907 2743/184/1907 2744/185/1907
f 2745/186/1908 2746/187/1908 2747/188/1908 2748/189/1908
f 2749/190/1909 2750/191/1909 2751/192/1909 2752/193/1909
f 2753/194/1910 2754/195/1910 2755/196/1910 2756/197/1910
f 2757/198/1911 2758/199/1911 2759/200/1911 2760/201/1911
f 2713/202/1912 2716/203/1912 2702/204/1912 2704/205/1912 2613/122/1912 2657/85/1912
f 2605/142/1913 2613/141/1913 2704/145/1913 2703/144/1913 2579/206/1913
f 2579/206/1914 2703/144/1914 2702/143/1914 2716/157/1914 2715/156/1914 2589/207/1914
f 2705/146/1915 2708/149/1915 2584/125/1915 2697/39/1915 2692/38/1915
f 2585/37/1916 2592/36/1916 2728/169/1916 2727/168/1916 2707/208/1916 2706/209/1916
f 2708/210/1917 2707/208/1917 2727/168/1917 2726/167/1917 2731/172/1917 2730/171/1917 2584/211/1917
f 2585/53/1918 2706/147/1918 2705/146/1918 2692/38/1918 2687/47/1918
f 2709/150/1919 2712/153/1919 2586/52/1919 2682/54/1919 2677/59/1919
f 2587/212/1920 2723/164/1920 2722/163/1920 2590/213/1920 2711/214/1920 2710/215/1920
f 2712/216/1921 2711/214/1921 2590/213/1921 2591/35/1921 2586/34/1921
f 2587/68/1922 2710/151/1922 2709/150/1922 2677/59/1922 2672/63/1922
f 2589/207/1923 2715/156/1923 2714/155/1923 2720/161/1923 2719/160/1923 2588/217/1923
f 2717/218/1924 2720/219/1924 2714/220/1924 2713/202/1924 2657/85/1924 2652/84/1924
f 2588/217/1925 2719/160/1925 2718/159/1925 2724/165/1925 2723/164/1925 2587/212/1925
f 2721/221/1926 2724/222/1926 2718/223/1926 2717/218/1926 2652/84/1926 2647/93/1926
f 2590/102/1927 2722/224/1927 2721/221/1927 2647/93/1927 2642/97/1927
f 2725/225/1928 2728/226/1928 2592/107/1928 2632/108/1928 2627/112/1928
f 2732/227/1929 2731/228/1929 2726/229/1929 2725/225/1929 2627/112/1929 2622/116/1929
f 2583/131/1930 2729/230/1930 2732/227/1930 2622/116/1930 2619/132/1930
f 2584/211/1931 2730/171/1931 2729/170/1931 2583/131/1931 2582/126/1931
f 2733/231/1932 2736/232/1932 2604/233/1932 2746/187/1932 2745/186/1932 2593/234/1932
f 2666/20/1933 2671/73/1933 2734/175/1933 2733/174/1933 2593/21/1933
f 2594/33/1934 2603/32/1934 2604/233/1934 2736/232/1934 2735/235/1934
f 2671/73/1935 2676/23/1935 2594/26/1935 2735/176/1935 2734/175/1935
f 2737/236/1936 2740/237/1936 2601/238/1936 2602/31/1936 2595/30/1936
f 2681/24/1937 2686/58/1937 2738/179/1937 2737/178/1937 2595/25/1937
f 2596/239/1938 2600/240/1938 2601/238/1938 2740/237/1938 2739/241/1938
f 2686/58/1939 2691/51/1939 2596/242/1939 2739/180/1939 2738/179/1939
f 2741/243/1940 2744/244/1940 2599/245/1940 2600/240/1940 2596/239/1940
f 2691/51/1941 2696/46/1941 2742/183/1941 2741/182/1941 2596/242/1941
f 2597/29/1942 2598/28/1942 2599/245/1942 2744/244/1942 2743/246/1942
f 2696/46/1943 2701/1/1943 2597/4/1943 2743/184/1943 2742/183/1943
f 2661/92/1944 2610/247/1944 2578/248/1944 2748/249/1944 2747/250/1944
f 2593/234/1945 2745/186/1945 2748/189/1945 2578/251/1945 2577/252/1945
f 2656/17/1946 2661/92/1946 2747/250/1946 2746/253/1946 2604/18/1946
f 2609/136/1947 2610/135/1947 2749/190/1947 2752/193/1947 2608/254/1947
f 2660/90/1948 2750/255/1948 2749/256/1948 2610/247/1948 2661/92/1948
f 2608/254/1949 2752/193/1949 2751/192/1949 2611/138/1949 2607/137/1949
f 2659/88/1950 2611/124/1950 2751/257/1950 2750/255/1950 2660/90/1950
f 2618/127/1951 2619/132/1951 2753/194/1951 2756/197/1951 2617/128/1951
f 2619/132/1952 2622/116/1952 2623/117/1952 2754/195/1952 2753/194/1952
f 2617/128/1953 2756/197/1953 2755/196/1953 2620/120/1953 2616/129/1953
f 2755/196/1954 2754/195/1954 2623/117/1954 2624/118/1954 2620/120/1954
f 2760/201/1955 2759/200/1955 2626/5/1955 2598/8/1955 2581/27/1955
f 2615/130/1956 2621/121/1956 2758/199/1956 2757/198/1956 2614/2/1956
f 2614/2/1957 2757/198/1957 2760/201/1957 2581/27/1957 2580/3/1957
f 2621/121/1958 2625/119/1958 2626/5/1958 2759/200/1958 2758/199/1958
f 2885/1/1959 2798/2/1959 2764/3/1959 2781/4/1959
f 2810/5/1960 2815/6/1960 2783/7/1960 2782/8/1960
f 2815/6/1961 2820/9/1961 2784/10/1961 2783/7/1961
f 2820/9/1962 2825/11/1962 2785/12/1962 2784/10/1962
f 2825/11/1963 2830/13/1963 2786/14/1963 2785/12/1963
f 2830/13/1964 2835/15/1964 2787/16/1964 2786/14/1964
f 2835/15/1965 2840/17/1965 2788/18/1965 2787/16/1965
f 2793/19/1966 2850/20/1966 2777/21/1966 2761/22/1966
f 2860/23/1967 2865/24/1967 2779/25/1967 2778/26/1967
f 2764/3/1968 2765/27/1968 2782/28/1968 2781/29/1968
f 2779/30/1969 2786/31/1969 2787/32/1969 2778/33/1969
f 2770/34/1970 2775/35/1970 2776/36/1970 2769/37/1970
f 2876/38/1971 2881/39/1971 2882/40/1971 2877/41/1971
f 2877/41/1972 2882/40/1972 2883/42/1972 2878/43/1972
f 2878/43/1973 2883/42/1973 2884/44/1973 2879/45/1973
f 2879/45/1974 2884/44/1974 2885/1/1974 2880/46/1974
f 2871/47/1975 2876/38/1975 2877/41/1975 2872/48/1975
f 2872/48/1976 2877/41/1976 2878/43/1976 2873/49/1976
f 2873/49/1977 2878/43/1977 2879/45/1977 2874/50/1977
f 2874/50/1978 2879/45/1978 2880/46/1978 2875/51/1978
f 2770/52/1979 2769/53/1979 2871/47/1979 2866/54/1979
f 2866/54/1980 2871/47/1980 2872/48/1980 2867/55/1980
f 2867/55/1981 2872/48/1981 2873/49/1981 2868/56/1981
f 2868/56/1982 2873/49/1982 2874/50/1982 2869/57/1982
f 2869/57/1983 2874/50/1983 2875/51/1983 2870/58/1983
f 2861/59/1984 2866/54/1984 2867/55/1984 2862/60/1984
f 2862/60/1985 2867/55/1985 2868/56/1985 2863/61/1985
f 2863/61/1983 2868/56/1983 2869/57/1983 2864/62/1983
f 2864/62/1986 2869/57/1986 2870/58/1986 2865/24/1986
f 2856/63/1987 2861/59/1987 2862/60/1987 2857/64/1987
f 2857/64/1988 2862/60/1988 2863/61/1988 2858/65/1988
f 2858/65/1989 2863/61/1989 2864/62/1989 2859/66/1989
f 2859/66/1990 2864/62/1990 2865/24/1990 2860/23/1990
f 2772/67/1991 2771/68/1991 2856/63/1991 2851/69/1991
f 2851/69/1992 2856/63/1992 2857/64/1992 2852/70/1992
f 2852/70/1993 2857/64/1993 2858/65/1993 2853/71/1993
f 2853/71/1994 2858/65/1994 2859/66/1994 2854/72/1994
f 2854/72/1995 2859/66/1995 2860/23/1995 2855/73/1995
f 2773/74/1996 2772/67/1996 2851/69/1996 2846/75/1996
f 2846/75/1997 2851/69/1997 2852/70/1997 2847/76/1997
f 2847/76/1998 2852/70/1998 2853/71/1998 2848/77/1998
f 2848/77/1999 2853/71/1999 2854/72/1999 2849/78/1999
f 2849/78/2000 2854/72/2000 2855/73/2000 2850/20/2000
f 2763/79/2001 2773/74/2001 2846/75/2001 2789/80/2001
f 2789/80/2002 2846/75/2002 2847/76/2002 2790/81/2002
f 2790/81/2003 2847/76/2003 2848/77/2003 2791/82/2003
f 2791/82/2004 2848/77/2004 2849/78/2004 2792/83/2004
f 2792/83/2005 2849/78/2005 2850/20/2005 2793/19/2005
f 2836/84/2006 2841/85/2006 2842/86/2006 2837/87/2006
f 2837/87/2007 2842/86/2007 2843/88/2007 2838/89/2007
f 2838/89/2008 2843/88/2008 2844/90/2008 2839/91/2008
f 2839/91/2009 2844/90/2009 2845/92/2009 2840/17/2009
f 2831/93/2010 2836/84/2010 2837/87/2010 2832/94/2010
f 2832/94/2011 2837/87/2011 2838/89/2011 2833/95/2011
f 2833/95/2012 2838/89/2012 2839/91/2012 2834/96/2012
f 2834/96/2013 2839/91/2013 2840/17/2013 2835/15/2013
f 2826/97/2014 2831/93/2014 2832/94/2014 2827/98/2014
f 2827/98/2015 2832/94/2015 2833/95/2015 2828/99/2015
f 2828/99/2016 2833/95/2016 2834/96/2016 2829/100/2016
f 2829/100/2017 2834/96/2017 2835/15/2017 2830/13/2017
f 2775/101/2018 2774/102/2018 2826/97/2018 2821/103/2018
f 2821/103/2019 2826/97/2019 2827/98/2019 2822/104/2019
f 2822/104/2020 2827/98/2020 2828/99/2020 2823/105/2020
f 2823/105/2021 2828/99/2021 2829/100/2021 2824/106/2021
f 2824/106/2017 2829/100/2017 2830/13/2017 2825/11/2017
f 2776/107/2022 2775/101/2022 2821/103/2022 2816/108/2022
f 2816/108/2023 2821/103/2023 2822/104/2023 2817/109/2023
f 2817/109/2024 2822/104/2024 2823/105/2024 2818/110/2024
f 2818/110/2025 2823/105/2025 2824/106/2025 2819/111/2025
f 2819/111/2026 2824/106/2026 2825/11/2026 2820/9/2026
f 2811/112/2027 2816/108/2027 2817/109/2027 2812/113/2027
f 2812/113/2028 2817/109/2028 2818/110/2028 2813/114/2028
f 2813/114/2029 2818/110/2029 2819/111/2029 2814/115/2029
f 2814/115/2030 2819/111/2030 2820/9/2030 2815/6/2030
f 2806/116/2031 2811/112/2031 2812/113/2031 2807/117/2031
f 2807/117/2032 2812/113/2032 2813/114/2032 2808/118/2032
f 2808/118/2033 2813/114/2033 2814/115/2033 2809/119/2033
f 2809/119/2034 2814/115/2034 2815/6/2034 2810/5/2034
f 2804/120/2035 2808/118/2035 2809/119/2035 2805/121/2035
f 2841/85/2036 2797/122/2036 2796/123/2036 2842/86/2036
f 2842/86/2037 2796/123/2037 2795/124/2037 2843/88/2037
f 2768/125/2038 2766/126/2038 2802/127/2038 2881/39/2038
f 2881/39/2039 2802/127/2039 2801/128/2039 2882/40/2039
f 2882/40/2040 2801/128/2040 2800/129/2040 2883/42/2040
f 2883/42/2041 2800/129/2041 2799/130/2041 2884/44/2041
f 2884/44/2042 2799/130/2042 2798/2/2042 2885/1/2042
f 2766/126/2043 2767/131/2043 2803/132/2043 2802/127/2043
f 2800/129/2044 2804/120/2044 2805/121/2044 2799/130/2044
f 2761/133/2045 2762/134/2045 2794/135/2045 2793/136/2045
f 2791/137/2046 2795/138/2046 2796/139/2046 2790/140/2046
f 2790/140/2047 2796/139/2047 2797/141/2047 2789/142/2047
f 2886/143/2048 2887/144/2048 2888/145/2048
f 2889/146/2049 2890/147/2049 2891/148/2049 2892/149/2049
f 2893/150/2050 2894/151/2050 2895/152/2050 2896/153/2050
f 2897/154/2051 2898/155/2051 2899/156/2051 2900/157/2051
f 2901/158/2052 2902/159/2052 2903/160/2052 2904/161/2052
f 2905/162/2053 2906/163/2053 2907/164/2053 2908/165/2053
f 2913/170/2055 2914/171/2055 2915/172/2055 2916/173/2055
f 2921/178/2057 2922/179/2057 2923/180/2057 2924/181/2057
f 2925/182/2058 2926/183/2058 2927/184/2058 2928/185/2058
f 2929/186/2059 2930/187/2059 2931/188/2059 2932/189/2059
f 2933/190/2060 2934/191/2060 2935/192/2060 2936/193/2060
f 2937/194/2061 2938/195/2061 2939/196/2061 2940/197/2061
f 2941/198/2062 2942/199/2062 2943/200/2062 2944/201/2062
f 2897/202/2063 2900/203/2063 2886/204/2063 2888/205/2063 2797/122/2063 2841/85/2063
f 2789/142/2064 2797/141/2064 2888/145/2064 2887/144/2064 2763/206/2064
f 2763/206/2065 2887/144/2065 2886/143/2065 2900/157/2065 2899/156/2065 2773/207/2065
f 2889/146/2066 2892/149/2066 2768/125/2066 2881/39/2066 2876/38/2066
f 2769/37/2067 2776/36/2067 2912/169/2067 2911/168/2067 2891/208/2067 2890/209/2067
f 2892/210/2068 2891/208/2068 2911/168/2068 2910/167/2068 2915/172/2068 2914/171/2068 2768/211/2068
f 2769/53/2069 2890/147/2069 2889/146/2069 2876/38/2069 2871/47/2069
f 2893/150/2070 2896/153/2070 2770/52/2070 2866/54/2070 2861/59/2070
f 2771/212/2071 2907/164/2071 2906/163/2071 2774/213/2071 2895/214/2071 2894/215/2071
f 2896/216/2072 2895/214/2072 2774/213/2072 2775/35/2072 2770/34/2072
f 2771/68/2073 2894/151/2073 2893/150/2073 2861/59/2073 2856/63/2073
f 2773/207/2074 2899/156/2074 2898/155/2074 2904/161/2074 2903/160/2074 2772/217/2074
f 2901/218/2075 2904/219/2075 2898/220/2075 2897/202/2075 2841/85/2075 2836/84/2075
f 2772/217/2076 2903/160/2076 2902/159/2076 2908/165/2076 2907/164/2076 2771/212/2076
f 2905/221/2077 2908/222/2077 2902/223/2077 2901/218/2077 2836/84/2077 2831/93/2077
f 2774/102/2078 2906/224/2078 2905/221/2078 2831/93/2078 2826/97/2078
f 2909/225/2079 2912/226/2079 2776/107/2079 2816/108/2079 2811/112/2079
f 2916/227/2080 2915/228/2080 2910/229/2080 2909/225/2080 2811/112/2080 2806/116/2080
f 2767/131/2081 2913/230/2081 2916/227/2081 2806/116/2081 2803/132/2081
f 2768/211/2082 2914/171/2082 2913/170/2082 2767/131/2082 2766/126/2082
f 2917/231/2083 2920/232/2083 2788/233/2083 2930/187/2083 2929/186/2083 2777/234/2083
f 2850/20/2084 2855/73/2084 2918/175/2084 2917/174/2084 2777/21/2084
f 2778/33/2085 2787/32/2085 2788/233/2085 2920/232/2085 2919/235/2085
f 2855/73/2086 2860/23/2086 2778/26/2086 2919/176/2086 2918/175/2086
f 2921/236/2087 2924/237/2087 2785/238/2087 2786/31/2087 2779/30/2087
f 2865/24/2088 2870/58/2088 2922/179/2088 2921/178/2088 2779/25/2088
f 2780/239/2089 2784/240/2089 2785/238/2089 2924/237/2089 2923/241/2089
f 2870/58/2090 2875/51/2090 2780/242/2090 2923/180/2090 2922/179/2090
f 2925/243/2091 2928/244/2091 2783/245/2091 2784/240/2091 2780/239/2091
f 2875/51/2092 2880/46/2092 2926/183/2092 2925/182/2092 2780/242/2092
f 2781/29/2093 2782/28/2093 2783/245/2093 2928/244/2093 2927/246/2093
f 2880/46/2094 2885/1/2094 2781/4/2094 2927/184/2094 2926/183/2094
f 2845/92/2095 2794/247/2095 2762/248/2095 2932/249/2095 2931/250/2095
f 2777/234/2096 2929/186/2096 2932/189/2096 2762/251/2096 2761/252/2096
f 2840/17/2097 2845/92/2097 2931/250/2097 2930/253/2097 2788/18/2097
f 2793/136/2098 2794/135/2098 2933/190/2098 2936/193/2098 2792/254/2098
f 2844/90/2099 2934/255/2099 2933/256/2099 2794/247/2099 2845/92/2099
f 2792/254/2100 2936/193/2100 2935/192/2100 2795/138/2100 2791/137/2100
f 2843/88/2101 2795/124/2101 2935/257/2101 2934/255/2101 2844/90/2101
f 2802/127/2102 2803/132/2102 2937/194/2102 2940/197/2102 2801/128/2102
f 2803/132/2103 2806/116/2103 2807/117/2103 2938/195/2103 2937/194/2103
f 2801/128/2104 2940/197/2104 2939/196/2104 2804/120/2104 2800/129/2104
f 2939/196/2105 2938/195/2105 2807/117/2105 2808/118/2105 2804/120/2105
f 2944/201/2106 2943/200/2106 2810/5/2106 2782/8/2106 2765/27/2106
f 2799/130/2107 2805/121/2107 2942/199/2107 2941/198/2107 2798/2/2107
f 2798/2/2108 2941/198/2108 2944/201/2108 2765/27/2108 2764/3/2108
f 2805/121/2109 2809/119/2109 2810/5/2109 2943/200/2109 2942/199/2109
f 3069/1/2110 2982/2/2110 2948/3/2110 2965/4/2110
f 2994/5/2111 2999/6/2111 2967/7/2111 2966/8/2111
f 2999/6/2112 3004/9/2112 2968/10/2112 2967/7/2112
f 3004/9/2113 3009/11/2113 2969/12/2113 2968/10/2113
f 3009/11/2114 3014/13/2114 2970/14/2114 2969/12/2114
f 3014/13/2115 3019/15/2115 2971/16/2115 2970/14/2115
f 3019/15/2116 3024/17/2116 2972/18/2116 2971/16/2116
f 2977/19/2117 3034/20/2117 2961/21/2117 2945/22/2117
f 3044/23/2118 3049/24/2118 2963/25/2118 2962/26/2118
f 2948/3/2119 2949/27/2119 2966/28/2119 2965/29/2119
f 2963/30/2120 2970/31/2120 2971/32/2120 2962/33/2120
f 2954/34/2121 2959/35/2121 2960/36/2121 2953/37/2121
f 3060/38/2122 3065/39/2122 3066/40/2122 3061/41/2122
f 3061/41/2123 3066/40/2123 3067/42/2123 3062/43/2123
f 3062/43/2124 3067/42/2124 3068/44/2124 3063/45/2124
f 3063/45/2125 3068/44/2125 3069/1/2125 3064/46/2125
f 3055/47/2126 3060/38/2126 3061/41/2126 3056/48/2126
f 3056/48/2127 3061/41/2127 3062/43/2127 3057/49/2127
f 3057/49/2128 3062/43/2128 3063/45/2128 3058/50/2128
f 3058/50/2129 3063/45/2129 3064/46/2129 3059/51/2129
f 2954/52/2130 2953/53/2130 3055/47/2130 3050/54/2130
f 3050/54/2131 3055/47/2131 3056/48/2131 3051/55/2131
f 3051/55/2132 3056/48/2132 3057/49/2132 3052/56/2132
f 3052/56/2133 3057/49/2133 3058/50/2133 3053/57/2133
f 3053/57/2134 3058/50/2134 3059/51/2134 3054/58/2134
f 3045/59/2135 3050/54/2135 3051/55/2135 3046/60/2135
f 3046/60/2136 3051/55/2136 3052/56/2136 3047/61/2136
f 3047/61/2137 3052/56/2137 3053/57/2137 3048/62/2137
f 3048/62/2138 3053/57/2138 3054/58/2138 3049/24/2138
f 3040/63/2129 3045/59/2129 3046/60/2129 3041/64/2129
f 3041/64/2134 3046/60/2134 3047/61/2134 3042/65/2134
f 3042/65/2139 3047/61/2139 3048/62/2139 3043/66/2139
f 3043/66/2140 3048/62/2140 3049/24/2140 3044/23/2140
f 2956/67/2141 2955/68/2141 3040/63/2141 3035/69/2141
f 3035/69/2142 3040/63/2142 3041/64/2142 3036/70/2142
f 3036/70/2143 3041/64/2143 3042/65/2143 3037/71/2143
f 3037/71/2144 3042/65/2144 3043/66/2144 3038/72/2144
f 3038/72/2145 3043/66/2145 3044/23/2145 3039/73/2145
f 2957/74/2146 2956/67/2146 3035/69/2146 3030/75/2146
f 3030/75/2147 3035/69/2147 3036/70/2147 3031/76/2147
f 3031/76/2148 3036/70/2148 3037/71/2148 3032/77/2148
f 3032/77/2149 3037/71/2149 3038/72/2149 3033/78/2149
f 3033/78/2150 3038/72/2150 3039/73/2150 3034/20/2150
f 2947/79/2151 2957/74/2151 3030/75/2151 2973/80/2151
f 2973/80/2152 3030/75/2152 3031/76/2152 2974/81/2152
f 2974/81/2153 3031/76/2153 3032/77/2153 2975/82/2153
f 2975/82/2154 3032/77/2154 3033/78/2154 2976/83/2154
f 2976/83/2155 3033/78/2155 3034/20/2155 2977/19/2155
f 3020/84/2156 3025/85/2156 3026/86/2156 3021/87/2156
f 3021/87/2157 3026/86/2157 3027/88/2157 3022/89/2157
f 3022/89/2158 3027/88/2158 3028/90/2158 3023/91/2158
f 3023/91/2159 3028/90/2159 3029/92/2159 3024/17/2159
f 3015/93/2160 3020/84/2160 3021/87/2160 3016/94/2160
f 3016/94/2161 3021/87/2161 3022/89/2161 3017/95/2161
f 3017/95/2162 3022/89/2162 3023/91/2162 3018/96/2162
f 3018/96/2163 3023/91/2163 3024/17/2163 3019/15/2163
f 3010/97/2164 3015/93/2164 3016/94/2164 3011/98/2164
f 3011/98/2165 3016/94/2165 3017/95/2165 3012/99/2165
f 3012/99/2166 3017/95/2166 3018/96/2166 3013/100/2166
f 3013/100/2167 3018/96/2167 3019/15/2167 3014/13/2167
f 2959/101/2168 2958/102/2168 3010/97/2168 3005/103/2168
f 3005/103/2169 3010/97/2169 3011/98/2169 3006/104/2169
f 3006/104/2170 3011/98/2170 3012/99/2170 3007/105/2170
f 3007/105/2171 3012/99/2171 3013/100/2171 3008/106/2171
f 3008/106/2167 3013/100/2167 3014/13/2167 3009/11/2167
f 2960/107/2172 2959/101/2172 3005/103/2172 3000/108/2172
f 3000/108/2173 3005/103/2173 3006/104/2173 3001/109/2173
f 3001/109/2174 3006/104/2174 3007/105/2174 3002/110/2174
f 3002/110/2175 3007/105/2175 3008/106/2175 3003/111/2175
f 3003/111/2176 3008/106/2176 3009/11/2176 3004/9/2176
f 2995/112/2177 3000/108/2177 3001/109/2177 2996/113/2177
f 2996/113/2178 3001/109/2178 3002/110/2178 2997/114/2178
f 2997/114/2179 3002/110/2179 3003/111/2179 2998/115/2179
f 2998/115/2180 3003/111/2180 3004/9/2180 2999/6/2180
f 2990/116/2181 2995/112/2181 2996/113/2181 2991/117/2181
f 2991/117/2182 2996/113/2182 2997/114/2182 2992/118/2182
f 2992/118/2183 2997/114/2183 2998/115/2183 2993/119/2183
f 2993/119/2184 2998/115/2184 2999/6/2184 2994/5/2184
f 2988/120/2185 2992/118/2185 2993/119/2185 2989/121/2185
f 3025/85/2186 2981/122/2186 2980/123/2186 3026/86/2186
f 3026/86/2187 2980/123/2187 2979/124/2187 3027/88/2187
f 2952/125/2188 2950/126/2188 2986/127/2188 3065/39/2188
f 3065/39/2189 2986/127/2189 2985/128/2189 3066/40/2189
f 3066/40/2190 2985/128/2190 2984/129/2190 3067/42/2190
f 3067/42/2191 2984/129/2191 2983/130/2191 3068/44/2191
f 3068/44/2192 2983/130/2192 2982/2/2192 3069/1/2192
f 2950/126/2193 2951/131/2193 2987/132/2193 2986/127/2193
f 2984/129/2194 2988/120/2194 2989/121/2194 2983/130/2194
f 2945/133/2195 2946/134/2195 2978/135/2195 2977/136/2195
f 2975/137/2196 2979/138/2196 2980/139/2196 2974/140/2196
f 2974/140/2197 2980/139/2197 2981/141/2197 2973/142/2197
f 3070/143/2198 3071/144/2198 3072/145/2198
f 3073/146/2199 3074/147/2199 3075/148/2199 3076/149/2199
f 3077/150/2200 3078/151/2200 3079/152/2200 3080/153/2200
f 3081/154/2201 3082/155/2201 3083/156/2201 3084/157/2201
f 3085/158/2202 3086/159/2202 3087/160/2202 3088/161/2202
f 3089/162/2203 3090/163/2203 3091/164/2203 3092/165/2203
f 3097/170/2205 3098/171/2205 3099/172/2205 3100/173/2205
f 3105/178/2207 3106/179/2207 3107/180/2207 3108/181/2207
f 3109/182/2208 3110/183/2208 3111/184/2208 3112/185/2208
f 3113/186/2209 3114/187/2209 3115/188/2209 3116/189/2209
f 3117/190/2210 3118/191/2210 3119/192/2210 3120/193/2210
f 3121/194/2211 3122/195/2211 3123/196/2211 3124/197/2211
f 3125/198/2212 3126/199/2212 3127/200/2212 3128/201/2212
f 3081/202/2213 3084/203/2213 3070/204/2213 3072/205/2213 2981/122/2213 3025/85/2213
f 2973/142/2214 2981/141/2214 3072/145/2214 3071/144/2214 2947/206/2214
f 2947/206/2215 3071/144/2215 3070/143/2215 3084/157/2215 3083/156/2215 2957/207/2215
f 3073/146/2216 3076/149/2216 2952/125/2216 3065/39/2216 3060/38/2216
f 2953/37/2217 2960/36/2217 3096/169/2217 3095/168/2217 3075/208/2217 3074/209/2217
f 3076/210/2218 3075/208/2218 3095/168/2218 3094/167/2218 3099/172/2218 3098/171/2218 2952/211/2218
f 2953/53/2219 3074/147/2219 3073/146/2219 3060/38/2219 3055/47/2219
f 3077/150/2220 3080/153/2220 2954/52/2220 3050/54/2220 3045/59/2220
f 2955/212/2221 3091/164/2221 3090/163/2221 2958/213/2221 3079/214/2221 3078/215/2221
f 3080/216/2222 3079/214/2222 2958/213/2222 2959/35/2222 2954/34/2222
f 2955/68/2223 3078/151/2223 3077/150/2223 3045/59/2223 3040/63/2223
f 2957/207/2224 3083/156/2224 3082/155/2224 3088/161/2224 3087/160/2224 2956/217/2224
f 3085/218/2225 3088/219/2225 3082/220/2225 3081/202/2225 3025/85/2225 3020/84/2225
f 2956/217/2226 3087/160/2226 3086/159/2226 3092/165/2226 3091/164/2226 2955/212/2226
f 3089/221/2227 3092/222/2227 3086/223/2227 3085/218/2227 3020/84/2227 3015/93/2227
f 2958/102/2228 3090/224/2228 3089/221/2228 3015/93/2228 3010/97/2228
f 3093/225/2229 3096/226/2229 2960/107/2229 3000/108/2229 2995/112/2229
f 3100/227/2230 3099/228/2230 3094/229/2230 3093/225/2230 2995/112/2230 2990/116/2230
f 2951/131/2231 3097/230/2231 3100/227/2231 2990/116/2231 2987/132/2231
f 2952/211/2232 3098/171/2232 3097/170/2232 2951/131/2232 2950/126/2232
f 3101/231/2233 3104/232/2233 2972/233/2233 3114/187/2233 3113/186/2233 2961/234/2233
f 3034/20/2234 3039/73/2234 3102/175/2234 3101/174/2234 2961/21/2234
f 2962/33/2235 2971/32/2235 2972/233/2235 3104/232/2235 3103/235/2235
f 3039/73/2236 3044/23/2236 2962/26/2236 3103/176/2236 3102/175/2236
f 3105/236/2237 3108/237/2237 2969/238/2237 2970/31/2237 2963/30/2237
f 3049/24/2238 3054/58/2238 3106/179/2238 3105/178/2238 2963/25/2238
f 2964/239/2239 2968/240/2239 2969/238/2239 3108/237/2239 3107/241/2239
f 3054/58/2240 3059/51/2240 2964/242/2240 3107/180/2240 3106/179/2240
f 3109/243/2241 3112/244/2241 2967/245/2241 2968/240/2241 2964/239/2241
f 3059/51/2242 3064/46/2242 3110/183/2242 3109/182/2242 2964/242/2242
f 2965/29/2243 2966/28/2243 2967/245/2243 3112/244/2243 3111/246/2243
f 3064/46/2244 3069/1/2244 2965/4/2244 3111/184/2244 3110/183/2244
f 3029/92/2245 2978/247/2245 2946/248/2245 3116/249/2245 3115/250/2245
f 2961/234/2246 3113/186/2246 3116/189/2246 2946/251/2246 2945/252/2246
f 3024/17/2247 3029/92/2247 3115/250/2247 3114/253/2247 2972/18/2247
f 2977/136/2248 2978/135/2248 3117/190/2248 3120/193/2248 2976/254/2248
f 3028/90/2249 3118/255/2249 3117/256/2249 2978/247/2249 3029/92/2249
f 2976/254/2250 3120/193/2250 3119/192/2250 2979/138/2250 2975/137/2250
f 3027/88/2251 2979/124/2251 3119/257/2251 3118/255/2251 3028/90/2251
f 2986/127/2252 2987/132/2252 3121/194/2252 3124/197/2252 2985/128/2252
f 2987/132/2253 2990/116/2253 2991/117/2253 3122/195/2253 3121/194/2253
f 2985/128/2254 3124/197/2254 3123/196/2254 2988/120/2254 2984/129/2254
f 3123/196/2255 3122/195/2255 2991/117/2255 2992/118/2255 2988/120/2255
f 3128/201/2256 3127/200/2256 2994/5/2256 2966/8/2256 2949/27/2256
f 2983/130/2257 2989/121/2257 3126/199/2257 3125/198/2257 2982/2/2257
f 2982/2/2258 3125/198/2258 3128/201/2258 2949/27/2258 2948/3/2258
f 2989/121/2259 2993/119/2259 2994/5/2259 3127/200/2259 3126/199/2259
f 3253/1/2260 3166/2/2260 3132/3/2260 3149/4/2260
f 3178/5/2261 3183/6/2261 3151/7/2261 3150/8/2261
f 3183/6/2262 3188/9/2262 3152/10/2262 3151/7/2262
f 3188/9/2263 3193/11/2263 3153/12/2263 3152/10/2263
f 3193/11/2264 3198/13/2264 3154/14/2264 3153/12/2264
f 3198/13/2265 3203/15/2265 3155/16/2265 3154/14/2265
f 3203/15/2266 3208/17/2266 3156/18/2266 3155/16/2266
f 3161/19/2267 3218/20/2267 3145/21/2267 3129/22/2267
f 3228/23/2268 3233/24/2268 3147/25/2268 3146/26/2268
f 3132/3/2269 3133/27/2269 3150/28/2269 3149/29/2269
f 3147/30/2270 3154/31/2270 3155/32/2270 3146/33/2270
f 3138/34/2271 3143/35/2271 3144/36/2271 3137/37/2271
f 3244/38/2272 3249/39/2272 3250/40/2272 3245/41/2272
f 3245/41/2273 3250/40/2273 3251/42/2273 3246/43/2273
f 3246/43/2274 3251/42/2274 3252/44/2274 3247/45/2274
f 3247/45/2275 3252/44/2275 3253/1/2275 3248/46/2275
f 3239/47/1679 3244/38/1679 3245/41/1679 3240/48/1679
f 3240/48/2276 3245/41/2276 3246/43/2276 3241/49/2276
f 3241/49/2277 3246/43/2277 3247/45/2277 3242/50/2277
f 3242/50/1682 3247/45/1682 3248/46/1682 3243/51/1682
f 3138/52/2278 3137/53/2278 3239/47/2278 3234/54/2278
f 3234/54/2279 3239/47/2279 3240/48/2279 3235/55/2279
f 3235/55/1685 3240/48/1685 3241/49/1685 3236/56/1685
f 3236/56/1686 3241/49/1686 3242/50/1686 3237/57/1686
f 3237/57/1687 3242/50/1687 3243/51/1687 3238/58/1687
f 3229/59/2280 3234/54/2280 3235/55/2280 3230/60/2280
f 3230/60/1689 3235/55/1689 3236/56/1689 3231/61/1689
f 3231/61/1690 3236/56/1690 3237/57/1690 3232/62/1690
f 3232/62/1691 3237/57/1691 3238/58/1691 3233/24/1691
f 3224/63/1692 3229/59/1692 3230/60/1692 3225/64/1692
f 3225/64/1689 3230/60/1689 3231/61/1689 3226/65/1689
f 3226/65/1690 3231/61/1690 3232/62/1690 3227/66/1690
f 3227/66/1693 3232/62/1693 3233/24/1693 3228/23/1693
f 3140/67/2281 3139/68/2281 3224/63/2281 3219/69/2281
f 3219/69/2282 3224/63/2282 3225/64/2282 3220/70/2282
f 3220/70/1696 3225/64/1696 3226/65/1696 3221/71/1696
f 3221/71/2283 3226/65/2283 3227/66/2283 3222/72/2283
f 3222/72/2284 3227/66/2284 3228/23/2284 3223/73/2284
f 3141/74/2285 3140/67/2285 3219/69/2285 3214/75/2285
f 3214/75/2286 3219/69/2286 3220/70/2286 3215/76/2286
f 3215/76/1701 3220/70/1701 3221/71/1701 3216/77/1701
f 3216/77/2287 3221/71/2287 3222/72/2287 3217/78/2287
f 3217/78/2288 3222/72/2288 3223/73/2288 3218/20/2288
f 3131/79/2289 3141/74/2289 3214/75/2289 3157/80/2289
f 3157/80/2290 3214/75/2290 3215/76/2290 3158/81/2290
f 3158/81/2291 3215/76/2291 3216/77/2291 3159/82/2291
f 3159/82/2292 3216/77/2292 3217/78/2292 3160/83/2292
f 3160/83/2293 3217/78/2293 3218/20/2293 3161/19/2293
f 3204/84/1709 3209/85/1709 3210/86/1709 3205/87/1709
f 3205/87/2294 3210/86/2294 3211/88/2294 3206/89/2294
f 3206/89/1711 3211/88/1711 3212/90/1711 3207/91/1711
f 3207/91/2295 3212/90/2295 3213/92/2295 3208/17/2295
f 3199/93/2296 3204/84/2296 3205/87/2296 3200/94/2296
f 3200/94/2297 3205/87/2297 3206/89/2297 3201/95/2297
f 3201/95/2298 3206/89/2298 3207/91/2298 3202/96/2298
f 3202/96/2299 3207/91/2299 3208/17/2299 3203/15/2299
f 3194/97/2300 3199/93/2300 3200/94/2300 3195/98/2300
f 3195/98/2301 3200/94/2301 3201/95/2301 3196/99/2301
f 3196/99/2302 3201/95/2302 3202/96/2302 3197/100/2302
f 3197/100/1720 3202/96/1720 3203/15/1720 3198/13/1720
f 3143/101/2303 3142/102/2303 3194/97/2303 3189/103/2303
f 3189/103/1722 3194/97/1722 3195/98/1722 3190/104/1722
f 3190/104/2304 3195/98/2304 3196/99/2304 3191/105/2304
f 3191/105/2305 3196/99/2305 3197/100/2305 3192/106/2305
f 3192/106/1720 3197/100/1720 3198/13/1720 3193/11/1720
f 3144/107/2306 3143/101/2306 3189/103/2306 3184/108/2306
f 3184/108/2307 3189/103/2307 3190/104/2307 3185/109/2307
f 3185/109/2308 3190/104/2308 3191/105/2308 3186/110/2308
f 3186/110/2309 3191/105/2309 3192/106/2309 3187/111/2309
f 3187/111/1729 3192/106/1729 3193/11/1729 3188/9/1729
f 3179/112/2310 3184/108/2310 3185/109/2310 3180/113/2310
f 3180/113/2311 3185/109/2311 3186/110/2311 3181/114/2311
f 3181/114/2312 3186/110/2312 3187/111/2312 3182/115/2312
f 3182/115/1733 3187/111/1733 3188/9/1733 3183/6/1733
f 3174/116/2313 3179/112/2313 3180/113/2313 3175/117/2313
f 3175/117/2314 3180/113/2314 3181/114/2314 3176/118/2314
f 3176/118/2315 3181/114/2315 3182/115/2315 3177/119/2315
f 3177/119/1737 3182/115/1737 3183/6/1737 3178/5/1737
f 3172/120/1738 3176/118/1738 3177/119/1738 3173/121/1738
f 3209/85/2316 3165/122/2316 3164/123/2316 3210/86/2316
f 3210/86/2317 3164/123/2317 3163/124/2317 3211/88/2317
f 3136/125/2318 3134/126/2318 3170/127/2318 3249/39/2318
f 3249/39/2319 3170/127/2319 3169/128/2319 3250/40/2319
f 3250/40/2320 3169/128/2320 3168/129/2320 3251/42/2320
f 3251/42/2321 3168/129/2321 3167/130/2321 3252/44/2321
f 3252/44/2322 3167/130/2322 3166/2/2322 3253/1/2322
f 3134/126/2323 3135/131/2323 3171/132/2323 3170/127/2323
f 3168/129/2324 3172/120/2324 3173/121/2324 3167/130/2324
f 3129/133/2325 3130/134/2325 3162/135/2325 3161/136/2325
f 3159/137/2326 3163/138/2326 3164/139/2326 3158/140/2326
f 3158/140/2327 3164/139/2327 3165/141/2327 3157/142/2327
f 3254/143/2328 3255/144/2328 3256/145/2328
f 3257/146/2329 3258/147/2329 3259/148/2329 3260/149/2329
f 3261/150/2330 3262/151/2330 3263/152/2330 3264/153/2330
f 3265/154/2331 3266/155/2331 3267/156/2331 3268/157/2331
f 3269/158/2332 3270/159/2332 3271/160/2332 3272/161/2332
f 3273/162/2333 3274/163/2333 3275/164/2333 3276/165/2333
f 3281/170/2335 3282/171/2335 3283/172/2335 3284/173/2335
f 3289/178/2337 3290/179/2337 3291/180/2337 3292/181/2337
f 3293/182/2338 3294/183/2338 3295/184/2338 3296/185/2338
f 3297/186/2339 3298/187/2339 3299/188/2339 3300/189/2339
f 3301/190/2340 3302/191/2340 3303/192/2340 3304/193/2340
f 3305/194/2341 3306/195/2341 3307/196/2341 3308/197/2341
f 3309/198/2342 3310/199/2342 3311/200/2342 3312/201/2342
f 3265/202/2343 3268/203/2343 3254/204/2343 3256/205/2343 3165/122/2343 3209/85/2343
f 3157/142/2344 3165/141/2344 3256/145/2344 3255/144/2344 3131/206/2344
f 3131/206/2345 3255/144/2345 3254/143/2345 3268/157/2345 3267/156/2345 3141/207/2345
f 3257/146/2346 3260/149/2346 3136/125/2346 3249/39/2346 3244/38/2346
f 3137/37/2347 3144/36/2347 3280/169/2347 3279/168/2347 3259/208/2347 3258/209/2347
f 3260/210/2348 3259/208/2348 3279/168/2348 3278/167/2348 3283/172/2348 3282/171/2348 3136/211/2348
f 3137/53/2349 3258/147/2349 3257/146/2349 3244/38/2349 3239/47/2349
f 3261/150/2350 3264/153/2350 3138/52/2350 3234/54/2350 3229/59/2350
f 3139/212/2351 3275/164/2351 3274/163/2351 3142/213/2351 3263/214/2351 3262/215/2351
f 3264/216/2352 3263/214/2352 3142/213/2352 3143/35/2352 3138/34/2352
f 3139/68/2353 3262/151/2353 3261/150/2353 3229/59/2353 3224/63/2353
f 3141/207/2354 3267/156/2354 3266/155/2354 3272/161/2354 3271/160/2354 3140/217/2354
f 3269/218/2355 3272/219/2355 3266/220/2355 3265/202/2355 3209/85/2355 3204/84/2355
f 3140/217/2356 3271/160/2356 3270/159/2356 3276/165/2356 3275/164/2356 3139/212/2356
f 3273/221/2357 3276/222/2357 3270/223/2357 3269/218/2357 3204/84/2357 3199/93/2357
f 3142/102/2358 3274/224/2358 3273/221/2358 3199/93/2358 3194/97/2358
f 3277/225/2359 3280/226/2359 3144/107/2359 3184/108/2359 3179/112/2359
f 3284/227/2360 3283/228/2360 3278/229/2360 3277/225/2360 3179/112/2360 3174/116/2360
f 3135/131/2361 3281/230/2361 3284/227/2361 3174/116/2361 3171/132/2361
f 3136/211/2362 3282/171/2362 3281/170/2362 3135/131/2362 3134/126/2362
f 3285/231/2363 3288/232/2363 3156/233/2363 3298/187/2363 3297/186/2363 3145/234/2363
f 3218/20/2364 3223/73/2364 3286/175/2364 3285/174/2364 3145/21/2364
f 3146/33/2365 3155/32/2365 3156/233/2365 3288/232/2365 3287/235/2365
f 3223/73/2366 3228/23/2366 3146/26/2366 3287/176/2366 3286/175/2366
f 3289/236/2367 3292/237/2367 3153/238/2367 3154/31/2367 3147/30/2367
f 3233/24/2368 3238/58/2368 3290/179/2368 3289/178/2368 3147/25/2368
f 3148/239/2369 3152/240/2369 3153/238/2369 3292/237/2369 3291/241/2369
f 3238/58/2370 3243/51/2370 3148/242/2370 3291/180/2370 3290/179/2370
f 3293/243/2371 3296/244/2371 3151/245/2371 3152/240/2371 3148/239/2371
f 3243/51/2372 3248/46/2372 3294/183/2372 3293/182/2372 3148/242/2372
f 3149/29/2373 3150/28/2373 3151/245/2373 3296/244/2373 3295/246/2373
f 3248/46/2374 3253/1/2374 3149/4/2374 3295/184/2374 3294/183/2374
f 3213/92/2375 3162/247/2375 3130/248/2375 3300/249/2375 3299/250/2375
f 3145/234/2376 3297/186/2376 3300/189/2376 3130/251/2376 3129/252/2376
f 3208/17/2377 3213/92/2377 3299/250/2377 3298/253/2377 3156/18/2377
f 3161/136/2378 3162/135/2378 3301/190/2378 3304/193/2378 3160/254/2378
f 3212/90/2379 3302/255/2379 3301/256/2379 3162/247/2379 3213/92/2379
f 3160/254/2380 3304/193/2380 3303/192/2380 3163/138/2380 3159/137/2380
f 3211/88/2381 3163/124/2381 3303/257/2381 3302/255/2381 3212/90/2381
f 3170/127/2382 3171/132/2382 3305/194/2382 3308/197/2382 3169/128/2382
f 3171/132/1806 3174/116/1806 3175/117/1806 3306/195/1806 3305/194/1806
f 3169/128/2383 3308/197/2383 3307/196/2383 3172/120/2383 3168/129/2383
f 3307/196/1808 3306/195/1808 3175/117/1808 3176/118/1808 3172/120/1808
f 3312/201/2384 3311/200/2384 3178/5/2384 3150/8/2384 3133/27/2384
f 3167/130/2385 3173/121/2385 3310/199/2385 3309/198/2385 3166/2/2385
f 3166/2/2386 3309/198/2386 3312/201/2386 3133/27/2386 3132/3/2386
f 3173/121/2387 3177/119/2387 3178/5/2387 3311/200/2387 3310/199/2387
f 3482/19/1226 3496/20/1226 3477/21/1226 3473/22/1226
f 3475/79/1258 3476/74/1258 3492/75/1258 3478/80/1258
f 3478/80/1259 3492/75/1259 3493/76/1259 3479/81/1259
f 3479/81/1260 3493/76/1260 3494/77/1260 3480/82/1260
f 3480/82/1261 3494/77/1261 3495/78/1261 3481/83/1261
f 3481/83/1262 3495/78/1262 3496/20/1262 3482/19/1262
f 3487/85/1292 3486/122/1292 3485/123/1292 3488/86/1292
f 3488/86/1293 3485/123/1293 3484/124/1293 3489/88/1293
f 3473/133/1301 3474/134/1301 3483/135/1301 3482/136/1301
f 3480/137/1302 3484/138/1302 3485/139/1302 3479/140/1302
f 3479/140/1303 3485/139/1303 3486/141/1303 3478/142/1303
f 3497/143/1304 3498/144/1304 3499/145/1304
f 3506/190/1316 3507/191/1316 3508/192/1316 3509/193/1316
f 3500/202/1319 3502/203/1319 3497/204/1319 3499/205/1319 3486/122/1319 3487/85/1319
f 3478/142/1320 3486/141/1320 3499/145/1320 3498/144/1320 3475/206/1320
f 3475/206/1321 3498/144/1321 3497/143/1321 3502/157/1321 3501/156/1321 3476/207/1321
f 3491/92/1351 3483/247/1351 3474/248/1351 3505/249/1351 3504/250/1351
f 3477/234/1352 3503/186/1352 3505/189/1352 3474/251/1352 3473/252/1352
f 3482/136/1354 3483/135/1354 3506/190/1354 3509/193/1354 3481/254/1354
f 3490/90/1355 3507/255/1355 3506/256/1355 3483/247/1355 3491/92/1355
f 3481/254/1356 3509/193/1356 3508/192/1356 3484/138/1356 3480/137/1356
f 3489/88/1357 3484/124/1357 3508/257/1357 3507/255/1357 3490/90/1357
f 3519/19/1373 3533/20/1373 3514/21/1373 3510/22/1373
f 3512/79/1405 3513/74/1405 3529/75/1405 3515/80/1405
f 3515/80/1406 3529/75/1406 3530/76/1406 3516/81/1406
f 3516/81/1407 3530/76/1407 3531/77/1407 3517/82/1407
f 3517/82/1408 3531/77/1408 3532/78/1408 3518/83/1408
f 3518/83/1409 3532/78/1409 3533/20/1409 3519/19/1409
f 3524/85/1439 3523/122/1439 3522/123/1439 3525/86/1439
f 3525/86/1440 3522/123/1440 3521/124/1440 3526/88/1440
f 3510/133/1448 3511/134/1448 3520/135/1448 3519/136/1448
f 3517/137/1449 3521/138/1449 3522/139/1449 3516/140/1449
f 3516/140/1450 3522/139/1450 3523/141/1450 3515/142/1450
f 3534/143/1451 3535/144/1451 3536/145/1451
f 3543/190/1463 3544/191/1463 3545/192/1463 3546/193/1463
f 3537/202/1466 3539/203/1466 3534/204/1466 3536/205/1466 3523/122/1466 3524/85/1466
f 3515/142/1467 3523/141/1467 3536/145/1467 3535/144/1467 3512/206/1467
f 3512/206/1468 3535/144/1468 3534/143/1468 3539/157/1468 3538/156/1468 3513/207/1468
f 3528/92/1498 3520/247/1498 3511/248/1498 3542/249/1498 3541/250/1498
f 3514/234/1499 3540/186/1499 3542/189/1499 3511/251/1499 3510/252/1499
f 3519/136/1501 3520/135/1501 3543/190/1501 3546/193/1501 3518/254/1501
f 3527/90/1502 3544/255/1502 3543/256/1502 3520/247/1502 3528/92/1502
f 3518/254/1503 3546/193/1503 3545/192/1503 3521/138/1503 3517/137/1503
f 3526/88/1504 3521/124/1504 3545/257/1504 3544/255/1504 3527/90/1504
f 3556/19/306 3570/20/306 3551/21/306 3547/22/306
f 3549/79/338 3550/74/338 3566/75/338 3552/80/338
f 3552/80/339 3566/75/339 3567/76/339 3553/81/339
f 3553/81/340 3567/76/340 3568/77/340 3554/82/340
f 3554/82/341 3568/77/341 3569/78/341 3555/83/341
f 3555/83/342 3569/78/342 3570/20/342 3556/19/342
f 3561/85/373 3560/122/373 3559/123/373 3562/86/373
f 3562/86/374 3559/123/374 3558/124/374 3563/88/374
f 3547/133/382 3548/134/382 3557/135/382 3556/136/382
f 3554/137/383 3558/138/383 3559/139/383 3553/140/383
f 3553/140/384 3559/139/384 3560/141/384 3552/142/384
f 3571/143/2404 3572/144/2404 3573/145/2404
f 3580/190/397 3581/191/397 3582/192/397 3583/193/397
f 3574/202/400 3576/203/400 3571/204/400 3573/205/400 3560/122/400 3561/85/400
f 3552/142/401 3560/141/401 3573/145/401 3572/144/401 3549/206/401
f 3549/206/402 3572/144/402 3571/143/402 3576/157/402 3575/156/402 3550/207/402
f 3565/92/432 3557/247/432 3548/248/432 3579/249/432 3578/250/432
f 3551/234/433 3577/186/433 3579/189/433 3548/251/433 3547/252/433
f 3556/136/435 3557/135/435 3580/190/435 3583/193/435 3555/254/435
f 3564/90/436 3581/255/436 3580/256/436 3557/247/436 3565/92/436
f 3555/254/437 3583/193/437 3582/192/437 3558/138/437 3554/137/437
f 3563/88/438 3558/124/438 3582/257/438 3581/255/438 3564/90/438
f 3593/19/454 3607/20/454 3588/21/454 3584/22/454
f 3586/79/486 3587/74/486 3603/75/486 3589/80/486
f 3589/80/487 3603/75/487 3604/76/487 3590/81/487
f 3590/81/488 3604/76/488 3605/77/488 3591/82/488
f 3591/82/489 3605/77/489 3606/78/489 3592/83/489
f 3592/83/490 3606/78/490 3607/20/490 3593/19/490
f 3598/85/521 3597/122/521 3596/123/521 3599/86/521
f 3599/86/522 3596/123/522 3595/124/522 3600/88/522
f 3584/133/530 3585/134/530 3594/135/530 3593/136/530
f 3591/137/531 3595/138/531 3596/139/531 3590/140/531
f 3590/140/532 3596/139/532 3597/141/532 3589/142/532
f 3608/143/533 3609/144/533 3610/145/533
f 3617/190/545 3618/191/545 3619/192/545 3620/193/545
f 3611/202/548 3613/203/548 3608/204/548 3610/205/548 3597/122/548 3598/85/548
f 3589/142/549 3597/141/549 3610/145/549 3609/144/549 3586/206/549
f 3586/206/550 3609/144/550 3608/143/550 3613/157/550 3612/156/550 3587/207/550
f 3602/92/580 3594/247/580 3585/248/580 3616/249/580 3615/250/580
f 3588/234/581 3614/186/581 3616/189/581 3585/251/581 3584/252/581
f 3593/136/583 3594/135/583 3617/190/583 3620/193/583 3592/254/583
f 3601/90/584 3618/255/584 3617/256/584 3594/247/584 3602/92/584
f 3592/254/585 3620/193/585 3619/192/585 3595/138/585 3591/137/585
f 3600/88/586 3595/124/586 3619/257/586 3618/255/586 3601/90/586
f 3630/19/602 3644/20/602 3625/21/602 3621/22/602
f 3623/79/637 3624/74/637 3640/75/637 3626/80/637
f 3626/80/638 3640/75/638 3641/76/638 3627/81/638
f 3627/81/639 3641/76/639 3642/77/639 3628/82/639
f 3628/82/640 3642/77/640 3643/78/640 3629/83/640
f 3629/83/641 3643/78/641 3644/20/641 3630/19/641
f 3635/85/672 3634/122/672 3633/123/672 3636/86/672
f 3636/86/673 3633/123/673 3632/124/673 3637/88/673
f 3621/133/681 3622/134/681 3631/135/681 3630/136/681
f 3628/137/682 3632/138/682 3633/139/682 3627/140/682
f 3627/140/683 3633/139/683 3634/141/683 3626/142/683
f 3645/143/684 3646/144/684 3647/145/684
f 3654/190/696 3655/191/696 3656/192/696 3657/193/696
f 3648/202/699 3650/203/699 3645/204/699 3647/205/699 3634/122/699 3635/85/699
f 3626/142/700 3634/141/700 3647/145/700 3646/144/700 3623/206/700
f 3623/206/701 3646/144/701 3645/143/701 3650/157/701 3649/156/701 3624/207/701
f 3639/92/731 3631/247/731 3622/248/731 3653/249/731 3652/250/731
f 3625/234/732 3651/186/732 3653/189/732 3622/251/732 3621/252/732
f 3630/136/734 3631/135/734 3654/190/734 3657/193/734 3629/254/734
f 3638/90/735 3655/255/735 3654/256/735 3631/247/735 3639/92/735
f 3629/254/736 3657/193/736 3656/192/736 3632/138/736 3628/137/736
f 3637/88/737 3632/124/737 3656/257/737 3655/255/737 3638/90/737
f 3682/1/746 3665/2/746 3658/3/746 3663/4/746
f 3658/3/755 3659/27/755 3664/28/755 3663/29/755
f 3671/120/819 3675/118/819 3676/119/819 3672/121/819
f 3662/125/822 3660/126/822 3669/127/822 3678/39/822
f 3678/39/823 3669/127/823 3668/128/823 3679/40/823
f 3679/40/824 3668/128/824 3667/129/824 3680/42/824
f 3680/42/825 3667/129/825 3666/130/825 3681/44/825
f 3681/44/826 3666/130/826 3665/2/826 3682/1/826
f 3660/126/827 3661/131/827 3670/132/827 3669/127/827
f 3667/129/828 3671/120/828 3672/121/828 3666/130/828
f 3686/194/845 3687/195/845 3688/196/845 3689/197/845
f 3690/198/846 3691/199/846 3692/200/846 3693/201/846
f 3661/131/865 3683/230/865 3685/227/865 3673/116/865 3670/132/865
f 3662/211/866 3684/171/866 3683/170/866 3661/131/866 3660/126/866
f 3669/127/886 3670/132/886 3686/194/886 3689/197/886 3668/128/886
f 3670/132/887 3673/116/887 3674/117/887 3687/195/887 3686/194/887
f 3668/128/888 3689/197/888 3688/196/888 3671/120/888 3667/129/888
f 3688/196/889 3687/195/889 3674/117/889 3675/118/889 3671/120/889
f 3693/201/890 3692/200/890 3677/5/890 3664/8/890 3659/27/890
f 3666/130/891 3672/121/891 3691/199/891 3690/198/891 3665/2/891
f 3665/2/892 3690/198/892 3693/201/892 3659/27/892 3658/3/892
f 3672/121/893 3676/119/893 3677/5/893 3692/200/893 3691/199/893
f 3718/1/894 3701/2/894 3694/3/894 3699/4/894
f 3694/3/903 3695/27/903 3700/28/903 3699/29/903
f 3707/120/967 3711/118/967 3712/119/967 3708/121/967
f 3698/125/970 3696/126/970 3705/127/970 3714/39/970
f 3714/39/971 3705/127/971 3704/128/971 3715/40/971
f 3715/40/972 3704/128/972 3703/129/972 3716/42/972
f 3716/42/973 3703/129/973 3702/130/973 3717/44/973
f 3717/44/974 3702/130/974 3701/2/974 3718/1/974
f 3696/126/975 3697/131/975 3706/132/975 3705/127/975
f 3703/129/976 3707/120/976 3708/121/976 3702/130/976
f 3722/194/993 3723/195/993 3724/196/993 3725/197/993
f 3726/198/994 3727/199/994 3728/200/994 3729/201/994
f 3697/131/1013 3719/230/1013 3721/227/1013 3709/116/1013 3706/132/1013
f 3698/211/1014 3720/171/1014 3719/170/1014 3697/131/1014 3696/126/1014
f 3705/127/1034 3706/132/1034 3722/194/1034 3725/197/1034 3704/128/1034
f 3706/132/1035 3709/116/1035 3710/117/1035 3723/195/1035 3722/194/1035
f 3704/128/1036 3725/197/1036 3724/196/1036 3707/120/1036 3703/129/1036
f 3724/196/1037 3723/195/1037 3710/117/1037 3711/118/1037 3707/120/1037
f 3729/201/1038 3728/200/1038 3713/5/1038 3700/8/1038 3695/27/1038
f 3702/130/1039 3708/121/1039 3727/199/1039 3726/198/1039 3701/2/1039
f 3701/2/1040 3726/198/1040 3729/201/1040 3695/27/1040 3694/3/1040
f 3708/121/1041 3712/119/1041 3713/5/1041 3728/200/1041 3727/199/1041
f 3754/1/1042 3737/2/1042 3730/3/1042 3735/4/1042
f 3730/3/1051 3731/27/1051 3736/28/1051 3735/29/1051
f 3743/120/1118 3747/118/1118 3748/119/1118 3744/121/1118
f 3734/125/1121 3732/126/1121 3741/127/1121 3750/39/1121
f 3750/39/1122 3741/127/1122 3740/128/1122 3751/40/1122
f 3751/40/1123 3740/128/1123 3739/129/1123 3752/42/1123
f 3752/42/1124 3739/129/1124 3738/130/1124 3753/44/1124
f 3753/44/1125 3738/130/1125 3737/2/1125 3754/1/1125
f 3732/126/1126 3733/131/1126 3742/132/1126 3741/127/1126
f 3739/129/1127 3743/120/1127 3744/121/1127 3738/130/1127
f 3755/170/1138 3756/171/1138 3757/172/1138 3758/173/1138
f 3759/194/1144 3760/195/1144 3761/196/1144 3762/197/1144
f 3763/198/1145 3764/199/1145 3765/200/1145 3766/201/1145
f 3733/131/1164 3755/230/1164 3758/227/1164 3745/116/1164 3742/132/1164
f 3734/211/1165 3756/171/1165 3755/170/1165 3733/131/1165 3732/126/1165
f 3741/127/1185 3742/132/1185 3759/194/1185 3762/197/1185 3740/128/1185
f 3742/132/1186 3745/116/1186 3746/117/1186 3760/195/1186 3759/194/1186
f 3740/128/1187 3762/197/1187 3761/196/1187 3743/120/1187 3739/129/1187
f 3761/196/1188 3760/195/1188 3746/117/1188 3747/118/1188 3743/120/1188
f 3766/201/1189 3765/200/1189 3749/5/1189 3736/8/1189 3731/27/1189
f 3738/130/1190 3744/121/1190 3764/199/1190 3763/198/1190 3737/2/1190
f 3737/2/1191 3763/198/1191 3766/201/1191 3731/27/1191 3730/3/1191
f 3744/121/1192 3748/119/1192 3749/5/1192 3765/200/1192 3764/199/1192
f 3776/19/306 3790/20/306 3771/21/306 3767/22/306
f 3769/79/1194 3770/74/1194 3786/75/1194 3772/80/1194
f 3772/80/339 3786/75/339 3787/76/339 3773/81/339
f 3773/81/340 3787/76/340 3788/77/340 3774/82/340
f 3774/82/341 3788/77/341 3789/78/341 3775/83/341
f 3775/83/342 3789/78/342 3790/20/342 3776/19/342
f 3781/85/373 3780/122/373 3779/123/373 3782/86/373
f 3782/86/374 3779/123/374 3778/124/374 3783/88/374
f 3767/133/382 3768/134/382 3777/135/382 3776/136/382
f 3774/137/383 3778/138/383 3779/139/383 3773/140/383
f 3773/140/384 3779/139/384 3780/141/384 3772/142/384
f 3791/143/2404 3792/144/2404 3793/145/2404
f 3800/190/397 3801/191/397 3802/192/397 3803/193/397
f 3794/202/400 3796/203/400 3791/204/400 3793/205/400 3780/122/400 3781/85/400
f 3772/142/401 3780/141/401 3793/145/401 3792/144/401 3769/206/401
f 3769/206/402 3792/144/402 3791/143/402 3796/157/402 3795/156/402 3770/207/402
f 3785/92/432 3777/247/432 3768/248/432 3799/249/432 3798/250/432
f 3771/234/433 3797/186/433 3799/189/433 3768/251/433 3767/252/433
f 3776/136/435 3777/135/435 3800/190/435 3803/193/435 3775/254/435
f 3784/90/436 3801/255/436 3800/256/436 3777/247/436 3785/92/436
f 3775/254/437 3803/193/437 3802/192/437 3778/138/437 3774/137/437
f 3783/88/438 3778/124/438 3802/257/438 3801/255/438 3784/90/438
f 3813/19/454 3827/20/454 3808/21/454 3804/22/454
f 3806/79/486 3807/74/486 3823/75/486 3809/80/486
f 3809/80/487 3823/75/487 3824/76/487 3810/81/487
f 3810/81/488 3824/76/488 3825/77/488 3811/82/488
f 3811/82/489 3825/77/489 3826/78/489 3812/83/489
f 3812/83/490 3826/78/490 3827/20/490 3813/19/490
f 3818/85/521 3817/122/521 3816/123/521 3819/86/521
f 3819/86/522 3816/123/522 3815/124/522 3820/88/522
f 3804/133/530 3805/134/530 3814/135/530 3813/136/530
f 3811/137/531 3815/138/531 3816/139/531 3810/140/531
f 3810/140/532 3816/139/532 3817/141/532 3809/142/532
f 3828/143/533 3829/144/533 3830/145/533
f 3837/190/545 3838/191/545 3839/192/545 3840/193/545
f 3831/202/548 3833/203/548 3828/204/548 3830/205/548 3817/122/548 3818/85/548
f 3809/142/549 3817/141/549 3830/145/549 3829/144/549 3806/206/549
f 3806/206/550 3829/144/550 3828/143/550 3833/157/550 3832/156/550 3807/207/550
f 3822/92/1218 3814/247/1218 3805/248/1218 3836/249/1218 3835/250/1218
f 3808/234/581 3834/186/581 3836/189/581 3805/251/581 3804/252/581
f 3813/136/583 3814/135/583 3837/190/583 3840/193/583 3812/254/583
f 3821/90/584 3838/255/584 3837/256/584 3814/247/584 3822/92/584
f 3812/254/585 3840/193/585 3839/192/585 3815/138/585 3811/137/585
f 3820/88/586 3815/124/586 3839/257/586 3838/255/586 3821/90/586
f 3514/234/2405 3533/20/2405 3532/78/2405 3531/77/2405 3530/76/2405 3529/75/2405 3513/207/2405 3538/156/2405 3539/203/2405 3537/202/2405 3524/85/2405 3525/86/2405 3526/88/2405 3527/90/2405 3528/92/2405 3541/250/2405 3542/189/2405 3540/186/2405
f 3771/234/2406 3790/20/2406 3789/78/2406 3788/77/2406 3787/76/2406 3786/75/2406 3770/207/2406 3795/156/2406 3796/203/2406 3794/202/2406 3781/85/2406 3782/86/2406 3783/88/2406 3784/90/2406 3785/92/2406 3798/250/2406 3799/189/2406 3797/186/2406
f 3808/234/2407 3827/20/2407 3826/78/2407 3825/77/2407 3824/76/2407 3823/75/2407 3807/207/2407 3832/156/2407 3833/203/2407 3831/202/2407 3818/85/2407 3819/86/2407 3820/88/2407 3821/90/2407 3822/92/2407 3835/250/2407 3836/189/2407 3834/186/2407
f 3664/28/2408 3677/5/2408 3676/119/2408 3675/118/2408 3674/117/2408 3673/116/2408 3685/227/2408 3683/170/2408 3684/171/2408 3662/125/2408 3678/39/2408 3679/40/2408 3680/42/2408 3681/44/2408 3682/1/2408 3663/29/2408
f 3700/28/2409 3713/5/2409 3712/119/2409 3711/118/2409 3710/117/2409 3709/116/2409 3721/227/2409 3719/170/2409 3720/171/2409 3698/125/2409 3714/39/2409 3715/40/2409 3716/42/2409 3717/44/2409 3718/1/2409 3699/29/2409
f 3736/28/2410 3749/5/2410 3748/119/2410 3747/118/2410 3746/117/2410 3745/116/2410 3758/173/2410 3757/172/2410 3756/171/2410 3734/125/2410 3750/39/2410 3751/40/2410 3752/42/2410 3753/44/2410 3754/1/2410 3735/29/2410
f 3625/234/2411 3644/20/2411 3643/78/2411 3642/77/2411 3641/76/2411 3640/75/2411 3624/207/2411 3649/156/2411 3650/203/2411 3648/202/2411 3635/85/2411 3636/86/2411 3637/88/2411 3638/90/2411 3639/92/2411 3652/250/2411 3653/189/2411 3651/186/2411
f 3551/234/2406 3570/20/2406 3569/78/2406 3568/77/2406 3567/76/2406 3566/75/2406 3550/207/2406 3575/156/2406 3576/203/2406 3574/202/2406 3561/85/2406 3562/86/2406 3563/88/2406 3564/90/2406 3565/92/2406 3578/250/2406 3579/189/2406 3577/186/2406
f 3588/234/2407 3607/20/2407 3606/78/2407 3605/77/2407 3604/76/2407 3603/75/2407 3587/207/2407 3612/156/2407 3613/203/2407 3611/202/2407 3598/85/2407 3599/86/2407 3600/88/2407 3601/90/2407 3602/92/2407 3615/250/2407 3616/189/2407 3614/186/2407
f 3477/234/2412 3496/20/2412 3495/78/2412 3494/77/2412 3493/76/2412 3492/75/2412 3476/207/2412 3501/156/2412 3502/203/2412 3500/202/2412 3487/85/2412 3488/86/2412 3489/88/2412 3490/90/2412 3491/92/2412 3504/250/2412 3505/189/2412 3503/186/2412
f 3965/1/1 3878/2/1 3844/3/1 3861/4/1
f 3890/5/2 3895/6/2 3863/7/2 3862/8/2
f 3895/6/3 3900/9/3 3864/10/3 3863/7/3
f 3900/9/4 3905/11/4 3865/12/4 3864/10/4
f 3905/11/5 3910/13/5 3866/14/5 3865/12/5
f 3910/13/6 3915/15/6 3867/16/6 3866/14/6
f 3915/15/7 3920/17/7 3868/18/7 3867/16/7
f 3873/19/8 3930/20/8 3857/21/8 3841/22/8
f 3940/23/9 3945/24/9 3859/25/9 3858/26/9
f 3844/3/10 3845/27/10 3862/28/10 3861/29/10
f 3859/30/11 3866/31/11 3867/32/11 3858/33/11
f 3850/34/12 3855/35/12 3856/36/12 3849/37/12
f 3956/38/13 3961/39/13 3962/40/13 3957/41/13
f 3957/41/14 3962/40/14 3963/42/14 3958/43/14
f 3958/43/15 3963/42/15 3964/44/15 3959/45/15
f 3959/45/16 3964/44/16 3965/1/16 3960/46/16
f 3951/47/17 3956/38/17 3957/41/17 3952/48/17
f 3952/48/18 3957/41/18 3958/43/18 3953/49/18
f 3953/49/19 3958/43/19 3959/45/19 3954/50/19
f 3954/50/20 3959/45/20 3960/46/20 3955/51/20
f 3850/52/21 3849/53/21 3951/47/21 3946/54/21
f 3946/54/22 3951/47/22 3952/48/22 3947/55/22
f 3947/55/23 3952/48/23 3953/49/23 3948/56/23
f 3948/56/24 3953/49/24 3954/50/24 3949/57/24
f 3949/57/25 3954/50/25 3955/51/25 3950/58/25
f 3941/59/26 3946/54/26 3947/55/26 3942/60/26
f 3942/60/25 3947/55/25 3948/56/25 3943/61/25
f 3943/61/27 3948/56/27 3949/57/27 3944/62/27
f 3944/62/28 3949/57/28 3950/58/28 3945/24/28
f 3936/63/29 3941/59/29 3942/60/29 3937/64/29
f 3937/64/25 3942/60/25 3943/61/25 3938/65/25
f 3938/65/27 3943/61/27 3944/62/27 3939/66/27
f 3939/66/30 3944/62/30 3945/24/30 3940/23/30
f 3852/67/31 3851/68/31 3936/63/31 3931/69/31
f 3931/69/32 3936/63/32 3937/64/32 3932/70/32
f 3932/70/33 3937/64/33 3938/65/33 3933/71/33
f 3933/71/34 3938/65/34 3939/66/34 3934/72/34
f 3934/72/35 3939/66/35 3940/23/35 3935/73/35
f 3853/74/36 3852/67/36 3931/69/36 3926/75/36
f 3926/75/37 3931/69/37 3932/70/37 3927/76/37
f 3927/76/38 3932/70/38 3933/71/38 3928/77/38
f 3928/77/39 3933/71/39 3934/72/39 3929/78/39
f 3929/78/40 3934/72/40 3935/73/40 3930/20/40
f 3843/79/41 3853/74/41 3926/75/41 3869/80/41
f 3869/80/42 3926/75/42 3927/76/42 3870/81/42
f 3870/81/43 3927/76/43 3928/77/43 3871/82/43
f 3871/82/44 3928/77/44 3929/78/44 3872/83/44
f 3872/83/45 3929/78/45 3930/20/45 3873/19/45
f 3916/84/46 3921/85/46 3922/86/46 3917/87/46
f 3917/87/47 3922/86/47 3923/88/47 3918/89/47
f 3918/89/48 3923/88/48 3924/90/48 3919/91/48
f 3919/91/49 3924/90/49 3925/92/49 3920/17/49
f 3911/93/50 3916/84/50 3917/87/50 3912/94/50
f 3912/94/51 3917/87/51 3918/89/51 3913/95/51
f 3913/95/52 3918/89/52 3919/91/52 3914/96/52
f 3914/96/53 3919/91/53 3920/17/53 3915/15/53
f 3906/97/54 3911/93/54 3912/94/54 3907/98/54
f 3907/98/55 3912/94/55 3913/95/55 3908/99/55
f 3908/99/56 3913/95/56 3914/96/56 3909/100/56
f 3909/100/57 3914/96/57 3915/15/57 3910/13/57
f 3855/101/58 3854/102/58 3906/97/58 3901/103/58
f 3901/103/59 3906/97/59 3907/98/59 3902/104/59
f 3902/104/60 3907/98/60 3908/99/60 3903/105/60
f 3903/105/61 3908/99/61 3909/100/61 3904/106/61
f 3904/106/57 3909/100/57 3910/13/57 3905/11/57
f 3856/107/62 3855/101/62 3901/103/62 3896/108/62
f 3896/108/63 3901/103/63 3902/104/63 3897/109/63
f 3897/109/64 3902/104/64 3903/105/64 3898/110/64
f 3898/110/65 3903/105/65 3904/106/65 3899/111/65
f 3899/111/66 3904/106/66 3905/11/66 3900/9/66
f 3891/112/67 3896/108/67 3897/109/67 3892/113/67
f 3892/113/68 3897/109/68 3898/110/68 3893/114/68
f 3893/114/69 3898/110/69 3899/111/69 3894/115/69
f 3894/115/70 3899/111/70 3900/9/70 3895/6/70
f 3886/116/71 3891/112/71 3892/113/71 3887/117/71
f 3887/117/72 3892/113/72 3893/114/72 3888/118/72
f 3888/118/73 3893/114/73 3894/115/73 3889/119/73
f 3889/119/74 3894/115/74 3895/6/74 3890/5/74
f 3884/120/75 3888/118/75 3889/119/75 3885/121/75
f 3921/85/76 3877/122/76 3876/123/76 3922/86/76
f 3922/86/77 3876/123/77 3875/124/77 3923/88/77
f 3848/125/78 3846/126/78 3882/127/78 3961/39/78
f 3961/39/79 3882/127/79 3881/128/79 3962/40/79
f 3962/40/80 3881/128/80 3880/129/80 3963/42/80
f 3963/42/81 3880/129/81 3879/130/81 3964/44/81
f 3964/44/82 3879/130/82 3878/2/82 3965/1/82
f 3846/126/83 3847/131/83 3883/132/83 3882/127/83
f 3880/129/2413 3884/120/2413 3885/121/2413 3879/130/2413
f 3841/133/85 3842/134/85 3874/135/85 3873/136/85
f 3871/137/86 3875/138/86 3876/139/86 3870/140/86
f 3870/140/87 3876/139/87 3877/141/87 3869/142/87
f 3966/143/88 3967/144/88 3968/145/88
f 3969/146/89 3970/147/89 3971/148/89 3972/149/89
f 3973/150/90 3974/151/90 3975/152/90 3976/153/90
f 3977/154/91 3978/155/91 3979/156/91 3980/157/91
f 3981/158/92 3982/159/92 3983/160/92 3984/161/92
f 3985/162/93 3986/163/93 3987/164/93 3988/165/93
f 3993/170/95 3994/171/95 3995/172/95 3996/173/95
f 4001/178/97 4002/179/97 4003/180/97 4004/181/97
f 4005/182/98 4006/183/98 4007/184/98 4008/185/98
f 4009/186/99 4010/187/99 4011/188/99 4012/189/99
f 4013/190/100 4014/191/100 4015/192/100 4016/193/100
f 4017/194/2414 4018/195/2414 4019/196/2414 4020/197/2414
f 4021/198/102 4022/199/102 4023/200/102 4024/201/102
f 3977/202/103 3980/203/103 3966/204/103 3968/205/103 3877/122/103 3921/85/103
f 3869/142/104 3877/141/104 3968/145/104 3967/144/104 3843/206/104
f 3843/206/105 3967/144/105 3966/143/105 3980/157/105 3979/156/105 3853/207/105
f 3969/146/106 3972/149/106 3848/125/106 3961/39/106 3956/38/106
f 3849/37/107 3856/36/107 3992/169/107 3991/168/107 3971/208/107 3970/209/107
f 3972/210/108 3971/208/108 3991/168/108 3990/167/108 3995/172/108 3994/171/108 3848/211/108
f 3849/53/109 3970/147/109 3969/146/109 3956/38/109 3951/47/109
f 3973/150/110 3976/153/110 3850/52/110 3946/54/110 3941/59/110
f 3851/212/111 3987/164/111 3986/163/111 3854/213/111 3975/214/111 3974/215/111
f 3976/216/112 3975/214/112 3854/213/112 3855/35/112 3850/34/112
f 3851/68/2415 3974/151/2415 3973/150/2415 3941/59/2415 3936/63/2415
f 3853/207/114 3979/156/114 3978/155/114 3984/161/114 3983/160/114 3852/217/114
f 3981/218/115 3984/219/115 3978/220/115 3977/202/115 3921/85/115 3916/84/115
f 3852/217/2416 3983/160/2416 3982/159/2416 3988/165/2416 3987/164/2416 3851/212/2416
f 3985/221/117 3988/222/117 3982/223/117 3981/218/117 3916/84/117 3911/93/117
f 3854/102/118 3986/224/118 3985/221/118 3911/93/118 3906/97/118
f 3989/225/119 3992/226/119 3856/107/119 3896/108/119 3891/112/119
f 3996/227/120 3995/228/120 3990/229/120 3989/225/120 3891/112/120 3886/116/120
f 3847/131/121 3993/230/121 3996/227/121 3886/116/121 3883/132/121
f 3848/211/122 3994/171/122 3993/170/122 3847/131/122 3846/126/122
f 3997/231/123 4000/232/123 3868/233/123 4010/187/123 4009/186/123 3857/234/123
f 3930/20/124 3935/73/124 3998/175/124 3997/174/124 3857/21/124
f 3858/33/125 3867/32/125 3868/233/125 4000/232/125 3999/235/125
f 3935/73/126 3940/23/126 3858/26/126 3999/176/126 3998/175/126
f 4001/236/127 4004/237/127 3865/238/127 3866/31/127 3859/30/127
f 3945/24/128 3950/58/128 4002/179/128 4001/178/128 3859/25/128
f 3860/239/129 3864/240/129 3865/238/129 4004/237/129 4003/241/129
f 3950/58/130 3955/51/130 3860/242/130 4003/180/130 4002/179/130
f 4005/243/131 4008/244/131 3863/245/131 3864/240/131 3860/239/131
f 3955/51/132 3960/46/132 4006/183/132 4005/182/132 3860/242/132
f 3861/29/133 3862/28/133 3863/245/133 4008/244/133 4007/246/133
f 3960/46/134 3965/1/134 3861/4/134 4007/184/134 4006/183/134
f 3925/92/135 3874/247/135 3842/248/135 4012/249/135 4011/250/135
f 3857/234/136 4009/186/136 4012/189/136 3842/251/136 3841/252/136
f 3920/17/137 3925/92/137 4011/250/137 4010/253/137 3868/18/137
f 3873/136/138 3874/135/138 4013/190/138 4016/193/138 3872/254/138
f 3924/90/139 4014/255/139 4013/256/139 3874/247/139 3925/92/139
f 3872/254/140 4016/193/140 4015/192/140 3875/138/140 3871/137/140
f 3923/88/141 3875/124/141 4015/257/141 4014/255/141 3924/90/141
f 3882/127/142 3883/132/142 4017/194/142 4020/197/142 3881/128/142
f 3883/132/143 3886/116/143 3887/117/143 4018/195/143 4017/194/143
f 3881/128/2417 4020/197/2417 4019/196/2417 3884/120/2417 3880/129/2417
f 4019/196/145 4018/195/145 3887/117/145 3888/118/145 3884/120/145
f 4024/201/146 4023/200/146 3890/5/146 3862/8/146 3845/27/146
f 3879/130/147 3885/121/147 4022/199/147 4021/198/147 3878/2/147
f 3878/2/148 4021/198/148 4024/201/148 3845/27/148 3844/3/148
f 3885/121/149 3889/119/149 3890/5/149 4023/200/149 4022/199/149
f 4149/1/150 4062/2/150 4028/3/150 4045/4/150
f 4074/5/151 4079/6/151 4047/7/151 4046/8/151
f 4079/6/152 4084/9/152 4048/10/152 4047/7/152
f 4084/9/153 4089/11/153 4049/12/153 4048/10/153
f 4089/11/154 4094/13/154 4050/14/154 4049/12/154
f 4094/13/155 4099/15/155 4051/16/155 4050/14/155
f 4099/15/156 4104/17/156 4052/18/156 4051/16/156
f 4057/19/157 4114/20/157 4041/21/157 4025/22/157
f 4124/23/158 4129/24/158 4043/25/158 4042/26/158
f 4028/3/159 4029/27/159 4046/28/159 4045/29/159
f 4043/30/160 4050/31/160 4051/32/160 4042/33/160
f 4034/34/161 4039/35/161 4040/36/161 4033/37/161
f 4140/38/162 4145/39/162 4146/40/162 4141/41/162
f 4141/41/163 4146/40/163 4147/42/163 4142/43/163
f 4142/43/164 4147/42/164 4148/44/164 4143/45/164
f 4143/45/2418 4148/44/2418 4149/1/2418 4144/46/2418
f 4135/47/166 4140/38/166 4141/41/166 4136/48/166
f 4136/48/167 4141/41/167 4142/43/167 4137/49/167
f 4137/49/168 4142/43/168 4143/45/168 4138/50/168
f 4138/50/169 4143/45/169 4144/46/169 4139/51/169
f 4034/52/170 4033/53/170 4135/47/170 4130/54/170
f 4130/54/171 4135/47/171 4136/48/171 4131/55/171
f 4131/55/172 4136/48/172 4137/49/172 4132/56/172
f 4132/56/173 4137/49/173 4138/50/173 4133/57/173
f 4133/57/174 4138/50/174 4139/51/174 4134/58/174
f 4125/59/175 4130/54/175 4131/55/175 4126/60/175
f 4126/60/176 4131/55/176 4132/56/176 4127/61/176
f 4127/61/174 4132/56/174 4133/57/174 4128/62/174
f 4128/62/177 4133/57/177 4134/58/177 4129/24/177
f 4120/63/178 4125/59/178 4126/60/178 4121/64/178
f 4121/64/176 4126/60/176 4127/61/176 4122/65/176
f 4122/65/174 4127/61/174 4128/62/174 4123/66/174
f 4123/66/179 4128/62/179 4129/24/179 4124/23/179
f 4036/67/180 4035/68/180 4120/63/180 4115/69/180
f 4115/69/181 4120/63/181 4121/64/181 4116/70/181
f 4116/70/182 4121/64/182 4122/65/182 4117/71/182
f 4117/71/183 4122/65/183 4123/66/183 4118/72/183
f 4118/72/184 4123/66/184 4124/23/184 4119/73/184
f 4037/74/185 4036/67/185 4115/69/185 4110/75/185
f 4110/75/186 4115/69/186 4116/70/186 4111/76/186
f 4111/76/187 4116/70/187 4117/71/187 4112/77/187
f 4112/77/188 4117/71/188 4118/72/188 4113/78/188
f 4113/78/189 4118/72/189 4119/73/189 4114/20/189
f 4027/79/190 4037/74/190 4110/75/190 4053/80/190
f 4053/80/191 4110/75/191 4111/76/191 4054/81/191
f 4054/81/192 4111/76/192 4112/77/192 4055/82/192
f 4055/82/193 4112/77/193 4113/78/193 4056/83/193
f 4056/83/194 4113/78/194 4114/20/194 4057/19/194
f 4100/84/195 4105/85/195 4106/86/195 4101/87/195
f 4101/87/196 4106/86/196 4107/88/196 4102/89/196
f 4102/89/197 4107/88/197 4108/90/197 4103/91/197
f 4103/91/198 4108/90/198 4109/92/198 4104/17/198
f 4095/93/199 4100/84/199 4101/87/199 4096/94/199
f 4096/94/200 4101/87/200 4102/89/200 4097/95/200
f 4097/95/201 4102/89/201 4103/91/201 4098/96/201
f 4098/96/202 4103/91/202 4104/17/202 4099/15/202
f 4090/97/203 4095/93/203 4096/94/203 4091/98/203
f 4091/98/204 4096/94/204 4097/95/204 4092/99/204
f 4092/99/205 4097/95/205 4098/96/205 4093/100/205
f 4093/100/206 4098/96/206 4099/15/206 4094/13/206
f 4039/101/207 4038/102/207 4090/97/207 4085/103/207
f 4085/103/208 4090/97/208 4091/98/208 4086/104/208
f 4086/104/209 4091/98/209 4092/99/209 4087/105/209
f 4087/105/210 4092/99/210 4093/100/210 4088/106/210
f 4088/106/206 4093/100/206 4094/13/206 4089/11/206
f 4040/107/211 4039/101/211 4085/103/211 4080/108/211
f 4080/108/212 4085/103/212 4086/104/212 4081/109/212
f 4081/109/213 4086/104/213 4087/105/213 4082/110/213
f 4082/110/214 4087/105/214 4088/106/214 4083/111/214
f 4083/111/215 4088/106/215 4089/11/215 4084/9/215
f 4075/112/216 4080/108/216 4081/109/216 4076/113/216
f 4076/113/217 4081/109/217 4082/110/217 4077/114/217
f 4077/114/218 4082/110/218 4083/111/218 4078/115/218
f 4078/115/219 4083/111/219 4084/9/219 4079/6/219
f 4070/116/220 4075/112/220 4076/113/220 4071/117/220
f 4071/117/221 4076/113/221 4077/114/221 4072/118/221
f 4072/118/222 4077/114/222 4078/115/222 4073/119/222
f 4073/119/223 4078/115/223 4079/6/223 4074/5/223
f 4068/120/224 4072/118/224 4073/119/224 4069/121/224
f 4105/85/225 4061/122/225 4060/123/225 4106/86/225
f 4106/86/226 4060/123/226 4059/124/226 4107/88/226
f 4032/125/227 4030/126/227 4066/127/227 4145/39/227
f 4145/39/228 4066/127/228 4065/128/228 4146/40/228
f 4146/40/229 4065/128/229 4064/129/229 4147/42/229
f 4147/42/230 4064/129/230 4063/130/230 4148/44/230
f 4148/44/231 4063/130/231 4062/2/231 4149/1/231
f 4030/126/232 4031/131/232 4067/132/232 4066/127/232
f 4064/129/233 4068/120/233 4069/121/233 4063/130/233
f 4025/133/234 4026/134/234 4058/135/234 4057/136/234
f 4055/137/235 4059/138/235 4060/139/235 4054/140/235
f 4054/140/236 4060/139/236 4061/141/236 4053/142/236
f 4150/143/237 4151/144/237 4152/145/237
f 4153/146/2419 4154/147/2419 4155/148/2419 4156/149/2419
f 4157/150/239 4158/151/239 4159/152/239 4160/153/239
f 4161/154/240 4162/155/240 4163/156/240 4164/157/240
f 4165/158/241 4166/159/241 4167/160/241 4168/161/241
f 4169/162/242 4170/163/242 4171/164/242 4172/165/242
f 4177/170/244 4178/171/244 4179/172/244 4180/173/244
f 4185/178/246 4186/179/246 4187/180/246 4188/181/246
f 4189/182/247 4190/183/247 4191/184/247 4192/185/247
f 4193/186/248 4194/187/248 4195/188/248 4196/189/248
f 4197/190/249 4198/191/249 4199/192/249 4200/193/249
f 4201/194/250 4202/195/250 4203/196/250 4204/197/250
f 4205/198/251 4206/199/251 4207/200/251 4208/201/251
f 4161/202/252 4164/203/252 4150/204/252 4152/205/252 4061/122/252 4105/85/252
f 4053/142/253 4061/141/253 4152/145/253 4151/144/253 4027/206/253
f 4027/206/254 4151/144/254 4150/143/254 4164/157/254 4163/156/254 4037/207/254
f 4153/146/255 4156/149/255 4032/125/255 4145/39/255 4140/38/255
f 4033/37/256 4040/36/256 4176/169/256 4175/168/256 4155/208/256 4154/209/256
f 4156/210/257 4155/208/257 4175/168/257 4174/167/257 4179/172/257 4178/171/257 4032/211/257
f 4033/53/258 4154/147/258 4153/146/258 4140/38/258 4135/47/258
f 4157/150/259 4160/153/259 4034/52/259 4130/54/259 4125/59/259
f 4035/212/260 4171/164/260 4170/163/260 4038/213/260 4159/214/260 4158/215/260
f 4160/216/261 4159/214/261 4038/213/261 4039/35/261 4034/34/261
f 4035/68/262 4158/151/262 4157/150/262 4125/59/262 4120/63/262
f 4037/207/263 4163/156/263 4162/155/263 4168/161/263 4167/160/263 4036/217/263
f 4165/218/264 4168/219/264 4162/220/264 4161/202/264 4105/85/264 4100/84/264
f 4036/217/265 4167/160/265 4166/159/265 4172/165/265 4171/164/265 4035/212/265
f 4169/221/266 4172/222/266 4166/223/266 4165/218/266 4100/84/266 4095/93/266
f 4038/102/267 4170/224/267 4169/221/267 4095/93/267 4090/97/267
f 4173/225/268 4176/226/268 4040/107/268 4080/108/268 4075/112/268
f 4180/227/269 4179/228/269 4174/229/269 4173/225/269 4075/112/269 4070/116/269
f 4031/131/270 4177/230/270 4180/227/270 4070/116/270 4067/132/270
f 4032/211/271 4178/171/271 4177/170/271 4031/131/271 4030/126/271
f 4181/231/272 4184/232/272 4052/233/272 4194/187/272 4193/186/272 4041/234/272
f 4114/20/273 4119/73/273 4182/175/273 4181/174/273 4041/21/273
f 4042/33/274 4051/32/274 4052/233/274 4184/232/274 4183/235/274
f 4119/73/275 4124/23/275 4042/26/275 4183/176/275 4182/175/275
f 4185/236/276 4188/237/276 4049/238/276 4050/31/276 4043/30/276
f 4129/24/277 4134/58/277 4186/179/277 4185/178/277 4043/25/277
f 4044/239/278 4048/240/278 4049/238/278 4188/237/278 4187/241/278
f 4134/58/279 4139/51/279 4044/242/279 4187/180/279 4186/179/279
f 4189/243/280 4192/244/280 4047/245/280 4048/240/280 4044/239/280
f 4139/51/281 4144/46/281 4190/183/281 4189/182/281 4044/242/281
f 4045/29/282 4046/28/282 4047/245/282 4192/244/282 4191/246/282
f 4144/46/283 4149/1/283 4045/4/283 4191/184/283 4190/183/283
f 4109/92/284 4058/247/284 4026/248/284 4196/249/284 4195/250/284
f 4041/234/285 4193/186/285 4196/189/285 4026/251/285 4025/252/285
f 4104/17/286 4109/92/286 4195/250/286 4194/253/286 4052/18/286
f 4057/136/287 4058/135/287 4197/190/287 4200/193/287 4056/254/287
f 4108/90/288 4198/255/288 4197/256/288 4058/247/288 4109/92/288
f 4056/254/289 4200/193/289 4199/192/289 4059/138/289 4055/137/289
f 4107/88/290 4059/124/290 4199/257/290 4198/255/290 4108/90/290
f 4066/127/291 4067/132/291 4201/194/291 4204/197/291 4065/128/291
f 4067/132/292 4070/116/292 4071/117/292 4202/195/292 4201/194/292
f 4065/128/293 4204/197/293 4203/196/293 4068/120/293 4064/129/293
f 4203/196/294 4202/195/294 4071/117/294 4072/118/294 4068/120/294
f 4208/201/295 4207/200/295 4074/5/295 4046/8/295 4029/27/295
f 4063/130/2420 4069/121/2420 4206/199/2420 4205/198/2420 4062/2/2420
f 4062/2/297 4205/198/297 4208/201/297 4029/27/297 4028/3/297
f 4069/121/298 4073/119/298 4074/5/298 4207/200/298 4206/199/298
f 4333/1/299 4246/2/299 4212/3/299 4229/4/299
f 4258/5/300 4263/6/300 4231/7/300 4230/8/300
f 4263/6/301 4268/9/301 4232/10/301 4231/7/301
f 4268/9/302 4273/11/302 4233/12/302 4232/10/302
f 4273/11/303 4278/13/303 4234/14/303 4233/12/303
f 4278/13/304 4283/15/304 4235/16/304 4234/14/304
f 4283/15/305 4288/17/305 4236/18/305 4235/16/305
f 4241/19/306 4298/20/306 4225/21/306 4209/22/306
f 4308/23/307 4313/24/307 4227/25/307 4226/26/307
f 4212/3/308 4213/27/308 4230/28/308 4229/29/308
f 4227/30/309 4234/31/309 4235/32/309 4226/33/309
f 4218/34/310 4223/35/310 4224/36/310 4217/37/310
f 4324/38/311 4329/39/311 4330/40/311 4325/41/311
f 4325/41/312 4330/40/312 4331/42/312 4326/43/312
f 4326/43/313 4331/42/313 4332/44/313 4327/45/313
f 4327/45/314 4332/44/314 4333/1/314 4328/46/314
f 4319/47/315 4324/38/315 4325/41/315 4320/48/315
f 4320/48/316 4325/41/316 4326/43/316 4321/49/316
f 4321/49/317 4326/43/317 4327/45/317 4322/50/317
f 4322/50/318 4327/45/318 4328/46/318 4323/51/318
f 4218/52/319 4217/53/319 4319/47/319 4314/54/319
f 4314/54/1193 4319/47/1193 4320/48/1193 4315/55/1193
f 4315/55/321 4320/48/321 4321/49/321 4316/56/321
f 4316/56/322 4321/49/322 4322/50/322 4317/57/322
f 4317/57/323 4322/50/323 4323/51/323 4318/58/323
f 4309/59/324 4314/54/324 4315/55/324 4310/60/324
f 4310/60/323 4315/55/323 4316/56/323 4311/61/323
f 4311/61/325 4316/56/325 4317/57/325 4312/62/325
f 4312/62/326 4317/57/326 4318/58/326 4313/24/326
f 4304/63/318 4309/59/318 4310/60/318 4305/64/318
f 4305/64/323 4310/60/323 4311/61/323 4306/65/323
f 4306/65/325 4311/61/325 4312/62/325 4307/66/325
f 4307/66/327 4312/62/327 4313/24/327 4308/23/327
f 4220/67/328 4219/68/328 4304/63/328 4299/69/328
f 4299/69/329 4304/63/329 4305/64/329 4300/70/329
f 4300/70/330 4305/64/330 4306/65/330 4301/71/330
f 4301/71/331 4306/65/331 4307/66/331 4302/72/331
f 4302/72/332 4307/66/332 4308/23/332 4303/73/332
f 4221/74/333 4220/67/333 4299/69/333 4294/75/333
f 4294/75/334 4299/69/334 4300/70/334 4295/76/334
f 4295/76/335 4300/70/335 4301/71/335 4296/77/335
f 4296/77/336 4301/71/336 4302/72/336 4297/78/336
f 4297/78/337 4302/72/337 4303/73/337 4298/20/337
f 4211/79/1194 4221/74/1194 4294/75/1194 4237/80/1194
f 4237/80/339 4294/75/339 4295/76/339 4238/81/339
f 4238/81/340 4295/76/340 4296/77/340 4239/82/340
f 4239/82/341 4296/77/341 4297/78/341 4240/83/341
f 4240/83/342 4297/78/342 4298/20/342 4241/19/342
f 4284/84/343 4289/85/343 4290/86/343 4285/87/343
f 4285/87/344 4290/86/344 4291/88/344 4286/89/344
f 4286/89/345 4291/88/345 4292/90/345 4287/91/345
f 4287/91/346 4292/90/346 4293/92/346 4288/17/346
f 4279/93/347 4284/84/347 4285/87/347 4280/94/347
f 4280/94/348 4285/87/348 4286/89/348 4281/95/348
f 4281/95/349 4286/89/349 4287/91/349 4282/96/349
f 4282/96/350 4287/91/350 4288/17/350 4283/15/350
f 4274/97/351 4279/93/351 4280/94/351 4275/98/351
f 4275/98/352 4280/94/352 4281/95/352 4276/99/352
f 4276/99/353 4281/95/353 4282/96/353 4277/100/353
f 4277/100/354 4282/96/354 4283/15/354 4278/13/354
f 4223/101/355 4222/102/355 4274/97/355 4269/103/355
f 4269/103/356 4274/97/356 4275/98/356 4270/104/356
f 4270/104/357 4275/98/357 4276/99/357 4271/105/357
f 4271/105/358 4276/99/358 4277/100/358 4272/106/358
f 4272/106/354 4277/100/354 4278/13/354 4273/11/354
f 4224/107/359 4223/101/359 4269/103/359 4264/108/359
f 4264/108/360 4269/103/360 4270/104/360 4265/109/360
f 4265/109/361 4270/104/361 4271/105/361 4266/110/361
f 4266/110/362 4271/105/362 4272/106/362 4267/111/362
f 4267/111/363 4272/106/363 4273/11/363 4268/9/363
f 4259/112/364 4264/108/364 4265/109/364 4260/113/364
f 4260/113/365 4265/109/365 4266/110/365 4261/114/365
f 4261/114/366 4266/110/366 4267/111/366 4262/115/366
f 4262/115/367 4267/111/367 4268/9/367 4263/6/367
f 4254/116/368 4259/112/368 4260/113/368 4255/117/368
f 4255/117/369 4260/113/369 4261/114/369 4256/118/369
f 4256/118/1195 4261/114/1195 4262/115/1195 4257/119/1195
f 4257/119/2421 4262/115/2421 4263/6/2421 4258/5/2421
f 4252/120/1196 4256/118/1196 4257/119/1196 4253/121/1196
f 4289/85/373 4245/122/373 4244/123/373 4290/86/373
f 4290/86/374 4244/123/374 4243/124/374 4291/88/374
f 4216/125/375 4214/126/375 4250/127/375 4329/39/375
f 4329/39/376 4250/127/376 4249/128/376 4330/40/376
f 4330/40/377 4249/128/377 4248/129/377 4331/42/377
f 4331/42/378 4248/129/378 4247/130/378 4332/44/378
f 4332/44/379 4247/130/379 4246/2/379 4333/1/379
f 4214/126/380 4215/131/380 4251/132/380 4250/127/380
f 4248/129/381 4252/120/381 4253/121/381 4247/130/381
f 4209/133/382 4210/134/382 4242/135/382 4241/136/382
f 4239/137/383 4243/138/383 4244/139/383 4238/140/383
f 4238/140/384 4244/139/384 4245/141/384 4237/142/384
f 4334/143/385 4335/144/385 4336/145/385
f 4337/146/386 4338/147/386 4339/148/386 4340/149/386
f 4341/150/387 4342/151/387 4343/152/387 4344/153/387
f 4345/154/388 4346/155/388 4347/156/388 4348/157/388
f 4349/158/389 4350/159/389 4351/160/389 4352/161/389
f 4353/162/390 4354/163/390 4355/164/390 4356/165/390
f 4361/170/392 4362/171/392 4363/172/392 4364/173/392
f 4369/178/394 4370/179/394 4371/180/394 4372/181/394
f 4373/182/395 4374/183/395 4375/184/395 4376/185/395
f 4377/186/396 4378/187/396 4379/188/396 4380/189/396
f 4381/190/397 4382/191/397 4383/192/397 4384/193/397
f 4385/194/398 4386/195/398 4387/196/398 4388/197/398
f 4389/198/399 4390/199/399 4391/200/399 4392/201/399
f 4345/202/400 4348/203/400 4334/204/400 4336/205/400 4245/122/400 4289/85/400
f 4237/142/401 4245/141/401 4336/145/401 4335/144/401 4211/206/401
f 4211/206/402 4335/144/402 4334/143/402 4348/157/402 4347/156/402 4221/207/402
f 4337/146/403 4340/149/403 4216/125/403 4329/39/403 4324/38/403
f 4217/37/404 4224/36/404 4360/169/404 4359/168/404 4339/208/404 4338/209/404
f 4340/210/405 4339/208/405 4359/168/405 4358/167/405 4363/172/405 4362/171/405 4216/211/405
f 4217/53/406 4338/147/406 4337/146/406 4324/38/406 4319/47/406
f 4341/150/407 4344/153/407 4218/52/407 4314/54/407 4309/59/407
f 4219/212/408 4355/164/408 4354/163/408 4222/213/408 4343/214/408 4342/215/408
f 4344/216/409 4343/214/409 4222/213/409 4223/35/409 4218/34/409
f 4219/68/410 4342/151/410 4341/150/410 4309/59/410 4304/63/410
f 4221/207/411 4347/156/411 4346/155/411 4352/161/411 4351/160/411 4220/217/411
f 4349/218/412 4352/219/412 4346/220/412 4345/202/412 4289/85/412 4284/84/412
f 4220/217/413 4351/160/413 4350/159/413 4356/165/413 4355/164/413 4219/212/413
f 4353/221/414 4356/222/414 4350/223/414 4349/218/414 4284/84/414 4279/93/414
f 4222/102/415 4354/224/415 4353/221/415 4279/93/415 4274/97/415
f 4357/225/416 4360/226/416 4224/107/416 4264/108/416 4259/112/416
f 4364/227/417 4363/228/417 4358/229/417 4357/225/417 4259/112/417 4254/116/417
f 4215/131/418 4361/230/418 4364/227/418 4254/116/418 4251/132/418
f 4216/211/419 4362/171/419 4361/170/419 4215/131/419 4214/126/419
f 4365/231/420 4368/232/420 4236/233/420 4378/187/420 4377/186/420 4225/234/420
f 4298/20/421 4303/73/421 4366/175/421 4365/174/421 4225/21/421
f 4226/33/422 4235/32/422 4236/233/422 4368/232/422 4367/235/422
f 4303/73/423 4308/23/423 4226/26/423 4367/176/423 4366/175/423
f 4369/236/424 4372/237/424 4233/238/424 4234/31/424 4227/30/424
f 4313/24/425 4318/58/425 4370/179/425 4369/178/425 4227/25/425
f 4228/239/426 4232/240/426 4233/238/426 4372/237/426 4371/241/426
f 4318/58/427 4323/51/427 4228/242/427 4371/180/427 4370/179/427
f 4373/243/428 4376/244/428 4231/245/428 4232/240/428 4228/239/428
f 4323/51/429 4328/46/429 4374/183/429 4373/182/429 4228/242/429
f 4229/29/430 4230/28/430 4231/245/430 4376/244/430 4375/246/430
f 4328/46/431 4333/1/431 4229/4/431 4375/184/431 4374/183/431
f 4293/92/432 4242/247/432 4210/248/432 4380/249/432 4379/250/432
f 4225/234/433 4377/186/433 4380/189/433 4210/251/433 4209/252/433
f 4288/17/434 4293/92/434 4379/250/434 4378/253/434 4236/18/434
f 4241/136/435 4242/135/435 4381/190/435 4384/193/435 4240/254/435
f 4292/90/436 4382/255/436 4381/256/436 4242/247/436 4293/92/436
f 4240/254/437 4384/193/437 4383/192/437 4243/138/437 4239/137/437
f 4291/88/438 4243/124/438 4383/257/438 4382/255/438 4292/90/438
f 4250/127/439 4251/132/439 4385/194/439 4388/197/439 4249/128/439
f 4251/132/440 4254/116/440 4255/117/440 4386/195/440 4385/194/440
f 4249/128/441 4388/197/441 4387/196/441 4252/120/441 4248/129/441
f 4387/196/442 4386/195/442 4255/117/442 4256/118/442 4252/120/442
f 4392/201/443 4391/200/443 4258/5/443 4230/8/443 4213/27/443
f 4247/130/2422 4253/121/2422 4390/199/2422 4389/198/2422 4246/2/2422
f 4246/2/1205 4389/198/1205 4392/201/1205 4213/27/1205 4212/3/1205
f 4253/121/446 4257/119/446 4258/5/446 4391/200/446 4390/199/446
f 4517/1/447 4430/2/447 4396/3/447 4413/4/447
f 4442/5/448 4447/6/448 4415/7/448 4414/8/448
f 4447/6/449 4452/9/449 4416/10/449 4415/7/449
f 4452/9/450 4457/11/450 4417/12/450 4416/10/450
f 4457/11/451 4462/13/451 4418/14/451 4417/12/451
f 4462/13/452 4467/15/452 4419/16/452 4418/14/452
f 4467/15/453 4472/17/453 4420/18/453 4419/16/453
f 4425/19/454 4482/20/454 4409/21/454 4393/22/454
f 4492/23/455 4497/24/455 4411/25/455 4410/26/455
f 4396/3/1207 4397/27/1207 4414/28/1207 4413/29/1207
f 4411/30/457 4418/31/457 4419/32/457 4410/33/457
f 4402/34/458 4407/35/458 4408/36/458 4401/37/458
f 4508/38/459 4513/39/459 4514/40/459 4509/41/459
f 4509/41/460 4514/40/460 4515/42/460 4510/43/460
f 4510/43/461 4515/42/461 4516/44/461 4511/45/461
f 4511/45/462 4516/44/462 4517/1/462 4512/46/462
f 4503/47/463 4508/38/463 4509/41/463 4504/48/463
f 4504/48/464 4509/41/464 4510/43/464 4505/49/464
f 4505/49/465 4510/43/465 4511/45/465 4506/50/465
f 4506/50/466 4511/45/466 4512/46/466 4507/51/466
f 4402/52/467 4401/53/467 4503/47/467 4498/54/467
f 4498/54/468 4503/47/468 4504/48/468 4499/55/468
f 4499/55/469 4504/48/469 4505/49/469 4500/56/469
f 4500/56/470 4505/49/470 4506/50/470 4501/57/470
f 4501/57/471 4506/50/471 4507/51/471 4502/58/471
f 4493/59/472 4498/54/472 4499/55/472 4494/60/472
f 4494/60/473 4499/55/473 4500/56/473 4495/61/473
f 4495/61/471 4500/56/471 4501/57/471 4496/62/471
f 4496/62/474 4501/57/474 4502/58/474 4497/24/474
f 4488/63/466 4493/59/466 4494/60/466 4489/64/466
f 4489/64/473 4494/60/473 4495/61/473 4490/65/473
f 4490/65/471 4495/61/471 4496/62/471 4491/66/471
f 4491/66/475 4496/62/475 4497/24/475 4492/23/475
f 4404/67/476 4403/68/476 4488/63/476 4483/69/476
f 4483/69/477 4488/63/477 4489/64/477 4484/70/477
f 4484/70/478 4489/64/478 4490/65/478 4485/71/478
f 4485/71/479 4490/65/479 4491/66/479 4486/72/479
f 4486/72/480 4491/66/480 4492/23/480 4487/73/480
f 4405/74/481 4404/67/481 4483/69/481 4478/75/481
f 4478/75/482 4483/69/482 4484/70/482 4479/76/482
f 4479/76/483 4484/70/483 4485/71/483 4480/77/483
f 4480/77/484 4485/71/484 4486/72/484 4481/78/484
f 4481/78/485 4486/72/485 4487/73/485 4482/20/485
f 4395/79/486 4405/74/486 4478/75/486 4421/80/486
f 4421/80/487 4478/75/487 4479/76/487 4422/81/487
f 4422/81/488 4479/76/488 4480/77/488 4423/82/488
f 4423/82/489 4480/77/489 4481/78/489 4424/83/489
f 4424/83/490 4481/78/490 4482/20/490 4425/19/490
f 4468/84/491 4473/85/491 4474/86/491 4469/87/491
f 4469/87/492 4474/86/492 4475/88/492 4470/89/492
f 4470/89/493 4475/88/493 4476/90/493 4471/91/493
f 4471/91/494 4476/90/494 4477/92/494 4472/17/494
f 4463/93/2423 4468/84/2423 4469/87/2423 4464/94/2423
f 4464/94/496 4469/87/496 4470/89/496 4465/95/496
f 4465/95/497 4470/89/497 4471/91/497 4466/96/497
f 4466/96/498 4471/91/498 4472/17/498 4467/15/498
f 4458/97/499 4463/93/499 4464/94/499 4459/98/499
f 4459/98/500 4464/94/500 4465/95/500 4460/99/500
f 4460/99/501 4465/95/501 4466/96/501 4461/100/501
f 4461/100/502 4466/96/502 4467/15/502 4462/13/502
f 4407/101/503 4406/102/503 4458/97/503 4453/103/503
f 4453/103/504 4458/97/504 4459/98/504 4454/104/504
f 4454/104/505 4459/98/505 4460/99/505 4455/105/505
f 4455/105/506 4460/99/506 4461/100/506 4456/106/506
f 4456/106/502 4461/100/502 4462/13/502 4457/11/502
f 4408/107/507 4407/101/507 4453/103/507 4448/108/507
f 4448/108/508 4453/103/508 4454/104/508 4449/109/508
f 4449/109/509 4454/104/509 4455/105/509 4450/110/509
f 4450/110/510 4455/105/510 4456/106/510 4451/111/510
f 4451/111/511 4456/106/511 4457/11/511 4452/9/511
f 4443/112/512 4448/108/512 4449/109/512 4444/113/512
f 4444/113/513 4449/109/513 4450/110/513 4445/114/513
f 4445/114/514 4450/110/514 4451/111/514 4446/115/514
f 4446/115/515 4451/111/515 4452/9/515 4447/6/515
f 4438/116/516 4443/112/516 4444/113/516 4439/117/516
f 4439/117/517 4444/113/517 4445/114/517 4440/118/517
f 4440/118/518 4445/114/518 4446/115/518 4441/119/518
f 4441/119/519 4446/115/519 4447/6/519 4442/5/519
f 4436/120/520 4440/118/520 4441/119/520 4437/121/520
f 4473/85/521 4429/122/521 4428/123/521 4474/86/521
f 4474/86/522 4428/123/522 4427/124/522 4475/88/522
f 4400/125/523 4398/126/523 4434/127/523 4513/39/523
f 4513/39/524 4434/127/524 4433/128/524 4514/40/524
f 4514/40/525 4433/128/525 4432/129/525 4515/42/525
f 4515/42/526 4432/129/526 4431/130/526 4516/44/526
f 4516/44/527 4431/130/527 4430/2/527 4517/1/527
f 4398/126/528 4399/131/528 4435/132/528 4434/127/528
f 4432/129/529 4436/120/529 4437/121/529 4431/130/529
f 4393/133/530 4394/134/530 4426/135/530 4425/136/530
f 4423/137/531 4427/138/531 4428/139/531 4422/140/531
f 4422/140/532 4428/139/532 4429/141/532 4421/142/532
f 4518/143/533 4519/144/533 4520/145/533
f 4521/146/534 4522/147/534 4523/148/534 4524/149/534
f 4525/150/535 4526/151/535 4527/152/535 4528/153/535
f 4529/154/536 4530/155/536 4531/156/536 4532/157/536
f 4533/158/537 4534/159/537 4535/160/537 4536/161/537
f 4537/162/538 4538/163/538 4539/164/538 4540/165/538
f 4545/170/540 4546/171/540 4547/172/540 4548/173/540
f 4553/178/542 4554/179/542 4555/180/542 4556/181/542
f 4557/182/2424 4558/183/2424 4559/184/2424 4560/185/2424
f 4561/186/544 4562/187/544 4563/188/544 4564/189/544
f 4565/190/545 4566/191/545 4567/192/545 4568/193/545
f 4569/194/546 4570/195/546 4571/196/546 4572/197/546
f 4573/198/547 4574/199/547 4575/200/547 4576/201/547
f 4529/202/548 4532/203/548 4518/204/548 4520/205/548 4429/122/548 4473/85/548
f 4421/142/549 4429/141/549 4520/145/549 4519/144/549 4395/206/549
f 4395/206/550 4519/144/550 4518/143/550 4532/157/550 4531/156/550 4405/207/550
f 4521/146/551 4524/149/551 4400/125/551 4513/39/551 4508/38/551
f 4401/37/552 4408/36/552 4544/169/552 4543/168/552 4523/208/552 4522/209/552
f 4524/210/553 4523/208/553 4543/168/553 4542/167/553 4547/172/553 4546/171/553 4400/211/553
f 4401/53/554 4522/147/554 4521/146/554 4508/38/554 4503/47/554
f 4525/150/555 4528/153/555 4402/52/555 4498/54/555 4493/59/555
f 4403/212/556 4539/164/556 4538/163/556 4406/213/556 4527/214/556 4526/215/556
f 4528/216/557 4527/214/557 4406/213/557 4407/35/557 4402/34/557
f 4403/68/558 4526/151/558 4525/150/558 4493/59/558 4488/63/558
f 4405/207/559 4531/156/559 4530/155/559 4536/161/559 4535/160/559 4404/217/559
f 4533/218/560 4536/219/560 4530/220/560 4529/202/560 4473/85/560 4468/84/560
f 4404/217/561 4535/160/561 4534/159/561 4540/165/561 4539/164/561 4403/212/561
f 4537/221/562 4540/222/562 4534/223/562 4533/218/562 4468/84/562 4463/93/562
f 4406/102/563 4538/224/563 4537/221/563 4463/93/563 4458/97/563
f 4541/225/564 4544/226/564 4408/107/564 4448/108/564 4443/112/564
f 4548/227/565 4547/228/565 4542/229/565 4541/225/565 4443/112/565 4438/116/565
f 4399/131/566 4545/230/566 4548/227/566 4438/116/566 4435/132/566
f 4400/211/567 4546/171/567 4545/170/567 4399/131/567 4398/126/567
f 4549/231/568 4552/232/568 4420/233/568 4562/187/568 4561/186/568 4409/234/568
f 4482/20/569 4487/73/569 4550/175/569 4549/174/569 4409/21/569
f 4410/33/570 4419/32/570 4420/233/570 4552/232/570 4551/235/570
f 4487/73/571 4492/23/571 4410/26/571 4551/176/571 4550/175/571
f 4553/236/572 4556/237/572 4417/238/572 4418/31/572 4411/30/572
f 4497/24/573 4502/58/573 4554/179/573 4553/178/573 4411/25/573
f 4412/239/574 4416/240/574 4417/238/574 4556/237/574 4555/241/574
f 4502/58/575 4507/51/575 4412/242/575 4555/180/575 4554/179/575
f 4557/243/576 4560/244/576 4415/245/576 4416/240/576 4412/239/576
f 4507/51/577 4512/46/577 4558/183/577 4557/182/577 4412/242/577
f 4413/29/578 4414/28/578 4415/245/578 4560/244/578 4559/246/578
f 4512/46/579 4517/1/579 4413/4/579 4559/184/579 4558/183/579
f 4477/92/580 4426/247/580 4394/248/580 4564/249/580 4563/250/580
f 4409/234/581 4561/186/581 4564/189/581 4394/251/581 4393/252/581
f 4472/17/582 4477/92/582 4563/250/582 4562/253/582 4420/18/582
f 4425/136/583 4426/135/583 4565/190/583 4568/193/583 4424/254/583
f 4476/90/584 4566/255/584 4565/256/584 4426/247/584 4477/92/584
f 4424/254/585 4568/193/585 4567/192/585 4427/138/585 4423/137/585
f 4475/88/586 4427/124/586 4567/257/586 4566/255/586 4476/90/586
f 4434/127/587 4435/132/587 4569/194/587 4572/197/587 4433/128/587
f 4435/132/588 4438/116/588 4439/117/588 4570/195/588 4569/194/588
f 4433/128/589 4572/197/589 4571/196/589 4436/120/589 4432/129/589
f 4571/196/590 4570/195/590 4439/117/590 4440/118/590 4436/120/590
f 4576/201/591 4575/200/591 4442/5/591 4414/8/591 4397/27/591
f 4431/130/592 4437/121/592 4574/199/592 4573/198/592 4430/2/592
f 4430/2/593 4573/198/593 4576/201/593 4397/27/593 4396/3/593
f 4437/121/594 4441/119/594 4442/5/594 4575/200/594 4574/199/594
f 4701/1/595 4614/2/595 4580/3/595 4597/4/595
f 4626/5/596 4631/6/596 4599/7/596 4598/8/596
f 4631/6/597 4636/9/597 4600/10/597 4599/7/597
f 4636/9/598 4641/11/598 4601/12/598 4600/10/598
f 4641/11/599 4646/13/599 4602/14/599 4601/12/599
f 4646/13/600 4651/15/600 4603/16/600 4602/14/600
f 4651/15/601 4656/17/601 4604/18/601 4603/16/601
f 4609/19/602 4666/20/602 4593/21/602 4577/22/602
f 4676/23/603 4681/24/603 4595/25/603 4594/26/603
f 4580/3/604 4581/27/604 4598/28/604 4597/29/604
f 4595/30/605 4602/31/605 4603/32/605 4594/33/605
f 4586/34/606 4591/35/606 4592/36/606 4585/37/606
f 4692/38/607 4697/39/607 4698/40/607 4693/41/607
f 4693/41/608 4698/40/608 4699/42/608 4694/43/608
f 4694/43/609 4699/42/609 4700/44/609 4695/45/609
f 4695/45/610 4700/44/610 4701/1/610 4696/46/610
f 4687/47/611 4692/38/611 4693/41/611 4688/48/611
f 4688/48/612 4693/41/612 4694/43/612 4689/49/612
f 4689/49/613 4694/43/613 4695/45/613 4690/50/613
f 4690/50/614 4695/45/614 4696/46/614 4691/51/614
f 4586/52/615 4585/53/615 4687/47/615 4682/54/615
f 4682/54/616 4687/47/616 4688/48/616 4683/55/616
f 4683/55/617 4688/48/617 4689/49/617 4684/56/617
f 4684/56/618 4689/49/618 4690/50/618 4685/57/618
f 4685/57/619 4690/50/619 4691/51/619 4686/58/619
f 4677/59/620 4682/54/620 4683/55/620 4678/60/620
f 4678/60/619 4683/55/619 4684/56/619 4679/61/619
f 4679/61/621 4684/56/621 4685/57/621 4680/62/621
f 4680/62/622 4685/57/622 4686/58/622 4681/24/622
f 4672/63/623 4677/59/623 4678/60/623 4673/64/623
f 4673/64/624 4678/60/624 4679/61/624 4674/65/624
f 4674/65/625 4679/61/625 4680/62/625 4675/66/625
f 4675/66/626 4680/62/626 4681/24/626 4676/23/626
f 4588/67/627 4587/68/627 4672/63/627 4667/69/627
f 4667/69/628 4672/63/628 4673/64/628 4668/70/628
f 4668/70/629 4673/64/629 4674/65/629 4669/71/629
f 4669/71/630 4674/65/630 4675/66/630 4670/72/630
f 4670/72/631 4675/66/631 4676/23/631 4671/73/631
f 4589/74/632 4588/67/632 4667/69/632 4662/75/632
f 4662/75/633 4667/69/633 4668/70/633 4663/76/633
f 4663/76/634 4668/70/634 4669/71/634 4664/77/634
f 4664/77/635 4669/71/635 4670/72/635 4665/78/635
f 4665/78/636 4670/72/636 4671/73/636 4666/20/636
f 4579/79/637 4589/74/637 4662/75/637 4605/80/637
f 4605/80/638 4662/75/638 4663/76/638 4606/81/638
f 4606/81/639 4663/76/639 4664/77/639 4607/82/639
f 4607/82/640 4664/77/640 4665/78/640 4608/83/640
f 4608/83/641 4665/78/641 4666/20/641 4609/19/641
f 4652/84/642 4657/85/642 4658/86/642 4653/87/642
f 4653/87/643 4658/86/643 4659/88/643 4654/89/643
f 4654/89/644 4659/88/644 4660/90/644 4655/91/644
f 4655/91/645 4660/90/645 4661/92/645 4656/17/645
f 4647/93/646 4652/84/646 4653/87/646 4648/94/646
f 4648/94/647 4653/87/647 4654/89/647 4649/95/647
f 4649/95/648 4654/89/648 4655/91/648 4650/96/648
f 4650/96/649 4655/91/649 4656/17/649 4651/15/649
f 4642/97/650 4647/93/650 4648/94/650 4643/98/650
f 4643/98/651 4648/94/651 4649/95/651 4644/99/651
f 4644/99/652 4649/95/652 4650/96/652 4645/100/652
f 4645/100/653 4650/96/653 4651/15/653 4646/13/653
f 4591/101/654 4590/102/654 4642/97/654 4637/103/654
f 4637/103/655 4642/97/655 4643/98/655 4638/104/655
f 4638/104/656 4643/98/656 4644/99/656 4639/105/656
f 4639/105/657 4644/99/657 4645/100/657 4640/106/657
f 4640/106/653 4645/100/653 4646/13/653 4641/11/653
f 4592/107/658 4591/101/658 4637/103/658 4632/108/658
f 4632/108/659 4637/103/659 4638/104/659 4633/109/659
f 4633/109/660 4638/104/660 4639/105/660 4634/110/660
f 4634/110/661 4639/105/661 4640/106/661 4635/111/661
f 4635/111/662 4640/106/662 4641/11/662 4636/9/662
f 4627/112/663 4632/108/663 4633/109/663 4628/113/663
f 4628/113/664 4633/109/664 4634/110/664 4629/114/664
f 4629/114/665 4634/110/665 4635/111/665 4630/115/665
f 4630/115/666 4635/111/666 4636/9/666 4631/6/666
f 4622/116/667 4627/112/667 4628/113/667 4623/117/667
f 4623/117/668 4628/113/668 4629/114/668 4624/118/668
f 4624/118/669 4629/114/669 4630/115/669 4625/119/669
f 4625/119/670 4630/115/670 4631/6/670 4626/5/670
f 4620/120/671 4624/118/671 4625/119/671 4621/121/671
f 4657/85/672 4613/122/672 4612/123/672 4658/86/672
f 4658/86/673 4612/123/673 4611/124/673 4659/88/673
f 4584/125/674 4582/126/674 4618/127/674 4697/39/674
f 4697/39/675 4618/127/675 4617/128/675 4698/40/675
f 4698/40/676 4617/128/676 4616/129/676 4699/42/676
f 4699/42/677 4616/129/677 4615/130/677 4700/44/677
f 4700/44/678 4615/130/678 4614/2/678 4701/1/678
f 4582/126/679 4583/131/679 4619/132/679 4618/127/679
f 4616/129/680 4620/120/680 4621/121/680 4615/130/680
f 4577/133/681 4578/134/681 4610/135/681 4609/136/681
f 4607/137/682 4611/138/682 4612/139/682 4606/140/682
f 4606/140/683 4612/139/683 4613/141/683 4605/142/683
f 4702/143/684 4703/144/684 4704/145/684
f 4705/146/685 4706/147/685 4707/148/685 4708/149/685
f 4709/150/686 4710/151/686 4711/152/686 4712/153/686
f 4713/154/687 4714/155/687 4715/156/687 4716/157/687
f 4717/158/688 4718/159/688 4719/160/688 4720/161/688
f 4721/162/689 4722/163/689 4723/164/689 4724/165/689
f 4729/170/691 4730/171/691 4731/172/691 4732/173/691
f 4737/178/693 4738/179/693 4739/180/693 4740/181/693
f 4741/182/694 4742/183/694 4743/184/694 4744/185/694
f 4745/186/695 4746/187/695 4747/188/695 4748/189/695
f 4749/190/696 4750/191/696 4751/192/696 4752/193/696
f 4753/194/697 4754/195/697 4755/196/697 4756/197/697
f 4757/198/698 4758/199/698 4759/200/698 4760/201/698
f 4713/202/699 4716/203/699 4702/204/699 4704/205/699 4613/122/699 4657/85/699
f 4605/142/700 4613/141/700 4704/145/700 4703/144/700 4579/206/700
f 4579/206/701 4703/144/701 4702/143/701 4716/157/701 4715/156/701 4589/207/701
f 4705/146/702 4708/149/702 4584/125/702 4697/39/702 4692/38/702
f 4585/37/703 4592/36/703 4728/169/703 4727/168/703 4707/208/703 4706/209/703
f 4708/210/704 4707/208/704 4727/168/704 4726/167/704 4731/172/704 4730/171/704 4584/211/704
f 4585/53/705 4706/147/705 4705/146/705 4692/38/705 4687/47/705
f 4709/150/706 4712/153/706 4586/52/706 4682/54/706 4677/59/706
f 4587/212/707 4723/164/707 4722/163/707 4590/213/707 4711/214/707 4710/215/707
f 4712/216/708 4711/214/708 4590/213/708 4591/35/708 4586/34/708
f 4587/68/709 4710/151/709 4709/150/709 4677/59/709 4672/63/709
f 4589/207/710 4715/156/710 4714/155/710 4720/161/710 4719/160/710 4588/217/710
f 4717/218/711 4720/219/711 4714/220/711 4713/202/711 4657/85/711 4652/84/711
f 4588/217/712 4719/160/712 4718/159/712 4724/165/712 4723/164/712 4587/212/712
f 4721/221/713 4724/222/713 4718/223/713 4717/218/713 4652/84/713 4647/93/713
f 4590/102/714 4722/224/714 4721/221/714 4647/93/714 4642/97/714
f 4725/225/715 4728/226/715 4592/107/715 4632/108/715 4627/112/715
f 4732/227/2425 4731/228/2425 4726/229/2425 4725/225/2425 4627/112/2425 4622/116/2425
f 4583/131/717 4729/230/717 4732/227/717 4622/116/717 4619/132/717
f 4584/211/718 4730/171/718 4729/170/718 4583/131/718 4582/126/718
f 4733/231/719 4736/232/719 4604/233/719 4746/187/719 4745/186/719 4593/234/719
f 4666/20/720 4671/73/720 4734/175/720 4733/174/720 4593/21/720
f 4594/33/721 4603/32/721 4604/233/721 4736/232/721 4735/235/721
f 4671/73/722 4676/23/722 4594/26/722 4735/176/722 4734/175/722
f 4737/236/723 4740/237/723 4601/238/723 4602/31/723 4595/30/723
f 4681/24/724 4686/58/724 4738/179/724 4737/178/724 4595/25/724
f 4596/239/725 4600/240/725 4601/238/725 4740/237/725 4739/241/725
f 4686/58/726 4691/51/726 4596/242/726 4739/180/726 4738/179/726
f 4741/243/727 4744/244/727 4599/245/727 4600/240/727 4596/239/727
f 4691/51/728 4696/46/728 4742/183/728 4741/182/728 4596/242/728
f 4597/29/729 4598/28/729 4599/245/729 4744/244/729 4743/246/729
f 4696/46/730 4701/1/730 4597/4/730 4743/184/730 4742/183/730
f 4661/92/731 4610/247/731 4578/248/731 4748/249/731 4747/250/731
f 4593/234/732 4745/186/732 4748/189/732 4578/251/732 4577/252/732
f 4656/17/733 4661/92/733 4747/250/733 4746/253/733 4604/18/733
f 4609/136/734 4610/135/734 4749/190/734 4752/193/734 4608/254/734
f 4660/90/735 4750/255/735 4749/256/735 4610/247/735 4661/92/735
f 4608/254/736 4752/193/736 4751/192/736 4611/138/736 4607/137/736
f 4659/88/737 4611/124/737 4751/257/737 4750/255/737 4660/90/737
f 4618/127/738 4619/132/738 4753/194/738 4756/197/738 4617/128/738
f 4619/132/739 4622/116/739 4623/117/739 4754/195/739 4753/194/739
f 4617/128/740 4756/197/740 4755/196/740 4620/120/740 4616/129/740
f 4755/196/741 4754/195/741 4623/117/741 4624/118/741 4620/120/741
f 4760/201/742 4759/200/742 4626/5/742 4598/8/742 4581/27/742
f 4615/130/743 4621/121/743 4758/199/743 4757/198/743 4614/2/743
f 4614/2/2426 4757/198/2426 4760/201/2426 4581/27/2426 4580/3/2426
f 4621/121/745 4625/119/745 4626/5/745 4759/200/745 4758/199/745
f 4885/1/746 4798/2/746 4764/3/746 4781/4/746
f 4810/5/747 4815/6/747 4783/7/747 4782/8/747
f 4815/6/748 4820/9/748 4784/10/748 4783/7/748
f 4820/9/749 4825/11/749 4785/12/749 4784/10/749
f 4825/11/750 4830/13/750 4786/14/750 4785/12/750
f 4830/13/751 4835/15/751 4787/16/751 4786/14/751
f 4835/15/752 4840/17/752 4788/18/752 4787/16/752
f 4793/19/753 4850/20/753 4777/21/753 4761/22/753
f 4860/23/754 4865/24/754 4779/25/754 4778/26/754
f 4764/3/755 4765/27/755 4782/28/755 4781/29/755
f 4779/30/756 4786/31/756 4787/32/756 4778/33/756
f 4770/34/757 4775/35/757 4776/36/757 4769/37/757
f 4876/38/758 4881/39/758 4882/40/758 4877/41/758
f 4877/41/759 4882/40/759 4883/42/759 4878/43/759
f 4878/43/760 4883/42/760 4884/44/760 4879/45/760
f 4879/45/761 4884/44/761 4885/1/761 4880/46/761
f 4871/47/762 4876/38/762 4877/41/762 4872/48/762
f 4872/48/763 4877/41/763 4878/43/763 4873/49/763
f 4873/49/764 4878/43/764 4879/45/764 4874/50/764
f 4874/50/765 4879/45/765 4880/46/765 4875/51/765
f 4770/52/766 4769/53/766 4871/47/766 4866/54/766
f 4866/54/767 4871/47/767 4872/48/767 4867/55/767
f 4867/55/768 4872/48/768 4873/49/768 4868/56/768
f 4868/56/769 4873/49/769 4874/50/769 4869/57/769
f 4869/57/770 4874/50/770 4875/51/770 4870/58/770
f 4861/59/771 4866/54/771 4867/55/771 4862/60/771
f 4862/60/770 4867/55/770 4868/56/770 4863/61/770
f 4863/61/772 4868/56/772 4869/57/772 4864/62/772
f 4864/62/773 4869/57/773 4870/58/773 4865/24/773
f 4856/63/765 4861/59/765 4862/60/765 4857/64/765
f 4857/64/770 4862/60/770 4863/61/770 4858/65/770
f 4858/65/772 4863/61/772 4864/62/772 4859/66/772
f 4859/66/774 4864/62/774 4865/24/774 4860/23/774
f 4772/67/775 4771/68/775 4856/63/775 4851/69/775
f 4851/69/776 4856/63/776 4857/64/776 4852/70/776
f 4852/70/777 4857/64/777 4858/65/777 4853/71/777
f 4853/71/778 4858/65/778 4859/66/778 4854/72/778
f 4854/72/779 4859/66/779 4860/23/779 4855/73/779
f 4773/74/780 4772/67/780 4851/69/780 4846/75/780
f 4846/75/781 4851/69/781 4852/70/781 4847/76/781
f 4847/76/782 4852/70/782 4853/71/782 4848/77/782
f 4848/77/783 4853/71/783 4854/72/783 4849/78/783
f 4849/78/784 4854/72/784 4855/73/784 4850/20/784
f 4763/79/2427 4773/74/2427 4846/75/2427 4789/80/2427
f 4789/80/786 4846/75/786 4847/76/786 4790/81/786
f 4790/81/787 4847/76/787 4848/77/787 4791/82/787
f 4791/82/788 4848/77/788 4849/78/788 4792/83/788
f 4792/83/789 4849/78/789 4850/20/789 4793/19/789
f 4836/84/790 4841/85/790 4842/86/790 4837/87/790
f 4837/87/791 4842/86/791 4843/88/791 4838/89/791
f 4838/89/792 4843/88/792 4844/90/792 4839/91/792
f 4839/91/793 4844/90/793 4845/92/793 4840/17/793
f 4831/93/794 4836/84/794 4837/87/794 4832/94/794
f 4832/94/795 4837/87/795 4838/89/795 4833/95/795
f 4833/95/796 4838/89/796 4839/91/796 4834/96/796
f 4834/96/797 4839/91/797 4840/17/797 4835/15/797
f 4826/97/798 4831/93/798 4832/94/798 4827/98/798
f 4827/98/799 4832/94/799 4833/95/799 4828/99/799
f 4828/99/800 4833/95/800 4834/96/800 4829/100/800
f 4829/100/801 4834/96/801 4835/15/801 4830/13/801
f 4775/101/802 4774/102/802 4826/97/802 4821/103/802
f 4821/103/803 4826/97/803 4827/98/803 4822/104/803
f 4822/104/804 4827/98/804 4828/99/804 4823/105/804
f 4823/105/805 4828/99/805 4829/100/805 4824/106/805
f 4824/106/801 4829/100/801 4830/13/801 4825/11/801
f 4776/107/806 4775/101/806 4821/103/806 4816/108/806
f 4816/108/807 4821/103/807 4822/104/807 4817/109/807
f 4817/109/808 4822/104/808 4823/105/808 4818/110/808
f 4818/110/809 4823/105/809 4824/106/809 4819/111/809
f 4819/111/810 4824/106/810 4825/11/810 4820/9/810
f 4811/112/811 4816/108/811 4817/109/811 4812/113/811
f 4812/113/812 4817/109/812 4818/110/812 4813/114/812
f 4813/114/813 4818/110/813 4819/111/813 4814/115/813
f 4814/115/814 4819/111/814 4820/9/814 4815/6/814
f 4806/116/815 4811/112/815 4812/113/815 4807/117/815
f 4807/117/816 4812/113/816 4813/114/816 4808/118/816
f 4808/118/817 4813/114/817 4814/115/817 4809/119/817
f 4809/119/818 4814/115/818 4815/6/818 4810/5/818
f 4804/120/819 4808/118/819 4809/119/819 4805/121/819
f 4841/85/820 4797/122/820 4796/123/820 4842/86/820
f 4842/86/821 4796/123/821 4795/124/821 4843/88/821
f 4768/125/822 4766/126/822 4802/127/822 4881/39/822
f 4881/39/823 4802/127/823 4801/128/823 4882/40/823
f 4882/40/824 4801/128/824 4800/129/824 4883/42/824
f 4883/42/825 4800/129/825 4799/130/825 4884/44/825
f 4884/44/826 4799/130/826 4798/2/826 4885/1/826
f 4766/126/827 4767/131/827 4803/132/827 4802/127/827
f 4800/129/828 4804/120/828 4805/121/828 4799/130/828
f 4761/133/829 4762/134/829 4794/135/829 4793/136/829
f 4791/137/830 4795/138/830 4796/139/830 4790/140/830
f 4790/140/831 4796/139/831 4797/141/831 4789/142/831
f 4886/143/2428 4887/144/2428 4888/145/2428
f 4889/146/833 4890/147/833 4891/148/833 4892/149/833
f 4893/150/834 4894/151/834 4895/152/834 4896/153/834
f 4897/154/835 4898/155/835 4899/156/835 4900/157/835
f 4901/158/836 4902/159/836 4903/160/836 4904/161/836
f 4905/162/837 4906/163/837 4907/164/837 4908/165/837
f 4913/170/839 4914/171/839 4915/172/839 4916/173/839
f 4921/178/2431 4922/179/2431 4923/180/2431 4924/181/2431
f 4925/182/842 4926/183/842 4927/184/842 4928/185/842
f 4929/186/843 4930/187/843 4931/188/843 4932/189/843
f 4933/190/844 4934/191/844 4935/192/844 4936/193/844
f 4937/194/845 4938/195/845 4939/196/845 4940/197/845
f 4941/198/846 4942/199/846 4943/200/846 4944/201/846
f 4897/202/847 4900/203/847 4886/204/847 4888/205/847 4797/122/847 4841/85/847
f 4789/142/848 4797/141/848 4888/145/848 4887/144/848 4763/206/848
f 4763/206/849 4887/144/849 4886/143/849 4900/157/849 4899/156/849 4773/207/849
f 4889/146/850 4892/149/850 4768/125/850 4881/39/850 4876/38/850
f 4769/37/851 4776/36/851 4912/169/851 4911/168/851 4891/208/851 4890/209/851
f 4892/210/852 4891/208/852 4911/168/852 4910/167/852 4915/172/852 4914/171/852 4768/211/852
f 4769/53/853 4890/147/853 4889/146/853 4876/38/853 4871/47/853
f 4893/150/854 4896/153/854 4770/52/854 4866/54/854 4861/59/854
f 4771/212/855 4907/164/855 4906/163/855 4774/213/855 4895/214/855 4894/215/855
f 4896/216/856 4895/214/856 4774/213/856 4775/35/856 4770/34/856
f 4771/68/857 4894/151/857 4893/150/857 4861/59/857 4856/63/857
f 4773/207/858 4899/156/858 4898/155/858 4904/161/858 4903/160/858 4772/217/858
f 4901/218/859 4904/219/859 4898/220/859 4897/202/859 4841/85/859 4836/84/859
f 4772/217/860 4903/160/860 4902/159/860 4908/165/860 4907/164/860 4771/212/860
f 4905/221/861 4908/222/861 4902/223/861 4901/218/861 4836/84/861 4831/93/861
f 4774/102/862 4906/224/862 4905/221/862 4831/93/862 4826/97/862
f 4909/225/863 4912/226/863 4776/107/863 4816/108/863 4811/112/863
f 4916/227/864 4915/228/864 4910/229/864 4909/225/864 4811/112/864 4806/116/864
f 4767/131/865 4913/230/865 4916/227/865 4806/116/865 4803/132/865
f 4768/211/866 4914/171/866 4913/170/866 4767/131/866 4766/126/866
f 4917/231/867 4920/232/867 4788/233/867 4930/187/867 4929/186/867 4777/234/867
f 4850/20/868 4855/73/868 4918/175/868 4917/174/868 4777/21/868
f 4778/33/869 4787/32/869 4788/233/869 4920/232/869 4919/235/869
f 4855/73/870 4860/23/870 4778/26/870 4919/176/870 4918/175/870
f 4921/236/871 4924/237/871 4785/238/871 4786/31/871 4779/30/871
f 4865/24/872 4870/58/872 4922/179/872 4921/178/872 4779/25/872
f 4780/239/873 4784/240/873 4785/238/873 4924/237/873 4923/241/873
f 4870/58/874 4875/51/874 4780/242/874 4923/180/874 4922/179/874
f 4925/243/875 4928/244/875 4783/245/875 4784/240/875 4780/239/875
f 4875/51/876 4880/46/876 4926/183/876 4925/182/876 4780/242/876
f 4781/29/877 4782/28/877 4783/245/877 4928/244/877 4927/246/877
f 4880/46/878 4885/1/878 4781/4/878 4927/184/878 4926/183/878
f 4845/92/879 4794/247/879 4762/248/879 4932/249/879 4931/250/879
f 4777/234/880 4929/186/880 4932/189/880 4762/251/880 4761/252/880
f 4840/17/881 4845/92/881 4931/250/881 4930/253/881 4788/18/881
f 4793/136/882 4794/135/882 4933/190/882 4936/193/882 4792/254/882
f 4844/90/883 4934/255/883 4933/256/883 4794/247/883 4845/92/883
f 4792/254/884 4936/193/884 4935/192/884 4795/138/884 4791/137/884
f 4843/88/885 4795/124/885 4935/257/885 4934/255/885 4844/90/885
f 4802/127/886 4803/132/886 4937/194/886 4940/197/886 4801/128/886
f 4803/132/887 4806/116/887 4807/117/887 4938/195/887 4937/194/887
f 4801/128/888 4940/197/888 4939/196/888 4804/120/888 4800/129/888
f 4939/196/889 4938/195/889 4807/117/889 4808/118/889 4804/120/889
f 4944/201/890 4943/200/890 4810/5/890 4782/8/890 4765/27/890
f 4799/130/891 4805/121/891 4942/199/891 4941/198/891 4798/2/891
f 4798/2/892 4941/198/892 4944/201/892 4765/27/892 4764/3/892
f 4805/121/893 4809/119/893 4810/5/893 4943/200/893 4942/199/893
f 5069/1/894 4982/2/894 4948/3/894 4965/4/894
f 4994/5/895 4999/6/895 4967/7/895 4966/8/895
f 4999/6/896 5004/9/896 4968/10/896 4967/7/896
f 5004/9/897 5009/11/897 4969/12/897 4968/10/897
f 5009/11/898 5014/13/898 4970/14/898 4969/12/898
f 5014/13/899 5019/15/899 4971/16/899 4970/14/899
f 5019/15/900 5024/17/900 4972/18/900 4971/16/900
f 4977/19/901 5034/20/901 4961/21/901 4945/22/901
f 5044/23/902 5049/24/902 4963/25/902 4962/26/902
f 4948/3/903 4949/27/903 4966/28/903 4965/29/903
f 4963/30/904 4970/31/904 4971/32/904 4962/33/904
f 4954/34/905 4959/35/905 4960/36/905 4953/37/905
f 5060/38/906 5065/39/906 5066/40/906 5061/41/906
f 5061/41/907 5066/40/907 5067/42/907 5062/43/907
f 5062/43/908 5067/42/908 5068/44/908 5063/45/908
f 5063/45/909 5068/44/909 5069/1/909 5064/46/909
f 5055/47/910 5060/38/910 5061/41/910 5056/48/910
f 5056/48/911 5061/41/911 5062/43/911 5057/49/911
f 5057/49/912 5062/43/912 5063/45/912 5058/50/912
f 5058/50/913 5063/45/913 5064/46/913 5059/51/913
f 4954/52/914 4953/53/914 5055/47/914 5050/54/914
f 5050/54/915 5055/47/915 5056/48/915 5051/55/915
f 5051/55/916 5056/48/916 5057/49/916 5052/56/916
f 5052/56/917 5057/49/917 5058/50/917 5053/57/917
f 5053/57/918 5058/50/918 5059/51/918 5054/58/918
f 5045/59/919 5050/54/919 5051/55/919 5046/60/919
f 5046/60/920 5051/55/920 5052/56/920 5047/61/920
f 5047/61/918 5052/56/918 5053/57/918 5048/62/918
f 5048/62/921 5053/57/921 5054/58/921 5049/24/921
f 5040/63/913 5045/59/913 5046/60/913 5041/64/913
f 5041/64/920 5046/60/920 5047/61/920 5042/65/920
f 5042/65/918 5047/61/918 5048/62/918 5043/66/918
f 5043/66/922 5048/62/922 5049/24/922 5044/23/922
f 4956/67/923 4955/68/923 5040/63/923 5035/69/923
f 5035/69/924 5040/63/924 5041/64/924 5036/70/924
f 5036/70/925 5041/64/925 5042/65/925 5037/71/925
f 5037/71/926 5042/65/926 5043/66/926 5038/72/926
f 5038/72/927 5043/66/927 5044/23/927 5039/73/927
f 4957/74/928 4956/67/928 5035/69/928 5030/75/928
f 5030/75/929 5035/69/929 5036/70/929 5031/76/929
f 5031/76/930 5036/70/930 5037/71/930 5032/77/930
f 5032/77/931 5037/71/931 5038/72/931 5033/78/931
f 5033/78/932 5038/72/932 5039/73/932 5034/20/932
f 4947/79/933 4957/74/933 5030/75/933 4973/80/933
f 4973/80/934 5030/75/934 5031/76/934 4974/81/934
f 4974/81/935 5031/76/935 5032/77/935 4975/82/935
f 4975/82/936 5032/77/936 5033/78/936 4976/83/936
f 4976/83/937 5033/78/937 5034/20/937 4977/19/937
f 5020/84/938 5025/85/938 5026/86/938 5021/87/938
f 5021/87/939 5026/86/939 5027/88/939 5022/89/939
f 5022/89/940 5027/88/940 5028/90/940 5023/91/940
f 5023/91/941 5028/90/941 5029/92/941 5024/17/941
f 5015/93/2432 5020/84/2432 5021/87/2432 5016/94/2432
f 5016/94/943 5021/87/943 5022/89/943 5017/95/943
f 5017/95/944 5022/89/944 5023/91/944 5018/96/944
f 5018/96/945 5023/91/945 5024/17/945 5019/15/945
f 5010/97/946 5015/93/946 5016/94/946 5011/98/946
f 5011/98/947 5016/94/947 5017/95/947 5012/99/947
f 5012/99/948 5017/95/948 5018/96/948 5013/100/948
f 5013/100/949 5018/96/949 5019/15/949 5014/13/949
f 4959/101/950 4958/102/950 5010/97/950 5005/103/950
f 5005/103/951 5010/97/951 5011/98/951 5006/104/951
f 5006/104/952 5011/98/952 5012/99/952 5007/105/952
f 5007/105/953 5012/99/953 5013/100/953 5008/106/953
f 5008/106/949 5013/100/949 5014/13/949 5009/11/949
f 4960/107/954 4959/101/954 5005/103/954 5000/108/954
f 5000/108/955 5005/103/955 5006/104/955 5001/109/955
f 5001/109/956 5006/104/956 5007/105/956 5002/110/956
f 5002/110/957 5007/105/957 5008/106/957 5003/111/957
f 5003/111/958 5008/106/958 5009/11/958 5004/9/958
f 4995/112/959 5000/108/959 5001/109/959 4996/113/959
f 4996/113/960 5001/109/960 5002/110/960 4997/114/960
f 4997/114/961 5002/110/961 5003/111/961 4998/115/961
f 4998/115/962 5003/111/962 5004/9/962 4999/6/962
f 4990/116/963 4995/112/963 4996/113/963 4991/117/963
f 4991/117/964 4996/113/964 4997/114/964 4992/118/964
f 4992/118/965 4997/114/965 4998/115/965 4993/119/965
f 4993/119/966 4998/115/966 4999/6/966 4994/5/966
f 4988/120/967 4992/118/967 4993/119/967 4989/121/967
f 5025/85/968 4981/122/968 4980/123/968 5026/86/968
f 5026/86/969 4980/123/969 4979/124/969 5027/88/969
f 4952/125/970 4950/126/970 4986/127/970 5065/39/970
f 5065/39/971 4986/127/971 4985/128/971 5066/40/971
f 5066/40/972 4985/128/972 4984/129/972 5067/42/972
f 5067/42/973 4984/129/973 4983/130/973 5068/44/973
f 5068/44/974 4983/130/974 4982/2/974 5069/1/974
f 4950/126/975 4951/131/975 4987/132/975 4986/127/975
f 4984/129/976 4988/120/976 4989/121/976 4983/130/976
f 4945/133/977 4946/134/977 4978/135/977 4977/136/977
f 4975/137/978 4979/138/978 4980/139/978 4974/140/978
f 4974/140/979 4980/139/979 4981/141/979 4973/142/979
f 5070/143/980 5071/144/980 5072/145/980
f 5073/146/981 5074/147/981 5075/148/981 5076/149/981
f 5077/150/982 5078/151/982 5079/152/982 5080/153/982
f 5081/154/983 5082/155/983 5083/156/983 5084/157/983
f 5085/158/984 5086/159/984 5087/160/984 5088/161/984
f 5089/162/985 5090/163/985 5091/164/985 5092/165/985
f 5097/170/987 5098/171/987 5099/172/987 5100/173/987
f 5105/178/989 5106/179/989 5107/180/989 5108/181/989
f 5109/182/990 5110/183/990 5111/184/990 5112/185/990
f 5113/186/991 5114/187/991 5115/188/991 5116/189/991
f 5117/190/2434 5118/191/2434 5119/192/2434 5120/193/2434
f 5121/194/993 5122/195/993 5123/196/993 5124/197/993
f 5125/198/994 5126/199/994 5127/200/994 5128/201/994
f 5081/202/995 5084/203/995 5070/204/995 5072/205/995 4981/122/995 5025/85/995
f 4973/142/996 4981/141/996 5072/145/996 5071/144/996 4947/206/996
f 4947/206/997 5071/144/997 5070/143/997 5084/157/997 5083/156/997 4957/207/997
f 5073/146/998 5076/149/998 4952/125/998 5065/39/998 5060/38/998
f 4953/37/999 4960/36/999 5096/169/999 5095/168/999 5075/208/999 5074/209/999
f 5076/210/1000 5075/208/1000 5095/168/1000 5094/167/1000 5099/172/1000 5098/171/1000 4952/211/1000
f 4953/53/1001 5074/147/1001 5073/146/1001 5060/38/1001 5055/47/1001
f 5077/150/1002 5080/153/1002 4954/52/1002 5050/54/1002 5045/59/1002
f 4955/212/1003 5091/164/1003 5090/163/1003 4958/213/1003 5079/214/1003 5078/215/1003
f 5080/216/1004 5079/214/1004 4958/213/1004 4959/35/1004 4954/34/1004
f 4955/68/1005 5078/151/1005 5077/150/1005 5045/59/1005 5040/63/1005
f 4957/207/1006 5083/156/1006 5082/155/1006 5088/161/1006 5087/160/1006 4956/217/1006
f 5085/218/1007 5088/219/1007 5082/220/1007 5081/202/1007 5025/85/1007 5020/84/1007
f 4956/217/1008 5087/160/1008 5086/159/1008 5092/165/1008 5091/164/1008 4955/212/1008
f 5089/221/1009 5092/222/1009 5086/223/1009 5085/218/1009 5020/84/1009 5015/93/1009
f 4958/102/1010 5090/224/1010 5089/221/1010 5015/93/1010 5010/97/1010
f 5093/225/1011 5096/226/1011 4960/107/1011 5000/108/1011 4995/112/1011
f 5100/227/1012 5099/228/1012 5094/229/1012 5093/225/1012 4995/112/1012 4990/116/1012
f 4951/131/1013 5097/230/1013 5100/227/1013 4990/116/1013 4987/132/1013
f 4952/211/1014 5098/171/1014 5097/170/1014 4951/131/1014 4950/126/1014
f 5101/231/1015 5104/232/1015 4972/233/1015 5114/187/1015 5113/186/1015 4961/234/1015
f 5034/20/1016 5039/73/1016 5102/175/1016 5101/174/1016 4961/21/1016
f 4962/33/1017 4971/32/1017 4972/233/1017 5104/232/1017 5103/235/1017
f 5039/73/1018 5044/23/1018 4962/26/1018 5103/176/1018 5102/175/1018
f 5105/236/1019 5108/237/1019 4969/238/1019 4970/31/1019 4963/30/1019
f 5049/24/1020 5054/58/1020 5106/179/1020 5105/178/1020 4963/25/1020
f 4964/239/1021 4968/240/1021 4969/238/1021 5108/237/1021 5107/241/1021
f 5054/58/1022 5059/51/1022 4964/242/1022 5107/180/1022 5106/179/1022
f 5109/243/1023 5112/244/1023 4967/245/1023 4968/240/1023 4964/239/1023
f 5059/51/1024 5064/46/1024 5110/183/1024 5109/182/1024 4964/242/1024
f 4965/29/1025 4966/28/1025 4967/245/1025 5112/244/1025 5111/246/1025
f 5064/46/1026 5069/1/1026 4965/4/1026 5111/184/1026 5110/183/1026
f 5029/92/1027 4978/247/1027 4946/248/1027 5116/249/1027 5115/250/1027
f 4961/234/1028 5113/186/1028 5116/189/1028 4946/251/1028 4945/252/1028
f 5024/17/1029 5029/92/1029 5115/250/1029 5114/253/1029 4972/18/1029
f 4977/136/1030 4978/135/1030 5117/190/1030 5120/193/1030 4976/254/1030
f 5028/90/1031 5118/255/1031 5117/256/1031 4978/247/1031 5029/92/1031
f 4976/254/1032 5120/193/1032 5119/192/1032 4979/138/1032 4975/137/1032
f 5027/88/1033 4979/124/1033 5119/257/1033 5118/255/1033 5028/90/1033
f 4986/127/1034 4987/132/1034 5121/194/1034 5124/197/1034 4985/128/1034
f 4987/132/1035 4990/116/1035 4991/117/1035 5122/195/1035 5121/194/1035
f 4985/128/1036 5124/197/1036 5123/196/1036 4988/120/1036 4984/129/1036
f 5123/196/1037 5122/195/1037 4991/117/1037 4992/118/1037 4988/120/1037
f 5128/201/1038 5127/200/1038 4994/5/1038 4966/8/1038 4949/27/1038
f 4983/130/1039 4989/121/1039 5126/199/1039 5125/198/1039 4982/2/1039
f 4982/2/1040 5125/198/1040 5128/201/1040 4949/27/1040 4948/3/1040
f 4989/121/1041 4993/119/1041 4994/5/1041 5127/200/1041 5126/199/1041
f 5253/1/1042 5166/2/1042 5132/3/1042 5149/4/1042
f 5178/5/1043 5183/6/1043 5151/7/1043 5150/8/1043
f 5183/6/1044 5188/9/1044 5152/10/1044 5151/7/1044
f 5188/9/1045 5193/11/1045 5153/12/1045 5152/10/1045
f 5193/11/1046 5198/13/1046 5154/14/1046 5153/12/1046
f 5198/13/1047 5203/15/1047 5155/16/1047 5154/14/1047
f 5203/15/1048 5208/17/1048 5156/18/1048 5155/16/1048
f 5161/19/1049 5218/20/1049 5145/21/1049 5129/22/1049
f 5228/23/1050 5233/24/1050 5147/25/1050 5146/26/1050
f 5132/3/1051 5133/27/1051 5150/28/1051 5149/29/1051
f 5147/30/1052 5154/31/1052 5155/32/1052 5146/33/1052
f 5138/34/1053 5143/35/1053 5144/36/1053 5137/37/1053
f 5244/38/1054 5249/39/1054 5250/40/1054 5245/41/1054
f 5245/41/1055 5250/40/1055 5251/42/1055 5246/43/1055
f 5246/43/1056 5251/42/1056 5252/44/1056 5247/45/1056
f 5247/45/1057 5252/44/1057 5253/1/1057 5248/46/1057
f 5239/47/1058 5244/38/1058 5245/41/1058 5240/48/1058
f 5240/48/1059 5245/41/1059 5246/43/1059 5241/49/1059
f 5241/49/1060 5246/43/1060 5247/45/1060 5242/50/1060
f 5242/50/1061 5247/45/1061 5248/46/1061 5243/51/1061
f 5138/52/1062 5137/53/1062 5239/47/1062 5234/54/1062
f 5234/54/1063 5239/47/1063 5240/48/1063 5235/55/1063
f 5235/55/1064 5240/48/1064 5241/49/1064 5236/56/1064
f 5236/56/1065 5241/49/1065 5242/50/1065 5237/57/1065
f 5237/57/1066 5242/50/1066 5243/51/1066 5238/58/1066
f 5229/59/1067 5234/54/1067 5235/55/1067 5230/60/1067
f 5230/60/1066 5235/55/1066 5236/56/1066 5231/61/1066
f 5231/61/1068 5236/56/1068 5237/57/1068 5232/62/1068
f 5232/62/1069 5237/57/1069 5238/58/1069 5233/24/1069
f 5224/63/1070 5229/59/1070 5230/60/1070 5225/64/1070
f 5225/64/1071 5230/60/1071 5231/61/1071 5226/65/1071
f 5226/65/1072 5231/61/1072 5232/62/1072 5227/66/1072
f 5227/66/1073 5232/62/1073 5233/24/1073 5228/23/1073
f 5140/67/1074 5139/68/1074 5224/63/1074 5219/69/1074
f 5219/69/1075 5224/63/1075 5225/64/1075 5220/70/1075
f 5220/70/1076 5225/64/1076 5226/65/1076 5221/71/1076
f 5221/71/1077 5226/65/1077 5227/66/1077 5222/72/1077
f 5222/72/1078 5227/66/1078 5228/23/1078 5223/73/1078
f 5141/74/1079 5140/67/1079 5219/69/1079 5214/75/1079
f 5214/75/1080 5219/69/1080 5220/70/1080 5215/76/1080
f 5215/76/1081 5220/70/1081 5221/71/1081 5216/77/1081
f 5216/77/1082 5221/71/1082 5222/72/1082 5217/78/1082
f 5217/78/1083 5222/72/1083 5223/73/1083 5218/20/1083
f 5131/79/1084 5141/74/1084 5214/75/1084 5157/80/1084
f 5157/80/1085 5214/75/1085 5215/76/1085 5158/81/1085
f 5158/81/1086 5215/76/1086 5216/77/1086 5159/82/1086
f 5159/82/1087 5216/77/1087 5217/78/1087 5160/83/1087
f 5160/83/1088 5217/78/1088 5218/20/1088 5161/19/1088
f 5204/84/1089 5209/85/1089 5210/86/1089 5205/87/1089
f 5205/87/1090 5210/86/1090 5211/88/1090 5206/89/1090
f 5206/89/1091 5211/88/1091 5212/90/1091 5207/91/1091
f 5207/91/1092 5212/90/1092 5213/92/1092 5208/17/1092
f 5199/93/1093 5204/84/1093 5205/87/1093 5200/94/1093
f 5200/94/1094 5205/87/1094 5206/89/1094 5201/95/1094
f 5201/95/1095 5206/89/1095 5207/91/1095 5202/96/1095
f 5202/96/1096 5207/91/1096 5208/17/1096 5203/15/1096
f 5194/97/1097 5199/93/1097 5200/94/1097 5195/98/1097
f 5195/98/1098 5200/94/1098 5201/95/1098 5196/99/1098
f 5196/99/1099 5201/95/1099 5202/96/1099 5197/100/1099
f 5197/100/1100 5202/96/1100 5203/15/1100 5198/13/1100
f 5143/101/1101 5142/102/1101 5194/97/1101 5189/103/1101
f 5189/103/1102 5194/97/1102 5195/98/1102 5190/104/1102
f 5190/104/1103 5195/98/1103 5196/99/1103 5191/105/1103
f 5191/105/1104 5196/99/1104 5197/100/1104 5192/106/1104
f 5192/106/1100 5197/100/1100 5198/13/1100 5193/11/1100
f 5144/107/1105 5143/101/1105 5189/103/1105 5184/108/1105
f 5184/108/1106 5189/103/1106 5190/104/1106 5185/109/1106
f 5185/109/1107 5190/104/1107 5191/105/1107 5186/110/1107
f 5186/110/1108 5191/105/1108 5192/106/1108 5187/111/1108
f 5187/111/1109 5192/106/1109 5193/11/1109 5188/9/1109
f 5179/112/1110 5184/108/1110 5185/109/1110 5180/113/1110
f 5180/113/1111 5185/109/1111 5186/110/1111 5181/114/1111
f 5181/114/1112 5186/110/1112 5187/111/1112 5182/115/1112
f 5182/115/1113 5187/111/1113 5188/9/1113 5183/6/1113
f 5174/116/1114 5179/112/1114 5180/113/1114 5175/117/1114
f 5175/117/1115 5180/113/1115 5181/114/1115 5176/118/1115
f 5176/118/1116 5181/114/1116 5182/115/1116 5177/119/1116
f 5177/119/1117 5182/115/1117 5183/6/1117 5178/5/1117
f 5172/120/1118 5176/118/1118 5177/119/1118 5173/121/1118
f 5209/85/1119 5165/122/1119 5164/123/1119 5210/86/1119
f 5210/86/1120 5164/123/1120 5163/124/1120 5211/88/1120
f 5136/125/1121 5134/126/1121 5170/127/1121 5249/39/1121
f 5249/39/1122 5170/127/1122 5169/128/1122 5250/40/1122
f 5250/40/1123 5169/128/1123 5168/129/1123 5251/42/1123
f 5251/42/1124 5168/129/1124 5167/130/1124 5252/44/1124
f 5252/44/1125 5167/130/1125 5166/2/1125 5253/1/1125
f 5134/126/1126 5135/131/1126 5171/132/1126 5170/127/1126
f 5168/129/1127 5172/120/1127 5173/121/1127 5167/130/1127
f 5129/133/1128 5130/134/1128 5162/135/1128 5161/136/1128
f 5159/137/1129 5163/138/1129 5164/139/1129 5158/140/1129
f 5158/140/1130 5164/139/1130 5165/141/1130 5157/142/1130
f 5254/143/1131 5255/144/1131 5256/145/1131
f 5257/146/1132 5258/147/1132 5259/148/1132 5260/149/1132
f 5261/150/1133 5262/151/1133 5263/152/1133 5264/153/1133
f 5265/154/1134 5266/155/1134 5267/156/1134 5268/157/1134
f 5269/158/1135 5270/159/1135 5271/160/1135 5272/161/1135
f 5273/162/2435 5274/163/2435 5275/164/2435 5276/165/2435
f 5281/170/1138 5282/171/1138 5283/172/1138 5284/173/1138
f 5289/178/1140 5290/179/1140 5291/180/1140 5292/181/1140
f 5293/182/1141 5294/183/1141 5295/184/1141 5296/185/1141
f 5297/186/1142 5298/187/1142 5299/188/1142 5300/189/1142
f 5301/190/1143 5302/191/1143 5303/192/1143 5304/193/1143
f 5305/194/1144 5306/195/1144 5307/196/1144 5308/197/1144
f 5309/198/1145 5310/199/1145 5311/200/1145 5312/201/1145
f 5265/202/1146 5268/203/1146 5254/204/1146 5256/205/1146 5165/122/1146 5209/85/1146
f 5157/142/1147 5165/141/1147 5256/145/1147 5255/144/1147 5131/206/1147
f 5131/206/1148 5255/144/1148 5254/143/1148 5268/157/1148 5267/156/1148 5141/207/1148
f 5257/146/1149 5260/149/1149 5136/125/1149 5249/39/1149 5244/38/1149
f 5137/37/1150 5144/36/1150 5280/169/1150 5279/168/1150 5259/208/1150 5258/209/1150
f 5260/210/1151 5259/208/1151 5279/168/1151 5278/167/1151 5283/172/1151 5282/171/1151 5136/211/1151
f 5137/53/1152 5258/147/1152 5257/146/1152 5244/38/1152 5239/47/1152
f 5261/150/1153 5264/153/1153 5138/52/1153 5234/54/1153 5229/59/1153
f 5139/212/1154 5275/164/1154 5274/163/1154 5142/213/1154 5263/214/1154 5262/215/1154
f 5264/216/1155 5263/214/1155 5142/213/1155 5143/35/1155 5138/34/1155
f 5139/68/1156 5262/151/1156 5261/150/1156 5229/59/1156 5224/63/1156
f 5141/207/1157 5267/156/1157 5266/155/1157 5272/161/1157 5271/160/1157 5140/217/1157
f 5269/218/1158 5272/219/1158 5266/220/1158 5265/202/1158 5209/85/1158 5204/84/1158
f 5140/217/1159 5271/160/1159 5270/159/1159 5276/165/1159 5275/164/1159 5139/212/1159
f 5273/221/1160 5276/222/1160 5270/223/1160 5269/218/1160 5204/84/1160 5199/93/1160
f 5142/102/1161 5274/224/1161 5273/221/1161 5199/93/1161 5194/97/1161
f 5277/225/1162 5280/226/1162 5144/107/1162 5184/108/1162 5179/112/1162
f 5284/227/1163 5283/228/1163 5278/229/1163 5277/225/1163 5179/112/1163 5174/116/1163
f 5135/131/1164 5281/230/1164 5284/227/1164 5174/116/1164 5171/132/1164
f 5136/211/1165 5282/171/1165 5281/170/1165 5135/131/1165 5134/126/1165
f 5285/231/1166 5288/232/1166 5156/233/1166 5298/187/1166 5297/186/1166 5145/234/1166
f 5218/20/1167 5223/73/1167 5286/175/1167 5285/174/1167 5145/21/1167
f 5146/33/1168 5155/32/1168 5156/233/1168 5288/232/1168 5287/235/1168
f 5223/73/1169 5228/23/1169 5146/26/1169 5287/176/1169 5286/175/1169
f 5289/236/1170 5292/237/1170 5153/238/1170 5154/31/1170 5147/30/1170
f 5233/24/1171 5238/58/1171 5290/179/1171 5289/178/1171 5147/25/1171
f 5148/239/1172 5152/240/1172 5153/238/1172 5292/237/1172 5291/241/1172
f 5238/58/1173 5243/51/1173 5148/242/1173 5291/180/1173 5290/179/1173
f 5293/243/1174 5296/244/1174 5151/245/1174 5152/240/1174 5148/239/1174
f 5243/51/1175 5248/46/1175 5294/183/1175 5293/182/1175 5148/242/1175
f 5149/29/1176 5150/28/1176 5151/245/1176 5296/244/1176 5295/246/1176
f 5248/46/1177 5253/1/1177 5149/4/1177 5295/184/1177 5294/183/1177
f 5213/92/1178 5162/247/1178 5130/248/1178 5300/249/1178 5299/250/1178
f 5145/234/1179 5297/186/1179 5300/189/1179 5130/251/1179 5129/252/1179
f 5208/17/1180 5213/92/1180 5299/250/1180 5298/253/1180 5156/18/1180
f 5161/136/1181 5162/135/1181 5301/190/1181 5304/193/1181 5160/254/1181
f 5212/90/1182 5302/255/1182 5301/256/1182 5162/247/1182 5213/92/1182
f 5160/254/1183 5304/193/1183 5303/192/1183 5163/138/1183 5159/137/1183
f 5211/88/1184 5163/124/1184 5303/257/1184 5302/255/1184 5212/90/1184
f 5170/127/1185 5171/132/1185 5305/194/1185 5308/197/1185 5169/128/1185
f 5171/132/1186 5174/116/1186 5175/117/1186 5306/195/1186 5305/194/1186
f 5169/128/1187 5308/197/1187 5307/196/1187 5172/120/1187 5168/129/1187
f 5307/196/1188 5306/195/1188 5175/117/1188 5176/118/1188 5172/120/1188
f 5312/201/1189 5311/200/1189 5178/5/1189 5150/8/1189 5133/27/1189
f 5167/130/1190 5173/121/1190 5310/199/1190 5309/198/1190 5166/2/1190
f 5166/2/1191 5309/198/1191 5312/201/1191 5133/27/1191 5132/3/1191
f 5173/121/1192 5177/119/1192 5178/5/1192 5311/200/1192 5310/199/1192
f 5437/1/299 5350/2/299 5316/3/299 5333/4/299
f 5362/5/300 5367/6/300 5335/7/300 5334/8/300
f 5367/6/301 5372/9/301 5336/10/301 5335/7/301
f 5372/9/302 5377/11/302 5337/12/302 5336/10/302
f 5377/11/303 5382/13/303 5338/14/303 5337/12/303
f 5382/13/304 5387/15/304 5339/16/304 5338/14/304
f 5387/15/305 5392/17/305 5340/18/305 5339/16/305
f 5345/19/306 5402/20/306 5329/21/306 5313/22/306
f 5412/23/307 5417/24/307 5331/25/307 5330/26/307
f 5316/3/308 5317/27/308 5334/28/308 5333/29/308
f 5331/30/309 5338/31/309 5339/32/309 5330/33/309
f 5322/34/310 5327/35/310 5328/36/310 5321/37/310
f 5428/38/311 5433/39/311 5434/40/311 5429/41/311
f 5429/41/312 5434/40/312 5435/42/312 5430/43/312
f 5430/43/313 5435/42/313 5436/44/313 5431/45/313
f 5431/45/314 5436/44/314 5437/1/314 5432/46/314
f 5423/47/315 5428/38/315 5429/41/315 5424/48/315
f 5424/48/316 5429/41/316 5430/43/316 5425/49/316
f 5425/49/317 5430/43/317 5431/45/317 5426/50/317
f 5426/50/318 5431/45/318 5432/46/318 5427/51/318
f 5322/52/319 5321/53/319 5423/47/319 5418/54/319
f 5418/54/1193 5423/47/1193 5424/48/1193 5419/55/1193
f 5419/55/321 5424/48/321 5425/49/321 5420/56/321
f 5420/56/322 5425/49/322 5426/50/322 5421/57/322
f 5421/57/323 5426/50/323 5427/51/323 5422/58/323
f 5413/59/324 5418/54/324 5419/55/324 5414/60/324
f 5414/60/323 5419/55/323 5420/56/323 5415/61/323
f 5415/61/325 5420/56/325 5421/57/325 5416/62/325
f 5416/62/326 5421/57/326 5422/58/326 5417/24/326
f 5408/63/318 5413/59/318 5414/60/318 5409/64/318
f 5409/64/323 5414/60/323 5415/61/323 5410/65/323
f 5410/65/325 5415/61/325 5416/62/325 5411/66/325
f 5411/66/327 5416/62/327 5417/24/327 5412/23/327
f 5324/67/328 5323/68/328 5408/63/328 5403/69/328
f 5403/69/329 5408/63/329 5409/64/329 5404/70/329
f 5404/70/330 5409/64/330 5410/65/330 5405/71/330
f 5405/71/331 5410/65/331 5411/66/331 5406/72/331
f 5406/72/332 5411/66/332 5412/23/332 5407/73/332
f 5325/74/333 5324/67/333 5403/69/333 5398/75/333
f 5398/75/334 5403/69/334 5404/70/334 5399/76/334
f 5399/76/335 5404/70/335 5405/71/335 5400/77/335
f 5400/77/336 5405/71/336 5406/72/336 5401/78/336
f 5401/78/337 5406/72/337 5407/73/337 5402/20/337
f 5315/79/1194 5325/74/1194 5398/75/1194 5341/80/1194
f 5341/80/339 5398/75/339 5399/76/339 5342/81/339
f 5342/81/340 5399/76/340 5400/77/340 5343/82/340
f 5343/82/341 5400/77/341 5401/78/341 5344/83/341
f 5344/83/342 5401/78/342 5402/20/342 5345/19/342
f 5388/84/343 5393/85/343 5394/86/343 5389/87/343
f 5389/87/344 5394/86/344 5395/88/344 5390/89/344
f 5390/89/345 5395/88/345 5396/90/345 5391/91/345
f 5391/91/346 5396/90/346 5397/92/346 5392/17/346
f 5383/93/347 5388/84/347 5389/87/347 5384/94/347
f 5384/94/348 5389/87/348 5390/89/348 5385/95/348
f 5385/95/349 5390/89/349 5391/91/349 5386/96/349
f 5386/96/350 5391/91/350 5392/17/350 5387/15/350
f 5378/97/351 5383/93/351 5384/94/351 5379/98/351
f 5379/98/352 5384/94/352 5385/95/352 5380/99/352
f 5380/99/353 5385/95/353 5386/96/353 5381/100/353
f 5381/100/354 5386/96/354 5387/15/354 5382/13/354
f 5327/101/355 5326/102/355 5378/97/355 5373/103/355
f 5373/103/356 5378/97/356 5379/98/356 5374/104/356
f 5374/104/357 5379/98/357 5380/99/357 5375/105/357
f 5375/105/358 5380/99/358 5381/100/358 5376/106/358
f 5376/106/354 5381/100/354 5382/13/354 5377/11/354
f 5328/107/359 5327/101/359 5373/103/359 5368/108/359
f 5368/108/360 5373/103/360 5374/104/360 5369/109/360
f 5369/109/361 5374/104/361 5375/105/361 5370/110/361
f 5370/110/362 5375/105/362 5376/106/362 5371/111/362
f 5371/111/363 5376/106/363 5377/11/363 5372/9/363
f 5363/112/364 5368/108/364 5369/109/364 5364/113/364
f 5364/113/365 5369/109/365 5370/110/365 5365/114/365
f 5365/114/366 5370/110/366 5371/111/366 5366/115/366
f 5366/115/367 5371/111/367 5372/9/367 5367/6/367
f 5358/116/368 5363/112/368 5364/113/368 5359/117/368
f 5359/117/369 5364/113/369 5365/114/369 5360/118/369
f 5360/118/1195 5365/114/1195 5366/115/1195 5361/119/1195
f 5361/119/2421 5366/115/2421 5367/6/2421 5362/5/2421
f 5356/120/1196 5360/118/1196 5361/119/1196 5357/121/1196
f 5393/85/373 5349/122/373 5348/123/373 5394/86/373
f 5394/86/374 5348/123/374 5347/124/374 5395/88/374
f 5320/125/375 5318/126/375 5354/127/375 5433/39/375
f 5433/39/376 5354/127/376 5353/128/376 5434/40/376
f 5434/40/377 5353/128/377 5352/129/377 5435/42/377
f 5435/42/378 5352/129/378 5351/130/378 5436/44/378
f 5436/44/379 5351/130/379 5350/2/379 5437/1/379
f 5318/126/380 5319/131/380 5355/132/380 5354/127/380
f 5352/129/381 5356/120/381 5357/121/381 5351/130/381
f 5313/133/382 5314/134/382 5346/135/382 5345/136/382
f 5343/137/383 5347/138/383 5348/139/383 5342/140/383
f 5342/140/384 5348/139/384 5349/141/384 5341/142/384
f 5438/143/2404 5439/144/2404 5440/145/2404
f 5441/146/2436 5442/147/2436 5443/148/2436 5444/149/2436
f 5445/150/1198 5446/151/1198 5447/152/1198 5448/153/1198
f 5449/154/388 5450/155/388 5451/156/388 5452/157/388
f 5453/158/389 5454/159/389 5455/160/389 5456/161/389
f 5457/162/390 5458/163/390 5459/164/390 5460/165/390
f 5465/170/392 5466/171/392 5467/172/392 5468/173/392
f 5473/178/394 5474/179/394 5475/180/394 5476/181/394
f 5477/182/395 5478/183/395 5479/184/395 5480/185/395
f 5481/186/396 5482/187/396 5483/188/396 5484/189/396
f 5485/190/397 5486/191/397 5487/192/397 5488/193/397
f 5489/194/398 5490/195/398 5491/196/398 5492/197/398
f 5493/198/399 5494/199/399 5495/200/399 5496/201/399
f 5449/202/400 5452/203/400 5438/204/400 5440/205/400 5349/122/400 5393/85/400
f 5341/142/401 5349/141/401 5440/145/401 5439/144/401 5315/206/401
f 5315/206/402 5439/144/402 5438/143/402 5452/157/402 5451/156/402 5325/207/402
f 5441/146/403 5444/149/403 5320/125/403 5433/39/403 5428/38/403
f 5321/37/404 5328/36/404 5464/169/404 5463/168/404 5443/208/404 5442/209/404
f 5444/210/1202 5443/208/1202 5463/168/1202 5462/167/1202 5467/172/1202 5466/171/1202 5320/211/1202
f 5321/53/406 5442/147/406 5441/146/406 5428/38/406 5423/47/406
f 5445/150/1203 5448/153/1203 5322/52/1203 5418/54/1203 5413/59/1203
f 5323/212/408 5459/164/408 5458/163/408 5326/213/408 5447/214/408 5446/215/408
f 5448/216/409 5447/214/409 5326/213/409 5327/35/409 5322/34/409
f 5323/68/410 5446/151/410 5445/150/410 5413/59/410 5408/63/410
f 5325/207/411 5451/156/411 5450/155/411 5456/161/411 5455/160/411 5324/217/411
f 5453/218/412 5456/219/412 5450/220/412 5449/202/412 5393/85/412 5388/84/412
f 5324/217/413 5455/160/413 5454/159/413 5460/165/413 5459/164/413 5323/212/413
f 5457/221/414 5460/222/414 5454/223/414 5453/218/414 5388/84/414 5383/93/414
f 5326/102/415 5458/224/415 5457/221/415 5383/93/415 5378/97/415
f 5461/225/416 5464/226/416 5328/107/416 5368/108/416 5363/112/416
f 5468/227/417 5467/228/417 5462/229/417 5461/225/417 5363/112/417 5358/116/417
f 5319/131/418 5465/230/418 5468/227/418 5358/116/418 5355/132/418
f 5320/211/419 5466/171/419 5465/170/419 5319/131/419 5318/126/419
f 5469/231/420 5472/232/420 5340/233/420 5482/187/420 5481/186/420 5329/234/420
f 5402/20/421 5407/73/421 5470/175/421 5469/174/421 5329/21/421
f 5330/33/422 5339/32/422 5340/233/422 5472/232/422 5471/235/422
f 5407/73/423 5412/23/423 5330/26/423 5471/176/423 5470/175/423
f 5473/236/424 5476/237/424 5337/238/424 5338/31/424 5331/30/424
f 5417/24/425 5422/58/425 5474/179/425 5473/178/425 5331/25/425
f 5332/239/426 5336/240/426 5337/238/426 5476/237/426 5475/241/426
f 5422/58/427 5427/51/427 5332/242/427 5475/180/427 5474/179/427
f 5477/243/428 5480/244/428 5335/245/428 5336/240/428 5332/239/428
f 5427/51/429 5432/46/429 5478/183/429 5477/182/429 5332/242/429
f 5333/29/430 5334/28/430 5335/245/430 5480/244/430 5479/246/430
f 5432/46/431 5437/1/431 5333/4/431 5479/184/431 5478/183/431
f 5397/92/432 5346/247/432 5314/248/432 5484/249/432 5483/250/432
f 5329/234/433 5481/186/433 5484/189/433 5314/251/433 5313/252/433
f 5392/17/434 5397/92/434 5483/250/434 5482/253/434 5340/18/434
f 5345/136/435 5346/135/435 5485/190/435 5488/193/435 5344/254/435
f 5396/90/436 5486/255/436 5485/256/436 5346/247/436 5397/92/436
f 5344/254/437 5488/193/437 5487/192/437 5347/138/437 5343/137/437
f 5395/88/438 5347/124/438 5487/257/438 5486/255/438 5396/90/438
f 5354/127/439 5355/132/439 5489/194/439 5492/197/439 5353/128/439
f 5355/132/440 5358/116/440 5359/117/440 5490/195/440 5489/194/440
f 5353/128/441 5492/197/441 5491/196/441 5356/120/441 5352/129/441
f 5491/196/442 5490/195/442 5359/117/442 5360/118/442 5356/120/442
f 5496/201/443 5495/200/443 5362/5/443 5334/8/443 5317/27/443
f 5351/130/444 5357/121/444 5494/199/444 5493/198/444 5350/2/444
f 5350/2/1205 5493/198/1205 5496/201/1205 5317/27/1205 5316/3/1205
f 5357/121/446 5361/119/446 5362/5/446 5495/200/446 5494/199/446
f 5621/1/447 5534/2/447 5500/3/447 5517/4/447
f 5546/5/448 5551/6/448 5519/7/448 5518/8/448
f 5551/6/449 5556/9/449 5520/10/449 5519/7/449
f 5556/9/450 5561/11/450 5521/12/450 5520/10/450
f 5561/11/451 5566/13/451 5522/14/451 5521/12/451
f 5566/13/452 5571/15/452 5523/16/452 5522/14/452
f 5571/15/453 5576/17/453 5524/18/453 5523/16/453
f 5529/19/454 5586/20/454 5513/21/454 5497/22/454
f 5596/23/455 5601/24/455 5515/25/455 5514/26/455
f 5500/3/1207 5501/27/1207 5518/28/1207 5517/29/1207
f 5515/30/1208 5522/31/1208 5523/32/1208 5514/33/1208
f 5506/34/458 5511/35/458 5512/36/458 5505/37/458
f 5612/38/459 5617/39/459 5618/40/459 5613/41/459
f 5613/41/460 5618/40/460 5619/42/460 5614/43/460
f 5614/43/461 5619/42/461 5620/44/461 5615/45/461
f 5615/45/462 5620/44/462 5621/1/462 5616/46/462
f 5607/47/463 5612/38/463 5613/41/463 5608/48/463
f 5608/48/464 5613/41/464 5614/43/464 5609/49/464
f 5609/49/465 5614/43/465 5615/45/465 5610/50/465
f 5610/50/466 5615/45/466 5616/46/466 5611/51/466
f 5506/52/467 5505/53/467 5607/47/467 5602/54/467
f 5602/54/468 5607/47/468 5608/48/468 5603/55/468
f 5603/55/469 5608/48/469 5609/49/469 5604/56/469
f 5604/56/470 5609/49/470 5610/50/470 5605/57/470
f 5605/57/471 5610/50/471 5611/51/471 5606/58/471
f 5597/59/472 5602/54/472 5603/55/472 5598/60/472
f 5598/60/473 5603/55/473 5604/56/473 5599/61/473
f 5599/61/471 5604/56/471 5605/57/471 5600/62/471
f 5600/62/474 5605/57/474 5606/58/474 5601/24/474
f 5592/63/466 5597/59/466 5598/60/466 5593/64/466
f 5593/64/473 5598/60/473 5599/61/473 5594/65/473
f 5594/65/471 5599/61/471 5600/62/471 5595/66/471
f 5595/66/475 5600/62/475 5601/24/475 5596/23/475
f 5508/67/476 5507/68/476 5592/63/476 5587/69/476
f 5587/69/477 5592/63/477 5593/64/477 5588/70/477
f 5588/70/478 5593/64/478 5594/65/478 5589/71/478
f 5589/71/479 5594/65/479 5595/66/479 5590/72/479
f 5590/72/480 5595/66/480 5596/23/480 5591/73/480
f 5509/74/481 5508/67/481 5587/69/481 5582/75/481
f 5582/75/482 5587/69/482 5588/70/482 5583/76/482
f 5583/76/483 5588/70/483 5589/71/483 5584/77/483
f 5584/77/484 5589/71/484 5590/72/484 5585/78/484
f 5585/78/485 5590/72/485 5591/73/485 5586/20/485
f 5499/79/486 5509/74/486 5582/75/486 5525/80/486
f 5525/80/487 5582/75/487 5583/76/487 5526/81/487
f 5526/81/488 5583/76/488 5584/77/488 5527/82/488
f 5527/82/489 5584/77/489 5585/78/489 5528/83/489
f 5528/83/490 5585/78/490 5586/20/490 5529/19/490
f 5572/84/491 5577/85/491 5578/86/491 5573/87/491
f 5573/87/492 5578/86/492 5579/88/492 5574/89/492
f 5574/89/493 5579/88/493 5580/90/493 5575/91/493
f 5575/91/494 5580/90/494 5581/92/494 5576/17/494
f 5567/93/495 5572/84/495 5573/87/495 5568/94/495
f 5568/94/496 5573/87/496 5574/89/496 5569/95/496
f 5569/95/497 5574/89/497 5575/91/497 5570/96/497
f 5570/96/498 5575/91/498 5576/17/498 5571/15/498
f 5562/97/499 5567/93/499 5568/94/499 5563/98/499
f 5563/98/500 5568/94/500 5569/95/500 5564/99/500
f 5564/99/501 5569/95/501 5570/96/501 5565/100/501
f 5565/100/502 5570/96/502 5571/15/502 5566/13/502
f 5511/101/503 5510/102/503 5562/97/503 5557/103/503
f 5557/103/504 5562/97/504 5563/98/504 5558/104/504
f 5558/104/505 5563/98/505 5564/99/505 5559/105/505
f 5559/105/506 5564/99/506 5565/100/506 5560/106/506
f 5560/106/502 5565/100/502 5566/13/502 5561/11/502
f 5512/107/507 5511/101/507 5557/103/507 5552/108/507
f 5552/108/508 5557/103/508 5558/104/508 5553/109/508
f 5553/109/509 5558/104/509 5559/105/509 5554/110/509
f 5554/110/510 5559/105/510 5560/106/510 5555/111/510
f 5555/111/511 5560/106/511 5561/11/511 5556/9/511
f 5547/112/512 5552/108/512 5553/109/512 5548/113/512
f 5548/113/513 5553/109/513 5554/110/513 5549/114/513
f 5549/114/514 5554/110/514 5555/111/514 5550/115/514
f 5550/115/515 5555/111/515 5556/9/515 5551/6/515
f 5542/116/516 5547/112/516 5548/113/516 5543/117/516
f 5543/117/517 5548/113/517 5549/114/517 5544/118/517
f 5544/118/518 5549/114/518 5550/115/518 5545/119/518
f 5545/119/519 5550/115/519 5551/6/519 5546/5/519
f 5540/120/520 5544/118/520 5545/119/520 5541/121/520
f 5577/85/521 5533/122/521 5532/123/521 5578/86/521
f 5578/86/522 5532/123/522 5531/124/522 5579/88/522
f 5504/125/523 5502/126/523 5538/127/523 5617/39/523
f 5617/39/524 5538/127/524 5537/128/524 5618/40/524
f 5618/40/525 5537/128/525 5536/129/525 5619/42/525
f 5619/42/526 5536/129/526 5535/130/526 5620/44/526
f 5620/44/527 5535/130/527 5534/2/527 5621/1/527
f 5502/126/528 5503/131/528 5539/132/528 5538/127/528
f 5536/129/529 5540/120/529 5541/121/529 5535/130/529
f 5497/133/530 5498/134/530 5530/135/530 5529/136/530
f 5527/137/531 5531/138/531 5532/139/531 5526/140/531
f 5526/140/532 5532/139/532 5533/141/532 5525/142/532
f 5622/143/533 5623/144/533 5624/145/533
f 5625/146/1209 5626/147/1209 5627/148/1209 5628/149/1209
f 5629/150/2437 5630/151/2437 5631/152/2437 5632/153/2437
f 5633/154/536 5634/155/536 5635/156/536 5636/157/536
f 5637/158/1210 5638/159/1210 5639/160/1210 5640/161/1210
f 5641/162/1211 5642/163/1211 5643/164/1211 5644/165/1211
f 5649/170/540 5650/171/540 5651/172/540 5652/173/540
f 5657/178/1212 5658/179/1212 5659/180/1212 5660/181/1212
f 5661/182/1213 5662/183/1213 5663/184/1213 5664/185/1213
f 5665/186/1214 5666/187/1214 5667/188/1214 5668/189/1214
f 5669/190/545 5670/191/545 5671/192/545 5672/193/545
f 5673/194/546 5674/195/546 5675/196/546 5676/197/546
f 5677/198/547 5678/199/547 5679/200/547 5680/201/547
f 5633/202/548 5636/203/548 5622/204/548 5624/205/548 5533/122/548 5577/85/548
f 5525/142/549 5533/141/549 5624/145/549 5623/144/549 5499/206/549
f 5499/206/550 5623/144/550 5622/143/550 5636/157/550 5635/156/550 5509/207/550
f 5625/146/551 5628/149/551 5504/125/551 5617/39/551 5612/38/551
f 5505/37/552 5512/36/552 5648/169/552 5647/168/552 5627/208/552 5626/209/552
f 5628/210/553 5627/208/553 5647/168/553 5646/167/553 5651/172/553 5650/171/553 5504/211/553
f 5505/53/554 5626/147/554 5625/146/554 5612/38/554 5607/47/554
f 5629/150/555 5632/153/555 5506/52/555 5602/54/555 5597/59/555
f 5507/212/556 5643/164/556 5642/163/556 5510/213/556 5631/214/556 5630/215/556
f 5632/216/557 5631/214/557 5510/213/557 5511/35/557 5506/34/557
f 5507/68/558 5630/151/558 5629/150/558 5597/59/558 5592/63/558
f 5509/207/559 5635/156/559 5634/155/559 5640/161/559 5639/160/559 5508/217/559
f 5637/218/560 5640/219/560 5634/220/560 5633/202/560 5577/85/560 5572/84/560
f 5508/217/561 5639/160/561 5638/159/561 5644/165/561 5643/164/561 5507/212/561
f 5641/221/562 5644/222/562 5638/223/562 5637/218/562 5572/84/562 5567/93/562
f 5510/102/563 5642/224/563 5641/221/563 5567/93/563 5562/97/563
f 5645/225/564 5648/226/564 5512/107/564 5552/108/564 5547/112/564
f 5652/227/565 5651/228/565 5646/229/565 5645/225/565 5547/112/565 5542/116/565
f 5503/131/566 5649/230/566 5652/227/566 5542/116/566 5539/132/566
f 5504/211/567 5650/171/567 5649/170/567 5503/131/567 5502/126/567
f 5653/231/1215 5656/232/1215 5524/233/1215 5666/187/1215 5665/186/1215 5513/234/1215
f 5586/20/569 5591/73/569 5654/175/569 5653/174/569 5513/21/569
f 5514/33/1216 5523/32/1216 5524/233/1216 5656/232/1216 5655/235/1216
f 5591/73/571 5596/23/571 5514/26/571 5655/176/571 5654/175/571
f 5657/236/572 5660/237/572 5521/238/572 5522/31/572 5515/30/572
f 5601/24/573 5606/58/573 5658/179/573 5657/178/573 5515/25/573
f 5516/239/574 5520/240/574 5521/238/574 5660/237/574 5659/241/574
f 5606/58/575 5611/51/575 5516/242/575 5659/180/575 5658/179/575
f 5661/243/1217 5664/244/1217 5519/245/1217 5520/240/1217 5516/239/1217
f 5611/51/577 5616/46/577 5662/183/577 5661/182/577 5516/242/577
f 5517/29/578 5518/28/578 5519/245/578 5664/244/578 5663/246/578
f 5616/46/579 5621/1/579 5517/4/579 5663/184/579 5662/183/579
f 5581/92/1218 5530/247/1218 5498/248/1218 5668/249/1218 5667/250/1218
f 5513/234/581 5665/186/581 5668/189/581 5498/251/581 5497/252/581
f 5576/17/582 5581/92/582 5667/250/582 5666/253/582 5524/18/582
f 5529/136/583 5530/135/583 5669/190/583 5672/193/583 5528/254/583
f 5580/90/584 5670/255/584 5669/256/584 5530/247/584 5581/92/584
f 5528/254/585 5672/193/585 5671/192/585 5531/138/585 5527/137/585
f 5579/88/586 5531/124/586 5671/257/586 5670/255/586 5580/90/586
f 5538/127/587 5539/132/587 5673/194/587 5676/197/587 5537/128/587
f 5539/132/588 5542/116/588 5543/117/588 5674/195/588 5673/194/588
f 5537/128/589 5676/197/589 5675/196/589 5540/120/589 5536/129/589
f 5675/196/590 5674/195/590 5543/117/590 5544/118/590 5540/120/590
f 5680/201/591 5679/200/591 5546/5/591 5518/8/591 5501/27/591
f 5535/130/592 5541/121/592 5678/199/592 5677/198/592 5534/2/592
f 5534/2/593 5677/198/593 5680/201/593 5501/27/593 5500/3/593
f 5541/121/594 5545/119/594 5546/5/594 5679/200/594 5678/199/594
f 5805/1/1219 5718/2/1219 5684/3/1219 5701/4/1219
f 5730/5/1220 5735/6/1220 5703/7/1220 5702/8/1220
f 5735/6/1221 5740/9/1221 5704/10/1221 5703/7/1221
f 5740/9/1222 5745/11/1222 5705/12/1222 5704/10/1222
f 5745/11/1223 5750/13/1223 5706/14/1223 5705/12/1223
f 5750/13/1224 5755/15/1224 5707/16/1224 5706/14/1224
f 5755/15/1225 5760/17/1225 5708/18/1225 5707/16/1225
f 5713/19/1226 5770/20/1226 5697/21/1226 5681/22/1226
f 5780/23/1227 5785/24/1227 5699/25/1227 5698/26/1227
f 5684/3/1228 5685/27/1228 5702/28/1228 5701/29/1228
f 5699/30/1229 5706/31/1229 5707/32/1229 5698/33/1229
f 5690/34/1230 5695/35/1230 5696/36/1230 5689/37/1230
f 5796/38/1231 5801/39/1231 5802/40/1231 5797/41/1231
f 5797/41/1232 5802/40/1232 5803/42/1232 5798/43/1232
f 5798/43/1233 5803/42/1233 5804/44/1233 5799/45/1233
f 5799/45/1234 5804/44/1234 5805/1/1234 5800/46/1234
f 5791/47/1235 5796/38/1235 5797/41/1235 5792/48/1235
f 5792/48/1236 5797/41/1236 5798/43/1236 5793/49/1236
f 5793/49/1237 5798/43/1237 5799/45/1237 5794/50/1237
f 5794/50/1238 5799/45/1238 5800/46/1238 5795/51/1238
f 5690/52/1239 5689/53/1239 5791/47/1239 5786/54/1239
f 5786/54/1240 5791/47/1240 5792/48/1240 5787/55/1240
f 5787/55/1241 5792/48/1241 5793/49/1241 5788/56/1241
f 5788/56/1242 5793/49/1242 5794/50/1242 5789/57/1242
f 5789/57/1243 5794/50/1243 5795/51/1243 5790/58/1243
f 5781/59/1244 5786/54/1244 5787/55/1244 5782/60/1244
f 5782/60/1245 5787/55/1245 5788/56/1245 5783/61/1245
f 5783/61/1243 5788/56/1243 5789/57/1243 5784/62/1243
f 5784/62/1246 5789/57/1246 5790/58/1246 5785/24/1246
f 5776/63/1238 5781/59/1238 5782/60/1238 5777/64/1238
f 5777/64/1245 5782/60/1245 5783/61/1245 5778/65/1245
f 5778/65/1243 5783/61/1243 5784/62/1243 5779/66/1243
f 5779/66/1247 5784/62/1247 5785/24/1247 5780/23/1247
f 5692/67/1248 5691/68/1248 5776/63/1248 5771/69/1248
f 5771/69/1249 5776/63/1249 5777/64/1249 5772/70/1249
f 5772/70/1250 5777/64/1250 5778/65/1250 5773/71/1250
f 5773/71/1251 5778/65/1251 5779/66/1251 5774/72/1251
f 5774/72/1252 5779/66/1252 5780/23/1252 5775/73/1252
f 5693/74/1253 5692/67/1253 5771/69/1253 5766/75/1253
f 5766/75/1254 5771/69/1254 5772/70/1254 5767/76/1254
f 5767/76/1255 5772/70/1255 5773/71/1255 5768/77/1255
f 5768/77/1256 5773/71/1256 5774/72/1256 5769/78/1256
f 5769/78/1257 5774/72/1257 5775/73/1257 5770/20/1257
f 5683/79/1258 5693/74/1258 5766/75/1258 5709/80/1258
f 5709/80/1259 5766/75/1259 5767/76/1259 5710/81/1259
f 5710/81/1260 5767/76/1260 5768/77/1260 5711/82/1260
f 5711/82/1261 5768/77/1261 5769/78/1261 5712/83/1261
f 5712/83/1262 5769/78/1262 5770/20/1262 5713/19/1262
f 5756/84/1263 5761/85/1263 5762/86/1263 5757/87/1263
f 5757/87/1264 5762/86/1264 5763/88/1264 5758/89/1264
f 5758/89/1265 5763/88/1265 5764/90/1265 5759/91/1265
f 5759/91/1266 5764/90/1266 5765/92/1266 5760/17/1266
f 5751/93/1267 5756/84/1267 5757/87/1267 5752/94/1267
f 5752/94/1268 5757/87/1268 5758/89/1268 5753/95/1268
f 5753/95/1269 5758/89/1269 5759/91/1269 5754/96/1269
f 5754/96/1270 5759/91/1270 5760/17/1270 5755/15/1270
f 5746/97/1271 5751/93/1271 5752/94/1271 5747/98/1271
f 5747/98/1272 5752/94/1272 5753/95/1272 5748/99/1272
f 5748/99/1273 5753/95/1273 5754/96/1273 5749/100/1273
f 5749/100/1265 5754/96/1265 5755/15/1265 5750/13/1265
f 5695/101/1274 5694/102/1274 5746/97/1274 5741/103/1274
f 5741/103/1275 5746/97/1275 5747/98/1275 5742/104/1275
f 5742/104/1276 5747/98/1276 5748/99/1276 5743/105/1276
f 5743/105/1277 5748/99/1277 5749/100/1277 5744/106/1277
f 5744/106/1265 5749/100/1265 5750/13/1265 5745/11/1265
f 5696/107/1278 5695/101/1278 5741/103/1278 5736/108/1278
f 5736/108/1279 5741/103/1279 5742/104/1279 5737/109/1279
f 5737/109/1280 5742/104/1280 5743/105/1280 5738/110/1280
f 5738/110/1281 5743/105/1281 5744/106/1281 5739/111/1281
f 5739/111/1282 5744/106/1282 5745/11/1282 5740/9/1282
f 5731/112/1283 5736/108/1283 5737/109/1283 5732/113/1283
f 5732/113/1284 5737/109/1284 5738/110/1284 5733/114/1284
f 5733/114/1285 5738/110/1285 5739/111/1285 5734/115/1285
f 5734/115/2438 5739/111/2438 5740/9/2438 5735/6/2438
f 5726/116/1287 5731/112/1287 5732/113/1287 5727/117/1287
f 5727/117/1288 5732/113/1288 5733/114/1288 5728/118/1288
f 5728/118/1289 5733/114/1289 5734/115/1289 5729/119/1289
f 5729/119/1290 5734/115/1290 5735/6/1290 5730/5/1290
f 5724/120/1291 5728/118/1291 5729/119/1291 5725/121/1291
f 5761/85/1292 5717/122/1292 5716/123/1292 5762/86/1292
f 5762/86/1293 5716/123/1293 5715/124/1293 5763/88/1293
f 5688/125/1294 5686/126/1294 5722/127/1294 5801/39/1294
f 5801/39/1295 5722/127/1295 5721/128/1295 5802/40/1295
f 5802/40/1296 5721/128/1296 5720/129/1296 5803/42/1296
f 5803/42/1297 5720/129/1297 5719/130/1297 5804/44/1297
f 5804/44/1298 5719/130/1298 5718/2/1298 5805/1/1298
f 5686/126/1299 5687/131/1299 5723/132/1299 5722/127/1299
f 5720/129/1300 5724/120/1300 5725/121/1300 5719/130/1300
f 5681/133/1301 5682/134/1301 5714/135/1301 5713/136/1301
f 5711/137/1302 5715/138/1302 5716/139/1302 5710/140/1302
f 5710/140/1303 5716/139/1303 5717/141/1303 5709/142/1303
f 5806/143/1304 5807/144/1304 5808/145/1304
f 5809/146/1305 5810/147/1305 5811/148/1305 5812/149/1305
f 5813/150/1306 5814/151/1306 5815/152/1306 5816/153/1306
f 5817/154/1307 5818/155/1307 5819/156/1307 5820/157/1307
f 5821/158/1308 5822/159/1308 5823/160/1308 5824/161/1308
f 5825/162/1309 5826/163/1309 5827/164/1309 5828/165/1309
f 5833/170/1311 5834/171/1311 5835/172/1311 5836/173/1311
f 5841/178/1313 5842/179/1313 5843/180/1313 5844/181/1313
f 5845/182/2439 5846/183/2439 5847/184/2439 5848/185/2439
f 5849/186/1315 5850/187/1315 5851/188/1315 5852/189/1315
f 5853/190/1316 5854/191/1316 5855/192/1316 5856/193/1316
f 5857/194/1317 5858/195/1317 5859/196/1317 5860/197/1317
f 5861/198/1318 5862/199/1318 5863/200/1318 5864/201/1318
f 5817/202/1319 5820/203/1319 5806/204/1319 5808/205/1319 5717/122/1319 5761/85/1319
f 5709/142/1320 5717/141/1320 5808/145/1320 5807/144/1320 5683/206/1320
f 5683/206/2440 5807/144/2440 5806/143/2440 5820/157/2440 5819/156/2440 5693/207/2440
f 5809/146/1322 5812/149/1322 5688/125/1322 5801/39/1322 5796/38/1322
f 5689/37/1323 5696/36/1323 5832/169/1323 5831/168/1323 5811/208/1323 5810/209/1323
f 5812/210/1324 5811/208/1324 5831/168/1324 5830/167/1324 5835/172/1324 5834/171/1324 5688/211/1324
f 5689/53/1325 5810/147/1325 5809/146/1325 5796/38/1325 5791/47/1325
f 5813/150/1326 5816/153/1326 5690/52/1326 5786/54/1326 5781/59/1326
f 5691/212/1327 5827/164/1327 5826/163/1327 5694/213/1327 5815/214/1327 5814/215/1327
f 5816/216/1328 5815/214/1328 5694/213/1328 5695/35/1328 5690/34/1328
f 5691/68/1329 5814/151/1329 5813/150/1329 5781/59/1329 5776/63/1329
f 5693/207/1330 5819/156/1330 5818/155/1330 5824/161/1330 5823/160/1330 5692/217/1330
f 5821/218/1331 5824/219/1331 5818/220/1331 5817/202/1331 5761/85/1331 5756/84/1331
f 5692/217/1332 5823/160/1332 5822/159/1332 5828/165/1332 5827/164/1332 5691/212/1332
f 5825/221/1333 5828/222/1333 5822/223/1333 5821/218/1333 5756/84/1333 5751/93/1333
f 5694/102/1334 5826/224/1334 5825/221/1334 5751/93/1334 5746/97/1334
f 5829/225/1335 5832/226/1335 5696/107/1335 5736/108/1335 5731/112/1335
f 5836/227/1336 5835/228/1336 5830/229/1336 5829/225/1336 5731/112/1336 5726/116/1336
f 5687/131/1337 5833/230/1337 5836/227/1337 5726/116/1337 5723/132/1337
f 5688/211/1338 5834/171/1338 5833/170/1338 5687/131/1338 5686/126/1338
f 5837/231/1339 5840/232/1339 5708/233/1339 5850/187/1339 5849/186/1339 5697/234/1339
f 5770/20/1340 5775/73/1340 5838/175/1340 5837/174/1340 5697/21/1340
f 5698/33/1341 5707/32/1341 5708/233/1341 5840/232/1341 5839/235/1341
f 5775/73/1342 5780/23/1342 5698/26/1342 5839/176/1342 5838/175/1342
f 5841/236/1343 5844/237/1343 5705/238/1343 5706/31/1343 5699/30/1343
f 5785/24/1344 5790/58/1344 5842/179/1344 5841/178/1344 5699/25/1344
f 5700/239/1345 5704/240/1345 5705/238/1345 5844/237/1345 5843/241/1345
f 5790/58/1346 5795/51/1346 5700/242/1346 5843/180/1346 5842/179/1346
f 5845/243/1347 5848/244/1347 5703/245/1347 5704/240/1347 5700/239/1347
f 5795/51/1348 5800/46/1348 5846/183/1348 5845/182/1348 5700/242/1348
f 5701/29/1349 5702/28/1349 5703/245/1349 5848/244/1349 5847/246/1349
f 5800/46/1350 5805/1/1350 5701/4/1350 5847/184/1350 5846/183/1350
f 5765/92/1351 5714/247/1351 5682/248/1351 5852/249/1351 5851/250/1351
f 5697/234/1352 5849/186/1352 5852/189/1352 5682/251/1352 5681/252/1352
f 5760/17/1353 5765/92/1353 5851/250/1353 5850/253/1353 5708/18/1353
f 5713/136/1354 5714/135/1354 5853/190/1354 5856/193/1354 5712/254/1354
f 5764/90/1355 5854/255/1355 5853/256/1355 5714/247/1355 5765/92/1355
f 5712/254/1356 5856/193/1356 5855/192/1356 5715/138/1356 5711/137/1356
f 5763/88/1357 5715/124/1357 5855/257/1357 5854/255/1357 5764/90/1357
f 5722/127/1358 5723/132/1358 5857/194/1358 5860/197/1358 5721/128/1358
f 5723/132/1359 5726/116/1359 5727/117/1359 5858/195/1359 5857/194/1359
f 5721/128/1360 5860/197/1360 5859/196/1360 5724/120/1360 5720/129/1360
f 5859/196/1361 5858/195/1361 5727/117/1361 5728/118/1361 5724/120/1361
f 5864/201/1362 5863/200/1362 5730/5/1362 5702/8/1362 5685/27/1362
f 5719/130/1363 5725/121/1363 5862/199/1363 5861/198/1363 5718/2/1363
f 5718/2/1364 5861/198/1364 5864/201/1364 5685/27/1364 5684/3/1364
f 5725/121/1365 5729/119/1365 5730/5/1365 5863/200/1365 5862/199/1365
f 5989/1/1366 5902/2/1366 5868/3/1366 5885/4/1366
f 5914/5/1367 5919/6/1367 5887/7/1367 5886/8/1367
f 5919/6/1368 5924/9/1368 5888/10/1368 5887/7/1368
f 5924/9/1369 5929/11/1369 5889/12/1369 5888/10/1369
f 5929/11/1370 5934/13/1370 5890/14/1370 5889/12/1370
f 5934/13/1371 5939/15/1371 5891/16/1371 5890/14/1371
f 5939/15/1372 5944/17/1372 5892/18/1372 5891/16/1372
f 5897/19/1373 5954/20/1373 5881/21/1373 5865/22/1373
f 5964/23/1374 5969/24/1374 5883/25/1374 5882/26/1374
f 5868/3/1375 5869/27/1375 5886/28/1375 5885/29/1375
f 5883/30/1376 5890/31/1376 5891/32/1376 5882/33/1376
f 5874/34/1377 5879/35/1377 5880/36/1377 5873/37/1377
f 5980/38/1378 5985/39/1378 5986/40/1378 5981/41/1378
f 5981/41/1379 5986/40/1379 5987/42/1379 5982/43/1379
f 5982/43/1380 5987/42/1380 5988/44/1380 5983/45/1380
f 5983/45/1381 5988/44/1381 5989/1/1381 5984/46/1381
f 5975/47/1382 5980/38/1382 5981/41/1382 5976/48/1382
f 5976/48/1383 5981/41/1383 5982/43/1383 5977/49/1383
f 5977/49/1384 5982/43/1384 5983/45/1384 5978/50/1384
f 5978/50/1385 5983/45/1385 5984/46/1385 5979/51/1385
f 5874/52/1386 5873/53/1386 5975/47/1386 5970/54/1386
f 5970/54/2441 5975/47/2441 5976/48/2441 5971/55/2441
f 5971/55/1388 5976/48/1388 5977/49/1388 5972/56/1388
f 5972/56/1389 5977/49/1389 5978/50/1389 5973/57/1389
f 5973/57/1390 5978/50/1390 5979/51/1390 5974/58/1390
f 5965/59/1391 5970/54/1391 5971/55/1391 5966/60/1391
f 5966/60/1392 5971/55/1392 5972/56/1392 5967/61/1392
f 5967/61/1390 5972/56/1390 5973/57/1390 5968/62/1390
f 5968/62/1393 5973/57/1393 5974/58/1393 5969/24/1393
f 5960/63/1385 5965/59/1385 5966/60/1385 5961/64/1385
f 5961/64/1392 5966/60/1392 5967/61/1392 5962/65/1392
f 5962/65/1390 5967/61/1390 5968/62/1390 5963/66/1390
f 5963/66/1394 5968/62/1394 5969/24/1394 5964/23/1394
f 5876/67/1395 5875/68/1395 5960/63/1395 5955/69/1395
f 5955/69/1396 5960/63/1396 5961/64/1396 5956/70/1396
f 5956/70/1397 5961/64/1397 5962/65/1397 5957/71/1397
f 5957/71/1398 5962/65/1398 5963/66/1398 5958/72/1398
f 5958/72/1399 5963/66/1399 5964/23/1399 5959/73/1399
f 5877/74/1400 5876/67/1400 5955/69/1400 5950/75/1400
f 5950/75/1401 5955/69/1401 5956/70/1401 5951/76/1401
f 5951/76/1402 5956/70/1402 5957/71/1402 5952/77/1402
f 5952/77/1403 5957/71/1403 5958/72/1403 5953/78/1403
f 5953/78/1404 5958/72/1404 5959/73/1404 5954/20/1404
f 5867/79/1405 5877/74/1405 5950/75/1405 5893/80/1405
f 5893/80/2442 5950/75/2442 5951/76/2442 5894/81/2442
f 5894/81/2443 5951/76/2443 5952/77/2443 5895/82/2443
f 5895/82/1408 5952/77/1408 5953/78/1408 5896/83/1408
f 5896/83/1409 5953/78/1409 5954/20/1409 5897/19/1409
f 5940/84/2444 5945/85/2444 5946/86/2444 5941/87/2444
f 5941/87/1411 5946/86/1411 5947/88/1411 5942/89/1411
f 5942/89/1412 5947/88/1412 5948/90/1412 5943/91/1412
f 5943/91/1413 5948/90/1413 5949/92/1413 5944/17/1413
f 5935/93/1414 5940/84/1414 5941/87/1414 5936/94/1414
f 5936/94/1415 5941/87/1415 5942/89/1415 5937/95/1415
f 5937/95/1416 5942/89/1416 5943/91/1416 5938/96/1416
f 5938/96/1417 5943/91/1417 5944/17/1417 5939/15/1417
f 5930/97/1418 5935/93/1418 5936/94/1418 5931/98/1418
f 5931/98/1419 5936/94/1419 5937/95/1419 5932/99/1419
f 5932/99/1420 5937/95/1420 5938/96/1420 5933/100/1420
f 5933/100/1412 5938/96/1412 5939/15/1412 5934/13/1412
f 5879/101/1421 5878/102/1421 5930/97/1421 5925/103/1421
f 5925/103/1422 5930/97/1422 5931/98/1422 5926/104/1422
f 5926/104/1423 5931/98/1423 5932/99/1423 5927/105/1423
f 5927/105/1424 5932/99/1424 5933/100/1424 5928/106/1424
f 5928/106/1412 5933/100/1412 5934/13/1412 5929/11/1412
f 5880/107/1425 5879/101/1425 5925/103/1425 5920/108/1425
f 5920/108/2445 5925/103/2445 5926/104/2445 5921/109/2445
f 5921/109/1427 5926/104/1427 5927/105/1427 5922/110/1427
f 5922/110/1428 5927/105/1428 5928/106/1428 5923/111/1428
f 5923/111/1429 5928/106/1429 5929/11/1429 5924/9/1429
f 5915/112/1430 5920/108/1430 5921/109/1430 5916/113/1430
f 5916/113/1431 5921/109/1431 5922/110/1431 5917/114/1431
f 5917/114/1432 5922/110/1432 5923/111/1432 5918/115/1432
f 5918/115/1433 5923/111/1433 5924/9/1433 5919/6/1433
f 5910/116/1434 5915/112/1434 5916/113/1434 5911/117/1434
f 5911/117/2446 5916/113/2446 5917/114/2446 5912/118/2446
f 5912/118/1436 5917/114/1436 5918/115/1436 5913/119/1436
f 5913/119/1437 5918/115/1437 5919/6/1437 5914/5/1437
f 5908/120/1438 5912/118/1438 5913/119/1438 5909/121/1438
f 5945/85/1439 5901/122/1439 5900/123/1439 5946/86/1439
f 5946/86/1440 5900/123/1440 5899/124/1440 5947/88/1440
f 5872/125/1441 5870/126/1441 5906/127/1441 5985/39/1441
f 5985/39/1442 5906/127/1442 5905/128/1442 5986/40/1442
f 5986/40/1443 5905/128/1443 5904/129/1443 5987/42/1443
f 5987/42/1444 5904/129/1444 5903/130/1444 5988/44/1444
f 5988/44/1445 5903/130/1445 5902/2/1445 5989/1/1445
f 5870/126/2447 5871/131/2447 5907/132/2447 5906/127/2447
f 5904/129/2448 5908/120/2448 5909/121/2448 5903/130/2448
f 5865/133/1448 5866/134/1448 5898/135/1448 5897/136/1448
f 5895/137/1449 5899/138/1449 5900/139/1449 5894/140/1449
f 5894/140/2449 5900/139/2449 5901/141/2449 5893/142/2449
f 5990/143/1451 5991/144/1451 5992/145/1451
f 5993/146/1452 5994/147/1452 5995/148/1452 5996/149/1452
f 5997/150/1453 5998/151/1453 5999/152/1453 6000/153/1453
f 6001/154/1454 6002/155/1454 6003/156/1454 6004/157/1454
f 6005/158/1455 6006/159/1455 6007/160/1455 6008/161/1455
f 6009/162/1456 6010/163/1456 6011/164/1456 6012/165/1456
f 6017/170/1458 6018/171/1458 6019/172/1458 6020/173/1458
f 6025/178/2451 6026/179/2451 6027/180/2451 6028/181/2451
f 6029/182/1461 6030/183/1461 6031/184/1461 6032/185/1461
f 6033/186/1462 6034/187/1462 6035/188/1462 6036/189/1462
f 6037/190/1463 6038/191/1463 6039/192/1463 6040/193/1463
f 6041/194/1464 6042/195/1464 6043/196/1464 6044/197/1464
f 6045/198/1465 6046/199/1465 6047/200/1465 6048/201/1465
f 6001/202/1466 6004/203/1466 5990/204/1466 5992/205/1466 5901/122/1466 5945/85/1466
f 5893/142/1467 5901/141/1467 5992/145/1467 5991/144/1467 5867/206/1467
f 5867/206/1468 5991/144/1468 5990/143/1468 6004/157/1468 6003/156/1468 5877/207/1468
f 5993/146/1469 5996/149/1469 5872/125/1469 5985/39/1469 5980/38/1469
f 5873/37/1470 5880/36/1470 6016/169/1470 6015/168/1470 5995/208/1470 5994/209/1470
f 5996/210/1471 5995/208/1471 6015/168/1471 6014/167/1471 6019/172/1471 6018/171/1471 5872/211/1471
f 5873/53/1472 5994/147/1472 5993/146/1472 5980/38/1472 5975/47/1472
f 5997/150/1473 6000/153/1473 5874/52/1473 5970/54/1473 5965/59/1473
f 5875/212/1474 6011/164/1474 6010/163/1474 5878/213/1474 5999/214/1474 5998/215/1474
f 6000/216/1475 5999/214/1475 5878/213/1475 5879/35/1475 5874/34/1475
f 5875/68/1476 5998/151/1476 5997/150/1476 5965/59/1476 5960/63/1476
f 5877/207/1477 6003/156/1477 6002/155/1477 6008/161/1477 6007/160/1477 5876/217/1477
f 6005/218/1478 6008/219/1478 6002/220/1478 6001/202/1478 5945/85/1478 5940/84/1478
f 5876/217/1479 6007/160/1479 6006/159/1479 6012/165/1479 6011/164/1479 5875/212/1479
f 6009/221/1480 6012/222/1480 6006/223/1480 6005/218/1480 5940/84/1480 5935/93/1480
f 5878/102/1481 6010/224/1481 6009/221/1481 5935/93/1481 5930/97/1481
f 6013/225/1482 6016/226/1482 5880/107/1482 5920/108/1482 5915/112/1482
f 6020/227/1483 6019/228/1483 6014/229/1483 6013/225/1483 5915/112/1483 5910/116/1483
f 5871/131/1484 6017/230/1484 6020/227/1484 5910/116/1484 5907/132/1484
f 5872/211/1485 6018/171/1485 6017/170/1485 5871/131/1485 5870/126/1485
f 6021/231/1486 6024/232/1486 5892/233/1486 6034/187/1486 6033/186/1486 5881/234/1486
f 5954/20/1487 5959/73/1487 6022/175/1487 6021/174/1487 5881/21/1487
f 5882/33/1488 5891/32/1488 5892/233/1488 6024/232/1488 6023/235/1488
f 5959/73/1489 5964/23/1489 5882/26/1489 6023/176/1489 6022/175/1489
f 6025/236/1490 6028/237/1490 5889/238/1490 5890/31/1490 5883/30/1490
f 5969/24/1491 5974/58/1491 6026/179/1491 6025/178/1491 5883/25/1491
f 5884/239/1492 5888/240/1492 5889/238/1492 6028/237/1492 6027/241/1492
f 5974/58/1493 5979/51/1493 5884/242/1493 6027/180/1493 6026/179/1493
f 6029/243/1494 6032/244/1494 5887/245/1494 5888/240/1494 5884/239/1494
f 5979/51/1495 5984/46/1495 6030/183/1495 6029/182/1495 5884/242/1495
f 5885/29/1496 5886/28/1496 5887/245/1496 6032/244/1496 6031/246/1496
f 5984/46/1497 5989/1/1497 5885/4/1497 6031/184/1497 6030/183/1497
f 5949/92/1498 5898/247/1498 5866/248/1498 6036/249/1498 6035/250/1498
f 5881/234/1499 6033/186/1499 6036/189/1499 5866/251/1499 5865/252/1499
f 5944/17/1500 5949/92/1500 6035/250/1500 6034/253/1500 5892/18/1500
f 5897/136/1501 5898/135/1501 6037/190/1501 6040/193/1501 5896/254/1501
f 5948/90/1502 6038/255/1502 6037/256/1502 5898/247/1502 5949/92/1502
f 5896/254/1503 6040/193/1503 6039/192/1503 5899/138/1503 5895/137/1503
f 5947/88/1504 5899/124/1504 6039/257/1504 6038/255/1504 5948/90/1504
f 5906/127/2452 5907/132/2452 6041/194/2452 6044/197/2452 5905/128/2452
f 5907/132/2453 5910/116/2453 5911/117/2453 6042/195/2453 6041/194/2453
f 5905/128/1507 6044/197/1507 6043/196/1507 5908/120/1507 5904/129/1507
f 6043/196/1508 6042/195/1508 5911/117/1508 5912/118/1508 5908/120/1508
f 6048/201/1509 6047/200/1509 5914/5/1509 5886/8/1509 5869/27/1509
f 5903/130/1510 5909/121/1510 6046/199/1510 6045/198/1510 5902/2/1510
f 5902/2/1511 6045/198/1511 6048/201/1511 5869/27/1511 5868/3/1511
f 5909/121/1512 5913/119/1512 5914/5/1512 6047/200/1512 6046/199/1512
f 6173/1/1513 6086/2/1513 6052/3/1513 6069/4/1513
f 6098/5/1514 6103/6/1514 6071/7/1514 6070/8/1514
f 6103/6/1515 6108/9/1515 6072/10/1515 6071/7/1515
f 6108/9/1516 6113/11/1516 6073/12/1516 6072/10/1516
f 6113/11/1517 6118/13/1517 6074/14/1517 6073/12/1517
f 6118/13/1518 6123/15/1518 6075/16/1518 6074/14/1518
f 6123/15/1519 6128/17/1519 6076/18/1519 6075/16/1519
f 6081/19/1520 6138/20/1520 6065/21/1520 6049/22/1520
f 6148/23/1521 6153/24/1521 6067/25/1521 6066/26/1521
f 6052/3/1522 6053/27/1522 6070/28/1522 6069/29/1522
f 6067/30/1523 6074/31/1523 6075/32/1523 6066/33/1523
f 6058/34/1524 6063/35/1524 6064/36/1524 6057/37/1524
f 6164/38/1525 6169/39/1525 6170/40/1525 6165/41/1525
f 6165/41/1526 6170/40/1526 6171/42/1526 6166/43/1526
f 6166/43/1527 6171/42/1527 6172/44/1527 6167/45/1527
f 6167/45/1528 6172/44/1528 6173/1/1528 6168/46/1528
f 6159/47/1529 6164/38/1529 6165/41/1529 6160/48/1529
f 6160/48/1530 6165/41/1530 6166/43/1530 6161/49/1530
f 6161/49/1531 6166/43/1531 6167/45/1531 6162/50/1531
f 6162/50/1532 6167/45/1532 6168/46/1532 6163/51/1532
f 6058/52/1533 6057/53/1533 6159/47/1533 6154/54/1533
f 6154/54/1534 6159/47/1534 6160/48/1534 6155/55/1534
f 6155/55/1535 6160/48/1535 6161/49/1535 6156/56/1535
f 6156/56/1536 6161/49/1536 6162/50/1536 6157/57/1536
f 6157/57/1537 6162/50/1537 6163/51/1537 6158/58/1537
f 6149/59/1538 6154/54/1538 6155/55/1538 6150/60/1538
f 6150/60/1539 6155/55/1539 6156/56/1539 6151/61/1539
f 6151/61/1537 6156/56/1537 6157/57/1537 6152/62/1537
f 6152/62/1540 6157/57/1540 6158/58/1540 6153/24/1540
f 6144/63/1541 6149/59/1541 6150/60/1541 6145/64/1541
f 6145/64/1539 6150/60/1539 6151/61/1539 6146/65/1539
f 6146/65/1542 6151/61/1542 6152/62/1542 6147/66/1542
f 6147/66/1543 6152/62/1543 6153/24/1543 6148/23/1543
f 6060/67/1544 6059/68/1544 6144/63/1544 6139/69/1544
f 6139/69/1545 6144/63/1545 6145/64/1545 6140/70/1545
f 6140/70/1546 6145/64/1546 6146/65/1546 6141/71/1546
f 6141/71/1547 6146/65/1547 6147/66/1547 6142/72/1547
f 6142/72/1548 6147/66/1548 6148/23/1548 6143/73/1548
f 6061/74/2454 6060/67/2454 6139/69/2454 6134/75/2454
f 6134/75/1550 6139/69/1550 6140/70/1550 6135/76/1550
f 6135/76/1551 6140/70/1551 6141/71/1551 6136/77/1551
f 6136/77/1552 6141/71/1552 6142/72/1552 6137/78/1552
f 6137/78/1553 6142/72/1553 6143/73/1553 6138/20/1553
f 6051/79/1554 6061/74/1554 6134/75/1554 6077/80/1554
f 6077/80/1555 6134/75/1555 6135/76/1555 6078/81/1555
f 6078/81/1556 6135/76/1556 6136/77/1556 6079/82/1556
f 6079/82/1557 6136/77/1557 6137/78/1557 6080/83/1557
f 6080/83/1558 6137/78/1558 6138/20/1558 6081/19/1558
f 6124/84/1559 6129/85/1559 6130/86/1559 6125/87/1559
f 6125/87/1560 6130/86/1560 6131/88/1560 6126/89/1560
f 6126/89/1561 6131/88/1561 6132/90/1561 6127/91/1561
f 6127/91/1562 6132/90/1562 6133/92/1562 6128/17/1562
f 6119/93/1563 6124/84/1563 6125/87/1563 6120/94/1563
f 6120/94/1564 6125/87/1564 6126/89/1564 6121/95/1564
f 6121/95/1565 6126/89/1565 6127/91/1565 6122/96/1565
f 6122/96/1566 6127/91/1566 6128/17/1566 6123/15/1566
f 6114/97/1567 6119/93/1567 6120/94/1567 6115/98/1567
f 6115/98/1568 6120/94/1568 6121/95/1568 6116/99/1568
f 6116/99/1569 6121/95/1569 6122/96/1569 6117/100/1569
f 6117/100/1570 6122/96/1570 6123/15/1570 6118/13/1570
f 6063/101/1571 6062/102/1571 6114/97/1571 6109/103/1571
f 6109/103/1572 6114/97/1572 6115/98/1572 6110/104/1572
f 6110/104/1573 6115/98/1573 6116/99/1573 6111/105/1573
f 6111/105/1574 6116/99/1574 6117/100/1574 6112/106/1574
f 6112/106/1570 6117/100/1570 6118/13/1570 6113/11/1570
f 6064/107/1575 6063/101/1575 6109/103/1575 6104/108/1575
f 6104/108/1576 6109/103/1576 6110/104/1576 6105/109/1576
f 6105/109/1577 6110/104/1577 6111/105/1577 6106/110/1577
f 6106/110/1578 6111/105/1578 6112/106/1578 6107/111/1578
f 6107/111/1579 6112/106/1579 6113/11/1579 6108/9/1579
f 6099/112/1580 6104/108/1580 6105/109/1580 6100/113/1580
f 6100/113/1581 6105/109/1581 6106/110/1581 6101/114/1581
f 6101/114/1582 6106/110/1582 6107/111/1582 6102/115/1582
f 6102/115/1583 6107/111/1583 6108/9/1583 6103/6/1583
f 6094/116/1584 6099/112/1584 6100/113/1584 6095/117/1584
f 6095/117/1585 6100/113/1585 6101/114/1585 6096/118/1585
f 6096/118/1586 6101/114/1586 6102/115/1586 6097/119/1586
f 6097/119/1587 6102/115/1587 6103/6/1587 6098/5/1587
f 6092/120/1588 6096/118/1588 6097/119/1588 6093/121/1588
f 6129/85/1589 6085/122/1589 6084/123/1589 6130/86/1589
f 6130/86/1590 6084/123/1590 6083/124/1590 6131/88/1590
f 6056/125/1591 6054/126/1591 6090/127/1591 6169/39/1591
f 6169/39/1592 6090/127/1592 6089/128/1592 6170/40/1592
f 6170/40/1593 6089/128/1593 6088/129/1593 6171/42/1593
f 6171/42/1594 6088/129/1594 6087/130/1594 6172/44/1594
f 6172/44/1595 6087/130/1595 6086/2/1595 6173/1/1595
f 6054/126/1596 6055/131/1596 6091/132/1596 6090/127/1596
f 6088/129/1597 6092/120/1597 6093/121/1597 6087/130/1597
f 6049/133/1598 6050/134/1598 6082/135/1598 6081/136/1598
f 6079/137/1599 6083/138/1599 6084/139/1599 6078/140/1599
f 6078/140/1600 6084/139/1600 6085/141/1600 6077/142/1600
f 6174/143/1601 6175/144/1601 6176/145/1601
f 6177/146/1602 6178/147/1602 6179/148/1602 6180/149/1602
f 6181/150/1603 6182/151/1603 6183/152/1603 6184/153/1603
f 6185/154/1604 6186/155/1604 6187/156/1604 6188/157/1604
f 6189/158/1605 6190/159/1605 6191/160/1605 6192/161/1605
f 6193/162/1606 6194/163/1606 6195/164/1606 6196/165/1606
f 6201/170/1608 6202/171/1608 6203/172/1608 6204/173/1608
f 6209/178/1610 6210/179/1610 6211/180/1610 6212/181/1610
f 6213/182/1611 6214/183/1611 6215/184/1611 6216/185/1611
f 6217/186/1612 6218/187/1612 6219/188/1612 6220/189/1612
f 6221/190/2455 6222/191/2455 6223/192/2455 6224/193/2455
f 6225/194/2456 6226/195/2456 6227/196/2456 6228/197/2456
f 6229/198/1615 6230/199/1615 6231/200/1615 6232/201/1615
f 6185/202/1616 6188/203/1616 6174/204/1616 6176/205/1616 6085/122/1616 6129/85/1616
f 6077/142/1617 6085/141/1617 6176/145/1617 6175/144/1617 6051/206/1617
f 6051/206/1618 6175/144/1618 6174/143/1618 6188/157/1618 6187/156/1618 6061/207/1618
f 6177/146/1619 6180/149/1619 6056/125/1619 6169/39/1619 6164/38/1619
f 6057/37/1620 6064/36/1620 6200/169/1620 6199/168/1620 6179/208/1620 6178/209/1620
f 6180/210/1621 6179/208/1621 6199/168/1621 6198/167/1621 6203/172/1621 6202/171/1621 6056/211/1621
f 6057/53/1622 6178/147/1622 6177/146/1622 6164/38/1622 6159/47/1622
f 6181/150/1623 6184/153/1623 6058/52/1623 6154/54/1623 6149/59/1623
f 6059/212/1624 6195/164/1624 6194/163/1624 6062/213/1624 6183/214/1624 6182/215/1624
f 6184/216/1625 6183/214/1625 6062/213/1625 6063/35/1625 6058/34/1625
f 6059/68/1626 6182/151/1626 6181/150/1626 6149/59/1626 6144/63/1626
f 6061/207/1627 6187/156/1627 6186/155/1627 6192/161/1627 6191/160/1627 6060/217/1627
f 6189/218/1628 6192/219/1628 6186/220/1628 6185/202/1628 6129/85/1628 6124/84/1628
f 6060/217/1629 6191/160/1629 6190/159/1629 6196/165/1629 6195/164/1629 6059/212/1629
f 6193/221/1630 6196/222/1630 6190/223/1630 6189/218/1630 6124/84/1630 6119/93/1630
f 6062/102/2457 6194/224/2457 6193/221/2457 6119/93/2457 6114/97/2457
f 6197/225/1632 6200/226/1632 6064/107/1632 6104/108/1632 6099/112/1632
f 6204/227/1633 6203/228/1633 6198/229/1633 6197/225/1633 6099/112/1633 6094/116/1633
f 6055/131/1634 6201/230/1634 6204/227/1634 6094/116/1634 6091/132/1634
f 6056/211/1635 6202/171/1635 6201/170/1635 6055/131/1635 6054/126/1635
f 6205/231/1636 6208/232/1636 6076/233/1636 6218/187/1636 6217/186/1636 6065/234/1636
f 6138/20/1637 6143/73/1637 6206/175/1637 6205/174/1637 6065/21/1637
f 6066/33/1638 6075/32/1638 6076/233/1638 6208/232/1638 6207/235/1638
f 6143/73/1639 6148/23/1639 6066/26/1639 6207/176/1639 6206/175/1639
f 6209/236/1640 6212/237/1640 6073/238/1640 6074/31/1640 6067/30/1640
f 6153/24/1641 6158/58/1641 6210/179/1641 6209/178/1641 6067/25/1641
f 6068/239/1642 6072/240/1642 6073/238/1642 6212/237/1642 6211/241/1642
f 6158/58/1643 6163/51/1643 6068/242/1643 6211/180/1643 6210/179/1643
f 6213/243/1644 6216/244/1644 6071/245/1644 6072/240/1644 6068/239/1644
f 6163/51/1645 6168/46/1645 6214/183/1645 6213/182/1645 6068/242/1645
f 6069/29/1646 6070/28/1646 6071/245/1646 6216/244/1646 6215/246/1646
f 6168/46/1647 6173/1/1647 6069/4/1647 6215/184/1647 6214/183/1647
f 6133/92/1648 6082/247/1648 6050/248/1648 6220/249/1648 6219/250/1648
f 6065/234/1649 6217/186/1649 6220/189/1649 6050/251/1649 6049/252/1649
f 6128/17/1650 6133/92/1650 6219/250/1650 6218/253/1650 6076/18/1650
f 6081/136/1651 6082/135/1651 6221/190/1651 6224/193/1651 6080/254/1651
f 6132/90/1652 6222/255/1652 6221/256/1652 6082/247/1652 6133/92/1652
f 6080/254/1653 6224/193/1653 6223/192/1653 6083/138/1653 6079/137/1653
f 6131/88/1654 6083/124/1654 6223/257/1654 6222/255/1654 6132/90/1654
f 6090/127/1655 6091/132/1655 6225/194/1655 6228/197/1655 6089/128/1655
f 6091/132/1656 6094/116/1656 6095/117/1656 6226/195/1656 6225/194/1656
f 6089/128/1657 6228/197/1657 6227/196/1657 6092/120/1657 6088/129/1657
f 6227/196/1658 6226/195/1658 6095/117/1658 6096/118/1658 6092/120/1658
f 6232/201/1659 6231/200/1659 6098/5/1659 6070/8/1659 6053/27/1659
f 6087/130/1660 6093/121/1660 6230/199/1660 6229/198/1660 6086/2/1660
f 6086/2/1661 6229/198/1661 6232/201/1661 6053/27/1661 6052/3/1661
f 6093/121/1662 6097/119/1662 6098/5/1662 6231/200/1662 6230/199/1662
f 6357/1/1663 6270/2/1663 6236/3/1663 6253/4/1663
f 6282/5/1664 6287/6/1664 6255/7/1664 6254/8/1664
f 6287/6/1665 6292/9/1665 6256/10/1665 6255/7/1665
f 6292/9/1666 6297/11/1666 6257/12/1666 6256/10/1666
f 6297/11/1667 6302/13/1667 6258/14/1667 6257/12/1667
f 6302/13/1668 6307/15/1668 6259/16/1668 6258/14/1668
f 6307/15/1669 6312/17/1669 6260/18/1669 6259/16/1669
f 6265/19/1670 6322/20/1670 6249/21/1670 6233/22/1670
f 6332/23/1671 6337/24/1671 6251/25/1671 6250/26/1671
f 6236/3/1672 6237/27/1672 6254/28/1672 6253/29/1672
f 6251/30/1673 6258/31/1673 6259/32/1673 6250/33/1673
f 6242/34/1674 6247/35/1674 6248/36/1674 6241/37/1674
f 6348/38/1675 6353/39/1675 6354/40/1675 6349/41/1675
f 6349/41/1676 6354/40/1676 6355/42/1676 6350/43/1676
f 6350/43/1677 6355/42/1677 6356/44/1677 6351/45/1677
f 6351/45/1678 6356/44/1678 6357/1/1678 6352/46/1678
f 6343/47/1679 6348/38/1679 6349/41/1679 6344/48/1679
f 6344/48/1680 6349/41/1680 6350/43/1680 6345/49/1680
f 6345/49/1681 6350/43/1681 6351/45/1681 6346/50/1681
f 6346/50/1682 6351/45/1682 6352/46/1682 6347/51/1682
f 6242/52/1683 6241/53/1683 6343/47/1683 6338/54/1683
f 6338/54/1684 6343/47/1684 6344/48/1684 6339/55/1684
f 6339/55/1685 6344/48/1685 6345/49/1685 6340/56/1685
f 6340/56/1686 6345/49/1686 6346/50/1686 6341/57/1686
f 6341/57/1687 6346/50/1687 6347/51/1687 6342/58/1687
f 6333/59/1688 6338/54/1688 6339/55/1688 6334/60/1688
f 6334/60/1689 6339/55/1689 6340/56/1689 6335/61/1689
f 6335/61/1690 6340/56/1690 6341/57/1690 6336/62/1690
f 6336/62/1691 6341/57/1691 6342/58/1691 6337/24/1691
f 6328/63/1692 6333/59/1692 6334/60/1692 6329/64/1692
f 6329/64/1689 6334/60/1689 6335/61/1689 6330/65/1689
f 6330/65/1690 6335/61/1690 6336/62/1690 6331/66/1690
f 6331/66/1693 6336/62/1693 6337/24/1693 6332/23/1693
f 6244/67/1694 6243/68/1694 6328/63/1694 6323/69/1694
f 6323/69/1695 6328/63/1695 6329/64/1695 6324/70/1695
f 6324/70/1696 6329/64/1696 6330/65/1696 6325/71/1696
f 6325/71/1697 6330/65/1697 6331/66/1697 6326/72/1697
f 6326/72/1698 6331/66/1698 6332/23/1698 6327/73/1698
f 6245/74/1699 6244/67/1699 6323/69/1699 6318/75/1699
f 6318/75/1700 6323/69/1700 6324/70/1700 6319/76/1700
f 6319/76/1701 6324/70/1701 6325/71/1701 6320/77/1701
f 6320/77/1702 6325/71/1702 6326/72/1702 6321/78/1702
f 6321/78/1703 6326/72/1703 6327/73/1703 6322/20/1703
f 6235/79/1704 6245/74/1704 6318/75/1704 6261/80/1704
f 6261/80/1705 6318/75/1705 6319/76/1705 6262/81/1705
f 6262/81/1706 6319/76/1706 6320/77/1706 6263/82/1706
f 6263/82/1707 6320/77/1707 6321/78/1707 6264/83/1707
f 6264/83/1708 6321/78/1708 6322/20/1708 6265/19/1708
f 6308/84/1709 6313/85/1709 6314/86/1709 6309/87/1709
f 6309/87/1710 6314/86/1710 6315/88/1710 6310/89/1710
f 6310/89/1711 6315/88/1711 6316/90/1711 6311/91/1711
f 6311/91/1712 6316/90/1712 6317/92/1712 6312/17/1712
f 6303/93/1713 6308/84/1713 6309/87/1713 6304/94/1713
f 6304/94/1714 6309/87/1714 6310/89/1714 6305/95/1714
f 6305/95/1715 6310/89/1715 6311/91/1715 6306/96/1715
f 6306/96/1716 6311/91/1716 6312/17/1716 6307/15/1716
f 6298/97/1717 6303/93/1717 6304/94/1717 6299/98/1717
f 6299/98/1718 6304/94/1718 6305/95/1718 6300/99/1718
f 6300/99/1719 6305/95/1719 6306/96/1719 6301/100/1719
f 6301/100/1720 6306/96/1720 6307/15/1720 6302/13/1720
f 6247/101/1721 6246/102/1721 6298/97/1721 6293/103/1721
f 6293/103/1722 6298/97/1722 6299/98/1722 6294/104/1722
f 6294/104/1723 6299/98/1723 6300/99/1723 6295/105/1723
f 6295/105/1724 6300/99/1724 6301/100/1724 6296/106/1724
f 6296/106/1720 6301/100/1720 6302/13/1720 6297/11/1720
f 6248/107/1725 6247/101/1725 6293/103/1725 6288/108/1725
f 6288/108/1726 6293/103/1726 6294/104/1726 6289/109/1726
f 6289/109/1727 6294/104/1727 6295/105/1727 6290/110/1727
f 6290/110/1728 6295/105/1728 6296/106/1728 6291/111/1728
f 6291/111/1729 6296/106/1729 6297/11/1729 6292/9/1729
f 6283/112/1730 6288/108/1730 6289/109/1730 6284/113/1730
f 6284/113/1731 6289/109/1731 6290/110/1731 6285/114/1731
f 6285/114/1732 6290/110/1732 6291/111/1732 6286/115/1732
f 6286/115/1733 6291/111/1733 6292/9/1733 6287/6/1733
f 6278/116/1734 6283/112/1734 6284/113/1734 6279/117/1734
f 6279/117/1735 6284/113/1735 6285/114/1735 6280/118/1735
f 6280/118/1736 6285/114/1736 6286/115/1736 6281/119/1736
f 6281/119/1737 6286/115/1737 6287/6/1737 6282/5/1737
f 6276/120/1738 6280/118/1738 6281/119/1738 6277/121/1738
f 6313/85/1739 6269/122/1739 6268/123/1739 6314/86/1739
f 6314/86/1740 6268/123/1740 6267/124/1740 6315/88/1740
f 6240/125/1741 6238/126/1741 6274/127/1741 6353/39/1741
f 6353/39/1742 6274/127/1742 6273/128/1742 6354/40/1742
f 6354/40/1743 6273/128/1743 6272/129/1743 6355/42/1743
f 6355/42/1744 6272/129/1744 6271/130/1744 6356/44/1744
f 6356/44/1745 6271/130/1745 6270/2/1745 6357/1/1745
f 6238/126/1746 6239/131/1746 6275/132/1746 6274/127/1746
f 6272/129/1747 6276/120/1747 6277/121/1747 6271/130/1747
f 6233/133/1748 6234/134/1748 6266/135/1748 6265/136/1748
f 6263/137/1749 6267/138/1749 6268/139/1749 6262/140/1749
f 6262/140/2458 6268/139/2458 6269/141/2458 6261/142/2458
f 6358/143/1751 6359/144/1751 6360/145/1751
f 6361/146/1752 6362/147/1752 6363/148/1752 6364/149/1752
f 6365/150/1753 6366/151/1753 6367/152/1753 6368/153/1753
f 6369/154/1754 6370/155/1754 6371/156/1754 6372/157/1754
f 6373/158/1755 6374/159/1755 6375/160/1755 6376/161/1755
f 6377/162/1756 6378/163/1756 6379/164/1756 6380/165/1756
f 6385/170/1758 6386/171/1758 6387/172/1758 6388/173/1758
f 6393/178/2459 6394/179/2459 6395/180/2459 6396/181/2459
f 6397/182/1761 6398/183/1761 6399/184/1761 6400/185/1761
f 6401/186/1762 6402/187/1762 6403/188/1762 6404/189/1762
f 6405/190/2460 6406/191/2460 6407/192/2460 6408/193/2460
f 6409/194/1764 6410/195/1764 6411/196/1764 6412/197/1764
f 6413/198/1765 6414/199/1765 6415/200/1765 6416/201/1765
f 6369/202/1766 6372/203/1766 6358/204/1766 6360/205/1766 6269/122/1766 6313/85/1766
f 6261/142/1767 6269/141/1767 6360/145/1767 6359/144/1767 6235/206/1767
f 6235/206/1768 6359/144/1768 6358/143/1768 6372/157/1768 6371/156/1768 6245/207/1768
f 6361/146/1769 6364/149/1769 6240/125/1769 6353/39/1769 6348/38/1769
f 6241/37/1770 6248/36/1770 6384/169/1770 6383/168/1770 6363/208/1770 6362/209/1770
f 6364/210/1771 6363/208/1771 6383/168/1771 6382/167/1771 6387/172/1771 6386/171/1771 6240/211/1771
f 6241/53/1772 6362/147/1772 6361/146/1772 6348/38/1772 6343/47/1772
f 6365/150/1773 6368/153/1773 6242/52/1773 6338/54/1773 6333/59/1773
f 6243/212/1774 6379/164/1774 6378/163/1774 6246/213/1774 6367/214/1774 6366/215/1774
f 6368/216/1775 6367/214/1775 6246/213/1775 6247/35/1775 6242/34/1775
f 6243/68/1776 6366/151/1776 6365/150/1776 6333/59/1776 6328/63/1776
f 6245/207/1777 6371/156/1777 6370/155/1777 6376/161/1777 6375/160/1777 6244/217/1777
f 6373/218/1778 6376/219/1778 6370/220/1778 6369/202/1778 6313/85/1778 6308/84/1778
f 6244/217/1779 6375/160/1779 6374/159/1779 6380/165/1779 6379/164/1779 6243/212/1779
f 6377/221/1780 6380/222/1780 6374/223/1780 6373/218/1780 6308/84/1780 6303/93/1780
f 6246/102/1781 6378/224/1781 6377/221/1781 6303/93/1781 6298/97/1781
f 6381/225/1782 6384/226/1782 6248/107/1782 6288/108/1782 6283/112/1782
f 6388/227/2461 6387/228/2461 6382/229/2461 6381/225/2461 6283/112/2461 6278/116/2461
f 6239/131/1784 6385/230/1784 6388/227/1784 6278/116/1784 6275/132/1784
f 6240/211/1785 6386/171/1785 6385/170/1785 6239/131/1785 6238/126/1785
f 6389/231/1786 6392/232/1786 6260/233/1786 6402/187/1786 6401/186/1786 6249/234/1786
f 6322/20/1787 6327/73/1787 6390/175/1787 6389/174/1787 6249/21/1787
f 6250/33/1788 6259/32/1788 6260/233/1788 6392/232/1788 6391/235/1788
f 6327/73/1789 6332/23/1789 6250/26/1789 6391/176/1789 6390/175/1789
f 6393/236/1790 6396/237/1790 6257/238/1790 6258/31/1790 6251/30/1790
f 6337/24/1791 6342/58/1791 6394/179/1791 6393/178/1791 6251/25/1791
f 6252/239/1792 6256/240/1792 6257/238/1792 6396/237/1792 6395/241/1792
f 6342/58/1793 6347/51/1793 6252/242/1793 6395/180/1793 6394/179/1793
f 6397/243/1794 6400/244/1794 6255/245/1794 6256/240/1794 6252/239/1794
f 6347/51/1795 6352/46/1795 6398/183/1795 6397/182/1795 6252/242/1795
f 6253/29/1796 6254/28/1796 6255/245/1796 6400/244/1796 6399/246/1796
f 6352/46/1797 6357/1/1797 6253/4/1797 6399/184/1797 6398/183/1797
f 6317/92/1798 6266/247/1798 6234/248/1798 6404/249/1798 6403/250/1798
f 6249/234/1799 6401/186/1799 6404/189/1799 6234/251/1799 6233/252/1799
f 6312/17/1800 6317/92/1800 6403/250/1800 6402/253/1800 6260/18/1800
f 6265/136/1801 6266/135/1801 6405/190/1801 6408/193/1801 6264/254/1801
f 6316/90/1802 6406/255/1802 6405/256/1802 6266/247/1802 6317/92/1802
f 6264/254/1803 6408/193/1803 6407/192/1803 6267/138/1803 6263/137/1803
f 6315/88/1804 6267/124/1804 6407/257/1804 6406/255/1804 6316/90/1804
f 6274/127/1805 6275/132/1805 6409/194/1805 6412/197/1805 6273/128/1805
f 6275/132/1806 6278/116/1806 6279/117/1806 6410/195/1806 6409/194/1806
f 6273/128/2462 6412/197/2462 6411/196/2462 6276/120/2462 6272/129/2462
f 6411/196/1808 6410/195/1808 6279/117/1808 6280/118/1808 6276/120/1808
f 6416/201/1809 6415/200/1809 6282/5/1809 6254/8/1809 6237/27/1809
f 6271/130/2463 6277/121/2463 6414/199/2463 6413/198/2463 6270/2/2463
f 6270/2/1811 6413/198/1811 6416/201/1811 6237/27/1811 6236/3/1811
f 6277/121/2464 6281/119/2464 6282/5/2464 6415/200/2464 6414/199/2464
f 6541/1/1813 6454/2/1813 6420/3/1813 6437/4/1813
f 6466/5/1814 6471/6/1814 6439/7/1814 6438/8/1814
f 6471/6/1815 6476/9/1815 6440/10/1815 6439/7/1815
f 6476/9/1816 6481/11/1816 6441/12/1816 6440/10/1816
f 6481/11/1817 6486/13/1817 6442/14/1817 6441/12/1817
f 6486/13/1818 6491/15/1818 6443/16/1818 6442/14/1818
f 6491/15/1819 6496/17/1819 6444/18/1819 6443/16/1819
f 6449/19/1820 6506/20/1820 6433/21/1820 6417/22/1820
f 6516/23/1821 6521/24/1821 6435/25/1821 6434/26/1821
f 6420/3/1822 6421/27/1822 6438/28/1822 6437/29/1822
f 6435/30/1823 6442/31/1823 6443/32/1823 6434/33/1823
f 6426/34/1824 6431/35/1824 6432/36/1824 6425/37/1824
f 6532/38/1825 6537/39/1825 6538/40/1825 6533/41/1825
f 6533/41/1826 6538/40/1826 6539/42/1826 6534/43/1826
f 6534/43/1827 6539/42/1827 6540/44/1827 6535/45/1827
f 6535/45/1828 6540/44/1828 6541/1/1828 6536/46/1828
f 6527/47/1829 6532/38/1829 6533/41/1829 6528/48/1829
f 6528/48/2465 6533/41/2465 6534/43/2465 6529/49/2465
f 6529/49/1831 6534/43/1831 6535/45/1831 6530/50/1831
f 6530/50/1832 6535/45/1832 6536/46/1832 6531/51/1832
f 6426/52/1833 6425/53/1833 6527/47/1833 6522/54/1833
f 6522/54/1834 6527/47/1834 6528/48/1834 6523/55/1834
f 6523/55/1835 6528/48/1835 6529/49/1835 6524/56/1835
f 6524/56/1836 6529/49/1836 6530/50/1836 6525/57/1836
f 6525/57/1687 6530/50/1687 6531/51/1687 6526/58/1687
f 6517/59/1837 6522/54/1837 6523/55/1837 6518/60/1837
f 6518/60/1690 6523/55/1690 6524/56/1690 6519/61/1690
f 6519/61/1689 6524/56/1689 6525/57/1689 6520/62/1689
f 6520/62/1838 6525/57/1838 6526/58/1838 6521/24/1838
f 6512/63/1839 6517/59/1839 6518/60/1839 6513/64/1839
f 6513/64/1690 6518/60/1690 6519/61/1690 6514/65/1690
f 6514/65/1689 6519/61/1689 6520/62/1689 6515/66/1689
f 6515/66/1840 6520/62/1840 6521/24/1840 6516/23/1840
f 6428/67/1841 6427/68/1841 6512/63/1841 6507/69/1841
f 6507/69/1842 6512/63/1842 6513/64/1842 6508/70/1842
f 6508/70/1843 6513/64/1843 6514/65/1843 6509/71/1843
f 6509/71/1844 6514/65/1844 6515/66/1844 6510/72/1844
f 6510/72/1845 6515/66/1845 6516/23/1845 6511/73/1845
f 6429/74/1846 6428/67/1846 6507/69/1846 6502/75/1846
f 6502/75/1847 6507/69/1847 6508/70/1847 6503/76/1847
f 6503/76/1848 6508/70/1848 6509/71/1848 6504/77/1848
f 6504/77/1849 6509/71/1849 6510/72/1849 6505/78/1849
f 6505/78/1850 6510/72/1850 6511/73/1850 6506/20/1850
f 6419/79/1851 6429/74/1851 6502/75/1851 6445/80/1851
f 6445/80/1852 6502/75/1852 6503/76/1852 6446/81/1852
f 6446/81/1853 6503/76/1853 6504/77/1853 6447/82/1853
f 6447/82/1854 6504/77/1854 6505/78/1854 6448/83/1854
f 6448/83/1855 6505/78/1855 6506/20/1855 6449/19/1855
f 6492/84/1856 6497/85/1856 6498/86/1856 6493/87/1856
f 6493/87/1857 6498/86/1857 6499/88/1857 6494/89/1857
f 6494/89/1858 6499/88/1858 6500/90/1858 6495/91/1858
f 6495/91/1859 6500/90/1859 6501/92/1859 6496/17/1859
f 6487/93/2466 6492/84/2466 6493/87/2466 6488/94/2466
f 6488/94/1861 6493/87/1861 6494/89/1861 6489/95/1861
f 6489/95/1862 6494/89/1862 6495/91/1862 6490/96/1862
f 6490/96/1863 6495/91/1863 6496/17/1863 6491/15/1863
f 6482/97/1864 6487/93/1864 6488/94/1864 6483/98/1864
f 6483/98/1865 6488/94/1865 6489/95/1865 6484/99/1865
f 6484/99/1866 6489/95/1866 6490/96/1866 6485/100/1866
f 6485/100/1720 6490/96/1720 6491/15/1720 6486/13/1720
f 6431/101/1867 6430/102/1867 6482/97/1867 6477/103/1867
f 6477/103/1868 6482/97/1868 6483/98/1868 6478/104/1868
f 6478/104/1869 6483/98/1869 6484/99/1869 6479/105/1869
f 6479/105/1870 6484/99/1870 6485/100/1870 6480/106/1870
f 6480/106/1720 6485/100/1720 6486/13/1720 6481/11/1720
f 6432/107/1871 6431/101/1871 6477/103/1871 6472/108/1871
f 6472/108/1872 6477/103/1872 6478/104/1872 6473/109/1872
f 6473/109/1873 6478/104/1873 6479/105/1873 6474/110/1873
f 6474/110/1874 6479/105/1874 6480/106/1874 6475/111/1874
f 6475/111/1875 6480/106/1875 6481/11/1875 6476/9/1875
f 6467/112/1876 6472/108/1876 6473/109/1876 6468/113/1876
f 6468/113/1877 6473/109/1877 6474/110/1877 6469/114/1877
f 6469/114/1878 6474/110/1878 6475/111/1878 6470/115/1878
f 6470/115/1879 6475/111/1879 6476/9/1879 6471/6/1879
f 6462/116/1880 6467/112/1880 6468/113/1880 6463/117/1880
f 6463/117/1881 6468/113/1881 6469/114/1881 6464/118/1881
f 6464/118/1882 6469/114/1882 6470/115/1882 6465/119/1882
f 6465/119/1883 6470/115/1883 6471/6/1883 6466/5/1883
f 6460/120/1884 6464/118/1884 6465/119/1884 6461/121/1884
f 6497/85/1885 6453/122/1885 6452/123/1885 6498/86/1885
f 6498/86/1886 6452/123/1886 6451/124/1886 6499/88/1886
f 6424/125/1887 6422/126/1887 6458/127/1887 6537/39/1887
f 6537/39/1888 6458/127/1888 6457/128/1888 6538/40/1888
f 6538/40/1889 6457/128/1889 6456/129/1889 6539/42/1889
f 6539/42/1890 6456/129/1890 6455/130/1890 6540/44/1890
f 6540/44/1891 6455/130/1891 6454/2/1891 6541/1/1891
f 6422/126/1892 6423/131/1892 6459/132/1892 6458/127/1892
f 6456/129/1893 6460/120/1893 6461/121/1893 6455/130/1893
f 6417/133/1894 6418/134/1894 6450/135/1894 6449/136/1894
f 6447/137/1895 6451/138/1895 6452/139/1895 6446/140/1895
f 6446/140/1896 6452/139/1896 6453/141/1896 6445/142/1896
f 6542/143/1897 6543/144/1897 6544/145/1897
f 6545/146/2467 6546/147/2467 6547/148/2467 6548/149/2467
f 6549/150/1899 6550/151/1899 6551/152/1899 6552/153/1899
f 6553/154/1900 6554/155/1900 6555/156/1900 6556/157/1900
f 6557/158/1901 6558/159/1901 6559/160/1901 6560/161/1901
f 6561/162/2468 6562/163/2468 6563/164/2468 6564/165/2468
f 6569/170/1904 6570/171/1904 6571/172/1904 6572/173/1904
f 6577/178/1906 6578/179/1906 6579/180/1906 6580/181/1906
f 6581/182/1907 6582/183/1907 6583/184/1907 6584/185/1907
f 6585/186/1908 6586/187/1908 6587/188/1908 6588/189/1908
f 6589/190/2469 6590/191/2469 6591/192/2469 6592/193/2469
f 6593/194/1910 6594/195/1910 6595/196/1910 6596/197/1910
f 6597/198/1911 6598/199/1911 6599/200/1911 6600/201/1911
f 6553/202/1912 6556/203/1912 6542/204/1912 6544/205/1912 6453/122/1912 6497/85/1912
f 6445/142/1913 6453/141/1913 6544/145/1913 6543/144/1913 6419/206/1913
f 6419/206/1914 6543/144/1914 6542/143/1914 6556/157/1914 6555/156/1914 6429/207/1914
f 6545/146/1915 6548/149/1915 6424/125/1915 6537/39/1915 6532/38/1915
f 6425/37/1916 6432/36/1916 6568/169/1916 6567/168/1916 6547/208/1916 6546/209/1916
f 6548/210/1917 6547/208/1917 6567/168/1917 6566/167/1917 6571/172/1917 6570/171/1917 6424/211/1917
f 6425/53/1918 6546/147/1918 6545/146/1918 6532/38/1918 6527/47/1918
f 6549/150/1919 6552/153/1919 6426/52/1919 6522/54/1919 6517/59/1919
f 6427/212/1920 6563/164/1920 6562/163/1920 6430/213/1920 6551/214/1920 6550/215/1920
f 6552/216/1921 6551/214/1921 6430/213/1921 6431/35/1921 6426/34/1921
f 6427/68/2470 6550/151/2470 6549/150/2470 6517/59/2470 6512/63/2470
f 6429/207/1923 6555/156/1923 6554/155/1923 6560/161/1923 6559/160/1923 6428/217/1923
f 6557/218/1924 6560/219/1924 6554/220/1924 6553/202/1924 6497/85/1924 6492/84/1924
f 6428/217/1925 6559/160/1925 6558/159/1925 6564/165/1925 6563/164/1925 6427/212/1925
f 6561/221/1926 6564/222/1926 6558/223/1926 6557/218/1926 6492/84/1926 6487/93/1926
f 6430/102/1927 6562/224/1927 6561/221/1927 6487/93/1927 6482/97/1927
f 6565/225/1928 6568/226/1928 6432/107/1928 6472/108/1928 6467/112/1928
f 6572/227/2471 6571/228/2471 6566/229/2471 6565/225/2471 6467/112/2471 6462/116/2471
f 6423/131/1930 6569/230/1930 6572/227/1930 6462/116/1930 6459/132/1930
f 6424/211/1931 6570/171/1931 6569/170/1931 6423/131/1931 6422/126/1931
f 6573/231/1932 6576/232/1932 6444/233/1932 6586/187/1932 6585/186/1932 6433/234/1932
f 6506/20/1933 6511/73/1933 6574/175/1933 6573/174/1933 6433/21/1933
f 6434/33/1934 6443/32/1934 6444/233/1934 6576/232/1934 6575/235/1934
f 6511/73/1935 6516/23/1935 6434/26/1935 6575/176/1935 6574/175/1935
f 6577/236/1936 6580/237/1936 6441/238/1936 6442/31/1936 6435/30/1936
f 6521/24/1937 6526/58/1937 6578/179/1937 6577/178/1937 6435/25/1937
f 6436/239/1938 6440/240/1938 6441/238/1938 6580/237/1938 6579/241/1938
f 6526/58/1939 6531/51/1939 6436/242/1939 6579/180/1939 6578/179/1939
f 6581/243/1940 6584/244/1940 6439/245/1940 6440/240/1940 6436/239/1940
f 6531/51/2472 6536/46/2472 6582/183/2472 6581/182/2472 6436/242/2472
f 6437/29/1942 6438/28/1942 6439/245/1942 6584/244/1942 6583/246/1942
f 6536/46/1943 6541/1/1943 6437/4/1943 6583/184/1943 6582/183/1943
f 6501/92/1944 6450/247/1944 6418/248/1944 6588/249/1944 6587/250/1944
f 6433/234/1945 6585/186/1945 6588/189/1945 6418/251/1945 6417/252/1945
f 6496/17/1946 6501/92/1946 6587/250/1946 6586/253/1946 6444/18/1946
f 6449/136/1947 6450/135/1947 6589/190/1947 6592/193/1947 6448/254/1947
f 6500/90/1948 6590/255/1948 6589/256/1948 6450/247/1948 6501/92/1948
f 6448/254/1949 6592/193/1949 6591/192/1949 6451/138/1949 6447/137/1949
f 6499/88/1950 6451/124/1950 6591/257/1950 6590/255/1950 6500/90/1950
f 6458/127/1951 6459/132/1951 6593/194/1951 6596/197/1951 6457/128/1951
f 6459/132/1952 6462/116/1952 6463/117/1952 6594/195/1952 6593/194/1952
f 6457/128/1953 6596/197/1953 6595/196/1953 6460/120/1953 6456/129/1953
f 6595/196/1954 6594/195/1954 6463/117/1954 6464/118/1954 6460/120/1954
f 6600/201/1955 6599/200/1955 6466/5/1955 6438/8/1955 6421/27/1955
f 6455/130/2473 6461/121/2473 6598/199/2473 6597/198/2473 6454/2/2473
f 6454/2/1957 6597/198/1957 6600/201/1957 6421/27/1957 6420/3/1957
f 6461/121/1958 6465/119/1958 6466/5/1958 6599/200/1958 6598/199/1958
f 6725/1/1959 6638/2/1959 6604/3/1959 6621/4/1959
f 6650/5/1960 6655/6/1960 6623/7/1960 6622/8/1960
f 6655/6/1961 6660/9/1961 6624/10/1961 6623/7/1961
f 6660/9/1962 6665/11/1962 6625/12/1962 6624/10/1962
f 6665/11/1963 6670/13/1963 6626/14/1963 6625/12/1963
f 6670/13/2474 6675/15/2474 6627/16/2474 6626/14/2474
f 6675/15/1965 6680/17/1965 6628/18/1965 6627/16/1965
f 6633/19/1966 6690/20/1966 6617/21/1966 6601/22/1966
f 6700/23/1967 6705/24/1967 6619/25/1967 6618/26/1967
f 6604/3/1968 6605/27/1968 6622/28/1968 6621/29/1968
f 6619/30/1969 6626/31/1969 6627/32/1969 6618/33/1969
f 6610/34/1970 6615/35/1970 6616/36/1970 6609/37/1970
f 6716/38/1971 6721/39/1971 6722/40/1971 6717/41/1971
f 6717/41/1972 6722/40/1972 6723/42/1972 6718/43/1972
f 6718/43/1973 6723/42/1973 6724/44/1973 6719/45/1973
f 6719/45/1974 6724/44/1974 6725/1/1974 6720/46/1974
f 6711/47/1975 6716/38/1975 6717/41/1975 6712/48/1975
f 6712/48/1976 6717/41/1976 6718/43/1976 6713/49/1976
f 6713/49/1977 6718/43/1977 6719/45/1977 6714/50/1977
f 6714/50/1978 6719/45/1978 6720/46/1978 6715/51/1978
f 6610/52/1979 6609/53/1979 6711/47/1979 6706/54/1979
f 6706/54/1980 6711/47/1980 6712/48/1980 6707/55/1980
f 6707/55/1981 6712/48/1981 6713/49/1981 6708/56/1981
f 6708/56/1982 6713/49/1982 6714/50/1982 6709/57/1982
f 6709/57/1983 6714/50/1983 6715/51/1983 6710/58/1983
f 6701/59/1984 6706/54/1984 6707/55/1984 6702/60/1984
f 6702/60/1985 6707/55/1985 6708/56/1985 6703/61/1985
f 6703/61/1983 6708/56/1983 6709/57/1983 6704/62/1983
f 6704/62/1986 6709/57/1986 6710/58/1986 6705/24/1986
f 6696/63/1987 6701/59/1987 6702/60/1987 6697/64/1987
f 6697/64/1988 6702/60/1988 6703/61/1988 6698/65/1988
f 6698/65/1989 6703/61/1989 6704/62/1989 6699/66/1989
f 6699/66/1990 6704/62/1990 6705/24/1990 6700/23/1990
f 6612/67/1991 6611/68/1991 6696/63/1991 6691/69/1991
f 6691/69/1992 6696/63/1992 6697/64/1992 6692/70/1992
f 6692/70/1993 6697/64/1993 6698/65/1993 6693/71/1993
f 6693/71/1994 6698/65/1994 6699/66/1994 6694/72/1994
f 6694/72/1995 6699/66/1995 6700/23/1995 6695/73/1995
f 6613/74/1996 6612/67/1996 6691/69/1996 6686/75/1996
f 6686/75/1997 6691/69/1997 6692/70/1997 6687/76/1997
f 6687/76/1998 6692/70/1998 6693/71/1998 6688/77/1998
f 6688/77/1999 6693/71/1999 6694/72/1999 6689/78/1999
f 6689/78/2000 6694/72/2000 6695/73/2000 6690/20/2000
f 6603/79/2001 6613/74/2001 6686/75/2001 6629/80/2001
f 6629/80/2002 6686/75/2002 6687/76/2002 6630/81/2002
f 6630/81/2003 6687/76/2003 6688/77/2003 6631/82/2003
f 6631/82/2475 6688/77/2475 6689/78/2475 6632/83/2475
f 6632/83/2005 6689/78/2005 6690/20/2005 6633/19/2005
f 6676/84/2006 6681/85/2006 6682/86/2006 6677/87/2006
f 6677/87/2007 6682/86/2007 6683/88/2007 6678/89/2007
f 6678/89/2008 6683/88/2008 6684/90/2008 6679/91/2008
f 6679/91/2009 6684/90/2009 6685/92/2009 6680/17/2009
f 6671/93/2010 6676/84/2010 6677/87/2010 6672/94/2010
f 6672/94/2011 6677/87/2011 6678/89/2011 6673/95/2011
f 6673/95/2012 6678/89/2012 6679/91/2012 6674/96/2012
f 6674/96/2013 6679/91/2013 6680/17/2013 6675/15/2013
f 6666/97/2014 6671/93/2014 6672/94/2014 6667/98/2014
f 6667/98/2015 6672/94/2015 6673/95/2015 6668/99/2015
f 6668/99/2016 6673/95/2016 6674/96/2016 6669/100/2016
f 6669/100/2017 6674/96/2017 6675/15/2017 6670/13/2017
f 6615/101/2018 6614/102/2018 6666/97/2018 6661/103/2018
f 6661/103/2019 6666/97/2019 6667/98/2019 6662/104/2019
f 6662/104/2020 6667/98/2020 6668/99/2020 6663/105/2020
f 6663/105/2021 6668/99/2021 6669/100/2021 6664/106/2021
f 6664/106/2017 6669/100/2017 6670/13/2017 6665/11/2017
f 6616/107/2022 6615/101/2022 6661/103/2022 6656/108/2022
f 6656/108/2023 6661/103/2023 6662/104/2023 6657/109/2023
f 6657/109/2024 6662/104/2024 6663/105/2024 6658/110/2024
f 6658/110/2025 6663/105/2025 6664/106/2025 6659/111/2025
f 6659/111/2026 6664/106/2026 6665/11/2026 6660/9/2026
f 6651/112/2027 6656/108/2027 6657/109/2027 6652/113/2027
f 6652/113/2028 6657/109/2028 6658/110/2028 6653/114/2028
f 6653/114/2029 6658/110/2029 6659/111/2029 6654/115/2029
f 6654/115/2030 6659/111/2030 6660/9/2030 6655/6/2030
f 6646/116/2031 6651/112/2031 6652/113/2031 6647/117/2031
f 6647/117/2032 6652/113/2032 6653/114/2032 6648/118/2032
f 6648/118/2033 6653/114/2033 6654/115/2033 6649/119/2033
f 6649/119/2034 6654/115/2034 6655/6/2034 6650/5/2034
f 6644/120/2035 6648/118/2035 6649/119/2035 6645/121/2035
f 6681/85/2036 6637/122/2036 6636/123/2036 6682/86/2036
f 6682/86/2037 6636/123/2037 6635/124/2037 6683/88/2037
f 6608/125/2038 6606/126/2038 6642/127/2038 6721/39/2038
f 6721/39/2039 6642/127/2039 6641/128/2039 6722/40/2039
f 6722/40/2040 6641/128/2040 6640/129/2040 6723/42/2040
f 6723/42/2041 6640/129/2041 6639/130/2041 6724/44/2041
f 6724/44/2042 6639/130/2042 6638/2/2042 6725/1/2042
f 6606/126/2043 6607/131/2043 6643/132/2043 6642/127/2043
f 6640/129/2044 6644/120/2044 6645/121/2044 6639/130/2044
f 6601/133/2045 6602/134/2045 6634/135/2045 6633/136/2045
f 6631/137/2046 6635/138/2046 6636/139/2046 6630/140/2046
f 6630/140/2047 6636/139/2047 6637/141/2047 6629/142/2047
f 6726/143/2048 6727/144/2048 6728/145/2048
f 6729/146/2049 6730/147/2049 6731/148/2049 6732/149/2049
f 6733/150/2050 6734/151/2050 6735/152/2050 6736/153/2050
f 6737/154/2051 6738/155/2051 6739/156/2051 6740/157/2051
f 6741/158/2052 6742/159/2052 6743/160/2052 6744/161/2052
f 6745/162/2476 6746/163/2476 6747/164/2476 6748/165/2476
f 6753/170/2055 6754/171/2055 6755/172/2055 6756/173/2055
f 6761/178/2057 6762/179/2057 6763/180/2057 6764/181/2057
f 6765/182/2058 6766/183/2058 6767/184/2058 6768/185/2058
f 6769/186/2059 6770/187/2059 6771/188/2059 6772/189/2059
f 6773/190/2060 6774/191/2060 6775/192/2060 6776/193/2060
f 6777/194/2061 6778/195/2061 6779/196/2061 6780/197/2061
f 6781/198/2062 6782/199/2062 6783/200/2062 6784/201/2062
f 6737/202/2063 6740/203/2063 6726/204/2063 6728/205/2063 6637/122/2063 6681/85/2063
f 6629/142/2064 6637/141/2064 6728/145/2064 6727/144/2064 6603/206/2064
f 6603/206/2065 6727/144/2065 6726/143/2065 6740/157/2065 6739/156/2065 6613/207/2065
f 6729/146/2066 6732/149/2066 6608/125/2066 6721/39/2066 6716/38/2066
f 6609/37/2067 6616/36/2067 6752/169/2067 6751/168/2067 6731/208/2067 6730/209/2067
f 6732/210/2068 6731/208/2068 6751/168/2068 6750/167/2068 6755/172/2068 6754/171/2068 6608/211/2068
f 6609/53/2069 6730/147/2069 6729/146/2069 6716/38/2069 6711/47/2069
f 6733/150/2477 6736/153/2477 6610/52/2477 6706/54/2477 6701/59/2477
f 6611/212/2071 6747/164/2071 6746/163/2071 6614/213/2071 6735/214/2071 6734/215/2071
f 6736/216/2072 6735/214/2072 6614/213/2072 6615/35/2072 6610/34/2072
f 6611/68/2073 6734/151/2073 6733/150/2073 6701/59/2073 6696/63/2073
f 6613/207/2074 6739/156/2074 6738/155/2074 6744/161/2074 6743/160/2074 6612/217/2074
f 6741/218/2075 6744/219/2075 6738/220/2075 6737/202/2075 6681/85/2075 6676/84/2075
f 6612/217/2076 6743/160/2076 6742/159/2076 6748/165/2076 6747/164/2076 6611/212/2076
f 6745/221/2077 6748/222/2077 6742/223/2077 6741/218/2077 6676/84/2077 6671/93/2077
f 6614/102/2078 6746/224/2078 6745/221/2078 6671/93/2078 6666/97/2078
f 6749/225/2079 6752/226/2079 6616/107/2079 6656/108/2079 6651/112/2079
f 6756/227/2080 6755/228/2080 6750/229/2080 6749/225/2080 6651/112/2080 6646/116/2080
f 6607/131/2081 6753/230/2081 6756/227/2081 6646/116/2081 6643/132/2081
f 6608/211/2082 6754/171/2082 6753/170/2082 6607/131/2082 6606/126/2082
f 6757/231/2083 6760/232/2083 6628/233/2083 6770/187/2083 6769/186/2083 6617/234/2083
f 6690/20/2084 6695/73/2084 6758/175/2084 6757/174/2084 6617/21/2084
f 6618/33/2085 6627/32/2085 6628/233/2085 6760/232/2085 6759/235/2085
f 6695/73/2086 6700/23/2086 6618/26/2086 6759/176/2086 6758/175/2086
f 6761/236/2087 6764/237/2087 6625/238/2087 6626/31/2087 6619/30/2087
f 6705/24/2088 6710/58/2088 6762/179/2088 6761/178/2088 6619/25/2088
f 6620/239/2089 6624/240/2089 6625/238/2089 6764/237/2089 6763/241/2089
f 6710/58/2090 6715/51/2090 6620/242/2090 6763/180/2090 6762/179/2090
f 6765/243/2091 6768/244/2091 6623/245/2091 6624/240/2091 6620/239/2091
f 6715/51/2092 6720/46/2092 6766/183/2092 6765/182/2092 6620/242/2092
f 6621/29/2093 6622/28/2093 6623/245/2093 6768/244/2093 6767/246/2093
f 6720/46/2094 6725/1/2094 6621/4/2094 6767/184/2094 6766/183/2094
f 6685/92/2095 6634/247/2095 6602/248/2095 6772/249/2095 6771/250/2095
f 6617/234/2096 6769/186/2096 6772/189/2096 6602/251/2096 6601/252/2096
f 6680/17/2097 6685/92/2097 6771/250/2097 6770/253/2097 6628/18/2097
f 6633/136/2098 6634/135/2098 6773/190/2098 6776/193/2098 6632/254/2098
f 6684/90/2099 6774/255/2099 6773/256/2099 6634/247/2099 6685/92/2099
f 6632/254/2100 6776/193/2100 6775/192/2100 6635/138/2100 6631/137/2100
f 6683/88/2101 6635/124/2101 6775/257/2101 6774/255/2101 6684/90/2101
f 6642/127/2102 6643/132/2102 6777/194/2102 6780/197/2102 6641/128/2102
f 6643/132/2103 6646/116/2103 6647/117/2103 6778/195/2103 6777/194/2103
f 6641/128/2104 6780/197/2104 6779/196/2104 6644/120/2104 6640/129/2104
f 6779/196/2105 6778/195/2105 6647/117/2105 6648/118/2105 6644/120/2105
f 6784/201/2106 6783/200/2106 6650/5/2106 6622/8/2106 6605/27/2106
f 6639/130/2107 6645/121/2107 6782/199/2107 6781/198/2107 6638/2/2107
f 6638/2/2108 6781/198/2108 6784/201/2108 6605/27/2108 6604/3/2108
f 6645/121/2109 6649/119/2109 6650/5/2109 6783/200/2109 6782/199/2109
f 6909/1/2110 6822/2/2110 6788/3/2110 6805/4/2110
f 6834/5/2111 6839/6/2111 6807/7/2111 6806/8/2111
f 6839/6/2112 6844/9/2112 6808/10/2112 6807/7/2112
f 6844/9/2113 6849/11/2113 6809/12/2113 6808/10/2113
f 6849/11/2478 6854/13/2478 6810/14/2478 6809/12/2478
f 6854/13/2115 6859/15/2115 6811/16/2115 6810/14/2115
f 6859/15/2116 6864/17/2116 6812/18/2116 6811/16/2116
f 6817/19/2479 6874/20/2479 6801/21/2479 6785/22/2479
f 6884/23/2118 6889/24/2118 6803/25/2118 6802/26/2118
f 6788/3/2119 6789/27/2119 6806/28/2119 6805/29/2119
f 6803/30/2120 6810/31/2120 6811/32/2120 6802/33/2120
f 6794/34/2121 6799/35/2121 6800/36/2121 6793/37/2121
f 6900/38/2122 6905/39/2122 6906/40/2122 6901/41/2122
f 6901/41/2123 6906/40/2123 6907/42/2123 6902/43/2123
f 6902/43/2124 6907/42/2124 6908/44/2124 6903/45/2124
f 6903/45/2125 6908/44/2125 6909/1/2125 6904/46/2125
f 6895/47/2126 6900/38/2126 6901/41/2126 6896/48/2126
f 6896/48/2127 6901/41/2127 6902/43/2127 6897/49/2127
f 6897/49/2128 6902/43/2128 6903/45/2128 6898/50/2128
f 6898/50/2129 6903/45/2129 6904/46/2129 6899/51/2129
f 6794/52/2130 6793/53/2130 6895/47/2130 6890/54/2130
f 6890/54/2131 6895/47/2131 6896/48/2131 6891/55/2131
f 6891/55/2132 6896/48/2132 6897/49/2132 6892/56/2132
f 6892/56/2133 6897/49/2133 6898/50/2133 6893/57/2133
f 6893/57/2134 6898/50/2134 6899/51/2134 6894/58/2134
f 6885/59/2135 6890/54/2135 6891/55/2135 6886/60/2135
f 6886/60/2136 6891/55/2136 6892/56/2136 6887/61/2136
f 6887/61/2137 6892/56/2137 6893/57/2137 6888/62/2137
f 6888/62/2138 6893/57/2138 6894/58/2138 6889/24/2138
f 6880/63/2129 6885/59/2129 6886/60/2129 6881/64/2129
f 6881/64/2134 6886/60/2134 6887/61/2134 6882/65/2134
f 6882/65/2139 6887/61/2139 6888/62/2139 6883/66/2139
f 6883/66/2140 6888/62/2140 6889/24/2140 6884/23/2140
f 6796/67/2141 6795/68/2141 6880/63/2141 6875/69/2141
f 6875/69/2480 6880/63/2480 6881/64/2480 6876/70/2480
f 6876/70/2143 6881/64/2143 6882/65/2143 6877/71/2143
f 6877/71/2144 6882/65/2144 6883/66/2144 6878/72/2144
f 6878/72/2145 6883/66/2145 6884/23/2145 6879/73/2145
f 6797/74/2481 6796/67/2481 6875/69/2481 6870/75/2481
f 6870/75/2147 6875/69/2147 6876/70/2147 6871/76/2147
f 6871/76/2148 6876/70/2148 6877/71/2148 6872/77/2148
f 6872/77/2149 6877/71/2149 6878/72/2149 6873/78/2149
f 6873/78/2150 6878/72/2150 6879/73/2150 6874/20/2150
f 6787/79/2151 6797/74/2151 6870/75/2151 6813/80/2151
f 6813/80/2152 6870/75/2152 6871/76/2152 6814/81/2152
f 6814/81/2153 6871/76/2153 6872/77/2153 6815/82/2153
f 6815/82/2154 6872/77/2154 6873/78/2154 6816/83/2154
f 6816/83/2155 6873/78/2155 6874/20/2155 6817/19/2155
f 6860/84/2156 6865/85/2156 6866/86/2156 6861/87/2156
f 6861/87/2157 6866/86/2157 6867/88/2157 6862/89/2157
f 6862/89/2158 6867/88/2158 6868/90/2158 6863/91/2158
f 6863/91/2159 6868/90/2159 6869/92/2159 6864/17/2159
f 6855/93/2160 6860/84/2160 6861/87/2160 6856/94/2160
f 6856/94/2161 6861/87/2161 6862/89/2161 6857/95/2161
f 6857/95/2162 6862/89/2162 6863/91/2162 6858/96/2162
f 6858/96/2163 6863/91/2163 6864/17/2163 6859/15/2163
f 6850/97/2164 6855/93/2164 6856/94/2164 6851/98/2164
f 6851/98/2165 6856/94/2165 6857/95/2165 6852/99/2165
f 6852/99/2166 6857/95/2166 6858/96/2166 6853/100/2166
f 6853/100/2167 6858/96/2167 6859/15/2167 6854/13/2167
f 6799/101/2168 6798/102/2168 6850/97/2168 6845/103/2168
f 6845/103/2169 6850/97/2169 6851/98/2169 6846/104/2169
f 6846/104/2170 6851/98/2170 6852/99/2170 6847/105/2170
f 6847/105/2171 6852/99/2171 6853/100/2171 6848/106/2171
f 6848/106/2167 6853/100/2167 6854/13/2167 6849/11/2167
f 6800/107/2172 6799/101/2172 6845/103/2172 6840/108/2172
f 6840/108/2173 6845/103/2173 6846/104/2173 6841/109/2173
f 6841/109/2174 6846/104/2174 6847/105/2174 6842/110/2174
f 6842/110/2175 6847/105/2175 6848/106/2175 6843/111/2175
f 6843/111/2176 6848/106/2176 6849/11/2176 6844/9/2176
f 6835/112/2177 6840/108/2177 6841/109/2177 6836/113/2177
f 6836/113/2178 6841/109/2178 6842/110/2178 6837/114/2178
f 6837/114/2179 6842/110/2179 6843/111/2179 6838/115/2179
f 6838/115/2180 6843/111/2180 6844/9/2180 6839/6/2180
f 6830/116/2181 6835/112/2181 6836/113/2181 6831/117/2181
f 6831/117/2182 6836/113/2182 6837/114/2182 6832/118/2182
f 6832/118/2183 6837/114/2183 6838/115/2183 6833/119/2183
f 6833/119/2184 6838/115/2184 6839/6/2184 6834/5/2184
f 6828/120/2185 6832/118/2185 6833/119/2185 6829/121/2185
f 6865/85/2482 6821/122/2482 6820/123/2482 6866/86/2482
f 6866/86/2187 6820/123/2187 6819/124/2187 6867/88/2187
f 6792/125/2483 6790/126/2483 6826/127/2483 6905/39/2483
f 6905/39/2189 6826/127/2189 6825/128/2189 6906/40/2189
f 6906/40/2190 6825/128/2190 6824/129/2190 6907/42/2190
f 6907/42/2191 6824/129/2191 6823/130/2191 6908/44/2191
f 6908/44/2192 6823/130/2192 6822/2/2192 6909/1/2192
f 6790/126/2193 6791/131/2193 6827/132/2193 6826/127/2193
f 6824/129/2194 6828/120/2194 6829/121/2194 6823/130/2194
f 6785/133/2195 6786/134/2195 6818/135/2195 6817/136/2195
f 6815/137/2196 6819/138/2196 6820/139/2196 6814/140/2196
f 6814/140/2197 6820/139/2197 6821/141/2197 6813/142/2197
f 6910/143/2198 6911/144/2198 6912/145/2198
f 6913/146/2199 6914/147/2199 6915/148/2199 6916/149/2199
f 6917/150/2200 6918/151/2200 6919/152/2200 6920/153/2200
f 6921/154/2484 6922/155/2484 6923/156/2484 6924/157/2484
f 6925/158/2202 6926/159/2202 6927/160/2202 6928/161/2202
f 6929/162/2203 6930/163/2203 6931/164/2203 6932/165/2203
f 6937/170/2205 6938/171/2205 6939/172/2205 6940/173/2205
f 6945/178/2207 6946/179/2207 6947/180/2207 6948/181/2207
f 6949/182/2208 6950/183/2208 6951/184/2208 6952/185/2208
f 6953/186/2209 6954/187/2209 6955/188/2209 6956/189/2209
f 6957/190/2210 6958/191/2210 6959/192/2210 6960/193/2210
f 6961/194/2211 6962/195/2211 6963/196/2211 6964/197/2211
f 6965/198/2212 6966/199/2212 6967/200/2212 6968/201/2212
f 6921/202/2213 6924/203/2213 6910/204/2213 6912/205/2213 6821/122/2213 6865/85/2213
f 6813/142/2214 6821/141/2214 6912/145/2214 6911/144/2214 6787/206/2214
f 6787/206/2215 6911/144/2215 6910/143/2215 6924/157/2215 6923/156/2215 6797/207/2215
f 6913/146/2216 6916/149/2216 6792/125/2216 6905/39/2216 6900/38/2216
f 6793/37/2217 6800/36/2217 6936/169/2217 6935/168/2217 6915/208/2217 6914/209/2217
f 6916/210/2218 6915/208/2218 6935/168/2218 6934/167/2218 6939/172/2218 6938/171/2218 6792/211/2218
f 6793/53/2219 6914/147/2219 6913/146/2219 6900/38/2219 6895/47/2219
f 6917/150/2220 6920/153/2220 6794/52/2220 6890/54/2220 6885/59/2220
f 6795/212/2221 6931/164/2221 6930/163/2221 6798/213/2221 6919/214/2221 6918/215/2221
f 6920/216/2222 6919/214/2222 6798/213/2222 6799/35/2222 6794/34/2222
f 6795/68/2223 6918/151/2223 6917/150/2223 6885/59/2223 6880/63/2223
f 6797/207/2224 6923/156/2224 6922/155/2224 6928/161/2224 6927/160/2224 6796/217/2224
f 6925/218/2225 6928/219/2225 6922/220/2225 6921/202/2225 6865/85/2225 6860/84/2225
f 6796/217/2226 6927/160/2226 6926/159/2226 6932/165/2226 6931/164/2226 6795/212/2226
f 6929/221/2227 6932/222/2227 6926/223/2227 6925/218/2227 6860/84/2227 6855/93/2227
f 6798/102/2228 6930/224/2228 6929/221/2228 6855/93/2228 6850/97/2228
f 6933/225/2229 6936/226/2229 6800/107/2229 6840/108/2229 6835/112/2229
f 6940/227/2230 6939/228/2230 6934/229/2230 6933/225/2230 6835/112/2230 6830/116/2230
f 6791/131/2231 6937/230/2231 6940/227/2231 6830/116/2231 6827/132/2231
f 6792/211/2232 6938/171/2232 6937/170/2232 6791/131/2232 6790/126/2232
f 6941/231/2233 6944/232/2233 6812/233/2233 6954/187/2233 6953/186/2233 6801/234/2233
f 6874/20/2234 6879/73/2234 6942/175/2234 6941/174/2234 6801/21/2234
f 6802/33/2235 6811/32/2235 6812/233/2235 6944/232/2235 6943/235/2235
f 6879/73/2236 6884/23/2236 6802/26/2236 6943/176/2236 6942/175/2236
f 6945/236/2237 6948/237/2237 6809/238/2237 6810/31/2237 6803/30/2237
f 6889/24/2238 6894/58/2238 6946/179/2238 6945/178/2238 6803/25/2238
f 6804/239/2239 6808/240/2239 6809/238/2239 6948/237/2239 6947/241/2239
f 6894/58/2240 6899/51/2240 6804/242/2240 6947/180/2240 6946/179/2240
f 6949/243/2241 6952/244/2241 6807/245/2241 6808/240/2241 6804/239/2241
f 6899/51/2242 6904/46/2242 6950/183/2242 6949/182/2242 6804/242/2242
f 6805/29/2243 6806/28/2243 6807/245/2243 6952/244/2243 6951/246/2243
f 6904/46/2244 6909/1/2244 6805/4/2244 6951/184/2244 6950/183/2244
f 6869/92/2245 6818/247/2245 6786/248/2245 6956/249/2245 6955/250/2245
f 6801/234/2246 6953/186/2246 6956/189/2246 6786/251/2246 6785/252/2246
f 6864/17/2247 6869/92/2247 6955/250/2247 6954/253/2247 6812/18/2247
f 6817/136/2248 6818/135/2248 6957/190/2248 6960/193/2248 6816/254/2248
f 6868/90/2249 6958/255/2249 6957/256/2249 6818/247/2249 6869/92/2249
f 6816/254/2250 6960/193/2250 6959/192/2250 6819/138/2250 6815/137/2250
f 6867/88/2251 6819/124/2251 6959/257/2251 6958/255/2251 6868/90/2251
f 6826/127/2252 6827/132/2252 6961/194/2252 6964/197/2252 6825/128/2252
f 6827/132/2486 6830/116/2486 6831/117/2486 6962/195/2486 6961/194/2486
f 6825/128/2254 6964/197/2254 6963/196/2254 6828/120/2254 6824/129/2254
f 6963/196/2255 6962/195/2255 6831/117/2255 6832/118/2255 6828/120/2255
f 6968/201/2256 6967/200/2256 6834/5/2256 6806/8/2256 6789/27/2256
f 6823/130/2257 6829/121/2257 6966/199/2257 6965/198/2257 6822/2/2257
f 6822/2/2258 6965/198/2258 6968/201/2258 6789/27/2258 6788/3/2258
f 6829/121/2259 6833/119/2259 6834/5/2259 6967/200/2259 6966/199/2259
f 7093/1/2260 7006/2/2260 6972/3/2260 6989/4/2260
f 7018/5/2261 7023/6/2261 6991/7/2261 6990/8/2261
f 7023/6/2262 7028/9/2262 6992/10/2262 6991/7/2262
f 7028/9/2263 7033/11/2263 6993/12/2263 6992/10/2263
f 7033/11/2264 7038/13/2264 6994/14/2264 6993/12/2264
f 7038/13/2265 7043/15/2265 6995/16/2265 6994/14/2265
f 7043/15/2266 7048/17/2266 6996/18/2266 6995/16/2266
f 7001/19/2267 7058/20/2267 6985/21/2267 6969/22/2267
f 7068/23/2268 7073/24/2268 6987/25/2268 6986/26/2268
f 6972/3/2269 6973/27/2269 6990/28/2269 6989/29/2269
f 6987/30/2270 6994/31/2270 6995/32/2270 6986/33/2270
f 6978/34/2271 6983/35/2271 6984/36/2271 6977/37/2271
f 7084/38/2272 7089/39/2272 7090/40/2272 7085/41/2272
f 7085/41/2487 7090/40/2487 7091/42/2487 7086/43/2487
f 7086/43/2274 7091/42/2274 7092/44/2274 7087/45/2274
f 7087/45/2275 7092/44/2275 7093/1/2275 7088/46/2275
f 7079/47/1679 7084/38/1679 7085/41/1679 7080/48/1679
f 7080/48/2276 7085/41/2276 7086/43/2276 7081/49/2276
f 7081/49/2277 7086/43/2277 7087/45/2277 7082/50/2277
f 7082/50/1682 7087/45/1682 7088/46/1682 7083/51/1682
f 6978/52/2278 6977/53/2278 7079/47/2278 7074/54/2278
f 7074/54/2279 7079/47/2279 7080/48/2279 7075/55/2279
f 7075/55/1685 7080/48/1685 7081/49/1685 7076/56/1685
f 7076/56/1686 7081/49/1686 7082/50/1686 7077/57/1686
f 7077/57/1687 7082/50/1687 7083/51/1687 7078/58/1687
f 7069/59/2280 7074/54/2280 7075/55/2280 7070/60/2280
f 7070/60/1689 7075/55/1689 7076/56/1689 7071/61/1689
f 7071/61/1690 7076/56/1690 7077/57/1690 7072/62/1690
f 7072/62/1691 7077/57/1691 7078/58/1691 7073/24/1691
f 7064/63/1692 7069/59/1692 7070/60/1692 7065/64/1692
f 7065/64/1689 7070/60/1689 7071/61/1689 7066/65/1689
f 7066/65/1690 7071/61/1690 7072/62/1690 7067/66/1690
f 7067/66/1693 7072/62/1693 7073/24/1693 7068/23/1693
f 6980/67/2281 6979/68/2281 7064/63/2281 7059/69/2281
f 7059/69/2282 7064/63/2282 7065/64/2282 7060/70/2282
f 7060/70/1696 7065/64/1696 7066/65/1696 7061/71/1696
f 7061/71/2283 7066/65/2283 7067/66/2283 7062/72/2283
f 7062/72/2284 7067/66/2284 7068/23/2284 7063/73/2284
f 6981/74/2285 6980/67/2285 7059/69/2285 7054/75/2285
f 7054/75/2286 7059/69/2286 7060/70/2286 7055/76/2286
f 7055/76/1701 7060/70/1701 7061/71/1701 7056/77/1701
f 7056/77/2287 7061/71/2287 7062/72/2287 7057/78/2287
f 7057/78/2288 7062/72/2288 7063/73/2288 7058/20/2288
f 6971/79/2289 6981/74/2289 7054/75/2289 6997/80/2289
f 6997/80/2290 7054/75/2290 7055/76/2290 6998/81/2290
f 6998/81/2291 7055/76/2291 7056/77/2291 6999/82/2291
f 6999/82/2292 7056/77/2292 7057/78/2292 7000/83/2292
f 7000/83/2293 7057/78/2293 7058/20/2293 7001/19/2293
f 7044/84/1709 7049/85/1709 7050/86/1709 7045/87/1709
f 7045/87/2294 7050/86/2294 7051/88/2294 7046/89/2294
f 7046/89/1711 7051/88/1711 7052/90/1711 7047/91/1711
f 7047/91/2295 7052/90/2295 7053/92/2295 7048/17/2295
f 7039/93/2296 7044/84/2296 7045/87/2296 7040/94/2296
f 7040/94/2297 7045/87/2297 7046/89/2297 7041/95/2297
f 7041/95/2298 7046/89/2298 7047/91/2298 7042/96/2298
f 7042/96/2299 7047/91/2299 7048/17/2299 7043/15/2299
f 7034/97/2300 7039/93/2300 7040/94/2300 7035/98/2300
f 7035/98/2301 7040/94/2301 7041/95/2301 7036/99/2301
f 7036/99/2302 7041/95/2302 7042/96/2302 7037/100/2302
f 7037/100/1720 7042/96/1720 7043/15/1720 7038/13/1720
f 6983/101/2303 6982/102/2303 7034/97/2303 7029/103/2303
f 7029/103/1722 7034/97/1722 7035/98/1722 7030/104/1722
f 7030/104/2304 7035/98/2304 7036/99/2304 7031/105/2304
f 7031/105/2305 7036/99/2305 7037/100/2305 7032/106/2305
f 7032/106/1720 7037/100/1720 7038/13/1720 7033/11/1720
f 6984/107/2306 6983/101/2306 7029/103/2306 7024/108/2306
f 7024/108/2307 7029/103/2307 7030/104/2307 7025/109/2307
f 7025/109/2308 7030/104/2308 7031/105/2308 7026/110/2308
f 7026/110/2309 7031/105/2309 7032/106/2309 7027/111/2309
f 7027/111/1729 7032/106/1729 7033/11/1729 7028/9/1729
f 7019/112/2310 7024/108/2310 7025/109/2310 7020/113/2310
f 7020/113/2311 7025/109/2311 7026/110/2311 7021/114/2311
f 7021/114/2488 7026/110/2488 7027/111/2488 7022/115/2488
f 7022/115/1733 7027/111/1733 7028/9/1733 7023/6/1733
f 7014/116/2313 7019/112/2313 7020/113/2313 7015/117/2313
f 7015/117/2314 7020/113/2314 7021/114/2314 7016/118/2314
f 7016/118/2315 7021/114/2315 7022/115/2315 7017/119/2315
f 7017/119/1737 7022/115/1737 7023/6/1737 7018/5/1737
f 7012/120/1738 7016/118/1738 7017/119/1738 7013/121/1738
f 7049/85/2316 7005/122/2316 7004/123/2316 7050/86/2316
f 7050/86/2317 7004/123/2317 7003/124/2317 7051/88/2317
f 6976/125/2318 6974/126/2318 7010/127/2318 7089/39/2318
f 7089/39/2319 7010/127/2319 7009/128/2319 7090/40/2319
f 7090/40/2320 7009/128/2320 7008/129/2320 7091/42/2320
f 7091/42/2321 7008/129/2321 7007/130/2321 7092/44/2321
f 7092/44/2322 7007/130/2322 7006/2/2322 7093/1/2322
f 6974/126/2323 6975/131/2323 7011/132/2323 7010/127/2323
f 7008/129/2324 7012/120/2324 7013/121/2324 7007/130/2324
f 6969/133/2325 6970/134/2325 7002/135/2325 7001/136/2325
f 6999/137/2326 7003/138/2326 7004/139/2326 6998/140/2326
f 6998/140/2327 7004/139/2327 7005/141/2327 6997/142/2327
f 7094/143/2328 7095/144/2328 7096/145/2328
f 7097/146/2329 7098/147/2329 7099/148/2329 7100/149/2329
f 7101/150/2330 7102/151/2330 7103/152/2330 7104/153/2330
f 7105/154/2331 7106/155/2331 7107/156/2331 7108/157/2331
f 7109/158/2332 7110/159/2332 7111/160/2332 7112/161/2332
f 7113/162/2489 7114/163/2489 7115/164/2489 7116/165/2489
f 7121/170/2490 7122/171/2490 7123/172/2490 7124/173/2490
f 7129/178/2337 7130/179/2337 7131/180/2337 7132/181/2337
f 7133/182/2338 7134/183/2338 7135/184/2338 7136/185/2338
f 7137/186/2339 7138/187/2339 7139/188/2339 7140/189/2339
f 7141/190/2340 7142/191/2340 7143/192/2340 7144/193/2340
f 7145/194/2341 7146/195/2341 7147/196/2341 7148/197/2341
f 7149/198/2342 7150/199/2342 7151/200/2342 7152/201/2342
f 7105/202/2343 7108/203/2343 7094/204/2343 7096/205/2343 7005/122/2343 7049/85/2343
f 6997/142/2491 7005/141/2491 7096/145/2491 7095/144/2491 6971/206/2491
f 6971/206/2345 7095/144/2345 7094/143/2345 7108/157/2345 7107/156/2345 6981/207/2345
f 7097/146/2346 7100/149/2346 6976/125/2346 7089/39/2346 7084/38/2346
f 6977/37/2347 6984/36/2347 7120/169/2347 7119/168/2347 7099/208/2347 7098/209/2347
f 7100/210/2348 7099/208/2348 7119/168/2348 7118/167/2348 7123/172/2348 7122/171/2348 6976/211/2348
f 6977/53/2349 7098/147/2349 7097/146/2349 7084/38/2349 7079/47/2349
f 7101/150/2350 7104/153/2350 6978/52/2350 7074/54/2350 7069/59/2350
f 6979/212/2351 7115/164/2351 7114/163/2351 6982/213/2351 7103/214/2351 7102/215/2351
f 7104/216/2352 7103/214/2352 6982/213/2352 6983/35/2352 6978/34/2352
f 6979/68/2353 7102/151/2353 7101/150/2353 7069/59/2353 7064/63/2353
f 6981/207/2354 7107/156/2354 7106/155/2354 7112/161/2354 7111/160/2354 6980/217/2354
f 7109/218/2355 7112/219/2355 7106/220/2355 7105/202/2355 7049/85/2355 7044/84/2355
f 6980/217/2356 7111/160/2356 7110/159/2356 7116/165/2356 7115/164/2356 6979/212/2356
f 7113/221/2357 7116/222/2357 7110/223/2357 7109/218/2357 7044/84/2357 7039/93/2357
f 6982/102/2358 7114/224/2358 7113/221/2358 7039/93/2358 7034/97/2358
f 7117/225/2359 7120/226/2359 6984/107/2359 7024/108/2359 7019/112/2359
f 7124/227/2360 7123/228/2360 7118/229/2360 7117/225/2360 7019/112/2360 7014/116/2360
f 6975/131/2361 7121/230/2361 7124/227/2361 7014/116/2361 7011/132/2361
f 6976/211/2362 7122/171/2362 7121/170/2362 6975/131/2362 6974/126/2362
f 7125/231/2363 7128/232/2363 6996/233/2363 7138/187/2363 7137/186/2363 6985/234/2363
f 7058/20/2364 7063/73/2364 7126/175/2364 7125/174/2364 6985/21/2364
f 6986/33/2365 6995/32/2365 6996/233/2365 7128/232/2365 7127/235/2365
f 7063/73/2366 7068/23/2366 6986/26/2366 7127/176/2366 7126/175/2366
f 7129/236/2367 7132/237/2367 6993/238/2367 6994/31/2367 6987/30/2367
f 7073/24/2368 7078/58/2368 7130/179/2368 7129/178/2368 6987/25/2368
f 6988/239/2369 6992/240/2369 6993/238/2369 7132/237/2369 7131/241/2369
f 7078/58/2370 7083/51/2370 6988/242/2370 7131/180/2370 7130/179/2370
f 7133/243/2371 7136/244/2371 6991/245/2371 6992/240/2371 6988/239/2371
f 7083/51/2372 7088/46/2372 7134/183/2372 7133/182/2372 6988/242/2372
f 6989/29/2373 6990/28/2373 6991/245/2373 7136/244/2373 7135/246/2373
f 7088/46/2374 7093/1/2374 6989/4/2374 7135/184/2374 7134/183/2374
f 7053/92/2492 7002/247/2492 6970/248/2492 7140/249/2492 7139/250/2492
f 6985/234/2376 7137/186/2376 7140/189/2376 6970/251/2376 6969/252/2376
f 7048/17/2377 7053/92/2377 7139/250/2377 7138/253/2377 6996/18/2377
f 7001/136/2378 7002/135/2378 7141/190/2378 7144/193/2378 7000/254/2378
f 7052/90/2379 7142/255/2379 7141/256/2379 7002/247/2379 7053/92/2379
f 7000/254/2380 7144/193/2380 7143/192/2380 7003/138/2380 6999/137/2380
f 7051/88/2381 7003/124/2381 7143/257/2381 7142/255/2381 7052/90/2381
f 7010/127/2382 7011/132/2382 7145/194/2382 7148/197/2382 7009/128/2382
f 7011/132/1806 7014/116/1806 7015/117/1806 7146/195/1806 7145/194/1806
f 7009/128/2383 7148/197/2383 7147/196/2383 7012/120/2383 7008/129/2383
f 7147/196/1808 7146/195/1808 7015/117/1808 7016/118/1808 7012/120/1808
f 7152/201/2384 7151/200/2384 7018/5/2384 6990/8/2384 6973/27/2384
f 7007/130/2385 7013/121/2385 7150/199/2385 7149/198/2385 7006/2/2385
f 7006/2/2386 7149/198/2386 7152/201/2386 6973/27/2386 6972/3/2386
f 7013/121/2387 7017/119/2387 7018/5/2387 7151/200/2387 7150/199/2387
f 7322/19/1226 7336/20/1226 7317/21/1226 7313/22/1226
f 7315/79/1258 7316/74/1258 7332/75/1258 7318/80/1258
f 7318/80/1259 7332/75/1259 7333/76/1259 7319/81/1259
f 7319/81/1260 7333/76/1260 7334/77/1260 7320/82/1260
f 7320/82/1261 7334/77/1261 7335/78/1261 7321/83/1261
f 7321/83/1262 7335/78/1262 7336/20/1262 7322/19/1262
f 7327/85/1292 7326/122/1292 7325/123/1292 7328/86/1292
f 7328/86/1293 7325/123/1293 7324/124/1293 7329/88/1293
f 7313/133/1301 7314/134/1301 7323/135/1301 7322/136/1301
f 7320/137/1302 7324/138/1302 7325/139/1302 7319/140/1302
f 7319/140/1303 7325/139/1303 7326/141/1303 7318/142/1303
f 7337/143/1304 7338/144/1304 7339/145/1304
f 7346/190/1316 7347/191/1316 7348/192/1316 7349/193/1316
f 7340/202/1319 7342/203/1319 7337/204/1319 7339/205/1319 7326/122/1319 7327/85/1319
f 7318/142/1320 7326/141/1320 7339/145/1320 7338/144/1320 7315/206/1320
f 7315/206/1321 7338/144/1321 7337/143/1321 7342/157/1321 7341/156/1321 7316/207/1321
f 7331/92/1351 7323/247/1351 7314/248/1351 7345/249/1351 7344/250/1351
f 7317/234/1352 7343/186/1352 7345/189/1352 7314/251/1352 7313/252/1352
f 7322/136/1354 7323/135/1354 7346/190/1354 7349/193/1354 7321/254/1354
f 7330/90/1355 7347/255/1355 7346/256/1355 7323/247/1355 7331/92/1355
f 7321/254/1356 7349/193/1356 7348/192/1356 7324/138/1356 7320/137/1356
f 7329/88/1357 7324/124/1357 7348/257/1357 7347/255/1357 7330/90/1357
f 7359/19/1373 7373/20/1373 7354/21/1373 7350/22/1373
f 7352/79/1405 7353/74/1405 7369/75/1405 7355/80/1405
f 7355/80/2442 7369/75/2442 7370/76/2442 7356/81/2442
f 7356/81/2443 7370/76/2443 7371/77/2443 7357/82/2443
f 7357/82/1408 7371/77/1408 7372/78/1408 7358/83/1408
f 7358/83/1409 7372/78/1409 7373/20/1409 7359/19/1409
f 7364/85/1439 7363/122/1439 7362/123/1439 7365/86/1439
f 7365/86/1440 7362/123/1440 7361/124/1440 7366/88/1440
f 7350/133/1448 7351/134/1448 7360/135/1448 7359/136/1448
f 7357/137/1449 7361/138/1449 7362/139/1449 7356/140/1449
f 7356/140/1450 7362/139/1450 7363/141/1450 7355/142/1450
f 7374/143/1451 7375/144/1451 7376/145/1451
f 7383/190/1463 7384/191/1463 7385/192/1463 7386/193/1463
f 7377/202/1466 7379/203/1466 7374/204/1466 7376/205/1466 7363/122/1466 7364/85/1466
f 7355/142/1467 7363/141/1467 7376/145/1467 7375/144/1467 7352/206/1467
f 7352/206/1468 7375/144/1468 7374/143/1468 7379/157/1468 7378/156/1468 7353/207/1468
f 7368/92/1498 7360/247/1498 7351/248/1498 7382/249/1498 7381/250/1498
f 7354/234/1499 7380/186/1499 7382/189/1499 7351/251/1499 7350/252/1499
f 7359/136/1501 7360/135/1501 7383/190/1501 7386/193/1501 7358/254/1501
f 7367/90/1502 7384/255/1502 7383/256/1502 7360/247/1502 7368/92/1502
f 7358/254/1503 7386/193/1503 7385/192/1503 7361/138/1503 7357/137/1503
f 7366/88/1504 7361/124/1504 7385/257/1504 7384/255/1504 7367/90/1504
f 7396/19/306 7410/20/306 7391/21/306 7387/22/306
f 7389/79/1194 7390/74/1194 7406/75/1194 7392/80/1194
f 7392/80/339 7406/75/339 7407/76/339 7393/81/339
f 7393/81/340 7407/76/340 7408/77/340 7394/82/340
f 7394/82/341 7408/77/341 7409/78/341 7395/83/341
f 7395/83/342 7409/78/342 7410/20/342 7396/19/342
f 7401/85/373 7400/122/373 7399/123/373 7402/86/373
f 7402/86/374 7399/123/374 7398/124/374 7403/88/374
f 7387/133/382 7388/134/382 7397/135/382 7396/136/382
f 7394/137/383 7398/138/383 7399/139/383 7393/140/383
f 7393/140/384 7399/139/384 7400/141/384 7392/142/384
f 7411/143/385 7412/144/385 7413/145/385
f 7420/190/2493 7421/191/2493 7422/192/2493 7423/193/2493
f 7414/202/400 7416/203/400 7411/204/400 7413/205/400 7400/122/400 7401/85/400
f 7392/142/401 7400/141/401 7413/145/401 7412/144/401 7389/206/401
f 7389/206/402 7412/144/402 7411/143/402 7416/157/402 7415/156/402 7390/207/402
f 7405/92/432 7397/247/432 7388/248/432 7419/249/432 7418/250/432
f 7391/234/433 7417/186/433 7419/189/433 7388/251/433 7387/252/433
f 7396/136/435 7397/135/435 7420/190/435 7423/193/435 7395/254/435
f 7404/90/436 7421/255/436 7420/256/436 7397/247/436 7405/92/436
f 7395/254/437 7423/193/437 7422/192/437 7398/138/437 7394/137/437
f 7403/88/438 7398/124/438 7422/257/438 7421/255/438 7404/90/438
f 7433/19/454 7447/20/454 7428/21/454 7424/22/454
f 7426/79/486 7427/74/486 7443/75/486 7429/80/486
f 7429/80/487 7443/75/487 7444/76/487 7430/81/487
f 7430/81/488 7444/76/488 7445/77/488 7431/82/488
f 7431/82/489 7445/77/489 7446/78/489 7432/83/489
f 7432/83/490 7446/78/490 7447/20/490 7433/19/490
f 7438/85/521 7437/122/521 7436/123/521 7439/86/521
f 7439/86/522 7436/123/522 7435/124/522 7440/88/522
f 7424/133/530 7425/134/530 7434/135/530 7433/136/530
f 7431/137/531 7435/138/531 7436/139/531 7430/140/531
f 7430/140/532 7436/139/532 7437/141/532 7429/142/532
f 7448/143/533 7449/144/533 7450/145/533
f 7457/190/545 7458/191/545 7459/192/545 7460/193/545
f 7451/202/548 7453/203/548 7448/204/548 7450/205/548 7437/122/548 7438/85/548
f 7429/142/549 7437/141/549 7450/145/549 7449/144/549 7426/206/549
f 7426/206/550 7449/144/550 7448/143/550 7453/157/550 7452/156/550 7427/207/550
f 7442/92/580 7434/247/580 7425/248/580 7456/249/580 7455/250/580
f 7428/234/581 7454/186/581 7456/189/581 7425/251/581 7424/252/581
f 7433/136/583 7434/135/583 7457/190/583 7460/193/583 7432/254/583
f 7441/90/584 7458/255/584 7457/256/584 7434/247/584 7442/92/584
f 7432/254/585 7460/193/585 7459/192/585 7435/138/585 7431/137/585
f 7440/88/586 7435/124/586 7459/257/586 7458/255/586 7441/90/586
f 7470/19/602 7484/20/602 7465/21/602 7461/22/602
f 7463/79/637 7464/74/637 7480/75/637 7466/80/637
f 7466/80/638 7480/75/638 7481/76/638 7467/81/638
f 7467/81/639 7481/76/639 7482/77/639 7468/82/639
f 7468/82/640 7482/77/640 7483/78/640 7469/83/640
f 7469/83/641 7483/78/641 7484/20/641 7470/19/641
f 7475/85/672 7474/122/672 7473/123/672 7476/86/672
f 7476/86/673 7473/123/673 7472/124/673 7477/88/673
f 7461/133/681 7462/134/681 7471/135/681 7470/136/681
f 7468/137/682 7472/138/682 7473/139/682 7467/140/682
f 7467/140/683 7473/139/683 7474/141/683 7466/142/683
f 7485/143/684 7486/144/684 7487/145/684
f 7494/190/696 7495/191/696 7496/192/696 7497/193/696
f 7488/202/699 7490/203/699 7485/204/699 7487/205/699 7474/122/699 7475/85/699
f 7466/142/700 7474/141/700 7487/145/700 7486/144/700 7463/206/700
f 7463/206/701 7486/144/701 7485/143/701 7490/157/701 7489/156/701 7464/207/701
f 7479/92/731 7471/247/731 7462/248/731 7493/249/731 7492/250/731
f 7465/234/732 7491/186/732 7493/189/732 7462/251/732 7461/252/732
f 7470/136/734 7471/135/734 7494/190/734 7497/193/734 7469/254/734
f 7478/90/735 7495/255/735 7494/256/735 7471/247/735 7479/92/735
f 7469/254/736 7497/193/736 7496/192/736 7472/138/736 7468/137/736
f 7477/88/737 7472/124/737 7496/257/737 7495/255/737 7478/90/737
f 7522/1/746 7505/2/746 7498/3/746 7503/4/746
f 7498/3/755 7499/27/755 7504/28/755 7503/29/755
f 7511/120/819 7515/118/819 7516/119/819 7512/121/819
f 7502/125/822 7500/126/822 7509/127/822 7518/39/822
f 7518/39/823 7509/127/823 7508/128/823 7519/40/823
f 7519/40/824 7508/128/824 7507/129/824 7520/42/824
f 7520/42/825 7507/129/825 7506/130/825 7521/44/825
f 7521/44/826 7506/130/826 7505/2/826 7522/1/826
f 7500/126/827 7501/131/827 7510/132/827 7509/127/827
f 7507/129/828 7511/120/828 7512/121/828 7506/130/828
f 7526/194/845 7527/195/845 7528/196/845 7529/197/845
f 7530/198/846 7531/199/846 7532/200/846 7533/201/846
f 7501/131/865 7523/230/865 7525/227/865 7513/116/865 7510/132/865
f 7502/211/866 7524/171/866 7523/170/866 7501/131/866 7500/126/866
f 7509/127/886 7510/132/886 7526/194/886 7529/197/886 7508/128/886
f 7510/132/887 7513/116/887 7514/117/887 7527/195/887 7526/194/887
f 7508/128/888 7529/197/888 7528/196/888 7511/120/888 7507/129/888
f 7528/196/889 7527/195/889 7514/117/889 7515/118/889 7511/120/889
f 7533/201/890 7532/200/890 7517/5/890 7504/8/890 7499/27/890
f 7506/130/891 7512/121/891 7531/199/891 7530/198/891 7505/2/891
f 7505/2/892 7530/198/892 7533/201/892 7499/27/892 7498/3/892
f 7512/121/893 7516/119/893 7517/5/893 7532/200/893 7531/199/893
f 7558/1/894 7541/2/894 7534/3/894 7539/4/894
f 7534/3/903 7535/27/903 7540/28/903 7539/29/903
f 7547/120/967 7551/118/967 7552/119/967 7548/121/967
f 7538/125/970 7536/126/970 7545/127/970 7554/39/970
f 7554/39/971 7545/127/971 7544/128/971 7555/40/971
f 7555/40/972 7544/128/972 7543/129/972 7556/42/972
f 7556/42/973 7543/129/973 7542/130/973 7557/44/973
f 7557/44/974 7542/130/974 7541/2/974 7558/1/974
f 7536/126/975 7537/131/975 7546/132/975 7545/127/975
f 7543/129/976 7547/120/976 7548/121/976 7542/130/976
f 7562/194/993 7563/195/993 7564/196/993 7565/197/993
f 7566/198/994 7567/199/994 7568/200/994 7569/201/994
f 7537/131/1013 7559/230/1013 7561/227/1013 7549/116/1013 7546/132/1013
f 7538/211/1014 7560/171/1014 7559/170/1014 7537/131/1014 7536/126/1014
f 7545/127/1034 7546/132/1034 7562/194/1034 7565/197/1034 7544/128/1034
f 7546/132/1035 7549/116/1035 7550/117/1035 7563/195/1035 7562/194/1035
f 7544/128/1036 7565/197/1036 7564/196/1036 7547/120/1036 7543/129/1036
f 7564/196/1037 7563/195/1037 7550/117/1037 7551/118/1037 7547/120/1037
f 7569/201/1038 7568/200/1038 7553/5/1038 7540/8/1038 7535/27/1038
f 7542/130/1039 7548/121/1039 7567/199/1039 7566/198/1039 7541/2/1039
f 7541/2/1040 7566/198/1040 7569/201/1040 7535/27/1040 7534/3/1040
f 7548/121/1041 7552/119/1041 7553/5/1041 7568/200/1041 7567/199/1041
f 7594/1/1042 7577/2/1042 7570/3/1042 7575/4/1042
f 7570/3/1051 7571/27/1051 7576/28/1051 7575/29/1051
f 7583/120/1118 7587/118/1118 7588/119/1118 7584/121/1118
f 7574/125/1121 7572/126/1121 7581/127/1121 7590/39/1121
f 7590/39/1122 7581/127/1122 7580/128/1122 7591/40/1122
f 7591/40/1123 7580/128/1123 7579/129/1123 7592/42/1123
f 7592/42/1124 7579/129/1124 7578/130/1124 7593/44/1124
f 7593/44/1125 7578/130/1125 7577/2/1125 7594/1/1125
f 7572/126/1126 7573/131/1126 7582/132/1126 7581/127/1126
f 7579/129/1127 7583/120/1127 7584/121/1127 7578/130/1127
f 7595/170/1138 7596/171/1138 7597/172/1138 7598/173/1138
f 7599/194/1144 7600/195/1144 7601/196/1144 7602/197/1144
f 7603/198/1145 7604/199/1145 7605/200/1145 7606/201/1145
f 7573/131/1164 7595/230/1164 7598/227/1164 7585/116/1164 7582/132/1164
f 7574/211/1165 7596/171/1165 7595/170/1165 7573/131/1165 7572/126/1165
f 7581/127/1185 7582/132/1185 7599/194/1185 7602/197/1185 7580/128/1185
f 7582/132/1186 7585/116/1186 7586/117/1186 7600/195/1186 7599/194/1186
f 7580/128/1187 7602/197/1187 7601/196/1187 7583/120/1187 7579/129/1187
f 7601/196/1188 7600/195/1188 7586/117/1188 7587/118/1188 7583/120/1188
f 7606/201/1189 7605/200/1189 7589/5/1189 7576/8/1189 7571/27/1189
f 7578/130/1190 7584/121/1190 7604/199/1190 7603/198/1190 7577/2/1190
f 7577/2/1191 7603/198/1191 7606/201/1191 7571/27/1191 7570/3/1191
f 7584/121/1192 7588/119/1192 7589/5/1192 7605/200/1192 7604/199/1192
f 7616/19/306 7630/20/306 7611/21/306 7607/22/306
f 7609/79/1194 7610/74/1194 7626/75/1194 7612/80/1194
f 7612/80/339 7626/75/339 7627/76/339 7613/81/339
f 7613/81/340 7627/76/340 7628/77/340 7614/82/340
f 7614/82/341 7628/77/341 7629/78/341 7615/83/341
f 7615/83/342 7629/78/342 7630/20/342 7616/19/342
f 7621/85/373 7620/122/373 7619/123/373 7622/86/373
f 7622/86/374 7619/123/374 7618/124/374 7623/88/374
f 7607/133/382 7608/134/382 7617/135/382 7616/136/382
f 7614/137/383 7618/138/383 7619/139/383 7613/140/383
f 7613/140/384 7619/139/384 7620/141/384 7612/142/384
f 7631/143/1197 7632/144/1197 7633/145/1197
f 7640/190/2493 7641/191/2493 7642/192/2493 7643/193/2493
f 7634/202/400 7636/203/400 7631/204/400 7633/205/400 7620/122/400 7621/85/400
f 7612/142/401 7620/141/401 7633/145/401 7632/144/401 7609/206/401
f 7609/206/402 7632/144/402 7631/143/402 7636/157/402 7635/156/402 7610/207/402
f 7625/92/432 7617/247/432 7608/248/432 7639/249/432 7638/250/432
f 7611/234/433 7637/186/433 7639/189/433 7608/251/433 7607/252/433
f 7616/136/435 7617/135/435 7640/190/435 7643/193/435 7615/254/435
f 7624/90/436 7641/255/436 7640/256/436 7617/247/436 7625/92/436
f 7615/254/437 7643/193/437 7642/192/437 7618/138/437 7614/137/437
f 7623/88/438 7618/124/438 7642/257/438 7641/255/438 7624/90/438
f 7653/19/454 7667/20/454 7648/21/454 7644/22/454
f 7646/79/486 7647/74/486 7663/75/486 7649/80/486
f 7649/80/487 7663/75/487 7664/76/487 7650/81/487
f 7650/81/488 7664/76/488 7665/77/488 7651/82/488
f 7651/82/489 7665/77/489 7666/78/489 7652/83/489
f 7652/83/490 7666/78/490 7667/20/490 7653/19/490
f 7658/85/521 7657/122/521 7656/123/521 7659/86/521
f 7659/86/522 7656/123/522 7655/124/522 7660/88/522
f 7644/133/530 7645/134/530 7654/135/530 7653/136/530
f 7651/137/531 7655/138/531 7656/139/531 7650/140/531
f 7650/140/532 7656/139/532 7657/141/532 7649/142/532
f 7668/143/533 7669/144/533 7670/145/533
f 7677/190/545 7678/191/545 7679/192/545 7680/193/545
f 7671/202/548 7673/203/548 7668/204/548 7670/205/548 7657/122/548 7658/85/548
f 7649/142/549 7657/141/549 7670/145/549 7669/144/549 7646/206/549
f 7646/206/550 7669/144/550 7668/143/550 7673/157/550 7672/156/550 7647/207/550
f 7662/92/1218 7654/247/1218 7645/248/1218 7676/249/1218 7675/250/1218
f 7648/234/581 7674/186/581 7676/189/581 7645/251/581 7644/252/581
f 7653/136/583 7654/135/583 7677/190/583 7680/193/583 7652/254/583
f 7661/90/584 7678/255/584 7677/256/584 7654/247/584 7662/92/584
f 7652/254/585 7680/193/585 7679/192/585 7655/138/585 7651/137/585
f 7660/88/586 7655/124/586 7679/257/586 7678/255/586 7661/90/586
f 7354/234/2494 7373/20/2494 7372/78/2494 7371/77/2494 7370/76/2494 7369/75/2494 7353/207/2494 7378/156/2494 7379/203/2494 7377/202/2494 7364/85/2494 7365/86/2494 7366/88/2494 7367/90/2494 7368/92/2494 7381/250/2494 7382/189/2494 7380/186/2494
f 7611/234/2406 7630/20/2406 7629/78/2406 7628/77/2406 7627/76/2406 7626/75/2406 7610/207/2406 7635/156/2406 7636/203/2406 7634/202/2406 7621/85/2406 7622/86/2406 7623/88/2406 7624/90/2406 7625/92/2406 7638/250/2406 7639/189/2406 7637/186/2406
f 7648/234/2407 7667/20/2407 7666/78/2407 7665/77/2407 7664/76/2407 7663/75/2407 7647/207/2407 7672/156/2407 7673/203/2407 7671/202/2407 7658/85/2407 7659/86/2407 7660/88/2407 7661/90/2407 7662/92/2407 7675/250/2407 7676/189/2407 7674/186/2407
f 7504/28/2408 7517/5/2408 7516/119/2408 7515/118/2408 7514/117/2408 7513/116/2408 7525/227/2408 7523/170/2408 7524/171/2408 7502/125/2408 7518/39/2408 7519/40/2408 7520/42/2408 7521/44/2408 7522/1/2408 7503/29/2408
f 7540/28/2409 7553/5/2409 7552/119/2409 7551/118/2409 7550/117/2409 7549/116/2409 7561/227/2409 7559/170/2409 7560/171/2409 7538/125/2409 7554/39/2409 7555/40/2409 7556/42/2409 7557/44/2409 7558/1/2409 7539/29/2409
f 7576/28/2410 7589/5/2410 7588/119/2410 7587/118/2410 7586/117/2410 7585/116/2410 7598/173/2410 7597/172/2410 7596/171/2410 7574/125/2410 7590/39/2410 7591/40/2410 7592/42/2410 7593/44/2410 7594/1/2410 7575/29/2410
f 7465/234/2411 7484/20/2411 7483/78/2411 7482/77/2411 7481/76/2411 7480/75/2411 7464/207/2411 7489/156/2411 7490/203/2411 7488/202/2411 7475/85/2411 7476/86/2411 7477/88/2411 7478/90/2411 7479/92/2411 7492/250/2411 7493/189/2411 7491/186/2411
f 7391/234/2406 7410/20/2406 7409/78/2406 7408/77/2406 7407/76/2406 7406/75/2406 7390/207/2406 7415/156/2406 7416/203/2406 7414/202/2406 7401/85/2406 7402/86/2406 7403/88/2406 7404/90/2406 7405/92/2406 7418/250/2406 7419/189/2406 7417/186/2406
f 7428/234/2407 7447/20/2407 7446/78/2407 7445/77/2407 7444/76/2407 7443/75/2407 7427/207/2407 7452/156/2407 7453/203/2407 7451/202/2407 7438/85/2407 7439/86/2407 7440/88/2407 7441/90/2407 7442/92/2407 7455/250/2407 7456/189/2407 7454/186/2407
f 7317/234/2412 7336/20/2412 7335/78/2412 7334/77/2412 7333/76/2412 7332/75/2412 7316/207/2412 7341/156/2412 7342/203/2412 7340/202/2412 7327/85/2412 7328/86/2412 7329/88/2412 7330/90/2412 7331/92/2412 7344/250/2412 7345/189/2412 7343/186/2412
usemtl Helles_Holz
f 149/166/94 150/167/94 151/168/94 152/169/94
f 157/174/96 158/175/96 159/176/96 160/177/96
f 333/166/243 334/167/243 335/168/243 336/169/243
f 341/174/245 342/175/245 343/176/245 344/177/245
f 517/166/391 518/167/391 519/168/391 520/169/391
f 525/174/393 526/175/393 527/176/393 528/177/393
f 701/166/539 702/167/539 703/168/539 704/169/539
f 709/174/541 710/175/541 711/176/541 712/177/541
f 885/166/690 886/167/690 887/168/690 888/169/690
f 893/174/692 894/175/692 895/176/692 896/177/692
f 1069/166/838 1070/167/838 1071/168/838 1072/169/838
f 1077/174/840 1078/175/840 1079/176/840 1080/177/840
f 1253/166/986 1254/167/986 1255/168/986 1256/169/986
f 1261/174/988 1262/175/988 1263/176/988 1264/177/988
f 1437/166/1137 1438/167/1137 1439/168/1137 1440/169/1137
f 1445/174/1139 1446/175/1139 1447/176/1139 1448/177/1139
f 1621/166/1199 1622/167/1199 1623/168/1199 1624/169/1199
f 1629/174/1200 1630/175/1200 1631/176/1200 1632/177/1200
f 1805/166/539 1806/167/539 1807/168/539 1808/169/539
f 1813/174/541 1814/175/541 1815/176/541 1816/177/541
f 1989/166/1310 1990/167/1310 1991/168/1310 1992/169/1310
f 1997/174/1312 1998/175/1312 1999/176/1312 2000/177/1312
f 2173/166/1457 2174/167/1457 2175/168/1457 2176/169/1457
f 2181/174/1459 2182/175/1459 2183/176/1459 2184/177/1459
f 2357/166/1607 2358/167/1607 2359/168/1607 2360/169/1607
f 2365/174/1609 2366/175/1609 2367/176/1609 2368/177/1609
f 2541/166/1757 2542/167/1757 2543/168/1757 2544/169/1757
f 2549/174/1759 2550/175/1759 2551/176/1759 2552/177/1759
f 2725/166/1903 2726/167/1903 2727/168/1903 2728/169/1903
f 2733/174/1905 2734/175/1905 2735/176/1905 2736/177/1905
f 2909/166/2054 2910/167/2054 2911/168/2054 2912/169/2054
f 2917/174/2056 2918/175/2056 2919/176/2056 2920/177/2056
f 3093/166/2204 3094/167/2204 3095/168/2204 3096/169/2204
f 3101/174/2206 3102/175/2206 3103/176/2206 3104/177/2206
f 3277/166/2334 3278/167/2334 3279/168/2334 3280/169/2334
f 3285/174/2336 3286/175/2336 3287/176/2336 3288/177/2336
f 3989/166/94 3990/167/94 3991/168/94 3992/169/94
f 3997/174/96 3998/175/96 3999/176/96 4000/177/96
f 4173/166/243 4174/167/243 4175/168/243 4176/169/243
f 4181/174/245 4182/175/245 4183/176/245 4184/177/245
f 4357/166/1199 4358/167/1199 4359/168/1199 4360/169/1199
f 4365/174/393 4366/175/393 4367/176/393 4368/177/393
f 4541/166/539 4542/167/539 4543/168/539 4544/169/539
f 4549/174/541 4550/175/541 4551/176/541 4552/177/541
f 4725/166/690 4726/167/690 4727/168/690 4728/169/690
f 4733/174/692 4734/175/692 4735/176/692 4736/177/692
f 4909/166/2429 4910/167/2429 4911/168/2429 4912/169/2429
f 4917/174/2430 4918/175/2430 4919/176/2430 4920/177/2430
f 5093/166/986 5094/167/986 5095/168/986 5096/169/986
f 5101/174/2433 5102/175/2433 5103/176/2433 5104/177/2433
f 5277/166/1137 5278/167/1137 5279/168/1137 5280/169/1137
f 5285/174/1139 5286/175/1139 5287/176/1139 5288/177/1139
f 5461/166/1199 5462/167/1199 5463/168/1199 5464/169/1199
f 5469/174/1200 5470/175/1200 5471/176/1200 5472/177/1200
f 5645/166/539 5646/167/539 5647/168/539 5648/169/539
f 5653/174/541 5654/175/541 5655/176/541 5656/177/541
f 5829/166/1310 5830/167/1310 5831/168/1310 5832/169/1310
f 5837/174/1312 5838/175/1312 5839/176/1312 5840/177/1312
f 6013/166/2450 6014/167/2450 6015/168/2450 6016/169/2450
f 6021/174/1459 6022/175/1459 6023/176/1459 6024/177/1459
f 6197/166/1607 6198/167/1607 6199/168/1607 6200/169/1607
f 6205/174/1609 6206/175/1609 6207/176/1609 6208/177/1609
f 6381/166/1757 6382/167/1757 6383/168/1757 6384/169/1757
f 6389/174/1759 6390/175/1759 6391/176/1759 6392/177/1759
f 6565/166/1903 6566/167/1903 6567/168/1903 6568/169/1903
f 6573/174/1905 6574/175/1905 6575/176/1905 6576/177/1905
f 6749/166/2054 6750/167/2054 6751/168/2054 6752/169/2054
f 6757/174/2056 6758/175/2056 6759/176/2056 6760/177/2056
f 6933/166/2485 6934/167/2485 6935/168/2485 6936/169/2485
f 6941/174/2206 6942/175/2206 6943/176/2206 6944/177/2206
f 7117/166/2334 7118/167/2334 7119/168/2334 7120/169/2334
f 7125/174/2336 7126/175/2336 7127/176/2336 7128/177/2336
usemtl Kessel_Metall_Eisen
f 3323/258/2388 3324/259/2388 3316/260/2388 3314/134/2388
f 3324/259/2389 3327/261/2389 3320/131/2389 3316/260/2389
f 3327/261/2390 3320/131/2390 3318/27/2390 3330/262/2390
f 3330/262/2391 3323/263/2391 3314/251/2391 3318/27/2391
f 3315/79/1687 3313/22/1687 3317/3/1687 3319/126/1687
f 3320/131/1720 3318/27/1720 3314/248/1720 3316/264/1720
f 3317/3/2391 3313/252/2391 3321/265/2391 3332/266/2391
f 3332/266/2391 3321/265/2391 3322/267/2391 3331/268/2391
f 3331/268/2391 3322/267/2391 3323/263/2391 3330/262/2391
f 3319/126/2390 3329/269/2390 3332/266/2390 3317/3/2390
f 3329/269/2390 3328/270/2390 3331/268/2390 3332/266/2390
f 3328/270/2390 3327/261/2390 3330/262/2390 3331/268/2390
f 3315/206/2389 3319/126/2389 3329/269/2389 3326/271/2389
f 3326/271/2389 3329/269/2389 3328/270/2389 3325/272/2389
f 3325/272/2389 3328/270/2389 3327/261/2389 3324/259/2389
f 3313/133/2392 3315/206/2392 3326/271/2392 3321/273/2392
f 3321/273/2393 3326/271/2393 3325/272/2393 3322/274/2393
f 3322/274/2394 3325/272/2394 3324/259/2394 3323/258/2394
f 3343/258/2388 3344/259/2388 3336/260/2388 3334/134/2388
f 3344/259/2389 3347/261/2389 3340/131/2389 3336/260/2389
f 3347/261/2390 3340/131/2390 3338/27/2390 3350/262/2390
f 3350/262/2391 3343/263/2391 3334/251/2391 3338/27/2391
f 3335/79/1687 3333/22/1687 3337/3/1687 3339/126/1687
f 3340/131/1720 3338/27/1720 3334/248/1720 3336/264/1720
f 3337/3/2391 3333/252/2391 3341/265/2391 3352/266/2391
f 3352/266/2391 3341/265/2391 3342/267/2391 3351/268/2391
f 3351/268/2391 3342/267/2391 3343/263/2391 3350/262/2391
f 3339/126/2390 3349/269/2390 3352/266/2390 3337/3/2390
f 3349/269/2390 3348/270/2390 3351/268/2390 3352/266/2390
f 3348/270/2390 3347/261/2390 3350/262/2390 3351/268/2390
f 3335/206/2389 3339/126/2389 3349/269/2389 3346/271/2389
f 3346/271/2389 3349/269/2389 3348/270/2389 3345/272/2389
f 3345/272/2389 3348/270/2389 3347/261/2389 3344/259/2389
f 3333/133/2392 3335/206/2392 3346/271/2392 3341/273/2392
f 3341/273/2393 3346/271/2393 3345/272/2393 3342/274/2393
f 3342/274/2394 3345/272/2394 3344/259/2394 3343/258/2394
f 3363/258/2388 3364/259/2388 3356/260/2388 3354/134/2388
f 3364/259/2389 3367/261/2389 3360/131/2389 3356/260/2389
f 3367/261/2390 3360/131/2390 3358/27/2390 3370/262/2390
f 3370/262/2391 3363/263/2391 3354/251/2391 3358/27/2391
f 3355/79/1687 3353/22/1687 3357/3/1687 3359/126/1687
f 3360/131/1720 3358/27/1720 3354/248/1720 3356/264/1720
f 3357/3/2391 3353/252/2391 3361/265/2391 3372/266/2391
f 3372/266/2391 3361/265/2391 3362/267/2391 3371/268/2391
f 3371/268/2391 3362/267/2391 3363/263/2391 3370/262/2391
f 3359/126/2390 3369/269/2390 3372/266/2390 3357/3/2390
f 3369/269/2390 3368/270/2390 3371/268/2390 3372/266/2390
f 3368/270/2390 3367/261/2390 3370/262/2390 3371/268/2390
f 3355/206/2389 3359/126/2389 3369/269/2389 3366/271/2389
f 3366/271/2389 3369/269/2389 3368/270/2389 3365/272/2389
f 3365/272/2389 3368/270/2389 3367/261/2389 3364/259/2389
f 3353/133/2392 3355/206/2392 3366/271/2392 3361/273/2392
f 3361/273/2393 3366/271/2393 3365/272/2393 3362/274/2393
f 3362/274/2394 3365/272/2394 3364/259/2394 3363/258/2394
f 3383/258/2388 3384/259/2388 3376/260/2388 3374/134/2388
f 3384/259/2389 3387/261/2389 3380/131/2389 3376/260/2389
f 3387/261/2390 3380/131/2390 3378/27/2390 3390/262/2390
f 3390/262/2391 3383/263/2391 3374/251/2391 3378/27/2391
f 3375/79/1687 3373/22/1687 3377/3/1687 3379/126/1687
f 3380/131/1720 3378/27/1720 3374/248/1720 3376/264/1720
f 3377/3/2391 3373/252/2391 3381/265/2391 3392/266/2391
f 3392/266/2391 3381/265/2391 3382/267/2391 3391/268/2391
f 3391/268/2391 3382/267/2391 3383/263/2391 3390/262/2391
f 3379/126/2390 3389/269/2390 3392/266/2390 3377/3/2390
f 3389/269/2390 3388/270/2390 3391/268/2390 3392/266/2390
f 3388/270/2390 3387/261/2390 3390/262/2390 3391/268/2390
f 3375/206/2389 3379/126/2389 3389/269/2389 3386/271/2389
f 3386/271/2389 3389/269/2389 3388/270/2389 3385/272/2389
f 3385/272/2389 3388/270/2389 3387/261/2389 3384/259/2389
f 3373/133/2392 3375/206/2392 3386/271/2392 3381/273/2392
f 3381/273/2393 3386/271/2393 3385/272/2393 3382/274/2393
f 3382/274/2394 3385/272/2394 3384/259/2394 3383/258/2394
f 3403/258/2395 3394/134/2395 3396/260/2395 3404/259/2395
f 3404/259/2396 3396/260/2396 3400/131/2396 3407/261/2396
f 3407/261/2397 3410/262/2397 3398/27/2397 3400/131/2397
f 3410/262/2398 3398/27/2398 3394/251/2398 3403/263/2398
f 3395/79/1687 3399/126/1687 3397/3/1687 3393/22/1687
f 3400/131/1720 3396/264/1720 3394/248/1720 3398/27/1720
f 3397/3/2398 3412/266/2398 3401/265/2398 3393/252/2398
f 3412/266/2398 3411/268/2398 3402/267/2398 3401/265/2398
f 3411/268/2398 3410/262/2398 3403/263/2398 3402/267/2398
f 3399/126/2397 3397/3/2397 3412/266/2397 3409/269/2397
f 3409/269/2397 3412/266/2397 3411/268/2397 3408/270/2397
f 3408/270/2397 3411/268/2397 3410/262/2397 3407/261/2397
f 3395/206/2396 3406/271/2396 3409/269/2396 3399/126/2396
f 3406/271/2396 3405/272/2396 3408/270/2396 3409/269/2396
f 3405/272/2396 3404/259/2396 3407/261/2396 3408/270/2396
f 3393/133/2399 3401/273/2399 3406/271/2399 3395/206/2399
f 3401/273/2400 3402/274/2400 3405/272/2400 3406/271/2400
f 3402/274/2401 3403/258/2401 3404/259/2401 3405/272/2401
f 3423/258/2395 3414/134/2395 3416/260/2395 3424/259/2395
f 3424/259/2396 3416/260/2396 3420/131/2396 3427/261/2396
f 3427/261/2397 3430/262/2397 3418/27/2397 3420/131/2397
f 3430/262/2398 3418/27/2398 3414/251/2398 3423/263/2398
f 3415/79/1687 3419/126/1687 3417/3/1687 3413/22/1687
f 3420/131/1720 3416/264/1720 3414/248/1720 3418/27/1720
f 3417/3/2398 3432/266/2398 3421/265/2398 3413/252/2398
f 3432/266/2398 3431/268/2398 3422/267/2398 3421/265/2398
f 3431/268/2398 3430/262/2398 3423/263/2398 3422/267/2398
f 3419/126/2397 3417/3/2397 3432/266/2397 3429/269/2397
f 3429/269/2397 3432/266/2397 3431/268/2397 3428/270/2397
f 3428/270/2397 3431/268/2397 3430/262/2397 3427/261/2397
f 3415/206/2396 3426/271/2396 3429/269/2396 3419/126/2396
f 3426/271/2396 3425/272/2396 3428/270/2396 3429/269/2396
f 3425/272/2396 3424/259/2396 3427/261/2396 3428/270/2396
f 3413/133/2399 3421/273/2399 3426/271/2399 3415/206/2399
f 3421/273/2402 3422/274/2402 3425/272/2402 3426/271/2402
f 3422/274/2403 3423/258/2403 3424/259/2403 3425/272/2403
f 3443/258/2395 3434/134/2395 3436/260/2395 3444/259/2395
f 3444/259/2396 3436/260/2396 3440/131/2396 3447/261/2396
f 3447/261/2397 3450/262/2397 3438/27/2397 3440/131/2397
f 3450/262/2398 3438/27/2398 3434/251/2398 3443/263/2398
f 3435/79/1687 3439/126/1687 3437/3/1687 3433/22/1687
f 3440/131/1720 3436/264/1720 3434/248/1720 3438/27/1720
f 3437/3/2398 3452/266/2398 3441/265/2398 3433/252/2398
f 3452/266/2398 3451/268/2398 3442/267/2398 3441/265/2398
f 3451/268/2398 3450/262/2398 3443/263/2398 3442/267/2398
f 3439/126/2397 3437/3/2397 3452/266/2397 3449/269/2397
f 3449/269/2397 3452/266/2397 3451/268/2397 3448/270/2397
f 3448/270/2397 3451/268/2397 3450/262/2397 3447/261/2397
f 3435/206/2396 3446/271/2396 3449/269/2396 3439/126/2396
f 3446/271/2396 3445/272/2396 3448/270/2396 3449/269/2396
f 3445/272/2396 3444/259/2396 3447/261/2396 3448/270/2396
f 3433/133/2399 3441/273/2399 3446/271/2399 3435/206/2399
f 3441/273/2400 3442/274/2400 3445/272/2400 3446/271/2400
f 3442/274/2401 3443/258/2401 3444/259/2401 3445/272/2401
f 3463/258/2395 3454/134/2395 3456/260/2395 3464/259/2395
f 3464/259/2396 3456/260/2396 3460/131/2396 3467/261/2396
f 3467/261/2397 3470/262/2397 3458/27/2397 3460/131/2397
f 3470/262/2396 3463/263/2396 3454/251/2396 3458/27/2396
f 3455/79/1687 3459/126/1687 3457/3/1687 3453/22/1687
f 3460/131/1720 3456/264/1720 3454/248/1720 3458/27/1720
f 3457/3/2396 3453/252/2396 3461/265/2396 3472/266/2396
f 3472/266/2398 3471/268/2398 3462/267/2398 3461/265/2398
f 3471/268/2398 3470/262/2398 3463/263/2398 3462/267/2398
f 3459/126/2397 3457/3/2397 3472/266/2397 3469/269/2397
f 3469/269/2397 3472/266/2397 3471/268/2397 3468/270/2397
f 3468/270/2397 3471/268/2397 3470/262/2397 3467/261/2397
f 3455/206/2396 3466/271/2396 3469/269/2396 3459/126/2396
f 3466/271/2396 3465/272/2396 3468/270/2396 3469/269/2396
f 3465/272/2396 3464/259/2396 3467/261/2396 3468/270/2396
f 3453/133/2399 3461/273/2399 3466/271/2399 3455/206/2399
f 3461/273/2402 3462/274/2402 3465/272/2402 3466/271/2402
f 3462/274/2403 3463/258/2403 3464/259/2403 3465/272/2403
f 7163/258/2388 7164/259/2388 7156/260/2388 7154/134/2388
f 7164/259/2389 7167/261/2389 7160/131/2389 7156/260/2389
f 7167/261/2390 7160/131/2390 7158/27/2390 7170/262/2390
f 7170/262/2391 7163/263/2391 7154/251/2391 7158/27/2391
f 7155/79/1687 7153/22/1687 7157/3/1687 7159/126/1687
f 7160/131/1720 7158/27/1720 7154/248/1720 7156/264/1720
f 7157/3/2391 7153/252/2391 7161/265/2391 7172/266/2391
f 7172/266/2391 7161/265/2391 7162/267/2391 7171/268/2391
f 7171/268/2391 7162/267/2391 7163/263/2391 7170/262/2391
f 7159/126/2390 7169/269/2390 7172/266/2390 7157/3/2390
f 7169/269/2390 7168/270/2390 7171/268/2390 7172/266/2390
f 7168/270/2390 7167/261/2390 7170/262/2390 7171/268/2390
f 7155/206/2389 7159/126/2389 7169/269/2389 7166/271/2389
f 7166/271/2389 7169/269/2389 7168/270/2389 7165/272/2389
f 7165/272/2389 7168/270/2389 7167/261/2389 7164/259/2389
f 7153/133/2392 7155/206/2392 7166/271/2392 7161/273/2392
f 7161/273/2393 7166/271/2393 7165/272/2393 7162/274/2393
f 7162/274/2394 7165/272/2394 7164/259/2394 7163/258/2394
f 7183/258/2388 7184/259/2388 7176/260/2388 7174/134/2388
f 7184/259/2389 7187/261/2389 7180/131/2389 7176/260/2389
f 7187/261/2390 7180/131/2390 7178/27/2390 7190/262/2390
f 7190/262/2391 7183/263/2391 7174/251/2391 7178/27/2391
f 7175/79/1687 7173/22/1687 7177/3/1687 7179/126/1687
f 7180/131/1720 7178/27/1720 7174/248/1720 7176/264/1720
f 7177/3/2391 7173/252/2391 7181/265/2391 7192/266/2391
f 7192/266/2391 7181/265/2391 7182/267/2391 7191/268/2391
f 7191/268/2391 7182/267/2391 7183/263/2391 7190/262/2391
f 7179/126/2390 7189/269/2390 7192/266/2390 7177/3/2390
f 7189/269/2390 7188/270/2390 7191/268/2390 7192/266/2390
f 7188/270/2390 7187/261/2390 7190/262/2390 7191/268/2390
f 7175/206/2389 7179/126/2389 7189/269/2389 7186/271/2389
f 7186/271/2389 7189/269/2389 7188/270/2389 7185/272/2389
f 7185/272/2389 7188/270/2389 7187/261/2389 7184/259/2389
f 7173/133/2392 7175/206/2392 7186/271/2392 7181/273/2392
f 7181/273/2393 7186/271/2393 7185/272/2393 7182/274/2393
f 7182/274/2394 7185/272/2394 7184/259/2394 7183/258/2394
f 7203/258/2388 7204/259/2388 7196/260/2388 7194/134/2388
f 7204/259/2389 7207/261/2389 7200/131/2389 7196/260/2389
f 7207/261/2390 7200/131/2390 7198/27/2390 7210/262/2390
f 7210/262/2391 7203/263/2391 7194/251/2391 7198/27/2391
f 7195/79/1687 7193/22/1687 7197/3/1687 7199/126/1687
f 7200/131/1720 7198/27/1720 7194/248/1720 7196/264/1720
f 7197/3/2391 7193/252/2391 7201/265/2391 7212/266/2391
f 7212/266/2391 7201/265/2391 7202/267/2391 7211/268/2391
f 7211/268/2391 7202/267/2391 7203/263/2391 7210/262/2391
f 7199/126/2390 7209/269/2390 7212/266/2390 7197/3/2390
f 7209/269/2390 7208/270/2390 7211/268/2390 7212/266/2390
f 7208/270/2390 7207/261/2390 7210/262/2390 7211/268/2390
f 7195/206/2389 7199/126/2389 7209/269/2389 7206/271/2389
f 7206/271/2389 7209/269/2389 7208/270/2389 7205/272/2389
f 7205/272/2389 7208/270/2389 7207/261/2389 7204/259/2389
f 7193/133/2392 7195/206/2392 7206/271/2392 7201/273/2392
f 7201/273/2393 7206/271/2393 7205/272/2393 7202/274/2393
f 7202/274/2394 7205/272/2394 7204/259/2394 7203/258/2394
f 7223/258/2388 7224/259/2388 7216/260/2388 7214/134/2388
f 7224/259/2389 7227/261/2389 7220/131/2389 7216/260/2389
f 7227/261/2390 7220/131/2390 7218/27/2390 7230/262/2390
f 7230/262/2391 7223/263/2391 7214/251/2391 7218/27/2391
f 7215/79/1687 7213/22/1687 7217/3/1687 7219/126/1687
f 7220/131/1720 7218/27/1720 7214/248/1720 7216/264/1720
f 7217/3/2391 7213/252/2391 7221/265/2391 7232/266/2391
f 7232/266/2391 7221/265/2391 7222/267/2391 7231/268/2391
f 7231/268/2391 7222/267/2391 7223/263/2391 7230/262/2391
f 7219/126/2390 7229/269/2390 7232/266/2390 7217/3/2390
f 7229/269/2390 7228/270/2390 7231/268/2390 7232/266/2390
f 7228/270/2390 7227/261/2390 7230/262/2390 7231/268/2390
f 7215/206/2389 7219/126/2389 7229/269/2389 7226/271/2389
f 7226/271/2389 7229/269/2389 7228/270/2389 7225/272/2389
f 7225/272/2389 7228/270/2389 7227/261/2389 7224/259/2389
f 7213/133/2392 7215/206/2392 7226/271/2392 7221/273/2392
f 7221/273/2393 7226/271/2393 7225/272/2393 7222/274/2393
f 7222/274/2394 7225/272/2394 7224/259/2394 7223/258/2394
f 7243/258/2395 7234/134/2395 7236/260/2395 7244/259/2395
f 7244/259/2396 7236/260/2396 7240/131/2396 7247/261/2396
f 7247/261/2397 7250/262/2397 7238/27/2397 7240/131/2397
f 7250/262/2398 7238/27/2398 7234/251/2398 7243/263/2398
f 7235/79/1687 7239/126/1687 7237/3/1687 7233/22/1687
f 7240/131/1720 7236/264/1720 7234/248/1720 7238/27/1720
f 7237/3/2398 7252/266/2398 7241/265/2398 7233/252/2398
f 7252/266/2398 7251/268/2398 7242/267/2398 7241/265/2398
f 7251/268/2398 7250/262/2398 7243/263/2398 7242/267/2398
f 7239/126/2397 7237/3/2397 7252/266/2397 7249/269/2397
f 7249/269/2397 7252/266/2397 7251/268/2397 7248/270/2397
f 7248/270/2397 7251/268/2397 7250/262/2397 7247/261/2397
f 7235/206/2396 7246/271/2396 7249/269/2396 7239/126/2396
f 7246/271/2396 7245/272/2396 7248/270/2396 7249/269/2396
f 7245/272/2396 7244/259/2396 7247/261/2396 7248/270/2396
f 7233/133/2399 7241/273/2399 7246/271/2399 7235/206/2399
f 7241/273/2400 7242/274/2400 7245/272/2400 7246/271/2400
f 7242/274/2401 7243/258/2401 7244/259/2401 7245/272/2401
f 7263/258/2395 7254/134/2395 7256/260/2395 7264/259/2395
f 7264/259/2396 7256/260/2396 7260/131/2396 7267/261/2396
f 7267/261/2397 7270/262/2397 7258/27/2397 7260/131/2397
f 7270/262/2398 7258/27/2398 7254/251/2398 7263/263/2398
f 7255/79/1687 7259/126/1687 7257/3/1687 7253/22/1687
f 7260/131/1720 7256/264/1720 7254/248/1720 7258/27/1720
f 7257/3/2398 7272/266/2398 7261/265/2398 7253/252/2398
f 7272/266/2398 7271/268/2398 7262/267/2398 7261/265/2398
f 7271/268/2398 7270/262/2398 7263/263/2398 7262/267/2398
f 7259/126/2397 7257/3/2397 7272/266/2397 7269/269/2397
f 7269/269/2397 7272/266/2397 7271/268/2397 7268/270/2397
f 7268/270/2397 7271/268/2397 7270/262/2397 7267/261/2397
f 7255/206/2396 7266/271/2396 7269/269/2396 7259/126/2396
f 7266/271/2396 7265/272/2396 7268/270/2396 7269/269/2396
f 7265/272/2396 7264/259/2396 7267/261/2396 7268/270/2396
f 7253/133/2399 7261/273/2399 7266/271/2399 7255/206/2399
f 7261/273/2402 7262/274/2402 7265/272/2402 7266/271/2402
f 7262/274/2403 7263/258/2403 7264/259/2403 7265/272/2403
f 7283/258/2395 7274/134/2395 7276/260/2395 7284/259/2395
f 7284/259/2396 7276/260/2396 7280/131/2396 7287/261/2396
f 7287/261/2397 7290/262/2397 7278/27/2397 7280/131/2397
f 7290/262/2398 7278/27/2398 7274/251/2398 7283/263/2398
f 7275/79/1687 7279/126/1687 7277/3/1687 7273/22/1687
f 7280/131/1720 7276/264/1720 7274/248/1720 7278/27/1720
f 7277/3/2398 7292/266/2398 7281/265/2398 7273/252/2398
f 7292/266/2398 7291/268/2398 7282/267/2398 7281/265/2398
f 7291/268/2398 7290/262/2398 7283/263/2398 7282/267/2398
f 7279/126/2397 7277/3/2397 7292/266/2397 7289/269/2397
f 7289/269/2397 7292/266/2397 7291/268/2397 7288/270/2397
f 7288/270/2397 7291/268/2397 7290/262/2397 7287/261/2397
f 7275/206/2396 7286/271/2396 7289/269/2396 7279/126/2396
f 7286/271/2396 7285/272/2396 7288/270/2396 7289/269/2396
f 7285/272/2396 7284/259/2396 7287/261/2396 7288/270/2396
f 7273/133/2399 7281/273/2399 7286/271/2399 7275/206/2399
f 7281/273/2400 7282/274/2400 7285/272/2400 7286/271/2400
f 7282/274/2401 7283/258/2401 7284/259/2401 7285/272/2401
f 7303/258/2395 7294/134/2395 7296/260/2395 7304/259/2395
f 7304/259/2396 7296/260/2396 7300/131/2396 7307/261/2396
f 7307/261/2397 7310/262/2397 7298/27/2397 7300/131/2397
f 7310/262/2396 7303/263/2396 7294/251/2396 7298/27/2396
f 7295/79/1687 7299/126/1687 7297/3/1687 7293/22/1687
f 7300/131/1720 7296/264/1720 7294/248/1720 7298/27/1720
f 7297/3/2396 7293/252/2396 7301/265/2396 7312/266/2396
f 7312/266/2398 7311/268/2398 7302/267/2398 7301/265/2398
f 7311/268/2398 7310/262/2398 7303/263/2398 7302/267/2398
f 7299/126/2397 7297/3/2397 7312/266/2397 7309/269/2397
f 7309/269/2397 7312/266/2397 7311/268/2397 7308/270/2397
f 7308/270/2397 7311/268/2397 7310/262/2397 7307/261/2397
f 7295/206/2396 7306/271/2396 7309/269/2396 7299/126/2396
f 7306/271/2396 7305/272/2396 7308/270/2396 7309/269/2396
f 7305/272/2396 7304/259/2396 7307/261/2396 7308/270/2396
f 7293/133/2399 7301/273/2399 7306/271/2399 7295/206/2399
f 7301/273/2402 7302/274/2402 7305/272/2402 7306/271/2402
f 7302/274/2403 7303/258/2403 7304/259/2403 7305/272/2403
