# Blender 5.1.1
# www.blender.org
mtllib Regal_groß_var1.mtl
o Regal_groß_Tuch
v 9.169952 1.052874 -5.919337
v 10.872901 1.092474 -5.955245
v 9.198326 1.194736 -6.180122
v 10.854861 1.217082 -6.141971
v 9.146836 1.112807 -5.910092
v 9.164977 1.208836 -5.896788
v 9.168485 1.300642 -5.869614
v 9.150830 1.383208 -5.846620
v 9.151062 1.474583 -5.831065
v 9.172908 1.562296 -5.812153
v 9.165389 1.653477 -5.803604
v 9.188460 1.735221 -5.768548
v 9.221280 1.818476 -5.746270
v 9.234292 1.901645 -5.708218
v 9.281836 1.979883 -5.695220
v 9.310559 2.067908 -5.700049
v 9.356006 1.991595 -5.726643
v 9.421989 1.941956 -5.769487
v 9.508055 1.915126 -5.792728
v 9.598969 1.897902 -5.804935
v 9.691981 1.887210 -5.804887
v 9.785171 1.881857 -5.811939
v 9.878363 1.877299 -5.804577
v 9.971867 1.875836 -5.809966
v 10.065165 1.874326 -5.800632
v 10.159032 1.875914 -5.802073
v 10.252242 1.879733 -5.791390
v 10.345950 1.886383 -5.789648
v 10.439057 1.895922 -5.780147
v 10.531199 1.913424 -5.773763
v 10.619462 1.939047 -5.755116
v 10.702864 1.980959 -5.750143
v 10.767086 2.047523 -5.752522
v 10.770196 1.974412 -5.695256
v 10.815668 1.893816 -5.689289
v 10.808901 1.811615 -5.731564
v 10.823028 1.724999 -5.762429
v 10.840580 1.636337 -5.784629
v 10.868880 1.549948 -5.807759
v 10.906004 1.466420 -5.836502
v 10.889045 1.381339 -5.871901
v 10.850341 1.298277 -5.893994
v 10.848995 1.211690 -5.925661
v 10.871808 1.340938 -6.121129
v 10.915314 1.421497 -6.106610
v 10.911687 1.514041 -6.106387
v 10.910931 1.607567 -6.106117
v 10.912671 1.701689 -6.102261
v 10.906674 1.795894 -6.097141
v 10.897107 1.890316 -6.091859
v 10.887716 1.984880 -6.081429
v 10.877223 2.078857 -6.063587
v 10.850421 2.179466 -6.042780
v 10.795259 2.247664 -6.062509
v 10.713068 2.192553 -6.068108
v 10.622462 2.168589 -6.059705
v 10.531129 2.165179 -6.043038
v 10.439335 2.170084 -6.033689
v 10.347108 2.174336 -6.031105
v 10.254782 2.176866 -6.029513
v 10.162438 2.178990 -6.029606
v 10.070077 2.178155 -6.031137
v 9.977701 2.176851 -6.033199
v 9.885409 2.175875 -6.038053
v 9.793171 2.177878 -6.043725
v 9.701027 2.170589 -6.046820
v 9.609167 2.160066 -6.052344
v 9.517462 2.160072 -6.065856
v 9.427463 2.167086 -6.087427
v 9.342135 2.197201 -6.109003
v 9.261783 2.247365 -6.118857
v 9.195449 2.171431 -6.108296
v 9.167227 2.073084 -6.128438
v 9.153502 1.979894 -6.150575
v 9.140801 1.885703 -6.166123
v 9.125023 1.791450 -6.175655
v 9.130978 1.697006 -6.183810
v 9.141313 1.603522 -6.191886
v 9.138520 1.510192 -6.200121
v 9.144967 1.417363 -6.207987
v 9.187675 1.335989 -6.205138
v 9.197889 1.244662 -6.209035
v 9.197386 1.185681 -6.184661
v 9.195090 1.184707 -6.168814
v 9.195508 1.183988 -6.152601
v 9.190686 1.183896 -6.135510
v 9.192723 1.184803 -6.116507
v 9.190669 1.183330 -6.099253
v 9.191943 1.179487 -6.112666
v 9.190981 1.176172 -6.096075
v 9.186125 1.172606 -6.078127
v 9.180573 1.169834 -6.060448
v 9.171246 1.165036 -6.044297
v 9.177309 1.368897 -6.028436
v 9.182603 1.367958 -6.014610
v 9.183242 1.367025 -6.000501
v 9.179460 1.366045 -5.986394
v 9.179995 1.365770 -5.981100
v 9.182526 1.358800 -5.970482
v 9.168635 1.355207 -5.969824
v 9.154789 1.351389 -5.970639
v 9.141267 1.346610 -5.972353
v 9.128066 1.340594 -5.973670
v 9.116083 1.332162 -5.971458
v 9.100553 1.130930 -6.010733
v 9.107100 1.124900 -5.998935
v 9.106962 1.116064 -5.987271
v 9.107644 1.106873 -5.975890
v 9.109586 1.097548 -5.964658
v 9.112723 1.087897 -5.953842
v 9.120104 1.078781 -5.944399
v 9.130704 1.070526 -5.937046
v 9.143318 1.063291 -5.931411
v 9.157021 1.057642 -5.926072
v 10.868077 1.090623 -5.949199
v 10.868488 1.092735 -5.951401
v 10.883904 1.097690 -5.949437
v 10.902689 1.103438 -5.948435
v 10.917314 1.110802 -5.948309
v 10.931292 1.118926 -5.949530
v 10.944528 1.127550 -5.951768
v 10.957060 1.136550 -5.954703
v 10.968457 1.146240 -5.958305
v 10.979609 1.155466 -5.961620
v 10.928563 1.363701 -5.951798
v 10.918344 1.373980 -5.957685
v 10.904579 1.380685 -5.960183
v 10.890100 1.385404 -5.959929
v 10.875626 1.388721 -5.958525
v 10.861444 1.391277 -5.956785
v 10.847771 1.393485 -5.953591
v 10.848650 1.394053 -5.957582
v 10.848310 1.399524 -5.965862
v 10.849111 1.400018 -5.977194
v 10.854188 1.398983 -5.964354
v 10.849417 1.191079 -6.006659
v 10.851548 1.195205 -6.021142
v 10.854830 1.195926 -6.033753
v 10.851011 1.199139 -6.048492
v 10.850979 1.202382 -6.063173
v 10.852108 1.205773 -6.078428
v 10.857226 1.209344 -6.092844
v 10.853455 1.209267 -6.081686
v 10.851411 1.210282 -6.097279
v 10.852418 1.211715 -6.112231
v 10.853527 1.214362 -6.126922
v 9.165843 1.114242 -5.909800
v 9.152606 1.119288 -5.915005
v 9.139781 1.125627 -5.919499
v 9.126772 1.133244 -5.923666
v 9.116207 1.141605 -5.931406
v 9.105218 1.150028 -5.938908
v 9.101451 1.159260 -5.951072
v 9.095734 1.168362 -5.962935
v 9.095966 1.177499 -5.975702
v 9.091961 1.185447 -5.988427
v 9.110600 1.381391 -5.955657
v 9.114941 1.389991 -5.968086
v 9.127842 1.396750 -5.971312
v 9.141678 1.402086 -5.973883
v 9.155729 1.406198 -5.972304
v 9.165985 1.410129 -5.968883
v 9.170665 1.411563 -5.971478
v 9.164318 1.415585 -5.986571
v 9.165298 1.416503 -6.007041
v 9.171697 1.418551 -6.022810
v 9.177973 1.420596 -6.035625
v 9.180499 1.223380 -6.048213
v 9.187850 1.224400 -6.058844
v 9.187307 1.227856 -6.075021
v 9.188362 1.232793 -6.091241
v 9.189699 1.234766 -6.108385
v 9.189711 1.235634 -6.118084
v 9.191058 1.239513 -6.131181
v 9.194671 1.240044 -6.147646
v 9.193217 1.242321 -6.158964
v 9.197208 1.242140 -6.177768
v 9.197699 1.242685 -6.192830
v 9.162725 1.206802 -5.903386
v 9.165234 1.211277 -5.908553
v 9.153379 1.216918 -5.915451
v 9.140411 1.224004 -5.916171
v 9.128744 1.231916 -5.919893
v 9.119273 1.240258 -5.927171
v 9.109947 1.248966 -5.934063
v 9.102612 1.257749 -5.943269
v 9.098185 1.266673 -5.954159
v 9.090428 1.274870 -5.964209
v 9.109960 1.462118 -5.941476
v 9.110288 1.470229 -5.953637
v 9.120296 1.477450 -5.962152
v 9.132215 1.483469 -5.968009
v 9.146517 1.488012 -5.969856
v 9.160272 1.491773 -5.969751
v 9.167744 1.494202 -5.966376
v 9.160409 1.497609 -5.976495
v 9.156687 1.499419 -5.996162
v 9.164370 1.501405 -6.017499
v 9.169361 1.502879 -6.033827
v 9.171421 1.316085 -6.050210
v 9.181619 1.316025 -6.058654
v 9.185480 1.318107 -6.071782
v 9.181278 1.324982 -6.079069
v 9.177812 1.324006 -6.092347
v 9.170244 1.322871 -6.107021
v 9.167674 1.325940 -6.126456
v 9.166791 1.326872 -6.143495
v 9.167048 1.328064 -6.160606
v 9.166977 1.327954 -6.179080
v 9.176120 1.331549 -6.194857
v 9.169785 1.299511 -5.880897
v 9.161432 1.303957 -5.891484
v 9.154994 1.309456 -5.902571
v 9.146765 1.316451 -5.910225
v 9.136030 1.324203 -5.911025
v 9.126470 1.332175 -5.916014
v 9.119636 1.340582 -5.924712
v 9.109756 1.349189 -5.930048
v 9.101212 1.357622 -5.937477
v 9.092302 1.365780 -5.945952
v 9.119100 1.542309 -5.928555
v 9.113705 1.550744 -5.939330
v 9.117461 1.558551 -5.951219
v 9.127141 1.565083 -5.959965
v 9.138243 1.570410 -5.968706
v 9.152821 1.574208 -5.969822
v 9.167632 1.577063 -5.968830
v 9.178295 1.579863 -5.978796
v 9.182541 1.581465 -5.992847
v 9.183712 1.583337 -6.007578
v 9.180899 1.585795 -6.024627
v 9.178769 1.410280 -6.049366
v 9.181384 1.412651 -6.058245
v 9.181939 1.410972 -6.070296
v 9.172824 1.413178 -6.080203
v 9.153241 1.412204 -6.083109
v 9.132486 1.408424 -6.094716
v 9.122581 1.407520 -6.118367
v 9.124027 1.409392 -6.140233
v 9.124443 1.410607 -6.158569
v 9.124465 1.411856 -6.178567
v 9.131559 1.413313 -6.197178
v 9.137892 1.385303 -5.857346
v 9.127672 1.388552 -5.872978
v 9.124475 1.399106 -5.889808
v 9.120772 1.406709 -5.903560
v 9.119404 1.415772 -5.895322
v 9.116131 1.421094 -5.906518
v 9.114751 1.428082 -5.912980
v 9.119584 1.440314 -5.919309
v 9.112073 1.448743 -5.926883
v 9.100390 1.456744 -5.930677
v 9.123594 1.623387 -5.914385
v 9.117123 1.631726 -5.924356
v 9.118853 1.639614 -5.937248
v 9.124003 1.646865 -5.948858
v 9.134109 1.652635 -5.958070
v 9.146194 1.656965 -5.965524
v 9.159942 1.660172 -5.969870
v 9.173185 1.662875 -5.973711
v 9.180212 1.665049 -5.985714
v 9.182468 1.666824 -5.999555
v 9.184553 1.668432 -6.014029
v 9.179369 1.503516 -6.039950
v 9.184556 1.504019 -6.051282
v 9.181158 1.504723 -6.064792
v 9.172243 1.505381 -6.078041
v 9.156284 1.505263 -6.085155
v 9.139724 1.504908 -6.096227
v 9.128106 1.504822 -6.114848
v 9.126468 1.505130 -6.135066
v 9.125179 1.506225 -6.152540
v 9.125517 1.507469 -6.169970
v 9.128903 1.508876 -6.186872
v 9.137759 1.477836 -5.837665
v 9.128243 1.482931 -5.849581
v 9.125514 1.489779 -5.865597
v 9.127292 1.497007 -5.881434
v 9.133682 1.505522 -5.891716
v 9.133842 1.515165 -5.897632
v 9.132300 1.523915 -5.903063
v 9.128976 1.532395 -5.911861
v 9.120600 1.540265 -5.912811
v 9.107103 1.547727 -5.914336
v 9.125237 1.704122 -5.897846
v 9.121140 1.712716 -5.909690
v 9.120173 1.720735 -5.921444
v 9.119485 1.728969 -5.933421
v 9.124330 1.735809 -5.947928
v 9.135640 1.740517 -5.959623
v 9.148820 1.743513 -5.966900
v 9.156833 1.746503 -5.968699
v 9.157860 1.748502 -5.981309
v 9.162090 1.750365 -6.000874
v 9.171057 1.752267 -6.014119
v 9.178529 1.597202 -6.033338
v 9.171860 1.600004 -6.045063
v 9.187173 1.598923 -6.062254
v 9.176380 1.598815 -6.076572
v 9.162387 1.598378 -6.087295
v 9.149662 1.598108 -6.099364
v 9.140597 1.598105 -6.113768
v 9.137504 1.598561 -6.130111
v 9.137499 1.599429 -6.146288
v 9.138525 1.600620 -6.161982
v 9.138848 1.602107 -6.177036
v 9.167406 1.565894 -5.825381
v 9.161750 1.570606 -5.837884
v 9.159482 1.576705 -5.850620
v 9.160460 1.583487 -5.863104
v 9.152427 1.592445 -5.870168
v 9.143785 1.601945 -5.873125
v 9.141980 1.612393 -5.882103
v 9.134519 1.621698 -5.890062
v 9.126238 1.630919 -5.897656
v 9.112584 1.638938 -5.901954
v 9.124928 1.785437 -5.883782
v 9.125034 1.793494 -5.895387
v 9.127974 1.801162 -5.906696
v 9.128455 1.809519 -5.918781
v 9.130900 1.817259 -5.931690
v 9.136079 1.823506 -5.944834
v 9.145738 1.827239 -5.956949
v 9.156404 1.829777 -5.963562
v 9.161091 1.832743 -5.973895
v 9.161313 1.834519 -5.989893
v 9.168478 1.835875 -6.003888
v 9.169846 1.691665 -6.026649
v 9.174790 1.692377 -6.040825
v 9.173802 1.692504 -6.054970
v 9.165495 1.692179 -6.067391
v 9.157525 1.692136 -6.081898
v 9.145627 1.691775 -6.093670
v 9.135679 1.691756 -6.107458
v 9.128950 1.692114 -6.122927
v 9.126085 1.692827 -6.138906
v 9.124688 1.693872 -6.154196
v 9.126184 1.695412 -6.169419
v 9.166187 1.657314 -5.817248
v 9.167040 1.662227 -5.830248
v 9.173278 1.666924 -5.842007
v 9.166656 1.674498 -5.848549
v 9.155318 1.681594 -5.850343
v 9.145434 1.690650 -5.852412
v 9.136134 1.700166 -5.856992
v 9.128390 1.709926 -5.864320
v 9.123299 1.719838 -5.873003
v 9.119293 1.729469 -5.884087
v 9.136399 1.864502 -5.863607
v 9.144322 1.871522 -5.875236
v 9.146232 1.879304 -5.888532
v 9.147335 1.887934 -5.900978
v 9.146761 1.896991 -5.912726
v 9.149016 1.904393 -5.925307
v 9.155509 1.909370 -5.938077
v 9.163031 1.912983 -5.950121
v 9.169729 1.915876 -5.962636
v 9.172621 1.917885 -5.976586
v 9.174229 1.919238 -5.991119
v 9.169156 1.786921 -6.022569
v 9.176567 1.787187 -6.035741
v 9.176950 1.787027 -6.051540
v 9.168747 1.786755 -6.066084
v 9.155393 1.786117 -6.076922
v 9.142221 1.785741 -6.086243
v 9.130621 1.785661 -6.098323
v 9.123598 1.785860 -6.114479
v 9.123190 1.786847 -6.131235
v 9.124640 1.788213 -6.146422
v 9.125928 1.789861 -6.160758
v 9.180058 1.740440 -5.779541
v 9.173775 1.746461 -5.791129
v 9.170021 1.752793 -5.804276
v 9.168983 1.760720 -5.815613
v 9.164601 1.769696 -5.825553
v 9.153564 1.778393 -5.828392
v 9.143541 1.787872 -5.832406
v 9.136534 1.797859 -5.839809
v 9.131128 1.808053 -5.848300
v 9.130025 1.817886 -5.859135
v 9.151958 1.943110 -5.844903
v 9.156857 1.950532 -5.856799
v 9.161201 1.956744 -5.870121
v 9.162436 1.966037 -5.884003
v 9.163960 1.976106 -5.896320
v 9.163147 1.985419 -5.908701
v 9.162433 1.992106 -5.923246
v 9.163960 1.996866 -5.938183
v 9.167791 2.000340 -5.952900
v 9.170959 2.002369 -5.967918
v 9.174530 2.003141 -5.982970
v 9.165241 1.882357 -6.015889
v 9.167363 1.882012 -6.030313
v 9.162992 1.880821 -6.044477
v 9.157038 1.880884 -6.057772
v 9.151862 1.880452 -6.072174
v 9.146834 1.880424 -6.085916
v 9.141847 1.880316 -6.099510
v 9.139392 1.880221 -6.113899
v 9.148553 1.878367 -6.125158
v 9.149164 1.879929 -6.139734
v 9.145088 1.882972 -6.152822
v 9.209373 1.824023 -5.753936
v 9.200837 1.830776 -5.764262
v 9.192065 1.837975 -5.774058
v 9.183760 1.846088 -5.783718
v 9.177460 1.855068 -5.793431
v 9.171382 1.864781 -5.802999
v 9.163448 1.874672 -5.811074
v 9.155101 1.884934 -5.818370
v 9.148199 1.895578 -5.826946
v 9.141800 1.906562 -5.836096
v 9.159285 2.021776 -5.817017
v 9.167068 2.034951 -5.829644
v 9.185588 2.028805 -5.839959
v 9.189395 2.027542 -5.872896
v 9.184443 2.047458 -5.888636
v 9.167273 2.066955 -5.900431
v 9.159954 2.076558 -5.906395
v 9.161982 2.079424 -5.923785
v 9.160619 2.086089 -5.937684
v 9.178637 2.090774 -5.962042
v 9.178790 2.089794 -5.975429
v 9.170561 1.978666 -6.012178
v 9.163559 1.975044 -6.027061
v 9.160711 1.972305 -6.043455
v 9.153806 1.969953 -6.052586
v 9.149489 1.971035 -6.066586
v 9.153646 1.972676 -6.083244
v 9.151163 1.971364 -6.099205
v 9.152746 1.970116 -6.113424
v 9.169479 1.968124 -6.115350
v 9.169690 1.971737 -6.129793
v 9.159177 1.976058 -6.138327
v 9.224226 1.907544 -5.717654
v 9.213154 1.913614 -5.725701
v 9.204619 1.920958 -5.735768
v 9.197491 1.929224 -5.746380
v 9.190911 1.938380 -5.756850
v 9.183968 1.948123 -5.766924
v 9.177376 1.958497 -5.776990
v 9.170793 1.969335 -5.786864
v 9.163778 1.980521 -5.796480
v 9.153850 1.994326 -5.802504
v 9.182850 2.092935 -5.779473
v 9.189173 2.103624 -5.784809
v 9.209503 2.129483 -5.798421
v 9.222363 2.123235 -5.851301
v 9.225815 2.130061 -5.897871
v 9.213344 2.172356 -5.923748
v 9.200715 2.184011 -5.917592
v 9.181990 2.175014 -5.921162
v 9.207041 2.177224 -5.919259
v 9.210946 2.184632 -5.928572
v 9.209503 2.183726 -5.968534
v 9.180256 2.096202 -5.998879
v 9.198183 2.078481 -6.043915
v 9.215578 2.046247 -6.052860
v 9.208107 2.062113 -6.047408
v 9.218242 2.058915 -6.078074
v 9.214682 2.060721 -6.083816
v 9.204718 2.057986 -6.092973
v 9.217920 2.067603 -6.103550
v 9.206765 2.059319 -6.108586
v 9.176773 2.060181 -6.117658
v 9.164812 2.071497 -6.113741
v 9.271311 1.985025 -5.703973
v 9.258672 1.991530 -5.707930
v 9.247044 1.999834 -5.712792
v 9.236004 2.008454 -5.718838
v 9.227728 2.017697 -5.727479
v 9.219535 2.027263 -5.736338
v 9.210999 2.037637 -5.744468
v 9.202759 2.048402 -5.752981
v 9.194884 2.059603 -5.761431
v 9.188947 2.071963 -5.769742
v 9.241345 2.151433 -5.763718
v 9.240014 2.165560 -5.775628
v 9.236662 2.188188 -5.783295
v 9.234594 2.216723 -5.799305
v 9.239640 2.219536 -5.834134
v 9.242472 2.238029 -5.868351
v 9.243154 2.239585 -5.892441
v 9.250710 2.240931 -5.903049
v 9.262903 2.241504 -5.912390
v 9.266375 2.243916 -5.923206
v 9.258767 2.248668 -5.951274
v 9.207216 2.190091 -5.985273
v 9.220853 2.185608 -6.049566
v 9.227048 2.188154 -6.057292
v 9.227011 2.153702 -6.059192
v 9.231623 2.153849 -6.072639
v 9.238713 2.150541 -6.086296
v 9.234324 2.145583 -6.089350
v 9.243563 2.144320 -6.099914
v 9.230047 2.149981 -6.108661
v 9.217860 2.153888 -6.105910
v 9.213318 2.175599 -6.104485
v 9.304047 2.070366 -5.713081
v 9.296548 2.073605 -5.725504
v 9.298829 2.076496 -5.712065
v 9.298880 2.072863 -5.698446
v 9.291390 2.081893 -5.708318
v 9.283810 2.091343 -5.718253
v 9.276107 2.101594 -5.727941
v 9.267781 2.112332 -5.737232
v 9.259251 2.123952 -5.745828
v 9.250912 2.136780 -5.752229
v 9.318615 2.126138 -5.796250
v 9.315285 2.137693 -5.807465
v 9.314229 2.150331 -5.816127
v 9.315885 2.165990 -5.823411
v 9.306374 2.174397 -5.838750
v 9.317014 2.178053 -5.853323
v 9.318406 2.180897 -5.869031
v 9.318851 2.180359 -5.886674
v 9.322113 2.185275 -5.903086
v 9.323195 2.191183 -5.919406
v 9.322681 2.196388 -5.935901
v 9.248354 2.247686 -5.970177
v 9.250418 2.247510 -5.984166
v 9.258915 2.257621 -6.011808
v 9.251251 2.258752 -6.029181
v 9.248876 2.249994 -6.047318
v 9.252134 2.255842 -6.065804
v 9.255114 2.253098 -6.087458
v 9.254970 2.249973 -6.100900
v 9.257208 2.251619 -6.110745
v 9.248151 2.242717 -6.094249
v 9.255398 2.252665 -6.105746
v 9.350696 1.995436 -5.739497
v 9.348489 2.002927 -5.751322
v 9.353724 2.016145 -5.753018
v 9.352127 2.029179 -5.759745
v 9.346113 2.039316 -5.768949
v 9.340359 2.050032 -5.777787
v 9.335571 2.062209 -5.785394
v 9.331699 2.075840 -5.791012
v 9.328617 2.090560 -5.794116
v 9.325492 2.105476 -5.797155
v 9.397318 2.103323 -5.803936
v 9.395092 2.118470 -5.803196
v 9.394464 2.133929 -5.805955
v 9.394572 2.147264 -5.815033
v 9.394491 2.154629 -5.829008
v 9.395031 2.158752 -5.844171
v 9.395779 2.161256 -5.858313
v 9.396576 2.163544 -5.875846
v 9.397662 2.166939 -5.887794
v 9.397808 2.172599 -5.903598
v 9.397663 2.174985 -5.917278
v 9.332878 2.198650 -5.952563
v 9.333226 2.197368 -5.968628
v 9.332594 2.197747 -5.984555
v 9.329456 2.201228 -5.999409
v 9.328305 2.204528 -6.013806
v 9.329129 2.203222 -6.028233
v 9.329711 2.200742 -6.041968
v 9.330838 2.197408 -6.055170
v 9.333779 2.196912 -6.068445
v 9.334238 2.192376 -6.081691
v 9.337028 2.194114 -6.095767
v 9.420305 1.950128 -5.782507
v 9.420152 1.961004 -5.793242
v 9.420208 1.974246 -5.801399
v 9.420034 1.988591 -5.806976
v 9.419706 2.003556 -5.810705
v 9.419055 2.018868 -5.813443
v 9.418247 2.034489 -5.814052
v 9.417026 2.050159 -5.813338
v 9.415551 2.065560 -5.811124
v 9.414465 2.080452 -5.805321
v 9.477512 2.087447 -5.803278
v 9.475419 2.102508 -5.801294
v 9.474631 2.118187 -5.799494
v 9.474357 2.133715 -5.802694
v 9.474487 2.146646 -5.811563
v 9.474974 2.154838 -5.824713
v 9.475665 2.161904 -5.839504
v 9.476243 2.164420 -5.854173
v 9.476349 2.172252 -5.867549
v 9.476828 2.172613 -5.883062
v 9.476933 2.170701 -5.898106
v 9.419454 2.175524 -5.930660
v 9.418610 2.175583 -5.945406
v 9.417406 2.177305 -5.960026
v 9.415613 2.182413 -5.973459
v 9.415149 2.187646 -5.987005
v 9.415960 2.189133 -6.001554
v 9.417266 2.188282 -6.016492
v 9.418901 2.182073 -6.031291
v 9.420883 2.176293 -6.045291
v 9.422097 2.170922 -6.058722
v 9.424336 2.168517 -6.073256
v 9.509194 1.927871 -5.800910
v 9.510416 1.941445 -5.806014
v 9.511092 1.955691 -5.809184
v 9.511178 1.970496 -5.810532
v 9.510827 1.985546 -5.810466
v 9.510139 2.000723 -5.809231
v 9.509256 2.015851 -5.806323
v 9.507956 2.030827 -5.803204
v 9.506664 2.046074 -5.800757
v 9.505714 2.061672 -5.799006
v 9.558273 2.074715 -5.797728
v 9.556494 2.089985 -5.794935
v 9.556151 2.106327 -5.796913
v 9.555986 2.122118 -5.795785
v 9.556156 2.137646 -5.800683
v 9.556439 2.150463 -5.811134
v 9.556750 2.155705 -5.825670
v 9.556951 2.161522 -5.838971
v 9.557165 2.163904 -5.853578
v 9.557189 2.164555 -5.868590
v 9.557888 2.165298 -5.884246
v 9.509346 2.168442 -5.911953
v 9.508030 2.175503 -5.925245
v 9.506715 2.180540 -5.939158
v 9.505664 2.184077 -5.953531
v 9.505902 2.185774 -5.968311
v 9.506575 2.186769 -5.982954
v 9.507642 2.186713 -5.997468
v 9.509241 2.183296 -6.011585
v 9.511287 2.181670 -6.027058
v 9.513207 2.176479 -6.042266
v 9.515136 2.166460 -6.052797
v 9.600204 1.910220 -5.814517
v 9.601871 1.924526 -5.819722
v 9.602764 1.940037 -5.819896
v 9.603230 1.955719 -5.820352
v 9.602959 1.971049 -5.816966
v 9.602681 1.986923 -5.816415
v 9.601970 2.002425 -5.813646
v 9.600916 2.018417 -5.814328
v 9.599698 2.033830 -5.810045
v 9.598501 2.049263 -5.807628
v 9.639812 2.064483 -5.801193
v 9.638383 2.079790 -5.800308
v 9.638076 2.096031 -5.796966
v 9.637945 2.112104 -5.795848
v 9.638082 2.127121 -5.800452
v 9.638572 2.141475 -5.806335
v 9.639009 2.154433 -5.815748
v 9.639582 2.161442 -5.829902
v 9.639987 2.163961 -5.845716
v 9.640179 2.167296 -5.860947
v 9.640453 2.169258 -5.876089
v 9.600357 2.177777 -5.896148
v 9.599228 2.183533 -5.910534
v 9.598202 2.183101 -5.926003
v 9.598289 2.183215 -5.941329
v 9.599013 2.182310 -5.956525
v 9.599472 2.187161 -5.970932
v 9.600400 2.190136 -5.985868
v 9.601707 2.191591 -6.001194
v 9.603525 2.186763 -6.016276
v 9.605351 2.181921 -6.030721
v 9.607329 2.170571 -6.041649
v 9.693121 1.901993 -5.800691
v 9.693721 1.916562 -5.798644
v 9.694065 1.931355 -5.797838
v 9.694107 1.946144 -5.795359
v 9.694025 1.961273 -5.794332
v 9.693688 1.976449 -5.792290
v 9.693163 1.991892 -5.792171
v 9.692294 2.007252 -5.790472
v 9.691742 2.022799 -5.790849
v 9.690850 2.038278 -5.791078
v 9.721576 2.055578 -5.790170
v 9.720470 2.071339 -5.791868
v 9.720305 2.087538 -5.796136
v 9.720302 2.103568 -5.800191
v 9.720604 2.119055 -5.802392
v 9.721260 2.133615 -5.806907
v 9.721836 2.146719 -5.814219
v 9.722322 2.157617 -5.824515
v 9.722548 2.165212 -5.837783
v 9.722680 2.170374 -5.852296
v 9.722715 2.174622 -5.867167
v 9.692998 2.177012 -5.887403
v 9.691550 2.180164 -5.902013
v 9.691356 2.183451 -5.916981
v 9.691862 2.186388 -5.931929
v 9.692299 2.188307 -5.947054
v 9.693013 2.189547 -5.961861
v 9.693884 2.189223 -5.976455
v 9.694949 2.186564 -5.991013
v 9.696498 2.186220 -6.006103
v 9.698109 2.184689 -6.020898
v 9.699526 2.179418 -6.034939
v 9.785934 1.896832 -5.816502
v 9.786472 1.911887 -5.816379
v 9.786646 1.927008 -5.815305
v 9.786671 1.942235 -5.814270
v 9.786520 1.957470 -5.812846
v 9.786186 1.972769 -5.811487
v 9.785775 1.988208 -5.810750
v 9.785307 2.003732 -5.809767
v 9.784928 2.019355 -5.809092
v 9.784359 2.034600 -5.805572
v 9.804550 2.051883 -5.803403
v 9.803552 2.066985 -5.798525
v 9.803210 2.083330 -5.794034
v 9.803082 2.100233 -5.791610
v 9.803450 2.116117 -5.795024
v 9.803952 2.131379 -5.798992
v 9.804521 2.145259 -5.806355
v 9.805039 2.157254 -5.817290
v 9.805399 2.164305 -5.831737
v 9.805603 2.168732 -5.846937
v 9.805677 2.173615 -5.861843
v 9.785566 2.176996 -5.879304
v 9.784901 2.179890 -5.894839
v 9.785264 2.180156 -5.910758
v 9.785455 2.180279 -5.925989
v 9.785936 2.188027 -5.939234
v 9.786733 2.193995 -5.953565
v 9.787618 2.194550 -5.969272
v 9.788563 2.190025 -5.984080
v 9.789801 2.189656 -5.999351
v 9.791066 2.187895 -6.014926
v 9.792051 2.183734 -6.029819
v 9.878565 1.891408 -5.798206
v 9.878603 1.906170 -5.795785
v 9.878531 1.921316 -5.794703
v 9.878293 1.936294 -5.791423
v 9.878002 1.951761 -5.790195
v 9.877619 1.967268 -5.788395
v 9.877232 1.982958 -5.787387
v 9.876897 1.998640 -5.785810
v 9.876619 2.014374 -5.784172
v 9.876338 2.030329 -5.782917
v 9.886143 2.047414 -5.781609
v 9.885974 2.063518 -5.784909
v 9.886107 2.079900 -5.791224
v 9.886330 2.096571 -5.794264
v 9.886654 2.112396 -5.795075
v 9.886906 2.129064 -5.795687
v 9.887403 2.143173 -5.802370
v 9.887982 2.153844 -5.814252
v 9.888333 2.162464 -5.827279
v 9.888612 2.169051 -5.841629
v 9.888894 2.173188 -5.856762
v 9.878996 2.174567 -5.873140
v 9.878963 2.175300 -5.888636
v 9.879096 2.178263 -5.903829
v 9.879339 2.181260 -5.918766
v 9.879719 2.182528 -5.933939
v 9.880388 2.184506 -5.948683
v 9.881304 2.184295 -5.963135
v 9.882278 2.182130 -5.977724
v 9.883076 2.181146 -5.993104
v 9.883886 2.182909 -6.008943
v 9.884616 2.182089 -6.024168
v 9.972014 1.891133 -5.812902
v 9.971892 1.906105 -5.811961
v 9.971618 1.921070 -5.809146
v 9.971287 1.936500 -5.808821
v 9.970857 1.951778 -5.806614
v 9.970486 1.967370 -5.806155
v 9.970118 1.982990 -5.804735
v 9.969880 1.998859 -5.804502
v 9.969459 2.014809 -5.804163
v 9.968993 2.030758 -5.802341
v 9.968887 2.046607 -5.799769
v 9.968953 2.062132 -5.794343
v 9.968996 2.078622 -5.788385
v 9.969061 2.095367 -5.784341
v 9.969375 2.111867 -5.786748
v 9.969807 2.127684 -5.791458
v 9.970214 2.143686 -5.796749
v 9.970735 2.156647 -5.807428
v 9.971250 2.163578 -5.823240
v 9.971689 2.167059 -5.838510
v 9.972123 2.169656 -5.854093
v 9.972434 2.170514 -5.869652
v 9.972758 2.172481 -5.884908
v 9.972970 2.173529 -5.900125
v 9.973201 2.176508 -5.915044
v 9.973615 2.179952 -5.929948
v 9.974203 2.188953 -5.942925
v 9.975058 2.195252 -5.957816
v 9.975746 2.196323 -5.974019
v 9.976180 2.191322 -5.989132
v 9.976627 2.185526 -6.004417
v 9.977057 2.182220 -6.019169
v 10.064819 1.888554 -5.794543
v 10.064569 1.903438 -5.792428
v 10.064322 1.918794 -5.792811
v 10.063963 1.933996 -5.789900
v 10.063633 1.949653 -5.790122
v 10.063414 1.965170 -5.787883
v 10.063026 1.980850 -5.787596
v 10.062538 1.996338 -5.785619
v 10.061831 2.011822 -5.783605
v 10.061391 2.027578 -5.782173
v 10.051511 2.044459 -5.781661
v 10.051637 2.061085 -5.784351
v 10.051866 2.078260 -5.787354
v 10.052166 2.095105 -5.788719
v 10.052383 2.111658 -5.786682
v 10.052653 2.128213 -5.787538
v 10.053169 2.142527 -5.794506
v 10.053861 2.152860 -5.807904
v 10.054491 2.160935 -5.821215
v 10.055084 2.167233 -5.835519
v 10.055549 2.171716 -5.850333
v 10.065897 2.175574 -5.865564
v 10.066181 2.178284 -5.880596
v 10.066520 2.180245 -5.895767
v 10.066808 2.182700 -5.910719
v 10.067389 2.182209 -5.925829
v 10.067811 2.180690 -5.940994
v 10.068141 2.178668 -5.955714
v 10.068492 2.177202 -5.970494
v 10.068976 2.179220 -5.985822
v 10.069325 2.181940 -6.001541
v 10.069539 2.181741 -6.016615
v 10.158726 1.890864 -5.806747
v 10.158155 1.905885 -5.807444
v 10.157557 1.921106 -5.806020
v 10.157056 1.936620 -5.806928
v 10.156597 1.952108 -5.805519
v 10.156218 1.967791 -5.805088
v 10.155882 1.983493 -5.803732
v 10.155572 1.999168 -5.801753
v 10.155310 2.015073 -5.800066
v 10.155133 2.030049 -5.795531
v 10.135007 2.047271 -5.792168
v 10.134736 2.063324 -5.787584
v 10.134686 2.080015 -5.783005
v 10.134876 2.096397 -5.779889
v 10.135225 2.113164 -5.781744
v 10.135607 2.129314 -5.784703
v 10.136250 2.144296 -5.792904
v 10.137108 2.155605 -5.804755
v 10.138049 2.164528 -5.818426
v 10.138818 2.171490 -5.832963
v 10.139375 2.173458 -5.848426
v 10.159725 2.174352 -5.864809
v 10.159936 2.176946 -5.879886
v 10.160143 2.176631 -5.895432
v 10.160711 2.182436 -5.909794
v 10.161222 2.182634 -5.925263
v 10.161633 2.188176 -5.938906
v 10.161692 2.191303 -5.954106
v 10.161824 2.190840 -5.969658
v 10.161878 2.189944 -5.985406
v 10.161970 2.186275 -6.000405
v 10.162064 2.182389 -6.015056
v 10.251193 1.894541 -5.786908
v 10.250524 1.909495 -5.786271
v 10.250023 1.924548 -5.788458
v 10.249548 1.939762 -5.787131
v 10.249242 1.955063 -5.788085
v 10.248900 1.970355 -5.787296
v 10.248750 1.985647 -5.786827
v 10.248660 2.000866 -5.785376
v 10.248691 2.016032 -5.782741
v 10.248746 2.031587 -5.781881
v 10.217853 2.049548 -5.780771
v 10.217582 2.065893 -5.782728
v 10.217495 2.082862 -5.784729
v 10.217980 2.098774 -5.784811
v 10.218213 2.115063 -5.782049
v 10.218637 2.131443 -5.783945
v 10.219394 2.146861 -5.791177
v 10.220357 2.154330 -5.805357
v 10.221360 2.155382 -5.822223
v 10.222117 2.160539 -5.836675
v 10.222887 2.165679 -5.850976
v 10.253613 2.170936 -5.867358
v 10.253882 2.174827 -5.881676
v 10.254043 2.177390 -5.896165
v 10.254519 2.177416 -5.911130
v 10.254858 2.175300 -5.926476
v 10.255227 2.182591 -5.940646
v 10.255358 2.188216 -5.954809
v 10.255176 2.188674 -5.969965
v 10.254920 2.185185 -5.984864
v 10.254662 2.183748 -6.000380
v 10.254638 2.181946 -6.015491
v 10.345046 1.899817 -5.797897
v 10.343915 1.914691 -5.801406
v 10.343044 1.930152 -5.801473
v 10.342427 1.945591 -5.803348
v 10.342102 1.961066 -5.803819
v 10.341772 1.976595 -5.803717
v 10.341483 1.992196 -5.804751
v 10.341220 2.007821 -5.804269
v 10.340817 2.023571 -5.804560
v 10.340629 2.039044 -5.801854
v 10.299283 2.055407 -5.795127
v 10.299903 2.070203 -5.788689
v 10.299981 2.085891 -5.781875
v 10.300605 2.101527 -5.779076
v 10.300957 2.118010 -5.780078
v 10.301414 2.134156 -5.783626
v 10.302362 2.147304 -5.792153
v 10.303440 2.157490 -5.805038
v 10.304863 2.164118 -5.820570
v 10.306183 2.166246 -5.836205
v 10.306535 2.167491 -5.851616
v 10.347574 2.174112 -5.869182
v 10.347979 2.180675 -5.883150
v 10.348228 2.182143 -5.898170
v 10.348313 2.184626 -5.912971
v 10.348528 2.183521 -5.927907
v 10.348680 2.183997 -5.942643
v 10.348584 2.188203 -5.957414
v 10.348467 2.191748 -5.972786
v 10.347760 2.188011 -5.988117
v 10.347390 2.185231 -6.003399
v 10.347188 2.181103 -6.017820
v 10.437107 1.910915 -5.780937
v 10.435895 1.925357 -5.781904
v 10.435133 1.939965 -5.785771
v 10.434382 1.955001 -5.783454
v 10.433898 1.970052 -5.785381
v 10.433486 1.984988 -5.782980
v 10.433149 2.000194 -5.783240
v 10.432893 2.015411 -5.781783
v 10.432778 2.030788 -5.782563
v 10.432539 2.046205 -5.780508
v 10.380588 2.059792 -5.788277
v 10.381840 2.074843 -5.784982
v 10.382016 2.091665 -5.784982
v 10.382704 2.107097 -5.783190
v 10.383284 2.122962 -5.781971
v 10.383794 2.138446 -5.787663
v 10.384486 2.149977 -5.798195
v 10.385508 2.157382 -5.812106
v 10.387265 2.162831 -5.826394
v 10.389434 2.165152 -5.841212
v 10.390007 2.163028 -5.856412
v 10.440977 2.166547 -5.876765
v 10.441943 2.171418 -5.890679
v 10.442606 2.175887 -5.904733
v 10.442333 2.179659 -5.919101
v 10.442279 2.184075 -5.933440
v 10.441918 2.187916 -5.947775
v 10.441499 2.188986 -5.962397
v 10.441441 2.184389 -5.976715
v 10.440602 2.182417 -5.991855
v 10.440082 2.183104 -6.007570
v 10.439714 2.178776 -6.021523
v 10.529591 1.926636 -5.781533
v 10.528136 1.940514 -5.787419
v 10.526860 1.955166 -5.791994
v 10.525856 1.970454 -5.794812
v 10.525070 1.986168 -5.796271
v 10.524475 2.001923 -5.795999
v 10.524047 2.017745 -5.795469
v 10.523911 2.033568 -5.794493
v 10.523928 2.049191 -5.791771
v 10.524169 2.065199 -5.790576
v 10.460904 2.071288 -5.784014
v 10.462467 2.087063 -5.785283
v 10.462992 2.102711 -5.779611
v 10.463785 2.118671 -5.781001
v 10.464599 2.134565 -5.784657
v 10.465393 2.148157 -5.793373
v 10.466254 2.157212 -5.804443
v 10.467541 2.165131 -5.817431
v 10.469442 2.169031 -5.832386
v 10.471663 2.169281 -5.847226
v 10.472974 2.167591 -5.861908
v 10.533492 2.173592 -5.885423
v 10.534762 2.176849 -5.899683
v 10.536146 2.179042 -5.914219
v 10.535953 2.179502 -5.928873
v 10.535316 2.181565 -5.943304
v 10.534479 2.184904 -5.958178
v 10.533318 2.187691 -5.973063
v 10.532810 2.188961 -5.988498
v 10.532252 2.187391 -6.004372
v 10.531817 2.181684 -6.018516
v 10.531610 2.175160 -6.032007
v 10.613978 1.951627 -5.749118
v 10.610762 1.965891 -5.752035
v 10.609097 1.980301 -5.756596
v 10.610683 1.993070 -5.765085
v 10.611273 2.007742 -5.769642
v 10.611765 2.022757 -5.773017
v 10.611705 2.038351 -5.773004
v 10.612069 2.053964 -5.773717
v 10.612408 2.069734 -5.772728
v 10.613035 2.085776 -5.773146
v 10.540428 2.088154 -5.780653
v 10.541510 2.104073 -5.777122
v 10.542455 2.120771 -5.777301
v 10.543715 2.136567 -5.781021
v 10.545355 2.148575 -5.791667
v 10.546412 2.154956 -5.804487
v 10.547056 2.158500 -5.819760
v 10.547893 2.162159 -5.833966
v 10.549967 2.163981 -5.848817
v 10.552104 2.170299 -5.862315
v 10.554065 2.167586 -5.876325
v 10.624146 2.178210 -5.902221
v 10.625752 2.175358 -5.916409
v 10.627335 2.176403 -5.930985
v 10.627469 2.179310 -5.945182
v 10.626357 2.180932 -5.959518
v 10.625505 2.185090 -5.973732
v 10.624689 2.188838 -5.988325
v 10.623765 2.187278 -6.003544
v 10.623271 2.183961 -6.018356
v 10.622890 2.176186 -6.031522
v 10.623060 2.171727 -6.045409
v 10.698143 1.989467 -5.739344
v 10.694492 1.998264 -5.728601
v 10.689963 2.010871 -5.723894
v 10.692206 2.021668 -5.733520
v 10.695107 2.034170 -5.741924
v 10.697967 2.046634 -5.750857
v 10.700309 2.059911 -5.758936
v 10.701639 2.074511 -5.765169
v 10.702576 2.089941 -5.769546
v 10.702917 2.105990 -5.770873
v 10.619998 2.106858 -5.772776
v 10.620457 2.124394 -5.772962
v 10.621384 2.141357 -5.779758
v 10.623234 2.152084 -5.791535
v 10.624995 2.157036 -5.806376
v 10.626650 2.160100 -5.822088
v 10.627147 2.166570 -5.836338
v 10.627417 2.173429 -5.849586
v 10.628487 2.183584 -5.860733
v 10.630714 2.187011 -5.875401
v 10.632749 2.188446 -5.889751
v 10.708104 2.213563 -5.918176
v 10.711755 2.204474 -5.931832
v 10.715415 2.199339 -5.946239
v 10.716811 2.196494 -5.960928
v 10.717066 2.189541 -5.974951
v 10.716855 2.184726 -5.988625
v 10.715419 2.183634 -6.003673
v 10.713964 2.182413 -6.019729
v 10.714087 2.177332 -6.033668
v 10.714470 2.180271 -6.045517
v 10.713465 2.192155 -6.053763
v 10.762555 2.055103 -5.740862
v 10.759991 2.062446 -5.728406
v 10.759237 2.069626 -5.715574
v 10.759182 2.075116 -5.701934
v 10.757595 2.075209 -5.687691
v 10.762880 2.084963 -5.697444
v 10.768050 2.095208 -5.707189
v 10.773143 2.106234 -5.716540
v 10.778215 2.118173 -5.725446
v 10.783216 2.131411 -5.733676
v 10.700481 2.125052 -5.771088
v 10.700566 2.140853 -5.777526
v 10.701394 2.152869 -5.789879
v 10.702345 2.160327 -5.805431
v 10.704034 2.164505 -5.822497
v 10.706121 2.168027 -5.840157
v 10.706254 2.173487 -5.857844
v 10.704715 2.181523 -5.874647
v 10.703758 2.193791 -5.888374
v 10.703720 2.212407 -5.897488
v 10.698240 2.251095 -5.910201
v 10.769818 2.249842 -5.979220
v 10.786201 2.237077 -5.975022
v 10.794417 2.230220 -5.982890
v 10.796216 2.238854 -6.005132
v 10.793324 2.245260 -6.015826
v 10.791548 2.249183 -6.020860
v 10.786530 2.257325 -6.028185
v 10.774678 2.259653 -6.025201
v 10.770214 2.262010 -6.041139
v 10.764977 2.260360 -6.051142
v 10.789921 2.252798 -6.050982
v 10.782514 1.980248 -5.690071
v 10.795277 1.986862 -5.688435
v 10.807092 1.994025 -5.692807
v 10.815434 2.001951 -5.701930
v 10.819018 2.010787 -5.713774
v 10.822475 2.019999 -5.725749
v 10.826248 2.030022 -5.737274
v 10.829988 2.040962 -5.748278
v 10.833650 2.052985 -5.758743
v 10.835844 2.065664 -5.769518
v 10.777194 2.149136 -5.747709
v 10.778397 2.163219 -5.758176
v 10.781544 2.178902 -5.764297
v 10.765142 2.217909 -5.782181
v 10.765527 2.234237 -5.787210
v 10.763353 2.237557 -5.822884
v 10.766550 2.245468 -5.849215
v 10.764857 2.253478 -5.891820
v 10.755413 2.255131 -5.911910
v 10.757275 2.253559 -5.939578
v 10.799646 2.234094 -5.967453
v 10.820903 2.186925 -5.997393
v 10.811853 2.142565 -5.982691
v 10.811647 2.140424 -6.003692
v 10.805389 2.140916 -6.033650
v 10.796338 2.139514 -6.029872
v 10.793297 2.140411 -6.031728
v 10.806886 2.146637 -6.036108
v 10.818922 2.150530 -6.035150
v 10.835480 2.165429 -6.034435
v 10.820938 2.175913 -6.038712
v 10.833706 2.172848 -6.039273
v 10.825542 1.898667 -5.699242
v 10.832808 1.905021 -5.710783
v 10.838550 1.912245 -5.722958
v 10.842359 1.920431 -5.735522
v 10.845408 1.929365 -5.747917
v 10.848783 1.938822 -5.759955
v 10.851719 1.949021 -5.771689
v 10.854884 1.960154 -5.782693
v 10.856886 1.972150 -5.793428
v 10.857241 1.984843 -5.804002
v 10.831601 2.096420 -5.778972
v 10.839155 2.113734 -5.783825
v 10.846462 2.136954 -5.789394
v 10.817866 2.167004 -5.795143
v 10.808880 2.196564 -5.847109
v 10.821200 2.184394 -5.839265
v 10.811872 2.184545 -5.847742
v 10.810002 2.187879 -5.919763
v 10.811158 2.191948 -5.909910
v 10.825719 2.183870 -5.911704
v 10.819997 2.164697 -5.973605
v 10.835775 2.074317 -6.016823
v 10.844279 2.051345 -5.985886
v 10.823559 2.049147 -5.979656
v 10.812770 2.039318 -6.010026
v 10.812617 2.034110 -6.034322
v 10.820400 2.038830 -6.028389
v 10.820366 2.051286 -6.026884
v 10.846093 2.064067 -6.021134
v 10.869778 2.057683 -6.031461
v 10.878521 2.067471 -6.035225
v 10.879196 2.069234 -6.049362
v 10.817375 1.817127 -5.742445
v 10.824473 1.823254 -5.753887
v 10.830441 1.830193 -5.765646
v 10.838449 1.837529 -5.776062
v 10.846506 1.845418 -5.785934
v 10.855010 1.854011 -5.794775
v 10.862833 1.863829 -5.802958
v 10.868485 1.874845 -5.811495
v 10.872842 1.886928 -5.819664
v 10.874398 1.899548 -5.828323
v 10.852763 2.024917 -5.809769
v 10.852839 2.039426 -5.817877
v 10.856559 2.055012 -5.826889
v 10.863127 2.071938 -5.828308
v 10.872460 2.082881 -5.845902
v 10.873517 2.087469 -5.861114
v 10.863833 2.085385 -5.875618
v 10.847074 2.090572 -5.894309
v 10.844014 2.088391 -5.916872
v 10.848976 2.085938 -5.939446
v 10.862638 2.083441 -5.960665
v 10.895639 1.967244 -5.983481
v 10.877840 1.970590 -5.972509
v 10.887058 1.971100 -5.985958
v 10.883073 1.972865 -6.002431
v 10.877596 1.972088 -6.021747
v 10.887065 1.970669 -6.031997
v 10.890288 1.969742 -6.014479
v 10.892292 1.973372 -6.025281
v 10.883612 1.978222 -6.040339
v 10.888092 1.980139 -6.053619
v 10.889098 1.983000 -6.067275
v 10.834607 1.730083 -5.770336
v 10.844562 1.736323 -5.779432
v 10.855852 1.743322 -5.786793
v 10.866172 1.751482 -5.795055
v 10.878648 1.759520 -5.800095
v 10.890224 1.768621 -5.807806
v 10.896956 1.778926 -5.817330
v 10.900663 1.790238 -5.828253
v 10.900292 1.801903 -5.838758
v 10.894011 1.813372 -5.847975
v 10.868358 1.948181 -5.828412
v 10.865589 1.961331 -5.836362
v 10.868995 1.974984 -5.843207
v 10.870739 1.986760 -5.853384
v 10.872898 1.994473 -5.866072
v 10.871577 2.000107 -5.879869
v 10.867206 2.003749 -5.893417
v 10.859921 2.005523 -5.906445
v 10.856414 2.007343 -5.921071
v 10.859847 2.008201 -5.936267
v 10.865501 2.008179 -5.950611
v 10.884616 1.876546 -5.967721
v 10.871972 1.877268 -5.974704
v 10.867342 1.878124 -5.988292
v 10.872230 1.878300 -6.002044
v 10.881195 1.878068 -6.013387
v 10.883144 1.878374 -6.027905
v 10.870048 1.880827 -6.032074
v 10.881267 1.882786 -6.040976
v 10.892200 1.884775 -6.049923
v 10.894490 1.886843 -6.063857
v 10.896571 1.888706 -6.077724
v 10.845639 1.641966 -5.797402
v 10.849940 1.649067 -5.809795
v 10.855385 1.657806 -5.822135
v 10.867268 1.666134 -5.828064
v 10.876523 1.675003 -5.835682
v 10.883738 1.684331 -5.843860
v 10.889787 1.694865 -5.853055
v 10.892076 1.706080 -5.863292
v 10.895837 1.717349 -5.873099
v 10.907161 1.726564 -5.872916
v 10.881665 1.870026 -5.844744
v 10.881087 1.882840 -5.852296
v 10.882038 1.894996 -5.861393
v 10.886523 1.904772 -5.870885
v 10.885242 1.911640 -5.883445
v 10.884684 1.917277 -5.897053
v 10.878477 1.920844 -5.909593
v 10.867599 1.922564 -5.918782
v 10.855569 1.923733 -5.926849
v 10.851193 1.925130 -5.940511
v 10.859779 1.925217 -5.952491
v 10.874026 1.781513 -5.965631
v 10.868484 1.782949 -5.979228
v 10.858975 1.784367 -5.989659
v 10.859399 1.785335 -6.003818
v 10.863056 1.785997 -6.017816
v 10.864302 1.786961 -6.032386
v 10.871052 1.788366 -6.044938
v 10.884471 1.789759 -6.049854
v 10.897144 1.791509 -6.056856
v 10.906702 1.793448 -6.068125
v 10.910011 1.795105 -6.082806
v 10.869734 1.555246 -5.821382
v 10.870622 1.562097 -5.834427
v 10.879093 1.570704 -5.843195
v 10.885432 1.579796 -5.853842
v 10.880057 1.587813 -5.865394
v 10.876052 1.598257 -5.875251
v 10.879528 1.609388 -5.883716
v 10.885046 1.619905 -5.891454
v 10.896692 1.628177 -5.888824
v 10.909480 1.636087 -5.887146
v 10.900763 1.793075 -5.868955
v 10.896614 1.804783 -5.868771
v 10.897794 1.814287 -5.876987
v 10.897908 1.822749 -5.888573
v 10.896305 1.829402 -5.901575
v 10.889288 1.834004 -5.912848
v 10.881798 1.837378 -5.925435
v 10.868595 1.839176 -5.931695
v 10.854351 1.840312 -5.933409
v 10.849998 1.841717 -5.942626
v 10.852074 1.842588 -5.955533
v 10.861387 1.687663 -5.967958
v 10.857985 1.689244 -5.981767
v 10.854677 1.690675 -5.996133
v 10.853128 1.692004 -6.010443
v 10.854148 1.693285 -6.025397
v 10.857967 1.694453 -6.039713
v 10.868681 1.695606 -6.049850
v 10.881594 1.697050 -6.056861
v 10.894313 1.698418 -6.063832
v 10.903875 1.699741 -6.074618
v 10.909493 1.700891 -6.087716
v 10.904921 1.471778 -5.850523
v 10.901551 1.477559 -5.863375
v 10.902548 1.486493 -5.875841
v 10.898189 1.495327 -5.889530
v 10.892428 1.503481 -5.904088
v 10.885606 1.513179 -5.905467
v 10.888959 1.522091 -5.910518
v 10.893757 1.529826 -5.905084
v 10.903538 1.538720 -5.908467
v 10.915635 1.546139 -5.901938
v 10.899108 1.712648 -5.881024
v 10.906341 1.723830 -5.885296
v 10.908968 1.733372 -5.894806
v 10.906507 1.740969 -5.906454
v 10.901506 1.747010 -5.918364
v 10.894333 1.751692 -5.929903
v 10.881033 1.754167 -5.937688
v 10.867085 1.755279 -5.940444
v 10.852879 1.757144 -5.938103
v 10.851810 1.760771 -5.944782
v 10.849551 1.760158 -5.959083
v 10.851507 1.594322 -5.967575
v 10.851283 1.595493 -5.982580
v 10.850726 1.597611 -5.995532
v 10.852383 1.598779 -6.010828
v 10.851669 1.600345 -6.026510
v 10.856528 1.601766 -6.040486
v 10.868036 1.602942 -6.050125
v 10.880951 1.604126 -6.057792
v 10.893308 1.605194 -6.066301
v 10.903786 1.606135 -6.077229
v 10.910241 1.606956 -6.090826
v 10.892245 1.384466 -5.886007
v 10.896953 1.389522 -5.899977
v 10.898266 1.396190 -5.889707
v 10.901785 1.404254 -5.903910
v 10.899864 1.414282 -5.921351
v 10.907043 1.423097 -5.916496
v 10.908873 1.427902 -5.912950
v 10.907837 1.438719 -5.911959
v 10.914649 1.447738 -5.917791
v 10.925074 1.456625 -5.919809
v 10.899602 1.632676 -5.897380
v 10.909141 1.642629 -5.901134
v 10.914086 1.651778 -5.911125
v 10.909870 1.659153 -5.922859
v 10.899865 1.664340 -5.931602
v 10.887242 1.667840 -5.936894
v 10.873975 1.670189 -5.939260
v 10.861176 1.671945 -5.933531
v 10.850925 1.673665 -5.934957
v 10.849658 1.675349 -5.948428
v 10.851521 1.677161 -5.961256
v 10.854331 1.501461 -5.967349
v 10.850238 1.502512 -5.980376
v 10.852917 1.504715 -5.994654
v 10.855817 1.506815 -6.009240
v 10.861111 1.508456 -6.022861
v 10.864582 1.509575 -6.037050
v 10.875858 1.510429 -6.046273
v 10.887691 1.511312 -6.054513
v 10.897876 1.512006 -6.064839
v 10.904734 1.512610 -6.077694
v 10.908820 1.513319 -6.091648
v 10.855565 1.303017 -5.908636
v 10.854423 1.307495 -5.914958
v 10.863507 1.312974 -5.922376
v 10.875235 1.317157 -5.923520
v 10.881106 1.324576 -5.934082
v 10.891879 1.332313 -5.931439
v 10.902685 1.340270 -5.929873
v 10.911930 1.348798 -5.935035
v 10.922107 1.357931 -5.938485
v 10.934849 1.366224 -5.932690
v 10.907084 1.552663 -5.912200
v 10.916356 1.562251 -5.918139
v 10.916086 1.571183 -5.929596
v 10.907598 1.577857 -5.939441
v 10.894886 1.582268 -5.944699
v 10.881154 1.585207 -5.947915
v 10.867133 1.587089 -5.946118
v 10.857214 1.588610 -5.936967
v 10.850720 1.591201 -5.934197
v 10.848590 1.591846 -5.948035
v 10.852359 1.594594 -5.961510
v 10.854300 1.407579 -5.968465
v 10.851601 1.410028 -5.982465
v 10.851940 1.411917 -5.997715
v 10.851529 1.414401 -6.013100
v 10.859232 1.415957 -6.026051
v 10.868985 1.417002 -6.037059
v 10.881463 1.417793 -6.044792
v 10.893915 1.418499 -6.052622
v 10.903922 1.418652 -6.063659
v 10.910842 1.419030 -6.077498
v 10.914455 1.420033 -6.091942
v 10.854403 1.216175 -5.927119
v 10.869014 1.217053 -5.940221
v 10.859374 1.221868 -5.941758
v 10.875422 1.226706 -5.941938
v 10.888535 1.233459 -5.942499
v 10.902262 1.241236 -5.940675
v 10.914617 1.249516 -5.942452
v 10.927226 1.258066 -5.943866
v 10.938457 1.267340 -5.945357
v 10.950015 1.276687 -5.945491
v 10.915675 1.472761 -5.928496
v 10.921836 1.482825 -5.937151
v 10.912804 1.490844 -5.945067
v 10.900277 1.496494 -5.949776
v 10.886916 1.499808 -5.944589
v 10.873234 1.502708 -5.945843
v 10.862844 1.504009 -5.934317
v 10.854240 1.506691 -5.940795
v 10.855081 1.508036 -5.938279
v 10.849958 1.509171 -5.955814
v 10.852364 1.511998 -5.968808
v 10.856449 1.314449 -5.974520
v 10.854942 1.317344 -5.989332
v 10.849069 1.319335 -6.002599
v 10.850480 1.322009 -6.016937
v 10.850268 1.324499 -6.030437
v 10.850613 1.327318 -6.043754
v 10.856853 1.330150 -6.055154
v 10.859765 1.334584 -6.067961
v 10.866904 1.335034 -6.080136
v 10.872951 1.335376 -6.092999
v 10.872079 1.338266 -6.106910
v 9.215376 -0.014657 -5.787963
v 9.213364 0.016175 -5.785578
v 9.226032 -0.000732 -5.982368
v 10.814458 -0.014697 -5.787794
v 10.814458 0.016175 -5.785578
v 10.807075 -0.000720 -5.981931
v 10.811660 0.030104 -5.980462
v 10.657180 -0.000147 -5.988905
v 10.281152 -0.000761 -5.980353
v 10.097434 -0.000541 -5.984988
v 9.729959 -0.000354 -5.983636
v 9.594602 -0.001667 -5.970403
v 9.370643 -0.000883 -5.978655
v 9.922015 0.029759 -5.976455
v 10.109527 0.029987 -5.980167
v 10.281152 0.029881 -5.978154
v 9.370643 -0.014134 -5.794025
v 9.737941 -0.013628 -5.801031
v 9.922015 -0.014134 -5.794025
v 10.289598 -0.014529 -5.788519
v 10.657893 -0.015085 -5.782545
v 10.663061 0.015786 -5.781218
v 10.466297 0.016593 -5.792179
v 10.282911 0.016077 -5.785412
v 10.105806 0.016113 -5.786320
v 9.922015 0.016508 -5.791826
v 9.740886 0.017115 -5.799744
v 9.543883 0.015927 -5.786788
v 9.217888 -0.002527 -5.954441
v 9.223140 -0.005183 -5.920159
v 9.219322 -0.007508 -5.886346
v 9.230037 -0.010003 -5.850922
v 9.218494 -0.012351 -5.818317
v 9.219322 0.018262 -5.816264
v 9.210044 0.023247 -5.883587
v 9.217764 0.025646 -5.917978
v 9.193055 0.028569 -5.951589
v 10.808499 -0.012380 -5.818463
v 10.808499 -0.009944 -5.852405
v 10.808499 -0.007508 -5.886346
v 10.808432 -0.005071 -5.920239
v 10.791882 -0.002822 -5.952031
v 10.797943 0.027914 -5.950757
v 10.808499 0.023134 -5.884147
v 10.816964 0.020870 -5.851192
v 10.656177 0.027877 -5.955022
v 10.659010 0.025528 -5.920393
v 10.657180 0.022874 -5.884161
v 10.657180 0.020320 -5.848576
v 10.658110 0.017718 -5.812781
v 10.473389 0.028358 -5.948161
v 10.465035 0.025097 -5.916029
v 10.472638 0.023632 -5.883431
v 10.473389 0.020576 -5.852137
v 10.473367 0.018277 -5.820108
v 10.290351 0.027714 -5.949390
v 10.281289 0.025034 -5.914263
v 10.294677 0.022596 -5.883403
v 10.289598 0.020438 -5.850224
v 10.300049 0.018108 -5.817208
v 10.105806 0.027746 -5.952049
v 10.105806 0.025311 -5.918107
v 10.105806 0.023760 -5.884102
v 10.105806 0.020438 -5.850224
v 10.105806 0.018002 -5.816283
v 9.922015 0.027472 -5.948217
v 9.932004 0.025249 -5.915426
v 9.927276 0.023874 -5.883938
v 9.922015 0.020575 -5.852130
v 9.922015 0.018276 -5.820101
v 9.730094 0.027778 -5.952620
v 9.738224 0.025311 -5.918107
v 9.738224 0.023760 -5.884102
v 9.736114 0.021352 -5.862955
v 9.736113 0.018916 -5.829014
v 9.594890 0.026867 -5.937591
v 9.554433 0.025310 -5.918107
v 9.554433 0.022874 -5.884166
v 9.554535 0.020511 -5.850238
v 9.554433 0.018888 -5.816219
v 9.370643 0.027472 -5.948217
v 9.381133 0.025254 -5.916076
v 9.376334 0.022867 -5.883172
v 9.370643 0.020575 -5.852130
v 9.370643 0.018276 -5.820102
v 9.370643 -0.002652 -5.950379
v 9.370643 -0.004951 -5.918351
v 9.370643 -0.007249 -5.886322
v 9.368758 -0.009316 -5.854666
v 9.376970 -0.012082 -5.821424
v 9.554433 -0.003262 -5.954274
v 9.564208 -0.004854 -5.920130
v 9.554718 -0.007142 -5.888093
v 9.553573 -0.009589 -5.851127
v 9.554901 -0.012142 -5.818182
v 9.730571 -0.002330 -5.954555
v 9.738224 -0.004813 -5.920269
v 9.738224 -0.007249 -5.886328
v 9.738224 -0.009685 -5.852386
v 9.738224 -0.012121 -5.818445
v 9.922015 -0.002652 -5.950379
v 9.922015 -0.004951 -5.918350
v 9.921524 -0.007251 -5.886350
v 9.922015 -0.009548 -5.854292
v 9.919533 -0.012040 -5.821709
v 10.105529 -0.003434 -5.953266
v 10.105806 -0.004813 -5.920269
v 10.105806 -0.007249 -5.886328
v 10.105806 -0.009685 -5.852386
v 10.105806 -0.012121 -5.818445
v 10.290846 -0.002385 -5.950978
v 10.281152 -0.005087 -5.916450
v 10.298277 -0.007288 -5.886343
v 10.289598 -0.009685 -5.852386
v 10.289598 -0.012121 -5.818445
v 10.478684 -0.002849 -5.950483
v 10.484390 -0.004930 -5.917761
v 10.466404 -0.008118 -5.887040
v 10.473389 -0.009547 -5.854299
v 10.474153 -0.011846 -5.822611
v 10.662381 -0.002115 -5.958564
v 10.659639 -0.004555 -5.922616
v 10.657180 -0.008135 -5.886386
v 10.657180 -0.009803 -5.850738
v 10.664639 -0.012282 -5.816343
v 9.217341 0.030768 -5.982667
v 9.212212 0.015749 -5.982896
v 9.195272 0.029363 -5.962495
v 10.474230 -0.002142 -5.960741
v 10.448124 -0.000821 -5.979849
v 10.471619 0.009927 -5.978370
v 10.483774 -0.000764 -5.980644
v 9.922015 -0.002229 -5.957136
v 9.904187 -0.000834 -5.979117
v 9.922015 0.020622 -5.977111
v 9.939839 -0.000848 -5.979298
v 9.370300 0.028032 -5.955136
v 9.387065 0.029735 -5.975906
v 9.370223 0.008292 -5.978036
v 9.351419 0.029888 -5.977302
v 9.597634 0.027650 -5.947280
v 9.621155 0.029405 -5.969551
v 9.597624 0.008973 -5.969446
v 9.585571 0.029329 -5.968301
v 9.732570 0.028515 -5.961827
v 9.755894 0.030115 -5.981708
v 9.732616 0.009644 -5.983189
v 9.720307 0.030039 -5.980340
v 10.473646 0.028683 -5.954903
v 10.492281 0.029797 -5.977419
v 10.468806 0.018967 -5.977840
v 10.456636 0.029737 -5.976576
v 10.675001 0.030449 -5.985986
v 10.657180 0.008989 -5.988250
v 10.639367 0.030419 -5.985703
v 10.656500 0.028721 -5.965234
v 9.536381 -0.014494 -5.789077
v 9.554710 -0.012800 -5.810028
v 9.572012 -0.014446 -5.789755
v 9.547455 0.005389 -5.787396
v 10.085536 -0.014503 -5.789707
v 10.105152 -0.012770 -5.810615
v 10.121196 -0.014542 -5.789167
v 10.105066 0.006823 -5.787204
v 10.456600 -0.014405 -5.792692
v 10.474228 -0.012537 -5.814617
v 10.492240 -0.014459 -5.792109
v 10.469037 0.006150 -5.792502
v 9.370643 -0.004998 -5.793370
v 9.388470 0.016448 -5.791308
v 9.370643 0.017854 -5.813345
v 9.352819 0.016470 -5.791118
v 9.219480 0.019161 -5.828691
v 9.237581 0.020699 -5.850422
v 9.213853 0.022254 -5.870482
v 9.226441 0.000735 -5.850667
v 10.805097 0.026815 -5.936685
v 10.796583 0.025399 -5.918590
v 10.810773 0.023998 -5.897295
v 10.810301 0.004443 -5.919651
v 10.808499 -0.003244 -5.817808
v 10.813500 0.019803 -5.836902
v 10.790670 0.018197 -5.815851
v 10.812567 0.016837 -5.795320
v 10.811954 -0.015370 -6.199439
v 10.813967 0.015444 -6.202048
v 10.801298 -0.000036 -6.005140
v 9.212873 -0.015411 -6.199607
v 9.212873 0.015444 -6.202047
v 9.220256 -0.000027 -6.005577
v 9.215671 0.030785 -6.007270
v 9.370151 0.000596 -5.998607
v 9.746179 -0.000080 -6.007154
v 9.929896 0.000174 -6.002522
v 10.297371 0.000352 -6.003875
v 10.432729 -0.001057 -6.017099
v 10.656688 -0.000214 -6.008853
v 10.105315 0.030411 -6.011274
v 9.917804 0.030667 -6.007564
v 9.746179 0.030545 -6.009575
v 10.656688 -0.014803 -6.193381
v 10.289390 -0.014247 -6.186379
v 10.105315 -0.014803 -6.193381
v 9.737733 -0.015239 -6.198884
v 9.369437 -0.015838 -6.204854
v 9.364268 0.015023 -6.206405
v 9.561033 0.015910 -6.195450
v 9.744419 0.015345 -6.202213
v 9.921524 0.015387 -6.201305
v 10.105315 0.015822 -6.195802
v 10.286445 0.016487 -6.187890
v 10.483447 0.015205 -6.200836
v 10.809443 -0.002033 -6.033054
v 10.804191 -0.004938 -6.067316
v 10.808008 -0.007508 -6.101111
v 10.797293 -0.010259 -6.136516
v 10.808836 -0.012844 -6.169103
v 10.808008 0.017753 -6.171378
v 10.817286 0.023226 -6.104093
v 10.809566 0.025874 -6.069720
v 10.834275 0.029041 -6.036132
v 9.218831 -0.012872 -6.168956
v 9.218831 -0.010190 -6.135033
v 9.218831 -0.007508 -6.101110
v 9.218899 -0.004825 -6.067236
v 9.235449 -0.002346 -6.035461
v 9.229387 0.028381 -6.036958
v 9.218831 0.023117 -6.103531
v 9.210366 0.020614 -6.136468
v 9.371154 0.028374 -6.032692
v 9.368320 0.025774 -6.067304
v 9.370151 0.022857 -6.103516
v 9.370151 0.020046 -6.139081
v 9.369221 0.017184 -6.174856
v 9.553942 0.028805 -6.039557
v 9.562295 0.025311 -6.071664
v 9.554692 0.023610 -6.104250
v 9.553942 0.020327 -6.135522
v 9.553964 0.017796 -6.167533
v 9.736979 0.028170 -6.038323
v 9.746041 0.025236 -6.073431
v 9.732653 0.022574 -6.104271
v 9.737733 0.020176 -6.137434
v 9.727282 0.017606 -6.170432
v 9.921524 0.028222 -6.035666
v 9.921524 0.025540 -6.069588
v 9.921524 0.023743 -6.103581
v 9.921524 0.020176 -6.137434
v 9.921524 0.017494 -6.171357
v 10.105315 0.027919 -6.039495
v 10.095326 0.025459 -6.072269
v 10.100055 0.023856 -6.103746
v 10.105315 0.020326 -6.135529
v 10.105315 0.017796 -6.167541
v 10.297236 0.028258 -6.035095
v 10.289106 0.025540 -6.069589
v 10.289106 0.023743 -6.103581
v 10.291217 0.021182 -6.124710
v 10.291217 0.018500 -6.158633
v 10.432441 0.027238 -6.050117
v 10.472897 0.025540 -6.069589
v 10.472897 0.022858 -6.103511
v 10.472795 0.020248 -6.137421
v 10.472897 0.018379 -6.171427
v 10.656688 0.027919 -6.039495
v 10.646197 0.025469 -6.071619
v 10.650996 0.022844 -6.104506
v 10.656688 0.020326 -6.135529
v 10.656688 0.017796 -6.167541
v 10.656688 -0.002187 -6.037114
v 10.656688 -0.004719 -6.069126
v 10.656688 -0.007249 -6.101137
v 10.658572 -0.009545 -6.132777
v 10.650360 -0.012552 -6.165998
v 10.472897 -0.002770 -6.033216
v 10.463122 -0.004609 -6.067348
v 10.472612 -0.007129 -6.099366
v 10.473757 -0.009845 -6.136314
v 10.472429 -0.012636 -6.169240
v 10.296760 -0.001836 -6.032941
v 10.289106 -0.004567 -6.067208
v 10.289106 -0.007249 -6.101131
v 10.289106 -0.009931 -6.135054
v 10.289106 -0.012613 -6.168977
v 10.105315 -0.002187 -6.037114
v 10.105315 -0.004718 -6.069126
v 10.105806 -0.007251 -6.101109
v 10.105315 -0.009780 -6.133149
v 10.107798 -0.012509 -6.165713
v 9.921802 -0.002949 -6.034222
v 9.921524 -0.004567 -6.067208
v 9.921524 -0.007249 -6.101131
v 9.921524 -0.009931 -6.135054
v 9.921524 -0.012613 -6.168977
v 9.736485 -0.001916 -6.036517
v 9.746178 -0.004869 -6.071025
v 9.729053 -0.007288 -6.101115
v 9.737733 -0.009931 -6.135054
v 9.737733 -0.012613 -6.168977
v 9.548646 -0.002384 -6.037009
v 9.542940 -0.004702 -6.069715
v 9.560926 -0.008113 -6.100412
v 9.553942 -0.009780 -6.133142
v 9.553178 -0.012308 -6.164812
v 9.364949 -0.001591 -6.028933
v 9.367691 -0.004292 -6.064863
v 9.370151 -0.008134 -6.101066
v 9.370151 -0.010061 -6.136701
v 9.362691 -0.012790 -6.171076
v 10.809989 0.031466 -6.005070
v 10.815119 0.016448 -6.004732
v 10.832058 0.029915 -6.025231
v 9.553101 -0.001602 -6.026757
v 9.579206 -0.000143 -6.007658
v 9.555712 0.010594 -6.009215
v 9.543556 -0.000080 -6.006864
v 10.105315 -0.001716 -6.030361
v 10.123143 -0.000161 -6.008390
v 10.105315 0.021280 -6.010552
v 10.087491 -0.000174 -6.008209
v 10.657029 0.028530 -6.032580
v 10.640265 0.030384 -6.011824
v 10.657107 0.008957 -6.009538
v 10.675911 0.030547 -6.010429
v 10.429696 0.028091 -6.040433
v 10.406176 0.030008 -6.018176
v 10.429707 0.009576 -6.018133
v 10.441759 0.029922 -6.019425
v 10.294761 0.029062 -6.025893
v 10.271437 0.030805 -6.006024
v 10.294714 0.010346 -6.004395
v 10.307023 0.030720 -6.007392
v 9.553684 0.029179 -6.032818
v 9.535049 0.030457 -6.010311
v 9.558524 0.019630 -6.009810
v 9.570694 0.030390 -6.011153
v 9.352328 0.031171 -6.001748
v 9.370151 0.009727 -5.999329
v 9.387963 0.031139 -6.002031
v 9.370831 0.029292 -6.022487
v 10.490950 -0.015199 -6.198326
v 10.472620 -0.013353 -6.177389
v 10.455318 -0.015146 -6.197649
v 10.479876 0.004671 -6.200152
v 9.941794 -0.015203 -6.197696
v 9.922178 -0.013319 -6.176801
v 9.906135 -0.015246 -6.198236
v 9.922264 0.006104 -6.200354
v 9.570730 -0.015084 -6.194712
v 9.553102 -0.013057 -6.172801
v 9.535090 -0.015142 -6.195294
v 9.558293 0.005470 -6.195051
v 10.656688 -0.005672 -6.194103
v 10.638861 0.015758 -6.196320
v 10.656688 0.017324 -6.174294
v 10.674510 0.015779 -6.196510
v 10.807851 0.018742 -6.158958
v 10.789748 0.020438 -6.137239
v 10.813478 0.022138 -6.117190
v 10.800889 0.000477 -6.136848
v 9.222234 0.027179 -6.051022
v 9.230747 0.025632 -6.069106
v 9.216558 0.024077 -6.090389
v 9.217030 0.004684 -6.067893
v 9.218831 -0.003741 -6.169678
v 9.213830 0.019444 -6.150751
v 9.236660 0.017685 -6.171790
v 9.214764 0.016177 -6.192310
v 9.434109 0.008534 -6.156950
v 9.431758 0.007250 -6.187784
v 9.628530 0.015334 -6.170656
v 9.433939 1.028982 -6.156910
v 9.431758 1.028982 -6.187784
v 9.628092 1.024270 -6.170669
v 9.626657 1.027197 -6.201494
v 9.635067 0.928616 -6.171233
v 9.626514 0.688655 -6.170629
v 9.631148 0.571416 -6.170844
v 9.629797 0.336914 -6.171033
v 9.616562 0.250535 -6.169735
v 9.624815 0.107617 -6.170509
v 9.622650 0.459473 -6.201154
v 9.626363 0.579133 -6.201378
v 9.624350 0.688655 -6.201273
v 9.440171 0.107617 -6.157465
v 9.447177 0.342007 -6.157963
v 9.440171 0.459473 -6.157466
v 9.434665 0.694044 -6.157077
v 9.428689 0.929071 -6.156528
v 9.427397 0.932369 -6.187400
v 9.438359 0.806805 -6.188195
v 9.431592 0.689778 -6.187687
v 9.432500 0.576759 -6.187721
v 9.438006 0.459473 -6.188110
v 9.445925 0.343886 -6.188709
v 9.432967 0.218170 -6.187535
v 9.600599 0.010137 -6.168893
v 9.566315 0.013489 -6.166275
v 9.532499 0.011052 -6.163988
v 9.497072 0.017890 -6.161533
v 9.464465 0.010524 -6.159221
v 9.462446 0.011053 -6.189837
v 9.529775 0.005131 -6.194746
v 9.564168 0.010058 -6.197106
v 9.597782 -0.005710 -6.199991
v 9.464611 1.025180 -6.159192
v 9.498555 1.025180 -6.161590
v 9.532499 1.025180 -6.163988
v 9.566395 1.025137 -6.166387
v 9.598189 1.014575 -6.168600
v 9.596950 1.018443 -6.199338
v 9.530334 1.025180 -6.194633
v 9.497377 1.030581 -6.192405
v 9.601215 0.927975 -6.199296
v 9.566583 0.929783 -6.196986
v 9.530348 0.928616 -6.194373
v 9.494760 0.928616 -6.191859
v 9.458962 0.929209 -6.189296
v 9.594354 0.811330 -6.199784
v 9.562219 0.805999 -6.196559
v 9.529619 0.810851 -6.195131
v 9.498322 0.811330 -6.192110
v 9.466290 0.811316 -6.189847
v 9.595583 0.694525 -6.199139
v 9.560452 0.688743 -6.196499
v 9.529591 0.697286 -6.194096
v 9.496408 0.694045 -6.191975
v 9.463390 0.700714 -6.189682
v 9.598241 0.576759 -6.199169
v 9.564297 0.576759 -6.196771
v 9.530291 0.576759 -6.195259
v 9.496408 0.576759 -6.191975
v 9.462464 0.576759 -6.189577
v 9.594410 0.459473 -6.198898
v 9.561616 0.465847 -6.196712
v 9.530127 0.462830 -6.195373
v 9.498315 0.459473 -6.192110
v 9.466284 0.459473 -6.189847
v 9.598812 0.336999 -6.199200
v 9.564297 0.342188 -6.196771
v 9.530291 0.342188 -6.195259
v 9.509141 0.340840 -6.192874
v 9.475197 0.340840 -6.190476
v 9.583782 0.250719 -6.198306
v 9.564297 0.224902 -6.196771
v 9.530353 0.224902 -6.194373
v 9.496423 0.224967 -6.192047
v 9.462401 0.224902 -6.190463
v 9.594410 0.107617 -6.198898
v 9.562266 0.114311 -6.196717
v 9.529359 0.111249 -6.194367
v 9.498315 0.107617 -6.192110
v 9.466284 0.107617 -6.189847
v 9.596538 0.107617 -6.168772
v 9.564507 0.107617 -6.166510
v 9.532475 0.107617 -6.164247
v 9.500817 0.106414 -6.162216
v 9.467572 0.111655 -6.159487
v 9.600432 0.224902 -6.168158
v 9.566286 0.231140 -6.166605
v 9.534247 0.225084 -6.164352
v 9.497277 0.224353 -6.161946
v 9.464330 0.225201 -6.159431
v 9.600714 0.337303 -6.169089
v 9.566425 0.342188 -6.166645
v 9.532481 0.342188 -6.164248
v 9.498537 0.342188 -6.161849
v 9.464593 0.342188 -6.159451
v 9.596538 0.459473 -6.168772
v 9.564507 0.459473 -6.166510
v 9.532503 0.459160 -6.164245
v 9.500443 0.459473 -6.161984
v 9.467857 0.457889 -6.159528
v 9.599424 0.576582 -6.167987
v 9.566425 0.576759 -6.166645
v 9.532481 0.576759 -6.164248
v 9.498537 0.576759 -6.161849
v 9.464593 0.576759 -6.159451
v 9.597136 0.694841 -6.169038
v 9.562606 0.688655 -6.166375
v 9.532496 0.699584 -6.164208
v 9.498537 0.694044 -6.161849
v 9.464593 0.694044 -6.159451
v 9.596641 0.814709 -6.168574
v 9.563917 0.818351 -6.166531
v 9.533193 0.806873 -6.163377
v 9.500450 0.811330 -6.161984
v 9.468760 0.811818 -6.159721
v 9.604723 0.931935 -6.169301
v 9.568772 0.930185 -6.166900
v 9.532538 0.928616 -6.163362
v 9.496888 0.928616 -6.161733
v 9.462491 0.933376 -6.159292
v 9.628863 0.009788 -6.202156
v 9.629075 0.006515 -6.187136
v 9.608689 -0.004295 -6.200774
v 9.606899 0.811867 -6.169271
v 9.626009 0.795208 -6.170570
v 9.624543 0.810201 -6.181320
v 9.626804 0.817958 -6.170626
v 9.603294 0.459473 -6.169188
v 9.625278 0.448096 -6.170558
v 9.623296 0.459473 -6.192017
v 9.625459 0.470848 -6.170543
v 9.601329 0.107399 -6.199451
v 9.622101 0.118097 -6.201130
v 9.624207 0.107349 -6.179685
v 9.623497 0.095350 -6.201283
v 9.593472 0.252470 -6.199077
v 9.615746 0.267480 -6.200808
v 9.615618 0.252464 -6.180376
v 9.614495 0.244773 -6.200732
v 9.608020 0.338579 -6.199926
v 9.627903 0.353463 -6.201503
v 9.629361 0.338609 -6.181032
v 9.626534 0.330754 -6.201430
v 9.601096 0.811494 -6.200102
v 9.623613 0.823386 -6.201191
v 9.624023 0.808406 -6.190361
v 9.622771 0.800640 -6.201131
v 9.632181 0.939989 -6.201834
v 9.634421 0.928616 -6.180370
v 9.631899 0.917248 -6.201804
v 9.611428 0.928182 -6.200128
v 9.435223 0.213382 -6.157111
v 9.456175 0.225079 -6.158782
v 9.435901 0.236120 -6.157159
v 9.433563 0.220449 -6.176996
v 9.435852 0.563823 -6.157102
v 9.456762 0.576341 -6.158811
v 9.435313 0.586580 -6.157063
v 9.433373 0.576287 -6.178431
v 9.438838 0.800617 -6.157197
v 9.460765 0.811865 -6.159040
v 9.438254 0.823360 -6.157143
v 9.438670 0.808553 -6.177752
v 9.439526 0.107617 -6.166603
v 9.437488 0.118993 -6.188051
v 9.459527 0.107617 -6.189432
v 9.437299 0.096243 -6.188073
v 9.474874 0.011153 -6.190722
v 9.496607 0.022705 -6.192235
v 9.516668 0.007562 -6.193768
v 9.496830 0.015595 -6.172272
v 9.582876 1.023008 -6.198254
v 9.564780 1.017575 -6.196859
v 9.543484 1.026631 -6.195482
v 9.565817 1.026329 -6.175902
v 9.463965 1.025180 -6.168329
v 9.483086 1.028371 -6.191354
v 9.462033 1.013802 -6.189773
v 9.441501 1.027775 -6.188436
v 9.235462 -0.002826 -6.178701
v 9.238977 -0.004158 -6.209425
v 9.428973 0.004227 -6.155447
v 9.235289 1.055704 -6.178695
v 9.238977 1.055704 -6.209425
v 9.428547 1.050816 -6.155541
v 9.432959 1.053852 -6.186083
v 9.435502 0.951592 -6.154779
v 9.426990 0.702676 -6.155801
v 9.431581 0.581062 -6.155137
v 9.430289 0.337808 -6.155578
v 9.417048 0.248206 -6.156802
v 9.425299 0.099954 -6.156004
v 9.428960 0.464942 -6.186506
v 9.432647 0.589067 -6.186025
v 9.430651 0.702676 -6.186303
v 9.241513 0.099954 -6.178064
v 9.248487 0.343091 -6.177229
v 9.241513 0.464942 -6.178064
v 9.236032 0.708267 -6.178721
v 9.230062 0.952065 -6.179310
v 9.234622 0.955486 -6.209872
v 9.245537 0.825235 -6.208583
v 9.238795 0.703841 -6.209361
v 9.239694 0.586604 -6.209223
v 9.245174 0.464942 -6.208566
v 9.253063 0.345041 -6.207658
v 9.240118 0.214633 -6.208952
v 9.401214 -0.001164 -6.158989
v 9.367050 0.002313 -6.162893
v 9.333412 -0.000214 -6.167033
v 9.298159 0.006879 -6.171313
v 9.265702 -0.000762 -6.175200
v 9.269501 -0.000214 -6.205646
v 9.336545 -0.006356 -6.197753
v 9.370765 -0.001245 -6.193575
v 9.404319 -0.017602 -6.190061
v 9.265840 1.051760 -6.175144
v 9.299626 1.051760 -6.171089
v 9.333412 1.051760 -6.167033
v 9.367150 1.051715 -6.162989
v 9.398791 1.040759 -6.159158
v 9.403378 1.044772 -6.189576
v 9.337073 1.051760 -6.197535
v 9.304289 1.057363 -6.201571
v 9.407559 0.950928 -6.188730
v 9.373114 0.952803 -6.193001
v 9.337037 0.951592 -6.197278
v 9.301615 0.951592 -6.201529
v 9.265978 0.952208 -6.205773
v 9.400914 0.829929 -6.190505
v 9.368748 0.824400 -6.193406
v 9.336466 0.829432 -6.198160
v 9.305161 0.829929 -6.201104
v 9.273278 0.829915 -6.204930
v 9.401999 0.708765 -6.189639
v 9.367002 0.702767 -6.193681
v 9.336241 0.711629 -6.197148
v 9.303256 0.708267 -6.201332
v 9.270398 0.715185 -6.205316
v 9.404614 0.586604 -6.189166
v 9.370829 0.586604 -6.193222
v 9.337148 0.586604 -6.198158
v 9.303256 0.586604 -6.201332
v 9.269469 0.586604 -6.205388
v 9.400801 0.464942 -6.189624
v 9.368184 0.471553 -6.193671
v 9.337008 0.468424 -6.198302
v 9.305154 0.464942 -6.201104
v 9.273271 0.464942 -6.204931
v 9.405181 0.337897 -6.189088
v 9.370829 0.343279 -6.193222
v 9.337148 0.343279 -6.198158
v 9.315928 0.341881 -6.199811
v 9.282143 0.341881 -6.203866
v 9.390253 0.248397 -6.191049
v 9.370829 0.221617 -6.193222
v 9.337042 0.221617 -6.197277
v 9.303284 0.221684 -6.201400
v 9.269575 0.221617 -6.206269
v 9.400801 0.099954 -6.189624
v 9.368824 0.106898 -6.193552
v 9.336064 0.103721 -6.197459
v 9.305154 0.099954 -6.201104
v 9.273271 0.099954 -6.204931
v 9.397202 0.099954 -6.159638
v 9.365319 0.099954 -6.163465
v 9.333437 0.099954 -6.167292
v 9.301966 0.098707 -6.171276
v 9.268803 0.104143 -6.174874
v 9.400909 0.221617 -6.158299
v 9.367085 0.228087 -6.163222
v 9.335197 0.221805 -6.167061
v 9.298438 0.221047 -6.171679
v 9.265609 0.221926 -6.175431
v 9.401362 0.338212 -6.159161
v 9.367229 0.343279 -6.163236
v 9.333443 0.343279 -6.167291
v 9.299657 0.343279 -6.171347
v 9.265870 0.343279 -6.175402
v 9.397202 0.464942 -6.159638
v 9.365319 0.464942 -6.163465
v 9.333465 0.464616 -6.167285
v 9.301555 0.464942 -6.171119
v 9.269091 0.463298 -6.174861
v 9.399888 0.586421 -6.158322
v 9.367229 0.586604 -6.163236
v 9.333443 0.586604 -6.167291
v 9.299657 0.586604 -6.171347
v 9.265870 0.586604 -6.175402
v 9.397840 0.709093 -6.159787
v 9.363427 0.702676 -6.163692
v 9.333450 0.714013 -6.167250
v 9.299657 0.708267 -6.171347
v 9.265870 0.708267 -6.175402
v 9.397265 0.833435 -6.159425
v 9.364745 0.837212 -6.163597
v 9.333978 0.825306 -6.166303
v 9.301561 0.829929 -6.171118
v 9.270014 0.830435 -6.174881
v 9.405340 0.955035 -6.158611
v 9.369582 0.953220 -6.163043
v 9.333332 0.951592 -6.166410
v 9.298016 0.951592 -6.171544
v 9.263777 0.956530 -6.175642
v 9.435249 -0.001525 -6.186317
v 9.432621 -0.004921 -6.171527
v 9.415178 -0.016134 -6.188769
v 9.407472 0.830486 -6.158171
v 9.426483 0.813205 -6.155838
v 9.427073 0.828758 -6.166672
v 9.427274 0.836805 -6.155744
v 9.403915 0.464942 -6.158770
v 9.425761 0.453140 -6.155964
v 9.427868 0.464942 -6.177411
v 9.425937 0.476741 -6.155916
v 9.407701 0.099728 -6.188860
v 9.428415 0.110825 -6.186587
v 9.426434 0.099676 -6.165130
v 9.429815 0.087229 -6.186472
v 9.399914 0.250214 -6.189977
v 9.422113 0.265783 -6.187470
v 9.418129 0.250207 -6.167430
v 9.420872 0.242228 -6.187632
v 9.414361 0.339536 -6.188064
v 9.434184 0.354975 -6.185857
v 9.431749 0.339567 -6.165479
v 9.432826 0.331419 -6.186044
v 9.407595 0.830100 -6.189543
v 9.429913 0.842436 -6.186360
v 9.428269 0.826896 -6.175648
v 9.429073 0.818840 -6.186461
v 9.438448 0.963390 -6.185374
v 9.436594 0.951592 -6.163874
v 9.438165 0.939801 -6.185398
v 9.417746 0.951142 -6.187618
v 9.236587 0.209667 -6.178650
v 9.257478 0.221800 -6.176334
v 9.237262 0.233253 -6.178569
v 9.238712 0.216997 -6.198491
v 9.237204 0.573186 -6.178522
v 9.258060 0.586171 -6.176252
v 9.236667 0.596792 -6.178586
v 9.238797 0.586114 -6.199935
v 9.240153 0.818816 -6.178051
v 9.262034 0.830485 -6.175721
v 9.239571 0.842408 -6.178109
v 9.243871 0.827049 -6.198268
v 9.242605 0.099954 -6.187158
v 9.244655 0.111755 -6.208605
v 9.266558 0.099954 -6.205800
v 9.244473 0.088156 -6.208663
v 9.281872 -0.000110 -6.204168
v 9.303499 0.011873 -6.201550
v 9.323490 -0.003834 -6.199266
v 9.299949 0.004498 -6.181904
v 9.389354 1.049507 -6.191170
v 9.371320 1.043872 -6.193217
v 9.350146 1.053264 -6.195886
v 9.368381 1.052952 -6.172441
v 9.266932 1.051760 -6.184238
v 9.290056 1.055071 -6.203238
v 9.269083 1.039958 -6.205661
v 9.248667 1.054452 -6.208225
v 9.625730 -0.001395 -6.165019
v 9.625890 -0.002729 -6.195943
v 9.820700 0.002932 -6.162781
v 9.640363 1.057034 -6.164994
v 9.640714 1.057029 -6.195943
v 9.834903 1.049425 -6.162829
v 9.836036 1.052445 -6.193669
v 9.840512 0.950112 -6.162822
v 9.828458 0.701341 -6.162919
v 9.831393 0.579674 -6.162754
v 9.826659 0.336462 -6.163053
v 9.812111 0.247055 -6.162842
v 9.818325 0.098701 -6.162939
v 9.823778 0.463649 -6.193657
v 9.829232 0.587710 -6.193577
v 9.828807 0.701336 -6.193638
v 9.633251 0.101290 -6.165038
v 9.643674 0.344305 -6.164961
v 9.638356 0.466242 -6.165038
v 9.636240 0.709621 -6.165101
v 9.633650 0.953479 -6.165042
v 9.634934 0.956882 -6.195917
v 9.644102 0.826490 -6.195813
v 9.635618 0.705203 -6.195859
v 9.634887 0.587965 -6.195819
v 9.638704 0.466237 -6.195757
v 9.644967 0.346237 -6.195706
v 9.630136 0.216024 -6.195596
v 9.792647 -0.002067 -6.163308
v 9.758314 0.001890 -6.163502
v 9.724394 -0.000163 -6.163988
v 9.688988 0.007426 -6.164439
v 9.656197 0.000243 -6.164801
v 9.656695 0.000784 -6.195479
v 9.724108 -0.006301 -6.194867
v 9.758647 -0.001673 -6.194406
v 9.792152 -0.018500 -6.194532
v 9.671060 1.052660 -6.164760
v 9.705083 1.052184 -6.164374
v 9.739106 1.051709 -6.163988
v 9.773081 1.051189 -6.163608
v 9.804793 1.039788 -6.163213
v 9.806128 1.043782 -6.193950
v 9.739455 1.051704 -6.194707
v 9.706508 1.057768 -6.195182
v 9.809062 0.949888 -6.193559
v 9.774387 0.952249 -6.194088
v 9.738046 0.951546 -6.194447
v 9.702375 0.952045 -6.194852
v 9.666500 0.953162 -6.195225
v 9.800572 0.828997 -6.194606
v 9.768207 0.823919 -6.194020
v 9.735674 0.829407 -6.195263
v 9.704244 0.830344 -6.194811
v 9.672138 0.830778 -6.195176
v 9.800050 0.707828 -6.193863
v 9.764741 0.702323 -6.194105
v 9.733912 0.711617 -6.194233
v 9.700624 0.708720 -6.194833
v 9.667629 0.716100 -6.195248
v 9.800993 0.585642 -6.193675
v 9.766970 0.586118 -6.194061
v 9.732956 0.586593 -6.195334
v 9.698923 0.587069 -6.194833
v 9.664900 0.587545 -6.195219
v 9.795451 0.464045 -6.193719
v 9.762684 0.471116 -6.194222
v 9.731150 0.468426 -6.195462
v 9.699132 0.465392 -6.194811
v 9.667027 0.465841 -6.195176
v 9.798086 0.336951 -6.193659
v 9.763566 0.342816 -6.194061
v 9.729553 0.343292 -6.195334
v 9.708262 0.342192 -6.194688
v 9.674239 0.342668 -6.195074
v 9.781783 0.247670 -6.193997
v 9.761865 0.221166 -6.194061
v 9.727841 0.221642 -6.194447
v 9.693839 0.222184 -6.194904
v 9.659805 0.222593 -6.196106
v 9.790346 0.099093 -6.193719
v 9.758232 0.106487 -6.194174
v 9.725202 0.103772 -6.194522
v 9.694028 0.100440 -6.194811
v 9.661922 0.100889 -6.195176
v 9.790004 0.099097 -6.163520
v 9.757897 0.099547 -6.163884
v 9.725791 0.099996 -6.164248
v 9.694059 0.099192 -6.164813
v 9.660781 0.105094 -6.164812
v 9.795535 0.220695 -6.162589
v 9.761471 0.227642 -6.163833
v 9.729270 0.221810 -6.164208
v 9.692221 0.221570 -6.164834
v 9.659193 0.222911 -6.165021
v 9.797523 0.337274 -6.163494
v 9.763224 0.342821 -6.163862
v 9.729200 0.343297 -6.164248
v 9.695177 0.343773 -6.164634
v 9.661154 0.344249 -6.165020
v 9.795109 0.464050 -6.163520
v 9.763002 0.464499 -6.163884
v 9.730920 0.464622 -6.164244
v 9.698790 0.465397 -6.164612
v 9.666093 0.464210 -6.164830
v 9.799619 0.585477 -6.162501
v 9.766627 0.586123 -6.163862
v 9.732604 0.586598 -6.164248
v 9.698581 0.587074 -6.164634
v 9.664557 0.587550 -6.165020
v 9.799142 0.708169 -6.163736
v 9.764421 0.702237 -6.163906
v 9.734398 0.713994 -6.164207
v 9.700282 0.708725 -6.164634
v 9.666259 0.709201 -6.165020
v 9.800348 0.832506 -6.163314
v 9.767623 0.836741 -6.163953
v 9.736580 0.825268 -6.163323
v 9.703901 0.830349 -6.164612
v 9.672142 0.831299 -6.164948
v 9.810163 0.953981 -6.163377
v 9.774115 0.952670 -6.163925
v 9.737694 0.951551 -6.163361
v 9.702033 0.952049 -6.164653
v 9.667624 0.957470 -6.165033
v 9.823528 -0.002861 -6.194148
v 9.822463 -0.006242 -6.179162
v 9.803106 -0.017185 -6.194420
v 9.810588 0.829414 -6.163169
v 9.829496 0.811866 -6.162902
v 9.829131 0.827425 -6.173735
v 9.830623 0.835452 -6.162892
v 9.801876 0.463955 -6.163381
v 9.823730 0.451847 -6.162949
v 9.823674 0.463650 -6.184498
v 9.824239 0.475442 -6.162920
v 9.797284 0.098769 -6.193704
v 9.818276 0.109574 -6.193679
v 9.818466 0.098422 -6.172133
v 9.819350 0.085961 -6.193717
v 9.791528 0.249351 -6.193974
v 9.814084 0.264606 -6.193877
v 9.812067 0.249056 -6.173524
v 9.812503 0.241071 -6.193904
v 9.807344 0.338460 -6.193631
v 9.827504 0.353619 -6.193576
v 9.827067 0.338216 -6.173054
v 9.825805 0.330084 -6.193615
v 9.807320 0.829073 -6.194372
v 9.830021 0.841092 -6.193615
v 9.829327 0.825561 -6.182788
v 9.828846 0.817511 -6.193625
v 9.840303 0.961914 -6.193555
v 9.840616 0.950111 -6.171981
v 9.839689 0.938331 -6.193549
v 9.819311 0.949959 -6.193553
v 9.629826 0.211061 -6.165089
v 9.651011 0.222899 -6.165041
v 9.630835 0.234636 -6.165082
v 9.629900 0.218392 -6.185043
v 9.635536 0.574537 -6.165029
v 9.656695 0.587227 -6.165022
v 9.635325 0.598147 -6.165035
v 9.634991 0.587474 -6.186489
v 9.641954 0.820101 -6.164879
v 9.664120 0.831461 -6.164923
v 9.641699 0.843699 -6.164873
v 9.643583 0.828312 -6.185379
v 9.633355 0.101289 -6.174197
v 9.633244 0.113092 -6.195740
v 9.655154 0.100984 -6.195314
v 9.632726 0.089499 -6.195778
v 9.669154 0.000714 -6.195344
v 9.691103 0.012391 -6.195076
v 9.711002 -0.003596 -6.194963
v 9.689590 0.005037 -6.175161
v 9.792080 1.048715 -6.194020
v 9.773854 1.043333 -6.194109
v 9.752649 1.053024 -6.194479
v 9.773300 1.052423 -6.173138
v 9.671164 1.052659 -6.173919
v 9.692147 1.055677 -6.195304
v 9.670827 1.040861 -6.195449
v 9.650457 1.055641 -6.195796
v 10.415037 1.027384 -6.156950
v 10.417388 1.028669 -6.187784
v 10.220616 1.020585 -6.170656
v 10.415206 0.006936 -6.156910
v 10.417387 0.006937 -6.187784
v 10.221053 0.011648 -6.170669
v 10.222488 0.008722 -6.201494
v 10.214079 0.107303 -6.171233
v 10.222631 0.347264 -6.170629
v 10.217997 0.464503 -6.170844
v 10.219349 0.699005 -6.171033
v 10.232583 0.785383 -6.169735
v 10.224331 0.928302 -6.170509
v 10.226496 0.576445 -6.201154
v 10.222783 0.456786 -6.201378
v 10.224796 0.347264 -6.201273
v 10.408975 0.928302 -6.157466
v 10.401969 0.693912 -6.157963
v 10.408975 0.576445 -6.157466
v 10.414481 0.341874 -6.157077
v 10.420456 0.106848 -6.156528
v 10.421749 0.103549 -6.187400
v 10.410787 0.229114 -6.188195
v 10.417554 0.346141 -6.187687
v 10.416646 0.459160 -6.187721
v 10.411139 0.576445 -6.188110
v 10.403221 0.692032 -6.188709
v 10.416179 0.817749 -6.187535
v 10.248547 1.025782 -6.168893
v 10.282831 1.022430 -6.166275
v 10.316647 1.024866 -6.163988
v 10.352074 1.018029 -6.161533
v 10.384681 1.025395 -6.159221
v 10.386700 1.024866 -6.189837
v 10.319370 1.030787 -6.194746
v 10.284978 1.025860 -6.197106
v 10.251364 1.041629 -6.199991
v 10.384535 0.010739 -6.159192
v 10.350591 0.010739 -6.161590
v 10.316647 0.010739 -6.163988
v 10.282751 0.010782 -6.166387
v 10.250957 0.021344 -6.168600
v 10.252195 0.017476 -6.199338
v 10.318811 0.010739 -6.194633
v 10.351768 0.005337 -6.192405
v 10.247931 0.107943 -6.199296
v 10.282562 0.106135 -6.196986
v 10.318798 0.107303 -6.194373
v 10.354385 0.107303 -6.191859
v 10.390182 0.106709 -6.189296
v 10.254791 0.224589 -6.199784
v 10.286927 0.229919 -6.196559
v 10.319526 0.225068 -6.195131
v 10.350823 0.224589 -6.192110
v 10.382854 0.224603 -6.189847
v 10.253563 0.341393 -6.199139
v 10.288693 0.347176 -6.196499
v 10.319555 0.338633 -6.194096
v 10.352737 0.341874 -6.191975
v 10.385756 0.335205 -6.189682
v 10.250904 0.459160 -6.199169
v 10.284848 0.459160 -6.196771
v 10.318855 0.459160 -6.195259
v 10.352737 0.459160 -6.191975
v 10.386682 0.459160 -6.189577
v 10.254736 0.576445 -6.198898
v 10.287530 0.570071 -6.196712
v 10.319019 0.573089 -6.195373
v 10.350830 0.576445 -6.192110
v 10.382862 0.576445 -6.189847
v 10.250333 0.698919 -6.199200
v 10.284848 0.693731 -6.196771
v 10.318855 0.693731 -6.195259
v 10.340005 0.695078 -6.192874
v 10.373949 0.695078 -6.190476
v 10.265364 0.785200 -6.198306
v 10.284849 0.811016 -6.196771
v 10.318793 0.811016 -6.194373
v 10.352723 0.810952 -6.192047
v 10.386744 0.811016 -6.190463
v 10.254736 0.928302 -6.198898
v 10.286880 0.921608 -6.196717
v 10.319787 0.924670 -6.194367
v 10.350831 0.928302 -6.192110
v 10.382862 0.928302 -6.189847
v 10.252607 0.928302 -6.168772
v 10.284639 0.928302 -6.166510
v 10.316670 0.928302 -6.164247
v 10.348329 0.929504 -6.162216
v 10.381574 0.924264 -6.159487
v 10.248713 0.811016 -6.168158
v 10.282860 0.804779 -6.166605
v 10.314898 0.810835 -6.164352
v 10.351869 0.811566 -6.161946
v 10.384816 0.810718 -6.159431
v 10.248432 0.698615 -6.169089
v 10.282721 0.693731 -6.166645
v 10.316665 0.693731 -6.164248
v 10.350609 0.693731 -6.161849
v 10.384553 0.693731 -6.159451
v 10.252607 0.576445 -6.168772
v 10.284639 0.576445 -6.166510
v 10.316642 0.576759 -6.164245
v 10.348702 0.576445 -6.161984
v 10.381289 0.578030 -6.159528
v 10.249722 0.459337 -6.167987
v 10.282721 0.459160 -6.166645
v 10.316665 0.459160 -6.164248
v 10.350609 0.459160 -6.161849
v 10.384553 0.459160 -6.159451
v 10.252008 0.341078 -6.169038
v 10.286540 0.347263 -6.166375
v 10.316649 0.336335 -6.164208
v 10.350609 0.341874 -6.161849
v 10.384553 0.341874 -6.159451
v 10.252504 0.221209 -6.168574
v 10.285229 0.217568 -6.166531
v 10.315953 0.229046 -6.163377
v 10.348696 0.224589 -6.161984
v 10.380386 0.224101 -6.159721
v 10.244422 0.103984 -6.169301
v 10.280374 0.105733 -6.166900
v 10.316607 0.107303 -6.163362
v 10.352258 0.107303 -6.161733
v 10.386654 0.102542 -6.159292
v 10.220283 1.026130 -6.202156
v 10.220071 1.029404 -6.187136
v 10.240457 1.040214 -6.200774
v 10.242246 0.224052 -6.169271
v 10.223136 0.240711 -6.170570
v 10.224603 0.225718 -6.181320
v 10.222342 0.217961 -6.170626
v 10.245851 0.576445 -6.169188
v 10.223868 0.587822 -6.170558
v 10.225850 0.576445 -6.192017
v 10.223687 0.565071 -6.170543
v 10.247817 0.928520 -6.199451
v 10.227045 0.917822 -6.201130
v 10.224938 0.928570 -6.179685
v 10.225649 0.940569 -6.201283
v 10.255673 0.783448 -6.199077
v 10.233400 0.768439 -6.200808
v 10.233528 0.783455 -6.180376
v 10.234650 0.791146 -6.200732
v 10.241126 0.697339 -6.199926
v 10.221242 0.682456 -6.201503
v 10.219785 0.697309 -6.181032
v 10.222611 0.705165 -6.201430
v 10.248049 0.224424 -6.200102
v 10.225532 0.212533 -6.201191
v 10.225122 0.227513 -6.190361
v 10.226375 0.235279 -6.201131
v 10.216964 0.095930 -6.201834
v 10.214725 0.107303 -6.180370
v 10.217247 0.118670 -6.201804
v 10.237718 0.107737 -6.200128
v 10.413923 0.822536 -6.157111
v 10.392971 0.810840 -6.158782
v 10.413245 0.799799 -6.157159
v 10.415583 0.815470 -6.176996
v 10.413293 0.472095 -6.157102
v 10.392384 0.459578 -6.158811
v 10.413833 0.449339 -6.157063
v 10.415772 0.459632 -6.178431
v 10.410308 0.235302 -6.157197
v 10.388381 0.224053 -6.159040
v 10.410891 0.212559 -6.157143
v 10.410475 0.227365 -6.177752
v 10.409620 0.928302 -6.166603
v 10.411657 0.916926 -6.188051
v 10.389619 0.928302 -6.189432
v 10.411847 0.939675 -6.188073
v 10.374272 1.024766 -6.190722
v 10.352539 1.013214 -6.192235
v 10.332477 1.028356 -6.193768
v 10.352316 1.020323 -6.172272
v 10.266270 0.012910 -6.198254
v 10.284366 0.018343 -6.196859
v 10.305661 0.009288 -6.195482
v 10.283328 0.009589 -6.175902
v 10.385180 0.010739 -6.168329
v 10.366059 0.007547 -6.191354
v 10.387113 0.022116 -6.189773
v 10.407645 0.008143 -6.188436
v 10.219049 1.054047 -6.178701
v 10.215533 1.055379 -6.209425
v 10.025537 1.046993 -6.155447
v 10.219222 -0.004484 -6.178695
v 10.215534 -0.004484 -6.209425
v 10.025965 0.000404 -6.155541
v 10.021553 -0.002631 -6.186083
v 10.019009 0.099628 -6.154779
v 10.027521 0.348544 -6.155801
v 10.022929 0.470158 -6.155137
v 10.024221 0.713412 -6.155578
v 10.037463 0.803014 -6.156802
v 10.029212 0.951266 -6.156004
v 10.025552 0.586279 -6.186506
v 10.021864 0.462154 -6.186025
v 10.023860 0.348544 -6.186303
v 10.212997 0.951267 -6.178064
v 10.206024 0.708129 -6.177229
v 10.212997 0.586279 -6.178064
v 10.218478 0.342954 -6.178721
v 10.224450 0.099156 -6.179310
v 10.219890 0.095735 -6.209872
v 10.208974 0.225986 -6.208583
v 10.215715 0.347380 -6.209361
v 10.214817 0.464616 -6.209223
v 10.209336 0.586279 -6.208566
v 10.201447 0.706179 -6.207658
v 10.214393 0.836588 -6.208952
v 10.053297 1.052384 -6.158989
v 10.087461 1.048907 -6.162893
v 10.121099 1.051434 -6.167033
v 10.156352 1.044342 -6.171313
v 10.188808 1.051983 -6.175200
v 10.185010 1.051434 -6.205646
v 10.117966 1.057577 -6.197753
v 10.083745 1.052466 -6.193575
v 10.050191 1.068823 -6.190061
v 10.188672 -0.000539 -6.175144
v 10.154885 -0.000539 -6.171089
v 10.121099 -0.000539 -6.167033
v 10.087360 -0.000495 -6.162989
v 10.055720 0.010461 -6.159157
v 10.051133 0.006449 -6.189576
v 10.117438 -0.000539 -6.197535
v 10.150223 -0.006142 -6.201571
v 10.046952 0.100292 -6.188729
v 10.081397 0.098417 -6.193001
v 10.117474 0.099628 -6.197278
v 10.152896 0.099628 -6.201529
v 10.188533 0.099013 -6.205773
v 10.053597 0.221291 -6.190505
v 10.085764 0.226821 -6.193406
v 10.118046 0.221788 -6.198160
v 10.149351 0.221291 -6.201104
v 10.181233 0.221306 -6.204930
v 10.052512 0.342455 -6.189639
v 10.087509 0.348453 -6.193681
v 10.118270 0.339591 -6.197148
v 10.151256 0.342954 -6.201332
v 10.184113 0.336035 -6.205316
v 10.049896 0.464616 -6.189166
v 10.083682 0.464616 -6.193222
v 10.117363 0.464616 -6.198158
v 10.151255 0.464616 -6.201332
v 10.185041 0.464616 -6.205388
v 10.053710 0.586279 -6.189624
v 10.086327 0.579667 -6.193671
v 10.117502 0.582797 -6.198302
v 10.149358 0.586279 -6.201104
v 10.181240 0.586279 -6.204931
v 10.049330 0.713323 -6.189088
v 10.083682 0.707941 -6.193222
v 10.117363 0.707941 -6.198158
v 10.138582 0.709339 -6.199811
v 10.172368 0.709339 -6.203866
v 10.064258 0.802823 -6.191049
v 10.083682 0.829604 -6.193222
v 10.117469 0.829604 -6.197277
v 10.151227 0.829537 -6.201400
v 10.184936 0.829604 -6.206269
v 10.053710 0.951267 -6.189624
v 10.085687 0.944322 -6.193552
v 10.118446 0.947499 -6.197459
v 10.149357 0.951267 -6.201104
v 10.181240 0.951267 -6.204931
v 10.057309 0.951267 -6.159638
v 10.089191 0.951266 -6.163465
v 10.121074 0.951267 -6.167292
v 10.152545 0.952514 -6.171276
v 10.185708 0.947078 -6.174874
v 10.053601 0.829604 -6.158299
v 10.087426 0.823134 -6.163222
v 10.119313 0.829416 -6.167061
v 10.156073 0.830173 -6.171679
v 10.188902 0.829294 -6.175431
v 10.053148 0.713008 -6.159161
v 10.087281 0.707941 -6.163236
v 10.121068 0.707941 -6.167291
v 10.154854 0.707941 -6.171347
v 10.188641 0.707941 -6.175402
v 10.057309 0.586279 -6.159638
v 10.089191 0.586279 -6.163465
v 10.121046 0.586604 -6.167285
v 10.152957 0.586279 -6.171119
v 10.185420 0.587922 -6.174861
v 10.054624 0.464800 -6.158322
v 10.087281 0.464616 -6.163236
v 10.121068 0.464616 -6.167291
v 10.154854 0.464616 -6.171347
v 10.188641 0.464616 -6.175402
v 10.056671 0.342127 -6.159787
v 10.091084 0.348544 -6.163692
v 10.121060 0.337208 -6.167250
v 10.154854 0.342954 -6.171347
v 10.188641 0.342954 -6.175402
v 10.057245 0.217786 -6.159425
v 10.089767 0.214008 -6.163597
v 10.120534 0.225914 -6.166303
v 10.152950 0.221291 -6.171118
v 10.184498 0.220785 -6.174881
v 10.049171 0.096185 -6.158611
v 10.084929 0.098000 -6.163043
v 10.121179 0.099628 -6.166410
v 10.156495 0.099628 -6.171544
v 10.190734 0.094690 -6.175642
v 10.019260 1.052746 -6.186317
v 10.021889 1.056141 -6.171527
v 10.039332 1.067355 -6.188769
v 10.047040 0.220734 -6.158171
v 10.028028 0.238015 -6.155838
v 10.027438 0.222463 -6.166672
v 10.027237 0.214416 -6.155744
v 10.050595 0.586279 -6.158770
v 10.028749 0.598080 -6.155964
v 10.026643 0.586279 -6.177411
v 10.028574 0.574480 -6.155916
v 10.046810 0.951493 -6.188860
v 10.026095 0.940395 -6.186587
v 10.028077 0.951544 -6.165130
v 10.024695 0.963991 -6.186472
v 10.054596 0.801007 -6.189977
v 10.032397 0.785437 -6.187470
v 10.036382 0.801014 -6.167430
v 10.033639 0.808992 -6.187632
v 10.040150 0.711684 -6.188064
v 10.020327 0.696245 -6.185857
v 10.022761 0.711653 -6.165479
v 10.021685 0.719802 -6.186044
v 10.046916 0.221120 -6.189543
v 10.024598 0.208785 -6.186360
v 10.026242 0.224324 -6.175648
v 10.025437 0.232380 -6.186461
v 10.016064 0.087831 -6.185374
v 10.017917 0.099628 -6.163874
v 10.016347 0.111420 -6.185398
v 10.036766 0.100079 -6.187618
v 10.217924 0.841554 -6.178650
v 10.197033 0.829421 -6.176334
v 10.217249 0.817968 -6.178569
v 10.215797 0.834223 -6.198491
v 10.217307 0.478034 -6.178522
v 10.196451 0.465050 -6.176252
v 10.217844 0.454429 -6.178586
v 10.215714 0.465106 -6.199935
v 10.214358 0.232404 -6.178051
v 10.192477 0.220736 -6.175721
v 10.214941 0.208812 -6.178109
v 10.210641 0.224171 -6.198268
v 10.211905 0.951267 -6.187158
v 10.209856 0.939466 -6.208605
v 10.187953 0.951267 -6.205800
v 10.210038 0.963064 -6.208663
v 10.172639 1.051331 -6.204168
v 10.151011 1.039348 -6.201550
v 10.131021 1.055055 -6.199266
v 10.154562 1.046722 -6.181904
v 10.065158 0.001713 -6.191170
v 10.083192 0.007349 -6.193217
v 10.104364 -0.002044 -6.195886
v 10.086131 -0.001732 -6.172441
v 10.187580 -0.000539 -6.184238
v 10.164455 -0.003850 -6.203238
v 10.185429 0.011263 -6.205661
v 10.205844 -0.003232 -6.208225
v 10.029050 0.900403 -6.165019
v 10.028887 0.901540 -6.195943
v 9.834100 0.897117 -6.162781
v 10.016603 -0.001791 -6.164994
v 10.016252 -0.001786 -6.195943
v 9.822057 0.005097 -6.162829
v 9.820930 0.002525 -6.193669
v 9.816243 0.089764 -6.162822
v 9.827784 0.301796 -6.162919
v 9.824597 0.405514 -6.162754
v 9.828829 0.612822 -6.163053
v 9.843192 0.689004 -6.162842
v 9.836672 0.815476 -6.162939
v 9.831972 0.504400 -6.193657
v 9.826775 0.398659 -6.193577
v 9.827435 0.301801 -6.193638
v 10.021741 0.812888 -6.165038
v 10.011820 0.605759 -6.164961
v 10.017389 0.501806 -6.165038
v 10.020008 0.294342 -6.165101
v 10.023101 0.086468 -6.165042
v 10.021824 0.083569 -6.195917
v 10.012387 0.194736 -6.195813
v 10.020620 0.298106 -6.195859
v 10.021110 0.398040 -6.195819
v 10.017041 0.501811 -6.195757
v 10.010531 0.604115 -6.195706
v 10.025094 0.715080 -6.195596
v 9.862141 0.901320 -6.163308
v 9.896480 0.897876 -6.163502
v 9.930394 0.899556 -6.163988
v 9.965815 0.893014 -6.164439
v 9.998589 0.899069 -6.164801
v 9.998091 0.898609 -6.195479
v 9.930667 0.904788 -6.194867
v 9.896140 0.900914 -6.194406
v 9.862601 0.915327 -6.194532
v 9.985898 0.002001 -6.164760
v 9.951876 0.002476 -6.164374
v 9.917853 0.002952 -6.163988
v 9.883880 0.003466 -6.163608
v 9.852145 0.013249 -6.163213
v 9.850820 0.009847 -6.193950
v 9.917504 0.002957 -6.194707
v 9.950462 -0.002280 -6.195182
v 9.847691 0.089890 -6.193559
v 9.882369 0.087806 -6.194088
v 9.918707 0.088331 -6.194447
v 9.954376 0.087832 -6.194852
v 9.990252 0.086805 -6.195225
v 9.855930 0.192923 -6.194606
v 9.888284 0.197184 -6.194020
v 9.920827 0.192439 -6.195263
v 9.952257 0.191576 -6.194811
v 9.984362 0.191139 -6.195176
v 9.856204 0.296208 -6.193862
v 9.891500 0.300828 -6.194105
v 9.922345 0.292841 -6.194233
v 9.955625 0.295243 -6.194833
v 9.988633 0.288883 -6.195248
v 9.855008 0.400364 -6.193675
v 9.889030 0.399888 -6.194061
v 9.923043 0.399412 -6.195334
v 9.957075 0.398936 -6.194833
v 9.991097 0.398460 -6.195219
v 9.860299 0.504004 -6.193718
v 9.893079 0.497909 -6.194222
v 9.924606 0.500136 -6.195462
v 9.956614 0.502656 -6.194811
v 9.988720 0.502208 -6.195176
v 9.857402 0.612346 -6.193659
v 9.891932 0.607275 -6.194061
v 9.925943 0.606800 -6.195334
v 9.947231 0.607693 -6.194688
v 9.981254 0.607217 -6.195074
v 9.873520 0.688417 -6.193997
v 9.893382 0.710969 -6.194061
v 9.927404 0.710493 -6.194447
v 9.961406 0.709960 -6.194904
v 9.995439 0.709542 -6.196106
v 9.864650 0.815085 -6.193718
v 9.896778 0.808716 -6.194174
v 9.929801 0.810962 -6.194522
v 9.960966 0.813738 -6.194811
v 9.993072 0.813289 -6.195176
v 9.864993 0.815080 -6.163520
v 9.897099 0.814631 -6.163884
v 9.929203 0.814182 -6.164248
v 9.960932 0.814801 -6.164813
v 9.994221 0.809702 -6.164812
v 9.859713 0.711440 -6.162589
v 9.893789 0.705448 -6.163833
v 9.925976 0.710353 -6.164208
v 9.963023 0.710480 -6.164834
v 9.996051 0.709269 -6.165021
v 9.857965 0.612070 -6.163494
v 9.892274 0.607271 -6.163862
v 9.926296 0.606795 -6.164248
v 9.960319 0.606319 -6.164634
v 9.994341 0.605843 -6.165020
v 9.860641 0.503999 -6.163520
v 9.892747 0.503550 -6.163884
v 9.924828 0.503379 -6.164244
v 9.956958 0.502652 -6.164612
v 9.989651 0.503596 -6.164830
v 9.856381 0.400501 -6.162501
v 9.889373 0.399883 -6.163862
v 9.923395 0.399407 -6.164248
v 9.957417 0.398931 -6.164634
v 9.991440 0.398455 -6.165020
v 9.857112 0.295916 -6.163736
v 9.891818 0.300901 -6.163906
v 9.921865 0.290817 -6.164207
v 9.955968 0.295238 -6.164634
v 9.989990 0.294762 -6.165020
v 9.856162 0.189931 -6.163314
v 9.888894 0.186254 -6.163953
v 9.919911 0.195969 -6.163323
v 9.952600 0.191571 -6.164612
v 9.984359 0.190695 -6.164948
v 9.846599 0.086404 -6.163377
v 9.882643 0.087447 -6.163925
v 9.919059 0.088326 -6.163361
v 9.954720 0.087827 -6.164653
v 9.989137 0.083136 -6.165033
v 9.831260 0.902060 -6.194148
v 9.832317 0.904940 -6.179162
v 9.851651 0.914229 -6.194420
v 9.845917 0.192588 -6.163169
v 9.826973 0.207585 -6.162902
v 9.827371 0.194321 -6.173735
v 9.825895 0.187482 -6.162892
v 9.853874 0.504094 -6.163381
v 9.831996 0.514460 -6.162949
v 9.832076 0.504399 -6.184498
v 9.831535 0.494348 -6.162920
v 9.857713 0.815375 -6.193704
v 9.836743 0.806208 -6.193679
v 9.836531 0.815715 -6.172133
v 9.835621 0.826338 -6.193717
v 9.863778 0.687005 -6.193974
v 9.841255 0.674047 -6.193877
v 9.843240 0.687298 -6.173524
v 9.842788 0.694106 -6.193904
v 9.848146 0.611079 -6.193631
v 9.828020 0.598199 -6.193576
v 9.828424 0.611328 -6.173054
v 9.829671 0.618257 -6.193615
v 9.849184 0.192872 -6.194372
v 9.826509 0.182673 -6.193615
v 9.827171 0.195911 -6.182788
v 9.827635 0.202772 -6.193625
v 9.816476 0.079704 -6.193555
v 9.816139 0.089766 -6.171981
v 9.817041 0.099805 -6.193549
v 9.837443 0.089851 -6.193553
v 10.025393 0.719310 -6.165089
v 10.004232 0.709262 -6.165041
v 10.024433 0.699216 -6.165082
v 10.025333 0.713061 -6.185043
v 10.020432 0.409489 -6.165029
v 9.999301 0.398715 -6.165022
v 10.020692 0.389362 -6.165034
v 10.021006 0.398460 -6.186488
v 10.014522 0.200178 -6.164879
v 9.992381 0.190541 -6.164923
v 10.014826 0.180062 -6.164873
v 10.012909 0.193182 -6.185379
v 10.021637 0.812889 -6.174197
v 10.021773 0.802827 -6.195740
v 9.999839 0.813194 -6.195314
v 10.022242 0.822938 -6.195778
v 9.985633 0.898695 -6.195344
v 9.963709 0.888786 -6.195076
v 9.943778 0.902455 -6.194963
v 9.965207 0.895052 -6.175161
v 9.864876 0.005614 -6.194020
v 9.883090 0.010163 -6.194109
v 9.904313 0.001859 -6.194479
v 9.883662 0.002414 -6.173138
v 9.985794 0.002002 -6.173919
v 9.964818 -0.000527 -6.195303
v 9.986107 0.012058 -6.195449
v 10.006505 -0.000582 -6.195796
v 10.609042 0.008534 -6.156950
v 10.606691 0.007250 -6.187784
v 10.803462 0.015334 -6.170656
v 10.608872 1.028982 -6.156910
v 10.606691 1.028982 -6.187784
v 10.803025 1.024270 -6.170669
v 10.801590 1.027197 -6.201494
v 10.809999 0.928616 -6.171234
v 10.801447 0.688655 -6.170630
v 10.806082 0.571416 -6.170844
v 10.804730 0.336914 -6.171033
v 10.791495 0.250535 -6.169735
v 10.799748 0.107617 -6.170509
v 10.797584 0.459473 -6.201154
v 10.801295 0.579133 -6.201378
v 10.799283 0.688655 -6.201273
v 10.615105 0.107617 -6.157466
v 10.622110 0.342007 -6.157964
v 10.615105 0.459473 -6.157466
v 10.609598 0.694045 -6.157077
v 10.603622 0.929071 -6.156528
v 10.602330 0.932369 -6.187400
v 10.613292 0.806805 -6.188195
v 10.606524 0.689778 -6.187687
v 10.607433 0.576759 -6.187721
v 10.612940 0.459473 -6.188110
v 10.620857 0.343886 -6.188709
v 10.607901 0.218170 -6.187535
v 10.775533 0.010137 -6.168893
v 10.741247 0.013489 -6.166275
v 10.707433 0.011052 -6.163988
v 10.672006 0.017890 -6.161533
v 10.639399 0.010524 -6.159221
v 10.637380 0.011053 -6.189837
v 10.704708 0.005131 -6.194746
v 10.739101 0.010058 -6.197106
v 10.772716 -0.005710 -6.199991
v 10.639544 1.025180 -6.159192
v 10.673489 1.025180 -6.161590
v 10.707433 1.025180 -6.163988
v 10.741327 1.025137 -6.166387
v 10.773123 1.014575 -6.168600
v 10.771883 1.018443 -6.199338
v 10.705268 1.025180 -6.194633
v 10.672311 1.030581 -6.192405
v 10.776148 0.927975 -6.199296
v 10.741516 0.929783 -6.196986
v 10.705281 0.928616 -6.194373
v 10.669693 0.928616 -6.191859
v 10.633896 0.929209 -6.189296
v 10.769287 0.811330 -6.199784
v 10.737152 0.805999 -6.196559
v 10.704553 0.810851 -6.195131
v 10.673255 0.811330 -6.192110
v 10.641224 0.811316 -6.189847
v 10.770515 0.694525 -6.199139
v 10.735386 0.688743 -6.196499
v 10.704523 0.697286 -6.194096
v 10.671342 0.694045 -6.191975
v 10.638324 0.700714 -6.189682
v 10.773174 0.576759 -6.199169
v 10.739230 0.576759 -6.196771
v 10.705223 0.576759 -6.195259
v 10.671342 0.576759 -6.191975
v 10.637398 0.576759 -6.189577
v 10.769343 0.459473 -6.198898
v 10.736548 0.465847 -6.196712
v 10.705059 0.462830 -6.195373
v 10.673248 0.459473 -6.192110
v 10.641216 0.459473 -6.189847
v 10.773746 0.337000 -6.199200
v 10.739230 0.342188 -6.196771
v 10.705223 0.342188 -6.195259
v 10.684074 0.340840 -6.192874
v 10.650129 0.340840 -6.190476
v 10.758716 0.250719 -6.198306
v 10.739230 0.224902 -6.196771
v 10.705286 0.224902 -6.194373
v 10.671356 0.224967 -6.192047
v 10.637335 0.224902 -6.190463
v 10.769343 0.107617 -6.198898
v 10.737199 0.114311 -6.196717
v 10.704291 0.111249 -6.194367
v 10.673248 0.107617 -6.192110
v 10.641216 0.107617 -6.189847
v 10.771471 0.107617 -6.168772
v 10.739440 0.107617 -6.166510
v 10.707408 0.107617 -6.164247
v 10.675751 0.106415 -6.162216
v 10.642505 0.111655 -6.159487
v 10.775365 0.224902 -6.168158
v 10.741219 0.231140 -6.166605
v 10.709180 0.225084 -6.164352
v 10.672211 0.224353 -6.161946
v 10.639263 0.225201 -6.159431
v 10.775646 0.337304 -6.169089
v 10.741359 0.342188 -6.166645
v 10.707414 0.342188 -6.164248
v 10.673470 0.342188 -6.161849
v 10.639525 0.342188 -6.159451
v 10.771471 0.459473 -6.168772
v 10.739440 0.459473 -6.166510
v 10.707437 0.459160 -6.164245
v 10.675376 0.459473 -6.161984
v 10.642791 0.457889 -6.159528
v 10.774357 0.576582 -6.167987
v 10.741359 0.576759 -6.166645
v 10.707414 0.576759 -6.164248
v 10.673470 0.576759 -6.161849
v 10.639525 0.576759 -6.159451
v 10.772070 0.694841 -6.169038
v 10.737538 0.688655 -6.166375
v 10.707429 0.699584 -6.164208
v 10.673470 0.694045 -6.161849
v 10.639525 0.694044 -6.159451
v 10.771574 0.814709 -6.168574
v 10.738851 0.818351 -6.166531
v 10.708126 0.806873 -6.163377
v 10.675384 0.811330 -6.161984
v 10.643693 0.811818 -6.159721
v 10.779656 0.931935 -6.169301
v 10.743705 0.930185 -6.166900
v 10.707472 0.928616 -6.163362
v 10.671821 0.928616 -6.161733
v 10.637424 0.933376 -6.159292
v 10.803797 0.009788 -6.202156
v 10.804008 0.006515 -6.187136
v 10.783623 -0.004295 -6.200774
v 10.781833 0.811867 -6.169271
v 10.800942 0.795208 -6.170570
v 10.799476 0.810201 -6.181320
v 10.801738 0.817958 -6.170626
v 10.778228 0.459473 -6.169188
v 10.800211 0.448097 -6.170558
v 10.798229 0.459473 -6.192017
v 10.800392 0.470848 -6.170543
v 10.776262 0.107399 -6.199451
v 10.797034 0.118097 -6.201130
v 10.799140 0.107349 -6.179685
v 10.798430 0.095350 -6.201283
v 10.768406 0.252470 -6.199077
v 10.790679 0.267480 -6.200808
v 10.790550 0.252464 -6.180376
v 10.789429 0.244773 -6.200732
v 10.782953 0.338579 -6.199926
v 10.802836 0.353463 -6.201504
v 10.804295 0.338609 -6.181032
v 10.801468 0.330754 -6.201430
v 10.776030 0.811494 -6.200102
v 10.798547 0.823386 -6.201191
v 10.798956 0.808406 -6.190361
v 10.797704 0.800640 -6.201131
v 10.807115 0.939989 -6.201834
v 10.809355 0.928616 -6.180370
v 10.806831 0.917248 -6.201804
v 10.786361 0.928182 -6.200128
v 10.610156 0.213382 -6.157111
v 10.631108 0.225079 -6.158782
v 10.610833 0.236120 -6.157159
v 10.608497 0.220449 -6.176996
v 10.610785 0.563823 -6.157102
v 10.631696 0.576341 -6.158811
v 10.610246 0.586580 -6.157063
v 10.608306 0.576287 -6.178431
v 10.613770 0.800617 -6.157197
v 10.635698 0.811865 -6.159040
v 10.613188 0.823360 -6.157143
v 10.613604 0.808553 -6.177752
v 10.614459 0.107617 -6.166603
v 10.612421 0.118993 -6.188051
v 10.634460 0.107617 -6.189432
v 10.612231 0.096243 -6.188073
v 10.649807 0.011153 -6.190722
v 10.671539 0.022705 -6.192235
v 10.691602 0.007562 -6.193768
v 10.671762 0.015595 -6.172272
v 10.757810 1.023008 -6.198254
v 10.739714 1.017575 -6.196859
v 10.718417 1.026631 -6.195482
v 10.740750 1.026329 -6.175902
v 10.638899 1.025180 -6.168329
v 10.658019 1.028371 -6.191354
v 10.636966 1.013802 -6.189773
v 10.616433 1.027775 -6.188436
v 10.410396 -0.002826 -6.178701
v 10.413910 -0.004158 -6.209425
v 10.603907 0.004227 -6.155447
v 10.410222 1.055704 -6.178695
v 10.413911 1.055704 -6.209425
v 10.603479 1.050816 -6.155541
v 10.607892 1.053852 -6.186083
v 10.610435 0.951592 -6.154779
v 10.601923 0.702676 -6.155801
v 10.606515 0.581062 -6.155137
v 10.605223 0.337808 -6.155578
v 10.591981 0.248206 -6.156802
v 10.600231 0.099954 -6.156004
v 10.603892 0.464942 -6.186506
v 10.607580 0.589067 -6.186025
v 10.605584 0.702676 -6.186303
v 10.416447 0.099954 -6.178063
v 10.423420 0.343091 -6.177229
v 10.416447 0.464942 -6.178063
v 10.410966 0.708267 -6.178721
v 10.404994 0.952064 -6.179310
v 10.409555 0.955486 -6.209872
v 10.420470 0.825235 -6.208583
v 10.413729 0.703841 -6.209361
v 10.414627 0.586604 -6.209223
v 10.420108 0.464942 -6.208565
v 10.427997 0.345041 -6.207658
v 10.415051 0.214633 -6.208952
v 10.576146 -0.001164 -6.158989
v 10.541984 0.002313 -6.162893
v 10.508345 -0.000214 -6.167033
v 10.473092 0.006879 -6.171313
v 10.440635 -0.000762 -6.175200
v 10.444433 -0.000214 -6.205646
v 10.511478 -0.006356 -6.197753
v 10.545698 -0.001245 -6.193575
v 10.579252 -0.017602 -6.190061
v 10.440773 1.051760 -6.175144
v 10.474559 1.051760 -6.171088
v 10.508346 1.051760 -6.167033
v 10.542084 1.051715 -6.162989
v 10.573725 1.040759 -6.159157
v 10.578312 1.044772 -6.189576
v 10.512007 1.051760 -6.197535
v 10.479222 1.057363 -6.201571
v 10.582493 0.950928 -6.188729
v 10.548047 0.952803 -6.193001
v 10.511971 0.951592 -6.197278
v 10.476548 0.951592 -6.201529
v 10.440911 0.952208 -6.205773
v 10.575847 0.829929 -6.190505
v 10.543681 0.824400 -6.193406
v 10.511398 0.829432 -6.198160
v 10.480094 0.829929 -6.201104
v 10.448212 0.829915 -6.204930
v 10.576932 0.708765 -6.189639
v 10.541935 0.702767 -6.193681
v 10.511174 0.711629 -6.197148
v 10.478189 0.708267 -6.201332
v 10.445332 0.715185 -6.205316
v 10.579548 0.586604 -6.189166
v 10.545762 0.586604 -6.193222
v 10.512081 0.586604 -6.198158
v 10.478189 0.586604 -6.201332
v 10.444403 0.586604 -6.205388
v 10.575734 0.464942 -6.189624
v 10.543118 0.471553 -6.193671
v 10.511942 0.468423 -6.198302
v 10.480086 0.464942 -6.201104
v 10.448204 0.464942 -6.204931
v 10.580114 0.337897 -6.189088
v 10.545761 0.343279 -6.193222
v 10.512081 0.343279 -6.198158
v 10.490862 0.341881 -6.199811
v 10.457076 0.341881 -6.203866
v 10.565187 0.248397 -6.191049
v 10.545761 0.221616 -6.193222
v 10.511975 0.221617 -6.197277
v 10.478217 0.221684 -6.201400
v 10.444509 0.221616 -6.206269
v 10.575734 0.099954 -6.189624
v 10.543756 0.106898 -6.193552
v 10.510998 0.103721 -6.197459
v 10.480086 0.099954 -6.201104
v 10.448204 0.099954 -6.204931
v 10.572135 0.099954 -6.159638
v 10.540253 0.099954 -6.163465
v 10.508370 0.099954 -6.167292
v 10.476899 0.098707 -6.171276
v 10.443736 0.104143 -6.174874
v 10.575843 0.221616 -6.158299
v 10.542018 0.228086 -6.163222
v 10.510130 0.221805 -6.167061
v 10.473372 0.221047 -6.171679
v 10.440542 0.221926 -6.175431
v 10.576295 0.338212 -6.159161
v 10.542162 0.343279 -6.163236
v 10.508376 0.343279 -6.167291
v 10.474589 0.343279 -6.171347
v 10.440804 0.343279 -6.175402
v 10.572135 0.464942 -6.159638
v 10.540253 0.464942 -6.163465
v 10.508398 0.464616 -6.167285
v 10.476487 0.464942 -6.171119
v 10.444024 0.463298 -6.174861
v 10.574821 0.586420 -6.158322
v 10.542163 0.586604 -6.163236
v 10.508376 0.586604 -6.167291
v 10.474590 0.586604 -6.171347
v 10.440804 0.586604 -6.175402
v 10.572773 0.709093 -6.159787
v 10.538361 0.702676 -6.163692
v 10.508384 0.714012 -6.167250
v 10.474590 0.708267 -6.171347
v 10.440804 0.708267 -6.175402
v 10.572199 0.833435 -6.159425
v 10.539678 0.837212 -6.163597
v 10.508911 0.825306 -6.166303
v 10.476495 0.829929 -6.171118
v 10.444946 0.830435 -6.174880
v 10.580273 0.955035 -6.158611
v 10.544516 0.953220 -6.163043
v 10.508265 0.951592 -6.166410
v 10.472949 0.951592 -6.171544
v 10.438710 0.956530 -6.175642
v 10.610183 -0.001526 -6.186317
v 10.607554 -0.004921 -6.171527
v 10.590111 -0.016134 -6.188769
v 10.582405 0.830486 -6.158171
v 10.601416 0.813205 -6.155838
v 10.602006 0.828758 -6.166672
v 10.602207 0.836804 -6.155744
v 10.578849 0.464942 -6.158770
v 10.600695 0.453140 -6.155964
v 10.602801 0.464942 -6.177411
v 10.600870 0.476740 -6.155916
v 10.582634 0.099728 -6.188860
v 10.603349 0.110825 -6.186587
v 10.601367 0.099676 -6.165130
v 10.604748 0.087229 -6.186472
v 10.574847 0.250213 -6.189977
v 10.597047 0.265783 -6.187470
v 10.593062 0.250206 -6.167430
v 10.595805 0.242228 -6.187632
v 10.589293 0.339536 -6.188064
v 10.609118 0.354975 -6.185857
v 10.606683 0.339567 -6.165479
v 10.607759 0.331419 -6.186044
v 10.582528 0.830100 -6.189543
v 10.604846 0.842435 -6.186360
v 10.603203 0.826896 -6.175648
v 10.604007 0.818840 -6.186461
v 10.613381 0.963390 -6.185374
v 10.611527 0.951592 -6.163874
v 10.613097 0.939801 -6.185398
v 10.592679 0.951142 -6.187618
v 10.411520 0.209666 -6.178650
v 10.432411 0.221800 -6.176334
v 10.412194 0.233253 -6.178569
v 10.413646 0.216997 -6.198491
v 10.412137 0.573186 -6.178522
v 10.432993 0.586171 -6.176252
v 10.411600 0.596791 -6.178586
v 10.413730 0.586114 -6.199935
v 10.415087 0.818816 -6.178051
v 10.436967 0.830485 -6.175721
v 10.414504 0.842408 -6.178109
v 10.418804 0.827049 -6.198268
v 10.417539 0.099954 -6.187158
v 10.419587 0.111754 -6.208605
v 10.441490 0.099954 -6.205800
v 10.419405 0.088156 -6.208663
v 10.456804 -0.000110 -6.204168
v 10.478433 0.011873 -6.201550
v 10.498423 -0.003834 -6.199266
v 10.474881 0.004498 -6.181904
v 10.564286 1.049507 -6.191170
v 10.546253 1.043871 -6.193217
v 10.525080 1.053264 -6.195886
v 10.543314 1.052952 -6.172441
v 10.441864 1.051760 -6.184238
v 10.464989 1.055071 -6.203238
v 10.444016 1.039958 -6.205661
v 10.423600 1.054452 -6.208225
v 9.237489 -0.002826 -5.791543
v 9.206622 -0.004158 -5.793448
v 9.265691 0.004227 -6.178257
v 9.237492 1.055704 -5.791199
v 9.206622 1.055704 -5.793448
v 9.265585 1.050816 -6.177397
v 9.234923 1.053852 -6.181108
v 9.266524 0.951592 -6.191286
v 9.265285 0.702676 -6.174273
v 9.266068 0.581062 -6.183468
v 9.265592 0.337808 -6.180840
v 9.264031 0.248206 -6.154438
v 9.265038 0.099954 -6.170894
v 9.234399 0.464942 -6.173126
v 9.234975 0.589067 -6.180502
v 9.234646 0.702676 -6.176506
v 9.238281 0.099954 -5.803620
v 9.239293 0.343091 -5.817555
v 9.238281 0.464942 -5.803620
v 9.237483 0.708267 -5.792667
v 9.236743 0.952065 -5.780755
v 9.206065 0.955486 -5.784757
v 9.207633 0.825235 -5.806566
v 9.206682 0.703841 -5.793099
v 9.206843 0.586604 -5.794899
v 9.207642 0.464942 -5.805852
v 9.208750 0.345041 -5.821610
v 9.207127 0.214633 -5.795783
v 9.261436 -0.001164 -6.122747
v 9.256661 0.002313 -6.054509
v 9.251660 -0.000214 -5.987269
v 9.246480 0.006879 -5.916812
v 9.241763 -0.000762 -5.851952
v 9.211183 -0.000214 -5.854465
v 9.220789 -0.006356 -5.988421
v 9.225842 -0.001245 -6.056818
v 9.230210 -0.017602 -6.123787
v 9.241823 1.051760 -5.852232
v 9.246742 1.051760 -5.919751
v 9.251661 1.051760 -5.987269
v 9.256568 1.051715 -6.054691
v 9.261209 1.040759 -6.117927
v 9.230675 1.044772 -6.122005
v 9.221022 1.051760 -5.989501
v 9.216146 1.057363 -5.923968
v 9.231631 0.950928 -6.130416
v 9.226479 0.952803 -6.061559
v 9.221280 0.951592 -5.989473
v 9.216123 0.951592 -5.918685
v 9.210968 0.952208 -5.847474
v 9.229679 0.829929 -6.116976
v 9.225962 0.824400 -6.052853
v 9.220376 0.829432 -5.988196
v 9.216639 0.829929 -5.925770
v 9.211997 0.829915 -5.862057
v 9.230577 0.708765 -6.119264
v 9.225642 0.702767 -6.049354
v 9.221390 0.711629 -5.987918
v 9.216362 0.708267 -5.921964
v 9.211537 0.715185 -5.856296
v 9.231118 0.586604 -6.124519
v 9.226199 0.586604 -6.057001
v 9.220395 0.586604 -5.989547
v 9.216361 0.586604 -5.921964
v 9.211443 0.586604 -5.854446
v 9.230563 0.464942 -6.116898
v 9.225681 0.471553 -6.051695
v 9.220247 0.468424 -5.989248
v 9.216638 0.464942 -5.925756
v 9.211996 0.464942 -5.862043
v 9.231211 0.337897 -6.125653
v 9.226199 0.343279 -6.057001
v 9.220395 0.343279 -5.989547
v 9.218206 0.341881 -5.947290
v 9.213287 0.341881 -5.879772
v 9.228868 0.248397 -6.095793
v 9.226199 0.221617 -6.057001
v 9.221280 0.221617 -5.989482
v 9.216293 0.221684 -5.922008
v 9.210557 0.221617 -5.854510
v 9.230563 0.099954 -6.116898
v 9.225817 0.106898 -6.052980
v 9.221073 0.103721 -5.987519
v 9.216638 0.099954 -5.925756
v 9.211996 0.099954 -5.862043
v 9.260684 0.099954 -6.114704
v 9.256042 0.099954 -6.050990
v 9.251401 0.099954 -5.987276
v 9.246611 0.098707 -5.924350
v 9.242167 0.104143 -5.858140
v 9.262125 0.221617 -6.122260
v 9.256330 0.228087 -6.054523
v 9.251678 0.221805 -5.990797
v 9.246117 0.221047 -5.917304
v 9.241528 0.221926 -5.851729
v 9.261268 0.338212 -6.123013
v 9.256320 0.343279 -6.054806
v 9.251401 0.343279 -5.987288
v 9.246482 0.343279 -5.919770
v 9.241563 0.343279 -5.852252
v 9.260684 0.464942 -6.114703
v 9.256042 0.464942 -6.050990
v 9.251409 0.464616 -5.987332
v 9.246758 0.464942 -5.923562
v 9.242188 0.463298 -5.858713
v 9.262076 0.586421 -6.120234
v 9.256321 0.586604 -6.054806
v 9.251402 0.586604 -5.987288
v 9.246483 0.586604 -5.919770
v 9.241564 0.586604 -5.852252
v 9.260550 0.709093 -6.115942
v 9.255767 0.702676 -6.047209
v 9.251444 0.714012 -5.987310
v 9.246483 0.708267 -5.919770
v 9.241564 0.708267 -5.852252
v 9.260901 0.833435 -6.114865
v 9.255896 0.837212 -6.049831
v 9.252411 0.825306 -5.988508
v 9.246759 0.829929 -5.923575
v 9.242191 0.830435 -5.860535
v 9.261920 0.955035 -6.130974
v 9.256573 0.953220 -6.059494
v 9.252286 0.951592 -5.987214
v 9.246243 0.951592 -5.916490
v 9.241270 0.956530 -5.848070
v 9.234744 -0.001526 -6.185604
v 9.249579 -0.004921 -6.182834
v 9.231779 -0.016134 -6.145486
v 9.262416 0.830486 -6.135264
v 9.265235 0.813205 -6.173265
v 9.254335 0.828758 -6.172652
v 9.265350 0.836805 -6.174846
v 9.261724 0.464942 -6.128130
v 9.265090 0.453140 -6.171817
v 9.243535 0.464942 -6.172461
v 9.265143 0.476740 -6.172172
v 9.231503 0.099728 -6.130675
v 9.234304 0.110825 -6.172036
v 9.255873 0.099676 -6.171642
v 9.234454 0.087229 -6.174825
v 9.230186 0.250214 -6.115085
v 9.233258 0.265783 -6.159422
v 9.253350 0.250206 -6.154831
v 9.233065 0.242228 -6.156939
v 9.232470 0.339536 -6.143984
v 9.235181 0.354975 -6.183570
v 9.255652 0.339567 -6.182102
v 9.234961 0.331419 -6.180853
v 9.230812 0.830100 -6.130353
v 9.234570 0.842435 -6.175036
v 9.245321 0.826896 -6.173544
v 9.234447 0.818840 -6.173359
v 9.235774 0.963390 -6.192086
v 9.257389 0.951592 -6.191951
v 9.235743 0.939801 -6.191521
v 9.233003 0.951142 -6.150754
v 9.237569 0.209666 -5.793776
v 9.240417 0.221800 -5.835492
v 9.237667 0.233253 -5.795124
v 9.217632 0.216997 -5.794722
v 9.237713 0.573186 -5.795017
v 9.240515 0.586171 -5.836658
v 9.237635 0.596792 -5.793943
v 9.216179 0.586114 -5.794651
v 9.238260 0.818816 -5.800931
v 9.241148 0.830485 -5.844608
v 9.238188 0.842408 -5.799768
v 9.217983 0.827049 -5.804964
v 9.229145 0.099954 -5.804286
v 9.207588 0.111755 -5.804816
v 9.210956 0.099954 -5.848616
v 9.207526 0.088156 -5.804447
v 9.212977 -0.000110 -5.879186
v 9.216147 0.011873 -5.922410
v 9.218942 -0.003834 -5.962340
v 9.235853 0.004498 -5.918612
v 9.228724 1.049507 -6.093993
v 9.226216 1.043872 -6.057973
v 9.223005 1.053265 -6.015640
v 9.247075 1.052952 -6.055572
v 9.232687 1.051760 -5.852898
v 9.214115 1.055071 -5.895532
v 9.211158 1.039958 -5.853636
v 9.208071 1.054452 -5.812819
v 10.788556 0.008534 -6.182837
v 10.819478 0.007250 -6.182309
v 10.777716 0.015334 -5.797699
v 10.788539 1.028982 -6.183177
v 10.819478 1.028982 -6.182309
v 10.777782 1.024270 -5.798558
v 10.808579 1.027197 -5.796228
v 10.777467 0.928616 -5.784729
v 10.777943 0.688655 -5.801671
v 10.777573 0.571416 -5.792509
v 10.777930 0.336914 -5.795139
v 10.778306 0.250535 -5.821418
v 10.778037 0.107617 -5.805037
v 10.808745 0.459473 -5.804175
v 10.808501 0.579133 -5.796828
v 10.808651 0.688655 -5.800809
v 10.788307 0.107617 -6.170812
v 10.787920 0.342007 -6.156934
v 10.788307 0.459473 -6.170813
v 10.788613 0.694044 -6.181721
v 10.788819 0.929071 -6.193579
v 10.819645 0.932369 -6.190961
v 10.819056 0.806805 -6.169242
v 10.819402 0.689778 -6.182653
v 10.819322 0.576759 -6.180859
v 10.819016 0.459473 -6.169950
v 10.818614 0.343886 -6.154258
v 10.819078 0.218170 -6.179969
v 10.779477 0.010137 -5.852992
v 10.781190 0.013489 -5.920943
v 10.783172 0.011053 -5.987913
v 10.785190 0.017890 -6.058084
v 10.786995 0.010524 -6.122680
v 10.817657 0.011052 -6.121536
v 10.814064 0.005131 -5.988133
v 10.812081 0.010058 -5.920013
v 10.810719 -0.005710 -5.853339
v 10.786947 1.025180 -6.122398
v 10.785060 1.025180 -6.055155
v 10.783172 1.025180 -5.987913
v 10.781291 1.025137 -5.920766
v 10.779490 1.014575 -5.857787
v 10.810175 1.018443 -5.855087
v 10.813880 1.025180 -5.987051
v 10.815814 1.030581 -6.052320
v 10.809597 0.927975 -5.846695
v 10.811658 0.929783 -5.915277
v 10.813621 0.928616 -5.987068
v 10.815600 0.928616 -6.057567
v 10.817557 0.929209 -6.128486
v 10.810945 0.811330 -5.860124
v 10.811784 0.805999 -5.923943
v 10.814466 0.810851 -5.988375
v 10.815402 0.811330 -6.050510
v 10.817183 0.811316 -6.113963
v 10.810149 0.694525 -5.857812
v 10.811946 0.688743 -5.927431
v 10.813440 0.697286 -5.988605
v 10.815508 0.694044 -6.054300
v 10.817384 0.700714 -6.119702
v 10.809844 0.576759 -5.852572
v 10.811732 0.576759 -5.919815
v 10.814507 0.576759 -5.987033
v 10.815508 0.576759 -6.054300
v 10.817396 0.576759 -6.121543
v 10.810058 0.459473 -5.860162
v 10.812012 0.465847 -5.925105
v 10.814642 0.462830 -5.987337
v 10.815402 0.459473 -6.050524
v 10.817183 0.459473 -6.113977
v 10.809803 0.337000 -5.851442
v 10.811732 0.342188 -5.919815
v 10.814507 0.342188 -5.987033
v 10.814800 0.340840 -6.029078
v 10.816688 0.340840 -6.096321
v 10.810806 0.250719 -5.881188
v 10.811732 0.224902 -5.919815
v 10.813621 0.224902 -5.987058
v 10.815578 0.224967 -6.054260
v 10.818284 0.224902 -6.121518
v 10.810058 0.107617 -5.860162
v 10.811934 0.114311 -5.923823
v 10.813740 0.111249 -5.989017
v 10.815402 0.107617 -6.050524
v 10.817183 0.107617 -6.113977
v 10.779868 0.107617 -5.861010
v 10.781650 0.107617 -5.924464
v 10.783432 0.107617 -5.987917
v 10.785397 0.106414 -6.050596
v 10.786868 0.111655 -6.116518
v 10.778768 0.224902 -5.853445
v 10.781520 0.231140 -5.920944
v 10.783313 0.225084 -5.984410
v 10.785574 0.224353 -6.057612
v 10.787220 0.225201 -6.122911
v 10.779658 0.337303 -5.852735
v 10.781544 0.342188 -5.920663
v 10.783431 0.342188 -5.987906
v 10.785319 0.342188 -6.055148
v 10.787208 0.342188 -6.122391
v 10.779868 0.459473 -5.861010
v 10.781651 0.459473 -5.924464
v 10.783426 0.459160 -5.987862
v 10.785213 0.459473 -6.051372
v 10.786873 0.457889 -6.115949
v 10.778726 0.576582 -5.855458
v 10.781544 0.576759 -5.920663
v 10.783431 0.576759 -5.987906
v 10.785319 0.576759 -6.055148
v 10.787208 0.576759 -6.122391
v 10.780057 0.694841 -5.859787
v 10.781755 0.688655 -5.928229
v 10.783390 0.699584 -5.987882
v 10.785319 0.694044 -6.055148
v 10.787208 0.694044 -6.122391
v 10.779659 0.814709 -5.860840
v 10.781745 0.818351 -5.925621
v 10.782478 0.806873 -5.986650
v 10.785213 0.811330 -6.051358
v 10.786952 0.811818 -6.114141
v 10.779364 0.931935 -5.844803
v 10.781502 0.930185 -5.915998
v 10.782544 0.928616 -5.987940
v 10.785411 0.928616 -6.058414
v 10.787313 0.933376 -6.126555
v 10.808960 0.009788 -5.791773
v 10.794015 0.006515 -5.793868
v 10.810124 -0.004295 -5.831729
v 10.779060 0.811867 -5.840523
v 10.777947 0.795208 -5.802675
v 10.788809 0.810201 -5.803765
v 10.777903 0.817958 -5.801100
v 10.779430 0.459473 -5.847635
v 10.778027 0.448096 -5.804119
v 10.799589 0.459473 -5.804432
v 10.777989 0.470848 -5.803764
v 10.809736 0.107399 -5.846445
v 10.808791 0.118097 -5.805261
v 10.787227 0.107349 -5.804700
v 10.808766 0.095350 -5.802486
v 10.810353 0.252470 -5.861979
v 10.809271 0.267480 -5.817830
v 10.788994 0.252464 -5.821499
v 10.809353 0.244773 -5.820303
v 10.809367 0.338579 -5.833189
v 10.808433 0.353463 -5.793772
v 10.787916 0.338609 -5.794325
v 10.808531 0.330754 -5.796480
v 10.810412 0.811494 -5.846794
v 10.808661 0.823386 -5.802272
v 10.797853 0.808406 -5.803277
v 10.808708 0.800640 -5.803942
v 10.808222 0.939989 -5.785293
v 10.786623 0.928616 -5.784472
v 10.808228 0.917248 -5.785855
v 10.809138 0.928182 -5.826445
v 10.788577 0.213382 -6.180616
v 10.787601 0.225079 -6.139079
v 10.788540 0.236120 -6.179274
v 10.808536 0.220449 -6.180558
v 10.788488 0.563823 -6.179378
v 10.787556 0.576341 -6.137917
v 10.788519 0.586580 -6.180447
v 10.809984 0.576287 -6.180693
v 10.788207 0.800617 -6.173483
v 10.787280 0.811865 -6.129997
v 10.788227 0.823360 -6.174641
v 10.808644 0.808553 -6.170375
v 10.797463 0.107617 -6.170555
v 10.819022 0.118993 -6.170981
v 10.817621 0.107617 -6.127352
v 10.819068 0.096243 -6.171350
v 10.816972 0.011153 -6.096916
v 10.815742 0.022705 -6.053867
v 10.814740 0.007562 -6.014105
v 10.795886 0.015595 -6.056767
v 10.810868 1.023008 -5.882982
v 10.811759 1.017575 -5.918849
v 10.813070 1.026631 -5.961015
v 10.790813 1.026329 -5.920311
v 10.796103 1.025180 -6.122141
v 10.816567 1.028371 -6.080639
v 10.817644 1.013802 -6.122360
v 10.818899 1.027775 -6.163016
v 9.213151 0.363305 -5.808253
v 9.211068 0.394101 -5.805489
v 9.228703 0.379950 -6.002114
v 10.811719 0.363263 -5.767731
v 10.811652 0.394101 -5.765084
v 10.809232 0.379956 -5.961778
v 10.813767 0.410756 -5.959762
v 10.659560 0.380626 -5.972524
v 10.283437 0.379893 -5.973474
v 10.099895 0.380177 -5.982739
v 9.732503 0.380346 -5.990658
v 9.596854 0.378848 -5.980865
v 9.373175 0.379747 -5.994754
v 9.924306 0.410355 -5.978213
v 10.111851 0.410635 -5.977188
v 10.283371 0.410501 -5.970847
v 9.368520 0.363913 -5.810387
v 9.735878 0.364517 -5.808113
v 9.919718 0.363913 -5.796473
v 10.287044 0.363441 -5.781699
v 10.655072 0.362801 -5.766440
v 10.660194 0.393651 -5.764551
v 10.463768 0.394612 -5.780462
v 10.280271 0.394001 -5.778333
v 10.103245 0.394049 -5.783710
v 9.919651 0.394521 -5.793846
v 9.738779 0.395240 -5.806323
v 9.541512 0.393870 -5.798360
v 9.219858 0.377764 -5.974428
v 9.224244 0.374628 -5.940065
v 9.219576 0.371830 -5.906395
v 9.229394 0.368841 -5.870750
v 9.217032 0.366036 -5.838484
v 9.217798 0.396617 -5.835982
v 9.210219 0.402544 -5.903441
v 9.218804 0.405424 -5.937589
v 9.194950 0.408817 -5.971769
v 10.806536 0.366009 -5.798505
v 10.807391 0.368920 -5.832398
v 10.808247 0.371830 -5.866292
v 10.809033 0.374742 -5.900138
v 10.793289 0.377436 -5.932303
v 10.799306 0.408151 -5.930447
v 10.808180 0.402439 -5.863665
v 10.815811 0.399714 -5.830542
v 10.657692 0.408174 -5.938288
v 10.659652 0.405340 -5.903635
v 10.656909 0.402179 -5.867501
v 10.656012 0.399127 -5.831966
v 10.656039 0.396024 -5.796200
v 10.474790 0.408558 -5.936036
v 10.465629 0.404848 -5.904173
v 10.472407 0.402927 -5.871418
v 10.472369 0.399433 -5.840161
v 10.471539 0.396686 -5.808178
v 10.291842 0.407931 -5.941892
v 10.281898 0.404761 -5.907046
v 10.294503 0.401891 -5.875896
v 10.288589 0.399269 -5.842888
v 10.298203 0.396477 -5.809655
v 10.107423 0.408001 -5.949206
v 10.106567 0.405090 -5.915313
v 10.105710 0.403064 -5.881344
v 10.104856 0.399269 -5.847527
v 10.104000 0.396358 -5.813633
v 9.923594 0.407673 -5.950019
v 9.932752 0.404992 -5.917020
v 9.927232 0.403176 -5.885684
v 9.921171 0.399432 -5.854068
v 9.920364 0.396686 -5.822085
v 9.731845 0.408041 -5.959258
v 9.739102 0.405090 -5.924589
v 9.738245 0.403064 -5.890620
v 9.735601 0.400361 -5.869569
v 9.734746 0.397450 -5.835676
v 9.596304 0.406920 -5.947660
v 9.555369 0.405090 -5.929227
v 9.554514 0.402180 -5.895334
v 9.553761 0.399341 -5.861452
v 9.552801 0.397243 -5.827471
v 9.372396 0.407673 -5.963933
v 9.382073 0.405006 -5.931571
v 9.376446 0.402159 -5.898835
v 9.369974 0.399432 -5.867982
v 9.369166 0.396686 -5.835999
v 9.372461 0.377583 -5.966516
v 9.371654 0.374836 -5.934532
v 9.370847 0.372089 -5.902548
v 9.368165 0.369580 -5.870983
v 9.375537 0.366349 -5.837585
v 9.556293 0.377027 -5.965779
v 9.565203 0.374957 -5.931424
v 9.554908 0.372221 -5.899673
v 9.552832 0.369257 -5.862784
v 9.553329 0.366243 -5.829856
v 9.732380 0.377963 -5.961601
v 9.739167 0.375000 -5.927172
v 9.738312 0.372090 -5.893279
v 9.737456 0.369179 -5.859385
v 9.736601 0.366268 -5.825492
v 9.923659 0.377583 -5.952601
v 9.922852 0.374836 -5.920618
v 9.921554 0.372088 -5.888675
v 9.921237 0.369342 -5.856651
v 9.917933 0.366394 -5.824179
v 10.107187 0.376841 -5.950867
v 10.106632 0.375000 -5.917896
v 10.105777 0.372090 -5.884002
v 10.104921 0.369179 -5.850109
v 10.104066 0.366268 -5.816216
v 10.292387 0.377858 -5.943888
v 10.281826 0.374673 -5.909657
v 10.298186 0.372050 -5.879161
v 10.288653 0.369179 -5.845471
v 10.287798 0.366268 -5.811578
v 10.480153 0.377386 -5.938659
v 10.485032 0.374848 -5.905837
v 10.466278 0.371230 -5.875627
v 10.472434 0.369343 -5.842743
v 10.472400 0.366601 -5.811081
v 10.663996 0.378234 -5.942091
v 10.660348 0.375291 -5.906261
v 10.656976 0.371205 -5.870159
v 10.656077 0.369037 -5.834548
v 10.662668 0.366077 -5.800015
v 9.220012 0.411451 -6.002191
v 9.214895 0.396436 -6.002759
v 9.197442 0.409764 -5.982604
v 10.475959 0.378238 -5.949016
v 10.450343 0.379826 -5.968756
v 10.473789 0.390552 -5.966535
v 10.486002 0.379894 -5.968650
v 9.923829 0.378100 -5.959349
v 9.906561 0.379802 -5.981751
v 9.924325 0.401229 -5.978996
v 9.942206 0.379791 -5.981033
v 9.372230 0.408330 -5.970850
v 9.389511 0.410324 -5.991164
v 9.372736 0.388912 -5.994018
v 9.353912 0.410496 -5.993456
v 9.599292 0.407838 -5.957265
v 9.623366 0.409905 -5.978909
v 9.599847 0.389474 -5.979683
v 9.587763 0.409811 -5.978559
v 9.734551 0.408907 -5.968389
v 9.758368 0.410784 -5.987650
v 9.735145 0.390337 -5.990005
v 9.722759 0.410690 -5.987182
v 10.475217 0.408978 -5.942763
v 10.494414 0.410407 -5.964785
v 10.470961 0.399584 -5.965950
v 10.458759 0.410334 -5.964842
v 10.677292 0.411179 -5.968728
v 10.659540 0.389752 -5.971741
v 10.641662 0.411145 -5.969345
v 10.658273 0.409160 -5.948476
v 9.534081 0.363484 -5.801264
v 9.552933 0.365471 -5.821719
v 9.569717 0.363542 -5.801041
v 9.545102 0.383342 -5.799025
v 10.083077 0.363484 -5.788035
v 10.103213 0.365509 -5.808415
v 10.118712 0.363438 -5.786596
v 10.102530 0.384773 -5.784742
v 10.454099 0.363624 -5.781654
v 10.472273 0.365799 -5.803099
v 10.489713 0.363561 -5.780172
v 10.466519 0.384174 -5.780862
v 9.368501 0.373039 -5.809604
v 9.386262 0.394454 -5.806793
v 9.368997 0.396168 -5.829251
v 9.350619 0.394474 -5.807503
v 9.218268 0.397690 -5.848387
v 9.236913 0.399532 -5.869630
v 9.213697 0.401368 -5.890260
v 9.225789 0.379574 -5.870436
v 10.806103 0.406855 -5.916215
v 10.797135 0.405186 -5.898363
v 10.810784 0.403487 -5.876739
v 10.810884 0.384247 -5.899370
v 10.806516 0.375135 -5.797722
v 10.811989 0.398447 -5.816360
v 10.788635 0.396547 -5.795917
v 10.810007 0.394900 -5.774860
v 10.811954 0.371743 -6.199773
v 10.813967 0.402666 -6.199945
v 10.801298 0.371715 -6.004870
v 9.212873 0.371715 -6.199944
v 9.212873 0.402667 -6.199944
v 9.220256 0.371758 -6.005305
v 9.215671 0.402608 -6.004564
v 9.370151 0.371830 -5.998308
v 9.746179 0.371830 -6.006881
v 9.929896 0.371718 -6.002244
v 10.297371 0.372002 -6.003579
v 10.432729 0.371640 -6.016872
v 10.656688 0.371831 -6.008585
v 10.105315 0.402551 -6.008585
v 9.917804 0.402513 -6.004866
v 9.746178 0.402551 -6.006882
v 10.656688 0.371830 -6.193689
v 10.289390 0.371833 -6.186666
v 10.105315 0.371831 -6.193689
v 9.737733 0.371830 -6.199209
v 9.369437 0.371704 -6.205208
v 9.364268 0.402590 -6.204322
v 9.561033 0.402611 -6.193331
v 9.744419 0.402581 -6.200118
v 9.921524 0.402551 -6.199209
v 10.105315 0.402551 -6.193689
v 10.286445 0.402591 -6.185749
v 10.483447 0.402333 -6.198756
v 10.809443 0.371925 -6.032855
v 10.804191 0.371729 -6.067239
v 10.808008 0.371830 -6.101131
v 10.797293 0.371878 -6.136643
v 10.808836 0.371870 -6.169332
v 10.808008 0.402551 -6.169188
v 10.817286 0.402705 -6.101681
v 10.809566 0.402635 -6.067207
v 10.834275 0.403144 -6.033473
v 9.218831 0.371830 -6.169188
v 9.218831 0.371830 -6.135159
v 9.218831 0.371831 -6.101130
v 9.218899 0.371835 -6.067151
v 9.235449 0.371802 -6.035279
v 9.229387 0.402551 -6.034349
v 9.218831 0.402551 -6.101130
v 9.210366 0.402652 -6.134162
v 9.371154 0.402209 -6.030097
v 9.368320 0.402345 -6.064806
v 9.370151 0.402291 -6.101136
v 9.370151 0.402291 -6.136812
v 9.369221 0.402258 -6.172701
v 9.553942 0.403179 -6.036907
v 9.562295 0.402227 -6.069190
v 9.554692 0.403100 -6.101809
v 9.553942 0.402291 -6.133241
v 9.553964 0.402291 -6.165352
v 9.736979 0.402449 -6.035727
v 9.746041 0.402291 -6.070956
v 9.732654 0.402068 -6.101911
v 9.737733 0.402291 -6.135159
v 9.727282 0.402331 -6.168257
v 9.921524 0.402291 -6.033073
v 9.921524 0.402291 -6.067102
v 9.921524 0.403179 -6.101131
v 9.921524 0.402291 -6.135159
v 9.921524 0.402291 -6.169188
v 10.105315 0.402291 -6.036914
v 10.095326 0.402422 -6.069781
v 10.100055 0.403305 -6.101286
v 10.105315 0.402291 -6.133248
v 10.105315 0.402291 -6.165359
v 10.297236 0.402282 -6.032501
v 10.289106 0.402291 -6.067102
v 10.289106 0.403179 -6.101131
v 10.291217 0.402291 -6.122396
v 10.291217 0.402291 -6.156425
v 10.432441 0.402449 -6.047557
v 10.472897 0.402291 -6.067102
v 10.472897 0.402291 -6.101131
v 10.472795 0.402362 -6.135140
v 10.472897 0.403179 -6.169188
v 10.656688 0.402291 -6.036914
v 10.646197 0.402381 -6.069132
v 10.650996 0.402356 -6.102123
v 10.656688 0.402291 -6.133248
v 10.656688 0.402291 -6.165360
v 10.656688 0.372091 -6.036914
v 10.656688 0.372090 -6.069026
v 10.656688 0.372091 -6.101137
v 10.658572 0.372295 -6.132859
v 10.650360 0.371916 -6.166214
v 10.472897 0.371203 -6.033073
v 10.463122 0.372060 -6.067244
v 10.472612 0.372071 -6.099362
v 10.473757 0.372276 -6.136409
v 10.472429 0.372089 -6.169452
v 10.296760 0.372113 -6.032727
v 10.289106 0.372091 -6.067102
v 10.289106 0.372090 -6.101131
v 10.289106 0.372090 -6.135159
v 10.289106 0.372091 -6.169188
v 10.105315 0.372090 -6.036914
v 10.105315 0.372091 -6.069026
v 10.105806 0.372087 -6.101109
v 10.105315 0.372091 -6.133248
v 10.107798 0.371937 -6.165926
v 9.921802 0.371104 -6.034091
v 9.921524 0.372091 -6.067102
v 9.921524 0.372090 -6.101131
v 9.921524 0.372090 -6.135159
v 9.921524 0.372091 -6.169188
v 9.736485 0.372314 -6.036298
v 9.746178 0.372090 -6.070931
v 9.729053 0.372050 -6.101118
v 9.737733 0.372091 -6.135159
v 9.737733 0.372090 -6.169188
v 9.548646 0.371886 -6.036825
v 9.542940 0.372153 -6.069612
v 9.560926 0.371173 -6.100482
v 9.553942 0.372090 -6.133241
v 9.553178 0.372066 -6.165013
v 9.364949 0.372041 -6.028712
v 9.367691 0.372180 -6.064743
v 9.370151 0.371203 -6.101136
v 9.370151 0.372091 -6.136812
v 9.362691 0.372080 -6.171295
v 10.809989 0.403113 -6.002317
v 10.815119 0.388116 -6.003164
v 10.832058 0.403156 -6.022538
v 9.553101 0.371858 -6.026543
v 9.579206 0.371807 -6.007389
v 9.555712 0.382634 -6.008094
v 9.543556 0.371807 -6.006592
v 10.105315 0.372028 -6.030145
v 10.123143 0.371846 -6.008120
v 10.105315 0.393391 -6.008585
v 10.087491 0.371819 -6.007941
v 10.657029 0.402356 -6.029973
v 10.640265 0.402567 -6.009135
v 10.657107 0.381027 -6.008545
v 10.675911 0.402620 -6.007731
v 10.429696 0.402536 -6.037837
v 10.406176 0.402693 -6.015497
v 10.429707 0.382321 -6.017065
v 10.441759 0.402706 -6.016749
v 10.294761 0.402358 -6.023265
v 10.271437 0.402530 -6.003320
v 10.294714 0.382006 -6.003309
v 10.307023 0.402553 -6.004691
v 9.553684 0.403021 -6.030159
v 9.535049 0.402521 -6.007621
v 9.558524 0.391688 -6.007976
v 9.570694 0.402520 -6.008466
v 9.352328 0.402558 -5.999029
v 9.370151 0.380991 -5.998308
v 9.387963 0.402548 -5.999313
v 9.370831 0.402319 -6.019851
v 10.490950 0.371825 -6.198650
v 10.472620 0.372016 -6.177632
v 10.455318 0.371826 -6.197971
v 10.479876 0.391778 -6.198904
v 9.941794 0.371772 -6.198023
v 9.922178 0.372003 -6.177044
v 9.906135 0.371772 -6.198564
v 9.922264 0.393222 -6.198993
v 9.570730 0.371656 -6.195038
v 9.553102 0.371950 -6.173036
v 9.535090 0.371644 -6.195623
v 9.558293 0.392172 -6.193757
v 10.656688 0.380990 -6.193689
v 10.638861 0.402529 -6.194211
v 10.656688 0.402353 -6.172129
v 10.674510 0.402564 -6.194398
v 10.807851 0.402558 -6.156730
v 10.789748 0.402537 -6.134944
v 10.813478 0.402652 -6.114824
v 10.800889 0.382607 -6.136128
v 9.222234 0.402462 -6.048464
v 9.230747 0.402345 -6.066614
v 9.216558 0.402472 -6.087954
v 9.217030 0.381367 -6.067056
v 9.218831 0.380990 -6.169188
v 9.213830 0.402611 -6.148493
v 9.236660 0.402516 -6.169605
v 9.214764 0.402630 -6.190181
v 9.215376 0.686208 -5.787686
v 9.213364 0.717132 -5.787514
v 9.226032 0.686181 -5.982589
v 10.814458 0.686181 -5.787514
v 10.814458 0.717132 -5.787514
v 10.807075 0.686224 -5.982153
v 10.811660 0.717074 -5.982894
v 10.657180 0.686296 -5.989151
v 10.281152 0.686296 -5.980577
v 10.097434 0.686184 -5.985215
v 9.729959 0.686467 -5.983880
v 9.594602 0.686105 -5.970587
v 9.370643 0.686296 -5.978874
v 9.922015 0.717016 -5.978873
v 10.109527 0.716979 -5.982592
v 10.281152 0.717017 -5.980577
v 9.370643 0.686296 -5.793770
v 9.737941 0.686299 -5.800793
v 9.922015 0.686296 -5.793769
v 10.289598 0.686296 -5.788249
v 10.657893 0.686169 -5.782250
v 10.663061 0.717056 -5.783136
v 10.466297 0.717077 -5.794127
v 10.282911 0.717046 -5.787341
v 10.105806 0.717016 -5.788249
v 9.922015 0.717017 -5.793769
v 9.740886 0.717056 -5.801710
v 9.543883 0.716798 -5.788702
v 9.217888 0.686390 -5.954604
v 9.223140 0.686194 -5.920220
v 9.219322 0.686296 -5.886328
v 9.230037 0.686344 -5.850816
v 9.218494 0.686335 -5.818127
v 9.219322 0.717017 -5.818270
v 9.210044 0.717170 -5.885777
v 9.217764 0.717100 -5.920251
v 9.193055 0.717609 -5.953985
v 10.808499 0.686296 -5.818270
v 10.808499 0.686296 -5.852299
v 10.808499 0.686296 -5.886328
v 10.808432 0.686301 -5.920308
v 10.791882 0.686268 -5.952179
v 10.797943 0.717017 -5.953109
v 10.808499 0.717016 -5.886328
v 10.816963 0.717117 -5.853296
v 10.656177 0.716674 -5.957361
v 10.659009 0.716810 -5.922652
v 10.657180 0.716757 -5.886322
v 10.657180 0.716757 -5.850646
v 10.658110 0.716723 -5.814757
v 10.473389 0.717644 -5.950551
v 10.465035 0.716692 -5.918268
v 10.472638 0.717565 -5.885650
v 10.473389 0.716757 -5.854217
v 10.473367 0.716757 -5.822106
v 10.290351 0.716914 -5.951731
v 10.281289 0.716757 -5.916502
v 10.294677 0.716534 -5.885548
v 10.289598 0.716757 -5.852299
v 10.300049 0.716796 -5.819201
v 10.105806 0.716757 -5.954385
v 10.105806 0.716757 -5.920356
v 10.105806 0.717644 -5.886328
v 10.105806 0.716757 -5.852299
v 10.105806 0.716757 -5.818270
v 9.922015 0.716757 -5.950544
v 9.932004 0.716887 -5.917678
v 9.927276 0.717770 -5.886172
v 9.922015 0.716757 -5.854210
v 9.922015 0.716757 -5.822099
v 9.730094 0.716747 -5.954957
v 9.738224 0.716757 -5.920356
v 9.738224 0.717644 -5.886328
v 9.736114 0.716757 -5.865063
v 9.736113 0.716757 -5.831034
v 9.594890 0.716915 -5.939901
v 9.554433 0.716757 -5.920356
v 9.554434 0.716757 -5.886328
v 9.554535 0.716828 -5.852318
v 9.554433 0.717644 -5.818270
v 9.370643 0.716757 -5.950544
v 9.381133 0.716846 -5.918327
v 9.376334 0.716821 -5.885335
v 9.370643 0.716757 -5.854210
v 9.370643 0.716757 -5.822099
v 9.370643 0.686556 -5.950544
v 9.370643 0.686556 -5.918433
v 9.370643 0.686556 -5.886322
v 9.368758 0.686761 -5.854600
v 9.376970 0.686382 -5.821244
v 9.554433 0.685668 -5.954385
v 9.564208 0.686525 -5.920215
v 9.554718 0.686536 -5.888097
v 9.553573 0.686741 -5.851049
v 9.554901 0.686554 -5.818007
v 9.730571 0.686578 -5.954732
v 9.738224 0.686556 -5.920356
v 9.738224 0.686556 -5.886328
v 9.738224 0.686556 -5.852299
v 9.738224 0.686556 -5.818270
v 9.922015 0.686556 -5.950544
v 9.922015 0.686556 -5.918433
v 9.921524 0.686552 -5.886350
v 9.922015 0.686556 -5.854210
v 9.919533 0.686402 -5.821532
v 10.105529 0.685569 -5.953368
v 10.105806 0.686556 -5.920356
v 10.105806 0.686556 -5.886328
v 10.105806 0.686556 -5.852299
v 10.105806 0.686556 -5.818270
v 10.290846 0.686779 -5.951160
v 10.281152 0.686556 -5.916527
v 10.298277 0.686515 -5.886340
v 10.289598 0.686556 -5.852299
v 10.289598 0.686556 -5.818270
v 10.478684 0.686351 -5.950633
v 10.484390 0.686618 -5.917847
v 10.466404 0.685638 -5.886976
v 10.473389 0.686556 -5.854217
v 10.474153 0.686532 -5.822445
v 10.662381 0.686506 -5.958746
v 10.659639 0.686645 -5.922716
v 10.657180 0.685668 -5.886322
v 10.657180 0.686556 -5.850646
v 10.664639 0.686545 -5.816163
v 9.217341 0.717579 -5.985142
v 9.212212 0.702581 -5.984294
v 9.195272 0.717621 -5.964921
v 10.474230 0.686323 -5.960915
v 10.448124 0.686273 -5.980069
v 10.471619 0.697099 -5.979364
v 10.483774 0.686272 -5.980866
v 9.922015 0.686494 -5.957314
v 9.904187 0.686312 -5.979338
v 9.922015 0.707857 -5.978873
v 9.939839 0.686284 -5.979518
v 9.370301 0.716821 -5.957485
v 9.387065 0.717032 -5.978323
v 9.370223 0.695492 -5.978914
v 9.351419 0.717085 -5.979727
v 9.597634 0.717001 -5.949622
v 9.621155 0.717158 -5.971961
v 9.597624 0.696786 -5.970394
v 9.585571 0.717171 -5.970709
v 9.732570 0.716823 -5.964193
v 9.755894 0.716995 -5.984138
v 9.732616 0.696472 -5.984150
v 9.720307 0.717018 -5.982768
v 10.473646 0.717486 -5.957299
v 10.492281 0.716986 -5.979837
v 10.468806 0.706154 -5.979482
v 10.456636 0.716986 -5.978992
v 10.675001 0.717023 -5.988429
v 10.657180 0.695456 -5.989151
v 10.639367 0.717013 -5.988145
v 10.656500 0.716784 -5.967607
v 9.536381 0.686291 -5.788808
v 9.554710 0.686481 -5.809826
v 9.572012 0.686291 -5.789488
v 9.547455 0.706243 -5.788555
v 10.085536 0.686237 -5.789436
v 10.105152 0.686469 -5.810414
v 10.121196 0.686237 -5.788895
v 10.105066 0.707687 -5.788465
v 10.456600 0.686121 -5.792420
v 10.474228 0.686415 -5.814423
v 10.492240 0.686109 -5.791835
v 10.469037 0.706637 -5.793702
v 9.370643 0.695456 -5.793770
v 9.388470 0.716994 -5.793248
v 9.370643 0.716819 -5.815330
v 9.352819 0.717030 -5.793061
v 9.219480 0.717023 -5.830729
v 9.237582 0.717002 -5.852515
v 9.213853 0.717117 -5.872635
v 9.226441 0.697072 -5.851330
v 10.805097 0.716927 -5.938994
v 10.796582 0.716811 -5.920845
v 10.810773 0.716938 -5.899504
v 10.810301 0.695832 -5.920403
v 10.808499 0.695456 -5.818270
v 10.813500 0.717076 -5.838965
v 10.790670 0.716982 -5.817853
v 10.812567 0.717095 -5.797277
v 10.810211 0.673549 -6.212222
v 10.812154 0.704195 -6.216394
v 10.802783 0.698537 -6.018776
v 9.211349 0.673500 -6.185701
v 9.211283 0.704195 -6.189672
v 9.221953 0.698524 -5.992826
v 9.217315 0.729214 -5.995974
v 9.371943 0.699493 -5.988399
v 9.747776 0.698393 -6.003177
v 9.931545 0.698877 -6.001629
v 10.298946 0.698987 -6.009122
v 10.434066 0.696922 -6.024517
v 10.658131 0.698174 -6.020062
v 10.106769 0.728641 -6.014802
v 9.919345 0.729081 -6.007980
v 9.747710 0.728860 -6.007119
v 10.655066 0.674417 -6.203609
v 10.287936 0.675321 -6.190516
v 10.103770 0.674417 -6.194407
v 9.736148 0.673709 -6.193746
v 9.367805 0.672813 -6.193532
v 9.362586 0.703558 -6.196530
v 9.559505 0.704989 -6.188919
v 9.742753 0.704088 -6.198705
v 9.919847 0.704175 -6.200756
v 10.103704 0.704884 -6.198349
v 10.284940 0.705942 -6.193504
v 10.481701 0.704017 -6.209657
v 10.810462 0.695153 -6.046689
v 10.804642 0.690546 -6.080671
v 10.807898 0.686297 -6.114355
v 10.796597 0.681786 -6.149395
v 10.807597 0.677582 -6.182001
v 10.806705 0.708028 -6.185782
v 10.817100 0.716845 -6.119017
v 10.809951 0.721200 -6.084695
v 10.835215 0.726035 -6.051723
v 9.217815 0.677562 -6.155317
v 9.218379 0.681929 -6.121574
v 9.218942 0.686297 -6.087832
v 9.219572 0.690663 -6.054139
v 9.236648 0.694721 -6.022808
v 9.230536 0.725334 -6.025731
v 9.218876 0.716763 -6.091774
v 9.209867 0.712624 -6.124400
v 9.372355 0.725540 -6.023837
v 9.368947 0.721220 -6.058224
v 9.370175 0.716505 -6.094271
v 9.369585 0.711926 -6.129648
v 9.368061 0.707286 -6.165215
v 9.555002 0.725629 -6.033764
v 9.562822 0.720541 -6.065793
v 9.554679 0.717220 -6.098123
v 9.553410 0.712384 -6.129175
v 9.552900 0.708263 -6.161016
v 9.738035 0.725056 -6.035555
v 9.746512 0.720378 -6.070619
v 9.732615 0.716184 -6.101061
v 9.737144 0.712138 -6.134144
v 9.726146 0.707929 -6.166794
v 9.922598 0.725240 -6.035984
v 9.922035 0.720873 -6.069726
v 9.921470 0.717386 -6.103583
v 9.920909 0.712138 -6.137211
v 9.920345 0.707770 -6.170954
v 10.106300 0.724747 -6.042860
v 10.095769 0.720659 -6.075300
v 10.099974 0.717491 -6.106733
v 10.104706 0.712383 -6.138384
v 10.104175 0.708262 -6.170225
v 10.298267 0.725304 -6.041686
v 10.289566 0.720873 -6.075861
v 10.289001 0.717386 -6.109717
v 10.290762 0.713776 -6.130725
v 10.290198 0.709409 -6.164467
v 10.433204 0.723538 -6.058893
v 10.473331 0.720873 -6.078928
v 10.472768 0.716505 -6.112671
v 10.472103 0.712211 -6.146402
v 10.471640 0.708651 -6.180270
v 10.657597 0.724747 -6.052062
v 10.646574 0.720701 -6.083845
v 10.650826 0.716442 -6.116635
v 10.656002 0.712383 -6.147586
v 10.655471 0.708262 -6.179427
v 10.657661 0.694796 -6.048186
v 10.657129 0.690675 -6.080028
v 10.656598 0.686554 -6.111869
v 10.657956 0.682685 -6.143382
v 10.649195 0.678028 -6.176271
v 10.473961 0.694409 -6.041196
v 10.463621 0.690873 -6.075027
v 10.472578 0.686762 -6.107034
v 10.473108 0.682210 -6.143815
v 10.471234 0.677784 -6.176534
v 10.297853 0.695356 -6.038030
v 10.289631 0.690922 -6.071985
v 10.289067 0.686554 -6.105728
v 10.288505 0.682187 -6.139471
v 10.287941 0.677819 -6.173213
v 10.106365 0.694796 -6.038984
v 10.105833 0.690675 -6.070825
v 10.105794 0.686553 -6.102646
v 10.104771 0.682432 -6.134508
v 10.106712 0.678086 -6.166933
v 9.922926 0.694180 -6.032995
v 9.922100 0.690922 -6.065850
v 9.921536 0.686554 -6.099593
v 9.920974 0.682187 -6.133336
v 9.920410 0.677819 -6.167078
v 9.737596 0.695097 -6.032246
v 9.746715 0.690430 -6.066721
v 9.729093 0.686516 -6.096363
v 9.737208 0.682187 -6.130269
v 9.736645 0.677819 -6.164011
v 9.549776 0.694605 -6.029579
v 9.543527 0.690662 -6.062029
v 9.561002 0.685727 -6.092814
v 9.553474 0.682433 -6.125299
v 9.552184 0.678331 -6.156787
v 9.366238 0.695799 -6.018487
v 9.368382 0.691313 -6.054279
v 9.370242 0.685673 -6.090282
v 9.369650 0.681975 -6.125772
v 9.361620 0.677538 -6.159840
v 10.811447 0.730003 -6.020420
v 10.816594 0.715021 -6.019421
v 10.833178 0.727450 -6.040844
v 9.554399 0.695896 -6.019454
v 9.580819 0.698305 -6.000890
v 9.557293 0.708951 -6.002587
v 9.545187 0.698407 -5.999505
v 10.106477 0.695603 -6.032264
v 10.124667 0.698250 -6.010698
v 10.106788 0.719557 -6.013627
v 10.089024 0.698246 -6.009922
v 10.658052 0.725702 -6.045193
v 10.641635 0.728586 -6.024277
v 10.658530 0.707299 -6.021209
v 10.677299 0.728819 -6.023488
v 10.430621 0.724872 -6.049220
v 10.407473 0.727895 -6.026695
v 10.431019 0.707490 -6.026028
v 10.443030 0.727746 -6.028532
v 10.295945 0.726565 -6.032495
v 10.272955 0.729296 -6.012351
v 10.296272 0.708943 -6.010095
v 10.308513 0.729143 -6.014307
v 9.554856 0.726338 -6.027049
v 9.536598 0.728734 -6.004325
v 9.560087 0.717946 -6.003678
v 9.572224 0.728626 -6.005757
v 9.354045 0.729874 -5.992760
v 9.371923 0.708578 -5.989574
v 9.389670 0.729828 -5.993636
v 9.372201 0.726965 -6.013686
v 10.489269 0.673775 -6.205762
v 10.471290 0.676662 -6.184639
v 10.453654 0.673863 -6.204494
v 10.478149 0.693530 -6.208389
v 9.940201 0.673803 -6.195968
v 9.920935 0.676725 -6.174868
v 9.904537 0.673733 -6.195909
v 9.920611 0.694951 -6.199357
v 9.569239 0.674071 -6.186800
v 9.551977 0.677186 -6.164726
v 9.533594 0.673983 -6.186784
v 9.556780 0.694582 -6.187955
v 10.655047 0.683501 -6.204785
v 10.637168 0.704795 -6.207768
v 10.655358 0.707455 -6.186147
v 10.672810 0.704806 -6.208554
v 10.806755 0.709634 -6.173427
v 10.789016 0.712409 -6.151519
v 10.813073 0.715105 -6.131979
v 10.800178 0.692492 -6.150322
v 9.223150 0.723434 -6.039596
v 9.231363 0.720989 -6.057720
v 9.216822 0.718376 -6.078660
v 9.217685 0.700127 -6.055237
v 9.217796 0.686646 -6.156493
v 9.213092 0.710743 -6.138662
v 9.235569 0.707940 -6.159966
v 9.213336 0.705412 -6.180018
v 9.213732 1.030606 -5.819887
v 9.211636 1.061178 -5.815267
v 9.227897 1.058859 -6.012505
v 10.812546 1.030554 -5.790605
v 10.812464 1.061178 -5.786115
v 10.808670 1.058839 -5.983281
v 10.813187 1.089470 -5.979455
v 10.658926 1.059925 -5.992922
v 10.282806 1.058681 -5.991287
v 10.099202 1.059243 -5.999237
v 9.731764 1.059330 -6.004565
v 9.596189 1.057043 -5.993932
v 9.372416 1.058434 -6.006180
v 9.923617 1.088830 -5.991684
v 10.111164 1.089332 -5.991954
v 10.282725 1.089077 -5.986830
v 9.369081 1.031576 -5.823065
v 9.736445 1.032598 -5.823325
v 9.920363 1.031576 -5.813026
v 10.287786 1.030775 -5.800872
v 10.655912 1.029779 -5.788250
v 10.661014 1.060467 -5.784552
v 10.464479 1.062083 -5.799004
v 10.281002 1.061068 -5.795634
v 10.103944 1.061171 -5.799762
v 9.920282 1.061972 -5.808569
v 9.739326 1.063163 -5.819717
v 9.542122 1.061020 -5.810473
v 9.219250 1.055006 -5.984939
v 9.223882 1.049823 -5.950857
v 9.219455 1.045006 -5.917384
v 9.229527 1.039901 -5.882052
v 9.217398 1.035149 -5.849926
v 9.218147 1.065527 -5.845601
v 9.210086 1.075474 -5.912530
v 9.218427 1.080407 -5.946503
v 9.194327 1.085805 -5.980250
v 10.807142 1.035131 -5.821123
v 10.807755 1.040069 -5.854785
v 10.808368 1.045006 -5.888449
v 10.808913 1.049941 -5.922064
v 10.792939 1.054533 -5.953899
v 10.798935 1.085091 -5.950248
v 10.808287 1.075402 -5.883992
v 10.816154 1.070708 -5.851146
v 10.657269 1.085369 -5.957085
v 10.659476 1.080468 -5.922678
v 10.656993 1.075144 -5.886780
v 10.656350 1.069967 -5.851487
v 10.656633 1.064726 -5.815971
v 10.474387 1.085342 -5.953536
v 10.465456 1.079715 -5.921890
v 10.472467 1.075846 -5.889357
v 10.472653 1.070485 -5.858366
v 10.472054 1.065826 -5.826600
v 10.291403 1.084790 -5.958142
v 10.281709 1.079523 -5.923479
v 10.294538 1.074811 -5.892646
v 10.288858 1.070207 -5.859815
v 10.298712 1.065444 -5.826876
v 10.106937 1.085020 -5.964150
v 10.106324 1.080082 -5.930487
v 10.105709 1.076023 -5.896695
v 10.105098 1.070207 -5.863161
v 10.104486 1.065269 -5.829498
v 9.923107 1.084462 -5.963697
v 9.932502 1.079823 -5.930983
v 9.927204 1.076125 -5.899774
v 9.921372 1.070484 -5.868398
v 9.920794 1.065825 -5.836632
v 9.731297 1.085093 -5.971558
v 9.738803 1.080082 -5.937180
v 9.738188 1.076023 -5.903388
v 9.735696 1.072059 -5.882519
v 9.735083 1.067121 -5.848856
v 9.595843 1.083074 -5.959102
v 9.555042 1.080082 -5.940526
v 9.554429 1.075144 -5.906863
v 9.553918 1.070280 -5.873207
v 9.553201 1.066148 -5.839408
v 9.371825 1.084462 -5.973736
v 9.381734 1.079876 -5.941661
v 9.376341 1.075064 -5.909115
v 9.370090 1.070484 -5.878438
v 9.369512 1.065825 -5.846671
v 9.371905 1.054581 -5.978117
v 9.371327 1.049922 -5.946351
v 9.370749 1.045262 -5.914585
v 9.368293 1.040862 -5.883209
v 9.375903 1.035647 -5.850117
v 9.555737 1.054260 -5.978700
v 9.564893 1.050150 -5.944594
v 9.554826 1.045500 -5.912992
v 9.553013 1.040328 -5.876334
v 9.553746 1.035348 -5.843649
v 9.731850 1.055210 -5.975703
v 9.738883 1.050201 -5.941561
v 9.738270 1.045263 -5.907898
v 9.737657 1.040326 -5.874235
v 9.737043 1.035388 -5.840572
v 9.923187 1.054581 -5.968078
v 9.922608 1.049922 -5.936312
v 9.921539 1.045263 -5.904583
v 9.921452 1.040603 -5.872779
v 9.918381 1.035710 -5.840520
v 10.106724 1.054014 -5.967673
v 10.106404 1.050201 -5.934868
v 10.105791 1.045263 -5.901206
v 10.105178 1.040326 -5.867542
v 10.104565 1.035388 -5.833879
v 10.291966 1.054891 -5.961940
v 10.281651 1.049645 -5.927888
v 10.298230 1.045225 -5.897719
v 10.288939 1.040326 -5.864196
v 10.288325 1.035388 -5.830533
v 10.479766 1.054392 -5.958060
v 10.484879 1.049899 -5.925483
v 10.466343 1.044449 -5.895414
v 10.472733 1.040604 -5.862747
v 10.472925 1.035970 -5.831306
v 10.663578 1.055722 -5.962719
v 10.660188 1.050631 -5.927105
v 10.657075 1.044384 -5.891290
v 10.656430 1.040086 -5.855868
v 10.663268 1.035072 -5.821621
v 9.219172 1.090296 -6.010633
v 9.214067 1.075334 -6.012065
v 9.196741 1.087404 -5.991026
v 10.475497 1.055855 -5.968317
v 10.449741 1.058585 -5.987748
v 10.473190 1.069194 -5.985052
v 10.485400 1.058700 -5.987887
v 9.923309 1.055502 -5.974784
v 9.905882 1.058517 -5.996923
v 9.923641 1.079767 -5.993013
v 9.941531 1.058517 -5.996455
v 9.371609 1.085533 -5.980599
v 9.388745 1.088766 -6.000878
v 9.371974 1.067539 -6.004893
v 9.353131 1.089022 -6.002908
v 9.598763 1.084571 -5.968655
v 9.622681 1.087967 -5.990304
v 9.599179 1.067583 -5.992137
v 9.587081 1.087798 -5.989711
v 9.733939 1.086509 -5.980639
v 9.757618 1.089573 -5.999920
v 9.734399 1.069268 -6.003333
v 9.722013 1.089397 -5.999208
v 10.474767 1.086164 -5.960229
v 10.493806 1.088939 -5.982258
v 10.470357 1.078170 -5.983906
v 10.458152 1.088817 -5.982071
v 10.676651 1.090223 -5.987426
v 10.658901 1.068988 -5.991593
v 10.641017 1.090172 -5.987795
v 10.657777 1.086965 -5.967199
v 9.534704 1.030851 -5.815140
v 9.553408 1.034089 -5.835571
v 9.570341 1.030950 -5.815164
v 9.545719 1.050556 -5.811793
v 10.083779 1.030889 -5.805770
v 10.103769 1.034162 -5.826132
v 10.119424 1.030810 -5.804586
v 10.103232 1.051972 -5.801343
v 10.454836 1.031207 -5.801983
v 10.472856 1.034691 -5.823386
v 10.490459 1.031110 -5.800757
v 10.467240 1.051693 -5.800048
v 9.369058 1.040639 -5.821736
v 9.386815 1.061874 -5.817771
v 9.369390 1.064904 -5.839966
v 9.351169 1.061882 -5.818230
v 9.218529 1.067341 -5.857922
v 9.237020 1.070481 -5.879147
v 9.213658 1.073514 -5.899467
v 9.225913 1.050591 -5.881070
v 10.805834 1.082955 -5.936167
v 10.796994 1.080207 -5.918385
v 10.810798 1.077235 -5.896997
v 10.810758 1.059386 -5.920741
v 10.807117 1.044194 -5.819794
v 10.812434 1.068589 -5.837039
v 10.789227 1.065432 -5.816583
v 10.810749 1.062559 -5.795813
v 10.808234 1.021731 -6.226251
v 10.810240 1.052655 -6.226489
v 10.804063 1.021704 -6.031101
v 9.210031 1.021704 -6.173275
v 9.210031 1.052655 -6.173275
v 9.223879 1.021747 -5.978988
v 9.219320 1.052596 -5.978095
v 9.373923 1.021819 -5.976976
v 9.749458 1.021819 -5.998043
v 9.933228 1.021706 -5.999514
v 10.300456 1.021990 -6.013062
v 10.435298 1.021628 -6.030847
v 10.659409 1.021819 -6.030008
v 10.108340 1.052539 -6.011682
v 9.921056 1.052502 -6.001733
v 9.749458 1.052539 -5.998044
v 10.653256 1.021819 -6.215009
v 10.286394 1.021822 -6.195783
v 10.102188 1.021819 -6.196684
v 9.734625 1.021819 -6.189984
v 9.366333 1.021692 -6.183739
v 9.361197 1.052579 -6.182682
v 9.558219 1.052600 -6.178236
v 9.741278 1.052569 -6.191114
v 9.918315 1.052539 -6.196093
v 10.102188 1.052539 -6.196684
v 10.283481 1.052579 -6.194768
v 10.479942 1.052321 -6.214316
v 10.811272 1.021913 -6.059340
v 10.804880 1.021717 -6.093532
v 10.807569 1.021819 -6.127532
v 10.795679 1.021867 -6.162668
v 10.806129 1.021858 -6.195723
v 10.805306 1.052540 -6.195552
v 10.816824 1.052693 -6.128390
v 10.810253 1.052623 -6.093678
v 10.836070 1.053132 -6.060784
v 9.217008 1.021819 -6.142734
v 9.218139 1.021819 -6.108723
v 9.219270 1.021819 -6.074713
v 9.220467 1.021824 -6.040754
v 9.238068 1.021791 -6.009450
v 9.232040 1.052539 -6.008320
v 9.219270 1.052539 -6.074713
v 9.209712 1.052640 -6.107446
v 9.373870 1.052197 -6.008782
v 9.369884 1.052333 -6.043378
v 9.370506 1.052280 -6.079748
v 9.369320 1.052280 -6.115405
v 9.367197 1.052246 -6.151242
v 9.556330 1.053167 -6.021663
v 9.563606 1.052215 -6.054206
v 9.554923 1.053088 -6.086554
v 9.553128 1.052280 -6.117944
v 9.552083 1.052280 -6.150038
v 9.739305 1.052437 -6.026567
v 9.747191 1.052280 -6.062078
v 9.732782 1.052057 -6.092571
v 9.736754 1.052280 -6.125970
v 9.725208 1.052319 -6.158702
v 9.923837 1.052279 -6.030048
v 9.922706 1.052280 -6.064058
v 9.921575 1.053167 -6.098068
v 9.920444 1.052280 -6.132078
v 9.919312 1.052280 -6.166088
v 10.107398 1.052280 -6.039996
v 10.096323 1.052410 -6.072512
v 10.100001 1.053293 -6.104157
v 10.104197 1.052279 -6.136277
v 10.103129 1.052279 -6.168370
v 10.299360 1.052270 -6.041964
v 10.290085 1.052279 -6.076275
v 10.288954 1.053167 -6.110285
v 10.290357 1.052280 -6.131608
v 10.289226 1.052280 -6.165619
v 10.433990 1.052438 -6.061505
v 10.473774 1.052280 -6.082384
v 10.472643 1.052280 -6.116394
v 10.471411 1.052351 -6.150381
v 10.470381 1.053167 -6.184414
v 10.658466 1.052280 -6.058321
v 10.646912 1.052369 -6.090172
v 10.650611 1.052344 -6.123305
v 10.655265 1.052279 -6.154602
v 10.654198 1.052279 -6.186696
v 10.658466 1.022079 -6.058321
v 10.657399 1.022079 -6.090415
v 10.656332 1.022079 -6.122509
v 10.657161 1.022284 -6.154275
v 10.647845 1.021904 -6.187340
v 10.474905 1.021191 -6.048374
v 10.464001 1.022048 -6.082201
v 10.472418 1.022059 -6.114616
v 10.472330 1.022264 -6.151681
v 10.469905 1.022077 -6.184662
v 10.298877 1.022101 -6.042173
v 10.290085 1.022079 -6.076275
v 10.288954 1.022079 -6.110285
v 10.287823 1.022079 -6.144296
v 10.286692 1.022079 -6.178306
v 10.107398 1.022079 -6.039996
v 10.106331 1.022079 -6.072089
v 10.105756 1.022075 -6.104171
v 10.104197 1.022079 -6.136277
v 10.105592 1.021925 -6.169019
v 9.924080 1.021092 -6.031075
v 9.922706 1.022079 -6.064058
v 9.921575 1.022079 -6.098068
v 9.920444 1.022079 -6.132078
v 9.919312 1.022079 -6.166088
v 9.738792 1.022302 -6.027122
v 9.747330 1.022079 -6.062057
v 9.729210 1.022038 -6.091659
v 9.736754 1.022079 -6.125970
v 9.735623 1.022079 -6.159980
v 9.551040 1.021874 -6.021405
v 9.544248 1.022141 -6.053984
v 9.561197 1.021161 -6.085435
v 9.553128 1.022079 -6.117944
v 9.551309 1.022055 -6.149673
v 9.367714 1.022029 -6.007191
v 9.369257 1.022168 -6.043293
v 9.370506 1.021191 -6.079748
v 9.369320 1.022079 -6.115405
v 9.360718 1.022068 -6.149621
v 10.812833 1.053102 -6.028838
v 10.817931 1.038104 -6.029855
v 10.834217 1.053144 -6.049781
v 9.555834 1.021846 -6.011277
v 9.582561 1.021795 -5.993001
v 9.559056 1.032622 -5.992925
v 9.546957 1.021795 -5.991020
v 10.107623 1.022017 -6.033230
v 10.126173 1.021835 -6.011810
v 10.108340 1.043380 -6.011682
v 10.090547 1.021807 -6.010446
v 10.659039 1.052344 -6.051395
v 10.642977 1.052555 -6.030012
v 10.659828 1.031015 -6.029982
v 10.678649 1.052608 -6.029794
v 10.431570 1.052524 -6.051699
v 10.408805 1.052681 -6.028590
v 10.432271 1.032309 -6.030939
v 10.444326 1.052694 -6.031024
v 10.297193 1.052347 -6.032651
v 10.274545 1.052518 -6.011941
v 10.297810 1.031995 -6.012704
v 10.310066 1.052541 -6.014494
v 9.556296 1.053009 -6.014911
v 9.538421 1.052509 -5.991765
v 9.561872 1.041677 -5.992900
v 9.574018 1.052508 -5.993795
v 9.356088 1.052546 -5.977106
v 9.373923 1.030979 -5.976976
v 9.391693 1.052536 -5.978574
v 9.373887 1.052307 -5.998531
v 10.487444 1.021814 -6.214459
v 10.469824 1.022004 -6.192844
v 10.451856 1.021814 -6.212596
v 10.476368 1.041766 -6.214345
v 9.938613 1.021760 -6.195580
v 9.919705 1.021992 -6.173962
v 9.902955 1.021760 -6.194936
v 9.919062 1.043210 -6.195901
v 9.567854 1.021644 -6.180264
v 9.550967 1.021938 -6.157688
v 9.532214 1.021632 -6.179665
v 9.555466 1.042160 -6.178570
v 10.653256 1.030979 -6.215009
v 10.635422 1.052517 -6.214938
v 10.653973 1.052342 -6.193461
v 10.671045 1.052553 -6.216311
v 10.805564 1.052546 -6.183095
v 10.788196 1.052525 -6.160719
v 10.812580 1.052640 -6.141399
v 10.799291 1.032595 -6.162273
v 9.224421 1.052450 -6.022189
v 9.232327 1.052334 -6.040611
v 9.217436 1.052460 -6.061469
v 9.218602 1.031355 -6.040597
v 9.217008 1.030979 -6.142734
v 9.212697 1.052599 -6.121883
v 9.234813 1.052505 -6.143742
v 9.212245 1.052618 -6.163579
v 9.186474 0.640563 -5.908875
v 9.186474 0.772712 -5.908875
v 9.186474 0.640563 -5.853559
v 9.186474 0.772712 -5.853559
v 9.238967 0.640563 -5.908875
v 9.238967 0.772712 -5.908875
v 9.238967 0.640563 -5.853559
v 9.238967 0.772712 -5.853559
v 9.167380 0.673600 -5.908875
v 9.160137 0.706637 -5.908875
v 9.167380 0.739674 -5.908875
v 9.167380 0.739674 -5.853559
v 9.160137 0.706637 -5.853559
v 9.167380 0.673600 -5.853559
v 9.238967 0.739674 -5.853559
v 9.238967 0.706637 -5.853559
v 9.238967 0.673600 -5.853559
v 9.238967 0.739674 -5.908875
v 9.238967 0.706637 -5.908875
v 9.238967 0.673600 -5.908875
v 9.186474 0.317253 -6.153077
v 9.186474 0.449402 -6.153077
v 9.186474 0.317253 -6.097761
v 9.186474 0.449402 -6.097761
v 9.238967 0.317253 -6.153077
v 9.238967 0.449402 -6.153077
v 9.238967 0.317253 -6.097761
v 9.238967 0.449402 -6.097761
v 9.167380 0.350290 -6.153077
v 9.160137 0.383327 -6.153077
v 9.167380 0.416365 -6.153077
v 9.167380 0.416365 -6.097761
v 9.160137 0.383327 -6.097761
v 9.167380 0.350290 -6.097761
v 9.238967 0.416365 -6.097761
v 9.238967 0.383328 -6.097761
v 9.238967 0.350290 -6.097761
v 9.238967 0.416365 -6.153077
v 9.238967 0.383327 -6.153077
v 9.238967 0.350290 -6.153077
v 9.186474 0.317253 -5.908875
v 9.186474 0.449402 -5.908875
v 9.186474 0.317253 -5.853559
v 9.186474 0.449402 -5.853559
v 9.238967 0.317253 -5.908875
v 9.238967 0.449402 -5.908875
v 9.238967 0.317253 -5.853559
v 9.238967 0.449402 -5.853559
v 9.167380 0.350290 -5.908875
v 9.160137 0.383327 -5.908875
v 9.167380 0.416365 -5.908875
v 9.167380 0.416365 -5.853559
v 9.160137 0.383327 -5.853559
v 9.167380 0.350290 -5.853559
v 9.238967 0.416365 -5.853559
v 9.238967 0.383327 -5.853559
v 9.238967 0.350290 -5.853559
v 9.238967 0.416365 -5.908875
v 9.238967 0.383327 -5.908875
v 9.238967 0.350290 -5.908875
v 9.186474 0.640563 -6.153077
v 9.186474 0.772712 -6.153077
v 9.186474 0.640563 -6.097761
v 9.186474 0.772712 -6.097761
v 9.238967 0.640563 -6.153077
v 9.238967 0.772712 -6.153077
v 9.238967 0.640563 -6.097761
v 9.238967 0.772712 -6.097761
v 9.167380 0.673600 -6.153077
v 9.160137 0.706637 -6.153077
v 9.167380 0.739674 -6.153077
v 9.167380 0.739674 -6.097761
v 9.160137 0.706637 -6.097761
v 9.167380 0.673600 -6.097761
v 9.238967 0.739674 -6.097761
v 9.238967 0.706637 -6.097761
v 9.238967 0.673600 -6.097761
v 9.238967 0.739674 -6.153077
v 9.238967 0.706637 -6.153077
v 9.238967 0.673600 -6.153077
v 10.840526 0.640563 -5.878754
v 10.840526 0.772712 -5.878754
v 10.838511 0.640563 -5.823475
v 10.838511 0.772712 -5.823475
v 10.788067 0.640563 -5.880665
v 10.788067 0.772712 -5.880665
v 10.786054 0.640563 -5.825386
v 10.786054 0.772712 -5.825386
v 10.859607 0.673600 -5.878059
v 10.866844 0.706637 -5.877795
v 10.859607 0.739674 -5.878059
v 10.857593 0.739674 -5.822780
v 10.864830 0.706637 -5.822516
v 10.857593 0.673600 -5.822780
v 10.786054 0.739674 -5.825386
v 10.786054 0.706637 -5.825386
v 10.786054 0.673600 -5.825386
v 10.788067 0.739674 -5.880665
v 10.788067 0.706637 -5.880665
v 10.788067 0.673600 -5.880665
v 10.849417 0.317253 -6.122793
v 10.849417 0.449402 -6.122793
v 10.847403 0.317253 -6.067514
v 10.847403 0.449402 -6.067514
v 10.796958 0.317253 -6.124705
v 10.796958 0.449402 -6.124705
v 10.794945 0.317253 -6.069426
v 10.794945 0.449402 -6.069426
v 10.868498 0.350290 -6.122098
v 10.875736 0.383327 -6.121835
v 10.868498 0.416365 -6.122098
v 10.866484 0.416365 -6.066819
v 10.873721 0.383327 -6.066556
v 10.866484 0.350290 -6.066819
v 10.794945 0.416365 -6.069426
v 10.794945 0.383327 -6.069426
v 10.794945 0.350290 -6.069426
v 10.796958 0.416365 -6.124705
v 10.796958 0.383327 -6.124705
v 10.796958 0.350290 -6.124705
v 10.840526 0.317253 -5.878754
v 10.840526 0.449402 -5.878754
v 10.838511 0.317253 -5.823475
v 10.838511 0.449402 -5.823475
v 10.788067 0.317253 -5.880665
v 10.788067 0.449402 -5.880665
v 10.786054 0.317253 -5.825386
v 10.786054 0.449402 -5.825386
v 10.859607 0.350290 -5.878059
v 10.866844 0.383327 -5.877795
v 10.859607 0.416365 -5.878059
v 10.857593 0.416365 -5.822780
v 10.864830 0.383327 -5.822516
v 10.857593 0.350290 -5.822780
v 10.786054 0.416365 -5.825386
v 10.786054 0.383327 -5.825386
v 10.786054 0.350290 -5.825386
v 10.788067 0.416365 -5.880665
v 10.788067 0.383327 -5.880665
v 10.788067 0.350290 -5.880665
v 10.849417 0.640563 -6.122793
v 10.849417 0.772712 -6.122793
v 10.847403 0.640563 -6.067514
v 10.847403 0.772712 -6.067514
v 10.796958 0.640563 -6.124705
v 10.796958 0.772712 -6.124704
v 10.794945 0.640563 -6.069426
v 10.794945 0.772712 -6.069426
v 10.868498 0.673600 -6.122098
v 10.875736 0.706637 -6.121834
v 10.868498 0.739674 -6.122098
v 10.866484 0.739674 -6.066819
v 10.873721 0.706637 -6.066556
v 10.866484 0.673600 -6.066819
v 10.794945 0.739674 -6.069426
v 10.794945 0.706637 -6.069426
v 10.794945 0.673600 -6.069426
v 10.796958 0.739674 -6.124705
v 10.796958 0.706637 -6.124705
v 10.796958 0.673600 -6.124704
v 9.237489 1.019062 -5.791543
v 9.206622 1.017730 -5.793448
v 9.265691 1.026116 -6.178257
v 9.265038 1.121843 -6.170894
v 9.238281 1.121843 -5.803620
v 9.261436 1.020725 -6.122747
v 9.256661 1.024202 -6.054509
v 9.251660 1.021675 -5.987269
v 9.246480 1.028767 -5.916812
v 9.241763 1.021126 -5.851952
v 9.211183 1.021675 -5.854465
v 9.220789 1.015533 -5.988421
v 9.225842 1.020643 -6.056818
v 9.230210 1.004286 -6.123787
v 9.230563 1.121843 -6.116898
v 9.225817 1.128787 -6.052980
v 9.221073 1.125610 -5.987519
v 9.216638 1.121843 -5.925756
v 9.211996 1.121843 -5.862043
v 9.260684 1.121843 -6.114704
v 9.256042 1.121843 -6.050990
v 9.251401 1.121843 -5.987276
v 9.246611 1.120595 -5.924350
v 9.242167 1.126031 -5.858140
v 9.234744 1.020363 -6.185604
v 9.249579 1.016968 -6.182834
v 9.231779 1.005754 -6.145486
v 9.231503 1.121616 -6.130675
v 9.255873 1.121565 -6.171642
v 9.234454 1.109118 -6.174825
v 9.229145 1.121843 -5.804286
v 9.210956 1.121843 -5.848616
v 9.207526 1.110045 -5.804447
v 9.212977 1.021778 -5.879186
v 9.216147 1.033762 -5.922410
v 9.218942 1.018054 -5.962340
v 9.235853 1.026387 -5.918612
v 10.788556 1.030423 -6.182837
v 10.819478 1.029139 -6.182309
v 10.777716 1.037223 -5.797699
v 10.778037 1.129506 -5.805037
v 10.788307 1.129506 -6.170812
v 10.779477 1.032026 -5.852992
v 10.781190 1.035377 -5.920943
v 10.783172 1.032941 -5.987913
v 10.785190 1.039779 -6.058084
v 10.786995 1.032413 -6.122680
v 10.817657 1.032941 -6.121536
v 10.814064 1.027020 -5.988133
v 10.812081 1.031947 -5.920012
v 10.810719 1.016179 -5.853339
v 10.810058 1.129506 -5.860162
v 10.811934 1.136200 -5.923823
v 10.813740 1.133138 -5.989017
v 10.815402 1.129506 -6.050524
v 10.817183 1.129506 -6.113977
v 10.779868 1.129506 -5.861010
v 10.781650 1.129506 -5.924464
v 10.783432 1.129506 -5.987917
v 10.785397 1.128303 -6.050596
v 10.786868 1.133544 -6.116518
v 10.808960 1.031677 -5.791773
v 10.794015 1.028404 -5.793868
v 10.810124 1.017594 -5.831729
v 10.809736 1.129288 -5.846445
v 10.787227 1.129238 -5.804700
v 10.808766 1.117239 -5.802486
v 10.797463 1.129506 -6.170555
v 10.817621 1.129506 -6.127352
v 10.819068 1.118132 -6.171350
v 10.816972 1.033041 -6.096916
v 10.815742 1.044593 -6.053867
v 10.814740 1.029451 -6.014105
v 10.795886 1.037484 -6.056767
v 9.434109 1.013193 -6.156950
v 9.431758 1.011909 -6.187784
v 9.628530 1.019993 -6.170656
v 9.624815 1.112276 -6.170509
v 9.440171 1.112276 -6.157466
v 9.600599 1.014796 -6.168893
v 9.566315 1.018148 -6.166275
v 9.532499 1.015712 -6.163988
v 9.497072 1.022549 -6.161533
v 9.464465 1.015183 -6.159221
v 9.462446 1.015712 -6.189837
v 9.529775 1.009791 -6.194746
v 9.564168 1.014717 -6.197106
v 9.597782 0.998949 -6.199991
v 9.594410 1.112276 -6.198898
v 9.562266 1.118970 -6.196717
v 9.529359 1.115908 -6.194367
v 9.498315 1.112276 -6.192110
v 9.466284 1.112276 -6.189847
v 9.596538 1.112276 -6.168772
v 9.564507 1.112276 -6.166510
v 9.532475 1.112276 -6.164247
v 9.500817 1.111074 -6.162216
v 9.467571 1.116314 -6.159487
v 9.628863 1.014447 -6.202156
v 9.629075 1.011174 -6.187136
v 9.608689 1.000364 -6.200774
v 9.601329 1.112058 -6.199451
v 9.624207 1.112008 -6.179685
v 9.623497 1.100009 -6.201283
v 9.439526 1.112276 -6.166603
v 9.459527 1.112276 -6.189432
v 9.437299 1.100902 -6.188073
v 9.474874 1.015812 -6.190722
v 9.496607 1.027364 -6.192235
v 9.516668 1.012221 -6.193768
v 9.496830 1.020254 -6.172272
v 9.235462 1.001833 -6.178701
v 9.238977 1.000501 -6.209425
v 9.428973 1.008886 -6.155447
v 9.425299 1.104613 -6.156004
v 9.241513 1.104613 -6.178064
v 9.401214 1.003495 -6.158989
v 9.367050 1.006972 -6.162893
v 9.333412 1.004445 -6.167033
v 9.298159 1.011538 -6.171313
v 9.265702 1.003897 -6.175200
v 9.269501 1.004445 -6.205646
v 9.336545 0.998303 -6.197753
v 9.370765 1.003414 -6.193575
v 9.404319 0.987057 -6.190061
v 9.400801 1.104613 -6.189624
v 9.368824 1.111557 -6.193552
v 9.336064 1.108380 -6.197459
v 9.305154 1.104613 -6.201104
v 9.273271 1.104613 -6.204931
v 9.397202 1.104613 -6.159638
v 9.365319 1.104613 -6.163465
v 9.333437 1.104613 -6.167292
v 9.301966 1.103366 -6.171276
v 9.268803 1.108802 -6.174874
v 9.435249 1.003133 -6.186317
v 9.432621 0.999738 -6.171527
v 9.415178 0.988525 -6.188769
v 9.407701 1.104387 -6.188860
v 9.426434 1.104335 -6.165130
v 9.429815 1.091888 -6.186472
v 9.242605 1.104613 -6.187158
v 9.266558 1.104613 -6.205800
v 9.244473 1.092815 -6.208663
v 9.281872 1.004549 -6.204167
v 9.303499 1.016532 -6.201550
v 9.323490 1.000824 -6.199266
v 9.299949 1.009158 -6.181904
v 9.625730 1.003264 -6.165019
v 9.625890 1.001929 -6.195943
v 9.820700 1.007591 -6.162781
v 9.818325 1.103360 -6.162939
v 9.633251 1.105949 -6.165038
v 9.792647 1.002592 -6.163308
v 9.758314 1.006549 -6.163502
v 9.724394 1.004496 -6.163988
v 9.688988 1.012085 -6.164439
v 9.656197 1.004902 -6.164801
v 9.656695 1.005443 -6.195479
v 9.724108 0.998358 -6.194867
v 9.758647 1.002986 -6.194406
v 9.792152 0.986159 -6.194532
v 9.790346 1.103752 -6.193718
v 9.758232 1.111146 -6.194174
v 9.725202 1.108431 -6.194522
v 9.694028 1.105099 -6.194811
v 9.661922 1.105548 -6.195176
v 9.790004 1.103757 -6.163520
v 9.757897 1.104205 -6.163884
v 9.725791 1.104655 -6.164248
v 9.694059 1.103851 -6.164813
v 9.660781 1.109753 -6.164812
v 9.823528 1.001798 -6.194148
v 9.822463 0.998417 -6.179162
v 9.803106 0.987474 -6.194420
v 9.797284 1.103428 -6.193704
v 9.818466 1.103081 -6.172133
v 9.819350 1.090620 -6.193717
v 9.633355 1.105948 -6.174197
v 9.655154 1.105643 -6.195314
v 9.632727 1.094157 -6.195778
v 9.669154 1.005373 -6.195344
v 9.691103 1.017050 -6.195076
v 9.711002 1.001063 -6.194963
v 9.689590 1.009696 -6.175161
v 10.415206 1.011596 -6.156910
v 10.417387 1.011596 -6.187784
v 10.221053 1.016308 -6.170669
v 10.222488 1.013381 -6.201494
v 10.214079 1.111962 -6.171233
v 10.420456 1.111507 -6.156528
v 10.421749 1.108209 -6.187400
v 10.384535 1.015398 -6.159192
v 10.350591 1.015398 -6.161590
v 10.316647 1.015398 -6.163988
v 10.282751 1.015441 -6.166387
v 10.250957 1.026003 -6.168600
v 10.252195 1.022135 -6.199338
v 10.318811 1.015398 -6.194633
v 10.351768 1.009997 -6.192405
v 10.247931 1.112602 -6.199296
v 10.282562 1.110794 -6.196986
v 10.318798 1.111962 -6.194373
v 10.354385 1.111962 -6.191859
v 10.390182 1.111368 -6.189296
v 10.244422 1.108643 -6.169301
v 10.280374 1.110392 -6.166900
v 10.316607 1.111962 -6.163362
v 10.352258 1.111962 -6.161733
v 10.386654 1.107201 -6.159292
v 10.216964 1.100589 -6.201834
v 10.214725 1.111962 -6.180370
v 10.237718 1.112396 -6.200128
v 10.266270 1.017569 -6.198254
v 10.284366 1.023003 -6.196859
v 10.305661 1.013947 -6.195482
v 10.283328 1.014248 -6.175902
v 10.385180 1.015398 -6.168329
v 10.366059 1.012206 -6.191354
v 10.387113 1.026775 -6.189773
v 10.407645 1.012802 -6.188436
v 10.219222 1.000175 -6.178695
v 10.215534 1.000175 -6.209425
v 10.025965 1.005063 -6.155541
v 10.021553 1.002027 -6.186083
v 10.019009 1.104288 -6.154779
v 10.224450 1.103815 -6.179310
v 10.219890 1.100394 -6.209872
v 10.188672 1.004120 -6.175144
v 10.154885 1.004120 -6.171089
v 10.121099 1.004120 -6.167033
v 10.087360 1.004164 -6.162989
v 10.055720 1.015120 -6.159157
v 10.051133 1.011108 -6.189576
v 10.117438 1.004120 -6.197535
v 10.150223 0.998517 -6.201571
v 10.046952 1.104952 -6.188729
v 10.081397 1.103076 -6.193001
v 10.117474 1.104288 -6.197278
v 10.152896 1.104288 -6.201529
v 10.188533 1.103672 -6.205773
v 10.049171 1.100844 -6.158611
v 10.084929 1.102659 -6.163043
v 10.121179 1.104288 -6.166410
v 10.156495 1.104288 -6.171544
v 10.190734 1.099349 -6.175642
v 10.016064 1.092490 -6.185374
v 10.017917 1.104288 -6.163874
v 10.036766 1.104738 -6.187618
v 10.065158 1.006372 -6.191170
v 10.083192 1.012008 -6.193217
v 10.104364 1.002615 -6.195886
v 10.086131 1.002927 -6.172441
v 10.187580 1.004120 -6.184238
v 10.164455 1.000809 -6.203238
v 10.185429 1.015921 -6.205661
v 10.205844 1.001428 -6.208226
v 10.016603 1.002868 -6.164994
v 10.016252 1.002873 -6.195943
v 9.822057 1.009756 -6.162829
v 9.820930 1.007184 -6.193669
v 9.816243 1.094423 -6.162822
v 10.023101 1.091127 -6.165042
v 10.021824 1.088228 -6.195917
v 9.985898 1.006660 -6.164760
v 9.951876 1.007136 -6.164374
v 9.917853 1.007612 -6.163988
v 9.883880 1.008125 -6.163608
v 9.852145 1.017908 -6.163213
v 9.850820 1.014506 -6.193949
v 9.917504 1.007616 -6.194707
v 9.950462 1.002379 -6.195182
v 9.847691 1.094550 -6.193559
v 9.882369 1.092466 -6.194088
v 9.918707 1.092990 -6.194447
v 9.954376 1.092491 -6.194852
v 9.990252 1.091464 -6.195225
v 9.846599 1.091063 -6.163377
v 9.882643 1.092106 -6.163925
v 9.919059 1.092985 -6.163361
v 9.954720 1.092486 -6.164653
v 9.989137 1.087795 -6.165033
v 9.816476 1.084363 -6.193555
v 9.816139 1.094425 -6.171981
v 9.817041 1.104464 -6.193549
v 9.837443 1.094510 -6.193553
v 9.864876 1.010273 -6.194020
v 9.883090 1.014822 -6.194109
v 9.904313 1.006518 -6.194479
v 9.883662 1.007073 -6.173138
v 9.985794 1.006661 -6.173919
v 9.964818 1.004132 -6.195303
v 9.986107 1.016718 -6.195449
v 10.006505 1.004077 -6.195796
v 10.609042 1.013193 -6.156950
v 10.606691 1.011909 -6.187784
v 10.803462 1.019993 -6.170656
v 10.799748 1.112276 -6.170509
v 10.615105 1.112276 -6.157466
v 10.775533 1.014796 -6.168893
v 10.741247 1.018148 -6.166275
v 10.707433 1.015712 -6.163988
v 10.672006 1.022549 -6.161533
v 10.639399 1.015183 -6.159221
v 10.637380 1.015712 -6.189837
v 10.704708 1.009791 -6.194746
v 10.739101 1.014717 -6.197106
v 10.772716 0.998949 -6.199991
v 10.769343 1.112276 -6.198898
v 10.737199 1.118970 -6.196717
v 10.704291 1.115908 -6.194367
v 10.673248 1.112276 -6.192110
v 10.641217 1.112276 -6.189847
v 10.771471 1.112276 -6.168772
v 10.739440 1.112276 -6.166510
v 10.707408 1.112276 -6.164247
v 10.675751 1.111074 -6.162216
v 10.642505 1.116314 -6.159487
v 10.803796 1.014447 -6.202156
v 10.804008 1.011174 -6.187136
v 10.783623 1.000364 -6.200774
v 10.776262 1.112058 -6.199451
v 10.799140 1.112008 -6.179685
v 10.798430 1.100009 -6.201283
v 10.614459 1.112276 -6.166603
v 10.634460 1.112276 -6.189432
v 10.612231 1.100902 -6.188073
v 10.649807 1.015812 -6.190722
v 10.671539 1.027364 -6.192235
v 10.691602 1.012221 -6.193768
v 10.671762 1.020254 -6.172272
v 10.410396 1.001833 -6.178701
v 10.413910 1.000501 -6.209425
v 10.603907 1.008886 -6.155447
v 10.600231 1.104613 -6.156004
v 10.416447 1.104613 -6.178063
v 10.576146 1.003495 -6.158989
v 10.541984 1.006972 -6.162893
v 10.508345 1.004445 -6.167033
v 10.473092 1.011538 -6.171313
v 10.440635 1.003897 -6.175200
v 10.444433 1.004445 -6.205646
v 10.511478 0.998303 -6.197753
v 10.545698 1.003413 -6.193575
v 10.579252 0.987057 -6.190061
v 10.575734 1.104613 -6.189624
v 10.543756 1.111557 -6.193552
v 10.510998 1.108380 -6.197459
v 10.480086 1.104613 -6.201104
v 10.448204 1.104613 -6.204931
v 10.572135 1.104613 -6.159638
v 10.540253 1.104613 -6.163465
v 10.508370 1.104613 -6.167292
v 10.476898 1.103366 -6.171276
v 10.443736 1.108802 -6.174874
v 10.610183 1.003133 -6.186317
v 10.607554 0.999738 -6.171527
v 10.590111 0.988525 -6.188769
v 10.582633 1.104387 -6.188860
v 10.601367 1.104335 -6.165130
v 10.604748 1.091888 -6.186472
v 10.417539 1.104613 -6.187158
v 10.441490 1.104613 -6.205800
v 10.419406 1.092815 -6.208663
v 10.456804 1.004549 -6.204167
v 10.478433 1.016532 -6.201550
v 10.498423 1.000824 -6.199266
v 10.474881 1.009157 -6.181904
v 9.215376 1.027200 -5.787964
v 9.213364 1.058032 -5.785578
v 9.226031 1.041125 -5.982368
v 10.814458 1.027160 -5.787794
v 10.814458 1.058032 -5.785578
v 10.807075 1.041137 -5.981931
v 10.811660 1.071960 -5.980462
v 10.657180 1.041710 -5.988905
v 10.281152 1.041096 -5.980353
v 10.097434 1.041316 -5.984988
v 9.729959 1.041503 -5.983636
v 9.594602 1.040190 -5.970403
v 9.370643 1.040974 -5.978655
v 9.922015 1.071616 -5.976455
v 10.109527 1.071844 -5.980167
v 10.281152 1.071738 -5.978154
v 9.370643 1.027723 -5.794025
v 9.737941 1.028228 -5.801031
v 9.922015 1.027723 -5.794025
v 10.289598 1.027327 -5.788519
v 10.657893 1.026771 -5.782545
v 10.663061 1.057643 -5.781218
v 10.466297 1.058450 -5.792179
v 10.282911 1.057934 -5.785412
v 10.105806 1.057969 -5.786320
v 9.922015 1.058365 -5.791826
v 9.740886 1.058972 -5.799744
v 9.543883 1.057784 -5.786788
v 9.217888 1.039330 -5.954441
v 9.223140 1.036673 -5.920159
v 9.219322 1.034349 -5.886346
v 9.230037 1.031854 -5.850922
v 9.218494 1.029505 -5.818317
v 9.219322 1.060119 -5.816264
v 9.210044 1.065104 -5.883587
v 9.217764 1.067503 -5.917978
v 9.193055 1.070425 -5.951589
v 10.808499 1.029477 -5.818463
v 10.808499 1.031913 -5.852405
v 10.808499 1.034349 -5.886346
v 10.808432 1.036786 -5.920239
v 10.791882 1.039035 -5.952031
v 10.797943 1.069771 -5.950757
v 10.808499 1.064991 -5.884147
v 10.816964 1.062726 -5.851192
v 10.656177 1.069734 -5.955022
v 10.659010 1.067385 -5.920393
v 10.657180 1.064731 -5.884161
v 10.657180 1.062177 -5.848576
v 10.658110 1.059574 -5.812781
v 10.473389 1.070214 -5.948161
v 10.465035 1.066954 -5.916029
v 10.472638 1.065489 -5.883431
v 10.473389 1.062432 -5.852137
v 10.473367 1.060134 -5.820108
v 10.290351 1.069570 -5.949390
v 10.281289 1.066891 -5.914263
v 10.294677 1.064453 -5.883403
v 10.289598 1.062295 -5.850224
v 10.300049 1.059965 -5.817208
v 10.105806 1.069603 -5.952049
v 10.105806 1.067167 -5.918107
v 10.105806 1.065617 -5.884102
v 10.105806 1.062295 -5.850224
v 10.105806 1.059859 -5.816283
v 9.922015 1.069328 -5.948217
v 9.932004 1.067106 -5.915426
v 9.927276 1.065731 -5.883938
v 9.922015 1.062432 -5.852130
v 9.922015 1.060133 -5.820101
v 9.730094 1.069635 -5.952620
v 9.738224 1.067167 -5.918107
v 9.738224 1.065616 -5.884102
v 9.736114 1.063209 -5.862955
v 9.736113 1.060773 -5.829014
v 9.594890 1.068724 -5.937591
v 9.554433 1.067167 -5.918107
v 9.554433 1.064731 -5.884166
v 9.554535 1.062367 -5.850238
v 9.554433 1.060745 -5.816219
v 9.370643 1.069328 -5.948217
v 9.381133 1.067111 -5.916076
v 9.376334 1.064724 -5.883172
v 9.370643 1.062432 -5.852130
v 9.370643 1.060133 -5.820102
v 9.370643 1.039205 -5.950379
v 9.370643 1.036906 -5.918351
v 9.370643 1.034608 -5.886322
v 9.368758 1.032541 -5.854666
v 9.376970 1.029775 -5.821424
v 9.554433 1.038595 -5.954274
v 9.564208 1.037003 -5.920130
v 9.554718 1.034715 -5.888093
v 9.553573 1.032267 -5.851127
v 9.554901 1.029715 -5.818182
v 9.730571 1.039527 -5.954555
v 9.738224 1.037044 -5.920269
v 9.738224 1.034608 -5.886328
v 9.738224 1.032172 -5.852386
v 9.738224 1.029736 -5.818445
v 9.922015 1.039205 -5.950379
v 9.922015 1.036906 -5.918350
v 9.921524 1.034606 -5.886350
v 9.922015 1.032309 -5.854292
v 9.919533 1.029816 -5.821709
v 10.105529 1.038423 -5.953266
v 10.105806 1.037044 -5.920269
v 10.105806 1.034608 -5.886328
v 10.105806 1.032172 -5.852386
v 10.105806 1.029736 -5.818445
v 10.290846 1.039472 -5.950978
v 10.281152 1.036770 -5.916450
v 10.298277 1.034568 -5.886343
v 10.289598 1.032172 -5.852386
v 10.289598 1.029736 -5.818445
v 10.478684 1.039007 -5.950483
v 10.484390 1.036927 -5.917761
v 10.466404 1.033739 -5.887040
v 10.473389 1.032309 -5.854299
v 10.474153 1.030011 -5.822611
v 10.662381 1.039742 -5.958564
v 10.659639 1.037302 -5.922616
v 10.657180 1.033722 -5.886386
v 10.657180 1.032054 -5.850738
v 10.664639 1.029575 -5.816343
v 9.217341 1.072625 -5.982667
v 9.212212 1.057605 -5.982896
v 9.195272 1.071220 -5.962495
v 10.474230 1.039715 -5.960741
v 10.448124 1.041036 -5.979849
v 10.471619 1.051784 -5.978370
v 10.483774 1.041093 -5.980644
v 9.922015 1.039628 -5.957136
v 9.904187 1.041023 -5.979117
v 9.922015 1.062479 -5.977111
v 9.939839 1.041008 -5.979298
v 9.370300 1.069889 -5.955136
v 9.387065 1.071592 -5.975906
v 9.370223 1.050149 -5.978036
v 9.351419 1.071745 -5.977302
v 9.597634 1.069507 -5.947280
v 9.621155 1.071262 -5.969551
v 9.597624 1.050830 -5.969446
v 9.585571 1.071185 -5.968301
v 9.732570 1.070372 -5.961827
v 9.755894 1.071972 -5.981708
v 9.732616 1.051501 -5.983189
v 9.720307 1.071896 -5.980340
v 10.473646 1.070540 -5.954903
v 10.492281 1.071654 -5.977419
v 10.468806 1.060824 -5.977840
v 10.456636 1.071593 -5.976576
v 10.675002 1.072306 -5.985986
v 10.657180 1.050846 -5.988250
v 10.639367 1.072276 -5.985703
v 10.656500 1.070578 -5.965234
v 9.536381 1.027362 -5.789077
v 9.554710 1.029057 -5.810028
v 9.572012 1.027411 -5.789755
v 9.547455 1.047246 -5.787396
v 10.085536 1.027354 -5.789707
v 10.105152 1.029087 -5.810615
v 10.121196 1.027315 -5.789167
v 10.105066 1.048680 -5.787204
v 10.456600 1.027452 -5.792692
v 10.474228 1.029320 -5.814617
v 10.492240 1.027398 -5.792109
v 10.469037 1.048007 -5.792502
v 9.370643 1.036859 -5.793370
v 9.388470 1.058305 -5.791308
v 9.370643 1.059711 -5.813345
v 9.352819 1.058327 -5.791119
v 9.219480 1.061017 -5.828691
v 9.237582 1.062556 -5.850422
v 9.213853 1.064110 -5.870482
v 9.226441 1.042592 -5.850667
v 10.805097 1.068672 -5.936685
v 10.796582 1.067256 -5.918590
v 10.810773 1.065855 -5.897295
v 10.810301 1.046300 -5.919651
v 10.808499 1.038613 -5.817808
v 10.813500 1.061659 -5.836902
v 10.790670 1.060054 -5.815851
v 10.812567 1.058694 -5.795320
v 10.811954 1.026486 -6.199439
v 10.813967 1.057300 -6.202048
v 10.801298 1.041821 -6.005140
v 9.212873 1.026446 -6.199607
v 9.212873 1.057300 -6.202047
v 9.220256 1.041829 -6.005577
v 9.215671 1.072642 -6.007270
v 9.370151 1.042453 -5.998607
v 9.746179 1.041777 -6.007154
v 9.929896 1.042031 -6.002522
v 10.297371 1.042208 -6.003875
v 10.432729 1.040799 -6.017099
v 10.656688 1.041643 -6.008853
v 10.105315 1.072268 -6.011274
v 9.917804 1.072523 -6.007564
v 9.746179 1.072402 -6.009575
v 10.656688 1.027053 -6.193381
v 10.289390 1.027610 -6.186379
v 10.105315 1.027053 -6.193381
v 9.737733 1.026618 -6.198884
v 9.369437 1.026019 -6.204854
v 9.364268 1.056880 -6.206405
v 9.561033 1.057767 -6.195450
v 9.744419 1.057202 -6.202213
v 9.921524 1.057243 -6.201305
v 10.105315 1.057679 -6.195802
v 10.286445 1.058344 -6.187890
v 10.483447 1.057062 -6.200836
v 10.809443 1.039824 -6.033054
v 10.804191 1.036919 -6.067316
v 10.808008 1.034349 -6.101111
v 10.797293 1.031597 -6.136516
v 10.808836 1.029012 -6.169103
v 10.808008 1.059610 -6.171378
v 10.817286 1.065083 -6.104093
v 10.809566 1.067731 -6.069720
v 10.834275 1.070897 -6.036132
v 9.218831 1.028985 -6.168956
v 9.218831 1.031667 -6.135033
v 9.218831 1.034349 -6.101110
v 9.218899 1.037032 -6.067236
v 9.235449 1.039511 -6.035461
v 9.229387 1.070238 -6.036958
v 9.218831 1.064974 -6.103531
v 9.210366 1.062471 -6.136468
v 9.371154 1.070231 -6.032692
v 9.368320 1.067631 -6.067304
v 9.370151 1.064714 -6.103516
v 9.370151 1.061902 -6.139081
v 9.369221 1.059040 -6.174856
v 9.553942 1.070662 -6.039557
v 9.562295 1.067168 -6.071664
v 9.554692 1.065467 -6.104250
v 9.553942 1.062184 -6.135522
v 9.553964 1.059653 -6.167533
v 9.736979 1.070027 -6.038323
v 9.746041 1.067093 -6.073431
v 9.732653 1.064431 -6.104271
v 9.737733 1.062033 -6.137434
v 9.727282 1.059463 -6.170432
v 9.921524 1.070079 -6.035666
v 9.921524 1.067397 -6.069588
v 9.921524 1.065600 -6.103581
v 9.921524 1.062033 -6.137434
v 9.921524 1.059351 -6.171357
v 10.105315 1.069776 -6.039495
v 10.095326 1.067316 -6.072269
v 10.100055 1.065713 -6.103746
v 10.105315 1.062183 -6.135529
v 10.105315 1.059652 -6.167541
v 10.297236 1.070114 -6.035095
v 10.289106 1.067397 -6.069589
v 10.289106 1.065600 -6.103581
v 10.291217 1.063039 -6.124710
v 10.291217 1.060356 -6.158633
v 10.432441 1.069095 -6.050117
v 10.472897 1.067397 -6.069589
v 10.472897 1.064715 -6.103511
v 10.472795 1.062105 -6.137421
v 10.472897 1.060235 -6.171427
v 10.656688 1.069776 -6.039495
v 10.646197 1.067326 -6.071619
v 10.650996 1.064700 -6.104506
v 10.656688 1.062183 -6.135529
v 10.656688 1.059652 -6.167541
v 10.656688 1.039669 -6.037114
v 10.656688 1.037138 -6.069126
v 10.656688 1.034607 -6.101137
v 10.658572 1.032312 -6.132777
v 10.650360 1.029304 -6.165998
v 10.472897 1.039087 -6.033216
v 10.463122 1.037248 -6.067348
v 10.472612 1.034727 -6.099366
v 10.473757 1.032012 -6.136314
v 10.472429 1.029221 -6.169240
v 10.296760 1.040021 -6.032941
v 10.289106 1.037290 -6.067208
v 10.289106 1.034608 -6.101131
v 10.289106 1.031926 -6.135054
v 10.289106 1.029244 -6.168977
v 10.105315 1.039669 -6.037114
v 10.105315 1.037138 -6.069126
v 10.105806 1.034606 -6.101109
v 10.105315 1.032076 -6.133149
v 10.107798 1.029348 -6.165713
v 9.921802 1.038908 -6.034222
v 9.921524 1.037290 -6.067208
v 9.921524 1.034608 -6.101131
v 9.921524 1.031926 -6.135054
v 9.921524 1.029244 -6.168977
v 9.736485 1.039940 -6.036517
v 9.746178 1.036988 -6.071025
v 9.729053 1.034568 -6.101115
v 9.737733 1.031926 -6.135054
v 9.737733 1.029244 -6.168977
v 9.548646 1.039472 -6.037009
v 9.542940 1.037154 -6.069715
v 9.560926 1.033744 -6.100412
v 9.553942 1.032077 -6.133142
v 9.553178 1.029549 -6.164812
v 9.364949 1.040266 -6.028933
v 9.367691 1.037565 -6.064863
v 9.370151 1.033723 -6.101066
v 9.370151 1.031795 -6.136701
v 9.362691 1.029067 -6.171076
v 10.809989 1.073323 -6.005070
v 10.815119 1.058305 -6.004732
v 10.832058 1.071771 -6.025231
v 9.553101 1.040254 -6.026757
v 9.579206 1.041714 -6.007658
v 9.555712 1.052451 -6.009215
v 9.543556 1.041777 -6.006864
v 10.105315 1.040141 -6.030361
v 10.123143 1.041695 -6.008390
v 10.105315 1.063137 -6.010552
v 10.087491 1.041682 -6.008209
v 10.657029 1.070387 -6.032580
v 10.640265 1.072240 -6.011824
v 10.657107 1.050814 -6.009538
v 10.675911 1.072404 -6.010429
v 10.429696 1.069947 -6.040433
v 10.406176 1.071865 -6.018176
v 10.429707 1.051432 -6.018133
v 10.441759 1.071779 -6.019425
v 10.294761 1.070919 -6.025893
v 10.271437 1.072662 -6.006024
v 10.294714 1.052203 -6.004395
v 10.307023 1.072577 -6.007392
v 9.553684 1.071036 -6.032818
v 9.535049 1.072313 -6.010311
v 9.558524 1.061487 -6.009810
v 9.570694 1.072247 -6.011153
v 9.352328 1.073028 -6.001748
v 9.370151 1.051584 -5.999329
v 9.387963 1.072996 -6.002031
v 9.370831 1.071149 -6.022487
v 10.490950 1.026657 -6.198326
v 10.472620 1.028504 -6.177389
v 10.455318 1.026711 -6.197649
v 10.479876 1.046528 -6.200152
v 9.941794 1.026653 -6.197696
v 9.922178 1.028538 -6.176801
v 9.906135 1.026610 -6.198236
v 9.922264 1.047960 -6.200354
v 9.570730 1.026773 -6.194712
v 9.553102 1.028800 -6.172801
v 9.535090 1.026715 -6.195294
v 9.558293 1.047327 -6.195051
v 10.656688 1.036185 -6.194103
v 10.638861 1.057615 -6.196320
v 10.656688 1.059181 -6.174294
v 10.674510 1.057636 -6.196510
v 10.807851 1.060598 -6.158958
v 10.789748 1.062295 -6.137239
v 10.813478 1.063995 -6.117190
v 10.800889 1.042333 -6.136848
v 9.222234 1.069036 -6.051022
v 9.230747 1.067489 -6.069106
v 9.216558 1.065934 -6.090389
v 9.217030 1.046541 -6.067893
v 9.218831 1.038116 -6.169678
v 9.213830 1.061300 -6.150751
v 9.236660 1.059542 -6.171790
v 9.214764 1.058034 -6.192310
v 9.434109 1.050391 -6.156950
v 9.431758 1.049107 -6.187784
v 9.628530 1.057191 -6.170656
v 9.433939 2.070839 -6.156910
v 9.431758 2.070839 -6.187784
v 9.628092 2.066127 -6.170669
v 9.626657 2.069053 -6.201494
v 9.635067 1.970472 -6.171234
v 9.626514 1.730512 -6.170630
v 9.631148 1.613273 -6.170844
v 9.629797 1.378770 -6.171033
v 9.616562 1.292392 -6.169735
v 9.624815 1.149474 -6.170509
v 9.622650 1.501330 -6.201154
v 9.626363 1.620990 -6.201378
v 9.624350 1.730512 -6.201273
v 9.440171 1.149474 -6.157466
v 9.447177 1.383864 -6.157964
v 9.440171 1.501330 -6.157466
v 9.434665 1.735901 -6.157077
v 9.428690 1.970928 -6.156528
v 9.427397 1.974226 -6.187400
v 9.438359 1.848662 -6.188195
v 9.431592 1.731634 -6.187687
v 9.432500 1.618616 -6.187721
v 9.438006 1.501330 -6.188110
v 9.445925 1.385743 -6.188709
v 9.432967 1.260026 -6.187535
v 9.600599 1.051994 -6.168893
v 9.566315 1.055345 -6.166275
v 9.532499 1.052909 -6.163988
v 9.497072 1.059747 -6.161533
v 9.464465 1.052381 -6.159221
v 9.462446 1.052909 -6.189837
v 9.529775 1.046988 -6.194746
v 9.564168 1.051915 -6.197106
v 9.597782 1.036147 -6.199991
v 9.464611 2.067036 -6.159192
v 9.498555 2.067036 -6.161590
v 9.532499 2.067036 -6.163988
v 9.566395 2.066993 -6.166387
v 9.598189 2.056432 -6.168600
v 9.596950 2.060300 -6.199338
v 9.530334 2.067036 -6.194633
v 9.497377 2.072438 -6.192405
v 9.601215 1.969832 -6.199296
v 9.566583 1.971640 -6.196986
v 9.530348 1.970472 -6.194373
v 9.494760 1.970472 -6.191859
v 9.458962 1.971066 -6.189296
v 9.594354 1.853187 -6.199784
v 9.562219 1.847856 -6.196559
v 9.529619 1.852708 -6.195131
v 9.498322 1.853187 -6.192110
v 9.466290 1.853173 -6.189847
v 9.595583 1.736382 -6.199139
v 9.560452 1.730600 -6.196499
v 9.529591 1.739143 -6.194096
v 9.496408 1.735901 -6.191975
v 9.463390 1.742571 -6.189682
v 9.598241 1.618616 -6.199169
v 9.564297 1.618616 -6.196771
v 9.530291 1.618616 -6.195259
v 9.496408 1.618616 -6.191975
v 9.462464 1.618616 -6.189577
v 9.594410 1.501330 -6.198898
v 9.561616 1.507704 -6.196712
v 9.530127 1.504687 -6.195373
v 9.498315 1.501330 -6.192110
v 9.466284 1.501330 -6.189847
v 9.598812 1.378856 -6.199200
v 9.564297 1.384045 -6.196771
v 9.530291 1.384045 -6.195259
v 9.509141 1.382697 -6.192874
v 9.475197 1.382697 -6.190476
v 9.583782 1.292576 -6.198306
v 9.564297 1.266759 -6.196771
v 9.530353 1.266759 -6.194373
v 9.496423 1.266824 -6.192047
v 9.462401 1.266759 -6.190463
v 9.594410 1.149474 -6.198898
v 9.562266 1.156168 -6.196717
v 9.529359 1.153106 -6.194367
v 9.498315 1.149474 -6.192110
v 9.466284 1.149474 -6.189847
v 9.596538 1.149474 -6.168772
v 9.564507 1.149474 -6.166510
v 9.532475 1.149474 -6.164247
v 9.500817 1.148271 -6.162216
v 9.467572 1.153512 -6.159487
v 9.600432 1.266759 -6.168158
v 9.566286 1.272997 -6.166605
v 9.534247 1.266940 -6.164352
v 9.497277 1.266210 -6.161946
v 9.464330 1.267058 -6.159431
v 9.600714 1.379160 -6.169089
v 9.566425 1.384045 -6.166645
v 9.532481 1.384045 -6.164248
v 9.498537 1.384045 -6.161849
v 9.464593 1.384045 -6.159451
v 9.596538 1.501330 -6.168772
v 9.564507 1.501330 -6.166510
v 9.532503 1.501016 -6.164245
v 9.500443 1.501330 -6.161984
v 9.467857 1.499746 -6.159528
v 9.599424 1.618439 -6.167987
v 9.566425 1.618616 -6.166645
v 9.532481 1.618616 -6.164248
v 9.498537 1.618616 -6.161849
v 9.464593 1.618616 -6.159451
v 9.597136 1.736698 -6.169038
v 9.562606 1.730512 -6.166375
v 9.532496 1.741440 -6.164208
v 9.498537 1.735901 -6.161849
v 9.464593 1.735901 -6.159451
v 9.596641 1.856566 -6.168574
v 9.563917 1.860208 -6.166531
v 9.533193 1.848730 -6.163377
v 9.500450 1.853187 -6.161984
v 9.468760 1.853675 -6.159721
v 9.604723 1.973792 -6.169301
v 9.568772 1.972042 -6.166900
v 9.532538 1.970472 -6.163362
v 9.496888 1.970472 -6.161733
v 9.462491 1.975233 -6.159292
v 9.628863 1.051645 -6.202156
v 9.629075 1.048372 -6.187136
v 9.608689 1.037562 -6.200774
v 9.606899 1.853724 -6.169271
v 9.626009 1.837065 -6.170570
v 9.624543 1.852058 -6.181320
v 9.626804 1.859815 -6.170626
v 9.603294 1.501330 -6.169188
v 9.625278 1.489953 -6.170558
v 9.623296 1.501330 -6.192017
v 9.625459 1.512705 -6.170543
v 9.601329 1.149256 -6.199451
v 9.622101 1.159953 -6.201130
v 9.624207 1.149206 -6.179685
v 9.623497 1.137207 -6.201283
v 9.593472 1.294327 -6.199077
v 9.615746 1.309337 -6.200808
v 9.615618 1.294320 -6.180376
v 9.614495 1.286629 -6.200732
v 9.608020 1.380436 -6.199926
v 9.627903 1.395320 -6.201503
v 9.629361 1.380466 -6.181032
v 9.626534 1.372611 -6.201430
v 9.601096 1.853351 -6.200102
v 9.623613 1.865243 -6.201191
v 9.624022 1.850263 -6.190361
v 9.622771 1.842497 -6.201131
v 9.632181 1.981846 -6.201834
v 9.634421 1.970472 -6.180370
v 9.631899 1.959105 -6.201804
v 9.611428 1.970039 -6.200128
v 9.435223 1.255239 -6.157111
v 9.456175 1.266936 -6.158782
v 9.435901 1.277977 -6.157159
v 9.433563 1.262306 -6.176996
v 9.435852 1.605680 -6.157102
v 9.456762 1.618198 -6.158811
v 9.435313 1.628436 -6.157063
v 9.433373 1.618143 -6.178431
v 9.438838 1.842474 -6.157197
v 9.460765 1.853722 -6.159040
v 9.438254 1.865217 -6.157143
v 9.438670 1.850410 -6.177752
v 9.439526 1.149474 -6.166603
v 9.437488 1.160850 -6.188051
v 9.459527 1.149474 -6.189432
v 9.437299 1.138100 -6.188073
v 9.474874 1.053009 -6.190722
v 9.496607 1.064561 -6.192235
v 9.516668 1.049419 -6.193768
v 9.496830 1.057452 -6.172272
v 9.582876 2.064865 -6.198254
v 9.564780 2.059432 -6.196859
v 9.543484 2.068487 -6.195482
v 9.565817 2.068186 -6.175902
v 9.463965 2.067036 -6.168329
v 9.483086 2.070228 -6.191354
v 9.462033 2.055659 -6.189773
v 9.441501 2.069632 -6.188436
v 9.235462 1.039030 -6.178701
v 9.238977 1.037698 -6.209425
v 9.428973 1.046084 -6.155447
v 9.235289 2.097561 -6.178695
v 9.238977 2.097561 -6.209425
v 9.428547 2.092673 -6.155541
v 9.432959 2.095709 -6.186083
v 9.435502 1.993449 -6.154779
v 9.426990 1.744533 -6.155801
v 9.431581 1.622919 -6.155137
v 9.430289 1.379665 -6.155578
v 9.417048 1.290063 -6.156802
v 9.425299 1.141811 -6.156004
v 9.428960 1.506798 -6.186506
v 9.432647 1.630924 -6.186025
v 9.430651 1.744533 -6.186303
v 9.241513 1.141811 -6.178064
v 9.248487 1.384948 -6.177229
v 9.241513 1.506798 -6.178064
v 9.236032 1.750124 -6.178721
v 9.230062 1.993921 -6.179310
v 9.234622 1.997342 -6.209872
v 9.245537 1.867092 -6.208583
v 9.238795 1.745698 -6.209361
v 9.239694 1.628461 -6.209223
v 9.245174 1.506798 -6.208566
v 9.253063 1.386898 -6.207658
v 9.240118 1.256489 -6.208952
v 9.401214 1.040693 -6.158989
v 9.367050 1.044170 -6.162893
v 9.333412 1.041643 -6.167033
v 9.298159 1.048735 -6.171313
v 9.265702 1.041094 -6.175200
v 9.269501 1.041643 -6.205646
v 9.336545 1.035501 -6.197753
v 9.370765 1.040611 -6.193575
v 9.404319 1.024255 -6.190061
v 9.265840 2.093617 -6.175144
v 9.299626 2.093617 -6.171089
v 9.333412 2.093616 -6.167033
v 9.367150 2.093572 -6.162989
v 9.398791 2.082616 -6.159158
v 9.403378 2.086629 -6.189576
v 9.337073 2.093617 -6.197535
v 9.304289 2.099220 -6.201571
v 9.407559 1.992785 -6.188730
v 9.373114 1.994660 -6.193001
v 9.337037 1.993449 -6.197278
v 9.301615 1.993449 -6.201529
v 9.265978 1.994065 -6.205773
v 9.400914 1.871786 -6.190505
v 9.368748 1.866257 -6.193406
v 9.336466 1.871289 -6.198160
v 9.305161 1.871786 -6.201104
v 9.273278 1.871771 -6.204930
v 9.401999 1.750622 -6.189639
v 9.367002 1.744624 -6.193681
v 9.336241 1.753486 -6.197148
v 9.303256 1.750124 -6.201332
v 9.270399 1.757042 -6.205316
v 9.404614 1.628461 -6.189166
v 9.370829 1.628461 -6.193222
v 9.337148 1.628461 -6.198158
v 9.303256 1.628461 -6.201332
v 9.269469 1.628461 -6.205388
v 9.400801 1.506798 -6.189624
v 9.368184 1.513410 -6.193671
v 9.337008 1.510280 -6.198302
v 9.305154 1.506798 -6.201104
v 9.273271 1.506798 -6.204931
v 9.405182 1.379754 -6.189088
v 9.370829 1.385136 -6.193222
v 9.337148 1.385136 -6.198158
v 9.315928 1.383738 -6.199811
v 9.282143 1.383738 -6.203866
v 9.390253 1.290254 -6.191049
v 9.370829 1.263473 -6.193222
v 9.337042 1.263473 -6.197277
v 9.303284 1.263541 -6.201400
v 9.269575 1.263473 -6.206269
v 9.400801 1.141811 -6.189624
v 9.368824 1.148755 -6.193552
v 9.336064 1.145578 -6.197459
v 9.305154 1.141811 -6.201104
v 9.273271 1.141811 -6.204931
v 9.397202 1.141811 -6.159638
v 9.365319 1.141811 -6.163465
v 9.333437 1.141811 -6.167292
v 9.301966 1.140564 -6.171276
v 9.268803 1.145999 -6.174874
v 9.400909 1.263473 -6.158299
v 9.367085 1.269944 -6.163222
v 9.335197 1.263662 -6.167061
v 9.298438 1.262904 -6.171679
v 9.265609 1.263783 -6.175431
v 9.401362 1.380069 -6.159161
v 9.367229 1.385136 -6.163236
v 9.333443 1.385136 -6.167291
v 9.299657 1.385136 -6.171347
v 9.265870 1.385136 -6.175402
v 9.397202 1.506798 -6.159638
v 9.365319 1.506799 -6.163465
v 9.333465 1.506473 -6.167285
v 9.301555 1.506798 -6.171119
v 9.269091 1.505155 -6.174861
v 9.399888 1.628277 -6.158322
v 9.367229 1.628461 -6.163236
v 9.333443 1.628461 -6.167291
v 9.299657 1.628461 -6.171347
v 9.265870 1.628461 -6.175402
v 9.397840 1.750950 -6.159787
v 9.363427 1.744533 -6.163692
v 9.333450 1.755870 -6.167250
v 9.299657 1.750124 -6.171347
v 9.265870 1.750124 -6.175402
v 9.397265 1.875292 -6.159425
v 9.364745 1.879069 -6.163597
v 9.333978 1.867163 -6.166303
v 9.301561 1.871786 -6.171118
v 9.270014 1.872292 -6.174881
v 9.405340 1.996892 -6.158611
v 9.369582 1.995077 -6.163043
v 9.333332 1.993449 -6.166410
v 9.298016 1.993449 -6.171544
v 9.263777 1.998387 -6.175642
v 9.435249 1.040331 -6.186317
v 9.432621 1.036936 -6.171527
v 9.415178 1.025722 -6.188769
v 9.407472 1.872343 -6.158171
v 9.426483 1.855062 -6.155838
v 9.427073 1.870615 -6.166672
v 9.427274 1.878661 -6.155744
v 9.403915 1.506798 -6.158770
v 9.425761 1.494997 -6.155964
v 9.427868 1.506798 -6.177411
v 9.425937 1.518597 -6.155916
v 9.407701 1.141585 -6.188860
v 9.428415 1.152682 -6.186587
v 9.426434 1.141533 -6.165130
v 9.429815 1.129086 -6.186472
v 9.399914 1.292071 -6.189977
v 9.422113 1.307640 -6.187470
v 9.418129 1.292063 -6.167430
v 9.420872 1.284085 -6.187632
v 9.414361 1.381393 -6.188064
v 9.434184 1.396832 -6.185857
v 9.431749 1.381424 -6.165479
v 9.432826 1.373276 -6.186044
v 9.407595 1.871957 -6.189543
v 9.429913 1.884292 -6.186360
v 9.428269 1.868753 -6.175648
v 9.429073 1.860697 -6.186461
v 9.438448 2.005246 -6.185374
v 9.436594 1.993449 -6.163874
v 9.438165 1.981658 -6.185398
v 9.417746 1.992999 -6.187618
v 9.236587 1.251523 -6.178650
v 9.257478 1.263656 -6.176334
v 9.237262 1.275109 -6.178569
v 9.238713 1.258854 -6.198491
v 9.237204 1.615043 -6.178522
v 9.258060 1.628028 -6.176252
v 9.236667 1.638648 -6.178586
v 9.238796 1.627971 -6.199935
v 9.240153 1.860673 -6.178051
v 9.262034 1.872342 -6.175721
v 9.239571 1.884265 -6.178109
v 9.243871 1.868906 -6.198268
v 9.242605 1.141811 -6.187158
v 9.244655 1.153612 -6.208605
v 9.266558 1.141811 -6.205800
v 9.244473 1.130013 -6.208663
v 9.281872 1.041746 -6.204168
v 9.303499 1.053730 -6.201550
v 9.323490 1.038022 -6.199266
v 9.299949 1.046355 -6.181904
v 9.389354 2.091364 -6.191170
v 9.371320 2.085728 -6.193217
v 9.350146 2.095121 -6.195886
v 9.368381 2.094809 -6.172441
v 9.266932 2.093617 -6.184238
v 9.290055 2.096928 -6.203238
v 9.269083 2.081815 -6.205661
v 9.248667 2.096309 -6.208225
v 9.625730 1.040462 -6.165019
v 9.625890 1.039127 -6.195943
v 9.820700 1.044789 -6.162781
v 9.640363 2.098891 -6.164994
v 9.640714 2.098886 -6.195943
v 9.834903 2.091282 -6.162829
v 9.836036 2.094302 -6.193669
v 9.840512 1.991969 -6.162822
v 9.828458 1.743198 -6.162919
v 9.831393 1.621531 -6.162754
v 9.826659 1.378319 -6.163053
v 9.812111 1.288912 -6.162842
v 9.818325 1.140558 -6.162939
v 9.823778 1.505505 -6.193657
v 9.829232 1.629567 -6.193577
v 9.828807 1.743193 -6.193638
v 9.633251 1.143147 -6.165038
v 9.643674 1.386162 -6.164961
v 9.638356 1.508099 -6.165038
v 9.636240 1.751478 -6.165101
v 9.633650 1.995336 -6.165042
v 9.634934 1.998739 -6.195917
v 9.644102 1.868347 -6.195813
v 9.635618 1.747060 -6.195859
v 9.634887 1.629822 -6.195819
v 9.638704 1.508094 -6.195757
v 9.644967 1.388094 -6.195706
v 9.630136 1.257881 -6.195596
v 9.792647 1.039790 -6.163308
v 9.758314 1.043747 -6.163502
v 9.724394 1.041694 -6.163988
v 9.688988 1.049283 -6.164439
v 9.656197 1.042100 -6.164801
v 9.656695 1.042641 -6.195479
v 9.724108 1.035555 -6.194867
v 9.758647 1.040184 -6.194406
v 9.792152 1.023357 -6.194532
v 9.671060 2.094517 -6.164760
v 9.705083 2.094041 -6.164374
v 9.739106 2.093565 -6.163988
v 9.773081 2.093046 -6.163608
v 9.804793 2.081645 -6.163213
v 9.806128 2.085639 -6.193950
v 9.739455 2.093560 -6.194707
v 9.706508 2.099625 -6.195182
v 9.809062 1.991745 -6.193559
v 9.774387 1.994106 -6.194088
v 9.738046 1.993403 -6.194447
v 9.702375 1.993901 -6.194852
v 9.666500 1.995019 -6.195225
v 9.800572 1.870854 -6.194606
v 9.768207 1.865776 -6.194020
v 9.735674 1.871264 -6.195263
v 9.704244 1.872201 -6.194811
v 9.672138 1.872635 -6.195176
v 9.800050 1.749685 -6.193863
v 9.764741 1.744180 -6.194105
v 9.733912 1.753474 -6.194233
v 9.700624 1.750577 -6.194833
v 9.667629 1.757958 -6.195248
v 9.800993 1.627499 -6.193675
v 9.766970 1.627975 -6.194061
v 9.732956 1.628450 -6.195334
v 9.698923 1.628926 -6.194833
v 9.664900 1.629402 -6.195219
v 9.795451 1.505902 -6.193719
v 9.762684 1.512972 -6.194222
v 9.731150 1.510283 -6.195462
v 9.699132 1.507249 -6.194811
v 9.667027 1.507698 -6.195176
v 9.798086 1.378808 -6.193659
v 9.763566 1.384673 -6.194061
v 9.729553 1.385149 -6.195334
v 9.708262 1.384049 -6.194688
v 9.674239 1.384525 -6.195074
v 9.781783 1.289527 -6.193997
v 9.761865 1.263023 -6.194061
v 9.727841 1.263498 -6.194447
v 9.693839 1.264041 -6.194904
v 9.659805 1.264450 -6.196106
v 9.790346 1.140949 -6.193719
v 9.758232 1.148344 -6.194174
v 9.725202 1.145629 -6.194522
v 9.694028 1.142297 -6.194811
v 9.661922 1.142746 -6.195176
v 9.790004 1.140954 -6.163520
v 9.757897 1.141403 -6.163884
v 9.725791 1.141852 -6.164248
v 9.694059 1.141049 -6.164813
v 9.660781 1.146951 -6.164812
v 9.795535 1.262551 -6.162589
v 9.761471 1.269499 -6.163833
v 9.729270 1.263667 -6.164208
v 9.692221 1.263427 -6.164834
v 9.659193 1.264768 -6.165021
v 9.797523 1.379131 -6.163494
v 9.763224 1.384678 -6.163862
v 9.729200 1.385154 -6.164248
v 9.695177 1.385630 -6.164634
v 9.661154 1.386106 -6.165020
v 9.795109 1.505906 -6.163520
v 9.763002 1.506356 -6.163884
v 9.730920 1.506479 -6.164244
v 9.698790 1.507254 -6.164612
v 9.666093 1.506067 -6.164830
v 9.799619 1.627334 -6.162501
v 9.766627 1.627979 -6.163862
v 9.732604 1.628455 -6.164248
v 9.698581 1.628931 -6.164634
v 9.664557 1.629407 -6.165020
v 9.799142 1.750025 -6.163736
v 9.764421 1.744094 -6.163906
v 9.734398 1.755851 -6.164207
v 9.700282 1.750582 -6.164634
v 9.666259 1.751058 -6.165020
v 9.800348 1.874363 -6.163314
v 9.767623 1.878598 -6.163953
v 9.736580 1.867125 -6.163323
v 9.703901 1.872206 -6.164612
v 9.672142 1.873156 -6.164948
v 9.810163 1.995838 -6.163377
v 9.774115 1.994527 -6.163925
v 9.737694 1.993408 -6.163361
v 9.702033 1.993906 -6.164653
v 9.667624 1.999327 -6.165033
v 9.823528 1.038996 -6.194148
v 9.822463 1.035615 -6.179162
v 9.803106 1.024672 -6.194420
v 9.810588 1.871271 -6.163169
v 9.829496 1.853723 -6.162902
v 9.829131 1.869282 -6.173735
v 9.830623 1.877309 -6.162892
v 9.801876 1.505812 -6.163381
v 9.823730 1.493703 -6.162949
v 9.823674 1.505507 -6.184498
v 9.824239 1.517299 -6.162920
v 9.797284 1.140626 -6.193704
v 9.818276 1.151431 -6.193679
v 9.818466 1.140279 -6.172133
v 9.819350 1.127818 -6.193717
v 9.791528 1.291207 -6.193974
v 9.814084 1.306463 -6.193878
v 9.812067 1.290913 -6.173524
v 9.812503 1.282928 -6.193904
v 9.807344 1.380317 -6.193631
v 9.827504 1.395476 -6.193576
v 9.827067 1.380072 -6.173054
v 9.825805 1.371941 -6.193615
v 9.807320 1.870930 -6.194372
v 9.830021 1.882949 -6.193615
v 9.829327 1.867418 -6.182788
v 9.828846 1.859368 -6.193625
v 9.840303 2.003771 -6.193555
v 9.840616 1.991968 -6.171981
v 9.839689 1.980188 -6.193549
v 9.819311 1.991816 -6.193553
v 9.629826 1.252918 -6.165089
v 9.651011 1.264756 -6.165041
v 9.630835 1.276492 -6.165082
v 9.629900 1.260249 -6.185043
v 9.635536 1.616393 -6.165029
v 9.656695 1.629084 -6.165022
v 9.635325 1.640004 -6.165035
v 9.634991 1.629331 -6.186489
v 9.641954 1.861958 -6.164879
v 9.664120 1.873318 -6.164923
v 9.641699 1.885556 -6.164873
v 9.643583 1.870169 -6.185379
v 9.633355 1.143145 -6.174197
v 9.633244 1.154949 -6.195740
v 9.655154 1.142841 -6.195314
v 9.632726 1.131355 -6.195778
v 9.669154 1.042571 -6.195344
v 9.691103 1.054248 -6.195076
v 9.711002 1.038261 -6.194963
v 9.689590 1.046894 -6.175161
v 9.792080 2.090572 -6.194020
v 9.773854 2.085190 -6.194109
v 9.752649 2.094881 -6.194479
v 9.773300 2.094280 -6.173138
v 9.671164 2.094516 -6.173919
v 9.692147 2.097533 -6.195304
v 9.670827 2.082718 -6.195449
v 9.650457 2.097498 -6.195796
v 10.415037 2.069241 -6.156950
v 10.417388 2.070525 -6.187784
v 10.220616 2.062442 -6.170656
v 10.415206 1.048793 -6.156910
v 10.417387 1.048793 -6.187784
v 10.221053 1.053505 -6.170669
v 10.222488 1.050579 -6.201494
v 10.214079 1.149160 -6.171234
v 10.222631 1.389120 -6.170629
v 10.217997 1.506359 -6.170844
v 10.219349 1.740862 -6.171033
v 10.232583 1.827240 -6.169735
v 10.224331 1.970159 -6.170509
v 10.226496 1.618302 -6.201154
v 10.222783 1.498643 -6.201378
v 10.224796 1.389120 -6.201273
v 10.408975 1.970159 -6.157466
v 10.401969 1.735769 -6.157963
v 10.408975 1.618302 -6.157466
v 10.414481 1.383731 -6.157077
v 10.420456 1.148704 -6.156528
v 10.421749 1.145406 -6.187400
v 10.410787 1.270971 -6.188195
v 10.417554 1.387998 -6.187687
v 10.416646 1.501016 -6.187721
v 10.411139 1.618302 -6.188110
v 10.403221 1.733889 -6.188709
v 10.416179 1.859606 -6.187535
v 10.248547 2.067638 -6.168893
v 10.282831 2.064287 -6.166275
v 10.316647 2.066723 -6.163988
v 10.352074 2.059886 -6.161533
v 10.384681 2.067252 -6.159221
v 10.386700 2.066723 -6.189837
v 10.319370 2.072644 -6.194746
v 10.284978 2.067718 -6.197106
v 10.251364 2.083486 -6.199991
v 10.384535 1.052595 -6.159192
v 10.350591 1.052596 -6.161590
v 10.316647 1.052596 -6.163988
v 10.282751 1.052639 -6.166387
v 10.250957 1.063200 -6.168600
v 10.252195 1.059332 -6.199338
v 10.318811 1.052596 -6.194633
v 10.351768 1.047194 -6.192405
v 10.247931 1.149800 -6.199296
v 10.282562 1.147992 -6.196986
v 10.318798 1.149160 -6.194373
v 10.354385 1.149160 -6.191859
v 10.390182 1.148566 -6.189296
v 10.254791 1.266446 -6.199784
v 10.286927 1.271776 -6.196559
v 10.319526 1.266925 -6.195131
v 10.350823 1.266446 -6.192110
v 10.382854 1.266460 -6.189847
v 10.253563 1.383250 -6.199139
v 10.288693 1.389033 -6.196499
v 10.319555 1.380489 -6.194096
v 10.352737 1.383731 -6.191975
v 10.385756 1.377062 -6.189682
v 10.250904 1.501016 -6.199169
v 10.284848 1.501017 -6.196771
v 10.318855 1.501016 -6.195259
v 10.352737 1.501016 -6.191975
v 10.386682 1.501017 -6.189577
v 10.254736 1.618302 -6.198898
v 10.287530 1.611928 -6.196712
v 10.319019 1.614946 -6.195373
v 10.350830 1.618302 -6.192110
v 10.382862 1.618302 -6.189847
v 10.250333 1.740776 -6.199200
v 10.284848 1.735588 -6.196771
v 10.318855 1.735588 -6.195259
v 10.340005 1.736935 -6.192874
v 10.373949 1.736935 -6.190476
v 10.265364 1.827056 -6.198306
v 10.284849 1.852873 -6.196771
v 10.318793 1.852873 -6.194373
v 10.352723 1.852809 -6.192047
v 10.386744 1.852873 -6.190463
v 10.254736 1.970159 -6.198898
v 10.286880 1.963464 -6.196717
v 10.319787 1.966527 -6.194367
v 10.350831 1.970159 -6.192110
v 10.382862 1.970159 -6.189847
v 10.252607 1.970159 -6.168772
v 10.284639 1.970159 -6.166510
v 10.316670 1.970159 -6.164247
v 10.348329 1.971361 -6.162216
v 10.381574 1.966121 -6.159487
v 10.248713 1.852873 -6.168158
v 10.282860 1.846636 -6.166605
v 10.314898 1.852692 -6.164352
v 10.351869 1.853422 -6.161946
v 10.384816 1.852575 -6.159431
v 10.248432 1.740472 -6.169089
v 10.282721 1.735588 -6.166645
v 10.316665 1.735588 -6.164248
v 10.350609 1.735588 -6.161849
v 10.384553 1.735588 -6.159451
v 10.252607 1.618302 -6.168772
v 10.284639 1.618302 -6.166510
v 10.316642 1.618616 -6.164245
v 10.348702 1.618302 -6.161984
v 10.381289 1.619887 -6.159528
v 10.249722 1.501194 -6.167987
v 10.282721 1.501017 -6.166645
v 10.316665 1.501017 -6.164248
v 10.350609 1.501016 -6.161849
v 10.384553 1.501017 -6.159451
v 10.252008 1.382934 -6.169038
v 10.286540 1.389120 -6.166375
v 10.316649 1.378192 -6.164208
v 10.350609 1.383731 -6.161849
v 10.384553 1.383731 -6.159451
v 10.252504 1.263066 -6.168574
v 10.285229 1.259425 -6.166531
v 10.315953 1.270903 -6.163377
v 10.348696 1.266446 -6.161984
v 10.380386 1.265958 -6.159721
v 10.244422 1.145841 -6.169301
v 10.280374 1.147590 -6.166900
v 10.316607 1.149160 -6.163362
v 10.352258 1.149160 -6.161733
v 10.386654 1.144399 -6.159292
v 10.220283 2.067987 -6.202156
v 10.220071 2.071260 -6.187136
v 10.240457 2.082070 -6.200774
v 10.242246 1.265909 -6.169271
v 10.223136 1.282568 -6.170570
v 10.224603 1.267575 -6.181320
v 10.222342 1.259818 -6.170627
v 10.245851 1.618302 -6.169188
v 10.223868 1.629679 -6.170558
v 10.225850 1.618302 -6.192017
v 10.223687 1.606928 -6.170543
v 10.247817 1.970377 -6.199451
v 10.227045 1.959679 -6.201130
v 10.224938 1.970426 -6.179685
v 10.225649 1.982426 -6.201283
v 10.255673 1.825305 -6.199077
v 10.233400 1.810295 -6.200808
v 10.233528 1.825312 -6.180376
v 10.234650 1.833003 -6.200732
v 10.241126 1.739196 -6.199926
v 10.221242 1.724312 -6.201503
v 10.219785 1.739166 -6.181032
v 10.222611 1.747022 -6.201430
v 10.248049 1.266281 -6.200102
v 10.225532 1.254389 -6.201191
v 10.225122 1.269370 -6.190361
v 10.226375 1.277135 -6.201131
v 10.216964 1.137787 -6.201834
v 10.214725 1.149160 -6.180370
v 10.217247 1.160527 -6.201804
v 10.237718 1.149594 -6.200128
v 10.413923 1.864393 -6.157111
v 10.392971 1.852697 -6.158782
v 10.413245 1.841656 -6.157159
v 10.415582 1.857327 -6.176996
v 10.413293 1.513952 -6.157102
v 10.392384 1.501434 -6.158811
v 10.413833 1.491196 -6.157063
v 10.415772 1.501489 -6.178431
v 10.410308 1.277159 -6.157197
v 10.388381 1.265910 -6.159040
v 10.410891 1.254415 -6.157143
v 10.410475 1.269222 -6.177752
v 10.409620 1.970159 -6.166603
v 10.411657 1.958783 -6.188051
v 10.389619 1.970159 -6.189432
v 10.411847 1.981532 -6.188073
v 10.374272 2.066623 -6.190722
v 10.352539 2.055071 -6.192235
v 10.332477 2.070214 -6.193768
v 10.352316 2.062180 -6.172272
v 10.266270 1.054767 -6.198254
v 10.284366 1.060200 -6.196859
v 10.305661 1.051145 -6.195482
v 10.283328 1.051446 -6.175902
v 10.385180 1.052596 -6.168329
v 10.366059 1.049404 -6.191354
v 10.387113 1.063973 -6.189773
v 10.407645 1.050000 -6.188436
v 10.219049 2.095904 -6.178701
v 10.215533 2.097236 -6.209425
v 10.025537 2.088850 -6.155447
v 10.219222 1.037373 -6.178695
v 10.215534 1.037373 -6.209425
v 10.025965 1.042261 -6.155541
v 10.021553 1.039225 -6.186083
v 10.019009 1.141485 -6.154779
v 10.027521 1.390401 -6.155801
v 10.022929 1.512015 -6.155137
v 10.024221 1.755269 -6.155578
v 10.037463 1.844871 -6.156802
v 10.029212 1.993123 -6.156004
v 10.025552 1.628136 -6.186506
v 10.021864 1.504010 -6.186025
v 10.023860 1.390401 -6.186303
v 10.212997 1.993124 -6.178064
v 10.206024 1.749986 -6.177229
v 10.212997 1.628136 -6.178064
v 10.218478 1.384811 -6.178721
v 10.224450 1.141013 -6.179310
v 10.219890 1.137592 -6.209872
v 10.208974 1.267842 -6.208583
v 10.215715 1.389237 -6.209361
v 10.214817 1.506473 -6.209223
v 10.209336 1.628136 -6.208566
v 10.201447 1.748037 -6.207658
v 10.214393 1.878445 -6.208952
v 10.053297 2.094241 -6.158989
v 10.087461 2.090765 -6.162893
v 10.121099 2.093291 -6.167033
v 10.156352 2.086199 -6.171313
v 10.188808 2.093840 -6.175200
v 10.185010 2.093292 -6.205646
v 10.117966 2.099433 -6.197753
v 10.083745 2.094323 -6.193575
v 10.050191 2.110679 -6.190061
v 10.188672 1.041318 -6.175144
v 10.154885 1.041317 -6.171089
v 10.121099 1.041317 -6.167033
v 10.087360 1.041362 -6.162989
v 10.055720 1.052318 -6.159158
v 10.051133 1.048305 -6.189576
v 10.117438 1.041317 -6.197535
v 10.150223 1.035714 -6.201571
v 10.046952 1.142149 -6.188730
v 10.081397 1.140274 -6.193001
v 10.117474 1.141485 -6.197278
v 10.152896 1.141485 -6.201529
v 10.188533 1.140869 -6.205773
v 10.053597 1.263148 -6.190505
v 10.085764 1.268677 -6.193406
v 10.118046 1.263645 -6.198160
v 10.149351 1.263148 -6.201104
v 10.181233 1.263162 -6.204930
v 10.052512 1.384312 -6.189639
v 10.087509 1.390310 -6.193681
v 10.118270 1.381448 -6.197148
v 10.151256 1.384811 -6.201332
v 10.184113 1.377892 -6.205316
v 10.049896 1.506473 -6.189166
v 10.083682 1.506473 -6.193222
v 10.117363 1.506473 -6.198158
v 10.151255 1.506473 -6.201332
v 10.185041 1.506473 -6.205388
v 10.053710 1.628136 -6.189624
v 10.086327 1.621524 -6.193671
v 10.117502 1.624654 -6.198302
v 10.149358 1.628136 -6.201104
v 10.181240 1.628136 -6.204931
v 10.049330 1.755180 -6.189088
v 10.083682 1.749798 -6.193222
v 10.117363 1.749798 -6.198158
v 10.138582 1.751196 -6.199811
v 10.172368 1.751196 -6.203866
v 10.064258 1.844680 -6.191049
v 10.083682 1.871461 -6.193222
v 10.117469 1.871461 -6.197277
v 10.151227 1.871394 -6.201400
v 10.184936 1.871461 -6.206269
v 10.053710 1.993123 -6.189624
v 10.085687 1.986179 -6.193552
v 10.118446 1.989356 -6.197459
v 10.149357 1.993124 -6.201105
v 10.181240 1.993124 -6.204931
v 10.057309 1.993123 -6.159638
v 10.089191 1.993123 -6.163465
v 10.121074 1.993123 -6.167292
v 10.152545 1.994371 -6.171276
v 10.185708 1.988935 -6.174874
v 10.053601 1.871461 -6.158299
v 10.087426 1.864991 -6.163222
v 10.119313 1.871273 -6.167061
v 10.156073 1.872030 -6.171679
v 10.188902 1.871152 -6.175431
v 10.053148 1.754865 -6.159161
v 10.087281 1.749798 -6.163236
v 10.121068 1.749798 -6.167291
v 10.154854 1.749798 -6.171347
v 10.188641 1.749798 -6.175402
v 10.057309 1.628136 -6.159638
v 10.089191 1.628136 -6.163465
v 10.121046 1.628461 -6.167285
v 10.152957 1.628136 -6.171119
v 10.185420 1.629779 -6.174861
v 10.054624 1.506657 -6.158322
v 10.087281 1.506473 -6.163236
v 10.121068 1.506473 -6.167291
v 10.154854 1.506473 -6.171347
v 10.188641 1.506473 -6.175402
v 10.056671 1.383984 -6.159787
v 10.091084 1.390401 -6.163692
v 10.121060 1.379065 -6.167250
v 10.154854 1.384811 -6.171347
v 10.188641 1.384811 -6.175402
v 10.057245 1.259642 -6.159425
v 10.089767 1.255865 -6.163597
v 10.120534 1.267771 -6.166303
v 10.152950 1.263148 -6.171118
v 10.184498 1.262642 -6.174881
v 10.049171 1.138042 -6.158611
v 10.084929 1.139857 -6.163043
v 10.121179 1.141485 -6.166410
v 10.156495 1.141485 -6.171544
v 10.190734 1.136547 -6.175642
v 10.019260 2.094603 -6.186317
v 10.021889 2.097998 -6.171527
v 10.039332 2.109211 -6.188769
v 10.047040 1.262591 -6.158171
v 10.028028 1.279872 -6.155838
v 10.027438 1.264320 -6.166672
v 10.027237 1.256273 -6.155744
v 10.050595 1.628136 -6.158770
v 10.028749 1.639937 -6.155964
v 10.026643 1.628136 -6.177411
v 10.028574 1.616337 -6.155916
v 10.046810 1.993349 -6.188860
v 10.026095 1.982252 -6.186587
v 10.028077 1.993401 -6.165130
v 10.024695 2.005848 -6.186472
v 10.054596 1.842864 -6.189977
v 10.032397 1.827294 -6.187470
v 10.036382 1.842871 -6.167430
v 10.033639 1.850849 -6.187632
v 10.040150 1.753541 -6.188064
v 10.020327 1.738102 -6.185857
v 10.022761 1.753510 -6.165479
v 10.021685 1.761659 -6.186044
v 10.046916 1.262977 -6.189543
v 10.024598 1.250642 -6.186360
v 10.026242 1.266181 -6.175648
v 10.025437 1.274237 -6.186461
v 10.016064 1.129688 -6.185374
v 10.017917 1.141485 -6.163874
v 10.016347 1.153277 -6.185398
v 10.036766 1.141935 -6.187618
v 10.217924 1.883411 -6.178650
v 10.197033 1.871278 -6.176334
v 10.217249 1.859825 -6.178569
v 10.215797 1.876080 -6.198491
v 10.217307 1.519891 -6.178522
v 10.196451 1.506907 -6.176252
v 10.217844 1.496286 -6.178586
v 10.215714 1.506963 -6.199935
v 10.214358 1.274261 -6.178051
v 10.192477 1.262592 -6.175721
v 10.214941 1.250669 -6.178109
v 10.210641 1.266028 -6.198268
v 10.211905 1.993123 -6.187158
v 10.209856 1.981323 -6.208605
v 10.187953 1.993124 -6.205800
v 10.210038 2.004921 -6.208663
v 10.172639 2.093188 -6.204168
v 10.151011 2.081204 -6.201550
v 10.131021 2.096912 -6.199266
v 10.154562 2.088579 -6.181904
v 10.065158 1.043570 -6.191170
v 10.083192 1.049206 -6.193217
v 10.104364 1.039812 -6.195886
v 10.086131 1.040125 -6.172441
v 10.187580 1.041318 -6.184238
v 10.164455 1.038007 -6.203238
v 10.185429 1.053119 -6.205661
v 10.205844 1.038625 -6.208226
v 10.029050 1.942260 -6.165019
v 10.028887 1.943397 -6.195943
v 9.834100 1.938974 -6.162781
v 10.016603 1.040065 -6.164994
v 10.016252 1.040070 -6.195943
v 9.822057 1.046954 -6.162829
v 9.820930 1.044382 -6.193669
v 9.816243 1.131621 -6.162822
v 9.827784 1.343653 -6.162919
v 9.824597 1.447371 -6.162754
v 9.828829 1.654679 -6.163053
v 9.843192 1.730861 -6.162842
v 9.836672 1.857333 -6.162939
v 9.831972 1.546257 -6.193657
v 9.826775 1.440516 -6.193577
v 9.827435 1.343658 -6.193638
v 10.021741 1.854745 -6.165038
v 10.011820 1.647616 -6.164961
v 10.017389 1.543663 -6.165038
v 10.020008 1.336199 -6.165101
v 10.023101 1.128325 -6.165042
v 10.021824 1.125426 -6.195917
v 10.012387 1.236593 -6.195813
v 10.020620 1.339963 -6.195859
v 10.021110 1.439897 -6.195819
v 10.017041 1.543668 -6.195757
v 10.010531 1.645971 -6.195706
v 10.025094 1.756937 -6.195596
v 9.862141 1.943177 -6.163308
v 9.896480 1.939733 -6.163502
v 9.930394 1.941413 -6.163988
v 9.965815 1.934871 -6.164439
v 9.998589 1.940926 -6.164801
v 9.998091 1.940466 -6.195479
v 9.930667 1.946645 -6.194867
v 9.896140 1.942771 -6.194406
v 9.862601 1.957184 -6.194532
v 9.985898 1.043857 -6.164760
v 9.951876 1.044333 -6.164374
v 9.917853 1.044809 -6.163988
v 9.883880 1.045322 -6.163608
v 9.852145 1.055106 -6.163213
v 9.850820 1.051704 -6.193950
v 9.917504 1.044814 -6.194707
v 9.950462 1.039577 -6.195182
v 9.847691 1.131747 -6.193559
v 9.882369 1.129663 -6.194088
v 9.918707 1.130188 -6.194447
v 9.954376 1.129689 -6.194852
v 9.990252 1.128662 -6.195225
v 9.855930 1.234780 -6.194606
v 9.888284 1.239041 -6.194020
v 9.920827 1.234296 -6.195263
v 9.952257 1.233432 -6.194811
v 9.984362 1.232996 -6.195176
v 9.856204 1.338065 -6.193862
v 9.891500 1.342685 -6.194105
v 9.922345 1.334698 -6.194233
v 9.955625 1.337099 -6.194833
v 9.988633 1.330740 -6.195248
v 9.855008 1.442221 -6.193675
v 9.889030 1.441745 -6.194061
v 9.923043 1.441269 -6.195334
v 9.957075 1.440793 -6.194833
v 9.991097 1.440317 -6.195219
v 9.860299 1.545861 -6.193719
v 9.893079 1.539766 -6.194222
v 9.924606 1.541993 -6.195462
v 9.956614 1.544513 -6.194811
v 9.988720 1.544064 -6.195176
v 9.857402 1.654203 -6.193659
v 9.891932 1.649132 -6.194061
v 9.925943 1.648656 -6.195334
v 9.947231 1.649550 -6.194688
v 9.981254 1.649074 -6.195074
v 9.873520 1.730274 -6.193997
v 9.893382 1.752826 -6.194061
v 9.927404 1.752350 -6.194447
v 9.961406 1.751817 -6.194904
v 9.995439 1.751398 -6.196106
v 9.864650 1.856942 -6.193718
v 9.896778 1.850573 -6.194174
v 9.929801 1.852819 -6.194522
v 9.960966 1.855595 -6.194811
v 9.993072 1.855146 -6.195176
v 9.864993 1.856937 -6.163520
v 9.897099 1.856488 -6.163884
v 9.929203 1.856039 -6.164248
v 9.960932 1.856658 -6.164813
v 9.994221 1.851559 -6.164812
v 9.859713 1.753297 -6.162589
v 9.893789 1.747305 -6.163833
v 9.925976 1.752210 -6.164208
v 9.963023 1.752337 -6.164834
v 9.996051 1.751126 -6.165021
v 9.857965 1.653926 -6.163494
v 9.892274 1.649128 -6.163862
v 9.926296 1.648651 -6.164248
v 9.960319 1.648176 -6.164634
v 9.994341 1.647700 -6.165020
v 9.860641 1.545856 -6.163520
v 9.892747 1.545407 -6.163884
v 9.924828 1.545236 -6.164244
v 9.956958 1.544509 -6.164612
v 9.989651 1.545452 -6.164830
v 9.856381 1.442358 -6.162501
v 9.889373 1.441740 -6.163862
v 9.923395 1.441264 -6.164248
v 9.957417 1.440788 -6.164634
v 9.991440 1.440312 -6.165020
v 9.857112 1.337773 -6.163736
v 9.891818 1.342758 -6.163906
v 9.921865 1.332673 -6.164207
v 9.955968 1.337094 -6.164634
v 9.989990 1.336619 -6.165020
v 9.856162 1.231788 -6.163314
v 9.888894 1.228110 -6.163953
v 9.919911 1.237826 -6.163323
v 9.952600 1.233428 -6.164612
v 9.984359 1.232552 -6.164948
v 9.846599 1.128261 -6.163377
v 9.882643 1.129304 -6.163925
v 9.919059 1.130183 -6.163361
v 9.954720 1.129684 -6.164653
v 9.989137 1.124992 -6.165033
v 9.831260 1.943917 -6.194148
v 9.832317 1.946797 -6.179162
v 9.851651 1.956086 -6.194420
v 9.845917 1.234445 -6.163169
v 9.826973 1.249442 -6.162902
v 9.827371 1.236178 -6.173735
v 9.825895 1.229339 -6.162892
v 9.853874 1.545951 -6.163381
v 9.831996 1.556317 -6.162949
v 9.832076 1.546255 -6.184498
v 9.831535 1.536205 -6.162920
v 9.857713 1.857232 -6.193704
v 9.836743 1.848065 -6.193679
v 9.836531 1.857572 -6.172133
v 9.835621 1.868195 -6.193717
v 9.863778 1.728862 -6.193974
v 9.841255 1.715904 -6.193878
v 9.843240 1.729155 -6.173524
v 9.842788 1.735963 -6.193904
v 9.848146 1.652936 -6.193631
v 9.828020 1.640056 -6.193576
v 9.828424 1.653185 -6.173054
v 9.829671 1.660114 -6.193615
v 9.849184 1.234729 -6.194372
v 9.826509 1.224530 -6.193615
v 9.827171 1.237768 -6.182788
v 9.827635 1.244629 -6.193625
v 9.816476 1.121560 -6.193555
v 9.816139 1.131622 -6.171981
v 9.817041 1.141662 -6.193549
v 9.837443 1.131708 -6.193553
v 10.025393 1.761166 -6.165089
v 10.004232 1.751119 -6.165041
v 10.024433 1.741073 -6.165082
v 10.025333 1.754918 -6.185043
v 10.020432 1.451346 -6.165029
v 9.999301 1.440572 -6.165022
v 10.020692 1.431219 -6.165034
v 10.021006 1.440316 -6.186489
v 10.014522 1.242035 -6.164879
v 9.992381 1.232398 -6.164923
v 10.014826 1.221919 -6.164873
v 10.012909 1.235039 -6.185379
v 10.021637 1.854746 -6.174197
v 10.021773 1.844684 -6.195740
v 9.999839 1.855051 -6.195314
v 10.022242 1.864795 -6.195778
v 9.985633 1.940551 -6.195344
v 9.963709 1.930643 -6.195076
v 9.943778 1.944312 -6.194963
v 9.965207 1.936908 -6.175161
v 9.864876 1.047470 -6.194020
v 9.883090 1.052020 -6.194109
v 9.904313 1.043716 -6.194479
v 9.883662 1.044271 -6.173138
v 9.985794 1.043859 -6.173919
v 9.964818 1.041330 -6.195304
v 9.986107 1.053915 -6.195449
v 10.006505 1.041274 -6.195796
v 10.609042 1.050391 -6.156950
v 10.606691 1.049107 -6.187784
v 10.803462 1.057191 -6.170656
v 10.608872 2.070839 -6.156910
v 10.606691 2.070839 -6.187784
v 10.803025 2.066127 -6.170669
v 10.801590 2.069053 -6.201494
v 10.809999 1.970473 -6.171234
v 10.801447 1.730512 -6.170630
v 10.806082 1.613273 -6.170844
v 10.804730 1.378770 -6.171033
v 10.791495 1.292392 -6.169735
v 10.799748 1.149474 -6.170509
v 10.797584 1.501330 -6.201154
v 10.801295 1.620990 -6.201378
v 10.799283 1.730512 -6.201273
v 10.615105 1.149474 -6.157466
v 10.622110 1.383864 -6.157964
v 10.615105 1.501330 -6.157466
v 10.609598 1.735901 -6.157077
v 10.603622 1.970928 -6.156528
v 10.602330 1.974226 -6.187400
v 10.613292 1.848662 -6.188195
v 10.606524 1.731634 -6.187687
v 10.607433 1.618616 -6.187721
v 10.612940 1.501330 -6.188110
v 10.620857 1.385743 -6.188709
v 10.607901 1.260026 -6.187535
v 10.775533 1.051994 -6.168893
v 10.741247 1.055345 -6.166275
v 10.707433 1.052909 -6.163988
v 10.672006 1.059747 -6.161533
v 10.639399 1.052381 -6.159221
v 10.637380 1.052909 -6.189837
v 10.704708 1.046988 -6.194746
v 10.739101 1.051915 -6.197106
v 10.772716 1.036147 -6.199991
v 10.639544 2.067037 -6.159192
v 10.673489 2.067037 -6.161590
v 10.707433 2.067036 -6.163988
v 10.741327 2.066994 -6.166387
v 10.773122 2.056432 -6.168600
v 10.771883 2.060300 -6.199338
v 10.705268 2.067037 -6.194633
v 10.672311 2.072438 -6.192405
v 10.776148 1.969833 -6.199296
v 10.741516 1.971640 -6.196986
v 10.705281 1.970472 -6.194373
v 10.669693 1.970472 -6.191859
v 10.633896 1.971066 -6.189296
v 10.769287 1.853187 -6.199784
v 10.737152 1.847856 -6.196559
v 10.704553 1.852708 -6.195131
v 10.673255 1.853187 -6.192110
v 10.641224 1.853173 -6.189847
v 10.770515 1.736382 -6.199139
v 10.735386 1.730600 -6.196499
v 10.704523 1.739143 -6.194096
v 10.671342 1.735901 -6.191975
v 10.638324 1.742571 -6.189682
v 10.773174 1.618616 -6.199169
v 10.739230 1.618616 -6.196771
v 10.705223 1.618616 -6.195259
v 10.671342 1.618616 -6.191975
v 10.637398 1.618616 -6.189577
v 10.769343 1.501330 -6.198898
v 10.736548 1.507704 -6.196712
v 10.705059 1.504687 -6.195373
v 10.673248 1.501330 -6.192110
v 10.641216 1.501330 -6.189847
v 10.773746 1.378856 -6.199200
v 10.739230 1.384045 -6.196771
v 10.705223 1.384045 -6.195259
v 10.684074 1.382697 -6.192874
v 10.650129 1.382697 -6.190476
v 10.758716 1.292576 -6.198306
v 10.739230 1.266759 -6.196771
v 10.705286 1.266759 -6.194373
v 10.671356 1.266824 -6.192047
v 10.637335 1.266759 -6.190463
v 10.769343 1.149474 -6.198898
v 10.737199 1.156168 -6.196717
v 10.704291 1.153106 -6.194367
v 10.673248 1.149474 -6.192110
v 10.641217 1.149474 -6.189847
v 10.771471 1.149474 -6.168772
v 10.739440 1.149474 -6.166510
v 10.707408 1.149474 -6.164247
v 10.675751 1.148271 -6.162216
v 10.642505 1.153512 -6.159487
v 10.775365 1.266759 -6.168158
v 10.741219 1.272997 -6.166605
v 10.709180 1.266940 -6.164352
v 10.672211 1.266210 -6.161946
v 10.639263 1.267058 -6.159431
v 10.775646 1.379160 -6.169089
v 10.741359 1.384045 -6.166645
v 10.707414 1.384045 -6.164248
v 10.673470 1.384045 -6.161849
v 10.639525 1.384045 -6.159451
v 10.771471 1.501330 -6.168772
v 10.739440 1.501330 -6.166510
v 10.707437 1.501016 -6.164245
v 10.675377 1.501330 -6.161984
v 10.642791 1.499746 -6.159528
v 10.774357 1.618439 -6.167987
v 10.741359 1.618616 -6.166645
v 10.707414 1.618616 -6.164248
v 10.673470 1.618616 -6.161849
v 10.639525 1.618616 -6.159451
v 10.772070 1.736698 -6.169038
v 10.737538 1.730512 -6.166375
v 10.707429 1.741440 -6.164208
v 10.673470 1.735901 -6.161849
v 10.639525 1.735901 -6.159451
v 10.771574 1.856567 -6.168574
v 10.738851 1.860208 -6.166531
v 10.708126 1.848730 -6.163377
v 10.675384 1.853187 -6.161984
v 10.643693 1.853675 -6.159721
v 10.779656 1.973792 -6.169301
v 10.743705 1.972042 -6.166900
v 10.707472 1.970472 -6.163362
v 10.671822 1.970473 -6.161733
v 10.637424 1.975233 -6.159292
v 10.803796 1.051645 -6.202156
v 10.804008 1.048372 -6.187136
v 10.783623 1.037562 -6.200774
v 10.781833 1.853724 -6.169271
v 10.800942 1.837065 -6.170570
v 10.799476 1.852058 -6.181320
v 10.801738 1.859815 -6.170627
v 10.778228 1.501330 -6.169188
v 10.800211 1.489953 -6.170558
v 10.798229 1.501330 -6.192017
v 10.800392 1.512705 -6.170543
v 10.776262 1.149256 -6.199451
v 10.797034 1.159954 -6.201130
v 10.799140 1.149206 -6.179685
v 10.798429 1.137207 -6.201283
v 10.768406 1.294327 -6.199077
v 10.790679 1.309337 -6.200808
v 10.790550 1.294320 -6.180376
v 10.789429 1.286630 -6.200732
v 10.782953 1.380436 -6.199926
v 10.802836 1.395320 -6.201504
v 10.804295 1.380466 -6.181032
v 10.801468 1.372611 -6.201430
v 10.776030 1.853351 -6.200102
v 10.798547 1.865243 -6.201191
v 10.798956 1.850263 -6.190361
v 10.797704 1.842497 -6.201131
v 10.807115 1.981845 -6.201834
v 10.809355 1.970472 -6.180370
v 10.806832 1.959105 -6.201804
v 10.786361 1.970039 -6.200128
v 10.610156 1.255239 -6.157111
v 10.631108 1.266936 -6.158782
v 10.610833 1.277977 -6.157159
v 10.608497 1.262306 -6.176996
v 10.610785 1.605680 -6.157102
v 10.631696 1.618198 -6.158811
v 10.610246 1.628436 -6.157063
v 10.608306 1.618143 -6.178431
v 10.613770 1.842473 -6.157197
v 10.635698 1.853722 -6.159040
v 10.613188 1.865217 -6.157143
v 10.613604 1.850410 -6.177752
v 10.614459 1.149474 -6.166603
v 10.612421 1.160850 -6.188051
v 10.634460 1.149474 -6.189432
v 10.612231 1.138100 -6.188073
v 10.649807 1.053010 -6.190722
v 10.671539 1.064561 -6.192235
v 10.691602 1.049419 -6.193768
v 10.671762 1.057452 -6.172272
v 10.757810 2.064865 -6.198254
v 10.739714 2.059432 -6.196859
v 10.718417 2.068487 -6.195482
v 10.740750 2.068186 -6.175902
v 10.638899 2.067036 -6.168329
v 10.658019 2.070228 -6.191354
v 10.636967 2.055659 -6.189773
v 10.616433 2.069632 -6.188436
v 10.410396 1.039030 -6.178701
v 10.413910 1.037698 -6.209425
v 10.603907 1.046084 -6.155447
v 10.410222 2.097561 -6.178695
v 10.413911 2.097561 -6.209425
v 10.603479 2.092673 -6.155541
v 10.607892 2.095709 -6.186083
v 10.610435 1.993449 -6.154779
v 10.601923 1.744533 -6.155801
v 10.606515 1.622919 -6.155137
v 10.605223 1.379665 -6.155578
v 10.591981 1.290063 -6.156802
v 10.600231 1.141811 -6.156004
v 10.603892 1.506798 -6.186506
v 10.607580 1.630924 -6.186025
v 10.605584 1.744533 -6.186303
v 10.416447 1.141811 -6.178063
v 10.423420 1.384948 -6.177229
v 10.416447 1.506798 -6.178064
v 10.410966 1.750124 -6.178721
v 10.404994 1.993921 -6.179310
v 10.409555 1.997342 -6.209872
v 10.420470 1.867092 -6.208583
v 10.413729 1.745698 -6.209361
v 10.414627 1.628461 -6.209223
v 10.420108 1.506798 -6.208565
v 10.427997 1.386898 -6.207658
v 10.415051 1.256489 -6.208952
v 10.576146 1.040693 -6.158989
v 10.541984 1.044170 -6.162893
v 10.508345 1.041643 -6.167033
v 10.473092 1.048735 -6.171313
v 10.440635 1.041094 -6.175200
v 10.444433 1.041643 -6.205646
v 10.511478 1.035501 -6.197753
v 10.545698 1.040611 -6.193575
v 10.579252 1.024254 -6.190061
v 10.440773 2.093616 -6.175144
v 10.474559 2.093616 -6.171088
v 10.508346 2.093616 -6.167033
v 10.542084 2.093572 -6.162989
v 10.573725 2.082616 -6.159158
v 10.578312 2.086628 -6.189576
v 10.512007 2.093616 -6.197535
v 10.479222 2.099220 -6.201571
v 10.582493 1.992785 -6.188729
v 10.548047 1.994660 -6.193001
v 10.511971 1.993449 -6.197278
v 10.476548 1.993449 -6.201529
v 10.440911 1.994065 -6.205773
v 10.575847 1.871786 -6.190505
v 10.543681 1.866257 -6.193406
v 10.511398 1.871289 -6.198160
v 10.480094 1.871786 -6.201104
v 10.448212 1.871771 -6.204930
v 10.576932 1.750622 -6.189639
v 10.541935 1.744624 -6.193681
v 10.511174 1.753486 -6.197148
v 10.478189 1.750124 -6.201332
v 10.445332 1.757042 -6.205316
v 10.579548 1.628461 -6.189166
v 10.545762 1.628461 -6.193222
v 10.512081 1.628461 -6.198158
v 10.478189 1.628461 -6.201332
v 10.444403 1.628461 -6.205388
v 10.575734 1.506798 -6.189624
v 10.543118 1.513410 -6.193671
v 10.511942 1.510280 -6.198302
v 10.480086 1.506798 -6.201104
v 10.448204 1.506798 -6.204931
v 10.580114 1.379754 -6.189088
v 10.545761 1.385136 -6.193222
v 10.512081 1.385136 -6.198158
v 10.490862 1.383738 -6.199811
v 10.457076 1.383738 -6.203866
v 10.565187 1.290254 -6.191049
v 10.545761 1.263473 -6.193222
v 10.511975 1.263473 -6.197277
v 10.478217 1.263541 -6.201400
v 10.444509 1.263473 -6.206269
v 10.575734 1.141811 -6.189624
v 10.543756 1.148755 -6.193552
v 10.510998 1.145578 -6.197459
v 10.480086 1.141811 -6.201104
v 10.448204 1.141811 -6.204931
v 10.572135 1.141811 -6.159638
v 10.540253 1.141811 -6.163465
v 10.508370 1.141811 -6.167292
v 10.476899 1.140563 -6.171276
v 10.443736 1.146000 -6.174874
v 10.575843 1.263473 -6.158299
v 10.542018 1.269943 -6.163222
v 10.510130 1.263662 -6.167061
v 10.473372 1.262904 -6.171679
v 10.440542 1.263783 -6.175431
v 10.576295 1.380069 -6.159161
v 10.542162 1.385136 -6.163236
v 10.508376 1.385136 -6.167291
v 10.474589 1.385136 -6.171347
v 10.440804 1.385136 -6.175402
v 10.572135 1.506798 -6.159638
v 10.540253 1.506798 -6.163465
v 10.508398 1.506473 -6.167285
v 10.476487 1.506798 -6.171119
v 10.444024 1.505155 -6.174861
v 10.574821 1.628277 -6.158322
v 10.542163 1.628461 -6.163236
v 10.508376 1.628461 -6.167291
v 10.474590 1.628461 -6.171347
v 10.440804 1.628461 -6.175402
v 10.572773 1.750950 -6.159787
v 10.538361 1.744533 -6.163692
v 10.508384 1.755870 -6.167250
v 10.474590 1.750124 -6.171347
v 10.440804 1.750124 -6.175402
v 10.572199 1.875291 -6.159425
v 10.539678 1.879069 -6.163597
v 10.508911 1.867163 -6.166303
v 10.476495 1.871786 -6.171118
v 10.444946 1.872292 -6.174881
v 10.580273 1.996892 -6.158611
v 10.544516 1.995077 -6.163043
v 10.508265 1.993449 -6.166410
v 10.472949 1.993449 -6.171544
v 10.438710 1.998387 -6.175642
v 10.610183 1.040331 -6.186317
v 10.607554 1.036936 -6.171527
v 10.590111 1.025722 -6.188769
v 10.582405 1.872343 -6.158171
v 10.601416 1.855062 -6.155838
v 10.602006 1.870615 -6.166672
v 10.602207 1.878661 -6.155744
v 10.578849 1.506798 -6.158770
v 10.600695 1.494997 -6.155964
v 10.602801 1.506798 -6.177411
v 10.600870 1.518597 -6.155916
v 10.582633 1.141585 -6.188860
v 10.603349 1.152682 -6.186587
v 10.601367 1.141533 -6.165130
v 10.604748 1.129086 -6.186472
v 10.574847 1.292070 -6.189977
v 10.597047 1.307640 -6.187470
v 10.593062 1.292063 -6.167430
v 10.595805 1.284085 -6.187632
v 10.589293 1.381393 -6.188064
v 10.609118 1.396832 -6.185857
v 10.606683 1.381424 -6.165479
v 10.607759 1.373275 -6.186044
v 10.582528 1.871957 -6.189543
v 10.604846 1.884292 -6.186360
v 10.603203 1.868753 -6.175648
v 10.604007 1.860697 -6.186461
v 10.613380 2.005246 -6.185374
v 10.611527 1.993449 -6.163874
v 10.613097 1.981658 -6.185398
v 10.592679 1.992999 -6.187618
v 10.411520 1.251523 -6.178650
v 10.432411 1.263656 -6.176334
v 10.412194 1.275109 -6.178569
v 10.413646 1.258854 -6.198491
v 10.412137 1.615043 -6.178522
v 10.432993 1.628028 -6.176252
v 10.411600 1.638648 -6.178586
v 10.413730 1.627971 -6.199935
v 10.415087 1.860673 -6.178051
v 10.436967 1.872342 -6.175721
v 10.414504 1.884265 -6.178109
v 10.418804 1.868906 -6.198268
v 10.417539 1.141811 -6.187158
v 10.419587 1.153611 -6.208605
v 10.441490 1.141811 -6.205800
v 10.419405 1.130013 -6.208663
v 10.456804 1.041746 -6.204167
v 10.478433 1.053730 -6.201550
v 10.498423 1.038022 -6.199266
v 10.474881 1.046355 -6.181904
v 10.564286 2.091364 -6.191170
v 10.546253 2.085728 -6.193217
v 10.525080 2.095122 -6.195886
v 10.543314 2.094809 -6.172441
v 10.441864 2.093616 -6.184238
v 10.464989 2.096927 -6.203238
v 10.444016 2.081815 -6.205661
v 10.423600 2.096309 -6.208225
v 9.237489 1.039030 -5.791543
v 9.206622 1.037698 -5.793448
v 9.265691 1.046084 -6.178257
v 9.237492 2.097561 -5.791199
v 9.206622 2.097561 -5.793448
v 9.265585 2.092673 -6.177397
v 9.234923 2.095709 -6.181108
v 9.266524 1.993449 -6.191286
v 9.265285 1.744533 -6.174273
v 9.266068 1.622919 -6.183468
v 9.265592 1.379665 -6.180840
v 9.264031 1.290063 -6.154438
v 9.265038 1.141811 -6.170894
v 9.234399 1.506798 -6.173126
v 9.234975 1.630924 -6.180502
v 9.234646 1.744533 -6.176506
v 9.238281 1.141811 -5.803620
v 9.239293 1.384948 -5.817555
v 9.238281 1.506799 -5.803620
v 9.237483 1.750124 -5.792667
v 9.236743 1.993921 -5.780755
v 9.206065 1.997342 -5.784757
v 9.207633 1.867092 -5.806566
v 9.206682 1.745698 -5.793099
v 9.206843 1.628461 -5.794899
v 9.207642 1.506798 -5.805852
v 9.208750 1.386898 -5.821610
v 9.207127 1.256489 -5.795783
v 9.261436 1.040693 -6.122747
v 9.256661 1.044170 -6.054509
v 9.251660 1.041643 -5.987269
v 9.246480 1.048735 -5.916812
v 9.241763 1.041094 -5.851952
v 9.211183 1.041643 -5.854465
v 9.220789 1.035501 -5.988421
v 9.225842 1.040611 -6.056818
v 9.230210 1.024255 -6.123787
v 9.241823 2.093617 -5.852233
v 9.246742 2.093616 -5.919751
v 9.251661 2.093616 -5.987269
v 9.256568 2.093572 -6.054691
v 9.261209 2.082616 -6.117927
v 9.230675 2.086629 -6.122005
v 9.221022 2.093616 -5.989501
v 9.216146 2.099220 -5.923968
v 9.231631 1.992785 -6.130416
v 9.226479 1.994660 -6.061559
v 9.221280 1.993449 -5.989473
v 9.216123 1.993449 -5.918685
v 9.210968 1.994065 -5.847474
v 9.229679 1.871786 -6.116976
v 9.225962 1.866257 -6.052853
v 9.220376 1.871289 -5.988196
v 9.216639 1.871786 -5.925770
v 9.211997 1.871771 -5.862057
v 9.230577 1.750622 -6.119264
v 9.225642 1.744624 -6.049354
v 9.221390 1.753486 -5.987918
v 9.216362 1.750124 -5.921964
v 9.211537 1.757042 -5.856296
v 9.231118 1.628461 -6.124519
v 9.226199 1.628461 -6.057001
v 9.220395 1.628461 -5.989547
v 9.216361 1.628461 -5.921964
v 9.211443 1.628461 -5.854446
v 9.230563 1.506798 -6.116898
v 9.225681 1.513410 -6.051695
v 9.220247 1.510280 -5.989248
v 9.216638 1.506798 -5.925756
v 9.211996 1.506799 -5.862043
v 9.231211 1.379754 -6.125653
v 9.226199 1.385136 -6.057001
v 9.220395 1.385136 -5.989547
v 9.218206 1.383738 -5.947290
v 9.213287 1.383738 -5.879772
v 9.228868 1.290254 -6.095793
v 9.226199 1.263473 -6.057001
v 9.221280 1.263473 -5.989482
v 9.216293 1.263540 -5.922008
v 9.210557 1.263473 -5.854511
v 9.230563 1.141811 -6.116898
v 9.225817 1.148755 -6.052980
v 9.221073 1.145578 -5.987519
v 9.216638 1.141811 -5.925757
v 9.211996 1.141811 -5.862043
v 9.260684 1.141811 -6.114704
v 9.256042 1.141811 -6.050990
v 9.251400 1.141811 -5.987276
v 9.246611 1.140563 -5.924350
v 9.242167 1.145999 -5.858140
v 9.262125 1.263473 -6.122260
v 9.256330 1.269943 -6.054523
v 9.251678 1.263662 -5.990797
v 9.246117 1.262904 -5.917304
v 9.241528 1.263783 -5.851729
v 9.261268 1.380069 -6.123013
v 9.256320 1.385136 -6.054806
v 9.251401 1.385136 -5.987288
v 9.246482 1.385136 -5.919770
v 9.241563 1.385136 -5.852252
v 9.260684 1.506798 -6.114703
v 9.256042 1.506798 -6.050990
v 9.251409 1.506473 -5.987332
v 9.246758 1.506798 -5.923562
v 9.242188 1.505155 -5.858713
v 9.262076 1.628277 -6.120234
v 9.256321 1.628461 -6.054806
v 9.251402 1.628461 -5.987288
v 9.246483 1.628461 -5.919770
v 9.241564 1.628461 -5.852252
v 9.260550 1.750950 -6.115942
v 9.255767 1.744533 -6.047209
v 9.251444 1.755870 -5.987310
v 9.246483 1.750124 -5.919770
v 9.241564 1.750124 -5.852252
v 9.260901 1.875292 -6.114865
v 9.255896 1.879069 -6.049831
v 9.252411 1.867163 -5.988508
v 9.246759 1.871786 -5.923575
v 9.242191 1.872292 -5.860535
v 9.261920 1.996892 -6.130974
v 9.256573 1.995077 -6.059494
v 9.252286 1.993449 -5.987214
v 9.246243 1.993449 -5.916490
v 9.241269 1.998387 -5.848070
v 9.234744 1.040331 -6.185604
v 9.249579 1.036936 -6.182834
v 9.231779 1.025723 -6.145486
v 9.262416 1.872343 -6.135264
v 9.265235 1.855062 -6.173265
v 9.254335 1.870615 -6.172652
v 9.265350 1.878661 -6.174846
v 9.261724 1.506798 -6.128130
v 9.265090 1.494997 -6.171817
v 9.243535 1.506798 -6.172461
v 9.265143 1.518597 -6.172172
v 9.231503 1.141585 -6.130675
v 9.234304 1.152682 -6.172036
v 9.255873 1.141533 -6.171642
v 9.234454 1.129086 -6.174825
v 9.230186 1.292071 -6.115085
v 9.233258 1.307640 -6.159422
v 9.253350 1.292063 -6.154831
v 9.233065 1.284085 -6.156939
v 9.232470 1.381393 -6.143984
v 9.235181 1.396832 -6.183570
v 9.255652 1.381424 -6.182102
v 9.234961 1.373275 -6.180853
v 9.230812 1.871957 -6.130353
v 9.234570 1.884292 -6.175036
v 9.245321 1.868753 -6.173544
v 9.234447 1.860697 -6.173359
v 9.235774 2.005246 -6.192086
v 9.257389 1.993449 -6.191951
v 9.235743 1.981658 -6.191521
v 9.233003 1.992999 -6.150754
v 9.237569 1.251523 -5.793776
v 9.240417 1.263656 -5.835492
v 9.237667 1.275109 -5.795124
v 9.217632 1.258854 -5.794722
v 9.237713 1.615043 -5.795017
v 9.240515 1.628028 -5.836658
v 9.237635 1.638648 -5.793943
v 9.216179 1.627971 -5.794651
v 9.238260 1.860673 -5.800931
v 9.241148 1.872342 -5.844608
v 9.238188 1.884265 -5.799768
v 9.217983 1.868906 -5.804964
v 9.229145 1.141811 -5.804286
v 9.207588 1.153611 -5.804816
v 9.210956 1.141811 -5.848616
v 9.207526 1.130013 -5.804447
v 9.212977 1.041747 -5.879186
v 9.216147 1.053730 -5.922410
v 9.218942 1.038022 -5.962340
v 9.235853 1.046355 -5.918612
v 9.228724 2.091364 -6.093993
v 9.226216 2.085728 -6.057973
v 9.223005 2.095121 -6.015640
v 9.247075 2.094809 -6.055572
v 9.232687 2.093616 -5.852899
v 9.214115 2.096927 -5.895532
v 9.211158 2.081815 -5.853636
v 9.208070 2.096309 -5.812819
v 10.788556 1.050391 -6.182837
v 10.819478 1.049107 -6.182309
v 10.777716 1.057191 -5.797699
v 10.788539 2.070839 -6.183177
v 10.819478 2.070839 -6.182309
v 10.777782 2.066127 -5.798558
v 10.808579 2.069054 -5.796228
v 10.777467 1.970472 -5.784729
v 10.777943 1.730512 -5.801671
v 10.777573 1.613273 -5.792509
v 10.777930 1.378770 -5.795139
v 10.778306 1.292392 -5.821418
v 10.778037 1.149474 -5.805037
v 10.808745 1.501330 -5.804175
v 10.808501 1.620990 -5.796828
v 10.808651 1.730512 -5.800809
v 10.788307 1.149474 -6.170812
v 10.787920 1.383864 -6.156934
v 10.788307 1.501330 -6.170813
v 10.788613 1.735901 -6.181721
v 10.788819 1.970928 -6.193579
v 10.819645 1.974226 -6.190961
v 10.819056 1.848662 -6.169242
v 10.819402 1.731634 -6.182653
v 10.819322 1.618616 -6.180859
v 10.819016 1.501330 -6.169950
v 10.818614 1.385743 -6.154258
v 10.819078 1.260027 -6.179969
v 10.779477 1.051994 -5.852992
v 10.781190 1.055345 -5.920943
v 10.783172 1.052909 -5.987913
v 10.785190 1.059747 -6.058084
v 10.786995 1.052381 -6.122680
v 10.817657 1.052909 -6.121536
v 10.814064 1.046988 -5.988133
v 10.812081 1.051915 -5.920013
v 10.810719 1.036147 -5.853339
v 10.786947 2.067036 -6.122398
v 10.785060 2.067037 -6.055155
v 10.783172 2.067037 -5.987913
v 10.781291 2.066993 -5.920766
v 10.779490 2.056432 -5.857787
v 10.810175 2.060300 -5.855087
v 10.813880 2.067037 -5.987051
v 10.815813 2.072438 -6.052320
v 10.809596 1.969832 -5.846695
v 10.811659 1.971640 -5.915277
v 10.813621 1.970473 -5.987068
v 10.815600 1.970472 -6.057567
v 10.817557 1.971066 -6.128486
v 10.810945 1.853187 -5.860124
v 10.811784 1.847856 -5.923943
v 10.814466 1.852708 -5.988375
v 10.815402 1.853187 -6.050510
v 10.817183 1.853173 -6.113964
v 10.810149 1.736382 -5.857812
v 10.811946 1.730600 -5.927431
v 10.813440 1.739143 -5.988605
v 10.815508 1.735901 -6.054301
v 10.817384 1.742571 -6.119702
v 10.809844 1.618616 -5.852572
v 10.811732 1.618616 -5.919815
v 10.814507 1.618616 -5.987033
v 10.815508 1.618616 -6.054300
v 10.817396 1.618616 -6.121543
v 10.810058 1.501330 -5.860162
v 10.812012 1.507704 -5.925105
v 10.814642 1.504687 -5.987337
v 10.815402 1.501330 -6.050524
v 10.817183 1.501330 -6.113977
v 10.809803 1.378856 -5.851442
v 10.811732 1.384045 -5.919815
v 10.814507 1.384045 -5.987033
v 10.814800 1.382697 -6.029078
v 10.816688 1.382697 -6.096321
v 10.810806 1.292576 -5.881188
v 10.811732 1.266759 -5.919815
v 10.813621 1.266759 -5.987058
v 10.815578 1.266824 -6.054260
v 10.818284 1.266759 -6.121518
v 10.810058 1.149474 -5.860162
v 10.811934 1.156168 -5.923823
v 10.813740 1.153106 -5.989017
v 10.815402 1.149474 -6.050524
v 10.817183 1.149474 -6.113977
v 10.779868 1.149473 -5.861010
v 10.781651 1.149474 -5.924464
v 10.783432 1.149474 -5.987917
v 10.785397 1.148271 -6.050596
v 10.786868 1.153512 -6.116518
v 10.778768 1.266759 -5.853445
v 10.781520 1.272997 -5.920944
v 10.783313 1.266940 -5.984410
v 10.785574 1.266210 -6.057612
v 10.787220 1.267058 -6.122911
v 10.779658 1.379160 -5.852735
v 10.781544 1.384045 -5.920663
v 10.783431 1.384045 -5.987906
v 10.785319 1.384045 -6.055148
v 10.787208 1.384045 -6.122391
v 10.779868 1.501330 -5.861010
v 10.781650 1.501330 -5.924464
v 10.783426 1.501016 -5.987862
v 10.785213 1.501330 -6.051372
v 10.786873 1.499746 -6.115949
v 10.778726 1.618439 -5.855458
v 10.781544 1.618616 -5.920663
v 10.783431 1.618616 -5.987906
v 10.785319 1.618616 -6.055148
v 10.787208 1.618616 -6.122391
v 10.780058 1.736698 -5.859787
v 10.781755 1.730512 -5.928229
v 10.783390 1.741440 -5.987882
v 10.785319 1.735901 -6.055148
v 10.787208 1.735901 -6.122391
v 10.779659 1.856566 -5.860840
v 10.781745 1.860208 -5.925621
v 10.782478 1.848730 -5.986650
v 10.785213 1.853187 -6.051358
v 10.786951 1.853675 -6.114141
v 10.779364 1.973792 -5.844803
v 10.781502 1.972042 -5.915998
v 10.782544 1.970472 -5.987940
v 10.785411 1.970472 -6.058414
v 10.787313 1.975233 -6.126555
v 10.808960 1.051645 -5.791773
v 10.794015 1.048372 -5.793868
v 10.810124 1.037562 -5.831729
v 10.779060 1.853724 -5.840523
v 10.777947 1.837065 -5.802675
v 10.788809 1.852058 -5.803765
v 10.777903 1.859815 -5.801100
v 10.779430 1.501330 -5.847635
v 10.778027 1.489953 -5.804119
v 10.799589 1.501330 -5.804432
v 10.777989 1.512705 -5.803764
v 10.809736 1.149256 -5.846445
v 10.808791 1.159954 -5.805261
v 10.787227 1.149206 -5.804700
v 10.808766 1.137207 -5.802486
v 10.810353 1.294327 -5.861979
v 10.809271 1.309337 -5.817830
v 10.788994 1.294321 -5.821499
v 10.809353 1.286630 -5.820303
v 10.809367 1.380436 -5.833189
v 10.808433 1.395320 -5.793772
v 10.787916 1.380466 -5.794325
v 10.808531 1.372611 -5.796480
v 10.810412 1.853351 -5.846794
v 10.808661 1.865243 -5.802272
v 10.797853 1.850263 -5.803277
v 10.808708 1.842497 -5.803942
v 10.808222 1.981846 -5.785293
v 10.786623 1.970472 -5.784472
v 10.808228 1.959105 -5.785855
v 10.809138 1.970039 -5.826445
v 10.788577 1.255239 -6.180616
v 10.787601 1.266936 -6.139079
v 10.788540 1.277977 -6.179274
v 10.808536 1.262306 -6.180558
v 10.788488 1.605680 -6.179378
v 10.787556 1.618198 -6.137917
v 10.788519 1.628436 -6.180447
v 10.809984 1.618143 -6.180693
v 10.788207 1.842474 -6.173483
v 10.787280 1.853722 -6.129997
v 10.788227 1.865217 -6.174641
v 10.808644 1.850410 -6.170375
v 10.797463 1.149474 -6.170555
v 10.819022 1.160850 -6.170981
v 10.817621 1.149474 -6.127352
v 10.819068 1.138100 -6.171350
v 10.816972 1.053009 -6.096916
v 10.815742 1.064561 -6.053867
v 10.814740 1.049419 -6.014105
v 10.795886 1.057452 -6.056767
v 10.810868 2.064865 -5.882982
v 10.811759 2.059432 -5.918849
v 10.813070 2.068487 -5.961015
v 10.790813 2.068186 -5.920311
v 10.796103 2.067037 -6.122141
v 10.816567 2.070228 -6.080639
v 10.817644 2.055659 -6.122360
v 10.818899 2.069632 -6.163016
v 9.213151 1.405162 -5.808253
v 9.211068 1.435958 -5.805489
v 9.228703 1.421807 -6.002114
v 10.811719 1.405120 -5.767731
v 10.811652 1.435958 -5.765084
v 10.809232 1.421812 -5.961778
v 10.813767 1.452613 -5.959762
v 10.659560 1.422483 -5.972524
v 10.283437 1.421749 -5.973474
v 10.099895 1.422034 -5.982739
v 9.732503 1.422203 -5.990658
v 9.596854 1.420705 -5.980865
v 9.373175 1.421604 -5.994754
v 9.924306 1.452212 -5.978213
v 10.111851 1.452492 -5.977188
v 10.283371 1.452357 -5.970847
v 9.368520 1.405770 -5.810387
v 9.735878 1.406374 -5.808114
v 9.919718 1.405770 -5.796473
v 10.287044 1.405298 -5.781699
v 10.655072 1.404658 -5.766440
v 10.660194 1.435508 -5.764551
v 10.463768 1.436469 -5.780462
v 10.280271 1.435858 -5.778333
v 10.103245 1.435906 -5.783710
v 9.919651 1.436378 -5.793846
v 9.738779 1.437096 -5.806323
v 9.541512 1.435727 -5.798360
v 9.219858 1.419621 -5.974428
v 9.224244 1.416485 -5.940065
v 9.219576 1.413687 -5.906395
v 9.229394 1.410697 -5.870750
v 9.217032 1.407893 -5.838484
v 9.217798 1.438474 -5.835982
v 9.210219 1.444401 -5.903441
v 9.218804 1.447281 -5.937589
v 9.194950 1.450674 -5.971769
v 10.806536 1.407866 -5.798505
v 10.807391 1.410776 -5.832398
v 10.808247 1.413687 -5.866292
v 10.809033 1.416599 -5.900138
v 10.793289 1.419292 -5.932303
v 10.799306 1.450008 -5.930447
v 10.808180 1.444296 -5.863665
v 10.815811 1.441570 -5.830542
v 10.657692 1.450030 -5.938288
v 10.659652 1.447197 -5.903635
v 10.656909 1.444036 -5.867501
v 10.656012 1.440984 -5.831966
v 10.656039 1.437881 -5.796200
v 10.474790 1.450415 -5.936036
v 10.465629 1.446705 -5.904173
v 10.472407 1.444784 -5.871418
v 10.472369 1.441290 -5.840161
v 10.471539 1.438543 -5.808178
v 10.291842 1.449788 -5.941892
v 10.281898 1.446618 -5.907046
v 10.294503 1.443748 -5.875896
v 10.288589 1.441126 -5.842888
v 10.298203 1.438334 -5.809655
v 10.107423 1.449858 -5.949206
v 10.106567 1.446947 -5.915313
v 10.105710 1.444921 -5.881344
v 10.104856 1.441126 -5.847527
v 10.104000 1.438215 -5.813633
v 9.923594 1.449530 -5.950019
v 9.932752 1.446849 -5.917020
v 9.927232 1.445033 -5.885684
v 9.921171 1.441289 -5.854068
v 9.920364 1.438542 -5.822085
v 9.731845 1.449898 -5.959258
v 9.739102 1.446947 -5.924589
v 9.738245 1.444921 -5.890620
v 9.735601 1.442217 -5.869569
v 9.734746 1.439307 -5.835676
v 9.596304 1.448777 -5.947660
v 9.555369 1.446947 -5.929227
v 9.554514 1.444037 -5.895334
v 9.553761 1.441198 -5.861452
v 9.552801 1.439099 -5.827471
v 9.372396 1.449530 -5.963933
v 9.382073 1.446863 -5.931571
v 9.376446 1.444016 -5.898835
v 9.369974 1.441289 -5.867982
v 9.369166 1.438542 -5.835999
v 9.372461 1.419439 -5.966516
v 9.371654 1.416693 -5.934532
v 9.370847 1.413946 -5.902548
v 9.368165 1.411437 -5.870983
v 9.375537 1.408205 -5.837585
v 9.556293 1.418883 -5.965779
v 9.565203 1.416814 -5.931424
v 9.554908 1.414078 -5.899673
v 9.552832 1.411113 -5.862784
v 9.553329 1.408100 -5.829856
v 9.732380 1.419819 -5.961601
v 9.739167 1.416857 -5.927172
v 9.738312 1.413946 -5.893279
v 9.737456 1.411036 -5.859385
v 9.736601 1.408125 -5.825492
v 9.923659 1.419439 -5.952601
v 9.922852 1.416693 -5.920618
v 9.921554 1.413945 -5.888675
v 9.921237 1.411199 -5.856651
v 9.917933 1.408251 -5.824179
v 10.107187 1.418697 -5.950867
v 10.106632 1.416857 -5.917896
v 10.105777 1.413946 -5.884002
v 10.104921 1.411035 -5.850109
v 10.104066 1.408125 -5.816216
v 10.292387 1.419715 -5.943888
v 10.281826 1.416530 -5.909657
v 10.298186 1.413907 -5.879161
v 10.288653 1.411036 -5.845471
v 10.287798 1.408125 -5.811578
v 10.480153 1.419243 -5.938660
v 10.485032 1.416705 -5.905837
v 10.466278 1.413087 -5.875627
v 10.472434 1.411200 -5.842743
v 10.472400 1.408458 -5.811081
v 10.663996 1.420091 -5.942091
v 10.660348 1.417148 -5.906261
v 10.656976 1.413061 -5.870159
v 10.656077 1.410894 -5.834548
v 10.662668 1.407934 -5.800015
v 9.220012 1.453308 -6.002191
v 9.214895 1.438293 -6.002759
v 9.197442 1.451621 -5.982604
v 10.475959 1.420095 -5.949016
v 10.450343 1.421683 -5.968756
v 10.473789 1.432409 -5.966535
v 10.486002 1.421751 -5.968650
v 9.923829 1.419957 -5.959349
v 9.906561 1.421659 -5.981751
v 9.924325 1.443086 -5.978996
v 9.942206 1.421647 -5.981033
v 9.372230 1.450187 -5.970850
v 9.389511 1.452181 -5.991164
v 9.372736 1.430769 -5.994018
v 9.353912 1.452353 -5.993456
v 9.599292 1.449695 -5.957265
v 9.623366 1.451762 -5.978909
v 9.599847 1.431330 -5.979683
v 9.587763 1.451667 -5.978559
v 9.734551 1.450764 -5.968389
v 9.758368 1.452641 -5.987650
v 9.735145 1.432194 -5.990005
v 9.722759 1.452546 -5.987182
v 10.475217 1.450834 -5.942763
v 10.494414 1.452264 -5.964785
v 10.470961 1.441441 -5.965950
v 10.458759 1.452191 -5.964842
v 10.677292 1.453036 -5.968728
v 10.659540 1.431609 -5.971741
v 10.641662 1.453001 -5.969345
v 10.658273 1.451017 -5.948476
v 9.534081 1.405341 -5.801264
v 9.552933 1.407328 -5.821719
v 9.569717 1.405399 -5.801041
v 9.545102 1.425198 -5.799026
v 10.083077 1.405341 -5.788035
v 10.103213 1.407366 -5.808415
v 10.118712 1.405295 -5.786596
v 10.102530 1.426629 -5.784742
v 10.454099 1.405481 -5.781654
v 10.472273 1.407656 -5.803099
v 10.489713 1.405418 -5.780172
v 10.466519 1.426031 -5.780862
v 9.368501 1.414896 -5.809604
v 9.386262 1.436311 -5.806793
v 9.368997 1.438025 -5.829251
v 9.350619 1.436330 -5.807503
v 9.218268 1.439546 -5.848387
v 9.236913 1.441389 -5.869630
v 9.213697 1.443224 -5.890260
v 9.225789 1.421431 -5.870436
v 10.806103 1.448712 -5.916215
v 10.797135 1.447043 -5.898363
v 10.810784 1.445344 -5.876739
v 10.810884 1.426104 -5.899370
v 10.806516 1.416992 -5.797722
v 10.811989 1.440303 -5.816360
v 10.788635 1.438404 -5.795917
v 10.810007 1.436756 -5.774860
v 10.811954 1.413600 -6.199773
v 10.813967 1.444523 -6.199945
v 10.801298 1.413572 -6.004870
v 9.212873 1.413572 -6.199944
v 9.212873 1.444523 -6.199944
v 9.220256 1.413615 -6.005305
v 9.215671 1.444465 -6.004564
v 9.370151 1.413687 -5.998308
v 9.746178 1.413687 -6.006882
v 9.929896 1.413575 -6.002244
v 10.297371 1.413859 -6.003579
v 10.432729 1.413497 -6.016872
v 10.656688 1.413687 -6.008585
v 10.105315 1.444408 -6.008585
v 9.917804 1.444370 -6.004866
v 9.746178 1.444408 -6.006882
v 10.656688 1.413687 -6.193689
v 10.289390 1.413690 -6.186666
v 10.105315 1.413687 -6.193689
v 9.737733 1.413687 -6.199209
v 9.369437 1.413561 -6.205208
v 9.364268 1.444447 -6.204322
v 9.561033 1.444468 -6.193331
v 9.744419 1.444438 -6.200118
v 9.921524 1.444408 -6.199209
v 10.105315 1.444408 -6.193689
v 10.286445 1.444447 -6.185749
v 10.483447 1.444189 -6.198756
v 10.809443 1.413781 -6.032855
v 10.804191 1.413586 -6.067239
v 10.808008 1.413687 -6.101131
v 10.797293 1.413735 -6.136643
v 10.808836 1.413726 -6.169332
v 10.808008 1.444408 -6.169188
v 10.817286 1.444561 -6.101681
v 10.809566 1.444492 -6.067207
v 10.834275 1.445001 -6.033473
v 9.218831 1.413687 -6.169188
v 9.218831 1.413687 -6.135159
v 9.218831 1.413687 -6.101130
v 9.218899 1.413692 -6.067151
v 9.235449 1.413659 -6.035279
v 9.229387 1.444408 -6.034349
v 9.218831 1.444408 -6.101130
v 9.210366 1.444509 -6.134162
v 9.371154 1.444065 -6.030097
v 9.368320 1.444202 -6.064806
v 9.370151 1.444148 -6.101136
v 9.370151 1.444148 -6.136812
v 9.369221 1.444115 -6.172701
v 9.553942 1.445036 -6.036907
v 9.562295 1.444084 -6.069190
v 9.554692 1.444957 -6.101809
v 9.553942 1.444148 -6.133241
v 9.553964 1.444148 -6.165352
v 9.736979 1.444306 -6.035727
v 9.746041 1.444148 -6.070956
v 9.732653 1.443925 -6.101911
v 9.737733 1.444148 -6.135159
v 9.727282 1.444188 -6.168257
v 9.921524 1.444148 -6.033073
v 9.921524 1.444148 -6.067102
v 9.921524 1.445036 -6.101131
v 9.921524 1.444148 -6.135159
v 9.921524 1.444148 -6.169188
v 10.105315 1.444148 -6.036914
v 10.095326 1.444279 -6.069781
v 10.100055 1.445162 -6.101286
v 10.105315 1.444148 -6.133248
v 10.105315 1.444148 -6.165359
v 10.297236 1.444139 -6.032501
v 10.289106 1.444148 -6.067102
v 10.289106 1.445036 -6.101131
v 10.291217 1.444148 -6.122396
v 10.291217 1.444148 -6.156425
v 10.432441 1.444306 -6.047557
v 10.472897 1.444148 -6.067102
v 10.472897 1.444148 -6.101131
v 10.472795 1.444219 -6.135140
v 10.472897 1.445036 -6.169188
v 10.656688 1.444148 -6.036914
v 10.646197 1.444238 -6.069132
v 10.650996 1.444212 -6.102123
v 10.656688 1.444148 -6.133248
v 10.656688 1.444148 -6.165360
v 10.656688 1.413947 -6.036914
v 10.656688 1.413947 -6.069026
v 10.656688 1.413947 -6.101137
v 10.658572 1.414153 -6.132859
v 10.650360 1.413773 -6.166214
v 10.472897 1.413060 -6.033073
v 10.463122 1.413916 -6.067244
v 10.472612 1.413927 -6.099362
v 10.473757 1.414133 -6.136409
v 10.472429 1.413946 -6.169452
v 10.296760 1.413969 -6.032727
v 10.289106 1.413947 -6.067102
v 10.289106 1.413947 -6.101131
v 10.289106 1.413947 -6.135159
v 10.289106 1.413947 -6.169188
v 10.105315 1.413947 -6.036914
v 10.105315 1.413947 -6.069026
v 10.105806 1.413944 -6.101109
v 10.105315 1.413947 -6.133248
v 10.107798 1.413794 -6.165926
v 9.921802 1.412960 -6.034091
v 9.921524 1.413947 -6.067102
v 9.921524 1.413947 -6.101131
v 9.921524 1.413947 -6.135159
v 9.921524 1.413947 -6.169188
v 9.736485 1.414171 -6.036298
v 9.746178 1.413947 -6.070931
v 9.729053 1.413907 -6.101118
v 9.737733 1.413947 -6.135159
v 9.737733 1.413947 -6.169188
v 9.548646 1.413743 -6.036825
v 9.542940 1.414010 -6.069612
v 9.560926 1.413030 -6.100482
v 9.553942 1.413947 -6.133241
v 9.553178 1.413923 -6.165013
v 9.364949 1.413897 -6.028712
v 9.367691 1.414037 -6.064743
v 9.370151 1.413060 -6.101136
v 9.370151 1.413947 -6.136812
v 9.362691 1.413937 -6.171296
v 10.809989 1.444970 -6.002317
v 10.815119 1.429973 -6.003164
v 10.832058 1.445013 -6.022538
v 9.553101 1.413714 -6.026543
v 9.579206 1.413664 -6.007389
v 9.555712 1.424490 -6.008094
v 9.543556 1.413664 -6.006592
v 10.105315 1.413885 -6.030145
v 10.123143 1.413703 -6.008120
v 10.105315 1.435248 -6.008585
v 10.087491 1.413676 -6.007941
v 10.657029 1.444212 -6.029973
v 10.640265 1.444424 -6.009135
v 10.657107 1.422883 -6.008545
v 10.675911 1.444477 -6.007731
v 10.429696 1.444393 -6.037837
v 10.406176 1.444550 -6.015497
v 10.429707 1.424178 -6.017065
v 10.441759 1.444563 -6.016749
v 10.294761 1.444215 -6.023265
v 10.271437 1.444387 -6.003320
v 10.294714 1.423863 -6.003309
v 10.307023 1.444410 -6.004691
v 9.553684 1.444878 -6.030159
v 9.535049 1.444377 -6.007621
v 9.558524 1.433545 -6.007976
v 9.570694 1.444377 -6.008466
v 9.352328 1.444415 -5.999029
v 9.370151 1.422847 -5.998308
v 9.387963 1.444405 -5.999313
v 9.370831 1.444176 -6.019852
v 10.490950 1.413682 -6.198650
v 10.472620 1.413873 -6.177632
v 10.455318 1.413683 -6.197971
v 10.479876 1.433635 -6.198904
v 9.941794 1.413629 -6.198023
v 9.922178 1.413860 -6.177044
v 9.906135 1.413628 -6.198564
v 9.922264 1.435079 -6.198993
v 9.570730 1.413513 -6.195038
v 9.553102 1.413807 -6.173036
v 9.535090 1.413500 -6.195623
v 9.558293 1.434029 -6.193757
v 10.656688 1.422847 -6.193689
v 10.638861 1.444386 -6.194211
v 10.656688 1.444210 -6.172129
v 10.674510 1.444421 -6.194398
v 10.807851 1.444415 -6.156730
v 10.789748 1.444394 -6.134944
v 10.813478 1.444509 -6.114824
v 10.800889 1.424464 -6.136128
v 9.222234 1.444319 -6.048464
v 9.230747 1.444202 -6.066614
v 9.216558 1.444329 -6.087954
v 9.217030 1.423224 -6.067056
v 9.218831 1.422847 -6.169188
v 9.213830 1.444468 -6.148493
v 9.236660 1.444373 -6.169605
v 9.214764 1.444487 -6.190181
v 9.215376 1.728065 -5.787686
v 9.213364 1.758989 -5.787514
v 9.226032 1.728037 -5.982589
v 10.814458 1.728037 -5.787514
v 10.814458 1.758988 -5.787514
v 10.807075 1.728081 -5.982153
v 10.811660 1.758931 -5.982894
v 10.657180 1.728153 -5.989151
v 10.281152 1.728153 -5.980577
v 10.097434 1.728040 -5.985215
v 9.729959 1.728324 -5.983880
v 9.594602 1.727962 -5.970587
v 9.370643 1.728153 -5.978874
v 9.922015 1.758874 -5.978873
v 10.109527 1.758835 -5.982592
v 10.281152 1.758874 -5.980577
v 9.370643 1.728153 -5.793770
v 9.737941 1.728156 -5.800793
v 9.922015 1.728153 -5.793769
v 10.289598 1.728153 -5.788249
v 10.657893 1.728026 -5.782250
v 10.663061 1.758913 -5.783136
v 10.466297 1.758934 -5.794127
v 10.282911 1.758903 -5.787341
v 10.105806 1.758874 -5.788249
v 9.922015 1.758874 -5.793769
v 9.740886 1.758913 -5.801710
v 9.543883 1.758655 -5.788702
v 9.217888 1.728247 -5.954604
v 9.223140 1.728051 -5.920220
v 9.219322 1.728153 -5.886328
v 9.230037 1.728201 -5.850816
v 9.218494 1.728192 -5.818127
v 9.219322 1.758874 -5.818270
v 9.210044 1.759027 -5.885777
v 9.217764 1.758957 -5.920251
v 9.193055 1.759466 -5.953985
v 10.808499 1.728153 -5.818270
v 10.808499 1.728153 -5.852299
v 10.808499 1.728153 -5.886328
v 10.808432 1.728158 -5.920308
v 10.791882 1.728125 -5.952179
v 10.797943 1.758874 -5.953109
v 10.808499 1.758874 -5.886328
v 10.816963 1.758974 -5.853296
v 10.656177 1.758531 -5.957361
v 10.659009 1.758667 -5.922652
v 10.657180 1.758613 -5.886322
v 10.657180 1.758613 -5.850646
v 10.658110 1.758580 -5.814757
v 10.473389 1.759501 -5.950551
v 10.465035 1.758549 -5.918268
v 10.472638 1.759422 -5.885650
v 10.473389 1.758613 -5.854217
v 10.473367 1.758614 -5.822106
v 10.290351 1.758771 -5.951731
v 10.281289 1.758614 -5.916502
v 10.294677 1.758391 -5.885548
v 10.289598 1.758613 -5.852299
v 10.300049 1.758653 -5.819201
v 10.105806 1.758613 -5.954385
v 10.105806 1.758613 -5.920356
v 10.105806 1.759501 -5.886328
v 10.105806 1.758613 -5.852299
v 10.105806 1.758613 -5.818270
v 9.922015 1.758613 -5.950544
v 9.932004 1.758744 -5.917678
v 9.927276 1.759627 -5.886172
v 9.922015 1.758613 -5.854210
v 9.922015 1.758614 -5.822099
v 9.730094 1.758604 -5.954957
v 9.738224 1.758613 -5.920356
v 9.738224 1.759501 -5.886328
v 9.736113 1.758614 -5.865063
v 9.736113 1.758614 -5.831034
v 9.594890 1.758772 -5.939902
v 9.554433 1.758613 -5.920356
v 9.554433 1.758613 -5.886328
v 9.554535 1.758685 -5.852318
v 9.554433 1.759501 -5.818270
v 9.370643 1.758613 -5.950544
v 9.381133 1.758703 -5.918327
v 9.376334 1.758678 -5.885335
v 9.370643 1.758613 -5.854210
v 9.370643 1.758613 -5.822099
v 9.370643 1.728413 -5.950544
v 9.370643 1.728413 -5.918433
v 9.370643 1.728413 -5.886322
v 9.368758 1.728618 -5.854600
v 9.376970 1.728238 -5.821244
v 9.554433 1.727525 -5.954385
v 9.564208 1.728382 -5.920215
v 9.554718 1.728393 -5.888097
v 9.553573 1.728598 -5.851049
v 9.554901 1.728411 -5.818007
v 9.730571 1.728434 -5.954732
v 9.738224 1.728413 -5.920356
v 9.738224 1.728413 -5.886328
v 9.738224 1.728413 -5.852299
v 9.738224 1.728413 -5.818270
v 9.922015 1.728413 -5.950544
v 9.922015 1.728413 -5.918433
v 9.921524 1.728409 -5.886350
v 9.922015 1.728413 -5.854210
v 9.919533 1.728259 -5.821532
v 10.105529 1.727426 -5.953368
v 10.105806 1.728413 -5.920356
v 10.105806 1.728413 -5.886328
v 10.105806 1.728413 -5.852299
v 10.105806 1.728413 -5.818270
v 10.290846 1.728636 -5.951160
v 10.281152 1.728413 -5.916527
v 10.298277 1.728372 -5.886340
v 10.289598 1.728413 -5.852299
v 10.289598 1.728413 -5.818270
v 10.478684 1.728208 -5.950633
v 10.484390 1.728475 -5.917847
v 10.466404 1.727495 -5.886976
v 10.473389 1.728413 -5.854217
v 10.474153 1.728388 -5.822446
v 10.662381 1.728363 -5.958746
v 10.659639 1.728502 -5.922716
v 10.657180 1.727525 -5.886322
v 10.657180 1.728413 -5.850646
v 10.664639 1.728402 -5.816163
v 9.217341 1.759436 -5.985142
v 9.212212 1.744438 -5.984294
v 9.195272 1.759478 -5.964921
v 10.474230 1.728180 -5.960915
v 10.448124 1.728130 -5.980069
v 10.471619 1.738956 -5.979364
v 10.483774 1.728129 -5.980866
v 9.922015 1.728351 -5.957314
v 9.904187 1.728169 -5.979338
v 9.922015 1.749714 -5.978873
v 9.939839 1.728141 -5.979518
v 9.370300 1.758678 -5.957485
v 9.387065 1.758889 -5.978323
v 9.370223 1.737349 -5.978914
v 9.351419 1.758942 -5.979727
v 9.597634 1.758858 -5.949622
v 9.621155 1.759015 -5.971961
v 9.597624 1.738643 -5.970394
v 9.585571 1.759028 -5.970709
v 9.732570 1.758680 -5.964193
v 9.755894 1.758852 -5.984138
v 9.732616 1.738329 -5.984150
v 9.720307 1.758875 -5.982768
v 10.473646 1.759343 -5.957299
v 10.492281 1.758843 -5.979837
v 10.468806 1.748011 -5.979482
v 10.456636 1.758843 -5.978992
v 10.675002 1.758880 -5.988429
v 10.657180 1.737312 -5.989151
v 10.639367 1.758870 -5.988145
v 10.656500 1.758641 -5.967607
v 9.536381 1.728148 -5.788808
v 9.554710 1.728338 -5.809826
v 9.572012 1.728148 -5.789488
v 9.547455 1.748100 -5.788555
v 10.085536 1.728094 -5.789436
v 10.105152 1.728325 -5.810414
v 10.121196 1.728094 -5.788895
v 10.105066 1.749544 -5.788465
v 10.456600 1.727978 -5.792420
v 10.474228 1.728272 -5.814423
v 10.492240 1.727966 -5.791835
v 10.469037 1.748494 -5.793702
v 9.370643 1.737312 -5.793770
v 9.388470 1.758851 -5.793248
v 9.370643 1.758676 -5.815330
v 9.352819 1.758886 -5.793061
v 9.219480 1.758880 -5.830729
v 9.237582 1.758859 -5.852515
v 9.213853 1.758974 -5.872635
v 9.226441 1.738929 -5.851330
v 10.805097 1.758784 -5.938994
v 10.796582 1.758668 -5.920845
v 10.810773 1.758794 -5.899504
v 10.810301 1.737689 -5.920403
v 10.808499 1.737312 -5.818270
v 10.813500 1.758933 -5.838965
v 10.790670 1.758839 -5.817853
v 10.812567 1.758952 -5.797277
v 10.810211 1.715406 -6.212222
v 10.812154 1.746052 -6.216394
v 10.802783 1.740394 -6.018776
v 9.211349 1.715357 -6.185701
v 9.211283 1.746052 -6.189672
v 9.221953 1.740381 -5.992826
v 9.217315 1.771071 -5.995974
v 9.371943 1.741350 -5.988399
v 9.747776 1.740250 -6.003177
v 9.931545 1.740734 -6.001629
v 10.298946 1.740844 -6.009122
v 10.434066 1.738778 -6.024517
v 10.658131 1.740031 -6.020062
v 10.106769 1.770498 -6.014802
v 9.919345 1.770938 -6.007980
v 9.747710 1.770717 -6.007119
v 10.655066 1.716274 -6.203609
v 10.287936 1.717178 -6.190516
v 10.103770 1.716274 -6.194407
v 9.736148 1.715565 -6.193746
v 9.367805 1.714670 -6.193532
v 9.362586 1.745415 -6.196530
v 9.559505 1.746846 -6.188919
v 9.742753 1.745945 -6.198705
v 9.919847 1.746032 -6.200756
v 10.103704 1.746741 -6.198349
v 10.284940 1.747799 -6.193504
v 10.481701 1.745874 -6.209657
v 10.810462 1.737010 -6.046689
v 10.804642 1.732402 -6.080671
v 10.807898 1.728153 -6.114355
v 10.796597 1.723643 -6.149395
v 10.807597 1.719439 -6.182001
v 10.806705 1.749885 -6.185782
v 10.817100 1.758701 -6.119017
v 10.809951 1.763057 -6.084695
v 10.835215 1.767892 -6.051723
v 9.217815 1.719418 -6.155317
v 9.218379 1.723786 -6.121574
v 9.218942 1.728153 -6.087832
v 9.219572 1.732520 -6.054139
v 9.236648 1.736577 -6.022808
v 9.230536 1.767191 -6.025731
v 9.218876 1.758620 -6.091774
v 9.209867 1.754480 -6.124400
v 9.372355 1.767397 -6.023837
v 9.368947 1.763077 -6.058224
v 9.370175 1.758361 -6.094271
v 9.369585 1.753783 -6.129648
v 9.368061 1.749143 -6.165215
v 9.555002 1.767485 -6.033764
v 9.562822 1.762398 -6.065793
v 9.554679 1.759077 -6.098123
v 9.553410 1.754241 -6.129175
v 9.552900 1.750120 -6.161016
v 9.738035 1.766913 -6.035555
v 9.746512 1.762235 -6.070619
v 9.732615 1.758041 -6.101061
v 9.737144 1.753995 -6.134144
v 9.726146 1.749786 -6.166794
v 9.922598 1.767097 -6.035984
v 9.922035 1.762730 -6.069726
v 9.921470 1.759243 -6.103583
v 9.920909 1.753995 -6.137211
v 9.920345 1.749627 -6.170954
v 10.106300 1.766604 -6.042860
v 10.095769 1.762516 -6.075300
v 10.099974 1.759348 -6.106733
v 10.104706 1.754240 -6.138384
v 10.104175 1.750119 -6.170225
v 10.298267 1.767161 -6.041686
v 10.289566 1.762730 -6.075861
v 10.289001 1.759243 -6.109717
v 10.290762 1.755633 -6.130725
v 10.290198 1.751266 -6.164467
v 10.433204 1.765395 -6.058893
v 10.473331 1.762730 -6.078928
v 10.472768 1.758362 -6.112671
v 10.472103 1.754068 -6.146402
v 10.471640 1.750508 -6.180270
v 10.657597 1.766604 -6.052062
v 10.646574 1.762558 -6.083845
v 10.650826 1.758299 -6.116635
v 10.656002 1.754240 -6.147586
v 10.655471 1.750119 -6.179427
v 10.657661 1.736653 -6.048186
v 10.657129 1.732532 -6.080028
v 10.656598 1.728410 -6.111869
v 10.657956 1.724542 -6.143382
v 10.649195 1.719885 -6.176271
v 10.473961 1.736266 -6.041196
v 10.463621 1.732730 -6.075027
v 10.472578 1.728619 -6.107034
v 10.473108 1.724067 -6.143815
v 10.471234 1.719640 -6.176534
v 10.297853 1.737212 -6.038030
v 10.289631 1.732779 -6.071985
v 10.289067 1.728411 -6.105728
v 10.288505 1.724044 -6.139471
v 10.287941 1.719676 -6.173213
v 10.106365 1.736653 -6.038984
v 10.105833 1.732532 -6.070825
v 10.105794 1.728410 -6.102646
v 10.104771 1.724289 -6.134508
v 10.106712 1.719943 -6.166933
v 9.922926 1.736037 -6.032995
v 9.922100 1.732779 -6.065850
v 9.921536 1.728411 -6.099593
v 9.920974 1.724044 -6.133336
v 9.920410 1.719676 -6.167078
v 9.737596 1.736954 -6.032246
v 9.746715 1.732287 -6.066721
v 9.729093 1.728373 -6.096364
v 9.737208 1.724044 -6.130269
v 9.736645 1.719676 -6.164011
v 9.549776 1.736462 -6.029579
v 9.543527 1.732519 -6.062029
v 9.561002 1.727584 -6.092814
v 9.553474 1.724290 -6.125299
v 9.552184 1.720188 -6.156787
v 9.366238 1.737656 -6.018487
v 9.368382 1.733170 -6.054279
v 9.370242 1.727530 -6.090282
v 9.369650 1.723832 -6.125772
v 9.361620 1.719395 -6.159840
v 10.811447 1.771860 -6.020420
v 10.816594 1.756878 -6.019421
v 10.833178 1.769307 -6.040844
v 9.554399 1.737753 -6.019454
v 9.580819 1.740162 -6.000890
v 9.557293 1.750808 -6.002587
v 9.545187 1.740264 -5.999505
v 10.106477 1.737460 -6.032264
v 10.124667 1.740107 -6.010698
v 10.106788 1.761414 -6.013627
v 10.089024 1.740103 -6.009922
v 10.658052 1.767559 -6.045193
v 10.641635 1.770443 -6.024277
v 10.658530 1.749156 -6.021209
v 10.677299 1.770676 -6.023488
v 10.430621 1.766729 -6.049220
v 10.407473 1.769752 -6.026695
v 10.431019 1.749347 -6.026028
v 10.443030 1.769603 -6.028532
v 10.295945 1.768422 -6.032495
v 10.272955 1.771153 -6.012351
v 10.296272 1.750800 -6.010095
v 10.308513 1.771000 -6.014307
v 9.554856 1.768195 -6.027049
v 9.536598 1.770591 -6.004325
v 9.560087 1.759803 -6.003678
v 9.572224 1.770482 -6.005757
v 9.354045 1.771731 -5.992761
v 9.371923 1.750435 -5.989574
v 9.389670 1.771685 -5.993636
v 9.372201 1.768822 -6.013686
v 10.489269 1.715632 -6.205762
v 10.471290 1.718519 -6.184639
v 10.453654 1.715720 -6.204494
v 10.478149 1.735387 -6.208389
v 9.940201 1.715659 -6.195968
v 9.920935 1.718582 -6.174868
v 9.904537 1.715590 -6.195909
v 9.920611 1.736808 -6.199357
v 9.569239 1.715927 -6.186800
v 9.551977 1.719043 -6.164726
v 9.533594 1.715840 -6.186784
v 9.556780 1.736439 -6.187955
v 10.655047 1.725358 -6.204785
v 10.637168 1.746651 -6.207768
v 10.655358 1.749312 -6.186147
v 10.672810 1.746663 -6.208554
v 10.806755 1.751491 -6.173427
v 10.789016 1.754266 -6.151519
v 10.813073 1.756962 -6.131979
v 10.800178 1.734349 -6.150322
v 9.223150 1.765291 -6.039596
v 9.231363 1.762846 -6.057720
v 9.216822 1.760233 -6.078660
v 9.217685 1.741984 -6.055237
v 9.217796 1.728503 -6.156493
v 9.213092 1.752601 -6.138662
v 9.235569 1.749797 -6.159966
v 9.213336 1.747269 -6.180018
v 9.213732 2.072463 -5.819887
v 9.211636 2.103035 -5.815267
v 9.227897 2.100716 -6.012505
v 10.812546 2.072411 -5.790605
v 10.812464 2.103035 -5.786115
v 10.808670 2.100696 -5.983281
v 10.813187 2.131327 -5.979455
v 10.658926 2.101783 -5.992922
v 10.282806 2.100538 -5.991287
v 10.099202 2.101100 -5.999237
v 9.731764 2.101187 -6.004565
v 9.596189 2.098900 -5.993932
v 9.372416 2.100291 -6.006180
v 9.923617 2.130687 -5.991684
v 10.111164 2.131189 -5.991954
v 10.282725 2.130934 -5.986830
v 9.369081 2.073433 -5.823065
v 9.736445 2.074455 -5.823325
v 9.920363 2.073433 -5.813026
v 10.287786 2.072632 -5.800872
v 10.655912 2.071636 -5.788250
v 10.661014 2.102324 -5.784552
v 10.464479 2.103940 -5.799004
v 10.281002 2.102925 -5.795634
v 10.103944 2.103028 -5.799762
v 9.920282 2.103828 -5.808569
v 9.739326 2.105020 -5.819717
v 9.542122 2.102877 -5.810473
v 9.219250 2.096863 -5.984940
v 9.223882 2.091680 -5.950857
v 9.219455 2.086863 -5.917384
v 9.229527 2.081757 -5.882052
v 9.217398 2.077006 -5.849926
v 9.218147 2.107383 -5.845601
v 9.210086 2.117331 -5.912530
v 9.218427 2.122263 -5.946503
v 9.194327 2.127662 -5.980250
v 10.807142 2.076988 -5.821123
v 10.807755 2.081925 -5.854785
v 10.808368 2.086863 -5.888449
v 10.808913 2.091798 -5.922064
v 10.792939 2.096390 -5.953899
v 10.798935 2.126949 -5.950248
v 10.808287 2.117259 -5.883992
v 10.816154 2.112566 -5.851146
v 10.657269 2.127226 -5.957085
v 10.659476 2.122325 -5.922678
v 10.656993 2.117001 -5.886780
v 10.656350 2.111824 -5.851487
v 10.656633 2.106583 -5.815971
v 10.474387 2.127198 -5.953536
v 10.465456 2.121572 -5.921890
v 10.472467 2.117703 -5.889357
v 10.472653 2.112342 -5.858366
v 10.472054 2.107683 -5.826600
v 10.291403 2.126647 -5.958142
v 10.281709 2.121380 -5.923479
v 10.294538 2.116667 -5.892646
v 10.288858 2.112064 -5.859815
v 10.298712 2.107301 -5.826876
v 10.106937 2.126876 -5.964150
v 10.106324 2.121939 -5.930487
v 10.105709 2.117879 -5.896695
v 10.105098 2.112064 -5.863161
v 10.104486 2.107126 -5.829498
v 9.923107 2.126319 -5.963697
v 9.932502 2.121680 -5.930983
v 9.927204 2.117982 -5.899774
v 9.921372 2.112341 -5.868398
v 9.920794 2.107682 -5.836632
v 9.731297 2.126950 -5.971558
v 9.738803 2.121939 -5.937180
v 9.738188 2.117879 -5.903388
v 9.735696 2.113915 -5.882519
v 9.735083 2.108978 -5.848856
v 9.595843 2.124931 -5.959102
v 9.555042 2.121939 -5.940526
v 9.554429 2.117001 -5.906863
v 9.553918 2.112137 -5.873207
v 9.553201 2.108005 -5.839408
v 9.371825 2.126319 -5.973736
v 9.381734 2.121733 -5.941661
v 9.376341 2.116921 -5.909115
v 9.370090 2.112341 -5.878438
v 9.369512 2.107682 -5.846671
v 9.371905 2.096438 -5.978117
v 9.371327 2.091779 -5.946352
v 9.370749 2.087119 -5.914585
v 9.368293 2.082719 -5.883209
v 9.375903 2.077504 -5.850117
v 9.555737 2.096117 -5.978700
v 9.564893 2.092006 -5.944594
v 9.554826 2.087357 -5.912992
v 9.553013 2.082185 -5.876334
v 9.553746 2.077205 -5.843650
v 9.731850 2.097067 -5.975703
v 9.738883 2.092058 -5.941561
v 9.738270 2.087120 -5.907898
v 9.737657 2.082182 -5.874235
v 9.737043 2.077245 -5.840572
v 9.923187 2.096438 -5.968078
v 9.922608 2.091778 -5.936312
v 9.921539 2.087120 -5.904583
v 9.921452 2.082460 -5.872779
v 9.918381 2.077566 -5.840520
v 10.106724 2.095871 -5.967673
v 10.106404 2.092058 -5.934868
v 10.105791 2.087120 -5.901206
v 10.105178 2.082183 -5.867542
v 10.104565 2.077245 -5.833879
v 10.291966 2.096748 -5.961940
v 10.281651 2.091502 -5.927888
v 10.298230 2.087082 -5.897719
v 10.288939 2.082183 -5.864196
v 10.288325 2.077245 -5.830533
v 10.479766 2.096248 -5.958060
v 10.484879 2.091755 -5.925483
v 10.466343 2.086306 -5.895414
v 10.472733 2.082461 -5.862747
v 10.472925 2.077827 -5.831306
v 10.663578 2.097578 -5.962719
v 10.660188 2.092488 -5.927105
v 10.657075 2.086241 -5.891290
v 10.656429 2.081943 -5.855868
v 10.663268 2.076929 -5.821621
v 9.219172 2.132152 -6.010633
v 9.214067 2.117191 -6.012065
v 9.196741 2.129261 -5.991026
v 10.475497 2.097712 -5.968317
v 10.449741 2.100442 -5.987748
v 10.473190 2.111051 -5.985052
v 10.485400 2.100557 -5.987887
v 9.923309 2.097358 -5.974784
v 9.905882 2.100374 -5.996923
v 9.923641 2.121624 -5.993013
v 9.941531 2.100373 -5.996455
v 9.371609 2.127390 -5.980599
v 9.388745 2.130623 -6.000878
v 9.371974 2.109396 -6.004893
v 9.353131 2.130879 -6.002908
v 9.598763 2.126427 -5.968655
v 9.622681 2.129824 -5.990304
v 9.599179 2.109440 -5.992137
v 9.587081 2.129655 -5.989711
v 9.733939 2.128366 -5.980639
v 9.757618 2.131430 -5.999920
v 9.734399 2.111125 -6.003333
v 9.722013 2.131253 -5.999208
v 10.474767 2.128021 -5.960229
v 10.493806 2.130796 -5.982258
v 10.470357 2.120027 -5.983906
v 10.458152 2.130673 -5.982071
v 10.676651 2.132080 -5.987426
v 10.658901 2.110845 -5.991593
v 10.641017 2.132029 -5.987795
v 10.657777 2.128822 -5.967199
v 9.534704 2.072708 -5.815140
v 9.553408 2.075946 -5.835571
v 9.570341 2.072807 -5.815164
v 9.545719 2.092412 -5.811793
v 10.083779 2.072746 -5.805770
v 10.103769 2.076019 -5.826132
v 10.119424 2.072667 -5.804586
v 10.103232 2.093828 -5.801343
v 10.454836 2.073064 -5.801983
v 10.472856 2.076548 -5.823386
v 10.490459 2.072967 -5.800757
v 10.467240 2.093549 -5.800048
v 9.369058 2.082496 -5.821736
v 9.386815 2.103730 -5.817771
v 9.369390 2.106761 -5.839966
v 9.351169 2.103738 -5.818230
v 9.218529 2.109198 -5.857922
v 9.237020 2.112338 -5.879147
v 9.213658 2.115371 -5.899467
v 9.225913 2.092448 -5.881070
v 10.805834 2.124812 -5.936167
v 10.796994 2.122063 -5.918385
v 10.810798 2.119092 -5.896997
v 10.810758 2.101243 -5.920741
v 10.807117 2.086051 -5.819794
v 10.812434 2.110445 -5.837039
v 10.789227 2.107289 -5.816583
v 10.810749 2.104415 -5.795813
v 10.808234 2.063588 -6.226251
v 10.810240 2.094512 -6.226489
v 10.804063 2.063560 -6.031101
v 9.210031 2.063560 -6.173275
v 9.210031 2.094512 -6.173275
v 9.223879 2.063603 -5.978988
v 9.219320 2.094454 -5.978095
v 9.373923 2.063675 -5.976976
v 9.749458 2.063676 -5.998044
v 9.933228 2.063563 -5.999514
v 10.300456 2.063847 -6.013062
v 10.435298 2.063485 -6.030847
v 10.659409 2.063676 -6.030008
v 10.108340 2.094397 -6.011682
v 9.921056 2.094359 -6.001733
v 9.749458 2.094396 -5.998043
v 10.653256 2.063675 -6.215009
v 10.286394 2.063679 -6.195783
v 10.102188 2.063675 -6.196684
v 9.734625 2.063676 -6.189984
v 9.366333 2.063549 -6.183739
v 9.361197 2.094436 -6.182682
v 9.558219 2.094457 -6.178236
v 9.741278 2.094426 -6.191114
v 9.918315 2.094396 -6.196093
v 10.102188 2.094396 -6.196684
v 10.283481 2.094436 -6.194768
v 10.479942 2.094178 -6.214316
v 10.811272 2.063770 -6.059340
v 10.804880 2.063574 -6.093532
v 10.807569 2.063676 -6.127532
v 10.795679 2.063724 -6.162668
v 10.806129 2.063715 -6.195723
v 10.805306 2.094396 -6.195552
v 10.816824 2.094549 -6.128390
v 10.810253 2.094480 -6.093678
v 10.836070 2.094989 -6.060784
v 9.217008 2.063676 -6.142734
v 9.218139 2.063675 -6.108723
v 9.219270 2.063676 -6.074713
v 9.220467 2.063681 -6.040754
v 9.238068 2.063648 -6.009450
v 9.232040 2.094396 -6.008320
v 9.219270 2.094396 -6.074713
v 9.209712 2.094497 -6.107446
v 9.373870 2.094054 -6.008782
v 9.369884 2.094190 -6.043378
v 9.370505 2.094136 -6.079748
v 9.369320 2.094136 -6.115405
v 9.367197 2.094103 -6.151243
v 9.556330 2.095024 -6.021663
v 9.563606 2.094072 -6.054206
v 9.554923 2.094945 -6.086554
v 9.553128 2.094136 -6.117944
v 9.552083 2.094136 -6.150038
v 9.739305 2.094294 -6.026567
v 9.747191 2.094136 -6.062078
v 9.732782 2.093913 -6.092571
v 9.736754 2.094136 -6.125970
v 9.725208 2.094176 -6.158702
v 9.923837 2.094136 -6.030048
v 9.922706 2.094136 -6.064058
v 9.921575 2.095024 -6.098068
v 9.920444 2.094136 -6.132078
v 9.919312 2.094136 -6.166088
v 10.107398 2.094136 -6.039996
v 10.096323 2.094267 -6.072512
v 10.100001 2.095150 -6.104157
v 10.104197 2.094136 -6.136277
v 10.103129 2.094136 -6.168370
v 10.299360 2.094127 -6.041964
v 10.290085 2.094136 -6.076275
v 10.288954 2.095024 -6.110285
v 10.290357 2.094136 -6.131608
v 10.289226 2.094136 -6.165619
v 10.433990 2.094295 -6.061505
v 10.473774 2.094136 -6.082384
v 10.472643 2.094136 -6.116394
v 10.471411 2.094208 -6.150381
v 10.470381 2.095024 -6.184414
v 10.658466 2.094136 -6.058321
v 10.646912 2.094226 -6.090172
v 10.650611 2.094201 -6.123305
v 10.655265 2.094136 -6.154602
v 10.654198 2.094136 -6.186696
v 10.658466 2.063936 -6.058321
v 10.657399 2.063936 -6.090415
v 10.656332 2.063936 -6.122509
v 10.657161 2.064141 -6.154275
v 10.647845 2.063761 -6.187340
v 10.474905 2.063048 -6.048374
v 10.464001 2.063905 -6.082201
v 10.472418 2.063916 -6.114616
v 10.472330 2.064121 -6.151681
v 10.469905 2.063933 -6.184662
v 10.298877 2.063957 -6.042173
v 10.290085 2.063936 -6.076275
v 10.288954 2.063936 -6.110285
v 10.287823 2.063936 -6.144296
v 10.286692 2.063936 -6.178306
v 10.107398 2.063936 -6.039996
v 10.106331 2.063936 -6.072089
v 10.105756 2.063932 -6.104171
v 10.104197 2.063936 -6.136277
v 10.105592 2.063782 -6.169019
v 9.924080 2.062948 -6.031075
v 9.922706 2.063936 -6.064058
v 9.921575 2.063936 -6.098068
v 9.920444 2.063936 -6.132078
v 9.919312 2.063936 -6.166088
v 9.738792 2.064159 -6.027122
v 9.747330 2.063936 -6.062057
v 9.729210 2.063895 -6.091659
v 9.736754 2.063936 -6.125970
v 9.735623 2.063936 -6.159980
v 9.551040 2.063731 -6.021405
v 9.544248 2.063998 -6.053984
v 9.561197 2.063018 -6.085435
v 9.553128 2.063936 -6.117944
v 9.551309 2.063911 -6.149673
v 9.367714 2.063885 -6.007191
v 9.369257 2.064025 -6.043293
v 9.370505 2.063048 -6.079748
v 9.369320 2.063936 -6.115405
v 9.360718 2.063925 -6.149621
v 10.812833 2.094959 -6.028839
v 10.817931 2.079961 -6.029855
v 10.834217 2.095001 -6.049782
v 9.555834 2.063702 -6.011277
v 9.582561 2.063652 -5.993001
v 9.559056 2.074479 -5.992925
v 9.546957 2.063653 -5.991020
v 10.107623 2.063874 -6.033230
v 10.126173 2.063692 -6.011810
v 10.108340 2.085237 -6.011682
v 10.090547 2.063664 -6.010446
v 10.659039 2.094201 -6.051395
v 10.642977 2.094412 -6.030012
v 10.659828 2.072871 -6.029982
v 10.678649 2.094465 -6.029794
v 10.431570 2.094381 -6.051699
v 10.408805 2.094538 -6.028590
v 10.432271 2.074166 -6.030939
v 10.444326 2.094551 -6.031024
v 10.297193 2.094203 -6.032651
v 10.274545 2.094375 -6.011942
v 10.297810 2.073852 -6.012704
v 10.310066 2.094398 -6.014494
v 9.556296 2.094866 -6.014911
v 9.538421 2.094366 -5.991765
v 9.561872 2.083533 -5.992900
v 9.574018 2.094366 -5.993795
v 9.356087 2.094403 -5.977106
v 9.373923 2.072835 -5.976976
v 9.391693 2.094393 -5.978574
v 9.373887 2.094164 -5.998531
v 10.487444 2.063671 -6.214459
v 10.469824 2.063861 -6.192844
v 10.451856 2.063671 -6.212596
v 10.476368 2.083623 -6.214345
v 9.938613 2.063617 -6.195580
v 9.919705 2.063848 -6.173962
v 9.902955 2.063617 -6.194936
v 9.919062 2.085067 -6.195901
v 9.567854 2.063501 -6.180264
v 9.550967 2.063795 -6.157688
v 9.532214 2.063489 -6.179665
v 9.555466 2.084017 -6.178570
v 10.653256 2.072835 -6.215009
v 10.635422 2.094374 -6.214938
v 10.653973 2.094199 -6.193461
v 10.671045 2.094409 -6.216311
v 10.805564 2.094403 -6.183095
v 10.788196 2.094382 -6.160719
v 10.812580 2.094497 -6.141399
v 10.799291 2.074452 -6.162273
v 9.224421 2.094307 -6.022189
v 9.232327 2.094191 -6.040611
v 9.217436 2.094317 -6.061469
v 9.218602 2.073212 -6.040597
v 9.217008 2.072836 -6.142734
v 9.212697 2.094456 -6.121883
v 9.234813 2.094362 -6.143742
v 9.212245 2.094475 -6.163579
v 9.186474 1.682419 -5.908875
v 9.186474 1.814569 -5.908875
v 9.186474 1.682419 -5.853559
v 9.186474 1.814569 -5.853559
v 9.238967 1.682419 -5.908875
v 9.238967 1.814569 -5.908875
v 9.238967 1.682419 -5.853560
v 9.238967 1.814569 -5.853559
v 9.167380 1.715457 -5.908875
v 9.160137 1.748494 -5.908875
v 9.167380 1.781531 -5.908875
v 9.167380 1.781531 -5.853559
v 9.160137 1.748494 -5.853559
v 9.167380 1.715457 -5.853559
v 9.238967 1.781531 -5.853559
v 9.238967 1.748494 -5.853559
v 9.238967 1.715457 -5.853559
v 9.238967 1.781531 -5.908875
v 9.238967 1.748494 -5.908875
v 9.238967 1.715457 -5.908875
v 9.186474 1.359110 -6.153077
v 9.186474 1.491259 -6.153077
v 9.186474 1.359110 -6.097761
v 9.186474 1.491259 -6.097761
v 9.238967 1.359110 -6.153077
v 9.238967 1.491259 -6.153077
v 9.238967 1.359110 -6.097761
v 9.238967 1.491259 -6.097761
v 9.167380 1.392147 -6.153077
v 9.160137 1.425184 -6.153077
v 9.167380 1.458222 -6.153077
v 9.167380 1.458222 -6.097761
v 9.160137 1.425184 -6.097761
v 9.167380 1.392147 -6.097761
v 9.238967 1.458222 -6.097761
v 9.238967 1.425184 -6.097761
v 9.238967 1.392147 -6.097761
v 9.238967 1.458222 -6.153077
v 9.238967 1.425184 -6.153077
v 9.238967 1.392147 -6.153077
v 9.186474 1.359110 -5.908875
v 9.186474 1.491259 -5.908875
v 9.186474 1.359110 -5.853560
v 9.186474 1.491259 -5.853559
v 9.238967 1.359110 -5.908875
v 9.238967 1.491259 -5.908875
v 9.238967 1.359110 -5.853560
v 9.238967 1.491259 -5.853559
v 9.167380 1.392147 -5.908875
v 9.160137 1.425184 -5.908875
v 9.167380 1.458222 -5.908875
v 9.167380 1.458222 -5.853559
v 9.160137 1.425184 -5.853559
v 9.167380 1.392147 -5.853559
v 9.238967 1.458222 -5.853559
v 9.238967 1.425184 -5.853559
v 9.238967 1.392147 -5.853559
v 9.238967 1.458222 -5.908875
v 9.238967 1.425184 -5.908875
v 9.238967 1.392147 -5.908875
v 9.186474 1.682419 -6.153077
v 9.186474 1.814569 -6.153077
v 9.186474 1.682419 -6.097761
v 9.186474 1.814569 -6.097761
v 9.238967 1.682419 -6.153077
v 9.238967 1.814569 -6.153077
v 9.238967 1.682419 -6.097761
v 9.238967 1.814569 -6.097761
v 9.167380 1.715457 -6.153077
v 9.160137 1.748494 -6.153077
v 9.167380 1.781531 -6.153077
v 9.167380 1.781531 -6.097761
v 9.160137 1.748494 -6.097761
v 9.167380 1.715457 -6.097761
v 9.238967 1.781531 -6.097761
v 9.238967 1.748494 -6.097761
v 9.238967 1.715457 -6.097761
v 9.238967 1.781531 -6.153077
v 9.238967 1.748494 -6.153077
v 9.238967 1.715457 -6.153077
v 10.840526 1.682419 -5.878754
v 10.840526 1.814569 -5.878754
v 10.838511 1.682419 -5.823475
v 10.838511 1.814569 -5.823475
v 10.788067 1.682419 -5.880665
v 10.788067 1.814569 -5.880665
v 10.786054 1.682419 -5.825386
v 10.786054 1.814569 -5.825386
v 10.859607 1.715457 -5.878059
v 10.866844 1.748494 -5.877795
v 10.859607 1.781531 -5.878059
v 10.857593 1.781531 -5.822780
v 10.864831 1.748494 -5.822516
v 10.857593 1.715457 -5.822780
v 10.786054 1.781531 -5.825386
v 10.786054 1.748494 -5.825386
v 10.786054 1.715457 -5.825386
v 10.788067 1.781531 -5.880665
v 10.788067 1.748494 -5.880665
v 10.788067 1.715457 -5.880665
v 10.849417 1.359110 -6.122793
v 10.849417 1.491259 -6.122793
v 10.847403 1.359110 -6.067514
v 10.847403 1.491259 -6.067514
v 10.796958 1.359110 -6.124705
v 10.796958 1.491259 -6.124705
v 10.794945 1.359110 -6.069426
v 10.794945 1.491259 -6.069426
v 10.868498 1.392147 -6.122098
v 10.875735 1.425184 -6.121835
v 10.868498 1.458222 -6.122098
v 10.866484 1.458222 -6.066819
v 10.873721 1.425184 -6.066556
v 10.866484 1.392147 -6.066819
v 10.794945 1.458222 -6.069426
v 10.794945 1.425184 -6.069426
v 10.794945 1.392147 -6.069426
v 10.796958 1.458222 -6.124705
v 10.796958 1.425184 -6.124705
v 10.796958 1.392147 -6.124705
v 10.840526 1.359110 -5.878754
v 10.840526 1.491259 -5.878754
v 10.838511 1.359110 -5.823475
v 10.838511 1.491259 -5.823475
v 10.788067 1.359110 -5.880665
v 10.788067 1.491259 -5.880665
v 10.786054 1.359110 -5.825386
v 10.786054 1.491259 -5.825386
v 10.859607 1.392147 -5.878059
v 10.866844 1.425184 -5.877795
v 10.859607 1.458222 -5.878059
v 10.857593 1.458222 -5.822780
v 10.864831 1.425184 -5.822516
v 10.857593 1.392147 -5.822780
v 10.786054 1.458222 -5.825386
v 10.786054 1.425184 -5.825386
v 10.786054 1.392147 -5.825386
v 10.788067 1.458222 -5.880665
v 10.788067 1.425184 -5.880665
v 10.788067 1.392147 -5.880665
v 10.849417 1.682419 -6.122793
v 10.849417 1.814569 -6.122793
v 10.847403 1.682419 -6.067514
v 10.847403 1.814569 -6.067514
v 10.796958 1.682419 -6.124705
v 10.796958 1.814569 -6.124705
v 10.794945 1.682419 -6.069426
v 10.794945 1.814569 -6.069426
v 10.868498 1.715457 -6.122098
v 10.875735 1.748494 -6.121834
v 10.868498 1.781531 -6.122098
v 10.866484 1.781531 -6.066819
v 10.873721 1.748494 -6.066556
v 10.866484 1.715457 -6.066819
v 10.794945 1.781531 -6.069426
v 10.794945 1.748494 -6.069426
v 10.794945 1.715457 -6.069426
v 10.796958 1.781531 -6.124705
v 10.796958 1.748494 -6.124705
v 10.796958 1.715457 -6.124705
v 9.237489 2.060920 -5.791543
v 9.206622 2.059587 -5.793448
v 9.265691 2.067973 -6.178257
v 9.265038 2.163699 -6.170894
v 9.238281 2.163700 -5.803620
v 9.261436 2.062582 -6.122747
v 9.256661 2.066058 -6.054509
v 9.251660 2.063531 -5.987269
v 9.246480 2.070624 -5.916812
v 9.241763 2.062983 -5.851952
v 9.211183 2.063532 -5.854465
v 9.220789 2.057389 -5.988421
v 9.225842 2.062500 -6.056818
v 9.230210 2.046143 -6.123787
v 9.230563 2.163700 -6.116898
v 9.225817 2.170644 -6.052980
v 9.221073 2.167467 -5.987519
v 9.216638 2.163700 -5.925757
v 9.211996 2.163700 -5.862043
v 9.260684 2.163700 -6.114704
v 9.256042 2.163699 -6.050990
v 9.251400 2.163699 -5.987276
v 9.246611 2.162452 -5.924350
v 9.242167 2.167888 -5.858140
v 9.234744 2.062220 -6.185604
v 9.249579 2.058825 -6.182834
v 9.231779 2.047611 -6.145486
v 9.231503 2.163473 -6.130675
v 9.255873 2.163422 -6.171642
v 9.234454 2.150975 -6.174825
v 9.229145 2.163699 -5.804286
v 9.210956 2.163700 -5.848616
v 9.207526 2.151901 -5.804447
v 9.212977 2.063635 -5.879186
v 9.216147 2.075619 -5.922410
v 9.218942 2.059911 -5.962340
v 9.235853 2.068244 -5.918612
v 10.788556 2.072280 -6.182837
v 10.819478 2.070996 -6.182309
v 10.777716 2.079080 -5.797699
v 10.778037 2.171362 -5.805037
v 10.788307 2.171362 -6.170812
v 10.779477 2.073883 -5.852992
v 10.781190 2.077234 -5.920943
v 10.783172 2.074798 -5.987913
v 10.785190 2.081635 -6.058084
v 10.786995 2.074270 -6.122680
v 10.817657 2.074798 -6.121536
v 10.814064 2.068877 -5.988133
v 10.812081 2.073804 -5.920012
v 10.810719 2.058036 -5.853339
v 10.810058 2.171362 -5.860162
v 10.811934 2.178057 -5.923823
v 10.813740 2.174994 -5.989017
v 10.815402 2.171362 -6.050524
v 10.817183 2.171363 -6.113977
v 10.779868 2.171362 -5.861010
v 10.781651 2.171362 -5.924464
v 10.783432 2.171363 -5.987917
v 10.785397 2.170160 -6.050596
v 10.786868 2.175400 -6.116518
v 10.808960 2.073534 -5.791773
v 10.794015 2.070261 -5.793868
v 10.810124 2.059451 -5.831729
v 10.809736 2.171145 -5.846445
v 10.787227 2.171095 -5.804700
v 10.808766 2.159096 -5.802486
v 10.797463 2.171363 -6.170555
v 10.817621 2.171362 -6.127352
v 10.819068 2.159989 -6.171350
v 10.816972 2.074898 -6.096916
v 10.815742 2.086450 -6.053867
v 10.814740 2.071308 -6.014105
v 10.795886 2.079341 -6.056767
v 9.434109 2.055050 -6.156950
v 9.431758 2.053766 -6.187784
v 9.628530 2.061850 -6.170656
v 9.624815 2.154133 -6.170509
v 9.440171 2.154133 -6.157466
v 9.600599 2.056653 -6.168893
v 9.566315 2.060004 -6.166275
v 9.532499 2.057569 -6.163988
v 9.497072 2.064406 -6.161533
v 9.464465 2.057040 -6.159221
v 9.462446 2.057569 -6.189837
v 9.529775 2.051647 -6.194746
v 9.564168 2.056574 -6.197106
v 9.597782 2.040806 -6.199991
v 9.594410 2.154133 -6.198898
v 9.562266 2.160827 -6.196717
v 9.529359 2.157765 -6.194367
v 9.498315 2.154133 -6.192110
v 9.466284 2.154133 -6.189847
v 9.596538 2.154133 -6.168772
v 9.564507 2.154133 -6.166510
v 9.532475 2.154133 -6.164247
v 9.500817 2.152930 -6.162216
v 9.467572 2.158171 -6.159487
v 9.628863 2.056304 -6.202156
v 9.629075 2.053031 -6.187136
v 9.608689 2.042221 -6.200774
v 9.601329 2.153915 -6.199451
v 9.624207 2.153865 -6.179685
v 9.623497 2.141866 -6.201283
v 9.439526 2.154133 -6.166603
v 9.459527 2.154133 -6.189432
v 9.437299 2.142759 -6.188073
v 9.474874 2.057669 -6.190722
v 9.496607 2.069221 -6.192235
v 9.516668 2.054078 -6.193768
v 9.496830 2.062111 -6.172272
v 9.235462 2.043690 -6.178701
v 9.238977 2.042357 -6.209425
v 9.428973 2.050743 -6.155447
v 9.425299 2.146470 -6.156004
v 9.241513 2.146470 -6.178064
v 9.401214 2.045352 -6.158989
v 9.367050 2.048829 -6.162893
v 9.333412 2.046302 -6.167033
v 9.298159 2.053394 -6.171313
v 9.265702 2.045753 -6.175200
v 9.269501 2.046302 -6.205646
v 9.336545 2.040160 -6.197753
v 9.370765 2.045270 -6.193575
v 9.404319 2.028913 -6.190061
v 9.400801 2.146470 -6.189624
v 9.368824 2.153414 -6.193552
v 9.336064 2.150237 -6.197459
v 9.305154 2.146470 -6.201104
v 9.273271 2.146470 -6.204931
v 9.397202 2.146470 -6.159638
v 9.365319 2.146470 -6.163465
v 9.333437 2.146470 -6.167292
v 9.301966 2.145223 -6.171276
v 9.268803 2.150658 -6.174874
v 9.435249 2.044990 -6.186317
v 9.432621 2.041595 -6.171527
v 9.415178 2.030381 -6.188769
v 9.407701 2.146244 -6.188860
v 9.426434 2.146192 -6.165130
v 9.429815 2.133745 -6.186472
v 9.242605 2.146470 -6.187158
v 9.266558 2.146470 -6.205800
v 9.244473 2.134672 -6.208663
v 9.281872 2.046406 -6.204168
v 9.303499 2.058389 -6.201550
v 9.323490 2.042681 -6.199266
v 9.299949 2.051014 -6.181904
v 9.625730 2.045121 -6.165019
v 9.625890 2.043787 -6.195943
v 9.820700 2.049448 -6.162781
v 9.818325 2.145217 -6.162939
v 9.633251 2.147806 -6.165038
v 9.792647 2.044449 -6.163308
v 9.758314 2.048406 -6.163502
v 9.724394 2.046353 -6.163988
v 9.688988 2.053942 -6.164439
v 9.656197 2.046759 -6.164801
v 9.656695 2.047300 -6.195479
v 9.724108 2.040215 -6.194867
v 9.758647 2.044842 -6.194406
v 9.792152 2.028016 -6.194532
v 9.790346 2.145609 -6.193719
v 9.758232 2.153003 -6.194174
v 9.725202 2.150287 -6.194522
v 9.694028 2.146956 -6.194811
v 9.661922 2.147405 -6.195176
v 9.790004 2.145613 -6.163520
v 9.757897 2.146062 -6.163884
v 9.725791 2.146512 -6.164248
v 9.694059 2.145708 -6.164813
v 9.660781 2.151610 -6.164812
v 9.823528 2.043655 -6.194148
v 9.822463 2.040274 -6.179162
v 9.803106 2.029331 -6.194420
v 9.797284 2.145286 -6.193704
v 9.818466 2.144938 -6.172133
v 9.819350 2.132477 -6.193717
v 9.633355 2.147804 -6.174197
v 9.655154 2.147500 -6.195314
v 9.632727 2.136014 -6.195778
v 9.669154 2.047230 -6.195344
v 9.691103 2.058907 -6.195076
v 9.711002 2.042920 -6.194963
v 9.689590 2.051553 -6.175161
v 10.415206 2.053452 -6.156910
v 10.417387 2.053452 -6.187784
v 10.221053 2.058165 -6.170669
v 10.222488 2.055238 -6.201494
v 10.214079 2.153819 -6.171233
v 10.420456 2.153363 -6.156528
v 10.421749 2.150065 -6.187400
v 10.384535 2.057255 -6.159192
v 10.350591 2.057255 -6.161590
v 10.316647 2.057255 -6.163988
v 10.282751 2.057298 -6.166387
v 10.250957 2.067860 -6.168600
v 10.252195 2.063992 -6.199338
v 10.318811 2.057255 -6.194633
v 10.351768 2.051853 -6.192405
v 10.247931 2.154459 -6.199296
v 10.282562 2.152651 -6.196986
v 10.318798 2.153819 -6.194373
v 10.354385 2.153819 -6.191859
v 10.390182 2.153225 -6.189296
v 10.244422 2.150500 -6.169301
v 10.280374 2.152249 -6.166900
v 10.316607 2.153819 -6.163362
v 10.352258 2.153819 -6.161733
v 10.386654 2.149059 -6.159292
v 10.216964 2.142446 -6.201834
v 10.214725 2.153819 -6.180370
v 10.237718 2.154253 -6.200128
v 10.266270 2.059426 -6.198254
v 10.284366 2.064860 -6.196859
v 10.305661 2.055804 -6.195482
v 10.283328 2.056105 -6.175902
v 10.385180 2.057255 -6.168329
v 10.366059 2.054063 -6.191354
v 10.387113 2.068632 -6.189773
v 10.407645 2.054659 -6.188436
v 10.219222 2.042032 -6.178695
v 10.215534 2.042032 -6.209425
v 10.025965 2.046920 -6.155541
v 10.021553 2.043884 -6.186083
v 10.019009 2.146144 -6.154779
v 10.224450 2.145672 -6.179310
v 10.219890 2.142251 -6.209872
v 10.188672 2.045977 -6.175144
v 10.154885 2.045976 -6.171089
v 10.121099 2.045976 -6.167033
v 10.087360 2.046021 -6.162989
v 10.055720 2.056977 -6.159157
v 10.051133 2.052964 -6.189576
v 10.117438 2.045977 -6.197535
v 10.150223 2.040373 -6.201571
v 10.046952 2.146809 -6.188729
v 10.081397 2.144933 -6.193001
v 10.117474 2.146144 -6.197278
v 10.152896 2.146144 -6.201529
v 10.188533 2.145529 -6.205773
v 10.049171 2.142701 -6.158611
v 10.084929 2.144516 -6.163043
v 10.121179 2.146145 -6.166410
v 10.156495 2.146144 -6.171544
v 10.190734 2.141206 -6.175642
v 10.016064 2.134347 -6.185374
v 10.017917 2.146144 -6.163874
v 10.036766 2.146594 -6.187618
v 10.065158 2.048229 -6.191170
v 10.083192 2.053865 -6.193217
v 10.104364 2.044472 -6.195886
v 10.086131 2.044784 -6.172441
v 10.187580 2.045976 -6.184238
v 10.164455 2.042666 -6.203238
v 10.185429 2.057779 -6.205661
v 10.205844 2.043284 -6.208226
v 10.016603 2.044724 -6.164994
v 10.016252 2.044729 -6.195943
v 9.822057 2.051612 -6.162829
v 9.820930 2.049041 -6.193669
v 9.816243 2.136280 -6.162822
v 10.023101 2.132984 -6.165042
v 10.021824 2.130085 -6.195917
v 9.985898 2.048516 -6.164760
v 9.951876 2.048992 -6.164374
v 9.917853 2.049469 -6.163988
v 9.883880 2.049982 -6.163608
v 9.852145 2.059765 -6.163213
v 9.850820 2.056363 -6.193950
v 9.917504 2.049473 -6.194707
v 9.950462 2.044236 -6.195182
v 9.847691 2.136406 -6.193559
v 9.882369 2.134322 -6.194088
v 9.918707 2.134847 -6.194447
v 9.954376 2.134348 -6.194852
v 9.990252 2.133321 -6.195225
v 9.846599 2.132920 -6.163377
v 9.882643 2.133963 -6.163925
v 9.919059 2.134842 -6.163361
v 9.954720 2.134343 -6.164653
v 9.989137 2.129652 -6.165033
v 9.816476 2.126220 -6.193555
v 9.816139 2.136281 -6.171981
v 9.817041 2.146321 -6.193549
v 9.837443 2.136367 -6.193553
v 9.864876 2.052130 -6.194020
v 9.883090 2.056679 -6.194109
v 9.904313 2.048375 -6.194479
v 9.883662 2.048930 -6.173138
v 9.985794 2.048518 -6.173919
v 9.964818 2.045989 -6.195303
v 9.986107 2.058575 -6.195449
v 10.006505 2.045933 -6.195796
v 10.609042 2.055050 -6.156950
v 10.606691 2.053766 -6.187784
v 10.803462 2.061850 -6.170656
v 10.799748 2.154133 -6.170509
v 10.615105 2.154133 -6.157466
v 10.775533 2.056653 -6.168893
v 10.741247 2.060004 -6.166275
v 10.707433 2.057568 -6.163988
v 10.672006 2.064406 -6.161533
v 10.639399 2.057040 -6.159221
v 10.637380 2.057569 -6.189837
v 10.704708 2.051648 -6.194746
v 10.739101 2.056574 -6.197106
v 10.772716 2.040806 -6.199991
v 10.769343 2.154133 -6.198898
v 10.737199 2.160827 -6.196717
v 10.704291 2.157765 -6.194367
v 10.673248 2.154133 -6.192110
v 10.641217 2.154133 -6.189847
v 10.771471 2.154133 -6.168772
v 10.739440 2.154133 -6.166510
v 10.707408 2.154133 -6.164247
v 10.675751 2.152930 -6.162216
v 10.642505 2.158171 -6.159487
v 10.803797 2.056304 -6.202156
v 10.804008 2.053031 -6.187136
v 10.783623 2.042221 -6.200774
v 10.776262 2.153915 -6.199451
v 10.799140 2.153865 -6.179685
v 10.798430 2.141866 -6.201283
v 10.614459 2.154133 -6.166603
v 10.634460 2.154133 -6.189432
v 10.612231 2.142759 -6.188073
v 10.649807 2.057668 -6.190722
v 10.671539 2.069221 -6.192235
v 10.691602 2.054078 -6.193768
v 10.671762 2.062111 -6.172272
v 10.410396 2.043690 -6.178701
v 10.413910 2.042357 -6.209425
v 10.603907 2.050743 -6.155447
v 10.600231 2.146470 -6.156004
v 10.416447 2.146470 -6.178064
v 10.576146 2.045352 -6.158989
v 10.541984 2.048829 -6.162893
v 10.508345 2.046302 -6.167033
v 10.473092 2.053395 -6.171313
v 10.440635 2.045753 -6.175200
v 10.444433 2.046302 -6.205646
v 10.511478 2.040160 -6.197753
v 10.545698 2.045270 -6.193575
v 10.579252 2.028913 -6.190061
v 10.575734 2.146470 -6.189624
v 10.543756 2.153414 -6.193552
v 10.510998 2.150238 -6.197459
v 10.480086 2.146470 -6.201104
v 10.448204 2.146470 -6.204931
v 10.572135 2.146470 -6.159638
v 10.540253 2.146470 -6.163465
v 10.508370 2.146470 -6.167292
v 10.476898 2.145223 -6.171276
v 10.443736 2.150659 -6.174874
v 10.610183 2.044990 -6.186317
v 10.607554 2.041595 -6.171527
v 10.590111 2.030381 -6.188769
v 10.582633 2.146244 -6.188860
v 10.601367 2.146192 -6.165130
v 10.604748 2.133745 -6.186472
v 10.417539 2.146470 -6.187158
v 10.441490 2.146470 -6.205800
v 10.419406 2.134672 -6.208663
v 10.456804 2.046406 -6.204168
v 10.478433 2.058389 -6.201550
v 10.498423 2.042681 -6.199266
v 10.474881 2.051014 -6.181904
v 9.929896 0.000174 -6.002522
v 10.087491 -0.000174 -6.008209
vn 0.9528 -0.3034 -0.0084
vn 0.9890 -0.1481 -0.0062
vn 0.9896 -0.1434 0.0095
vn 0.9515 -0.3070 -0.0196
vn -0.9946 -0.0073 -0.1035
vn -0.9615 -0.1209 -0.2468
vn -0.9359 -0.1174 -0.3320
vn -0.9882 -0.0511 -0.1442
vn -0.8056 -0.2980 -0.5120
vn -0.7368 -0.2457 -0.6299
vn -0.8030 -0.1876 -0.5656
vn -0.6492 -0.1462 -0.7464
vn -0.9249 0.0723 -0.3733
vn -0.8355 0.0667 -0.5454
vn -0.9787 -0.0005 -0.2054
vn -0.9476 0.0010 -0.3193
vn -0.9886 -0.0617 -0.1375
vn -0.9796 -0.0594 -0.1922
vn -0.9952 0.0935 0.0289
vn -0.9967 0.0722 0.0361
vn -0.9340 0.1331 0.3314
vn -0.9490 0.1163 0.2931
vn -0.8265 0.0101 0.5629
vn -0.9645 0.0704 0.2547
vn -0.5832 0.0017 0.8123
vn -0.9166 0.1370 0.3755
vn -0.7346 0.3626 0.5735
vn -0.7938 0.3028 0.5274
vn -0.1309 0.8634 0.4873
vn -0.0284 0.9684 0.2479
vn 0.3853 0.8968 0.2176
vn 0.4024 0.9026 0.1528
vn 0.1830 0.9743 -0.1316
vn 0.1942 0.9792 -0.0585
vn 0.0726 0.8628 -0.5003
vn 0.0841 0.9036 -0.4200
vn 0.0173 0.7829 -0.6219
vn 0.0109 0.7891 -0.6141
vn -0.0229 0.8609 -0.5082
vn -0.0344 0.8157 -0.5774
vn 0.0088 0.9390 -0.3439
vn 0.0055 0.8947 -0.4467
vn 0.0240 0.9623 -0.2710
vn 0.0286 0.9208 -0.3891
vn 0.0089 0.9721 -0.2344
vn 0.0090 0.9400 -0.3411
vn -0.0000 0.9804 -0.1969
vn -0.0004 0.9639 -0.2663
vn -0.0002 0.9776 -0.2104
vn 0.0045 0.9658 -0.2594
vn 0.0068 0.9637 -0.2668
vn 0.0105 0.9394 -0.3427
vn 0.0058 0.9360 -0.3519
vn 0.0106 0.8874 -0.4609
vn -0.0062 0.8922 -0.4516
vn -0.0101 0.8175 -0.5759
vn -0.0324 0.8869 -0.4609
vn -0.0545 0.8401 -0.5397
vn -0.1117 0.9818 -0.1535
vn -0.1669 0.9487 -0.2684
vn -0.3844 0.8589 -0.3384
vn -0.4118 0.8950 -0.1714
vn -0.1729 0.7874 0.5916
vn 0.0272 0.8946 0.4460
vn 0.5789 0.3131 0.7529
vn 0.6035 0.3027 0.7377
vn 0.9371 0.1834 0.2970
vn 0.8764 0.1462 0.4588
vn 0.9952 0.0939 0.0257
vn 0.9932 0.1080 -0.0423
vn 0.9936 0.1006 0.0517
vn 0.9928 0.1081 -0.0520
vn 0.9927 0.0625 0.1036
vn 0.9959 0.0782 -0.0458
vn 0.9774 -0.0066 0.2113
vn 0.9980 0.0097 0.0621
vn 0.9669 -0.0072 0.2550
vn 0.9924 -0.0071 0.1228
vn 0.9753 0.0252 0.2193
vn 0.9921 0.0217 0.1232
vn 0.9737 -0.2053 0.0991
vn 0.9768 -0.2096 0.0437
vn 0.8966 -0.2980 0.3275
vn -0.6798 -0.3627 0.6374
vn 0.7060 -0.1590 0.6901
vn 0.9069 -0.2744 0.3198
vn 0.6566 -0.0527 0.7524
vn 0.9269 -0.2257 0.2999
vn 0.4841 -0.0706 0.8722
vn 0.4862 -0.2742 0.8297
vn 0.1449 -0.1064 0.9837
vn 0.6972 -0.2844 0.6580
vn 0.1716 -0.0789 0.9820
vn 0.4976 -0.2080 0.8421
vn 0.0354 -0.0744 0.9966
vn -0.1415 -0.1052 0.9843
vn 0.1806 -0.0623 0.9816
vn 0.1507 -0.1209 0.9812
vn 0.2650 -0.0435 0.9633
vn 0.4935 -0.1049 0.8634
vn 0.1729 -0.0634 0.9829
vn 0.2130 -0.1398 0.9670
vn 0.7685 0.0856 0.6340
vn 0.7781 0.0113 0.6280
vn 0.9896 0.1105 -0.0925
vn 0.9976 0.0670 0.0167
vn 0.9784 0.0513 -0.2002
vn 0.9275 -0.0259 0.3730
vn 0.6100 0.1043 -0.7855
vn 0.9299 0.0717 -0.3608
vn 0.1758 0.0987 -0.9795
vn 0.5594 0.0990 -0.8229
vn -0.0018 0.0682 -0.9977
vn 0.2880 0.0691 -0.9551
vn -0.2157 0.0573 -0.9748
vn 0.0100 0.0419 -0.9991
vn -0.0729 0.0371 -0.9966
vn -0.2839 0.0297 -0.9584
vn 0.5838 -0.0343 -0.8112
vn -0.4132 0.0273 -0.9102
vn 0.7466 0.0278 -0.6647
vn 0.5401 0.0341 -0.8409
vn 0.9622 -0.0132 0.2720
vn 0.9998 0.0072 0.0165
vn -0.5589 -0.0761 0.8257
vn 0.9670 -0.0023 0.2549
vn 0.7492 -0.0861 0.6568
vn -0.1244 0.0752 -0.9894
vn 0.9948 0.0101 -0.1017
vn 0.9921 0.0158 -0.1245
vn 0.9961 0.0184 -0.0864
vn 0.9999 -0.0100 0.0077
vn 0.9988 -0.0077 0.0474
vn 0.9784 -0.0421 0.2022
vn 0.9850 -0.0535 0.1638
vn 0.9210 -0.0691 0.3833
vn 0.9258 -0.1262 0.3562
vn 0.7960 -0.0942 0.5979
vn 0.9284 -0.1696 0.3306
vn 0.6824 -0.1314 0.7191
vn 0.9348 -0.2367 0.2646
vn 0.7247 -0.1659 0.6688
vn 0.8934 -0.2915 0.3419
vn 0.8239 -0.1877 0.5348
vn 0.9379 -0.3078 0.1599
vn 0.9341 -0.1985 0.2967
vn 0.9471 -0.3110 0.0789
vn 0.9542 -0.2976 0.0290
vn 0.7973 -0.3412 0.4979
vn 0.9094 -0.2259 0.3494
vn 0.9886 -0.1450 0.0415
vn 0.5897 -0.1357 0.7961
vn -0.1600 -0.1362 0.9777
vn 0.4739 -0.1042 0.8744
vn 0.0030 -0.1617 0.9868
vn 0.2560 -0.1206 0.9591
vn 0.9212 0.0296 0.3879
vn 0.9892 0.0362 0.1419
vn 0.8125 -0.0765 0.5779
vn 0.9985 0.0446 -0.0314
vn 0.8423 0.1107 -0.5275
vn 0.6171 0.1047 -0.7799
vn 0.3617 0.0754 -0.9292
vn -0.0686 0.0493 -0.9964
vn -0.1919 0.0060 -0.9814
vn 0.6388 -0.0269 -0.7689
vn 0.9999 -0.0087 -0.0067
vn 0.9882 0.0147 -0.1528
vn 0.9990 0.0061 0.0434
vn 0.9985 0.0062 -0.0543
vn 0.9949 0.0008 0.1010
vn 0.9767 0.0063 0.2145
vn 0.9403 0.0341 0.3386
vn 0.7932 0.0604 0.6059
vn 0.5742 0.0619 0.8163
vn 0.6145 0.0609 0.7866
vn 0.7721 0.0521 0.6333
vn 0.9057 0.0365 0.4223
vn 0.9928 0.0911 0.0777
vn 0.9929 0.1023 0.0608
vn 0.9798 0.0605 0.1907
vn 0.9761 0.0416 0.2131
vn 0.9898 0.1253 -0.0676
vn 0.8870 0.0790 0.4549
vn 0.8600 0.1266 0.4943
vn 0.2872 -0.1239 0.9498
vn 0.3122 -0.1143 0.9431
vn 0.0801 -0.1474 0.9858
vn 0.8648 -0.0217 0.5017
vn 0.9973 0.0182 -0.0708
vn 0.8962 -0.0299 0.4426
vn 0.9941 0.0734 0.0793
vn 0.9607 0.1159 -0.2524
vn 0.8590 0.1108 -0.4998
vn 0.6761 0.0964 -0.7305
vn 0.3447 0.0670 -0.9363
vn 0.0416 0.0278 -0.9987
vn 0.6313 0.0038 -0.7756
vn 0.9913 -0.0005 -0.1316
vn 0.8451 -0.0281 0.5338
vn 0.9692 -0.0053 -0.2463
vn 0.9961 -0.0318 -0.0817
vn 0.9998 -0.0115 0.0180
vn 0.9965 0.0167 0.0824
vn 0.9816 0.0343 0.1879
vn 0.8367 0.0384 0.5464
vn 0.5859 0.0346 0.8096
vn 0.5502 0.0259 0.8346
vn 0.6834 0.0105 0.7300
vn 0.8573 -0.0029 0.5149
vn 0.9356 0.2837 0.2100
vn 0.9426 0.2719 0.1938
vn 0.9172 0.1708 0.3600
vn 0.8698 0.0742 0.4878
vn 0.9615 0.1115 0.2512
vn 0.9853 0.1473 -0.0870
vn 0.9871 -0.0172 0.1591
vn 0.8375 -0.1622 0.5219
vn 0.6388 -0.1951 0.7442
vn 0.1992 -0.2055 0.9582
vn 0.9364 -0.0629 0.3453
vn 0.9542 0.0358 0.2971
vn 0.9733 0.1355 0.1852
vn 0.9750 0.1139 0.1909
vn 0.9922 0.1220 0.0258
vn 0.9601 0.1428 -0.2403
vn 0.8734 0.1420 -0.4658
vn 0.6447 0.1391 -0.7517
vn 0.3106 0.1175 -0.9432
vn 0.6530 0.0610 -0.7549
vn 0.9968 -0.0117 -0.0791
vn 0.7343 -0.0551 0.6766
vn 0.8886 -0.0933 0.4490
vn 0.9605 -0.0756 -0.2677
vn 0.9852 -0.0459 -0.1651
vn 0.9985 -0.0469 0.0294
vn 0.9857 -0.0570 0.1586
vn 0.8798 -0.0532 0.4723
vn 0.6064 -0.0425 0.7940
vn 0.4820 -0.0451 0.8750
vn 0.6352 -0.0492 0.7708
vn 0.8547 -0.0351 0.5179
vn 0.8852 0.0870 0.4570
vn 0.9000 0.0651 0.4311
vn 0.8685 -0.0108 0.4955
vn 0.7560 -0.1075 0.6457
vn 0.7889 -0.1393 0.5986
vn 0.8880 -0.1629 0.4301
vn 0.9077 -0.2106 0.3629
vn 0.9481 -0.1892 0.2556
vn 0.9159 -0.1739 0.3618
vn 0.7167 -0.1686 0.6767
vn 0.9178 -0.0067 0.3970
vn 0.9719 0.2083 -0.1092
vn 0.9709 0.1480 0.1883
vn 0.9358 0.0943 0.3398
vn 0.9747 0.1168 0.1906
vn 0.9886 0.1455 -0.0395
vn 0.9553 0.1564 -0.2507
vn 0.8085 0.1750 -0.5618
vn 0.6464 0.1431 -0.7495
vn 0.8562 0.0422 -0.5149
vn 0.9902 -0.0547 0.1286
vn 0.7111 -0.0634 0.7003
vn 0.9148 -0.1113 0.3882
vn 0.8662 -0.0606 -0.4960
vn 0.9726 -0.0657 -0.2229
vn 0.9774 -0.1067 0.1824
vn 0.9660 -0.1388 0.2182
vn 0.9817 -0.1159 0.1511
vn 0.7861 -0.0879 0.6118
vn 0.4932 -0.0720 0.8670
vn 0.7006 -0.0361 0.7127
vn 0.9164 0.0196 0.3998
vn 0.7519 -0.0747 0.6550
vn 0.7872 -0.0680 0.6129
vn 0.8015 -0.0773 0.5930
vn 0.7301 -0.1099 0.6745
vn 0.6523 -0.1250 0.7476
vn 0.6621 -0.1138 0.7408
vn 0.7722 -0.0733 0.6312
vn 0.8832 -0.0060 0.4690
vn 0.9453 0.0394 0.3239
vn 0.9507 0.0672 0.3028
vn 0.9804 0.1908 -0.0482
vn 0.9667 0.1429 0.2123
vn 0.9600 0.1161 0.2547
vn 0.8979 0.0479 0.4376
vn 0.9363 0.0362 0.3492
vn 0.9910 0.0579 0.1203
vn 0.9734 0.1121 -0.1999
vn 0.8547 0.1695 -0.4908
vn 0.8596 0.1609 -0.4849
vn 0.9858 0.0919 -0.1407
vn 0.9573 0.0307 0.2875
vn 0.8237 0.0346 0.5660
vn 0.9910 -0.1002 0.0885
vn 0.7707 -0.0889 -0.6310
vn 0.9923 -0.1174 -0.0385
vn 0.9739 -0.1210 0.1923
vn 0.9591 -0.0953 0.2667
vn 0.9846 -0.0431 -0.1696
vn 0.9432 -0.1477 0.2975
vn 0.7769 -0.1112 0.6197
vn 0.9085 0.0107 0.4177
vn 0.9656 0.0741 0.2494
vn 0.7543 -0.2257 0.6165
vn 0.7990 -0.1944 0.5690
vn 0.8457 -0.1408 0.5147
vn 0.8444 -0.1066 0.5250
vn 0.8093 -0.0827 0.5815
vn 0.7813 -0.0411 0.6227
vn 0.7917 0.0163 0.6107
vn 0.8360 0.0712 0.5442
vn 0.8851 0.1103 0.4521
vn 0.9520 0.1546 0.2643
vn 0.9507 0.1350 0.2793
vn 0.9632 0.1259 0.2373
vn 0.9004 0.0170 0.4347
vn 0.9039 0.0086 0.4277
vn 0.9615 0.2450 0.1246
vn 0.9231 0.1791 0.3403
vn 0.9619 0.2694 -0.0472
vn 0.8382 0.2888 -0.4626
vn 0.9255 0.2942 -0.2386
vn 0.9690 0.1935 0.1534
vn 0.9379 0.2049 0.2798
vn 0.9547 0.2941 -0.0459
vn 0.8953 -0.2247 -0.3846
vn 0.1852 -0.2412 -0.9526
vn 0.9555 0.1573 -0.2496
vn 0.9354 0.3324 -0.1202
vn 0.8347 0.3341 0.4377
vn -0.3874 -0.2820 0.8777
vn -0.1732 -0.3738 0.9112
vn 0.7867 0.0258 0.6169
vn 0.9188 0.0871 0.3850
vn 0.9626 0.0563 0.2649
vn 0.5354 -0.1506 0.8311
vn 0.6316 -0.1504 0.7606
vn 0.7737 -0.1269 0.6207
vn 0.8656 -0.0928 0.4920
vn 0.9165 -0.0432 0.3976
vn 0.9279 -0.0036 0.3728
vn 0.9181 0.0187 0.3960
vn 0.9156 0.0443 0.3996
vn 0.9204 0.0679 0.3851
vn 0.9435 0.1070 0.3136
vn 0.9528 0.1417 0.2686
vn 0.8234 0.1567 0.5454
vn 0.7405 0.0627 0.6691
vn 0.8800 0.3100 0.3598
vn 0.7706 0.5324 0.3504
vn 0.7666 0.5947 0.2420
vn 0.8025 0.5641 0.1943
vn 0.8052 0.5738 -0.1496
vn 0.8755 0.4712 -0.1066
vn 0.8158 0.5753 0.0585
vn 0.8784 0.3552 0.3198
vn 0.9482 0.3124 0.0575
vn -0.1153 0.0786 -0.9902
vn -0.2715 -0.1995 -0.9415
vn 0.7651 0.2596 -0.5893
vn 0.8676 0.3766 -0.3247
vn 0.6910 0.5122 0.5100
vn -0.4318 -0.2183 0.8752
vn -0.0595 0.0113 0.9982
vn 0.1685 0.1484 0.9745
vn 0.7622 0.1850 0.6204
vn 0.8831 0.2422 0.4017
vn -0.4975 0.1189 0.8593
vn -0.3601 0.0838 0.9292
vn -0.0879 0.0382 0.9954
vn 0.2109 0.0180 0.9773
vn 0.4627 -0.0159 0.8864
vn 0.7199 0.1233 0.6830
vn 0.8232 0.2562 0.5067
vn 0.8229 0.2293 0.5198
vn 0.8262 0.2070 0.5240
vn 0.8470 0.2043 0.4907
vn 0.8303 0.2557 0.4953
vn 0.2328 0.4907 0.8397
vn 0.0666 0.3971 0.9153
vn 0.1664 0.5244 0.8351
vn -0.0363 0.7337 0.6785
vn -0.0138 0.9413 0.3373
vn -0.0942 0.9912 0.0934
vn 0.0592 0.9859 0.1566
vn 0.1770 0.9707 0.1628
vn 0.0019 0.9585 0.2852
vn 0.3735 0.8263 0.4215
vn 0.6964 0.7114 0.0945
vn 0.5724 0.0595 -0.8178
vn -0.1689 -0.1251 -0.9777
vn 0.9585 0.1081 -0.2639
vn 0.8936 0.1216 -0.4320
vn 0.9075 0.1097 -0.4054
vn 0.6393 0.0599 0.7666
vn -0.0030 -0.0245 0.9997
vn -0.0941 0.0665 0.9933
vn 0.7206 0.3490 0.5991
vn 0.8003 0.5113 0.3132
vn -0.2335 -0.4211 0.8764
vn -0.2206 -0.4251 0.8779
vn -0.1247 -0.3752 0.9185
vn -0.1887 -0.2214 0.9568
vn -0.2149 -0.2539 0.9431
vn -0.1298 0.2456 0.9606
vn 0.0046 0.6678 0.7443
vn 0.0262 0.5993 0.8001
vn 0.0555 0.5173 0.8540
vn 0.1082 0.4317 0.8955
vn 0.1965 0.5042 0.8409
vn -0.1878 0.1903 0.9636
vn -0.2048 0.4672 0.8601
vn -0.2439 0.6161 0.7489
vn -0.3631 0.7536 0.5480
vn -0.4462 0.8585 0.2527
vn -0.4459 0.8692 0.2139
vn -0.4113 0.8550 0.3158
vn -0.3219 0.8122 0.4866
vn -0.2635 0.7590 0.5953
vn -0.1935 0.7533 0.6286
vn -0.3914 0.9125 -0.1188
vn -0.1960 0.6067 -0.7704
vn -0.6450 0.1133 -0.7557
vn 0.6340 0.7732 0.0180
vn 0.3129 0.8669 -0.3882
vn 0.1644 0.8211 -0.5465
vn 0.2935 0.8008 0.5220
vn -0.6319 0.2757 0.7243
vn -0.4928 0.5210 0.6970
vn -0.1597 0.9856 0.0561
vn -0.4406 0.7509 -0.4919
vn 0.3780 -0.5584 0.7384
vn 0.3352 -0.5248 0.7824
vn 0.1885 -0.4203 0.8876
vn -0.1000 -0.0723 0.9924
vn -0.3532 0.1367 0.9255
vn -0.4935 0.2707 0.8266
vn -0.5296 0.4859 0.6953
vn -0.4695 0.4219 0.7756
vn -0.4018 0.3433 0.8489
vn -0.3334 0.2580 0.9068
vn -0.2816 0.1142 0.9527
vn -0.0569 0.0134 0.9983
vn -0.0418 0.2181 0.9750
vn -0.0378 0.5420 0.8396
vn -0.0365 0.8194 0.5721
vn -0.0376 0.9449 0.3251
vn -0.0231 0.9581 0.2853
vn -0.0048 0.9310 0.3649
vn 0.0003 0.8874 0.4609
vn -0.0199 0.8558 0.5169
vn -0.1161 0.8879 0.4451
vn -0.3564 0.9341 -0.0198
vn -0.5589 0.2869 -0.7780
vn -0.5256 0.6018 -0.6013
vn -0.4025 0.8852 -0.2333
vn -0.3228 0.9465 -0.0049
vn -0.3435 0.9386 -0.0321
vn -0.3093 0.9432 0.1215
vn -0.2781 0.9230 0.2658
vn -0.3910 0.9177 0.0700
vn -0.4271 0.9014 -0.0717
vn -0.4275 0.9039 -0.0147
vn -0.0507 -0.2998 0.9527
vn -0.1492 -0.1871 0.9709
vn -0.3124 0.0061 0.9499
vn -0.4209 0.2678 0.8667
vn -0.4258 0.3911 0.8160
vn -0.3659 0.2825 0.8867
vn -0.3010 0.1964 0.9332
vn -0.2365 0.1234 0.9638
vn -0.1779 0.0560 0.9825
vn -0.1337 0.0148 0.9909
vn -0.0830 -0.0029 0.9965
vn -0.0445 -0.2165 0.9753
vn -0.0491 -0.0504 0.9975
vn -0.0502 0.1803 0.9823
vn -0.0488 0.5049 0.8618
vn -0.0323 0.7775 0.6281
vn -0.0040 0.9018 0.4321
vn 0.0196 0.9270 0.3745
vn 0.0127 0.9442 0.3291
vn -0.0262 0.9552 0.2949
vn -0.1009 0.9919 0.0772
vn -0.0672 0.9859 0.1529
vn -0.2655 0.9215 -0.2833
vn -0.1738 0.9763 -0.1293
vn -0.1243 0.9922 -0.0020
vn -0.0883 0.9960 0.0153
vn -0.0386 0.9983 0.0442
vn 0.0160 0.9914 0.1301
vn 0.0284 0.9984 0.0493
vn 0.0145 0.9909 -0.1335
vn -0.0057 0.9608 -0.2772
vn -0.0332 0.9811 -0.1905
vn -0.1815 0.1394 0.9735
vn -0.1989 0.1822 0.9629
vn -0.2164 0.2436 0.9454
vn -0.1937 0.2204 0.9560
vn -0.1511 0.1771 0.9725
vn -0.1022 0.0769 0.9918
vn -0.0674 0.0024 0.9977
vn -0.0487 -0.0299 0.9984
vn -0.0396 -0.0606 0.9974
vn -0.0336 -0.0800 0.9962
vn -0.0442 -0.1918 0.9804
vn -0.0128 0.0053 0.9999
vn -0.0283 -0.1164 0.9928
vn -0.0330 -0.0563 0.9979
vn -0.0384 0.1644 0.9856
vn -0.0248 0.4428 0.8963
vn -0.0095 0.7208 0.6931
vn 0.0077 0.8640 0.5034
vn 0.0165 0.9358 0.3521
vn 0.0112 0.9809 0.1940
vn -0.0151 0.9997 0.0205
vn -0.0497 0.9983 -0.0319
vn 0.0112 0.9536 0.3008
vn -0.0102 0.9883 0.1521
vn 0.0157 0.9890 0.1472
vn 0.0255 0.9881 0.1515
vn 0.0408 0.9780 0.2047
vn 0.0419 0.9775 0.2065
vn 0.0091 0.9983 0.0571
vn -0.0240 0.9953 -0.0940
vn -0.0308 0.9760 -0.2158
vn -0.0220 0.9392 -0.3427
vn -0.1239 0.2822 0.9513
vn -0.1177 0.2336 0.9652
vn -0.1012 0.1906 0.9764
vn -0.0732 0.1032 0.9920
vn -0.0526 0.0454 0.9976
vn -0.0438 0.0071 0.9990
vn -0.0371 -0.0346 0.9987
vn -0.0434 -0.0271 0.9987
vn -0.0466 -0.0432 0.9980
vn -0.0498 -0.0738 0.9960
vn -0.0190 -0.0321 0.9993
vn -0.0724 -0.2553 0.9642
vn -0.0134 -0.1812 0.9833
vn 0.0050 -0.1383 0.9904
vn 0.0080 -0.0227 0.9997
vn 0.0090 0.1955 0.9807
vn 0.0018 0.5220 0.8530
vn -0.0031 0.7695 0.6387
vn -0.0080 0.9009 0.4339
vn -0.0143 0.9736 0.2278
vn -0.0170 0.9997 0.0166
vn 0.0306 0.9841 0.1749
vn -0.0010 0.9757 0.2192
vn 0.0359 0.9621 0.2705
vn 0.0345 0.9798 0.1968
vn 0.0339 0.9849 0.1696
vn 0.0263 0.9835 0.1792
vn 0.0157 0.9847 0.1737
vn 0.0076 0.9991 0.0426
vn -0.0010 0.9937 -0.1118
vn -0.0018 0.9912 -0.1320
vn -0.0023 0.9753 -0.2207
vn -0.0647 0.2117 0.9752
vn -0.0507 0.1645 0.9851
vn -0.0317 0.1091 0.9935
vn -0.0217 0.0508 0.9985
vn -0.0183 0.0300 0.9994
vn -0.0185 0.0039 0.9998
vn -0.0188 -0.0144 0.9997
vn -0.0190 -0.0169 0.9997
vn -0.0123 -0.0435 0.9990
vn -0.0004 -0.0762 0.9971
vn -0.0411 -0.2108 0.9767
vn 0.0939 -0.0702 0.9931
vn 0.0283 -0.2032 0.9787
vn 0.0083 -0.1457 0.9893
vn -0.0001 -0.0752 0.9972
vn -0.0016 0.0950 0.9955
vn 0.0041 0.3887 0.9214
vn 0.0078 0.7064 0.7078
vn -0.0062 0.9032 0.4292
vn -0.0241 0.9675 0.2518
vn -0.0176 0.9898 0.1414
vn -0.0065 0.9800 0.1989
vn 0.0561 0.9139 0.4021
vn 0.0294 0.9628 0.2685
vn 0.0137 0.9874 0.1574
vn -0.0105 0.9971 0.0748
vn -0.0279 0.9941 0.1049
vn -0.0185 0.9739 0.2264
vn 0.0013 0.9886 0.1505
vn 0.0112 0.9966 -0.0818
vn 0.0081 0.9877 -0.1564
vn 0.0033 0.9852 -0.1711
vn -0.0617 0.0672 0.9958
vn -0.0527 0.0577 0.9969
vn -0.0375 0.0489 0.9981
vn -0.0271 0.0256 0.9993
vn -0.0193 0.0082 0.9998
vn -0.0110 -0.0092 0.9999
vn -0.0045 -0.0279 0.9996
vn 0.0059 -0.0531 0.9986
vn 0.0177 -0.0965 0.9952
vn 0.0292 -0.1251 0.9917
vn 0.0838 -0.0368 0.9958
vn -0.0277 -0.1677 0.9855
vn 0.0119 -0.1120 0.9936
vn 0.0018 -0.1007 0.9949
vn -0.0050 -0.0647 0.9979
vn -0.0100 0.0577 0.9983
vn -0.0149 0.3163 0.9486
vn -0.0147 0.6656 0.7462
vn -0.0065 0.9056 0.4241
vn 0.0098 0.9565 0.2916
vn 0.0284 0.9635 0.2663
vn 0.0440 0.9661 0.2544
vn -0.0051 0.9590 0.2833
vn -0.0127 0.9808 0.1948
vn -0.0203 0.9922 0.1232
vn -0.0139 0.9995 0.0274
vn 0.0012 0.9915 0.1301
vn 0.0178 0.9467 0.3216
vn 0.0162 0.9822 0.1870
vn 0.0036 0.9982 -0.0605
vn 0.0025 0.9857 -0.1687
vn 0.0045 0.9853 -0.1710
vn -0.0452 -0.0239 0.9987
vn -0.0410 -0.0247 0.9989
vn -0.0322 -0.0159 0.9994
vn -0.0231 -0.0232 0.9995
vn -0.0149 -0.0336 0.9993
vn -0.0086 -0.0447 0.9990
vn -0.0037 -0.0589 0.9983
vn -0.0009 -0.0857 0.9963
vn 0.0003 -0.1211 0.9926
vn 0.0006 -0.1530 0.9882
vn -0.0331 -0.2080 0.9776
vn 0.0334 -0.0710 0.9969
vn -0.0086 -0.0656 0.9978
vn -0.0152 -0.0671 0.9976
vn -0.0216 -0.0447 0.9988
vn -0.0260 0.0577 0.9980
vn -0.0283 0.2982 0.9541
vn -0.0277 0.6353 0.7718
vn -0.0091 0.8501 0.5266
vn 0.0219 0.9104 0.4132
vn 0.0375 0.9486 0.3143
vn 0.0256 0.9797 0.1988
vn 0.0379 0.9735 0.2257
vn 0.0202 0.9913 0.1304
vn 0.0192 0.9886 0.1496
vn 0.0265 0.9945 0.1009
vn 0.0229 0.9922 0.1229
vn -0.0082 0.9746 0.2237
vn -0.0427 0.9969 0.0654
vn -0.0509 0.9978 -0.0436
vn -0.0339 0.9965 -0.0767
vn -0.0128 0.9914 -0.1303
vn -0.0375 -0.0768 0.9963
vn -0.0331 -0.0752 0.9966
vn -0.0249 -0.0652 0.9976
vn -0.0172 -0.0706 0.9974
vn -0.0110 -0.0682 0.9976
vn -0.0074 -0.0685 0.9976
vn -0.0047 -0.0698 0.9975
vn -0.0070 -0.0760 0.9971
vn -0.0128 -0.0976 0.9951
vn -0.0247 -0.1226 0.9921
vn -0.0076 -0.0992 0.9950
vn -0.0718 -0.0875 0.9936
vn -0.0394 -0.0686 0.9969
vn -0.0323 -0.0661 0.9973
vn -0.0289 -0.0312 0.9991
vn -0.0327 0.0732 0.9968
vn -0.0347 0.2829 0.9585
vn -0.0228 0.5894 0.8075
vn -0.0115 0.8092 0.5874
vn -0.0182 0.9017 0.4320
vn -0.0287 0.9558 0.2925
vn -0.0321 0.9835 0.1778
vn -0.0221 0.9882 0.1518
vn -0.0243 0.9925 0.1195
vn -0.0257 0.9883 0.1501
vn -0.0273 0.9904 0.1357
vn -0.0178 0.9926 0.1197
vn -0.0002 0.9895 0.1447
vn 0.0181 0.9995 0.0274
vn 0.0227 0.9992 -0.0328
vn 0.0111 0.9989 -0.0462
vn 0.0017 0.9955 -0.0952
vn -0.0228 -0.1122 0.9934
vn -0.0221 -0.1101 0.9937
vn -0.0184 -0.1064 0.9942
vn -0.0134 -0.1086 0.9940
vn -0.0084 -0.0997 0.9950
vn -0.0036 -0.0838 0.9965
vn -0.0019 -0.0723 0.9974
vn -0.0007 -0.0653 0.9979
vn -0.0030 -0.0672 0.9977
vn -0.0044 -0.0849 0.9964
vn -0.0035 -0.1341 0.9910
vn -0.0029 -0.1235 0.9923
vn -0.0078 -0.0572 0.9983
vn -0.0212 -0.0464 0.9987
vn -0.0351 0.0006 0.9994
vn -0.0447 0.1108 0.9928
vn -0.0460 0.2705 0.9616
vn -0.0357 0.5499 0.8345
vn -0.0191 0.8035 0.5950
vn -0.0066 0.9193 0.3935
vn -0.0005 0.9630 0.2697
vn -0.0007 0.9873 0.1591
vn -0.0090 0.9941 0.1081
vn -0.0170 0.9930 0.1166
vn -0.0177 0.9884 0.1508
vn -0.0125 0.9875 0.1569
vn -0.0055 0.9755 0.2200
vn 0.0073 0.9699 0.2433
vn 0.0239 0.9970 0.0738
vn 0.0274 0.9961 -0.0841
vn 0.0187 0.9913 -0.1299
vn 0.0105 0.9927 -0.1200
vn -0.0165 -0.0876 0.9960
vn -0.0198 -0.0920 0.9956
vn -0.0272 -0.0977 0.9948
vn -0.0328 -0.1131 0.9930
vn -0.0342 -0.1138 0.9929
vn -0.0339 -0.0926 0.9951
vn -0.0332 -0.0782 0.9964
vn -0.0329 -0.0690 0.9971
vn -0.0312 -0.0698 0.9971
vn -0.0269 -0.0961 0.9950
vn -0.0600 -0.0560 0.9966
vn 0.0163 -0.0696 0.9974
vn -0.0290 -0.0162 0.9994
vn -0.0344 0.0139 0.9993
vn -0.0409 0.0554 0.9976
vn -0.0433 0.1344 0.9900
vn -0.0422 0.2835 0.9581
vn -0.0395 0.5635 0.8252
vn -0.0308 0.7956 0.6051
vn -0.0168 0.9111 0.4117
vn -0.0031 0.9559 0.2936
vn 0.0169 0.9857 0.1677
vn 0.0246 0.9941 0.1053
vn 0.0312 0.9935 0.1099
vn 0.0255 0.9907 0.1340
vn 0.0183 0.9820 0.1881
vn 0.0171 0.9615 0.2743
vn 0.0121 0.9768 0.2139
vn -0.0026 0.9999 -0.0110
vn -0.0136 0.9922 -0.1236
vn -0.0049 0.9959 -0.0908
vn 0.0120 0.9943 -0.1057
vn -0.0089 -0.0265 0.9996
vn -0.0147 -0.0536 0.9985
vn -0.0208 -0.0742 0.9970
vn -0.0235 -0.0990 0.9948
vn -0.0267 -0.1071 0.9939
vn -0.0274 -0.0956 0.9950
vn -0.0268 -0.0752 0.9968
vn -0.0278 -0.0621 0.9977
vn -0.0307 -0.0629 0.9975
vn -0.0384 -0.0840 0.9957
vn 0.0046 -0.1602 0.9871
vn -0.1067 -0.0303 0.9938
vn -0.0389 -0.0273 0.9989
vn -0.0313 0.0282 0.9991
vn -0.0321 0.0944 0.9950
vn -0.0403 0.1819 0.9825
vn -0.0490 0.3395 0.9393
vn -0.0417 0.5852 0.8098
vn -0.0230 0.7941 0.6074
vn -0.0113 0.9136 0.4066
vn -0.0099 0.9510 0.3089
vn -0.0028 0.9766 0.2151
vn 0.0028 0.9881 0.1538
vn 0.0125 0.9909 0.1344
vn 0.0190 0.9942 0.1057
vn 0.0134 0.9780 0.2083
vn 0.0084 0.9591 0.2829
vn 0.0181 0.9910 0.1329
vn 0.0329 0.9936 -0.1076
vn 0.0340 0.9908 -0.1311
vn 0.0249 0.9988 -0.0429
vn 0.0178 0.9893 -0.1447
vn 0.0361 0.1015 0.9942
vn 0.0191 0.0608 0.9980
vn -0.0107 -0.0083 0.9999
vn -0.0282 -0.0642 0.9975
vn -0.0346 -0.0996 0.9944
vn -0.0331 -0.1061 0.9938
vn -0.0285 -0.0784 0.9965
vn -0.0251 -0.0646 0.9976
vn -0.0253 -0.0639 0.9976
vn -0.0193 -0.0837 0.9963
vn -0.0617 -0.0337 0.9975
vn 0.0472 -0.1313 0.9902
vn -0.0114 -0.0127 0.9999
vn -0.0167 0.0400 0.9991
vn -0.0153 0.1336 0.9909
vn -0.0149 0.2519 0.9676
vn -0.0153 0.4100 0.9120
vn -0.0139 0.6344 0.7729
vn -0.0174 0.8422 0.5389
vn -0.0248 0.9385 0.3443
vn -0.0333 0.9623 0.2701
vn -0.0274 0.9753 0.2193
vn -0.0315 0.9584 0.2837
vn -0.0004 0.9838 0.1791
vn 0.0087 0.9948 0.1020
vn -0.0072 0.9898 0.1421
vn -0.0380 0.9797 0.1970
vn -0.0443 0.9901 0.1332
vn -0.0155 0.9988 -0.0460
vn 0.0055 0.9931 -0.1172
vn -0.0011 0.9918 -0.1281
vn -0.0101 0.9539 -0.2998
vn 0.0860 0.3858 0.9186
vn 0.0491 0.3070 0.9504
vn -0.0169 0.1374 0.9904
vn -0.0565 0.0225 0.9982
vn -0.0842 -0.0620 0.9945
vn -0.0986 -0.1006 0.9900
vn -0.0998 -0.1029 0.9897
vn -0.0941 -0.1026 0.9903
vn -0.0799 -0.1145 0.9902
vn -0.0711 -0.1414 0.9874
vn -0.0242 -0.1882 0.9818
vn -0.0847 -0.0052 0.9964
vn -0.0224 -0.0314 0.9993
vn 0.0016 0.0035 1.0000
vn 0.0292 0.1296 0.9911
vn 0.0443 0.3415 0.9389
vn 0.0319 0.5552 0.8311
vn 0.0083 0.7782 0.6280
vn -0.0101 0.9241 0.3821
vn -0.0278 0.9743 0.2236
vn -0.0506 0.9837 0.1728
vn -0.0654 0.9639 0.2582
vn -0.0976 0.9111 0.4005
vn -0.0618 0.9663 0.2500
vn -0.0350 0.9921 0.1209
vn -0.0226 0.9972 0.0711
vn -0.0262 0.9932 0.1136
vn -0.0299 0.9888 0.1465
vn -0.0169 0.9997 0.0196
vn -0.0049 0.9926 -0.1214
vn -0.0008 0.9737 -0.2277
vn 0.0109 0.8895 -0.4569
vn 0.2831 0.6146 0.7363
vn 0.2602 0.5220 0.8123
vn 0.2013 0.3302 0.9222
vn 0.1419 0.1923 0.9710
vn 0.0865 0.0730 0.9936
vn 0.0431 0.0048 0.9991
vn 0.0073 -0.0660 0.9978
vn -0.0127 -0.1103 0.9938
vn -0.0248 -0.1483 0.9886
vn -0.0327 -0.1809 0.9830
vn -0.0434 -0.0735 0.9964
vn -0.0025 -0.2086 0.9780
vn -0.0249 -0.0840 0.9962
vn -0.0219 -0.0127 0.9997
vn -0.0156 0.1839 0.9828
vn -0.0028 0.5043 0.8635
vn -0.0047 0.7632 0.6461
vn -0.0130 0.9036 0.4282
vn -0.0126 0.9543 0.2985
vn 0.0107 0.9843 0.1760
vn 0.0277 0.9981 0.0546
vn -0.0412 0.9757 0.2154
vn -0.0231 0.9783 0.2060
vn -0.0768 0.9621 0.2616
vn -0.0658 0.9771 0.2023
vn -0.0395 0.9834 0.1770
vn -0.0104 0.9895 0.1443
vn -0.0027 0.9961 0.0887
vn 0.0018 0.9971 -0.0760
vn -0.0033 0.9774 -0.2111
vn -0.0093 0.9601 -0.2794
vn 0.0287 0.8890 -0.4571
vn 0.5111 0.7417 0.4343
vn 0.4949 0.6712 0.5519
vn 0.4424 0.4475 0.7772
vn 0.3990 0.2811 0.8728
vn 0.3864 0.3004 0.8720
vn 0.3307 0.2939 0.8968
vn 0.2460 0.2027 0.9478
vn 0.1589 0.0923 0.9830
vn 0.0868 0.0029 0.9962
vn 0.0293 -0.1005 0.9945
vn 0.0206 -0.0847 0.9962
vn -0.0565 -0.0185 0.9982
vn -0.0559 -0.0561 0.9969
vn -0.0472 0.1125 0.9925
vn -0.0394 0.4216 0.9059
vn -0.0328 0.7344 0.6779
vn -0.0292 0.8967 0.4416
vn -0.0261 0.9579 0.2860
vn -0.0420 0.9570 0.2872
vn -0.0307 0.9697 0.2422
vn 0.0279 0.9981 0.0553
vn 0.0635 0.9979 0.0086
vn 0.1027 0.9813 0.1629
vn 0.1004 0.9875 0.1215
vn 0.0534 0.9767 0.2080
vn 0.0336 0.9622 0.2702
vn 0.0609 0.9842 0.1660
vn 0.0977 0.9952 -0.0061
vn 0.1284 0.9742 -0.1854
vn 0.1398 0.9564 -0.2565
vn 0.1410 0.9515 -0.2735
vn 0.1647 0.9465 -0.2773
vn 0.7329 0.6802 -0.0161
vn 0.7512 0.6551 0.0816
vn 0.7203 0.3717 0.5856
vn 0.3960 -0.1473 0.9064
vn 0.6718 0.2534 0.6961
vn 0.6801 0.5857 0.4410
vn 0.6416 0.5425 0.5422
vn 0.5928 0.4665 0.6565
vn 0.5300 0.3716 0.7622
vn 0.4512 0.2661 0.8518
vn 0.4043 0.1835 0.8960
vn 0.0435 0.0290 0.9986
vn 0.0181 0.1911 0.9814
vn -0.0188 0.3364 0.9415
vn 0.0229 0.6538 0.7563
vn 0.0763 0.8902 0.4492
vn 0.0805 0.9491 0.3046
vn 0.0851 0.9809 0.1752
vn 0.0504 0.9713 0.2324
vn 0.0238 0.9530 0.3021
vn 0.0779 0.9778 0.1946
vn 0.1267 0.9748 0.1838
vn 0.3474 0.9270 0.1413
vn 0.3758 0.9240 0.0704
vn 0.3563 0.9175 0.1767
vn 0.4019 0.9131 0.0689
vn 0.3738 0.9270 0.0300
vn 0.3561 0.9344 0.0144
vn 0.4227 0.8923 -0.1586
vn 0.4223 0.8967 -0.1327
vn 0.4000 0.8370 -0.3735
vn 0.4095 0.8764 -0.2534
vn 0.1155 0.8954 0.4301
vn 0.2126 0.8186 0.5336
vn 0.2366 -0.0272 0.9712
vn 0.2692 -0.4536 0.8496
vn 0.3210 0.1031 0.9414
vn 0.1235 0.7082 0.6951
vn 0.1375 0.6673 0.7320
vn 0.1514 0.6104 0.7775
vn 0.1321 0.5415 0.8303
vn 0.1055 0.4602 0.8815
vn -0.0196 0.4763 0.8791
vn 0.3071 0.3340 0.8911
vn 0.2843 0.4781 0.8310
vn 0.2705 0.4416 0.8555
vn 0.3166 0.7203 0.6172
vn 0.4281 0.8434 0.3248
vn 0.3602 0.8898 0.2802
vn 0.4196 0.8973 0.1370
vn 0.3968 0.8806 0.2589
vn 0.3725 0.8485 0.3758
vn 0.4216 0.8703 0.2545
vn 0.4022 0.8907 0.2120
vn -0.0748 0.9952 -0.0639
vn -0.2505 0.9675 -0.0338
vn -0.0212 0.9903 -0.1374
vn -0.1887 0.8917 -0.4114
vn -0.4880 0.8567 -0.1668
vn -0.3233 0.9415 -0.0947
vn -0.2883 0.9184 -0.2708
vn -0.3887 0.9133 0.1219
vn 0.4721 0.7607 0.4454
vn 0.2654 0.3385 0.9028
vn -0.6417 0.2598 0.7216
vn -0.5627 0.2351 0.7925
vn -0.3053 0.0973 0.9473
vn -0.0924 -0.1365 0.9863
vn -0.4813 0.0394 0.8757
vn -0.6496 0.2045 0.7323
vn -0.6423 0.1876 0.7431
vn -0.6371 0.1731 0.7511
vn -0.6372 0.1597 0.7539
vn -0.6124 0.1242 0.7808
vn -0.5854 0.1661 0.7935
vn -0.1721 0.6373 0.7511
vn -0.1725 0.6476 0.7422
vn -0.3725 0.6224 0.6883
vn -0.3586 0.8500 0.3860
vn -0.4322 0.8413 0.3247
vn -0.2640 0.7846 0.5609
vn -0.2899 0.8188 0.4955
vn 0.0792 0.9809 -0.1777
vn 0.1240 0.9808 0.1502
vn 0.0442 0.9791 0.1984
vn -0.2460 0.9659 0.0812
vn -0.8896 0.4564 -0.0154
vn -0.8222 0.3330 -0.4617
vn -0.7791 0.4057 -0.4780
vn -0.7876 0.2775 0.5501
vn -0.9503 0.1979 -0.2403
vn -0.9807 0.1922 -0.0359
vn -0.9682 0.2490 0.0246
vn -0.9652 0.2282 0.1278
vn -0.2585 0.0138 0.9659
vn 0.1061 -0.1038 0.9889
vn -0.6364 0.0112 0.7713
vn -0.6137 -0.0289 0.7890
vn -0.6477 -0.0465 0.7605
vn -0.7201 -0.0266 0.6934
vn -0.7803 -0.0024 0.6254
vn -0.8097 0.0079 0.5868
vn -0.7969 -0.0124 0.6040
vn -0.7827 -0.0238 0.6220
vn -0.7885 -0.0189 0.6147
vn -0.7622 -0.0470 0.6456
vn -0.9112 0.0869 0.4027
vn -0.8600 0.3364 0.3836
vn -0.8286 0.5595 0.0164
vn -0.9111 0.4121 0.0069
vn -0.9550 0.2922 -0.0512
vn -0.8351 0.2984 0.4620
vn -0.6013 0.1518 0.7845
vn -0.6964 0.3678 0.6162
vn -0.8725 0.4312 -0.2300
vn -0.5986 0.4771 -0.6435
vn -0.8270 0.5621 -0.0118
vn -0.8974 0.4120 0.1580
vn -0.9665 0.2129 -0.1433
vn -0.7958 0.1586 -0.5844
vn -0.8723 0.3743 0.3146
vn -0.5631 0.3768 0.7355
vn -0.9096 0.3890 -0.1459
vn -0.8879 0.3866 0.2492
vn -0.8679 0.4955 0.0348
vn -0.9278 0.3726 0.0184
vn -0.8483 0.3256 0.4176
vn -0.2989 -0.0712 0.9516
vn -0.6711 -0.0900 0.7359
vn -0.7248 -0.0648 0.6859
vn -0.8050 -0.0412 0.5918
vn -0.8540 -0.0378 0.5189
vn -0.8747 -0.0472 0.4823
vn -0.8216 -0.0828 0.5641
vn -0.7525 -0.0939 0.6519
vn -0.7497 -0.0685 0.6583
vn -0.7907 -0.0357 0.6111
vn -0.8456 -0.0191 0.5334
vn -0.9858 0.0817 0.1464
vn -0.9601 0.2457 -0.1337
vn -0.8007 0.4003 -0.4456
vn -0.8230 0.4031 -0.4002
vn -0.9363 0.3338 0.1087
vn -0.8181 0.2640 0.5109
vn -0.6432 0.1375 0.7532
vn -0.7238 0.1202 0.6794
vn -0.9895 0.1281 -0.0664
vn -0.8411 0.2032 -0.5013
vn -0.9411 0.2487 -0.2290
vn -0.9825 0.1828 -0.0346
vn -0.9963 0.0863 0.0039
vn -0.9826 0.1047 -0.1532
vn -0.8903 0.0966 0.4450
vn -0.8889 0.1759 0.4229
vn -0.9570 0.2804 0.0750
vn -0.9242 0.3412 0.1716
vn -0.9427 0.3270 0.0660
vn -0.7847 0.3072 -0.5383
vn -0.8832 0.2776 -0.3780
vn -0.7572 0.0584 0.6506
vn -0.8252 0.0536 0.5623
vn -0.8760 0.0540 0.4794
vn -0.9438 0.0603 0.3249
vn -0.9544 0.0052 0.2984
vn -0.8649 -0.0779 0.4959
vn -0.6756 -0.1400 0.7239
vn -0.5716 -0.1510 0.8065
vn -0.6756 -0.0950 0.7311
vn -0.7966 -0.0392 0.6032
vn -0.9001 0.0156 0.4354
vn -0.9758 0.0943 0.1974
vn -0.9300 0.2102 -0.3014
vn -0.9018 0.2576 -0.3470
vn -0.9331 0.2952 -0.2055
vn -0.9616 0.2568 0.0963
vn -0.9385 0.1918 0.2872
vn -0.9589 0.0926 0.2682
vn -0.9982 0.0453 -0.0395
vn -0.9767 0.0207 -0.2135
vn -0.9591 0.0157 -0.2828
vn -0.9677 0.0378 -0.2493
vn -0.9989 0.0419 -0.0189
vn -0.9853 -0.0342 0.1674
vn -0.9974 -0.0527 0.0483
vn -0.9383 -0.0946 0.3325
vn -0.8812 -0.0892 0.4642
vn -0.9149 -0.0374 0.4019
vn -0.9274 0.0427 0.3717
vn -0.9538 0.1056 0.2811
vn -0.9511 0.1762 -0.2535
vn -0.9160 0.2321 -0.3272
vn -0.9636 0.2027 0.1741
vn -0.9716 0.0038 0.2367
vn -0.9755 0.0090 0.2199
vn -0.9977 0.0538 0.0409
vn -0.9906 0.0347 0.1320
vn -0.7998 -0.1145 0.5892
vn -0.5272 -0.1839 0.8296
vn -0.6082 -0.1879 0.7712
vn -0.7346 -0.1767 0.6551
vn -0.8280 -0.1409 0.5428
vn -0.8575 -0.0890 0.5068
vn -0.9747 0.0378 0.2203
vn -0.9771 0.1907 -0.0943
vn -0.9557 0.2341 -0.1783
vn -0.9778 0.2094 -0.0117
vn -0.9790 0.1928 0.0658
vn -0.9809 0.1943 0.0071
vn -0.9632 0.1990 -0.1805
vn -0.9022 0.1730 -0.3951
vn -0.8976 0.1192 -0.4244
vn -0.9613 0.0784 -0.2640
vn -0.9801 0.0697 -0.1857
vn -0.9964 0.0152 0.0829
vn -0.9695 0.0128 -0.2447
vn -0.9887 -0.0333 -0.1465
vn -0.9557 -0.0625 0.2877
vn -0.8299 -0.0658 0.5540
vn -0.7517 -0.0504 0.6575
vn -0.7628 -0.0245 0.6461
vn -0.8799 0.0077 0.4750
vn -0.9898 0.0529 0.1321
vn -0.9927 0.1036 -0.0613
vn -0.9928 0.1194 -0.0024
vn -0.8848 0.0154 0.4657
vn -0.9023 0.0616 0.4267
vn -0.9506 0.1654 0.2626
vn -0.9681 0.2208 0.1182
vn -0.9152 0.1413 0.3773
vn -0.6965 -0.0498 0.7158
vn -0.7779 -0.0905 0.6219
vn -0.8757 -0.0975 0.4728
vn -0.7605 -0.1564 0.6302
vn -0.6297 -0.1575 0.7607
vn -0.9962 0.0115 -0.0866
vn -0.9954 0.0943 0.0181
vn -0.9887 0.1434 -0.0434
vn -0.9870 0.1594 0.0205
vn -0.9865 0.1633 -0.0077
vn -0.9629 0.1738 -0.2066
vn -0.8605 0.1748 -0.4784
vn -0.6858 0.1548 -0.7111
vn -0.8145 0.1194 -0.5678
vn -0.9716 0.0881 -0.2198
vn -0.9639 0.0876 -0.2512
vn -0.9605 0.0676 -0.2700
vn -0.9739 -0.0590 0.2190
vn -0.9820 -0.0020 -0.1889
vn -0.9806 -0.0378 0.1921
vn -0.7955 -0.0685 0.6021
vn -0.7133 -0.0696 0.6974
vn -0.7358 -0.0782 0.6727
vn -0.8755 -0.0868 0.4754
vn -0.9722 -0.0859 0.2176
vn -0.9959 -0.0787 0.0445
vn -0.9967 -0.0700 -0.0417
vn -0.6436 -0.0378 0.7644
vn -0.7446 -0.0001 0.6675
vn -0.9112 0.0854 0.4031
vn -0.9741 0.1592 0.1605
vn -0.9735 0.2092 -0.0925
vn -0.9594 0.1553 0.2353
vn -0.8828 0.0555 0.4664
vn -0.9613 0.0671 0.2672
vn -0.7556 -0.0358 0.6540
vn -0.4182 -0.1217 0.9002
vn -0.9570 0.0272 0.2889
vn -0.9309 0.0763 -0.3572
vn -0.9927 0.0148 0.1194
vn -0.9971 0.0525 -0.0546
vn -0.9759 0.0629 -0.2090
vn -0.8577 0.0712 -0.5091
vn -0.6567 0.0603 -0.7517
vn -0.4412 0.0429 -0.8964
vn -0.7197 -0.0223 -0.6940
vn -0.9697 -0.0912 -0.2267
vn -0.9455 -0.0889 -0.3132
vn -0.9892 -0.1035 0.1041
vn -0.9408 -0.0750 0.3304
vn -0.9850 -0.0378 -0.1685
vn -0.9917 -0.0483 0.1188
vn -0.7344 -0.0524 0.6767
vn -0.6481 -0.0209 0.7613
vn -0.7544 0.0084 0.6563
vn -0.9221 0.0169 0.3865
vn -0.9904 0.0108 0.1379
vn -0.9997 0.0038 0.0247
vn -0.9987 0.0009 -0.0517
vn -0.7274 -0.2710 0.6304
vn -0.7729 -0.2714 0.5735
vn -0.9134 -0.2553 0.3171
vn -0.9691 -0.1716 0.1775
vn -0.6427 -0.0516 0.7643
vn -0.9924 0.0533 0.1109
vn -0.9228 -0.0227 0.3846
vn -0.9346 0.0345 0.3539
vn -0.8709 0.0450 0.4895
vn -0.5168 -0.0626 0.8538
vn -0.9795 0.0560 0.1934
vn -0.9903 0.0705 -0.1198
vn -0.9863 0.0032 0.1649
vn -0.9674 0.0499 -0.2485
vn -0.8607 0.0425 -0.5074
vn -0.6359 0.0352 -0.7710
vn -0.3785 0.0155 -0.9255
vn -0.3299 -0.0023 -0.9440
vn -0.7167 -0.0603 -0.6948
vn -0.9569 -0.1148 -0.2668
vn -0.9789 -0.1090 -0.1730
vn -0.9770 -0.0966 0.1899
vn -0.9947 0.0082 -0.1027
vn -0.9894 -0.0081 -0.1450
vn -0.9662 -0.0027 0.2577
vn -0.6197 0.0094 0.7848
vn -0.4864 0.0391 0.8728
vn -0.7372 0.0720 0.6718
vn -0.9547 0.0822 0.2859
vn -0.9960 0.0738 0.0510
vn -0.9975 0.0707 0.0077
vn -0.9915 0.0746 -0.1065
vn -0.9316 -0.2165 0.2921
vn -0.9425 -0.1654 0.2904
vn -0.8651 -0.2489 0.4356
vn -0.7897 -0.2330 0.5675
vn -0.5150 -0.1774 0.8387
vn -0.1694 -0.0512 0.9842
vn -0.7781 -0.1028 0.6196
vn -0.8197 -0.0603 0.5697
vn -0.8261 -0.0280 0.5628
vn -0.7238 -0.0528 0.6880
vn -0.9944 0.0649 0.0835
vn -0.9709 0.1044 -0.2157
vn -0.9994 0.0339 -0.0021
vn -0.8449 0.0729 -0.5300
vn -0.6367 0.0578 -0.7689
vn -0.3704 0.0408 -0.9280
vn -0.0753 0.0195 -0.9970
vn -0.4705 0.0322 -0.8818
vn -0.9149 0.0945 -0.3925
vn -0.9736 0.1301 -0.1873
vn -0.9894 0.1171 -0.0864
vn -0.9959 0.0680 -0.0602
vn -0.7073 0.0723 -0.7032
vn -0.9706 0.0194 -0.2399
vn -0.9531 -0.0277 0.3013
vn -0.6238 -0.0580 0.7794
vn -0.5063 -0.1007 0.8564
vn -0.7879 -0.1818 0.5884
vn -0.9611 -0.2204 0.1664
vn -0.9744 -0.2242 -0.0161
vn -0.9734 -0.2288 -0.0111
vn -0.9571 -0.2172 -0.1920
vn -0.9346 0.0868 -0.3449
vn -0.9982 0.0467 0.0380
vn -0.7450 -0.0441 0.6656
vn -0.4582 -0.0586 0.8869
vn -0.3616 -0.0484 0.9311
vn -0.4580 -0.0374 0.8882
vn -0.6843 -0.0167 0.7290
vn -0.7737 -0.0181 0.6333
vn -0.8612 -0.0213 0.5078
vn -0.8883 -0.0620 0.4551
vn -0.9852 0.0488 -0.1644
vn -0.9218 0.0982 -0.3750
vn -0.9276 0.0625 -0.3682
vn -0.5992 0.0747 -0.7971
vn -0.3442 0.0497 -0.9376
vn -0.0878 0.0234 -0.9959
vn 0.0782 0.0126 -0.9969
vn -0.7062 0.0041 -0.7080
vn -0.9947 0.0545 0.0867
vn -0.9879 0.0982 -0.1203
vn -0.9647 0.0867 -0.2486
vn -0.8120 0.0870 -0.5772
vn -0.9969 -0.0536 0.0574
vn -0.9126 -0.0253 -0.4081
vn -0.9979 -0.0441 0.0473
vn -0.8671 -0.0967 0.4887
vn -0.8423 -0.2079 0.4973
vn -0.8927 -0.3164 0.3210
vn -0.9289 -0.3697 0.0233
vn -0.9246 -0.3783 -0.0452
vn -0.9224 -0.3842 -0.0391
vn -0.9004 -0.3732 -0.2237
vn -0.5638 0.0916 -0.8208
vn -0.9997 -0.0194 -0.0119
vn -0.5145 -0.1023 0.8514
vn -0.4232 -0.1083 0.8995
vn -0.5080 -0.1139 0.8538
vn -0.6936 -0.1134 0.7114
vn -0.8502 -0.0975 0.5173
vn -0.9352 -0.0983 0.3402
vn -0.9773 -0.0989 0.1873
vn -0.9753 -0.1288 0.1796
vn -0.9724 0.0004 -0.2332
vn -0.7140 0.1043 -0.6924
vn -0.6560 0.0405 -0.7537
vn -0.2535 0.0409 -0.9665
vn -0.0833 0.0117 -0.9965
vn 0.0741 0.0162 -0.9971
vn -0.1813 -0.0418 -0.9825
vn -0.9455 -0.1917 -0.2631
vn -0.9691 -0.1860 0.1619
vn -0.9660 -0.1928 -0.1723
vn -0.9610 -0.1298 -0.2444
vn -0.9514 -0.0859 0.2956
vn -0.8654 0.0333 -0.5000
vn -0.9271 0.0241 -0.3741
vn -0.9958 -0.0053 -0.0909
vn -0.9985 -0.0546 -0.0105
vn -0.9510 -0.1499 0.2705
vn -0.9769 -0.1830 0.1105
vn -0.9871 -0.1483 -0.0611
vn -0.9884 -0.1355 -0.0690
vn -0.9823 -0.1719 -0.0746
vn -0.9772 -0.1470 -0.1534
vn -0.7511 0.0520 -0.6582
vn -0.9876 -0.1028 0.1184
vn -0.4346 -0.1907 0.8802
vn -0.4881 -0.1992 0.8498
vn -0.6388 -0.1968 0.7438
vn -0.8086 -0.1920 0.5562
vn -0.9280 -0.1924 0.3192
vn -0.9778 -0.1782 0.1106
vn -0.9825 -0.1862 0.0044
vn -0.9768 -0.2104 0.0387
vn -0.9684 -0.2256 0.1064
vn -0.6477 0.1455 -0.7478
vn -0.4580 0.0362 -0.8882
vn -0.0599 0.0097 -0.9982
vn 0.0351 -0.0296 -0.9989
vn 0.1006 -0.0051 -0.9949
vn -0.3910 -0.0921 -0.9158
vn -0.9682 -0.2473 -0.0367
vn -0.9523 -0.2989 0.0617
vn -0.9338 -0.3121 -0.1750
vn -0.9647 -0.2209 -0.1436
vn -0.9566 -0.0165 -0.2911
vn -0.8618 0.1041 -0.4964
vn -0.9304 0.1025 -0.3519
vn -0.9878 0.0439 -0.1495
vn -0.9919 -0.0177 -0.1255
vn -0.9442 0.0236 0.3286
vn 0.8046 0.0565 0.5911
vn -0.9954 -0.0324 -0.0900
vn -0.9970 0.0038 -0.0767
vn -0.9938 -0.0092 -0.1106
vn -0.9953 -0.0051 -0.0964
vn -0.9525 -0.1955 0.2337
vn -0.5538 -0.2654 0.7893
vn 0.5106 -0.0647 0.8574
vn 0.0223 -0.0652 0.9976
vn 0.0131 -0.0509 0.9986
vn 0.0262 -0.0480 0.9985
vn 0.0769 -0.0468 0.9959
vn 0.1820 -0.0321 0.9828
vn 0.2132 -0.0339 0.9764
vn 0.2307 -0.0464 0.9719
vn 0.2433 -0.0583 0.9682
vn 0.9569 0.1840 -0.2245
vn 0.8818 0.0997 -0.4609
vn 0.3646 0.1090 -0.9248
vn 0.0215 0.1104 -0.9937
vn -0.1058 0.1188 -0.9873
vn -0.2411 0.1467 -0.9594
vn 0.1938 0.1339 -0.9719
vn 0.9354 -0.0136 -0.3534
vn 0.9975 -0.0314 -0.0630
vn 0.7597 -0.0585 0.6477
vn 0.0554 -0.1036 0.9931
vn 0.9975 -0.0498 0.0509
vn 0.9990 -0.0036 -0.0454
vn 0.9957 0.0396 -0.0840
vn 0.9989 0.0252 -0.0397
vn 0.9997 0.0009 0.0224
vn 0.9731 -0.0579 0.2230
vn 0.9983 -0.0363 0.0453
vn 0.9950 -0.0282 -0.0954
vn 0.9687 -0.1412 0.2042
vn 0.9808 -0.1640 0.1056
vn -0.0010 -0.9969 -0.0792
vn 0.0007 0.9982 0.0607
vn -0.0002 0.9981 0.0620
vn -0.0002 0.9980 0.0633
vn 0.0002 0.9980 0.0627
vn 0.0006 0.9981 0.0619
vn 0.0023 0.9967 0.0811
vn 0.0003 -0.9972 -0.0752
vn -0.0003 -0.9968 -0.0796
vn 0.0313 -0.0599 0.9977
vn -0.0409 -0.0547 0.9977
vn 0.0187 0.1103 -0.9937
vn 0.0007 -0.9978 -0.0657
vn -0.0002 -0.9949 -0.1006
vn -0.0002 -0.9990 -0.0452
vn 0.0001 -0.9974 -0.0721
vn -0.0009 -0.9975 -0.0710
vn -0.0023 -0.9961 -0.0883
vn -0.0024 -0.9984 -0.0573
vn -0.0001 -0.9974 -0.0720
vn 0.0036 -0.9972 -0.0748
vn 0.0032 -0.9982 -0.0599
vn -0.0001 -0.9974 -0.0722
vn -0.0001 -0.9975 -0.0710
vn -0.0000 -0.9974 -0.0716
vn -0.0025 -0.9984 -0.0565
vn -0.0000 -0.9974 -0.0715
vn 0.0004 -0.9973 -0.0739
vn -0.0001 -0.9974 -0.0719
vn -0.0005 -0.9973 -0.0739
vn 0.0039 -0.9971 -0.0754
vn 0.0027 -0.9982 -0.0601
vn 0.0001 -0.9974 -0.0714
vn -0.0005 -0.9976 -0.0687
vn -0.0005 -0.9972 -0.0744
vn -0.0026 -0.9970 -0.0779
vn -0.0022 -0.9983 -0.0584
vn -0.0001 -0.9974 -0.0714
vn -0.0001 -0.9978 -0.0656
vn 0.0006 -0.9968 -0.0802
vn 0.0007 -0.9980 -0.0632
vn 0.0018 -0.9972 -0.0747
vn 0.0021 -0.9975 -0.0699
vn 0.0024 -0.9977 -0.0681
vn 0.0014 -0.9970 -0.0774
vn -0.0002 0.9973 0.0728
vn 0.0004 0.9974 0.0720
vn -0.0000 0.9974 0.0715
vn -0.0024 0.9982 0.0593
vn 0.0007 0.9972 0.0747
vn -0.0024 0.9983 0.0586
vn -0.0017 0.9963 0.0863
vn 0.0018 0.9982 0.0596
vn -0.0003 0.9976 0.0696
vn -0.0005 0.9990 0.0446
vn -0.0014 0.9943 0.1070
vn -0.0000 0.9974 0.0716
vn 0.0003 0.9968 0.0801
vn 0.0003 0.9976 0.0696
vn 0.0005 0.9990 0.0447
vn 0.0002 0.9950 0.1003
vn -0.0006 0.9970 0.0773
vn -0.0005 0.9973 0.0738
vn 0.0032 0.9981 0.0607
vn 0.0030 0.9967 0.0817
vn -0.0001 0.9975 0.0710
vn -0.0018 0.9962 0.0875
vn -0.0027 0.9981 0.0623
vn -0.0028 0.9968 0.0804
vn 0.0001 0.9975 0.0710
vn 0.0026 0.9965 0.0839
vn 0.0017 0.9982 0.0596
vn 0.0021 0.9965 0.0836
vn 0.0001 0.9974 0.0721
vn -0.0020 0.9975 0.0704
vn 0.0032 0.9971 0.0762
vn 0.0018 0.9975 0.0713
vn -0.0013 -0.9977 -0.0676
vn -0.0022 -0.9976 -0.0686
vn 0.0011 -0.9963 -0.0855
vn 0.0013 -0.9983 -0.0589
vn -0.0017 -0.9974 -0.0716
vn 0.8910 -0.1728 0.4197
vn 0.9828 -0.1280 -0.1333
vn -0.9890 -0.0084 -0.1477
vn -0.9605 -0.2143 -0.1773
vn -0.8364 -0.4351 0.3333
vn -0.6636 0.2374 -0.7094
vn -0.0112 -0.8259 -0.5637
vn -0.0041 -0.6581 -0.7529
vn 0.0288 0.7571 -0.6527
vn -0.0243 0.7645 -0.6441
vn -0.0270 0.7491 -0.6619
vn -0.0107 0.9216 -0.3881
vn -0.0058 0.7591 -0.6510
vn 0.0130 -0.7774 0.6289
vn -0.0105 -0.7668 0.6417
vn -0.0117 -0.7651 0.6438
vn 0.0044 0.6581 0.7529
vn -0.8639 0.4802 0.1519
vn 0.8321 0.5487 -0.0807
vn 0.7702 0.6347 0.0626
vn 0.0041 0.9970 0.0768
vn -0.7584 -0.6086 -0.2332
vn 0.0330 0.0313 -0.9990
vn 0.0007 -0.9978 -0.0669
vn 0.0061 0.0886 -0.9960
vn -0.0518 0.0966 -0.9940
vn -0.0013 -0.9981 -0.0613
vn -0.0033 -0.9970 -0.0776
vn 0.0288 0.0543 -0.9981
vn -0.0274 0.1211 -0.9923
vn -0.0006 -0.9979 -0.0652
vn 0.0376 0.0739 -0.9966
vn -0.0011 0.9968 0.0805
vn -0.1025 0.0950 -0.9902
vn 0.0023 0.9967 0.0808
vn -0.0003 0.9968 0.0803
vn -0.0019 0.9980 0.0626
vn 0.0025 0.9978 0.0664
vn -0.0016 0.9970 0.0775
vn 0.0436 0.0556 -0.9975
vn -0.0296 -0.0696 0.9971
vn 0.0006 -0.9970 -0.0775
vn 0.0668 -0.0417 0.9969
vn -0.0003 -0.9966 -0.0827
vn -0.0283 -0.0816 0.9963
vn 0.0004 -0.9969 -0.0790
vn -0.0045 -0.0983 0.9951
vn 0.0002 -0.9967 -0.0814
vn 0.0312 -0.0596 0.9977
vn -0.0008 -0.9965 -0.0830
vn -0.0567 -0.0394 0.9976
vn 0.0008 -0.9965 -0.0841
vn 0.0010 0.9979 0.0655
vn 0.0394 -0.0731 0.9965
vn -0.0023 0.9966 0.0820
vn -0.9701 -0.0926 -0.2244
vn 0.0018 0.9974 0.0719
vn -0.9185 -0.3049 0.2518
vn 0.0020 0.9972 0.0745
vn 0.8742 -0.1495 -0.4620
vn -0.0012 0.9973 0.0728
vn 0.9956 -0.0751 0.0568
vn -0.0009 0.9976 0.0695
vn -0.0014 0.9979 0.0645
vn 0.9817 -0.1744 0.0767
vn 0.9817 0.0136 -0.1897
vn -0.0021 0.9973 0.0732
vn 0.0010 -0.9963 0.0864
vn -0.0007 0.9977 -0.0679
vn 0.0002 0.9976 -0.0692
vn 0.0002 0.9975 -0.0705
vn -0.0002 0.9976 -0.0699
vn -0.0006 0.9976 -0.0691
vn -0.0023 0.9961 -0.0883
vn -0.0003 -0.9966 0.0824
vn 0.0003 -0.9962 0.0868
vn -0.0313 -0.0671 -0.9973
vn 0.0409 -0.0619 -0.9972
vn -0.0187 0.1175 0.9929
vn -0.0007 -0.9973 0.0730
vn 0.0002 -0.9942 0.1078
vn 0.0002 -0.9986 0.0525
vn -0.0001 -0.9968 0.0793
vn 0.0009 -0.9969 0.0782
vn 0.0023 -0.9954 0.0955
vn 0.0024 -0.9979 0.0646
vn 0.0001 -0.9969 0.0792
vn -0.0036 -0.9966 0.0820
vn -0.0032 -0.9977 0.0671
vn 0.0001 -0.9968 0.0794
vn 0.0001 -0.9969 0.0782
vn -0.0000 -0.9969 0.0788
vn 0.0025 -0.9980 0.0637
vn -0.0000 -0.9969 0.0789
vn -0.0004 -0.9967 0.0811
vn 0.0001 -0.9969 0.0791
vn 0.0005 -0.9967 0.0811
vn -0.0039 -0.9966 0.0826
vn -0.0027 -0.9977 0.0674
vn -0.0001 -0.9969 0.0786
vn 0.0005 -0.9971 0.0759
vn 0.0005 -0.9967 0.0816
vn 0.0026 -0.9964 0.0851
vn 0.0022 -0.9978 0.0656
vn 0.0001 -0.9969 0.0787
vn 0.0001 -0.9973 0.0729
vn -0.0006 -0.9962 0.0874
vn -0.0007 -0.9975 0.0704
vn -0.0018 -0.9966 0.0819
vn -0.0021 -0.9970 0.0772
vn -0.0024 -0.9972 0.0754
vn -0.0014 -0.9964 0.0846
vn 0.0002 0.9968 -0.0800
vn -0.0004 0.9969 -0.0792
vn -0.0000 0.9969 -0.0787
vn 0.0024 0.9978 -0.0665
vn -0.0007 0.9966 -0.0820
vn 0.0024 0.9978 -0.0658
vn 0.0017 0.9956 -0.0935
vn -0.0018 0.9978 -0.0669
vn 0.0003 0.9970 -0.0768
vn 0.0005 0.9987 -0.0518
vn 0.0014 0.9935 -0.1142
vn -0.0000 0.9969 -0.0788
vn -0.0003 0.9962 -0.0873
vn -0.0003 0.9970 -0.0768
vn -0.0005 0.9987 -0.0519
vn -0.0002 0.9942 -0.1075
vn 0.0006 0.9964 -0.0845
vn 0.0005 0.9967 -0.0810
vn -0.0032 0.9977 -0.0680
vn -0.0030 0.9960 -0.0889
vn 0.0001 0.9969 -0.0782
vn 0.0018 0.9955 -0.0947
vn 0.0027 0.9976 -0.0695
vn 0.0028 0.9961 -0.0877
vn -0.0001 0.9969 -0.0782
vn -0.0026 0.9958 -0.0912
vn -0.0017 0.9978 -0.0668
vn -0.0021 0.9959 -0.0908
vn -0.0001 0.9969 -0.0793
vn 0.0020 0.9970 -0.0776
vn -0.0032 0.9965 -0.0835
vn -0.0018 0.9969 -0.0785
vn 0.0013 -0.9972 0.0748
vn 0.0022 -0.9971 0.0758
vn -0.0011 -0.9957 0.0927
vn -0.0013 -0.9978 0.0661
vn 0.0017 -0.9969 0.0788
vn -0.8910 -0.1759 -0.4185
vn -0.9828 -0.1270 0.1343
vn 0.9890 -0.0073 0.1477
vn 0.9605 -0.2130 0.1789
vn 0.8364 -0.4375 -0.3302
vn 0.6636 0.2426 0.7077
vn 0.0112 -0.8218 0.5697
vn 0.0041 -0.6527 0.7576
vn -0.0288 0.7618 0.6472
vn 0.0243 0.7692 0.6386
vn 0.0270 0.7539 0.6564
vn 0.0107 0.9244 0.3814
vn 0.0058 0.7638 0.6454
vn -0.0130 -0.7819 -0.6233
vn 0.0105 -0.7715 -0.6362
vn 0.0117 -0.7698 -0.6382
vn -0.0044 0.6527 -0.7576
vn 0.8639 0.4791 -0.1553
vn -0.8321 0.5493 0.0767
vn -0.7702 0.6343 -0.0672
vn -0.0041 0.9965 -0.0841
vn 0.7584 -0.6069 0.2376
vn -0.0330 0.0385 0.9987
vn -0.0007 -0.9973 0.0741
vn -0.0061 0.0958 0.9954
vn 0.0518 0.1038 0.9932
vn 0.0013 -0.9976 0.0685
vn 0.0033 -0.9964 0.0848
vn -0.0288 0.0616 0.9977
vn 0.0274 0.1283 0.9914
vn 0.0006 -0.9974 0.0725
vn -0.0376 0.0812 0.9960
vn 0.0011 0.9961 -0.0877
vn 0.1025 0.1022 0.9895
vn -0.0023 0.9961 -0.0880
vn 0.0003 0.9962 -0.0875
vn 0.0019 0.9976 -0.0698
vn -0.0025 0.9973 -0.0737
vn 0.0016 0.9964 -0.0847
vn -0.0436 0.0629 0.9971
vn 0.0296 -0.0768 -0.9966
vn -0.0006 -0.9964 0.0847
vn -0.0668 -0.0490 -0.9966
vn 0.0003 -0.9959 0.0899
vn 0.0283 -0.0888 -0.9956
vn -0.0004 -0.9963 0.0862
vn 0.0045 -0.1055 -0.9944
vn -0.0002 -0.9961 0.0886
vn -0.0312 -0.0668 -0.9973
vn 0.0008 -0.9959 0.0902
vn 0.0567 -0.0466 -0.9973
vn -0.0008 -0.9958 0.0913
vn -0.0010 0.9974 -0.0727
vn -0.0394 -0.0803 -0.9960
vn 0.0023 0.9960 -0.0892
vn 0.9701 -0.0909 0.2251
vn -0.0018 0.9969 -0.0791
vn 0.9185 -0.3067 -0.2496
vn -0.0020 0.9967 -0.0817
vn -0.8742 -0.1461 0.4631
vn 0.0012 0.9968 -0.0800
vn -0.9956 -0.0755 -0.0563
vn 0.0009 0.9971 -0.0767
vn 0.0014 0.9974 -0.0718
vn -0.9817 -0.1749 -0.0755
vn -0.9817 0.0150 0.1896
vn 0.0021 0.9968 -0.0805
vn 0.0781 -0.0015 0.9969
vn -0.0596 0.0010 -0.9982
vn -0.0609 -0.0004 -0.9981
vn -0.0622 -0.0003 -0.9981
vn -0.0616 0.0004 -0.9981
vn -0.0607 0.0009 -0.9982
vn -0.0799 0.0036 -0.9968
vn 0.0741 0.0005 0.9973
vn 0.0785 -0.0005 0.9969
vn -0.9971 0.0490 0.0587
vn -0.9965 -0.0641 0.0535
vn 0.9936 0.0293 -0.1092
vn 0.0646 0.0011 0.9979
vn 0.0995 -0.0003 0.9950
vn 0.0441 -0.0003 0.9990
vn 0.0710 0.0001 0.9975
vn 0.0699 -0.0015 0.9976
vn 0.0872 -0.0036 0.9962
vn 0.0562 -0.0037 0.9984
vn 0.0708 -0.0001 0.9975
vn 0.0737 0.0057 0.9973
vn 0.0588 0.0049 0.9983
vn 0.0711 -0.0002 0.9975
vn 0.0699 -0.0002 0.9976
vn 0.0705 -0.0000 0.9975
vn 0.0553 -0.0039 0.9985
vn 0.0704 -0.0000 0.9975
vn 0.0727 0.0007 0.9974
vn 0.0728 -0.0007 0.9973
vn 0.0742 0.0061 0.9972
vn 0.0590 0.0042 0.9982
vn 0.0703 0.0002 0.9975
vn 0.0676 -0.0007 0.9977
vn 0.0732 -0.0008 0.9973
vn 0.0767 -0.0040 0.9970
vn 0.0572 -0.0035 0.9984
vn 0.0703 -0.0002 0.9975
vn 0.0645 -0.0002 0.9979
vn 0.0791 0.0009 0.9969
vn 0.0621 0.0011 0.9981
vn 0.0735 0.0028 0.9973
vn 0.0688 0.0032 0.9976
vn 0.0670 0.0037 0.9977
vn 0.0763 0.0022 0.9971
vn -0.0717 -0.0003 -0.9974
vn -0.0709 0.0007 -0.9975
vn -0.0704 -0.0000 -0.9975
vn -0.0581 -0.0038 -0.9983
vn -0.0736 0.0011 -0.9973
vn -0.0574 -0.0038 -0.9983
vn -0.0851 -0.0027 -0.9964
vn -0.0585 0.0028 -0.9983
vn -0.0685 -0.0005 -0.9977
vn -0.0435 -0.0007 -0.9991
vn -0.1058 -0.0022 -0.9944
vn -0.0705 -0.0000 -0.9975
vn -0.0790 0.0004 -0.9969
vn -0.0685 0.0005 -0.9977
vn -0.0435 0.0008 -0.9991
vn -0.0992 0.0003 -0.9951
vn -0.0762 -0.0010 -0.9971
vn -0.0727 -0.0007 -0.9974
vn -0.0596 0.0050 -0.9982
vn -0.0805 0.0046 -0.9967
vn -0.0699 -0.0002 -0.9976
vn -0.0864 -0.0028 -0.9963
vn -0.0612 -0.0043 -0.9981
vn -0.0793 -0.0044 -0.9968
vn -0.0698 0.0002 -0.9976
vn -0.0828 0.0041 -0.9966
vn -0.0585 0.0026 -0.9983
vn -0.0824 0.0033 -0.9966
vn -0.0710 0.0001 -0.9975
vn -0.0692 -0.0031 -0.9976
vn -0.0751 0.0050 -0.9972
vn -0.0702 0.0029 -0.9975
vn 0.0665 -0.0020 0.9978
vn 0.0675 -0.0034 0.9977
vn 0.0843 0.0017 0.9964
vn 0.0578 0.0020 0.9983
vn 0.0704 -0.0027 0.9975
vn -0.2860 0.9510 0.1174
vn 0.0859 0.9929 0.0826
vn 0.0948 -0.9955 0.0055
vn 0.1157 -0.9833 0.1402
vn -0.2350 -0.9226 0.3060
vn 0.5540 -0.8118 -0.1847
vn 0.5627 -0.0176 0.8264
vn 0.7521 -0.0064 0.6590
vn 0.6532 0.0451 -0.7559
vn 0.6447 -0.0380 -0.7635
vn 0.6623 -0.0423 -0.7480
vn 0.3891 -0.0168 -0.9211
vn 0.6518 -0.0091 -0.7583
vn -0.6297 0.0204 0.7766
vn -0.6426 -0.0165 0.7661
vn -0.6446 -0.0183 0.7643
vn -0.7521 0.0069 -0.6590
vn -0.1048 -0.9372 -0.3326
vn 0.0574 0.9202 -0.3872
vn -0.0453 0.8841 -0.4650
vn -0.0757 0.0065 -0.9971
vn 0.1716 -0.8768 0.4492
vn 0.9982 0.0517 -0.0301
vn 0.0657 0.0011 0.9978
vn 0.9961 0.0096 -0.0875
vn 0.9921 -0.0810 -0.0953
vn 0.0602 -0.0020 0.9982
vn 0.0765 -0.0052 0.9971
vn 0.9976 0.0451 -0.0532
vn 0.9919 -0.0428 -0.1199
vn 0.0641 -0.0010 0.9979
vn 0.9956 0.0589 -0.0727
vn -0.0794 -0.0017 -0.9968
vn 0.9828 -0.1594 -0.0932
vn -0.0797 0.0037 -0.9968
vn -0.0791 -0.0005 -0.9969
vn -0.0615 -0.0029 -0.9981
vn -0.0653 0.0040 -0.9979
vn -0.0764 -0.0025 -0.9971
vn 0.9962 0.0683 -0.0544
vn -0.9966 -0.0463 0.0684
vn 0.0764 0.0010 0.9971
vn -0.9937 0.1044 0.0405
vn 0.0816 -0.0005 0.9967
vn -0.9958 -0.0444 0.0805
vn 0.0779 0.0007 0.9970
vn -0.9952 -0.0070 0.0972
vn 0.0802 0.0003 0.9968
vn -0.9971 0.0488 0.0584
vn 0.0819 -0.0013 0.9966
vn -0.9953 -0.0886 0.0382
vn 0.0830 0.0012 0.9966
vn -0.0644 0.0016 -0.9979
vn -0.9955 0.0617 0.0719
vn -0.0809 -0.0035 -0.9967
vn 0.1457 -0.9875 0.0603
vn -0.0707 0.0028 -0.9975
vn -0.1689 -0.9643 0.2041
vn -0.0734 0.0031 -0.9973
vn 0.3177 0.9425 0.1032
vn -0.0717 -0.0019 -0.9974
vn -0.0364 0.9982 0.0480
vn -0.0684 -0.0014 -0.9977
vn -0.0634 -0.0022 -0.9980
vn -0.0496 0.9924 0.1124
vn 0.1224 0.9924 -0.0086
vn -0.0721 -0.0033 -0.9974
vn -0.1116 -0.0015 0.9938
vn 0.1300 0.0010 -0.9915
vn 0.1287 -0.0004 -0.9917
vn 0.1274 -0.0003 -0.9919
vn 0.1280 0.0003 -0.9918
vn 0.1288 0.0008 -0.9917
vn 0.1097 0.0035 -0.9940
vn -0.1156 0.0005 0.9933
vn -0.1112 -0.0005 0.9938
vn -0.9903 0.0472 -0.1306
vn -0.9888 -0.0618 -0.1356
vn 0.9964 0.0282 0.0804
vn -0.1250 0.0011 0.9922
vn -0.0902 -0.0003 0.9959
vn -0.1453 -0.0003 0.9894
vn -0.1186 0.0001 0.9929
vn -0.1198 -0.0014 0.9928
vn -0.1025 -0.0034 0.9947
vn -0.1333 -0.0036 0.9911
vn -0.1188 -0.0001 0.9929
vn -0.1160 0.0055 0.9932
vn -0.1308 0.0048 0.9914
vn -0.1186 -0.0002 0.9929
vn -0.1198 -0.0002 0.9928
vn -0.1192 -0.0000 0.9929
vn -0.1342 -0.0038 0.9909
vn -0.1191 -0.0000 0.9929
vn -0.1169 0.0007 0.9931
vn -0.1189 -0.0001 0.9929
vn -0.1169 -0.0007 0.9931
vn -0.1154 0.0059 0.9933
vn -0.1306 0.0041 0.9914
vn -0.1194 0.0002 0.9929
vn -0.1220 -0.0007 0.9925
vn -0.1164 -0.0008 0.9932
vn -0.1129 -0.0039 0.9936
vn -0.1323 -0.0034 0.9912
vn -0.1193 -0.0002 0.9929
vn -0.1251 -0.0002 0.9921
vn -0.1106 0.0009 0.9939
vn -0.1275 0.0011 0.9918
vn -0.1161 0.0027 0.9932
vn -0.1208 0.0031 0.9927
vn -0.1226 0.0036 0.9925
vn -0.1134 0.0022 0.9935
vn 0.1180 -0.0003 -0.9930
vn 0.1188 0.0007 -0.9929
vn 0.1193 -0.0000 -0.9929
vn 0.1314 -0.0036 -0.9913
vn 0.1161 0.0010 -0.9932
vn 0.1321 -0.0036 -0.9912
vn 0.1046 -0.0026 -0.9945
vn 0.1311 0.0027 -0.9914
vn 0.1212 -0.0005 -0.9926
vn 0.1460 -0.0007 -0.9893
vn 0.0838 -0.0021 -0.9965
vn 0.1192 -0.0000 -0.9929
vn 0.1107 0.0004 -0.9939
vn 0.1212 0.0005 -0.9926
vn 0.1459 0.0008 -0.9893
vn 0.0905 0.0003 -0.9959
vn 0.1135 -0.0009 -0.9935
vn 0.1170 -0.0007 -0.9931
vn 0.1300 0.0048 -0.9915
vn 0.1091 0.0045 -0.9940
vn 0.1197 -0.0002 -0.9928
vn 0.1033 -0.0027 -0.9946
vn 0.1284 -0.0041 -0.9917
vn 0.1104 -0.0042 -0.9939
vn 0.1198 0.0002 -0.9928
vn 0.1068 0.0040 -0.9943
vn 0.1311 0.0025 -0.9914
vn 0.1072 0.0032 -0.9942
vn 0.1187 0.0001 -0.9929
vn 0.1204 -0.0030 -0.9927
vn 0.1145 0.0048 -0.9934
vn 0.1195 0.0028 -0.9928
vn -0.1231 -0.0020 0.9924
vn -0.1221 -0.0033 0.9925
vn -0.1053 0.0016 0.9944
vn -0.1318 0.0019 0.9913
vn -0.1192 -0.0026 0.9929
vn -0.3132 0.9476 0.0633
vn 0.0713 0.9923 0.1009
vn 0.0955 -0.9951 0.0242
vn 0.0903 -0.9821 0.1652
vn -0.2976 -0.9174 0.2642
vn 0.5929 -0.8014 -0.0786
vn 0.3966 -0.0170 0.9179
vn 0.6142 -0.0062 0.7892
vn 0.7842 0.0435 -0.6190
vn 0.7773 -0.0367 -0.6280
vn 0.7917 -0.0408 -0.6095
vn 0.5560 -0.0162 -0.8310
vn 0.7833 -0.0088 -0.6216
vn -0.7650 0.0197 0.6437
vn -0.7757 -0.0159 0.6309
vn -0.7773 -0.0177 0.6289
vn -0.6142 0.0067 -0.7891
vn -0.0414 -0.9329 -0.3576
vn 0.1335 0.9149 -0.3810
vn 0.0446 0.8769 -0.4786
vn 0.1139 0.0063 -0.9935
vn 0.0860 -0.8692 0.4869
vn 0.9860 0.0499 0.1589
vn -0.1239 0.0011 0.9923
vn 0.9947 0.0092 0.1022
vn 0.9925 -0.0781 0.0938
vn -0.1294 -0.0019 0.9916
vn -0.1132 -0.0050 0.9936
vn 0.9897 0.0435 0.1362
vn 0.9967 -0.0413 0.0696
vn -0.1255 -0.0010 0.9921
vn 0.9916 0.0568 0.1166
vn 0.1103 -0.0016 -0.9939
vn 0.9836 -0.1538 0.0941
vn 0.1100 0.0035 -0.9939
vn 0.1105 -0.0005 -0.9939
vn 0.1281 -0.0028 -0.9918
vn 0.1243 0.0038 -0.9922
vn 0.1133 -0.0024 -0.9936
vn 0.9887 0.0658 0.1347
vn -0.9916 -0.0447 -0.1211
vn -0.1133 0.0009 0.9936
vn -0.9839 0.1006 -0.1479
vn -0.1081 -0.0005 0.9941
vn -0.9931 -0.0428 -0.1090
vn -0.1118 0.0006 0.9937
vn -0.9957 -0.0068 -0.0925
vn -0.1094 0.0003 0.9940
vn -0.9903 0.0470 -0.1310
vn -0.1078 -0.0013 0.9942
vn -0.9849 -0.0854 -0.1505
vn -0.1067 0.0012 0.9943
vn 0.1253 0.0016 -0.9921
vn -0.9913 0.0595 -0.1174
vn 0.1088 -0.0034 -0.9941
vn 0.1365 -0.9866 0.0899
vn 0.1189 0.0027 -0.9929
vn -0.2115 -0.9617 0.1743
vn 0.1163 0.0030 -0.9932
vn 0.3022 0.9386 0.1666
vn 0.1180 -0.0018 -0.9930
vn -0.0465 0.9980 0.0418
vn 0.1213 -0.0013 -0.9926
vn 0.1262 -0.0021 -0.9920
vn -0.0725 0.9918 0.1048
vn 0.1263 0.9919 0.0152
vn 0.1175 -0.0031 -0.9931
vn -0.0038 -0.0014 1.0000
vn 0.0223 0.0007 -0.9998
vn 0.0210 -0.0007 -0.9998
vn 0.0196 -0.0006 -0.9998
vn 0.0203 0.0001 -0.9998
vn 0.0211 0.0005 -0.9998
vn 0.0019 0.0035 -1.0000
vn -0.0077 0.0006 1.0000
vn -0.0033 -0.0005 1.0000
vn -0.9979 0.0612 -0.0230
vn -0.9985 -0.0478 -0.0282
vn 0.9995 0.0142 -0.0276
vn -0.0172 0.0013 0.9999
vn 0.0178 -0.0005 0.9998
vn -0.0377 0.0002 0.9993
vn -0.0108 0.0002 0.9999
vn -0.0120 -0.0012 0.9999
vn 0.0054 -0.0035 1.0000
vn -0.0257 -0.0033 0.9997
vn -0.0110 -0.0000 0.9999
vn -0.0081 0.0056 1.0000
vn -0.0230 0.0051 0.9997
vn -0.0107 -0.0000 0.9999
vn -0.0119 -0.0000 0.9999
vn -0.0113 0.0002 0.9999
vn -0.0266 -0.0034 0.9996
vn -0.0114 0.0002 0.9999
vn -0.0090 0.0008 1.0000
vn -0.0110 0.0001 0.9999
vn -0.0113 0.0001 0.9999
vn -0.0114 0.0001 0.9999
vn -0.0090 -0.0006 1.0000
vn -0.0075 0.0060 1.0000
vn -0.0228 0.0044 0.9997
vn -0.0115 0.0004 0.9999
vn -0.0142 -0.0005 0.9999
vn -0.0086 -0.0006 1.0000
vn -0.0051 -0.0038 1.0000
vn -0.0246 -0.0030 0.9997
vn -0.0115 -0.0000 0.9999
vn -0.0173 -0.0000 0.9999
vn -0.0027 0.0009 1.0000
vn -0.0198 0.0014 0.9998
vn -0.0082 0.0029 1.0000
vn -0.0130 0.0033 0.9999
vn -0.0147 0.0038 0.9999
vn -0.0055 0.0022 1.0000
vn 0.0101 -0.0004 -0.9999
vn 0.0109 0.0005 -0.9999
vn 0.0114 -0.0002 -0.9999
vn 0.0236 -0.0040 -0.9997
vn 0.0082 0.0009 -1.0000
vn 0.0243 -0.0040 -0.9997
vn -0.0034 -0.0026 -1.0000
vn 0.0234 0.0024 -0.9997
vn 0.0133 -0.0007 -0.9999
vn 0.0384 -0.0012 -0.9993
vn -0.0242 -0.0017 -0.9997
vn 0.0113 -0.0002 -0.9999
vn 0.0028 0.0004 -1.0000
vn 0.0133 0.0003 -0.9999
vn 0.0383 0.0002 -0.9993
vn -0.0175 0.0006 -0.9998
vn 0.0056 -0.0010 -1.0000
vn 0.0091 -0.0009 -1.0000
vn 0.0223 0.0045 -0.9997
vn 0.0013 0.0045 -1.0000
vn 0.0119 -0.0003 -0.9999
vn -0.0047 -0.0026 -1.0000
vn 0.0206 -0.0044 -0.9998
vn 0.0024 -0.0043 -1.0000
vn 0.0120 -0.0000 -0.9999
vn -0.0010 0.0040 -1.0000
vn 0.0234 0.0022 -0.9997
vn -0.0006 0.0032 -1.0000
vn 0.0108 -0.0000 -0.9999
vn 0.0125 -0.0032 -0.9999
vn 0.0067 0.0047 -1.0000
vn 0.0117 0.0026 -0.9999
vn -0.0154 -0.0018 0.9999
vn -0.0144 -0.0031 0.9999
vn 0.0026 0.0016 1.0000
vn -0.0240 0.0023 0.9997
vn -0.0114 -0.0024 0.9999
vn -0.2913 0.9517 0.0967
vn 0.0956 0.9911 0.0926
vn 0.0836 -0.9964 0.0137
vn 0.0938 -0.9835 0.1545
vn -0.2802 -0.9136 0.2948
vn 0.5697 -0.8095 -0.1421
vn 0.4930 -0.0239 0.8697
vn 0.6956 -0.0159 0.7183
vn 0.7134 0.0335 -0.7000
vn 0.7045 -0.0465 -0.7082
vn 0.7207 -0.0509 -0.6914
vn 0.4628 -0.0227 -0.8862
vn 0.7114 -0.0187 -0.7025
vn -0.6908 0.0293 0.7225
vn -0.7032 -0.0061 0.7109
vn -0.7051 -0.0078 0.7091
vn -0.6956 0.0164 -0.7183
vn -0.0928 -0.9317 -0.3511
vn 0.1044 0.9135 -0.3932
vn 0.0049 0.8769 -0.4806
vn 0.0062 0.0062 -1.0000
vn 0.1259 -0.8711 0.4748
vn 0.9980 0.0359 0.0516
vn -0.0161 0.0013 0.9999
vn 1.0000 -0.0048 -0.0058
vn 0.9957 -0.0920 -0.0139
vn -0.0217 -0.0016 0.9998
vn -0.0054 -0.0049 1.0000
vn 0.9992 0.0295 0.0286
vn 0.9977 -0.0553 -0.0384
vn -0.0177 -0.0007 0.9998
vn 0.9990 0.0428 0.0089
vn 0.0024 -0.0017 -1.0000
vn 0.9858 -0.1676 -0.0125
vn 0.0022 0.0035 -1.0000
vn 0.0027 -0.0005 -1.0000
vn 0.0203 -0.0031 -0.9998
vn 0.0166 0.0036 -0.9999
vn 0.0054 -0.0025 -1.0000
vn 0.9983 0.0519 0.0272
vn -0.9994 -0.0307 -0.0133
vn -0.0054 0.0010 1.0000
vn -0.9926 0.1145 -0.0409
vn -0.0002 -0.0005 1.0000
vn -0.9996 -0.0288 -0.0012
vn -0.0039 0.0007 1.0000
vn -0.9999 0.0072 0.0155
vn -0.0015 0.0003 1.0000
vn -0.9979 0.0610 -0.0233
vn 0.0001 -0.0013 1.0000
vn -0.9965 -0.0715 -0.0434
vn 0.0012 0.0011 1.0000
vn 0.0175 0.0013 -0.9998
vn -0.9972 0.0735 -0.0098
vn 0.0008 -0.0034 -1.0000
vn 0.1316 -0.9885 0.0746
vn 0.0111 0.0025 -0.9999
vn -0.2049 -0.9589 0.1961
vn 0.0084 0.0029 -1.0000
vn 0.3315 0.9340 0.1331
vn 0.0101 -0.0020 -0.9999
vn -0.0278 0.9985 0.0465
vn 0.0134 -0.0015 -0.9999
vn 0.0184 -0.0023 -0.9998
vn -0.0469 0.9926 0.1120
vn 0.1411 0.9900 0.0014
vn 0.0096 -0.0033 -0.9999
vn -0.0781 0.0015 0.9969
vn 0.0596 -0.0010 -0.9982
vn 0.0609 0.0004 -0.9981
vn 0.0622 0.0003 -0.9981
vn 0.0616 -0.0004 -0.9981
vn 0.0607 -0.0009 -0.9982
vn 0.0799 -0.0036 -0.9968
vn -0.0741 -0.0005 0.9973
vn -0.0785 0.0005 0.9969
vn 0.9971 -0.0490 0.0587
vn 0.9965 0.0641 0.0535
vn -0.9936 -0.0293 -0.1092
vn -0.0646 -0.0011 0.9979
vn -0.0995 0.0003 0.9950
vn -0.0441 0.0003 0.9990
vn -0.0710 -0.0001 0.9975
vn -0.0699 0.0015 0.9976
vn -0.0872 0.0036 0.9962
vn -0.0562 0.0037 0.9984
vn -0.0708 0.0001 0.9975
vn -0.0737 -0.0057 0.9973
vn -0.0588 -0.0049 0.9983
vn -0.0711 0.0002 0.9975
vn -0.0699 0.0002 0.9976
vn -0.0705 -0.0000 0.9975
vn -0.0553 0.0039 0.9985
vn -0.0704 -0.0000 0.9975
vn -0.0727 -0.0007 0.9974
vn -0.0728 0.0007 0.9973
vn -0.0742 -0.0061 0.9972
vn -0.0590 -0.0042 0.9982
vn -0.0703 -0.0002 0.9975
vn -0.0676 0.0007 0.9977
vn -0.0732 0.0008 0.9973
vn -0.0767 0.0040 0.9970
vn -0.0572 0.0035 0.9984
vn -0.0703 0.0002 0.9975
vn -0.0645 0.0002 0.9979
vn -0.0791 -0.0009 0.9969
vn -0.0621 -0.0011 0.9981
vn -0.0735 -0.0028 0.9973
vn -0.0688 -0.0032 0.9976
vn -0.0670 -0.0037 0.9977
vn -0.0763 -0.0022 0.9971
vn 0.0717 0.0003 -0.9974
vn 0.0709 -0.0007 -0.9975
vn 0.0704 -0.0000 -0.9975
vn 0.0581 0.0038 -0.9983
vn 0.0736 -0.0011 -0.9973
vn 0.0574 0.0038 -0.9983
vn 0.0851 0.0027 -0.9964
vn 0.0585 -0.0028 -0.9983
vn 0.0685 0.0005 -0.9977
vn 0.0435 0.0007 -0.9991
vn 0.1058 0.0022 -0.9944
vn 0.0705 -0.0000 -0.9975
vn 0.0790 -0.0004 -0.9969
vn 0.0685 -0.0005 -0.9977
vn 0.0435 -0.0008 -0.9991
vn 0.0992 -0.0003 -0.9951
vn 0.0762 0.0010 -0.9971
vn 0.0727 0.0007 -0.9974
vn 0.0596 -0.0050 -0.9982
vn 0.0805 -0.0046 -0.9967
vn 0.0699 0.0002 -0.9976
vn 0.0864 0.0028 -0.9963
vn 0.0612 0.0043 -0.9981
vn 0.0793 0.0044 -0.9968
vn 0.0698 -0.0002 -0.9976
vn 0.0828 -0.0041 -0.9966
vn 0.0585 -0.0026 -0.9983
vn 0.0825 -0.0033 -0.9966
vn 0.0710 -0.0001 -0.9975
vn 0.0693 0.0031 -0.9976
vn 0.0751 -0.0050 -0.9972
vn 0.0702 -0.0029 -0.9975
vn -0.0665 0.0020 0.9978
vn -0.0675 0.0034 0.9977
vn -0.0843 -0.0017 0.9964
vn -0.0578 -0.0020 0.9983
vn -0.0704 0.0027 0.9975
vn 0.2860 -0.9510 0.1174
vn -0.0859 -0.9929 0.0826
vn -0.0948 0.9955 0.0055
vn -0.1157 0.9833 0.1402
vn 0.2350 0.9226 0.3060
vn -0.5540 0.8118 -0.1847
vn -0.5627 0.0176 0.8264
vn -0.7522 0.0064 0.6590
vn -0.6532 -0.0451 -0.7559
vn -0.6447 0.0380 -0.7635
vn -0.6623 0.0424 -0.7480
vn -0.3891 0.0169 -0.9210
vn -0.6518 0.0091 -0.7583
vn 0.6297 -0.0204 0.7766
vn 0.6426 0.0165 0.7661
vn 0.6446 0.0183 0.7643
vn 0.7521 -0.0069 -0.6590
vn 0.1048 0.9372 -0.3326
vn -0.0574 -0.9202 -0.3872
vn 0.0453 -0.8841 -0.4650
vn 0.0757 -0.0065 -0.9971
vn -0.1716 0.8768 0.4492
vn -0.9982 -0.0517 -0.0301
vn -0.0657 -0.0011 0.9978
vn -0.9961 -0.0096 -0.0875
vn -0.9922 0.0810 -0.0953
vn -0.0602 0.0020 0.9982
vn -0.0765 0.0052 0.9971
vn -0.9976 -0.0451 -0.0532
vn -0.9919 0.0428 -0.1199
vn -0.0641 0.0010 0.9979
vn -0.9956 -0.0589 -0.0727
vn 0.0794 0.0017 -0.9968
vn -0.9828 0.1594 -0.0932
vn 0.0797 -0.0037 -0.9968
vn 0.0791 0.0005 -0.9969
vn 0.0615 0.0029 -0.9981
vn 0.0653 -0.0040 -0.9979
vn 0.0764 0.0025 -0.9971
vn -0.9962 -0.0683 -0.0544
vn 0.9966 0.0463 0.0684
vn -0.0764 -0.0010 0.9971
vn 0.9937 -0.1044 0.0405
vn -0.0816 0.0005 0.9967
vn 0.9958 0.0444 0.0805
vn -0.0779 -0.0007 0.9970
vn 0.9952 0.0070 0.0972
vn -0.0802 -0.0003 0.9968
vn 0.9971 -0.0488 0.0584
vn -0.0819 0.0013 0.9966
vn 0.9953 0.0886 0.0382
vn -0.0830 -0.0012 0.9966
vn 0.0644 -0.0016 -0.9979
vn 0.9955 -0.0617 0.0719
vn 0.0809 0.0035 -0.9967
vn -0.1457 0.9875 0.0603
vn 0.0707 -0.0028 -0.9975
vn 0.1689 0.9643 0.2041
vn 0.0734 -0.0031 -0.9973
vn -0.3178 -0.9425 0.1032
vn 0.0717 0.0019 -0.9974
vn 0.0364 -0.9982 0.0480
vn 0.0684 0.0014 -0.9977
vn 0.0634 0.0022 -0.9980
vn 0.0496 -0.9924 0.1124
vn -0.1224 -0.9924 -0.0086
vn 0.0721 0.0033 -0.9974
vn 0.1116 0.0015 0.9938
vn -0.1300 -0.0010 -0.9915
vn -0.1287 0.0004 -0.9917
vn -0.1274 0.0003 -0.9919
vn -0.1280 -0.0003 -0.9918
vn -0.1288 -0.0008 -0.9917
vn -0.1097 -0.0035 -0.9940
vn 0.1156 -0.0005 0.9933
vn 0.1112 0.0005 0.9938
vn 0.9903 -0.0472 -0.1306
vn 0.9888 0.0618 -0.1357
vn -0.9964 -0.0282 0.0804
vn 0.1250 -0.0011 0.9922
vn 0.0902 0.0003 0.9959
vn 0.1453 0.0003 0.9894
vn 0.1186 -0.0001 0.9929
vn 0.1198 0.0014 0.9928
vn 0.1025 0.0034 0.9947
vn 0.1333 0.0036 0.9911
vn 0.1188 0.0001 0.9929
vn 0.1160 -0.0055 0.9932
vn 0.1308 -0.0048 0.9914
vn 0.1186 0.0002 0.9929
vn 0.1198 0.0002 0.9928
vn 0.1192 -0.0000 0.9929
vn 0.1342 0.0038 0.9909
vn 0.1191 -0.0000 0.9929
vn 0.1169 -0.0007 0.9931
vn 0.1189 0.0001 0.9929
vn 0.1169 0.0007 0.9931
vn 0.1154 -0.0059 0.9933
vn 0.1306 -0.0041 0.9914
vn 0.1194 -0.0002 0.9929
vn 0.1220 0.0007 0.9925
vn 0.1164 0.0008 0.9932
vn 0.1129 0.0039 0.9936
vn 0.1323 0.0034 0.9912
vn 0.1193 0.0002 0.9929
vn 0.1251 0.0002 0.9921
vn 0.1106 -0.0009 0.9939
vn 0.1275 -0.0011 0.9918
vn 0.1161 -0.0027 0.9932
vn 0.1208 -0.0031 0.9927
vn 0.1226 -0.0036 0.9925
vn 0.1134 -0.0022 0.9935
vn -0.1180 0.0003 -0.9930
vn -0.1188 -0.0007 -0.9929
vn -0.1193 -0.0000 -0.9929
vn -0.1314 0.0036 -0.9913
vn -0.1161 -0.0010 -0.9932
vn -0.1321 0.0036 -0.9912
vn -0.1046 0.0026 -0.9945
vn -0.1311 -0.0027 -0.9914
vn -0.1212 0.0005 -0.9926
vn -0.1460 0.0007 -0.9893
vn -0.0838 0.0021 -0.9965
vn -0.1192 -0.0000 -0.9929
vn -0.1107 -0.0004 -0.9939
vn -0.1212 -0.0005 -0.9926
vn -0.1459 -0.0008 -0.9893
vn -0.0905 -0.0003 -0.9959
vn -0.1135 0.0009 -0.9935
vn -0.1170 0.0007 -0.9931
vn -0.1300 -0.0048 -0.9915
vn -0.1091 -0.0045 -0.9940
vn -0.1197 0.0002 -0.9928
vn -0.1033 0.0027 -0.9946
vn -0.1284 0.0041 -0.9917
vn -0.1104 0.0042 -0.9939
vn -0.1198 -0.0002 -0.9928
vn -0.1069 -0.0040 -0.9943
vn -0.1311 -0.0025 -0.9914
vn -0.1072 -0.0032 -0.9942
vn -0.1187 -0.0001 -0.9929
vn -0.1204 0.0030 -0.9927
vn -0.1145 -0.0048 -0.9934
vn -0.1195 -0.0028 -0.9928
vn 0.1231 0.0020 0.9924
vn 0.1221 0.0033 0.9925
vn 0.1053 -0.0016 0.9944
vn 0.1318 -0.0019 0.9913
vn 0.1192 0.0026 0.9929
vn 0.3132 -0.9476 0.0633
vn -0.0713 -0.9923 0.1009
vn -0.0955 0.9951 0.0242
vn -0.0903 0.9821 0.1652
vn 0.2976 0.9174 0.2642
vn -0.5929 0.8014 -0.0786
vn -0.3965 0.0170 0.9179
vn -0.6142 0.0062 0.7892
vn -0.7842 -0.0435 -0.6190
vn -0.7774 0.0367 -0.6280
vn -0.7917 0.0408 -0.6095
vn -0.5560 0.0162 -0.8310
vn -0.7833 0.0088 -0.6216
vn 0.7651 -0.0197 0.6437
vn 0.7757 0.0159 0.6309
vn 0.7773 0.0177 0.6289
vn 0.6142 -0.0067 -0.7891
vn 0.0414 0.9329 -0.3577
vn -0.1335 -0.9149 -0.3810
vn -0.0446 -0.8769 -0.4786
vn -0.1139 -0.0063 -0.9935
vn -0.0860 0.8692 0.4869
vn -0.9860 -0.0499 0.1589
vn 0.1239 -0.0011 0.9923
vn -0.9947 -0.0092 0.1022
vn -0.9925 0.0781 0.0938
vn 0.1294 0.0019 0.9916
vn 0.1132 0.0050 0.9936
vn -0.9897 -0.0435 0.1362
vn -0.9967 0.0413 0.0696
vn 0.1255 0.0010 0.9921
vn -0.9916 -0.0568 0.1166
vn -0.1103 0.0016 -0.9939
vn -0.9836 0.1538 0.0941
vn -0.1100 -0.0035 -0.9939
vn -0.1105 0.0005 -0.9939
vn -0.1281 0.0028 -0.9918
vn -0.1243 -0.0038 -0.9922
vn -0.1133 0.0024 -0.9936
vn -0.9887 -0.0658 0.1347
vn 0.9916 0.0447 -0.1211
vn 0.1133 -0.0009 0.9936
vn 0.9839 -0.1006 -0.1480
vn 0.1081 0.0005 0.9941
vn 0.9931 0.0428 -0.1090
vn 0.1118 -0.0006 0.9937
vn 0.9957 0.0068 -0.0925
vn 0.1094 -0.0003 0.9940
vn 0.9903 -0.0470 -0.1310
vn 0.1078 0.0013 0.9942
vn 0.9849 0.0854 -0.1505
vn 0.1067 -0.0012 0.9943
vn -0.1253 -0.0016 -0.9921
vn 0.9913 -0.0595 -0.1174
vn -0.1088 0.0034 -0.9941
vn -0.1365 0.9866 0.0899
vn -0.1189 -0.0027 -0.9929
vn 0.2115 0.9617 0.1743
vn -0.1163 -0.0030 -0.9932
vn -0.3022 -0.9386 0.1666
vn -0.1180 0.0018 -0.9930
vn 0.0465 -0.9980 0.0418
vn -0.1213 0.0013 -0.9926
vn -0.1262 0.0021 -0.9920
vn 0.0725 -0.9918 0.1048
vn -0.1263 -0.9919 0.0152
vn -0.1175 0.0031 -0.9931
vn 0.0038 0.0017 1.0000
vn -0.0223 -0.0009 -0.9998
vn -0.0209 0.0007 -0.9998
vn -0.0196 0.0006 -0.9998
vn -0.0203 -0.0001 -0.9998
vn -0.0211 -0.0007 -0.9998
vn -0.0019 -0.0041 -1.0000
vn 0.0077 -0.0007 1.0000
vn 0.0033 0.0006 1.0000
vn 0.9973 -0.0693 -0.0230
vn 0.9979 0.0585 -0.0281
vn -0.9994 -0.0191 -0.0276
vn 0.0172 -0.0015 0.9999
vn -0.0178 0.0006 0.9998
vn 0.0377 -0.0001 0.9993
vn 0.0108 -0.0002 0.9999
vn 0.0120 0.0015 0.9999
vn -0.0054 0.0041 1.0000
vn 0.0257 0.0039 0.9997
vn 0.0110 -0.0000 0.9999
vn 0.0081 -0.0066 0.9999
vn 0.0230 -0.0059 0.9997
vn 0.0107 -0.0000 0.9999
vn 0.0119 -0.0000 0.9999
vn 0.0113 -0.0002 0.9999
vn 0.0266 0.0040 0.9996
vn 0.0114 -0.0002 0.9999
vn 0.0090 -0.0009 1.0000
vn 0.0110 -0.0001 0.9999
vn 0.0113 -0.0001 0.9999
vn 0.0114 -0.0001 0.9999
vn 0.0090 0.0007 1.0000
vn 0.0075 -0.0070 0.9999
vn 0.0228 -0.0051 0.9997
vn 0.0115 -0.0004 0.9999
vn 0.0142 0.0006 0.9999
vn 0.0086 0.0008 1.0000
vn 0.0051 0.0045 1.0000
vn 0.0247 0.0036 0.9997
vn 0.0115 0.0001 0.9999
vn 0.0173 -0.0000 0.9999
vn 0.0027 -0.0011 1.0000
vn 0.0198 -0.0016 0.9998
vn 0.0082 -0.0033 1.0000
vn 0.0129 -0.0039 0.9999
vn 0.0147 -0.0044 0.9999
vn 0.0055 -0.0026 1.0000
vn -0.0101 0.0005 -0.9999
vn -0.0109 -0.0006 -0.9999
vn -0.0115 0.0002 -0.9999
vn -0.0236 0.0046 -0.9997
vn -0.0082 -0.0011 -1.0000
vn -0.0243 0.0046 -0.9997
vn 0.0034 0.0030 -1.0000
vn -0.0234 -0.0029 -0.9997
vn -0.0133 0.0008 -0.9999
vn -0.0384 0.0014 -0.9993
vn 0.0242 0.0021 -0.9997
vn -0.0113 0.0002 -0.9999
vn -0.0028 -0.0004 -1.0000
vn -0.0134 -0.0004 -0.9999
vn -0.0383 -0.0004 -0.9993
vn 0.0175 -0.0006 -0.9998
vn -0.0056 0.0012 -1.0000
vn -0.0091 0.0010 -1.0000
vn -0.0223 -0.0053 -0.9997
vn -0.0013 -0.0052 -1.0000
vn -0.0119 0.0004 -0.9999
vn 0.0047 0.0031 -1.0000
vn -0.0206 0.0051 -0.9998
vn -0.0024 0.0050 -1.0000
vn -0.0120 -0.0000 -0.9999
vn 0.0010 -0.0047 -1.0000
vn -0.0234 -0.0026 -0.9997
vn 0.0006 -0.0037 -1.0000
vn -0.0109 -0.0000 -0.9999
vn -0.0125 0.0037 -0.9999
vn -0.0068 -0.0055 -1.0000
vn -0.0117 -0.0031 -0.9999
vn 0.0154 0.0021 0.9999
vn 0.0144 0.0037 0.9999
vn -0.0026 -0.0018 1.0000
vn 0.0240 -0.0026 0.9997
vn 0.0114 0.0029 0.9999
vn 0.2498 -0.9647 0.0836
vn -0.0837 -0.9933 0.0791
vn -0.0693 0.9975 0.0117
vn -0.0783 0.9881 0.1324
vn 0.2461 0.9346 0.2569
vn -0.5095 0.8510 -0.1276
vn -0.4929 0.0268 0.8697
vn -0.6956 0.0170 0.7182
vn -0.7132 -0.0411 -0.6997
vn -0.7042 0.0528 -0.7080
vn -0.7204 0.0580 -0.6912
vn -0.4628 0.0255 -0.8861
vn -0.7114 0.0202 -0.7025
vn 0.6907 -0.0327 0.7224
vn 0.7032 0.0089 0.7109
vn 0.7051 0.0109 0.7090
vn 0.6956 -0.0175 -0.7182
vn 0.0825 0.9489 -0.3047
vn -0.0930 -0.9348 -0.3429
vn -0.0062 -0.9060 -0.4233
vn -0.0062 -0.0073 -1.0000
vn -0.1092 0.9014 0.4189
vn -0.9977 -0.0445 0.0516
vn 0.0161 -0.0015 0.9999
vn -1.0000 0.0032 -0.0058
vn -0.9943 0.1054 -0.0138
vn 0.0217 0.0020 0.9998
vn 0.0054 0.0058 1.0000
vn -0.9989 -0.0370 0.0285
vn -0.9973 0.0624 -0.0384
vn 0.0177 0.0009 0.9998
vn -0.9986 -0.0526 0.0089
vn -0.0024 0.0020 -1.0000
vn -0.9810 0.1934 -0.0125
vn -0.0022 -0.0041 -1.0000
vn -0.0026 0.0006 -1.0000
vn -0.0203 0.0036 -0.9998
vn -0.0166 -0.0043 -0.9999
vn -0.0054 0.0029 -1.0000
vn -0.9976 -0.0632 0.0272
vn 0.9992 0.0384 -0.0133
vn 0.0054 -0.0012 1.0000
vn 0.9904 -0.1317 -0.0408
vn 0.0002 0.0006 1.0000
vn 0.9993 0.0362 -0.0012
vn 0.0039 -0.0008 1.0000
vn 0.9999 -0.0060 0.0155
vn 0.0015 -0.0004 1.0000
vn 0.9973 -0.0691 -0.0233
vn -0.0001 0.0015 1.0000
vn 0.9953 0.0862 -0.0433
vn -0.0012 -0.0013 1.0000
vn -0.0175 -0.0016 -0.9998
vn 0.9964 -0.0837 -0.0098
vn -0.0008 0.0040 -1.0000
vn -0.1105 0.9918 0.0638
vn -0.0111 -0.0030 -0.9999
vn 0.1785 0.9693 0.1689
vn -0.0085 -0.0034 -1.0000
vn -0.2893 -0.9503 0.1153
vn -0.0101 0.0023 -0.9999
vn 0.0216 -0.9990 0.0397
vn -0.0134 0.0017 -0.9999
vn -0.0184 0.0027 -0.9998
vn 0.0380 -0.9947 0.0957
vn -0.1226 -0.9925 0.0012
vn -0.0096 0.0038 -0.9999
vn -0.0693 -0.0031 -0.9976
vn -0.6425 -0.0165 0.7661
vn 0.0658 0.0011 0.9978
vn 0.0764 -0.0052 0.9971
vn 0.3178 0.9425 0.1032
vn -0.9903 0.0472 -0.1307
vn -0.9888 -0.0618 -0.1357
vn -0.1226 0.0036 0.9924
vn 0.1069 0.0040 -0.9943
vn -0.7773 -0.0177 0.6288
vn -0.0414 -0.9329 -0.3577
vn -0.9916 -0.0447 -0.1210
vn -0.9839 0.1006 -0.1480
vn -0.9903 0.0470 -0.1309
vn 0.1252 0.0016 -0.9921
vn 0.9976 -0.0015 0.0689
vn -0.9969 0.0010 -0.0781
vn -0.9970 -0.0004 -0.0775
vn -0.9970 -0.0003 -0.0768
vn -0.9970 0.0003 -0.0771
vn -0.9970 0.0008 -0.0776
vn -0.9977 0.0035 -0.0679
vn 0.9975 0.0005 0.0709
vn 0.9976 -0.0005 0.0686
vn -0.0955 0.0936 0.9910
vn -0.1053 -0.1221 0.9869
vn -0.0046 0.0560 -0.9984
vn 0.9971 0.0011 0.0756
vn 0.9983 -0.0003 0.0580
vn 0.9963 -0.0003 0.0859
vn 0.9974 0.0001 0.0724
vn 0.9973 -0.0014 0.0730
vn 0.9979 -0.0034 0.0643
vn 0.9968 -0.0036 0.0798
vn 0.9974 -0.0001 0.0725
vn 0.9975 0.0055 0.0711
vn 0.9969 0.0048 0.0785
vn 0.9974 -0.0002 0.0724
vn 0.9973 -0.0002 0.0730
vn 0.9974 -0.0000 0.0727
vn 0.9968 -0.0038 0.0803
vn 0.9974 -0.0000 0.0726
vn 0.9974 0.0007 0.0715
vn 0.9974 -0.0007 0.0715
vn 0.9975 0.0059 0.0708
vn 0.9969 0.0041 0.0784
vn 0.9974 0.0002 0.0728
vn 0.9972 -0.0007 0.0741
vn 0.9975 -0.0008 0.0713
vn 0.9976 -0.0039 0.0695
vn 0.9968 -0.0034 0.0793
vn 0.9974 -0.0002 0.0727
vn 0.9971 -0.0002 0.0757
vn 0.9977 0.0009 0.0683
vn 0.9970 0.0011 0.0769
vn 0.9975 0.0027 0.0711
vn 0.9973 0.0031 0.0735
vn 0.9972 0.0036 0.0744
vn 0.9976 0.0022 0.0698
vn -0.9974 -0.0003 -0.0721
vn -0.9974 0.0007 -0.0725
vn -0.9974 -0.0000 -0.0727
vn -0.9969 -0.0036 -0.0788
vn -0.9975 0.0010 -0.0711
vn -0.9969 -0.0036 -0.0792
vn -0.9979 -0.0026 -0.0653
vn -0.9969 0.0027 -0.0787
vn -0.9973 -0.0005 -0.0737
vn -0.9963 -0.0007 -0.0862
vn -0.9985 -0.0021 -0.0548
vn -0.9977 0.0004 -0.0684
vn -0.9973 0.0005 -0.0737
vn -0.9963 0.0008 -0.0862
vn -0.9983 0.0003 -0.0582
vn -0.9976 -0.0009 -0.0698
vn -0.9974 -0.0007 -0.0716
vn -0.9969 0.0048 -0.0781
vn -0.9977 0.0045 -0.0676
vn -0.9973 -0.0002 -0.0729
vn -0.9979 -0.0027 -0.0647
vn -0.9970 -0.0041 -0.0773
vn -0.9977 -0.0042 -0.0682
vn -0.9973 0.0002 -0.0730
vn -0.9978 0.0040 -0.0664
vn -0.9969 0.0025 -0.0787
vn -0.9978 0.0032 -0.0666
vn -0.9974 0.0001 -0.0724
vn -0.9973 -0.0030 -0.0733
vn -0.9975 0.0048 -0.0703
vn -0.9973 0.0028 -0.0728
vn 0.9972 -0.0020 0.0747
vn 0.9972 -0.0033 0.0742
vn 0.9978 0.0016 0.0657
vn 0.9969 0.0019 0.0790
vn 0.9974 -0.0026 0.0727
vn 0.0921 0.9820 0.1652
vn 0.0947 0.9949 -0.0349
vn 0.0162 -0.9987 -0.0482
vn 0.1576 -0.9865 -0.0439
vn 0.2951 -0.9423 0.1582
vn -0.1469 -0.9259 -0.3480
vn 0.9774 -0.0189 -0.2104
vn 0.9251 -0.0078 -0.3796
vn -0.8581 0.0549 -0.5105
vn -0.8631 -0.0459 -0.5030
vn -0.8532 -0.0519 -0.5190
vn -0.9482 -0.0176 -0.3172
vn -0.8604 -0.0111 -0.5095
vn 0.8714 0.0244 0.4899
vn 0.8651 -0.0199 0.5012
vn 0.8640 -0.0221 0.5030
vn -0.9251 0.0084 0.3796
vn -0.3533 -0.9354 0.0166
vn -0.3911 0.9175 -0.0725
vn -0.4798 0.8769 -0.0285
vn -0.9975 0.0063 -0.0700
vn 0.4809 -0.8760 -0.0378
vn 0.1516 0.0986 -0.9835
vn 0.9972 0.0011 0.0750
vn 0.0387 0.0183 -0.9991
vn 0.0223 -0.1538 -0.9878
vn 0.9970 -0.0019 0.0778
vn 0.9976 -0.0050 0.0697
vn 0.1064 0.0862 -0.9906
vn -0.0259 -0.0817 -0.9963
vn 0.9971 -0.0010 0.0759
vn 0.0674 0.1125 -0.9914
vn -0.9977 -0.0016 -0.0682
vn 0.0238 -0.2956 -0.9550
vn -0.9977 0.0035 -0.0680
vn -0.9977 -0.0005 -0.0683
vn -0.9970 -0.0028 -0.0772
vn -0.9972 0.0038 -0.0752
vn -0.9976 -0.0024 -0.0697
vn 0.1033 0.1301 -0.9861
vn -0.0763 -0.0886 0.9931
vn 0.9976 0.0009 0.0697
vn -0.1290 0.1970 0.9719
vn 0.9977 -0.0005 0.0671
vn -0.0524 -0.0849 0.9950
vn 0.9976 0.0006 0.0689
vn -0.0194 -0.0134 0.9997
vn 0.9977 0.0003 0.0678
vn -0.0961 0.0932 0.9910
vn 0.9978 -0.0013 0.0669
vn -0.1343 -0.1679 0.9766
vn 0.9978 0.0012 0.0664
vn -0.9971 0.0016 -0.0757
vn -0.0691 0.1178 0.9906
vn -0.9977 -0.0034 -0.0674
vn 0.0787 -0.9945 -0.0686
vn -0.9974 0.0027 -0.0725
vn 0.1935 -0.9748 0.1108
vn -0.9975 0.0030 -0.0712
vn 0.1465 0.9767 -0.1571
vn -0.9974 -0.0018 -0.0721
vn 0.0454 0.9987 0.0241
vn -0.9973 -0.0013 -0.0737
vn -0.9971 -0.0021 -0.0762
vn 0.1103 0.9932 0.0381
vn 0.0047 0.9979 -0.0642
vn -0.9974 -0.0031 -0.0718
vn -0.9997 -0.0015 -0.0242
vn 0.9994 0.0010 0.0336
vn 0.9995 -0.0004 0.0329
vn 0.9995 -0.0003 0.0323
vn 0.9995 0.0004 0.0326
vn 0.9995 0.0009 0.0330
vn 0.9997 0.0036 0.0233
vn -0.9997 0.0005 -0.0262
vn -0.9997 -0.0005 -0.0240
vn 0.0510 0.0965 -0.9940
vn 0.0609 -0.1258 -0.9902
vn 0.0487 0.0577 0.9971
vn -0.9995 0.0011 -0.0310
vn -0.9999 -0.0003 -0.0133
vn -0.9991 -0.0003 -0.0414
vn -0.9996 0.0001 -0.0278
vn -0.9996 -0.0015 -0.0284
vn -0.9998 -0.0036 -0.0196
vn -0.9994 -0.0037 -0.0353
vn -0.9996 -0.0001 -0.0279
vn -0.9996 0.0057 -0.0264
vn -0.9994 0.0049 -0.0340
vn -0.9996 -0.0002 -0.0278
vn -0.9996 -0.0002 -0.0284
vn -0.9996 -0.0000 -0.0281
vn -0.9994 -0.0039 -0.0357
vn -0.9996 -0.0000 -0.0280
vn -0.9996 0.0007 -0.0269
vn -0.9996 -0.0007 -0.0269
vn -0.9996 0.0061 -0.0262
vn -0.9994 0.0042 -0.0339
vn -0.9996 0.0002 -0.0282
vn -0.9996 -0.0007 -0.0295
vn -0.9996 -0.0008 -0.0267
vn -0.9997 -0.0040 -0.0249
vn -0.9994 -0.0035 -0.0348
vn -0.9996 -0.0002 -0.0281
vn -0.9995 -0.0002 -0.0311
vn -0.9997 0.0009 -0.0237
vn -0.9995 0.0011 -0.0323
vn -0.9996 0.0028 -0.0265
vn -0.9996 0.0032 -0.0289
vn -0.9995 0.0037 -0.0298
vn -0.9997 0.0022 -0.0251
vn 0.9996 -0.0003 0.0274
vn 0.9996 0.0007 0.0279
vn 0.9996 -0.0000 0.0281
vn 0.9994 -0.0038 0.0343
vn 0.9996 0.0011 0.0265
vn 0.9994 -0.0038 0.0347
vn 0.9998 -0.0027 0.0206
vn 0.9994 0.0028 0.0341
vn 0.9996 -0.0005 0.0291
vn 0.9991 -0.0007 0.0417
vn 0.9999 -0.0022 0.0101
vn 0.9997 0.0004 0.0237
vn 0.9996 0.0005 0.0291
vn 0.9991 0.0008 0.0417
vn 0.9999 0.0003 0.0135
vn 0.9997 -0.0010 0.0252
vn 0.9996 -0.0007 0.0269
vn 0.9994 0.0050 0.0336
vn 0.9997 0.0046 0.0230
vn 0.9996 -0.0002 0.0284
vn 0.9998 -0.0028 0.0200
vn 0.9995 -0.0043 0.0328
vn 0.9997 -0.0044 0.0236
vn 0.9996 0.0002 0.0284
vn 0.9998 0.0041 0.0218
vn 0.9994 0.0026 0.0341
vn 0.9998 0.0033 0.0220
vn 0.9996 0.0001 0.0278
vn 0.9996 -0.0031 0.0287
vn 0.9997 0.0050 0.0257
vn 0.9996 0.0029 0.0282
vn -0.9995 -0.0020 -0.0301
vn -0.9996 -0.0034 -0.0296
vn -0.9998 0.0017 -0.0210
vn -0.9994 0.0020 -0.0345
vn -0.9996 -0.0027 -0.0281
vn -0.0959 0.9831 -0.1563
vn -0.0897 0.9952 0.0380
vn -0.0135 -0.9988 0.0475
vn -0.1500 -0.9874 0.0494
vn -0.2922 -0.9459 -0.1410
vn 0.1571 -0.9300 0.3324
vn -0.9666 -0.0196 0.2555
vn -0.9062 -0.0081 0.4228
vn 0.8787 0.0568 0.4739
vn 0.8834 -0.0476 0.4661
vn 0.8742 -0.0538 0.4826
vn 0.9610 -0.0183 0.2760
vn 0.8811 -0.0115 0.4728
vn -0.8913 0.0253 -0.4527
vn -0.8855 -0.0206 -0.4642
vn -0.8844 -0.0229 -0.4661
vn 0.9062 0.0087 -0.4228
vn 0.3410 -0.9395 -0.0315
vn 0.3819 0.9227 0.0536
vn 0.4671 0.8842 0.0068
vn 0.9997 0.0065 0.0254
vn -0.4653 -0.8832 0.0580
vn -0.1070 0.1016 0.9891
vn -0.9995 0.0011 -0.0305
vn 0.0057 0.0189 0.9998
vn 0.0215 -0.1585 0.9871
vn -0.9994 -0.0020 -0.0333
vn -0.9997 -0.0052 -0.0250
vn -0.0619 0.0888 0.9941
vn 0.0697 -0.0842 0.9940
vn -0.9995 -0.0010 -0.0313
vn -0.0231 0.1159 0.9930
vn 0.9997 -0.0017 0.0236
vn 0.0185 -0.3039 0.9525
vn 0.9997 0.0037 0.0234
vn 0.9997 -0.0005 0.0237
vn 0.9995 -0.0029 0.0326
vn 0.9995 0.0040 0.0307
vn 0.9997 -0.0025 0.0251
vn -0.0590 0.1340 0.9892
vn 0.0319 -0.0913 -0.9953
vn -0.9997 0.0010 -0.0251
vn 0.0850 0.2028 -0.9755
vn -0.9997 -0.0005 -0.0224
vn 0.0081 -0.0875 -0.9961
vn -0.9997 0.0007 -0.0243
vn -0.0249 -0.0139 -0.9996
vn -0.9997 0.0003 -0.0231
vn 0.0516 0.0961 -0.9940
vn -0.9998 -0.0013 -0.0223
vn 0.0901 -0.1729 -0.9808
vn -0.9998 0.0012 -0.0217
vn 0.9995 0.0016 0.0312
vn 0.0248 0.1214 -0.9923
vn 0.9997 -0.0035 0.0228
vn -0.0729 -0.9949 0.0699
vn 0.9996 0.0028 0.0279
vn -0.1914 -0.9765 -0.0991
vn 0.9996 0.0031 0.0266
vn -0.1346 0.9781 0.1589
vn 0.9996 -0.0019 0.0274
vn -0.0448 0.9988 -0.0214
vn 0.9996 -0.0014 0.0291
vn 0.9995 -0.0022 0.0317
vn -0.1079 0.9936 -0.0321
vn -0.0018 0.9981 0.0624
vn 0.9996 -0.0033 0.0272
vn 0.0014 -0.9957 -0.0931
vn -0.0012 0.9972 0.0746
vn -0.0022 0.9971 0.0759
vn -0.0021 0.9970 0.0772
vn -0.0017 0.9971 0.0766
vn -0.0014 0.9971 0.0758
vn -0.0001 0.9955 0.0950
vn 0.0026 -0.9960 -0.0891
vn 0.0020 -0.9956 -0.0935
vn 0.0061 -0.0738 0.9973
vn -0.0661 -0.0686 0.9955
vn 0.0437 0.1242 -0.9913
vn 0.0027 -0.9968 -0.0796
vn 0.0027 -0.9934 -0.1145
vn 0.0013 -0.9982 -0.0592
vn 0.0022 -0.9963 -0.0860
vn 0.0012 -0.9964 -0.0849
vn 0.0003 -0.9948 -0.1022
vn -0.0006 -0.9975 -0.0713
vn 0.0021 -0.9963 -0.0859
vn 0.0059 -0.9960 -0.0886
vn 0.0050 -0.9973 -0.0737
vn 0.0021 -0.9963 -0.0861
vn 0.0020 -0.9964 -0.0849
vn 0.0022 -0.9963 -0.0855
vn -0.0007 -0.9975 -0.0705
vn 0.0022 -0.9963 -0.0856
vn 0.0027 -0.9961 -0.0878
vn 0.0021 -0.9963 -0.0858
vn 0.0021 -0.9963 -0.0855
vn 0.0018 -0.9961 -0.0878
vn 0.0062 -0.9960 -0.0892
vn 0.0046 -0.9972 -0.0740
vn 0.0023 -0.9964 -0.0853
vn 0.0016 -0.9966 -0.0827
vn 0.0017 -0.9961 -0.0883
vn -0.0003 -0.9958 -0.0918
vn -0.0004 -0.9974 -0.0724
vn 0.0020 -0.9963 -0.0854
vn 0.0019 -0.9968 -0.0796
vn 0.0030 -0.9956 -0.0941
vn 0.0027 -0.9970 -0.0771
vn 0.0041 -0.9961 -0.0885
vn 0.0042 -0.9965 -0.0838
vn 0.0045 -0.9966 -0.0820
vn 0.0037 -0.9958 -0.0913
vn -0.0024 0.9962 0.0867
vn -0.0017 0.9963 0.0859
vn -0.0022 0.9963 0.0854
vn -0.0043 0.9973 0.0731
vn -0.0016 0.9961 0.0887
vn -0.0042 0.9974 0.0725
vn -0.0042 0.9950 0.1001
vn -0.0001 0.9973 0.0736
vn -0.0024 0.9965 0.0835
vn -0.0019 0.9983 0.0585
vn -0.0044 0.9927 0.1208
vn -0.0022 0.9963 0.0855
vn -0.0021 0.9956 0.0940
vn -0.0018 0.9965 0.0835
vn -0.0010 0.9983 0.0586
vn -0.0027 0.9935 0.1142
vn -0.0029 0.9958 0.0912
vn -0.0027 0.9961 0.0877
vn 0.0013 0.9972 0.0747
vn 0.0005 0.9954 0.0957
vn -0.0023 0.9964 0.0849
vn -0.0043 0.9948 0.1014
vn -0.0046 0.9971 0.0762
vn -0.0052 0.9955 0.0943
vn -0.0020 0.9964 0.0849
vn 0.0002 0.9952 0.0979
vn -0.0002 0.9973 0.0736
vn -0.0004 0.9952 0.0975
vn -0.0021 0.9963 0.0860
vn -0.0041 0.9964 0.0842
vn 0.0009 0.9959 0.0902
vn -0.0003 0.9964 0.0852
vn 0.0008 -0.9967 -0.0816
vn -0.0001 -0.9966 -0.0826
vn 0.0036 -0.9950 -0.0993
vn 0.0031 -0.9973 -0.0728
vn 0.0004 -0.9963 -0.0855
vn 0.8802 -0.1787 0.4396
vn 0.9859 -0.1261 -0.1103
vn -0.9850 -0.0063 -0.1727
vn -0.9557 -0.2118 -0.2045
vn -0.8444 -0.4397 0.3060
vn -0.6456 0.2473 -0.7226
vn 0.0033 -0.8179 -0.5753
vn 0.0151 -0.6475 -0.7619
vn 0.0450 0.7661 -0.6411
vn -0.0083 0.7735 -0.6338
vn -0.0106 0.7583 -0.6518
vn -0.0013 0.9269 -0.3753
vn 0.0103 0.7681 -0.6402
vn -0.0026 -0.7861 0.6181
vn -0.0265 -0.7758 0.6305
vn -0.0277 -0.7741 0.6325
vn -0.0148 0.6475 0.7619
vn -0.8676 0.4781 0.1367
vn 0.8336 0.5498 -0.0520
vn 0.7681 0.6338 0.0909
vn 0.0019 0.9959 0.0909
vn -0.7521 -0.6053 -0.2608
vn 0.0582 0.0452 -0.9973
vn 0.0027 -0.9967 -0.0808
vn 0.0312 0.1026 -0.9942
vn -0.0267 0.1105 -0.9935
vn 0.0006 -0.9972 -0.0753
vn -0.0010 -0.9958 -0.0916
vn 0.0540 0.0683 -0.9962
vn -0.0024 0.1349 -0.9909
vn 0.0014 -0.9969 -0.0792
vn 0.0627 0.0879 -0.9942
vn -0.0035 0.9955 0.0944
vn -0.0775 0.1089 -0.9910
vn -0.0001 0.9955 0.0948
vn -0.0027 0.9956 0.0942
vn -0.0038 0.9971 0.0765
vn 0.0005 0.9968 0.0804
vn -0.0039 0.9958 0.0914
vn 0.0688 0.0696 -0.9952
vn -0.0547 -0.0835 0.9950
vn 0.0029 -0.9958 -0.0914
vn 0.0416 -0.0557 0.9976
vn 0.0021 -0.9953 -0.0966
vn -0.0534 -0.0956 0.9940
vn 0.0028 -0.9957 -0.0929
vn -0.0296 -0.1122 0.9932
vn 0.0026 -0.9954 -0.0953
vn 0.0060 -0.0735 0.9973
vn 0.0016 -0.9953 -0.0969
vn -0.0818 -0.0533 0.9952
vn 0.0032 -0.9952 -0.0980
vn -0.0010 0.9968 0.0794
vn 0.0143 -0.0870 0.9961
vn -0.0047 0.9954 0.0959
vn -0.9641 -0.0894 -0.2501
vn -0.0004 0.9963 0.0858
vn -0.9244 -0.3084 0.2243
vn -0.0002 0.9961 0.0885
vn 0.8856 -0.1430 -0.4418
vn -0.0034 0.9962 0.0867
vn 0.9938 -0.0759 0.0809
vn -0.0030 0.9965 0.0834
vn -0.0034 0.9969 0.0784
vn 0.9795 -0.1754 0.0990
vn 0.9862 0.0163 -0.1647
vn -0.0043 0.9962 0.0871
vn 0.0010 -1.0000 0.0076
vn -0.0007 0.9999 0.0109
vn 0.0002 1.0000 0.0096
vn 0.0002 1.0000 0.0083
vn -0.0002 1.0000 0.0089
vn -0.0006 1.0000 0.0097
vn -0.0023 1.0000 -0.0095
vn -0.0003 -1.0000 0.0036
vn 0.0003 -1.0000 0.0080
vn -0.0313 0.0117 -0.9994
vn 0.0409 0.0169 -0.9990
vn -0.0187 0.0389 0.9991
vn -0.0007 -1.0000 -0.0059
vn 0.0002 -0.9996 0.0291
vn 0.0002 -0.9997 -0.0264
vn -0.0001 -1.0000 0.0005
vn 0.0009 -1.0000 -0.0006
vn 0.0023 -0.9999 0.0168
vn 0.0024 -0.9999 -0.0143
vn 0.0001 -1.0000 0.0004
vn -0.0036 -1.0000 0.0032
vn -0.0032 -0.9999 -0.0117
vn 0.0001 -1.0000 0.0006
vn 0.0001 -1.0000 -0.0006
vn -0.0000 -1.0000 -0.0000
vn 0.0025 -0.9999 -0.0152
vn -0.0000 -1.0000 0.0001
vn -0.0000 -1.0000 -0.0001
vn -0.0004 -1.0000 0.0023
vn 0.0001 -1.0000 0.0003
vn 0.0005 -1.0000 0.0023
vn -0.0039 -1.0000 0.0038
vn -0.0027 -0.9999 -0.0115
vn -0.0001 -1.0000 -0.0002
vn 0.0005 -1.0000 -0.0029
vn 0.0005 -1.0000 0.0028
vn 0.0026 -1.0000 0.0063
vn 0.0022 -0.9999 -0.0133
vn 0.0001 -1.0000 -0.0002
vn 0.0001 -1.0000 -0.0060
vn -0.0006 -1.0000 0.0086
vn -0.0007 -1.0000 -0.0084
vn -0.0018 -1.0000 0.0031
vn -0.0021 -1.0000 -0.0017
vn -0.0024 -1.0000 -0.0034
vn -0.0014 -1.0000 0.0058
vn 0.0002 1.0000 -0.0012
vn -0.0004 1.0000 -0.0004
vn -0.0000 1.0000 0.0001
vn 0.0024 0.9999 0.0123
vn -0.0007 1.0000 -0.0031
vn 0.0024 0.9999 0.0130
vn 0.0017 0.9999 -0.0147
vn -0.0018 0.9999 0.0120
vn 0.0003 1.0000 0.0020
vn 0.0005 0.9996 0.0270
vn 0.0014 0.9994 -0.0355
vn -0.0000 1.0000 -0.0000
vn -0.0003 1.0000 -0.0085
vn -0.0003 1.0000 0.0020
vn -0.0005 0.9996 0.0270
vn -0.0002 0.9996 -0.0288
vn 0.0006 1.0000 -0.0057
vn 0.0005 1.0000 -0.0022
vn -0.0032 0.9999 0.0109
vn -0.0030 0.9999 -0.0101
vn 0.0001 1.0000 0.0006
vn 0.0018 0.9999 -0.0160
vn 0.0027 1.0000 0.0093
vn 0.0028 1.0000 -0.0089
vn -0.0001 1.0000 0.0006
vn -0.0026 0.9999 -0.0124
vn -0.0017 0.9999 0.0120
vn -0.0021 0.9999 -0.0120
vn -0.0001 1.0000 -0.0005
vn 0.0020 1.0000 0.0012
vn -0.0032 1.0000 -0.0047
vn -0.0018 1.0000 0.0003
vn 0.0013 -1.0000 -0.0040
vn 0.0022 -1.0000 -0.0030
vn -0.0011 -0.9999 0.0139
vn -0.0013 -0.9999 -0.0127
vn 0.0017 -1.0000 -0.0000
vn -0.8910 -0.1423 -0.4310
vn -0.9828 -0.1372 0.1238
vn 0.9890 -0.0189 0.1467
vn 0.9605 -0.2265 0.1615
vn 0.8364 -0.4101 -0.3636
vn 0.6636 0.1860 0.7246
vn 0.0112 -0.8641 0.5031
vn 0.0041 -0.7103 0.7038
vn -0.0288 0.7084 0.7052
vn 0.0243 0.7164 0.6972
vn 0.0270 0.6999 0.7138
vn 0.0107 0.8914 0.4531
vn 0.0058 0.7105 0.7036
vn -0.0130 -0.7303 -0.6830
vn 0.0105 -0.7189 -0.6950
vn 0.0117 -0.7171 -0.6969
vn -0.0044 0.7103 -0.7039
vn 0.8639 0.4899 -0.1171
vn -0.8321 0.5416 0.1197
vn -0.7702 0.6376 -0.0170
vn -0.0041 1.0000 -0.0053
vn 0.7584 -0.6237 0.1891
vn -0.0330 -0.0403 0.9986
vn -0.0007 -1.0000 -0.0047
vn -0.0061 0.0171 0.9998
vn 0.0518 0.0252 0.9983
vn 0.0013 -0.9999 -0.0103
vn 0.0033 -1.0000 0.0060
vn -0.0288 -0.0172 0.9994
vn 0.0274 0.0497 0.9984
vn 0.0006 -1.0000 -0.0064
vn -0.0376 0.0024 0.9993
vn 0.0011 1.0000 -0.0089
vn 0.1025 0.0239 0.9944
vn -0.0023 1.0000 -0.0092
vn 0.0003 1.0000 -0.0087
vn 0.0019 1.0000 0.0090
vn -0.0025 1.0000 0.0051
vn 0.0016 1.0000 -0.0059
vn -0.0436 -0.0159 0.9989
vn 0.0296 0.0020 -0.9996
vn -0.0006 -1.0000 0.0059
vn -0.0668 0.0297 -0.9973
vn 0.0003 -0.9999 0.0111
vn 0.0283 -0.0101 -0.9995
vn -0.0004 -1.0000 0.0074
vn 0.0045 -0.0268 -0.9996
vn -0.0002 -1.0000 0.0098
vn -0.0312 0.0120 -0.9994
vn 0.0008 -0.9999 0.0115
vn 0.0567 0.0321 -0.9979
vn -0.0008 -0.9999 0.0125
vn -0.0010 1.0000 0.0061
vn -0.0394 -0.0016 -0.9992
vn 0.0023 0.9999 -0.0105
vn 0.9701 -0.1084 0.2172
vn -0.0018 1.0000 -0.0003
vn 0.9185 -0.2861 -0.2730
vn -0.0020 1.0000 -0.0029
vn -0.8742 -0.1821 0.4501
vn 0.0012 1.0000 -0.0012
vn -0.9956 -0.0709 -0.0621
vn 0.0009 1.0000 0.0021
vn 0.0014 1.0000 0.0071
vn -0.9817 -0.1684 -0.0890
vn -0.9817 -0.0000 0.1902
vn 0.0021 1.0000 -0.0016
vn -0.0010 -1.0000 -0.0076
vn 0.0007 0.9999 -0.0109
vn -0.0002 1.0000 -0.0096
vn -0.0002 1.0000 -0.0083
vn 0.0002 1.0000 -0.0089
vn 0.0006 1.0000 -0.0097
vn 0.0023 1.0000 0.0095
vn 0.0003 -1.0000 -0.0036
vn -0.0003 -1.0000 -0.0080
vn 0.0313 0.0117 0.9994
vn -0.0409 0.0169 0.9990
vn 0.0187 0.0389 -0.9991
vn 0.0007 -1.0000 0.0059
vn -0.0002 -0.9996 -0.0291
vn -0.0002 -0.9997 0.0264
vn 0.0001 -1.0000 -0.0005
vn -0.0009 -1.0000 0.0006
vn -0.0023 -0.9999 -0.0168
vn -0.0024 -0.9999 0.0143
vn -0.0001 -1.0000 -0.0004
vn 0.0036 -1.0000 -0.0032
vn 0.0032 -0.9999 0.0117
vn -0.0001 -1.0000 -0.0006
vn -0.0001 -1.0000 0.0006
vn -0.0025 -0.9999 0.0152
vn 0.0004 -1.0000 -0.0023
vn -0.0001 -1.0000 -0.0003
vn -0.0005 -1.0000 -0.0023
vn 0.0039 -1.0000 -0.0038
vn 0.0027 -0.9999 0.0115
vn 0.0001 -1.0000 0.0002
vn -0.0005 -1.0000 0.0029
vn -0.0005 -1.0000 -0.0028
vn -0.0026 -1.0000 -0.0063
vn -0.0022 -0.9999 0.0133
vn -0.0001 -1.0000 0.0002
vn -0.0001 -1.0000 0.0060
vn 0.0006 -1.0000 -0.0086
vn 0.0007 -1.0000 0.0084
vn 0.0018 -1.0000 -0.0031
vn 0.0021 -1.0000 0.0017
vn 0.0024 -1.0000 0.0034
vn 0.0014 -1.0000 -0.0058
vn -0.0002 1.0000 0.0012
vn 0.0004 1.0000 0.0004
vn -0.0000 1.0000 -0.0001
vn -0.0024 0.9999 -0.0123
vn 0.0007 1.0000 0.0031
vn -0.0024 0.9999 -0.0130
vn -0.0017 0.9999 0.0147
vn 0.0018 0.9999 -0.0120
vn -0.0003 1.0000 -0.0020
vn -0.0005 0.9996 -0.0270
vn -0.0014 0.9994 0.0355
vn 0.0003 1.0000 0.0085
vn 0.0003 1.0000 -0.0020
vn 0.0005 0.9996 -0.0270
vn 0.0002 0.9996 0.0288
vn -0.0006 1.0000 0.0057
vn -0.0005 1.0000 0.0022
vn 0.0032 0.9999 -0.0109
vn 0.0030 0.9999 0.0101
vn -0.0001 1.0000 -0.0006
vn -0.0018 0.9999 0.0160
vn -0.0027 1.0000 -0.0093
vn -0.0028 1.0000 0.0089
vn 0.0001 1.0000 -0.0006
vn 0.0026 0.9999 0.0124
vn 0.0017 0.9999 -0.0120
vn 0.0021 0.9999 0.0120
vn 0.0001 1.0000 0.0005
vn -0.0020 1.0000 -0.0012
vn 0.0032 1.0000 0.0047
vn 0.0018 1.0000 -0.0003
vn -0.0013 -1.0000 0.0040
vn -0.0022 -1.0000 0.0030
vn 0.0011 -0.9999 -0.0139
vn 0.0013 -0.9999 0.0127
vn -0.0017 -1.0000 -0.0000
vn 0.8910 -0.1423 0.4310
vn 0.9828 -0.1372 -0.1238
vn -0.9890 -0.0189 -0.1467
vn -0.9605 -0.2265 -0.1615
vn -0.8364 -0.4101 0.3636
vn -0.6636 0.1860 -0.7246
vn -0.0113 -0.8641 -0.5031
vn -0.0041 -0.7103 -0.7039
vn 0.0288 0.7084 -0.7052
vn -0.0243 0.7164 -0.6972
vn -0.0270 0.6999 -0.7138
vn -0.0107 0.8914 -0.4531
vn -0.0058 0.7105 -0.7036
vn 0.0130 -0.7303 0.6830
vn -0.0105 -0.7189 0.6950
vn -0.0117 -0.7171 0.6969
vn 0.0044 0.7103 0.7039
vn -0.8639 0.4899 0.1171
vn 0.8321 0.5416 -0.1197
vn 0.7702 0.6376 0.0170
vn 0.0041 1.0000 0.0053
vn -0.7584 -0.6237 -0.1891
vn 0.0330 -0.0403 -0.9986
vn 0.0007 -1.0000 0.0047
vn 0.0061 0.0171 -0.9998
vn -0.0518 0.0252 -0.9983
vn -0.0013 -0.9999 0.0103
vn -0.0033 -1.0000 -0.0060
vn 0.0288 -0.0172 -0.9994
vn -0.0274 0.0497 -0.9984
vn -0.0006 -1.0000 0.0064
vn 0.0376 0.0024 -0.9993
vn -0.0011 1.0000 0.0089
vn -0.1025 0.0239 -0.9944
vn 0.0023 1.0000 0.0092
vn -0.0003 1.0000 0.0087
vn -0.0019 1.0000 -0.0090
vn 0.0025 1.0000 -0.0051
vn -0.0016 1.0000 0.0059
vn 0.0436 -0.0159 -0.9989
vn -0.0296 0.0020 0.9996
vn 0.0006 -1.0000 -0.0059
vn 0.0668 0.0297 0.9973
vn -0.0003 -0.9999 -0.0111
vn -0.0283 -0.0101 0.9995
vn 0.0004 -1.0000 -0.0074
vn -0.0045 -0.0268 0.9996
vn 0.0002 -1.0000 -0.0098
vn 0.0312 0.0120 0.9994
vn -0.0008 -0.9999 -0.0115
vn -0.0567 0.0321 0.9979
vn 0.0008 -0.9999 -0.0125
vn 0.0010 1.0000 -0.0061
vn 0.0394 -0.0016 0.9992
vn -0.0023 0.9999 0.0105
vn -0.9701 -0.1084 -0.2172
vn 0.0018 1.0000 0.0003
vn -0.9185 -0.2861 0.2730
vn 0.0020 1.0000 0.0029
vn 0.8742 -0.1821 -0.4501
vn -0.0012 1.0000 0.0012
vn 0.9956 -0.0709 0.0621
vn -0.0009 1.0000 -0.0021
vn -0.0014 1.0000 -0.0071
vn 0.9817 -0.1684 0.0890
vn 0.9817 -0.0000 -0.1902
vn -0.0021 1.0000 0.0016
vn 0.0032 -0.9907 0.1359
vn -0.0026 0.9931 -0.1175
vn -0.0017 0.9929 -0.1188
vn -0.0018 0.9928 -0.1201
vn -0.0022 0.9928 -0.1195
vn -0.0025 0.9929 -0.1186
vn -0.0046 0.9905 -0.1377
vn 0.0019 -0.9913 0.1319
vn 0.0026 -0.9907 0.1363
vn -0.0478 -0.1167 -0.9920
vn 0.0244 -0.1115 -0.9935
vn -0.0022 0.1668 0.9860
vn 0.0013 -0.9925 0.1225
vn 0.0028 -0.9876 0.1572
vn 0.0019 -0.9948 0.1021
vn 0.0021 -0.9917 0.1289
vn 0.0031 -0.9918 0.1277
vn 0.0047 -0.9894 0.1449
vn 0.0043 -0.9935 0.1141
vn 0.0022 -0.9917 0.1287
vn -0.0014 -0.9913 0.1316
vn -0.0012 -0.9932 0.1167
vn 0.0023 -0.9917 0.1289
vn 0.0022 -0.9918 0.1277
vn 0.0021 -0.9917 0.1283
vn 0.0044 -0.9936 0.1132
vn 0.0021 -0.9917 0.1284
vn 0.0017 -0.9914 0.1306
vn 0.0022 -0.9917 0.1286
vn 0.0022 -0.9917 0.1284
vn 0.0022 -0.9917 0.1283
vn 0.0026 -0.9914 0.1306
vn -0.0017 -0.9912 0.1321
vn -0.0007 -0.9931 0.1170
vn 0.0020 -0.9918 0.1281
vn 0.0025 -0.9921 0.1255
vn 0.0027 -0.9914 0.1311
vn 0.0048 -0.9909 0.1345
vn 0.0042 -0.9933 0.1151
vn 0.0023 -0.9917 0.1282
vn 0.0022 -0.9925 0.1224
vn 0.0017 -0.9906 0.1369
vn 0.0013 -0.9928 0.1200
vn 0.0004 -0.9913 0.1314
vn -0.0000 -0.9919 0.1267
vn -0.0003 -0.9922 0.1250
vn 0.0008 -0.9910 0.1341
vn -0.0020 0.9916 -0.1295
vn -0.0026 0.9917 -0.1287
vn -0.0021 0.9917 -0.1282
vn 0.0005 0.9932 -0.1161
vn -0.0029 0.9913 -0.1314
vn 0.0005 0.9933 -0.1154
vn -0.0007 0.9897 -0.1429
vn -0.0037 0.9932 -0.1164
vn -0.0018 0.9920 -0.1264
vn -0.0012 0.9948 -0.1015
vn -0.0014 0.9865 -0.1635
vn -0.0021 0.9917 -0.1283
vn -0.0026 0.9906 -0.1368
vn -0.0024 0.9920 -0.1263
vn -0.0022 0.9948 -0.1015
vn -0.0028 0.9876 -0.1568
vn -0.0016 0.9910 -0.1340
vn -0.0017 0.9914 -0.1305
vn -0.0051 0.9931 -0.1175
vn -0.0053 0.9904 -0.1383
vn -0.0020 0.9918 -0.1278
vn -0.0006 0.9896 -0.1442
vn 0.0007 0.9929 -0.1191
vn 0.0005 0.9905 -0.1372
vn -0.0022 0.9918 -0.1277
vn -0.0050 0.9901 -0.1406
vn -0.0036 0.9932 -0.1164
vn -0.0044 0.9901 -0.1402
vn -0.0022 0.9917 -0.1288
vn -0.0001 0.9919 -0.1272
vn -0.0054 0.9911 -0.1329
vn -0.0040 0.9918 -0.1280
vn 0.0034 -0.9922 0.1243
vn 0.0043 -0.9921 0.1253
vn 0.0013 -0.9898 0.1421
vn 0.0006 -0.9933 0.1157
vn 0.0039 -0.9917 0.1283
vn -0.8978 -0.1965 -0.3943
vn -0.9803 -0.1201 0.1568
vn 0.9913 0.0001 0.1314
vn 0.9636 -0.2039 0.1732
vn 0.8311 -0.4534 -0.3219
vn 0.6751 0.2775 0.6836
vn 0.0214 -0.7924 0.6096
vn 0.0173 -0.6141 0.7890
vn -0.0187 0.7931 0.6089
vn 0.0343 0.8000 0.5990
vn 0.0374 0.7857 0.6175
vn 0.0163 0.9422 0.3347
vn 0.0159 0.7950 0.6064
vn -0.0228 -0.8120 -0.5833
vn 0.0006 -0.8022 -0.5971
vn 0.0017 -0.8006 -0.5992
vn -0.0176 0.6141 -0.7890
vn 0.8608 0.4708 -0.1934
vn -0.8311 0.5525 0.0631
vn -0.7717 0.6301 -0.0858
vn -0.0064 0.9910 -0.1335
vn 0.7628 -0.5943 0.2549
vn -0.0164 0.0882 0.9960
vn 0.0014 -0.9923 0.1237
vn 0.0104 0.1453 0.9893
vn 0.0682 0.1531 0.9858
vn 0.0033 -0.9930 0.1181
vn 0.0055 -0.9909 0.1342
vn -0.0122 0.1112 0.9937
vn 0.0438 0.1774 0.9832
vn 0.0027 -0.9925 0.1220
vn -0.0211 0.1306 0.9912
vn -0.0012 0.9905 -0.1372
vn 0.1189 0.1514 0.9813
vn -0.0046 0.9905 -0.1374
vn -0.0020 0.9906 -0.1369
vn -0.0001 0.9928 -0.1194
vn -0.0046 0.9924 -0.1232
vn -0.0006 0.9910 -0.1342
vn -0.0271 0.1124 0.9933
vn 0.0130 -0.1263 -0.9919
vn 0.0016 -0.9910 0.1342
vn -0.0834 -0.0985 -0.9916
vn 0.0027 -0.9902 0.1394
vn 0.0118 -0.1383 -0.9903
vn 0.0018 -0.9907 0.1357
vn -0.0120 -0.1549 -0.9879
vn 0.0021 -0.9904 0.1380
vn -0.0477 -0.1164 -0.9921
vn 0.0032 -0.9902 0.1397
vn 0.0401 -0.0962 -0.9946
vn 0.0016 -0.9900 0.1408
vn -0.0031 0.9925 -0.1222
vn -0.0560 -0.1298 -0.9900
vn -0.0001 0.9903 -0.1387
vn 0.9738 -0.0796 0.2131
vn -0.0039 0.9917 -0.1286
vn 0.9145 -0.3188 -0.2493
vn -0.0042 0.9913 -0.1312
vn -0.8662 -0.1229 0.4843
vn -0.0009 0.9916 -0.1295
vn -0.9963 -0.0782 -0.0358
vn -0.0012 0.9920 -0.1262
vn -0.0006 0.9926 -0.1213
vn -0.9827 -0.1785 -0.0503
vn -0.9785 0.0244 0.2050
vn -0.0001 0.9915 -0.1300
vn 0.0018 -0.9883 -0.1526
vn -0.0018 0.9909 0.1343
vn -0.0027 0.9908 0.1355
vn -0.0027 0.9906 0.1369
vn -0.0023 0.9907 0.1363
vn -0.0019 0.9908 0.1354
vn -0.0005 0.9880 0.1545
vn 0.0030 -0.9889 -0.1487
vn 0.0024 -0.9882 -0.1530
vn 0.0132 -0.1334 0.9910
vn -0.0590 -0.1283 0.9900
vn 0.0366 0.1835 -0.9823
vn 0.0033 -0.9903 -0.1392
vn 0.0030 -0.9848 -0.1738
vn 0.0019 -0.9929 -0.1189
vn 0.0027 -0.9893 -0.1456
vn 0.0017 -0.9895 -0.1445
vn 0.0007 -0.9868 -0.1617
vn -0.0000 -0.9914 -0.1310
vn 0.0026 -0.9894 -0.1454
vn 0.0063 -0.9889 -0.1482
vn 0.0056 -0.9910 -0.1334
vn 0.0025 -0.9893 -0.1457
vn 0.0025 -0.9895 -0.1445
vn 0.0026 -0.9894 -0.1451
vn -0.0001 -0.9915 -0.1301
vn 0.0027 -0.9894 -0.1451
vn 0.0027 -0.9894 -0.1450
vn 0.0031 -0.9891 -0.1473
vn 0.0026 -0.9894 -0.1450
vn 0.0022 -0.9891 -0.1474
vn 0.0066 -0.9889 -0.1487
vn 0.0051 -0.9910 -0.1336
vn 0.0028 -0.9894 -0.1449
vn 0.0021 -0.9898 -0.1422
vn 0.0022 -0.9890 -0.1478
vn 0.0002 -0.9885 -0.1513
vn 0.0002 -0.9913 -0.1320
vn 0.0025 -0.9894 -0.1449
vn 0.0024 -0.9903 -0.1392
vn 0.0034 -0.9881 -0.1536
vn 0.0032 -0.9906 -0.1367
vn 0.0045 -0.9890 -0.1481
vn 0.0047 -0.9897 -0.1434
vn 0.0050 -0.9899 -0.1416
vn 0.0042 -0.9886 -0.1508
vn -0.0029 0.9892 0.1463
vn -0.0022 0.9894 0.1455
vn -0.0027 0.9894 0.1450
vn -0.0048 0.9911 0.1328
vn -0.0020 0.9890 0.1482
vn -0.0048 0.9912 0.1321
vn -0.0046 0.9872 0.1596
vn -0.0006 0.9911 0.1332
vn -0.0029 0.9897 0.1431
vn -0.0026 0.9930 0.1183
vn -0.0047 0.9836 0.1801
vn -0.0026 0.9894 0.1451
vn -0.0025 0.9881 0.1535
vn -0.0023 0.9897 0.1431
vn -0.0016 0.9930 0.1184
vn -0.0030 0.9848 0.1735
vn -0.0034 0.9886 0.1507
vn -0.0032 0.9891 0.1473
vn 0.0007 0.9909 0.1344
vn 0.0001 0.9879 0.1551
vn -0.0027 0.9895 0.1445
vn -0.0047 0.9870 0.1608
vn -0.0052 0.9907 0.1358
vn -0.0056 0.9881 0.1538
vn -0.0025 0.9895 0.1445
vn -0.0002 0.9875 0.1574
vn -0.0008 0.9911 0.1332
vn -0.0008 0.9876 0.1570
vn -0.0026 0.9893 0.1456
vn -0.0046 0.9896 0.1438
vn 0.0004 0.9887 0.1497
vn -0.0008 0.9895 0.1448
vn 0.0013 -0.9900 -0.1411
vn 0.0004 -0.9898 -0.1422
vn 0.0039 -0.9873 -0.1588
vn 0.0037 -0.9912 -0.1324
vn 0.0009 -0.9894 -0.1451
vn 0.8835 -0.2034 0.4220
vn 0.9852 -0.1177 -0.1245
vn -0.9861 0.0026 -0.1659
vn -0.9569 -0.2006 -0.2101
vn -0.8417 -0.4585 0.2850
vn -0.6509 0.2892 -0.7019
vn 0.0001 -0.7820 -0.6233
vn 0.0105 -0.6007 -0.7994
vn 0.0397 0.8032 -0.5943
vn -0.0136 0.8100 -0.5862
vn -0.0160 0.7960 -0.6051
vn -0.0049 0.9477 -0.3191
vn 0.0050 0.8051 -0.5931
vn 0.0027 -0.8217 0.5699
vn -0.0212 -0.8122 0.5830
vn -0.0224 -0.8106 0.5852
vn -0.0102 0.6007 0.7994
vn -0.8672 0.4677 0.1712
vn 0.8327 0.5532 -0.0247
vn 0.7681 0.6284 0.1233
vn 0.0014 0.9886 0.1504
vn -0.7533 -0.5897 -0.2913
vn 0.0511 0.1050 -0.9932
vn 0.0033 -0.9901 -0.1404
vn 0.0241 0.1620 -0.9865
vn -0.0339 0.1698 -0.9849
vn 0.0012 -0.9909 -0.1349
vn -0.0006 -0.9885 -0.1511
vn 0.0468 0.1280 -0.9907
vn -0.0095 0.1941 -0.9809
vn 0.0019 -0.9903 -0.1388
vn 0.0556 0.1474 -0.9875
vn -0.0039 0.9881 0.1539
vn -0.0846 0.1680 -0.9822
vn -0.0005 0.9880 0.1543
vn -0.0031 0.9881 0.1537
vn -0.0043 0.9907 0.1361
vn -0.0000 0.9901 0.1400
vn -0.0043 0.9885 0.1509
vn 0.0617 0.1292 -0.9897
vn -0.0476 -0.1430 0.9886
vn 0.0034 -0.9885 -0.1509
vn 0.0488 -0.1153 0.9921
vn 0.0025 -0.9877 -0.1561
vn -0.0463 -0.1550 0.9868
vn 0.0032 -0.9883 -0.1524
vn -0.0224 -0.1716 0.9849
vn 0.0030 -0.9879 -0.1548
vn 0.0131 -0.1331 0.9910
vn 0.0020 -0.9877 -0.1564
vn -0.0747 -0.1130 0.9908
vn 0.0036 -0.9875 -0.1575
vn -0.0015 0.9903 0.1390
vn 0.0214 -0.1465 0.9890
vn -0.0051 0.9878 0.1554
vn -0.9657 -0.0757 -0.2483
vn -0.0009 0.9894 0.1454
vn -0.9225 -0.3227 0.2118
vn -0.0007 0.9890 0.1480
vn 0.8826 -0.1149 -0.4558
vn -0.0039 0.9892 0.1462
vn 0.9945 -0.0791 0.0693
vn -0.0035 0.9897 0.1430
vn -0.0039 0.9904 0.1380
vn 0.9804 -0.1796 0.0815
vn 0.9850 0.0276 -0.1703
vn -0.0048 0.9892 0.1467
vn 0.0012 -1.0000 0.0076
vn -0.0003 0.9999 0.0109
vn 0.0006 1.0000 0.0096
vn 0.0005 1.0000 0.0083
vn 0.0001 1.0000 0.0089
vn -0.0002 1.0000 0.0098
vn -0.0026 1.0000 -0.0094
vn -0.0002 -1.0000 0.0036
vn 0.0006 -1.0000 0.0080
vn -0.0645 0.0117 -0.9979
vn 0.0077 0.0169 -0.9998
vn 0.0145 0.0389 0.9991
vn -0.0009 -1.0000 -0.0058
vn 0.0011 -0.9996 0.0291
vn -0.0007 -0.9997 -0.0264
vn -0.0000 -1.0000 0.0005
vn 0.0028 -0.9999 0.0167
vn 0.0019 -0.9999 -0.0144
vn -0.0035 -1.0000 0.0033
vn -0.0035 -0.9999 -0.0116
vn 0.0020 -0.9999 -0.0152
vn -0.0038 -1.0000 0.0039
vn -0.0031 -0.9999 -0.0114
vn 0.0004 -1.0000 -0.0029
vn 0.0006 -1.0000 0.0028
vn 0.0028 -1.0000 0.0062
vn 0.0018 -0.9999 -0.0133
vn -0.0001 -1.0000 -0.0060
vn -0.0003 -1.0000 0.0086
vn -0.0010 -1.0000 -0.0084
vn -0.0017 -1.0000 0.0031
vn -0.0021 -1.0000 -0.0016
vn -0.0025 -1.0000 -0.0034
vn -0.0012 -1.0000 0.0058
vn -0.0005 1.0000 -0.0004
vn 0.0028 0.9999 0.0123
vn -0.0008 1.0000 -0.0031
vn 0.0028 0.9999 0.0130
vn 0.0012 0.9999 -0.0148
vn -0.0014 0.9999 0.0120
vn 0.0004 1.0000 0.0020
vn 0.0014 0.9996 0.0270
vn 0.0002 0.9994 -0.0355
vn -0.0006 1.0000 -0.0085
vn 0.0004 0.9996 0.0270
vn -0.0012 0.9996 -0.0288
vn 0.0004 1.0000 -0.0058
vn 0.0004 1.0000 -0.0022
vn -0.0028 0.9999 0.0110
vn -0.0033 0.9999 -0.0100
vn 0.0013 0.9999 -0.0160
vn 0.0030 1.0000 0.0092
vn 0.0025 1.0000 -0.0089
vn -0.0030 0.9999 -0.0123
vn -0.0013 0.9999 0.0121
vn -0.0025 0.9999 -0.0119
vn -0.0033 1.0000 -0.0046
vn -0.0018 1.0000 0.0004
vn 0.0012 -1.0000 -0.0040
vn 0.0021 -1.0000 -0.0031
vn -0.0006 -0.9999 0.0139
vn -0.0017 -0.9999 -0.0127
vn 0.0017 -1.0000 -0.0001
vn -0.9049 -0.1423 -0.4012
vn -0.9781 -0.1372 0.1564
vn 0.9933 -0.0189 0.1137
vn 0.9654 -0.2265 0.1295
vn 0.8239 -0.4101 -0.3912
vn 0.6873 0.1860 0.7021
vn 0.0280 -0.8641 0.5025
vn 0.0275 -0.7103 0.7033
vn -0.0054 0.7084 0.7058
vn 0.0474 0.7165 0.6960
vn 0.0508 0.6999 0.7125
vn 0.0258 0.8914 0.4524
vn 0.0292 0.7105 0.7030
vn -0.0357 -0.7303 -0.6821
vn -0.0126 -0.7189 -0.6950
vn -0.0115 -0.7171 -0.6969
vn -0.0278 0.7103 -0.7033
vn 0.8595 0.4899 -0.1457
vn -0.8277 0.5416 0.1473
vn -0.7703 0.6376 0.0086
vn -0.0043 1.0000 -0.0051
vn 0.7643 -0.6237 0.1637
vn 0.0002 -0.0403 0.9992
vn -0.0009 -1.0000 -0.0047
vn 0.0271 0.0171 0.9995
vn 0.0849 0.0252 0.9961
vn 0.0009 -0.9999 -0.0103
vn 0.0035 -1.0000 0.0059
vn 0.0044 -0.0172 0.9998
vn 0.0605 0.0497 0.9969
vn 0.0004 -1.0000 -0.0064
vn -0.0044 0.0024 1.0000
vn 0.0008 1.0000 -0.0090
vn 0.1355 0.0239 0.9905
vn -0.0026 1.0000 -0.0092
vn -0.0000 1.0000 -0.0087
vn 0.0022 1.0000 0.0090
vn -0.0024 1.0000 0.0052
vn 0.0014 1.0000 -0.0060
vn -0.0104 -0.0159 0.9998
vn -0.0036 0.0020 -1.0000
vn -0.0004 -1.0000 0.0059
vn -0.0999 0.0297 -0.9946
vn 0.0007 -0.9999 0.0111
vn -0.0049 -0.0101 -0.9999
vn -0.0002 -1.0000 0.0074
vn -0.0287 -0.0268 -0.9992
vn 0.0001 -1.0000 0.0098
vn -0.0644 0.0120 -0.9979
vn 0.0012 -0.9999 0.0114
vn 0.0235 0.0321 -0.9992
vn -0.0004 -0.9999 0.0126
vn -0.0008 1.0000 0.0061
vn -0.0726 -0.0016 -0.9974
vn 0.0019 0.9999 -0.0105
vn 0.9768 -0.1084 0.1848
vn -0.0018 1.0000 -0.0002
vn 0.9089 -0.2861 -0.3034
vn -0.0021 1.0000 -0.0029
vn -0.8587 -0.1821 0.4789
vn -0.9971 -0.0709 -0.0289
vn 0.0016 1.0000 0.0070
vn -0.9841 -0.1684 -0.0563
vn -0.9749 -0.0000 0.2227
vn 0.0020 1.0000 -0.0017
vn -0.8658 0.5004 -0.0000
vn -0.0000 -0.0000 1.0000
vn -1.0000 -0.0000 -0.0000
vn -0.0000 -0.0000 -1.0000
vn -0.8658 -0.5004 -0.0000
vn -0.9768 -0.2142 -0.0000
vn -0.9768 0.2142 -0.0000
vn 0.8652 0.5004 0.0315
vn -0.0364 -0.0000 0.9993
vn 0.9993 -0.0000 0.0364
vn 0.0364 -0.0000 -0.9993
vn 0.8652 -0.5004 0.0315
vn 0.9762 -0.2141 0.0356
vn 0.9762 0.2141 0.0356
vn -0.3532 -0.9354 0.0166
vn 0.0762 0.0022 0.9971
vn -0.0701 0.0029 -0.9975
vn -0.3177 -0.9425 0.1032
vn 0.5540 -0.8117 -0.1847
vn -0.1047 -0.9372 -0.3326
vn 0.0010 1.0000 0.0012
vn 0.0021 1.0000 -0.0012
vn 0.0024 1.0000 -0.0008
vn -0.0105 0.9998 0.0174
vn -0.0073 0.9998 0.0198
vn 0.0405 0.9979 0.0501
vn 0.0163 0.9999 -0.0011
vn -0.0010 1.0000 -0.0012
vn -0.0108 0.9216 -0.3881
vn -0.0106 -0.7668 0.6417
vn 0.8321 0.5488 -0.0807
vn -0.0006 -0.9979 -0.0653
vn -0.0003 0.9968 0.0802
vn -0.0000 -0.9968 0.0793
vn 0.5627 -0.0176 0.8265
vn -0.0496 0.9924 0.1125
vn -0.7651 0.0197 0.6437
vn -0.7756 -0.0159 0.6310
vn -0.0086 -0.0007 1.0000
vn 0.0021 0.0035 -1.0000
vn -0.5628 0.0176 0.8264
vn -0.6531 -0.0451 -0.7559
vn -0.3891 0.0168 -0.9210
vn 0.6297 -0.0204 0.7765
vn -0.0658 -0.0011 0.9978
vn -0.1224 -0.9924 -0.0087
vn 0.7650 -0.0197 0.6437
vn 0.6142 -0.0067 -0.7892
vn 0.0414 0.9329 -0.3576
vn -0.0028 -0.0005 -1.0000
vn -0.6956 0.0170 0.7183
vn -0.7042 0.0529 -0.7080
vn -0.0021 -0.0041 -1.0000
vn -0.1059 -0.0022 -0.9944
vn 0.5628 -0.0176 0.8264
vn 0.3891 -0.0168 -0.9210
vn 0.1224 0.9924 -0.0087
vn 0.9976 -0.0015 0.0688
vn -0.8604 -0.0111 -0.5094
vn -0.4797 0.8769 -0.0285
vn 0.9971 -0.0010 0.0758
vn -0.0195 -0.0134 0.9997
vn -0.9996 0.0057 -0.0265
vn -0.0898 0.9952 0.0380
vn 0.9610 -0.0183 0.2761
vn 0.9996 -0.0019 0.0275
vn -0.1080 0.9936 -0.0321
vn -0.0661 -0.0687 0.9955
vn -0.0003 -0.9958 -0.0919
vn -0.0042 0.9974 0.0724
vn 0.0005 0.9954 0.0956
vn -0.8676 0.4780 0.1367
vn 0.8336 0.5499 -0.0520
vn 0.0113 -0.8641 0.5031
vn -0.0044 0.7103 -0.7038
vn -0.0025 1.0000 0.0052
vn 0.0021 1.0000 -0.0017
vn -0.0023 -0.9999 -0.0167
vn 0.0007 1.0000 0.0032
vn -0.0107 0.8914 -0.4530
vn -0.0106 -0.7189 0.6950
vn -0.0006 -1.0000 0.0063
vn -0.0025 0.9929 -0.1187
vn 0.0022 -0.9918 0.1278
vn -0.0008 -0.9931 0.1170
vn -0.0003 -0.9922 0.1249
vn 0.0056 -0.9909 0.1342
vn 0.0021 -0.9904 0.1381
vn -0.0023 0.9907 0.1362
vn 0.0030 -0.9889 -0.1486
vn 0.0051 -0.9910 -0.1337
vn 0.0002 -0.9885 -0.1514
vn -0.0034 0.9886 0.1508
vn 0.0004 0.9887 0.1498
vn 0.0013 -0.9900 -0.1412
vn -0.0039 0.9892 0.1463
vn 0.0025 1.0000 -0.0090
vn 0.6873 0.1861 0.7022
vn 0.0279 -0.8641 0.5025
vn 0.0474 0.7164 0.6960
vn 0.0508 0.6998 0.7125
vn 0.0292 0.7105 0.7031
vn -0.0008 1.0000 0.0062
vn -0.8588 -0.1821 0.4789
vn 0.2952 -0.9423 0.1582
vn 0.1715 -0.8768 0.4492
vt 0.965865 0.969697
vt 1.000000 0.969697
vt 1.000000 1.000000
vt 0.965865 1.000000
vt 0.000000 0.969697
vt 0.015865 0.969697
vt 0.015865 1.000000
vt 0.000000 1.000000
vt 0.040865 0.969697
vt 0.040865 1.000000
vt 0.065865 0.969697
vt 0.065865 1.000000
vt 0.090865 0.969697
vt 0.090865 1.000000
vt 0.115865 0.969697
vt 0.115865 1.000000
vt 0.140865 0.969697
vt 0.140865 1.000000
vt 0.165865 0.969697
vt 0.165865 1.000000
vt 0.190865 0.969697
vt 0.190865 1.000000
vt 0.215865 0.969697
vt 0.215865 1.000000
vt 0.240865 0.969697
vt 0.240865 1.000000
vt 0.265865 0.969697
vt 0.265865 1.000000
vt 0.290865 0.969697
vt 0.290865 1.000000
vt 0.315865 0.969697
vt 0.315865 1.000000
vt 0.340865 0.969697
vt 0.340865 1.000000
vt 0.365865 0.969697
vt 0.365865 1.000000
vt 0.390865 0.969697
vt 0.390865 1.000000
vt 0.415865 0.969697
vt 0.415865 1.000000
vt 0.440865 0.969697
vt 0.440865 1.000000
vt 0.465865 0.969697
vt 0.465865 1.000000
vt 0.490865 0.969697
vt 0.490865 1.000000
vt 0.515865 0.969697
vt 0.515865 1.000000
vt 0.540865 0.969697
vt 0.540865 1.000000
vt 0.565865 0.969697
vt 0.565865 1.000000
vt 0.590865 0.969697
vt 0.590865 1.000000
vt 0.615865 0.969697
vt 0.615865 1.000000
vt 0.640866 0.969697
vt 0.640865 1.000000
vt 0.665865 0.969697
vt 0.665865 1.000000
vt 0.690865 0.969697
vt 0.690865 1.000000
vt 0.715865 0.969697
vt 0.715865 1.000000
vt 0.740865 0.969697
vt 0.740865 1.000000
vt 0.765865 0.969697
vt 0.765865 1.000000
vt 0.790865 0.969697
vt 0.790865 1.000000
vt 0.815865 0.969697
vt 0.815865 1.000000
vt 0.840865 0.969697
vt 0.840865 1.000000
vt 0.865865 0.969697
vt 0.865865 1.000000
vt 0.890865 0.969697
vt 0.890865 1.000000
vt 0.915865 0.969697
vt 0.915865 1.000000
vt 0.940866 0.969697
vt 0.940865 1.000000
vt 0.940865 0.000000
vt 0.965865 0.000000
vt 0.965865 0.030303
vt 0.940865 0.030303
vt 0.965865 0.060606
vt 0.940865 0.060606
vt 0.965865 0.090909
vt 0.940865 0.090909
vt 0.965865 0.121212
vt 0.940865 0.121212
vt 0.965865 0.151515
vt 0.940865 0.151515
vt 0.965865 0.181818
vt 0.940865 0.181818
vt 0.965865 0.212121
vt 0.940865 0.212121
vt 0.965865 0.242424
vt 0.940865 0.242424
vt 0.965865 0.272727
vt 0.940865 0.272727
vt 0.965865 0.303030
vt 0.940865 0.303030
vt 0.965865 0.333333
vt 0.940865 0.333333
vt 0.965865 0.363636
vt 0.940865 0.363636
vt 0.965865 0.393939
vt 0.940865 0.393939
vt 0.965865 0.424242
vt 0.940865 0.424242
vt 0.965865 0.454545
vt 0.940865 0.454545
vt 0.965865 0.484848
vt 0.940865 0.484848
vt 0.965865 0.515152
vt 0.940865 0.515152
vt 0.965865 0.545455
vt 0.940865 0.545455
vt 0.965865 0.575758
vt 0.940865 0.575758
vt 0.965865 0.606061
vt 0.940865 0.606061
vt 0.965865 0.636364
vt 0.940865 0.636364
vt 0.965865 0.666667
vt 0.940865 0.666667
vt 0.965865 0.696970
vt 0.940865 0.696970
vt 0.965865 0.727273
vt 0.940865 0.727273
vt 0.965865 0.757576
vt 0.940865 0.757576
vt 0.965865 0.787879
vt 0.940865 0.787879
vt 0.965865 0.818182
vt 0.940865 0.818182
vt 0.965865 0.848485
vt 0.940865 0.848485
vt 0.965865 0.878788
vt 0.940865 0.878788
vt 0.965865 0.909091
vt 0.940865 0.909091
vt 0.965865 0.939394
vt 0.940865 0.939394
vt 0.915865 0.000000
vt 0.915865 0.030303
vt 0.915865 0.060606
vt 0.915865 0.090909
vt 0.915865 0.121212
vt 0.915865 0.151515
vt 0.915865 0.181818
vt 0.915865 0.212121
vt 0.915865 0.242424
vt 0.915865 0.272727
vt 0.915865 0.303030
vt 0.915865 0.333333
vt 0.915865 0.363636
vt 0.915865 0.393939
vt 0.915865 0.424242
vt 0.915865 0.454545
vt 0.915865 0.484848
vt 0.915865 0.515152
vt 0.915865 0.545455
vt 0.915865 0.575758
vt 0.915865 0.606061
vt 0.915865 0.636364
vt 0.915865 0.666667
vt 0.915865 0.696970
vt 0.915865 0.727273
vt 0.915865 0.757576
vt 0.915865 0.787879
vt 0.915865 0.818182
vt 0.915865 0.848485
vt 0.915865 0.878788
vt 0.915865 0.909091
vt 0.915865 0.939394
vt 0.890865 0.000000
vt 0.890865 0.030303
vt 0.890865 0.060606
vt 0.890865 0.090909
vt 0.890865 0.121212
vt 0.890865 0.151515
vt 0.890865 0.181818
vt 0.890865 0.212121
vt 0.890865 0.242424
vt 0.890865 0.272727
vt 0.890865 0.303030
vt 0.890866 0.333333
vt 0.890866 0.363636
vt 0.890866 0.393939
vt 0.890866 0.424242
vt 0.890866 0.454545
vt 0.890866 0.484848
vt 0.890866 0.515152
vt 0.890866 0.545455
vt 0.890866 0.575758
vt 0.890866 0.606061
vt 0.890866 0.636364
vt 0.890866 0.666667
vt 0.890865 0.696970
vt 0.890865 0.727273
vt 0.890865 0.757576
vt 0.890865 0.787879
vt 0.890865 0.818182
vt 0.890865 0.848485
vt 0.890865 0.878788
vt 0.890865 0.909091
vt 0.890865 0.939394
vt 0.865865 0.000000
vt 0.865865 0.030303
vt 0.865865 0.060606
vt 0.865865 0.090909
vt 0.865865 0.121212
vt 0.865865 0.151515
vt 0.865865 0.181818
vt 0.865865 0.212121
vt 0.865865 0.242424
vt 0.865865 0.272727
vt 0.865865 0.303030
vt 0.865865 0.333333
vt 0.865865 0.363636
vt 0.865865 0.393939
vt 0.865865 0.424242
vt 0.865865 0.454545
vt 0.865865 0.484848
vt 0.865865 0.515152
vt 0.865865 0.545455
vt 0.865865 0.575758
vt 0.865865 0.606061
vt 0.865865 0.636364
vt 0.865865 0.666667
vt 0.865865 0.696970
vt 0.865865 0.727273
vt 0.865865 0.757576
vt 0.865865 0.787879
vt 0.865865 0.818182
vt 0.865865 0.848485
vt 0.865865 0.878788
vt 0.865865 0.909091
vt 0.865865 0.939394
vt 0.840865 0.000000
vt 0.840865 0.030303
vt 0.840865 0.060606
vt 0.840865 0.090909
vt 0.840865 0.121212
vt 0.840865 0.151515
vt 0.840865 0.181818
vt 0.840865 0.212121
vt 0.840865 0.242424
vt 0.840865 0.272727
vt 0.840865 0.303030
vt 0.840865 0.333333
vt 0.840865 0.363636
vt 0.840865 0.393939
vt 0.840865 0.424242
vt 0.840865 0.454545
vt 0.840865 0.484848
vt 0.840865 0.515152
vt 0.840865 0.545455
vt 0.840865 0.575758
vt 0.840865 0.606061
vt 0.840865 0.636364
vt 0.840865 0.666667
vt 0.840865 0.696970
vt 0.840865 0.727273
vt 0.840865 0.757576
vt 0.840865 0.787879
vt 0.840865 0.818182
vt 0.840865 0.848485
vt 0.840865 0.878788
vt 0.840865 0.909091
vt 0.840865 0.939394
vt 0.815865 0.000000
vt 0.815865 0.030303
vt 0.815865 0.060606
vt 0.815865 0.090909
vt 0.815865 0.121212
vt 0.815865 0.151515
vt 0.815865 0.181818
vt 0.815865 0.212121
vt 0.815865 0.242424
vt 0.815865 0.272727
vt 0.815865 0.303030
vt 0.815865 0.333333
vt 0.815865 0.363636
vt 0.815865 0.393939
vt 0.815865 0.424242
vt 0.815865 0.454545
vt 0.815865 0.484848
vt 0.815865 0.515152
vt 0.815865 0.545455
vt 0.815865 0.575758
vt 0.815865 0.606061
vt 0.815865 0.636364
vt 0.815865 0.666667
vt 0.815865 0.696970
vt 0.815865 0.727273
vt 0.815865 0.757576
vt 0.815865 0.787879
vt 0.815865 0.818182
vt 0.815865 0.848485
vt 0.815865 0.878788
vt 0.815865 0.909091
vt 0.815865 0.939394
vt 0.790865 0.000000
vt 0.790865 0.030303
vt 0.790865 0.060606
vt 0.790865 0.090909
vt 0.790865 0.121212
vt 0.790865 0.151515
vt 0.790865 0.181818
vt 0.790865 0.212121
vt 0.790865 0.242424
vt 0.790865 0.272727
vt 0.790865 0.303030
vt 0.790865 0.333333
vt 0.790865 0.363636
vt 0.790865 0.393939
vt 0.790865 0.424242
vt 0.790865 0.454545
vt 0.790865 0.484848
vt 0.790865 0.515152
vt 0.790865 0.545455
vt 0.790865 0.575758
vt 0.790865 0.606061
vt 0.790865 0.636364
vt 0.790865 0.666667
vt 0.790865 0.696970
vt 0.790865 0.727273
vt 0.790865 0.757576
vt 0.790865 0.787879
vt 0.790865 0.818182
vt 0.790865 0.848485
vt 0.790865 0.878788
vt 0.790865 0.909091
vt 0.790865 0.939394
vt 0.765865 0.000000
vt 0.765865 0.030303
vt 0.765865 0.060606
vt 0.765865 0.090909
vt 0.765865 0.121212
vt 0.765865 0.151515
vt 0.765865 0.181818
vt 0.765865 0.212121
vt 0.765865 0.242424
vt 0.765865 0.272727
vt 0.765865 0.303030
vt 0.765865 0.333333
vt 0.765865 0.363636
vt 0.765865 0.393939
vt 0.765865 0.424242
vt 0.765865 0.454545
vt 0.765865 0.484848
vt 0.765865 0.515152
vt 0.765865 0.545455
vt 0.765865 0.575758
vt 0.765865 0.606061
vt 0.765865 0.636364
vt 0.765865 0.666667
vt 0.765865 0.696970
vt 0.765865 0.727273
vt 0.765865 0.757576
vt 0.765865 0.787879
vt 0.765865 0.818182
vt 0.765865 0.848485
vt 0.765865 0.878788
vt 0.765865 0.909091
vt 0.765865 0.939394
vt 0.740865 0.000000
vt 0.740865 0.030303
vt 0.740865 0.060606
vt 0.740865 0.090909
vt 0.740865 0.121212
vt 0.740865 0.151515
vt 0.740865 0.181818
vt 0.740865 0.212121
vt 0.740865 0.242424
vt 0.740865 0.272727
vt 0.740865 0.303030
vt 0.740865 0.333333
vt 0.740865 0.363636
vt 0.740865 0.393939
vt 0.740865 0.424242
vt 0.740865 0.454545
vt 0.740865 0.484848
vt 0.740865 0.515152
vt 0.740865 0.545455
vt 0.740865 0.575758
vt 0.740865 0.606061
vt 0.740865 0.636364
vt 0.740865 0.666667
vt 0.740865 0.696970
vt 0.740865 0.727273
vt 0.740865 0.757576
vt 0.740866 0.787879
vt 0.740865 0.818182
vt 0.740865 0.848485
vt 0.740865 0.878788
vt 0.740866 0.909091
vt 0.740865 0.939394
vt 0.715865 0.000000
vt 0.715865 0.030303
vt 0.715865 0.060606
vt 0.715865 0.090909
vt 0.715865 0.121212
vt 0.715865 0.151515
vt 0.715865 0.181818
vt 0.715865 0.212121
vt 0.715865 0.242424
vt 0.715865 0.272727
vt 0.715865 0.303030
vt 0.715865 0.333333
vt 0.715865 0.363636
vt 0.715865 0.393939
vt 0.715865 0.424242
vt 0.715865 0.454545
vt 0.715865 0.484848
vt 0.715865 0.515152
vt 0.715865 0.545455
vt 0.715865 0.575758
vt 0.715865 0.606061
vt 0.715865 0.636364
vt 0.715865 0.666667
vt 0.715865 0.696970
vt 0.715865 0.727273
vt 0.715865 0.757576
vt 0.715865 0.787879
vt 0.715865 0.818182
vt 0.715865 0.848485
vt 0.715865 0.878788
vt 0.715865 0.909091
vt 0.715865 0.939394
vt 0.690865 0.000000
vt 0.690865 0.030303
vt 0.690865 0.060606
vt 0.690865 0.090909
vt 0.690865 0.121212
vt 0.690865 0.151515
vt 0.690865 0.181818
vt 0.690865 0.212121
vt 0.690865 0.242424
vt 0.690865 0.272727
vt 0.690865 0.303030
vt 0.690865 0.333333
vt 0.690865 0.363636
vt 0.690865 0.393939
vt 0.690865 0.424242
vt 0.690865 0.454545
vt 0.690865 0.484848
vt 0.690865 0.515152
vt 0.690865 0.545455
vt 0.690865 0.575758
vt 0.690865 0.606061
vt 0.690865 0.636364
vt 0.690865 0.666667
vt 0.690865 0.696970
vt 0.690865 0.727273
vt 0.690865 0.757576
vt 0.690865 0.787879
vt 0.690865 0.818182
vt 0.690865 0.848485
vt 0.690865 0.878788
vt 0.690865 0.909091
vt 0.690865 0.939394
vt 0.665865 0.000000
vt 0.665865 0.030303
vt 0.665865 0.060606
vt 0.665865 0.090909
vt 0.665865 0.121212
vt 0.665865 0.151515
vt 0.665865 0.181818
vt 0.665865 0.212121
vt 0.665865 0.242424
vt 0.665865 0.272727
vt 0.665865 0.303030
vt 0.665865 0.333333
vt 0.665865 0.363636
vt 0.665865 0.393939
vt 0.665865 0.424242
vt 0.665865 0.454545
vt 0.665865 0.484848
vt 0.665865 0.515152
vt 0.665865 0.545455
vt 0.665865 0.575758
vt 0.665865 0.606061
vt 0.665865 0.636364
vt 0.665865 0.666667
vt 0.665865 0.696970
vt 0.665865 0.727273
vt 0.665865 0.757576
vt 0.665865 0.787879
vt 0.665865 0.818182
vt 0.665865 0.848485
vt 0.665865 0.878788
vt 0.665866 0.909091
vt 0.665865 0.939394
vt 0.640865 0.000000
vt 0.640865 0.030303
vt 0.640865 0.060606
vt 0.640865 0.090909
vt 0.640865 0.121212
vt 0.640865 0.151515
vt 0.640865 0.181818
vt 0.640865 0.212121
vt 0.640865 0.242424
vt 0.640865 0.272727
vt 0.640865 0.303030
vt 0.640865 0.333333
vt 0.640865 0.363636
vt 0.640865 0.393939
vt 0.640865 0.424242
vt 0.640865 0.454545
vt 0.640865 0.484848
vt 0.640865 0.515152
vt 0.640865 0.545455
vt 0.640865 0.575758
vt 0.640865 0.606061
vt 0.640865 0.636364
vt 0.640865 0.666667
vt 0.640865 0.696970
vt 0.640865 0.727273
vt 0.640865 0.757576
vt 0.640865 0.787879
vt 0.640865 0.818182
vt 0.640865 0.848485
vt 0.640865 0.878788
vt 0.640865 0.909091
vt 0.640865 0.939394
vt 0.615865 0.000000
vt 0.615865 0.030303
vt 0.615865 0.060606
vt 0.615865 0.090909
vt 0.615865 0.121212
vt 0.615865 0.151515
vt 0.615865 0.181818
vt 0.615865 0.212121
vt 0.615865 0.242424
vt 0.615865 0.272727
vt 0.615865 0.303030
vt 0.615865 0.333333
vt 0.615865 0.363636
vt 0.615865 0.393939
vt 0.615865 0.424242
vt 0.615865 0.454545
vt 0.615865 0.484848
vt 0.615865 0.515152
vt 0.615865 0.545455
vt 0.615865 0.575758
vt 0.615865 0.606061
vt 0.615865 0.636364
vt 0.615865 0.666667
vt 0.615865 0.696970
vt 0.615865 0.727273
vt 0.615865 0.757576
vt 0.615865 0.787879
vt 0.615865 0.818182
vt 0.615865 0.848485
vt 0.615865 0.878788
vt 0.615865 0.909091
vt 0.615865 0.939394
vt 0.590865 0.000000
vt 0.590865 0.030303
vt 0.590865 0.060606
vt 0.590865 0.090909
vt 0.590865 0.121212
vt 0.590865 0.151515
vt 0.590865 0.181818
vt 0.590865 0.212121
vt 0.590865 0.242424
vt 0.590865 0.272727
vt 0.590865 0.303030
vt 0.590865 0.333333
vt 0.590865 0.363636
vt 0.590865 0.393939
vt 0.590865 0.424242
vt 0.590865 0.454545
vt 0.590865 0.484848
vt 0.590865 0.515151
vt 0.590865 0.545455
vt 0.590865 0.575758
vt 0.590865 0.606061
vt 0.590865 0.636364
vt 0.590865 0.666667
vt 0.590865 0.696970
vt 0.590865 0.727273
vt 0.590865 0.757576
vt 0.590865 0.787879
vt 0.590865 0.818182
vt 0.590865 0.848485
vt 0.590865 0.878788
vt 0.590865 0.909091
vt 0.590865 0.939394
vt 0.565865 0.000000
vt 0.565865 0.030303
vt 0.565865 0.060606
vt 0.565865 0.090909
vt 0.565865 0.121212
vt 0.565865 0.151515
vt 0.565865 0.181818
vt 0.565865 0.212121
vt 0.565865 0.242424
vt 0.565865 0.272727
vt 0.565865 0.303030
vt 0.565865 0.333333
vt 0.565865 0.363636
vt 0.565865 0.393939
vt 0.565865 0.424242
vt 0.565865 0.454545
vt 0.565865 0.484848
vt 0.565865 0.515152
vt 0.565865 0.545455
vt 0.565865 0.575758
vt 0.565865 0.606061
vt 0.565865 0.636364
vt 0.565865 0.666667
vt 0.565865 0.696970
vt 0.565865 0.727273
vt 0.565865 0.757576
vt 0.565865 0.787879
vt 0.565865 0.818182
vt 0.565865 0.848485
vt 0.565865 0.878788
vt 0.565865 0.909091
vt 0.565865 0.939394
vt 0.540865 0.000000
vt 0.540865 0.030303
vt 0.540865 0.060606
vt 0.540865 0.090909
vt 0.540865 0.121212
vt 0.540865 0.151515
vt 0.540865 0.181818
vt 0.540865 0.212121
vt 0.540865 0.242424
vt 0.540865 0.272727
vt 0.540865 0.303030
vt 0.540865 0.333333
vt 0.540865 0.363636
vt 0.540865 0.393939
vt 0.540865 0.424242
vt 0.540865 0.454545
vt 0.540865 0.484848
vt 0.540865 0.515152
vt 0.540865 0.545455
vt 0.540865 0.575758
vt 0.540865 0.606061
vt 0.540865 0.636364
vt 0.540865 0.666667
vt 0.540865 0.696970
vt 0.540865 0.727273
vt 0.540865 0.757576
vt 0.540865 0.787879
vt 0.540865 0.818182
vt 0.540865 0.848485
vt 0.540865 0.878788
vt 0.540865 0.909091
vt 0.540865 0.939394
vt 0.515865 0.000000
vt 0.515865 0.030303
vt 0.515865 0.060606
vt 0.515865 0.090909
vt 0.515865 0.121212
vt 0.515865 0.151515
vt 0.515865 0.181818
vt 0.515865 0.212121
vt 0.515865 0.242424
vt 0.515865 0.272727
vt 0.515865 0.303030
vt 0.515865 0.333333
vt 0.515865 0.363636
vt 0.515865 0.393939
vt 0.515865 0.424242
vt 0.515865 0.454545
vt 0.515865 0.484848
vt 0.515865 0.515152
vt 0.515865 0.545455
vt 0.515865 0.575758
vt 0.515865 0.606061
vt 0.515865 0.636364
vt 0.515865 0.666667
vt 0.515865 0.696970
vt 0.515865 0.727273
vt 0.515865 0.757576
vt 0.515865 0.787879
vt 0.515865 0.818182
vt 0.515865 0.848485
vt 0.515865 0.878788
vt 0.515865 0.909091
vt 0.515865 0.939394
vt 0.490865 0.000000
vt 0.490865 0.030303
vt 0.490865 0.060606
vt 0.490865 0.090909
vt 0.490865 0.121212
vt 0.490865 0.151515
vt 0.490865 0.181818
vt 0.490865 0.212121
vt 0.490865 0.242424
vt 0.490865 0.272727
vt 0.490865 0.303030
vt 0.490865 0.333333
vt 0.490865 0.363636
vt 0.490865 0.393939
vt 0.490865 0.424242
vt 0.490865 0.454545
vt 0.490865 0.484848
vt 0.490865 0.515152
vt 0.490865 0.545455
vt 0.490865 0.575758
vt 0.490865 0.606061
vt 0.490865 0.636364
vt 0.490865 0.666667
vt 0.490865 0.696970
vt 0.490865 0.727273
vt 0.490865 0.757576
vt 0.490865 0.787879
vt 0.490865 0.818182
vt 0.490865 0.848485
vt 0.490865 0.878788
vt 0.490865 0.909091
vt 0.490865 0.939394
vt 0.465865 0.000000
vt 0.465865 0.030303
vt 0.465865 0.060606
vt 0.465865 0.090909
vt 0.465865 0.121212
vt 0.465865 0.151515
vt 0.465865 0.181818
vt 0.465865 0.212121
vt 0.465865 0.242424
vt 0.465865 0.272727
vt 0.465865 0.303030
vt 0.465865 0.333333
vt 0.465865 0.363636
vt 0.465865 0.393939
vt 0.465865 0.424242
vt 0.465865 0.454545
vt 0.465865 0.484848
vt 0.465865 0.515152
vt 0.465865 0.545455
vt 0.465865 0.575758
vt 0.465865 0.606061
vt 0.465865 0.636364
vt 0.465865 0.666667
vt 0.465865 0.696970
vt 0.465865 0.727273
vt 0.465865 0.757576
vt 0.465865 0.787879
vt 0.465865 0.818182
vt 0.465865 0.848485
vt 0.465865 0.878788
vt 0.465865 0.909091
vt 0.465865 0.939394
vt 0.440865 0.000000
vt 0.440865 0.030303
vt 0.440865 0.060606
vt 0.440865 0.090909
vt 0.440865 0.121212
vt 0.440865 0.151515
vt 0.440865 0.181818
vt 0.440865 0.212121
vt 0.440865 0.242424
vt 0.440865 0.272727
vt 0.440865 0.303030
vt 0.440865 0.333333
vt 0.440865 0.363636
vt 0.440865 0.393939
vt 0.440865 0.424242
vt 0.440865 0.454545
vt 0.440865 0.484848
vt 0.440865 0.515152
vt 0.440865 0.545455
vt 0.440865 0.575758
vt 0.440865 0.606061
vt 0.440865 0.636364
vt 0.440865 0.666667
vt 0.440865 0.696970
vt 0.440865 0.727273
vt 0.440865 0.757576
vt 0.440865 0.787879
vt 0.440865 0.818182
vt 0.440865 0.848485
vt 0.440865 0.878788
vt 0.440865 0.909091
vt 0.440865 0.939394
vt 0.415865 0.000000
vt 0.415865 0.030303
vt 0.415865 0.060606
vt 0.415865 0.090909
vt 0.415865 0.121212
vt 0.415865 0.151515
vt 0.415865 0.181818
vt 0.415865 0.212121
vt 0.415865 0.242424
vt 0.415865 0.272727
vt 0.415865 0.303030
vt 0.415865 0.333333
vt 0.415865 0.363636
vt 0.415865 0.393939
vt 0.415865 0.424242
vt 0.415865 0.454545
vt 0.415865 0.484848
vt 0.415865 0.515152
vt 0.415865 0.545455
vt 0.415865 0.575758
vt 0.415865 0.606061
vt 0.415865 0.636364
vt 0.415865 0.666667
vt 0.415865 0.696970
vt 0.415865 0.727273
vt 0.415865 0.757576
vt 0.415865 0.787879
vt 0.415865 0.818182
vt 0.415865 0.848485
vt 0.415865 0.878788
vt 0.415865 0.909091
vt 0.415865 0.939394
vt 0.390865 0.000000
vt 0.390865 0.030303
vt 0.390865 0.060606
vt 0.390865 0.090909
vt 0.390865 0.121212
vt 0.390865 0.151515
vt 0.390865 0.181818
vt 0.390865 0.212121
vt 0.390865 0.242424
vt 0.390865 0.272727
vt 0.390865 0.303030
vt 0.390865 0.333333
vt 0.390865 0.363636
vt 0.390865 0.393939
vt 0.390865 0.424242
vt 0.390865 0.454545
vt 0.390865 0.484848
vt 0.390865 0.515151
vt 0.390865 0.545455
vt 0.390865 0.575758
vt 0.390865 0.606061
vt 0.390865 0.636364
vt 0.390865 0.666667
vt 0.390865 0.696970
vt 0.390865 0.727273
vt 0.390865 0.757576
vt 0.390865 0.787879
vt 0.390865 0.818182
vt 0.390865 0.848485
vt 0.390865 0.878788
vt 0.390865 0.909091
vt 0.390865 0.939394
vt 0.365865 0.000000
vt 0.365865 0.030303
vt 0.365865 0.060606
vt 0.365865 0.090909
vt 0.365865 0.121212
vt 0.365865 0.151515
vt 0.365865 0.181818
vt 0.365865 0.212121
vt 0.365865 0.242424
vt 0.365865 0.272727
vt 0.365865 0.303030
vt 0.365865 0.333333
vt 0.365865 0.363636
vt 0.365865 0.393939
vt 0.365865 0.424242
vt 0.365865 0.454545
vt 0.365865 0.484848
vt 0.365865 0.515152
vt 0.365865 0.545455
vt 0.365865 0.575758
vt 0.365865 0.606061
vt 0.365865 0.636364
vt 0.365865 0.666667
vt 0.365865 0.696970
vt 0.365865 0.727273
vt 0.365865 0.757576
vt 0.365865 0.787879
vt 0.365865 0.818182
vt 0.365865 0.848485
vt 0.365865 0.878788
vt 0.365865 0.909091
vt 0.365865 0.939394
vt 0.340865 0.000000
vt 0.340865 0.030303
vt 0.340865 0.060606
vt 0.340865 0.090909
vt 0.340865 0.121212
vt 0.340865 0.151515
vt 0.340865 0.181818
vt 0.340865 0.212121
vt 0.340865 0.242424
vt 0.340865 0.272727
vt 0.340865 0.303030
vt 0.340865 0.333333
vt 0.340865 0.363636
vt 0.340865 0.393939
vt 0.340865 0.424242
vt 0.340865 0.454545
vt 0.340865 0.484848
vt 0.340865 0.515152
vt 0.340865 0.545455
vt 0.340865 0.575758
vt 0.340865 0.606061
vt 0.340865 0.636364
vt 0.340865 0.666667
vt 0.340865 0.696970
vt 0.340865 0.727273
vt 0.340865 0.757576
vt 0.340865 0.787879
vt 0.340865 0.818182
vt 0.340865 0.848485
vt 0.340865 0.878788
vt 0.340865 0.909091
vt 0.340865 0.939394
vt 0.315865 0.000000
vt 0.315865 0.030303
vt 0.315865 0.060606
vt 0.315865 0.090909
vt 0.315865 0.121212
vt 0.315865 0.151515
vt 0.315865 0.181818
vt 0.315865 0.212121
vt 0.315865 0.242424
vt 0.315865 0.272727
vt 0.315865 0.303030
vt 0.315865 0.333333
vt 0.315865 0.363636
vt 0.315865 0.393939
vt 0.315865 0.424242
vt 0.315865 0.454545
vt 0.315865 0.484848
vt 0.315865 0.515152
vt 0.315865 0.545455
vt 0.315865 0.575758
vt 0.315865 0.606061
vt 0.315865 0.636364
vt 0.315865 0.666667
vt 0.315865 0.696970
vt 0.315865 0.727273
vt 0.315865 0.757576
vt 0.315865 0.787879
vt 0.315865 0.818182
vt 0.315865 0.848485
vt 0.315865 0.878788
vt 0.315865 0.909091
vt 0.315865 0.939394
vt 0.290865 0.000000
vt 0.290865 0.030303
vt 0.290865 0.060606
vt 0.290865 0.090909
vt 0.290865 0.121212
vt 0.290865 0.151515
vt 0.290865 0.181818
vt 0.290865 0.212121
vt 0.290865 0.242424
vt 0.290865 0.272727
vt 0.290865 0.303030
vt 0.290865 0.333333
vt 0.290865 0.363636
vt 0.290865 0.393939
vt 0.290865 0.424242
vt 0.290865 0.454545
vt 0.290865 0.484848
vt 0.290865 0.515152
vt 0.290865 0.545455
vt 0.290865 0.575758
vt 0.290865 0.606061
vt 0.290865 0.636364
vt 0.290865 0.666667
vt 0.290865 0.696970
vt 0.290865 0.727273
vt 0.290865 0.757576
vt 0.290865 0.787879
vt 0.290865 0.818182
vt 0.290865 0.848485
vt 0.290865 0.878788
vt 0.290865 0.909091
vt 0.290865 0.939394
vt 0.265865 0.000000
vt 0.265865 0.030303
vt 0.265865 0.060606
vt 0.265865 0.090909
vt 0.265865 0.121212
vt 0.265865 0.151515
vt 0.265865 0.181818
vt 0.265865 0.212121
vt 0.265865 0.242424
vt 0.265865 0.272727
vt 0.265865 0.303030
vt 0.265865 0.333333
vt 0.265865 0.363636
vt 0.265865 0.393939
vt 0.265865 0.424242
vt 0.265865 0.454545
vt 0.265865 0.484848
vt 0.265865 0.515152
vt 0.265865 0.545455
vt 0.265865 0.575758
vt 0.265865 0.606061
vt 0.265865 0.636364
vt 0.265865 0.666667
vt 0.265865 0.696970
vt 0.265865 0.727273
vt 0.265865 0.757576
vt 0.265865 0.787879
vt 0.265865 0.818182
vt 0.265865 0.848485
vt 0.265865 0.878788
vt 0.265865 0.909091
vt 0.265865 0.939394
vt 0.240865 0.000000
vt 0.240865 0.030303
vt 0.240865 0.060606
vt 0.240865 0.090909
vt 0.240865 0.121212
vt 0.240865 0.151515
vt 0.240865 0.181818
vt 0.240865 0.212121
vt 0.240865 0.242424
vt 0.240865 0.272727
vt 0.240865 0.303030
vt 0.240865 0.333333
vt 0.240865 0.363636
vt 0.240865 0.393939
vt 0.240865 0.424242
vt 0.240865 0.454545
vt 0.240865 0.484848
vt 0.240865 0.515152
vt 0.240865 0.545455
vt 0.240865 0.575758
vt 0.240865 0.606061
vt 0.240865 0.636364
vt 0.240865 0.666667
vt 0.240865 0.696970
vt 0.240865 0.727273
vt 0.240865 0.757576
vt 0.240865 0.787879
vt 0.240865 0.818182
vt 0.240865 0.848485
vt 0.240865 0.878788
vt 0.240865 0.909091
vt 0.240865 0.939394
vt 0.215865 0.000000
vt 0.215865 0.030303
vt 0.215865 0.060606
vt 0.215865 0.090909
vt 0.215865 0.121212
vt 0.215865 0.151515
vt 0.215865 0.181818
vt 0.215865 0.212121
vt 0.215865 0.242424
vt 0.215865 0.272727
vt 0.215865 0.303030
vt 0.215865 0.333333
vt 0.215865 0.363636
vt 0.215865 0.393939
vt 0.215865 0.424242
vt 0.215865 0.454545
vt 0.215865 0.484848
vt 0.215865 0.515152
vt 0.215865 0.545455
vt 0.215865 0.575758
vt 0.215865 0.606061
vt 0.215865 0.636364
vt 0.215865 0.666667
vt 0.215865 0.696970
vt 0.215865 0.727273
vt 0.215865 0.757576
vt 0.215865 0.787879
vt 0.215865 0.818182
vt 0.215865 0.848485
vt 0.215865 0.878788
vt 0.215865 0.909091
vt 0.215865 0.939394
vt 0.190865 0.000000
vt 0.190865 0.030303
vt 0.190865 0.060606
vt 0.190865 0.090909
vt 0.190865 0.121212
vt 0.190865 0.151515
vt 0.190865 0.181818
vt 0.190865 0.212121
vt 0.190865 0.242424
vt 0.190865 0.272727
vt 0.190865 0.303030
vt 0.190865 0.333333
vt 0.190865 0.363636
vt 0.190865 0.393939
vt 0.190865 0.424242
vt 0.190865 0.454545
vt 0.190865 0.484848
vt 0.190865 0.515152
vt 0.190865 0.545455
vt 0.190865 0.575758
vt 0.190865 0.606061
vt 0.190865 0.636364
vt 0.190865 0.666667
vt 0.190865 0.696970
vt 0.190865 0.727273
vt 0.190865 0.757576
vt 0.190865 0.787879
vt 0.190865 0.818182
vt 0.190865 0.848485
vt 0.190865 0.878788
vt 0.190865 0.909091
vt 0.190865 0.939394
vt 0.165865 0.000000
vt 0.165865 0.030303
vt 0.165865 0.060606
vt 0.165865 0.090909
vt 0.165865 0.121212
vt 0.165865 0.151515
vt 0.165865 0.181818
vt 0.165865 0.212121
vt 0.165865 0.242424
vt 0.165865 0.272727
vt 0.165865 0.303030
vt 0.165865 0.333333
vt 0.165865 0.363636
vt 0.165865 0.393939
vt 0.165865 0.424242
vt 0.165865 0.454545
vt 0.165865 0.484848
vt 0.165865 0.515152
vt 0.165865 0.545455
vt 0.165865 0.575758
vt 0.165865 0.606061
vt 0.165865 0.636364
vt 0.165865 0.666667
vt 0.165865 0.696970
vt 0.165865 0.727273
vt 0.165865 0.757576
vt 0.165865 0.787879
vt 0.165865 0.818182
vt 0.165865 0.848485
vt 0.165865 0.878788
vt 0.165865 0.909091
vt 0.165865 0.939394
vt 0.140865 0.000000
vt 0.140865 0.030303
vt 0.140865 0.060606
vt 0.140865 0.090909
vt 0.140865 0.121212
vt 0.140865 0.151515
vt 0.140865 0.181818
vt 0.140865 0.212121
vt 0.140865 0.242424
vt 0.140865 0.272727
vt 0.140865 0.303030
vt 0.140865 0.333333
vt 0.140865 0.363636
vt 0.140865 0.393939
vt 0.140865 0.424242
vt 0.140865 0.454545
vt 0.140865 0.484848
vt 0.140865 0.515152
vt 0.140865 0.545455
vt 0.140865 0.575758
vt 0.140865 0.606061
vt 0.140865 0.636364
vt 0.140865 0.666667
vt 0.140865 0.696970
vt 0.140865 0.727273
vt 0.140865 0.757576
vt 0.140865 0.787879
vt 0.140865 0.818182
vt 0.140865 0.848485
vt 0.140865 0.878788
vt 0.140865 0.909091
vt 0.140865 0.939394
vt 0.115865 0.000000
vt 0.115865 0.030303
vt 0.115865 0.060606
vt 0.115865 0.090909
vt 0.115865 0.121212
vt 0.115865 0.151515
vt 0.115865 0.181818
vt 0.115865 0.212121
vt 0.115865 0.242424
vt 0.115865 0.272727
vt 0.115865 0.303030
vt 0.115865 0.333333
vt 0.115865 0.363636
vt 0.115865 0.393939
vt 0.115865 0.424242
vt 0.115865 0.454545
vt 0.115865 0.484848
vt 0.115865 0.515152
vt 0.115865 0.545455
vt 0.115865 0.575758
vt 0.115865 0.606061
vt 0.115865 0.636364
vt 0.115865 0.666667
vt 0.115865 0.696970
vt 0.115865 0.727273
vt 0.115865 0.757576
vt 0.115865 0.787879
vt 0.115865 0.818182
vt 0.115865 0.848485
vt 0.115865 0.878788
vt 0.115865 0.909091
vt 0.115865 0.939394
vt 0.090865 0.000000
vt 0.090865 0.030303
vt 0.090865 0.060606
vt 0.090865 0.090909
vt 0.090865 0.121212
vt 0.090865 0.151515
vt 0.090865 0.181818
vt 0.090865 0.212121
vt 0.090865 0.242424
vt 0.090865 0.272727
vt 0.090865 0.303030
vt 0.090865 0.333333
vt 0.090865 0.363636
vt 0.090865 0.393939
vt 0.090865 0.424242
vt 0.090865 0.454545
vt 0.090865 0.484848
vt 0.090865 0.515152
vt 0.090865 0.545455
vt 0.090865 0.575758
vt 0.090865 0.606061
vt 0.090865 0.636364
vt 0.090865 0.666667
vt 0.090865 0.696970
vt 0.090865 0.727273
vt 0.090865 0.757576
vt 0.090865 0.787879
vt 0.090865 0.818182
vt 0.090865 0.848485
vt 0.090865 0.878788
vt 0.090865 0.909091
vt 0.090865 0.939394
vt 0.065865 0.000000
vt 0.065865 0.030303
vt 0.065865 0.060606
vt 0.065865 0.090909
vt 0.065865 0.121212
vt 0.065865 0.151515
vt 0.065865 0.181818
vt 0.065865 0.212121
vt 0.065865 0.242424
vt 0.065865 0.272727
vt 0.065865 0.303030
vt 0.065865 0.333333
vt 0.065865 0.363636
vt 0.065865 0.393939
vt 0.065865 0.424242
vt 0.065865 0.454545
vt 0.065865 0.484848
vt 0.065865 0.515152
vt 0.065865 0.545455
vt 0.065865 0.575758
vt 0.065865 0.606061
vt 0.065865 0.636364
vt 0.065865 0.666667
vt 0.065865 0.696970
vt 0.065865 0.727273
vt 0.065865 0.757576
vt 0.065865 0.787879
vt 0.065865 0.818182
vt 0.065865 0.848485
vt 0.065865 0.878788
vt 0.065865 0.909091
vt 0.065865 0.939394
vt 0.040865 0.000000
vt 0.040865 0.030303
vt 0.040865 0.060606
vt 0.040865 0.090909
vt 0.040865 0.121212
vt 0.040865 0.151515
vt 0.040865 0.181818
vt 0.040865 0.212121
vt 0.040865 0.242424
vt 0.040865 0.272727
vt 0.040865 0.303030
vt 0.040865 0.333333
vt 0.040865 0.363636
vt 0.040865 0.393939
vt 0.040865 0.424242
vt 0.040865 0.454545
vt 0.040865 0.484848
vt 0.040865 0.515152
vt 0.040865 0.545455
vt 0.040865 0.575758
vt 0.040865 0.606061
vt 0.040865 0.636364
vt 0.040865 0.666667
vt 0.040865 0.696970
vt 0.040865 0.727273
vt 0.040865 0.757576
vt 0.040865 0.787879
vt 0.040865 0.818182
vt 0.040865 0.848485
vt 0.040865 0.878788
vt 0.040865 0.909091
vt 0.040865 0.939394
vt 0.015865 0.000000
vt 0.015865 0.030303
vt 0.015865 0.060606
vt 0.015865 0.090909
vt 0.015865 0.121212
vt 0.015865 0.151515
vt 0.015865 0.181818
vt 0.015865 0.212121
vt 0.015865 0.242424
vt 0.015865 0.272727
vt 0.015865 0.303030
vt 0.015865 0.333333
vt 0.015865 0.363636
vt 0.015865 0.393939
vt 0.015865 0.424242
vt 0.015865 0.454545
vt 0.015865 0.484848
vt 0.015865 0.515152
vt 0.015865 0.545455
vt 0.015865 0.575758
vt 0.015865 0.606061
vt 0.015865 0.636364
vt 0.015865 0.666667
vt 0.015865 0.696970
vt 0.015865 0.727273
vt 0.015865 0.757576
vt 0.015865 0.787879
vt 0.015865 0.818182
vt 0.015865 0.848485
vt 0.015865 0.878788
vt 0.015865 0.909091
vt 0.015865 0.939394
vt 0.000000 0.000000
vt 0.000000 0.030303
vt 0.000000 0.060606
vt 0.000000 0.090909
vt 0.000000 0.121212
vt 0.000000 0.151515
vt 0.000000 0.181818
vt 0.000000 0.212121
vt 0.000000 0.242424
vt 0.000000 0.272727
vt 0.000000 0.303030
vt 0.000000 0.333333
vt 0.000000 0.363636
vt 0.000000 0.393939
vt 0.000000 0.424242
vt 0.000000 0.454545
vt 0.000000 0.484848
vt 0.000000 0.515152
vt 0.000000 0.545455
vt 0.000000 0.575758
vt 0.000000 0.606061
vt 0.000000 0.636364
vt 0.000000 0.666667
vt 0.000000 0.696970
vt 0.000000 0.727273
vt 0.000000 0.757576
vt 0.000000 0.787879
vt 0.000000 0.818182
vt 0.000000 0.848485
vt 0.000000 0.878788
vt 0.000000 0.909091
vt 0.000000 0.939394
vt 1.000000 0.000000
vt 1.000000 0.030303
vt 1.000000 0.060606
vt 1.000000 0.090909
vt 1.000000 0.121212
vt 1.000000 0.151515
vt 1.000000 0.181818
vt 1.000000 0.212121
vt 1.000000 0.242424
vt 1.000000 0.272727
vt 1.000000 0.303030
vt 1.000000 0.333333
vt 1.000000 0.363636
vt 1.000000 0.393939
vt 1.000000 0.424242
vt 1.000000 0.454545
vt 1.000000 0.484848
vt 1.000000 0.515152
vt 1.000000 0.545455
vt 1.000000 0.575758
vt 1.000000 0.606061
vt 1.000000 0.636364
vt 1.000000 0.666667
vt 1.000000 0.696970
vt 1.000000 0.727273
vt 1.000000 0.757576
vt 1.000000 0.787879
vt 1.000000 0.818182
vt 1.000000 0.848485
vt 1.000000 0.878788
vt 1.000000 0.909091
vt 1.000000 0.939394
vt 0.347222 0.708333
vt 0.375000 0.708333
vt 0.375000 0.750000
vt 0.347222 0.750000
vt 0.652778 0.708333
vt 0.680556 0.708333
vt 0.680556 0.750000
vt 0.652778 0.750000
vt 0.708333 0.708333
vt 0.708333 0.750000
vt 0.736111 0.708333
vt 0.736111 0.750000
vt 0.763889 0.708333
vt 0.763889 0.750000
vt 0.791667 0.708333
vt 0.791667 0.750000
vt 0.819444 0.708333
vt 0.819444 0.750000
vt 0.125000 0.708333
vt 0.152778 0.708333
vt 0.152778 0.750000
vt 0.125000 0.750000
vt 0.208333 0.708333
vt 0.236111 0.708333
vt 0.236111 0.750000
vt 0.208333 0.750000
vt 0.625000 0.750000
vt 0.625000 0.777778
vt 0.375000 0.777778
vt 0.375000 0.888889
vt 0.625000 0.888889
vt 0.625000 0.916667
vt 0.375000 0.916667
vt 0.375000 0.388889
vt 0.625000 0.388889
vt 0.625000 0.416667
vt 0.375000 0.416667
vt 0.319444 0.541667
vt 0.347222 0.541667
vt 0.347222 0.583333
vt 0.319444 0.583333
vt 0.347222 0.625000
vt 0.319444 0.625000
vt 0.347222 0.666667
vt 0.319444 0.666667
vt 0.319444 0.708333
vt 0.291667 0.541667
vt 0.291667 0.583333
vt 0.291667 0.625000
vt 0.291667 0.666667
vt 0.291667 0.708333
vt 0.263889 0.500000
vt 0.291667 0.500000
vt 0.263889 0.541667
vt 0.263889 0.583333
vt 0.263889 0.625000
vt 0.263889 0.666667
vt 0.263889 0.708333
vt 0.236111 0.541667
vt 0.236111 0.583333
vt 0.236111 0.625000
vt 0.236111 0.666667
vt 0.208333 0.541667
vt 0.208333 0.583333
vt 0.208333 0.625000
vt 0.208333 0.666667
vt 0.180556 0.500000
vt 0.208333 0.500000
vt 0.180556 0.541667
vt 0.180556 0.583333
vt 0.180556 0.625000
vt 0.180556 0.666667
vt 0.180556 0.708333
vt 0.152778 0.500000
vt 0.152778 0.541667
vt 0.152778 0.583333
vt 0.152778 0.625000
vt 0.152778 0.666667
vt 0.125000 0.500000
vt 0.125000 0.541667
vt 0.125000 0.583333
vt 0.125000 0.625000
vt 0.125000 0.666667
vt 0.819444 0.541667
vt 0.847222 0.541667
vt 0.847222 0.583333
vt 0.819444 0.583333
vt 0.847222 0.625000
vt 0.819444 0.625000
vt 0.847222 0.666667
vt 0.819444 0.666667
vt 0.847222 0.708333
vt 0.791667 0.541667
vt 0.791667 0.583333
vt 0.791667 0.625000
vt 0.791667 0.666667
vt 0.763889 0.541667
vt 0.763889 0.583333
vt 0.763889 0.625000
vt 0.763889 0.666667
vt 0.736111 0.500000
vt 0.763889 0.500000
vt 0.736111 0.541667
vt 0.736111 0.583333
vt 0.736111 0.625000
vt 0.736111 0.666667
vt 0.708333 0.500000
vt 0.708333 0.541667
vt 0.708333 0.583333
vt 0.708333 0.625000
vt 0.708333 0.666667
vt 0.680556 0.541667
vt 0.680556 0.583333
vt 0.680556 0.625000
vt 0.680556 0.666667
vt 0.652778 0.541667
vt 0.652778 0.583333
vt 0.652778 0.625000
vt 0.652778 0.666667
vt 0.625000 0.625000
vt 0.625000 0.666667
vt 0.875000 0.541667
vt 0.875000 0.583333
vt 0.875000 0.625000
vt 0.347222 0.500000
vt 0.375000 0.500000
vt 0.375000 0.541667
vt 0.375000 0.583333
vt 0.375000 0.625000
vt 0.375000 0.666667
vt 0.625000 0.500000
vt 0.625000 0.541667
vt 0.375000 0.000000
vt 0.625000 0.000000
vt 0.625000 0.041667
vt 0.375000 0.041667
vt 0.375000 0.125000
vt 0.625000 0.125000
vt 0.625000 0.166667
vt 0.375000 0.166667
vt 0.625000 0.208333
vt 0.375000 0.208333
vt 0.625000 0.252917
vt 0.505314 0.250000
vt 0.625000 0.236314
vt 0.319444 0.527085
vt 0.318104 0.500000
vt 0.320199 0.501601
vt 0.322033 0.500000
vt 0.236111 0.531711
vt 0.234822 0.500000
vt 0.236111 0.500291
vt 0.238934 0.500000
vt 0.623791 0.277969
vt 0.625000 0.279892
vt 0.449827 0.277778
vt 0.625000 0.276319
vt 0.623962 0.304939
vt 0.625000 0.307387
vt 0.460921 0.305556
vt 0.625000 0.303441
vt 0.625000 0.331896
vt 0.625000 0.334679
vt 0.456934 0.333333
vt 0.625000 0.329670
vt 0.625000 0.444444
vt 0.625000 0.447152
vt 0.458700 0.444444
vt 0.598587 0.443163
vt 0.625000 0.473825
vt 0.449541 0.472222
vt 0.625000 0.469514
vt 0.625000 0.471993
vt 0.177858 0.750000
vt 0.180556 0.719798
vt 0.181901 0.748726
vt 0.179534 0.749721
vt 0.261158 0.750000
vt 0.263889 0.719502
vt 0.265219 0.748519
vt 0.263889 0.750000
vt 0.318105 0.750000
vt 0.319444 0.719634
vt 0.322141 0.750000
vt 0.319444 0.748300
vt 0.449541 0.972222
vt 0.625000 0.969364
vt 0.623390 0.972222
vt 0.625000 0.973796
vt 0.625000 0.056927
vt 0.563838 0.083333
vt 0.625000 0.095991
vt 0.462392 0.083333
vt 0.625000 0.559764
vt 0.628187 0.583333
vt 0.625000 0.608985
vt 0.453101 0.583333
vt 0.449541 0.708333
vt 0.625000 0.683714
vt 0.628293 0.708333
vt 0.625000 0.736773
vt 0.847222 0.531506
vt 0.850139 0.500000
vt 0.872083 0.500000
vt 0.875000 0.527373
vt 0.375000 0.250000
vt 0.375000 0.277778
vt 0.541300 0.444444
vt 0.375000 0.441764
vt 0.375000 0.447033
vt 0.375000 0.472222
vt 0.375000 0.333333
vt 0.625000 0.361111
vt 0.550459 0.361111
vt 0.375000 0.358533
vt 0.375000 0.363934
vt 0.375000 0.305556
vt 0.819444 0.528222
vt 0.821559 0.500000
vt 0.845108 0.500000
vt 0.791667 0.528729
vt 0.795330 0.500000
vt 0.815781 0.500000
vt 0.788975 0.500000
vt 0.680556 0.531724
vt 0.683118 0.500000
vt 0.652778 0.528237
vt 0.655486 0.500000
vt 0.677847 0.500000
vt 0.649573 0.500000
vt 0.375000 0.947142
vt 0.538509 0.944444
vt 0.625000 0.944444
vt 0.375000 0.972222
vt 0.375000 0.941753
vt 0.375000 0.863842
vt 0.549241 0.861111
vt 0.625000 0.861111
vt 0.375000 0.833333
vt 0.625000 0.833333
vt 0.375000 0.858451
vt 0.291667 0.750000
vt 0.375000 0.808235
vt 0.540742 0.805556
vt 0.625000 0.805556
vt 0.375000 0.802859
vt 0.875000 0.708333
vt 0.875000 0.750000
vt 0.850370 0.750000
vt 0.847222 0.718289
vt 0.625000 1.000000
vt 0.375000 1.000000
vt 0.844364 0.750000
vt 0.375000 0.083333
vt 0.871717 0.666667
vt 0.875000 0.693073
vt 0.875000 0.641352
vt 0.562500 0.000000
vt 0.562500 0.250000
vt 0.625000 0.250000
vt 0.562500 0.500000
vt 0.562500 0.750000
vt 0.562500 1.000000
vt 0.875000 0.500000
vt 0.437500 1.000000
vt 0.437500 0.750000
vt 0.500000 1.000000
vt 0.500000 0.750000
vt 0.437500 0.500000
vt 0.500000 0.500000
vt 0.437500 0.250000
vt 0.500000 0.250000
vt 0.437500 0.000000
vt 0.500000 0.000000
s 1
usemtl Sarg_innen_Samt
f 1394/1/1 146/2/2 4/3/3 44/4/4
f 83/5/5 178/6/6 82/7/7 3/8/8
f 178/6/6 210/9/9 81/10/10 82/7/7
f 210/9/9 242/11/11 80/12/12 81/10/10
f 242/11/11 274/13/13 79/14/14 80/12/12
f 274/13/13 306/15/15 78/16/16 79/14/14
f 306/15/15 338/17/17 77/18/18 78/16/16
f 338/17/17 370/19/19 76/20/20 77/18/18
f 370/19/19 402/21/21 75/22/22 76/20/20
f 402/21/21 434/23/23 74/24/24 75/22/22
f 434/23/23 466/25/25 73/26/26 74/24/24
f 466/25/25 498/27/27 72/28/28 73/26/26
f 498/27/27 530/29/29 71/30/30 72/28/28
f 530/29/29 562/31/31 70/32/32 71/30/30
f 562/31/31 594/33/33 69/34/34 70/32/32
f 594/33/33 626/35/35 68/36/36 69/34/34
f 626/35/35 658/37/37 67/38/38 68/36/36
f 658/37/37 690/39/39 66/40/40 67/38/38
f 690/39/39 722/41/41 65/42/42 66/40/40
f 722/41/41 754/43/43 64/44/44 65/42/42
f 754/43/43 786/45/45 63/46/46 64/44/44
f 786/45/45 818/47/47 62/48/48 63/46/46
f 818/47/47 850/49/49 61/50/50 62/48/48
f 850/49/49 882/51/51 60/52/52 61/50/50
f 882/51/51 914/53/53 59/54/54 60/52/52
f 914/53/53 946/55/55 58/56/56 59/54/54
f 946/55/55 978/57/57 57/58/58 58/56/56
f 978/57/57 1010/59/59 56/60/60 57/58/58
f 1010/59/59 1042/61/61 55/62/62 56/60/60
f 1042/61/61 1074/63/63 54/64/64 55/62/62
f 1074/63/63 1106/65/65 53/66/66 54/64/64
f 1106/65/65 1138/67/67 52/68/68 53/66/66
f 1138/67/67 1170/69/69 51/70/70 52/68/68
f 1170/69/69 1202/71/71 50/72/72 51/70/70
f 1202/71/71 1234/73/73 49/74/74 50/72/72
f 1234/73/73 1266/75/75 48/76/76 49/74/74
f 1266/75/75 1298/77/77 47/78/78 48/76/76
f 1298/77/77 1330/79/79 46/80/80 47/78/78
f 1330/79/79 1362/81/81 45/82/82 46/80/80
f 1362/81/81 1394/1/1 44/4/4 45/82/82
f 42/83/83 43/84/84 1363/85/85 1331/86/86
f 1331/86/86 1363/85/85 1364/87/87 1332/88/88
f 1332/88/88 1364/87/87 1365/89/89 1333/90/90
f 1333/90/90 1365/89/89 1366/91/91 1334/92/92
f 1334/92/92 1366/91/91 1367/93/93 1335/94/94
f 1335/94/94 1367/93/93 1368/95/95 1336/96/96
f 1336/96/96 1368/95/95 1369/97/97 1337/98/98
f 1337/98/98 1369/97/97 1370/99/99 1338/100/100
f 1338/100/100 1370/99/99 1371/101/101 1339/102/102
f 1339/102/102 1371/101/101 1372/103/103 1340/104/104
f 1340/104/104 1372/103/103 1373/105/105 1341/106/106
f 1341/106/106 1373/105/105 1374/107/107 1342/108/108
f 1342/108/108 1374/107/107 1375/109/109 1343/110/110
f 1343/110/110 1375/109/109 1376/111/111 1344/112/112
f 1344/112/112 1376/111/111 1377/113/113 1345/114/114
f 1345/114/114 1377/113/113 1378/115/115 1346/116/116
f 1346/116/116 1378/115/115 1379/117/117 1347/118/118
f 1347/118/118 1379/117/117 1380/119/119 1348/120/120
f 1348/120/120 1380/119/119 1381/121/121 1349/122/122
f 1349/122/122 1381/121/121 1382/123/123 1350/124/124
f 1350/124/124 1382/123/123 1383/125/125 1351/126/126
f 1351/126/126 1383/125/125 1384/127/127 1352/128/128
f 1352/128/128 1384/127/127 1385/129/129 1353/130/130
f 1353/130/130 1385/129/129 1386/131/131 1354/132/132
f 1354/132/132 1386/131/131 1387/133/133 1355/134/134
f 1355/134/134 1387/133/133 1388/135/135 1356/136/136
f 1356/136/136 1388/135/135 1389/137/137 1357/138/138
f 1357/138/138 1389/137/137 1390/139/139 1358/140/140
f 1358/140/140 1390/139/139 1391/141/141 1359/142/142
f 1359/142/142 1391/141/141 1392/143/143 1360/144/144
f 1360/144/144 1392/143/143 1393/145/145 1361/146/146
f 1361/146/146 1393/145/145 1394/1/1 1362/81/81
f 41/147/147 42/83/83 1331/86/86 1299/148/148
f 1299/148/148 1331/86/86 1332/88/88 1300/149/149
f 1300/149/149 1332/88/88 1333/90/90 1301/150/150
f 1301/150/150 1333/90/90 1334/92/92 1302/151/151
f 1302/151/151 1334/92/92 1335/94/94 1303/152/152
f 1303/152/152 1335/94/94 1336/96/96 1304/153/153
f 1304/153/153 1336/96/96 1337/98/98 1305/154/154
f 1305/154/154 1337/98/98 1338/100/100 1306/155/155
f 1306/155/155 1338/100/100 1339/102/102 1307/156/156
f 1307/156/156 1339/102/102 1340/104/104 1308/157/157
f 1308/157/157 1340/104/104 1341/106/106 1309/158/158
f 1309/158/158 1341/106/106 1342/108/108 1310/159/159
f 1310/159/159 1342/108/108 1343/110/110 1311/160/160
f 1311/160/160 1343/110/110 1344/112/112 1312/161/161
f 1312/161/161 1344/112/112 1345/114/114 1313/162/162
f 1313/162/162 1345/114/114 1346/116/116 1314/163/163
f 1314/163/163 1346/116/116 1347/118/118 1315/164/164
f 1315/164/164 1347/118/118 1348/120/120 1316/165/165
f 1316/165/165 1348/120/120 1349/122/122 1317/166/166
f 1317/166/166 1349/122/122 1350/124/124 1318/167/167
f 1318/167/167 1350/124/124 1351/126/126 1319/168/168
f 1319/168/168 1351/126/126 1352/128/128 1320/169/169
f 1320/169/169 1352/128/128 1353/130/130 1321/170/170
f 1321/170/170 1353/130/130 1354/132/132 1322/171/171
f 1322/171/171 1354/132/132 1355/134/134 1323/172/172
f 1323/172/172 1355/134/134 1356/136/136 1324/173/173
f 1324/173/173 1356/136/136 1357/138/138 1325/174/174
f 1325/174/174 1357/138/138 1358/140/140 1326/175/175
f 1326/175/175 1358/140/140 1359/142/142 1327/176/176
f 1327/176/176 1359/142/142 1360/144/144 1328/177/177
f 1328/177/177 1360/144/144 1361/146/146 1329/178/178
f 1329/178/178 1361/146/146 1362/81/81 1330/79/79
f 40/179/179 41/147/147 1299/148/148 1267/180/180
f 1267/180/180 1299/148/148 1300/149/149 1268/181/181
f 1268/181/181 1300/149/149 1301/150/150 1269/182/182
f 1269/182/182 1301/150/150 1302/151/151 1270/183/183
f 1270/183/183 1302/151/151 1303/152/152 1271/184/184
f 1271/184/184 1303/152/152 1304/153/153 1272/185/185
f 1272/185/185 1304/153/153 1305/154/154 1273/186/186
f 1273/186/186 1305/154/154 1306/155/155 1274/187/187
f 1274/187/187 1306/155/155 1307/156/156 1275/188/188
f 1275/188/188 1307/156/156 1308/157/157 1276/189/189
f 1276/189/189 1308/157/157 1309/158/158 1277/190/190
f 1277/190/190 1309/158/158 1310/159/159 1278/191/191
f 1278/191/191 1310/159/159 1311/160/160 1279/192/192
f 1279/192/192 1311/160/160 1312/161/161 1280/193/193
f 1280/193/193 1312/161/161 1313/162/162 1281/194/194
f 1281/194/194 1313/162/162 1314/163/163 1282/195/195
f 1282/195/195 1314/163/163 1315/164/164 1283/196/196
f 1283/196/196 1315/164/164 1316/165/165 1284/197/197
f 1284/197/197 1316/165/165 1317/166/166 1285/198/198
f 1285/198/198 1317/166/166 1318/167/167 1286/199/199
f 1286/199/199 1318/167/167 1319/168/168 1287/200/200
f 1287/200/200 1319/168/168 1320/169/169 1288/201/201
f 1288/201/201 1320/169/169 1321/170/170 1289/202/202
f 1289/202/202 1321/170/170 1322/171/171 1290/203/203
f 1290/203/203 1322/171/171 1323/172/172 1291/204/204
f 1291/204/204 1323/172/172 1324/173/173 1292/205/205
f 1292/205/205 1324/173/173 1325/174/174 1293/206/206
f 1293/206/206 1325/174/174 1326/175/175 1294/207/207
f 1294/207/207 1326/175/175 1327/176/176 1295/208/208
f 1295/208/208 1327/176/176 1328/177/177 1296/209/209
f 1296/209/209 1328/177/177 1329/178/178 1297/210/210
f 1297/210/210 1329/178/178 1330/79/79 1298/77/77
f 39/211/211 40/179/179 1267/180/180 1235/212/212
f 1235/212/212 1267/180/180 1268/181/181 1236/213/213
f 1236/213/213 1268/181/181 1269/182/182 1237/214/214
f 1237/214/214 1269/182/182 1270/183/183 1238/215/215
f 1238/215/215 1270/183/183 1271/184/184 1239/216/216
f 1239/216/216 1271/184/184 1272/185/185 1240/217/217
f 1240/217/217 1272/185/185 1273/186/186 1241/218/218
f 1241/218/218 1273/186/186 1274/187/187 1242/219/219
f 1242/219/219 1274/187/187 1275/188/188 1243/220/220
f 1243/220/220 1275/188/188 1276/189/189 1244/221/221
f 1244/221/221 1276/189/189 1277/190/190 1245/222/222
f 1245/222/222 1277/190/190 1278/191/191 1246/223/223
f 1246/223/223 1278/191/191 1279/192/192 1247/224/224
f 1247/224/224 1279/192/192 1280/193/193 1248/225/225
f 1248/225/225 1280/193/193 1281/194/194 1249/226/226
f 1249/226/226 1281/194/194 1282/195/195 1250/227/227
f 1250/227/227 1282/195/195 1283/196/196 1251/228/228
f 1251/228/228 1283/196/196 1284/197/197 1252/229/229
f 1252/229/229 1284/197/197 1285/198/198 1253/230/230
f 1253/230/230 1285/198/198 1286/199/199 1254/231/231
f 1254/231/231 1286/199/199 1287/200/200 1255/232/232
f 1255/232/232 1287/200/200 1288/201/201 1256/233/233
f 1256/233/233 1288/201/201 1289/202/202 1257/234/234
f 1257/234/234 1289/202/202 1290/203/203 1258/235/235
f 1258/235/235 1290/203/203 1291/204/204 1259/236/236
f 1259/236/236 1291/204/204 1292/205/205 1260/237/237
f 1260/237/237 1292/205/205 1293/206/206 1261/238/238
f 1261/238/238 1293/206/206 1294/207/207 1262/239/239
f 1262/239/239 1294/207/207 1295/208/208 1263/240/240
f 1263/240/240 1295/208/208 1296/209/209 1264/241/241
f 1264/241/241 1296/209/209 1297/210/210 1265/242/242
f 1265/242/242 1297/210/210 1298/77/77 1266/75/75
f 38/243/243 39/211/211 1235/212/212 1203/244/244
f 1203/244/244 1235/212/212 1236/213/213 1204/245/245
f 1204/245/245 1236/213/213 1237/214/214 1205/246/246
f 1205/246/246 1237/214/214 1238/215/215 1206/247/247
f 1206/247/247 1238/215/215 1239/216/216 1207/248/248
f 1207/248/248 1239/216/216 1240/217/217 1208/249/249
f 1208/249/249 1240/217/217 1241/218/218 1209/250/250
f 1209/250/250 1241/218/218 1242/219/219 1210/251/251
f 1210/251/251 1242/219/219 1243/220/220 1211/252/252
f 1211/252/252 1243/220/220 1244/221/221 1212/253/253
f 1212/253/253 1244/221/221 1245/222/222 1213/254/254
f 1213/254/254 1245/222/222 1246/223/223 1214/255/255
f 1214/255/255 1246/223/223 1247/224/224 1215/256/256
f 1215/256/256 1247/224/224 1248/225/225 1216/257/257
f 1216/257/257 1248/225/225 1249/226/226 1217/258/258
f 1217/258/258 1249/226/226 1250/227/227 1218/259/259
f 1218/259/259 1250/227/227 1251/228/228 1219/260/260
f 1219/260/260 1251/228/228 1252/229/229 1220/261/261
f 1220/261/261 1252/229/229 1253/230/230 1221/262/262
f 1221/262/262 1253/230/230 1254/231/231 1222/263/263
f 1222/263/263 1254/231/231 1255/232/232 1223/264/264
f 1223/264/264 1255/232/232 1256/233/233 1224/265/265
f 1224/265/265 1256/233/233 1257/234/234 1225/266/266
f 1225/266/266 1257/234/234 1258/235/235 1226/267/267
f 1226/267/267 1258/235/235 1259/236/236 1227/268/268
f 1227/268/268 1259/236/236 1260/237/237 1228/269/269
f 1228/269/269 1260/237/237 1261/238/238 1229/270/270
f 1229/270/270 1261/238/238 1262/239/239 1230/271/271
f 1230/271/271 1262/239/239 1263/240/240 1231/272/272
f 1231/272/272 1263/240/240 1264/241/241 1232/273/273
f 1232/273/273 1264/241/241 1265/242/242 1233/274/274
f 1233/274/274 1265/242/242 1266/75/75 1234/73/73
f 37/275/275 38/243/243 1203/244/244 1171/276/276
f 1171/276/276 1203/244/244 1204/245/245 1172/277/277
f 1172/277/277 1204/245/245 1205/246/246 1173/278/278
f 1173/278/278 1205/246/246 1206/247/247 1174/279/279
f 1174/279/279 1206/247/247 1207/248/248 1175/280/280
f 1175/280/280 1207/248/248 1208/249/249 1176/281/281
f 1176/281/281 1208/249/249 1209/250/250 1177/282/282
f 1177/282/282 1209/250/250 1210/251/251 1178/283/283
f 1178/283/283 1210/251/251 1211/252/252 1179/284/284
f 1179/284/284 1211/252/252 1212/253/253 1180/285/285
f 1180/285/285 1212/253/253 1213/254/254 1181/286/286
f 1181/286/286 1213/254/254 1214/255/255 1182/287/287
f 1182/287/287 1214/255/255 1215/256/256 1183/288/288
f 1183/288/288 1215/256/256 1216/257/257 1184/289/289
f 1184/289/289 1216/257/257 1217/258/258 1185/290/290
f 1185/290/290 1217/258/258 1218/259/259 1186/291/291
f 1186/291/291 1218/259/259 1219/260/260 1187/292/292
f 1187/292/292 1219/260/260 1220/261/261 1188/293/293
f 1188/293/293 1220/261/261 1221/262/262 1189/294/294
f 1189/294/294 1221/262/262 1222/263/263 1190/295/295
f 1190/295/295 1222/263/263 1223/264/264 1191/296/296
f 1191/296/296 1223/264/264 1224/265/265 1192/297/297
f 1192/297/297 1224/265/265 1225/266/266 1193/298/298
f 1193/298/298 1225/266/266 1226/267/267 1194/299/299
f 1194/299/299 1226/267/267 1227/268/268 1195/300/300
f 1195/300/300 1227/268/268 1228/269/269 1196/301/301
f 1196/301/301 1228/269/269 1229/270/270 1197/302/302
f 1197/302/302 1229/270/270 1230/271/271 1198/303/303
f 1198/303/303 1230/271/271 1231/272/272 1199/304/304
f 1199/304/304 1231/272/272 1232/273/273 1200/305/305
f 1200/305/305 1232/273/273 1233/274/274 1201/306/306
f 1201/306/306 1233/274/274 1234/73/73 1202/71/71
f 36/307/307 37/275/275 1171/276/276 1139/308/308
f 1139/308/308 1171/276/276 1172/277/277 1140/309/309
f 1140/309/309 1172/277/277 1173/278/278 1141/310/310
f 1141/310/310 1173/278/278 1174/279/279 1142/311/311
f 1142/311/311 1174/279/279 1175/280/280 1143/312/312
f 1143/312/312 1175/280/280 1176/281/281 1144/313/313
f 1144/313/313 1176/281/281 1177/282/282 1145/314/314
f 1145/314/314 1177/282/282 1178/283/283 1146/315/315
f 1146/315/315 1178/283/283 1179/284/284 1147/316/316
f 1147/316/316 1179/284/284 1180/285/285 1148/317/317
f 1148/317/317 1180/285/285 1181/286/286 1149/318/318
f 1149/318/318 1181/286/286 1182/287/287 1150/319/319
f 1150/319/319 1182/287/287 1183/288/288 1151/320/320
f 1151/320/320 1183/288/288 1184/289/289 1152/321/321
f 1152/321/321 1184/289/289 1185/290/290 1153/322/322
f 1153/322/322 1185/290/290 1186/291/291 1154/323/323
f 1154/323/323 1186/291/291 1187/292/292 1155/324/324
f 1155/324/324 1187/292/292 1188/293/293 1156/325/325
f 1156/325/325 1188/293/293 1189/294/294 1157/326/326
f 1157/326/326 1189/294/294 1190/295/295 1158/327/327
f 1158/327/327 1190/295/295 1191/296/296 1159/328/328
f 1159/328/328 1191/296/296 1192/297/297 1160/329/329
f 1160/329/329 1192/297/297 1193/298/298 1161/330/330
f 1161/330/330 1193/298/298 1194/299/299 1162/331/331
f 1162/331/331 1194/299/299 1195/300/300 1163/332/332
f 1163/332/332 1195/300/300 1196/301/301 1164/333/333
f 1164/333/333 1196/301/301 1197/302/302 1165/334/334
f 1165/334/334 1197/302/302 1198/303/303 1166/335/335
f 1166/335/335 1198/303/303 1199/304/304 1167/336/336
f 1167/336/336 1199/304/304 1200/305/305 1168/337/337
f 1168/337/337 1200/305/305 1201/306/306 1169/338/338
f 1169/338/338 1201/306/306 1202/71/71 1170/69/69
f 35/339/339 36/307/307 1139/308/308 1107/340/340
f 1107/340/340 1139/308/308 1140/309/309 1108/341/341
f 1108/341/341 1140/309/309 1141/310/310 1109/342/342
f 1109/342/342 1141/310/310 1142/311/311 1110/343/343
f 1110/343/343 1142/311/311 1143/312/312 1111/344/344
f 1111/344/344 1143/312/312 1144/313/313 1112/345/345
f 1112/345/345 1144/313/313 1145/314/314 1113/346/346
f 1113/346/346 1145/314/314 1146/315/315 1114/347/347
f 1114/347/347 1146/315/315 1147/316/316 1115/348/348
f 1115/348/348 1147/316/316 1148/317/317 1116/349/349
f 1116/349/349 1148/317/317 1149/318/318 1117/350/350
f 1117/350/350 1149/318/318 1150/319/319 1118/351/351
f 1118/351/351 1150/319/319 1151/320/320 1119/352/352
f 1119/352/352 1151/320/320 1152/321/321 1120/353/353
f 1120/353/353 1152/321/321 1153/322/322 1121/354/354
f 1121/354/354 1153/322/322 1154/323/323 1122/355/355
f 1122/355/355 1154/323/323 1155/324/324 1123/356/356
f 1123/356/356 1155/324/324 1156/325/325 1124/357/357
f 1124/357/357 1156/325/325 1157/326/326 1125/358/358
f 1125/358/358 1157/326/326 1158/327/327 1126/359/359
f 1126/359/359 1158/327/327 1159/328/328 1127/360/360
f 1127/360/360 1159/328/328 1160/329/329 1128/361/361
f 1128/361/361 1160/329/329 1161/330/330 1129/362/362
f 1129/362/362 1161/330/330 1162/331/331 1130/363/363
f 1130/363/363 1162/331/331 1163/332/332 1131/364/364
f 1131/364/364 1163/332/332 1164/333/333 1132/365/365
f 1132/365/365 1164/333/333 1165/334/334 1133/366/366
f 1133/366/366 1165/334/334 1166/335/335 1134/367/367
f 1134/367/367 1166/335/335 1167/336/336 1135/368/368
f 1135/368/368 1167/336/336 1168/337/337 1136/369/369
f 1136/369/369 1168/337/337 1169/338/338 1137/370/370
f 1137/370/370 1169/338/338 1170/69/69 1138/67/67
f 34/371/371 35/339/339 1107/340/340 1075/372/372
f 1075/372/372 1107/340/340 1108/341/341 1076/373/373
f 1076/373/373 1108/341/341 1109/342/342 1077/374/374
f 1077/374/374 1109/342/342 1110/343/343 1078/375/375
f 1078/375/375 1110/343/343 1111/344/344 1079/376/376
f 1079/376/376 1111/344/344 1112/345/345 1080/377/377
f 1080/377/377 1112/345/345 1113/346/346 1081/378/378
f 1081/378/378 1113/346/346 1114/347/347 1082/379/379
f 1082/379/379 1114/347/347 1115/348/348 1083/380/380
f 1083/380/380 1115/348/348 1116/349/349 1084/381/381
f 1084/381/381 1116/349/349 1117/350/350 1085/382/382
f 1085/382/382 1117/350/350 1118/351/351 1086/383/383
f 1086/383/383 1118/351/351 1119/352/352 1087/384/384
f 1087/384/384 1119/352/352 1120/353/353 1088/385/385
f 1088/385/385 1120/353/353 1121/354/354 1089/386/386
f 1089/386/386 1121/354/354 1122/355/355 1090/387/387
f 1090/387/387 1122/355/355 1123/356/356 1091/388/388
f 1091/388/388 1123/356/356 1124/357/357 1092/389/389
f 1092/389/389 1124/357/357 1125/358/358 1093/390/390
f 1093/390/390 1125/358/358 1126/359/359 1094/391/391
f 1094/391/391 1126/359/359 1127/360/360 1095/392/392
f 1095/392/392 1127/360/360 1128/361/361 1096/393/393
f 1096/393/393 1128/361/361 1129/362/362 1097/394/394
f 1097/394/394 1129/362/362 1130/363/363 1098/395/395
f 1098/395/395 1130/363/363 1131/364/364 1099/396/396
f 1099/396/396 1131/364/364 1132/365/365 1100/397/397
f 1100/397/397 1132/365/365 1133/366/366 1101/398/398
f 1101/398/398 1133/366/366 1134/367/367 1102/399/399
f 1102/399/399 1134/367/367 1135/368/368 1103/400/400
f 1103/400/400 1135/368/368 1136/369/369 1104/401/401
f 1104/401/401 1136/369/369 1137/370/370 1105/402/402
f 1105/402/402 1137/370/370 1138/67/67 1106/65/65
f 33/403/403 34/371/371 1075/372/372 1043/404/404
f 1043/404/404 1075/372/372 1076/373/373 1044/405/405
f 1044/405/405 1076/373/373 1077/374/374 1045/406/406
f 1045/406/406 1077/374/374 1078/375/375 1046/407/407
f 1046/407/407 1078/375/375 1079/376/376 1047/408/408
f 1047/408/408 1079/376/376 1080/377/377 1048/409/409
f 1048/409/409 1080/377/377 1081/378/378 1049/410/410
f 1049/410/410 1081/378/378 1082/379/379 1050/411/411
f 1050/411/411 1082/379/379 1083/380/380 1051/412/412
f 1051/412/412 1083/380/380 1084/381/381 1052/413/413
f 1052/413/413 1084/381/381 1085/382/382 1053/414/414
f 1053/414/414 1085/382/382 1086/383/383 1054/415/415
f 1054/415/415 1086/383/383 1087/384/384 1055/416/416
f 1055/416/416 1087/384/384 1088/385/385 1056/417/417
f 1056/417/417 1088/385/385 1089/386/386 1057/418/418
f 1057/418/418 1089/386/386 1090/387/387 1058/419/419
f 1058/419/419 1090/387/387 1091/388/388 1059/420/420
f 1059/420/420 1091/388/388 1092/389/389 1060/421/421
f 1060/421/421 1092/389/389 1093/390/390 1061/422/422
f 1061/422/422 1093/390/390 1094/391/391 1062/423/423
f 1062/423/423 1094/391/391 1095/392/392 1063/424/424
f 1063/424/424 1095/392/392 1096/393/393 1064/425/425
f 1064/425/425 1096/393/393 1097/394/394 1065/426/426
f 1065/426/426 1097/394/394 1098/395/395 1066/427/427
f 1066/427/427 1098/395/395 1099/396/396 1067/428/428
f 1067/428/428 1099/396/396 1100/397/397 1068/429/429
f 1068/429/429 1100/397/397 1101/398/398 1069/430/430
f 1069/430/430 1101/398/398 1102/399/399 1070/431/431
f 1070/431/431 1102/399/399 1103/400/400 1071/432/432
f 1071/432/432 1103/400/400 1104/401/401 1072/433/433
f 1072/433/433 1104/401/401 1105/402/402 1073/434/434
f 1073/434/434 1105/402/402 1106/65/65 1074/63/63
f 32/435/435 33/403/403 1043/404/404 1011/436/436
f 1011/436/436 1043/404/404 1044/405/405 1012/437/437
f 1012/437/437 1044/405/405 1045/406/406 1013/438/438
f 1013/438/438 1045/406/406 1046/407/407 1014/439/439
f 1014/439/439 1046/407/407 1047/408/408 1015/440/440
f 1015/440/440 1047/408/408 1048/409/409 1016/441/441
f 1016/441/441 1048/409/409 1049/410/410 1017/442/442
f 1017/442/442 1049/410/410 1050/411/411 1018/443/443
f 1018/443/443 1050/411/411 1051/412/412 1019/444/444
f 1019/444/444 1051/412/412 1052/413/413 1020/445/445
f 1020/445/445 1052/413/413 1053/414/414 1021/446/446
f 1021/446/446 1053/414/414 1054/415/415 1022/447/447
f 1022/447/447 1054/415/415 1055/416/416 1023/448/448
f 1023/448/448 1055/416/416 1056/417/417 1024/449/449
f 1024/449/449 1056/417/417 1057/418/418 1025/450/450
f 1025/450/450 1057/418/418 1058/419/419 1026/451/451
f 1026/451/451 1058/419/419 1059/420/420 1027/452/452
f 1027/452/452 1059/420/420 1060/421/421 1028/453/453
f 1028/453/453 1060/421/421 1061/422/422 1029/454/454
f 1029/454/454 1061/422/422 1062/423/423 1030/455/455
f 1030/455/455 1062/423/423 1063/424/424 1031/456/456
f 1031/456/456 1063/424/424 1064/425/425 1032/457/457
f 1032/457/457 1064/425/425 1065/426/426 1033/458/458
f 1033/458/458 1065/426/426 1066/427/427 1034/459/459
f 1034/459/459 1066/427/427 1067/428/428 1035/460/460
f 1035/460/460 1067/428/428 1068/429/429 1036/461/461
f 1036/461/461 1068/429/429 1069/430/430 1037/462/462
f 1037/462/462 1069/430/430 1070/431/431 1038/463/463
f 1038/463/463 1070/431/431 1071/432/432 1039/464/464
f 1039/464/464 1071/432/432 1072/433/433 1040/465/465
f 1040/465/465 1072/433/433 1073/434/434 1041/466/466
f 1041/466/466 1073/434/434 1074/63/63 1042/61/61
f 31/467/467 32/435/435 1011/436/436 979/468/468
f 979/468/468 1011/436/436 1012/437/437 980/469/469
f 980/469/469 1012/437/437 1013/438/438 981/470/470
f 981/470/470 1013/438/438 1014/439/439 982/471/471
f 982/471/471 1014/439/439 1015/440/440 983/472/472
f 983/472/472 1015/440/440 1016/441/441 984/473/473
f 984/473/473 1016/441/441 1017/442/442 985/474/474
f 985/474/474 1017/442/442 1018/443/443 986/475/475
f 986/475/475 1018/443/443 1019/444/444 987/476/476
f 987/476/476 1019/444/444 1020/445/445 988/477/477
f 988/477/477 1020/445/445 1021/446/446 989/478/478
f 989/478/478 1021/446/446 1022/447/447 990/479/479
f 990/479/479 1022/447/447 1023/448/448 991/480/480
f 991/480/480 1023/448/448 1024/449/449 992/481/481
f 992/481/481 1024/449/449 1025/450/450 993/482/482
f 993/482/482 1025/450/450 1026/451/451 994/483/483
f 994/483/483 1026/451/451 1027/452/452 995/484/484
f 995/484/484 1027/452/452 1028/453/453 996/485/485
f 996/485/485 1028/453/453 1029/454/454 997/486/486
f 997/486/486 1029/454/454 1030/455/455 998/487/487
f 998/487/487 1030/455/455 1031/456/456 999/488/488
f 999/488/488 1031/456/456 1032/457/457 1000/489/489
f 1000/489/489 1032/457/457 1033/458/458 1001/490/490
f 1001/490/490 1033/458/458 1034/459/459 1002/491/491
f 1002/491/491 1034/459/459 1035/460/460 1003/492/492
f 1003/492/492 1035/460/460 1036/461/461 1004/493/493
f 1004/493/493 1036/461/461 1037/462/462 1005/494/494
f 1005/494/494 1037/462/462 1038/463/463 1006/495/495
f 1006/495/495 1038/463/463 1039/464/464 1007/496/496
f 1007/496/496 1039/464/464 1040/465/465 1008/497/497
f 1008/497/497 1040/465/465 1041/466/466 1009/498/498
f 1009/498/498 1041/466/466 1042/61/61 1010/59/59
f 30/499/499 31/467/467 979/468/468 947/500/500
f 947/500/500 979/468/468 980/469/469 948/501/501
f 948/501/501 980/469/469 981/470/470 949/502/502
f 949/502/502 981/470/470 982/471/471 950/503/503
f 950/503/503 982/471/471 983/472/472 951/504/504
f 951/504/504 983/472/472 984/473/473 952/505/505
f 952/505/505 984/473/473 985/474/474 953/506/506
f 953/506/506 985/474/474 986/475/475 954/507/507
f 954/507/507 986/475/475 987/476/476 955/508/508
f 955/508/508 987/476/476 988/477/477 956/509/509
f 956/509/509 988/477/477 989/478/478 957/510/510
f 957/510/510 989/478/478 990/479/479 958/511/511
f 958/511/511 990/479/479 991/480/480 959/512/512
f 959/512/512 991/480/480 992/481/481 960/513/513
f 960/513/513 992/481/481 993/482/482 961/514/514
f 961/514/514 993/482/482 994/483/483 962/515/515
f 962/515/515 994/483/483 995/484/484 963/516/516
f 963/516/516 995/484/484 996/485/485 964/517/517
f 964/517/517 996/485/485 997/486/486 965/518/518
f 965/518/518 997/486/486 998/487/487 966/519/519
f 966/519/519 998/487/487 999/488/488 967/520/520
f 967/520/520 999/488/488 1000/489/489 968/521/521
f 968/521/521 1000/489/489 1001/490/490 969/522/522
f 969/522/522 1001/490/490 1002/491/491 970/523/523
f 970/523/523 1002/491/491 1003/492/492 971/524/524
f 971/524/524 1003/492/492 1004/493/493 972/525/525
f 972/525/525 1004/493/493 1005/494/494 973/526/526
f 973/526/526 1005/494/494 1006/495/495 974/527/527
f 974/527/527 1006/495/495 1007/496/496 975/528/528
f 975/528/528 1007/496/496 1008/497/497 976/529/529
f 976/529/529 1008/497/497 1009/498/498 977/530/530
f 977/530/530 1009/498/498 1010/59/59 978/57/57
f 29/531/531 30/499/499 947/500/500 915/532/532
f 915/532/532 947/500/500 948/501/501 916/533/533
f 916/533/533 948/501/501 949/502/502 917/534/534
f 917/534/534 949/502/502 950/503/503 918/535/535
f 918/535/535 950/503/503 951/504/504 919/536/536
f 919/536/536 951/504/504 952/505/505 920/537/537
f 920/537/537 952/505/505 953/506/506 921/538/538
f 921/538/538 953/506/506 954/507/507 922/539/539
f 922/539/539 954/507/507 955/508/508 923/540/540
f 923/540/540 955/508/508 956/509/509 924/541/541
f 924/541/541 956/509/509 957/510/510 925/542/542
f 925/542/542 957/510/510 958/511/511 926/543/543
f 926/543/543 958/511/511 959/512/512 927/544/544
f 927/544/544 959/512/512 960/513/513 928/545/545
f 928/545/545 960/513/513 961/514/514 929/546/546
f 929/546/546 961/514/514 962/515/515 930/547/547
f 930/547/547 962/515/515 963/516/516 931/548/548
f 931/548/548 963/516/516 964/517/517 932/549/549
f 932/549/549 964/517/517 965/518/518 933/550/550
f 933/550/550 965/518/518 966/519/519 934/551/551
f 934/551/551 966/519/519 967/520/520 935/552/552
f 935/552/552 967/520/520 968/521/521 936/553/553
f 936/553/553 968/521/521 969/522/522 937/554/554
f 937/554/554 969/522/522 970/523/523 938/555/555
f 938/555/555 970/523/523 971/524/524 939/556/556
f 939/556/556 971/524/524 972/525/525 940/557/557
f 940/557/557 972/525/525 973/526/526 941/558/558
f 941/558/558 973/526/526 974/527/527 942/559/559
f 942/559/559 974/527/527 975/528/528 943/560/560
f 943/560/560 975/528/528 976/529/529 944/561/561
f 944/561/561 976/529/529 977/530/530 945/562/562
f 945/562/562 977/530/530 978/57/57 946/55/55
f 28/563/563 29/531/531 915/532/532 883/564/564
f 883/564/564 915/532/532 916/533/533 884/565/565
f 884/565/565 916/533/533 917/534/534 885/566/566
f 885/566/566 917/534/534 918/535/535 886/567/567
f 886/567/567 918/535/535 919/536/536 887/568/568
f 887/568/568 919/536/536 920/537/537 888/569/569
f 888/569/569 920/537/537 921/538/538 889/570/570
f 889/570/570 921/538/538 922/539/539 890/571/571
f 890/571/571 922/539/539 923/540/540 891/572/572
f 891/572/572 923/540/540 924/541/541 892/573/573
f 892/573/573 924/541/541 925/542/542 893/574/574
f 893/574/574 925/542/542 926/543/543 894/575/575
f 894/575/575 926/543/543 927/544/544 895/576/576
f 895/576/576 927/544/544 928/545/545 896/577/577
f 896/577/577 928/545/545 929/546/546 897/578/578
f 897/578/578 929/546/546 930/547/547 898/579/579
f 898/579/579 930/547/547 931/548/548 899/580/580
f 899/580/580 931/548/548 932/549/549 900/581/581
f 900/581/581 932/549/549 933/550/550 901/582/582
f 901/582/582 933/550/550 934/551/551 902/583/583
f 902/583/583 934/551/551 935/552/552 903/584/584
f 903/584/584 935/552/552 936/553/553 904/585/585
f 904/585/585 936/553/553 937/554/554 905/586/586
f 905/586/586 937/554/554 938/555/555 906/587/587
f 906/587/587 938/555/555 939/556/556 907/588/588
f 907/588/588 939/556/556 940/557/557 908/589/589
f 908/589/589 940/557/557 941/558/558 909/590/590
f 909/590/590 941/558/558 942/559/559 910/591/591
f 910/591/591 942/559/559 943/560/560 911/592/592
f 911/592/592 943/560/560 944/561/561 912/593/593
f 912/593/593 944/561/561 945/562/562 913/594/594
f 913/594/594 945/562/562 946/55/55 914/53/53
f 27/595/595 28/563/563 883/564/564 851/596/596
f 851/596/596 883/564/564 884/565/565 852/597/597
f 852/597/597 884/565/565 885/566/566 853/598/598
f 853/598/598 885/566/566 886/567/567 854/599/599
f 854/599/599 886/567/567 887/568/568 855/600/600
f 855/600/600 887/568/568 888/569/569 856/601/601
f 856/601/601 888/569/569 889/570/570 857/602/602
f 857/602/602 889/570/570 890/571/571 858/603/603
f 858/603/603 890/571/571 891/572/572 859/604/604
f 859/604/604 891/572/572 892/573/573 860/605/605
f 860/605/605 892/573/573 893/574/574 861/606/606
f 861/606/606 893/574/574 894/575/575 862/607/607
f 862/607/607 894/575/575 895/576/576 863/608/608
f 863/608/608 895/576/576 896/577/577 864/609/609
f 864/609/609 896/577/577 897/578/578 865/610/610
f 865/610/610 897/578/578 898/579/579 866/611/611
f 866/611/611 898/579/579 899/580/580 867/612/612
f 867/612/612 899/580/580 900/581/581 868/613/613
f 868/613/613 900/581/581 901/582/582 869/614/614
f 869/614/614 901/582/582 902/583/583 870/615/615
f 870/615/615 902/583/583 903/584/584 871/616/616
f 871/616/616 903/584/584 904/585/585 872/617/617
f 872/617/617 904/585/585 905/586/586 873/618/618
f 873/618/618 905/586/586 906/587/587 874/619/619
f 874/619/619 906/587/587 907/588/588 875/620/620
f 875/620/620 907/588/588 908/589/589 876/621/621
f 876/621/621 908/589/589 909/590/590 877/622/622
f 877/622/622 909/590/590 910/591/591 878/623/623
f 878/623/623 910/591/591 911/592/592 879/624/624
f 879/624/624 911/592/592 912/593/593 880/625/625
f 880/625/625 912/593/593 913/594/594 881/626/626
f 881/626/626 913/594/594 914/53/53 882/51/51
f 26/627/627 27/595/595 851/596/596 819/628/628
f 819/628/628 851/596/596 852/597/597 820/629/629
f 820/629/629 852/597/597 853/598/598 821/630/630
f 821/630/630 853/598/598 854/599/599 822/631/631
f 822/631/631 854/599/599 855/600/600 823/632/632
f 823/632/632 855/600/600 856/601/601 824/633/633
f 824/633/633 856/601/601 857/602/602 825/634/634
f 825/634/634 857/602/602 858/603/603 826/635/635
f 826/635/635 858/603/603 859/604/604 827/636/636
f 827/636/636 859/604/604 860/605/605 828/637/637
f 828/637/637 860/605/605 861/606/606 829/638/638
f 829/638/638 861/606/606 862/607/607 830/639/639
f 830/639/639 862/607/607 863/608/608 831/640/640
f 831/640/640 863/608/608 864/609/609 832/641/641
f 832/641/641 864/609/609 865/610/610 833/642/642
f 833/642/642 865/610/610 866/611/611 834/643/643
f 834/643/643 866/611/611 867/612/612 835/644/644
f 835/644/644 867/612/612 868/613/613 836/645/645
f 836/645/645 868/613/613 869/614/614 837/646/646
f 837/646/646 869/614/614 870/615/615 838/647/647
f 838/647/647 870/615/615 871/616/616 839/648/648
f 839/648/648 871/616/616 872/617/617 840/649/649
f 840/649/649 872/617/617 873/618/618 841/650/650
f 841/650/650 873/618/618 874/619/619 842/651/651
f 842/651/651 874/619/619 875/620/620 843/652/652
f 843/652/652 875/620/620 876/621/621 844/653/653
f 844/653/653 876/621/621 877/622/622 845/654/654
f 845/654/654 877/622/622 878/623/623 846/655/655
f 846/655/655 878/623/623 879/624/624 847/656/656
f 847/656/656 879/624/624 880/625/625 848/657/657
f 848/657/657 880/625/625 881/626/626 849/658/658
f 849/658/658 881/626/626 882/51/51 850/49/49
f 25/659/659 26/627/627 819/628/628 787/660/660
f 787/660/660 819/628/628 820/629/629 788/661/661
f 788/661/661 820/629/629 821/630/630 789/662/662
f 789/662/662 821/630/630 822/631/631 790/663/663
f 790/663/663 822/631/631 823/632/632 791/664/664
f 791/664/664 823/632/632 824/633/633 792/665/665
f 792/665/665 824/633/633 825/634/634 793/666/666
f 793/666/666 825/634/634 826/635/635 794/667/667
f 794/667/667 826/635/635 827/636/636 795/668/668
f 795/668/668 827/636/636 828/637/637 796/669/669
f 796/669/669 828/637/637 829/638/638 797/670/670
f 797/670/670 829/638/638 830/639/639 798/671/671
f 798/671/671 830/639/639 831/640/640 799/672/672
f 799/672/672 831/640/640 832/641/641 800/673/673
f 800/673/673 832/641/641 833/642/642 801/674/674
f 801/674/674 833/642/642 834/643/643 802/675/675
f 802/675/675 834/643/643 835/644/644 803/676/676
f 803/676/676 835/644/644 836/645/645 804/677/677
f 804/677/677 836/645/645 837/646/646 805/678/678
f 805/678/678 837/646/646 838/647/647 806/679/679
f 806/679/679 838/647/647 839/648/648 807/680/680
f 807/680/680 839/648/648 840/649/649 808/681/681
f 808/681/681 840/649/649 841/650/650 809/682/682
f 809/682/682 841/650/650 842/651/651 810/683/683
f 810/683/683 842/651/651 843/652/652 811/684/684
f 811/684/684 843/652/652 844/653/653 812/685/685
f 812/685/685 844/653/653 845/654/654 813/686/686
f 813/686/686 845/654/654 846/655/655 814/687/687
f 814/687/687 846/655/655 847/656/656 815/688/688
f 815/688/688 847/656/656 848/657/657 816/689/689
f 816/689/689 848/657/657 849/658/658 817/690/690
f 817/690/690 849/658/658 850/49/49 818/47/47
f 24/691/691 25/659/659 787/660/660 755/692/692
f 755/692/692 787/660/660 788/661/661 756/693/693
f 756/693/693 788/661/661 789/662/662 757/694/694
f 757/694/694 789/662/662 790/663/663 758/695/695
f 758/695/695 790/663/663 791/664/664 759/696/696
f 759/696/696 791/664/664 792/665/665 760/697/697
f 760/697/697 792/665/665 793/666/666 761/698/698
f 761/698/698 793/666/666 794/667/667 762/699/699
f 762/699/699 794/667/667 795/668/668 763/700/700
f 763/700/700 795/668/668 796/669/669 764/701/701
f 764/701/701 796/669/669 797/670/670 765/702/702
f 765/702/702 797/670/670 798/671/671 766/703/703
f 766/703/703 798/671/671 799/672/672 767/704/704
f 767/704/704 799/672/672 800/673/673 768/705/705
f 768/705/705 800/673/673 801/674/674 769/706/706
f 769/706/706 801/674/674 802/675/675 770/707/707
f 770/707/707 802/675/675 803/676/676 771/708/708
f 771/708/708 803/676/676 804/677/677 772/709/709
f 772/709/709 804/677/677 805/678/678 773/710/710
f 773/710/710 805/678/678 806/679/679 774/711/711
f 774/711/711 806/679/679 807/680/680 775/712/712
f 775/712/712 807/680/680 808/681/681 776/713/713
f 776/713/713 808/681/681 809/682/682 777/714/714
f 777/714/714 809/682/682 810/683/683 778/715/715
f 778/715/715 810/683/683 811/684/684 779/716/716
f 779/716/716 811/684/684 812/685/685 780/717/717
f 780/717/717 812/685/685 813/686/686 781/718/718
f 781/718/718 813/686/686 814/687/687 782/719/719
f 782/719/719 814/687/687 815/688/688 783/720/720
f 783/720/720 815/688/688 816/689/689 784/721/721
f 784/721/721 816/689/689 817/690/690 785/722/722
f 785/722/722 817/690/690 818/47/47 786/45/45
f 23/723/723 24/691/691 755/692/692 723/724/724
f 723/724/724 755/692/692 756/693/693 724/725/725
f 724/725/725 756/693/693 757/694/694 725/726/726
f 725/726/726 757/694/694 758/695/695 726/727/727
f 726/727/727 758/695/695 759/696/696 727/728/728
f 727/728/728 759/696/696 760/697/697 728/729/729
f 728/729/729 760/697/697 761/698/698 729/730/730
f 729/730/730 761/698/698 762/699/699 730/731/731
f 730/731/731 762/699/699 763/700/700 731/732/732
f 731/732/732 763/700/700 764/701/701 732/733/733
f 732/733/733 764/701/701 765/702/702 733/734/734
f 733/734/734 765/702/702 766/703/703 734/735/735
f 734/735/735 766/703/703 767/704/704 735/736/736
f 735/736/736 767/704/704 768/705/705 736/737/737
f 736/737/737 768/705/705 769/706/706 737/738/738
f 737/738/738 769/706/706 770/707/707 738/739/739
f 738/739/739 770/707/707 771/708/708 739/740/740
f 739/740/740 771/708/708 772/709/709 740/741/741
f 740/741/741 772/709/709 773/710/710 741/742/742
f 741/742/742 773/710/710 774/711/711 742/743/743
f 742/743/743 774/711/711 775/712/712 743/744/744
f 743/744/744 775/712/712 776/713/713 744/745/745
f 744/745/745 776/713/713 777/714/714 745/746/746
f 745/746/746 777/714/714 778/715/715 746/747/747
f 746/747/747 778/715/715 779/716/716 747/748/748
f 747/748/748 779/716/716 780/717/717 748/749/749
f 748/749/749 780/717/717 781/718/718 749/750/750
f 749/750/750 781/718/718 782/719/719 750/751/751
f 750/751/751 782/719/719 783/720/720 751/752/752
f 751/752/752 783/720/720 784/721/721 752/753/753
f 752/753/753 784/721/721 785/722/722 753/754/754
f 753/754/754 785/722/722 786/45/45 754/43/43
f 22/755/755 23/723/723 723/724/724 691/756/756
f 691/756/756 723/724/724 724/725/725 692/757/757
f 692/757/757 724/725/725 725/726/726 693/758/758
f 693/758/758 725/726/726 726/727/727 694/759/759
f 694/759/759 726/727/727 727/728/728 695/760/760
f 695/760/760 727/728/728 728/729/729 696/761/761
f 696/761/761 728/729/729 729/730/730 697/762/762
f 697/762/762 729/730/730 730/731/731 698/763/763
f 698/763/763 730/731/731 731/732/732 699/764/764
f 699/764/764 731/732/732 732/733/733 700/765/765
f 700/765/765 732/733/733 733/734/734 701/766/766
f 701/766/766 733/734/734 734/735/735 702/767/767
f 702/767/767 734/735/735 735/736/736 703/768/768
f 703/768/768 735/736/736 736/737/737 704/769/769
f 704/769/769 736/737/737 737/738/738 705/770/770
f 705/770/770 737/738/738 738/739/739 706/771/771
f 706/771/771 738/739/739 739/740/740 707/772/772
f 707/772/772 739/740/740 740/741/741 708/773/773
f 708/773/773 740/741/741 741/742/742 709/774/774
f 709/774/774 741/742/742 742/743/743 710/775/775
f 710/775/775 742/743/743 743/744/744 711/776/776
f 711/776/776 743/744/744 744/745/745 712/777/777
f 712/777/777 744/745/745 745/746/746 713/778/778
f 713/778/778 745/746/746 746/747/747 714/779/779
f 714/779/779 746/747/747 747/748/748 715/780/780
f 715/780/780 747/748/748 748/749/749 716/781/781
f 716/781/781 748/749/749 749/750/750 717/782/782
f 717/782/782 749/750/750 750/751/751 718/783/783
f 718/783/783 750/751/751 751/752/752 719/784/784
f 719/784/784 751/752/752 752/753/753 720/785/785
f 720/785/785 752/753/753 753/754/754 721/786/786
f 721/786/786 753/754/754 754/43/43 722/41/41
f 21/787/787 22/755/755 691/756/756 659/788/788
f 659/788/788 691/756/756 692/757/757 660/789/789
f 660/789/789 692/757/757 693/758/758 661/790/790
f 661/790/790 693/758/758 694/759/759 662/791/791
f 662/791/791 694/759/759 695/760/760 663/792/792
f 663/792/792 695/760/760 696/761/761 664/793/793
f 664/793/793 696/761/761 697/762/762 665/794/794
f 665/794/794 697/762/762 698/763/763 666/795/795
f 666/795/795 698/763/763 699/764/764 667/796/796
f 667/796/796 699/764/764 700/765/765 668/797/797
f 668/797/797 700/765/765 701/766/766 669/798/798
f 669/798/798 701/766/766 702/767/767 670/799/799
f 670/799/799 702/767/767 703/768/768 671/800/800
f 671/800/800 703/768/768 704/769/769 672/801/801
f 672/801/801 704/769/769 705/770/770 673/802/802
f 673/802/802 705/770/770 706/771/771 674/803/803
f 674/803/803 706/771/771 707/772/772 675/804/804
f 675/804/804 707/772/772 708/773/773 676/805/805
f 676/805/805 708/773/773 709/774/774 677/806/806
f 677/806/806 709/774/774 710/775/775 678/807/807
f 678/807/807 710/775/775 711/776/776 679/808/808
f 679/808/808 711/776/776 712/777/777 680/809/809
f 680/809/809 712/777/777 713/778/778 681/810/810
f 681/810/810 713/778/778 714/779/779 682/811/811
f 682/811/811 714/779/779 715/780/780 683/812/812
f 683/812/812 715/780/780 716/781/781 684/813/813
f 684/813/813 716/781/781 717/782/782 685/814/814
f 685/814/814 717/782/782 718/783/783 686/815/815
f 686/815/815 718/783/783 719/784/784 687/816/816
f 687/816/816 719/784/784 720/785/785 688/817/817
f 688/817/817 720/785/785 721/786/786 689/818/818
f 689/818/818 721/786/786 722/41/41 690/39/39
f 20/819/819 21/787/787 659/788/788 627/820/820
f 627/820/820 659/788/788 660/789/789 628/821/821
f 628/821/821 660/789/789 661/790/790 629/822/822
f 629/822/822 661/790/790 662/791/791 630/823/823
f 630/823/823 662/791/791 663/792/792 631/824/824
f 631/824/824 663/792/792 664/793/793 632/825/825
f 632/825/825 664/793/793 665/794/794 633/826/826
f 633/826/826 665/794/794 666/795/795 634/827/827
f 634/827/827 666/795/795 667/796/796 635/828/828
f 635/828/828 667/796/796 668/797/797 636/829/829
f 636/829/829 668/797/797 669/798/798 637/830/830
f 637/830/830 669/798/798 670/799/799 638/831/831
f 638/831/831 670/799/799 671/800/800 639/832/832
f 639/832/832 671/800/800 672/801/801 640/833/833
f 640/833/833 672/801/801 673/802/802 641/834/834
f 641/834/834 673/802/802 674/803/803 642/835/835
f 642/835/835 674/803/803 675/804/804 643/836/836
f 643/836/836 675/804/804 676/805/805 644/837/837
f 644/837/837 676/805/805 677/806/806 645/838/838
f 645/838/838 677/806/806 678/807/807 646/839/839
f 646/839/839 678/807/807 679/808/808 647/840/840
f 647/840/840 679/808/808 680/809/809 648/841/841
f 648/841/841 680/809/809 681/810/810 649/842/842
f 649/842/842 681/810/810 682/811/811 650/843/843
f 650/843/843 682/811/811 683/812/812 651/844/844
f 651/844/844 683/812/812 684/813/813 652/845/845
f 652/845/845 684/813/813 685/814/814 653/846/846
f 653/846/846 685/814/814 686/815/815 654/847/847
f 654/847/847 686/815/815 687/816/816 655/848/848
f 655/848/848 687/816/816 688/817/817 656/849/849
f 656/849/849 688/817/817 689/818/818 657/850/850
f 657/850/850 689/818/818 690/39/39 658/37/37
f 19/851/851 20/819/819 627/820/820 595/852/852
f 595/852/852 627/820/820 628/821/821 596/853/853
f 596/853/853 628/821/821 629/822/822 597/854/854
f 597/854/854 629/822/822 630/823/823 598/855/855
f 598/855/855 630/823/823 631/824/824 599/856/856
f 599/856/856 631/824/824 632/825/825 600/857/857
f 600/857/857 632/825/825 633/826/826 601/858/858
f 601/858/858 633/826/826 634/827/827 602/859/859
f 602/859/859 634/827/827 635/828/828 603/860/860
f 603/860/860 635/828/828 636/829/829 604/861/861
f 604/861/861 636/829/829 637/830/830 605/862/862
f 605/862/862 637/830/830 638/831/831 606/863/863
f 606/863/863 638/831/831 639/832/832 607/864/864
f 607/864/864 639/832/832 640/833/833 608/865/865
f 608/865/865 640/833/833 641/834/834 609/866/866
f 609/866/866 641/834/834 642/835/835 610/867/867
f 610/867/867 642/835/835 643/836/836 611/868/868
f 611/868/868 643/836/836 644/837/837 612/869/869
f 612/869/869 644/837/837 645/838/838 613/870/870
f 613/870/870 645/838/838 646/839/839 614/871/871
f 614/871/871 646/839/839 647/840/840 615/872/872
f 615/872/872 647/840/840 648/841/841 616/873/873
f 616/873/873 648/841/841 649/842/842 617/874/874
f 617/874/874 649/842/842 650/843/843 618/875/875
f 618/875/875 650/843/843 651/844/844 619/876/876
f 619/876/876 651/844/844 652/845/845 620/877/877
f 620/877/877 652/845/845 653/846/846 621/878/878
f 621/878/878 653/846/846 654/847/847 622/879/879
f 622/879/879 654/847/847 655/848/848 623/880/880
f 623/880/880 655/848/848 656/849/849 624/881/881
f 624/881/881 656/849/849 657/850/850 625/882/882
f 625/882/882 657/850/850 658/37/37 626/35/35
f 18/883/883 19/851/851 595/852/852 563/884/884
f 563/884/884 595/852/852 596/853/853 564/885/885
f 564/885/885 596/853/853 597/854/854 565/886/886
f 565/886/886 597/854/854 598/855/855 566/887/887
f 566/887/887 598/855/855 599/856/856 567/888/888
f 567/888/888 599/856/856 600/857/857 568/889/889
f 568/889/889 600/857/857 601/858/858 569/890/890
f 569/890/890 601/858/858 602/859/859 570/891/891
f 570/891/891 602/859/859 603/860/860 571/892/892
f 571/892/892 603/860/860 604/861/861 572/893/893
f 572/893/893 604/861/861 605/862/862 573/894/894
f 573/894/894 605/862/862 606/863/863 574/895/895
f 574/895/895 606/863/863 607/864/864 575/896/896
f 575/896/896 607/864/864 608/865/865 576/897/897
f 576/897/897 608/865/865 609/866/866 577/898/898
f 577/898/898 609/866/866 610/867/867 578/899/899
f 578/899/899 610/867/867 611/868/868 579/900/900
f 579/900/900 611/868/868 612/869/869 580/901/901
f 580/901/901 612/869/869 613/870/870 581/902/902
f 581/902/902 613/870/870 614/871/871 582/903/903
f 582/903/903 614/871/871 615/872/872 583/904/904
f 583/904/904 615/872/872 616/873/873 584/905/905
f 584/905/905 616/873/873 617/874/874 585/906/906
f 585/906/906 617/874/874 618/875/875 586/907/907
f 586/907/907 618/875/875 619/876/876 587/908/908
f 587/908/908 619/876/876 620/877/877 588/909/909
f 588/909/909 620/877/877 621/878/878 589/910/910
f 589/910/910 621/878/878 622/879/879 590/911/911
f 590/911/911 622/879/879 623/880/880 591/912/912
f 591/912/912 623/880/880 624/881/881 592/913/913
f 592/913/913 624/881/881 625/882/882 593/914/914
f 593/914/914 625/882/882 626/35/35 594/33/33
f 17/915/915 18/883/883 563/884/884 531/916/916
f 531/916/916 563/884/884 564/885/885 532/917/917
f 532/917/917 564/885/885 565/886/886 533/918/918
f 533/918/918 565/886/886 566/887/887 534/919/919
f 534/919/919 566/887/887 567/888/888 535/920/920
f 535/920/920 567/888/888 568/889/889 536/921/921
f 536/921/921 568/889/889 569/890/890 537/922/922
f 537/922/922 569/890/890 570/891/891 538/923/923
f 538/923/923 570/891/891 571/892/892 539/924/924
f 539/924/924 571/892/892 572/893/893 540/925/925
f 540/925/925 572/893/893 573/894/894 541/926/926
f 541/926/926 573/894/894 574/895/895 542/927/927
f 542/927/927 574/895/895 575/896/896 543/928/928
f 543/928/928 575/896/896 576/897/897 544/929/929
f 544/929/929 576/897/897 577/898/898 545/930/930
f 545/930/930 577/898/898 578/899/899 546/931/931
f 546/931/931 578/899/899 579/900/900 547/932/932
f 547/932/932 579/900/900 580/901/901 548/933/933
f 548/933/933 580/901/901 581/902/902 549/934/934
f 549/934/934 581/902/902 582/903/903 550/935/935
f 550/935/935 582/903/903 583/904/904 551/936/936
f 551/936/936 583/904/904 584/905/905 552/937/937
f 552/937/937 584/905/905 585/906/906 553/938/938
f 553/938/938 585/906/906 586/907/907 554/939/939
f 554/939/939 586/907/907 587/908/908 555/940/940
f 555/940/940 587/908/908 588/909/909 556/941/941
f 556/941/941 588/909/909 589/910/910 557/942/942
f 557/942/942 589/910/910 590/911/911 558/943/943
f 558/943/943 590/911/911 591/912/912 559/944/944
f 559/944/944 591/912/912 592/913/913 560/945/945
f 560/945/945 592/913/913 593/914/914 561/946/946
f 561/946/946 593/914/914 594/33/33 562/31/31
f 16/947/947 17/915/915 531/916/916 499/948/948
f 499/948/948 531/916/916 532/917/917 500/949/949
f 500/949/949 532/917/917 533/918/918 501/950/950
f 501/950/950 533/918/918 534/919/919 502/951/951
f 502/951/951 534/919/919 535/920/920 503/952/952
f 503/952/952 535/920/920 536/921/921 504/953/953
f 504/953/953 536/921/921 537/922/922 505/954/954
f 505/954/954 537/922/922 538/923/923 506/955/955
f 506/955/955 538/923/923 539/924/924 507/956/956
f 507/956/956 539/924/924 540/925/925 508/957/957
f 508/957/957 540/925/925 541/926/926 509/958/958
f 509/958/958 541/926/926 542/927/927 510/959/959
f 510/959/959 542/927/927 543/928/928 511/960/960
f 511/960/960 543/928/928 544/929/929 512/961/961
f 512/961/961 544/929/929 545/930/930 513/962/962
f 513/962/962 545/930/930 546/931/931 514/963/963
f 514/963/963 546/931/931 547/932/932 515/964/964
f 515/964/964 547/932/932 548/933/933 516/965/965
f 516/965/965 548/933/933 549/934/934 517/966/966
f 517/966/966 549/934/934 550/935/935 518/967/967
f 518/967/967 550/935/935 551/936/936 519/968/968
f 519/968/968 551/936/936 552/937/937 520/969/969
f 520/969/969 552/937/937 553/938/938 521/970/970
f 521/970/970 553/938/938 554/939/939 522/971/971
f 522/971/971 554/939/939 555/940/940 523/972/972
f 523/972/972 555/940/940 556/941/941 524/973/973
f 524/973/973 556/941/941 557/942/942 525/974/974
f 525/974/974 557/942/942 558/943/943 526/975/975
f 526/975/975 558/943/943 559/944/944 527/976/976
f 527/976/976 559/944/944 560/945/945 528/977/977
f 528/977/977 560/945/945 561/946/946 529/978/978
f 529/978/978 561/946/946 562/31/31 530/29/29
f 15/979/979 16/947/947 499/948/948 467/980/980
f 467/980/980 499/948/948 500/949/949 468/981/981
f 468/981/981 500/949/949 501/950/950 469/982/982
f 469/982/982 501/950/950 502/951/951 470/983/983
f 470/983/983 502/951/951 503/952/952 471/984/984
f 471/984/984 503/952/952 504/953/953 472/985/985
f 472/985/985 504/953/953 505/954/954 473/986/986
f 473/986/986 505/954/954 506/955/955 474/987/987
f 474/987/987 506/955/955 507/956/956 475/988/988
f 475/988/988 507/956/956 508/957/957 476/989/989
f 476/989/989 508/957/957 509/958/958 477/990/990
f 477/990/990 509/958/958 510/959/959 478/991/991
f 478/991/991 510/959/959 511/960/960 479/992/992
f 479/992/992 511/960/960 512/961/961 480/993/993
f 480/993/993 512/961/961 513/962/962 481/994/994
f 481/994/994 513/962/962 514/963/963 482/995/995
f 482/995/995 514/963/963 515/964/964 483/996/996
f 483/996/996 515/964/964 516/965/965 484/997/997
f 484/997/997 516/965/965 517/966/966 485/998/998
f 485/998/998 517/966/966 518/967/967 486/999/999
f 486/999/999 518/967/967 519/968/968 487/1000/1000
f 487/1000/1000 519/968/968 520/969/969 488/1001/1001
f 488/1001/1001 520/969/969 521/970/970 489/1002/1002
f 489/1002/1002 521/970/970 522/971/971 490/1003/1003
f 490/1003/1003 522/971/971 523/972/972 491/1004/1004
f 491/1004/1004 523/972/972 524/973/973 492/1005/1005
f 492/1005/1005 524/973/973 525/974/974 493/1006/1006
f 493/1006/1006 525/974/974 526/975/975 494/1007/1007
f 494/1007/1007 526/975/975 527/976/976 495/1008/1008
f 495/1008/1008 527/976/976 528/977/977 496/1009/1009
f 496/1009/1009 528/977/977 529/978/978 497/1010/1010
f 497/1010/1010 529/978/978 530/29/29 498/27/27
f 14/1011/1011 15/979/979 467/980/980 435/1012/1012
f 435/1012/1012 467/980/980 468/981/981 436/1013/1013
f 436/1013/1013 468/981/981 469/982/982 437/1014/1014
f 437/1014/1014 469/982/982 470/983/983 438/1015/1015
f 438/1015/1015 470/983/983 471/984/984 439/1016/1016
f 439/1016/1016 471/984/984 472/985/985 440/1017/1017
f 440/1017/1017 472/985/985 473/986/986 441/1018/1018
f 441/1018/1018 473/986/986 474/987/987 442/1019/1019
f 442/1019/1019 474/987/987 475/988/988 443/1020/1020
f 443/1020/1020 475/988/988 476/989/989 444/1021/1021
f 444/1021/1021 476/989/989 477/990/990 445/1022/1022
f 445/1022/1022 477/990/990 478/991/991 446/1023/1023
f 446/1023/1023 478/991/991 479/992/992 447/1024/1024
f 447/1024/1024 479/992/992 480/993/993 448/1025/1025
f 448/1025/1025 480/993/993 481/994/994 449/1026/1026
f 449/1026/1026 481/994/994 482/995/995 450/1027/1027
f 450/1027/1027 482/995/995 483/996/996 451/1028/1028
f 451/1028/1028 483/996/996 484/997/997 452/1029/1029
f 452/1029/1029 484/997/997 485/998/998 453/1030/1030
f 453/1030/1030 485/998/998 486/999/999 454/1031/1031
f 454/1031/1031 486/999/999 487/1000/1000 455/1032/1032
f 455/1032/1032 487/1000/1000 488/1001/1001 456/1033/1033
f 456/1033/1033 488/1001/1001 489/1002/1002 457/1034/1034
f 457/1034/1034 489/1002/1002 490/1003/1003 458/1035/1035
f 458/1035/1035 490/1003/1003 491/1004/1004 459/1036/1036
f 459/1036/1036 491/1004/1004 492/1005/1005 460/1037/1037
f 460/1037/1037 492/1005/1005 493/1006/1006 461/1038/1038
f 461/1038/1038 493/1006/1006 494/1007/1007 462/1039/1039
f 462/1039/1039 494/1007/1007 495/1008/1008 463/1040/1040
f 463/1040/1040 495/1008/1008 496/1009/1009 464/1041/1041
f 464/1041/1041 496/1009/1009 497/1010/1010 465/1042/1042
f 465/1042/1042 497/1010/1010 498/27/27 466/25/25
f 13/1043/1043 14/1011/1011 435/1012/1012 403/1044/1044
f 403/1044/1044 435/1012/1012 436/1013/1013 404/1045/1045
f 404/1045/1045 436/1013/1013 437/1014/1014 405/1046/1046
f 405/1046/1046 437/1014/1014 438/1015/1015 406/1047/1047
f 406/1047/1047 438/1015/1015 439/1016/1016 407/1048/1048
f 407/1048/1048 439/1016/1016 440/1017/1017 408/1049/1049
f 408/1049/1049 440/1017/1017 441/1018/1018 409/1050/1050
f 409/1050/1050 441/1018/1018 442/1019/1019 410/1051/1051
f 410/1051/1051 442/1019/1019 443/1020/1020 411/1052/1052
f 411/1052/1052 443/1020/1020 444/1021/1021 412/1053/1053
f 412/1053/1053 444/1021/1021 445/1022/1022 413/1054/1054
f 413/1054/1054 445/1022/1022 446/1023/1023 414/1055/1055
f 414/1055/1055 446/1023/1023 447/1024/1024 415/1056/1056
f 415/1056/1056 447/1024/1024 448/1025/1025 416/1057/1057
f 416/1057/1057 448/1025/1025 449/1026/1026 417/1058/1058
f 417/1058/1058 449/1026/1026 450/1027/1027 418/1059/1059
f 418/1059/1059 450/1027/1027 451/1028/1028 419/1060/1060
f 419/1060/1060 451/1028/1028 452/1029/1029 420/1061/1061
f 420/1061/1061 452/1029/1029 453/1030/1030 421/1062/1062
f 421/1062/1062 453/1030/1030 454/1031/1031 422/1063/1063
f 422/1063/1063 454/1031/1031 455/1032/1032 423/1064/1064
f 423/1064/1064 455/1032/1032 456/1033/1033 424/1065/1065
f 424/1065/1065 456/1033/1033 457/1034/1034 425/1066/1066
f 425/1066/1066 457/1034/1034 458/1035/1035 426/1067/1067
f 426/1067/1067 458/1035/1035 459/1036/1036 427/1068/1068
f 427/1068/1068 459/1036/1036 460/1037/1037 428/1069/1069
f 428/1069/1069 460/1037/1037 461/1038/1038 429/1070/1070
f 429/1070/1070 461/1038/1038 462/1039/1039 430/1071/1071
f 430/1071/1071 462/1039/1039 463/1040/1040 431/1072/1072
f 431/1072/1072 463/1040/1040 464/1041/1041 432/1073/1073
f 432/1073/1073 464/1041/1041 465/1042/1042 433/1074/1074
f 433/1074/1074 465/1042/1042 466/25/25 434/23/23
f 12/1075/1075 13/1043/1043 403/1044/1044 371/1076/1076
f 371/1076/1076 403/1044/1044 404/1045/1045 372/1077/1077
f 372/1077/1077 404/1045/1045 405/1046/1046 373/1078/1078
f 373/1078/1078 405/1046/1046 406/1047/1047 374/1079/1079
f 374/1079/1079 406/1047/1047 407/1048/1048 375/1080/1080
f 375/1080/1080 407/1048/1048 408/1049/1049 376/1081/1081
f 376/1081/1081 408/1049/1049 409/1050/1050 377/1082/1082
f 377/1082/1082 409/1050/1050 410/1051/1051 378/1083/1083
f 378/1083/1083 410/1051/1051 411/1052/1052 379/1084/1084
f 379/1084/1084 411/1052/1052 412/1053/1053 380/1085/1085
f 380/1085/1085 412/1053/1053 413/1054/1054 381/1086/1086
f 381/1086/1086 413/1054/1054 414/1055/1055 382/1087/1087
f 382/1087/1087 414/1055/1055 415/1056/1056 383/1088/1088
f 383/1088/1088 415/1056/1056 416/1057/1057 384/1089/1089
f 384/1089/1089 416/1057/1057 417/1058/1058 385/1090/1090
f 385/1090/1090 417/1058/1058 418/1059/1059 386/1091/1091
f 386/1091/1091 418/1059/1059 419/1060/1060 387/1092/1092
f 387/1092/1092 419/1060/1060 420/1061/1061 388/1093/1093
f 388/1093/1093 420/1061/1061 421/1062/1062 389/1094/1094
f 389/1094/1094 421/1062/1062 422/1063/1063 390/1095/1095
f 390/1095/1095 422/1063/1063 423/1064/1064 391/1096/1096
f 391/1096/1096 423/1064/1064 424/1065/1065 392/1097/1097
f 392/1097/1097 424/1065/1065 425/1066/1066 393/1098/1098
f 393/1098/1098 425/1066/1066 426/1067/1067 394/1099/1099
f 394/1099/1099 426/1067/1067 427/1068/1068 395/1100/1100
f 395/1100/1100 427/1068/1068 428/1069/1069 396/1101/1101
f 396/1101/1101 428/1069/1069 429/1070/1070 397/1102/1102
f 397/1102/1102 429/1070/1070 430/1071/1071 398/1103/1103
f 398/1103/1103 430/1071/1071 431/1072/1072 399/1104/1104
f 399/1104/1104 431/1072/1072 432/1073/1073 400/1105/1105
f 400/1105/1105 432/1073/1073 433/1074/1074 401/1106/1106
f 401/1106/1106 433/1074/1074 434/23/23 402/21/21
f 11/1107/1107 12/1075/1075 371/1076/1076 339/1108/1108
f 339/1108/1108 371/1076/1076 372/1077/1077 340/1109/1109
f 340/1109/1109 372/1077/1077 373/1078/1078 341/1110/1110
f 341/1110/1110 373/1078/1078 374/1079/1079 342/1111/1111
f 342/1111/1111 374/1079/1079 375/1080/1080 343/1112/1112
f 343/1112/1112 375/1080/1080 376/1081/1081 344/1113/1113
f 344/1113/1113 376/1081/1081 377/1082/1082 345/1114/1114
f 345/1114/1114 377/1082/1082 378/1083/1083 346/1115/1115
f 346/1115/1115 378/1083/1083 379/1084/1084 347/1116/1116
f 347/1116/1116 379/1084/1084 380/1085/1085 348/1117/1117
f 348/1117/1117 380/1085/1085 381/1086/1086 349/1118/1118
f 349/1118/1118 381/1086/1086 382/1087/1087 350/1119/1119
f 350/1119/1119 382/1087/1087 383/1088/1088 351/1120/1120
f 351/1120/1120 383/1088/1088 384/1089/1089 352/1121/1121
f 352/1121/1121 384/1089/1089 385/1090/1090 353/1122/1122
f 353/1122/1122 385/1090/1090 386/1091/1091 354/1123/1123
f 354/1123/1123 386/1091/1091 387/1092/1092 355/1124/1124
f 355/1124/1124 387/1092/1092 388/1093/1093 356/1125/1125
f 356/1125/1125 388/1093/1093 389/1094/1094 357/1126/1126
f 357/1126/1126 389/1094/1094 390/1095/1095 358/1127/1127
f 358/1127/1127 390/1095/1095 391/1096/1096 359/1128/1128
f 359/1128/1128 391/1096/1096 392/1097/1097 360/1129/1129
f 360/1129/1129 392/1097/1097 393/1098/1098 361/1130/1130
f 361/1130/1130 393/1098/1098 394/1099/1099 362/1131/1131
f 362/1131/1131 394/1099/1099 395/1100/1100 363/1132/1132
f 363/1132/1132 395/1100/1100 396/1101/1101 364/1133/1133
f 364/1133/1133 396/1101/1101 397/1102/1102 365/1134/1134
f 365/1134/1134 397/1102/1102 398/1103/1103 366/1135/1135
f 366/1135/1135 398/1103/1103 399/1104/1104 367/1136/1136
f 367/1136/1136 399/1104/1104 400/1105/1105 368/1137/1137
f 368/1137/1137 400/1105/1105 401/1106/1106 369/1138/1138
f 369/1138/1138 401/1106/1106 402/21/21 370/19/19
f 10/1139/1139 11/1107/1107 339/1108/1108 307/1140/1140
f 307/1140/1140 339/1108/1108 340/1109/1109 308/1141/1141
f 308/1141/1141 340/1109/1109 341/1110/1110 309/1142/1142
f 309/1142/1142 341/1110/1110 342/1111/1111 310/1143/1143
f 310/1143/1143 342/1111/1111 343/1112/1112 311/1144/1144
f 311/1144/1144 343/1112/1112 344/1113/1113 312/1145/1145
f 312/1145/1145 344/1113/1113 345/1114/1114 313/1146/1146
f 313/1146/1146 345/1114/1114 346/1115/1115 314/1147/1147
f 314/1147/1147 346/1115/1115 347/1116/1116 315/1148/1148
f 315/1148/1148 347/1116/1116 348/1117/1117 316/1149/1149
f 316/1149/1149 348/1117/1117 349/1118/1118 317/1150/1150
f 317/1150/1150 349/1118/1118 350/1119/1119 318/1151/1151
f 318/1151/1151 350/1119/1119 351/1120/1120 319/1152/1152
f 319/1152/1152 351/1120/1120 352/1121/1121 320/1153/1153
f 320/1153/1153 352/1121/1121 353/1122/1122 321/1154/1154
f 321/1154/1154 353/1122/1122 354/1123/1123 322/1155/1155
f 322/1155/1155 354/1123/1123 355/1124/1124 323/1156/1156
f 323/1156/1156 355/1124/1124 356/1125/1125 324/1157/1157
f 324/1157/1157 356/1125/1125 357/1126/1126 325/1158/1158
f 325/1158/1158 357/1126/1126 358/1127/1127 326/1159/1159
f 326/1159/1159 358/1127/1127 359/1128/1128 327/1160/1160
f 327/1160/1160 359/1128/1128 360/1129/1129 328/1161/1161
f 328/1161/1161 360/1129/1129 361/1130/1130 329/1162/1162
f 329/1162/1162 361/1130/1130 362/1131/1131 330/1163/1163
f 330/1163/1163 362/1131/1131 363/1132/1132 331/1164/1164
f 331/1164/1164 363/1132/1132 364/1133/1133 332/1165/1165
f 332/1165/1165 364/1133/1133 365/1134/1134 333/1166/1166
f 333/1166/1166 365/1134/1134 366/1135/1135 334/1167/1167
f 334/1167/1167 366/1135/1135 367/1136/1136 335/1168/1168
f 335/1168/1168 367/1136/1136 368/1137/1137 336/1169/1169
f 336/1169/1169 368/1137/1137 369/1138/1138 337/1170/1170
f 337/1170/1170 369/1138/1138 370/19/19 338/17/17
f 9/1171/1171 10/1139/1139 307/1140/1140 275/1172/1172
f 275/1172/1172 307/1140/1140 308/1141/1141 276/1173/1173
f 276/1173/1173 308/1141/1141 309/1142/1142 277/1174/1174
f 277/1174/1174 309/1142/1142 310/1143/1143 278/1175/1175
f 278/1175/1175 310/1143/1143 311/1144/1144 279/1176/1176
f 279/1176/1176 311/1144/1144 312/1145/1145 280/1177/1177
f 280/1177/1177 312/1145/1145 313/1146/1146 281/1178/1178
f 281/1178/1178 313/1146/1146 314/1147/1147 282/1179/1179
f 282/1179/1179 314/1147/1147 315/1148/1148 283/1180/1180
f 283/1180/1180 315/1148/1148 316/1149/1149 284/1181/1181
f 284/1181/1181 316/1149/1149 317/1150/1150 285/1182/1182
f 285/1182/1182 317/1150/1150 318/1151/1151 286/1183/1183
f 286/1183/1183 318/1151/1151 319/1152/1152 287/1184/1184
f 287/1184/1184 319/1152/1152 320/1153/1153 288/1185/1185
f 288/1185/1185 320/1153/1153 321/1154/1154 289/1186/1186
f 289/1186/1186 321/1154/1154 322/1155/1155 290/1187/1187
f 290/1187/1187 322/1155/1155 323/1156/1156 291/1188/1188
f 291/1188/1188 323/1156/1156 324/1157/1157 292/1189/1189
f 292/1189/1189 324/1157/1157 325/1158/1158 293/1190/1190
f 293/1190/1190 325/1158/1158 326/1159/1159 294/1191/1191
f 294/1191/1191 326/1159/1159 327/1160/1160 295/1192/1192
f 295/1192/1192 327/1160/1160 328/1161/1161 296/1193/1193
f 296/1193/1193 328/1161/1161 329/1162/1162 297/1194/1194
f 297/1194/1194 329/1162/1162 330/1163/1163 298/1195/1195
f 298/1195/1195 330/1163/1163 331/1164/1164 299/1196/1196
f 299/1196/1196 331/1164/1164 332/1165/1165 300/1197/1197
f 300/1197/1197 332/1165/1165 333/1166/1166 301/1198/1198
f 301/1198/1198 333/1166/1166 334/1167/1167 302/1199/1199
f 302/1199/1199 334/1167/1167 335/1168/1168 303/1200/1200
f 303/1200/1200 335/1168/1168 336/1169/1169 304/1201/1201
f 304/1201/1201 336/1169/1169 337/1170/1170 305/1202/1202
f 305/1202/1202 337/1170/1170 338/17/17 306/15/15
f 8/1203/1203 9/1171/1171 275/1172/1172 243/1204/1204
f 243/1204/1204 275/1172/1172 276/1173/1173 244/1205/1205
f 244/1205/1205 276/1173/1173 277/1174/1174 245/1206/1206
f 245/1206/1206 277/1174/1174 278/1175/1175 246/1207/1207
f 246/1207/1207 278/1175/1175 279/1176/1176 247/1208/1208
f 247/1208/1208 279/1176/1176 280/1177/1177 248/1209/1209
f 248/1209/1209 280/1177/1177 281/1178/1178 249/1210/1210
f 249/1210/1210 281/1178/1178 282/1179/1179 250/1211/1211
f 250/1211/1211 282/1179/1179 283/1180/1180 251/1212/1212
f 251/1212/1212 283/1180/1180 284/1181/1181 252/1213/1213
f 252/1213/1213 284/1181/1181 285/1182/1182 253/1214/1214
f 253/1214/1214 285/1182/1182 286/1183/1183 254/1215/1215
f 254/1215/1215 286/1183/1183 287/1184/1184 255/1216/1216
f 255/1216/1216 287/1184/1184 288/1185/1185 256/1217/1217
f 256/1217/1217 288/1185/1185 289/1186/1186 257/1218/1218
f 257/1218/1218 289/1186/1186 290/1187/1187 258/1219/1219
f 258/1219/1219 290/1187/1187 291/1188/1188 259/1220/1220
f 259/1220/1220 291/1188/1188 292/1189/1189 260/1221/1221
f 260/1221/1221 292/1189/1189 293/1190/1190 261/1222/1222
f 261/1222/1222 293/1190/1190 294/1191/1191 262/1223/1223
f 262/1223/1223 294/1191/1191 295/1192/1192 263/1224/1224
f 263/1224/1224 295/1192/1192 296/1193/1193 264/1225/1225
f 264/1225/1225 296/1193/1193 297/1194/1194 265/1226/1226
f 265/1226/1226 297/1194/1194 298/1195/1195 266/1227/1227
f 266/1227/1227 298/1195/1195 299/1196/1196 267/1228/1228
f 267/1228/1228 299/1196/1196 300/1197/1197 268/1229/1229
f 268/1229/1229 300/1197/1197 301/1198/1198 269/1230/1230
f 269/1230/1230 301/1198/1198 302/1199/1199 270/1231/1231
f 270/1231/1231 302/1199/1199 303/1200/1200 271/1232/1232
f 271/1232/1232 303/1200/1200 304/1201/1201 272/1233/1233
f 272/1233/1233 304/1201/1201 305/1202/1202 273/1234/1234
f 273/1234/1234 305/1202/1202 306/15/15 274/13/13
f 7/1235/1235 8/1203/1203 243/1204/1204 211/1236/1236
f 211/1236/1236 243/1204/1204 244/1205/1205 212/1237/1237
f 212/1237/1237 244/1205/1205 245/1206/1206 213/1238/1238
f 213/1238/1238 245/1206/1206 246/1207/1207 214/1239/1239
f 214/1239/1239 246/1207/1207 247/1208/1208 215/1240/1240
f 215/1240/1240 247/1208/1208 248/1209/1209 216/1241/1241
f 216/1241/1241 248/1209/1209 249/1210/1210 217/1242/1242
f 217/1242/1242 249/1210/1210 250/1211/1211 218/1243/1243
f 218/1243/1243 250/1211/1211 251/1212/1212 219/1244/1244
f 219/1244/1244 251/1212/1212 252/1213/1213 220/1245/1245
f 220/1245/1245 252/1213/1213 253/1214/1214 221/1246/1246
f 221/1246/1246 253/1214/1214 254/1215/1215 222/1247/1247
f 222/1247/1247 254/1215/1215 255/1216/1216 223/1248/1248
f 223/1248/1248 255/1216/1216 256/1217/1217 224/1249/1249
f 224/1249/1249 256/1217/1217 257/1218/1218 225/1250/1250
f 225/1250/1250 257/1218/1218 258/1219/1219 226/1251/1251
f 226/1251/1251 258/1219/1219 259/1220/1220 227/1252/1252
f 227/1252/1252 259/1220/1220 260/1221/1221 228/1253/1253
f 228/1253/1253 260/1221/1221 261/1222/1222 229/1254/1254
f 229/1254/1254 261/1222/1222 262/1223/1223 230/1255/1255
f 230/1255/1255 262/1223/1223 263/1224/1224 231/1256/1256
f 231/1256/1256 263/1224/1224 264/1225/1225 232/1257/1257
f 232/1257/1257 264/1225/1225 265/1226/1226 233/1258/1258
f 233/1258/1258 265/1226/1226 266/1227/1227 234/1259/1259
f 234/1259/1259 266/1227/1227 267/1228/1228 235/1260/1260
f 235/1260/1260 267/1228/1228 268/1229/1229 236/1261/1261
f 236/1261/1261 268/1229/1229 269/1230/1230 237/1262/1262
f 237/1262/1262 269/1230/1230 270/1231/1231 238/1263/1263
f 238/1263/1263 270/1231/1231 271/1232/1232 239/1264/1264
f 239/1264/1264 271/1232/1232 272/1233/1233 240/1265/1265
f 240/1265/1265 272/1233/1233 273/1234/1234 241/1266/1266
f 241/1266/1266 273/1234/1234 274/13/13 242/11/11
f 6/1267/1267 7/1235/1235 211/1236/1236 179/1268/1268
f 179/1268/1268 211/1236/1236 212/1237/1237 180/1269/1269
f 180/1269/1269 212/1237/1237 213/1238/1238 181/1270/1270
f 181/1270/1270 213/1238/1238 214/1239/1239 182/1271/1271
f 182/1271/1271 214/1239/1239 215/1240/1240 183/1272/1272
f 183/1272/1272 215/1240/1240 216/1241/1241 184/1273/1273
f 184/1273/1273 216/1241/1241 217/1242/1242 185/1274/1274
f 185/1274/1274 217/1242/1242 218/1243/1243 186/1275/1275
f 186/1275/1275 218/1243/1243 219/1244/1244 187/1276/1276
f 187/1276/1276 219/1244/1244 220/1245/1245 188/1277/1277
f 188/1277/1277 220/1245/1245 221/1246/1246 189/1278/1278
f 189/1278/1278 221/1246/1246 222/1247/1247 190/1279/1279
f 190/1279/1279 222/1247/1247 223/1248/1248 191/1280/1280
f 191/1280/1280 223/1248/1248 224/1249/1249 192/1281/1281
f 192/1281/1281 224/1249/1249 225/1250/1250 193/1282/1282
f 193/1282/1282 225/1250/1250 226/1251/1251 194/1283/1283
f 194/1283/1283 226/1251/1251 227/1252/1252 195/1284/1284
f 195/1284/1284 227/1252/1252 228/1253/1253 196/1285/1285
f 196/1285/1285 228/1253/1253 229/1254/1254 197/1286/1286
f 197/1286/1286 229/1254/1254 230/1255/1255 198/1287/1287
f 198/1287/1287 230/1255/1255 231/1256/1256 199/1288/1288
f 199/1288/1288 231/1256/1256 232/1257/1257 200/1289/1289
f 200/1289/1289 232/1257/1257 233/1258/1258 201/1290/1290
f 201/1290/1290 233/1258/1258 234/1259/1259 202/1291/1291
f 202/1291/1291 234/1259/1259 235/1260/1260 203/1292/1292
f 203/1292/1292 235/1260/1260 236/1261/1261 204/1293/1293
f 204/1293/1293 236/1261/1261 237/1262/1262 205/1294/1294
f 205/1294/1294 237/1262/1262 238/1263/1263 206/1295/1295
f 206/1295/1295 238/1263/1263 239/1264/1264 207/1296/1296
f 207/1296/1296 239/1264/1264 240/1265/1265 208/1297/1297
f 208/1297/1297 240/1265/1265 241/1266/1266 209/1298/1298
f 209/1298/1298 241/1266/1266 242/11/11 210/9/9
f 5/1299/1299 6/1267/1267 179/1268/1268 147/1300/1300
f 147/1300/1300 179/1268/1268 180/1269/1269 148/1301/1301
f 148/1301/1301 180/1269/1269 181/1270/1270 149/1302/1302
f 149/1302/1302 181/1270/1270 182/1271/1271 150/1303/1303
f 150/1303/1303 182/1271/1271 183/1272/1272 151/1304/1304
f 151/1304/1304 183/1272/1272 184/1273/1273 152/1305/1305
f 152/1305/1305 184/1273/1273 185/1274/1274 153/1306/1306
f 153/1306/1306 185/1274/1274 186/1275/1275 154/1307/1307
f 154/1307/1307 186/1275/1275 187/1276/1276 155/1308/1308
f 155/1308/1308 187/1276/1276 188/1277/1277 156/1309/1309
f 156/1309/1309 188/1277/1277 189/1278/1278 157/1310/1310
f 157/1310/1310 189/1278/1278 190/1279/1279 158/1311/1311
f 158/1311/1311 190/1279/1279 191/1280/1280 159/1312/1312
f 159/1312/1312 191/1280/1280 192/1281/1281 160/1313/1313
f 160/1313/1313 192/1281/1281 193/1282/1282 161/1314/1314
f 161/1314/1314 193/1282/1282 194/1283/1283 162/1315/1315
f 162/1315/1315 194/1283/1283 195/1284/1284 163/1316/1316
f 163/1316/1316 195/1284/1284 196/1285/1285 164/1317/1317
f 164/1317/1317 196/1285/1285 197/1286/1286 165/1318/1318
f 165/1318/1318 197/1286/1286 198/1287/1287 166/1319/1319
f 166/1319/1319 198/1287/1287 199/1288/1288 167/1320/1320
f 167/1320/1320 199/1288/1288 200/1289/1289 168/1321/1321
f 168/1321/1321 200/1289/1289 201/1290/1290 169/1322/1322
f 169/1322/1322 201/1290/1290 202/1291/1291 170/1323/1323
f 170/1323/1323 202/1291/1291 203/1292/1292 171/1324/1324
f 171/1324/1324 203/1292/1292 204/1293/1293 172/1325/1325
f 172/1325/1325 204/1293/1293 205/1294/1294 173/1326/1326
f 173/1326/1326 205/1294/1294 206/1295/1295 174/1327/1327
f 174/1327/1327 206/1295/1295 207/1296/1296 175/1328/1328
f 175/1328/1328 207/1296/1296 208/1297/1297 176/1329/1329
f 176/1329/1329 208/1297/1297 209/1298/1298 177/1330/1330
f 177/1330/1330 209/1298/1298 210/9/9 178/6/6
f 1/1331/1331 5/1299/1299 147/1300/1300 114/1332/1332
f 114/1332/1332 147/1300/1300 148/1301/1301 113/1333/1333
f 113/1333/1333 148/1301/1301 149/1302/1302 112/1334/1334
f 112/1334/1334 149/1302/1302 150/1303/1303 111/1335/1335
f 111/1335/1335 150/1303/1303 151/1304/1304 110/1336/1336
f 110/1336/1336 151/1304/1304 152/1305/1305 109/1337/1337
f 109/1337/1337 152/1305/1305 153/1306/1306 108/1338/1338
f 108/1338/1338 153/1306/1306 154/1307/1307 107/1339/1339
f 107/1339/1339 154/1307/1307 155/1308/1308 106/1340/1340
f 106/1340/1340 155/1308/1308 156/1309/1309 105/1341/1341
f 105/1341/1341 156/1309/1309 157/1310/1310 104/1342/1342
f 104/1342/1342 157/1310/1310 158/1311/1311 103/1343/1343
f 103/1343/1343 158/1311/1311 159/1312/1312 102/1344/1344
f 102/1344/1344 159/1312/1312 160/1313/1313 101/1345/1345
f 101/1345/1345 160/1313/1313 161/1314/1314 100/1346/1346
f 100/1346/1346 161/1314/1314 162/1315/1315 99/1347/1347
f 99/1347/1347 162/1315/1315 163/1316/1316 98/1348/1348
f 98/1348/1348 163/1316/1316 164/1317/1317 97/1349/1349
f 97/1349/1349 164/1317/1317 165/1318/1318 96/1350/1350
f 96/1350/1350 165/1318/1318 166/1319/1319 95/1351/1351
f 95/1351/1351 166/1319/1319 167/1320/1320 94/1352/1352
f 94/1352/1352 167/1320/1320 168/1321/1321 93/1353/1353
f 93/1353/1353 168/1321/1321 169/1322/1322 92/1354/1354
f 92/1354/1354 169/1322/1322 170/1323/1323 91/1355/1355
f 91/1355/1355 170/1323/1323 171/1324/1324 90/1356/1356
f 90/1356/1356 171/1324/1324 172/1325/1325 89/1357/1357
f 89/1357/1357 172/1325/1325 173/1326/1326 88/1358/1358
f 88/1358/1358 173/1326/1326 174/1327/1327 87/1359/1359
f 87/1359/1359 174/1327/1327 175/1328/1328 86/1360/1360
f 86/1360/1360 175/1328/1328 176/1329/1329 85/1361/1361
f 85/1361/1361 176/1329/1329 177/1330/1330 84/1362/1362
f 84/1362/1362 177/1330/1330 178/6/6 83/5/5
f 43/84/84 2/1363/1363 115/1364/1364 1363/85/85
f 1363/85/85 115/1364/1364 116/1365/1365 1364/87/87
f 1364/87/87 116/1365/1365 117/1366/1366 1365/89/89
f 1365/89/89 117/1366/1366 118/1367/1367 1366/91/91
f 1366/91/91 118/1367/1367 119/1368/1368 1367/93/93
f 1367/93/93 119/1368/1368 120/1369/1369 1368/95/95
f 1368/95/95 120/1369/1369 121/1370/1370 1369/97/97
f 1369/97/97 121/1370/1370 122/1371/1371 1370/99/99
f 1370/99/99 122/1371/1371 123/1372/1372 1371/101/101
f 1371/101/101 123/1372/1372 124/1373/1373 1372/103/103
f 1372/103/103 124/1373/1373 125/1374/1374 1373/105/105
f 1373/105/105 125/1374/1374 126/1375/1375 1374/107/107
f 1374/107/107 126/1375/1375 127/1376/1376 1375/109/109
f 1375/109/109 127/1376/1376 128/1377/1377 1376/111/111
f 1376/111/111 128/1377/1377 129/1378/1378 1377/113/113
f 1377/113/113 129/1378/1378 130/1379/1379 1378/115/115
f 1378/115/115 130/1379/1379 131/1380/1380 1379/117/117
f 1379/117/117 131/1380/1380 132/1381/1381 1380/119/119
f 1380/119/119 132/1381/1381 133/1382/1382 1381/121/121
f 1381/121/121 133/1382/1382 134/1383/1383 1382/123/123
f 1382/123/123 134/1383/1383 135/1384/1384 1383/125/125
f 1383/125/125 135/1384/1384 136/1385/1385 1384/127/127
f 1384/127/127 136/1385/1385 137/1386/1386 1385/129/129
f 1385/129/129 137/1386/1386 138/1387/1387 1386/131/131
f 1386/131/131 138/1387/1387 139/1388/1388 1387/133/133
f 1387/133/133 139/1388/1388 140/1389/1389 1388/135/135
f 1388/135/135 140/1389/1389 141/1390/1390 1389/137/137
f 1389/137/137 141/1390/1390 142/1391/1391 1390/139/139
f 1390/139/139 142/1391/1391 143/1392/1392 1391/141/141
f 1391/141/141 143/1392/1392 144/1393/1393 1392/143/143
f 1392/143/143 144/1393/1393 145/1394/1394 1393/145/145
f 1393/145/145 145/1394/1394 146/2/2 1394/1/1
s 0
usemtl Dunkles_Holz_Sarg
f 1519/1395/1395 1432/1396/1395 1398/1397/1395 1415/1398/1395
f 1444/1399/1396 1449/1400/1396 1417/1401/1396 1416/1402/1396
f 1449/1400/1397 1454/1403/1397 1418/1404/1397 1417/1401/1397
f 1454/1403/1398 1459/1405/1398 1419/1406/1398 1418/1404/1398
f 1459/1405/1399 1464/1407/1399 1420/1408/1399 1419/1406/1399
f 1464/1407/1400 1469/1409/1400 1421/1410/1400 1420/1408/1400
f 1469/1409/1401 1474/1411/1401 1422/1412/1401 1421/1410/1401
f 1427/1413/1402 1484/1414/1402 1411/1415/1402 1395/1416/1402
f 1494/1417/1403 1499/1418/1403 1413/1419/1403 1412/1420/1403
f 1398/1397/1404 1399/1421/1404 1416/1422/1404 1415/1423/1404
f 1413/1424/1405 1420/1425/1405 1421/1426/1405 1412/1427/1405
f 1404/1428/1406 1409/1429/1406 1410/1430/1406 1403/1431/1406
f 1510/1432/1407 1515/1433/1407 1516/1434/1407 1511/1435/1407
f 1511/1435/1408 1516/1434/1408 1517/1436/1408 1512/1437/1408
f 1512/1437/1409 1517/1436/1409 1518/1438/1409 1513/1439/1409
f 1513/1439/1410 1518/1438/1410 1519/1395/1410 1514/1440/1410
f 1505/1441/1411 1510/1432/1411 1511/1435/1411 1506/1442/1411
f 1506/1442/1412 1511/1435/1412 1512/1437/1412 1507/1443/1412
f 1507/1443/1413 1512/1437/1413 1513/1439/1413 1508/1444/1413
f 1508/1444/1414 1513/1439/1414 1514/1440/1414 1509/1445/1414
f 1404/1446/1415 1403/1447/1415 1505/1441/1415 1500/1448/1415
f 1500/1448/1416 1505/1441/1416 1506/1442/1416 1501/1449/1416
f 1501/1449/1417 1506/1442/1417 1507/1443/1417 1502/1450/1417
f 1502/1450/1418 1507/1443/1418 1508/1444/1418 1503/1451/1418
f 1503/1451/1419 1508/1444/1419 1509/1445/1419 1504/1452/1419
f 1495/1453/1420 1500/1448/1420 1501/1449/1420 1496/1454/1420
f 1496/1454/1419 1501/1449/1419 1502/1450/1419 1497/1455/1419
f 1497/1455/1421 1502/1450/1421 1503/1451/1421 1498/1456/1421
f 1498/1456/1422 1503/1451/1422 1504/1452/1422 1499/1418/1422
f 1490/1457/1423 1495/1453/1423 1496/1454/1423 1491/1458/1423
f 1491/1458/1419 1496/1454/1419 1497/1455/1419 1492/1459/1419
f 1492/1459/1421 1497/1455/1421 1498/1456/1421 1493/1460/1421
f 1493/1460/1424 1498/1456/1424 1499/1418/1424 1494/1417/1424
f 1406/1461/1425 1405/1462/1425 1490/1457/1425 1485/1463/1425
f 1485/1463/1426 1490/1457/1426 1491/1458/1426 1486/1464/1426
f 1486/1464/1427 1491/1458/1427 1492/1459/1427 1487/1465/1427
f 1487/1465/1428 1492/1459/1428 1493/1460/1428 1488/1466/1428
f 1488/1466/1429 1493/1460/1429 1494/1417/1429 1489/1467/1429
f 1407/1468/1430 1406/1461/1430 1485/1463/1430 1480/1469/1430
f 1480/1469/1431 1485/1463/1431 1486/1464/1431 1481/1470/1431
f 1481/1470/1432 1486/1464/1432 1487/1465/1432 1482/1471/1432
f 1482/1471/1433 1487/1465/1433 1488/1466/1433 1483/1472/1433
f 1483/1472/1434 1488/1466/1434 1489/1467/1434 1484/1414/1434
f 1397/1473/1435 1407/1468/1435 1480/1469/1435 1423/1474/1435
f 1423/1474/1436 1480/1469/1436 1481/1470/1436 1424/1475/1436
f 1424/1475/1437 1481/1470/1437 1482/1471/1437 1425/1476/1437
f 1425/1476/1438 1482/1471/1438 1483/1472/1438 1426/1477/1438
f 1426/1477/1439 1483/1472/1439 1484/1414/1439 1427/1413/1439
f 1470/1478/1440 1475/1479/1440 1476/1480/1440 1471/1481/1440
f 1471/1481/1441 1476/1480/1441 1477/1482/1441 1472/1483/1441
f 1472/1483/1442 1477/1482/1442 1478/1484/1442 1473/1485/1442
f 1473/1485/1443 1478/1484/1443 1479/1486/1443 1474/1411/1443
f 1465/1487/1444 1470/1478/1444 1471/1481/1444 1466/1488/1444
f 1466/1488/1445 1471/1481/1445 1472/1483/1445 1467/1489/1445
f 1467/1489/1446 1472/1483/1446 1473/1485/1446 1468/1490/1446
f 1468/1490/1447 1473/1485/1447 1474/1411/1447 1469/1409/1447
f 1460/1491/1448 1465/1487/1448 1466/1488/1448 1461/1492/1448
f 1461/1492/1449 1466/1488/1449 1467/1489/1449 1462/1493/1449
f 1462/1493/1450 1467/1489/1450 1468/1490/1450 1463/1494/1450
f 1463/1494/1451 1468/1490/1451 1469/1409/1451 1464/1407/1451
f 1409/1495/1452 1408/1496/1452 1460/1491/1452 1455/1497/1452
f 1455/1497/1453 1460/1491/1453 1461/1492/1453 1456/1498/1453
f 1456/1498/1454 1461/1492/1454 1462/1493/1454 1457/1499/1454
f 1457/1499/1455 1462/1493/1455 1463/1494/1455 1458/1500/1455
f 1458/1500/1451 1463/1494/1451 1464/1407/1451 1459/1405/1451
f 1410/1501/1456 1409/1495/1456 1455/1497/1456 1450/1502/1456
f 1450/1502/1457 1455/1497/1457 1456/1498/1457 1451/1503/1457
f 1451/1503/1458 1456/1498/1458 1457/1499/1458 1452/1504/1458
f 1452/1504/1459 1457/1499/1459 1458/1500/1459 1453/1505/1459
f 1453/1505/1460 1458/1500/1460 1459/1405/1460 1454/1403/1460
f 1445/1506/1461 1450/1502/1461 1451/1503/1461 1446/1507/1461
f 1446/1507/1462 1451/1503/1462 1452/1504/1462 1447/1508/1462
f 1447/1508/1463 1452/1504/1463 1453/1505/1463 1448/1509/1463
f 1448/1509/1464 1453/1505/1464 1454/1403/1464 1449/1400/1464
f 1440/1510/1465 1445/1506/1465 1446/1507/1465 1441/1511/1465
f 1441/1511/1466 1446/1507/1466 1447/1508/1466 1442/1512/1466
f 1442/1512/1467 1447/1508/1467 1448/1509/1467 1443/1513/1467
f 1443/1513/1468 1448/1509/1468 1449/1400/1468 1444/1399/1468
f 1438/1514/1469 1442/1512/1469 1443/1513/1469 1439/1515/1469
f 1475/1479/1470 1431/1516/1470 1430/1517/1470 1476/1480/1470
f 1476/1480/1471 1430/1517/1471 1429/1518/1471 1477/1482/1471
f 1402/1519/1472 1400/1520/1472 1436/1521/1472 1515/1433/1472
f 1515/1433/1473 1436/1521/1473 1435/1522/1473 1516/1434/1473
f 1516/1434/1474 1435/1522/1474 1434/1523/1474 1517/1436/1474
f 1517/1436/1475 1434/1523/1475 1433/1524/1475 1518/1438/1475
f 1518/1438/1476 1433/1524/1476 1432/1396/1476 1519/1395/1476
f 1400/1520/1477 1401/1525/1477 1437/1526/1477 1436/1521/1477
f 1434/1523/1478 1438/1514/1478 1439/1515/1478 1433/1524/1478
f 1395/1527/1479 1396/1528/1479 1428/1529/1479 1427/1530/1479
f 1425/1531/1480 1429/1532/1480 1430/1533/1480 1424/1534/1480
f 1424/1534/1481 1430/1533/1481 1431/1535/1481 1423/1536/1481
f 1520/1537/1482 1521/1538/1482 1522/1539/1482
f 1523/1540/1483 1524/1541/1483 1525/1542/1483 1526/1543/1483
f 1527/1544/1484 1528/1545/1484 1529/1546/1484 1530/1547/1484
f 1531/1548/1485 1532/1549/1485 1533/1550/1485 1534/1551/1485
f 1535/1552/1486 1536/1553/1486 1537/1554/1486 1538/1555/1486
f 1539/1556/1487 1540/1557/1487 1541/1558/1487 1542/1559/1487
f 1547/1564/1489 1548/1565/1489 1549/1566/1489 1550/1567/1489
f 1555/1572/1491 1556/1573/1491 1557/1574/1491 1558/1575/1491
f 1559/1576/1492 1560/1577/1492 1561/1578/1492 1562/1579/1492
f 1563/1580/1493 1564/1581/1493 1565/1582/1493 1566/1583/1493
f 1567/1584/1494 1568/1585/1494 1569/1586/1494 1570/1587/1494
f 1571/1588/1495 1572/1589/1495 1573/1590/1495 1574/1591/1495
f 1575/1592/1496 1576/1593/1496 1577/1594/1496 1578/1595/1496
f 1531/1596/1497 1534/1597/1497 1520/1598/1497 1522/1599/1497 1431/1516/1497 1475/1479/1497
f 1423/1536/1498 1431/1535/1498 1522/1539/1498 1521/1538/1498 1397/1600/1498
f 1397/1600/1499 1521/1538/1499 1520/1537/1499 1534/1551/1499 1533/1550/1499 1407/1601/1499
f 1523/1540/1500 1526/1543/1500 1402/1519/1500 1515/1433/1500 1510/1432/1500
f 1403/1431/1501 1410/1430/1501 1546/1563/1501 1545/1562/1501 1525/1602/1501 1524/1603/1501
f 1526/1604/1502 1525/1602/1502 1545/1562/1502 1544/1561/1502 1549/1566/1502 1548/1565/1502 1402/1605/1502
f 1403/1447/1503 1524/1541/1503 1523/1540/1503 1510/1432/1503 1505/1441/1503
f 1527/1544/1504 1530/1547/1504 1404/1446/1504 1500/1448/1504 1495/1453/1504
f 1405/1606/1505 1541/1558/1505 1540/1557/1505 1408/1607/1505 1529/1608/1505 1528/1609/1505
f 1530/1610/1506 1529/1608/1506 1408/1607/1506 1409/1429/1506 1404/1428/1506
f 1405/1462/1507 1528/1545/1507 1527/1544/1507 1495/1453/1507 1490/1457/1507
f 1407/1601/1508 1533/1550/1508 1532/1549/1508 1538/1555/1508 1537/1554/1508 1406/1611/1508
f 1535/1612/1509 1538/1613/1509 1532/1614/1509 1531/1596/1509 1475/1479/1509 1470/1478/1509
f 1406/1611/1510 1537/1554/1510 1536/1553/1510 1542/1559/1510 1541/1558/1510 1405/1606/1510
f 1539/1615/1511 1542/1616/1511 1536/1617/1511 1535/1612/1511 1470/1478/1511 1465/1487/1511
f 1408/1496/1512 1540/1618/1512 1539/1615/1512 1465/1487/1512 1460/1491/1512
f 1543/1619/1513 1546/1620/1513 1410/1501/1513 1450/1502/1513 1445/1506/1513
f 1550/1621/1514 1549/1622/1514 1544/1623/1514 1543/1619/1514 1445/1506/1514 1440/1510/1514
f 1401/1525/1515 1547/1624/1515 1550/1621/1515 1440/1510/1515 1437/1526/1515
f 1402/1605/1516 1548/1565/1516 1547/1564/1516 1401/1525/1516 1400/1520/1516
f 1551/1625/1517 1554/1626/1517 1422/1627/1517 1564/1581/1517 1563/1580/1517 1411/1628/1517
f 1484/1414/1518 1489/1467/1518 1552/1569/1518 1551/1568/1518 1411/1415/1518
f 1412/1427/1519 1421/1426/1519 1422/1627/1519 1554/1626/1519 1553/1629/1519
f 1489/1467/1520 1494/1417/1520 1412/1420/1520 1553/1570/1520 1552/1569/1520
f 1555/1630/1521 1558/1631/1521 1419/1632/1521 1420/1425/1521 1413/1424/1521
f 1499/1418/1522 1504/1452/1522 1556/1573/1522 1555/1572/1522 1413/1419/1522
f 1414/1633/1523 1418/1634/1523 1419/1632/1523 1558/1631/1523 1557/1635/1523
f 1504/1452/1524 1509/1445/1524 1414/1636/1524 1557/1574/1524 1556/1573/1524
f 1559/1637/1525 1562/1638/1525 1417/1639/1525 1418/1634/1525 1414/1633/1525
f 1509/1445/1526 1514/1440/1526 1560/1577/1526 1559/1576/1526 1414/1636/1526
f 1415/1423/1527 1416/1422/1527 1417/1639/1527 1562/1638/1527 1561/1640/1527
f 1514/1440/1528 1519/1395/1528 1415/1398/1528 1561/1578/1528 1560/1577/1528
f 1479/1486/1529 1428/1641/1529 1396/1642/1529 1566/1643/1529 1565/1644/1529
f 1411/1628/1530 1563/1580/1530 1566/1583/1530 1396/1645/1530 1395/1646/1530
f 1474/1411/1531 1479/1486/1531 1565/1644/1531 1564/1647/1531 1422/1412/1531
f 1427/1530/1532 1428/1529/1532 1567/1584/1532 1570/1587/1532 1426/1648/1532
f 1478/1484/1533 1568/1649/1533 1567/1650/1533 1428/1641/1533 1479/1486/1533
f 1426/1648/1534 1570/1587/1534 1569/1586/1534 1429/1532/1534 1425/1531/1534
f 1477/1482/1535 1429/1518/1535 1569/1651/1535 1568/1649/1535 1478/1484/1535
f 1436/1521/1536 1437/1526/1536 1571/1588/1536 1574/1591/1536 1435/1522/1536
f 1437/1526/1537 1440/1510/1537 1441/1511/1537 1572/1589/1537 1571/1588/1537
f 1435/1522/1538 1574/1591/1538 1573/1590/1538 1438/1514/1538 1434/1523/1538
f 1573/1590/1539 1572/1589/1539 1441/1511/1539 1442/1512/1539 1438/1514/1539
f 1578/1595/1540 1577/1594/1540 1444/1399/1540 1416/1402/1540 1399/1421/1540
f 1433/1524/1541 1439/1515/1541 1576/1593/1541 1575/1592/1541 1432/1396/1541
f 1432/1396/1542 1575/1592/1542 1578/1595/1542 1399/1421/1542 1398/1397/1542
f 1439/1515/1543 1443/1513/1543 1444/1399/1543 1577/1594/1543 1576/1593/1543
f 1703/1395/1544 1616/1396/1544 1582/1397/1544 1599/1398/1544
f 1628/1399/1545 1633/1400/1545 1601/1401/1545 1600/1402/1545
f 1633/1400/1546 1638/1403/1546 1602/1404/1546 1601/1401/1546
f 1638/1403/1547 1643/1405/1547 1603/1406/1547 1602/1404/1547
f 1643/1405/1548 1648/1407/1548 1604/1408/1548 1603/1406/1548
f 1648/1407/1549 1653/1409/1549 1605/1410/1549 1604/1408/1549
f 1653/1409/1550 1658/1411/1550 1606/1412/1550 1605/1410/1550
f 1611/1413/1551 1668/1414/1551 1595/1415/1551 1579/1416/1551
f 1678/1417/1552 1683/1418/1552 1597/1419/1552 1596/1420/1552
f 1582/1397/1553 1583/1421/1553 1600/1422/1553 1599/1423/1553
f 1597/1424/1554 1604/1425/1554 1605/1426/1554 1596/1427/1554
f 1588/1428/1555 1593/1429/1555 1594/1430/1555 1587/1431/1555
f 1694/1432/1556 1699/1433/1556 1700/1434/1556 1695/1435/1556
f 1695/1435/1557 1700/1434/1557 1701/1436/1557 1696/1437/1557
f 1696/1437/1558 1701/1436/1558 1702/1438/1558 1697/1439/1558
f 1697/1439/1559 1702/1438/1559 1703/1395/1559 1698/1440/1559
f 1689/1441/1560 1694/1432/1560 1695/1435/1560 1690/1442/1560
f 1690/1442/1561 1695/1435/1561 1696/1437/1561 1691/1443/1561
f 1691/1443/1562 1696/1437/1562 1697/1439/1562 1692/1444/1562
f 1692/1444/1563 1697/1439/1563 1698/1440/1563 1693/1445/1563
f 1588/1446/1564 1587/1447/1564 1689/1441/1564 1684/1448/1564
f 1684/1448/1565 1689/1441/1565 1690/1442/1565 1685/1449/1565
f 1685/1449/1566 1690/1442/1566 1691/1443/1566 1686/1450/1566
f 1686/1450/1567 1691/1443/1567 1692/1444/1567 1687/1451/1567
f 1687/1451/1568 1692/1444/1568 1693/1445/1568 1688/1452/1568
f 1679/1453/1569 1684/1448/1569 1685/1449/1569 1680/1454/1569
f 1680/1454/1570 1685/1449/1570 1686/1450/1570 1681/1455/1570
f 1681/1455/1568 1686/1450/1568 1687/1451/1568 1682/1456/1568
f 1682/1456/1571 1687/1451/1571 1688/1452/1571 1683/1418/1571
f 1674/1457/1572 1679/1453/1572 1680/1454/1572 1675/1458/1572
f 1675/1458/1570 1680/1454/1570 1681/1455/1570 1676/1459/1570
f 1676/1459/1568 1681/1455/1568 1682/1456/1568 1677/1460/1568
f 1677/1460/1573 1682/1456/1573 1683/1418/1573 1678/1417/1573
f 1590/1461/1574 1589/1462/1574 1674/1457/1574 1669/1463/1574
f 1669/1463/1575 1674/1457/1575 1675/1458/1575 1670/1464/1575
f 1670/1464/1576 1675/1458/1576 1676/1459/1576 1671/1465/1576
f 1671/1465/1577 1676/1459/1577 1677/1460/1577 1672/1466/1577
f 1672/1466/1578 1677/1460/1578 1678/1417/1578 1673/1467/1578
f 1591/1468/1579 1590/1461/1579 1669/1463/1579 1664/1469/1579
f 1664/1469/1580 1669/1463/1580 1670/1464/1580 1665/1470/1580
f 1665/1470/1581 1670/1464/1581 1671/1465/1581 1666/1471/1581
f 1666/1471/1582 1671/1465/1582 1672/1466/1582 1667/1472/1582
f 1667/1472/1583 1672/1466/1583 1673/1467/1583 1668/1414/1583
f 1581/1473/1584 1591/1468/1584 1664/1469/1584 1607/1474/1584
f 1607/1474/1585 1664/1469/1585 1665/1470/1585 1608/1475/1585
f 1608/1475/1586 1665/1470/1586 1666/1471/1586 1609/1476/1586
f 1609/1476/1587 1666/1471/1587 1667/1472/1587 1610/1477/1587
f 1610/1477/1588 1667/1472/1588 1668/1414/1588 1611/1413/1588
f 1654/1478/1589 1659/1479/1589 1660/1480/1589 1655/1481/1589
f 1655/1481/1590 1660/1480/1590 1661/1482/1590 1656/1483/1590
f 1656/1483/1591 1661/1482/1591 1662/1484/1591 1657/1485/1591
f 1657/1485/1592 1662/1484/1592 1663/1486/1592 1658/1411/1592
f 1649/1487/1593 1654/1478/1593 1655/1481/1593 1650/1488/1593
f 1650/1488/1594 1655/1481/1594 1656/1483/1594 1651/1489/1594
f 1651/1489/1595 1656/1483/1595 1657/1485/1595 1652/1490/1595
f 1652/1490/1596 1657/1485/1596 1658/1411/1596 1653/1409/1596
f 1644/1491/1597 1649/1487/1597 1650/1488/1597 1645/1492/1597
f 1645/1492/1598 1650/1488/1598 1651/1489/1598 1646/1493/1598
f 1646/1493/1599 1651/1489/1599 1652/1490/1599 1647/1494/1599
f 1647/1494/1600 1652/1490/1600 1653/1409/1600 1648/1407/1600
f 1593/1495/1601 1592/1496/1601 1644/1491/1601 1639/1497/1601
f 1639/1497/1602 1644/1491/1602 1645/1492/1602 1640/1498/1602
f 1640/1498/1603 1645/1492/1603 1646/1493/1603 1641/1499/1603
f 1641/1499/1604 1646/1493/1604 1647/1494/1604 1642/1500/1604
f 1642/1500/1600 1647/1494/1600 1648/1407/1600 1643/1405/1600
f 1594/1501/1605 1593/1495/1605 1639/1497/1605 1634/1502/1605
f 1634/1502/1606 1639/1497/1606 1640/1498/1606 1635/1503/1606
f 1635/1503/1607 1640/1498/1607 1641/1499/1607 1636/1504/1607
f 1636/1504/1608 1641/1499/1608 1642/1500/1608 1637/1505/1608
f 1637/1505/1609 1642/1500/1609 1643/1405/1609 1638/1403/1609
f 1629/1506/1610 1634/1502/1610 1635/1503/1610 1630/1507/1610
f 1630/1507/1611 1635/1503/1611 1636/1504/1611 1631/1508/1611
f 1631/1508/1612 1636/1504/1612 1637/1505/1612 1632/1509/1612
f 1632/1509/1613 1637/1505/1613 1638/1403/1613 1633/1400/1613
f 1624/1510/1614 1629/1506/1614 1630/1507/1614 1625/1511/1614
f 1625/1511/1615 1630/1507/1615 1631/1508/1615 1626/1512/1615
f 1626/1512/1616 1631/1508/1616 1632/1509/1616 1627/1513/1616
f 1627/1513/1617 1632/1509/1617 1633/1400/1617 1628/1399/1617
f 1622/1514/1618 1626/1512/1618 1627/1513/1618 1623/1515/1618
f 1659/1479/1619 1615/1516/1619 1614/1517/1619 1660/1480/1619
f 1660/1480/1620 1614/1517/1620 1613/1518/1620 1661/1482/1620
f 1586/1519/1621 1584/1520/1621 1620/1521/1621 1699/1433/1621
f 1699/1433/1622 1620/1521/1622 1619/1522/1622 1700/1434/1622
f 1700/1434/1623 1619/1522/1623 1618/1523/1623 1701/1436/1623
f 1701/1436/1624 1618/1523/1624 1617/1524/1624 1702/1438/1624
f 1702/1438/1625 1617/1524/1625 1616/1396/1625 1703/1395/1625
f 1584/1520/1626 1585/1525/1626 1621/1526/1626 1620/1521/1626
f 1618/1523/1627 1622/1514/1627 1623/1515/1627 1617/1524/1627
f 1579/1527/1628 1580/1528/1628 1612/1529/1628 1611/1530/1628
f 1609/1531/1629 1613/1532/1629 1614/1533/1629 1608/1534/1629
f 1608/1534/1630 1614/1533/1630 1615/1535/1630 1607/1536/1630
f 1704/1537/1631 1705/1538/1631 1706/1539/1631
f 1707/1540/1632 1708/1541/1632 1709/1542/1632 1710/1543/1632
f 1711/1544/1633 1712/1545/1633 1713/1546/1633 1714/1547/1633
f 1715/1548/1634 1716/1549/1634 1717/1550/1634 1718/1551/1634
f 1719/1552/1635 1720/1553/1635 1721/1554/1635 1722/1555/1635
f 1723/1556/1636 1724/1557/1636 1725/1558/1636 1726/1559/1636
f 1731/1564/1638 1732/1565/1638 1733/1566/1638 1734/1567/1638
f 1739/1572/1640 1740/1573/1640 1741/1574/1640 1742/1575/1640
f 1743/1576/1641 1744/1577/1641 1745/1578/1641 1746/1579/1641
f 1747/1580/1642 1748/1581/1642 1749/1582/1642 1750/1583/1642
f 1751/1584/1643 1752/1585/1643 1753/1586/1643 1754/1587/1643
f 1755/1588/1644 1756/1589/1644 1757/1590/1644 1758/1591/1644
f 1759/1592/1645 1760/1593/1645 1761/1594/1645 1762/1595/1645
f 1715/1596/1646 1718/1597/1646 1704/1598/1646 1706/1599/1646 1615/1516/1646 1659/1479/1646
f 1607/1536/1647 1615/1535/1647 1706/1539/1647 1705/1538/1647 1581/1600/1647
f 1581/1600/1648 1705/1538/1648 1704/1537/1648 1718/1551/1648 1717/1550/1648 1591/1601/1648
f 1707/1540/1649 1710/1543/1649 1586/1519/1649 1699/1433/1649 1694/1432/1649
f 1587/1431/1650 1594/1430/1650 1730/1563/1650 1729/1562/1650 1709/1602/1650 1708/1603/1650
f 1710/1604/1651 1709/1602/1651 1729/1562/1651 1728/1561/1651 1733/1566/1651 1732/1565/1651 1586/1605/1651
f 1587/1447/1652 1708/1541/1652 1707/1540/1652 1694/1432/1652 1689/1441/1652
f 1711/1544/1653 1714/1547/1653 1588/1446/1653 1684/1448/1653 1679/1453/1653
f 1589/1606/1654 1725/1558/1654 1724/1557/1654 1592/1607/1654 1713/1608/1654 1712/1609/1654
f 1714/1610/1655 1713/1608/1655 1592/1607/1655 1593/1429/1655 1588/1428/1655
f 1589/1462/1656 1712/1545/1656 1711/1544/1656 1679/1453/1656 1674/1457/1656
f 1591/1601/1657 1717/1550/1657 1716/1549/1657 1722/1555/1657 1721/1554/1657 1590/1611/1657
f 1719/1612/1658 1722/1613/1658 1716/1614/1658 1715/1596/1658 1659/1479/1658 1654/1478/1658
f 1590/1611/1659 1721/1554/1659 1720/1553/1659 1726/1559/1659 1725/1558/1659 1589/1606/1659
f 1723/1615/1660 1726/1616/1660 1720/1617/1660 1719/1612/1660 1654/1478/1660 1649/1487/1660
f 1592/1496/1661 1724/1618/1661 1723/1615/1661 1649/1487/1661 1644/1491/1661
f 1727/1619/1662 1730/1620/1662 1594/1501/1662 1634/1502/1662 1629/1506/1662
f 1734/1621/1663 1733/1622/1663 1728/1623/1663 1727/1619/1663 1629/1506/1663 1624/1510/1663
f 1585/1525/1664 1731/1624/1664 1734/1621/1664 1624/1510/1664 1621/1526/1664
f 1586/1605/1665 1732/1565/1665 1731/1564/1665 1585/1525/1665 1584/1520/1665
f 1735/1625/1666 1738/1626/1666 1606/1627/1666 1748/1581/1666 1747/1580/1666 1595/1628/1666
f 1668/1414/1667 1673/1467/1667 1736/1569/1667 1735/1568/1667 1595/1415/1667
f 1596/1427/1668 1605/1426/1668 1606/1627/1668 1738/1626/1668 1737/1629/1668
f 1673/1467/1669 1678/1417/1669 1596/1420/1669 1737/1570/1669 1736/1569/1669
f 1739/1630/1670 1742/1631/1670 1603/1632/1670 1604/1425/1670 1597/1424/1670
f 1683/1418/1671 1688/1452/1671 1740/1573/1671 1739/1572/1671 1597/1419/1671
f 1598/1633/1672 1602/1634/1672 1603/1632/1672 1742/1631/1672 1741/1635/1672
f 1688/1452/1673 1693/1445/1673 1598/1636/1673 1741/1574/1673 1740/1573/1673
f 1743/1637/1674 1746/1638/1674 1601/1639/1674 1602/1634/1674 1598/1633/1674
f 1693/1445/1675 1698/1440/1675 1744/1577/1675 1743/1576/1675 1598/1636/1675
f 1599/1423/1676 1600/1422/1676 1601/1639/1676 1746/1638/1676 1745/1640/1676
f 1698/1440/1677 1703/1395/1677 1599/1398/1677 1745/1578/1677 1744/1577/1677
f 1663/1486/1678 1612/1641/1678 1580/1642/1678 1750/1643/1678 1749/1644/1678
f 1595/1628/1679 1747/1580/1679 1750/1583/1679 1580/1645/1679 1579/1646/1679
f 1658/1411/1680 1663/1486/1680 1749/1644/1680 1748/1647/1680 1606/1412/1680
f 1611/1530/1681 1612/1529/1681 1751/1584/1681 1754/1587/1681 1610/1648/1681
f 1662/1484/1682 1752/1649/1682 1751/1650/1682 1612/1641/1682 1663/1486/1682
f 1610/1648/1683 1754/1587/1683 1753/1586/1683 1613/1532/1683 1609/1531/1683
f 1661/1482/1684 1613/1518/1684 1753/1651/1684 1752/1649/1684 1662/1484/1684
f 1620/1521/1685 1621/1526/1685 1755/1588/1685 1758/1591/1685 1619/1522/1685
f 1621/1526/1686 1624/1510/1686 1625/1511/1686 1756/1589/1686 1755/1588/1686
f 1619/1522/1687 1758/1591/1687 1757/1590/1687 1622/1514/1687 1618/1523/1687
f 1757/1590/1688 1756/1589/1688 1625/1511/1688 1626/1512/1688 1622/1514/1688
f 1762/1595/1689 1761/1594/1689 1628/1399/1689 1600/1402/1689 1583/1421/1689
f 1617/1524/1690 1623/1515/1690 1760/1593/1690 1759/1592/1690 1616/1396/1690
f 1616/1396/1691 1759/1592/1691 1762/1595/1691 1583/1421/1691 1582/1397/1691
f 1623/1515/1692 1627/1513/1692 1628/1399/1692 1761/1594/1692 1760/1593/1692
f 1887/1395/1693 1800/1396/1693 1766/1397/1693 1783/1398/1693
f 1812/1399/1694 1817/1400/1694 1785/1401/1694 1784/1402/1694
f 1817/1400/1695 1822/1403/1695 1786/1404/1695 1785/1401/1695
f 1822/1403/1696 1827/1405/1696 1787/1406/1696 1786/1404/1696
f 1827/1405/1697 1832/1407/1697 1788/1408/1697 1787/1406/1697
f 1832/1407/1698 1837/1409/1698 1789/1410/1698 1788/1408/1698
f 1837/1409/1699 1842/1411/1699 1790/1412/1699 1789/1410/1699
f 1795/1413/1700 1852/1414/1700 1779/1415/1700 1763/1416/1700
f 1862/1417/1701 1867/1418/1701 1781/1419/1701 1780/1420/1701
f 1766/1397/1702 1767/1421/1702 1784/1422/1702 1783/1423/1702
f 1781/1424/1703 1788/1425/1703 1789/1426/1703 1780/1427/1703
f 1772/1428/1704 1777/1429/1704 1778/1430/1704 1771/1431/1704
f 1878/1432/1705 1883/1433/1705 1884/1434/1705 1879/1435/1705
f 1879/1435/1706 1884/1434/1706 1885/1436/1706 1880/1437/1706
f 1880/1437/1707 1885/1436/1707 1886/1438/1707 1881/1439/1707
f 1881/1439/1708 1886/1438/1708 1887/1395/1708 1882/1440/1708
f 1873/1441/1709 1878/1432/1709 1879/1435/1709 1874/1442/1709
f 1874/1442/1710 1879/1435/1710 1880/1437/1710 1875/1443/1710
f 1875/1443/1711 1880/1437/1711 1881/1439/1711 1876/1444/1711
f 1876/1444/1712 1881/1439/1712 1882/1440/1712 1877/1445/1712
f 1772/1446/1713 1771/1447/1713 1873/1441/1713 1868/1448/1713
f 1868/1448/1714 1873/1441/1714 1874/1442/1714 1869/1449/1714
f 1869/1449/1715 1874/1442/1715 1875/1443/1715 1870/1450/1715
f 1870/1450/1716 1875/1443/1716 1876/1444/1716 1871/1451/1716
f 1871/1451/1717 1876/1444/1717 1877/1445/1717 1872/1452/1717
f 1863/1453/1718 1868/1448/1718 1869/1449/1718 1864/1454/1718
f 1864/1454/1717 1869/1449/1717 1870/1450/1717 1865/1455/1717
f 1865/1455/1719 1870/1450/1719 1871/1451/1719 1866/1456/1719
f 1866/1456/1720 1871/1451/1720 1872/1452/1720 1867/1418/1720
f 1858/1457/1712 1863/1453/1712 1864/1454/1712 1859/1458/1712
f 1859/1458/1717 1864/1454/1717 1865/1455/1717 1860/1459/1717
f 1860/1459/1719 1865/1455/1719 1866/1456/1719 1861/1460/1719
f 1861/1460/1721 1866/1456/1721 1867/1418/1721 1862/1417/1721
f 1774/1461/1722 1773/1462/1722 1858/1457/1722 1853/1463/1722
f 1853/1463/1723 1858/1457/1723 1859/1458/1723 1854/1464/1723
f 1854/1464/1724 1859/1458/1724 1860/1459/1724 1855/1465/1724
f 1855/1465/1725 1860/1459/1725 1861/1460/1725 1856/1466/1725
f 1856/1466/1726 1861/1460/1726 1862/1417/1726 1857/1467/1726
f 1775/1468/1727 1774/1461/1727 1853/1463/1727 1848/1469/1727
f 1848/1469/1728 1853/1463/1728 1854/1464/1728 1849/1470/1728
f 1849/1470/1729 1854/1464/1729 1855/1465/1729 1850/1471/1729
f 1850/1471/1730 1855/1465/1730 1856/1466/1730 1851/1472/1730
f 1851/1472/1731 1856/1466/1731 1857/1467/1731 1852/1414/1731
f 1765/1473/1732 1775/1468/1732 1848/1469/1732 1791/1474/1732
f 1791/1474/1733 1848/1469/1733 1849/1470/1733 1792/1475/1733
f 1792/1475/1734 1849/1470/1734 1850/1471/1734 1793/1476/1734
f 1793/1476/1735 1850/1471/1735 1851/1472/1735 1794/1477/1735
f 1794/1477/1736 1851/1472/1736 1852/1414/1736 1795/1413/1736
f 1838/1478/1737 1843/1479/1737 1844/1480/1737 1839/1481/1737
f 1839/1481/1738 1844/1480/1738 1845/1482/1738 1840/1483/1738
f 1840/1483/1739 1845/1482/1739 1846/1484/1739 1841/1485/1739
f 1841/1485/1740 1846/1484/1740 1847/1486/1740 1842/1411/1740
f 1833/1487/1741 1838/1478/1741 1839/1481/1741 1834/1488/1741
f 1834/1488/1742 1839/1481/1742 1840/1483/1742 1835/1489/1742
f 1835/1489/1743 1840/1483/1743 1841/1485/1743 1836/1490/1743
f 1836/1490/1744 1841/1485/1744 1842/1411/1744 1837/1409/1744
f 1828/1491/1745 1833/1487/1745 1834/1488/1745 1829/1492/1745
f 1829/1492/1746 1834/1488/1746 1835/1489/1746 1830/1493/1746
f 1830/1493/1747 1835/1489/1747 1836/1490/1747 1831/1494/1747
f 1831/1494/1748 1836/1490/1748 1837/1409/1748 1832/1407/1748
f 1777/1495/1749 1776/1496/1749 1828/1491/1749 1823/1497/1749
f 1823/1497/1750 1828/1491/1750 1829/1492/1750 1824/1498/1750
f 1824/1498/1751 1829/1492/1751 1830/1493/1751 1825/1499/1751
f 1825/1499/1752 1830/1493/1752 1831/1494/1752 1826/1500/1752
f 1826/1500/1748 1831/1494/1748 1832/1407/1748 1827/1405/1748
f 1778/1501/1753 1777/1495/1753 1823/1497/1753 1818/1502/1753
f 1818/1502/1754 1823/1497/1754 1824/1498/1754 1819/1503/1754
f 1819/1503/1755 1824/1498/1755 1825/1499/1755 1820/1504/1755
f 1820/1504/1756 1825/1499/1756 1826/1500/1756 1821/1505/1756
f 1821/1505/1757 1826/1500/1757 1827/1405/1757 1822/1403/1757
f 1813/1506/1758 1818/1502/1758 1819/1503/1758 1814/1507/1758
f 1814/1507/1759 1819/1503/1759 1820/1504/1759 1815/1508/1759
f 1815/1508/1760 1820/1504/1760 1821/1505/1760 1816/1509/1760
f 1816/1509/1761 1821/1505/1761 1822/1403/1761 1817/1400/1761
f 1808/1510/1762 1813/1506/1762 1814/1507/1762 1809/1511/1762
f 1809/1511/1763 1814/1507/1763 1815/1508/1763 1810/1512/1763
f 1810/1512/1764 1815/1508/1764 1816/1509/1764 1811/1513/1764
f 1811/1513/1765 1816/1509/1765 1817/1400/1765 1812/1399/1765
f 1806/1514/1766 1810/1512/1766 1811/1513/1766 1807/1515/1766
f 1843/1479/1767 1799/1516/1767 1798/1517/1767 1844/1480/1767
f 1844/1480/1768 1798/1517/1768 1797/1518/1768 1845/1482/1768
f 1770/1519/1769 1768/1520/1769 1804/1521/1769 1883/1433/1769
f 1883/1433/1770 1804/1521/1770 1803/1522/1770 1884/1434/1770
f 1884/1434/1771 1803/1522/1771 1802/1523/1771 1885/1436/1771
f 1885/1436/1772 1802/1523/1772 1801/1524/1772 1886/1438/1772
f 1886/1438/1773 1801/1524/1773 1800/1396/1773 1887/1395/1773
f 1768/1520/1774 1769/1525/1774 1805/1526/1774 1804/1521/1774
f 1802/1523/1775 1806/1514/1775 1807/1515/1775 1801/1524/1775
f 1763/1527/1776 1764/1528/1776 1796/1529/1776 1795/1530/1776
f 1793/1531/1777 1797/1532/1777 1798/1533/1777 1792/1534/1777
f 1792/1534/1778 1798/1533/1778 1799/1535/1778 1791/1536/1778
f 1888/1537/1779 1889/1538/1779 1890/1539/1779
f 1891/1540/1780 1892/1541/1780 1893/1542/1780 1894/1543/1780
f 1895/1544/1781 1896/1545/1781 1897/1546/1781 1898/1547/1781
f 1899/1548/1782 1900/1549/1782 1901/1550/1782 1902/1551/1782
f 1903/1552/1783 1904/1553/1783 1905/1554/1783 1906/1555/1783
f 1907/1556/1784 1908/1557/1784 1909/1558/1784 1910/1559/1784
f 1915/1564/1786 1916/1565/1786 1917/1566/1786 1918/1567/1786
f 1923/1572/1788 1924/1573/1788 1925/1574/1788 1926/1575/1788
f 1927/1576/1789 1928/1577/1789 1929/1578/1789 1930/1579/1789
f 1931/1580/1790 1932/1581/1790 1933/1582/1790 1934/1583/1790
f 1935/1584/1791 1936/1585/1791 1937/1586/1791 1938/1587/1791
f 1939/1588/1792 1940/1589/1792 1941/1590/1792 1942/1591/1792
f 1943/1592/1793 1944/1593/1793 1945/1594/1793 1946/1595/1793
f 1899/1596/1794 1902/1597/1794 1888/1598/1794 1890/1599/1794 1799/1516/1794 1843/1479/1794
f 1791/1536/1795 1799/1535/1795 1890/1539/1795 1889/1538/1795 1765/1600/1795
f 1765/1600/1796 1889/1538/1796 1888/1537/1796 1902/1551/1796 1901/1550/1796 1775/1601/1796
f 1891/1540/1797 1894/1543/1797 1770/1519/1797 1883/1433/1797 1878/1432/1797
f 1771/1431/1798 1778/1430/1798 1914/1563/1798 1913/1562/1798 1893/1602/1798 1892/1603/1798
f 1894/1604/1799 1893/1602/1799 1913/1562/1799 1912/1561/1799 1917/1566/1799 1916/1565/1799 1770/1605/1799
f 1771/1447/1800 1892/1541/1800 1891/1540/1800 1878/1432/1800 1873/1441/1800
f 1895/1544/1801 1898/1547/1801 1772/1446/1801 1868/1448/1801 1863/1453/1801
f 1773/1606/1802 1909/1558/1802 1908/1557/1802 1776/1607/1802 1897/1608/1802 1896/1609/1802
f 1898/1610/1803 1897/1608/1803 1776/1607/1803 1777/1429/1803 1772/1428/1803
f 1773/1462/1804 1896/1545/1804 1895/1544/1804 1863/1453/1804 1858/1457/1804
f 1775/1601/1805 1901/1550/1805 1900/1549/1805 1906/1555/1805 1905/1554/1805 1774/1611/1805
f 1903/1612/1806 1906/1613/1806 1900/1614/1806 1899/1596/1806 1843/1479/1806 1838/1478/1806
f 1774/1611/1807 1905/1554/1807 1904/1553/1807 1910/1559/1807 1909/1558/1807 1773/1606/1807
f 1907/1615/1808 1910/1616/1808 1904/1617/1808 1903/1612/1808 1838/1478/1808 1833/1487/1808
f 1776/1496/1809 1908/1618/1809 1907/1615/1809 1833/1487/1809 1828/1491/1809
f 1911/1619/1810 1914/1620/1810 1778/1501/1810 1818/1502/1810 1813/1506/1810
f 1918/1621/1811 1917/1622/1811 1912/1623/1811 1911/1619/1811 1813/1506/1811 1808/1510/1811
f 1769/1525/1812 1915/1624/1812 1918/1621/1812 1808/1510/1812 1805/1526/1812
f 1770/1605/1813 1916/1565/1813 1915/1564/1813 1769/1525/1813 1768/1520/1813
f 1919/1625/1814 1922/1626/1814 1790/1627/1814 1932/1581/1814 1931/1580/1814 1779/1628/1814
f 1852/1414/1815 1857/1467/1815 1920/1569/1815 1919/1568/1815 1779/1415/1815
f 1780/1427/1816 1789/1426/1816 1790/1627/1816 1922/1626/1816 1921/1629/1816
f 1857/1467/1817 1862/1417/1817 1780/1420/1817 1921/1570/1817 1920/1569/1817
f 1923/1630/1818 1926/1631/1818 1787/1632/1818 1788/1425/1818 1781/1424/1818
f 1867/1418/1819 1872/1452/1819 1924/1573/1819 1923/1572/1819 1781/1419/1819
f 1782/1633/1820 1786/1634/1820 1787/1632/1820 1926/1631/1820 1925/1635/1820
f 1872/1452/1821 1877/1445/1821 1782/1636/1821 1925/1574/1821 1924/1573/1821
f 1927/1637/1822 1930/1638/1822 1785/1639/1822 1786/1634/1822 1782/1633/1822
f 1877/1445/1823 1882/1440/1823 1928/1577/1823 1927/1576/1823 1782/1636/1823
f 1783/1423/1824 1784/1422/1824 1785/1639/1824 1930/1638/1824 1929/1640/1824
f 1882/1440/1825 1887/1395/1825 1783/1398/1825 1929/1578/1825 1928/1577/1825
f 1847/1486/1826 1796/1641/1826 1764/1642/1826 1934/1643/1826 1933/1644/1826
f 1779/1628/1827 1931/1580/1827 1934/1583/1827 1764/1645/1827 1763/1646/1827
f 1842/1411/1828 1847/1486/1828 1933/1644/1828 1932/1647/1828 1790/1412/1828
f 1795/1530/1829 1796/1529/1829 1935/1584/1829 1938/1587/1829 1794/1648/1829
f 1846/1484/1830 1936/1649/1830 1935/1650/1830 1796/1641/1830 1847/1486/1830
f 1794/1648/1831 1938/1587/1831 1937/1586/1831 1797/1532/1831 1793/1531/1831
f 1845/1482/1832 1797/1518/1832 1937/1651/1832 1936/1649/1832 1846/1484/1832
f 1804/1521/1833 1805/1526/1833 1939/1588/1833 1942/1591/1833 1803/1522/1833
f 1805/1526/1834 1808/1510/1834 1809/1511/1834 1940/1589/1834 1939/1588/1834
f 1803/1522/1835 1942/1591/1835 1941/1590/1835 1806/1514/1835 1802/1523/1835
f 1941/1590/1836 1940/1589/1836 1809/1511/1836 1810/1512/1836 1806/1514/1836
f 1946/1595/1837 1945/1594/1837 1812/1399/1837 1784/1402/1837 1767/1421/1837
f 1801/1524/1838 1807/1515/1838 1944/1593/1838 1943/1592/1838 1800/1396/1838
f 1800/1396/1839 1943/1592/1839 1946/1595/1839 1767/1421/1839 1766/1397/1839
f 1807/1515/1840 1811/1513/1840 1812/1399/1840 1945/1594/1840 1944/1593/1840
f 2071/1395/1841 1984/1396/1841 1950/1397/1841 1967/1398/1841
f 1996/1399/1842 2001/1400/1842 1969/1401/1842 1968/1402/1842
f 2001/1400/1843 2006/1403/1843 1970/1404/1843 1969/1401/1843
f 2006/1403/1844 2011/1405/1844 1971/1406/1844 1970/1404/1844
f 2011/1405/1845 2016/1407/1845 1972/1408/1845 1971/1406/1845
f 2016/1407/1846 2021/1409/1846 1973/1410/1846 1972/1408/1846
f 2021/1409/1847 2026/1411/1847 1974/1412/1847 1973/1410/1847
f 1979/1413/1848 2036/1414/1848 1963/1415/1848 1947/1416/1848
f 2046/1417/1849 2051/1418/1849 1965/1419/1849 1964/1420/1849
f 1950/1397/1850 1951/1421/1850 1968/1422/1850 1967/1423/1850
f 1965/1424/1851 1972/1425/1851 1973/1426/1851 1964/1427/1851
f 1956/1428/1852 1961/1429/1852 1962/1430/1852 1955/1431/1852
f 2062/1432/1853 2067/1433/1853 2068/1434/1853 2063/1435/1853
f 2063/1435/1854 2068/1434/1854 2069/1436/1854 2064/1437/1854
f 2064/1437/1855 2069/1436/1855 2070/1438/1855 2065/1439/1855
f 2065/1439/1856 2070/1438/1856 2071/1395/1856 2066/1440/1856
f 2057/1441/1857 2062/1432/1857 2063/1435/1857 2058/1442/1857
f 2058/1442/1858 2063/1435/1858 2064/1437/1858 2059/1443/1858
f 2059/1443/1859 2064/1437/1859 2065/1439/1859 2060/1444/1859
f 2060/1444/1860 2065/1439/1860 2066/1440/1860 2061/1445/1860
f 1956/1446/1861 1955/1447/1861 2057/1441/1861 2052/1448/1861
f 2052/1448/1862 2057/1441/1862 2058/1442/1862 2053/1449/1862
f 2053/1449/1863 2058/1442/1863 2059/1443/1863 2054/1450/1863
f 2054/1450/1864 2059/1443/1864 2060/1444/1864 2055/1451/1864
f 2055/1451/1865 2060/1444/1865 2061/1445/1865 2056/1452/1865
f 2047/1453/1866 2052/1448/1866 2053/1449/1866 2048/1454/1866
f 2048/1454/1867 2053/1449/1867 2054/1450/1867 2049/1455/1867
f 2049/1455/1865 2054/1450/1865 2055/1451/1865 2050/1456/1865
f 2050/1456/1868 2055/1451/1868 2056/1452/1868 2051/1418/1868
f 2042/1457/1869 2047/1453/1869 2048/1454/1869 2043/1458/1869
f 2043/1458/1867 2048/1454/1867 2049/1455/1867 2044/1459/1867
f 2044/1459/1865 2049/1455/1865 2050/1456/1865 2045/1460/1865
f 2045/1460/1870 2050/1456/1870 2051/1418/1870 2046/1417/1870
f 1958/1461/1871 1957/1462/1871 2042/1457/1871 2037/1463/1871
f 2037/1463/1872 2042/1457/1872 2043/1458/1872 2038/1464/1872
f 2038/1464/1873 2043/1458/1873 2044/1459/1873 2039/1465/1873
f 2039/1465/1874 2044/1459/1874 2045/1460/1874 2040/1466/1874
f 2040/1466/1875 2045/1460/1875 2046/1417/1875 2041/1467/1875
f 1959/1468/1876 1958/1461/1876 2037/1463/1876 2032/1469/1876
f 2032/1469/1877 2037/1463/1877 2038/1464/1877 2033/1470/1877
f 2033/1470/1878 2038/1464/1878 2039/1465/1878 2034/1471/1878
f 2034/1471/1879 2039/1465/1879 2040/1466/1879 2035/1472/1879
f 2035/1472/1880 2040/1466/1880 2041/1467/1880 2036/1414/1880
f 1949/1473/1881 1959/1468/1881 2032/1469/1881 1975/1474/1881
f 1975/1474/1882 2032/1469/1882 2033/1470/1882 1976/1475/1882
f 1976/1475/1883 2033/1470/1883 2034/1471/1883 1977/1476/1883
f 1977/1476/1884 2034/1471/1884 2035/1472/1884 1978/1477/1884
f 1978/1477/1885 2035/1472/1885 2036/1414/1885 1979/1413/1885
f 2022/1478/1886 2027/1479/1886 2028/1480/1886 2023/1481/1886
f 2023/1481/1887 2028/1480/1887 2029/1482/1887 2024/1483/1887
f 2024/1483/1888 2029/1482/1888 2030/1484/1888 2025/1485/1888
f 2025/1485/1889 2030/1484/1889 2031/1486/1889 2026/1411/1889
f 2017/1487/1890 2022/1478/1890 2023/1481/1890 2018/1488/1890
f 2018/1488/1891 2023/1481/1891 2024/1483/1891 2019/1489/1891
f 2019/1489/1892 2024/1483/1892 2025/1485/1892 2020/1490/1892
f 2020/1490/1893 2025/1485/1893 2026/1411/1893 2021/1409/1893
f 2012/1491/1894 2017/1487/1894 2018/1488/1894 2013/1492/1894
f 2013/1492/1895 2018/1488/1895 2019/1489/1895 2014/1493/1895
f 2014/1493/1896 2019/1489/1896 2020/1490/1896 2015/1494/1896
f 2015/1494/1897 2020/1490/1897 2021/1409/1897 2016/1407/1897
f 1961/1495/1898 1960/1496/1898 2012/1491/1898 2007/1497/1898
f 2007/1497/1899 2012/1491/1899 2013/1492/1899 2008/1498/1899
f 2008/1498/1900 2013/1492/1900 2014/1493/1900 2009/1499/1900
f 2009/1499/1901 2014/1493/1901 2015/1494/1901 2010/1500/1901
f 2010/1500/1897 2015/1494/1897 2016/1407/1897 2011/1405/1897
f 1962/1501/1902 1961/1495/1902 2007/1497/1902 2002/1502/1902
f 2002/1502/1903 2007/1497/1903 2008/1498/1903 2003/1503/1903
f 2003/1503/1904 2008/1498/1904 2009/1499/1904 2004/1504/1904
f 2004/1504/1905 2009/1499/1905 2010/1500/1905 2005/1505/1905
f 2005/1505/1906 2010/1500/1906 2011/1405/1906 2006/1403/1906
f 1997/1506/1907 2002/1502/1907 2003/1503/1907 1998/1507/1907
f 1998/1507/1908 2003/1503/1908 2004/1504/1908 1999/1508/1908
f 1999/1508/1909 2004/1504/1909 2005/1505/1909 2000/1509/1909
f 2000/1509/1910 2005/1505/1910 2006/1403/1910 2001/1400/1910
f 1992/1510/1911 1997/1506/1911 1998/1507/1911 1993/1511/1911
f 1993/1511/1912 1998/1507/1912 1999/1508/1912 1994/1512/1912
f 1994/1512/1913 1999/1508/1913 2000/1509/1913 1995/1513/1913
f 1995/1513/1914 2000/1509/1914 2001/1400/1914 1996/1399/1914
f 1990/1514/1915 1994/1512/1915 1995/1513/1915 1991/1515/1915
f 2027/1479/1916 1983/1516/1916 1982/1517/1916 2028/1480/1916
f 2028/1480/1917 1982/1517/1917 1981/1518/1917 2029/1482/1917
f 1954/1519/1918 1952/1520/1918 1988/1521/1918 2067/1433/1918
f 2067/1433/1919 1988/1521/1919 1987/1522/1919 2068/1434/1919
f 2068/1434/1920 1987/1522/1920 1986/1523/1920 2069/1436/1920
f 2069/1436/1921 1986/1523/1921 1985/1524/1921 2070/1438/1921
f 2070/1438/1922 1985/1524/1922 1984/1396/1922 2071/1395/1922
f 1952/1520/1923 1953/1525/1923 1989/1526/1923 1988/1521/1923
f 1986/1523/1924 1990/1514/1924 1991/1515/1924 1985/1524/1924
f 1947/1527/1925 1948/1528/1925 1980/1529/1925 1979/1530/1925
f 1977/1531/1926 1981/1532/1926 1982/1533/1926 1976/1534/1926
f 1976/1534/1927 1982/1533/1927 1983/1535/1927 1975/1536/1927
f 2072/1537/1928 2073/1538/1928 2074/1539/1928
f 2075/1540/1929 2076/1541/1929 2077/1542/1929 2078/1543/1929
f 2079/1544/1930 2080/1545/1930 2081/1546/1930 2082/1547/1930
f 2083/1548/1931 2084/1549/1931 2085/1550/1931 2086/1551/1931
f 2087/1552/1932 2088/1553/1932 2089/1554/1932 2090/1555/1932
f 2091/1556/1933 2092/1557/1933 2093/1558/1933 2094/1559/1933
f 2099/1564/1935 2100/1565/1935 2101/1566/1935 2102/1567/1935
f 2107/1572/1937 2108/1573/1937 2109/1574/1937 2110/1575/1937
f 2111/1576/1938 2112/1577/1938 2113/1578/1938 2114/1579/1938
f 2115/1580/1939 2116/1581/1939 2117/1582/1939 2118/1583/1939
f 2119/1584/1940 2120/1585/1940 2121/1586/1940 2122/1587/1940
f 2123/1588/1941 2124/1589/1941 2125/1590/1941 2126/1591/1941
f 2127/1592/1942 2128/1593/1942 2129/1594/1942 2130/1595/1942
f 2083/1596/1943 2086/1597/1943 2072/1598/1943 2074/1599/1943 1983/1516/1943 2027/1479/1943
f 1975/1536/1944 1983/1535/1944 2074/1539/1944 2073/1538/1944 1949/1600/1944
f 1949/1600/1945 2073/1538/1945 2072/1537/1945 2086/1551/1945 2085/1550/1945 1959/1601/1945
f 2075/1540/1946 2078/1543/1946 1954/1519/1946 2067/1433/1946 2062/1432/1946
f 1955/1431/1947 1962/1430/1947 2098/1563/1947 2097/1562/1947 2077/1602/1947 2076/1603/1947
f 2078/1604/1948 2077/1602/1948 2097/1562/1948 2096/1561/1948 2101/1566/1948 2100/1565/1948 1954/1605/1948
f 1955/1447/1949 2076/1541/1949 2075/1540/1949 2062/1432/1949 2057/1441/1949
f 2079/1544/1950 2082/1547/1950 1956/1446/1950 2052/1448/1950 2047/1453/1950
f 1957/1606/1951 2093/1558/1951 2092/1557/1951 1960/1607/1951 2081/1608/1951 2080/1609/1951
f 2082/1610/1952 2081/1608/1952 1960/1607/1952 1961/1429/1952 1956/1428/1952
f 1957/1462/1953 2080/1545/1953 2079/1544/1953 2047/1453/1953 2042/1457/1953
f 1959/1601/1954 2085/1550/1954 2084/1549/1954 2090/1555/1954 2089/1554/1954 1958/1611/1954
f 2087/1612/1955 2090/1613/1955 2084/1614/1955 2083/1596/1955 2027/1479/1955 2022/1478/1955
f 1958/1611/1956 2089/1554/1956 2088/1553/1956 2094/1559/1956 2093/1558/1956 1957/1606/1956
f 2091/1615/1957 2094/1616/1957 2088/1617/1957 2087/1612/1957 2022/1478/1957 2017/1487/1957
f 1960/1496/1958 2092/1618/1958 2091/1615/1958 2017/1487/1958 2012/1491/1958
f 2095/1619/1959 2098/1620/1959 1962/1501/1959 2002/1502/1959 1997/1506/1959
f 2102/1621/1960 2101/1622/1960 2096/1623/1960 2095/1619/1960 1997/1506/1960 1992/1510/1960
f 1953/1525/1961 2099/1624/1961 2102/1621/1961 1992/1510/1961 1989/1526/1961
f 1954/1605/1962 2100/1565/1962 2099/1564/1962 1953/1525/1962 1952/1520/1962
f 2103/1625/1963 2106/1626/1963 1974/1627/1963 2116/1581/1963 2115/1580/1963 1963/1628/1963
f 2036/1414/1964 2041/1467/1964 2104/1569/1964 2103/1568/1964 1963/1415/1964
f 1964/1427/1965 1973/1426/1965 1974/1627/1965 2106/1626/1965 2105/1629/1965
f 2041/1467/1966 2046/1417/1966 1964/1420/1966 2105/1570/1966 2104/1569/1966
f 2107/1630/1967 2110/1631/1967 1971/1632/1967 1972/1425/1967 1965/1424/1967
f 2051/1418/1968 2056/1452/1968 2108/1573/1968 2107/1572/1968 1965/1419/1968
f 1966/1633/1969 1970/1634/1969 1971/1632/1969 2110/1631/1969 2109/1635/1969
f 2056/1452/1970 2061/1445/1970 1966/1636/1970 2109/1574/1970 2108/1573/1970
f 2111/1637/1971 2114/1638/1971 1969/1639/1971 1970/1634/1971 1966/1633/1971
f 2061/1445/1972 2066/1440/1972 2112/1577/1972 2111/1576/1972 1966/1636/1972
f 1967/1423/1973 1968/1422/1973 1969/1639/1973 2114/1638/1973 2113/1640/1973
f 2066/1440/1974 2071/1395/1974 1967/1398/1974 2113/1578/1974 2112/1577/1974
f 2031/1486/1975 1980/1641/1975 1948/1642/1975 2118/1643/1975 2117/1644/1975
f 1963/1628/1976 2115/1580/1976 2118/1583/1976 1948/1645/1976 1947/1646/1976
f 2026/1411/1977 2031/1486/1977 2117/1644/1977 2116/1647/1977 1974/1412/1977
f 1979/1530/1978 1980/1529/1978 2119/1584/1978 2122/1587/1978 1978/1648/1978
f 2030/1484/1979 2120/1649/1979 2119/1650/1979 1980/1641/1979 2031/1486/1979
f 1978/1648/1980 2122/1587/1980 2121/1586/1980 1981/1532/1980 1977/1531/1980
f 2029/1482/1981 1981/1518/1981 2121/1651/1981 2120/1649/1981 2030/1484/1981
f 1988/1521/1982 1989/1526/1982 2123/1588/1982 2126/1591/1982 1987/1522/1982
f 1989/1526/1983 1992/1510/1983 1993/1511/1983 2124/1589/1983 2123/1588/1983
f 1987/1522/1984 2126/1591/1984 2125/1590/1984 1990/1514/1984 1986/1523/1984
f 2125/1590/1985 2124/1589/1985 1993/1511/1985 1994/1512/1985 1990/1514/1985
f 2130/1595/1986 2129/1594/1986 1996/1399/1986 1968/1402/1986 1951/1421/1986
f 1985/1524/1987 1991/1515/1987 2128/1593/1987 2127/1592/1987 1984/1396/1987
f 1984/1396/1988 2127/1592/1988 2130/1595/1988 1951/1421/1988 1950/1397/1988
f 1991/1515/1989 1995/1513/1989 1996/1399/1989 2129/1594/1989 2128/1593/1989
f 2255/1395/1990 2168/1396/1990 2134/1397/1990 2151/1398/1990
f 2180/1399/1991 2185/1400/1991 2153/1401/1991 2152/1402/1991
f 2185/1400/1992 2190/1403/1992 2154/1404/1992 2153/1401/1992
f 2190/1403/1993 2195/1405/1993 2155/1406/1993 2154/1404/1993
f 2195/1405/1994 2200/1407/1994 2156/1408/1994 2155/1406/1994
f 2200/1407/1995 2205/1409/1995 2157/1410/1995 2156/1408/1995
f 2205/1409/1996 2210/1411/1996 2158/1412/1996 2157/1410/1996
f 2163/1413/1997 2220/1414/1997 2147/1415/1997 2131/1416/1997
f 2230/1417/1998 2235/1418/1998 2149/1419/1998 2148/1420/1998
f 2134/1397/1999 2135/1421/1999 2152/1422/1999 2151/1423/1999
f 2149/1424/2000 2156/1425/2000 2157/1426/2000 2148/1427/2000
f 2140/1428/2001 2145/1429/2001 2146/1430/2001 2139/1431/2001
f 2246/1432/2002 2251/1433/2002 2252/1434/2002 2247/1435/2002
f 2247/1435/2003 2252/1434/2003 2253/1436/2003 2248/1437/2003
f 2248/1437/2004 2253/1436/2004 2254/1438/2004 2249/1439/2004
f 2249/1439/2005 2254/1438/2005 2255/1395/2005 2250/1440/2005
f 2241/1441/2006 2246/1432/2006 2247/1435/2006 2242/1442/2006
f 2242/1442/2007 2247/1435/2007 2248/1437/2007 2243/1443/2007
f 2243/1443/2008 2248/1437/2008 2249/1439/2008 2244/1444/2008
f 2244/1444/2009 2249/1439/2009 2250/1440/2009 2245/1445/2009
f 2140/1446/2010 2139/1447/2010 2241/1441/2010 2236/1448/2010
f 2236/1448/2011 2241/1441/2011 2242/1442/2011 2237/1449/2011
f 2237/1449/2012 2242/1442/2012 2243/1443/2012 2238/1450/2012
f 2238/1450/2013 2243/1443/2013 2244/1444/2013 2239/1451/2013
f 2239/1451/2014 2244/1444/2014 2245/1445/2014 2240/1452/2014
f 2231/1453/2015 2236/1448/2015 2237/1449/2015 2232/1454/2015
f 2232/1454/2014 2237/1449/2014 2238/1450/2014 2233/1455/2014
f 2233/1455/2016 2238/1450/2016 2239/1451/2016 2234/1456/2016
f 2234/1456/2017 2239/1451/2017 2240/1452/2017 2235/1418/2017
f 2226/1457/2018 2231/1453/2018 2232/1454/2018 2227/1458/2018
f 2227/1458/2019 2232/1454/2019 2233/1455/2019 2228/1459/2019
f 2228/1459/2020 2233/1455/2020 2234/1456/2020 2229/1460/2020
f 2229/1460/2021 2234/1456/2021 2235/1418/2021 2230/1417/2021
f 2142/1461/2022 2141/1462/2022 2226/1457/2022 2221/1463/2022
f 2221/1463/2023 2226/1457/2023 2227/1458/2023 2222/1464/2023
f 2222/1464/2024 2227/1458/2024 2228/1459/2024 2223/1465/2024
f 2223/1465/2025 2228/1459/2025 2229/1460/2025 2224/1466/2025
f 2224/1466/2026 2229/1460/2026 2230/1417/2026 2225/1467/2026
f 2143/1468/2027 2142/1461/2027 2221/1463/2027 2216/1469/2027
f 2216/1469/2028 2221/1463/2028 2222/1464/2028 2217/1470/2028
f 2217/1470/2029 2222/1464/2029 2223/1465/2029 2218/1471/2029
f 2218/1471/2030 2223/1465/2030 2224/1466/2030 2219/1472/2030
f 2219/1472/2031 2224/1466/2031 2225/1467/2031 2220/1414/2031
f 2133/1473/2032 2143/1468/2032 2216/1469/2032 2159/1474/2032
f 2159/1474/2033 2216/1469/2033 2217/1470/2033 2160/1475/2033
f 2160/1475/2034 2217/1470/2034 2218/1471/2034 2161/1476/2034
f 2161/1476/2035 2218/1471/2035 2219/1472/2035 2162/1477/2035
f 2162/1477/2036 2219/1472/2036 2220/1414/2036 2163/1413/2036
f 2206/1478/2037 2211/1479/2037 2212/1480/2037 2207/1481/2037
f 2207/1481/2038 2212/1480/2038 2213/1482/2038 2208/1483/2038
f 2208/1483/2039 2213/1482/2039 2214/1484/2039 2209/1485/2039
f 2209/1485/2040 2214/1484/2040 2215/1486/2040 2210/1411/2040
f 2201/1487/2041 2206/1478/2041 2207/1481/2041 2202/1488/2041
f 2202/1488/2042 2207/1481/2042 2208/1483/2042 2203/1489/2042
f 2203/1489/2043 2208/1483/2043 2209/1485/2043 2204/1490/2043
f 2204/1490/2044 2209/1485/2044 2210/1411/2044 2205/1409/2044
f 2196/1491/2045 2201/1487/2045 2202/1488/2045 2197/1492/2045
f 2197/1492/2046 2202/1488/2046 2203/1489/2046 2198/1493/2046
f 2198/1493/2047 2203/1489/2047 2204/1490/2047 2199/1494/2047
f 2199/1494/2048 2204/1490/2048 2205/1409/2048 2200/1407/2048
f 2145/1495/2049 2144/1496/2049 2196/1491/2049 2191/1497/2049
f 2191/1497/2050 2196/1491/2050 2197/1492/2050 2192/1498/2050
f 2192/1498/2051 2197/1492/2051 2198/1493/2051 2193/1499/2051
f 2193/1499/2052 2198/1493/2052 2199/1494/2052 2194/1500/2052
f 2194/1500/2048 2199/1494/2048 2200/1407/2048 2195/1405/2048
f 2146/1501/2053 2145/1495/2053 2191/1497/2053 2186/1502/2053
f 2186/1502/2054 2191/1497/2054 2192/1498/2054 2187/1503/2054
f 2187/1503/2055 2192/1498/2055 2193/1499/2055 2188/1504/2055
f 2188/1504/2056 2193/1499/2056 2194/1500/2056 2189/1505/2056
f 2189/1505/2057 2194/1500/2057 2195/1405/2057 2190/1403/2057
f 2181/1506/2058 2186/1502/2058 2187/1503/2058 2182/1507/2058
f 2182/1507/2059 2187/1503/2059 2188/1504/2059 2183/1508/2059
f 2183/1508/2060 2188/1504/2060 2189/1505/2060 2184/1509/2060
f 2184/1509/2061 2189/1505/2061 2190/1403/2061 2185/1400/2061
f 2176/1510/2062 2181/1506/2062 2182/1507/2062 2177/1511/2062
f 2177/1511/2063 2182/1507/2063 2183/1508/2063 2178/1512/2063
f 2178/1512/2064 2183/1508/2064 2184/1509/2064 2179/1513/2064
f 2179/1513/2065 2184/1509/2065 2185/1400/2065 2180/1399/2065
f 2174/1514/2066 2178/1512/2066 2179/1513/2066 2175/1515/2066
f 2211/1479/2067 2167/1516/2067 2166/1517/2067 2212/1480/2067
f 2212/1480/2068 2166/1517/2068 2165/1518/2068 2213/1482/2068
f 2138/1519/2069 2136/1520/2069 2172/1521/2069 2251/1433/2069
f 2251/1433/2070 2172/1521/2070 2171/1522/2070 2252/1434/2070
f 2252/1434/2071 2171/1522/2071 2170/1523/2071 2253/1436/2071
f 2253/1436/2072 2170/1523/2072 2169/1524/2072 2254/1438/2072
f 2254/1438/2073 2169/1524/2073 2168/1396/2073 2255/1395/2073
f 2136/1520/2074 2137/1525/2074 2173/1526/2074 2172/1521/2074
f 2170/1523/2075 2174/1514/2075 2175/1515/2075 2169/1524/2075
f 2131/1527/2076 2132/1528/2076 2164/1529/2076 2163/1530/2076
f 2161/1531/2077 2165/1532/2077 2166/1533/2077 2160/1534/2077
f 2160/1534/2078 2166/1533/2078 2167/1535/2078 2159/1536/2078
f 2256/1537/2079 2257/1538/2079 2258/1539/2079
f 2259/1540/2080 2260/1541/2080 2261/1542/2080 2262/1543/2080
f 2263/1544/2081 2264/1545/2081 2265/1546/2081 2266/1547/2081
f 2267/1548/2082 2268/1549/2082 2269/1550/2082 2270/1551/2082
f 2271/1552/2083 2272/1553/2083 2273/1554/2083 2274/1555/2083
f 2275/1556/2084 2276/1557/2084 2277/1558/2084 2278/1559/2084
f 2283/1564/2086 2284/1565/2086 2285/1566/2086 2286/1567/2086
f 2291/1572/2088 2292/1573/2088 2293/1574/2088 2294/1575/2088
f 2295/1576/2089 2296/1577/2089 2297/1578/2089 2298/1579/2089
f 2299/1580/2090 2300/1581/2090 2301/1582/2090 2302/1583/2090
f 2303/1584/2091 2304/1585/2091 2305/1586/2091 2306/1587/2091
f 2307/1588/2092 2308/1589/2092 2309/1590/2092 2310/1591/2092
f 2311/1592/2093 2312/1593/2093 2313/1594/2093 2314/1595/2093
f 2267/1596/2094 2270/1597/2094 2256/1598/2094 2258/1599/2094 2167/1516/2094 2211/1479/2094
f 2159/1536/2095 2167/1535/2095 2258/1539/2095 2257/1538/2095 2133/1600/2095
f 2133/1600/2096 2257/1538/2096 2256/1537/2096 2270/1551/2096 2269/1550/2096 2143/1601/2096
f 2259/1540/2097 2262/1543/2097 2138/1519/2097 2251/1433/2097 2246/1432/2097
f 2139/1431/2098 2146/1430/2098 2282/1563/2098 2281/1562/2098 2261/1602/2098 2260/1603/2098
f 2262/1604/2099 2261/1602/2099 2281/1562/2099 2280/1561/2099 2285/1566/2099 2284/1565/2099 2138/1605/2099
f 2139/1447/2100 2260/1541/2100 2259/1540/2100 2246/1432/2100 2241/1441/2100
f 2263/1544/2101 2266/1547/2101 2140/1446/2101 2236/1448/2101 2231/1453/2101
f 2141/1606/2102 2277/1558/2102 2276/1557/2102 2144/1607/2102 2265/1608/2102 2264/1609/2102
f 2266/1610/2103 2265/1608/2103 2144/1607/2103 2145/1429/2103 2140/1428/2103
f 2141/1462/2104 2264/1545/2104 2263/1544/2104 2231/1453/2104 2226/1457/2104
f 2143/1601/2105 2269/1550/2105 2268/1549/2105 2274/1555/2105 2273/1554/2105 2142/1611/2105
f 2271/1612/2106 2274/1613/2106 2268/1614/2106 2267/1596/2106 2211/1479/2106 2206/1478/2106
f 2142/1611/2107 2273/1554/2107 2272/1553/2107 2278/1559/2107 2277/1558/2107 2141/1606/2107
f 2275/1615/2108 2278/1616/2108 2272/1617/2108 2271/1612/2108 2206/1478/2108 2201/1487/2108
f 2144/1496/2109 2276/1618/2109 2275/1615/2109 2201/1487/2109 2196/1491/2109
f 2279/1619/2110 2282/1620/2110 2146/1501/2110 2186/1502/2110 2181/1506/2110
f 2286/1621/2111 2285/1622/2111 2280/1623/2111 2279/1619/2111 2181/1506/2111 2176/1510/2111
f 2137/1525/2112 2283/1624/2112 2286/1621/2112 2176/1510/2112 2173/1526/2112
f 2138/1605/2113 2284/1565/2113 2283/1564/2113 2137/1525/2113 2136/1520/2113
f 2287/1625/2114 2290/1626/2114 2158/1627/2114 2300/1581/2114 2299/1580/2114 2147/1628/2114
f 2220/1414/2115 2225/1467/2115 2288/1569/2115 2287/1568/2115 2147/1415/2115
f 2148/1427/2116 2157/1426/2116 2158/1627/2116 2290/1626/2116 2289/1629/2116
f 2225/1467/2117 2230/1417/2117 2148/1420/2117 2289/1570/2117 2288/1569/2117
f 2291/1630/2118 2294/1631/2118 2155/1632/2118 2156/1425/2118 2149/1424/2118
f 2235/1418/2119 2240/1452/2119 2292/1573/2119 2291/1572/2119 2149/1419/2119
f 2150/1633/2120 2154/1634/2120 2155/1632/2120 2294/1631/2120 2293/1635/2120
f 2240/1452/2121 2245/1445/2121 2150/1636/2121 2293/1574/2121 2292/1573/2121
f 2295/1637/2122 2298/1638/2122 2153/1639/2122 2154/1634/2122 2150/1633/2122
f 2245/1445/2123 2250/1440/2123 2296/1577/2123 2295/1576/2123 2150/1636/2123
f 2151/1423/2124 2152/1422/2124 2153/1639/2124 2298/1638/2124 2297/1640/2124
f 2250/1440/2125 2255/1395/2125 2151/1398/2125 2297/1578/2125 2296/1577/2125
f 2215/1486/2126 2164/1641/2126 2132/1642/2126 2302/1643/2126 2301/1644/2126
f 2147/1628/2127 2299/1580/2127 2302/1583/2127 2132/1645/2127 2131/1646/2127
f 2210/1411/2128 2215/1486/2128 2301/1644/2128 2300/1647/2128 2158/1412/2128
f 2163/1530/2129 2164/1529/2129 2303/1584/2129 2306/1587/2129 2162/1648/2129
f 2214/1484/2130 2304/1649/2130 2303/1650/2130 2164/1641/2130 2215/1486/2130
f 2162/1648/2131 2306/1587/2131 2305/1586/2131 2165/1532/2131 2161/1531/2131
f 2213/1482/2132 2165/1518/2132 2305/1651/2132 2304/1649/2132 2214/1484/2132
f 2172/1521/2133 2173/1526/2133 2307/1588/2133 2310/1591/2133 2171/1522/2133
f 2173/1526/2134 2176/1510/2134 2177/1511/2134 2308/1589/2134 2307/1588/2134
f 2171/1522/2135 2310/1591/2135 2309/1590/2135 2174/1514/2135 2170/1523/2135
f 2309/1590/2136 2308/1589/2136 2177/1511/2136 2178/1512/2136 2174/1514/2136
f 2314/1595/2137 2313/1594/2137 2180/1399/2137 2152/1402/2137 2135/1421/2137
f 2169/1524/2138 2175/1515/2138 2312/1593/2138 2311/1592/2138 2168/1396/2138
f 2168/1396/2139 2311/1592/2139 2314/1595/2139 2135/1421/2139 2134/1397/2139
f 2175/1515/2140 2179/1513/2140 2180/1399/2140 2313/1594/2140 2312/1593/2140
f 2439/1395/2141 2352/1396/2141 2318/1397/2141 2335/1398/2141
f 2364/1399/2142 2369/1400/2142 2337/1401/2142 2336/1402/2142
f 2369/1400/2143 2374/1403/2143 2338/1404/2143 2337/1401/2143
f 2374/1403/2144 2379/1405/2144 2339/1406/2144 2338/1404/2144
f 2379/1405/2145 2384/1407/2145 2340/1408/2145 2339/1406/2145
f 2384/1407/2146 2389/1409/2146 2341/1410/2146 2340/1408/2146
f 2389/1409/2147 2394/1411/2147 2342/1412/2147 2341/1410/2147
f 2347/1413/2148 2404/1414/2148 2331/1415/2148 2315/1416/2148
f 2414/1417/2149 2419/1418/2149 2333/1419/2149 2332/1420/2149
f 2318/1397/2150 2319/1421/2150 2336/1422/2150 2335/1423/2150
f 2333/1424/2151 2340/1425/2151 2341/1426/2151 2332/1427/2151
f 2324/1428/2152 2329/1429/2152 2330/1430/2152 2323/1431/2152
f 2430/1432/2153 2435/1433/2153 2436/1434/2153 2431/1435/2153
f 2431/1435/2154 2436/1434/2154 2437/1436/2154 2432/1437/2154
f 2432/1437/2155 2437/1436/2155 2438/1438/2155 2433/1439/2155
f 2433/1439/2156 2438/1438/2156 2439/1395/2156 2434/1440/2156
f 2425/1441/2157 2430/1432/2157 2431/1435/2157 2426/1442/2157
f 2426/1442/2158 2431/1435/2158 2432/1437/2158 2427/1443/2158
f 2427/1443/2159 2432/1437/2159 2433/1439/2159 2428/1444/2159
f 2428/1444/2160 2433/1439/2160 2434/1440/2160 2429/1445/2160
f 2324/1446/2161 2323/1447/2161 2425/1441/2161 2420/1448/2161
f 2420/1448/2162 2425/1441/2162 2426/1442/2162 2421/1449/2162
f 2421/1449/2163 2426/1442/2163 2427/1443/2163 2422/1450/2163
f 2422/1450/2164 2427/1443/2164 2428/1444/2164 2423/1451/2164
f 2423/1451/2165 2428/1444/2165 2429/1445/2165 2424/1452/2165
f 2415/1453/2166 2420/1448/2166 2421/1449/2166 2416/1454/2166
f 2416/1454/2165 2421/1449/2165 2422/1450/2165 2417/1455/2165
f 2417/1455/2167 2422/1450/2167 2423/1451/2167 2418/1456/2167
f 2418/1456/2168 2423/1451/2168 2424/1452/2168 2419/1418/2168
f 2410/1457/2160 2415/1453/2160 2416/1454/2160 2411/1458/2160
f 2411/1458/2165 2416/1454/2165 2417/1455/2165 2412/1459/2165
f 2412/1459/2167 2417/1455/2167 2418/1456/2167 2413/1460/2167
f 2413/1460/2169 2418/1456/2169 2419/1418/2169 2414/1417/2169
f 2326/1461/2170 2325/1462/2170 2410/1457/2170 2405/1463/2170
f 2405/1463/2171 2410/1457/2171 2411/1458/2171 2406/1464/2171
f 2406/1464/2172 2411/1458/2172 2412/1459/2172 2407/1465/2172
f 2407/1465/2173 2412/1459/2173 2413/1460/2173 2408/1466/2173
f 2408/1466/2174 2413/1460/2174 2414/1417/2174 2409/1467/2174
f 2327/1468/2175 2326/1461/2175 2405/1463/2175 2400/1469/2175
f 2400/1469/2176 2405/1463/2176 2406/1464/2176 2401/1470/2176
f 2401/1470/2177 2406/1464/2177 2407/1465/2177 2402/1471/2177
f 2402/1471/2178 2407/1465/2178 2408/1466/2178 2403/1472/2178
f 2403/1472/2179 2408/1466/2179 2409/1467/2179 2404/1414/2179
f 2317/1473/2180 2327/1468/2180 2400/1469/2180 2343/1474/2180
f 2343/1474/2181 2400/1469/2181 2401/1470/2181 2344/1475/2181
f 2344/1475/2182 2401/1470/2182 2402/1471/2182 2345/1476/2182
f 2345/1476/2183 2402/1471/2183 2403/1472/2183 2346/1477/2183
f 2346/1477/2184 2403/1472/2184 2404/1414/2184 2347/1413/2184
f 2390/1478/2185 2395/1479/2185 2396/1480/2185 2391/1481/2185
f 2391/1481/2186 2396/1480/2186 2397/1482/2186 2392/1483/2186
f 2392/1483/2187 2397/1482/2187 2398/1484/2187 2393/1485/2187
f 2393/1485/2188 2398/1484/2188 2399/1486/2188 2394/1411/2188
f 2385/1487/2189 2390/1478/2189 2391/1481/2189 2386/1488/2189
f 2386/1488/2190 2391/1481/2190 2392/1483/2190 2387/1489/2190
f 2387/1489/2191 2392/1483/2191 2393/1485/2191 2388/1490/2191
f 2388/1490/2192 2393/1485/2192 2394/1411/2192 2389/1409/2192
f 2380/1491/2193 2385/1487/2193 2386/1488/2193 2381/1492/2193
f 2381/1492/2194 2386/1488/2194 2387/1489/2194 2382/1493/2194
f 2382/1493/2195 2387/1489/2195 2388/1490/2195 2383/1494/2195
f 2383/1494/2196 2388/1490/2196 2389/1409/2196 2384/1407/2196
f 2329/1495/2197 2328/1496/2197 2380/1491/2197 2375/1497/2197
f 2375/1497/2198 2380/1491/2198 2381/1492/2198 2376/1498/2198
f 2376/1498/2199 2381/1492/2199 2382/1493/2199 2377/1499/2199
f 2377/1499/2200 2382/1493/2200 2383/1494/2200 2378/1500/2200
f 2378/1500/2196 2383/1494/2196 2384/1407/2196 2379/1405/2196
f 2330/1501/2201 2329/1495/2201 2375/1497/2201 2370/1502/2201
f 2370/1502/2202 2375/1497/2202 2376/1498/2202 2371/1503/2202
f 2371/1503/2203 2376/1498/2203 2377/1499/2203 2372/1504/2203
f 2372/1504/2204 2377/1499/2204 2378/1500/2204 2373/1505/2204
f 2373/1505/2205 2378/1500/2205 2379/1405/2205 2374/1403/2205
f 2365/1506/2206 2370/1502/2206 2371/1503/2206 2366/1507/2206
f 2366/1507/2207 2371/1503/2207 2372/1504/2207 2367/1508/2207
f 2367/1508/2208 2372/1504/2208 2373/1505/2208 2368/1509/2208
f 2368/1509/2209 2373/1505/2209 2374/1403/2209 2369/1400/2209
f 2360/1510/2210 2365/1506/2210 2366/1507/2210 2361/1511/2210
f 2361/1511/2211 2366/1507/2211 2367/1508/2211 2362/1512/2211
f 2362/1512/2212 2367/1508/2212 2368/1509/2212 2363/1513/2212
f 2363/1513/2213 2368/1509/2213 2369/1400/2213 2364/1399/2213
f 2358/1514/2214 2362/1512/2214 2363/1513/2214 2359/1515/2214
f 2395/1479/2215 2351/1516/2215 2350/1517/2215 2396/1480/2215
f 2396/1480/2216 2350/1517/2216 2349/1518/2216 2397/1482/2216
f 2322/1519/2217 2320/1520/2217 2356/1521/2217 2435/1433/2217
f 2435/1433/2218 2356/1521/2218 2355/1522/2218 2436/1434/2218
f 2436/1434/2219 2355/1522/2219 2354/1523/2219 2437/1436/2219
f 2437/1436/2220 2354/1523/2220 2353/1524/2220 2438/1438/2220
f 2438/1438/2221 2353/1524/2221 2352/1396/2221 2439/1395/2221
f 2320/1520/2222 2321/1525/2222 2357/1526/2222 2356/1521/2222
f 2354/1523/2223 2358/1514/2223 2359/1515/2223 2353/1524/2223
f 2315/1527/2224 2316/1528/2224 2348/1529/2224 2347/1530/2224
f 2345/1531/2225 2349/1532/2225 2350/1533/2225 2344/1534/2225
f 2344/1534/2226 2350/1533/2226 2351/1535/2226 2343/1536/2226
f 2440/1537/2227 2441/1538/2227 2442/1539/2227
f 2443/1540/2228 2444/1541/2228 2445/1542/2228 2446/1543/2228
f 2447/1544/2229 2448/1545/2229 2449/1546/2229 2450/1547/2229
f 2451/1548/2230 2452/1549/2230 2453/1550/2230 2454/1551/2230
f 2455/1552/2231 2456/1553/2231 2457/1554/2231 2458/1555/2231
f 2459/1556/2232 2460/1557/2232 2461/1558/2232 2462/1559/2232
f 2467/1564/2234 2468/1565/2234 2469/1566/2234 2470/1567/2234
f 2475/1572/2236 2476/1573/2236 2477/1574/2236 2478/1575/2236
f 2479/1576/2237 2480/1577/2237 2481/1578/2237 2482/1579/2237
f 2483/1580/2238 2484/1581/2238 2485/1582/2238 2486/1583/2238
f 2487/1584/2239 2488/1585/2239 2489/1586/2239 2490/1587/2239
f 2491/1588/2240 2492/1589/2240 2493/1590/2240 2494/1591/2240
f 2495/1592/2241 2496/1593/2241 2497/1594/2241 2498/1595/2241
f 2451/1596/2242 2454/1597/2242 2440/1598/2242 2442/1599/2242 2351/1516/2242 2395/1479/2242
f 2343/1536/2243 2351/1535/2243 2442/1539/2243 2441/1538/2243 2317/1600/2243
f 2317/1600/2244 2441/1538/2244 2440/1537/2244 2454/1551/2244 2453/1550/2244 2327/1601/2244
f 2443/1540/2245 2446/1543/2245 2322/1519/2245 2435/1433/2245 2430/1432/2245
f 2323/1431/2246 2330/1430/2246 2466/1563/2246 2465/1562/2246 2445/1602/2246 2444/1603/2246
f 2446/1604/2247 2445/1602/2247 2465/1562/2247 2464/1561/2247 2469/1566/2247 2468/1565/2247 2322/1605/2247
f 2323/1447/2248 2444/1541/2248 2443/1540/2248 2430/1432/2248 2425/1441/2248
f 2447/1544/2249 2450/1547/2249 2324/1446/2249 2420/1448/2249 2415/1453/2249
f 2325/1606/2250 2461/1558/2250 2460/1557/2250 2328/1607/2250 2449/1608/2250 2448/1609/2250
f 2450/1610/2251 2449/1608/2251 2328/1607/2251 2329/1429/2251 2324/1428/2251
f 2325/1462/2252 2448/1545/2252 2447/1544/2252 2415/1453/2252 2410/1457/2252
f 2327/1601/2253 2453/1550/2253 2452/1549/2253 2458/1555/2253 2457/1554/2253 2326/1611/2253
f 2455/1612/2254 2458/1613/2254 2452/1614/2254 2451/1596/2254 2395/1479/2254 2390/1478/2254
f 2326/1611/2255 2457/1554/2255 2456/1553/2255 2462/1559/2255 2461/1558/2255 2325/1606/2255
f 2459/1615/2256 2462/1616/2256 2456/1617/2256 2455/1612/2256 2390/1478/2256 2385/1487/2256
f 2328/1496/2257 2460/1618/2257 2459/1615/2257 2385/1487/2257 2380/1491/2257
f 2463/1619/2258 2466/1620/2258 2330/1501/2258 2370/1502/2258 2365/1506/2258
f 2470/1621/2259 2469/1622/2259 2464/1623/2259 2463/1619/2259 2365/1506/2259 2360/1510/2259
f 2321/1525/2260 2467/1624/2260 2470/1621/2260 2360/1510/2260 2357/1526/2260
f 2322/1605/2261 2468/1565/2261 2467/1564/2261 2321/1525/2261 2320/1520/2261
f 2471/1625/2262 2474/1626/2262 2342/1627/2262 2484/1581/2262 2483/1580/2262 2331/1628/2262
f 2404/1414/2263 2409/1467/2263 2472/1569/2263 2471/1568/2263 2331/1415/2263
f 2332/1427/2264 2341/1426/2264 2342/1627/2264 2474/1626/2264 2473/1629/2264
f 2409/1467/2265 2414/1417/2265 2332/1420/2265 2473/1570/2265 2472/1569/2265
f 2475/1630/2266 2478/1631/2266 2339/1632/2266 2340/1425/2266 2333/1424/2266
f 2419/1418/2267 2424/1452/2267 2476/1573/2267 2475/1572/2267 2333/1419/2267
f 2334/1633/2268 2338/1634/2268 2339/1632/2268 2478/1631/2268 2477/1635/2268
f 2424/1452/2269 2429/1445/2269 2334/1636/2269 2477/1574/2269 2476/1573/2269
f 2479/1637/2270 2482/1638/2270 2337/1639/2270 2338/1634/2270 2334/1633/2270
f 2429/1445/2271 2434/1440/2271 2480/1577/2271 2479/1576/2271 2334/1636/2271
f 2335/1423/2272 2336/1422/2272 2337/1639/2272 2482/1638/2272 2481/1640/2272
f 2434/1440/2273 2439/1395/2273 2335/1398/2273 2481/1578/2273 2480/1577/2273
f 2399/1486/2274 2348/1641/2274 2316/1642/2274 2486/1643/2274 2485/1644/2274
f 2331/1628/2275 2483/1580/2275 2486/1583/2275 2316/1645/2275 2315/1646/2275
f 2394/1411/2276 2399/1486/2276 2485/1644/2276 2484/1647/2276 2342/1412/2276
f 2347/1530/2277 2348/1529/2277 2487/1584/2277 2490/1587/2277 2346/1648/2277
f 2398/1484/2278 2488/1649/2278 2487/1650/2278 2348/1641/2278 2399/1486/2278
f 2346/1648/2279 2490/1587/2279 2489/1586/2279 2349/1532/2279 2345/1531/2279
f 2397/1482/2280 2349/1518/2280 2489/1651/2280 2488/1649/2280 2398/1484/2280
f 2356/1521/2281 2357/1526/2281 2491/1588/2281 2494/1591/2281 2355/1522/2281
f 2357/1526/2282 2360/1510/2282 2361/1511/2282 2492/1589/2282 2491/1588/2282
f 2355/1522/2283 2494/1591/2283 2493/1590/2283 2358/1514/2283 2354/1523/2283
f 2493/1590/2284 2492/1589/2284 2361/1511/2284 2362/1512/2284 2358/1514/2284
f 2498/1595/2285 2497/1594/2285 2364/1399/2285 2336/1402/2285 2319/1421/2285
f 2353/1524/2286 2359/1515/2286 2496/1593/2286 2495/1592/2286 2352/1396/2286
f 2352/1396/2287 2495/1592/2287 2498/1595/2287 2319/1421/2287 2318/1397/2287
f 2359/1515/2288 2363/1513/2288 2364/1399/2288 2497/1594/2288 2496/1593/2288
f 2623/1395/2289 2536/1396/2289 2502/1397/2289 2519/1398/2289
f 2548/1399/2290 2553/1400/2290 2521/1401/2290 2520/1402/2290
f 2553/1400/2291 2558/1403/2291 2522/1404/2291 2521/1401/2291
f 2558/1403/2292 2563/1405/2292 2523/1406/2292 2522/1404/2292
f 2563/1405/2293 2568/1407/2293 2524/1408/2293 2523/1406/2293
f 2568/1407/2294 2573/1409/2294 2525/1410/2294 2524/1408/2294
f 2573/1409/2295 2578/1411/2295 2526/1412/2295 2525/1410/2295
f 2531/1413/2296 2588/1414/2296 2515/1415/2296 2499/1416/2296
f 2598/1417/2297 2603/1418/2297 2517/1419/2297 2516/1420/2297
f 2502/1397/2298 2503/1421/2298 2520/1422/2298 2519/1423/2298
f 2517/1424/2299 2524/1425/2299 2525/1426/2299 2516/1427/2299
f 2508/1428/2300 2513/1429/2300 2514/1430/2300 2507/1431/2300
f 2614/1432/2301 2619/1433/2301 2620/1434/2301 2615/1435/2301
f 2615/1435/2302 2620/1434/2302 2621/1436/2302 2616/1437/2302
f 2616/1437/2303 2621/1436/2303 2622/1438/2303 2617/1439/2303
f 2617/1439/2304 2622/1438/2304 2623/1395/2304 2618/1440/2304
f 2609/1441/2305 2614/1432/2305 2615/1435/2305 2610/1442/2305
f 2610/1442/2306 2615/1435/2306 2616/1437/2306 2611/1443/2306
f 2611/1443/2307 2616/1437/2307 2617/1439/2307 2612/1444/2307
f 2612/1444/2308 2617/1439/2308 2618/1440/2308 2613/1445/2308
f 2508/1446/2309 2507/1447/2309 2609/1441/2309 2604/1448/2309
f 2604/1448/2310 2609/1441/2310 2610/1442/2310 2605/1449/2310
f 2605/1449/2311 2610/1442/2311 2611/1443/2311 2606/1450/2311
f 2606/1450/2312 2611/1443/2312 2612/1444/2312 2607/1451/2312
f 2607/1451/2313 2612/1444/2313 2613/1445/2313 2608/1452/2313
f 2599/1453/2314 2604/1448/2314 2605/1449/2314 2600/1454/2314
f 2600/1454/2315 2605/1449/2315 2606/1450/2315 2601/1455/2315
f 2601/1455/2313 2606/1450/2313 2607/1451/2313 2602/1456/2313
f 2602/1456/2316 2607/1451/2316 2608/1452/2316 2603/1418/2316
f 2594/1457/2317 2599/1453/2317 2600/1454/2317 2595/1458/2317
f 2595/1458/2315 2600/1454/2315 2601/1455/2315 2596/1459/2315
f 2596/1459/2313 2601/1455/2313 2602/1456/2313 2597/1460/2313
f 2597/1460/2318 2602/1456/2318 2603/1418/2318 2598/1417/2318
f 2510/1461/2319 2509/1462/2319 2594/1457/2319 2589/1463/2319
f 2589/1463/2320 2594/1457/2320 2595/1458/2320 2590/1464/2320
f 2590/1464/2321 2595/1458/2321 2596/1459/2321 2591/1465/2321
f 2591/1465/2322 2596/1459/2322 2597/1460/2322 2592/1466/2322
f 2592/1466/2323 2597/1460/2323 2598/1417/2323 2593/1467/2323
f 2511/1468/2324 2510/1461/2324 2589/1463/2324 2584/1469/2324
f 2584/1469/2325 2589/1463/2325 2590/1464/2325 2585/1470/2325
f 2585/1470/2326 2590/1464/2326 2591/1465/2326 2586/1471/2326
f 2586/1471/2327 2591/1465/2327 2592/1466/2327 2587/1472/2327
f 2587/1472/2328 2592/1466/2328 2593/1467/2328 2588/1414/2328
f 2501/1473/2329 2511/1468/2329 2584/1469/2329 2527/1474/2329
f 2527/1474/2330 2584/1469/2330 2585/1470/2330 2528/1475/2330
f 2528/1475/2331 2585/1470/2331 2586/1471/2331 2529/1476/2331
f 2529/1476/2332 2586/1471/2332 2587/1472/2332 2530/1477/2332
f 2530/1477/2333 2587/1472/2333 2588/1414/2333 2531/1413/2333
f 2574/1478/2334 2579/1479/2334 2580/1480/2334 2575/1481/2334
f 2575/1481/2335 2580/1480/2335 2581/1482/2335 2576/1483/2335
f 2576/1483/2336 2581/1482/2336 2582/1484/2336 2577/1485/2336
f 2577/1485/2337 2582/1484/2337 2583/1486/2337 2578/1411/2337
f 2569/1487/2338 2574/1478/2338 2575/1481/2338 2570/1488/2338
f 2570/1488/2339 2575/1481/2339 2576/1483/2339 2571/1489/2339
f 2571/1489/2340 2576/1483/2340 2577/1485/2340 2572/1490/2340
f 2572/1490/2341 2577/1485/2341 2578/1411/2341 2573/1409/2341
f 2564/1491/2342 2569/1487/2342 2570/1488/2342 2565/1492/2342
f 2565/1492/2343 2570/1488/2343 2571/1489/2343 2566/1493/2343
f 2566/1493/2344 2571/1489/2344 2572/1490/2344 2567/1494/2344
f 2567/1494/2345 2572/1490/2345 2573/1409/2345 2568/1407/2345
f 2513/1495/2346 2512/1496/2346 2564/1491/2346 2559/1497/2346
f 2559/1497/2347 2564/1491/2347 2565/1492/2347 2560/1498/2347
f 2560/1498/2348 2565/1492/2348 2566/1493/2348 2561/1499/2348
f 2561/1499/2349 2566/1493/2349 2567/1494/2349 2562/1500/2349
f 2562/1500/2345 2567/1494/2345 2568/1407/2345 2563/1405/2345
f 2514/1501/2350 2513/1495/2350 2559/1497/2350 2554/1502/2350
f 2554/1502/2351 2559/1497/2351 2560/1498/2351 2555/1503/2351
f 2555/1503/2352 2560/1498/2352 2561/1499/2352 2556/1504/2352
f 2556/1504/2353 2561/1499/2353 2562/1500/2353 2557/1505/2353
f 2557/1505/2354 2562/1500/2354 2563/1405/2354 2558/1403/2354
f 2549/1506/2355 2554/1502/2355 2555/1503/2355 2550/1507/2355
f 2550/1507/2356 2555/1503/2356 2556/1504/2356 2551/1508/2356
f 2551/1508/2357 2556/1504/2357 2557/1505/2357 2552/1509/2357
f 2552/1509/2358 2557/1505/2358 2558/1403/2358 2553/1400/2358
f 2544/1510/2359 2549/1506/2359 2550/1507/2359 2545/1511/2359
f 2545/1511/2360 2550/1507/2360 2551/1508/2360 2546/1512/2360
f 2546/1512/2361 2551/1508/2361 2552/1509/2361 2547/1513/2361
f 2547/1513/2362 2552/1509/2362 2553/1400/2362 2548/1399/2362
f 2542/1514/2363 2546/1512/2363 2547/1513/2363 2543/1515/2363
f 2579/1479/2364 2535/1516/2364 2534/1517/2364 2580/1480/2364
f 2580/1480/2365 2534/1517/2365 2533/1518/2365 2581/1482/2365
f 2506/1519/2366 2504/1520/2366 2540/1521/2366 2619/1433/2366
f 2619/1433/2367 2540/1521/2367 2539/1522/2367 2620/1434/2367
f 2620/1434/2368 2539/1522/2368 2538/1523/2368 2621/1436/2368
f 2621/1436/2369 2538/1523/2369 2537/1524/2369 2622/1438/2369
f 2622/1438/2370 2537/1524/2370 2536/1396/2370 2623/1395/2370
f 2504/1520/2371 2505/1525/2371 2541/1526/2371 2540/1521/2371
f 2538/1523/2372 2542/1514/2372 2543/1515/2372 2537/1524/2372
f 2499/1527/2373 2500/1528/2373 2532/1529/2373 2531/1530/2373
f 2529/1531/2374 2533/1532/2374 2534/1533/2374 2528/1534/2374
f 2528/1534/2375 2534/1533/2375 2535/1535/2375 2527/1536/2375
f 2624/1537/2376 2625/1538/2376 2626/1539/2376
f 2627/1540/2377 2628/1541/2377 2629/1542/2377 2630/1543/2377
f 2631/1544/2378 2632/1545/2378 2633/1546/2378 2634/1547/2378
f 2635/1548/2379 2636/1549/2379 2637/1550/2379 2638/1551/2379
f 2639/1552/2380 2640/1553/2380 2641/1554/2380 2642/1555/2380
f 2643/1556/2381 2644/1557/2381 2645/1558/2381 2646/1559/2381
f 2651/1564/2383 2652/1565/2383 2653/1566/2383 2654/1567/2383
f 2659/1572/2385 2660/1573/2385 2661/1574/2385 2662/1575/2385
f 2663/1576/2386 2664/1577/2386 2665/1578/2386 2666/1579/2386
f 2667/1580/2387 2668/1581/2387 2669/1582/2387 2670/1583/2387
f 2671/1584/2388 2672/1585/2388 2673/1586/2388 2674/1587/2388
f 2675/1588/2389 2676/1589/2389 2677/1590/2389 2678/1591/2389
f 2679/1592/2390 2680/1593/2390 2681/1594/2390 2682/1595/2390
f 2635/1596/2391 2638/1597/2391 2624/1598/2391 2626/1599/2391 2535/1516/2391 2579/1479/2391
f 2527/1536/2392 2535/1535/2392 2626/1539/2392 2625/1538/2392 2501/1600/2392
f 2501/1600/2393 2625/1538/2393 2624/1537/2393 2638/1551/2393 2637/1550/2393 2511/1601/2393
f 2627/1540/2394 2630/1543/2394 2506/1519/2394 2619/1433/2394 2614/1432/2394
f 2507/1431/2395 2514/1430/2395 2650/1563/2395 2649/1562/2395 2629/1602/2395 2628/1603/2395
f 2630/1604/2396 2629/1602/2396 2649/1562/2396 2648/1561/2396 2653/1566/2396 2652/1565/2396 2506/1605/2396
f 2507/1447/2397 2628/1541/2397 2627/1540/2397 2614/1432/2397 2609/1441/2397
f 2631/1544/2398 2634/1547/2398 2508/1446/2398 2604/1448/2398 2599/1453/2398
f 2509/1606/2399 2645/1558/2399 2644/1557/2399 2512/1607/2399 2633/1608/2399 2632/1609/2399
f 2634/1610/2400 2633/1608/2400 2512/1607/2400 2513/1429/2400 2508/1428/2400
f 2509/1462/2401 2632/1545/2401 2631/1544/2401 2599/1453/2401 2594/1457/2401
f 2511/1601/2402 2637/1550/2402 2636/1549/2402 2642/1555/2402 2641/1554/2402 2510/1611/2402
f 2639/1612/2403 2642/1613/2403 2636/1614/2403 2635/1596/2403 2579/1479/2403 2574/1478/2403
f 2510/1611/2404 2641/1554/2404 2640/1553/2404 2646/1559/2404 2645/1558/2404 2509/1606/2404
f 2643/1615/2405 2646/1616/2405 2640/1617/2405 2639/1612/2405 2574/1478/2405 2569/1487/2405
f 2512/1496/2406 2644/1618/2406 2643/1615/2406 2569/1487/2406 2564/1491/2406
f 2647/1619/2407 2650/1620/2407 2514/1501/2407 2554/1502/2407 2549/1506/2407
f 2654/1621/2408 2653/1622/2408 2648/1623/2408 2647/1619/2408 2549/1506/2408 2544/1510/2408
f 2505/1525/2409 2651/1624/2409 2654/1621/2409 2544/1510/2409 2541/1526/2409
f 2506/1605/2410 2652/1565/2410 2651/1564/2410 2505/1525/2410 2504/1520/2410
f 2655/1625/2411 2658/1626/2411 2526/1627/2411 2668/1581/2411 2667/1580/2411 2515/1628/2411
f 2588/1414/2412 2593/1467/2412 2656/1569/2412 2655/1568/2412 2515/1415/2412
f 2516/1427/2413 2525/1426/2413 2526/1627/2413 2658/1626/2413 2657/1629/2413
f 2593/1467/2414 2598/1417/2414 2516/1420/2414 2657/1570/2414 2656/1569/2414
f 2659/1630/2415 2662/1631/2415 2523/1632/2415 2524/1425/2415 2517/1424/2415
f 2603/1418/2416 2608/1452/2416 2660/1573/2416 2659/1572/2416 2517/1419/2416
f 2518/1633/2417 2522/1634/2417 2523/1632/2417 2662/1631/2417 2661/1635/2417
f 2608/1452/2418 2613/1445/2418 2518/1636/2418 2661/1574/2418 2660/1573/2418
f 2663/1637/2419 2666/1638/2419 2521/1639/2419 2522/1634/2419 2518/1633/2419
f 2613/1445/2420 2618/1440/2420 2664/1577/2420 2663/1576/2420 2518/1636/2420
f 2519/1423/2421 2520/1422/2421 2521/1639/2421 2666/1638/2421 2665/1640/2421
f 2618/1440/2422 2623/1395/2422 2519/1398/2422 2665/1578/2422 2664/1577/2422
f 2583/1486/2423 2532/1641/2423 2500/1642/2423 2670/1643/2423 2669/1644/2423
f 2515/1628/2424 2667/1580/2424 2670/1583/2424 2500/1645/2424 2499/1646/2424
f 2578/1411/2425 2583/1486/2425 2669/1644/2425 2668/1647/2425 2526/1412/2425
f 2531/1530/2426 2532/1529/2426 2671/1584/2426 2674/1587/2426 2530/1648/2426
f 2582/1484/2427 2672/1649/2427 2671/1650/2427 2532/1641/2427 2583/1486/2427
f 2530/1648/2428 2674/1587/2428 2673/1586/2428 2533/1532/2428 2529/1531/2428
f 2581/1482/2429 2533/1518/2429 2673/1651/2429 2672/1649/2429 2582/1484/2429
f 2540/1521/2430 2541/1526/2430 2675/1588/2430 2678/1591/2430 2539/1522/2430
f 2541/1526/2431 2544/1510/2431 2545/1511/2431 2676/1589/2431 2675/1588/2431
f 2539/1522/2432 2678/1591/2432 2677/1590/2432 2542/1514/2432 2538/1523/2432
f 2677/1590/2433 2676/1589/2433 2545/1511/2433 2546/1512/2433 2542/1514/2433
f 2682/1595/2434 2681/1594/2434 2548/1399/2434 2520/1402/2434 2503/1421/2434
f 2537/1524/2435 2543/1515/2435 2680/1593/2435 2679/1592/2435 2536/1396/2435
f 2536/1396/2436 2679/1592/2436 2682/1595/2436 2503/1421/2436 2502/1397/2436
f 2543/1515/2437 2547/1513/2437 2548/1399/2437 2681/1594/2437 2680/1593/2437
f 2807/1395/2438 2720/1396/2438 2686/1397/2438 2703/1398/2438
f 2732/1399/2439 2737/1400/2439 2705/1401/2439 2704/1402/2439
f 2737/1400/2440 2742/1403/2440 2706/1404/2440 2705/1401/2440
f 2742/1403/2441 2747/1405/2441 2707/1406/2441 2706/1404/2441
f 2747/1405/2442 2752/1407/2442 2708/1408/2442 2707/1406/2442
f 2752/1407/2443 2757/1409/2443 2709/1410/2443 2708/1408/2443
f 2757/1409/2444 2762/1411/2444 2710/1412/2444 2709/1410/2444
f 2715/1413/2445 2772/1414/2445 2699/1415/2445 2683/1416/2445
f 2782/1417/2446 2787/1418/2446 2701/1419/2446 2700/1420/2446
f 2686/1397/2447 2687/1421/2447 2704/1422/2447 2703/1423/2447
f 2701/1424/2448 2708/1425/2448 2709/1426/2448 2700/1427/2448
f 2692/1428/2449 2697/1429/2449 2698/1430/2449 2691/1431/2449
f 2798/1432/2450 2803/1433/2450 2804/1434/2450 2799/1435/2450
f 2799/1435/2451 2804/1434/2451 2805/1436/2451 2800/1437/2451
f 2800/1437/2452 2805/1436/2452 2806/1438/2452 2801/1439/2452
f 2801/1439/2453 2806/1438/2453 2807/1395/2453 2802/1440/2453
f 2793/1441/2454 2798/1432/2454 2799/1435/2454 2794/1442/2454
f 2794/1442/2455 2799/1435/2455 2800/1437/2455 2795/1443/2455
f 2795/1443/2456 2800/1437/2456 2801/1439/2456 2796/1444/2456
f 2796/1444/2457 2801/1439/2457 2802/1440/2457 2797/1445/2457
f 2692/1446/2458 2691/1447/2458 2793/1441/2458 2788/1448/2458
f 2788/1448/2459 2793/1441/2459 2794/1442/2459 2789/1449/2459
f 2789/1449/2460 2794/1442/2460 2795/1443/2460 2790/1450/2460
f 2790/1450/2461 2795/1443/2461 2796/1444/2461 2791/1451/2461
f 2791/1451/2462 2796/1444/2462 2797/1445/2462 2792/1452/2462
f 2783/1453/2463 2788/1448/2463 2789/1449/2463 2784/1454/2463
f 2784/1454/2462 2789/1449/2462 2790/1450/2462 2785/1455/2462
f 2785/1455/2464 2790/1450/2464 2791/1451/2464 2786/1456/2464
f 2786/1456/2465 2791/1451/2465 2792/1452/2465 2787/1418/2465
f 2778/1457/2466 2783/1453/2466 2784/1454/2466 2779/1458/2466
f 2779/1458/2467 2784/1454/2467 2785/1455/2467 2780/1459/2467
f 2780/1459/2468 2785/1455/2468 2786/1456/2468 2781/1460/2468
f 2781/1460/2469 2786/1456/2469 2787/1418/2469 2782/1417/2469
f 2694/1461/2470 2693/1462/2470 2778/1457/2470 2773/1463/2470
f 2773/1463/2471 2778/1457/2471 2779/1458/2471 2774/1464/2471
f 2774/1464/2472 2779/1458/2472 2780/1459/2472 2775/1465/2472
f 2775/1465/2473 2780/1459/2473 2781/1460/2473 2776/1466/2473
f 2776/1466/2474 2781/1460/2474 2782/1417/2474 2777/1467/2474
f 2695/1468/2475 2694/1461/2475 2773/1463/2475 2768/1469/2475
f 2768/1469/2476 2773/1463/2476 2774/1464/2476 2769/1470/2476
f 2769/1470/2477 2774/1464/2477 2775/1465/2477 2770/1471/2477
f 2770/1471/2478 2775/1465/2478 2776/1466/2478 2771/1472/2478
f 2771/1472/2479 2776/1466/2479 2777/1467/2479 2772/1414/2479
f 2685/1473/2480 2695/1468/2480 2768/1469/2480 2711/1474/2480
f 2711/1474/2481 2768/1469/2481 2769/1470/2481 2712/1475/2481
f 2712/1475/2482 2769/1470/2482 2770/1471/2482 2713/1476/2482
f 2713/1476/2483 2770/1471/2483 2771/1472/2483 2714/1477/2483
f 2714/1477/2484 2771/1472/2484 2772/1414/2484 2715/1413/2484
f 2758/1478/2485 2763/1479/2485 2764/1480/2485 2759/1481/2485
f 2759/1481/2486 2764/1480/2486 2765/1482/2486 2760/1483/2486
f 2760/1483/2487 2765/1482/2487 2766/1484/2487 2761/1485/2487
f 2761/1485/2488 2766/1484/2488 2767/1486/2488 2762/1411/2488
f 2753/1487/2489 2758/1478/2489 2759/1481/2489 2754/1488/2489
f 2754/1488/2490 2759/1481/2490 2760/1483/2490 2755/1489/2490
f 2755/1489/2491 2760/1483/2491 2761/1485/2491 2756/1490/2491
f 2756/1490/2492 2761/1485/2492 2762/1411/2492 2757/1409/2492
f 2748/1491/2493 2753/1487/2493 2754/1488/2493 2749/1492/2493
f 2749/1492/2494 2754/1488/2494 2755/1489/2494 2750/1493/2494
f 2750/1493/2495 2755/1489/2495 2756/1490/2495 2751/1494/2495
f 2751/1494/2496 2756/1490/2496 2757/1409/2496 2752/1407/2496
f 2697/1495/2497 2696/1496/2497 2748/1491/2497 2743/1497/2497
f 2743/1497/2498 2748/1491/2498 2749/1492/2498 2744/1498/2498
f 2744/1498/2499 2749/1492/2499 2750/1493/2499 2745/1499/2499
f 2745/1499/2500 2750/1493/2500 2751/1494/2500 2746/1500/2500
f 2746/1500/2496 2751/1494/2496 2752/1407/2496 2747/1405/2496
f 2698/1501/2501 2697/1495/2501 2743/1497/2501 2738/1502/2501
f 2738/1502/2502 2743/1497/2502 2744/1498/2502 2739/1503/2502
f 2739/1503/2503 2744/1498/2503 2745/1499/2503 2740/1504/2503
f 2740/1504/2504 2745/1499/2504 2746/1500/2504 2741/1505/2504
f 2741/1505/2505 2746/1500/2505 2747/1405/2505 2742/1403/2505
f 2733/1506/2506 2738/1502/2506 2739/1503/2506 2734/1507/2506
f 2734/1507/2507 2739/1503/2507 2740/1504/2507 2735/1508/2507
f 2735/1508/2508 2740/1504/2508 2741/1505/2508 2736/1509/2508
f 2736/1509/2509 2741/1505/2509 2742/1403/2509 2737/1400/2509
f 2728/1510/2510 2733/1506/2510 2734/1507/2510 2729/1511/2510
f 2729/1511/2511 2734/1507/2511 2735/1508/2511 2730/1512/2511
f 2730/1512/2512 2735/1508/2512 2736/1509/2512 2731/1513/2512
f 2731/1513/2513 2736/1509/2513 2737/1400/2513 2732/1399/2513
f 2726/1514/2514 2730/1512/2514 2731/1513/2514 2727/1515/2514
f 2763/1479/2515 2719/1516/2515 2718/1517/2515 2764/1480/2515
f 2764/1480/2516 2718/1517/2516 2717/1518/2516 2765/1482/2516
f 2690/1519/2517 2688/1520/2517 2724/1521/2517 2803/1433/2517
f 2803/1433/2518 2724/1521/2518 2723/1522/2518 2804/1434/2518
f 2804/1434/2519 2723/1522/2519 2722/1523/2519 2805/1436/2519
f 2805/1436/2520 2722/1523/2520 2721/1524/2520 2806/1438/2520
f 2806/1438/2521 2721/1524/2521 2720/1396/2521 2807/1395/2521
f 2688/1520/2522 2689/1525/2522 2725/1526/2522 2724/1521/2522
f 2722/1523/2523 2726/1514/2523 2727/1515/2523 2721/1524/2523
f 2683/1527/2524 2684/1528/2524 2716/1529/2524 2715/1530/2524
f 2713/1531/2525 2717/1532/2525 2718/1533/2525 2712/1534/2525
f 2712/1534/2526 2718/1533/2526 2719/1535/2526 2711/1536/2526
f 2808/1537/2527 2809/1538/2527 2810/1539/2527
f 2811/1540/2528 2812/1541/2528 2813/1542/2528 2814/1543/2528
f 2815/1544/2529 2816/1545/2529 2817/1546/2529 2818/1547/2529
f 2819/1548/2530 2820/1549/2530 2821/1550/2530 2822/1551/2530
f 2823/1552/2531 2824/1553/2531 2825/1554/2531 2826/1555/2531
f 2827/1556/2532 2828/1557/2532 2829/1558/2532 2830/1559/2532
f 2835/1564/2534 2836/1565/2534 2837/1566/2534 2838/1567/2534
f 2843/1572/2536 2844/1573/2536 2845/1574/2536 2846/1575/2536
f 2847/1576/2537 2848/1577/2537 2849/1578/2537 2850/1579/2537
f 2851/1580/2538 2852/1581/2538 2853/1582/2538 2854/1583/2538
f 2855/1584/2539 2856/1585/2539 2857/1586/2539 2858/1587/2539
f 2859/1588/2540 2860/1589/2540 2861/1590/2540 2862/1591/2540
f 2863/1592/2541 2864/1593/2541 2865/1594/2541 2866/1595/2541
f 2819/1596/2542 2822/1597/2542 2808/1598/2542 2810/1599/2542 2719/1516/2542 2763/1479/2542
f 2711/1536/2543 2719/1535/2543 2810/1539/2543 2809/1538/2543 2685/1600/2543
f 2685/1600/2544 2809/1538/2544 2808/1537/2544 2822/1551/2544 2821/1550/2544 2695/1601/2544
f 2811/1540/2545 2814/1543/2545 2690/1519/2545 2803/1433/2545 2798/1432/2545
f 2691/1431/2546 2698/1430/2546 2834/1563/2546 2833/1562/2546 2813/1602/2546 2812/1603/2546
f 2814/1604/2547 2813/1602/2547 2833/1562/2547 2832/1561/2547 2837/1566/2547 2836/1565/2547 2690/1605/2547
f 2691/1447/2548 2812/1541/2548 2811/1540/2548 2798/1432/2548 2793/1441/2548
f 2815/1544/2549 2818/1547/2549 2692/1446/2549 2788/1448/2549 2783/1453/2549
f 2693/1606/2550 2829/1558/2550 2828/1557/2550 2696/1607/2550 2817/1608/2550 2816/1609/2550
f 2818/1610/2551 2817/1608/2551 2696/1607/2551 2697/1429/2551 2692/1428/2551
f 2693/1462/2552 2816/1545/2552 2815/1544/2552 2783/1453/2552 2778/1457/2552
f 2695/1601/2553 2821/1550/2553 2820/1549/2553 2826/1555/2553 2825/1554/2553 2694/1611/2553
f 2823/1612/2554 2826/1613/2554 2820/1614/2554 2819/1596/2554 2763/1479/2554 2758/1478/2554
f 2694/1611/2555 2825/1554/2555 2824/1553/2555 2830/1559/2555 2829/1558/2555 2693/1606/2555
f 2827/1615/2556 2830/1616/2556 2824/1617/2556 2823/1612/2556 2758/1478/2556 2753/1487/2556
f 2696/1496/2557 2828/1618/2557 2827/1615/2557 2753/1487/2557 2748/1491/2557
f 2831/1619/2558 2834/1620/2558 2698/1501/2558 2738/1502/2558 2733/1506/2558
f 2838/1621/2559 2837/1622/2559 2832/1623/2559 2831/1619/2559 2733/1506/2559 2728/1510/2559
f 2689/1525/2560 2835/1624/2560 2838/1621/2560 2728/1510/2560 2725/1526/2560
f 2690/1605/2561 2836/1565/2561 2835/1564/2561 2689/1525/2561 2688/1520/2561
f 2839/1625/2562 2842/1626/2562 2710/1627/2562 2852/1581/2562 2851/1580/2562 2699/1628/2562
f 2772/1414/2563 2777/1467/2563 2840/1569/2563 2839/1568/2563 2699/1415/2563
f 2700/1427/2564 2709/1426/2564 2710/1627/2564 2842/1626/2564 2841/1629/2564
f 2777/1467/2565 2782/1417/2565 2700/1420/2565 2841/1570/2565 2840/1569/2565
f 2843/1630/2566 2846/1631/2566 2707/1632/2566 2708/1425/2566 2701/1424/2566
f 2787/1418/2567 2792/1452/2567 2844/1573/2567 2843/1572/2567 2701/1419/2567
f 2702/1633/2568 2706/1634/2568 2707/1632/2568 2846/1631/2568 2845/1635/2568
f 2792/1452/2569 2797/1445/2569 2702/1636/2569 2845/1574/2569 2844/1573/2569
f 2847/1637/2570 2850/1638/2570 2705/1639/2570 2706/1634/2570 2702/1633/2570
f 2797/1445/2571 2802/1440/2571 2848/1577/2571 2847/1576/2571 2702/1636/2571
f 2703/1423/2572 2704/1422/2572 2705/1639/2572 2850/1638/2572 2849/1640/2572
f 2802/1440/2573 2807/1395/2573 2703/1398/2573 2849/1578/2573 2848/1577/2573
f 2767/1486/2574 2716/1641/2574 2684/1642/2574 2854/1643/2574 2853/1644/2574
f 2699/1628/2575 2851/1580/2575 2854/1583/2575 2684/1645/2575 2683/1646/2575
f 2762/1411/2576 2767/1486/2576 2853/1644/2576 2852/1647/2576 2710/1412/2576
f 2715/1530/2577 2716/1529/2577 2855/1584/2577 2858/1587/2577 2714/1648/2577
f 2766/1484/2578 2856/1649/2578 2855/1650/2578 2716/1641/2578 2767/1486/2578
f 2714/1648/2579 2858/1587/2579 2857/1586/2579 2717/1532/2579 2713/1531/2579
f 2765/1482/2580 2717/1518/2580 2857/1651/2580 2856/1649/2580 2766/1484/2580
f 2724/1521/2581 2725/1526/2581 2859/1588/2581 2862/1591/2581 2723/1522/2581
f 2725/1526/2582 2728/1510/2582 2729/1511/2582 2860/1589/2582 2859/1588/2582
f 2723/1522/2583 2862/1591/2583 2861/1590/2583 2726/1514/2583 2722/1523/2583
f 2861/1590/2584 2860/1589/2584 2729/1511/2584 2730/1512/2584 2726/1514/2584
f 2866/1595/2585 2865/1594/2585 2732/1399/2585 2704/1402/2585 2687/1421/2585
f 2721/1524/2586 2727/1515/2586 2864/1593/2586 2863/1592/2586 2720/1396/2586
f 2720/1396/2587 2863/1592/2587 2866/1595/2587 2687/1421/2587 2686/1397/2587
f 2727/1515/2588 2731/1513/2588 2732/1399/2588 2865/1594/2588 2864/1593/2588
f 2991/1395/1693 2904/1396/1693 2870/1397/1693 2887/1398/1693
f 2916/1399/1694 2921/1400/1694 2889/1401/1694 2888/1402/1694
f 2921/1400/1695 2926/1403/1695 2890/1404/1695 2889/1401/1695
f 2926/1403/1696 2931/1405/1696 2891/1406/1696 2890/1404/1696
f 2931/1405/1697 2936/1407/1697 2892/1408/1697 2891/1406/1697
f 2936/1407/1698 2941/1409/1698 2893/1410/1698 2892/1408/1698
f 2941/1409/1699 2946/1411/1699 2894/1412/1699 2893/1410/1699
f 2899/1413/1700 2956/1414/1700 2883/1415/1700 2867/1416/1700
f 2966/1417/1701 2971/1418/1701 2885/1419/1701 2884/1420/1701
f 2870/1397/1702 2871/1421/1702 2888/1422/1702 2887/1423/1702
f 2885/1424/1703 2892/1425/1703 2893/1426/1703 2884/1427/1703
f 2876/1428/1704 2881/1429/1704 2882/1430/1704 2875/1431/1704
f 2982/1432/1705 2987/1433/1705 2988/1434/1705 2983/1435/1705
f 2983/1435/1706 2988/1434/1706 2989/1436/1706 2984/1437/1706
f 2984/1437/1707 2989/1436/1707 2990/1438/1707 2985/1439/1707
f 2985/1439/1708 2990/1438/1708 2991/1395/1708 2986/1440/1708
f 2977/1441/1709 2982/1432/1709 2983/1435/1709 2978/1442/1709
f 2978/1442/1710 2983/1435/1710 2984/1437/1710 2979/1443/1710
f 2979/1443/1711 2984/1437/1711 2985/1439/1711 2980/1444/1711
f 2980/1444/1712 2985/1439/1712 2986/1440/1712 2981/1445/1712
f 2876/1446/1713 2875/1447/1713 2977/1441/1713 2972/1448/1713
f 2972/1448/1714 2977/1441/1714 2978/1442/1714 2973/1449/1714
f 2973/1449/1715 2978/1442/1715 2979/1443/1715 2974/1450/1715
f 2974/1450/1716 2979/1443/1716 2980/1444/1716 2975/1451/1716
f 2975/1451/1717 2980/1444/1717 2981/1445/1717 2976/1452/1717
f 2967/1453/1718 2972/1448/1718 2973/1449/1718 2968/1454/1718
f 2968/1454/1717 2973/1449/1717 2974/1450/1717 2969/1455/1717
f 2969/1455/1719 2974/1450/1719 2975/1451/1719 2970/1456/1719
f 2970/1456/1720 2975/1451/1720 2976/1452/1720 2971/1418/1720
f 2962/1457/1712 2967/1453/1712 2968/1454/1712 2963/1458/1712
f 2963/1458/1717 2968/1454/1717 2969/1455/1717 2964/1459/1717
f 2964/1459/1719 2969/1455/1719 2970/1456/1719 2965/1460/1719
f 2965/1460/1721 2970/1456/1721 2971/1418/1721 2966/1417/1721
f 2878/1461/1722 2877/1462/1722 2962/1457/1722 2957/1463/1722
f 2957/1463/1723 2962/1457/1723 2963/1458/1723 2958/1464/1723
f 2958/1464/1724 2963/1458/1724 2964/1459/1724 2959/1465/1724
f 2959/1465/1725 2964/1459/1725 2965/1460/1725 2960/1466/1725
f 2960/1466/1726 2965/1460/1726 2966/1417/1726 2961/1467/1726
f 2879/1468/1727 2878/1461/1727 2957/1463/1727 2952/1469/1727
f 2952/1469/1728 2957/1463/1728 2958/1464/1728 2953/1470/1728
f 2953/1470/1729 2958/1464/1729 2959/1465/1729 2954/1471/1729
f 2954/1471/1730 2959/1465/1730 2960/1466/1730 2955/1472/1730
f 2955/1472/1731 2960/1466/1731 2961/1467/1731 2956/1414/1731
f 2869/1473/1732 2879/1468/1732 2952/1469/1732 2895/1474/1732
f 2895/1474/1733 2952/1469/1733 2953/1470/1733 2896/1475/1733
f 2896/1475/1734 2953/1470/1734 2954/1471/1734 2897/1476/1734
f 2897/1476/1735 2954/1471/1735 2955/1472/1735 2898/1477/1735
f 2898/1477/1736 2955/1472/1736 2956/1414/1736 2899/1413/1736
f 2942/1478/1737 2947/1479/1737 2948/1480/1737 2943/1481/1737
f 2943/1481/1738 2948/1480/1738 2949/1482/1738 2944/1483/1738
f 2944/1483/1739 2949/1482/1739 2950/1484/1739 2945/1485/1739
f 2945/1485/1740 2950/1484/1740 2951/1486/1740 2946/1411/1740
f 2937/1487/1741 2942/1478/1741 2943/1481/1741 2938/1488/1741
f 2938/1488/1742 2943/1481/1742 2944/1483/1742 2939/1489/1742
f 2939/1489/1743 2944/1483/1743 2945/1485/1743 2940/1490/1743
f 2940/1490/1744 2945/1485/1744 2946/1411/1744 2941/1409/1744
f 2932/1491/1745 2937/1487/1745 2938/1488/1745 2933/1492/1745
f 2933/1492/1746 2938/1488/1746 2939/1489/1746 2934/1493/1746
f 2934/1493/1747 2939/1489/1747 2940/1490/1747 2935/1494/1747
f 2935/1494/1748 2940/1490/1748 2941/1409/1748 2936/1407/1748
f 2881/1495/1749 2880/1496/1749 2932/1491/1749 2927/1497/1749
f 2927/1497/1750 2932/1491/1750 2933/1492/1750 2928/1498/1750
f 2928/1498/1751 2933/1492/1751 2934/1493/1751 2929/1499/1751
f 2929/1499/1752 2934/1493/1752 2935/1494/1752 2930/1500/1752
f 2930/1500/1748 2935/1494/1748 2936/1407/1748 2931/1405/1748
f 2882/1501/1753 2881/1495/1753 2927/1497/1753 2922/1502/1753
f 2922/1502/1754 2927/1497/1754 2928/1498/1754 2923/1503/1754
f 2923/1503/1755 2928/1498/1755 2929/1499/1755 2924/1504/1755
f 2924/1504/1756 2929/1499/1756 2930/1500/1756 2925/1505/1756
f 2925/1505/1757 2930/1500/1757 2931/1405/1757 2926/1403/1757
f 2917/1506/1758 2922/1502/1758 2923/1503/1758 2918/1507/1758
f 2918/1507/1759 2923/1503/1759 2924/1504/1759 2919/1508/1759
f 2919/1508/1760 2924/1504/1760 2925/1505/1760 2920/1509/1760
f 2920/1509/1761 2925/1505/1761 2926/1403/1761 2921/1400/1761
f 2912/1510/1762 2917/1506/1762 2918/1507/1762 2913/1511/1762
f 2913/1511/1763 2918/1507/1763 2919/1508/1763 2914/1512/1763
f 2914/1512/1764 2919/1508/1764 2920/1509/1764 2915/1513/1764
f 2915/1513/1765 2920/1509/1765 2921/1400/1765 2916/1399/1765
f 2910/1514/2589 2914/1512/2589 2915/1513/2589 2911/1515/2589
f 2947/1479/1767 2903/1516/1767 2902/1517/1767 2948/1480/1767
f 2948/1480/1768 2902/1517/1768 2901/1518/1768 2949/1482/1768
f 2874/1519/1769 2872/1520/1769 2908/1521/1769 2987/1433/1769
f 2987/1433/1770 2908/1521/1770 2907/1522/1770 2988/1434/1770
f 2988/1434/1771 2907/1522/1771 2906/1523/1771 2989/1436/1771
f 2989/1436/1772 2906/1523/1772 2905/1524/1772 2990/1438/1772
f 2990/1438/1773 2905/1524/1773 2904/1396/1773 2991/1395/1773
f 2872/1520/1774 2873/1525/1774 2909/1526/1774 2908/1521/1774
f 2906/1523/1775 2910/1514/1775 2911/1515/1775 2905/1524/1775
f 2867/1527/1776 2868/1528/1776 2900/1529/1776 2899/1530/1776
f 2897/1531/1777 2901/1532/1777 2902/1533/1777 2896/1534/1777
f 2896/1534/1778 2902/1533/1778 2903/1535/1778 2895/1536/1778
f 2992/1537/1779 2993/1538/1779 2994/1539/1779
f 2995/1540/1780 2996/1541/1780 2997/1542/1780 2998/1543/1780
f 2999/1544/1781 3000/1545/1781 3001/1546/1781 3002/1547/1781
f 3003/1548/1782 3004/1549/1782 3005/1550/1782 3006/1551/1782
f 3007/1552/1783 3008/1553/1783 3009/1554/1783 3010/1555/1783
f 3011/1556/1784 3012/1557/1784 3013/1558/1784 3014/1559/1784
f 3019/1564/1786 3020/1565/1786 3021/1566/1786 3022/1567/1786
f 3027/1572/2590 3028/1573/2590 3029/1574/2590 3030/1575/2590
f 3031/1576/1789 3032/1577/1789 3033/1578/1789 3034/1579/1789
f 3035/1580/1790 3036/1581/1790 3037/1582/1790 3038/1583/1790
f 3039/1584/1791 3040/1585/1791 3041/1586/1791 3042/1587/1791
f 3043/1588/1792 3044/1589/1792 3045/1590/1792 3046/1591/1792
f 3047/1592/1793 3048/1593/1793 3049/1594/1793 3050/1595/1793
f 3003/1596/1794 3006/1597/1794 2992/1598/1794 2994/1599/1794 2903/1516/1794 2947/1479/1794
f 2895/1536/1795 2903/1535/1795 2994/1539/1795 2993/1538/1795 2869/1600/1795
f 2869/1600/1796 2993/1538/1796 2992/1537/1796 3006/1551/1796 3005/1550/1796 2879/1601/1796
f 2995/1540/2591 2998/1543/2591 2874/1519/2591 2987/1433/2591 2982/1432/2591
f 2875/1431/1798 2882/1430/1798 3018/1563/1798 3017/1562/1798 2997/1602/1798 2996/1603/1798
f 2998/1604/1799 2997/1602/1799 3017/1562/1799 3016/1561/1799 3021/1566/1799 3020/1565/1799 2874/1605/1799
f 2875/1447/1800 2996/1541/1800 2995/1540/1800 2982/1432/1800 2977/1441/1800
f 2999/1544/2592 3002/1547/2592 2876/1446/2592 2972/1448/2592 2967/1453/2592
f 2877/1606/1802 3013/1558/1802 3012/1557/1802 2880/1607/1802 3001/1608/1802 3000/1609/1802
f 3002/1610/1803 3001/1608/1803 2880/1607/1803 2881/1429/1803 2876/1428/1803
f 2877/1462/1804 3000/1545/1804 2999/1544/1804 2967/1453/1804 2962/1457/1804
f 2879/1601/1805 3005/1550/1805 3004/1549/1805 3010/1555/1805 3009/1554/1805 2878/1611/1805
f 3007/1612/1806 3010/1613/1806 3004/1614/1806 3003/1596/1806 2947/1479/1806 2942/1478/1806
f 2878/1611/1807 3009/1554/1807 3008/1553/1807 3014/1559/1807 3013/1558/1807 2877/1606/1807
f 3011/1615/1808 3014/1616/1808 3008/1617/1808 3007/1612/1808 2942/1478/1808 2937/1487/1808
f 2880/1496/1809 3012/1618/1809 3011/1615/1809 2937/1487/1809 2932/1491/1809
f 3015/1619/1810 3018/1620/1810 2882/1501/1810 2922/1502/1810 2917/1506/1810
f 3022/1621/1811 3021/1622/1811 3016/1623/1811 3015/1619/1811 2917/1506/1811 2912/1510/1811
f 2873/1525/1812 3019/1624/1812 3022/1621/1812 2912/1510/1812 2909/1526/1812
f 2874/1605/1813 3020/1565/1813 3019/1564/1813 2873/1525/1813 2872/1520/1813
f 3023/1625/1814 3026/1626/1814 2894/1627/1814 3036/1581/1814 3035/1580/1814 2883/1628/1814
f 2956/1414/1815 2961/1467/1815 3024/1569/1815 3023/1568/1815 2883/1415/1815
f 2884/1427/1816 2893/1426/1816 2894/1627/1816 3026/1626/1816 3025/1629/1816
f 2961/1467/1817 2966/1417/1817 2884/1420/1817 3025/1570/1817 3024/1569/1817
f 3027/1630/1818 3030/1631/1818 2891/1632/1818 2892/1425/1818 2885/1424/1818
f 2971/1418/1819 2976/1452/1819 3028/1573/1819 3027/1572/1819 2885/1419/1819
f 2886/1633/1820 2890/1634/1820 2891/1632/1820 3030/1631/1820 3029/1635/1820
f 2976/1452/1821 2981/1445/1821 2886/1636/1821 3029/1574/1821 3028/1573/1821
f 3031/1637/1822 3034/1638/1822 2889/1639/1822 2890/1634/1822 2886/1633/1822
f 2981/1445/1823 2986/1440/1823 3032/1577/1823 3031/1576/1823 2886/1636/1823
f 2887/1423/1824 2888/1422/1824 2889/1639/1824 3034/1638/1824 3033/1640/1824
f 2986/1440/1825 2991/1395/1825 2887/1398/1825 3033/1578/1825 3032/1577/1825
f 2951/1486/1826 2900/1641/1826 2868/1642/1826 3038/1643/1826 3037/1644/1826
f 2883/1628/1827 3035/1580/1827 3038/1583/1827 2868/1645/1827 2867/1646/1827
f 2946/1411/1828 2951/1486/1828 3037/1644/1828 3036/1647/1828 2894/1412/1828
f 2899/1530/1829 2900/1529/1829 3039/1584/1829 3042/1587/1829 2898/1648/1829
f 2950/1484/1830 3040/1649/1830 3039/1650/1830 2900/1641/1830 2951/1486/1830
f 2898/1648/1831 3042/1587/1831 3041/1586/1831 2901/1532/1831 2897/1531/1831
f 2949/1482/1832 2901/1518/1832 3041/1651/1832 3040/1649/1832 2950/1484/1832
f 2908/1521/2593 2909/1526/2593 3043/1588/2593 3046/1591/2593 2907/1522/2593
f 2909/1526/1834 2912/1510/1834 2913/1511/1834 3044/1589/1834 3043/1588/1834
f 2907/1522/1835 3046/1591/1835 3045/1590/1835 2910/1514/1835 2906/1523/1835
f 3045/1590/1836 3044/1589/1836 2913/1511/1836 2914/1512/1836 2910/1514/1836
f 3050/1595/1837 3049/1594/1837 2916/1399/1837 2888/1402/1837 2871/1421/1837
f 2905/1524/1838 2911/1515/1838 3048/1593/1838 3047/1592/1838 2904/1396/1838
f 2904/1396/1839 3047/1592/1839 3050/1595/1839 2871/1421/1839 2870/1397/1839
f 2911/1515/1840 2915/1513/1840 2916/1399/1840 3049/1594/1840 3048/1593/1840
f 3175/1395/1841 3088/1396/1841 3054/1397/1841 3071/1398/1841
f 3100/1399/1842 3105/1400/1842 3073/1401/1842 3072/1402/1842
f 3105/1400/1843 3110/1403/1843 3074/1404/1843 3073/1401/1843
f 3110/1403/1844 3115/1405/1844 3075/1406/1844 3074/1404/1844
f 3115/1405/1845 3120/1407/1845 3076/1408/1845 3075/1406/1845
f 3120/1407/1846 3125/1409/1846 3077/1410/1846 3076/1408/1846
f 3125/1409/1847 3130/1411/1847 3078/1412/1847 3077/1410/1847
f 3083/1413/1848 3140/1414/1848 3067/1415/1848 3051/1416/1848
f 3150/1417/1849 3155/1418/1849 3069/1419/1849 3068/1420/1849
f 3054/1397/2594 3055/1421/2594 3072/1422/2594 3071/1423/2594
f 3069/1424/2595 3076/1425/2595 3077/1426/2595 3068/1427/2595
f 3060/1428/1852 3065/1429/1852 3066/1430/1852 3059/1431/1852
f 3166/1432/1853 3171/1433/1853 3172/1434/1853 3167/1435/1853
f 3167/1435/1854 3172/1434/1854 3173/1436/1854 3168/1437/1854
f 3168/1437/1855 3173/1436/1855 3174/1438/1855 3169/1439/1855
f 3169/1439/1856 3174/1438/1856 3175/1395/1856 3170/1440/1856
f 3161/1441/1857 3166/1432/1857 3167/1435/1857 3162/1442/1857
f 3162/1442/1858 3167/1435/1858 3168/1437/1858 3163/1443/1858
f 3163/1443/1859 3168/1437/1859 3169/1439/1859 3164/1444/1859
f 3164/1444/1860 3169/1439/1860 3170/1440/1860 3165/1445/1860
f 3060/1446/1861 3059/1447/1861 3161/1441/1861 3156/1448/1861
f 3156/1448/1862 3161/1441/1862 3162/1442/1862 3157/1449/1862
f 3157/1449/1863 3162/1442/1863 3163/1443/1863 3158/1450/1863
f 3158/1450/1864 3163/1443/1864 3164/1444/1864 3159/1451/1864
f 3159/1451/1865 3164/1444/1865 3165/1445/1865 3160/1452/1865
f 3151/1453/1866 3156/1448/1866 3157/1449/1866 3152/1454/1866
f 3152/1454/1867 3157/1449/1867 3158/1450/1867 3153/1455/1867
f 3153/1455/1865 3158/1450/1865 3159/1451/1865 3154/1456/1865
f 3154/1456/1868 3159/1451/1868 3160/1452/1868 3155/1418/1868
f 3146/1457/1869 3151/1453/1869 3152/1454/1869 3147/1458/1869
f 3147/1458/1867 3152/1454/1867 3153/1455/1867 3148/1459/1867
f 3148/1459/1865 3153/1455/1865 3154/1456/1865 3149/1460/1865
f 3149/1460/1870 3154/1456/1870 3155/1418/1870 3150/1417/1870
f 3062/1461/1871 3061/1462/1871 3146/1457/1871 3141/1463/1871
f 3141/1463/1872 3146/1457/1872 3147/1458/1872 3142/1464/1872
f 3142/1464/1873 3147/1458/1873 3148/1459/1873 3143/1465/1873
f 3143/1465/1874 3148/1459/1874 3149/1460/1874 3144/1466/1874
f 3144/1466/1875 3149/1460/1875 3150/1417/1875 3145/1467/1875
f 3063/1468/1876 3062/1461/1876 3141/1463/1876 3136/1469/1876
f 3136/1469/1877 3141/1463/1877 3142/1464/1877 3137/1470/1877
f 3137/1470/1878 3142/1464/1878 3143/1465/1878 3138/1471/1878
f 3138/1471/1879 3143/1465/1879 3144/1466/1879 3139/1472/1879
f 3139/1472/1880 3144/1466/1880 3145/1467/1880 3140/1414/1880
f 3053/1473/1881 3063/1468/1881 3136/1469/1881 3079/1474/1881
f 3079/1474/1882 3136/1469/1882 3137/1470/1882 3080/1475/1882
f 3080/1475/1883 3137/1470/1883 3138/1471/1883 3081/1476/1883
f 3081/1476/2596 3138/1471/2596 3139/1472/2596 3082/1477/2596
f 3082/1477/1885 3139/1472/1885 3140/1414/1885 3083/1413/1885
f 3126/1478/1886 3131/1479/1886 3132/1480/1886 3127/1481/1886
f 3127/1481/1887 3132/1480/1887 3133/1482/1887 3128/1483/1887
f 3128/1483/1888 3133/1482/1888 3134/1484/1888 3129/1485/1888
f 3129/1485/1889 3134/1484/1889 3135/1486/1889 3130/1411/1889
f 3121/1487/1890 3126/1478/1890 3127/1481/1890 3122/1488/1890
f 3122/1488/1891 3127/1481/1891 3128/1483/1891 3123/1489/1891
f 3123/1489/1892 3128/1483/1892 3129/1485/1892 3124/1490/1892
f 3124/1490/1893 3129/1485/1893 3130/1411/1893 3125/1409/1893
f 3116/1491/1894 3121/1487/1894 3122/1488/1894 3117/1492/1894
f 3117/1492/1895 3122/1488/1895 3123/1489/1895 3118/1493/1895
f 3118/1493/1896 3123/1489/1896 3124/1490/1896 3119/1494/1896
f 3119/1494/1897 3124/1490/1897 3125/1409/1897 3120/1407/1897
f 3065/1495/1898 3064/1496/1898 3116/1491/1898 3111/1497/1898
f 3111/1497/1899 3116/1491/1899 3117/1492/1899 3112/1498/1899
f 3112/1498/1900 3117/1492/1900 3118/1493/1900 3113/1499/1900
f 3113/1499/1901 3118/1493/1901 3119/1494/1901 3114/1500/1901
f 3114/1500/1897 3119/1494/1897 3120/1407/1897 3115/1405/1897
f 3066/1501/1902 3065/1495/1902 3111/1497/1902 3106/1502/1902
f 3106/1502/1903 3111/1497/1903 3112/1498/1903 3107/1503/1903
f 3107/1503/1904 3112/1498/1904 3113/1499/1904 3108/1504/1904
f 3108/1504/1905 3113/1499/1905 3114/1500/1905 3109/1505/1905
f 3109/1505/1906 3114/1500/1906 3115/1405/1906 3110/1403/1906
f 3101/1506/1907 3106/1502/1907 3107/1503/1907 3102/1507/1907
f 3102/1507/1908 3107/1503/1908 3108/1504/1908 3103/1508/1908
f 3103/1508/1909 3108/1504/1909 3109/1505/1909 3104/1509/1909
f 3104/1509/1910 3109/1505/1910 3110/1403/1910 3105/1400/1910
f 3096/1510/2597 3101/1506/2597 3102/1507/2597 3097/1511/2597
f 3097/1511/1912 3102/1507/1912 3103/1508/1912 3098/1512/1912
f 3098/1512/1913 3103/1508/1913 3104/1509/1913 3099/1513/1913
f 3099/1513/1914 3104/1509/1914 3105/1400/1914 3100/1399/1914
f 3094/1514/1915 3098/1512/1915 3099/1513/1915 3095/1515/1915
f 3131/1479/1916 3087/1516/1916 3086/1517/1916 3132/1480/1916
f 3132/1480/1917 3086/1517/1917 3085/1518/1917 3133/1482/1917
f 3058/1519/1918 3056/1520/1918 3092/1521/1918 3171/1433/1918
f 3171/1433/1919 3092/1521/1919 3091/1522/1919 3172/1434/1919
f 3172/1434/1920 3091/1522/1920 3090/1523/1920 3173/1436/1920
f 3173/1436/1921 3090/1523/1921 3089/1524/1921 3174/1438/1921
f 3174/1438/1922 3089/1524/1922 3088/1396/1922 3175/1395/1922
f 3056/1520/1923 3057/1525/1923 3093/1526/1923 3092/1521/1923
f 3090/1523/1924 3094/1514/1924 3095/1515/1924 3089/1524/1924
f 3051/1527/1925 3052/1528/1925 3084/1529/1925 3083/1530/1925
f 3081/1531/1926 3085/1532/1926 3086/1533/1926 3080/1534/1926
f 3080/1534/1927 3086/1533/1927 3087/1535/1927 3079/1536/1927
f 3176/1537/1928 3177/1538/1928 3178/1539/1928
f 3179/1540/1929 3180/1541/1929 3181/1542/1929 3182/1543/1929
f 3183/1544/1930 3184/1545/1930 3185/1546/1930 3186/1547/1930
f 3187/1548/1931 3188/1549/1931 3189/1550/1931 3190/1551/1931
f 3191/1552/1932 3192/1553/1932 3193/1554/1932 3194/1555/1932
f 3195/1556/1933 3196/1557/1933 3197/1558/1933 3198/1559/1933
f 3203/1564/1935 3204/1565/1935 3205/1566/1935 3206/1567/1935
f 3211/1572/1937 3212/1573/1937 3213/1574/1937 3214/1575/1937
f 3215/1576/2598 3216/1577/2598 3217/1578/2598 3218/1579/2598
f 3219/1580/1939 3220/1581/1939 3221/1582/1939 3222/1583/1939
f 3223/1584/2599 3224/1585/2599 3225/1586/2599 3226/1587/2599
f 3227/1588/1941 3228/1589/1941 3229/1590/1941 3230/1591/1941
f 3231/1592/1942 3232/1593/1942 3233/1594/1942 3234/1595/1942
f 3187/1596/1943 3190/1597/1943 3176/1598/1943 3178/1599/1943 3087/1516/1943 3131/1479/1943
f 3079/1536/1944 3087/1535/1944 3178/1539/1944 3177/1538/1944 3053/1600/1944
f 3053/1600/1945 3177/1538/1945 3176/1537/1945 3190/1551/1945 3189/1550/1945 3063/1601/1945
f 3179/1540/1946 3182/1543/1946 3058/1519/1946 3171/1433/1946 3166/1432/1946
f 3059/1431/1947 3066/1430/1947 3202/1563/1947 3201/1562/1947 3181/1602/1947 3180/1603/1947
f 3182/1604/1948 3181/1602/1948 3201/1562/1948 3200/1561/1948 3205/1566/1948 3204/1565/1948 3058/1605/1948
f 3059/1447/1949 3180/1541/1949 3179/1540/1949 3166/1432/1949 3161/1441/1949
f 3183/1544/1950 3186/1547/1950 3060/1446/1950 3156/1448/1950 3151/1453/1950
f 3061/1606/1951 3197/1558/1951 3196/1557/1951 3064/1607/1951 3185/1608/1951 3184/1609/1951
f 3186/1610/1952 3185/1608/1952 3064/1607/1952 3065/1429/1952 3060/1428/1952
f 3061/1462/1953 3184/1545/1953 3183/1544/1953 3151/1453/1953 3146/1457/1953
f 3063/1601/1954 3189/1550/1954 3188/1549/1954 3194/1555/1954 3193/1554/1954 3062/1611/1954
f 3191/1612/1955 3194/1613/1955 3188/1614/1955 3187/1596/1955 3131/1479/1955 3126/1478/1955
f 3062/1611/1956 3193/1554/1956 3192/1553/1956 3198/1559/1956 3197/1558/1956 3061/1606/1956
f 3195/1615/1957 3198/1616/1957 3192/1617/1957 3191/1612/1957 3126/1478/1957 3121/1487/1957
f 3064/1496/1958 3196/1618/1958 3195/1615/1958 3121/1487/1958 3116/1491/1958
f 3199/1619/1959 3202/1620/1959 3066/1501/1959 3106/1502/1959 3101/1506/1959
f 3206/1621/1960 3205/1622/1960 3200/1623/1960 3199/1619/1960 3101/1506/1960 3096/1510/1960
f 3057/1525/1961 3203/1624/1961 3206/1621/1961 3096/1510/1961 3093/1526/1961
f 3058/1605/1962 3204/1565/1962 3203/1564/1962 3057/1525/1962 3056/1520/1962
f 3207/1625/2600 3210/1626/2600 3078/1627/2600 3220/1581/2600 3219/1580/2600 3067/1628/2600
f 3140/1414/1964 3145/1467/1964 3208/1569/1964 3207/1568/1964 3067/1415/1964
f 3068/1427/2601 3077/1426/2601 3078/1627/2601 3210/1626/2601 3209/1629/2601
f 3145/1467/1966 3150/1417/1966 3068/1420/1966 3209/1570/1966 3208/1569/1966
f 3211/1630/1967 3214/1631/1967 3075/1632/1967 3076/1425/1967 3069/1424/1967
f 3155/1418/1968 3160/1452/1968 3212/1573/1968 3211/1572/1968 3069/1419/1968
f 3070/1633/1969 3074/1634/1969 3075/1632/1969 3214/1631/1969 3213/1635/1969
f 3160/1452/1970 3165/1445/1970 3070/1636/1970 3213/1574/1970 3212/1573/1970
f 3215/1637/2602 3218/1638/2602 3073/1639/2602 3074/1634/2602 3070/1633/2602
f 3165/1445/1972 3170/1440/1972 3216/1577/1972 3215/1576/1972 3070/1636/1972
f 3071/1423/1973 3072/1422/1973 3073/1639/1973 3218/1638/1973 3217/1640/1973
f 3170/1440/1974 3175/1395/1974 3071/1398/1974 3217/1578/1974 3216/1577/1974
f 3135/1486/2603 3084/1641/2603 3052/1642/2603 3222/1643/2603 3221/1644/2603
f 3067/1628/1976 3219/1580/1976 3222/1583/1976 3052/1645/1976 3051/1646/1976
f 3130/1411/1977 3135/1486/1977 3221/1644/1977 3220/1647/1977 3078/1412/1977
f 3083/1530/1978 3084/1529/1978 3223/1584/1978 3226/1587/1978 3082/1648/1978
f 3134/1484/1979 3224/1649/1979 3223/1650/1979 3084/1641/1979 3135/1486/1979
f 3082/1648/1980 3226/1587/1980 3225/1586/1980 3085/1532/1980 3081/1531/1980
f 3133/1482/1981 3085/1518/1981 3225/1651/1981 3224/1649/1981 3134/1484/1981
f 3092/1521/1982 3093/1526/1982 3227/1588/1982 3230/1591/1982 3091/1522/1982
f 3093/1526/1983 3096/1510/1983 3097/1511/1983 3228/1589/1983 3227/1588/1983
f 3091/1522/1984 3230/1591/1984 3229/1590/1984 3094/1514/1984 3090/1523/1984
f 3229/1590/1985 3228/1589/1985 3097/1511/1985 3098/1512/1985 3094/1514/1985
f 3234/1595/1986 3233/1594/1986 3100/1399/1986 3072/1402/1986 3055/1421/1986
f 3089/1524/1987 3095/1515/1987 3232/1593/1987 3231/1592/1987 3088/1396/1987
f 3088/1396/1988 3231/1592/1988 3234/1595/1988 3055/1421/1988 3054/1397/1988
f 3095/1515/1989 3099/1513/1989 3100/1399/1989 3233/1594/1989 3232/1593/1989
f 3359/1395/2604 3272/1396/2604 3238/1397/2604 3255/1398/2604
f 3284/1399/2605 3289/1400/2605 3257/1401/2605 3256/1402/2605
f 3289/1400/2606 3294/1403/2606 3258/1404/2606 3257/1401/2606
f 3294/1403/2607 3299/1405/2607 3259/1406/2607 3258/1404/2607
f 3299/1405/2608 3304/1407/2608 3260/1408/2608 3259/1406/2608
f 3304/1407/2609 3309/1409/2609 3261/1410/2609 3260/1408/2609
f 3309/1409/2610 3314/1411/2610 3262/1412/2610 3261/1410/2610
f 3267/1413/2611 3324/1414/2611 3251/1415/2611 3235/1416/2611
f 3334/1417/2612 3339/1418/2612 3253/1419/2612 3252/1420/2612
f 3238/1397/2613 3239/1421/2613 3256/1422/2613 3255/1423/2613
f 3253/1424/2614 3260/1425/2614 3261/1426/2614 3252/1427/2614
f 3244/1428/2615 3249/1429/2615 3250/1430/2615 3243/1431/2615
f 3350/1432/2616 3355/1433/2616 3356/1434/2616 3351/1435/2616
f 3351/1435/2617 3356/1434/2617 3357/1436/2617 3352/1437/2617
f 3352/1437/2618 3357/1436/2618 3358/1438/2618 3353/1439/2618
f 3353/1439/2619 3358/1438/2619 3359/1395/2619 3354/1440/2619
f 3345/1441/2620 3350/1432/2620 3351/1435/2620 3346/1442/2620
f 3346/1442/2621 3351/1435/2621 3352/1437/2621 3347/1443/2621
f 3347/1443/2622 3352/1437/2622 3353/1439/2622 3348/1444/2622
f 3348/1444/2623 3353/1439/2623 3354/1440/2623 3349/1445/2623
f 3244/1446/2624 3243/1447/2624 3345/1441/2624 3340/1448/2624
f 3340/1448/2625 3345/1441/2625 3346/1442/2625 3341/1449/2625
f 3341/1449/2626 3346/1442/2626 3347/1443/2626 3342/1450/2626
f 3342/1450/2627 3347/1443/2627 3348/1444/2627 3343/1451/2627
f 3343/1451/2628 3348/1444/2628 3349/1445/2628 3344/1452/2628
f 3335/1453/2629 3340/1448/2629 3341/1449/2629 3336/1454/2629
f 3336/1454/2630 3341/1449/2630 3342/1450/2630 3337/1455/2630
f 3337/1455/2628 3342/1450/2628 3343/1451/2628 3338/1456/2628
f 3338/1456/2631 3343/1451/2631 3344/1452/2631 3339/1418/2631
f 3330/1457/2623 3335/1453/2623 3336/1454/2623 3331/1458/2623
f 3331/1458/2630 3336/1454/2630 3337/1455/2630 3332/1459/2630
f 3332/1459/2628 3337/1455/2628 3338/1456/2628 3333/1460/2628
f 3333/1460/2632 3338/1456/2632 3339/1418/2632 3334/1417/2632
f 3246/1461/2633 3245/1462/2633 3330/1457/2633 3325/1463/2633
f 3325/1463/2634 3330/1457/2634 3331/1458/2634 3326/1464/2634
f 3326/1464/2635 3331/1458/2635 3332/1459/2635 3327/1465/2635
f 3327/1465/2636 3332/1459/2636 3333/1460/2636 3328/1466/2636
f 3328/1466/2637 3333/1460/2637 3334/1417/2637 3329/1467/2637
f 3247/1468/2638 3246/1461/2638 3325/1463/2638 3320/1469/2638
f 3320/1469/2639 3325/1463/2639 3326/1464/2639 3321/1470/2639
f 3321/1470/2640 3326/1464/2640 3327/1465/2640 3322/1471/2640
f 3322/1471/2641 3327/1465/2641 3328/1466/2641 3323/1472/2641
f 3323/1472/2642 3328/1466/2642 3329/1467/2642 3324/1414/2642
f 3237/1473/2643 3247/1468/2643 3320/1469/2643 3263/1474/2643
f 3263/1474/2644 3320/1469/2644 3321/1470/2644 3264/1475/2644
f 3264/1475/2645 3321/1470/2645 3322/1471/2645 3265/1476/2645
f 3265/1476/2646 3322/1471/2646 3323/1472/2646 3266/1477/2646
f 3266/1477/2647 3323/1472/2647 3324/1414/2647 3267/1413/2647
f 3310/1478/2648 3315/1479/2648 3316/1480/2648 3311/1481/2648
f 3311/1481/2649 3316/1480/2649 3317/1482/2649 3312/1483/2649
f 3312/1483/2650 3317/1482/2650 3318/1484/2650 3313/1485/2650
f 3313/1485/2651 3318/1484/2651 3319/1486/2651 3314/1411/2651
f 3305/1487/2652 3310/1478/2652 3311/1481/2652 3306/1488/2652
f 3306/1488/2653 3311/1481/2653 3312/1483/2653 3307/1489/2653
f 3307/1489/2654 3312/1483/2654 3313/1485/2654 3308/1490/2654
f 3308/1490/2655 3313/1485/2655 3314/1411/2655 3309/1409/2655
f 3300/1491/2656 3305/1487/2656 3306/1488/2656 3301/1492/2656
f 3301/1492/2657 3306/1488/2657 3307/1489/2657 3302/1493/2657
f 3302/1493/2658 3307/1489/2658 3308/1490/2658 3303/1494/2658
f 3303/1494/2650 3308/1490/2650 3309/1409/2650 3304/1407/2650
f 3249/1495/2659 3248/1496/2659 3300/1491/2659 3295/1497/2659
f 3295/1497/2660 3300/1491/2660 3301/1492/2660 3296/1498/2660
f 3296/1498/2661 3301/1492/2661 3302/1493/2661 3297/1499/2661
f 3297/1499/2662 3302/1493/2662 3303/1494/2662 3298/1500/2662
f 3298/1500/2650 3303/1494/2650 3304/1407/2650 3299/1405/2650
f 3250/1501/2663 3249/1495/2663 3295/1497/2663 3290/1502/2663
f 3290/1502/2664 3295/1497/2664 3296/1498/2664 3291/1503/2664
f 3291/1503/2665 3296/1498/2665 3297/1499/2665 3292/1504/2665
f 3292/1504/2666 3297/1499/2666 3298/1500/2666 3293/1505/2666
f 3293/1505/2667 3298/1500/2667 3299/1405/2667 3294/1403/2667
f 3285/1506/2668 3290/1502/2668 3291/1503/2668 3286/1507/2668
f 3286/1507/2669 3291/1503/2669 3292/1504/2669 3287/1508/2669
f 3287/1508/2670 3292/1504/2670 3293/1505/2670 3288/1509/2670
f 3288/1509/2671 3293/1505/2671 3294/1403/2671 3289/1400/2671
f 3280/1510/2672 3285/1506/2672 3286/1507/2672 3281/1511/2672
f 3281/1511/2673 3286/1507/2673 3287/1508/2673 3282/1512/2673
f 3282/1512/2674 3287/1508/2674 3288/1509/2674 3283/1513/2674
f 3283/1513/2675 3288/1509/2675 3289/1400/2675 3284/1399/2675
f 3278/1514/2676 3282/1512/2676 3283/1513/2676 3279/1515/2676
f 3315/1479/2677 3271/1516/2677 3270/1517/2677 3316/1480/2677
f 3316/1480/2678 3270/1517/2678 3269/1518/2678 3317/1482/2678
f 3242/1519/2679 3240/1520/2679 3276/1521/2679 3355/1433/2679
f 3355/1433/2680 3276/1521/2680 3275/1522/2680 3356/1434/2680
f 3356/1434/2681 3275/1522/2681 3274/1523/2681 3357/1436/2681
f 3357/1436/2682 3274/1523/2682 3273/1524/2682 3358/1438/2682
f 3358/1438/2683 3273/1524/2683 3272/1396/2683 3359/1395/2683
f 3240/1520/2684 3241/1525/2684 3277/1526/2684 3276/1521/2684
f 3274/1523/2685 3278/1514/2685 3279/1515/2685 3273/1524/2685
f 3235/1527/2686 3236/1528/2686 3268/1529/2686 3267/1530/2686
f 3265/1531/2687 3269/1532/2687 3270/1533/2687 3264/1534/2687
f 3264/1534/2688 3270/1533/2688 3271/1535/2688 3263/1536/2688
f 3360/1537/2689 3361/1538/2689 3362/1539/2689
f 3363/1540/2690 3364/1541/2690 3365/1542/2690 3366/1543/2690
f 3367/1544/2691 3368/1545/2691 3369/1546/2691 3370/1547/2691
f 3371/1548/2692 3372/1549/2692 3373/1550/2692 3374/1551/2692
f 3375/1552/2693 3376/1553/2693 3377/1554/2693 3378/1555/2693
f 3379/1556/2694 3380/1557/2694 3381/1558/2694 3382/1559/2694
f 3387/1564/2696 3388/1565/2696 3389/1566/2696 3390/1567/2696
f 3395/1572/2698 3396/1573/2698 3397/1574/2698 3398/1575/2698
f 3399/1576/2699 3400/1577/2699 3401/1578/2699 3402/1579/2699
f 3403/1580/2700 3404/1581/2700 3405/1582/2700 3406/1583/2700
f 3407/1584/2701 3408/1585/2701 3409/1586/2701 3410/1587/2701
f 3411/1588/2702 3412/1589/2702 3413/1590/2702 3414/1591/2702
f 3415/1592/2703 3416/1593/2703 3417/1594/2703 3418/1595/2703
f 3371/1596/2704 3374/1597/2704 3360/1598/2704 3362/1599/2704 3271/1516/2704 3315/1479/2704
f 3263/1536/2705 3271/1535/2705 3362/1539/2705 3361/1538/2705 3237/1600/2705
f 3237/1600/2706 3361/1538/2706 3360/1537/2706 3374/1551/2706 3373/1550/2706 3247/1601/2706
f 3363/1540/2707 3366/1543/2707 3242/1519/2707 3355/1433/2707 3350/1432/2707
f 3243/1431/2708 3250/1430/2708 3386/1563/2708 3385/1562/2708 3365/1602/2708 3364/1603/2708
f 3366/1604/2709 3365/1602/2709 3385/1562/2709 3384/1561/2709 3389/1566/2709 3388/1565/2709 3242/1605/2709
f 3243/1447/2710 3364/1541/2710 3363/1540/2710 3350/1432/2710 3345/1441/2710
f 3367/1544/2711 3370/1547/2711 3244/1446/2711 3340/1448/2711 3335/1453/2711
f 3245/1606/2712 3381/1558/2712 3380/1557/2712 3248/1607/2712 3369/1608/2712 3368/1609/2712
f 3370/1610/2713 3369/1608/2713 3248/1607/2713 3249/1429/2713 3244/1428/2713
f 3245/1462/2714 3368/1545/2714 3367/1544/2714 3335/1453/2714 3330/1457/2714
f 3247/1601/2715 3373/1550/2715 3372/1549/2715 3378/1555/2715 3377/1554/2715 3246/1611/2715
f 3375/1612/2716 3378/1613/2716 3372/1614/2716 3371/1596/2716 3315/1479/2716 3310/1478/2716
f 3246/1611/2717 3377/1554/2717 3376/1553/2717 3382/1559/2717 3381/1558/2717 3245/1606/2717
f 3379/1615/2718 3382/1616/2718 3376/1617/2718 3375/1612/2718 3310/1478/2718 3305/1487/2718
f 3248/1496/2719 3380/1618/2719 3379/1615/2719 3305/1487/2719 3300/1491/2719
f 3383/1619/2720 3386/1620/2720 3250/1501/2720 3290/1502/2720 3285/1506/2720
f 3390/1621/2721 3389/1622/2721 3384/1623/2721 3383/1619/2721 3285/1506/2721 3280/1510/2721
f 3241/1525/2722 3387/1624/2722 3390/1621/2722 3280/1510/2722 3277/1526/2722
f 3242/1605/2723 3388/1565/2723 3387/1564/2723 3241/1525/2723 3240/1520/2723
f 3391/1625/2724 3394/1626/2724 3262/1627/2724 3404/1581/2724 3403/1580/2724 3251/1628/2724
f 3324/1414/2725 3329/1467/2725 3392/1569/2725 3391/1568/2725 3251/1415/2725
f 3252/1427/2726 3261/1426/2726 3262/1627/2726 3394/1626/2726 3393/1629/2726
f 3329/1467/2727 3334/1417/2727 3252/1420/2727 3393/1570/2727 3392/1569/2727
f 3395/1630/2728 3398/1631/2728 3259/1632/2728 3260/1425/2728 3253/1424/2728
f 3339/1418/2729 3344/1452/2729 3396/1573/2729 3395/1572/2729 3253/1419/2729
f 3254/1633/2730 3258/1634/2730 3259/1632/2730 3398/1631/2730 3397/1635/2730
f 3344/1452/2731 3349/1445/2731 3254/1636/2731 3397/1574/2731 3396/1573/2731
f 3399/1637/2732 3402/1638/2732 3257/1639/2732 3258/1634/2732 3254/1633/2732
f 3349/1445/2733 3354/1440/2733 3400/1577/2733 3399/1576/2733 3254/1636/2733
f 3255/1423/2734 3256/1422/2734 3257/1639/2734 3402/1638/2734 3401/1640/2734
f 3354/1440/2735 3359/1395/2735 3255/1398/2735 3401/1578/2735 3400/1577/2735
f 3319/1486/2736 3268/1641/2736 3236/1642/2736 3406/1643/2736 3405/1644/2736
f 3251/1628/2737 3403/1580/2737 3406/1583/2737 3236/1645/2737 3235/1646/2737
f 3314/1411/2738 3319/1486/2738 3405/1644/2738 3404/1647/2738 3262/1412/2738
f 3267/1530/2739 3268/1529/2739 3407/1584/2739 3410/1587/2739 3266/1648/2739
f 3318/1484/2740 3408/1649/2740 3407/1650/2740 3268/1641/2740 3319/1486/2740
f 3266/1648/2741 3410/1587/2741 3409/1586/2741 3269/1532/2741 3265/1531/2741
f 3317/1482/2742 3269/1518/2742 3409/1651/2742 3408/1649/2742 3318/1484/2742
f 3276/1521/2743 3277/1526/2743 3411/1588/2743 3414/1591/2743 3275/1522/2743
f 3277/1526/2744 3280/1510/2744 3281/1511/2744 3412/1589/2744 3411/1588/2744
f 3275/1522/2745 3414/1591/2745 3413/1590/2745 3278/1514/2745 3274/1523/2745
f 3413/1590/2746 3412/1589/2746 3281/1511/2746 3282/1512/2746 3278/1514/2746
f 3418/1595/2747 3417/1594/2747 3284/1399/2747 3256/1402/2747 3239/1421/2747
f 3273/1524/2748 3279/1515/2748 3416/1593/2748 3415/1592/2748 3272/1396/2748
f 3272/1396/2749 3415/1592/2749 3418/1595/2749 3239/1421/2749 3238/1397/2749
f 3279/1515/2750 3283/1513/2750 3284/1399/2750 3417/1594/2750 3416/1593/2750
f 3543/1395/2751 3456/1396/2751 3422/1397/2751 3439/1398/2751
f 3468/1399/2752 3473/1400/2752 3441/1401/2752 3440/1402/2752
f 3473/1400/2753 3478/1403/2753 3442/1404/2753 3441/1401/2753
f 3478/1403/2754 3483/1405/2754 3443/1406/2754 3442/1404/2754
f 3483/1405/2755 3488/1407/2755 3444/1408/2755 3443/1406/2755
f 3488/1407/2756 3493/1409/2756 3445/1410/2756 3444/1408/2756
f 3493/1409/2757 3498/1411/2757 3446/1412/2757 3445/1410/2757
f 3451/1413/2758 3508/1414/2758 3435/1415/2758 3419/1416/2758
f 3518/1417/2759 3523/1418/2759 3437/1419/2759 3436/1420/2759
f 3422/1397/2760 3423/1421/2760 3440/1422/2760 3439/1423/2760
f 3437/1424/2761 3444/1425/2761 3445/1426/2761 3436/1427/2761
f 3428/1428/2762 3433/1429/2762 3434/1430/2762 3427/1431/2762
f 3534/1432/2763 3539/1433/2763 3540/1434/2763 3535/1435/2763
f 3535/1435/2764 3540/1434/2764 3541/1436/2764 3536/1437/2764
f 3536/1437/2765 3541/1436/2765 3542/1438/2765 3537/1439/2765
f 3537/1439/2766 3542/1438/2766 3543/1395/2766 3538/1440/2766
f 3529/1441/2767 3534/1432/2767 3535/1435/2767 3530/1442/2767
f 3530/1442/2768 3535/1435/2768 3536/1437/2768 3531/1443/2768
f 3531/1443/2769 3536/1437/2769 3537/1439/2769 3532/1444/2769
f 3532/1444/2770 3537/1439/2770 3538/1440/2770 3533/1445/2770
f 3428/1446/2771 3427/1447/2771 3529/1441/2771 3524/1448/2771
f 3524/1448/2772 3529/1441/2772 3530/1442/2772 3525/1449/2772
f 3525/1449/2773 3530/1442/2773 3531/1443/2773 3526/1450/2773
f 3526/1450/2774 3531/1443/2774 3532/1444/2774 3527/1451/2774
f 3527/1451/2775 3532/1444/2775 3533/1445/2775 3528/1452/2775
f 3519/1453/2776 3524/1448/2776 3525/1449/2776 3520/1454/2776
f 3520/1454/2777 3525/1449/2777 3526/1450/2777 3521/1455/2777
f 3521/1455/2775 3526/1450/2775 3527/1451/2775 3522/1456/2775
f 3522/1456/2778 3527/1451/2778 3528/1452/2778 3523/1418/2778
f 3514/1457/2770 3519/1453/2770 3520/1454/2770 3515/1458/2770
f 3515/1458/2777 3520/1454/2777 3521/1455/2777 3516/1459/2777
f 3516/1459/2775 3521/1455/2775 3522/1456/2775 3517/1460/2775
f 3517/1460/2779 3522/1456/2779 3523/1418/2779 3518/1417/2779
f 3430/1461/2780 3429/1462/2780 3514/1457/2780 3509/1463/2780
f 3509/1463/2781 3514/1457/2781 3515/1458/2781 3510/1464/2781
f 3510/1464/2782 3515/1458/2782 3516/1459/2782 3511/1465/2782
f 3511/1465/2783 3516/1459/2783 3517/1460/2783 3512/1466/2783
f 3512/1466/2784 3517/1460/2784 3518/1417/2784 3513/1467/2784
f 3431/1468/2785 3430/1461/2785 3509/1463/2785 3504/1469/2785
f 3504/1469/2786 3509/1463/2786 3510/1464/2786 3505/1470/2786
f 3505/1470/2787 3510/1464/2787 3511/1465/2787 3506/1471/2787
f 3506/1471/2788 3511/1465/2788 3512/1466/2788 3507/1472/2788
f 3507/1472/2789 3512/1466/2789 3513/1467/2789 3508/1414/2789
f 3421/1473/2790 3431/1468/2790 3504/1469/2790 3447/1474/2790
f 3447/1474/2791 3504/1469/2791 3505/1470/2791 3448/1475/2791
f 3448/1475/2792 3505/1470/2792 3506/1471/2792 3449/1476/2792
f 3449/1476/2793 3506/1471/2793 3507/1472/2793 3450/1477/2793
f 3450/1477/2794 3507/1472/2794 3508/1414/2794 3451/1413/2794
f 3494/1478/2795 3499/1479/2795 3500/1480/2795 3495/1481/2795
f 3495/1481/2796 3500/1480/2796 3501/1482/2796 3496/1483/2796
f 3496/1483/2797 3501/1482/2797 3502/1484/2797 3497/1485/2797
f 3497/1485/2798 3502/1484/2798 3503/1486/2798 3498/1411/2798
f 3489/1487/2799 3494/1478/2799 3495/1481/2799 3490/1488/2799
f 3490/1488/2800 3495/1481/2800 3496/1483/2800 3491/1489/2800
f 3491/1489/2801 3496/1483/2801 3497/1485/2801 3492/1490/2801
f 3492/1490/2802 3497/1485/2802 3498/1411/2802 3493/1409/2802
f 3484/1491/2803 3489/1487/2803 3490/1488/2803 3485/1492/2803
f 3485/1492/2804 3490/1488/2804 3491/1489/2804 3486/1493/2804
f 3486/1493/2805 3491/1489/2805 3492/1490/2805 3487/1494/2805
f 3487/1494/2797 3492/1490/2797 3493/1409/2797 3488/1407/2797
f 3433/1495/2806 3432/1496/2806 3484/1491/2806 3479/1497/2806
f 3479/1497/2807 3484/1491/2807 3485/1492/2807 3480/1498/2807
f 3480/1498/2808 3485/1492/2808 3486/1493/2808 3481/1499/2808
f 3481/1499/2809 3486/1493/2809 3487/1494/2809 3482/1500/2809
f 3482/1500/2797 3487/1494/2797 3488/1407/2797 3483/1405/2797
f 3434/1501/2810 3433/1495/2810 3479/1497/2810 3474/1502/2810
f 3474/1502/2811 3479/1497/2811 3480/1498/2811 3475/1503/2811
f 3475/1503/2812 3480/1498/2812 3481/1499/2812 3476/1504/2812
f 3476/1504/2813 3481/1499/2813 3482/1500/2813 3477/1505/2813
f 3477/1505/2814 3482/1500/2814 3483/1405/2814 3478/1403/2814
f 3469/1506/2815 3474/1502/2815 3475/1503/2815 3470/1507/2815
f 3470/1507/2816 3475/1503/2816 3476/1504/2816 3471/1508/2816
f 3471/1508/2817 3476/1504/2817 3477/1505/2817 3472/1509/2817
f 3472/1509/2818 3477/1505/2818 3478/1403/2818 3473/1400/2818
f 3464/1510/2819 3469/1506/2819 3470/1507/2819 3465/1511/2819
f 3465/1511/2820 3470/1507/2820 3471/1508/2820 3466/1512/2820
f 3466/1512/2821 3471/1508/2821 3472/1509/2821 3467/1513/2821
f 3467/1513/2822 3472/1509/2822 3473/1400/2822 3468/1399/2822
f 3462/1514/2823 3466/1512/2823 3467/1513/2823 3463/1515/2823
f 3499/1479/2824 3455/1516/2824 3454/1517/2824 3500/1480/2824
f 3500/1480/2825 3454/1517/2825 3453/1518/2825 3501/1482/2825
f 3426/1519/2826 3424/1520/2826 3460/1521/2826 3539/1433/2826
f 3539/1433/2827 3460/1521/2827 3459/1522/2827 3540/1434/2827
f 3540/1434/2828 3459/1522/2828 3458/1523/2828 3541/1436/2828
f 3541/1436/2829 3458/1523/2829 3457/1524/2829 3542/1438/2829
f 3542/1438/2830 3457/1524/2830 3456/1396/2830 3543/1395/2830
f 3424/1520/2831 3425/1525/2831 3461/1526/2831 3460/1521/2831
f 3458/1523/2832 3462/1514/2832 3463/1515/2832 3457/1524/2832
f 3419/1527/2833 3420/1528/2833 3452/1529/2833 3451/1530/2833
f 3449/1531/2834 3453/1532/2834 3454/1533/2834 3448/1534/2834
f 3448/1534/2835 3454/1533/2835 3455/1535/2835 3447/1536/2835
f 3544/1537/2836 3545/1538/2836 3546/1539/2836
f 3547/1540/2837 3548/1541/2837 3549/1542/2837 3550/1543/2837
f 3551/1544/2838 3552/1545/2838 3553/1546/2838 3554/1547/2838
f 3555/1548/2839 3556/1549/2839 3557/1550/2839 3558/1551/2839
f 3559/1552/2840 3560/1553/2840 3561/1554/2840 3562/1555/2840
f 3563/1556/2841 3564/1557/2841 3565/1558/2841 3566/1559/2841
f 3571/1564/2843 3572/1565/2843 3573/1566/2843 3574/1567/2843
f 3579/1572/2845 3580/1573/2845 3581/1574/2845 3582/1575/2845
f 3583/1576/2846 3584/1577/2846 3585/1578/2846 3586/1579/2846
f 3587/1580/2847 3588/1581/2847 3589/1582/2847 3590/1583/2847
f 3591/1584/2848 3592/1585/2848 3593/1586/2848 3594/1587/2848
f 3595/1588/2849 3596/1589/2849 3597/1590/2849 3598/1591/2849
f 3599/1592/2850 3600/1593/2850 3601/1594/2850 3602/1595/2850
f 3555/1596/2851 3558/1597/2851 3544/1598/2851 3546/1599/2851 3455/1516/2851 3499/1479/2851
f 3447/1536/2852 3455/1535/2852 3546/1539/2852 3545/1538/2852 3421/1600/2852
f 3421/1600/2853 3545/1538/2853 3544/1537/2853 3558/1551/2853 3557/1550/2853 3431/1601/2853
f 3547/1540/2854 3550/1543/2854 3426/1519/2854 3539/1433/2854 3534/1432/2854
f 3427/1431/2855 3434/1430/2855 3570/1563/2855 3569/1562/2855 3549/1602/2855 3548/1603/2855
f 3550/1604/2856 3549/1602/2856 3569/1562/2856 3568/1561/2856 3573/1566/2856 3572/1565/2856 3426/1605/2856
f 3427/1447/2857 3548/1541/2857 3547/1540/2857 3534/1432/2857 3529/1441/2857
f 3551/1544/2858 3554/1547/2858 3428/1446/2858 3524/1448/2858 3519/1453/2858
f 3429/1606/2859 3565/1558/2859 3564/1557/2859 3432/1607/2859 3553/1608/2859 3552/1609/2859
f 3554/1610/2860 3553/1608/2860 3432/1607/2860 3433/1429/2860 3428/1428/2860
f 3429/1462/2861 3552/1545/2861 3551/1544/2861 3519/1453/2861 3514/1457/2861
f 3431/1601/2862 3557/1550/2862 3556/1549/2862 3562/1555/2862 3561/1554/2862 3430/1611/2862
f 3559/1612/2863 3562/1613/2863 3556/1614/2863 3555/1596/2863 3499/1479/2863 3494/1478/2863
f 3430/1611/2864 3561/1554/2864 3560/1553/2864 3566/1559/2864 3565/1558/2864 3429/1606/2864
f 3563/1615/2865 3566/1616/2865 3560/1617/2865 3559/1612/2865 3494/1478/2865 3489/1487/2865
f 3432/1496/2866 3564/1618/2866 3563/1615/2866 3489/1487/2866 3484/1491/2866
f 3567/1619/2867 3570/1620/2867 3434/1501/2867 3474/1502/2867 3469/1506/2867
f 3574/1621/2868 3573/1622/2868 3568/1623/2868 3567/1619/2868 3469/1506/2868 3464/1510/2868
f 3425/1525/2869 3571/1624/2869 3574/1621/2869 3464/1510/2869 3461/1526/2869
f 3426/1605/2870 3572/1565/2870 3571/1564/2870 3425/1525/2870 3424/1520/2870
f 3575/1625/2871 3578/1626/2871 3446/1627/2871 3588/1581/2871 3587/1580/2871 3435/1628/2871
f 3508/1414/2872 3513/1467/2872 3576/1569/2872 3575/1568/2872 3435/1415/2872
f 3436/1427/2873 3445/1426/2873 3446/1627/2873 3578/1626/2873 3577/1629/2873
f 3513/1467/2874 3518/1417/2874 3436/1420/2874 3577/1570/2874 3576/1569/2874
f 3579/1630/2875 3582/1631/2875 3443/1632/2875 3444/1425/2875 3437/1424/2875
f 3523/1418/2876 3528/1452/2876 3580/1573/2876 3579/1572/2876 3437/1419/2876
f 3438/1633/2877 3442/1634/2877 3443/1632/2877 3582/1631/2877 3581/1635/2877
f 3528/1452/2878 3533/1445/2878 3438/1636/2878 3581/1574/2878 3580/1573/2878
f 3583/1637/2879 3586/1638/2879 3441/1639/2879 3442/1634/2879 3438/1633/2879
f 3533/1445/2880 3538/1440/2880 3584/1577/2880 3583/1576/2880 3438/1636/2880
f 3439/1423/2881 3440/1422/2881 3441/1639/2881 3586/1638/2881 3585/1640/2881
f 3538/1440/2882 3543/1395/2882 3439/1398/2882 3585/1578/2882 3584/1577/2882
f 3503/1486/2883 3452/1641/2883 3420/1642/2883 3590/1643/2883 3589/1644/2883
f 3435/1628/2884 3587/1580/2884 3590/1583/2884 3420/1645/2884 3419/1646/2884
f 3498/1411/2885 3503/1486/2885 3589/1644/2885 3588/1647/2885 3446/1412/2885
f 3451/1530/2886 3452/1529/2886 3591/1584/2886 3594/1587/2886 3450/1648/2886
f 3502/1484/2887 3592/1649/2887 3591/1650/2887 3452/1641/2887 3503/1486/2887
f 3450/1648/2888 3594/1587/2888 3593/1586/2888 3453/1532/2888 3449/1531/2888
f 3501/1482/2889 3453/1518/2889 3593/1651/2889 3592/1649/2889 3502/1484/2889
f 3460/1521/2890 3461/1526/2890 3595/1588/2890 3598/1591/2890 3459/1522/2890
f 3461/1526/2891 3464/1510/2891 3465/1511/2891 3596/1589/2891 3595/1588/2891
f 3459/1522/2892 3598/1591/2892 3597/1590/2892 3462/1514/2892 3458/1523/2892
f 3597/1590/2893 3596/1589/2893 3465/1511/2893 3466/1512/2893 3462/1514/2893
f 3602/1595/2894 3601/1594/2894 3468/1399/2894 3440/1402/2894 3423/1421/2894
f 3457/1524/2895 3463/1515/2895 3600/1593/2895 3599/1592/2895 3456/1396/2895
f 3456/1396/2896 3599/1592/2896 3602/1595/2896 3423/1421/2896 3422/1397/2896
f 3463/1515/2897 3467/1513/2897 3468/1399/2897 3601/1594/2897 3600/1593/2897
f 3727/1395/2898 3640/1396/2898 3606/1397/2898 3623/1398/2898
f 3652/1399/2899 3657/1400/2899 3625/1401/2899 3624/1402/2899
f 3657/1400/2900 3662/1403/2900 3626/1404/2900 3625/1401/2900
f 3662/1403/2901 3667/1405/2901 3627/1406/2901 3626/1404/2901
f 3667/1405/2902 3672/1407/2902 3628/1408/2902 3627/1406/2902
f 3672/1407/2903 3677/1409/2903 3629/1410/2903 3628/1408/2903
f 3677/1409/2904 3682/1411/2904 3630/1412/2904 3629/1410/2904
f 3635/1413/2905 3692/1414/2905 3619/1415/2905 3603/1416/2905
f 3702/1417/2906 3707/1418/2906 3621/1419/2906 3620/1420/2906
f 3606/1397/2907 3607/1421/2907 3624/1422/2907 3623/1423/2907
f 3621/1424/2908 3628/1425/2908 3629/1426/2908 3620/1427/2908
f 3612/1428/2909 3617/1429/2909 3618/1430/2909 3611/1431/2909
f 3718/1432/2910 3723/1433/2910 3724/1434/2910 3719/1435/2910
f 3719/1435/2911 3724/1434/2911 3725/1436/2911 3720/1437/2911
f 3720/1437/2912 3725/1436/2912 3726/1438/2912 3721/1439/2912
f 3721/1439/2913 3726/1438/2913 3727/1395/2913 3722/1440/2913
f 3713/1441/2914 3718/1432/2914 3719/1435/2914 3714/1442/2914
f 3714/1442/2915 3719/1435/2915 3720/1437/2915 3715/1443/2915
f 3715/1443/2916 3720/1437/2916 3721/1439/2916 3716/1444/2916
f 3716/1444/2917 3721/1439/2917 3722/1440/2917 3717/1445/2917
f 3612/1446/2918 3611/1447/2918 3713/1441/2918 3708/1448/2918
f 3708/1448/2919 3713/1441/2919 3714/1442/2919 3709/1449/2919
f 3709/1449/2920 3714/1442/2920 3715/1443/2920 3710/1450/2920
f 3710/1450/2921 3715/1443/2921 3716/1444/2921 3711/1451/2921
f 3711/1451/2922 3716/1444/2922 3717/1445/2922 3712/1452/2922
f 3703/1453/2923 3708/1448/2923 3709/1449/2923 3704/1454/2923
f 3704/1454/2924 3709/1449/2924 3710/1450/2924 3705/1455/2924
f 3705/1455/2922 3710/1450/2922 3711/1451/2922 3706/1456/2922
f 3706/1456/2925 3711/1451/2925 3712/1452/2925 3707/1418/2925
f 3698/1457/2926 3703/1453/2926 3704/1454/2926 3699/1458/2926
f 3699/1458/2924 3704/1454/2924 3705/1455/2924 3700/1459/2924
f 3700/1459/2927 3705/1455/2927 3706/1456/2927 3701/1460/2927
f 3701/1460/2928 3706/1456/2928 3707/1418/2928 3702/1417/2928
f 3614/1461/2929 3613/1462/2929 3698/1457/2929 3693/1463/2929
f 3693/1463/2930 3698/1457/2930 3699/1458/2930 3694/1464/2930
f 3694/1464/2931 3699/1458/2931 3700/1459/2931 3695/1465/2931
f 3695/1465/2932 3700/1459/2932 3701/1460/2932 3696/1466/2932
f 3696/1466/2933 3701/1460/2933 3702/1417/2933 3697/1467/2933
f 3615/1468/2934 3614/1461/2934 3693/1463/2934 3688/1469/2934
f 3688/1469/2935 3693/1463/2935 3694/1464/2935 3689/1470/2935
f 3689/1470/2936 3694/1464/2936 3695/1465/2936 3690/1471/2936
f 3690/1471/2937 3695/1465/2937 3696/1466/2937 3691/1472/2937
f 3691/1472/2938 3696/1466/2938 3697/1467/2938 3692/1414/2938
f 3605/1473/2939 3615/1468/2939 3688/1469/2939 3631/1474/2939
f 3631/1474/2940 3688/1469/2940 3689/1470/2940 3632/1475/2940
f 3632/1475/2941 3689/1470/2941 3690/1471/2941 3633/1476/2941
f 3633/1476/2942 3690/1471/2942 3691/1472/2942 3634/1477/2942
f 3634/1477/2943 3691/1472/2943 3692/1414/2943 3635/1413/2943
f 3678/1478/2944 3683/1479/2944 3684/1480/2944 3679/1481/2944
f 3679/1481/2945 3684/1480/2945 3685/1482/2945 3680/1483/2945
f 3680/1483/2946 3685/1482/2946 3686/1484/2946 3681/1485/2946
f 3681/1485/2947 3686/1484/2947 3687/1486/2947 3682/1411/2947
f 3673/1487/2948 3678/1478/2948 3679/1481/2948 3674/1488/2948
f 3674/1488/2949 3679/1481/2949 3680/1483/2949 3675/1489/2949
f 3675/1489/2950 3680/1483/2950 3681/1485/2950 3676/1490/2950
f 3676/1490/2951 3681/1485/2951 3682/1411/2951 3677/1409/2951
f 3668/1491/2952 3673/1487/2952 3674/1488/2952 3669/1492/2952
f 3669/1492/2953 3674/1488/2953 3675/1489/2953 3670/1493/2953
f 3670/1493/2954 3675/1489/2954 3676/1490/2954 3671/1494/2954
f 3671/1494/2955 3676/1490/2955 3677/1409/2955 3672/1407/2955
f 3617/1495/2956 3616/1496/2956 3668/1491/2956 3663/1497/2956
f 3663/1497/2957 3668/1491/2957 3669/1492/2957 3664/1498/2957
f 3664/1498/2958 3669/1492/2958 3670/1493/2958 3665/1499/2958
f 3665/1499/2959 3670/1493/2959 3671/1494/2959 3666/1500/2959
f 3666/1500/2955 3671/1494/2955 3672/1407/2955 3667/1405/2955
f 3618/1501/2960 3617/1495/2960 3663/1497/2960 3658/1502/2960
f 3658/1502/2961 3663/1497/2961 3664/1498/2961 3659/1503/2961
f 3659/1503/2962 3664/1498/2962 3665/1499/2962 3660/1504/2962
f 3660/1504/2963 3665/1499/2963 3666/1500/2963 3661/1505/2963
f 3661/1505/2964 3666/1500/2964 3667/1405/2964 3662/1403/2964
f 3653/1506/2965 3658/1502/2965 3659/1503/2965 3654/1507/2965
f 3654/1507/2966 3659/1503/2966 3660/1504/2966 3655/1508/2966
f 3655/1508/2967 3660/1504/2967 3661/1505/2967 3656/1509/2967
f 3656/1509/2968 3661/1505/2968 3662/1403/2968 3657/1400/2968
f 3648/1510/2969 3653/1506/2969 3654/1507/2969 3649/1511/2969
f 3649/1511/2970 3654/1507/2970 3655/1508/2970 3650/1512/2970
f 3650/1512/2971 3655/1508/2971 3656/1509/2971 3651/1513/2971
f 3651/1513/2972 3656/1509/2972 3657/1400/2972 3652/1399/2972
f 3646/1514/2973 3650/1512/2973 3651/1513/2973 3647/1515/2973
f 3683/1479/2974 3639/1516/2974 3638/1517/2974 3684/1480/2974
f 3684/1480/2975 3638/1517/2975 3637/1518/2975 3685/1482/2975
f 3610/1519/2976 3608/1520/2976 3644/1521/2976 3723/1433/2976
f 3723/1433/2977 3644/1521/2977 3643/1522/2977 3724/1434/2977
f 3724/1434/2978 3643/1522/2978 3642/1523/2978 3725/1436/2978
f 3725/1436/2979 3642/1523/2979 3641/1524/2979 3726/1438/2979
f 3726/1438/2980 3641/1524/2980 3640/1396/2980 3727/1395/2980
f 3608/1520/2981 3609/1525/2981 3645/1526/2981 3644/1521/2981
f 3642/1523/2982 3646/1514/2982 3647/1515/2982 3641/1524/2982
f 3603/1527/2983 3604/1528/2983 3636/1529/2983 3635/1530/2983
f 3633/1531/2984 3637/1532/2984 3638/1533/2984 3632/1534/2984
f 3632/1534/2985 3638/1533/2985 3639/1535/2985 3631/1536/2985
f 3728/1537/2986 3729/1538/2986 3730/1539/2986
f 3731/1540/2987 3732/1541/2987 3733/1542/2987 3734/1543/2987
f 3735/1544/2988 3736/1545/2988 3737/1546/2988 3738/1547/2988
f 3739/1548/2989 3740/1549/2989 3741/1550/2989 3742/1551/2989
f 3743/1552/2990 3744/1553/2990 3745/1554/2990 3746/1555/2990
f 3747/1556/2991 3748/1557/2991 3749/1558/2991 3750/1559/2991
f 3755/1564/2993 3756/1565/2993 3757/1566/2993 3758/1567/2993
f 3763/1572/2995 3764/1573/2995 3765/1574/2995 3766/1575/2995
f 3767/1576/2996 3768/1577/2996 3769/1578/2996 3770/1579/2996
f 3771/1580/2997 3772/1581/2997 3773/1582/2997 3774/1583/2997
f 3775/1584/2998 3776/1585/2998 3777/1586/2998 3778/1587/2998
f 3779/1588/2999 3780/1589/2999 3781/1590/2999 3782/1591/2999
f 3783/1592/3000 3784/1593/3000 3785/1594/3000 3786/1595/3000
f 3739/1596/3001 3742/1597/3001 3728/1598/3001 3730/1599/3001 3639/1516/3001 3683/1479/3001
f 3631/1536/3002 3639/1535/3002 3730/1539/3002 3729/1538/3002 3605/1600/3002
f 3605/1600/3003 3729/1538/3003 3728/1537/3003 3742/1551/3003 3741/1550/3003 3615/1601/3003
f 3731/1540/3004 3734/1543/3004 3610/1519/3004 3723/1433/3004 3718/1432/3004
f 3611/1431/3005 3618/1430/3005 3754/1563/3005 3753/1562/3005 3733/1602/3005 3732/1603/3005
f 3734/1604/3006 3733/1602/3006 3753/1562/3006 3752/1561/3006 3757/1566/3006 3756/1565/3006 3610/1605/3006
f 3611/1447/3007 3732/1541/3007 3731/1540/3007 3718/1432/3007 3713/1441/3007
f 3735/1544/3008 3738/1547/3008 3612/1446/3008 3708/1448/3008 3703/1453/3008
f 3613/1606/3009 3749/1558/3009 3748/1557/3009 3616/1607/3009 3737/1608/3009 3736/1609/3009
f 3738/1610/3010 3737/1608/3010 3616/1607/3010 3617/1429/3010 3612/1428/3010
f 3613/1462/3011 3736/1545/3011 3735/1544/3011 3703/1453/3011 3698/1457/3011
f 3615/1601/3012 3741/1550/3012 3740/1549/3012 3746/1555/3012 3745/1554/3012 3614/1611/3012
f 3743/1612/3013 3746/1613/3013 3740/1614/3013 3739/1596/3013 3683/1479/3013 3678/1478/3013
f 3614/1611/3014 3745/1554/3014 3744/1553/3014 3750/1559/3014 3749/1558/3014 3613/1606/3014
f 3747/1615/3015 3750/1616/3015 3744/1617/3015 3743/1612/3015 3678/1478/3015 3673/1487/3015
f 3616/1496/3016 3748/1618/3016 3747/1615/3016 3673/1487/3016 3668/1491/3016
f 3751/1619/3017 3754/1620/3017 3618/1501/3017 3658/1502/3017 3653/1506/3017
f 3758/1621/3018 3757/1622/3018 3752/1623/3018 3751/1619/3018 3653/1506/3018 3648/1510/3018
f 3609/1525/3019 3755/1624/3019 3758/1621/3019 3648/1510/3019 3645/1526/3019
f 3610/1605/3020 3756/1565/3020 3755/1564/3020 3609/1525/3020 3608/1520/3020
f 3759/1625/3021 3762/1626/3021 3630/1627/3021 3772/1581/3021 3771/1580/3021 3619/1628/3021
f 3692/1414/3022 3697/1467/3022 3760/1569/3022 3759/1568/3022 3619/1415/3022
f 3620/1427/3023 3629/1426/3023 3630/1627/3023 3762/1626/3023 3761/1629/3023
f 3697/1467/3024 3702/1417/3024 3620/1420/3024 3761/1570/3024 3760/1569/3024
f 3763/1630/3025 3766/1631/3025 3627/1632/3025 3628/1425/3025 3621/1424/3025
f 3707/1418/3026 3712/1452/3026 3764/1573/3026 3763/1572/3026 3621/1419/3026
f 3622/1633/3027 3626/1634/3027 3627/1632/3027 3766/1631/3027 3765/1635/3027
f 3712/1452/3028 3717/1445/3028 3622/1636/3028 3765/1574/3028 3764/1573/3028
f 3767/1637/3029 3770/1638/3029 3625/1639/3029 3626/1634/3029 3622/1633/3029
f 3717/1445/3030 3722/1440/3030 3768/1577/3030 3767/1576/3030 3622/1636/3030
f 3623/1423/3031 3624/1422/3031 3625/1639/3031 3770/1638/3031 3769/1640/3031
f 3722/1440/3032 3727/1395/3032 3623/1398/3032 3769/1578/3032 3768/1577/3032
f 3687/1486/3033 3636/1641/3033 3604/1642/3033 3774/1643/3033 3773/1644/3033
f 3619/1628/3034 3771/1580/3034 3774/1583/3034 3604/1645/3034 3603/1646/3034
f 3682/1411/3035 3687/1486/3035 3773/1644/3035 3772/1647/3035 3630/1412/3035
f 3635/1530/3036 3636/1529/3036 3775/1584/3036 3778/1587/3036 3634/1648/3036
f 3686/1484/3037 3776/1649/3037 3775/1650/3037 3636/1641/3037 3687/1486/3037
f 3634/1648/3038 3778/1587/3038 3777/1586/3038 3637/1532/3038 3633/1531/3038
f 3685/1482/3039 3637/1518/3039 3777/1651/3039 3776/1649/3039 3686/1484/3039
f 3644/1521/3040 3645/1526/3040 3779/1588/3040 3782/1591/3040 3643/1522/3040
f 3645/1526/3041 3648/1510/3041 3649/1511/3041 3780/1589/3041 3779/1588/3041
f 3643/1522/3042 3782/1591/3042 3781/1590/3042 3646/1514/3042 3642/1523/3042
f 3781/1590/3043 3780/1589/3043 3649/1511/3043 3650/1512/3043 3646/1514/3043
f 3786/1595/3044 3785/1594/3044 3652/1399/3044 3624/1402/3044 3607/1421/3044
f 3641/1524/3045 3647/1515/3045 3784/1593/3045 3783/1592/3045 3640/1396/3045
f 3640/1396/3046 3783/1592/3046 3786/1595/3046 3607/1421/3046 3606/1397/3046
f 3647/1515/3047 3651/1513/3047 3652/1399/3047 3785/1594/3047 3784/1593/3047
f 3911/1395/3048 3824/1396/3048 3790/1397/3048 3807/1398/3048
f 3836/1399/3049 3841/1400/3049 3809/1401/3049 3808/1402/3049
f 3841/1400/3050 3846/1403/3050 3810/1404/3050 3809/1401/3050
f 3846/1403/3051 3851/1405/3051 3811/1406/3051 3810/1404/3051
f 3851/1405/3052 3856/1407/3052 3812/1408/3052 3811/1406/3052
f 3856/1407/3053 3861/1409/3053 3813/1410/3053 3812/1408/3053
f 3861/1409/3054 3866/1411/3054 3814/1412/3054 3813/1410/3054
f 3819/1413/3055 3876/1414/3055 3803/1415/3055 3787/1416/3055
f 3886/1417/3056 3891/1418/3056 3805/1419/3056 3804/1420/3056
f 3790/1397/3057 3791/1421/3057 3808/1422/3057 3807/1423/3057
f 3805/1424/3058 3812/1425/3058 3813/1426/3058 3804/1427/3058
f 3796/1428/3059 3801/1429/3059 3802/1430/3059 3795/1431/3059
f 3902/1432/3060 3907/1433/3060 3908/1434/3060 3903/1435/3060
f 3903/1435/3061 3908/1434/3061 3909/1436/3061 3904/1437/3061
f 3904/1437/3062 3909/1436/3062 3910/1438/3062 3905/1439/3062
f 3905/1439/3063 3910/1438/3063 3911/1395/3063 3906/1440/3063
f 3897/1441/3064 3902/1432/3064 3903/1435/3064 3898/1442/3064
f 3898/1442/3065 3903/1435/3065 3904/1437/3065 3899/1443/3065
f 3899/1443/3066 3904/1437/3066 3905/1439/3066 3900/1444/3066
f 3900/1444/3067 3905/1439/3067 3906/1440/3067 3901/1445/3067
f 3796/1446/3068 3795/1447/3068 3897/1441/3068 3892/1448/3068
f 3892/1448/3069 3897/1441/3069 3898/1442/3069 3893/1449/3069
f 3893/1449/3070 3898/1442/3070 3899/1443/3070 3894/1450/3070
f 3894/1450/3071 3899/1443/3071 3900/1444/3071 3895/1451/3071
f 3895/1451/3072 3900/1444/3072 3901/1445/3072 3896/1452/3072
f 3887/1453/3073 3892/1448/3073 3893/1449/3073 3888/1454/3073
f 3888/1454/3074 3893/1449/3074 3894/1450/3074 3889/1455/3074
f 3889/1455/3075 3894/1450/3075 3895/1451/3075 3890/1456/3075
f 3890/1456/3076 3895/1451/3076 3896/1452/3076 3891/1418/3076
f 3882/1457/3077 3887/1453/3077 3888/1454/3077 3883/1458/3077
f 3883/1458/3074 3888/1454/3074 3889/1455/3074 3884/1459/3074
f 3884/1459/3075 3889/1455/3075 3890/1456/3075 3885/1460/3075
f 3885/1460/3078 3890/1456/3078 3891/1418/3078 3886/1417/3078
f 3798/1461/3079 3797/1462/3079 3882/1457/3079 3877/1463/3079
f 3877/1463/3080 3882/1457/3080 3883/1458/3080 3878/1464/3080
f 3878/1464/3081 3883/1458/3081 3884/1459/3081 3879/1465/3081
f 3879/1465/3082 3884/1459/3082 3885/1460/3082 3880/1466/3082
f 3880/1466/3083 3885/1460/3083 3886/1417/3083 3881/1467/3083
f 3799/1468/3084 3798/1461/3084 3877/1463/3084 3872/1469/3084
f 3872/1469/3085 3877/1463/3085 3878/1464/3085 3873/1470/3085
f 3873/1470/3086 3878/1464/3086 3879/1465/3086 3874/1471/3086
f 3874/1471/3087 3879/1465/3087 3880/1466/3087 3875/1472/3087
f 3875/1472/3088 3880/1466/3088 3881/1467/3088 3876/1414/3088
f 3789/1473/3089 3799/1468/3089 3872/1469/3089 3815/1474/3089
f 3815/1474/3090 3872/1469/3090 3873/1470/3090 3816/1475/3090
f 3816/1475/3091 3873/1470/3091 3874/1471/3091 3817/1476/3091
f 3817/1476/3092 3874/1471/3092 3875/1472/3092 3818/1477/3092
f 3818/1477/3093 3875/1472/3093 3876/1414/3093 3819/1413/3093
f 3862/1478/3094 3867/1479/3094 3868/1480/3094 3863/1481/3094
f 3863/1481/3095 3868/1480/3095 3869/1482/3095 3864/1483/3095
f 3864/1483/3096 3869/1482/3096 3870/1484/3096 3865/1485/3096
f 3865/1485/3097 3870/1484/3097 3871/1486/3097 3866/1411/3097
f 3857/1487/3098 3862/1478/3098 3863/1481/3098 3858/1488/3098
f 3858/1488/3099 3863/1481/3099 3864/1483/3099 3859/1489/3099
f 3859/1489/3100 3864/1483/3100 3865/1485/3100 3860/1490/3100
f 3860/1490/3101 3865/1485/3101 3866/1411/3101 3861/1409/3101
f 3852/1491/3102 3857/1487/3102 3858/1488/3102 3853/1492/3102
f 3853/1492/3103 3858/1488/3103 3859/1489/3103 3854/1493/3103
f 3854/1493/3104 3859/1489/3104 3860/1490/3104 3855/1494/3104
f 3855/1494/3105 3860/1490/3105 3861/1409/3105 3856/1407/3105
f 3801/1495/3106 3800/1496/3106 3852/1491/3106 3847/1497/3106
f 3847/1497/3107 3852/1491/3107 3853/1492/3107 3848/1498/3107
f 3848/1498/3108 3853/1492/3108 3854/1493/3108 3849/1499/3108
f 3849/1499/3109 3854/1493/3109 3855/1494/3109 3850/1500/3109
f 3850/1500/3105 3855/1494/3105 3856/1407/3105 3851/1405/3105
f 3802/1501/3110 3801/1495/3110 3847/1497/3110 3842/1502/3110
f 3842/1502/3111 3847/1497/3111 3848/1498/3111 3843/1503/3111
f 3843/1503/3112 3848/1498/3112 3849/1499/3112 3844/1504/3112
f 3844/1504/3113 3849/1499/3113 3850/1500/3113 3845/1505/3113
f 3845/1505/3114 3850/1500/3114 3851/1405/3114 3846/1403/3114
f 3837/1506/3115 3842/1502/3115 3843/1503/3115 3838/1507/3115
f 3838/1507/3116 3843/1503/3116 3844/1504/3116 3839/1508/3116
f 3839/1508/3117 3844/1504/3117 3845/1505/3117 3840/1509/3117
f 3840/1509/3118 3845/1505/3118 3846/1403/3118 3841/1400/3118
f 3832/1510/3119 3837/1506/3119 3838/1507/3119 3833/1511/3119
f 3833/1511/3120 3838/1507/3120 3839/1508/3120 3834/1512/3120
f 3834/1512/3121 3839/1508/3121 3840/1509/3121 3835/1513/3121
f 3835/1513/3122 3840/1509/3122 3841/1400/3122 3836/1399/3122
f 3830/1514/3123 3834/1512/3123 3835/1513/3123 3831/1515/3123
f 3867/1479/3124 3823/1516/3124 3822/1517/3124 3868/1480/3124
f 3868/1480/3125 3822/1517/3125 3821/1518/3125 3869/1482/3125
f 3794/1519/3126 3792/1520/3126 3828/1521/3126 3907/1433/3126
f 3907/1433/3127 3828/1521/3127 3827/1522/3127 3908/1434/3127
f 3908/1434/3128 3827/1522/3128 3826/1523/3128 3909/1436/3128
f 3909/1436/3129 3826/1523/3129 3825/1524/3129 3910/1438/3129
f 3910/1438/3130 3825/1524/3130 3824/1396/3130 3911/1395/3130
f 3792/1520/3131 3793/1525/3131 3829/1526/3131 3828/1521/3131
f 3826/1523/3132 3830/1514/3132 3831/1515/3132 3825/1524/3132
f 3787/1527/3133 3788/1528/3133 3820/1529/3133 3819/1530/3133
f 3817/1531/3134 3821/1532/3134 3822/1533/3134 3816/1534/3134
f 3816/1534/3135 3822/1533/3135 3823/1535/3135 3815/1536/3135
f 3912/1537/3136 3913/1538/3136 3914/1539/3136
f 3915/1540/3137 3916/1541/3137 3917/1542/3137 3918/1543/3137
f 3919/1544/3138 3920/1545/3138 3921/1546/3138 3922/1547/3138
f 3923/1548/3139 3924/1549/3139 3925/1550/3139 3926/1551/3139
f 3927/1552/3140 3928/1553/3140 3929/1554/3140 3930/1555/3140
f 3931/1556/3141 3932/1557/3141 3933/1558/3141 3934/1559/3141
f 3939/1564/3143 3940/1565/3143 3941/1566/3143 3942/1567/3143
f 3947/1572/3145 3948/1573/3145 3949/1574/3145 3950/1575/3145
f 3951/1576/3146 3952/1577/3146 3953/1578/3146 3954/1579/3146
f 3955/1580/3147 3956/1581/3147 3957/1582/3147 3958/1583/3147
f 3959/1584/3148 3960/1585/3148 3961/1586/3148 3962/1587/3148
f 3963/1588/3149 3964/1589/3149 3965/1590/3149 3966/1591/3149
f 3967/1592/3150 3968/1593/3150 3969/1594/3150 3970/1595/3150
f 3923/1596/3151 3926/1597/3151 3912/1598/3151 3914/1599/3151 3823/1516/3151 3867/1479/3151
f 3815/1536/3152 3823/1535/3152 3914/1539/3152 3913/1538/3152 3789/1600/3152
f 3789/1600/3153 3913/1538/3153 3912/1537/3153 3926/1551/3153 3925/1550/3153 3799/1601/3153
f 3915/1540/3154 3918/1543/3154 3794/1519/3154 3907/1433/3154 3902/1432/3154
f 3795/1431/3155 3802/1430/3155 3938/1563/3155 3937/1562/3155 3917/1602/3155 3916/1603/3155
f 3918/1604/3156 3917/1602/3156 3937/1562/3156 3936/1561/3156 3941/1566/3156 3940/1565/3156 3794/1605/3156
f 3795/1447/3157 3916/1541/3157 3915/1540/3157 3902/1432/3157 3897/1441/3157
f 3919/1544/3158 3922/1547/3158 3796/1446/3158 3892/1448/3158 3887/1453/3158
f 3797/1606/3159 3933/1558/3159 3932/1557/3159 3800/1607/3159 3921/1608/3159 3920/1609/3159
f 3922/1610/3160 3921/1608/3160 3800/1607/3160 3801/1429/3160 3796/1428/3160
f 3797/1462/3161 3920/1545/3161 3919/1544/3161 3887/1453/3161 3882/1457/3161
f 3799/1601/3162 3925/1550/3162 3924/1549/3162 3930/1555/3162 3929/1554/3162 3798/1611/3162
f 3927/1612/3163 3930/1613/3163 3924/1614/3163 3923/1596/3163 3867/1479/3163 3862/1478/3163
f 3798/1611/3164 3929/1554/3164 3928/1553/3164 3934/1559/3164 3933/1558/3164 3797/1606/3164
f 3931/1615/3165 3934/1616/3165 3928/1617/3165 3927/1612/3165 3862/1478/3165 3857/1487/3165
f 3800/1496/3166 3932/1618/3166 3931/1615/3166 3857/1487/3166 3852/1491/3166
f 3935/1619/3167 3938/1620/3167 3802/1501/3167 3842/1502/3167 3837/1506/3167
f 3942/1621/3168 3941/1622/3168 3936/1623/3168 3935/1619/3168 3837/1506/3168 3832/1510/3168
f 3793/1525/3169 3939/1624/3169 3942/1621/3169 3832/1510/3169 3829/1526/3169
f 3794/1605/3170 3940/1565/3170 3939/1564/3170 3793/1525/3170 3792/1520/3170
f 3943/1625/3171 3946/1626/3171 3814/1627/3171 3956/1581/3171 3955/1580/3171 3803/1628/3171
f 3876/1414/3172 3881/1467/3172 3944/1569/3172 3943/1568/3172 3803/1415/3172
f 3804/1427/3173 3813/1426/3173 3814/1627/3173 3946/1626/3173 3945/1629/3173
f 3881/1467/3174 3886/1417/3174 3804/1420/3174 3945/1570/3174 3944/1569/3174
f 3947/1630/3175 3950/1631/3175 3811/1632/3175 3812/1425/3175 3805/1424/3175
f 3891/1418/3176 3896/1452/3176 3948/1573/3176 3947/1572/3176 3805/1419/3176
f 3806/1633/3177 3810/1634/3177 3811/1632/3177 3950/1631/3177 3949/1635/3177
f 3896/1452/3178 3901/1445/3178 3806/1636/3178 3949/1574/3178 3948/1573/3178
f 3951/1637/3179 3954/1638/3179 3809/1639/3179 3810/1634/3179 3806/1633/3179
f 3901/1445/3180 3906/1440/3180 3952/1577/3180 3951/1576/3180 3806/1636/3180
f 3807/1423/3181 3808/1422/3181 3809/1639/3181 3954/1638/3181 3953/1640/3181
f 3906/1440/3182 3911/1395/3182 3807/1398/3182 3953/1578/3182 3952/1577/3182
f 3871/1486/3183 3820/1641/3183 3788/1642/3183 3958/1643/3183 3957/1644/3183
f 3803/1628/3184 3955/1580/3184 3958/1583/3184 3788/1645/3184 3787/1646/3184
f 3866/1411/3185 3871/1486/3185 3957/1644/3185 3956/1647/3185 3814/1412/3185
f 3819/1530/3186 3820/1529/3186 3959/1584/3186 3962/1587/3186 3818/1648/3186
f 3870/1484/3187 3960/1649/3187 3959/1650/3187 3820/1641/3187 3871/1486/3187
f 3818/1648/3188 3962/1587/3188 3961/1586/3188 3821/1532/3188 3817/1531/3188
f 3869/1482/3189 3821/1518/3189 3961/1651/3189 3960/1649/3189 3870/1484/3189
f 3828/1521/3190 3829/1526/3190 3963/1588/3190 3966/1591/3190 3827/1522/3190
f 3829/1526/3191 3832/1510/3191 3833/1511/3191 3964/1589/3191 3963/1588/3191
f 3827/1522/3192 3966/1591/3192 3965/1590/3192 3830/1514/3192 3826/1523/3192
f 3965/1590/3193 3964/1589/3193 3833/1511/3193 3834/1512/3193 3830/1514/3193
f 3970/1595/3194 3969/1594/3194 3836/1399/3194 3808/1402/3194 3791/1421/3194
f 3825/1524/3195 3831/1515/3195 3968/1593/3195 3967/1592/3195 3824/1396/3195
f 3824/1396/3196 3967/1592/3196 3970/1595/3196 3791/1421/3196 3790/1397/3196
f 3831/1515/3197 3835/1513/3197 3836/1399/3197 3969/1594/3197 3968/1593/3197
f 4095/1395/3198 4008/1396/3198 3974/1397/3198 3991/1398/3198
f 4020/1399/3199 4025/1400/3199 3993/1401/3199 3992/1402/3199
f 4025/1400/3200 4030/1403/3200 3994/1404/3200 3993/1401/3200
f 4030/1403/3201 4035/1405/3201 3995/1406/3201 3994/1404/3201
f 4035/1405/3202 4040/1407/3202 3996/1408/3202 3995/1406/3202
f 4040/1407/3203 4045/1409/3203 3997/1410/3203 3996/1408/3203
f 4045/1409/3204 4050/1411/3204 3998/1412/3204 3997/1410/3204
f 4003/1413/3205 4060/1414/3205 3987/1415/3205 3971/1416/3205
f 4070/1417/3206 4075/1418/3206 3989/1419/3206 3988/1420/3206
f 3974/1397/3207 3975/1421/3207 3992/1422/3207 3991/1423/3207
f 3989/1424/3208 3996/1425/3208 3997/1426/3208 3988/1427/3208
f 3980/1428/3209 3985/1429/3209 3986/1430/3209 3979/1431/3209
f 4086/1432/3210 4091/1433/3210 4092/1434/3210 4087/1435/3210
f 4087/1435/3211 4092/1434/3211 4093/1436/3211 4088/1437/3211
f 4088/1437/3212 4093/1436/3212 4094/1438/3212 4089/1439/3212
f 4089/1439/3213 4094/1438/3213 4095/1395/3213 4090/1440/3213
f 4081/1441/3214 4086/1432/3214 4087/1435/3214 4082/1442/3214
f 4082/1442/3215 4087/1435/3215 4088/1437/3215 4083/1443/3215
f 4083/1443/3216 4088/1437/3216 4089/1439/3216 4084/1444/3216
f 4084/1444/3217 4089/1439/3217 4090/1440/3217 4085/1445/3217
f 3980/1446/3218 3979/1447/3218 4081/1441/3218 4076/1448/3218
f 4076/1448/3219 4081/1441/3219 4082/1442/3219 4077/1449/3219
f 4077/1449/3220 4082/1442/3220 4083/1443/3220 4078/1450/3220
f 4078/1450/3221 4083/1443/3221 4084/1444/3221 4079/1451/3221
f 4079/1451/3072 4084/1444/3072 4085/1445/3072 4080/1452/3072
f 4071/1453/3222 4076/1448/3222 4077/1449/3222 4072/1454/3222
f 4072/1454/3075 4077/1449/3075 4078/1450/3075 4073/1455/3075
f 4073/1455/3074 4078/1450/3074 4079/1451/3074 4074/1456/3074
f 4074/1456/3223 4079/1451/3223 4080/1452/3223 4075/1418/3223
f 4066/1457/3224 4071/1453/3224 4072/1454/3224 4067/1458/3224
f 4067/1458/3075 4072/1454/3075 4073/1455/3075 4068/1459/3075
f 4068/1459/3074 4073/1455/3074 4074/1456/3074 4069/1460/3074
f 4069/1460/3225 4074/1456/3225 4075/1418/3225 4070/1417/3225
f 3982/1461/3226 3981/1462/3226 4066/1457/3226 4061/1463/3226
f 4061/1463/3227 4066/1457/3227 4067/1458/3227 4062/1464/3227
f 4062/1464/3228 4067/1458/3228 4068/1459/3228 4063/1465/3228
f 4063/1465/3229 4068/1459/3229 4069/1460/3229 4064/1466/3229
f 4064/1466/3230 4069/1460/3230 4070/1417/3230 4065/1467/3230
f 3983/1468/3231 3982/1461/3231 4061/1463/3231 4056/1469/3231
f 4056/1469/3232 4061/1463/3232 4062/1464/3232 4057/1470/3232
f 4057/1470/3233 4062/1464/3233 4063/1465/3233 4058/1471/3233
f 4058/1471/3234 4063/1465/3234 4064/1466/3234 4059/1472/3234
f 4059/1472/3235 4064/1466/3235 4065/1467/3235 4060/1414/3235
f 3973/1473/3236 3983/1468/3236 4056/1469/3236 3999/1474/3236
f 3999/1474/3237 4056/1469/3237 4057/1470/3237 4000/1475/3237
f 4000/1475/3238 4057/1470/3238 4058/1471/3238 4001/1476/3238
f 4001/1476/3239 4058/1471/3239 4059/1472/3239 4002/1477/3239
f 4002/1477/3240 4059/1472/3240 4060/1414/3240 4003/1413/3240
f 4046/1478/3241 4051/1479/3241 4052/1480/3241 4047/1481/3241
f 4047/1481/3242 4052/1480/3242 4053/1482/3242 4048/1483/3242
f 4048/1483/3243 4053/1482/3243 4054/1484/3243 4049/1485/3243
f 4049/1485/3244 4054/1484/3244 4055/1486/3244 4050/1411/3244
f 4041/1487/3245 4046/1478/3245 4047/1481/3245 4042/1488/3245
f 4042/1488/3246 4047/1481/3246 4048/1483/3246 4043/1489/3246
f 4043/1489/3247 4048/1483/3247 4049/1485/3247 4044/1490/3247
f 4044/1490/3248 4049/1485/3248 4050/1411/3248 4045/1409/3248
f 4036/1491/3249 4041/1487/3249 4042/1488/3249 4037/1492/3249
f 4037/1492/3250 4042/1488/3250 4043/1489/3250 4038/1493/3250
f 4038/1493/3251 4043/1489/3251 4044/1490/3251 4039/1494/3251
f 4039/1494/3105 4044/1490/3105 4045/1409/3105 4040/1407/3105
f 3985/1495/3252 3984/1496/3252 4036/1491/3252 4031/1497/3252
f 4031/1497/3253 4036/1491/3253 4037/1492/3253 4032/1498/3253
f 4032/1498/3254 4037/1492/3254 4038/1493/3254 4033/1499/3254
f 4033/1499/3255 4038/1493/3255 4039/1494/3255 4034/1500/3255
f 4034/1500/3105 4039/1494/3105 4040/1407/3105 4035/1405/3105
f 3986/1501/3256 3985/1495/3256 4031/1497/3256 4026/1502/3256
f 4026/1502/3257 4031/1497/3257 4032/1498/3257 4027/1503/3257
f 4027/1503/3258 4032/1498/3258 4033/1499/3258 4028/1504/3258
f 4028/1504/3259 4033/1499/3259 4034/1500/3259 4029/1505/3259
f 4029/1505/3260 4034/1500/3260 4035/1405/3260 4030/1403/3260
f 4021/1506/3261 4026/1502/3261 4027/1503/3261 4022/1507/3261
f 4022/1507/3262 4027/1503/3262 4028/1504/3262 4023/1508/3262
f 4023/1508/3263 4028/1504/3263 4029/1505/3263 4024/1509/3263
f 4024/1509/3264 4029/1505/3264 4030/1403/3264 4025/1400/3264
f 4016/1510/3265 4021/1506/3265 4022/1507/3265 4017/1511/3265
f 4017/1511/3266 4022/1507/3266 4023/1508/3266 4018/1512/3266
f 4018/1512/3267 4023/1508/3267 4024/1509/3267 4019/1513/3267
f 4019/1513/3268 4024/1509/3268 4025/1400/3268 4020/1399/3268
f 4014/1514/3269 4018/1512/3269 4019/1513/3269 4015/1515/3269
f 4051/1479/3270 4007/1516/3270 4006/1517/3270 4052/1480/3270
f 4052/1480/3271 4006/1517/3271 4005/1518/3271 4053/1482/3271
f 3978/1519/3272 3976/1520/3272 4012/1521/3272 4091/1433/3272
f 4091/1433/3273 4012/1521/3273 4011/1522/3273 4092/1434/3273
f 4092/1434/3274 4011/1522/3274 4010/1523/3274 4093/1436/3274
f 4093/1436/3275 4010/1523/3275 4009/1524/3275 4094/1438/3275
f 4094/1438/3276 4009/1524/3276 4008/1396/3276 4095/1395/3276
f 3976/1520/3277 3977/1525/3277 4013/1526/3277 4012/1521/3277
f 4010/1523/3278 4014/1514/3278 4015/1515/3278 4009/1524/3278
f 3971/1527/3279 3972/1528/3279 4004/1529/3279 4003/1530/3279
f 4001/1531/3280 4005/1532/3280 4006/1533/3280 4000/1534/3280
f 4000/1534/3281 4006/1533/3281 4007/1535/3281 3999/1536/3281
f 4096/1537/3282 4097/1538/3282 4098/1539/3282
f 4099/1540/3283 4100/1541/3283 4101/1542/3283 4102/1543/3283
f 4103/1544/3284 4104/1545/3284 4105/1546/3284 4106/1547/3284
f 4107/1548/3285 4108/1549/3285 4109/1550/3285 4110/1551/3285
f 4111/1552/3286 4112/1553/3286 4113/1554/3286 4114/1555/3286
f 4115/1556/3287 4116/1557/3287 4117/1558/3287 4118/1559/3287
f 4123/1564/3289 4124/1565/3289 4125/1566/3289 4126/1567/3289
f 4131/1572/3291 4132/1573/3291 4133/1574/3291 4134/1575/3291
f 4135/1576/3292 4136/1577/3292 4137/1578/3292 4138/1579/3292
f 4139/1580/3293 4140/1581/3293 4141/1582/3293 4142/1583/3293
f 4143/1584/3294 4144/1585/3294 4145/1586/3294 4146/1587/3294
f 4147/1588/3295 4148/1589/3295 4149/1590/3295 4150/1591/3295
f 4151/1592/3296 4152/1593/3296 4153/1594/3296 4154/1595/3296
f 4107/1596/3297 4110/1597/3297 4096/1598/3297 4098/1599/3297 4007/1516/3297 4051/1479/3297
f 3999/1536/3298 4007/1535/3298 4098/1539/3298 4097/1538/3298 3973/1600/3298
f 3973/1600/3299 4097/1538/3299 4096/1537/3299 4110/1551/3299 4109/1550/3299 3983/1601/3299
f 4099/1540/3300 4102/1543/3300 3978/1519/3300 4091/1433/3300 4086/1432/3300
f 3979/1431/3301 3986/1430/3301 4122/1563/3301 4121/1562/3301 4101/1602/3301 4100/1603/3301
f 4102/1604/3302 4101/1602/3302 4121/1562/3302 4120/1561/3302 4125/1566/3302 4124/1565/3302 3978/1605/3302
f 3979/1447/3303 4100/1541/3303 4099/1540/3303 4086/1432/3303 4081/1441/3303
f 4103/1544/3304 4106/1547/3304 3980/1446/3304 4076/1448/3304 4071/1453/3304
f 3981/1606/3305 4117/1558/3305 4116/1557/3305 3984/1607/3305 4105/1608/3305 4104/1609/3305
f 4106/1610/3306 4105/1608/3306 3984/1607/3306 3985/1429/3306 3980/1428/3306
f 3981/1462/3307 4104/1545/3307 4103/1544/3307 4071/1453/3307 4066/1457/3307
f 3983/1601/3308 4109/1550/3308 4108/1549/3308 4114/1555/3308 4113/1554/3308 3982/1611/3308
f 4111/1612/3309 4114/1613/3309 4108/1614/3309 4107/1596/3309 4051/1479/3309 4046/1478/3309
f 3982/1611/3310 4113/1554/3310 4112/1553/3310 4118/1559/3310 4117/1558/3310 3981/1606/3310
f 4115/1615/3311 4118/1616/3311 4112/1617/3311 4111/1612/3311 4046/1478/3311 4041/1487/3311
f 3984/1496/3312 4116/1618/3312 4115/1615/3312 4041/1487/3312 4036/1491/3312
f 4119/1619/3313 4122/1620/3313 3986/1501/3313 4026/1502/3313 4021/1506/3313
f 4126/1621/3314 4125/1622/3314 4120/1623/3314 4119/1619/3314 4021/1506/3314 4016/1510/3314
f 3977/1525/3315 4123/1624/3315 4126/1621/3315 4016/1510/3315 4013/1526/3315
f 3978/1605/3316 4124/1565/3316 4123/1564/3316 3977/1525/3316 3976/1520/3316
f 4127/1625/3317 4130/1626/3317 3998/1627/3317 4140/1581/3317 4139/1580/3317 3987/1628/3317
f 4060/1414/3318 4065/1467/3318 4128/1569/3318 4127/1568/3318 3987/1415/3318
f 3988/1427/3319 3997/1426/3319 3998/1627/3319 4130/1626/3319 4129/1629/3319
f 4065/1467/3320 4070/1417/3320 3988/1420/3320 4129/1570/3320 4128/1569/3320
f 4131/1630/3321 4134/1631/3321 3995/1632/3321 3996/1425/3321 3989/1424/3321
f 4075/1418/3322 4080/1452/3322 4132/1573/3322 4131/1572/3322 3989/1419/3322
f 3990/1633/3323 3994/1634/3323 3995/1632/3323 4134/1631/3323 4133/1635/3323
f 4080/1452/3324 4085/1445/3324 3990/1636/3324 4133/1574/3324 4132/1573/3324
f 4135/1637/3325 4138/1638/3325 3993/1639/3325 3994/1634/3325 3990/1633/3325
f 4085/1445/3326 4090/1440/3326 4136/1577/3326 4135/1576/3326 3990/1636/3326
f 3991/1423/3327 3992/1422/3327 3993/1639/3327 4138/1638/3327 4137/1640/3327
f 4090/1440/3328 4095/1395/3328 3991/1398/3328 4137/1578/3328 4136/1577/3328
f 4055/1486/3329 4004/1641/3329 3972/1642/3329 4142/1643/3329 4141/1644/3329
f 3987/1628/3330 4139/1580/3330 4142/1583/3330 3972/1645/3330 3971/1646/3330
f 4050/1411/3331 4055/1486/3331 4141/1644/3331 4140/1647/3331 3998/1412/3331
f 4003/1530/3332 4004/1529/3332 4143/1584/3332 4146/1587/3332 4002/1648/3332
f 4054/1484/3333 4144/1649/3333 4143/1650/3333 4004/1641/3333 4055/1486/3333
f 4002/1648/3334 4146/1587/3334 4145/1586/3334 4005/1532/3334 4001/1531/3334
f 4053/1482/3335 4005/1518/3335 4145/1651/3335 4144/1649/3335 4054/1484/3335
f 4012/1521/3336 4013/1526/3336 4147/1588/3336 4150/1591/3336 4011/1522/3336
f 4013/1526/3337 4016/1510/3337 4017/1511/3337 4148/1589/3337 4147/1588/3337
f 4011/1522/3338 4150/1591/3338 4149/1590/3338 4014/1514/3338 4010/1523/3338
f 4149/1590/3339 4148/1589/3339 4017/1511/3339 4018/1512/3339 4014/1514/3339
f 4154/1595/3340 4153/1594/3340 4020/1399/3340 3992/1402/3340 3975/1421/3340
f 4009/1524/3341 4015/1515/3341 4152/1593/3341 4151/1592/3341 4008/1396/3341
f 4008/1396/3342 4151/1592/3342 4154/1595/3342 3975/1421/3342 3974/1397/3342
f 4015/1515/3343 4019/1513/3343 4020/1399/3343 4153/1594/3343 4152/1593/3343
f 4279/1395/3344 4192/1396/3344 4158/1397/3344 4175/1398/3344
f 4204/1399/3345 4209/1400/3345 4177/1401/3345 4176/1402/3345
f 4209/1400/3346 4214/1403/3346 4178/1404/3346 4177/1401/3346
f 4214/1403/3347 4219/1405/3347 4179/1406/3347 4178/1404/3347
f 4219/1405/3348 4224/1407/3348 4180/1408/3348 4179/1406/3348
f 4224/1407/3349 4229/1409/3349 4181/1410/3349 4180/1408/3349
f 4229/1409/3350 4234/1411/3350 4182/1412/3350 4181/1410/3350
f 4187/1413/3351 4244/1414/3351 4171/1415/3351 4155/1416/3351
f 4254/1417/3352 4259/1418/3352 4173/1419/3352 4172/1420/3352
f 4158/1397/3353 4159/1421/3353 4176/1422/3353 4175/1423/3353
f 4173/1424/3354 4180/1425/3354 4181/1426/3354 4172/1427/3354
f 4164/1428/3355 4169/1429/3355 4170/1430/3355 4163/1431/3355
f 4270/1432/3356 4275/1433/3356 4276/1434/3356 4271/1435/3356
f 4271/1435/3357 4276/1434/3357 4277/1436/3357 4272/1437/3357
f 4272/1437/3358 4277/1436/3358 4278/1438/3358 4273/1439/3358
f 4273/1439/3359 4278/1438/3359 4279/1395/3359 4274/1440/3359
f 4265/1441/3360 4270/1432/3360 4271/1435/3360 4266/1442/3360
f 4266/1442/3361 4271/1435/3361 4272/1437/3361 4267/1443/3361
f 4267/1443/3362 4272/1437/3362 4273/1439/3362 4268/1444/3362
f 4268/1444/3363 4273/1439/3363 4274/1440/3363 4269/1445/3363
f 4164/1446/3364 4163/1447/3364 4265/1441/3364 4260/1448/3364
f 4260/1448/3365 4265/1441/3365 4266/1442/3365 4261/1449/3365
f 4261/1449/3366 4266/1442/3366 4267/1443/3366 4262/1450/3366
f 4262/1450/3367 4267/1443/3367 4268/1444/3367 4263/1451/3367
f 4263/1451/3368 4268/1444/3368 4269/1445/3368 4264/1452/3368
f 4255/1453/3369 4260/1448/3369 4261/1449/3369 4256/1454/3369
f 4256/1454/3370 4261/1449/3370 4262/1450/3370 4257/1455/3370
f 4257/1455/3368 4262/1450/3368 4263/1451/3368 4258/1456/3368
f 4258/1456/3371 4263/1451/3371 4264/1452/3371 4259/1418/3371
f 4250/1457/3372 4255/1453/3372 4256/1454/3372 4251/1458/3372
f 4251/1458/3373 4256/1454/3373 4257/1455/3373 4252/1459/3373
f 4252/1459/3374 4257/1455/3374 4258/1456/3374 4253/1460/3374
f 4253/1460/3375 4258/1456/3375 4259/1418/3375 4254/1417/3375
f 4166/1461/3376 4165/1462/3376 4250/1457/3376 4245/1463/3376
f 4245/1463/3377 4250/1457/3377 4251/1458/3377 4246/1464/3377
f 4246/1464/3378 4251/1458/3378 4252/1459/3378 4247/1465/3378
f 4247/1465/3379 4252/1459/3379 4253/1460/3379 4248/1466/3379
f 4248/1466/3380 4253/1460/3380 4254/1417/3380 4249/1467/3380
f 4167/1468/3381 4166/1461/3381 4245/1463/3381 4240/1469/3381
f 4240/1469/3382 4245/1463/3382 4246/1464/3382 4241/1470/3382
f 4241/1470/3383 4246/1464/3383 4247/1465/3383 4242/1471/3383
f 4242/1471/3384 4247/1465/3384 4248/1466/3384 4243/1472/3384
f 4243/1472/3385 4248/1466/3385 4249/1467/3385 4244/1414/3385
f 4157/1473/3386 4167/1468/3386 4240/1469/3386 4183/1474/3386
f 4183/1474/3387 4240/1469/3387 4241/1470/3387 4184/1475/3387
f 4184/1475/3388 4241/1470/3388 4242/1471/3388 4185/1476/3388
f 4185/1476/3389 4242/1471/3389 4243/1472/3389 4186/1477/3389
f 4186/1477/3390 4243/1472/3390 4244/1414/3390 4187/1413/3390
f 4230/1478/3391 4235/1479/3391 4236/1480/3391 4231/1481/3391
f 4231/1481/3392 4236/1480/3392 4237/1482/3392 4232/1483/3392
f 4232/1483/3393 4237/1482/3393 4238/1484/3393 4233/1485/3393
f 4233/1485/3394 4238/1484/3394 4239/1486/3394 4234/1411/3394
f 4225/1487/3395 4230/1478/3395 4231/1481/3395 4226/1488/3395
f 4226/1488/3396 4231/1481/3396 4232/1483/3396 4227/1489/3396
f 4227/1489/3397 4232/1483/3397 4233/1485/3397 4228/1490/3397
f 4228/1490/3398 4233/1485/3398 4234/1411/3398 4229/1409/3398
f 4220/1491/3399 4225/1487/3399 4226/1488/3399 4221/1492/3399
f 4221/1492/3400 4226/1488/3400 4227/1489/3400 4222/1493/3400
f 4222/1493/3401 4227/1489/3401 4228/1490/3401 4223/1494/3401
f 4223/1494/3402 4228/1490/3402 4229/1409/3402 4224/1407/3402
f 4169/1495/3403 4168/1496/3403 4220/1491/3403 4215/1497/3403
f 4215/1497/3404 4220/1491/3404 4221/1492/3404 4216/1498/3404
f 4216/1498/3405 4221/1492/3405 4222/1493/3405 4217/1499/3405
f 4217/1499/3406 4222/1493/3406 4223/1494/3406 4218/1500/3406
f 4218/1500/3402 4223/1494/3402 4224/1407/3402 4219/1405/3402
f 4170/1501/3407 4169/1495/3407 4215/1497/3407 4210/1502/3407
f 4210/1502/3408 4215/1497/3408 4216/1498/3408 4211/1503/3408
f 4211/1503/3409 4216/1498/3409 4217/1499/3409 4212/1504/3409
f 4212/1504/3410 4217/1499/3410 4218/1500/3410 4213/1505/3410
f 4213/1505/3411 4218/1500/3411 4219/1405/3411 4214/1403/3411
f 4205/1506/3412 4210/1502/3412 4211/1503/3412 4206/1507/3412
f 4206/1507/3413 4211/1503/3413 4212/1504/3413 4207/1508/3413
f 4207/1508/3414 4212/1504/3414 4213/1505/3414 4208/1509/3414
f 4208/1509/3415 4213/1505/3415 4214/1403/3415 4209/1400/3415
f 4200/1510/3416 4205/1506/3416 4206/1507/3416 4201/1511/3416
f 4201/1511/3417 4206/1507/3417 4207/1508/3417 4202/1512/3417
f 4202/1512/3418 4207/1508/3418 4208/1509/3418 4203/1513/3418
f 4203/1513/3419 4208/1509/3419 4209/1400/3419 4204/1399/3419
f 4198/1514/3420 4202/1512/3420 4203/1513/3420 4199/1515/3420
f 4235/1479/3421 4191/1516/3421 4190/1517/3421 4236/1480/3421
f 4236/1480/3422 4190/1517/3422 4189/1518/3422 4237/1482/3422
f 4162/1519/3423 4160/1520/3423 4196/1521/3423 4275/1433/3423
f 4275/1433/3424 4196/1521/3424 4195/1522/3424 4276/1434/3424
f 4276/1434/3425 4195/1522/3425 4194/1523/3425 4277/1436/3425
f 4277/1436/3426 4194/1523/3426 4193/1524/3426 4278/1438/3426
f 4278/1438/3427 4193/1524/3427 4192/1396/3427 4279/1395/3427
f 4160/1520/3428 4161/1525/3428 4197/1526/3428 4196/1521/3428
f 4194/1523/3429 4198/1514/3429 4199/1515/3429 4193/1524/3429
f 4155/1527/3430 4156/1528/3430 4188/1529/3430 4187/1530/3430
f 4185/1531/3431 4189/1532/3431 4190/1533/3431 4184/1534/3431
f 4184/1534/3432 4190/1533/3432 4191/1535/3432 4183/1536/3432
f 4280/1537/3433 4281/1538/3433 4282/1539/3433
f 4283/1540/3434 4284/1541/3434 4285/1542/3434 4286/1543/3434
f 4287/1544/3435 4288/1545/3435 4289/1546/3435 4290/1547/3435
f 4291/1548/3436 4292/1549/3436 4293/1550/3436 4294/1551/3436
f 4295/1552/3437 4296/1553/3437 4297/1554/3437 4298/1555/3437
f 4299/1556/3438 4300/1557/3438 4301/1558/3438 4302/1559/3438
f 4307/1564/3440 4308/1565/3440 4309/1566/3440 4310/1567/3440
f 4315/1572/3442 4316/1573/3442 4317/1574/3442 4318/1575/3442
f 4319/1576/3443 4320/1577/3443 4321/1578/3443 4322/1579/3443
f 4323/1580/3444 4324/1581/3444 4325/1582/3444 4326/1583/3444
f 4327/1584/3445 4328/1585/3445 4329/1586/3445 4330/1587/3445
f 4331/1588/3446 4332/1589/3446 4333/1590/3446 4334/1591/3446
f 4335/1592/3447 4336/1593/3447 4337/1594/3447 4338/1595/3447
f 4291/1596/3448 4294/1597/3448 4280/1598/3448 4282/1599/3448 4191/1516/3448 4235/1479/3448
f 4183/1536/3449 4191/1535/3449 4282/1539/3449 4281/1538/3449 4157/1600/3449
f 4157/1600/3450 4281/1538/3450 4280/1537/3450 4294/1551/3450 4293/1550/3450 4167/1601/3450
f 4283/1540/3451 4286/1543/3451 4162/1519/3451 4275/1433/3451 4270/1432/3451
f 4163/1431/3452 4170/1430/3452 4306/1563/3452 4305/1562/3452 4285/1602/3452 4284/1603/3452
f 4286/1604/3453 4285/1602/3453 4305/1562/3453 4304/1561/3453 4309/1566/3453 4308/1565/3453 4162/1605/3453
f 4163/1447/3454 4284/1541/3454 4283/1540/3454 4270/1432/3454 4265/1441/3454
f 4287/1544/3455 4290/1547/3455 4164/1446/3455 4260/1448/3455 4255/1453/3455
f 4165/1606/3456 4301/1558/3456 4300/1557/3456 4168/1607/3456 4289/1608/3456 4288/1609/3456
f 4290/1610/3457 4289/1608/3457 4168/1607/3457 4169/1429/3457 4164/1428/3457
f 4165/1462/3458 4288/1545/3458 4287/1544/3458 4255/1453/3458 4250/1457/3458
f 4167/1601/3459 4293/1550/3459 4292/1549/3459 4298/1555/3459 4297/1554/3459 4166/1611/3459
f 4295/1612/3460 4298/1613/3460 4292/1614/3460 4291/1596/3460 4235/1479/3460 4230/1478/3460
f 4166/1611/3461 4297/1554/3461 4296/1553/3461 4302/1559/3461 4301/1558/3461 4165/1606/3461
f 4299/1615/3462 4302/1616/3462 4296/1617/3462 4295/1612/3462 4230/1478/3462 4225/1487/3462
f 4168/1496/3463 4300/1618/3463 4299/1615/3463 4225/1487/3463 4220/1491/3463
f 4303/1619/3464 4306/1620/3464 4170/1501/3464 4210/1502/3464 4205/1506/3464
f 4310/1621/3465 4309/1622/3465 4304/1623/3465 4303/1619/3465 4205/1506/3465 4200/1510/3465
f 4161/1525/3466 4307/1624/3466 4310/1621/3466 4200/1510/3466 4197/1526/3466
f 4162/1605/3467 4308/1565/3467 4307/1564/3467 4161/1525/3467 4160/1520/3467
f 4311/1625/3468 4314/1626/3468 4182/1627/3468 4324/1581/3468 4323/1580/3468 4171/1628/3468
f 4244/1414/3469 4249/1467/3469 4312/1569/3469 4311/1568/3469 4171/1415/3469
f 4172/1427/3470 4181/1426/3470 4182/1627/3470 4314/1626/3470 4313/1629/3470
f 4249/1467/3471 4254/1417/3471 4172/1420/3471 4313/1570/3471 4312/1569/3471
f 4315/1630/3472 4318/1631/3472 4179/1632/3472 4180/1425/3472 4173/1424/3472
f 4259/1418/3473 4264/1452/3473 4316/1573/3473 4315/1572/3473 4173/1419/3473
f 4174/1633/3474 4178/1634/3474 4179/1632/3474 4318/1631/3474 4317/1635/3474
f 4264/1452/3475 4269/1445/3475 4174/1636/3475 4317/1574/3475 4316/1573/3475
f 4319/1637/3476 4322/1638/3476 4177/1639/3476 4178/1634/3476 4174/1633/3476
f 4269/1445/3477 4274/1440/3477 4320/1577/3477 4319/1576/3477 4174/1636/3477
f 4175/1423/3478 4176/1422/3478 4177/1639/3478 4322/1638/3478 4321/1640/3478
f 4274/1440/3479 4279/1395/3479 4175/1398/3479 4321/1578/3479 4320/1577/3479
f 4239/1486/3480 4188/1641/3480 4156/1642/3480 4326/1643/3480 4325/1644/3480
f 4171/1628/3481 4323/1580/3481 4326/1583/3481 4156/1645/3481 4155/1646/3481
f 4234/1411/3482 4239/1486/3482 4325/1644/3482 4324/1647/3482 4182/1412/3482
f 4187/1530/3483 4188/1529/3483 4327/1584/3483 4330/1587/3483 4186/1648/3483
f 4238/1484/3484 4328/1649/3484 4327/1650/3484 4188/1641/3484 4239/1486/3484
f 4186/1648/3485 4330/1587/3485 4329/1586/3485 4189/1532/3485 4185/1531/3485
f 4237/1482/3486 4189/1518/3486 4329/1651/3486 4328/1649/3486 4238/1484/3486
f 4196/1521/3487 4197/1526/3487 4331/1588/3487 4334/1591/3487 4195/1522/3487
f 4197/1526/3488 4200/1510/3488 4201/1511/3488 4332/1589/3488 4331/1588/3488
f 4195/1522/3489 4334/1591/3489 4333/1590/3489 4198/1514/3489 4194/1523/3489
f 4333/1590/3490 4332/1589/3490 4201/1511/3490 4202/1512/3490 4198/1514/3490
f 4338/1595/3491 4337/1594/3491 4204/1399/3491 4176/1402/3491 4159/1421/3491
f 4193/1524/3492 4199/1515/3492 4336/1593/3492 4335/1592/3492 4192/1396/3492
f 4192/1396/3493 4335/1592/3493 4338/1595/3493 4159/1421/3493 4158/1397/3493
f 4199/1515/3494 4203/1513/3494 4204/1399/3494 4337/1594/3494 4336/1593/3494
f 4463/1395/3495 4376/1396/3495 4342/1397/3495 4359/1398/3495
f 4388/1399/3496 4393/1400/3496 4361/1401/3496 4360/1402/3496
f 4393/1400/3497 4398/1403/3497 4362/1404/3497 4361/1401/3497
f 4398/1403/3498 4403/1405/3498 4363/1406/3498 4362/1404/3498
f 4403/1405/3499 4408/1407/3499 4364/1408/3499 4363/1406/3499
f 4408/1407/3500 4413/1409/3500 4365/1410/3500 4364/1408/3500
f 4413/1409/3501 4418/1411/3501 4366/1412/3501 4365/1410/3501
f 4371/1413/3502 4428/1414/3502 4355/1415/3502 4339/1416/3502
f 4438/1417/3503 4443/1418/3503 4357/1419/3503 4356/1420/3503
f 4342/1397/3504 4343/1421/3504 4360/1422/3504 4359/1423/3504
f 4357/1424/3505 4364/1425/3505 4365/1426/3505 4356/1427/3505
f 4348/1428/3506 4353/1429/3506 4354/1430/3506 4347/1431/3506
f 4454/1432/3507 4459/1433/3507 4460/1434/3507 4455/1435/3507
f 4455/1435/3508 4460/1434/3508 4461/1436/3508 4456/1437/3508
f 4456/1437/3509 4461/1436/3509 4462/1438/3509 4457/1439/3509
f 4457/1439/3510 4462/1438/3510 4463/1395/3510 4458/1440/3510
f 4449/1441/3511 4454/1432/3511 4455/1435/3511 4450/1442/3511
f 4450/1442/3512 4455/1435/3512 4456/1437/3512 4451/1443/3512
f 4451/1443/3513 4456/1437/3513 4457/1439/3513 4452/1444/3513
f 4452/1444/3514 4457/1439/3514 4458/1440/3514 4453/1445/3514
f 4348/1446/3515 4347/1447/3515 4449/1441/3515 4444/1448/3515
f 4444/1448/3516 4449/1441/3516 4450/1442/3516 4445/1449/3516
f 4445/1449/3517 4450/1442/3517 4451/1443/3517 4446/1450/3517
f 4446/1450/3518 4451/1443/3518 4452/1444/3518 4447/1451/3518
f 4447/1451/3519 4452/1444/3519 4453/1445/3519 4448/1452/3519
f 4439/1453/3520 4444/1448/3520 4445/1449/3520 4440/1454/3520
f 4440/1454/3521 4445/1449/3521 4446/1450/3521 4441/1455/3521
f 4441/1455/3522 4446/1450/3522 4447/1451/3522 4442/1456/3522
f 4442/1456/3523 4447/1451/3523 4448/1452/3523 4443/1418/3523
f 4434/1457/3514 4439/1453/3514 4440/1454/3514 4435/1458/3514
f 4435/1458/3519 4440/1454/3519 4441/1455/3519 4436/1459/3519
f 4436/1459/3524 4441/1455/3524 4442/1456/3524 4437/1460/3524
f 4437/1460/3525 4442/1456/3525 4443/1418/3525 4438/1417/3525
f 4350/1461/3526 4349/1462/3526 4434/1457/3526 4429/1463/3526
f 4429/1463/3527 4434/1457/3527 4435/1458/3527 4430/1464/3527
f 4430/1464/3528 4435/1458/3528 4436/1459/3528 4431/1465/3528
f 4431/1465/3529 4436/1459/3529 4437/1460/3529 4432/1466/3529
f 4432/1466/3530 4437/1460/3530 4438/1417/3530 4433/1467/3530
f 4351/1468/3531 4350/1461/3531 4429/1463/3531 4424/1469/3531
f 4424/1469/3532 4429/1463/3532 4430/1464/3532 4425/1470/3532
f 4425/1470/3533 4430/1464/3533 4431/1465/3533 4426/1471/3533
f 4426/1471/3534 4431/1465/3534 4432/1466/3534 4427/1472/3534
f 4427/1472/3535 4432/1466/3535 4433/1467/3535 4428/1414/3535
f 4341/1473/3536 4351/1468/3536 4424/1469/3536 4367/1474/3536
f 4367/1474/3537 4424/1469/3537 4425/1470/3537 4368/1475/3537
f 4368/1475/3538 4425/1470/3538 4426/1471/3538 4369/1476/3538
f 4369/1476/3539 4426/1471/3539 4427/1472/3539 4370/1477/3539
f 4370/1477/3540 4427/1472/3540 4428/1414/3540 4371/1413/3540
f 4414/1478/3541 4419/1479/3541 4420/1480/3541 4415/1481/3541
f 4415/1481/3542 4420/1480/3542 4421/1482/3542 4416/1483/3542
f 4416/1483/3543 4421/1482/3543 4422/1484/3543 4417/1485/3543
f 4417/1485/3544 4422/1484/3544 4423/1486/3544 4418/1411/3544
f 4409/1487/3545 4414/1478/3545 4415/1481/3545 4410/1488/3545
f 4410/1488/3546 4415/1481/3546 4416/1483/3546 4411/1489/3546
f 4411/1489/3547 4416/1483/3547 4417/1485/3547 4412/1490/3547
f 4412/1490/3548 4417/1485/3548 4418/1411/3548 4413/1409/3548
f 4404/1491/3549 4409/1487/3549 4410/1488/3549 4405/1492/3549
f 4405/1492/3550 4410/1488/3550 4411/1489/3550 4406/1493/3550
f 4406/1493/3551 4411/1489/3551 4412/1490/3551 4407/1494/3551
f 4407/1494/3552 4412/1490/3552 4413/1409/3552 4408/1407/3552
f 4353/1495/3553 4352/1496/3553 4404/1491/3553 4399/1497/3553
f 4399/1497/3554 4404/1491/3554 4405/1492/3554 4400/1498/3554
f 4400/1498/3555 4405/1492/3555 4406/1493/3555 4401/1499/3555
f 4401/1499/3556 4406/1493/3556 4407/1494/3556 4402/1500/3556
f 4402/1500/3552 4407/1494/3552 4408/1407/3552 4403/1405/3552
f 4354/1501/3557 4353/1495/3557 4399/1497/3557 4394/1502/3557
f 4394/1502/3558 4399/1497/3558 4400/1498/3558 4395/1503/3558
f 4395/1503/3559 4400/1498/3559 4401/1499/3559 4396/1504/3559
f 4396/1504/3560 4401/1499/3560 4402/1500/3560 4397/1505/3560
f 4397/1505/3561 4402/1500/3561 4403/1405/3561 4398/1403/3561
f 4389/1506/3562 4394/1502/3562 4395/1503/3562 4390/1507/3562
f 4390/1507/3563 4395/1503/3563 4396/1504/3563 4391/1508/3563
f 4391/1508/3564 4396/1504/3564 4397/1505/3564 4392/1509/3564
f 4392/1509/3565 4397/1505/3565 4398/1403/3565 4393/1400/3565
f 4384/1510/3566 4389/1506/3566 4390/1507/3566 4385/1511/3566
f 4385/1511/3567 4390/1507/3567 4391/1508/3567 4386/1512/3567
f 4386/1512/3568 4391/1508/3568 4392/1509/3568 4387/1513/3568
f 4387/1513/3569 4392/1509/3569 4393/1400/3569 4388/1399/3569
f 4382/1514/3570 4386/1512/3570 4387/1513/3570 4383/1515/3570
f 4419/1479/3571 4375/1516/3571 4374/1517/3571 4420/1480/3571
f 4420/1480/3572 4374/1517/3572 4373/1518/3572 4421/1482/3572
f 4346/1519/3573 4344/1520/3573 4380/1521/3573 4459/1433/3573
f 4459/1433/3574 4380/1521/3574 4379/1522/3574 4460/1434/3574
f 4460/1434/3575 4379/1522/3575 4378/1523/3575 4461/1436/3575
f 4461/1436/3576 4378/1523/3576 4377/1524/3576 4462/1438/3576
f 4462/1438/3577 4377/1524/3577 4376/1396/3577 4463/1395/3577
f 4344/1520/3578 4345/1525/3578 4381/1526/3578 4380/1521/3578
f 4378/1523/3579 4382/1514/3579 4383/1515/3579 4377/1524/3579
f 4339/1527/3580 4340/1528/3580 4372/1529/3580 4371/1530/3580
f 4369/1531/3581 4373/1532/3581 4374/1533/3581 4368/1534/3581
f 4368/1534/3582 4374/1533/3582 4375/1535/3582 4367/1536/3582
f 4464/1537/3583 4465/1538/3583 4466/1539/3583
f 4467/1540/3584 4468/1541/3584 4469/1542/3584 4470/1543/3584
f 4471/1544/3585 4472/1545/3585 4473/1546/3585 4474/1547/3585
f 4475/1548/3586 4476/1549/3586 4477/1550/3586 4478/1551/3586
f 4479/1552/3587 4480/1553/3587 4481/1554/3587 4482/1555/3587
f 4483/1556/3588 4484/1557/3588 4485/1558/3588 4486/1559/3588
f 4491/1564/3590 4492/1565/3590 4493/1566/3590 4494/1567/3590
f 4499/1572/3592 4500/1573/3592 4501/1574/3592 4502/1575/3592
f 4503/1576/3593 4504/1577/3593 4505/1578/3593 4506/1579/3593
f 4507/1580/3594 4508/1581/3594 4509/1582/3594 4510/1583/3594
f 4511/1584/3595 4512/1585/3595 4513/1586/3595 4514/1587/3595
f 4515/1588/3596 4516/1589/3596 4517/1590/3596 4518/1591/3596
f 4519/1592/3597 4520/1593/3597 4521/1594/3597 4522/1595/3597
f 4475/1596/3598 4478/1597/3598 4464/1598/3598 4466/1599/3598 4375/1516/3598 4419/1479/3598
f 4367/1536/3599 4375/1535/3599 4466/1539/3599 4465/1538/3599 4341/1600/3599
f 4341/1600/3600 4465/1538/3600 4464/1537/3600 4478/1551/3600 4477/1550/3600 4351/1601/3600
f 4467/1540/3601 4470/1543/3601 4346/1519/3601 4459/1433/3601 4454/1432/3601
f 4347/1431/3602 4354/1430/3602 4490/1563/3602 4489/1562/3602 4469/1602/3602 4468/1603/3602
f 4470/1604/3603 4469/1602/3603 4489/1562/3603 4488/1561/3603 4493/1566/3603 4492/1565/3603 4346/1605/3603
f 4347/1447/3604 4468/1541/3604 4467/1540/3604 4454/1432/3604 4449/1441/3604
f 4471/1544/3605 4474/1547/3605 4348/1446/3605 4444/1448/3605 4439/1453/3605
f 4349/1606/3606 4485/1558/3606 4484/1557/3606 4352/1607/3606 4473/1608/3606 4472/1609/3606
f 4474/1610/3607 4473/1608/3607 4352/1607/3607 4353/1429/3607 4348/1428/3607
f 4349/1462/3608 4472/1545/3608 4471/1544/3608 4439/1453/3608 4434/1457/3608
f 4351/1601/3609 4477/1550/3609 4476/1549/3609 4482/1555/3609 4481/1554/3609 4350/1611/3609
f 4479/1612/3610 4482/1613/3610 4476/1614/3610 4475/1596/3610 4419/1479/3610 4414/1478/3610
f 4350/1611/3611 4481/1554/3611 4480/1553/3611 4486/1559/3611 4485/1558/3611 4349/1606/3611
f 4483/1615/3612 4486/1616/3612 4480/1617/3612 4479/1612/3612 4414/1478/3612 4409/1487/3612
f 4352/1496/3613 4484/1618/3613 4483/1615/3613 4409/1487/3613 4404/1491/3613
f 4487/1619/3614 4490/1620/3614 4354/1501/3614 4394/1502/3614 4389/1506/3614
f 4494/1621/3615 4493/1622/3615 4488/1623/3615 4487/1619/3615 4389/1506/3615 4384/1510/3615
f 4345/1525/3616 4491/1624/3616 4494/1621/3616 4384/1510/3616 4381/1526/3616
f 4346/1605/3617 4492/1565/3617 4491/1564/3617 4345/1525/3617 4344/1520/3617
f 4495/1625/3618 4498/1626/3618 4366/1627/3618 4508/1581/3618 4507/1580/3618 4355/1628/3618
f 4428/1414/3619 4433/1467/3619 4496/1569/3619 4495/1568/3619 4355/1415/3619
f 4356/1427/3620 4365/1426/3620 4366/1627/3620 4498/1626/3620 4497/1629/3620
f 4433/1467/3621 4438/1417/3621 4356/1420/3621 4497/1570/3621 4496/1569/3621
f 4499/1630/3622 4502/1631/3622 4363/1632/3622 4364/1425/3622 4357/1424/3622
f 4443/1418/3623 4448/1452/3623 4500/1573/3623 4499/1572/3623 4357/1419/3623
f 4358/1633/3624 4362/1634/3624 4363/1632/3624 4502/1631/3624 4501/1635/3624
f 4448/1452/3625 4453/1445/3625 4358/1636/3625 4501/1574/3625 4500/1573/3625
f 4503/1637/3626 4506/1638/3626 4361/1639/3626 4362/1634/3626 4358/1633/3626
f 4453/1445/3627 4458/1440/3627 4504/1577/3627 4503/1576/3627 4358/1636/3627
f 4359/1423/3628 4360/1422/3628 4361/1639/3628 4506/1638/3628 4505/1640/3628
f 4458/1440/3629 4463/1395/3629 4359/1398/3629 4505/1578/3629 4504/1577/3629
f 4423/1486/3630 4372/1641/3630 4340/1642/3630 4510/1643/3630 4509/1644/3630
f 4355/1628/3631 4507/1580/3631 4510/1583/3631 4340/1645/3631 4339/1646/3631
f 4418/1411/3632 4423/1486/3632 4509/1644/3632 4508/1647/3632 4366/1412/3632
f 4371/1530/3633 4372/1529/3633 4511/1584/3633 4514/1587/3633 4370/1648/3633
f 4422/1484/3634 4512/1649/3634 4511/1650/3634 4372/1641/3634 4423/1486/3634
f 4370/1648/3635 4514/1587/3635 4513/1586/3635 4373/1532/3635 4369/1531/3635
f 4421/1482/3636 4373/1518/3636 4513/1651/3636 4512/1649/3636 4422/1484/3636
f 4380/1521/3637 4381/1526/3637 4515/1588/3637 4518/1591/3637 4379/1522/3637
f 4381/1526/3638 4384/1510/3638 4385/1511/3638 4516/1589/3638 4515/1588/3638
f 4379/1522/3639 4518/1591/3639 4517/1590/3639 4382/1514/3639 4378/1523/3639
f 4517/1590/3640 4516/1589/3640 4385/1511/3640 4386/1512/3640 4382/1514/3640
f 4522/1595/3641 4521/1594/3641 4388/1399/3641 4360/1402/3641 4343/1421/3641
f 4377/1524/3642 4383/1515/3642 4520/1593/3642 4519/1592/3642 4376/1396/3642
f 4376/1396/3643 4519/1592/3643 4522/1595/3643 4343/1421/3643 4342/1397/3643
f 4383/1515/3644 4387/1513/3644 4388/1399/3644 4521/1594/3644 4520/1593/3644
f 4647/1395/3645 4560/1396/3645 4526/1397/3645 4543/1398/3645
f 4572/1399/3646 4577/1400/3646 4545/1401/3646 4544/1402/3646
f 4577/1400/3647 4582/1403/3647 4546/1404/3647 4545/1401/3647
f 4582/1403/3648 4587/1405/3648 4547/1406/3648 4546/1404/3648
f 4587/1405/3649 4592/1407/3649 4548/1408/3649 4547/1406/3649
f 4592/1407/3650 4597/1409/3650 4549/1410/3650 4548/1408/3650
f 4597/1409/3651 4602/1411/3651 4550/1412/3651 4549/1410/3651
f 4555/1413/3652 4612/1414/3652 4539/1415/3652 4523/1416/3652
f 4622/1417/3653 4627/1418/3653 4541/1419/3653 4540/1420/3653
f 4526/1397/3654 4527/1421/3654 4544/1422/3654 4543/1423/3654
f 4541/1424/3655 4548/1425/3655 4549/1426/3655 4540/1427/3655
f 4532/1428/3656 4537/1429/3656 4538/1430/3656 4531/1431/3656
f 4638/1432/3657 4643/1433/3657 4644/1434/3657 4639/1435/3657
f 4639/1435/3658 4644/1434/3658 4645/1436/3658 4640/1437/3658
f 4640/1437/3659 4645/1436/3659 4646/1438/3659 4641/1439/3659
f 4641/1439/3660 4646/1438/3660 4647/1395/3660 4642/1440/3660
f 4633/1441/3064 4638/1432/3064 4639/1435/3064 4634/1442/3064
f 4634/1442/3661 4639/1435/3661 4640/1437/3661 4635/1443/3661
f 4635/1443/3662 4640/1437/3662 4641/1439/3662 4636/1444/3662
f 4636/1444/3067 4641/1439/3067 4642/1440/3067 4637/1445/3067
f 4532/1446/3663 4531/1447/3663 4633/1441/3663 4628/1448/3663
f 4628/1448/3664 4633/1441/3664 4634/1442/3664 4629/1449/3664
f 4629/1449/3070 4634/1442/3070 4635/1443/3070 4630/1450/3070
f 4630/1450/3071 4635/1443/3071 4636/1444/3071 4631/1451/3071
f 4631/1451/3072 4636/1444/3072 4637/1445/3072 4632/1452/3072
f 4623/1453/3665 4628/1448/3665 4629/1449/3665 4624/1454/3665
f 4624/1454/3074 4629/1449/3074 4630/1450/3074 4625/1455/3074
f 4625/1455/3075 4630/1450/3075 4631/1451/3075 4626/1456/3075
f 4626/1456/3076 4631/1451/3076 4632/1452/3076 4627/1418/3076
f 4618/1457/3077 4623/1453/3077 4624/1454/3077 4619/1458/3077
f 4619/1458/3074 4624/1454/3074 4625/1455/3074 4620/1459/3074
f 4620/1459/3075 4625/1455/3075 4626/1456/3075 4621/1460/3075
f 4621/1460/3078 4626/1456/3078 4627/1418/3078 4622/1417/3078
f 4534/1461/3666 4533/1462/3666 4618/1457/3666 4613/1463/3666
f 4613/1463/3667 4618/1457/3667 4619/1458/3667 4614/1464/3667
f 4614/1464/3081 4619/1458/3081 4620/1459/3081 4615/1465/3081
f 4615/1465/3668 4620/1459/3668 4621/1460/3668 4616/1466/3668
f 4616/1466/3669 4621/1460/3669 4622/1417/3669 4617/1467/3669
f 4535/1468/3670 4534/1461/3670 4613/1463/3670 4608/1469/3670
f 4608/1469/3671 4613/1463/3671 4614/1464/3671 4609/1470/3671
f 4609/1470/3086 4614/1464/3086 4615/1465/3086 4610/1471/3086
f 4610/1471/3672 4615/1465/3672 4616/1466/3672 4611/1472/3672
f 4611/1472/3673 4616/1466/3673 4617/1467/3673 4612/1414/3673
f 4525/1473/3674 4535/1468/3674 4608/1469/3674 4551/1474/3674
f 4551/1474/3675 4608/1469/3675 4609/1470/3675 4552/1475/3675
f 4552/1475/3676 4609/1470/3676 4610/1471/3676 4553/1476/3676
f 4553/1476/3677 4610/1471/3677 4611/1472/3677 4554/1477/3677
f 4554/1477/3678 4611/1472/3678 4612/1414/3678 4555/1413/3678
f 4598/1478/3094 4603/1479/3094 4604/1480/3094 4599/1481/3094
f 4599/1481/3679 4604/1480/3679 4605/1482/3679 4600/1483/3679
f 4600/1483/3096 4605/1482/3096 4606/1484/3096 4601/1485/3096
f 4601/1485/3680 4606/1484/3680 4607/1486/3680 4602/1411/3680
f 4593/1487/3681 4598/1478/3681 4599/1481/3681 4594/1488/3681
f 4594/1488/3682 4599/1481/3682 4600/1483/3682 4595/1489/3682
f 4595/1489/3683 4600/1483/3683 4601/1485/3683 4596/1490/3683
f 4596/1490/3684 4601/1485/3684 4602/1411/3684 4597/1409/3684
f 4588/1491/3685 4593/1487/3685 4594/1488/3685 4589/1492/3685
f 4589/1492/3686 4594/1488/3686 4595/1489/3686 4590/1493/3686
f 4590/1493/3687 4595/1489/3687 4596/1490/3687 4591/1494/3687
f 4591/1494/3105 4596/1490/3105 4597/1409/3105 4592/1407/3105
f 4537/1495/3688 4536/1496/3688 4588/1491/3688 4583/1497/3688
f 4583/1497/3107 4588/1491/3107 4589/1492/3107 4584/1498/3107
f 4584/1498/3689 4589/1492/3689 4590/1493/3689 4585/1499/3689
f 4585/1499/3690 4590/1493/3690 4591/1494/3690 4586/1500/3690
f 4586/1500/3105 4591/1494/3105 4592/1407/3105 4587/1405/3105
f 4538/1501/3691 4537/1495/3691 4583/1497/3691 4578/1502/3691
f 4578/1502/3692 4583/1497/3692 4584/1498/3692 4579/1503/3692
f 4579/1503/3693 4584/1498/3693 4585/1499/3693 4580/1504/3693
f 4580/1504/3694 4585/1499/3694 4586/1500/3694 4581/1505/3694
f 4581/1505/3114 4586/1500/3114 4587/1405/3114 4582/1403/3114
f 4573/1506/3695 4578/1502/3695 4579/1503/3695 4574/1507/3695
f 4574/1507/3696 4579/1503/3696 4580/1504/3696 4575/1508/3696
f 4575/1508/3697 4580/1504/3697 4581/1505/3697 4576/1509/3697
f 4576/1509/3118 4581/1505/3118 4582/1403/3118 4577/1400/3118
f 4568/1510/3698 4573/1506/3698 4574/1507/3698 4569/1511/3698
f 4569/1511/3699 4574/1507/3699 4575/1508/3699 4570/1512/3699
f 4570/1512/3700 4575/1508/3700 4576/1509/3700 4571/1513/3700
f 4571/1513/3122 4576/1509/3122 4577/1400/3122 4572/1399/3122
f 4566/1514/3123 4570/1512/3123 4571/1513/3123 4567/1515/3123
f 4603/1479/3701 4559/1516/3701 4558/1517/3701 4604/1480/3701
f 4604/1480/3702 4558/1517/3702 4557/1518/3702 4605/1482/3702
f 4530/1519/3703 4528/1520/3703 4564/1521/3703 4643/1433/3703
f 4643/1433/3704 4564/1521/3704 4563/1522/3704 4644/1434/3704
f 4644/1434/3705 4563/1522/3705 4562/1523/3705 4645/1436/3705
f 4645/1436/3706 4562/1523/3706 4561/1524/3706 4646/1438/3706
f 4646/1438/3707 4561/1524/3707 4560/1396/3707 4647/1395/3707
f 4528/1520/3708 4529/1525/3708 4565/1526/3708 4564/1521/3708
f 4562/1523/3709 4566/1514/3709 4567/1515/3709 4561/1524/3709
f 4523/1527/3710 4524/1528/3710 4556/1529/3710 4555/1530/3710
f 4553/1531/3711 4557/1532/3711 4558/1533/3711 4552/1534/3711
f 4552/1534/3712 4558/1533/3712 4559/1535/3712 4551/1536/3712
f 4648/1537/3713 4649/1538/3713 4650/1539/3713
f 4651/1540/3714 4652/1541/3714 4653/1542/3714 4654/1543/3714
f 4655/1544/3715 4656/1545/3715 4657/1546/3715 4658/1547/3715
f 4659/1548/3716 4660/1549/3716 4661/1550/3716 4662/1551/3716
f 4663/1552/3717 4664/1553/3717 4665/1554/3717 4666/1555/3717
f 4667/1556/3718 4668/1557/3718 4669/1558/3718 4670/1559/3718
f 4675/1564/3720 4676/1565/3720 4677/1566/3720 4678/1567/3720
f 4683/1572/3722 4684/1573/3722 4685/1574/3722 4686/1575/3722
f 4687/1576/3723 4688/1577/3723 4689/1578/3723 4690/1579/3723
f 4691/1580/3724 4692/1581/3724 4693/1582/3724 4694/1583/3724
f 4695/1584/3725 4696/1585/3725 4697/1586/3725 4698/1587/3725
f 4699/1588/3726 4700/1589/3726 4701/1590/3726 4702/1591/3726
f 4703/1592/3727 4704/1593/3727 4705/1594/3727 4706/1595/3727
f 4659/1596/3728 4662/1597/3728 4648/1598/3728 4650/1599/3728 4559/1516/3728 4603/1479/3728
f 4551/1536/3729 4559/1535/3729 4650/1539/3729 4649/1538/3729 4525/1600/3729
f 4525/1600/3730 4649/1538/3730 4648/1537/3730 4662/1551/3730 4661/1550/3730 4535/1601/3730
f 4651/1540/3731 4654/1543/3731 4530/1519/3731 4643/1433/3731 4638/1432/3731
f 4531/1431/3732 4538/1430/3732 4674/1563/3732 4673/1562/3732 4653/1602/3732 4652/1603/3732
f 4654/1604/3733 4653/1602/3733 4673/1562/3733 4672/1561/3733 4677/1566/3733 4676/1565/3733 4530/1605/3733
f 4531/1447/3734 4652/1541/3734 4651/1540/3734 4638/1432/3734 4633/1441/3734
f 4655/1544/3735 4658/1547/3735 4532/1446/3735 4628/1448/3735 4623/1453/3735
f 4533/1606/3736 4669/1558/3736 4668/1557/3736 4536/1607/3736 4657/1608/3736 4656/1609/3736
f 4658/1610/3737 4657/1608/3737 4536/1607/3737 4537/1429/3737 4532/1428/3737
f 4533/1462/3738 4656/1545/3738 4655/1544/3738 4623/1453/3738 4618/1457/3738
f 4535/1601/3739 4661/1550/3739 4660/1549/3739 4666/1555/3739 4665/1554/3739 4534/1611/3739
f 4663/1612/3740 4666/1613/3740 4660/1614/3740 4659/1596/3740 4603/1479/3740 4598/1478/3740
f 4534/1611/3741 4665/1554/3741 4664/1553/3741 4670/1559/3741 4669/1558/3741 4533/1606/3741
f 4667/1615/3742 4670/1616/3742 4664/1617/3742 4663/1612/3742 4598/1478/3742 4593/1487/3742
f 4536/1496/3743 4668/1618/3743 4667/1615/3743 4593/1487/3743 4588/1491/3743
f 4671/1619/3744 4674/1620/3744 4538/1501/3744 4578/1502/3744 4573/1506/3744
f 4678/1621/3745 4677/1622/3745 4672/1623/3745 4671/1619/3745 4573/1506/3745 4568/1510/3745
f 4529/1525/3746 4675/1624/3746 4678/1621/3746 4568/1510/3746 4565/1526/3746
f 4530/1605/3747 4676/1565/3747 4675/1564/3747 4529/1525/3747 4528/1520/3747
f 4679/1625/3748 4682/1626/3748 4550/1627/3748 4692/1581/3748 4691/1580/3748 4539/1628/3748
f 4612/1414/3749 4617/1467/3749 4680/1569/3749 4679/1568/3749 4539/1415/3749
f 4540/1427/3750 4549/1426/3750 4550/1627/3750 4682/1626/3750 4681/1629/3750
f 4617/1467/3751 4622/1417/3751 4540/1420/3751 4681/1570/3751 4680/1569/3751
f 4683/1630/3752 4686/1631/3752 4547/1632/3752 4548/1425/3752 4541/1424/3752
f 4627/1418/3753 4632/1452/3753 4684/1573/3753 4683/1572/3753 4541/1419/3753
f 4542/1633/3754 4546/1634/3754 4547/1632/3754 4686/1631/3754 4685/1635/3754
f 4632/1452/3755 4637/1445/3755 4542/1636/3755 4685/1574/3755 4684/1573/3755
f 4687/1637/3756 4690/1638/3756 4545/1639/3756 4546/1634/3756 4542/1633/3756
f 4637/1445/3757 4642/1440/3757 4688/1577/3757 4687/1576/3757 4542/1636/3757
f 4543/1423/3758 4544/1422/3758 4545/1639/3758 4690/1638/3758 4689/1640/3758
f 4642/1440/3759 4647/1395/3759 4543/1398/3759 4689/1578/3759 4688/1577/3759
f 4607/1486/3760 4556/1641/3760 4524/1642/3760 4694/1643/3760 4693/1644/3760
f 4539/1628/3761 4691/1580/3761 4694/1583/3761 4524/1645/3761 4523/1646/3761
f 4602/1411/3762 4607/1486/3762 4693/1644/3762 4692/1647/3762 4550/1412/3762
f 4555/1530/3763 4556/1529/3763 4695/1584/3763 4698/1587/3763 4554/1648/3763
f 4606/1484/3764 4696/1649/3764 4695/1650/3764 4556/1641/3764 4607/1486/3764
f 4554/1648/3765 4698/1587/3765 4697/1586/3765 4557/1532/3765 4553/1531/3765
f 4605/1482/3766 4557/1518/3766 4697/1651/3766 4696/1649/3766 4606/1484/3766
f 4564/1521/3767 4565/1526/3767 4699/1588/3767 4702/1591/3767 4563/1522/3767
f 4565/1526/3191 4568/1510/3191 4569/1511/3191 4700/1589/3191 4699/1588/3191
f 4563/1522/3768 4702/1591/3768 4701/1590/3768 4566/1514/3768 4562/1523/3768
f 4701/1590/3193 4700/1589/3193 4569/1511/3193 4570/1512/3193 4566/1514/3193
f 4706/1595/3769 4705/1594/3769 4572/1399/3769 4544/1402/3769 4527/1421/3769
f 4561/1524/3770 4567/1515/3770 4704/1593/3770 4703/1592/3770 4560/1396/3770
f 4560/1396/3771 4703/1592/3771 4706/1595/3771 4527/1421/3771 4526/1397/3771
f 4567/1515/3772 4571/1513/3772 4572/1399/3772 4705/1594/3772 4704/1593/3772
f 4876/1413/2611 4890/1414/2611 4871/1415/2611 4867/1416/2611
f 4869/1473/2643 4870/1468/2643 4886/1469/2643 4872/1474/2643
f 4872/1474/2644 4886/1469/2644 4887/1470/2644 4873/1475/2644
f 4873/1475/2645 4887/1470/2645 4888/1471/2645 4874/1476/2645
f 4874/1476/2646 4888/1471/2646 4889/1472/2646 4875/1477/2646
f 4875/1477/2647 4889/1472/2647 4890/1414/2647 4876/1413/2647
f 4881/1479/2677 4880/1516/2677 4879/1517/2677 4882/1480/2677
f 4882/1480/2678 4879/1517/2678 4878/1518/2678 4883/1482/2678
f 4867/1527/2686 4868/1528/2686 4877/1529/2686 4876/1530/2686
f 4874/1531/2687 4878/1532/2687 4879/1533/2687 4873/1534/2687
f 4873/1534/2688 4879/1533/2688 4880/1535/2688 4872/1536/2688
f 4891/1537/2689 4892/1538/2689 4893/1539/2689
f 4900/1584/3787 4901/1585/3787 4902/1586/3787 4903/1587/3787
f 4894/1596/2704 4896/1597/2704 4891/1598/2704 4893/1599/2704 4880/1516/2704 4881/1479/2704
f 4872/1536/2705 4880/1535/2705 4893/1539/2705 4892/1538/2705 4869/1600/2705
f 4869/1600/2706 4892/1538/2706 4891/1537/2706 4896/1551/2706 4895/1550/2706 4870/1601/2706
f 4885/1486/2736 4877/1641/2736 4868/1642/2736 4899/1643/2736 4898/1644/2736
f 4871/1628/2737 4897/1580/2737 4899/1583/2737 4868/1645/2737 4867/1646/2737
f 4876/1530/2739 4877/1529/2739 4900/1584/2739 4903/1587/2739 4875/1648/2739
f 4884/1484/2740 4901/1649/2740 4900/1650/2740 4877/1641/2740 4885/1486/2740
f 4875/1648/2741 4903/1587/2741 4902/1586/2741 4878/1532/2741 4874/1531/2741
f 4883/1482/2742 4878/1518/2742 4902/1651/2742 4901/1649/2742 4884/1484/2742
f 4913/1413/2758 4927/1414/2758 4908/1415/2758 4904/1416/2758
f 4906/1473/2790 4907/1468/2790 4923/1469/2790 4909/1474/2790
f 4909/1474/2791 4923/1469/2791 4924/1470/2791 4910/1475/2791
f 4910/1475/2792 4924/1470/2792 4925/1471/2792 4911/1476/2792
f 4911/1476/2793 4925/1471/2793 4926/1472/2793 4912/1477/2793
f 4912/1477/2794 4926/1472/2794 4927/1414/2794 4913/1413/2794
f 4918/1479/2824 4917/1516/2824 4916/1517/2824 4919/1480/2824
f 4919/1480/2825 4916/1517/2825 4915/1518/2825 4920/1482/2825
f 4904/1527/2833 4905/1528/2833 4914/1529/2833 4913/1530/2833
f 4911/1531/2834 4915/1532/2834 4916/1533/2834 4910/1534/2834
f 4910/1534/2835 4916/1533/2835 4917/1535/2835 4909/1536/2835
f 4928/1537/2836 4929/1538/2836 4930/1539/2836
f 4937/1584/2848 4938/1585/2848 4939/1586/2848 4940/1587/2848
f 4931/1596/2851 4933/1597/2851 4928/1598/2851 4930/1599/2851 4917/1516/2851 4918/1479/2851
f 4909/1536/2852 4917/1535/2852 4930/1539/2852 4929/1538/2852 4906/1600/2852
f 4906/1600/2853 4929/1538/2853 4928/1537/2853 4933/1551/2853 4932/1550/2853 4907/1601/2853
f 4922/1486/2883 4914/1641/2883 4905/1642/2883 4936/1643/2883 4935/1644/2883
f 4908/1628/2884 4934/1580/2884 4936/1583/2884 4905/1645/2884 4904/1646/2884
f 4913/1530/2886 4914/1529/2886 4937/1584/2886 4940/1587/2886 4912/1648/2886
f 4921/1484/2887 4938/1649/2887 4937/1650/2887 4914/1641/2887 4922/1486/2887
f 4912/1648/2888 4940/1587/2888 4939/1586/2888 4915/1532/2888 4911/1531/2888
f 4920/1482/2889 4915/1518/2889 4939/1651/2889 4938/1649/2889 4921/1484/2889
f 4950/1413/1700 4964/1414/1700 4945/1415/1700 4941/1416/1700
f 4943/1473/1732 4944/1468/1732 4960/1469/1732 4946/1474/1732
f 4946/1474/1733 4960/1469/1733 4961/1470/1733 4947/1475/1733
f 4947/1475/1734 4961/1470/1734 4962/1471/1734 4948/1476/1734
f 4948/1476/1735 4962/1471/1735 4963/1472/1735 4949/1477/1735
f 4949/1477/3788 4963/1472/3788 4964/1414/3788 4950/1413/3788
f 4955/1479/1767 4954/1516/1767 4953/1517/1767 4956/1480/1767
f 4956/1480/3789 4953/1517/3789 4952/1518/3789 4957/1482/3789
f 4941/1527/1776 4942/1528/1776 4951/1529/1776 4950/1530/1776
f 4948/1531/1777 4952/1532/1777 4953/1533/1777 4947/1534/1777
f 4947/1534/1778 4953/1533/1778 4954/1535/1778 4946/1536/1778
f 4965/1537/1779 4966/1538/1779 4967/1539/1779
f 4974/1584/1791 4975/1585/1791 4976/1586/1791 4977/1587/1791
f 4968/1596/1794 4970/1597/1794 4965/1598/1794 4967/1599/1794 4954/1516/1794 4955/1479/1794
f 4946/1536/1795 4954/1535/1795 4967/1539/1795 4966/1538/1795 4943/1600/1795
f 4943/1600/1796 4966/1538/1796 4965/1537/1796 4970/1551/1796 4969/1550/1796 4944/1601/1796
f 4959/1486/1826 4951/1641/1826 4942/1642/1826 4973/1643/1826 4972/1644/1826
f 4945/1628/1827 4971/1580/1827 4973/1583/1827 4942/1645/1827 4941/1646/1827
f 4950/1530/1829 4951/1529/1829 4974/1584/1829 4977/1587/1829 4949/1648/1829
f 4958/1484/1830 4975/1649/1830 4974/1650/1830 4951/1641/1830 4959/1486/1830
f 4949/1648/1831 4977/1587/1831 4976/1586/1831 4952/1532/1831 4948/1531/1831
f 4957/1482/1832 4952/1518/1832 4976/1651/1832 4975/1649/1832 4958/1484/1832
f 4987/1413/1848 5001/1414/1848 4982/1415/1848 4978/1416/1848
f 4980/1473/1881 4981/1468/1881 4997/1469/1881 4983/1474/1881
f 4983/1474/1882 4997/1469/1882 4998/1470/1882 4984/1475/1882
f 4984/1475/1883 4998/1470/1883 4999/1471/1883 4985/1476/1883
f 4985/1476/1884 4999/1471/1884 5000/1472/1884 4986/1477/1884
f 4986/1477/1885 5000/1472/1885 5001/1414/1885 4987/1413/1885
f 4992/1479/1916 4991/1516/1916 4990/1517/1916 4993/1480/1916
f 4993/1480/1917 4990/1517/1917 4989/1518/1917 4994/1482/1917
f 4978/1527/1925 4979/1528/1925 4988/1529/1925 4987/1530/1925
f 4985/1531/1926 4989/1532/1926 4990/1533/1926 4984/1534/1926
f 4984/1534/1927 4990/1533/1927 4991/1535/1927 4983/1536/1927
f 5002/1537/1928 5003/1538/1928 5004/1539/1928
f 5011/1584/2599 5012/1585/2599 5013/1586/2599 5014/1587/2599
f 5005/1596/1943 5007/1597/1943 5002/1598/1943 5004/1599/1943 4991/1516/1943 4992/1479/1943
f 4983/1536/1944 4991/1535/1944 5004/1539/1944 5003/1538/1944 4980/1600/1944
f 4980/1600/1945 5003/1538/1945 5002/1537/1945 5007/1551/1945 5006/1550/1945 4981/1601/1945
f 4996/1486/1975 4988/1641/1975 4979/1642/1975 5010/1643/1975 5009/1644/1975
f 4982/1628/1976 5008/1580/1976 5010/1583/1976 4979/1645/1976 4978/1646/1976
f 4987/1530/1978 4988/1529/1978 5011/1584/1978 5014/1587/1978 4986/1648/1978
f 4995/1484/1979 5012/1649/1979 5011/1650/1979 4988/1641/1979 4996/1486/1979
f 4986/1648/1980 5014/1587/1980 5013/1586/1980 4989/1532/1980 4985/1531/1980
f 4994/1482/1981 4989/1518/1981 5013/1651/1981 5012/1649/1981 4995/1484/1981
f 5024/1413/1997 5038/1414/1997 5019/1415/1997 5015/1416/1997
f 5017/1473/2032 5018/1468/2032 5034/1469/2032 5020/1474/2032
f 5020/1474/2033 5034/1469/2033 5035/1470/2033 5021/1475/2033
f 5021/1475/2034 5035/1470/2034 5036/1471/2034 5022/1476/2034
f 5022/1476/2035 5036/1471/2035 5037/1472/2035 5023/1477/2035
f 5023/1477/2036 5037/1472/2036 5038/1414/2036 5024/1413/2036
f 5029/1479/2067 5028/1516/2067 5027/1517/2067 5030/1480/2067
f 5030/1480/2068 5027/1517/2068 5026/1518/2068 5031/1482/2068
f 5015/1527/2076 5016/1528/2076 5025/1529/2076 5024/1530/2076
f 5022/1531/2077 5026/1532/2077 5027/1533/2077 5021/1534/2077
f 5021/1534/2078 5027/1533/2078 5028/1535/2078 5020/1536/2078
f 5039/1537/2079 5040/1538/2079 5041/1539/2079
f 5048/1584/2091 5049/1585/2091 5050/1586/2091 5051/1587/2091
f 5042/1596/2094 5044/1597/2094 5039/1598/2094 5041/1599/2094 5028/1516/2094 5029/1479/2094
f 5020/1536/2095 5028/1535/2095 5041/1539/2095 5040/1538/2095 5017/1600/2095
f 5017/1600/2096 5040/1538/2096 5039/1537/2096 5044/1551/2096 5043/1550/2096 5018/1601/2096
f 5033/1486/2126 5025/1641/2126 5016/1642/2126 5047/1643/2126 5046/1644/2126
f 5019/1628/2127 5045/1580/2127 5047/1583/2127 5016/1645/2127 5015/1646/2127
f 5024/1530/2129 5025/1529/2129 5048/1584/2129 5051/1587/2129 5023/1648/2129
f 5032/1484/2130 5049/1649/2130 5048/1650/2130 5025/1641/2130 5033/1486/2130
f 5023/1648/2131 5051/1587/2131 5050/1586/2131 5026/1532/2131 5022/1531/2131
f 5031/1482/2132 5026/1518/2132 5050/1651/2132 5049/1649/2132 5032/1484/2132
f 5076/1395/2141 5059/1396/2141 5052/1397/2141 5057/1398/2141
f 5052/1397/2150 5053/1421/2150 5058/1422/2150 5057/1423/2150
f 5065/1514/2214 5069/1512/2214 5070/1513/2214 5066/1515/2214
f 5056/1519/2217 5054/1520/2217 5063/1521/2217 5072/1433/2217
f 5072/1433/2218 5063/1521/2218 5062/1522/2218 5073/1434/2218
f 5073/1434/2219 5062/1522/2219 5061/1523/2219 5074/1436/2219
f 5074/1436/2220 5061/1523/2220 5060/1524/2220 5075/1438/2220
f 5075/1438/2221 5060/1524/2221 5059/1396/2221 5076/1395/2221
f 5054/1520/2222 5055/1525/2222 5064/1526/2222 5063/1521/2222
f 5061/1523/2223 5065/1514/2223 5066/1515/2223 5060/1524/2223
f 5080/1588/2240 5081/1589/2240 5082/1590/2240 5083/1591/2240
f 5084/1592/2241 5085/1593/2241 5086/1594/2241 5087/1595/2241
f 5055/1525/2260 5077/1624/2260 5079/1621/2260 5067/1510/2260 5064/1526/2260
f 5056/1605/2261 5078/1565/2261 5077/1564/2261 5055/1525/2261 5054/1520/2261
f 5063/1521/3790 5064/1526/3790 5080/1588/3790 5083/1591/3790 5062/1522/3790
f 5064/1526/2282 5067/1510/2282 5068/1511/2282 5081/1589/2282 5080/1588/2282
f 5062/1522/2283 5083/1591/2283 5082/1590/2283 5065/1514/2283 5061/1523/2283
f 5082/1590/2284 5081/1589/2284 5068/1511/2284 5069/1512/2284 5065/1514/2284
f 5087/1595/2285 5086/1594/2285 5071/1399/2285 5058/1402/2285 5053/1421/2285
f 5060/1524/2286 5066/1515/2286 5085/1593/2286 5084/1592/2286 5059/1396/2286
f 5059/1396/2287 5084/1592/2287 5087/1595/2287 5053/1421/2287 5052/1397/2287
f 5066/1515/2288 5070/1513/2288 5071/1399/2288 5086/1594/2288 5085/1593/2288
f 5112/1395/2289 5095/1396/2289 5088/1397/2289 5093/1398/2289
f 5088/1397/2298 5089/1421/2298 5094/1422/2298 5093/1423/2298
f 5101/1514/2363 5105/1512/2363 5106/1513/2363 5102/1515/2363
f 5092/1519/2366 5090/1520/2366 5099/1521/2366 5108/1433/2366
f 5108/1433/2367 5099/1521/2367 5098/1522/2367 5109/1434/2367
f 5109/1434/2368 5098/1522/2368 5097/1523/2368 5110/1436/2368
f 5110/1436/2369 5097/1523/2369 5096/1524/2369 5111/1438/2369
f 5111/1438/2370 5096/1524/2370 5095/1396/2370 5112/1395/2370
f 5090/1520/2371 5091/1525/2371 5100/1526/2371 5099/1521/2371
f 5097/1523/2372 5101/1514/2372 5102/1515/2372 5096/1524/2372
f 5116/1588/2389 5117/1589/2389 5118/1590/2389 5119/1591/2389
f 5120/1592/2390 5121/1593/2390 5122/1594/2390 5123/1595/2390
f 5091/1525/2409 5113/1624/2409 5115/1621/2409 5103/1510/2409 5100/1526/2409
f 5092/1605/2410 5114/1565/2410 5113/1564/2410 5091/1525/2410 5090/1520/2410
f 5099/1521/2430 5100/1526/2430 5116/1588/2430 5119/1591/2430 5098/1522/2430
f 5100/1526/2431 5103/1510/2431 5104/1511/2431 5117/1589/2431 5116/1588/2431
f 5098/1522/2432 5119/1591/2432 5118/1590/2432 5101/1514/2432 5097/1523/2432
f 5118/1590/2433 5117/1589/2433 5104/1511/2433 5105/1512/2433 5101/1514/2433
f 5123/1595/2434 5122/1594/2434 5107/1399/2434 5094/1402/2434 5089/1421/2434
f 5096/1524/2435 5102/1515/2435 5121/1593/2435 5120/1592/2435 5095/1396/2435
f 5095/1396/2436 5120/1592/2436 5123/1595/2436 5089/1421/2436 5088/1397/2436
f 5102/1515/2437 5106/1513/2437 5107/1399/2437 5122/1594/2437 5121/1593/2437
f 5148/1395/2438 5131/1396/2438 5124/1397/2438 5129/1398/2438
f 5124/1397/2447 5125/1421/2447 5130/1422/2447 5129/1423/2447
f 5137/1514/2514 5141/1512/2514 5142/1513/2514 5138/1515/2514
f 5128/1519/2517 5126/1520/2517 5135/1521/2517 5144/1433/2517
f 5144/1433/2518 5135/1521/2518 5134/1522/2518 5145/1434/2518
f 5145/1434/2519 5134/1522/2519 5133/1523/2519 5146/1436/2519
f 5146/1436/2520 5133/1523/2520 5132/1524/2520 5147/1438/2520
f 5147/1438/2521 5132/1524/2521 5131/1396/2521 5148/1395/2521
f 5126/1520/2522 5127/1525/2522 5136/1526/2522 5135/1521/2522
f 5133/1523/2523 5137/1514/2523 5138/1515/2523 5132/1524/2523
f 5149/1564/2534 5150/1565/2534 5151/1566/2534 5152/1567/2534
f 5153/1588/2540 5154/1589/2540 5155/1590/2540 5156/1591/2540
f 5157/1592/2541 5158/1593/2541 5159/1594/2541 5160/1595/2541
f 5127/1525/2560 5149/1624/2560 5152/1621/2560 5139/1510/2560 5136/1526/2560
f 5128/1605/2561 5150/1565/2561 5149/1564/2561 5127/1525/2561 5126/1520/2561
f 5135/1521/2581 5136/1526/2581 5153/1588/2581 5156/1591/2581 5134/1522/2581
f 5136/1526/2582 5139/1510/2582 5140/1511/2582 5154/1589/2582 5153/1588/2582
f 5134/1522/2583 5156/1591/2583 5155/1590/2583 5137/1514/2583 5133/1523/2583
f 5155/1590/2584 5154/1589/2584 5140/1511/2584 5141/1512/2584 5137/1514/2584
f 5160/1595/2585 5159/1594/2585 5143/1399/2585 5130/1402/2585 5125/1421/2585
f 5132/1524/2586 5138/1515/2586 5158/1593/2586 5157/1592/2586 5131/1396/2586
f 5131/1396/2587 5157/1592/2587 5160/1595/2587 5125/1421/2587 5124/1397/2587
f 5138/1515/2588 5142/1513/2588 5143/1399/2588 5159/1594/2588 5158/1593/2588
f 5170/1413/1700 5184/1414/1700 5165/1415/1700 5161/1416/1700
f 5163/1473/1732 5164/1468/1732 5180/1469/1732 5166/1474/1732
f 5166/1474/1733 5180/1469/1733 5181/1470/1733 5167/1475/1733
f 5167/1475/1734 5181/1470/1734 5182/1471/1734 5168/1476/1734
f 5168/1476/1735 5182/1471/1735 5183/1472/1735 5169/1477/1735
f 5169/1477/1736 5183/1472/1736 5184/1414/1736 5170/1413/1736
f 5175/1479/1767 5174/1516/1767 5173/1517/1767 5176/1480/1767
f 5176/1480/3789 5173/1517/3789 5172/1518/3789 5177/1482/3789
f 5161/1527/1776 5162/1528/1776 5171/1529/1776 5170/1530/1776
f 5168/1531/1777 5172/1532/1777 5173/1533/1777 5167/1534/1777
f 5167/1534/1778 5173/1533/1778 5174/1535/1778 5166/1536/1778
f 5185/1537/3791 5186/1538/3791 5187/1539/3791
f 5194/1584/3792 5195/1585/3792 5196/1586/3792 5197/1587/3792
f 5188/1596/1794 5190/1597/1794 5185/1598/1794 5187/1599/1794 5174/1516/1794 5175/1479/1794
f 5166/1536/1795 5174/1535/1795 5187/1539/1795 5186/1538/1795 5163/1600/1795
f 5163/1600/1796 5186/1538/1796 5185/1537/1796 5190/1551/1796 5189/1550/1796 5164/1601/1796
f 5179/1486/1826 5171/1641/1826 5162/1642/1826 5193/1643/1826 5192/1644/1826
f 5165/1628/1827 5191/1580/1827 5193/1583/1827 5162/1645/1827 5161/1646/1827
f 5170/1530/1829 5171/1529/1829 5194/1584/1829 5197/1587/1829 5169/1648/1829
f 5178/1484/1830 5195/1649/1830 5194/1650/1830 5171/1641/1830 5179/1486/1830
f 5169/1648/1831 5197/1587/1831 5196/1586/1831 5172/1532/1831 5168/1531/1831
f 5177/1482/1832 5172/1518/1832 5196/1651/1832 5195/1649/1832 5178/1484/1832
f 5207/1413/1848 5221/1414/1848 5202/1415/1848 5198/1416/1848
f 5200/1473/1881 5201/1468/1881 5217/1469/1881 5203/1474/1881
f 5203/1474/1882 5217/1469/1882 5218/1470/1882 5204/1475/1882
f 5204/1475/1883 5218/1470/1883 5219/1471/1883 5205/1476/1883
f 5205/1476/1884 5219/1471/1884 5220/1472/1884 5206/1477/1884
f 5206/1477/1885 5220/1472/1885 5221/1414/1885 5207/1413/1885
f 5212/1479/1916 5211/1516/1916 5210/1517/1916 5213/1480/1916
f 5213/1480/1917 5210/1517/1917 5209/1518/1917 5214/1482/1917
f 5198/1527/1925 5199/1528/1925 5208/1529/1925 5207/1530/1925
f 5205/1531/1926 5209/1532/1926 5210/1533/1926 5204/1534/1926
f 5204/1534/1927 5210/1533/1927 5211/1535/1927 5203/1536/1927
f 5222/1537/1928 5223/1538/1928 5224/1539/1928
f 5231/1584/2599 5232/1585/2599 5233/1586/2599 5234/1587/2599
f 5225/1596/1943 5227/1597/1943 5222/1598/1943 5224/1599/1943 5211/1516/1943 5212/1479/1943
f 5203/1536/1944 5211/1535/1944 5224/1539/1944 5223/1538/1944 5200/1600/1944
f 5200/1600/1945 5223/1538/1945 5222/1537/1945 5227/1551/1945 5226/1550/1945 5201/1601/1945
f 5216/1486/1975 5208/1641/1975 5199/1642/1975 5230/1643/1975 5229/1644/1975
f 5202/1628/1976 5228/1580/1976 5230/1583/1976 5199/1645/1976 5198/1646/1976
f 5207/1530/1978 5208/1529/1978 5231/1584/1978 5234/1587/1978 5206/1648/1978
f 5215/1484/1979 5232/1649/1979 5231/1650/1979 5208/1641/1979 5216/1486/1979
f 5206/1648/1980 5234/1587/1980 5233/1586/1980 5209/1532/1980 5205/1531/1980
f 5214/1482/1981 5209/1518/1981 5233/1651/1981 5232/1649/1981 5215/1484/1981
f 4908/1628/3793 4927/1414/3793 4926/1472/3793 4925/1471/3793 4924/1470/3793 4923/1469/3793 4907/1601/3793 4932/1550/3793 4933/1597/3793 4931/1596/3793 4918/1479/3793 4919/1480/3793 4920/1482/3793 4921/1484/3793 4922/1486/3793 4935/1644/3793 4936/1583/3793 4934/1580/3793
f 5165/1628/3794 5184/1414/3794 5183/1472/3794 5182/1471/3794 5181/1470/3794 5180/1469/3794 5164/1601/3794 5189/1550/3794 5190/1597/3794 5188/1596/3794 5175/1479/3794 5176/1480/3794 5177/1482/3794 5178/1484/3794 5179/1486/3794 5192/1644/3794 5193/1583/3794 5191/1580/3794
f 5202/1628/3795 5221/1414/3795 5220/1472/3795 5219/1471/3795 5218/1470/3795 5217/1469/3795 5201/1601/3795 5226/1550/3795 5227/1597/3795 5225/1596/3795 5212/1479/3795 5213/1480/3795 5214/1482/3795 5215/1484/3795 5216/1486/3795 5229/1644/3795 5230/1583/3795 5228/1580/3795
f 5058/1422/3796 5071/1399/3796 5070/1513/3796 5069/1512/3796 5068/1511/3796 5067/1510/3796 5079/1621/3796 5077/1564/3796 5078/1565/3796 5056/1519/3796 5072/1433/3796 5073/1434/3796 5074/1436/3796 5075/1438/3796 5076/1395/3796 5057/1423/3796
f 5094/1422/3797 5107/1399/3797 5106/1513/3797 5105/1512/3797 5104/1511/3797 5103/1510/3797 5115/1621/3797 5113/1564/3797 5114/1565/3797 5092/1519/3797 5108/1433/3797 5109/1434/3797 5110/1436/3797 5111/1438/3797 5112/1395/3797 5093/1423/3797
f 5130/1422/3798 5143/1399/3798 5142/1513/3798 5141/1512/3798 5140/1511/3798 5139/1510/3798 5152/1567/3798 5151/1566/3798 5150/1565/3798 5128/1519/3798 5144/1433/3798 5145/1434/3798 5146/1436/3798 5147/1438/3798 5148/1395/3798 5129/1423/3798
f 5019/1628/3799 5038/1414/3799 5037/1472/3799 5036/1471/3799 5035/1470/3799 5034/1469/3799 5018/1601/3799 5043/1550/3799 5044/1597/3799 5042/1596/3799 5029/1479/3799 5030/1480/3799 5031/1482/3799 5032/1484/3799 5033/1486/3799 5046/1644/3799 5047/1583/3799 5045/1580/3799
f 4945/1628/3794 4964/1414/3794 4963/1472/3794 4962/1471/3794 4961/1470/3794 4960/1469/3794 4944/1601/3794 4969/1550/3794 4970/1597/3794 4968/1596/3794 4955/1479/3794 4956/1480/3794 4957/1482/3794 4958/1484/3794 4959/1486/3794 4972/1644/3794 4973/1583/3794 4971/1580/3794
f 4982/1628/3795 5001/1414/3795 5000/1472/3795 4999/1471/3795 4998/1470/3795 4997/1469/3795 4981/1601/3795 5006/1550/3795 5007/1597/3795 5005/1596/3795 4992/1479/3795 4993/1480/3795 4994/1482/3795 4995/1484/3795 4996/1486/3795 5009/1644/3795 5010/1583/3795 5008/1580/3795
f 4871/1628/3800 4890/1414/3800 4889/1472/3800 4888/1471/3800 4887/1470/3800 4886/1469/3800 4870/1601/3800 4895/1550/3800 4896/1597/3800 4894/1596/3800 4881/1479/3800 4882/1480/3800 4883/1482/3800 4884/1484/3800 4885/1486/3800 4898/1644/3800 4899/1583/3800 4897/1580/3800
f 5359/1395/1395 5272/1396/1395 5238/1397/1395 5255/1398/1395
f 5284/1399/1396 5289/1400/1396 5257/1401/1396 5256/1402/1396
f 5289/1400/1397 5294/1403/1397 5258/1404/1397 5257/1401/1397
f 5294/1403/1398 5299/1405/1398 5259/1406/1398 5258/1404/1398
f 5299/1405/1399 5304/1407/1399 5260/1408/1399 5259/1406/1399
f 5304/1407/1400 5309/1409/1400 5261/1410/1400 5260/1408/1400
f 5309/1409/1401 5314/1411/1401 5262/1412/1401 5261/1410/1401
f 5267/1413/1402 5324/1414/1402 5251/1415/1402 5235/1416/1402
f 5334/1417/1403 5339/1418/1403 5253/1419/1403 5252/1420/1403
f 5238/1397/1404 5239/1421/1404 5256/1422/1404 5255/1423/1404
f 5253/1424/1405 5260/1425/1405 5261/1426/1405 5252/1427/1405
f 5244/1428/1406 5249/1429/1406 5250/1430/1406 5243/1431/1406
f 5350/1432/1407 5355/1433/1407 5356/1434/1407 5351/1435/1407
f 5351/1435/1408 5356/1434/1408 5357/1436/1408 5352/1437/1408
f 5352/1437/1409 5357/1436/1409 5358/1438/1409 5353/1439/1409
f 5353/1439/1410 5358/1438/1410 5359/1395/1410 5354/1440/1410
f 5345/1441/1411 5350/1432/1411 5351/1435/1411 5346/1442/1411
f 5346/1442/1412 5351/1435/1412 5352/1437/1412 5347/1443/1412
f 5347/1443/1413 5352/1437/1413 5353/1439/1413 5348/1444/1413
f 5348/1444/1414 5353/1439/1414 5354/1440/1414 5349/1445/1414
f 5244/1446/1415 5243/1447/1415 5345/1441/1415 5340/1448/1415
f 5340/1448/1416 5345/1441/1416 5346/1442/1416 5341/1449/1416
f 5341/1449/1417 5346/1442/1417 5347/1443/1417 5342/1450/1417
f 5342/1450/1418 5347/1443/1418 5348/1444/1418 5343/1451/1418
f 5343/1451/1419 5348/1444/1419 5349/1445/1419 5344/1452/1419
f 5335/1453/1420 5340/1448/1420 5341/1449/1420 5336/1454/1420
f 5336/1454/1419 5341/1449/1419 5342/1450/1419 5337/1455/1419
f 5337/1455/1421 5342/1450/1421 5343/1451/1421 5338/1456/1421
f 5338/1456/1422 5343/1451/1422 5344/1452/1422 5339/1418/1422
f 5330/1457/1423 5335/1453/1423 5336/1454/1423 5331/1458/1423
f 5331/1458/1419 5336/1454/1419 5337/1455/1419 5332/1459/1419
f 5332/1459/1421 5337/1455/1421 5338/1456/1421 5333/1460/1421
f 5333/1460/1424 5338/1456/1424 5339/1418/1424 5334/1417/1424
f 5246/1461/1425 5245/1462/1425 5330/1457/1425 5325/1463/1425
f 5325/1463/1426 5330/1457/1426 5331/1458/1426 5326/1464/1426
f 5326/1464/1427 5331/1458/1427 5332/1459/1427 5327/1465/1427
f 5327/1465/1428 5332/1459/1428 5333/1460/1428 5328/1466/1428
f 5328/1466/1429 5333/1460/1429 5334/1417/1429 5329/1467/1429
f 5247/1468/1430 5246/1461/1430 5325/1463/1430 5320/1469/1430
f 5320/1469/1431 5325/1463/1431 5326/1464/1431 5321/1470/1431
f 5321/1470/1432 5326/1464/1432 5327/1465/1432 5322/1471/1432
f 5322/1471/1433 5327/1465/1433 5328/1466/1433 5323/1472/1433
f 5323/1472/1434 5328/1466/1434 5329/1467/1434 5324/1414/1434
f 5237/1473/1435 5247/1468/1435 5320/1469/1435 5263/1474/1435
f 5263/1474/1436 5320/1469/1436 5321/1470/1436 5264/1475/1436
f 5264/1475/1437 5321/1470/1437 5322/1471/1437 5265/1476/1437
f 5265/1476/1438 5322/1471/1438 5323/1472/1438 5266/1477/1438
f 5266/1477/1439 5323/1472/1439 5324/1414/1439 5267/1413/1439
f 5310/1478/1440 5315/1479/1440 5316/1480/1440 5311/1481/1440
f 5311/1481/1441 5316/1480/1441 5317/1482/1441 5312/1483/1441
f 5312/1483/1442 5317/1482/1442 5318/1484/1442 5313/1485/1442
f 5313/1485/1443 5318/1484/1443 5319/1486/1443 5314/1411/1443
f 5305/1487/1444 5310/1478/1444 5311/1481/1444 5306/1488/1444
f 5306/1488/1445 5311/1481/1445 5312/1483/1445 5307/1489/1445
f 5307/1489/1446 5312/1483/1446 5313/1485/1446 5308/1490/1446
f 5308/1490/1447 5313/1485/1447 5314/1411/1447 5309/1409/1447
f 5300/1491/1448 5305/1487/1448 5306/1488/1448 5301/1492/1448
f 5301/1492/1449 5306/1488/1449 5307/1489/1449 5302/1493/1449
f 5302/1493/1450 5307/1489/1450 5308/1490/1450 5303/1494/1450
f 5303/1494/1451 5308/1490/1451 5309/1409/1451 5304/1407/1451
f 5249/1495/1452 5248/1496/1452 5300/1491/1452 5295/1497/1452
f 5295/1497/1453 5300/1491/1453 5301/1492/1453 5296/1498/1453
f 5296/1498/1454 5301/1492/1454 5302/1493/1454 5297/1499/1454
f 5297/1499/1455 5302/1493/1455 5303/1494/1455 5298/1500/1455
f 5298/1500/1451 5303/1494/1451 5304/1407/1451 5299/1405/1451
f 5250/1501/1456 5249/1495/1456 5295/1497/1456 5290/1502/1456
f 5290/1502/1457 5295/1497/1457 5296/1498/1457 5291/1503/1457
f 5291/1503/1458 5296/1498/1458 5297/1499/1458 5292/1504/1458
f 5292/1504/1459 5297/1499/1459 5298/1500/1459 5293/1505/1459
f 5293/1505/1460 5298/1500/1460 5299/1405/1460 5294/1403/1460
f 5285/1506/1461 5290/1502/1461 5291/1503/1461 5286/1507/1461
f 5286/1507/1462 5291/1503/1462 5292/1504/1462 5287/1508/1462
f 5287/1508/1463 5292/1504/1463 5293/1505/1463 5288/1509/1463
f 5288/1509/1464 5293/1505/1464 5294/1403/1464 5289/1400/1464
f 5280/1510/1465 5285/1506/1465 5286/1507/1465 5281/1511/1465
f 5281/1511/1466 5286/1507/1466 5287/1508/1466 5282/1512/1466
f 5282/1512/1467 5287/1508/1467 5288/1509/1467 5283/1513/1467
f 5283/1513/1468 5288/1509/1468 5289/1400/1468 5284/1399/1468
f 5278/1514/1469 5282/1512/1469 5283/1513/1469 5279/1515/1469
f 5315/1479/1470 5271/1516/1470 5270/1517/1470 5316/1480/1470
f 5316/1480/1471 5270/1517/1471 5269/1518/1471 5317/1482/1471
f 5242/1519/1472 5240/1520/1472 5276/1521/1472 5355/1433/1472
f 5355/1433/1473 5276/1521/1473 5275/1522/1473 5356/1434/1473
f 5356/1434/1474 5275/1522/1474 5274/1523/1474 5357/1436/1474
f 5357/1436/1475 5274/1523/1475 5273/1524/1475 5358/1438/1475
f 5358/1438/1476 5273/1524/1476 5272/1396/1476 5359/1395/1476
f 5240/1520/1477 5241/1525/1477 5277/1526/1477 5276/1521/1477
f 5274/1523/1478 5278/1514/1478 5279/1515/1478 5273/1524/1478
f 5235/1527/1479 5236/1528/1479 5268/1529/1479 5267/1530/1479
f 5265/1531/1480 5269/1532/1480 5270/1533/1480 5264/1534/1480
f 5264/1534/1481 5270/1533/1481 5271/1535/1481 5263/1536/1481
f 5360/1537/1482 5361/1538/1482 5362/1539/1482
f 5363/1540/1483 5364/1541/1483 5365/1542/1483 5366/1543/1483
f 5367/1544/1484 5368/1545/1484 5369/1546/1484 5370/1547/1484
f 5371/1548/1485 5372/1549/1485 5373/1550/1485 5374/1551/1485
f 5375/1552/1486 5376/1553/1486 5377/1554/1486 5378/1555/1486
f 5379/1556/1487 5380/1557/1487 5381/1558/1487 5382/1559/1487
f 5387/1564/1489 5388/1565/1489 5389/1566/1489 5390/1567/1489
f 5395/1572/3802 5396/1573/3802 5397/1574/3802 5398/1575/3802
f 5399/1576/1492 5400/1577/1492 5401/1578/1492 5402/1579/1492
f 5403/1580/1493 5404/1581/1493 5405/1582/1493 5406/1583/1493
f 5407/1584/1494 5408/1585/1494 5409/1586/1494 5410/1587/1494
f 5411/1588/3803 5412/1589/3803 5413/1590/3803 5414/1591/3803
f 5415/1592/1496 5416/1593/1496 5417/1594/1496 5418/1595/1496
f 5371/1596/1497 5374/1597/1497 5360/1598/1497 5362/1599/1497 5271/1516/1497 5315/1479/1497
f 5263/1536/1498 5271/1535/1498 5362/1539/1498 5361/1538/1498 5237/1600/1498
f 5237/1600/1499 5361/1538/1499 5360/1537/1499 5374/1551/1499 5373/1550/1499 5247/1601/1499
f 5363/1540/1500 5366/1543/1500 5242/1519/1500 5355/1433/1500 5350/1432/1500
f 5243/1431/1501 5250/1430/1501 5386/1563/1501 5385/1562/1501 5365/1602/1501 5364/1603/1501
f 5366/1604/1502 5365/1602/1502 5385/1562/1502 5384/1561/1502 5389/1566/1502 5388/1565/1502 5242/1605/1502
f 5243/1447/1503 5364/1541/1503 5363/1540/1503 5350/1432/1503 5345/1441/1503
f 5367/1544/1504 5370/1547/1504 5244/1446/1504 5340/1448/1504 5335/1453/1504
f 5245/1606/1505 5381/1558/1505 5380/1557/1505 5248/1607/1505 5369/1608/1505 5368/1609/1505
f 5370/1610/1506 5369/1608/1506 5248/1607/1506 5249/1429/1506 5244/1428/1506
f 5245/1462/3804 5368/1545/3804 5367/1544/3804 5335/1453/3804 5330/1457/3804
f 5247/1601/1508 5373/1550/1508 5372/1549/1508 5378/1555/1508 5377/1554/1508 5246/1611/1508
f 5375/1612/1509 5378/1613/1509 5372/1614/1509 5371/1596/1509 5315/1479/1509 5310/1478/1509
f 5246/1611/1510 5377/1554/1510 5376/1553/1510 5382/1559/1510 5381/1558/1510 5245/1606/1510
f 5379/1615/1511 5382/1616/1511 5376/1617/1511 5375/1612/1511 5310/1478/1511 5305/1487/1511
f 5248/1496/3805 5380/1618/3805 5379/1615/3805 5305/1487/3805 5300/1491/3805
f 5383/1619/1513 5386/1620/1513 5250/1501/1513 5290/1502/1513 5285/1506/1513
f 5390/1621/1514 5389/1622/1514 5384/1623/1514 5383/1619/1514 5285/1506/1514 5280/1510/1514
f 5241/1525/1515 5387/1624/1515 5390/1621/1515 5280/1510/1515 5277/1526/1515
f 5242/1605/1516 5388/1565/1516 5387/1564/1516 5241/1525/1516 5240/1520/1516
f 5391/1625/1517 5394/1626/1517 5262/1627/1517 5404/1581/1517 5403/1580/1517 5251/1628/1517
f 5324/1414/1518 5329/1467/1518 5392/1569/1518 5391/1568/1518 5251/1415/1518
f 5252/1427/1519 5261/1426/1519 5262/1627/1519 5394/1626/1519 5393/1629/1519
f 5329/1467/1520 5334/1417/1520 5252/1420/1520 5393/1570/1520 5392/1569/1520
f 5395/1630/1521 5398/1631/1521 5259/1632/1521 5260/1425/1521 5253/1424/1521
f 5339/1418/1522 5344/1452/1522 5396/1573/1522 5395/1572/1522 5253/1419/1522
f 5254/1633/1523 5258/1634/1523 5259/1632/1523 5398/1631/1523 5397/1635/1523
f 5344/1452/1524 5349/1445/1524 5254/1636/1524 5397/1574/1524 5396/1573/1524
f 5399/1637/1525 5402/1638/1525 5257/1639/1525 5258/1634/1525 5254/1633/1525
f 5349/1445/1526 5354/1440/1526 5400/1577/1526 5399/1576/1526 5254/1636/1526
f 5255/1423/1527 5256/1422/1527 5257/1639/1527 5402/1638/1527 5401/1640/1527
f 5354/1440/1528 5359/1395/1528 5255/1398/1528 5401/1578/1528 5400/1577/1528
f 5319/1486/1529 5268/1641/1529 5236/1642/1529 5406/1643/1529 5405/1644/1529
f 5251/1628/1530 5403/1580/1530 5406/1583/1530 5236/1645/1530 5235/1646/1530
f 5314/1411/1531 5319/1486/1531 5405/1644/1531 5404/1647/1531 5262/1412/1531
f 5267/1530/1532 5268/1529/1532 5407/1584/1532 5410/1587/1532 5266/1648/1532
f 5318/1484/1533 5408/1649/1533 5407/1650/1533 5268/1641/1533 5319/1486/1533
f 5266/1648/1534 5410/1587/1534 5409/1586/1534 5269/1532/1534 5265/1531/1534
f 5317/1482/1535 5269/1518/1535 5409/1651/1535 5408/1649/1535 5318/1484/1535
f 5276/1521/1536 5277/1526/1536 5411/1588/1536 5414/1591/1536 5275/1522/1536
f 5277/1526/1537 5280/1510/1537 5281/1511/1537 5412/1589/1537 5411/1588/1537
f 5275/1522/1538 5414/1591/1538 5413/1590/1538 5278/1514/1538 5274/1523/1538
f 5413/1590/1539 5412/1589/1539 5281/1511/1539 5282/1512/1539 5278/1514/1539
f 5418/1595/1540 5417/1594/1540 5284/1399/1540 5256/1402/1540 5239/1421/1540
f 5273/1524/1541 5279/1515/1541 5416/1593/1541 5415/1592/1541 5272/1396/1541
f 5272/1396/1542 5415/1592/1542 5418/1595/1542 5239/1421/1542 5238/1397/1542
f 5279/1515/1543 5283/1513/1543 5284/1399/1543 5417/1594/1543 5416/1593/1543
f 5543/1395/1544 5456/1396/1544 5422/1397/1544 5439/1398/1544
f 5468/1399/1545 5473/1400/1545 5441/1401/1545 5440/1402/1545
f 5473/1400/1546 5478/1403/1546 5442/1404/1546 5441/1401/1546
f 5478/1403/1547 5483/1405/1547 5443/1406/1547 5442/1404/1547
f 5483/1405/1548 5488/1407/1548 5444/1408/1548 5443/1406/1548
f 5488/1407/1549 5493/1409/1549 5445/1410/1549 5444/1408/1549
f 5493/1409/1550 5498/1411/1550 5446/1412/1550 5445/1410/1550
f 5451/1413/1551 5508/1414/1551 5435/1415/1551 5419/1416/1551
f 5518/1417/1552 5523/1418/1552 5437/1419/1552 5436/1420/1552
f 5422/1397/1553 5423/1421/1553 5440/1422/1553 5439/1423/1553
f 5437/1424/1554 5444/1425/1554 5445/1426/1554 5436/1427/1554
f 5428/1428/1555 5433/1429/1555 5434/1430/1555 5427/1431/1555
f 5534/1432/1556 5539/1433/1556 5540/1434/1556 5535/1435/1556
f 5535/1435/1557 5540/1434/1557 5541/1436/1557 5536/1437/1557
f 5536/1437/1558 5541/1436/1558 5542/1438/1558 5537/1439/1558
f 5537/1439/3806 5542/1438/3806 5543/1395/3806 5538/1440/3806
f 5529/1441/1560 5534/1432/1560 5535/1435/1560 5530/1442/1560
f 5530/1442/1561 5535/1435/1561 5536/1437/1561 5531/1443/1561
f 5531/1443/1562 5536/1437/1562 5537/1439/1562 5532/1444/1562
f 5532/1444/1563 5537/1439/1563 5538/1440/1563 5533/1445/1563
f 5428/1446/1564 5427/1447/1564 5529/1441/1564 5524/1448/1564
f 5524/1448/1565 5529/1441/1565 5530/1442/1565 5525/1449/1565
f 5525/1449/1566 5530/1442/1566 5531/1443/1566 5526/1450/1566
f 5526/1450/1567 5531/1443/1567 5532/1444/1567 5527/1451/1567
f 5527/1451/1568 5532/1444/1568 5533/1445/1568 5528/1452/1568
f 5519/1453/1569 5524/1448/1569 5525/1449/1569 5520/1454/1569
f 5520/1454/1570 5525/1449/1570 5526/1450/1570 5521/1455/1570
f 5521/1455/1568 5526/1450/1568 5527/1451/1568 5522/1456/1568
f 5522/1456/1571 5527/1451/1571 5528/1452/1571 5523/1418/1571
f 5514/1457/1572 5519/1453/1572 5520/1454/1572 5515/1458/1572
f 5515/1458/1570 5520/1454/1570 5521/1455/1570 5516/1459/1570
f 5516/1459/1568 5521/1455/1568 5522/1456/1568 5517/1460/1568
f 5517/1460/1573 5522/1456/1573 5523/1418/1573 5518/1417/1573
f 5430/1461/1574 5429/1462/1574 5514/1457/1574 5509/1463/1574
f 5509/1463/1575 5514/1457/1575 5515/1458/1575 5510/1464/1575
f 5510/1464/1576 5515/1458/1576 5516/1459/1576 5511/1465/1576
f 5511/1465/1577 5516/1459/1577 5517/1460/1577 5512/1466/1577
f 5512/1466/1578 5517/1460/1578 5518/1417/1578 5513/1467/1578
f 5431/1468/1579 5430/1461/1579 5509/1463/1579 5504/1469/1579
f 5504/1469/1580 5509/1463/1580 5510/1464/1580 5505/1470/1580
f 5505/1470/1581 5510/1464/1581 5511/1465/1581 5506/1471/1581
f 5506/1471/1582 5511/1465/1582 5512/1466/1582 5507/1472/1582
f 5507/1472/1583 5512/1466/1583 5513/1467/1583 5508/1414/1583
f 5421/1473/1584 5431/1468/1584 5504/1469/1584 5447/1474/1584
f 5447/1474/1585 5504/1469/1585 5505/1470/1585 5448/1475/1585
f 5448/1475/1586 5505/1470/1586 5506/1471/1586 5449/1476/1586
f 5449/1476/1587 5506/1471/1587 5507/1472/1587 5450/1477/1587
f 5450/1477/1588 5507/1472/1588 5508/1414/1588 5451/1413/1588
f 5494/1478/1589 5499/1479/1589 5500/1480/1589 5495/1481/1589
f 5495/1481/1590 5500/1480/1590 5501/1482/1590 5496/1483/1590
f 5496/1483/1591 5501/1482/1591 5502/1484/1591 5497/1485/1591
f 5497/1485/1592 5502/1484/1592 5503/1486/1592 5498/1411/1592
f 5489/1487/1593 5494/1478/1593 5495/1481/1593 5490/1488/1593
f 5490/1488/1594 5495/1481/1594 5496/1483/1594 5491/1489/1594
f 5491/1489/1595 5496/1483/1595 5497/1485/1595 5492/1490/1595
f 5492/1490/1596 5497/1485/1596 5498/1411/1596 5493/1409/1596
f 5484/1491/1597 5489/1487/1597 5490/1488/1597 5485/1492/1597
f 5485/1492/1598 5490/1488/1598 5491/1489/1598 5486/1493/1598
f 5486/1493/1599 5491/1489/1599 5492/1490/1599 5487/1494/1599
f 5487/1494/1600 5492/1490/1600 5493/1409/1600 5488/1407/1600
f 5433/1495/1601 5432/1496/1601 5484/1491/1601 5479/1497/1601
f 5479/1497/1602 5484/1491/1602 5485/1492/1602 5480/1498/1602
f 5480/1498/1603 5485/1492/1603 5486/1493/1603 5481/1499/1603
f 5481/1499/1604 5486/1493/1604 5487/1494/1604 5482/1500/1604
f 5482/1500/1600 5487/1494/1600 5488/1407/1600 5483/1405/1600
f 5434/1501/1605 5433/1495/1605 5479/1497/1605 5474/1502/1605
f 5474/1502/1606 5479/1497/1606 5480/1498/1606 5475/1503/1606
f 5475/1503/1607 5480/1498/1607 5481/1499/1607 5476/1504/1607
f 5476/1504/1608 5481/1499/1608 5482/1500/1608 5477/1505/1608
f 5477/1505/1609 5482/1500/1609 5483/1405/1609 5478/1403/1609
f 5469/1506/1610 5474/1502/1610 5475/1503/1610 5470/1507/1610
f 5470/1507/1611 5475/1503/1611 5476/1504/1611 5471/1508/1611
f 5471/1508/1612 5476/1504/1612 5477/1505/1612 5472/1509/1612
f 5472/1509/1613 5477/1505/1613 5478/1403/1613 5473/1400/1613
f 5464/1510/1614 5469/1506/1614 5470/1507/1614 5465/1511/1614
f 5465/1511/1615 5470/1507/1615 5471/1508/1615 5466/1512/1615
f 5466/1512/1616 5471/1508/1616 5472/1509/1616 5467/1513/1616
f 5467/1513/1617 5472/1509/1617 5473/1400/1617 5468/1399/1617
f 5462/1514/1618 5466/1512/1618 5467/1513/1618 5463/1515/1618
f 5499/1479/1619 5455/1516/1619 5454/1517/1619 5500/1480/1619
f 5500/1480/1620 5454/1517/1620 5453/1518/1620 5501/1482/1620
f 5426/1519/1621 5424/1520/1621 5460/1521/1621 5539/1433/1621
f 5539/1433/1622 5460/1521/1622 5459/1522/1622 5540/1434/1622
f 5540/1434/1623 5459/1522/1623 5458/1523/1623 5541/1436/1623
f 5541/1436/1624 5458/1523/1624 5457/1524/1624 5542/1438/1624
f 5542/1438/1625 5457/1524/1625 5456/1396/1625 5543/1395/1625
f 5424/1520/1626 5425/1525/1626 5461/1526/1626 5460/1521/1626
f 5458/1523/1627 5462/1514/1627 5463/1515/1627 5457/1524/1627
f 5419/1527/1628 5420/1528/1628 5452/1529/1628 5451/1530/1628
f 5449/1531/1629 5453/1532/1629 5454/1533/1629 5448/1534/1629
f 5448/1534/1630 5454/1533/1630 5455/1535/1630 5447/1536/1630
f 5544/1537/1631 5545/1538/1631 5546/1539/1631
f 5547/1540/1632 5548/1541/1632 5549/1542/1632 5550/1543/1632
f 5551/1544/1633 5552/1545/1633 5553/1546/1633 5554/1547/1633
f 5555/1548/1634 5556/1549/1634 5557/1550/1634 5558/1551/1634
f 5559/1552/1635 5560/1553/1635 5561/1554/1635 5562/1555/1635
f 5563/1556/1636 5564/1557/1636 5565/1558/1636 5566/1559/1636
f 5571/1564/1638 5572/1565/1638 5573/1566/1638 5574/1567/1638
f 5579/1572/1640 5580/1573/1640 5581/1574/1640 5582/1575/1640
f 5583/1576/1641 5584/1577/1641 5585/1578/1641 5586/1579/1641
f 5587/1580/1642 5588/1581/1642 5589/1582/1642 5590/1583/1642
f 5591/1584/1643 5592/1585/1643 5593/1586/1643 5594/1587/1643
f 5595/1588/1644 5596/1589/1644 5597/1590/1644 5598/1591/1644
f 5599/1592/1645 5600/1593/1645 5601/1594/1645 5602/1595/1645
f 5555/1596/1646 5558/1597/1646 5544/1598/1646 5546/1599/1646 5455/1516/1646 5499/1479/1646
f 5447/1536/1647 5455/1535/1647 5546/1539/1647 5545/1538/1647 5421/1600/1647
f 5421/1600/1648 5545/1538/1648 5544/1537/1648 5558/1551/1648 5557/1550/1648 5431/1601/1648
f 5547/1540/1649 5550/1543/1649 5426/1519/1649 5539/1433/1649 5534/1432/1649
f 5427/1431/1650 5434/1430/1650 5570/1563/1650 5569/1562/1650 5549/1602/1650 5548/1603/1650
f 5550/1604/1651 5549/1602/1651 5569/1562/1651 5568/1561/1651 5573/1566/1651 5572/1565/1651 5426/1605/1651
f 5427/1447/1652 5548/1541/1652 5547/1540/1652 5534/1432/1652 5529/1441/1652
f 5551/1544/1653 5554/1547/1653 5428/1446/1653 5524/1448/1653 5519/1453/1653
f 5429/1606/1654 5565/1558/1654 5564/1557/1654 5432/1607/1654 5553/1608/1654 5552/1609/1654
f 5554/1610/1655 5553/1608/1655 5432/1607/1655 5433/1429/1655 5428/1428/1655
f 5429/1462/1656 5552/1545/1656 5551/1544/1656 5519/1453/1656 5514/1457/1656
f 5431/1601/1657 5557/1550/1657 5556/1549/1657 5562/1555/1657 5561/1554/1657 5430/1611/1657
f 5559/1612/1658 5562/1613/1658 5556/1614/1658 5555/1596/1658 5499/1479/1658 5494/1478/1658
f 5430/1611/1659 5561/1554/1659 5560/1553/1659 5566/1559/1659 5565/1558/1659 5429/1606/1659
f 5563/1615/1660 5566/1616/1660 5560/1617/1660 5559/1612/1660 5494/1478/1660 5489/1487/1660
f 5432/1496/1661 5564/1618/1661 5563/1615/1661 5489/1487/1661 5484/1491/1661
f 5567/1619/1662 5570/1620/1662 5434/1501/1662 5474/1502/1662 5469/1506/1662
f 5574/1621/1663 5573/1622/1663 5568/1623/1663 5567/1619/1663 5469/1506/1663 5464/1510/1663
f 5425/1525/1664 5571/1624/1664 5574/1621/1664 5464/1510/1664 5461/1526/1664
f 5426/1605/1665 5572/1565/1665 5571/1564/1665 5425/1525/1665 5424/1520/1665
f 5575/1625/1666 5578/1626/1666 5446/1627/1666 5588/1581/1666 5587/1580/1666 5435/1628/1666
f 5508/1414/1667 5513/1467/1667 5576/1569/1667 5575/1568/1667 5435/1415/1667
f 5436/1427/1668 5445/1426/1668 5446/1627/1668 5578/1626/1668 5577/1629/1668
f 5513/1467/1669 5518/1417/1669 5436/1420/1669 5577/1570/1669 5576/1569/1669
f 5579/1630/1670 5582/1631/1670 5443/1632/1670 5444/1425/1670 5437/1424/1670
f 5523/1418/1671 5528/1452/1671 5580/1573/1671 5579/1572/1671 5437/1419/1671
f 5438/1633/1672 5442/1634/1672 5443/1632/1672 5582/1631/1672 5581/1635/1672
f 5528/1452/1673 5533/1445/1673 5438/1636/1673 5581/1574/1673 5580/1573/1673
f 5583/1637/1674 5586/1638/1674 5441/1639/1674 5442/1634/1674 5438/1633/1674
f 5533/1445/1675 5538/1440/1675 5584/1577/1675 5583/1576/1675 5438/1636/1675
f 5439/1423/1676 5440/1422/1676 5441/1639/1676 5586/1638/1676 5585/1640/1676
f 5538/1440/1677 5543/1395/1677 5439/1398/1677 5585/1578/1677 5584/1577/1677
f 5503/1486/1678 5452/1641/1678 5420/1642/1678 5590/1643/1678 5589/1644/1678
f 5435/1628/1679 5587/1580/1679 5590/1583/1679 5420/1645/1679 5419/1646/1679
f 5498/1411/1680 5503/1486/1680 5589/1644/1680 5588/1647/1680 5446/1412/1680
f 5451/1530/1681 5452/1529/1681 5591/1584/1681 5594/1587/1681 5450/1648/1681
f 5502/1484/1682 5592/1649/1682 5591/1650/1682 5452/1641/1682 5503/1486/1682
f 5450/1648/1683 5594/1587/1683 5593/1586/1683 5453/1532/1683 5449/1531/1683
f 5501/1482/1684 5453/1518/1684 5593/1651/1684 5592/1649/1684 5502/1484/1684
f 5460/1521/1685 5461/1526/1685 5595/1588/1685 5598/1591/1685 5459/1522/1685
f 5461/1526/1686 5464/1510/1686 5465/1511/1686 5596/1589/1686 5595/1588/1686
f 5459/1522/1687 5598/1591/1687 5597/1590/1687 5462/1514/1687 5458/1523/1687
f 5597/1590/1688 5596/1589/1688 5465/1511/1688 5466/1512/1688 5462/1514/1688
f 5602/1595/1689 5601/1594/1689 5468/1399/1689 5440/1402/1689 5423/1421/1689
f 5457/1524/1690 5463/1515/1690 5600/1593/1690 5599/1592/1690 5456/1396/1690
f 5456/1396/1691 5599/1592/1691 5602/1595/1691 5423/1421/1691 5422/1397/1691
f 5463/1515/1692 5467/1513/1692 5468/1399/1692 5601/1594/1692 5600/1593/1692
f 5727/1395/1693 5640/1396/1693 5606/1397/1693 5623/1398/1693
f 5652/1399/1694 5657/1400/1694 5625/1401/1694 5624/1402/1694
f 5657/1400/1695 5662/1403/1695 5626/1404/1695 5625/1401/1695
f 5662/1403/1696 5667/1405/1696 5627/1406/1696 5626/1404/1696
f 5667/1405/1697 5672/1407/1697 5628/1408/1697 5627/1406/1697
f 5672/1407/1698 5677/1409/1698 5629/1410/1698 5628/1408/1698
f 5677/1409/1699 5682/1411/1699 5630/1412/1699 5629/1410/1699
f 5635/1413/1700 5692/1414/1700 5619/1415/1700 5603/1416/1700
f 5702/1417/1701 5707/1418/1701 5621/1419/1701 5620/1420/1701
f 5606/1397/1702 5607/1421/1702 5624/1422/1702 5623/1423/1702
f 5621/1424/1703 5628/1425/1703 5629/1426/1703 5620/1427/1703
f 5612/1428/1704 5617/1429/1704 5618/1430/1704 5611/1431/1704
f 5718/1432/1705 5723/1433/1705 5724/1434/1705 5719/1435/1705
f 5719/1435/1706 5724/1434/1706 5725/1436/1706 5720/1437/1706
f 5720/1437/1707 5725/1436/1707 5726/1438/1707 5721/1439/1707
f 5721/1439/1708 5726/1438/1708 5727/1395/1708 5722/1440/1708
f 5713/1441/1709 5718/1432/1709 5719/1435/1709 5714/1442/1709
f 5714/1442/1710 5719/1435/1710 5720/1437/1710 5715/1443/1710
f 5715/1443/1711 5720/1437/1711 5721/1439/1711 5716/1444/1711
f 5716/1444/1712 5721/1439/1712 5722/1440/1712 5717/1445/1712
f 5612/1446/1713 5611/1447/1713 5713/1441/1713 5708/1448/1713
f 5708/1448/1714 5713/1441/1714 5714/1442/1714 5709/1449/1714
f 5709/1449/1715 5714/1442/1715 5715/1443/1715 5710/1450/1715
f 5710/1450/1716 5715/1443/1716 5716/1444/1716 5711/1451/1716
f 5711/1451/1717 5716/1444/1717 5717/1445/1717 5712/1452/1717
f 5703/1453/1718 5708/1448/1718 5709/1449/1718 5704/1454/1718
f 5704/1454/1717 5709/1449/1717 5710/1450/1717 5705/1455/1717
f 5705/1455/1719 5710/1450/1719 5711/1451/1719 5706/1456/1719
f 5706/1456/1720 5711/1451/1720 5712/1452/1720 5707/1418/1720
f 5698/1457/1712 5703/1453/1712 5704/1454/1712 5699/1458/1712
f 5699/1458/1717 5704/1454/1717 5705/1455/1717 5700/1459/1717
f 5700/1459/1719 5705/1455/1719 5706/1456/1719 5701/1460/1719
f 5701/1460/1721 5706/1456/1721 5707/1418/1721 5702/1417/1721
f 5614/1461/1722 5613/1462/1722 5698/1457/1722 5693/1463/1722
f 5693/1463/1723 5698/1457/1723 5699/1458/1723 5694/1464/1723
f 5694/1464/1724 5699/1458/1724 5700/1459/1724 5695/1465/1724
f 5695/1465/1725 5700/1459/1725 5701/1460/1725 5696/1466/1725
f 5696/1466/1726 5701/1460/1726 5702/1417/1726 5697/1467/1726
f 5615/1468/1727 5614/1461/1727 5693/1463/1727 5688/1469/1727
f 5688/1469/1728 5693/1463/1728 5694/1464/1728 5689/1470/1728
f 5689/1470/1729 5694/1464/1729 5695/1465/1729 5690/1471/1729
f 5690/1471/1730 5695/1465/1730 5696/1466/1730 5691/1472/1730
f 5691/1472/1731 5696/1466/1731 5697/1467/1731 5692/1414/1731
f 5605/1473/1732 5615/1468/1732 5688/1469/1732 5631/1474/1732
f 5631/1474/1733 5688/1469/1733 5689/1470/1733 5632/1475/1733
f 5632/1475/1734 5689/1470/1734 5690/1471/1734 5633/1476/1734
f 5633/1476/1735 5690/1471/1735 5691/1472/1735 5634/1477/1735
f 5634/1477/1736 5691/1472/1736 5692/1414/1736 5635/1413/1736
f 5678/1478/1737 5683/1479/1737 5684/1480/1737 5679/1481/1737
f 5679/1481/1738 5684/1480/1738 5685/1482/1738 5680/1483/1738
f 5680/1483/1739 5685/1482/1739 5686/1484/1739 5681/1485/1739
f 5681/1485/1740 5686/1484/1740 5687/1486/1740 5682/1411/1740
f 5673/1487/1741 5678/1478/1741 5679/1481/1741 5674/1488/1741
f 5674/1488/1742 5679/1481/1742 5680/1483/1742 5675/1489/1742
f 5675/1489/1743 5680/1483/1743 5681/1485/1743 5676/1490/1743
f 5676/1490/1744 5681/1485/1744 5682/1411/1744 5677/1409/1744
f 5668/1491/1745 5673/1487/1745 5674/1488/1745 5669/1492/1745
f 5669/1492/1746 5674/1488/1746 5675/1489/1746 5670/1493/1746
f 5670/1493/1747 5675/1489/1747 5676/1490/1747 5671/1494/1747
f 5671/1494/1748 5676/1490/1748 5677/1409/1748 5672/1407/1748
f 5617/1495/1749 5616/1496/1749 5668/1491/1749 5663/1497/1749
f 5663/1497/1750 5668/1491/1750 5669/1492/1750 5664/1498/1750
f 5664/1498/1751 5669/1492/1751 5670/1493/1751 5665/1499/1751
f 5665/1499/1752 5670/1493/1752 5671/1494/1752 5666/1500/1752
f 5666/1500/1748 5671/1494/1748 5672/1407/1748 5667/1405/1748
f 5618/1501/1753 5617/1495/1753 5663/1497/1753 5658/1502/1753
f 5658/1502/1754 5663/1497/1754 5664/1498/1754 5659/1503/1754
f 5659/1503/1755 5664/1498/1755 5665/1499/1755 5660/1504/1755
f 5660/1504/1756 5665/1499/1756 5666/1500/1756 5661/1505/1756
f 5661/1505/1757 5666/1500/1757 5667/1405/1757 5662/1403/1757
f 5653/1506/1758 5658/1502/1758 5659/1503/1758 5654/1507/1758
f 5654/1507/1759 5659/1503/1759 5660/1504/1759 5655/1508/1759
f 5655/1508/1760 5660/1504/1760 5661/1505/1760 5656/1509/1760
f 5656/1509/1761 5661/1505/1761 5662/1403/1761 5657/1400/1761
f 5648/1510/1762 5653/1506/1762 5654/1507/1762 5649/1511/1762
f 5649/1511/1763 5654/1507/1763 5655/1508/1763 5650/1512/1763
f 5650/1512/1764 5655/1508/1764 5656/1509/1764 5651/1513/1764
f 5651/1513/1765 5656/1509/1765 5657/1400/1765 5652/1399/1765
f 5646/1514/1766 5650/1512/1766 5651/1513/1766 5647/1515/1766
f 5683/1479/1767 5639/1516/1767 5638/1517/1767 5684/1480/1767
f 5684/1480/1768 5638/1517/1768 5637/1518/1768 5685/1482/1768
f 5610/1519/1769 5608/1520/1769 5644/1521/1769 5723/1433/1769
f 5723/1433/1770 5644/1521/1770 5643/1522/1770 5724/1434/1770
f 5724/1434/1771 5643/1522/1771 5642/1523/1771 5725/1436/1771
f 5725/1436/1772 5642/1523/1772 5641/1524/1772 5726/1438/1772
f 5726/1438/1773 5641/1524/1773 5640/1396/1773 5727/1395/1773
f 5608/1520/1774 5609/1525/1774 5645/1526/1774 5644/1521/1774
f 5642/1523/1775 5646/1514/1775 5647/1515/1775 5641/1524/1775
f 5603/1527/1776 5604/1528/1776 5636/1529/1776 5635/1530/1776
f 5633/1531/1777 5637/1532/1777 5638/1533/1777 5632/1534/1777
f 5632/1534/1778 5638/1533/1778 5639/1535/1778 5631/1536/1778
f 5728/1537/1779 5729/1538/1779 5730/1539/1779
f 5731/1540/3807 5732/1541/3807 5733/1542/3807 5734/1543/3807
f 5735/1544/1781 5736/1545/1781 5737/1546/1781 5738/1547/1781
f 5739/1548/1782 5740/1549/1782 5741/1550/1782 5742/1551/1782
f 5743/1552/1783 5744/1553/1783 5745/1554/1783 5746/1555/1783
f 5747/1556/1784 5748/1557/1784 5749/1558/1784 5750/1559/1784
f 5755/1564/1786 5756/1565/1786 5757/1566/1786 5758/1567/1786
f 5763/1572/1788 5764/1573/1788 5765/1574/1788 5766/1575/1788
f 5767/1576/1789 5768/1577/1789 5769/1578/1789 5770/1579/1789
f 5771/1580/1790 5772/1581/1790 5773/1582/1790 5774/1583/1790
f 5775/1584/3792 5776/1585/3792 5777/1586/3792 5778/1587/3792
f 5779/1588/1792 5780/1589/1792 5781/1590/1792 5782/1591/1792
f 5783/1592/1793 5784/1593/1793 5785/1594/1793 5786/1595/1793
f 5739/1596/1794 5742/1597/1794 5728/1598/1794 5730/1599/1794 5639/1516/1794 5683/1479/1794
f 5631/1536/1795 5639/1535/1795 5730/1539/1795 5729/1538/1795 5605/1600/1795
f 5605/1600/1796 5729/1538/1796 5728/1537/1796 5742/1551/1796 5741/1550/1796 5615/1601/1796
f 5731/1540/2591 5734/1543/2591 5610/1519/2591 5723/1433/2591 5718/1432/2591
f 5611/1431/1798 5618/1430/1798 5754/1563/1798 5753/1562/1798 5733/1602/1798 5732/1603/1798
f 5734/1604/1799 5733/1602/1799 5753/1562/1799 5752/1561/1799 5757/1566/1799 5756/1565/1799 5610/1605/1799
f 5611/1447/1800 5732/1541/1800 5731/1540/1800 5718/1432/1800 5713/1441/1800
f 5735/1544/1801 5738/1547/1801 5612/1446/1801 5708/1448/1801 5703/1453/1801
f 5613/1606/1802 5749/1558/1802 5748/1557/1802 5616/1607/1802 5737/1608/1802 5736/1609/1802
f 5738/1610/1803 5737/1608/1803 5616/1607/1803 5617/1429/1803 5612/1428/1803
f 5613/1462/1804 5736/1545/1804 5735/1544/1804 5703/1453/1804 5698/1457/1804
f 5615/1601/1805 5741/1550/1805 5740/1549/1805 5746/1555/1805 5745/1554/1805 5614/1611/1805
f 5743/1612/1806 5746/1613/1806 5740/1614/1806 5739/1596/1806 5683/1479/1806 5678/1478/1806
f 5614/1611/1807 5745/1554/1807 5744/1553/1807 5750/1559/1807 5749/1558/1807 5613/1606/1807
f 5747/1615/1808 5750/1616/1808 5744/1617/1808 5743/1612/1808 5678/1478/1808 5673/1487/1808
f 5616/1496/1809 5748/1618/1809 5747/1615/1809 5673/1487/1809 5668/1491/1809
f 5751/1619/1810 5754/1620/1810 5618/1501/1810 5658/1502/1810 5653/1506/1810
f 5758/1621/1811 5757/1622/1811 5752/1623/1811 5751/1619/1811 5653/1506/1811 5648/1510/1811
f 5609/1525/1812 5755/1624/1812 5758/1621/1812 5648/1510/1812 5645/1526/1812
f 5610/1605/1813 5756/1565/1813 5755/1564/1813 5609/1525/1813 5608/1520/1813
f 5759/1625/1814 5762/1626/1814 5630/1627/1814 5772/1581/1814 5771/1580/1814 5619/1628/1814
f 5692/1414/1815 5697/1467/1815 5760/1569/1815 5759/1568/1815 5619/1415/1815
f 5620/1427/1816 5629/1426/1816 5630/1627/1816 5762/1626/1816 5761/1629/1816
f 5697/1467/1817 5702/1417/1817 5620/1420/1817 5761/1570/1817 5760/1569/1817
f 5763/1630/1818 5766/1631/1818 5627/1632/1818 5628/1425/1818 5621/1424/1818
f 5707/1418/1819 5712/1452/1819 5764/1573/1819 5763/1572/1819 5621/1419/1819
f 5622/1633/1820 5626/1634/1820 5627/1632/1820 5766/1631/1820 5765/1635/1820
f 5712/1452/1821 5717/1445/1821 5622/1636/1821 5765/1574/1821 5764/1573/1821
f 5767/1637/1822 5770/1638/1822 5625/1639/1822 5626/1634/1822 5622/1633/1822
f 5717/1445/1823 5722/1440/1823 5768/1577/1823 5767/1576/1823 5622/1636/1823
f 5623/1423/1824 5624/1422/1824 5625/1639/1824 5770/1638/1824 5769/1640/1824
f 5722/1440/1825 5727/1395/1825 5623/1398/1825 5769/1578/1825 5768/1577/1825
f 5687/1486/1826 5636/1641/1826 5604/1642/1826 5774/1643/1826 5773/1644/1826
f 5619/1628/1827 5771/1580/1827 5774/1583/1827 5604/1645/1827 5603/1646/1827
f 5682/1411/1828 5687/1486/1828 5773/1644/1828 5772/1647/1828 5630/1412/1828
f 5635/1530/1829 5636/1529/1829 5775/1584/1829 5778/1587/1829 5634/1648/1829
f 5686/1484/1830 5776/1649/1830 5775/1650/1830 5636/1641/1830 5687/1486/1830
f 5634/1648/1831 5778/1587/1831 5777/1586/1831 5637/1532/1831 5633/1531/1831
f 5685/1482/1832 5637/1518/1832 5777/1651/1832 5776/1649/1832 5686/1484/1832
f 5644/1521/2593 5645/1526/2593 5779/1588/2593 5782/1591/2593 5643/1522/2593
f 5645/1526/1834 5648/1510/1834 5649/1511/1834 5780/1589/1834 5779/1588/1834
f 5643/1522/1835 5782/1591/1835 5781/1590/1835 5646/1514/1835 5642/1523/1835
f 5781/1590/1836 5780/1589/1836 5649/1511/1836 5650/1512/1836 5646/1514/1836
f 5786/1595/1837 5785/1594/1837 5652/1399/1837 5624/1402/1837 5607/1421/1837
f 5641/1524/3808 5647/1515/3808 5784/1593/3808 5783/1592/3808 5640/1396/3808
f 5640/1396/1839 5783/1592/1839 5786/1595/1839 5607/1421/1839 5606/1397/1839
f 5647/1515/1840 5651/1513/1840 5652/1399/1840 5785/1594/1840 5784/1593/1840
f 5911/1395/1841 5824/1396/1841 5790/1397/1841 5807/1398/1841
f 5836/1399/1842 5841/1400/1842 5809/1401/1842 5808/1402/1842
f 5841/1400/1843 5846/1403/1843 5810/1404/1843 5809/1401/1843
f 5846/1403/1844 5851/1405/1844 5811/1406/1844 5810/1404/1844
f 5851/1405/1845 5856/1407/1845 5812/1408/1845 5811/1406/1845
f 5856/1407/1846 5861/1409/1846 5813/1410/1846 5812/1408/1846
f 5861/1409/1847 5866/1411/1847 5814/1412/1847 5813/1410/1847
f 5819/1413/1848 5876/1414/1848 5803/1415/1848 5787/1416/1848
f 5886/1417/1849 5891/1418/1849 5805/1419/1849 5804/1420/1849
f 5790/1397/1850 5791/1421/1850 5808/1422/1850 5807/1423/1850
f 5805/1424/1851 5812/1425/1851 5813/1426/1851 5804/1427/1851
f 5796/1428/1852 5801/1429/1852 5802/1430/1852 5795/1431/1852
f 5902/1432/1853 5907/1433/1853 5908/1434/1853 5903/1435/1853
f 5903/1435/1854 5908/1434/1854 5909/1436/1854 5904/1437/1854
f 5904/1437/1855 5909/1436/1855 5910/1438/1855 5905/1439/1855
f 5905/1439/1856 5910/1438/1856 5911/1395/1856 5906/1440/1856
f 5897/1441/1857 5902/1432/1857 5903/1435/1857 5898/1442/1857
f 5898/1442/1858 5903/1435/1858 5904/1437/1858 5899/1443/1858
f 5899/1443/1859 5904/1437/1859 5905/1439/1859 5900/1444/1859
f 5900/1444/1860 5905/1439/1860 5906/1440/1860 5901/1445/1860
f 5796/1446/1861 5795/1447/1861 5897/1441/1861 5892/1448/1861
f 5892/1448/1862 5897/1441/1862 5898/1442/1862 5893/1449/1862
f 5893/1449/1863 5898/1442/1863 5899/1443/1863 5894/1450/1863
f 5894/1450/1864 5899/1443/1864 5900/1444/1864 5895/1451/1864
f 5895/1451/1865 5900/1444/1865 5901/1445/1865 5896/1452/1865
f 5887/1453/1866 5892/1448/1866 5893/1449/1866 5888/1454/1866
f 5888/1454/1867 5893/1449/1867 5894/1450/1867 5889/1455/1867
f 5889/1455/1865 5894/1450/1865 5895/1451/1865 5890/1456/1865
f 5890/1456/1868 5895/1451/1868 5896/1452/1868 5891/1418/1868
f 5882/1457/1869 5887/1453/1869 5888/1454/1869 5883/1458/1869
f 5883/1458/1867 5888/1454/1867 5889/1455/1867 5884/1459/1867
f 5884/1459/1865 5889/1455/1865 5890/1456/1865 5885/1460/1865
f 5885/1460/1870 5890/1456/1870 5891/1418/1870 5886/1417/1870
f 5798/1461/1871 5797/1462/1871 5882/1457/1871 5877/1463/1871
f 5877/1463/1872 5882/1457/1872 5883/1458/1872 5878/1464/1872
f 5878/1464/1873 5883/1458/1873 5884/1459/1873 5879/1465/1873
f 5879/1465/1874 5884/1459/1874 5885/1460/1874 5880/1466/1874
f 5880/1466/1875 5885/1460/1875 5886/1417/1875 5881/1467/1875
f 5799/1468/1876 5798/1461/1876 5877/1463/1876 5872/1469/1876
f 5872/1469/1877 5877/1463/1877 5878/1464/1877 5873/1470/1877
f 5873/1470/1878 5878/1464/1878 5879/1465/1878 5874/1471/1878
f 5874/1471/1879 5879/1465/1879 5880/1466/1879 5875/1472/1879
f 5875/1472/1880 5880/1466/1880 5881/1467/1880 5876/1414/1880
f 5789/1473/1881 5799/1468/1881 5872/1469/1881 5815/1474/1881
f 5815/1474/1882 5872/1469/1882 5873/1470/1882 5816/1475/1882
f 5816/1475/1883 5873/1470/1883 5874/1471/1883 5817/1476/1883
f 5817/1476/1884 5874/1471/1884 5875/1472/1884 5818/1477/1884
f 5818/1477/1885 5875/1472/1885 5876/1414/1885 5819/1413/1885
f 5862/1478/1886 5867/1479/1886 5868/1480/1886 5863/1481/1886
f 5863/1481/1887 5868/1480/1887 5869/1482/1887 5864/1483/1887
f 5864/1483/1888 5869/1482/1888 5870/1484/1888 5865/1485/1888
f 5865/1485/1889 5870/1484/1889 5871/1486/1889 5866/1411/1889
f 5857/1487/1890 5862/1478/1890 5863/1481/1890 5858/1488/1890
f 5858/1488/1891 5863/1481/1891 5864/1483/1891 5859/1489/1891
f 5859/1489/1892 5864/1483/1892 5865/1485/1892 5860/1490/1892
f 5860/1490/1893 5865/1485/1893 5866/1411/1893 5861/1409/1893
f 5852/1491/1894 5857/1487/1894 5858/1488/1894 5853/1492/1894
f 5853/1492/1895 5858/1488/1895 5859/1489/1895 5854/1493/1895
f 5854/1493/1896 5859/1489/1896 5860/1490/1896 5855/1494/1896
f 5855/1494/1897 5860/1490/1897 5861/1409/1897 5856/1407/1897
f 5801/1495/1898 5800/1496/1898 5852/1491/1898 5847/1497/1898
f 5847/1497/1899 5852/1491/1899 5853/1492/1899 5848/1498/1899
f 5848/1498/1900 5853/1492/1900 5854/1493/1900 5849/1499/1900
f 5849/1499/1901 5854/1493/1901 5855/1494/1901 5850/1500/1901
f 5850/1500/1897 5855/1494/1897 5856/1407/1897 5851/1405/1897
f 5802/1501/1902 5801/1495/1902 5847/1497/1902 5842/1502/1902
f 5842/1502/1903 5847/1497/1903 5848/1498/1903 5843/1503/1903
f 5843/1503/1904 5848/1498/1904 5849/1499/1904 5844/1504/1904
f 5844/1504/1905 5849/1499/1905 5850/1500/1905 5845/1505/1905
f 5845/1505/1906 5850/1500/1906 5851/1405/1906 5846/1403/1906
f 5837/1506/1907 5842/1502/1907 5843/1503/1907 5838/1507/1907
f 5838/1507/1908 5843/1503/1908 5844/1504/1908 5839/1508/1908
f 5839/1508/1909 5844/1504/1909 5845/1505/1909 5840/1509/1909
f 5840/1509/1910 5845/1505/1910 5846/1403/1910 5841/1400/1910
f 5832/1510/1911 5837/1506/1911 5838/1507/1911 5833/1511/1911
f 5833/1511/1912 5838/1507/1912 5839/1508/1912 5834/1512/1912
f 5834/1512/1913 5839/1508/1913 5840/1509/1913 5835/1513/1913
f 5835/1513/1914 5840/1509/1914 5841/1400/1914 5836/1399/1914
f 5830/1514/1915 5834/1512/1915 5835/1513/1915 5831/1515/1915
f 5867/1479/1916 5823/1516/1916 5822/1517/1916 5868/1480/1916
f 5868/1480/1917 5822/1517/1917 5821/1518/1917 5869/1482/1917
f 5794/1519/1918 5792/1520/1918 5828/1521/1918 5907/1433/1918
f 5907/1433/1919 5828/1521/1919 5827/1522/1919 5908/1434/1919
f 5908/1434/1920 5827/1522/1920 5826/1523/1920 5909/1436/1920
f 5909/1436/1921 5826/1523/1921 5825/1524/1921 5910/1438/1921
f 5910/1438/1922 5825/1524/1922 5824/1396/1922 5911/1395/1922
f 5792/1520/1923 5793/1525/1923 5829/1526/1923 5828/1521/1923
f 5826/1523/1924 5830/1514/1924 5831/1515/1924 5825/1524/1924
f 5787/1527/1925 5788/1528/1925 5820/1529/1925 5819/1530/1925
f 5817/1531/1926 5821/1532/1926 5822/1533/1926 5816/1534/1926
f 5816/1534/1927 5822/1533/1927 5823/1535/1927 5815/1536/1927
f 5912/1537/1928 5913/1538/1928 5914/1539/1928
f 5915/1540/1929 5916/1541/1929 5917/1542/1929 5918/1543/1929
f 5919/1544/1930 5920/1545/1930 5921/1546/1930 5922/1547/1930
f 5923/1548/1931 5924/1549/1931 5925/1550/1931 5926/1551/1931
f 5927/1552/1932 5928/1553/1932 5929/1554/1932 5930/1555/1932
f 5931/1556/1933 5932/1557/1933 5933/1558/1933 5934/1559/1933
f 5939/1564/1935 5940/1565/1935 5941/1566/1935 5942/1567/1935
f 5947/1572/3810 5948/1573/3810 5949/1574/3810 5950/1575/3810
f 5951/1576/1938 5952/1577/1938 5953/1578/1938 5954/1579/1938
f 5955/1580/1939 5956/1581/1939 5957/1582/1939 5958/1583/1939
f 5959/1584/2599 5960/1585/2599 5961/1586/2599 5962/1587/2599
f 5963/1588/1941 5964/1589/1941 5965/1590/1941 5966/1591/1941
f 5967/1592/1942 5968/1593/1942 5969/1594/1942 5970/1595/1942
f 5923/1596/1943 5926/1597/1943 5912/1598/1943 5914/1599/1943 5823/1516/1943 5867/1479/1943
f 5815/1536/1944 5823/1535/1944 5914/1539/1944 5913/1538/1944 5789/1600/1944
f 5789/1600/1945 5913/1538/1945 5912/1537/1945 5926/1551/1945 5925/1550/1945 5799/1601/1945
f 5915/1540/1946 5918/1543/1946 5794/1519/1946 5907/1433/1946 5902/1432/1946
f 5795/1431/1947 5802/1430/1947 5938/1563/1947 5937/1562/1947 5917/1602/1947 5916/1603/1947
f 5918/1604/1948 5917/1602/1948 5937/1562/1948 5936/1561/1948 5941/1566/1948 5940/1565/1948 5794/1605/1948
f 5795/1447/1949 5916/1541/1949 5915/1540/1949 5902/1432/1949 5897/1441/1949
f 5919/1544/1950 5922/1547/1950 5796/1446/1950 5892/1448/1950 5887/1453/1950
f 5797/1606/1951 5933/1558/1951 5932/1557/1951 5800/1607/1951 5921/1608/1951 5920/1609/1951
f 5922/1610/1952 5921/1608/1952 5800/1607/1952 5801/1429/1952 5796/1428/1952
f 5797/1462/1953 5920/1545/1953 5919/1544/1953 5887/1453/1953 5882/1457/1953
f 5799/1601/1954 5925/1550/1954 5924/1549/1954 5930/1555/1954 5929/1554/1954 5798/1611/1954
f 5927/1612/1955 5930/1613/1955 5924/1614/1955 5923/1596/1955 5867/1479/1955 5862/1478/1955
f 5798/1611/1956 5929/1554/1956 5928/1553/1956 5934/1559/1956 5933/1558/1956 5797/1606/1956
f 5931/1615/1957 5934/1616/1957 5928/1617/1957 5927/1612/1957 5862/1478/1957 5857/1487/1957
f 5800/1496/1958 5932/1618/1958 5931/1615/1958 5857/1487/1958 5852/1491/1958
f 5935/1619/1959 5938/1620/1959 5802/1501/1959 5842/1502/1959 5837/1506/1959
f 5942/1621/1960 5941/1622/1960 5936/1623/1960 5935/1619/1960 5837/1506/1960 5832/1510/1960
f 5793/1525/1961 5939/1624/1961 5942/1621/1961 5832/1510/1961 5829/1526/1961
f 5794/1605/1962 5940/1565/1962 5939/1564/1962 5793/1525/1962 5792/1520/1962
f 5943/1625/1963 5946/1626/1963 5814/1627/1963 5956/1581/1963 5955/1580/1963 5803/1628/1963
f 5876/1414/1964 5881/1467/1964 5944/1569/1964 5943/1568/1964 5803/1415/1964
f 5804/1427/1965 5813/1426/1965 5814/1627/1965 5946/1626/1965 5945/1629/1965
f 5881/1467/1966 5886/1417/1966 5804/1420/1966 5945/1570/1966 5944/1569/1966
f 5947/1630/1967 5950/1631/1967 5811/1632/1967 5812/1425/1967 5805/1424/1967
f 5891/1418/1968 5896/1452/1968 5948/1573/1968 5947/1572/1968 5805/1419/1968
f 5806/1633/1969 5810/1634/1969 5811/1632/1969 5950/1631/1969 5949/1635/1969
f 5896/1452/1970 5901/1445/1970 5806/1636/1970 5949/1574/1970 5948/1573/1970
f 5951/1637/2602 5954/1638/2602 5809/1639/2602 5810/1634/2602 5806/1633/2602
f 5901/1445/1972 5906/1440/1972 5952/1577/1972 5951/1576/1972 5806/1636/1972
f 5807/1423/1973 5808/1422/1973 5809/1639/1973 5954/1638/1973 5953/1640/1973
f 5906/1440/1974 5911/1395/1974 5807/1398/1974 5953/1578/1974 5952/1577/1974
f 5871/1486/1975 5820/1641/1975 5788/1642/1975 5958/1643/1975 5957/1644/1975
f 5803/1628/1976 5955/1580/1976 5958/1583/1976 5788/1645/1976 5787/1646/1976
f 5866/1411/1977 5871/1486/1977 5957/1644/1977 5956/1647/1977 5814/1412/1977
f 5819/1530/1978 5820/1529/1978 5959/1584/1978 5962/1587/1978 5818/1648/1978
f 5870/1484/1979 5960/1649/1979 5959/1650/1979 5820/1641/1979 5871/1486/1979
f 5818/1648/1980 5962/1587/1980 5961/1586/1980 5821/1532/1980 5817/1531/1980
f 5869/1482/1981 5821/1518/1981 5961/1651/1981 5960/1649/1981 5870/1484/1981
f 5828/1521/1982 5829/1526/1982 5963/1588/1982 5966/1591/1982 5827/1522/1982
f 5829/1526/1983 5832/1510/1983 5833/1511/1983 5964/1589/1983 5963/1588/1983
f 5827/1522/1984 5966/1591/1984 5965/1590/1984 5830/1514/1984 5826/1523/1984
f 5965/1590/1985 5964/1589/1985 5833/1511/1985 5834/1512/1985 5830/1514/1985
f 5970/1595/1986 5969/1594/1986 5836/1399/1986 5808/1402/1986 5791/1421/1986
f 5825/1524/1987 5831/1515/1987 5968/1593/1987 5967/1592/1987 5824/1396/1987
f 5824/1396/1988 5967/1592/1988 5970/1595/1988 5791/1421/1988 5790/1397/1988
f 5831/1515/1989 5835/1513/1989 5836/1399/1989 5969/1594/1989 5968/1593/1989
f 6095/1395/1990 6008/1396/1990 5974/1397/1990 5991/1398/1990
f 6020/1399/1991 6025/1400/1991 5993/1401/1991 5992/1402/1991
f 6025/1400/1992 6030/1403/1992 5994/1404/1992 5993/1401/1992
f 6030/1403/1993 6035/1405/1993 5995/1406/1993 5994/1404/1993
f 6035/1405/1994 6040/1407/1994 5996/1408/1994 5995/1406/1994
f 6040/1407/1995 6045/1409/1995 5997/1410/1995 5996/1408/1995
f 6045/1409/1996 6050/1411/1996 5998/1412/1996 5997/1410/1996
f 6003/1413/1997 6060/1414/1997 5987/1415/1997 5971/1416/1997
f 6070/1417/1998 6075/1418/1998 5989/1419/1998 5988/1420/1998
f 5974/1397/1999 5975/1421/1999 5992/1422/1999 5991/1423/1999
f 5989/1424/2000 5996/1425/2000 5997/1426/2000 5988/1427/2000
f 5980/1428/2001 5985/1429/2001 5986/1430/2001 5979/1431/2001
f 6086/1432/2002 6091/1433/2002 6092/1434/2002 6087/1435/2002
f 6087/1435/2003 6092/1434/2003 6093/1436/2003 6088/1437/2003
f 6088/1437/2004 6093/1436/2004 6094/1438/2004 6089/1439/2004
f 6089/1439/2005 6094/1438/2005 6095/1395/2005 6090/1440/2005
f 6081/1441/2006 6086/1432/2006 6087/1435/2006 6082/1442/2006
f 6082/1442/2007 6087/1435/2007 6088/1437/2007 6083/1443/2007
f 6083/1443/2008 6088/1437/2008 6089/1439/2008 6084/1444/2008
f 6084/1444/2009 6089/1439/2009 6090/1440/2009 6085/1445/2009
f 5980/1446/2010 5979/1447/2010 6081/1441/2010 6076/1448/2010
f 6076/1448/2011 6081/1441/2011 6082/1442/2011 6077/1449/2011
f 6077/1449/2012 6082/1442/2012 6083/1443/2012 6078/1450/2012
f 6078/1450/2013 6083/1443/2013 6084/1444/2013 6079/1451/2013
f 6079/1451/2014 6084/1444/2014 6085/1445/2014 6080/1452/2014
f 6071/1453/2015 6076/1448/2015 6077/1449/2015 6072/1454/2015
f 6072/1454/2014 6077/1449/2014 6078/1450/2014 6073/1455/2014
f 6073/1455/2016 6078/1450/2016 6079/1451/2016 6074/1456/2016
f 6074/1456/2017 6079/1451/2017 6080/1452/2017 6075/1418/2017
f 6066/1457/2018 6071/1453/2018 6072/1454/2018 6067/1458/2018
f 6067/1458/2019 6072/1454/2019 6073/1455/2019 6068/1459/2019
f 6068/1459/2020 6073/1455/2020 6074/1456/2020 6069/1460/2020
f 6069/1460/2021 6074/1456/2021 6075/1418/2021 6070/1417/2021
f 5982/1461/2022 5981/1462/2022 6066/1457/2022 6061/1463/2022
f 6061/1463/2023 6066/1457/2023 6067/1458/2023 6062/1464/2023
f 6062/1464/2024 6067/1458/2024 6068/1459/2024 6063/1465/2024
f 6063/1465/2025 6068/1459/2025 6069/1460/2025 6064/1466/2025
f 6064/1466/3811 6069/1460/3811 6070/1417/3811 6065/1467/3811
f 5983/1468/2027 5982/1461/2027 6061/1463/2027 6056/1469/2027
f 6056/1469/2028 6061/1463/2028 6062/1464/2028 6057/1470/2028
f 6057/1470/2029 6062/1464/2029 6063/1465/2029 6058/1471/2029
f 6058/1471/2030 6063/1465/2030 6064/1466/2030 6059/1472/2030
f 6059/1472/2031 6064/1466/2031 6065/1467/2031 6060/1414/2031
f 5973/1473/2032 5983/1468/2032 6056/1469/2032 5999/1474/2032
f 5999/1474/2033 6056/1469/2033 6057/1470/2033 6000/1475/2033
f 6000/1475/2034 6057/1470/2034 6058/1471/2034 6001/1476/2034
f 6001/1476/2035 6058/1471/2035 6059/1472/2035 6002/1477/2035
f 6002/1477/2036 6059/1472/2036 6060/1414/2036 6003/1413/2036
f 6046/1478/2037 6051/1479/2037 6052/1480/2037 6047/1481/2037
f 6047/1481/2038 6052/1480/2038 6053/1482/2038 6048/1483/2038
f 6048/1483/2039 6053/1482/2039 6054/1484/2039 6049/1485/2039
f 6049/1485/2040 6054/1484/2040 6055/1486/2040 6050/1411/2040
f 6041/1487/2041 6046/1478/2041 6047/1481/2041 6042/1488/2041
f 6042/1488/2042 6047/1481/2042 6048/1483/2042 6043/1489/2042
f 6043/1489/2043 6048/1483/2043 6049/1485/2043 6044/1490/2043
f 6044/1490/2044 6049/1485/2044 6050/1411/2044 6045/1409/2044
f 6036/1491/2045 6041/1487/2045 6042/1488/2045 6037/1492/2045
f 6037/1492/2046 6042/1488/2046 6043/1489/2046 6038/1493/2046
f 6038/1493/2047 6043/1489/2047 6044/1490/2047 6039/1494/2047
f 6039/1494/2048 6044/1490/2048 6045/1409/2048 6040/1407/2048
f 5985/1495/2049 5984/1496/2049 6036/1491/2049 6031/1497/2049
f 6031/1497/2050 6036/1491/2050 6037/1492/2050 6032/1498/2050
f 6032/1498/2051 6037/1492/2051 6038/1493/2051 6033/1499/2051
f 6033/1499/2052 6038/1493/2052 6039/1494/2052 6034/1500/2052
f 6034/1500/2048 6039/1494/2048 6040/1407/2048 6035/1405/2048
f 5986/1501/2053 5985/1495/2053 6031/1497/2053 6026/1502/2053
f 6026/1502/2054 6031/1497/2054 6032/1498/2054 6027/1503/2054
f 6027/1503/2055 6032/1498/2055 6033/1499/2055 6028/1504/2055
f 6028/1504/2056 6033/1499/2056 6034/1500/2056 6029/1505/2056
f 6029/1505/2057 6034/1500/2057 6035/1405/2057 6030/1403/2057
f 6021/1506/2058 6026/1502/2058 6027/1503/2058 6022/1507/2058
f 6022/1507/2059 6027/1503/2059 6028/1504/2059 6023/1508/2059
f 6023/1508/2060 6028/1504/2060 6029/1505/2060 6024/1509/2060
f 6024/1509/2061 6029/1505/2061 6030/1403/2061 6025/1400/2061
f 6016/1510/2062 6021/1506/2062 6022/1507/2062 6017/1511/2062
f 6017/1511/2063 6022/1507/2063 6023/1508/2063 6018/1512/2063
f 6018/1512/2064 6023/1508/2064 6024/1509/2064 6019/1513/2064
f 6019/1513/2065 6024/1509/2065 6025/1400/2065 6020/1399/2065
f 6014/1514/2066 6018/1512/2066 6019/1513/2066 6015/1515/2066
f 6051/1479/2067 6007/1516/2067 6006/1517/2067 6052/1480/2067
f 6052/1480/2068 6006/1517/2068 6005/1518/2068 6053/1482/2068
f 5978/1519/2069 5976/1520/2069 6012/1521/2069 6091/1433/2069
f 6091/1433/2070 6012/1521/2070 6011/1522/2070 6092/1434/2070
f 6092/1434/2071 6011/1522/2071 6010/1523/2071 6093/1436/2071
f 6093/1436/2072 6010/1523/2072 6009/1524/2072 6094/1438/2072
f 6094/1438/2073 6009/1524/2073 6008/1396/2073 6095/1395/2073
f 5976/1520/2074 5977/1525/2074 6013/1526/2074 6012/1521/2074
f 6010/1523/2075 6014/1514/2075 6015/1515/2075 6009/1524/2075
f 5971/1527/2076 5972/1528/2076 6004/1529/2076 6003/1530/2076
f 6001/1531/2077 6005/1532/2077 6006/1533/2077 6000/1534/2077
f 6000/1534/2078 6006/1533/2078 6007/1535/2078 5999/1536/2078
f 6096/1537/2079 6097/1538/2079 6098/1539/2079
f 6099/1540/2080 6100/1541/2080 6101/1542/2080 6102/1543/2080
f 6103/1544/2081 6104/1545/2081 6105/1546/2081 6106/1547/2081
f 6107/1548/2082 6108/1549/2082 6109/1550/2082 6110/1551/2082
f 6111/1552/2083 6112/1553/2083 6113/1554/2083 6114/1555/2083
f 6115/1556/2084 6116/1557/2084 6117/1558/2084 6118/1559/2084
f 6123/1564/2086 6124/1565/2086 6125/1566/2086 6126/1567/2086
f 6131/1572/2088 6132/1573/2088 6133/1574/2088 6134/1575/2088
f 6135/1576/2089 6136/1577/2089 6137/1578/2089 6138/1579/2089
f 6139/1580/2090 6140/1581/2090 6141/1582/2090 6142/1583/2090
f 6143/1584/2091 6144/1585/2091 6145/1586/2091 6146/1587/2091
f 6147/1588/2092 6148/1589/2092 6149/1590/2092 6150/1591/2092
f 6151/1592/2093 6152/1593/2093 6153/1594/2093 6154/1595/2093
f 6107/1596/2094 6110/1597/2094 6096/1598/2094 6098/1599/2094 6007/1516/2094 6051/1479/2094
f 5999/1536/2095 6007/1535/2095 6098/1539/2095 6097/1538/2095 5973/1600/2095
f 5973/1600/2096 6097/1538/2096 6096/1537/2096 6110/1551/2096 6109/1550/2096 5983/1601/2096
f 6099/1540/2097 6102/1543/2097 5978/1519/2097 6091/1433/2097 6086/1432/2097
f 5979/1431/2098 5986/1430/2098 6122/1563/2098 6121/1562/2098 6101/1602/2098 6100/1603/2098
f 6102/1604/2099 6101/1602/2099 6121/1562/2099 6120/1561/2099 6125/1566/2099 6124/1565/2099 5978/1605/2099
f 5979/1447/2100 6100/1541/2100 6099/1540/2100 6086/1432/2100 6081/1441/2100
f 6103/1544/2101 6106/1547/2101 5980/1446/2101 6076/1448/2101 6071/1453/2101
f 5981/1606/2102 6117/1558/2102 6116/1557/2102 5984/1607/2102 6105/1608/2102 6104/1609/2102
f 6106/1610/2103 6105/1608/2103 5984/1607/2103 5985/1429/2103 5980/1428/2103
f 5981/1462/2104 6104/1545/2104 6103/1544/2104 6071/1453/2104 6066/1457/2104
f 5983/1601/2105 6109/1550/2105 6108/1549/2105 6114/1555/2105 6113/1554/2105 5982/1611/2105
f 6111/1612/2106 6114/1613/2106 6108/1614/2106 6107/1596/2106 6051/1479/2106 6046/1478/2106
f 5982/1611/2107 6113/1554/2107 6112/1553/2107 6118/1559/2107 6117/1558/2107 5981/1606/2107
f 6115/1615/3812 6118/1616/3812 6112/1617/3812 6111/1612/3812 6046/1478/3812 6041/1487/3812
f 5984/1496/2109 6116/1618/2109 6115/1615/2109 6041/1487/2109 6036/1491/2109
f 6119/1619/2110 6122/1620/2110 5986/1501/2110 6026/1502/2110 6021/1506/2110
f 6126/1621/2111 6125/1622/2111 6120/1623/2111 6119/1619/2111 6021/1506/2111 6016/1510/2111
f 5977/1525/2112 6123/1624/2112 6126/1621/2112 6016/1510/2112 6013/1526/2112
f 5978/1605/2113 6124/1565/2113 6123/1564/2113 5977/1525/2113 5976/1520/2113
f 6127/1625/2114 6130/1626/2114 5998/1627/2114 6140/1581/2114 6139/1580/2114 5987/1628/2114
f 6060/1414/2115 6065/1467/2115 6128/1569/2115 6127/1568/2115 5987/1415/2115
f 5988/1427/2116 5997/1426/2116 5998/1627/2116 6130/1626/2116 6129/1629/2116
f 6065/1467/2117 6070/1417/2117 5988/1420/2117 6129/1570/2117 6128/1569/2117
f 6131/1630/2118 6134/1631/2118 5995/1632/2118 5996/1425/2118 5989/1424/2118
f 6075/1418/2119 6080/1452/2119 6132/1573/2119 6131/1572/2119 5989/1419/2119
f 5990/1633/2120 5994/1634/2120 5995/1632/2120 6134/1631/2120 6133/1635/2120
f 6080/1452/2121 6085/1445/2121 5990/1636/2121 6133/1574/2121 6132/1573/2121
f 6135/1637/2122 6138/1638/2122 5993/1639/2122 5994/1634/2122 5990/1633/2122
f 6085/1445/2123 6090/1440/2123 6136/1577/2123 6135/1576/2123 5990/1636/2123
f 5991/1423/2124 5992/1422/2124 5993/1639/2124 6138/1638/2124 6137/1640/2124
f 6090/1440/2125 6095/1395/2125 5991/1398/2125 6137/1578/2125 6136/1577/2125
f 6055/1486/2126 6004/1641/2126 5972/1642/2126 6142/1643/2126 6141/1644/2126
f 5987/1628/2127 6139/1580/2127 6142/1583/2127 5972/1645/2127 5971/1646/2127
f 6050/1411/2128 6055/1486/2128 6141/1644/2128 6140/1647/2128 5998/1412/2128
f 6003/1530/2129 6004/1529/2129 6143/1584/2129 6146/1587/2129 6002/1648/2129
f 6054/1484/2130 6144/1649/2130 6143/1650/2130 6004/1641/2130 6055/1486/2130
f 6002/1648/2131 6146/1587/2131 6145/1586/2131 6005/1532/2131 6001/1531/2131
f 6053/1482/2132 6005/1518/2132 6145/1651/2132 6144/1649/2132 6054/1484/2132
f 6012/1521/2133 6013/1526/2133 6147/1588/2133 6150/1591/2133 6011/1522/2133
f 6013/1526/2134 6016/1510/2134 6017/1511/2134 6148/1589/2134 6147/1588/2134
f 6011/1522/2135 6150/1591/2135 6149/1590/2135 6014/1514/2135 6010/1523/2135
f 6149/1590/2136 6148/1589/2136 6017/1511/2136 6018/1512/2136 6014/1514/2136
f 6154/1595/2137 6153/1594/2137 6020/1399/2137 5992/1402/2137 5975/1421/2137
f 6009/1524/2138 6015/1515/2138 6152/1593/2138 6151/1592/2138 6008/1396/2138
f 6008/1396/2139 6151/1592/2139 6154/1595/2139 5975/1421/2139 5974/1397/2139
f 6015/1515/2140 6019/1513/2140 6020/1399/2140 6153/1594/2140 6152/1593/2140
f 6279/1395/2141 6192/1396/2141 6158/1397/2141 6175/1398/2141
f 6204/1399/2142 6209/1400/2142 6177/1401/2142 6176/1402/2142
f 6209/1400/2143 6214/1403/2143 6178/1404/2143 6177/1401/2143
f 6214/1403/2144 6219/1405/2144 6179/1406/2144 6178/1404/2144
f 6219/1405/2145 6224/1407/2145 6180/1408/2145 6179/1406/2145
f 6224/1407/2146 6229/1409/2146 6181/1410/2146 6180/1408/2146
f 6229/1409/2147 6234/1411/2147 6182/1412/2147 6181/1410/2147
f 6187/1413/2148 6244/1414/2148 6171/1415/2148 6155/1416/2148
f 6254/1417/2149 6259/1418/2149 6173/1419/2149 6172/1420/2149
f 6158/1397/2150 6159/1421/2150 6176/1422/2150 6175/1423/2150
f 6173/1424/2151 6180/1425/2151 6181/1426/2151 6172/1427/2151
f 6164/1428/2152 6169/1429/2152 6170/1430/2152 6163/1431/2152
f 6270/1432/2153 6275/1433/2153 6276/1434/2153 6271/1435/2153
f 6271/1435/2154 6276/1434/2154 6277/1436/2154 6272/1437/2154
f 6272/1437/2155 6277/1436/2155 6278/1438/2155 6273/1439/2155
f 6273/1439/2156 6278/1438/2156 6279/1395/2156 6274/1440/2156
f 6265/1441/2157 6270/1432/2157 6271/1435/2157 6266/1442/2157
f 6266/1442/2158 6271/1435/2158 6272/1437/2158 6267/1443/2158
f 6267/1443/2159 6272/1437/2159 6273/1439/2159 6268/1444/2159
f 6268/1444/2160 6273/1439/2160 6274/1440/2160 6269/1445/2160
f 6164/1446/2161 6163/1447/2161 6265/1441/2161 6260/1448/2161
f 6260/1448/2162 6265/1441/2162 6266/1442/2162 6261/1449/2162
f 6261/1449/2163 6266/1442/2163 6267/1443/2163 6262/1450/2163
f 6262/1450/2164 6267/1443/2164 6268/1444/2164 6263/1451/2164
f 6263/1451/2165 6268/1444/2165 6269/1445/2165 6264/1452/2165
f 6255/1453/2166 6260/1448/2166 6261/1449/2166 6256/1454/2166
f 6256/1454/2165 6261/1449/2165 6262/1450/2165 6257/1455/2165
f 6257/1455/2167 6262/1450/2167 6263/1451/2167 6258/1456/2167
f 6258/1456/2168 6263/1451/2168 6264/1452/2168 6259/1418/2168
f 6250/1457/2160 6255/1453/2160 6256/1454/2160 6251/1458/2160
f 6251/1458/2165 6256/1454/2165 6257/1455/2165 6252/1459/2165
f 6252/1459/2167 6257/1455/2167 6258/1456/2167 6253/1460/2167
f 6253/1460/2169 6258/1456/2169 6259/1418/2169 6254/1417/2169
f 6166/1461/2170 6165/1462/2170 6250/1457/2170 6245/1463/2170
f 6245/1463/2171 6250/1457/2171 6251/1458/2171 6246/1464/2171
f 6246/1464/2172 6251/1458/2172 6252/1459/2172 6247/1465/2172
f 6247/1465/2173 6252/1459/2173 6253/1460/2173 6248/1466/2173
f 6248/1466/2174 6253/1460/2174 6254/1417/2174 6249/1467/2174
f 6167/1468/2175 6166/1461/2175 6245/1463/2175 6240/1469/2175
f 6240/1469/2176 6245/1463/2176 6246/1464/2176 6241/1470/2176
f 6241/1470/2177 6246/1464/2177 6247/1465/2177 6242/1471/2177
f 6242/1471/2178 6247/1465/2178 6248/1466/2178 6243/1472/2178
f 6243/1472/2179 6248/1466/2179 6249/1467/2179 6244/1414/2179
f 6157/1473/2180 6167/1468/2180 6240/1469/2180 6183/1474/2180
f 6183/1474/2181 6240/1469/2181 6241/1470/2181 6184/1475/2181
f 6184/1475/2182 6241/1470/2182 6242/1471/2182 6185/1476/2182
f 6185/1476/2183 6242/1471/2183 6243/1472/2183 6186/1477/2183
f 6186/1477/2184 6243/1472/2184 6244/1414/2184 6187/1413/2184
f 6230/1478/2185 6235/1479/2185 6236/1480/2185 6231/1481/2185
f 6231/1481/2186 6236/1480/2186 6237/1482/2186 6232/1483/2186
f 6232/1483/2187 6237/1482/2187 6238/1484/2187 6233/1485/2187
f 6233/1485/2188 6238/1484/2188 6239/1486/2188 6234/1411/2188
f 6225/1487/2189 6230/1478/2189 6231/1481/2189 6226/1488/2189
f 6226/1488/2190 6231/1481/2190 6232/1483/2190 6227/1489/2190
f 6227/1489/2191 6232/1483/2191 6233/1485/2191 6228/1490/2191
f 6228/1490/2192 6233/1485/2192 6234/1411/2192 6229/1409/2192
f 6220/1491/2193 6225/1487/2193 6226/1488/2193 6221/1492/2193
f 6221/1492/2194 6226/1488/2194 6227/1489/2194 6222/1493/2194
f 6222/1493/2195 6227/1489/2195 6228/1490/2195 6223/1494/2195
f 6223/1494/2196 6228/1490/2196 6229/1409/2196 6224/1407/2196
f 6169/1495/2197 6168/1496/2197 6220/1491/2197 6215/1497/2197
f 6215/1497/2198 6220/1491/2198 6221/1492/2198 6216/1498/2198
f 6216/1498/2199 6221/1492/2199 6222/1493/2199 6217/1499/2199
f 6217/1499/2200 6222/1493/2200 6223/1494/2200 6218/1500/2200
f 6218/1500/2196 6223/1494/2196 6224/1407/2196 6219/1405/2196
f 6170/1501/2201 6169/1495/2201 6215/1497/2201 6210/1502/2201
f 6210/1502/2202 6215/1497/2202 6216/1498/2202 6211/1503/2202
f 6211/1503/2203 6216/1498/2203 6217/1499/2203 6212/1504/2203
f 6212/1504/2204 6217/1499/2204 6218/1500/2204 6213/1505/2204
f 6213/1505/2205 6218/1500/2205 6219/1405/2205 6214/1403/2205
f 6205/1506/2206 6210/1502/2206 6211/1503/2206 6206/1507/2206
f 6206/1507/2207 6211/1503/2207 6212/1504/2207 6207/1508/2207
f 6207/1508/2208 6212/1504/2208 6213/1505/2208 6208/1509/2208
f 6208/1509/2209 6213/1505/2209 6214/1403/2209 6209/1400/2209
f 6200/1510/2210 6205/1506/2210 6206/1507/2210 6201/1511/2210
f 6201/1511/2211 6206/1507/2211 6207/1508/2211 6202/1512/2211
f 6202/1512/2212 6207/1508/2212 6208/1509/2212 6203/1513/2212
f 6203/1513/2213 6208/1509/2213 6209/1400/2213 6204/1399/2213
f 6198/1514/2214 6202/1512/2214 6203/1513/2214 6199/1515/2214
f 6235/1479/2215 6191/1516/2215 6190/1517/2215 6236/1480/2215
f 6236/1480/2216 6190/1517/2216 6189/1518/2216 6237/1482/2216
f 6162/1519/2217 6160/1520/2217 6196/1521/2217 6275/1433/2217
f 6275/1433/2218 6196/1521/2218 6195/1522/2218 6276/1434/2218
f 6276/1434/2219 6195/1522/2219 6194/1523/2219 6277/1436/2219
f 6277/1436/2220 6194/1523/2220 6193/1524/2220 6278/1438/2220
f 6278/1438/2221 6193/1524/2221 6192/1396/2221 6279/1395/2221
f 6160/1520/2222 6161/1525/2222 6197/1526/2222 6196/1521/2222
f 6194/1523/2223 6198/1514/2223 6199/1515/2223 6193/1524/2223
f 6155/1527/2224 6156/1528/2224 6188/1529/2224 6187/1530/2224
f 6185/1531/2225 6189/1532/2225 6190/1533/2225 6184/1534/2225
f 6184/1534/2226 6190/1533/2226 6191/1535/2226 6183/1536/2226
f 6280/1537/2227 6281/1538/2227 6282/1539/2227
f 6283/1540/3813 6284/1541/3813 6285/1542/3813 6286/1543/3813
f 6287/1544/2229 6288/1545/2229 6289/1546/2229 6290/1547/2229
f 6291/1548/3814 6292/1549/3814 6293/1550/3814 6294/1551/3814
f 6295/1552/2231 6296/1553/2231 6297/1554/2231 6298/1555/2231
f 6299/1556/2232 6300/1557/2232 6301/1558/2232 6302/1559/2232
f 6307/1564/2234 6308/1565/2234 6309/1566/2234 6310/1567/2234
f 6315/1572/2236 6316/1573/2236 6317/1574/2236 6318/1575/2236
f 6319/1576/2237 6320/1577/2237 6321/1578/2237 6322/1579/2237
f 6323/1580/2238 6324/1581/2238 6325/1582/2238 6326/1583/2238
f 6327/1584/2239 6328/1585/2239 6329/1586/2239 6330/1587/2239
f 6331/1588/2240 6332/1589/2240 6333/1590/2240 6334/1591/2240
f 6335/1592/2241 6336/1593/2241 6337/1594/2241 6338/1595/2241
f 6291/1596/2242 6294/1597/2242 6280/1598/2242 6282/1599/2242 6191/1516/2242 6235/1479/2242
f 6183/1536/2243 6191/1535/2243 6282/1539/2243 6281/1538/2243 6157/1600/2243
f 6157/1600/2244 6281/1538/2244 6280/1537/2244 6294/1551/2244 6293/1550/2244 6167/1601/2244
f 6283/1540/3817 6286/1543/3817 6162/1519/3817 6275/1433/3817 6270/1432/3817
f 6163/1431/2246 6170/1430/2246 6306/1563/2246 6305/1562/2246 6285/1602/2246 6284/1603/2246
f 6286/1604/2247 6285/1602/2247 6305/1562/2247 6304/1561/2247 6309/1566/2247 6308/1565/2247 6162/1605/2247
f 6163/1447/2248 6284/1541/2248 6283/1540/2248 6270/1432/2248 6265/1441/2248
f 6287/1544/2249 6290/1547/2249 6164/1446/2249 6260/1448/2249 6255/1453/2249
f 6165/1606/2250 6301/1558/2250 6300/1557/2250 6168/1607/2250 6289/1608/2250 6288/1609/2250
f 6290/1610/2251 6289/1608/2251 6168/1607/2251 6169/1429/2251 6164/1428/2251
f 6165/1462/2252 6288/1545/2252 6287/1544/2252 6255/1453/2252 6250/1457/2252
f 6167/1601/2253 6293/1550/2253 6292/1549/2253 6298/1555/2253 6297/1554/2253 6166/1611/2253
f 6295/1612/2254 6298/1613/2254 6292/1614/2254 6291/1596/2254 6235/1479/2254 6230/1478/2254
f 6166/1611/2255 6297/1554/2255 6296/1553/2255 6302/1559/2255 6301/1558/2255 6165/1606/2255
f 6299/1615/2256 6302/1616/2256 6296/1617/2256 6295/1612/2256 6230/1478/2256 6225/1487/2256
f 6168/1496/2257 6300/1618/2257 6299/1615/2257 6225/1487/2257 6220/1491/2257
f 6303/1619/2258 6306/1620/2258 6170/1501/2258 6210/1502/2258 6205/1506/2258
f 6310/1621/2259 6309/1622/2259 6304/1623/2259 6303/1619/2259 6205/1506/2259 6200/1510/2259
f 6161/1525/2260 6307/1624/2260 6310/1621/2260 6200/1510/2260 6197/1526/2260
f 6162/1605/2261 6308/1565/2261 6307/1564/2261 6161/1525/2261 6160/1520/2261
f 6311/1625/2262 6314/1626/2262 6182/1627/2262 6324/1581/2262 6323/1580/2262 6171/1628/2262
f 6244/1414/2263 6249/1467/2263 6312/1569/2263 6311/1568/2263 6171/1415/2263
f 6172/1427/2264 6181/1426/2264 6182/1627/2264 6314/1626/2264 6313/1629/2264
f 6249/1467/2265 6254/1417/2265 6172/1420/2265 6313/1570/2265 6312/1569/2265
f 6315/1630/2266 6318/1631/2266 6179/1632/2266 6180/1425/2266 6173/1424/2266
f 6259/1418/2267 6264/1452/2267 6316/1573/2267 6315/1572/2267 6173/1419/2267
f 6174/1633/2268 6178/1634/2268 6179/1632/2268 6318/1631/2268 6317/1635/2268
f 6264/1452/2269 6269/1445/2269 6174/1636/2269 6317/1574/2269 6316/1573/2269
f 6319/1637/2270 6322/1638/2270 6177/1639/2270 6178/1634/2270 6174/1633/2270
f 6269/1445/2271 6274/1440/2271 6320/1577/2271 6319/1576/2271 6174/1636/2271
f 6175/1423/2272 6176/1422/2272 6177/1639/2272 6322/1638/2272 6321/1640/2272
f 6274/1440/2273 6279/1395/2273 6175/1398/2273 6321/1578/2273 6320/1577/2273
f 6239/1486/2274 6188/1641/2274 6156/1642/2274 6326/1643/2274 6325/1644/2274
f 6171/1628/2275 6323/1580/2275 6326/1583/2275 6156/1645/2275 6155/1646/2275
f 6234/1411/2276 6239/1486/2276 6325/1644/2276 6324/1647/2276 6182/1412/2276
f 6187/1530/2277 6188/1529/2277 6327/1584/2277 6330/1587/2277 6186/1648/2277
f 6238/1484/2278 6328/1649/2278 6327/1650/2278 6188/1641/2278 6239/1486/2278
f 6186/1648/2279 6330/1587/2279 6329/1586/2279 6189/1532/2279 6185/1531/2279
f 6237/1482/2280 6189/1518/2280 6329/1651/2280 6328/1649/2280 6238/1484/2280
f 6196/1521/2281 6197/1526/2281 6331/1588/2281 6334/1591/2281 6195/1522/2281
f 6197/1526/2282 6200/1510/2282 6201/1511/2282 6332/1589/2282 6331/1588/2282
f 6195/1522/2283 6334/1591/2283 6333/1590/2283 6198/1514/2283 6194/1523/2283
f 6333/1590/2284 6332/1589/2284 6201/1511/2284 6202/1512/2284 6198/1514/2284
f 6338/1595/2285 6337/1594/2285 6204/1399/2285 6176/1402/2285 6159/1421/2285
f 6193/1524/2286 6199/1515/2286 6336/1593/2286 6335/1592/2286 6192/1396/2286
f 6192/1396/3818 6335/1592/3818 6338/1595/3818 6159/1421/3818 6158/1397/3818
f 6199/1515/2288 6203/1513/2288 6204/1399/2288 6337/1594/2288 6336/1593/2288
f 6463/1395/2289 6376/1396/2289 6342/1397/2289 6359/1398/2289
f 6388/1399/2290 6393/1400/2290 6361/1401/2290 6360/1402/2290
f 6393/1400/2291 6398/1403/2291 6362/1404/2291 6361/1401/2291
f 6398/1403/2292 6403/1405/2292 6363/1406/2292 6362/1404/2292
f 6403/1405/2293 6408/1407/2293 6364/1408/2293 6363/1406/2293
f 6408/1407/2294 6413/1409/2294 6365/1410/2294 6364/1408/2294
f 6413/1409/2295 6418/1411/2295 6366/1412/2295 6365/1410/2295
f 6371/1413/2296 6428/1414/2296 6355/1415/2296 6339/1416/2296
f 6438/1417/2297 6443/1418/2297 6357/1419/2297 6356/1420/2297
f 6342/1397/2298 6343/1421/2298 6360/1422/2298 6359/1423/2298
f 6357/1424/2299 6364/1425/2299 6365/1426/2299 6356/1427/2299
f 6348/1428/2300 6353/1429/2300 6354/1430/2300 6347/1431/2300
f 6454/1432/2301 6459/1433/2301 6460/1434/2301 6455/1435/2301
f 6455/1435/2302 6460/1434/2302 6461/1436/2302 6456/1437/2302
f 6456/1437/2303 6461/1436/2303 6462/1438/2303 6457/1439/2303
f 6457/1439/2304 6462/1438/2304 6463/1395/2304 6458/1440/2304
f 6449/1441/2305 6454/1432/2305 6455/1435/2305 6450/1442/2305
f 6450/1442/2306 6455/1435/2306 6456/1437/2306 6451/1443/2306
f 6451/1443/2307 6456/1437/2307 6457/1439/2307 6452/1444/2307
f 6452/1444/2308 6457/1439/2308 6458/1440/2308 6453/1445/2308
f 6348/1446/2309 6347/1447/2309 6449/1441/2309 6444/1448/2309
f 6444/1448/2310 6449/1441/2310 6450/1442/2310 6445/1449/2310
f 6445/1449/2311 6450/1442/2311 6451/1443/2311 6446/1450/2311
f 6446/1450/2312 6451/1443/2312 6452/1444/2312 6447/1451/2312
f 6447/1451/2313 6452/1444/2313 6453/1445/2313 6448/1452/2313
f 6439/1453/2314 6444/1448/2314 6445/1449/2314 6440/1454/2314
f 6440/1454/2315 6445/1449/2315 6446/1450/2315 6441/1455/2315
f 6441/1455/2313 6446/1450/2313 6447/1451/2313 6442/1456/2313
f 6442/1456/2316 6447/1451/2316 6448/1452/2316 6443/1418/2316
f 6434/1457/2317 6439/1453/2317 6440/1454/2317 6435/1458/2317
f 6435/1458/2315 6440/1454/2315 6441/1455/2315 6436/1459/2315
f 6436/1459/2313 6441/1455/2313 6442/1456/2313 6437/1460/2313
f 6437/1460/2318 6442/1456/2318 6443/1418/2318 6438/1417/2318
f 6350/1461/2319 6349/1462/2319 6434/1457/2319 6429/1463/2319
f 6429/1463/2320 6434/1457/2320 6435/1458/2320 6430/1464/2320
f 6430/1464/2321 6435/1458/2321 6436/1459/2321 6431/1465/2321
f 6431/1465/2322 6436/1459/2322 6437/1460/2322 6432/1466/2322
f 6432/1466/2323 6437/1460/2323 6438/1417/2323 6433/1467/2323
f 6351/1468/2324 6350/1461/2324 6429/1463/2324 6424/1469/2324
f 6424/1469/2325 6429/1463/2325 6430/1464/2325 6425/1470/2325
f 6425/1470/2326 6430/1464/2326 6431/1465/2326 6426/1471/2326
f 6426/1471/2327 6431/1465/2327 6432/1466/2327 6427/1472/2327
f 6427/1472/2328 6432/1466/2328 6433/1467/2328 6428/1414/2328
f 6341/1473/2329 6351/1468/2329 6424/1469/2329 6367/1474/2329
f 6367/1474/2330 6424/1469/2330 6425/1470/2330 6368/1475/2330
f 6368/1475/2331 6425/1470/2331 6426/1471/2331 6369/1476/2331
f 6369/1476/2332 6426/1471/2332 6427/1472/2332 6370/1477/2332
f 6370/1477/2333 6427/1472/2333 6428/1414/2333 6371/1413/2333
f 6414/1478/2334 6419/1479/2334 6420/1480/2334 6415/1481/2334
f 6415/1481/2335 6420/1480/2335 6421/1482/2335 6416/1483/2335
f 6416/1483/2336 6421/1482/2336 6422/1484/2336 6417/1485/2336
f 6417/1485/2337 6422/1484/2337 6423/1486/2337 6418/1411/2337
f 6409/1487/2338 6414/1478/2338 6415/1481/2338 6410/1488/2338
f 6410/1488/2339 6415/1481/2339 6416/1483/2339 6411/1489/2339
f 6411/1489/2340 6416/1483/2340 6417/1485/2340 6412/1490/2340
f 6412/1490/2341 6417/1485/2341 6418/1411/2341 6413/1409/2341
f 6404/1491/2342 6409/1487/2342 6410/1488/2342 6405/1492/2342
f 6405/1492/2343 6410/1488/2343 6411/1489/2343 6406/1493/2343
f 6406/1493/2344 6411/1489/2344 6412/1490/2344 6407/1494/2344
f 6407/1494/2345 6412/1490/2345 6413/1409/2345 6408/1407/2345
f 6353/1495/2346 6352/1496/2346 6404/1491/2346 6399/1497/2346
f 6399/1497/2347 6404/1491/2347 6405/1492/2347 6400/1498/2347
f 6400/1498/2348 6405/1492/2348 6406/1493/2348 6401/1499/2348
f 6401/1499/2349 6406/1493/2349 6407/1494/2349 6402/1500/2349
f 6402/1500/2345 6407/1494/2345 6408/1407/2345 6403/1405/2345
f 6354/1501/2350 6353/1495/2350 6399/1497/2350 6394/1502/2350
f 6394/1502/2351 6399/1497/2351 6400/1498/2351 6395/1503/2351
f 6395/1503/2352 6400/1498/2352 6401/1499/2352 6396/1504/2352
f 6396/1504/2353 6401/1499/2353 6402/1500/2353 6397/1505/2353
f 6397/1505/2354 6402/1500/2354 6403/1405/2354 6398/1403/2354
f 6389/1506/2355 6394/1502/2355 6395/1503/2355 6390/1507/2355
f 6390/1507/2356 6395/1503/2356 6396/1504/2356 6391/1508/2356
f 6391/1508/2357 6396/1504/2357 6397/1505/2357 6392/1509/2357
f 6392/1509/2358 6397/1505/2358 6398/1403/2358 6393/1400/2358
f 6384/1510/2359 6389/1506/2359 6390/1507/2359 6385/1511/2359
f 6385/1511/2360 6390/1507/2360 6391/1508/2360 6386/1512/2360
f 6386/1512/2361 6391/1508/2361 6392/1509/2361 6387/1513/2361
f 6387/1513/2362 6392/1509/2362 6393/1400/2362 6388/1399/2362
f 6382/1514/2363 6386/1512/2363 6387/1513/2363 6383/1515/2363
f 6419/1479/2364 6375/1516/2364 6374/1517/2364 6420/1480/2364
f 6420/1480/2365 6374/1517/2365 6373/1518/2365 6421/1482/2365
f 6346/1519/2366 6344/1520/2366 6380/1521/2366 6459/1433/2366
f 6459/1433/2367 6380/1521/2367 6379/1522/2367 6460/1434/2367
f 6460/1434/2368 6379/1522/2368 6378/1523/2368 6461/1436/2368
f 6461/1436/2369 6378/1523/2369 6377/1524/2369 6462/1438/2369
f 6462/1438/2370 6377/1524/2370 6376/1396/2370 6463/1395/2370
f 6344/1520/2371 6345/1525/2371 6381/1526/2371 6380/1521/2371
f 6378/1523/2372 6382/1514/2372 6383/1515/2372 6377/1524/2372
f 6339/1527/2373 6340/1528/2373 6372/1529/2373 6371/1530/2373
f 6369/1531/2374 6373/1532/2374 6374/1533/2374 6368/1534/2374
f 6368/1534/2375 6374/1533/2375 6375/1535/2375 6367/1536/2375
f 6464/1537/2376 6465/1538/2376 6466/1539/2376
f 6467/1540/2377 6468/1541/2377 6469/1542/2377 6470/1543/2377
f 6471/1544/2378 6472/1545/2378 6473/1546/2378 6474/1547/2378
f 6475/1548/2379 6476/1549/2379 6477/1550/2379 6478/1551/2379
f 6479/1552/2380 6480/1553/2380 6481/1554/2380 6482/1555/2380
f 6483/1556/2381 6484/1557/2381 6485/1558/2381 6486/1559/2381
f 6491/1564/2383 6492/1565/2383 6493/1566/2383 6494/1567/2383
f 6499/1572/2385 6500/1573/2385 6501/1574/2385 6502/1575/2385
f 6503/1576/2386 6504/1577/2386 6505/1578/2386 6506/1579/2386
f 6507/1580/3820 6508/1581/3820 6509/1582/3820 6510/1583/3820
f 6511/1584/3821 6512/1585/3821 6513/1586/3821 6514/1587/3821
f 6515/1588/2389 6516/1589/2389 6517/1590/2389 6518/1591/2389
f 6519/1592/2390 6520/1593/2390 6521/1594/2390 6522/1595/2390
f 6475/1596/2391 6478/1597/2391 6464/1598/2391 6466/1599/2391 6375/1516/2391 6419/1479/2391
f 6367/1536/2392 6375/1535/2392 6466/1539/2392 6465/1538/2392 6341/1600/2392
f 6341/1600/2393 6465/1538/2393 6464/1537/2393 6478/1551/2393 6477/1550/2393 6351/1601/2393
f 6467/1540/2394 6470/1543/2394 6346/1519/2394 6459/1433/2394 6454/1432/2394
f 6347/1431/2395 6354/1430/2395 6490/1563/2395 6489/1562/2395 6469/1602/2395 6468/1603/2395
f 6470/1604/2396 6469/1602/2396 6489/1562/2396 6488/1561/2396 6493/1566/2396 6492/1565/2396 6346/1605/2396
f 6347/1447/2397 6468/1541/2397 6467/1540/2397 6454/1432/2397 6449/1441/2397
f 6471/1544/2398 6474/1547/2398 6348/1446/2398 6444/1448/2398 6439/1453/2398
f 6349/1606/2399 6485/1558/2399 6484/1557/2399 6352/1607/2399 6473/1608/2399 6472/1609/2399
f 6474/1610/2400 6473/1608/2400 6352/1607/2400 6353/1429/2400 6348/1428/2400
f 6349/1462/2401 6472/1545/2401 6471/1544/2401 6439/1453/2401 6434/1457/2401
f 6351/1601/2402 6477/1550/2402 6476/1549/2402 6482/1555/2402 6481/1554/2402 6350/1611/2402
f 6479/1612/2403 6482/1613/2403 6476/1614/2403 6475/1596/2403 6419/1479/2403 6414/1478/2403
f 6350/1611/2404 6481/1554/2404 6480/1553/2404 6486/1559/2404 6485/1558/2404 6349/1606/2404
f 6483/1615/2405 6486/1616/2405 6480/1617/2405 6479/1612/2405 6414/1478/2405 6409/1487/2405
f 6352/1496/2406 6484/1618/2406 6483/1615/2406 6409/1487/2406 6404/1491/2406
f 6487/1619/2407 6490/1620/2407 6354/1501/2407 6394/1502/2407 6389/1506/2407
f 6494/1621/2408 6493/1622/2408 6488/1623/2408 6487/1619/2408 6389/1506/2408 6384/1510/2408
f 6345/1525/2409 6491/1624/2409 6494/1621/2409 6384/1510/2409 6381/1526/2409
f 6346/1605/2410 6492/1565/2410 6491/1564/2410 6345/1525/2410 6344/1520/2410
f 6495/1625/2411 6498/1626/2411 6366/1627/2411 6508/1581/2411 6507/1580/2411 6355/1628/2411
f 6428/1414/2412 6433/1467/2412 6496/1569/2412 6495/1568/2412 6355/1415/2412
f 6356/1427/2413 6365/1426/2413 6366/1627/2413 6498/1626/2413 6497/1629/2413
f 6433/1467/2414 6438/1417/2414 6356/1420/2414 6497/1570/2414 6496/1569/2414
f 6499/1630/2415 6502/1631/2415 6363/1632/2415 6364/1425/2415 6357/1424/2415
f 6443/1418/2416 6448/1452/2416 6500/1573/2416 6499/1572/2416 6357/1419/2416
f 6358/1633/2417 6362/1634/2417 6363/1632/2417 6502/1631/2417 6501/1635/2417
f 6448/1452/2418 6453/1445/2418 6358/1636/2418 6501/1574/2418 6500/1573/2418
f 6503/1637/2419 6506/1638/2419 6361/1639/2419 6362/1634/2419 6358/1633/2419
f 6453/1445/2420 6458/1440/2420 6504/1577/2420 6503/1576/2420 6358/1636/2420
f 6359/1423/2421 6360/1422/2421 6361/1639/2421 6506/1638/2421 6505/1640/2421
f 6458/1440/2422 6463/1395/2422 6359/1398/2422 6505/1578/2422 6504/1577/2422
f 6423/1486/2423 6372/1641/2423 6340/1642/2423 6510/1643/2423 6509/1644/2423
f 6355/1628/2424 6507/1580/2424 6510/1583/2424 6340/1645/2424 6339/1646/2424
f 6418/1411/2425 6423/1486/2425 6509/1644/2425 6508/1647/2425 6366/1412/2425
f 6371/1530/2426 6372/1529/2426 6511/1584/2426 6514/1587/2426 6370/1648/2426
f 6422/1484/2427 6512/1649/2427 6511/1650/2427 6372/1641/2427 6423/1486/2427
f 6370/1648/2428 6514/1587/2428 6513/1586/2428 6373/1532/2428 6369/1531/2428
f 6421/1482/2429 6373/1518/2429 6513/1651/2429 6512/1649/2429 6422/1484/2429
f 6380/1521/2430 6381/1526/2430 6515/1588/2430 6518/1591/2430 6379/1522/2430
f 6381/1526/2431 6384/1510/2431 6385/1511/2431 6516/1589/2431 6515/1588/2431
f 6379/1522/2432 6518/1591/2432 6517/1590/2432 6382/1514/2432 6378/1523/2432
f 6517/1590/2433 6516/1589/2433 6385/1511/2433 6386/1512/2433 6382/1514/2433
f 6522/1595/2434 6521/1594/2434 6388/1399/2434 6360/1402/2434 6343/1421/2434
f 6377/1524/2435 6383/1515/2435 6520/1593/2435 6519/1592/2435 6376/1396/2435
f 6376/1396/2436 6519/1592/2436 6522/1595/2436 6343/1421/2436 6342/1397/2436
f 6383/1515/2437 6387/1513/2437 6388/1399/2437 6521/1594/2437 6520/1593/2437
f 6647/1395/2438 6560/1396/2438 6526/1397/2438 6543/1398/2438
f 6572/1399/2439 6577/1400/2439 6545/1401/2439 6544/1402/2439
f 6577/1400/2440 6582/1403/2440 6546/1404/2440 6545/1401/2440
f 6582/1403/2441 6587/1405/2441 6547/1406/2441 6546/1404/2441
f 6587/1405/2442 6592/1407/2442 6548/1408/2442 6547/1406/2442
f 6592/1407/2443 6597/1409/2443 6549/1410/2443 6548/1408/2443
f 6597/1409/2444 6602/1411/2444 6550/1412/2444 6549/1410/2444
f 6555/1413/2445 6612/1414/2445 6539/1415/2445 6523/1416/2445
f 6622/1417/2446 6627/1418/2446 6541/1419/2446 6540/1420/2446
f 6526/1397/2447 6527/1421/2447 6544/1422/2447 6543/1423/2447
f 6541/1424/2448 6548/1425/2448 6549/1426/2448 6540/1427/2448
f 6532/1428/2449 6537/1429/2449 6538/1430/2449 6531/1431/2449
f 6638/1432/2450 6643/1433/2450 6644/1434/2450 6639/1435/2450
f 6639/1435/2451 6644/1434/2451 6645/1436/2451 6640/1437/2451
f 6640/1437/2452 6645/1436/2452 6646/1438/2452 6641/1439/2452
f 6641/1439/2453 6646/1438/2453 6647/1395/2453 6642/1440/2453
f 6633/1441/2454 6638/1432/2454 6639/1435/2454 6634/1442/2454
f 6634/1442/2455 6639/1435/2455 6640/1437/2455 6635/1443/2455
f 6635/1443/2456 6640/1437/2456 6641/1439/2456 6636/1444/2456
f 6636/1444/2457 6641/1439/2457 6642/1440/2457 6637/1445/2457
f 6532/1446/2458 6531/1447/2458 6633/1441/2458 6628/1448/2458
f 6628/1448/2459 6633/1441/2459 6634/1442/2459 6629/1449/2459
f 6629/1449/2460 6634/1442/2460 6635/1443/2460 6630/1450/2460
f 6630/1450/2461 6635/1443/2461 6636/1444/2461 6631/1451/2461
f 6631/1451/2462 6636/1444/2462 6637/1445/2462 6632/1452/2462
f 6623/1453/2463 6628/1448/2463 6629/1449/2463 6624/1454/2463
f 6624/1454/2462 6629/1449/2462 6630/1450/2462 6625/1455/2462
f 6625/1455/2464 6630/1450/2464 6631/1451/2464 6626/1456/2464
f 6626/1456/2465 6631/1451/2465 6632/1452/2465 6627/1418/2465
f 6618/1457/2466 6623/1453/2466 6624/1454/2466 6619/1458/2466
f 6619/1458/2467 6624/1454/2467 6625/1455/2467 6620/1459/2467
f 6620/1459/2468 6625/1455/2468 6626/1456/2468 6621/1460/2468
f 6621/1460/2469 6626/1456/2469 6627/1418/2469 6622/1417/2469
f 6534/1461/2470 6533/1462/2470 6618/1457/2470 6613/1463/2470
f 6613/1463/2471 6618/1457/2471 6619/1458/2471 6614/1464/2471
f 6614/1464/2472 6619/1458/2472 6620/1459/2472 6615/1465/2472
f 6615/1465/2473 6620/1459/2473 6621/1460/2473 6616/1466/2473
f 6616/1466/2474 6621/1460/2474 6622/1417/2474 6617/1467/2474
f 6535/1468/2475 6534/1461/2475 6613/1463/2475 6608/1469/2475
f 6608/1469/2476 6613/1463/2476 6614/1464/2476 6609/1470/2476
f 6609/1470/2477 6614/1464/2477 6615/1465/2477 6610/1471/2477
f 6610/1471/2478 6615/1465/2478 6616/1466/2478 6611/1472/2478
f 6611/1472/2479 6616/1466/2479 6617/1467/2479 6612/1414/2479
f 6525/1473/2480 6535/1468/2480 6608/1469/2480 6551/1474/2480
f 6551/1474/2481 6608/1469/2481 6609/1470/2481 6552/1475/2481
f 6552/1475/2482 6609/1470/2482 6610/1471/2482 6553/1476/2482
f 6553/1476/2483 6610/1471/2483 6611/1472/2483 6554/1477/2483
f 6554/1477/2484 6611/1472/2484 6612/1414/2484 6555/1413/2484
f 6598/1478/2485 6603/1479/2485 6604/1480/2485 6599/1481/2485
f 6599/1481/2486 6604/1480/2486 6605/1482/2486 6600/1483/2486
f 6600/1483/2487 6605/1482/2487 6606/1484/2487 6601/1485/2487
f 6601/1485/2488 6606/1484/2488 6607/1486/2488 6602/1411/2488
f 6593/1487/2489 6598/1478/2489 6599/1481/2489 6594/1488/2489
f 6594/1488/2490 6599/1481/2490 6600/1483/2490 6595/1489/2490
f 6595/1489/2491 6600/1483/2491 6601/1485/2491 6596/1490/2491
f 6596/1490/2492 6601/1485/2492 6602/1411/2492 6597/1409/2492
f 6588/1491/2493 6593/1487/2493 6594/1488/2493 6589/1492/2493
f 6589/1492/2494 6594/1488/2494 6595/1489/2494 6590/1493/2494
f 6590/1493/2495 6595/1489/2495 6596/1490/2495 6591/1494/2495
f 6591/1494/2496 6596/1490/2496 6597/1409/2496 6592/1407/2496
f 6537/1495/3822 6536/1496/3822 6588/1491/3822 6583/1497/3822
f 6583/1497/2498 6588/1491/2498 6589/1492/2498 6584/1498/2498
f 6584/1498/2499 6589/1492/2499 6590/1493/2499 6585/1499/2499
f 6585/1499/2500 6590/1493/2500 6591/1494/2500 6586/1500/2500
f 6586/1500/2496 6591/1494/2496 6592/1407/2496 6587/1405/2496
f 6538/1501/2501 6537/1495/2501 6583/1497/2501 6578/1502/2501
f 6578/1502/2502 6583/1497/2502 6584/1498/2502 6579/1503/2502
f 6579/1503/2503 6584/1498/2503 6585/1499/2503 6580/1504/2503
f 6580/1504/2504 6585/1499/2504 6586/1500/2504 6581/1505/2504
f 6581/1505/2505 6586/1500/2505 6587/1405/2505 6582/1403/2505
f 6573/1506/2506 6578/1502/2506 6579/1503/2506 6574/1507/2506
f 6574/1507/2507 6579/1503/2507 6580/1504/2507 6575/1508/2507
f 6575/1508/2508 6580/1504/2508 6581/1505/2508 6576/1509/2508
f 6576/1509/2509 6581/1505/2509 6582/1403/2509 6577/1400/2509
f 6568/1510/2510 6573/1506/2510 6574/1507/2510 6569/1511/2510
f 6569/1511/2511 6574/1507/2511 6575/1508/2511 6570/1512/2511
f 6570/1512/2512 6575/1508/2512 6576/1509/2512 6571/1513/2512
f 6571/1513/2513 6576/1509/2513 6577/1400/2513 6572/1399/2513
f 6566/1514/2514 6570/1512/2514 6571/1513/2514 6567/1515/2514
f 6603/1479/2515 6559/1516/2515 6558/1517/2515 6604/1480/2515
f 6604/1480/2516 6558/1517/2516 6557/1518/2516 6605/1482/2516
f 6530/1519/2517 6528/1520/2517 6564/1521/2517 6643/1433/2517
f 6643/1433/2518 6564/1521/2518 6563/1522/2518 6644/1434/2518
f 6644/1434/2519 6563/1522/2519 6562/1523/2519 6645/1436/2519
f 6645/1436/2520 6562/1523/2520 6561/1524/2520 6646/1438/2520
f 6646/1438/2521 6561/1524/2521 6560/1396/2521 6647/1395/2521
f 6528/1520/2522 6529/1525/2522 6565/1526/2522 6564/1521/2522
f 6562/1523/2523 6566/1514/2523 6567/1515/2523 6561/1524/2523
f 6523/1527/2524 6524/1528/2524 6556/1529/2524 6555/1530/2524
f 6553/1531/2525 6557/1532/2525 6558/1533/2525 6552/1534/2525
f 6552/1534/2526 6558/1533/2526 6559/1535/2526 6551/1536/2526
f 6648/1537/2527 6649/1538/2527 6650/1539/2527
f 6651/1540/2528 6652/1541/2528 6653/1542/2528 6654/1543/2528
f 6655/1544/3823 6656/1545/3823 6657/1546/3823 6658/1547/3823
f 6659/1548/2530 6660/1549/2530 6661/1550/2530 6662/1551/2530
f 6663/1552/3824 6664/1553/3824 6665/1554/3824 6666/1555/3824
f 6667/1556/2532 6668/1557/2532 6669/1558/2532 6670/1559/2532
f 6675/1564/2534 6676/1565/2534 6677/1566/2534 6678/1567/2534
f 6683/1572/2536 6684/1573/2536 6685/1574/2536 6686/1575/2536
f 6687/1576/2537 6688/1577/2537 6689/1578/2537 6690/1579/2537
f 6691/1580/2538 6692/1581/2538 6693/1582/2538 6694/1583/2538
f 6695/1584/2539 6696/1585/2539 6697/1586/2539 6698/1587/2539
f 6699/1588/2540 6700/1589/2540 6701/1590/2540 6702/1591/2540
f 6703/1592/2541 6704/1593/2541 6705/1594/2541 6706/1595/2541
f 6659/1596/2542 6662/1597/2542 6648/1598/2542 6650/1599/2542 6559/1516/2542 6603/1479/2542
f 6551/1536/2543 6559/1535/2543 6650/1539/2543 6649/1538/2543 6525/1600/2543
f 6525/1600/2544 6649/1538/2544 6648/1537/2544 6662/1551/2544 6661/1550/2544 6535/1601/2544
f 6651/1540/2545 6654/1543/2545 6530/1519/2545 6643/1433/2545 6638/1432/2545
f 6531/1431/2546 6538/1430/2546 6674/1563/2546 6673/1562/2546 6653/1602/2546 6652/1603/2546
f 6654/1604/2547 6653/1602/2547 6673/1562/2547 6672/1561/2547 6677/1566/2547 6676/1565/2547 6530/1605/2547
f 6531/1447/2548 6652/1541/2548 6651/1540/2548 6638/1432/2548 6633/1441/2548
f 6655/1544/2549 6658/1547/2549 6532/1446/2549 6628/1448/2549 6623/1453/2549
f 6533/1606/2550 6669/1558/2550 6668/1557/2550 6536/1607/2550 6657/1608/2550 6656/1609/2550
f 6658/1610/2551 6657/1608/2551 6536/1607/2551 6537/1429/2551 6532/1428/2551
f 6533/1462/2552 6656/1545/2552 6655/1544/2552 6623/1453/2552 6618/1457/2552
f 6535/1601/2553 6661/1550/2553 6660/1549/2553 6666/1555/2553 6665/1554/2553 6534/1611/2553
f 6663/1612/2554 6666/1613/2554 6660/1614/2554 6659/1596/2554 6603/1479/2554 6598/1478/2554
f 6534/1611/2555 6665/1554/2555 6664/1553/2555 6670/1559/2555 6669/1558/2555 6533/1606/2555
f 6667/1615/3825 6670/1616/3825 6664/1617/3825 6663/1612/3825 6598/1478/3825 6593/1487/3825
f 6536/1496/2557 6668/1618/2557 6667/1615/2557 6593/1487/2557 6588/1491/2557
f 6671/1619/2558 6674/1620/2558 6538/1501/2558 6578/1502/2558 6573/1506/2558
f 6678/1621/2559 6677/1622/2559 6672/1623/2559 6671/1619/2559 6573/1506/2559 6568/1510/2559
f 6529/1525/2560 6675/1624/2560 6678/1621/2560 6568/1510/2560 6565/1526/2560
f 6530/1605/2561 6676/1565/2561 6675/1564/2561 6529/1525/2561 6528/1520/2561
f 6679/1625/2562 6682/1626/2562 6550/1627/2562 6692/1581/2562 6691/1580/2562 6539/1628/2562
f 6612/1414/2563 6617/1467/2563 6680/1569/2563 6679/1568/2563 6539/1415/2563
f 6540/1427/2564 6549/1426/2564 6550/1627/2564 6682/1626/2564 6681/1629/2564
f 6617/1467/2565 6622/1417/2565 6540/1420/2565 6681/1570/2565 6680/1569/2565
f 6683/1630/2566 6686/1631/2566 6547/1632/2566 6548/1425/2566 6541/1424/2566
f 6627/1418/2567 6632/1452/2567 6684/1573/2567 6683/1572/2567 6541/1419/2567
f 6542/1633/2568 6546/1634/2568 6547/1632/2568 6686/1631/2568 6685/1635/2568
f 6632/1452/2569 6637/1445/2569 6542/1636/2569 6685/1574/2569 6684/1573/2569
f 6687/1637/2570 6690/1638/2570 6545/1639/2570 6546/1634/2570 6542/1633/2570
f 6637/1445/2571 6642/1440/2571 6688/1577/2571 6687/1576/2571 6542/1636/2571
f 6543/1423/2572 6544/1422/2572 6545/1639/2572 6690/1638/2572 6689/1640/2572
f 6642/1440/2573 6647/1395/2573 6543/1398/2573 6689/1578/2573 6688/1577/2573
f 6607/1486/2574 6556/1641/2574 6524/1642/2574 6694/1643/2574 6693/1644/2574
f 6539/1628/2575 6691/1580/2575 6694/1583/2575 6524/1645/2575 6523/1646/2575
f 6602/1411/2576 6607/1486/2576 6693/1644/2576 6692/1647/2576 6550/1412/2576
f 6555/1530/2577 6556/1529/2577 6695/1584/2577 6698/1587/2577 6554/1648/2577
f 6606/1484/2578 6696/1649/2578 6695/1650/2578 6556/1641/2578 6607/1486/2578
f 6554/1648/2579 6698/1587/2579 6697/1586/2579 6557/1532/2579 6553/1531/2579
f 6605/1482/2580 6557/1518/2580 6697/1651/2580 6696/1649/2580 6606/1484/2580
f 6564/1521/2581 6565/1526/2581 6699/1588/2581 6702/1591/2581 6563/1522/2581
f 6565/1526/2582 6568/1510/2582 6569/1511/2582 6700/1589/2582 6699/1588/2582
f 6563/1522/2583 6702/1591/2583 6701/1590/2583 6566/1514/2583 6562/1523/2583
f 6701/1590/2584 6700/1589/2584 6569/1511/2584 6570/1512/2584 6566/1514/2584
f 6706/1595/2585 6705/1594/2585 6572/1399/2585 6544/1402/2585 6527/1421/2585
f 6561/1524/2586 6567/1515/2586 6704/1593/2586 6703/1592/2586 6560/1396/2586
f 6560/1396/2587 6703/1592/2587 6706/1595/2587 6527/1421/2587 6526/1397/2587
f 6567/1515/2588 6571/1513/2588 6572/1399/2588 6705/1594/2588 6704/1593/2588
f 6831/1395/1693 6744/1396/1693 6710/1397/1693 6727/1398/1693
f 6756/1399/1694 6761/1400/1694 6729/1401/1694 6728/1402/1694
f 6761/1400/1695 6766/1403/1695 6730/1404/1695 6729/1401/1695
f 6766/1403/1696 6771/1405/1696 6731/1406/1696 6730/1404/1696
f 6771/1405/1697 6776/1407/1697 6732/1408/1697 6731/1406/1697
f 6776/1407/1698 6781/1409/1698 6733/1410/1698 6732/1408/1698
f 6781/1409/1699 6786/1411/1699 6734/1412/1699 6733/1410/1699
f 6739/1413/1700 6796/1414/1700 6723/1415/1700 6707/1416/1700
f 6806/1417/1701 6811/1418/1701 6725/1419/1701 6724/1420/1701
f 6710/1397/1702 6711/1421/1702 6728/1422/1702 6727/1423/1702
f 6725/1424/1703 6732/1425/1703 6733/1426/1703 6724/1427/1703
f 6716/1428/1704 6721/1429/1704 6722/1430/1704 6715/1431/1704
f 6822/1432/1705 6827/1433/1705 6828/1434/1705 6823/1435/1705
f 6823/1435/1706 6828/1434/1706 6829/1436/1706 6824/1437/1706
f 6824/1437/1707 6829/1436/1707 6830/1438/1707 6825/1439/1707
f 6825/1439/1708 6830/1438/1708 6831/1395/1708 6826/1440/1708
f 6817/1441/1709 6822/1432/1709 6823/1435/1709 6818/1442/1709
f 6818/1442/1710 6823/1435/1710 6824/1437/1710 6819/1443/1710
f 6819/1443/1711 6824/1437/1711 6825/1439/1711 6820/1444/1711
f 6820/1444/1712 6825/1439/1712 6826/1440/1712 6821/1445/1712
f 6716/1446/1713 6715/1447/1713 6817/1441/1713 6812/1448/1713
f 6812/1448/1714 6817/1441/1714 6818/1442/1714 6813/1449/1714
f 6813/1449/1715 6818/1442/1715 6819/1443/1715 6814/1450/1715
f 6814/1450/1716 6819/1443/1716 6820/1444/1716 6815/1451/1716
f 6815/1451/1717 6820/1444/1717 6821/1445/1717 6816/1452/1717
f 6807/1453/1718 6812/1448/1718 6813/1449/1718 6808/1454/1718
f 6808/1454/1717 6813/1449/1717 6814/1450/1717 6809/1455/1717
f 6809/1455/1719 6814/1450/1719 6815/1451/1719 6810/1456/1719
f 6810/1456/1720 6815/1451/1720 6816/1452/1720 6811/1418/1720
f 6802/1457/1712 6807/1453/1712 6808/1454/1712 6803/1458/1712
f 6803/1458/1717 6808/1454/1717 6809/1455/1717 6804/1459/1717
f 6804/1459/1719 6809/1455/1719 6810/1456/1719 6805/1460/1719
f 6805/1460/1721 6810/1456/1721 6811/1418/1721 6806/1417/1721
f 6718/1461/1722 6717/1462/1722 6802/1457/1722 6797/1463/1722
f 6797/1463/1723 6802/1457/1723 6803/1458/1723 6798/1464/1723
f 6798/1464/1724 6803/1458/1724 6804/1459/1724 6799/1465/1724
f 6799/1465/1725 6804/1459/1725 6805/1460/1725 6800/1466/1725
f 6800/1466/1726 6805/1460/1726 6806/1417/1726 6801/1467/1726
f 6719/1468/1727 6718/1461/1727 6797/1463/1727 6792/1469/1727
f 6792/1469/1728 6797/1463/1728 6798/1464/1728 6793/1470/1728
f 6793/1470/1729 6798/1464/1729 6799/1465/1729 6794/1471/1729
f 6794/1471/1730 6799/1465/1730 6800/1466/1730 6795/1472/1730
f 6795/1472/1731 6800/1466/1731 6801/1467/1731 6796/1414/1731
f 6709/1473/1732 6719/1468/1732 6792/1469/1732 6735/1474/1732
f 6735/1474/1733 6792/1469/1733 6793/1470/1733 6736/1475/1733
f 6736/1475/1734 6793/1470/1734 6794/1471/1734 6737/1476/1734
f 6737/1476/1735 6794/1471/1735 6795/1472/1735 6738/1477/1735
f 6738/1477/1736 6795/1472/1736 6796/1414/1736 6739/1413/1736
f 6782/1478/1737 6787/1479/1737 6788/1480/1737 6783/1481/1737
f 6783/1481/1738 6788/1480/1738 6789/1482/1738 6784/1483/1738
f 6784/1483/1739 6789/1482/1739 6790/1484/1739 6785/1485/1739
f 6785/1485/1740 6790/1484/1740 6791/1486/1740 6786/1411/1740
f 6777/1487/1741 6782/1478/1741 6783/1481/1741 6778/1488/1741
f 6778/1488/1742 6783/1481/1742 6784/1483/1742 6779/1489/1742
f 6779/1489/1743 6784/1483/1743 6785/1485/1743 6780/1490/1743
f 6780/1490/1744 6785/1485/1744 6786/1411/1744 6781/1409/1744
f 6772/1491/1745 6777/1487/1745 6778/1488/1745 6773/1492/1745
f 6773/1492/1746 6778/1488/1746 6779/1489/1746 6774/1493/1746
f 6774/1493/3826 6779/1489/3826 6780/1490/3826 6775/1494/3826
f 6775/1494/1748 6780/1490/1748 6781/1409/1748 6776/1407/1748
f 6721/1495/1749 6720/1496/1749 6772/1491/1749 6767/1497/1749
f 6767/1497/1750 6772/1491/1750 6773/1492/1750 6768/1498/1750
f 6768/1498/1751 6773/1492/1751 6774/1493/1751 6769/1499/1751
f 6769/1499/1752 6774/1493/1752 6775/1494/1752 6770/1500/1752
f 6770/1500/1748 6775/1494/1748 6776/1407/1748 6771/1405/1748
f 6722/1501/1753 6721/1495/1753 6767/1497/1753 6762/1502/1753
f 6762/1502/1754 6767/1497/1754 6768/1498/1754 6763/1503/1754
f 6763/1503/1755 6768/1498/1755 6769/1499/1755 6764/1504/1755
f 6764/1504/1756 6769/1499/1756 6770/1500/1756 6765/1505/1756
f 6765/1505/1757 6770/1500/1757 6771/1405/1757 6766/1403/1757
f 6757/1506/1758 6762/1502/1758 6763/1503/1758 6758/1507/1758
f 6758/1507/1759 6763/1503/1759 6764/1504/1759 6759/1508/1759
f 6759/1508/1760 6764/1504/1760 6765/1505/1760 6760/1509/1760
f 6760/1509/1761 6765/1505/1761 6766/1403/1761 6761/1400/1761
f 6752/1510/1762 6757/1506/1762 6758/1507/1762 6753/1511/1762
f 6753/1511/1763 6758/1507/1763 6759/1508/1763 6754/1512/1763
f 6754/1512/1764 6759/1508/1764 6760/1509/1764 6755/1513/1764
f 6755/1513/1765 6760/1509/1765 6761/1400/1765 6756/1399/1765
f 6750/1514/2589 6754/1512/2589 6755/1513/2589 6751/1515/2589
f 6787/1479/1767 6743/1516/1767 6742/1517/1767 6788/1480/1767
f 6788/1480/1768 6742/1517/1768 6741/1518/1768 6789/1482/1768
f 6714/1519/1769 6712/1520/1769 6748/1521/1769 6827/1433/1769
f 6827/1433/1770 6748/1521/1770 6747/1522/1770 6828/1434/1770
f 6828/1434/1771 6747/1522/1771 6746/1523/1771 6829/1436/1771
f 6829/1436/1772 6746/1523/1772 6745/1524/1772 6830/1438/1772
f 6830/1438/1773 6745/1524/1773 6744/1396/1773 6831/1395/1773
f 6712/1520/1774 6713/1525/1774 6749/1526/1774 6748/1521/1774
f 6746/1523/1775 6750/1514/1775 6751/1515/1775 6745/1524/1775
f 6707/1527/1776 6708/1528/1776 6740/1529/1776 6739/1530/1776
f 6737/1531/1777 6741/1532/1777 6742/1533/1777 6736/1534/1777
f 6736/1534/1778 6742/1533/1778 6743/1535/1778 6735/1536/1778
f 6832/1537/3791 6833/1538/3791 6834/1539/3791
f 6835/1540/3827 6836/1541/3827 6837/1542/3827 6838/1543/3827
f 6839/1544/1781 6840/1545/1781 6841/1546/1781 6842/1547/1781
f 6843/1548/1782 6844/1549/1782 6845/1550/1782 6846/1551/1782
f 6847/1552/1783 6848/1553/1783 6849/1554/1783 6850/1555/1783
f 6851/1556/1784 6852/1557/1784 6853/1558/1784 6854/1559/1784
f 6859/1564/1786 6860/1565/1786 6861/1566/1786 6862/1567/1786
f 6867/1572/2590 6868/1573/2590 6869/1574/2590 6870/1575/2590
f 6871/1576/1789 6872/1577/1789 6873/1578/1789 6874/1579/1789
f 6875/1580/1790 6876/1581/1790 6877/1582/1790 6878/1583/1790
f 6879/1584/1791 6880/1585/1791 6881/1586/1791 6882/1587/1791
f 6883/1588/1792 6884/1589/1792 6885/1590/1792 6886/1591/1792
f 6887/1592/1793 6888/1593/1793 6889/1594/1793 6890/1595/1793
f 6843/1596/1794 6846/1597/1794 6832/1598/1794 6834/1599/1794 6743/1516/1794 6787/1479/1794
f 6735/1536/1795 6743/1535/1795 6834/1539/1795 6833/1538/1795 6709/1600/1795
f 6709/1600/1796 6833/1538/1796 6832/1537/1796 6846/1551/1796 6845/1550/1796 6719/1601/1796
f 6835/1540/2591 6838/1543/2591 6714/1519/2591 6827/1433/2591 6822/1432/2591
f 6715/1431/1798 6722/1430/1798 6858/1563/1798 6857/1562/1798 6837/1602/1798 6836/1603/1798
f 6838/1604/1799 6837/1602/1799 6857/1562/1799 6856/1561/1799 6861/1566/1799 6860/1565/1799 6714/1605/1799
f 6715/1447/1800 6836/1541/1800 6835/1540/1800 6822/1432/1800 6817/1441/1800
f 6839/1544/2592 6842/1547/2592 6716/1446/2592 6812/1448/2592 6807/1453/2592
f 6717/1606/1802 6853/1558/1802 6852/1557/1802 6720/1607/1802 6841/1608/1802 6840/1609/1802
f 6842/1610/1803 6841/1608/1803 6720/1607/1803 6721/1429/1803 6716/1428/1803
f 6717/1462/1804 6840/1545/1804 6839/1544/1804 6807/1453/1804 6802/1457/1804
f 6719/1601/1805 6845/1550/1805 6844/1549/1805 6850/1555/1805 6849/1554/1805 6718/1611/1805
f 6847/1612/1806 6850/1613/1806 6844/1614/1806 6843/1596/1806 6787/1479/1806 6782/1478/1806
f 6718/1611/1807 6849/1554/1807 6848/1553/1807 6854/1559/1807 6853/1558/1807 6717/1606/1807
f 6851/1615/1808 6854/1616/1808 6848/1617/1808 6847/1612/1808 6782/1478/1808 6777/1487/1808
f 6720/1496/1809 6852/1618/1809 6851/1615/1809 6777/1487/1809 6772/1491/1809
f 6855/1619/1810 6858/1620/1810 6722/1501/1810 6762/1502/1810 6757/1506/1810
f 6862/1621/1811 6861/1622/1811 6856/1623/1811 6855/1619/1811 6757/1506/1811 6752/1510/1811
f 6713/1525/1812 6859/1624/1812 6862/1621/1812 6752/1510/1812 6749/1526/1812
f 6714/1605/1813 6860/1565/1813 6859/1564/1813 6713/1525/1813 6712/1520/1813
f 6863/1625/1814 6866/1626/1814 6734/1627/1814 6876/1581/1814 6875/1580/1814 6723/1628/1814
f 6796/1414/1815 6801/1467/1815 6864/1569/1815 6863/1568/1815 6723/1415/1815
f 6724/1427/1816 6733/1426/1816 6734/1627/1816 6866/1626/1816 6865/1629/1816
f 6801/1467/1817 6806/1417/1817 6724/1420/1817 6865/1570/1817 6864/1569/1817
f 6867/1630/1818 6870/1631/1818 6731/1632/1818 6732/1425/1818 6725/1424/1818
f 6811/1418/1819 6816/1452/1819 6868/1573/1819 6867/1572/1819 6725/1419/1819
f 6726/1633/1820 6730/1634/1820 6731/1632/1820 6870/1631/1820 6869/1635/1820
f 6816/1452/1821 6821/1445/1821 6726/1636/1821 6869/1574/1821 6868/1573/1821
f 6871/1637/1822 6874/1638/1822 6729/1639/1822 6730/1634/1822 6726/1633/1822
f 6821/1445/1823 6826/1440/1823 6872/1577/1823 6871/1576/1823 6726/1636/1823
f 6727/1423/1824 6728/1422/1824 6729/1639/1824 6874/1638/1824 6873/1640/1824
f 6826/1440/1825 6831/1395/1825 6727/1398/1825 6873/1578/1825 6872/1577/1825
f 6791/1486/1826 6740/1641/1826 6708/1642/1826 6878/1643/1826 6877/1644/1826
f 6723/1628/1827 6875/1580/1827 6878/1583/1827 6708/1645/1827 6707/1646/1827
f 6786/1411/1828 6791/1486/1828 6877/1644/1828 6876/1647/1828 6734/1412/1828
f 6739/1530/1829 6740/1529/1829 6879/1584/1829 6882/1587/1829 6738/1648/1829
f 6790/1484/1830 6880/1649/1830 6879/1650/1830 6740/1641/1830 6791/1486/1830
f 6738/1648/1831 6882/1587/1831 6881/1586/1831 6741/1532/1831 6737/1531/1831
f 6789/1482/1832 6741/1518/1832 6881/1651/1832 6880/1649/1832 6790/1484/1832
f 6748/1521/2593 6749/1526/2593 6883/1588/2593 6886/1591/2593 6747/1522/2593
f 6749/1526/1834 6752/1510/1834 6753/1511/1834 6884/1589/1834 6883/1588/1834
f 6747/1522/1835 6886/1591/1835 6885/1590/1835 6750/1514/1835 6746/1523/1835
f 6885/1590/1836 6884/1589/1836 6753/1511/1836 6754/1512/1836 6750/1514/1836
f 6890/1595/1837 6889/1594/1837 6756/1399/1837 6728/1402/1837 6711/1421/1837
f 6745/1524/1838 6751/1515/1838 6888/1593/1838 6887/1592/1838 6744/1396/1838
f 6744/1396/3829 6887/1592/3829 6890/1595/3829 6711/1421/3829 6710/1397/3829
f 6751/1515/1840 6755/1513/1840 6756/1399/1840 6889/1594/1840 6888/1593/1840
f 7015/1395/1841 6928/1396/1841 6894/1397/1841 6911/1398/1841
f 6940/1399/1842 6945/1400/1842 6913/1401/1842 6912/1402/1842
f 6945/1400/1843 6950/1403/1843 6914/1404/1843 6913/1401/1843
f 6950/1403/1844 6955/1405/1844 6915/1406/1844 6914/1404/1844
f 6955/1405/1845 6960/1407/1845 6916/1408/1845 6915/1406/1845
f 6960/1407/1846 6965/1409/1846 6917/1410/1846 6916/1408/1846
f 6965/1409/1847 6970/1411/1847 6918/1412/1847 6917/1410/1847
f 6923/1413/1848 6980/1414/1848 6907/1415/1848 6891/1416/1848
f 6990/1417/1849 6995/1418/1849 6909/1419/1849 6908/1420/1849
f 6894/1397/2594 6895/1421/2594 6912/1422/2594 6911/1423/2594
f 6909/1424/2595 6916/1425/2595 6917/1426/2595 6908/1427/2595
f 6900/1428/1852 6905/1429/1852 6906/1430/1852 6899/1431/1852
f 7006/1432/1853 7011/1433/1853 7012/1434/1853 7007/1435/1853
f 7007/1435/1854 7012/1434/1854 7013/1436/1854 7008/1437/1854
f 7008/1437/1855 7013/1436/1855 7014/1438/1855 7009/1439/1855
f 7009/1439/1856 7014/1438/1856 7015/1395/1856 7010/1440/1856
f 7001/1441/1857 7006/1432/1857 7007/1435/1857 7002/1442/1857
f 7002/1442/1858 7007/1435/1858 7008/1437/1858 7003/1443/1858
f 7003/1443/1859 7008/1437/1859 7009/1439/1859 7004/1444/1859
f 7004/1444/1860 7009/1439/1860 7010/1440/1860 7005/1445/1860
f 6900/1446/1861 6899/1447/1861 7001/1441/1861 6996/1448/1861
f 6996/1448/1862 7001/1441/1862 7002/1442/1862 6997/1449/1862
f 6997/1449/1863 7002/1442/1863 7003/1443/1863 6998/1450/1863
f 6998/1450/1864 7003/1443/1864 7004/1444/1864 6999/1451/1864
f 6999/1451/1865 7004/1444/1865 7005/1445/1865 7000/1452/1865
f 6991/1453/1866 6996/1448/1866 6997/1449/1866 6992/1454/1866
f 6992/1454/1867 6997/1449/1867 6998/1450/1867 6993/1455/1867
f 6993/1455/1865 6998/1450/1865 6999/1451/1865 6994/1456/1865
f 6994/1456/1868 6999/1451/1868 7000/1452/1868 6995/1418/1868
f 6986/1457/1869 6991/1453/1869 6992/1454/1869 6987/1458/1869
f 6987/1458/1867 6992/1454/1867 6993/1455/1867 6988/1459/1867
f 6988/1459/1865 6993/1455/1865 6994/1456/1865 6989/1460/1865
f 6989/1460/1870 6994/1456/1870 6995/1418/1870 6990/1417/1870
f 6902/1461/1871 6901/1462/1871 6986/1457/1871 6981/1463/1871
f 6981/1463/1872 6986/1457/1872 6987/1458/1872 6982/1464/1872
f 6982/1464/1873 6987/1458/1873 6988/1459/1873 6983/1465/1873
f 6983/1465/1874 6988/1459/1874 6989/1460/1874 6984/1466/1874
f 6984/1466/1875 6989/1460/1875 6990/1417/1875 6985/1467/1875
f 6903/1468/1876 6902/1461/1876 6981/1463/1876 6976/1469/1876
f 6976/1469/1877 6981/1463/1877 6982/1464/1877 6977/1470/1877
f 6977/1470/1878 6982/1464/1878 6983/1465/1878 6978/1471/1878
f 6978/1471/1879 6983/1465/1879 6984/1466/1879 6979/1472/1879
f 6979/1472/1880 6984/1466/1880 6985/1467/1880 6980/1414/1880
f 6893/1473/1881 6903/1468/1881 6976/1469/1881 6919/1474/1881
f 6919/1474/1882 6976/1469/1882 6977/1470/1882 6920/1475/1882
f 6920/1475/1883 6977/1470/1883 6978/1471/1883 6921/1476/1883
f 6921/1476/2596 6978/1471/2596 6979/1472/2596 6922/1477/2596
f 6922/1477/1885 6979/1472/1885 6980/1414/1885 6923/1413/1885
f 6966/1478/1886 6971/1479/1886 6972/1480/1886 6967/1481/1886
f 6967/1481/1887 6972/1480/1887 6973/1482/1887 6968/1483/1887
f 6968/1483/1888 6973/1482/1888 6974/1484/1888 6969/1485/1888
f 6969/1485/1889 6974/1484/1889 6975/1486/1889 6970/1411/1889
f 6961/1487/1890 6966/1478/1890 6967/1481/1890 6962/1488/1890
f 6962/1488/1891 6967/1481/1891 6968/1483/1891 6963/1489/1891
f 6963/1489/1892 6968/1483/1892 6969/1485/1892 6964/1490/1892
f 6964/1490/1893 6969/1485/1893 6970/1411/1893 6965/1409/1893
f 6956/1491/1894 6961/1487/1894 6962/1488/1894 6957/1492/1894
f 6957/1492/1895 6962/1488/1895 6963/1489/1895 6958/1493/1895
f 6958/1493/1896 6963/1489/1896 6964/1490/1896 6959/1494/1896
f 6959/1494/1897 6964/1490/1897 6965/1409/1897 6960/1407/1897
f 6905/1495/1898 6904/1496/1898 6956/1491/1898 6951/1497/1898
f 6951/1497/1899 6956/1491/1899 6957/1492/1899 6952/1498/1899
f 6952/1498/1900 6957/1492/1900 6958/1493/1900 6953/1499/1900
f 6953/1499/1901 6958/1493/1901 6959/1494/1901 6954/1500/1901
f 6954/1500/1897 6959/1494/1897 6960/1407/1897 6955/1405/1897
f 6906/1501/1902 6905/1495/1902 6951/1497/1902 6946/1502/1902
f 6946/1502/1903 6951/1497/1903 6952/1498/1903 6947/1503/1903
f 6947/1503/1904 6952/1498/1904 6953/1499/1904 6948/1504/1904
f 6948/1504/1905 6953/1499/1905 6954/1500/1905 6949/1505/1905
f 6949/1505/1906 6954/1500/1906 6955/1405/1906 6950/1403/1906
f 6941/1506/1907 6946/1502/1907 6947/1503/1907 6942/1507/1907
f 6942/1507/1908 6947/1503/1908 6948/1504/1908 6943/1508/1908
f 6943/1508/1909 6948/1504/1909 6949/1505/1909 6944/1509/1909
f 6944/1509/1910 6949/1505/1910 6950/1403/1910 6945/1400/1910
f 6936/1510/2597 6941/1506/2597 6942/1507/2597 6937/1511/2597
f 6937/1511/1912 6942/1507/1912 6943/1508/1912 6938/1512/1912
f 6938/1512/1913 6943/1508/1913 6944/1509/1913 6939/1513/1913
f 6939/1513/1914 6944/1509/1914 6945/1400/1914 6940/1399/1914
f 6934/1514/1915 6938/1512/1915 6939/1513/1915 6935/1515/1915
f 6971/1479/1916 6927/1516/1916 6926/1517/1916 6972/1480/1916
f 6972/1480/1917 6926/1517/1917 6925/1518/1917 6973/1482/1917
f 6898/1519/1918 6896/1520/1918 6932/1521/1918 7011/1433/1918
f 7011/1433/1919 6932/1521/1919 6931/1522/1919 7012/1434/1919
f 7012/1434/1920 6931/1522/1920 6930/1523/1920 7013/1436/1920
f 7013/1436/1921 6930/1523/1921 6929/1524/1921 7014/1438/1921
f 7014/1438/1922 6929/1524/1922 6928/1396/1922 7015/1395/1922
f 6896/1520/1923 6897/1525/1923 6933/1526/1923 6932/1521/1923
f 6930/1523/1924 6934/1514/1924 6935/1515/1924 6929/1524/1924
f 6891/1527/1925 6892/1528/1925 6924/1529/1925 6923/1530/1925
f 6921/1531/1926 6925/1532/1926 6926/1533/1926 6920/1534/1926
f 6920/1534/1927 6926/1533/1927 6927/1535/1927 6919/1536/1927
f 7016/1537/1928 7017/1538/1928 7018/1539/1928
f 7019/1540/1929 7020/1541/1929 7021/1542/1929 7022/1543/1929
f 7023/1544/1930 7024/1545/1930 7025/1546/1930 7026/1547/1930
f 7027/1548/1931 7028/1549/1931 7029/1550/1931 7030/1551/1931
f 7031/1552/1932 7032/1553/1932 7033/1554/1932 7034/1555/1932
f 7035/1556/1933 7036/1557/1933 7037/1558/1933 7038/1559/1933
f 7043/1564/1935 7044/1565/1935 7045/1566/1935 7046/1567/1935
f 7051/1572/1937 7052/1573/1937 7053/1574/1937 7054/1575/1937
f 7055/1576/2598 7056/1577/2598 7057/1578/2598 7058/1579/2598
f 7059/1580/1939 7060/1581/1939 7061/1582/1939 7062/1583/1939
f 7063/1584/2599 7064/1585/2599 7065/1586/2599 7066/1587/2599
f 7067/1588/1941 7068/1589/1941 7069/1590/1941 7070/1591/1941
f 7071/1592/1942 7072/1593/1942 7073/1594/1942 7074/1595/1942
f 7027/1596/1943 7030/1597/1943 7016/1598/1943 7018/1599/1943 6927/1516/1943 6971/1479/1943
f 6919/1536/1944 6927/1535/1944 7018/1539/1944 7017/1538/1944 6893/1600/1944
f 6893/1600/1945 7017/1538/1945 7016/1537/1945 7030/1551/1945 7029/1550/1945 6903/1601/1945
f 7019/1540/1946 7022/1543/1946 6898/1519/1946 7011/1433/1946 7006/1432/1946
f 6899/1431/1947 6906/1430/1947 7042/1563/1947 7041/1562/1947 7021/1602/1947 7020/1603/1947
f 7022/1604/1948 7021/1602/1948 7041/1562/1948 7040/1561/1948 7045/1566/1948 7044/1565/1948 6898/1605/1948
f 6899/1447/1949 7020/1541/1949 7019/1540/1949 7006/1432/1949 7001/1441/1949
f 7023/1544/1950 7026/1547/1950 6900/1446/1950 6996/1448/1950 6991/1453/1950
f 6901/1606/1951 7037/1558/1951 7036/1557/1951 6904/1607/1951 7025/1608/1951 7024/1609/1951
f 7026/1610/1952 7025/1608/1952 6904/1607/1952 6905/1429/1952 6900/1428/1952
f 6901/1462/1953 7024/1545/1953 7023/1544/1953 6991/1453/1953 6986/1457/1953
f 6903/1601/1954 7029/1550/1954 7028/1549/1954 7034/1555/1954 7033/1554/1954 6902/1611/1954
f 7031/1612/1955 7034/1613/1955 7028/1614/1955 7027/1596/1955 6971/1479/1955 6966/1478/1955
f 6902/1611/1956 7033/1554/1956 7032/1553/1956 7038/1559/1956 7037/1558/1956 6901/1606/1956
f 7035/1615/1957 7038/1616/1957 7032/1617/1957 7031/1612/1957 6966/1478/1957 6961/1487/1957
f 6904/1496/1958 7036/1618/1958 7035/1615/1958 6961/1487/1958 6956/1491/1958
f 7039/1619/1959 7042/1620/1959 6906/1501/1959 6946/1502/1959 6941/1506/1959
f 7046/1621/1960 7045/1622/1960 7040/1623/1960 7039/1619/1960 6941/1506/1960 6936/1510/1960
f 6897/1525/1961 7043/1624/1961 7046/1621/1961 6936/1510/1961 6933/1526/1961
f 6898/1605/1962 7044/1565/1962 7043/1564/1962 6897/1525/1962 6896/1520/1962
f 7047/1625/2600 7050/1626/2600 6918/1627/2600 7060/1581/2600 7059/1580/2600 6907/1628/2600
f 6980/1414/1964 6985/1467/1964 7048/1569/1964 7047/1568/1964 6907/1415/1964
f 6908/1427/2601 6917/1426/2601 6918/1627/2601 7050/1626/2601 7049/1629/2601
f 6985/1467/1966 6990/1417/1966 6908/1420/1966 7049/1570/1966 7048/1569/1966
f 7051/1630/1967 7054/1631/1967 6915/1632/1967 6916/1425/1967 6909/1424/1967
f 6995/1418/1968 7000/1452/1968 7052/1573/1968 7051/1572/1968 6909/1419/1968
f 6910/1633/1969 6914/1634/1969 6915/1632/1969 7054/1631/1969 7053/1635/1969
f 7000/1452/1970 7005/1445/1970 6910/1636/1970 7053/1574/1970 7052/1573/1970
f 7055/1637/2602 7058/1638/2602 6913/1639/2602 6914/1634/2602 6910/1633/2602
f 7005/1445/1972 7010/1440/1972 7056/1577/1972 7055/1576/1972 6910/1636/1972
f 6911/1423/1973 6912/1422/1973 6913/1639/1973 7058/1638/1973 7057/1640/1973
f 7010/1440/1974 7015/1395/1974 6911/1398/1974 7057/1578/1974 7056/1577/1974
f 6975/1486/2603 6924/1641/2603 6892/1642/2603 7062/1643/2603 7061/1644/2603
f 6907/1628/1976 7059/1580/1976 7062/1583/1976 6892/1645/1976 6891/1646/1976
f 6970/1411/1977 6975/1486/1977 7061/1644/1977 7060/1647/1977 6918/1412/1977
f 6923/1530/1978 6924/1529/1978 7063/1584/1978 7066/1587/1978 6922/1648/1978
f 6974/1484/1979 7064/1649/1979 7063/1650/1979 6924/1641/1979 6975/1486/1979
f 6922/1648/1980 7066/1587/1980 7065/1586/1980 6925/1532/1980 6921/1531/1980
f 6973/1482/1981 6925/1518/1981 7065/1651/1981 7064/1649/1981 6974/1484/1981
f 6932/1521/1982 6933/1526/1982 7067/1588/1982 7070/1591/1982 6931/1522/1982
f 6933/1526/1983 6936/1510/1983 6937/1511/1983 7068/1589/1983 7067/1588/1983
f 6931/1522/1984 7070/1591/1984 7069/1590/1984 6934/1514/1984 6930/1523/1984
f 7069/1590/1985 7068/1589/1985 6937/1511/1985 6938/1512/1985 6934/1514/1985
f 7074/1595/1986 7073/1594/1986 6940/1399/1986 6912/1402/1986 6895/1421/1986
f 6929/1524/1987 6935/1515/1987 7072/1593/1987 7071/1592/1987 6928/1396/1987
f 6928/1396/1988 7071/1592/1988 7074/1595/1988 6895/1421/1988 6894/1397/1988
f 6935/1515/1989 6939/1513/1989 6940/1399/1989 7073/1594/1989 7072/1593/1989
f 7199/1395/3830 7112/1396/3830 7078/1397/3830 7095/1398/3830
f 7124/1399/2605 7129/1400/2605 7097/1401/2605 7096/1402/2605
f 7129/1400/2606 7134/1403/2606 7098/1404/2606 7097/1401/2606
f 7134/1403/2607 7139/1405/2607 7099/1406/2607 7098/1404/2607
f 7139/1405/2608 7144/1407/2608 7100/1408/2608 7099/1406/2608
f 7144/1407/2609 7149/1409/2609 7101/1410/2609 7100/1408/2609
f 7149/1409/2610 7154/1411/2610 7102/1412/2610 7101/1410/2610
f 7107/1413/2611 7164/1414/2611 7091/1415/2611 7075/1416/2611
f 7174/1417/2612 7179/1418/2612 7093/1419/2612 7092/1420/2612
f 7078/1397/2613 7079/1421/2613 7096/1422/2613 7095/1423/2613
f 7093/1424/2614 7100/1425/2614 7101/1426/2614 7092/1427/2614
f 7084/1428/2615 7089/1429/2615 7090/1430/2615 7083/1431/2615
f 7190/1432/2616 7195/1433/2616 7196/1434/2616 7191/1435/2616
f 7191/1435/2617 7196/1434/2617 7197/1436/2617 7192/1437/2617
f 7192/1437/2618 7197/1436/2618 7198/1438/2618 7193/1439/2618
f 7193/1439/2619 7198/1438/2619 7199/1395/2619 7194/1440/2619
f 7185/1441/2620 7190/1432/2620 7191/1435/2620 7186/1442/2620
f 7186/1442/2621 7191/1435/2621 7192/1437/2621 7187/1443/2621
f 7187/1443/2622 7192/1437/2622 7193/1439/2622 7188/1444/2622
f 7188/1444/2623 7193/1439/2623 7194/1440/2623 7189/1445/2623
f 7084/1446/2624 7083/1447/2624 7185/1441/2624 7180/1448/2624
f 7180/1448/2625 7185/1441/2625 7186/1442/2625 7181/1449/2625
f 7181/1449/2626 7186/1442/2626 7187/1443/2626 7182/1450/2626
f 7182/1450/2627 7187/1443/2627 7188/1444/2627 7183/1451/2627
f 7183/1451/2628 7188/1444/2628 7189/1445/2628 7184/1452/2628
f 7175/1453/2629 7180/1448/2629 7181/1449/2629 7176/1454/2629
f 7176/1454/2630 7181/1449/2630 7182/1450/2630 7177/1455/2630
f 7177/1455/2628 7182/1450/2628 7183/1451/2628 7178/1456/2628
f 7178/1456/2631 7183/1451/2631 7184/1452/2631 7179/1418/2631
f 7170/1457/2623 7175/1453/2623 7176/1454/2623 7171/1458/2623
f 7171/1458/2630 7176/1454/2630 7177/1455/2630 7172/1459/2630
f 7172/1459/2628 7177/1455/2628 7178/1456/2628 7173/1460/2628
f 7173/1460/2632 7178/1456/2632 7179/1418/2632 7174/1417/2632
f 7086/1461/2633 7085/1462/2633 7170/1457/2633 7165/1463/2633
f 7165/1463/2634 7170/1457/2634 7171/1458/2634 7166/1464/2634
f 7166/1464/2635 7171/1458/2635 7172/1459/2635 7167/1465/2635
f 7167/1465/2636 7172/1459/2636 7173/1460/2636 7168/1466/2636
f 7168/1466/2637 7173/1460/2637 7174/1417/2637 7169/1467/2637
f 7087/1468/2638 7086/1461/2638 7165/1463/2638 7160/1469/2638
f 7160/1469/2639 7165/1463/2639 7166/1464/2639 7161/1470/2639
f 7161/1470/2640 7166/1464/2640 7167/1465/2640 7162/1471/2640
f 7162/1471/2641 7167/1465/2641 7168/1466/2641 7163/1472/2641
f 7163/1472/2642 7168/1466/2642 7169/1467/2642 7164/1414/2642
f 7077/1473/2643 7087/1468/2643 7160/1469/2643 7103/1474/2643
f 7103/1474/2644 7160/1469/2644 7161/1470/2644 7104/1475/2644
f 7104/1475/2645 7161/1470/2645 7162/1471/2645 7105/1476/2645
f 7105/1476/2646 7162/1471/2646 7163/1472/2646 7106/1477/2646
f 7106/1477/2647 7163/1472/2647 7164/1414/2647 7107/1413/2647
f 7150/1478/2648 7155/1479/2648 7156/1480/2648 7151/1481/2648
f 7151/1481/2649 7156/1480/2649 7157/1482/2649 7152/1483/2649
f 7152/1483/2650 7157/1482/2650 7158/1484/2650 7153/1485/2650
f 7153/1485/2651 7158/1484/2651 7159/1486/2651 7154/1411/2651
f 7145/1487/2652 7150/1478/2652 7151/1481/2652 7146/1488/2652
f 7146/1488/2653 7151/1481/2653 7152/1483/2653 7147/1489/2653
f 7147/1489/2654 7152/1483/2654 7153/1485/2654 7148/1490/2654
f 7148/1490/2655 7153/1485/2655 7154/1411/2655 7149/1409/2655
f 7140/1491/2656 7145/1487/2656 7146/1488/2656 7141/1492/2656
f 7141/1492/2657 7146/1488/2657 7147/1489/2657 7142/1493/2657
f 7142/1493/2658 7147/1489/2658 7148/1490/2658 7143/1494/2658
f 7143/1494/2650 7148/1490/2650 7149/1409/2650 7144/1407/2650
f 7089/1495/2659 7088/1496/2659 7140/1491/2659 7135/1497/2659
f 7135/1497/2660 7140/1491/2660 7141/1492/2660 7136/1498/2660
f 7136/1498/2661 7141/1492/2661 7142/1493/2661 7137/1499/2661
f 7137/1499/2662 7142/1493/2662 7143/1494/2662 7138/1500/2662
f 7138/1500/2650 7143/1494/2650 7144/1407/2650 7139/1405/2650
f 7090/1501/2663 7089/1495/2663 7135/1497/2663 7130/1502/2663
f 7130/1502/2664 7135/1497/2664 7136/1498/2664 7131/1503/2664
f 7131/1503/2665 7136/1498/2665 7137/1499/2665 7132/1504/2665
f 7132/1504/2666 7137/1499/2666 7138/1500/2666 7133/1505/2666
f 7133/1505/2667 7138/1500/2667 7139/1405/2667 7134/1403/2667
f 7125/1506/2668 7130/1502/2668 7131/1503/2668 7126/1507/2668
f 7126/1507/2669 7131/1503/2669 7132/1504/2669 7127/1508/2669
f 7127/1508/2670 7132/1504/2670 7133/1505/2670 7128/1509/2670
f 7128/1509/2671 7133/1505/2671 7134/1403/2671 7129/1400/2671
f 7120/1510/2672 7125/1506/2672 7126/1507/2672 7121/1511/2672
f 7121/1511/2673 7126/1507/2673 7127/1508/2673 7122/1512/2673
f 7122/1512/2674 7127/1508/2674 7128/1509/2674 7123/1513/2674
f 7123/1513/2675 7128/1509/2675 7129/1400/2675 7124/1399/2675
f 7118/1514/2676 7122/1512/2676 7123/1513/2676 7119/1515/2676
f 7155/1479/2677 7111/1516/2677 7110/1517/2677 7156/1480/2677
f 7156/1480/2678 7110/1517/2678 7109/1518/2678 7157/1482/2678
f 7082/1519/2679 7080/1520/2679 7116/1521/2679 7195/1433/2679
f 7195/1433/2680 7116/1521/2680 7115/1522/2680 7196/1434/2680
f 7196/1434/2681 7115/1522/2681 7114/1523/2681 7197/1436/2681
f 7197/1436/2682 7114/1523/2682 7113/1524/2682 7198/1438/2682
f 7198/1438/2683 7113/1524/2683 7112/1396/2683 7199/1395/2683
f 7080/1520/2684 7081/1525/2684 7117/1526/2684 7116/1521/2684
f 7114/1523/2685 7118/1514/2685 7119/1515/2685 7113/1524/2685
f 7075/1527/2686 7076/1528/2686 7108/1529/2686 7107/1530/2686
f 7105/1531/2687 7109/1532/2687 7110/1533/2687 7104/1534/2687
f 7104/1534/2688 7110/1533/2688 7111/1535/2688 7103/1536/2688
f 7200/1537/2689 7201/1538/2689 7202/1539/2689
f 7203/1540/2690 7204/1541/2690 7205/1542/2690 7206/1543/2690
f 7207/1544/2691 7208/1545/2691 7209/1546/2691 7210/1547/2691
f 7211/1548/2692 7212/1549/2692 7213/1550/2692 7214/1551/2692
f 7215/1552/2693 7216/1553/2693 7217/1554/2693 7218/1555/2693
f 7219/1556/2694 7220/1557/2694 7221/1558/2694 7222/1559/2694
f 7227/1564/3831 7228/1565/3831 7229/1566/3831 7230/1567/3831
f 7235/1572/2698 7236/1573/2698 7237/1574/2698 7238/1575/2698
f 7239/1576/2699 7240/1577/2699 7241/1578/2699 7242/1579/2699
f 7243/1580/2700 7244/1581/2700 7245/1582/2700 7246/1583/2700
f 7247/1584/2701 7248/1585/2701 7249/1586/2701 7250/1587/2701
f 7251/1588/2702 7252/1589/2702 7253/1590/2702 7254/1591/2702
f 7255/1592/3832 7256/1593/3832 7257/1594/3832 7258/1595/3832
f 7211/1596/2704 7214/1597/2704 7200/1598/2704 7202/1599/2704 7111/1516/2704 7155/1479/2704
f 7103/1536/2705 7111/1535/2705 7202/1539/2705 7201/1538/2705 7077/1600/2705
f 7077/1600/2706 7201/1538/2706 7200/1537/2706 7214/1551/2706 7213/1550/2706 7087/1601/2706
f 7203/1540/2707 7206/1543/2707 7082/1519/2707 7195/1433/2707 7190/1432/2707
f 7083/1431/2708 7090/1430/2708 7226/1563/2708 7225/1562/2708 7205/1602/2708 7204/1603/2708
f 7206/1604/2709 7205/1602/2709 7225/1562/2709 7224/1561/2709 7229/1566/2709 7228/1565/2709 7082/1605/2709
f 7083/1447/2710 7204/1541/2710 7203/1540/2710 7190/1432/2710 7185/1441/2710
f 7207/1544/2711 7210/1547/2711 7084/1446/2711 7180/1448/2711 7175/1453/2711
f 7085/1606/2712 7221/1558/2712 7220/1557/2712 7088/1607/2712 7209/1608/2712 7208/1609/2712
f 7210/1610/2713 7209/1608/2713 7088/1607/2713 7089/1429/2713 7084/1428/2713
f 7085/1462/3833 7208/1545/3833 7207/1544/3833 7175/1453/3833 7170/1457/3833
f 7087/1601/2715 7213/1550/2715 7212/1549/2715 7218/1555/2715 7217/1554/2715 7086/1611/2715
f 7215/1612/2716 7218/1613/2716 7212/1614/2716 7211/1596/2716 7155/1479/2716 7150/1478/2716
f 7086/1611/2717 7217/1554/2717 7216/1553/2717 7222/1559/2717 7221/1558/2717 7085/1606/2717
f 7219/1615/2718 7222/1616/2718 7216/1617/2718 7215/1612/2718 7150/1478/2718 7145/1487/2718
f 7088/1496/2719 7220/1618/2719 7219/1615/2719 7145/1487/2719 7140/1491/2719
f 7223/1619/2720 7226/1620/2720 7090/1501/2720 7130/1502/2720 7125/1506/2720
f 7230/1621/2721 7229/1622/2721 7224/1623/2721 7223/1619/2721 7125/1506/2721 7120/1510/2721
f 7081/1525/2722 7227/1624/2722 7230/1621/2722 7120/1510/2722 7117/1526/2722
f 7082/1605/2723 7228/1565/2723 7227/1564/2723 7081/1525/2723 7080/1520/2723
f 7231/1625/2724 7234/1626/2724 7102/1627/2724 7244/1581/2724 7243/1580/2724 7091/1628/2724
f 7164/1414/2725 7169/1467/2725 7232/1569/2725 7231/1568/2725 7091/1415/2725
f 7092/1427/2726 7101/1426/2726 7102/1627/2726 7234/1626/2726 7233/1629/2726
f 7169/1467/2727 7174/1417/2727 7092/1420/2727 7233/1570/2727 7232/1569/2727
f 7235/1630/2728 7238/1631/2728 7099/1632/2728 7100/1425/2728 7093/1424/2728
f 7179/1418/2729 7184/1452/2729 7236/1573/2729 7235/1572/2729 7093/1419/2729
f 7094/1633/3834 7098/1634/3834 7099/1632/3834 7238/1631/3834 7237/1635/3834
f 7184/1452/2731 7189/1445/2731 7094/1636/2731 7237/1574/2731 7236/1573/2731
f 7239/1637/2732 7242/1638/2732 7097/1639/2732 7098/1634/2732 7094/1633/2732
f 7189/1445/2733 7194/1440/2733 7240/1577/2733 7239/1576/2733 7094/1636/2733
f 7095/1423/2734 7096/1422/2734 7097/1639/2734 7242/1638/2734 7241/1640/2734
f 7194/1440/2735 7199/1395/2735 7095/1398/2735 7241/1578/2735 7240/1577/2735
f 7159/1486/2736 7108/1641/2736 7076/1642/2736 7246/1643/2736 7245/1644/2736
f 7091/1628/2737 7243/1580/2737 7246/1583/2737 7076/1645/2737 7075/1646/2737
f 7154/1411/2738 7159/1486/2738 7245/1644/2738 7244/1647/2738 7102/1412/2738
f 7107/1530/2739 7108/1529/2739 7247/1584/2739 7250/1587/2739 7106/1648/2739
f 7158/1484/2740 7248/1649/2740 7247/1650/2740 7108/1641/2740 7159/1486/2740
f 7106/1648/2741 7250/1587/2741 7249/1586/2741 7109/1532/2741 7105/1531/2741
f 7157/1482/2742 7109/1518/2742 7249/1651/2742 7248/1649/2742 7158/1484/2742
f 7116/1521/2743 7117/1526/2743 7251/1588/2743 7254/1591/2743 7115/1522/2743
f 7117/1526/2744 7120/1510/2744 7121/1511/2744 7252/1589/2744 7251/1588/2744
f 7115/1522/2745 7254/1591/2745 7253/1590/2745 7118/1514/2745 7114/1523/2745
f 7253/1590/2746 7252/1589/2746 7121/1511/2746 7122/1512/2746 7118/1514/2746
f 7258/1595/2747 7257/1594/2747 7124/1399/2747 7096/1402/2747 7079/1421/2747
f 7113/1524/2748 7119/1515/2748 7256/1593/2748 7255/1592/2748 7112/1396/2748
f 7112/1396/2749 7255/1592/2749 7258/1595/2749 7079/1421/2749 7078/1397/2749
f 7119/1515/2750 7123/1513/2750 7124/1399/2750 7257/1594/2750 7256/1593/2750
f 7383/1395/2751 7296/1396/2751 7262/1397/2751 7279/1398/2751
f 7308/1399/2752 7313/1400/2752 7281/1401/2752 7280/1402/2752
f 7313/1400/2753 7318/1403/2753 7282/1404/2753 7281/1401/2753
f 7318/1403/2754 7323/1405/2754 7283/1406/2754 7282/1404/2754
f 7323/1405/2755 7328/1407/2755 7284/1408/2755 7283/1406/2755
f 7328/1407/2756 7333/1409/2756 7285/1410/2756 7284/1408/2756
f 7333/1409/2757 7338/1411/2757 7286/1412/2757 7285/1410/2757
f 7291/1413/2758 7348/1414/2758 7275/1415/2758 7259/1416/2758
f 7358/1417/2759 7363/1418/2759 7277/1419/2759 7276/1420/2759
f 7262/1397/2760 7263/1421/2760 7280/1422/2760 7279/1423/2760
f 7277/1424/2761 7284/1425/2761 7285/1426/2761 7276/1427/2761
f 7268/1428/2762 7273/1429/2762 7274/1430/2762 7267/1431/2762
f 7374/1432/2763 7379/1433/2763 7380/1434/2763 7375/1435/2763
f 7375/1435/2764 7380/1434/2764 7381/1436/2764 7376/1437/2764
f 7376/1437/2765 7381/1436/2765 7382/1438/2765 7377/1439/2765
f 7377/1439/2766 7382/1438/2766 7383/1395/2766 7378/1440/2766
f 7369/1441/2767 7374/1432/2767 7375/1435/2767 7370/1442/2767
f 7370/1442/2768 7375/1435/2768 7376/1437/2768 7371/1443/2768
f 7371/1443/2769 7376/1437/2769 7377/1439/2769 7372/1444/2769
f 7372/1444/2770 7377/1439/2770 7378/1440/2770 7373/1445/2770
f 7268/1446/3835 7267/1447/3835 7369/1441/3835 7364/1448/3835
f 7364/1448/2772 7369/1441/2772 7370/1442/2772 7365/1449/2772
f 7365/1449/2773 7370/1442/2773 7371/1443/2773 7366/1450/2773
f 7366/1450/2774 7371/1443/2774 7372/1444/2774 7367/1451/2774
f 7367/1451/2775 7372/1444/2775 7373/1445/2775 7368/1452/2775
f 7359/1453/2776 7364/1448/2776 7365/1449/2776 7360/1454/2776
f 7360/1454/2777 7365/1449/2777 7366/1450/2777 7361/1455/2777
f 7361/1455/2775 7366/1450/2775 7367/1451/2775 7362/1456/2775
f 7362/1456/2778 7367/1451/2778 7368/1452/2778 7363/1418/2778
f 7354/1457/2770 7359/1453/2770 7360/1454/2770 7355/1458/2770
f 7355/1458/2777 7360/1454/2777 7361/1455/2777 7356/1459/2777
f 7356/1459/2775 7361/1455/2775 7362/1456/2775 7357/1460/2775
f 7357/1460/2779 7362/1456/2779 7363/1418/2779 7358/1417/2779
f 7270/1461/2780 7269/1462/2780 7354/1457/2780 7349/1463/2780
f 7349/1463/2781 7354/1457/2781 7355/1458/2781 7350/1464/2781
f 7350/1464/2782 7355/1458/2782 7356/1459/2782 7351/1465/2782
f 7351/1465/2783 7356/1459/2783 7357/1460/2783 7352/1466/2783
f 7352/1466/2784 7357/1460/2784 7358/1417/2784 7353/1467/2784
f 7271/1468/2785 7270/1461/2785 7349/1463/2785 7344/1469/2785
f 7344/1469/2786 7349/1463/2786 7350/1464/2786 7345/1470/2786
f 7345/1470/2787 7350/1464/2787 7351/1465/2787 7346/1471/2787
f 7346/1471/2788 7351/1465/2788 7352/1466/2788 7347/1472/2788
f 7347/1472/2789 7352/1466/2789 7353/1467/2789 7348/1414/2789
f 7261/1473/2790 7271/1468/2790 7344/1469/2790 7287/1474/2790
f 7287/1474/2791 7344/1469/2791 7345/1470/2791 7288/1475/2791
f 7288/1475/2792 7345/1470/2792 7346/1471/2792 7289/1476/2792
f 7289/1476/2793 7346/1471/2793 7347/1472/2793 7290/1477/2793
f 7290/1477/2794 7347/1472/2794 7348/1414/2794 7291/1413/2794
f 7334/1478/2795 7339/1479/2795 7340/1480/2795 7335/1481/2795
f 7335/1481/2796 7340/1480/2796 7341/1482/2796 7336/1483/2796
f 7336/1483/2797 7341/1482/2797 7342/1484/2797 7337/1485/2797
f 7337/1485/2798 7342/1484/2798 7343/1486/2798 7338/1411/2798
f 7329/1487/2799 7334/1478/2799 7335/1481/2799 7330/1488/2799
f 7330/1488/2800 7335/1481/2800 7336/1483/2800 7331/1489/2800
f 7331/1489/2801 7336/1483/2801 7337/1485/2801 7332/1490/2801
f 7332/1490/2802 7337/1485/2802 7338/1411/2802 7333/1409/2802
f 7324/1491/2803 7329/1487/2803 7330/1488/2803 7325/1492/2803
f 7325/1492/2804 7330/1488/2804 7331/1489/2804 7326/1493/2804
f 7326/1493/2805 7331/1489/2805 7332/1490/2805 7327/1494/2805
f 7327/1494/2797 7332/1490/2797 7333/1409/2797 7328/1407/2797
f 7273/1495/2806 7272/1496/2806 7324/1491/2806 7319/1497/2806
f 7319/1497/2807 7324/1491/2807 7325/1492/2807 7320/1498/2807
f 7320/1498/2808 7325/1492/2808 7326/1493/2808 7321/1499/2808
f 7321/1499/2809 7326/1493/2809 7327/1494/2809 7322/1500/2809
f 7322/1500/2797 7327/1494/2797 7328/1407/2797 7323/1405/2797
f 7274/1501/2810 7273/1495/2810 7319/1497/2810 7314/1502/2810
f 7314/1502/2811 7319/1497/2811 7320/1498/2811 7315/1503/2811
f 7315/1503/2812 7320/1498/2812 7321/1499/2812 7316/1504/2812
f 7316/1504/2813 7321/1499/2813 7322/1500/2813 7317/1505/2813
f 7317/1505/2814 7322/1500/2814 7323/1405/2814 7318/1403/2814
f 7309/1506/2815 7314/1502/2815 7315/1503/2815 7310/1507/2815
f 7310/1507/2816 7315/1503/2816 7316/1504/2816 7311/1508/2816
f 7311/1508/2817 7316/1504/2817 7317/1505/2817 7312/1509/2817
f 7312/1509/2818 7317/1505/2818 7318/1403/2818 7313/1400/2818
f 7304/1510/2819 7309/1506/2819 7310/1507/2819 7305/1511/2819
f 7305/1511/2820 7310/1507/2820 7311/1508/2820 7306/1512/2820
f 7306/1512/2821 7311/1508/2821 7312/1509/2821 7307/1513/2821
f 7307/1513/2822 7312/1509/2822 7313/1400/2822 7308/1399/2822
f 7302/1514/2823 7306/1512/2823 7307/1513/2823 7303/1515/2823
f 7339/1479/2824 7295/1516/2824 7294/1517/2824 7340/1480/2824
f 7340/1480/2825 7294/1517/2825 7293/1518/2825 7341/1482/2825
f 7266/1519/2826 7264/1520/2826 7300/1521/2826 7379/1433/2826
f 7379/1433/2827 7300/1521/2827 7299/1522/2827 7380/1434/2827
f 7380/1434/2828 7299/1522/2828 7298/1523/2828 7381/1436/2828
f 7381/1436/2829 7298/1523/2829 7297/1524/2829 7382/1438/2829
f 7382/1438/2830 7297/1524/2830 7296/1396/2830 7383/1395/2830
f 7264/1520/2831 7265/1525/2831 7301/1526/2831 7300/1521/2831
f 7298/1523/3836 7302/1514/3836 7303/1515/3836 7297/1524/3836
f 7259/1527/2833 7260/1528/2833 7292/1529/2833 7291/1530/2833
f 7289/1531/2834 7293/1532/2834 7294/1533/2834 7288/1534/2834
f 7288/1534/2835 7294/1533/2835 7295/1535/2835 7287/1536/2835
f 7384/1537/2836 7385/1538/2836 7386/1539/2836
f 7387/1540/2837 7388/1541/2837 7389/1542/2837 7390/1543/2837
f 7391/1544/2838 7392/1545/2838 7393/1546/2838 7394/1547/2838
f 7395/1548/2839 7396/1549/2839 7397/1550/2839 7398/1551/2839
f 7399/1552/2840 7400/1553/2840 7401/1554/2840 7402/1555/2840
f 7403/1556/2841 7404/1557/2841 7405/1558/2841 7406/1559/2841
f 7411/1564/2843 7412/1565/2843 7413/1566/2843 7414/1567/2843
f 7419/1572/2845 7420/1573/2845 7421/1574/2845 7422/1575/2845
f 7423/1576/2846 7424/1577/2846 7425/1578/2846 7426/1579/2846
f 7427/1580/2847 7428/1581/2847 7429/1582/2847 7430/1583/2847
f 7431/1584/2848 7432/1585/2848 7433/1586/2848 7434/1587/2848
f 7435/1588/2849 7436/1589/2849 7437/1590/2849 7438/1591/2849
f 7439/1592/2850 7440/1593/2850 7441/1594/2850 7442/1595/2850
f 7395/1596/2851 7398/1597/2851 7384/1598/2851 7386/1599/2851 7295/1516/2851 7339/1479/2851
f 7287/1536/2852 7295/1535/2852 7386/1539/2852 7385/1538/2852 7261/1600/2852
f 7261/1600/2853 7385/1538/2853 7384/1537/2853 7398/1551/2853 7397/1550/2853 7271/1601/2853
f 7387/1540/2854 7390/1543/2854 7266/1519/2854 7379/1433/2854 7374/1432/2854
f 7267/1431/2855 7274/1430/2855 7410/1563/2855 7409/1562/2855 7389/1602/2855 7388/1603/2855
f 7390/1604/2856 7389/1602/2856 7409/1562/2856 7408/1561/2856 7413/1566/2856 7412/1565/2856 7266/1605/2856
f 7267/1447/2857 7388/1541/2857 7387/1540/2857 7374/1432/2857 7369/1441/2857
f 7391/1544/2858 7394/1547/2858 7268/1446/2858 7364/1448/2858 7359/1453/2858
f 7269/1606/2859 7405/1558/2859 7404/1557/2859 7272/1607/2859 7393/1608/2859 7392/1609/2859
f 7394/1610/2860 7393/1608/2860 7272/1607/2860 7273/1429/2860 7268/1428/2860
f 7269/1462/2861 7392/1545/2861 7391/1544/2861 7359/1453/2861 7354/1457/2861
f 7271/1601/2862 7397/1550/2862 7396/1549/2862 7402/1555/2862 7401/1554/2862 7270/1611/2862
f 7399/1612/2863 7402/1613/2863 7396/1614/2863 7395/1596/2863 7339/1479/2863 7334/1478/2863
f 7270/1611/2864 7401/1554/2864 7400/1553/2864 7406/1559/2864 7405/1558/2864 7269/1606/2864
f 7403/1615/2865 7406/1616/2865 7400/1617/2865 7399/1612/2865 7334/1478/2865 7329/1487/2865
f 7272/1496/2866 7404/1618/2866 7403/1615/2866 7329/1487/2866 7324/1491/2866
f 7407/1619/2867 7410/1620/2867 7274/1501/2867 7314/1502/2867 7309/1506/2867
f 7414/1621/2868 7413/1622/2868 7408/1623/2868 7407/1619/2868 7309/1506/2868 7304/1510/2868
f 7265/1525/2869 7411/1624/2869 7414/1621/2869 7304/1510/2869 7301/1526/2869
f 7266/1605/2870 7412/1565/2870 7411/1564/2870 7265/1525/2870 7264/1520/2870
f 7415/1625/2871 7418/1626/2871 7286/1627/2871 7428/1581/2871 7427/1580/2871 7275/1628/2871
f 7348/1414/2872 7353/1467/2872 7416/1569/2872 7415/1568/2872 7275/1415/2872
f 7276/1427/2873 7285/1426/2873 7286/1627/2873 7418/1626/2873 7417/1629/2873
f 7353/1467/2874 7358/1417/2874 7276/1420/2874 7417/1570/2874 7416/1569/2874
f 7419/1630/2875 7422/1631/2875 7283/1632/2875 7284/1425/2875 7277/1424/2875
f 7363/1418/2876 7368/1452/2876 7420/1573/2876 7419/1572/2876 7277/1419/2876
f 7278/1633/2877 7282/1634/2877 7283/1632/2877 7422/1631/2877 7421/1635/2877
f 7368/1452/2878 7373/1445/2878 7278/1636/2878 7421/1574/2878 7420/1573/2878
f 7423/1637/2879 7426/1638/2879 7281/1639/2879 7282/1634/2879 7278/1633/2879
f 7373/1445/2880 7378/1440/2880 7424/1577/2880 7423/1576/2880 7278/1636/2880
f 7279/1423/2881 7280/1422/2881 7281/1639/2881 7426/1638/2881 7425/1640/2881
f 7378/1440/2882 7383/1395/2882 7279/1398/2882 7425/1578/2882 7424/1577/2882
f 7343/1486/2883 7292/1641/2883 7260/1642/2883 7430/1643/2883 7429/1644/2883
f 7275/1628/2884 7427/1580/2884 7430/1583/2884 7260/1645/2884 7259/1646/2884
f 7338/1411/2885 7343/1486/2885 7429/1644/2885 7428/1647/2885 7286/1412/2885
f 7291/1530/2886 7292/1529/2886 7431/1584/2886 7434/1587/2886 7290/1648/2886
f 7342/1484/2887 7432/1649/2887 7431/1650/2887 7292/1641/2887 7343/1486/2887
f 7290/1648/2888 7434/1587/2888 7433/1586/2888 7293/1532/2888 7289/1531/2888
f 7341/1482/2889 7293/1518/2889 7433/1651/2889 7432/1649/2889 7342/1484/2889
f 7300/1521/2890 7301/1526/2890 7435/1588/2890 7438/1591/2890 7299/1522/2890
f 7301/1526/3838 7304/1510/3838 7305/1511/3838 7436/1589/3838 7435/1588/3838
f 7299/1522/2892 7438/1591/2892 7437/1590/2892 7302/1514/2892 7298/1523/2892
f 7437/1590/2893 7436/1589/2893 7305/1511/2893 7306/1512/2893 7302/1514/2893
f 7442/1595/2894 7441/1594/2894 7308/1399/2894 7280/1402/2894 7263/1421/2894
f 7297/1524/3839 7303/1515/3839 7440/1593/3839 7439/1592/3839 7296/1396/3839
f 7296/1396/2896 7439/1592/2896 7442/1595/2896 7263/1421/2896 7262/1397/2896
f 7303/1515/2897 7307/1513/2897 7308/1399/2897 7441/1594/2897 7440/1593/2897
f 7567/1395/2898 7480/1396/2898 7446/1397/2898 7463/1398/2898
f 7492/1399/2899 7497/1400/2899 7465/1401/2899 7464/1402/2899
f 7497/1400/2900 7502/1403/2900 7466/1404/2900 7465/1401/2900
f 7502/1403/2901 7507/1405/2901 7467/1406/2901 7466/1404/2901
f 7507/1405/2902 7512/1407/2902 7468/1408/2902 7467/1406/2902
f 7512/1407/2903 7517/1409/2903 7469/1410/2903 7468/1408/2903
f 7517/1409/2904 7522/1411/2904 7470/1412/2904 7469/1410/2904
f 7475/1413/2905 7532/1414/2905 7459/1415/2905 7443/1416/2905
f 7542/1417/2906 7547/1418/2906 7461/1419/2906 7460/1420/2906
f 7446/1397/2907 7447/1421/2907 7464/1422/2907 7463/1423/2907
f 7461/1424/3840 7468/1425/3840 7469/1426/3840 7460/1427/3840
f 7452/1428/2909 7457/1429/2909 7458/1430/2909 7451/1431/2909
f 7558/1432/2910 7563/1433/2910 7564/1434/2910 7559/1435/2910
f 7559/1435/2911 7564/1434/2911 7565/1436/2911 7560/1437/2911
f 7560/1437/2912 7565/1436/2912 7566/1438/2912 7561/1439/2912
f 7561/1439/2913 7566/1438/2913 7567/1395/2913 7562/1440/2913
f 7553/1441/2914 7558/1432/2914 7559/1435/2914 7554/1442/2914
f 7554/1442/2915 7559/1435/2915 7560/1437/2915 7555/1443/2915
f 7555/1443/2916 7560/1437/2916 7561/1439/2916 7556/1444/2916
f 7556/1444/2917 7561/1439/2917 7562/1440/2917 7557/1445/2917
f 7452/1446/2918 7451/1447/2918 7553/1441/2918 7548/1448/2918
f 7548/1448/2919 7553/1441/2919 7554/1442/2919 7549/1449/2919
f 7549/1449/2920 7554/1442/2920 7555/1443/2920 7550/1450/2920
f 7550/1450/2921 7555/1443/2921 7556/1444/2921 7551/1451/2921
f 7551/1451/2922 7556/1444/2922 7557/1445/2922 7552/1452/2922
f 7543/1453/2923 7548/1448/2923 7549/1449/2923 7544/1454/2923
f 7544/1454/2924 7549/1449/2924 7550/1450/2924 7545/1455/2924
f 7545/1455/2922 7550/1450/2922 7551/1451/2922 7546/1456/2922
f 7546/1456/2925 7551/1451/2925 7552/1452/2925 7547/1418/2925
f 7538/1457/2926 7543/1453/2926 7544/1454/2926 7539/1458/2926
f 7539/1458/2924 7544/1454/2924 7545/1455/2924 7540/1459/2924
f 7540/1459/2927 7545/1455/2927 7546/1456/2927 7541/1460/2927
f 7541/1460/2928 7546/1456/2928 7547/1418/2928 7542/1417/2928
f 7454/1461/2929 7453/1462/2929 7538/1457/2929 7533/1463/2929
f 7533/1463/2930 7538/1457/2930 7539/1458/2930 7534/1464/2930
f 7534/1464/2931 7539/1458/2931 7540/1459/2931 7535/1465/2931
f 7535/1465/2932 7540/1459/2932 7541/1460/2932 7536/1466/2932
f 7536/1466/2933 7541/1460/2933 7542/1417/2933 7537/1467/2933
f 7455/1468/3841 7454/1461/3841 7533/1463/3841 7528/1469/3841
f 7528/1469/2935 7533/1463/2935 7534/1464/2935 7529/1470/2935
f 7529/1470/2936 7534/1464/2936 7535/1465/2936 7530/1471/2936
f 7530/1471/2937 7535/1465/2937 7536/1466/2937 7531/1472/2937
f 7531/1472/2938 7536/1466/2938 7537/1467/2938 7532/1414/2938
f 7445/1473/2939 7455/1468/2939 7528/1469/2939 7471/1474/2939
f 7471/1474/2940 7528/1469/2940 7529/1470/2940 7472/1475/2940
f 7472/1475/2941 7529/1470/2941 7530/1471/2941 7473/1476/2941
f 7473/1476/2942 7530/1471/2942 7531/1472/2942 7474/1477/2942
f 7474/1477/2943 7531/1472/2943 7532/1414/2943 7475/1413/2943
f 7518/1478/2944 7523/1479/2944 7524/1480/2944 7519/1481/2944
f 7519/1481/2945 7524/1480/2945 7525/1482/2945 7520/1483/2945
f 7520/1483/2946 7525/1482/2946 7526/1484/2946 7521/1485/2946
f 7521/1485/2947 7526/1484/2947 7527/1486/2947 7522/1411/2947
f 7513/1487/2948 7518/1478/2948 7519/1481/2948 7514/1488/2948
f 7514/1488/3842 7519/1481/3842 7520/1483/3842 7515/1489/3842
f 7515/1489/2950 7520/1483/2950 7521/1485/2950 7516/1490/2950
f 7516/1490/2951 7521/1485/2951 7522/1411/2951 7517/1409/2951
f 7508/1491/2952 7513/1487/2952 7514/1488/2952 7509/1492/2952
f 7509/1492/2953 7514/1488/2953 7515/1489/2953 7510/1493/2953
f 7510/1493/2954 7515/1489/2954 7516/1490/2954 7511/1494/2954
f 7511/1494/2955 7516/1490/2955 7517/1409/2955 7512/1407/2955
f 7457/1495/2956 7456/1496/2956 7508/1491/2956 7503/1497/2956
f 7503/1497/2957 7508/1491/2957 7509/1492/2957 7504/1498/2957
f 7504/1498/2958 7509/1492/2958 7510/1493/2958 7505/1499/2958
f 7505/1499/2959 7510/1493/2959 7511/1494/2959 7506/1500/2959
f 7506/1500/2955 7511/1494/2955 7512/1407/2955 7507/1405/2955
f 7458/1501/2960 7457/1495/2960 7503/1497/2960 7498/1502/2960
f 7498/1502/2961 7503/1497/2961 7504/1498/2961 7499/1503/2961
f 7499/1503/2962 7504/1498/2962 7505/1499/2962 7500/1504/2962
f 7500/1504/3843 7505/1499/3843 7506/1500/3843 7501/1505/3843
f 7501/1505/2964 7506/1500/2964 7507/1405/2964 7502/1403/2964
f 7493/1506/2965 7498/1502/2965 7499/1503/2965 7494/1507/2965
f 7494/1507/2966 7499/1503/2966 7500/1504/2966 7495/1508/2966
f 7495/1508/2967 7500/1504/2967 7501/1505/2967 7496/1509/2967
f 7496/1509/2968 7501/1505/2968 7502/1403/2968 7497/1400/2968
f 7488/1510/2969 7493/1506/2969 7494/1507/2969 7489/1511/2969
f 7489/1511/2970 7494/1507/2970 7495/1508/2970 7490/1512/2970
f 7490/1512/2971 7495/1508/2971 7496/1509/2971 7491/1513/2971
f 7491/1513/2972 7496/1509/2972 7497/1400/2972 7492/1399/2972
f 7486/1514/2973 7490/1512/2973 7491/1513/2973 7487/1515/2973
f 7523/1479/2974 7479/1516/2974 7478/1517/2974 7524/1480/2974
f 7524/1480/2975 7478/1517/2975 7477/1518/2975 7525/1482/2975
f 7450/1519/2976 7448/1520/2976 7484/1521/2976 7563/1433/2976
f 7563/1433/2977 7484/1521/2977 7483/1522/2977 7564/1434/2977
f 7564/1434/2978 7483/1522/2978 7482/1523/2978 7565/1436/2978
f 7565/1436/2979 7482/1523/2979 7481/1524/2979 7566/1438/2979
f 7566/1438/2980 7481/1524/2980 7480/1396/2980 7567/1395/2980
f 7448/1520/2981 7449/1525/2981 7485/1526/2981 7484/1521/2981
f 7482/1523/2982 7486/1514/2982 7487/1515/2982 7481/1524/2982
f 7443/1527/2983 7444/1528/2983 7476/1529/2983 7475/1530/2983
f 7473/1531/2984 7477/1532/2984 7478/1533/2984 7472/1534/2984
f 7472/1534/2985 7478/1533/2985 7479/1535/2985 7471/1536/2985
f 7568/1537/2986 7569/1538/2986 7570/1539/2986
f 7571/1540/2987 7572/1541/2987 7573/1542/2987 7574/1543/2987
f 7575/1544/2988 7576/1545/2988 7577/1546/2988 7578/1547/2988
f 7579/1548/2989 7580/1549/2989 7581/1550/2989 7582/1551/2989
f 7583/1552/2990 7584/1553/2990 7585/1554/2990 7586/1555/2990
f 7587/1556/2991 7588/1557/2991 7589/1558/2991 7590/1559/2991
f 7595/1564/2993 7596/1565/2993 7597/1566/2993 7598/1567/2993
f 7603/1572/2995 7604/1573/2995 7605/1574/2995 7606/1575/2995
f 7607/1576/2996 7608/1577/2996 7609/1578/2996 7610/1579/2996
f 7611/1580/2997 7612/1581/2997 7613/1582/2997 7614/1583/2997
f 7615/1584/3844 7616/1585/3844 7617/1586/3844 7618/1587/3844
f 7619/1588/3845 7620/1589/3845 7621/1590/3845 7622/1591/3845
f 7623/1592/3000 7624/1593/3000 7625/1594/3000 7626/1595/3000
f 7579/1596/3001 7582/1597/3001 7568/1598/3001 7570/1599/3001 7479/1516/3001 7523/1479/3001
f 7471/1536/3002 7479/1535/3002 7570/1539/3002 7569/1538/3002 7445/1600/3002
f 7445/1600/3003 7569/1538/3003 7568/1537/3003 7582/1551/3003 7581/1550/3003 7455/1601/3003
f 7571/1540/3004 7574/1543/3004 7450/1519/3004 7563/1433/3004 7558/1432/3004
f 7451/1431/3005 7458/1430/3005 7594/1563/3005 7593/1562/3005 7573/1602/3005 7572/1603/3005
f 7574/1604/3006 7573/1602/3006 7593/1562/3006 7592/1561/3006 7597/1566/3006 7596/1565/3006 7450/1605/3006
f 7451/1447/3007 7572/1541/3007 7571/1540/3007 7558/1432/3007 7553/1441/3007
f 7575/1544/3008 7578/1547/3008 7452/1446/3008 7548/1448/3008 7543/1453/3008
f 7453/1606/3009 7589/1558/3009 7588/1557/3009 7456/1607/3009 7577/1608/3009 7576/1609/3009
f 7578/1610/3010 7577/1608/3010 7456/1607/3010 7457/1429/3010 7452/1428/3010
f 7453/1462/3011 7576/1545/3011 7575/1544/3011 7543/1453/3011 7538/1457/3011
f 7455/1601/3012 7581/1550/3012 7580/1549/3012 7586/1555/3012 7585/1554/3012 7454/1611/3012
f 7583/1612/3013 7586/1613/3013 7580/1614/3013 7579/1596/3013 7523/1479/3013 7518/1478/3013
f 7454/1611/3014 7585/1554/3014 7584/1553/3014 7590/1559/3014 7589/1558/3014 7453/1606/3014
f 7587/1615/3015 7590/1616/3015 7584/1617/3015 7583/1612/3015 7518/1478/3015 7513/1487/3015
f 7456/1496/3016 7588/1618/3016 7587/1615/3016 7513/1487/3016 7508/1491/3016
f 7591/1619/3017 7594/1620/3017 7458/1501/3017 7498/1502/3017 7493/1506/3017
f 7598/1621/3018 7597/1622/3018 7592/1623/3018 7591/1619/3018 7493/1506/3018 7488/1510/3018
f 7449/1525/3019 7595/1624/3019 7598/1621/3019 7488/1510/3019 7485/1526/3019
f 7450/1605/3020 7596/1565/3020 7595/1564/3020 7449/1525/3020 7448/1520/3020
f 7599/1625/3021 7602/1626/3021 7470/1627/3021 7612/1581/3021 7611/1580/3021 7459/1628/3021
f 7532/1414/3022 7537/1467/3022 7600/1569/3022 7599/1568/3022 7459/1415/3022
f 7460/1427/3023 7469/1426/3023 7470/1627/3023 7602/1626/3023 7601/1629/3023
f 7537/1467/3024 7542/1417/3024 7460/1420/3024 7601/1570/3024 7600/1569/3024
f 7603/1630/3025 7606/1631/3025 7467/1632/3025 7468/1425/3025 7461/1424/3025
f 7547/1418/3026 7552/1452/3026 7604/1573/3026 7603/1572/3026 7461/1419/3026
f 7462/1633/3027 7466/1634/3027 7467/1632/3027 7606/1631/3027 7605/1635/3027
f 7552/1452/3028 7557/1445/3028 7462/1636/3028 7605/1574/3028 7604/1573/3028
f 7607/1637/3029 7610/1638/3029 7465/1639/3029 7466/1634/3029 7462/1633/3029
f 7557/1445/3030 7562/1440/3030 7608/1577/3030 7607/1576/3030 7462/1636/3030
f 7463/1423/3031 7464/1422/3031 7465/1639/3031 7610/1638/3031 7609/1640/3031
f 7562/1440/3032 7567/1395/3032 7463/1398/3032 7609/1578/3032 7608/1577/3032
f 7527/1486/3033 7476/1641/3033 7444/1642/3033 7614/1643/3033 7613/1644/3033
f 7459/1628/3034 7611/1580/3034 7614/1583/3034 7444/1645/3034 7443/1646/3034
f 7522/1411/3035 7527/1486/3035 7613/1644/3035 7612/1647/3035 7470/1412/3035
f 7475/1530/3036 7476/1529/3036 7615/1584/3036 7618/1587/3036 7474/1648/3036
f 7526/1484/3037 7616/1649/3037 7615/1650/3037 7476/1641/3037 7527/1486/3037
f 7474/1648/3038 7618/1587/3038 7617/1586/3038 7477/1532/3038 7473/1531/3038
f 7525/1482/3039 7477/1518/3039 7617/1651/3039 7616/1649/3039 7526/1484/3039
f 7484/1521/3040 7485/1526/3040 7619/1588/3040 7622/1591/3040 7483/1522/3040
f 7485/1526/3041 7488/1510/3041 7489/1511/3041 7620/1589/3041 7619/1588/3041
f 7483/1522/3042 7622/1591/3042 7621/1590/3042 7486/1514/3042 7482/1523/3042
f 7621/1590/3043 7620/1589/3043 7489/1511/3043 7490/1512/3043 7486/1514/3043
f 7626/1595/3044 7625/1594/3044 7492/1399/3044 7464/1402/3044 7447/1421/3044
f 7481/1524/3045 7487/1515/3045 7624/1593/3045 7623/1592/3045 7480/1396/3045
f 7480/1396/3046 7623/1592/3046 7626/1595/3046 7447/1421/3046 7446/1397/3046
f 7487/1515/3047 7491/1513/3047 7492/1399/3047 7625/1594/3047 7624/1593/3047
f 7751/1395/3048 7664/1396/3048 7630/1397/3048 7647/1398/3048
f 7676/1399/3049 7681/1400/3049 7649/1401/3049 7648/1402/3049
f 7681/1400/3050 7686/1403/3050 7650/1404/3050 7649/1401/3050
f 7686/1403/3051 7691/1405/3051 7651/1406/3051 7650/1404/3051
f 7691/1405/3052 7696/1407/3052 7652/1408/3052 7651/1406/3052
f 7696/1407/3053 7701/1409/3053 7653/1410/3053 7652/1408/3053
f 7701/1409/3054 7706/1411/3054 7654/1412/3054 7653/1410/3054
f 7659/1413/3055 7716/1414/3055 7643/1415/3055 7627/1416/3055
f 7726/1417/3056 7731/1418/3056 7645/1419/3056 7644/1420/3056
f 7630/1397/3057 7631/1421/3057 7648/1422/3057 7647/1423/3057
f 7645/1424/3058 7652/1425/3058 7653/1426/3058 7644/1427/3058
f 7636/1428/3059 7641/1429/3059 7642/1430/3059 7635/1431/3059
f 7742/1432/3060 7747/1433/3060 7748/1434/3060 7743/1435/3060
f 7743/1435/3061 7748/1434/3061 7749/1436/3061 7744/1437/3061
f 7744/1437/3062 7749/1436/3062 7750/1438/3062 7745/1439/3062
f 7745/1439/3063 7750/1438/3063 7751/1395/3063 7746/1440/3063
f 7737/1441/3064 7742/1432/3064 7743/1435/3064 7738/1442/3064
f 7738/1442/3065 7743/1435/3065 7744/1437/3065 7739/1443/3065
f 7739/1443/3066 7744/1437/3066 7745/1439/3066 7740/1444/3066
f 7740/1444/3067 7745/1439/3067 7746/1440/3067 7741/1445/3067
f 7636/1446/3068 7635/1447/3068 7737/1441/3068 7732/1448/3068
f 7732/1448/3069 7737/1441/3069 7738/1442/3069 7733/1449/3069
f 7733/1449/3070 7738/1442/3070 7739/1443/3070 7734/1450/3070
f 7734/1450/3071 7739/1443/3071 7740/1444/3071 7735/1451/3071
f 7735/1451/3072 7740/1444/3072 7741/1445/3072 7736/1452/3072
f 7727/1453/3073 7732/1448/3073 7733/1449/3073 7728/1454/3073
f 7728/1454/3074 7733/1449/3074 7734/1450/3074 7729/1455/3074
f 7729/1455/3075 7734/1450/3075 7735/1451/3075 7730/1456/3075
f 7730/1456/3076 7735/1451/3076 7736/1452/3076 7731/1418/3076
f 7722/1457/3077 7727/1453/3077 7728/1454/3077 7723/1458/3077
f 7723/1458/3074 7728/1454/3074 7729/1455/3074 7724/1459/3074
f 7724/1459/3075 7729/1455/3075 7730/1456/3075 7725/1460/3075
f 7725/1460/3078 7730/1456/3078 7731/1418/3078 7726/1417/3078
f 7638/1461/3079 7637/1462/3079 7722/1457/3079 7717/1463/3079
f 7717/1463/3080 7722/1457/3080 7723/1458/3080 7718/1464/3080
f 7718/1464/3081 7723/1458/3081 7724/1459/3081 7719/1465/3081
f 7719/1465/3082 7724/1459/3082 7725/1460/3082 7720/1466/3082
f 7720/1466/3083 7725/1460/3083 7726/1417/3083 7721/1467/3083
f 7639/1468/3084 7638/1461/3084 7717/1463/3084 7712/1469/3084
f 7712/1469/3085 7717/1463/3085 7718/1464/3085 7713/1470/3085
f 7713/1470/3086 7718/1464/3086 7719/1465/3086 7714/1471/3086
f 7714/1471/3087 7719/1465/3087 7720/1466/3087 7715/1472/3087
f 7715/1472/3088 7720/1466/3088 7721/1467/3088 7716/1414/3088
f 7629/1473/3089 7639/1468/3089 7712/1469/3089 7655/1474/3089
f 7655/1474/3090 7712/1469/3090 7713/1470/3090 7656/1475/3090
f 7656/1475/3091 7713/1470/3091 7714/1471/3091 7657/1476/3091
f 7657/1476/3092 7714/1471/3092 7715/1472/3092 7658/1477/3092
f 7658/1477/3093 7715/1472/3093 7716/1414/3093 7659/1413/3093
f 7702/1478/3094 7707/1479/3094 7708/1480/3094 7703/1481/3094
f 7703/1481/3095 7708/1480/3095 7709/1482/3095 7704/1483/3095
f 7704/1483/3096 7709/1482/3096 7710/1484/3096 7705/1485/3096
f 7705/1485/3097 7710/1484/3097 7711/1486/3097 7706/1411/3097
f 7697/1487/3098 7702/1478/3098 7703/1481/3098 7698/1488/3098
f 7698/1488/3099 7703/1481/3099 7704/1483/3099 7699/1489/3099
f 7699/1489/3100 7704/1483/3100 7705/1485/3100 7700/1490/3100
f 7700/1490/3101 7705/1485/3101 7706/1411/3101 7701/1409/3101
f 7692/1491/3102 7697/1487/3102 7698/1488/3102 7693/1492/3102
f 7693/1492/3103 7698/1488/3103 7699/1489/3103 7694/1493/3103
f 7694/1493/3104 7699/1489/3104 7700/1490/3104 7695/1494/3104
f 7695/1494/3105 7700/1490/3105 7701/1409/3105 7696/1407/3105
f 7641/1495/3106 7640/1496/3106 7692/1491/3106 7687/1497/3106
f 7687/1497/3107 7692/1491/3107 7693/1492/3107 7688/1498/3107
f 7688/1498/3108 7693/1492/3108 7694/1493/3108 7689/1499/3108
f 7689/1499/3109 7694/1493/3109 7695/1494/3109 7690/1500/3109
f 7690/1500/3105 7695/1494/3105 7696/1407/3105 7691/1405/3105
f 7642/1501/3110 7641/1495/3110 7687/1497/3110 7682/1502/3110
f 7682/1502/3111 7687/1497/3111 7688/1498/3111 7683/1503/3111
f 7683/1503/3112 7688/1498/3112 7689/1499/3112 7684/1504/3112
f 7684/1504/3113 7689/1499/3113 7690/1500/3113 7685/1505/3113
f 7685/1505/3114 7690/1500/3114 7691/1405/3114 7686/1403/3114
f 7677/1506/3115 7682/1502/3115 7683/1503/3115 7678/1507/3115
f 7678/1507/3116 7683/1503/3116 7684/1504/3116 7679/1508/3116
f 7679/1508/3117 7684/1504/3117 7685/1505/3117 7680/1509/3117
f 7680/1509/3118 7685/1505/3118 7686/1403/3118 7681/1400/3118
f 7672/1510/3119 7677/1506/3119 7678/1507/3119 7673/1511/3119
f 7673/1511/3120 7678/1507/3120 7679/1508/3120 7674/1512/3120
f 7674/1512/3121 7679/1508/3121 7680/1509/3121 7675/1513/3121
f 7675/1513/3122 7680/1509/3122 7681/1400/3122 7676/1399/3122
f 7670/1514/3123 7674/1512/3123 7675/1513/3123 7671/1515/3123
f 7707/1479/3124 7663/1516/3124 7662/1517/3124 7708/1480/3124
f 7708/1480/3125 7662/1517/3125 7661/1518/3125 7709/1482/3125
f 7634/1519/3126 7632/1520/3126 7668/1521/3126 7747/1433/3126
f 7747/1433/3127 7668/1521/3127 7667/1522/3127 7748/1434/3127
f 7748/1434/3128 7667/1522/3128 7666/1523/3128 7749/1436/3128
f 7749/1436/3129 7666/1523/3129 7665/1524/3129 7750/1438/3129
f 7750/1438/3130 7665/1524/3130 7664/1396/3130 7751/1395/3130
f 7632/1520/3131 7633/1525/3131 7669/1526/3131 7668/1521/3131
f 7666/1523/3132 7670/1514/3132 7671/1515/3132 7665/1524/3132
f 7627/1527/3133 7628/1528/3133 7660/1529/3133 7659/1530/3133
f 7657/1531/3134 7661/1532/3134 7662/1533/3134 7656/1534/3134
f 7656/1534/3135 7662/1533/3135 7663/1535/3135 7655/1536/3135
f 7752/1537/3136 7753/1538/3136 7754/1539/3136
f 7755/1540/3846 7756/1541/3846 7757/1542/3846 7758/1543/3846
f 7759/1544/3138 7760/1545/3138 7761/1546/3138 7762/1547/3138
f 7763/1548/3139 7764/1549/3139 7765/1550/3139 7766/1551/3139
f 7767/1552/3140 7768/1553/3140 7769/1554/3140 7770/1555/3140
f 7771/1556/3141 7772/1557/3141 7773/1558/3141 7774/1559/3141
f 7779/1564/3143 7780/1565/3143 7781/1566/3143 7782/1567/3143
f 7787/1572/3145 7788/1573/3145 7789/1574/3145 7790/1575/3145
f 7791/1576/3146 7792/1577/3146 7793/1578/3146 7794/1579/3146
f 7795/1580/3847 7796/1581/3847 7797/1582/3847 7798/1583/3847
f 7799/1584/3148 7800/1585/3148 7801/1586/3148 7802/1587/3148
f 7803/1588/3149 7804/1589/3149 7805/1590/3149 7806/1591/3149
f 7807/1592/3150 7808/1593/3150 7809/1594/3150 7810/1595/3150
f 7763/1596/3151 7766/1597/3151 7752/1598/3151 7754/1599/3151 7663/1516/3151 7707/1479/3151
f 7655/1536/3152 7663/1535/3152 7754/1539/3152 7753/1538/3152 7629/1600/3152
f 7629/1600/3153 7753/1538/3153 7752/1537/3153 7766/1551/3153 7765/1550/3153 7639/1601/3153
f 7755/1540/3154 7758/1543/3154 7634/1519/3154 7747/1433/3154 7742/1432/3154
f 7635/1431/3155 7642/1430/3155 7778/1563/3155 7777/1562/3155 7757/1602/3155 7756/1603/3155
f 7758/1604/3156 7757/1602/3156 7777/1562/3156 7776/1561/3156 7781/1566/3156 7780/1565/3156 7634/1605/3156
f 7635/1447/3157 7756/1541/3157 7755/1540/3157 7742/1432/3157 7737/1441/3157
f 7759/1544/3158 7762/1547/3158 7636/1446/3158 7732/1448/3158 7727/1453/3158
f 7637/1606/3159 7773/1558/3159 7772/1557/3159 7640/1607/3159 7761/1608/3159 7760/1609/3159
f 7762/1610/3160 7761/1608/3160 7640/1607/3160 7641/1429/3160 7636/1428/3160
f 7637/1462/3161 7760/1545/3161 7759/1544/3161 7727/1453/3161 7722/1457/3161
f 7639/1601/3162 7765/1550/3162 7764/1549/3162 7770/1555/3162 7769/1554/3162 7638/1611/3162
f 7767/1612/3163 7770/1613/3163 7764/1614/3163 7763/1596/3163 7707/1479/3163 7702/1478/3163
f 7638/1611/3164 7769/1554/3164 7768/1553/3164 7774/1559/3164 7773/1558/3164 7637/1606/3164
f 7771/1615/3165 7774/1616/3165 7768/1617/3165 7767/1612/3165 7702/1478/3165 7697/1487/3165
f 7640/1496/3166 7772/1618/3166 7771/1615/3166 7697/1487/3166 7692/1491/3166
f 7775/1619/3167 7778/1620/3167 7642/1501/3167 7682/1502/3167 7677/1506/3167
f 7782/1621/3848 7781/1622/3848 7776/1623/3848 7775/1619/3848 7677/1506/3848 7672/1510/3848
f 7633/1525/3169 7779/1624/3169 7782/1621/3169 7672/1510/3169 7669/1526/3169
f 7634/1605/3170 7780/1565/3170 7779/1564/3170 7633/1525/3170 7632/1520/3170
f 7783/1625/3171 7786/1626/3171 7654/1627/3171 7796/1581/3171 7795/1580/3171 7643/1628/3171
f 7716/1414/3172 7721/1467/3172 7784/1569/3172 7783/1568/3172 7643/1415/3172
f 7644/1427/3173 7653/1426/3173 7654/1627/3173 7786/1626/3173 7785/1629/3173
f 7721/1467/3174 7726/1417/3174 7644/1420/3174 7785/1570/3174 7784/1569/3174
f 7787/1630/3175 7790/1631/3175 7651/1632/3175 7652/1425/3175 7645/1424/3175
f 7731/1418/3176 7736/1452/3176 7788/1573/3176 7787/1572/3176 7645/1419/3176
f 7646/1633/3177 7650/1634/3177 7651/1632/3177 7790/1631/3177 7789/1635/3177
f 7736/1452/3178 7741/1445/3178 7646/1636/3178 7789/1574/3178 7788/1573/3178
f 7791/1637/3179 7794/1638/3179 7649/1639/3179 7650/1634/3179 7646/1633/3179
f 7741/1445/3180 7746/1440/3180 7792/1577/3180 7791/1576/3180 7646/1636/3180
f 7647/1423/3181 7648/1422/3181 7649/1639/3181 7794/1638/3181 7793/1640/3181
f 7746/1440/3182 7751/1395/3182 7647/1398/3182 7793/1578/3182 7792/1577/3182
f 7711/1486/3183 7660/1641/3183 7628/1642/3183 7798/1643/3183 7797/1644/3183
f 7643/1628/3184 7795/1580/3184 7798/1583/3184 7628/1645/3184 7627/1646/3184
f 7706/1411/3185 7711/1486/3185 7797/1644/3185 7796/1647/3185 7654/1412/3185
f 7659/1530/3186 7660/1529/3186 7799/1584/3186 7802/1587/3186 7658/1648/3186
f 7710/1484/3187 7800/1649/3187 7799/1650/3187 7660/1641/3187 7711/1486/3187
f 7658/1648/3188 7802/1587/3188 7801/1586/3188 7661/1532/3188 7657/1531/3188
f 7709/1482/3189 7661/1518/3189 7801/1651/3189 7800/1649/3189 7710/1484/3189
f 7668/1521/3190 7669/1526/3190 7803/1588/3190 7806/1591/3190 7667/1522/3190
f 7669/1526/3191 7672/1510/3191 7673/1511/3191 7804/1589/3191 7803/1588/3191
f 7667/1522/3192 7806/1591/3192 7805/1590/3192 7670/1514/3192 7666/1523/3192
f 7805/1590/3193 7804/1589/3193 7673/1511/3193 7674/1512/3193 7670/1514/3193
f 7810/1595/3194 7809/1594/3194 7676/1399/3194 7648/1402/3194 7631/1421/3194
f 7665/1524/3195 7671/1515/3195 7808/1593/3195 7807/1592/3195 7664/1396/3195
f 7664/1396/3196 7807/1592/3196 7810/1595/3196 7631/1421/3196 7630/1397/3196
f 7671/1515/3849 7675/1513/3849 7676/1399/3849 7809/1594/3849 7808/1593/3849
f 7935/1395/3198 7848/1396/3198 7814/1397/3198 7831/1398/3198
f 7860/1399/3199 7865/1400/3199 7833/1401/3199 7832/1402/3199
f 7865/1400/3200 7870/1403/3200 7834/1404/3200 7833/1401/3200
f 7870/1403/3201 7875/1405/3201 7835/1406/3201 7834/1404/3201
f 7875/1405/3202 7880/1407/3202 7836/1408/3202 7835/1406/3202
f 7880/1407/3203 7885/1409/3203 7837/1410/3203 7836/1408/3203
f 7885/1409/3204 7890/1411/3204 7838/1412/3204 7837/1410/3204
f 7843/1413/3205 7900/1414/3205 7827/1415/3205 7811/1416/3205
f 7910/1417/3206 7915/1418/3206 7829/1419/3206 7828/1420/3206
f 7814/1397/3207 7815/1421/3207 7832/1422/3207 7831/1423/3207
f 7829/1424/3208 7836/1425/3208 7837/1426/3208 7828/1427/3208
f 7820/1428/3209 7825/1429/3209 7826/1430/3209 7819/1431/3209
f 7926/1432/3210 7931/1433/3210 7932/1434/3210 7927/1435/3210
f 7927/1435/3211 7932/1434/3211 7933/1436/3211 7928/1437/3211
f 7928/1437/3212 7933/1436/3212 7934/1438/3212 7929/1439/3212
f 7929/1439/3213 7934/1438/3213 7935/1395/3213 7930/1440/3213
f 7921/1441/3214 7926/1432/3214 7927/1435/3214 7922/1442/3214
f 7922/1442/3850 7927/1435/3850 7928/1437/3850 7923/1443/3850
f 7923/1443/3216 7928/1437/3216 7929/1439/3216 7924/1444/3216
f 7924/1444/3217 7929/1439/3217 7930/1440/3217 7925/1445/3217
f 7820/1446/3218 7819/1447/3218 7921/1441/3218 7916/1448/3218
f 7916/1448/3219 7921/1441/3219 7922/1442/3219 7917/1449/3219
f 7917/1449/3220 7922/1442/3220 7923/1443/3220 7918/1450/3220
f 7918/1450/3221 7923/1443/3221 7924/1444/3221 7919/1451/3221
f 7919/1451/3072 7924/1444/3072 7925/1445/3072 7920/1452/3072
f 7911/1453/3222 7916/1448/3222 7917/1449/3222 7912/1454/3222
f 7912/1454/3075 7917/1449/3075 7918/1450/3075 7913/1455/3075
f 7913/1455/3074 7918/1450/3074 7919/1451/3074 7914/1456/3074
f 7914/1456/3223 7919/1451/3223 7920/1452/3223 7915/1418/3223
f 7906/1457/3224 7911/1453/3224 7912/1454/3224 7907/1458/3224
f 7907/1458/3075 7912/1454/3075 7913/1455/3075 7908/1459/3075
f 7908/1459/3074 7913/1455/3074 7914/1456/3074 7909/1460/3074
f 7909/1460/3225 7914/1456/3225 7915/1418/3225 7910/1417/3225
f 7822/1461/3226 7821/1462/3226 7906/1457/3226 7901/1463/3226
f 7901/1463/3227 7906/1457/3227 7907/1458/3227 7902/1464/3227
f 7902/1464/3228 7907/1458/3228 7908/1459/3228 7903/1465/3228
f 7903/1465/3229 7908/1459/3229 7909/1460/3229 7904/1466/3229
f 7904/1466/3230 7909/1460/3230 7910/1417/3230 7905/1467/3230
f 7823/1468/3231 7822/1461/3231 7901/1463/3231 7896/1469/3231
f 7896/1469/3232 7901/1463/3232 7902/1464/3232 7897/1470/3232
f 7897/1470/3233 7902/1464/3233 7903/1465/3233 7898/1471/3233
f 7898/1471/3234 7903/1465/3234 7904/1466/3234 7899/1472/3234
f 7899/1472/3235 7904/1466/3235 7905/1467/3235 7900/1414/3235
f 7813/1473/3236 7823/1468/3236 7896/1469/3236 7839/1474/3236
f 7839/1474/3237 7896/1469/3237 7897/1470/3237 7840/1475/3237
f 7840/1475/3238 7897/1470/3238 7898/1471/3238 7841/1476/3238
f 7841/1476/3239 7898/1471/3239 7899/1472/3239 7842/1477/3239
f 7842/1477/3240 7899/1472/3240 7900/1414/3240 7843/1413/3240
f 7886/1478/3241 7891/1479/3241 7892/1480/3241 7887/1481/3241
f 7887/1481/3242 7892/1480/3242 7893/1482/3242 7888/1483/3242
f 7888/1483/3243 7893/1482/3243 7894/1484/3243 7889/1485/3243
f 7889/1485/3244 7894/1484/3244 7895/1486/3244 7890/1411/3244
f 7881/1487/3851 7886/1478/3851 7887/1481/3851 7882/1488/3851
f 7882/1488/3246 7887/1481/3246 7888/1483/3246 7883/1489/3246
f 7883/1489/3247 7888/1483/3247 7889/1485/3247 7884/1490/3247
f 7884/1490/3248 7889/1485/3248 7890/1411/3248 7885/1409/3248
f 7876/1491/3249 7881/1487/3249 7882/1488/3249 7877/1492/3249
f 7877/1492/3250 7882/1488/3250 7883/1489/3250 7878/1493/3250
f 7878/1493/3251 7883/1489/3251 7884/1490/3251 7879/1494/3251
f 7879/1494/3105 7884/1490/3105 7885/1409/3105 7880/1407/3105
f 7825/1495/3252 7824/1496/3252 7876/1491/3252 7871/1497/3252
f 7871/1497/3253 7876/1491/3253 7877/1492/3253 7872/1498/3253
f 7872/1498/3254 7877/1492/3254 7878/1493/3254 7873/1499/3254
f 7873/1499/3255 7878/1493/3255 7879/1494/3255 7874/1500/3255
f 7874/1500/3105 7879/1494/3105 7880/1407/3105 7875/1405/3105
f 7826/1501/3256 7825/1495/3256 7871/1497/3256 7866/1502/3256
f 7866/1502/3257 7871/1497/3257 7872/1498/3257 7867/1503/3257
f 7867/1503/3258 7872/1498/3258 7873/1499/3258 7868/1504/3258
f 7868/1504/3259 7873/1499/3259 7874/1500/3259 7869/1505/3259
f 7869/1505/3260 7874/1500/3260 7875/1405/3260 7870/1403/3260
f 7861/1506/3261 7866/1502/3261 7867/1503/3261 7862/1507/3261
f 7862/1507/3262 7867/1503/3262 7868/1504/3262 7863/1508/3262
f 7863/1508/3263 7868/1504/3263 7869/1505/3263 7864/1509/3263
f 7864/1509/3264 7869/1505/3264 7870/1403/3264 7865/1400/3264
f 7856/1510/3265 7861/1506/3265 7862/1507/3265 7857/1511/3265
f 7857/1511/3266 7862/1507/3266 7863/1508/3266 7858/1512/3266
f 7858/1512/3267 7863/1508/3267 7864/1509/3267 7859/1513/3267
f 7859/1513/3268 7864/1509/3268 7865/1400/3268 7860/1399/3268
f 7854/1514/3269 7858/1512/3269 7859/1513/3269 7855/1515/3269
f 7891/1479/3270 7847/1516/3270 7846/1517/3270 7892/1480/3270
f 7892/1480/3271 7846/1517/3271 7845/1518/3271 7893/1482/3271
f 7818/1519/3272 7816/1520/3272 7852/1521/3272 7931/1433/3272
f 7931/1433/3273 7852/1521/3273 7851/1522/3273 7932/1434/3273
f 7932/1434/3274 7851/1522/3274 7850/1523/3274 7933/1436/3274
f 7933/1436/3275 7850/1523/3275 7849/1524/3275 7934/1438/3275
f 7934/1438/3276 7849/1524/3276 7848/1396/3276 7935/1395/3276
f 7816/1520/3277 7817/1525/3277 7853/1526/3277 7852/1521/3277
f 7850/1523/3278 7854/1514/3278 7855/1515/3278 7849/1524/3278
f 7811/1527/3279 7812/1528/3279 7844/1529/3279 7843/1530/3279
f 7841/1531/3280 7845/1532/3280 7846/1533/3280 7840/1534/3280
f 7840/1534/3281 7846/1533/3281 7847/1535/3281 7839/1536/3281
f 7936/1537/3282 7937/1538/3282 7938/1539/3282
f 7939/1540/3283 7940/1541/3283 7941/1542/3283 7942/1543/3283
f 7943/1544/3284 7944/1545/3284 7945/1546/3284 7946/1547/3284
f 7947/1548/3285 7948/1549/3285 7949/1550/3285 7950/1551/3285
f 7951/1552/3286 7952/1553/3286 7953/1554/3286 7954/1555/3286
f 7955/1556/3287 7956/1557/3287 7957/1558/3287 7958/1559/3287
f 7963/1564/3289 7964/1565/3289 7965/1566/3289 7966/1567/3289
f 7971/1572/3853 7972/1573/3853 7973/1574/3853 7974/1575/3853
f 7975/1576/3292 7976/1577/3292 7977/1578/3292 7978/1579/3292
f 7979/1580/3293 7980/1581/3293 7981/1582/3293 7982/1583/3293
f 7983/1584/3294 7984/1585/3294 7985/1586/3294 7986/1587/3294
f 7987/1588/3295 7988/1589/3295 7989/1590/3295 7990/1591/3295
f 7991/1592/3296 7992/1593/3296 7993/1594/3296 7994/1595/3296
f 7947/1596/3297 7950/1597/3297 7936/1598/3297 7938/1599/3297 7847/1516/3297 7891/1479/3297
f 7839/1536/3298 7847/1535/3298 7938/1539/3298 7937/1538/3298 7813/1600/3298
f 7813/1600/3299 7937/1538/3299 7936/1537/3299 7950/1551/3299 7949/1550/3299 7823/1601/3299
f 7939/1540/3300 7942/1543/3300 7818/1519/3300 7931/1433/3300 7926/1432/3300
f 7819/1431/3301 7826/1430/3301 7962/1563/3301 7961/1562/3301 7941/1602/3301 7940/1603/3301
f 7942/1604/3302 7941/1602/3302 7961/1562/3302 7960/1561/3302 7965/1566/3302 7964/1565/3302 7818/1605/3302
f 7819/1447/3303 7940/1541/3303 7939/1540/3303 7926/1432/3303 7921/1441/3303
f 7943/1544/3304 7946/1547/3304 7820/1446/3304 7916/1448/3304 7911/1453/3304
f 7821/1606/3305 7957/1558/3305 7956/1557/3305 7824/1607/3305 7945/1608/3305 7944/1609/3305
f 7946/1610/3306 7945/1608/3306 7824/1607/3306 7825/1429/3306 7820/1428/3306
f 7821/1462/3854 7944/1545/3854 7943/1544/3854 7911/1453/3854 7906/1457/3854
f 7823/1601/3308 7949/1550/3308 7948/1549/3308 7954/1555/3308 7953/1554/3308 7822/1611/3308
f 7951/1612/3309 7954/1613/3309 7948/1614/3309 7947/1596/3309 7891/1479/3309 7886/1478/3309
f 7822/1611/3310 7953/1554/3310 7952/1553/3310 7958/1559/3310 7957/1558/3310 7821/1606/3310
f 7955/1615/3311 7958/1616/3311 7952/1617/3311 7951/1612/3311 7886/1478/3311 7881/1487/3311
f 7824/1496/3312 7956/1618/3312 7955/1615/3312 7881/1487/3312 7876/1491/3312
f 7959/1619/3313 7962/1620/3313 7826/1501/3313 7866/1502/3313 7861/1506/3313
f 7966/1621/3314 7965/1622/3314 7960/1623/3314 7959/1619/3314 7861/1506/3314 7856/1510/3314
f 7817/1525/3315 7963/1624/3315 7966/1621/3315 7856/1510/3315 7853/1526/3315
f 7818/1605/3316 7964/1565/3316 7963/1564/3316 7817/1525/3316 7816/1520/3316
f 7967/1625/3317 7970/1626/3317 7838/1627/3317 7980/1581/3317 7979/1580/3317 7827/1628/3317
f 7900/1414/3318 7905/1467/3318 7968/1569/3318 7967/1568/3318 7827/1415/3318
f 7828/1427/3319 7837/1426/3319 7838/1627/3319 7970/1626/3319 7969/1629/3319
f 7905/1467/3320 7910/1417/3320 7828/1420/3320 7969/1570/3320 7968/1569/3320
f 7971/1630/3321 7974/1631/3321 7835/1632/3321 7836/1425/3321 7829/1424/3321
f 7915/1418/3322 7920/1452/3322 7972/1573/3322 7971/1572/3322 7829/1419/3322
f 7830/1633/3323 7834/1634/3323 7835/1632/3323 7974/1631/3323 7973/1635/3323
f 7920/1452/3324 7925/1445/3324 7830/1636/3324 7973/1574/3324 7972/1573/3324
f 7975/1637/3325 7978/1638/3325 7833/1639/3325 7834/1634/3325 7830/1633/3325
f 7925/1445/3326 7930/1440/3326 7976/1577/3326 7975/1576/3326 7830/1636/3326
f 7831/1423/3327 7832/1422/3327 7833/1639/3327 7978/1638/3327 7977/1640/3327
f 7930/1440/3328 7935/1395/3328 7831/1398/3328 7977/1578/3328 7976/1577/3328
f 7895/1486/3329 7844/1641/3329 7812/1642/3329 7982/1643/3329 7981/1644/3329
f 7827/1628/3330 7979/1580/3330 7982/1583/3330 7812/1645/3330 7811/1646/3330
f 7890/1411/3331 7895/1486/3331 7981/1644/3331 7980/1647/3331 7838/1412/3331
f 7843/1530/3332 7844/1529/3332 7983/1584/3332 7986/1587/3332 7842/1648/3332
f 7894/1484/3333 7984/1649/3333 7983/1650/3333 7844/1641/3333 7895/1486/3333
f 7842/1648/3334 7986/1587/3334 7985/1586/3334 7845/1532/3334 7841/1531/3334
f 7893/1482/3335 7845/1518/3335 7985/1651/3335 7984/1649/3335 7894/1484/3335
f 7852/1521/3336 7853/1526/3336 7987/1588/3336 7990/1591/3336 7851/1522/3336
f 7853/1526/3337 7856/1510/3337 7857/1511/3337 7988/1589/3337 7987/1588/3337
f 7851/1522/3338 7990/1591/3338 7989/1590/3338 7854/1514/3338 7850/1523/3338
f 7989/1590/3339 7988/1589/3339 7857/1511/3339 7858/1512/3339 7854/1514/3339
f 7994/1595/3340 7993/1594/3340 7860/1399/3340 7832/1402/3340 7815/1421/3340
f 7849/1524/3341 7855/1515/3341 7992/1593/3341 7991/1592/3341 7848/1396/3341
f 7848/1396/3342 7991/1592/3342 7994/1595/3342 7815/1421/3342 7814/1397/3342
f 7855/1515/3343 7859/1513/3343 7860/1399/3343 7993/1594/3343 7992/1593/3343
f 8119/1395/3344 8032/1396/3344 7998/1397/3344 8015/1398/3344
f 8044/1399/3345 8049/1400/3345 8017/1401/3345 8016/1402/3345
f 8049/1400/3346 8054/1403/3346 8018/1404/3346 8017/1401/3346
f 8054/1403/3347 8059/1405/3347 8019/1406/3347 8018/1404/3347
f 8059/1405/3348 8064/1407/3348 8020/1408/3348 8019/1406/3348
f 8064/1407/3855 8069/1409/3855 8021/1410/3855 8020/1408/3855
f 8069/1409/3350 8074/1411/3350 8022/1412/3350 8021/1410/3350
f 8027/1413/3351 8084/1414/3351 8011/1415/3351 7995/1416/3351
f 8094/1417/3352 8099/1418/3352 8013/1419/3352 8012/1420/3352
f 7998/1397/3353 7999/1421/3353 8016/1422/3353 8015/1423/3353
f 8013/1424/3354 8020/1425/3354 8021/1426/3354 8012/1427/3354
f 8004/1428/3355 8009/1429/3355 8010/1430/3355 8003/1431/3355
f 8110/1432/3356 8115/1433/3356 8116/1434/3356 8111/1435/3356
f 8111/1435/3357 8116/1434/3357 8117/1436/3357 8112/1437/3357
f 8112/1437/3358 8117/1436/3358 8118/1438/3358 8113/1439/3358
f 8113/1439/3359 8118/1438/3359 8119/1395/3359 8114/1440/3359
f 8105/1441/3360 8110/1432/3360 8111/1435/3360 8106/1442/3360
f 8106/1442/3361 8111/1435/3361 8112/1437/3361 8107/1443/3361
f 8107/1443/3362 8112/1437/3362 8113/1439/3362 8108/1444/3362
f 8108/1444/3363 8113/1439/3363 8114/1440/3363 8109/1445/3363
f 8004/1446/3364 8003/1447/3364 8105/1441/3364 8100/1448/3364
f 8100/1448/3365 8105/1441/3365 8106/1442/3365 8101/1449/3365
f 8101/1449/3366 8106/1442/3366 8107/1443/3366 8102/1450/3366
f 8102/1450/3856 8107/1443/3856 8108/1444/3856 8103/1451/3856
f 8103/1451/3368 8108/1444/3368 8109/1445/3368 8104/1452/3368
f 8095/1453/3369 8100/1448/3369 8101/1449/3369 8096/1454/3369
f 8096/1454/3370 8101/1449/3370 8102/1450/3370 8097/1455/3370
f 8097/1455/3368 8102/1450/3368 8103/1451/3368 8098/1456/3368
f 8098/1456/3371 8103/1451/3371 8104/1452/3371 8099/1418/3371
f 8090/1457/3372 8095/1453/3372 8096/1454/3372 8091/1458/3372
f 8091/1458/3373 8096/1454/3373 8097/1455/3373 8092/1459/3373
f 8092/1459/3374 8097/1455/3374 8098/1456/3374 8093/1460/3374
f 8093/1460/3375 8098/1456/3375 8099/1418/3375 8094/1417/3375
f 8006/1461/3376 8005/1462/3376 8090/1457/3376 8085/1463/3376
f 8085/1463/3857 8090/1457/3857 8091/1458/3857 8086/1464/3857
f 8086/1464/3378 8091/1458/3378 8092/1459/3378 8087/1465/3378
f 8087/1465/3379 8092/1459/3379 8093/1460/3379 8088/1466/3379
f 8088/1466/3380 8093/1460/3380 8094/1417/3380 8089/1467/3380
f 8007/1468/3381 8006/1461/3381 8085/1463/3381 8080/1469/3381
f 8080/1469/3382 8085/1463/3382 8086/1464/3382 8081/1470/3382
f 8081/1470/3383 8086/1464/3383 8087/1465/3383 8082/1471/3383
f 8082/1471/3384 8087/1465/3384 8088/1466/3384 8083/1472/3384
f 8083/1472/3385 8088/1466/3385 8089/1467/3385 8084/1414/3385
f 7997/1473/3386 8007/1468/3386 8080/1469/3386 8023/1474/3386
f 8023/1474/3387 8080/1469/3387 8081/1470/3387 8024/1475/3387
f 8024/1475/3388 8081/1470/3388 8082/1471/3388 8025/1476/3388
f 8025/1476/3858 8082/1471/3858 8083/1472/3858 8026/1477/3858
f 8026/1477/3390 8083/1472/3390 8084/1414/3390 8027/1413/3390
f 8070/1478/3391 8075/1479/3391 8076/1480/3391 8071/1481/3391
f 8071/1481/3392 8076/1480/3392 8077/1482/3392 8072/1483/3392
f 8072/1483/3393 8077/1482/3393 8078/1484/3393 8073/1485/3393
f 8073/1485/3394 8078/1484/3394 8079/1486/3394 8074/1411/3394
f 8065/1487/3395 8070/1478/3395 8071/1481/3395 8066/1488/3395
f 8066/1488/3396 8071/1481/3396 8072/1483/3396 8067/1489/3396
f 8067/1489/3397 8072/1483/3397 8073/1485/3397 8068/1490/3397
f 8068/1490/3398 8073/1485/3398 8074/1411/3398 8069/1409/3398
f 8060/1491/3399 8065/1487/3399 8066/1488/3399 8061/1492/3399
f 8061/1492/3400 8066/1488/3400 8067/1489/3400 8062/1493/3400
f 8062/1493/3401 8067/1489/3401 8068/1490/3401 8063/1494/3401
f 8063/1494/3402 8068/1490/3402 8069/1409/3402 8064/1407/3402
f 8009/1495/3403 8008/1496/3403 8060/1491/3403 8055/1497/3403
f 8055/1497/3404 8060/1491/3404 8061/1492/3404 8056/1498/3404
f 8056/1498/3405 8061/1492/3405 8062/1493/3405 8057/1499/3405
f 8057/1499/3406 8062/1493/3406 8063/1494/3406 8058/1500/3406
f 8058/1500/3402 8063/1494/3402 8064/1407/3402 8059/1405/3402
f 8010/1501/3407 8009/1495/3407 8055/1497/3407 8050/1502/3407
f 8050/1502/3408 8055/1497/3408 8056/1498/3408 8051/1503/3408
f 8051/1503/3409 8056/1498/3409 8057/1499/3409 8052/1504/3409
f 8052/1504/3410 8057/1499/3410 8058/1500/3410 8053/1505/3410
f 8053/1505/3411 8058/1500/3411 8059/1405/3411 8054/1403/3411
f 8045/1506/3412 8050/1502/3412 8051/1503/3412 8046/1507/3412
f 8046/1507/3413 8051/1503/3413 8052/1504/3413 8047/1508/3413
f 8047/1508/3414 8052/1504/3414 8053/1505/3414 8048/1509/3414
f 8048/1509/3415 8053/1505/3415 8054/1403/3415 8049/1400/3415
f 8040/1510/3416 8045/1506/3416 8046/1507/3416 8041/1511/3416
f 8041/1511/3417 8046/1507/3417 8047/1508/3417 8042/1512/3417
f 8042/1512/3418 8047/1508/3418 8048/1509/3418 8043/1513/3418
f 8043/1513/3419 8048/1509/3419 8049/1400/3419 8044/1399/3419
f 8038/1514/3420 8042/1512/3420 8043/1513/3420 8039/1515/3420
f 8075/1479/3421 8031/1516/3421 8030/1517/3421 8076/1480/3421
f 8076/1480/3422 8030/1517/3422 8029/1518/3422 8077/1482/3422
f 8002/1519/3423 8000/1520/3423 8036/1521/3423 8115/1433/3423
f 8115/1433/3424 8036/1521/3424 8035/1522/3424 8116/1434/3424
f 8116/1434/3425 8035/1522/3425 8034/1523/3425 8117/1436/3425
f 8117/1436/3426 8034/1523/3426 8033/1524/3426 8118/1438/3426
f 8118/1438/3427 8033/1524/3427 8032/1396/3427 8119/1395/3427
f 8000/1520/3428 8001/1525/3428 8037/1526/3428 8036/1521/3428
f 8034/1523/3429 8038/1514/3429 8039/1515/3429 8033/1524/3429
f 7995/1527/3430 7996/1528/3430 8028/1529/3430 8027/1530/3430
f 8025/1531/3431 8029/1532/3431 8030/1533/3431 8024/1534/3431
f 8024/1534/3432 8030/1533/3432 8031/1535/3432 8023/1536/3432
f 8120/1537/3433 8121/1538/3433 8122/1539/3433
f 8123/1540/3434 8124/1541/3434 8125/1542/3434 8126/1543/3434
f 8127/1544/3435 8128/1545/3435 8129/1546/3435 8130/1547/3435
f 8131/1548/3436 8132/1549/3436 8133/1550/3436 8134/1551/3436
f 8135/1552/3437 8136/1553/3437 8137/1554/3437 8138/1555/3437
f 8139/1556/3438 8140/1557/3438 8141/1558/3438 8142/1559/3438
f 8147/1564/3440 8148/1565/3440 8149/1566/3440 8150/1567/3440
f 8155/1572/3442 8156/1573/3442 8157/1574/3442 8158/1575/3442
f 8159/1576/3443 8160/1577/3443 8161/1578/3443 8162/1579/3443
f 8163/1580/3444 8164/1581/3444 8165/1582/3444 8166/1583/3444
f 8167/1584/3445 8168/1585/3445 8169/1586/3445 8170/1587/3445
f 8171/1588/3446 8172/1589/3446 8173/1590/3446 8174/1591/3446
f 8175/1592/3447 8176/1593/3447 8177/1594/3447 8178/1595/3447
f 8131/1596/3448 8134/1597/3448 8120/1598/3448 8122/1599/3448 8031/1516/3448 8075/1479/3448
f 8023/1536/3449 8031/1535/3449 8122/1539/3449 8121/1538/3449 7997/1600/3449
f 7997/1600/3450 8121/1538/3450 8120/1537/3450 8134/1551/3450 8133/1550/3450 8007/1601/3450
f 8123/1540/3451 8126/1543/3451 8002/1519/3451 8115/1433/3451 8110/1432/3451
f 8003/1431/3452 8010/1430/3452 8146/1563/3452 8145/1562/3452 8125/1602/3452 8124/1603/3452
f 8126/1604/3453 8125/1602/3453 8145/1562/3453 8144/1561/3453 8149/1566/3453 8148/1565/3453 8002/1605/3453
f 8003/1447/3454 8124/1541/3454 8123/1540/3454 8110/1432/3454 8105/1441/3454
f 8127/1544/3859 8130/1547/3859 8004/1446/3859 8100/1448/3859 8095/1453/3859
f 8005/1606/3456 8141/1558/3456 8140/1557/3456 8008/1607/3456 8129/1608/3456 8128/1609/3456
f 8130/1610/3457 8129/1608/3457 8008/1607/3457 8009/1429/3457 8004/1428/3457
f 8005/1462/3458 8128/1545/3458 8127/1544/3458 8095/1453/3458 8090/1457/3458
f 8007/1601/3459 8133/1550/3459 8132/1549/3459 8138/1555/3459 8137/1554/3459 8006/1611/3459
f 8135/1612/3460 8138/1613/3460 8132/1614/3460 8131/1596/3460 8075/1479/3460 8070/1478/3460
f 8006/1611/3461 8137/1554/3461 8136/1553/3461 8142/1559/3461 8141/1558/3461 8005/1606/3461
f 8139/1615/3462 8142/1616/3462 8136/1617/3462 8135/1612/3462 8070/1478/3462 8065/1487/3462
f 8008/1496/3463 8140/1618/3463 8139/1615/3463 8065/1487/3463 8060/1491/3463
f 8143/1619/3464 8146/1620/3464 8010/1501/3464 8050/1502/3464 8045/1506/3464
f 8150/1621/3465 8149/1622/3465 8144/1623/3465 8143/1619/3465 8045/1506/3465 8040/1510/3465
f 8001/1525/3466 8147/1624/3466 8150/1621/3466 8040/1510/3466 8037/1526/3466
f 8002/1605/3467 8148/1565/3467 8147/1564/3467 8001/1525/3467 8000/1520/3467
f 8151/1625/3468 8154/1626/3468 8022/1627/3468 8164/1581/3468 8163/1580/3468 8011/1628/3468
f 8084/1414/3469 8089/1467/3469 8152/1569/3469 8151/1568/3469 8011/1415/3469
f 8012/1427/3470 8021/1426/3470 8022/1627/3470 8154/1626/3470 8153/1629/3470
f 8089/1467/3471 8094/1417/3471 8012/1420/3471 8153/1570/3471 8152/1569/3471
f 8155/1630/3472 8158/1631/3472 8019/1632/3472 8020/1425/3472 8013/1424/3472
f 8099/1418/3473 8104/1452/3473 8156/1573/3473 8155/1572/3473 8013/1419/3473
f 8014/1633/3474 8018/1634/3474 8019/1632/3474 8158/1631/3474 8157/1635/3474
f 8104/1452/3860 8109/1445/3860 8014/1636/3860 8157/1574/3860 8156/1573/3860
f 8159/1637/3476 8162/1638/3476 8017/1639/3476 8018/1634/3476 8014/1633/3476
f 8109/1445/3477 8114/1440/3477 8160/1577/3477 8159/1576/3477 8014/1636/3477
f 8015/1423/3478 8016/1422/3478 8017/1639/3478 8162/1638/3478 8161/1640/3478
f 8114/1440/3479 8119/1395/3479 8015/1398/3479 8161/1578/3479 8160/1577/3479
f 8079/1486/3480 8028/1641/3480 7996/1642/3480 8166/1643/3480 8165/1644/3480
f 8011/1628/3481 8163/1580/3481 8166/1583/3481 7996/1645/3481 7995/1646/3481
f 8074/1411/3482 8079/1486/3482 8165/1644/3482 8164/1647/3482 8022/1412/3482
f 8027/1530/3483 8028/1529/3483 8167/1584/3483 8170/1587/3483 8026/1648/3483
f 8078/1484/3484 8168/1649/3484 8167/1650/3484 8028/1641/3484 8079/1486/3484
f 8026/1648/3485 8170/1587/3485 8169/1586/3485 8029/1532/3485 8025/1531/3485
f 8077/1482/3486 8029/1518/3486 8169/1651/3486 8168/1649/3486 8078/1484/3486
f 8036/1521/3487 8037/1526/3487 8171/1588/3487 8174/1591/3487 8035/1522/3487
f 8037/1526/3488 8040/1510/3488 8041/1511/3488 8172/1589/3488 8171/1588/3488
f 8035/1522/3489 8174/1591/3489 8173/1590/3489 8038/1514/3489 8034/1523/3489
f 8173/1590/3490 8172/1589/3490 8041/1511/3490 8042/1512/3490 8038/1514/3490
f 8178/1595/3491 8177/1594/3491 8044/1399/3491 8016/1402/3491 7999/1421/3491
f 8033/1524/3492 8039/1515/3492 8176/1593/3492 8175/1592/3492 8032/1396/3492
f 8032/1396/3493 8175/1592/3493 8178/1595/3493 7999/1421/3493 7998/1397/3493
f 8039/1515/3494 8043/1513/3494 8044/1399/3494 8177/1594/3494 8176/1593/3494
f 8303/1395/3495 8216/1396/3495 8182/1397/3495 8199/1398/3495
f 8228/1399/3496 8233/1400/3496 8201/1401/3496 8200/1402/3496
f 8233/1400/3497 8238/1403/3497 8202/1404/3497 8201/1401/3497
f 8238/1403/3498 8243/1405/3498 8203/1406/3498 8202/1404/3498
f 8243/1405/3861 8248/1407/3861 8204/1408/3861 8203/1406/3861
f 8248/1407/3500 8253/1409/3500 8205/1410/3500 8204/1408/3500
f 8253/1409/3501 8258/1411/3501 8206/1412/3501 8205/1410/3501
f 8211/1413/3862 8268/1414/3862 8195/1415/3862 8179/1416/3862
f 8278/1417/3503 8283/1418/3503 8197/1419/3503 8196/1420/3503
f 8182/1397/3504 8183/1421/3504 8200/1422/3504 8199/1423/3504
f 8197/1424/3505 8204/1425/3505 8205/1426/3505 8196/1427/3505
f 8188/1428/3506 8193/1429/3506 8194/1430/3506 8187/1431/3506
f 8294/1432/3507 8299/1433/3507 8300/1434/3507 8295/1435/3507
f 8295/1435/3508 8300/1434/3508 8301/1436/3508 8296/1437/3508
f 8296/1437/3509 8301/1436/3509 8302/1438/3509 8297/1439/3509
f 8297/1439/3510 8302/1438/3510 8303/1395/3510 8298/1440/3510
f 8289/1441/3511 8294/1432/3511 8295/1435/3511 8290/1442/3511
f 8290/1442/3512 8295/1435/3512 8296/1437/3512 8291/1443/3512
f 8291/1443/3513 8296/1437/3513 8297/1439/3513 8292/1444/3513
f 8292/1444/3514 8297/1439/3514 8298/1440/3514 8293/1445/3514
f 8188/1446/3515 8187/1447/3515 8289/1441/3515 8284/1448/3515
f 8284/1448/3516 8289/1441/3516 8290/1442/3516 8285/1449/3516
f 8285/1449/3517 8290/1442/3517 8291/1443/3517 8286/1450/3517
f 8286/1450/3518 8291/1443/3518 8292/1444/3518 8287/1451/3518
f 8287/1451/3519 8292/1444/3519 8293/1445/3519 8288/1452/3519
f 8279/1453/3520 8284/1448/3520 8285/1449/3520 8280/1454/3520
f 8280/1454/3521 8285/1449/3521 8286/1450/3521 8281/1455/3521
f 8281/1455/3524 8286/1450/3524 8287/1451/3524 8282/1456/3524
f 8282/1456/3523 8287/1451/3523 8288/1452/3523 8283/1418/3523
f 8274/1457/3514 8279/1453/3514 8280/1454/3514 8275/1458/3514
f 8275/1458/3519 8280/1454/3519 8281/1455/3519 8276/1459/3519
f 8276/1459/3524 8281/1455/3524 8282/1456/3524 8277/1460/3524
f 8277/1460/3525 8282/1456/3525 8283/1418/3525 8278/1417/3525
f 8190/1461/3526 8189/1462/3526 8274/1457/3526 8269/1463/3526
f 8269/1463/3863 8274/1457/3863 8275/1458/3863 8270/1464/3863
f 8270/1464/3528 8275/1458/3528 8276/1459/3528 8271/1465/3528
f 8271/1465/3529 8276/1459/3529 8277/1460/3529 8272/1466/3529
f 8272/1466/3530 8277/1460/3530 8278/1417/3530 8273/1467/3530
f 8191/1468/3864 8190/1461/3864 8269/1463/3864 8264/1469/3864
f 8264/1469/3532 8269/1463/3532 8270/1464/3532 8265/1470/3532
f 8265/1470/3533 8270/1464/3533 8271/1465/3533 8266/1471/3533
f 8266/1471/3534 8271/1465/3534 8272/1466/3534 8267/1472/3534
f 8267/1472/3535 8272/1466/3535 8273/1467/3535 8268/1414/3535
f 8181/1473/3536 8191/1468/3536 8264/1469/3536 8207/1474/3536
f 8207/1474/3537 8264/1469/3537 8265/1470/3537 8208/1475/3537
f 8208/1475/3538 8265/1470/3538 8266/1471/3538 8209/1476/3538
f 8209/1476/3539 8266/1471/3539 8267/1472/3539 8210/1477/3539
f 8210/1477/3540 8267/1472/3540 8268/1414/3540 8211/1413/3540
f 8254/1478/3541 8259/1479/3541 8260/1480/3541 8255/1481/3541
f 8255/1481/3542 8260/1480/3542 8261/1482/3542 8256/1483/3542
f 8256/1483/3543 8261/1482/3543 8262/1484/3543 8257/1485/3543
f 8257/1485/3544 8262/1484/3544 8263/1486/3544 8258/1411/3544
f 8249/1487/3545 8254/1478/3545 8255/1481/3545 8250/1488/3545
f 8250/1488/3546 8255/1481/3546 8256/1483/3546 8251/1489/3546
f 8251/1489/3547 8256/1483/3547 8257/1485/3547 8252/1490/3547
f 8252/1490/3548 8257/1485/3548 8258/1411/3548 8253/1409/3548
f 8244/1491/3549 8249/1487/3549 8250/1488/3549 8245/1492/3549
f 8245/1492/3550 8250/1488/3550 8251/1489/3550 8246/1493/3550
f 8246/1493/3551 8251/1489/3551 8252/1490/3551 8247/1494/3551
f 8247/1494/3552 8252/1490/3552 8253/1409/3552 8248/1407/3552
f 8193/1495/3553 8192/1496/3553 8244/1491/3553 8239/1497/3553
f 8239/1497/3554 8244/1491/3554 8245/1492/3554 8240/1498/3554
f 8240/1498/3555 8245/1492/3555 8246/1493/3555 8241/1499/3555
f 8241/1499/3556 8246/1493/3556 8247/1494/3556 8242/1500/3556
f 8242/1500/3552 8247/1494/3552 8248/1407/3552 8243/1405/3552
f 8194/1501/3865 8193/1495/3865 8239/1497/3865 8234/1502/3865
f 8234/1502/3558 8239/1497/3558 8240/1498/3558 8235/1503/3558
f 8235/1503/3559 8240/1498/3559 8241/1499/3559 8236/1504/3559
f 8236/1504/3560 8241/1499/3560 8242/1500/3560 8237/1505/3560
f 8237/1505/3561 8242/1500/3561 8243/1405/3561 8238/1403/3561
f 8229/1506/3562 8234/1502/3562 8235/1503/3562 8230/1507/3562
f 8230/1507/3563 8235/1503/3563 8236/1504/3563 8231/1508/3563
f 8231/1508/3564 8236/1504/3564 8237/1505/3564 8232/1509/3564
f 8232/1509/3565 8237/1505/3565 8238/1403/3565 8233/1400/3565
f 8224/1510/3566 8229/1506/3566 8230/1507/3566 8225/1511/3566
f 8225/1511/3567 8230/1507/3567 8231/1508/3567 8226/1512/3567
f 8226/1512/3568 8231/1508/3568 8232/1509/3568 8227/1513/3568
f 8227/1513/3569 8232/1509/3569 8233/1400/3569 8228/1399/3569
f 8222/1514/3570 8226/1512/3570 8227/1513/3570 8223/1515/3570
f 8259/1479/3866 8215/1516/3866 8214/1517/3866 8260/1480/3866
f 8260/1480/3572 8214/1517/3572 8213/1518/3572 8261/1482/3572
f 8186/1519/3867 8184/1520/3867 8220/1521/3867 8299/1433/3867
f 8299/1433/3574 8220/1521/3574 8219/1522/3574 8300/1434/3574
f 8300/1434/3575 8219/1522/3575 8218/1523/3575 8301/1436/3575
f 8301/1436/3576 8218/1523/3576 8217/1524/3576 8302/1438/3576
f 8302/1438/3577 8217/1524/3577 8216/1396/3577 8303/1395/3577
f 8184/1520/3578 8185/1525/3578 8221/1526/3578 8220/1521/3578
f 8218/1523/3579 8222/1514/3579 8223/1515/3579 8217/1524/3579
f 8179/1527/3580 8180/1528/3580 8212/1529/3580 8211/1530/3580
f 8209/1531/3581 8213/1532/3581 8214/1533/3581 8208/1534/3581
f 8208/1534/3582 8214/1533/3582 8215/1535/3582 8207/1536/3582
f 8304/1537/3583 8305/1538/3583 8306/1539/3583
f 8307/1540/3584 8308/1541/3584 8309/1542/3584 8310/1543/3584
f 8311/1544/3585 8312/1545/3585 8313/1546/3585 8314/1547/3585
f 8315/1548/3586 8316/1549/3586 8317/1550/3586 8318/1551/3586
f 8319/1552/3587 8320/1553/3587 8321/1554/3587 8322/1555/3587
f 8323/1556/3588 8324/1557/3588 8325/1558/3588 8326/1559/3588
f 8331/1564/3590 8332/1565/3590 8333/1566/3590 8334/1567/3590
f 8339/1572/3592 8340/1573/3592 8341/1574/3592 8342/1575/3592
f 8343/1576/3593 8344/1577/3593 8345/1578/3593 8346/1579/3593
f 8347/1580/3594 8348/1581/3594 8349/1582/3594 8350/1583/3594
f 8351/1584/3595 8352/1585/3595 8353/1586/3595 8354/1587/3595
f 8355/1588/3596 8356/1589/3596 8357/1590/3596 8358/1591/3596
f 8359/1592/3597 8360/1593/3597 8361/1594/3597 8362/1595/3597
f 8315/1596/3598 8318/1597/3598 8304/1598/3598 8306/1599/3598 8215/1516/3598 8259/1479/3598
f 8207/1536/3599 8215/1535/3599 8306/1539/3599 8305/1538/3599 8181/1600/3599
f 8181/1600/3600 8305/1538/3600 8304/1537/3600 8318/1551/3600 8317/1550/3600 8191/1601/3600
f 8307/1540/3601 8310/1543/3601 8186/1519/3601 8299/1433/3601 8294/1432/3601
f 8187/1431/3602 8194/1430/3602 8330/1563/3602 8329/1562/3602 8309/1602/3602 8308/1603/3602
f 8310/1604/3603 8309/1602/3603 8329/1562/3603 8328/1561/3603 8333/1566/3603 8332/1565/3603 8186/1605/3603
f 8187/1447/3604 8308/1541/3604 8307/1540/3604 8294/1432/3604 8289/1441/3604
f 8311/1544/3605 8314/1547/3605 8188/1446/3605 8284/1448/3605 8279/1453/3605
f 8189/1606/3606 8325/1558/3606 8324/1557/3606 8192/1607/3606 8313/1608/3606 8312/1609/3606
f 8314/1610/3607 8313/1608/3607 8192/1607/3607 8193/1429/3607 8188/1428/3607
f 8189/1462/3608 8312/1545/3608 8311/1544/3608 8279/1453/3608 8274/1457/3608
f 8191/1601/3609 8317/1550/3609 8316/1549/3609 8322/1555/3609 8321/1554/3609 8190/1611/3609
f 8319/1612/3610 8322/1613/3610 8316/1614/3610 8315/1596/3610 8259/1479/3610 8254/1478/3610
f 8190/1611/3611 8321/1554/3611 8320/1553/3611 8326/1559/3611 8325/1558/3611 8189/1606/3611
f 8323/1615/3612 8326/1616/3612 8320/1617/3612 8319/1612/3612 8254/1478/3612 8249/1487/3612
f 8192/1496/3613 8324/1618/3613 8323/1615/3613 8249/1487/3613 8244/1491/3613
f 8327/1619/3614 8330/1620/3614 8194/1501/3614 8234/1502/3614 8229/1506/3614
f 8334/1621/3615 8333/1622/3615 8328/1623/3615 8327/1619/3615 8229/1506/3615 8224/1510/3615
f 8185/1525/3616 8331/1624/3616 8334/1621/3616 8224/1510/3616 8221/1526/3616
f 8186/1605/3617 8332/1565/3617 8331/1564/3617 8185/1525/3617 8184/1520/3617
f 8335/1625/3618 8338/1626/3618 8206/1627/3618 8348/1581/3618 8347/1580/3618 8195/1628/3618
f 8268/1414/3619 8273/1467/3619 8336/1569/3619 8335/1568/3619 8195/1415/3619
f 8196/1427/3620 8205/1426/3620 8206/1627/3620 8338/1626/3620 8337/1629/3620
f 8273/1467/3621 8278/1417/3621 8196/1420/3621 8337/1570/3621 8336/1569/3621
f 8339/1630/3622 8342/1631/3622 8203/1632/3622 8204/1425/3622 8197/1424/3622
f 8283/1418/3623 8288/1452/3623 8340/1573/3623 8339/1572/3623 8197/1419/3623
f 8198/1633/3624 8202/1634/3624 8203/1632/3624 8342/1631/3624 8341/1635/3624
f 8288/1452/3625 8293/1445/3625 8198/1636/3625 8341/1574/3625 8340/1573/3625
f 8343/1637/3626 8346/1638/3626 8201/1639/3626 8202/1634/3626 8198/1633/3626
f 8293/1445/3627 8298/1440/3627 8344/1577/3627 8343/1576/3627 8198/1636/3627
f 8199/1423/3628 8200/1422/3628 8201/1639/3628 8346/1638/3628 8345/1640/3628
f 8298/1440/3629 8303/1395/3629 8199/1398/3629 8345/1578/3629 8344/1577/3629
f 8263/1486/3630 8212/1641/3630 8180/1642/3630 8350/1643/3630 8349/1644/3630
f 8195/1628/3631 8347/1580/3631 8350/1583/3631 8180/1645/3631 8179/1646/3631
f 8258/1411/3632 8263/1486/3632 8349/1644/3632 8348/1647/3632 8206/1412/3632
f 8211/1530/3633 8212/1529/3633 8351/1584/3633 8354/1587/3633 8210/1648/3633
f 8262/1484/3634 8352/1649/3634 8351/1650/3634 8212/1641/3634 8263/1486/3634
f 8210/1648/3635 8354/1587/3635 8353/1586/3635 8213/1532/3635 8209/1531/3635
f 8261/1482/3636 8213/1518/3636 8353/1651/3636 8352/1649/3636 8262/1484/3636
f 8220/1521/3637 8221/1526/3637 8355/1588/3637 8358/1591/3637 8219/1522/3637
f 8221/1526/3868 8224/1510/3868 8225/1511/3868 8356/1589/3868 8355/1588/3868
f 8219/1522/3639 8358/1591/3639 8357/1590/3639 8222/1514/3639 8218/1523/3639
f 8357/1590/3640 8356/1589/3640 8225/1511/3640 8226/1512/3640 8222/1514/3640
f 8362/1595/3641 8361/1594/3641 8228/1399/3641 8200/1402/3641 8183/1421/3641
f 8217/1524/3642 8223/1515/3642 8360/1593/3642 8359/1592/3642 8216/1396/3642
f 8216/1396/3643 8359/1592/3643 8362/1595/3643 8183/1421/3643 8182/1397/3643
f 8223/1515/3644 8227/1513/3644 8228/1399/3644 8361/1594/3644 8360/1593/3644
f 8487/1395/3645 8400/1396/3645 8366/1397/3645 8383/1398/3645
f 8412/1399/3646 8417/1400/3646 8385/1401/3646 8384/1402/3646
f 8417/1400/3647 8422/1403/3647 8386/1404/3647 8385/1401/3647
f 8422/1403/3648 8427/1405/3648 8387/1406/3648 8386/1404/3648
f 8427/1405/3649 8432/1407/3649 8388/1408/3649 8387/1406/3649
f 8432/1407/3650 8437/1409/3650 8389/1410/3650 8388/1408/3650
f 8437/1409/3651 8442/1411/3651 8390/1412/3651 8389/1410/3651
f 8395/1413/3652 8452/1414/3652 8379/1415/3652 8363/1416/3652
f 8462/1417/3653 8467/1418/3653 8381/1419/3653 8380/1420/3653
f 8366/1397/3654 8367/1421/3654 8384/1422/3654 8383/1423/3654
f 8381/1424/3655 8388/1425/3655 8389/1426/3655 8380/1427/3655
f 8372/1428/3656 8377/1429/3656 8378/1430/3656 8371/1431/3656
f 8478/1432/3657 8483/1433/3657 8484/1434/3657 8479/1435/3657
f 8479/1435/3658 8484/1434/3658 8485/1436/3658 8480/1437/3658
f 8480/1437/3659 8485/1436/3659 8486/1438/3659 8481/1439/3659
f 8481/1439/3660 8486/1438/3660 8487/1395/3660 8482/1440/3660
f 8473/1441/3064 8478/1432/3064 8479/1435/3064 8474/1442/3064
f 8474/1442/3661 8479/1435/3661 8480/1437/3661 8475/1443/3661
f 8475/1443/3662 8480/1437/3662 8481/1439/3662 8476/1444/3662
f 8476/1444/3067 8481/1439/3067 8482/1440/3067 8477/1445/3067
f 8372/1446/3663 8371/1447/3663 8473/1441/3663 8468/1448/3663
f 8468/1448/3664 8473/1441/3664 8474/1442/3664 8469/1449/3664
f 8469/1449/3070 8474/1442/3070 8475/1443/3070 8470/1450/3070
f 8470/1450/3071 8475/1443/3071 8476/1444/3071 8471/1451/3071
f 8471/1451/3072 8476/1444/3072 8477/1445/3072 8472/1452/3072
f 8463/1453/3665 8468/1448/3665 8469/1449/3665 8464/1454/3665
f 8464/1454/3074 8469/1449/3074 8470/1450/3074 8465/1455/3074
f 8465/1455/3075 8470/1450/3075 8471/1451/3075 8466/1456/3075
f 8466/1456/3076 8471/1451/3076 8472/1452/3076 8467/1418/3076
f 8458/1457/3077 8463/1453/3077 8464/1454/3077 8459/1458/3077
f 8459/1458/3074 8464/1454/3074 8465/1455/3074 8460/1459/3074
f 8460/1459/3075 8465/1455/3075 8466/1456/3075 8461/1460/3075
f 8461/1460/3078 8466/1456/3078 8467/1418/3078 8462/1417/3078
f 8374/1461/3666 8373/1462/3666 8458/1457/3666 8453/1463/3666
f 8453/1463/3667 8458/1457/3667 8459/1458/3667 8454/1464/3667
f 8454/1464/3081 8459/1458/3081 8460/1459/3081 8455/1465/3081
f 8455/1465/3668 8460/1459/3668 8461/1460/3668 8456/1466/3668
f 8456/1466/3669 8461/1460/3669 8462/1417/3669 8457/1467/3669
f 8375/1468/3670 8374/1461/3670 8453/1463/3670 8448/1469/3670
f 8448/1469/3671 8453/1463/3671 8454/1464/3671 8449/1470/3671
f 8449/1470/3086 8454/1464/3086 8455/1465/3086 8450/1471/3086
f 8450/1471/3672 8455/1465/3672 8456/1466/3672 8451/1472/3672
f 8451/1472/3673 8456/1466/3673 8457/1467/3673 8452/1414/3673
f 8365/1473/3674 8375/1468/3674 8448/1469/3674 8391/1474/3674
f 8391/1474/3675 8448/1469/3675 8449/1470/3675 8392/1475/3675
f 8392/1475/3676 8449/1470/3676 8450/1471/3676 8393/1476/3676
f 8393/1476/3677 8450/1471/3677 8451/1472/3677 8394/1477/3677
f 8394/1477/3678 8451/1472/3678 8452/1414/3678 8395/1413/3678
f 8438/1478/3094 8443/1479/3094 8444/1480/3094 8439/1481/3094
f 8439/1481/3679 8444/1480/3679 8445/1482/3679 8440/1483/3679
f 8440/1483/3096 8445/1482/3096 8446/1484/3096 8441/1485/3096
f 8441/1485/3680 8446/1484/3680 8447/1486/3680 8442/1411/3680
f 8433/1487/3681 8438/1478/3681 8439/1481/3681 8434/1488/3681
f 8434/1488/3682 8439/1481/3682 8440/1483/3682 8435/1489/3682
f 8435/1489/3683 8440/1483/3683 8441/1485/3683 8436/1490/3683
f 8436/1490/3684 8441/1485/3684 8442/1411/3684 8437/1409/3684
f 8428/1491/3685 8433/1487/3685 8434/1488/3685 8429/1492/3685
f 8429/1492/3686 8434/1488/3686 8435/1489/3686 8430/1493/3686
f 8430/1493/3687 8435/1489/3687 8436/1490/3687 8431/1494/3687
f 8431/1494/3105 8436/1490/3105 8437/1409/3105 8432/1407/3105
f 8377/1495/3688 8376/1496/3688 8428/1491/3688 8423/1497/3688
f 8423/1497/3107 8428/1491/3107 8429/1492/3107 8424/1498/3107
f 8424/1498/3689 8429/1492/3689 8430/1493/3689 8425/1499/3689
f 8425/1499/3690 8430/1493/3690 8431/1494/3690 8426/1500/3690
f 8426/1500/3105 8431/1494/3105 8432/1407/3105 8427/1405/3105
f 8378/1501/3691 8377/1495/3691 8423/1497/3691 8418/1502/3691
f 8418/1502/3692 8423/1497/3692 8424/1498/3692 8419/1503/3692
f 8419/1503/3693 8424/1498/3693 8425/1499/3693 8420/1504/3693
f 8420/1504/3694 8425/1499/3694 8426/1500/3694 8421/1505/3694
f 8421/1505/3114 8426/1500/3114 8427/1405/3114 8422/1403/3114
f 8413/1506/3695 8418/1502/3695 8419/1503/3695 8414/1507/3695
f 8414/1507/3696 8419/1503/3696 8420/1504/3696 8415/1508/3696
f 8415/1508/3869 8420/1504/3869 8421/1505/3869 8416/1509/3869
f 8416/1509/3118 8421/1505/3118 8422/1403/3118 8417/1400/3118
f 8408/1510/3698 8413/1506/3698 8414/1507/3698 8409/1511/3698
f 8409/1511/3699 8414/1507/3699 8415/1508/3699 8410/1512/3699
f 8410/1512/3700 8415/1508/3700 8416/1509/3700 8411/1513/3700
f 8411/1513/3122 8416/1509/3122 8417/1400/3122 8412/1399/3122
f 8406/1514/3123 8410/1512/3123 8411/1513/3123 8407/1515/3123
f 8443/1479/3701 8399/1516/3701 8398/1517/3701 8444/1480/3701
f 8444/1480/3702 8398/1517/3702 8397/1518/3702 8445/1482/3702
f 8370/1519/3703 8368/1520/3703 8404/1521/3703 8483/1433/3703
f 8483/1433/3704 8404/1521/3704 8403/1522/3704 8484/1434/3704
f 8484/1434/3705 8403/1522/3705 8402/1523/3705 8485/1436/3705
f 8485/1436/3706 8402/1523/3706 8401/1524/3706 8486/1438/3706
f 8486/1438/3707 8401/1524/3707 8400/1396/3707 8487/1395/3707
f 8368/1520/3708 8369/1525/3708 8405/1526/3708 8404/1521/3708
f 8402/1523/3709 8406/1514/3709 8407/1515/3709 8401/1524/3709
f 8363/1527/3710 8364/1528/3710 8396/1529/3710 8395/1530/3710
f 8393/1531/3711 8397/1532/3711 8398/1533/3711 8392/1534/3711
f 8392/1534/3712 8398/1533/3712 8399/1535/3712 8391/1536/3712
f 8488/1537/3870 8489/1538/3870 8490/1539/3870
f 8491/1540/3871 8492/1541/3871 8493/1542/3871 8494/1543/3871
f 8495/1544/3715 8496/1545/3715 8497/1546/3715 8498/1547/3715
f 8499/1548/3716 8500/1549/3716 8501/1550/3716 8502/1551/3716
f 8503/1552/3872 8504/1553/3872 8505/1554/3872 8506/1555/3872
f 8507/1556/3873 8508/1557/3873 8509/1558/3873 8510/1559/3873
f 8515/1564/3874 8516/1565/3874 8517/1566/3874 8518/1567/3874
f 8523/1572/3722 8524/1573/3722 8525/1574/3722 8526/1575/3722
f 8527/1576/3723 8528/1577/3723 8529/1578/3723 8530/1579/3723
f 8531/1580/3724 8532/1581/3724 8533/1582/3724 8534/1583/3724
f 8535/1584/3725 8536/1585/3725 8537/1586/3725 8538/1587/3725
f 8539/1588/3726 8540/1589/3726 8541/1590/3726 8542/1591/3726
f 8543/1592/3727 8544/1593/3727 8545/1594/3727 8546/1595/3727
f 8499/1596/3728 8502/1597/3728 8488/1598/3728 8490/1599/3728 8399/1516/3728 8443/1479/3728
f 8391/1536/3729 8399/1535/3729 8490/1539/3729 8489/1538/3729 8365/1600/3729
f 8365/1600/3730 8489/1538/3730 8488/1537/3730 8502/1551/3730 8501/1550/3730 8375/1601/3730
f 8491/1540/3731 8494/1543/3731 8370/1519/3731 8483/1433/3731 8478/1432/3731
f 8371/1431/3732 8378/1430/3732 8514/1563/3732 8513/1562/3732 8493/1602/3732 8492/1603/3732
f 8494/1604/3733 8493/1602/3733 8513/1562/3733 8512/1561/3733 8517/1566/3733 8516/1565/3733 8370/1605/3733
f 8371/1447/3734 8492/1541/3734 8491/1540/3734 8478/1432/3734 8473/1441/3734
f 8495/1544/3735 8498/1547/3735 8372/1446/3735 8468/1448/3735 8463/1453/3735
f 8373/1606/3736 8509/1558/3736 8508/1557/3736 8376/1607/3736 8497/1608/3736 8496/1609/3736
f 8498/1610/3737 8497/1608/3737 8376/1607/3737 8377/1429/3737 8372/1428/3737
f 8373/1462/3738 8496/1545/3738 8495/1544/3738 8463/1453/3738 8458/1457/3738
f 8375/1601/3739 8501/1550/3739 8500/1549/3739 8506/1555/3739 8505/1554/3739 8374/1611/3739
f 8503/1612/3740 8506/1613/3740 8500/1614/3740 8499/1596/3740 8443/1479/3740 8438/1478/3740
f 8374/1611/3741 8505/1554/3741 8504/1553/3741 8510/1559/3741 8509/1558/3741 8373/1606/3741
f 8507/1615/3742 8510/1616/3742 8504/1617/3742 8503/1612/3742 8438/1478/3742 8433/1487/3742
f 8376/1496/3743 8508/1618/3743 8507/1615/3743 8433/1487/3743 8428/1491/3743
f 8511/1619/3744 8514/1620/3744 8378/1501/3744 8418/1502/3744 8413/1506/3744
f 8518/1621/3745 8517/1622/3745 8512/1623/3745 8511/1619/3745 8413/1506/3745 8408/1510/3745
f 8369/1525/3746 8515/1624/3746 8518/1621/3746 8408/1510/3746 8405/1526/3746
f 8370/1605/3747 8516/1565/3747 8515/1564/3747 8369/1525/3747 8368/1520/3747
f 8519/1625/3748 8522/1626/3748 8390/1627/3748 8532/1581/3748 8531/1580/3748 8379/1628/3748
f 8452/1414/3749 8457/1467/3749 8520/1569/3749 8519/1568/3749 8379/1415/3749
f 8380/1427/3750 8389/1426/3750 8390/1627/3750 8522/1626/3750 8521/1629/3750
f 8457/1467/3751 8462/1417/3751 8380/1420/3751 8521/1570/3751 8520/1569/3751
f 8523/1630/3752 8526/1631/3752 8387/1632/3752 8388/1425/3752 8381/1424/3752
f 8467/1418/3753 8472/1452/3753 8524/1573/3753 8523/1572/3753 8381/1419/3753
f 8382/1633/3754 8386/1634/3754 8387/1632/3754 8526/1631/3754 8525/1635/3754
f 8472/1452/3755 8477/1445/3755 8382/1636/3755 8525/1574/3755 8524/1573/3755
f 8527/1637/3756 8530/1638/3756 8385/1639/3756 8386/1634/3756 8382/1633/3756
f 8477/1445/3757 8482/1440/3757 8528/1577/3757 8527/1576/3757 8382/1636/3757
f 8383/1423/3758 8384/1422/3758 8385/1639/3758 8530/1638/3758 8529/1640/3758
f 8482/1440/3759 8487/1395/3759 8383/1398/3759 8529/1578/3759 8528/1577/3759
f 8447/1486/3875 8396/1641/3875 8364/1642/3875 8534/1643/3875 8533/1644/3875
f 8379/1628/3761 8531/1580/3761 8534/1583/3761 8364/1645/3761 8363/1646/3761
f 8442/1411/3762 8447/1486/3762 8533/1644/3762 8532/1647/3762 8390/1412/3762
f 8395/1530/3763 8396/1529/3763 8535/1584/3763 8538/1587/3763 8394/1648/3763
f 8446/1484/3764 8536/1649/3764 8535/1650/3764 8396/1641/3764 8447/1486/3764
f 8394/1648/3765 8538/1587/3765 8537/1586/3765 8397/1532/3765 8393/1531/3765
f 8445/1482/3766 8397/1518/3766 8537/1651/3766 8536/1649/3766 8446/1484/3766
f 8404/1521/3876 8405/1526/3876 8539/1588/3876 8542/1591/3876 8403/1522/3876
f 8405/1526/3191 8408/1510/3191 8409/1511/3191 8540/1589/3191 8539/1588/3191
f 8403/1522/3768 8542/1591/3768 8541/1590/3768 8406/1514/3768 8402/1523/3768
f 8541/1590/3193 8540/1589/3193 8409/1511/3193 8410/1512/3193 8406/1514/3193
f 8546/1595/3769 8545/1594/3769 8412/1399/3769 8384/1402/3769 8367/1421/3769
f 8401/1524/3770 8407/1515/3770 8544/1593/3770 8543/1592/3770 8400/1396/3770
f 8400/1396/3771 8543/1592/3771 8546/1595/3771 8367/1421/3771 8366/1397/3771
f 8407/1515/3772 8411/1513/3772 8412/1399/3772 8545/1594/3772 8544/1593/3772
f 8716/1413/2611 8730/1414/2611 8711/1415/2611 8707/1416/2611
f 8709/1473/2643 8710/1468/2643 8726/1469/2643 8712/1474/2643
f 8712/1474/2644 8726/1469/2644 8727/1470/2644 8713/1475/2644
f 8713/1475/2645 8727/1470/2645 8728/1471/2645 8714/1476/2645
f 8714/1476/2646 8728/1471/2646 8729/1472/2646 8715/1477/2646
f 8715/1477/2647 8729/1472/2647 8730/1414/2647 8716/1413/2647
f 8721/1479/2677 8720/1516/2677 8719/1517/2677 8722/1480/2677
f 8722/1480/2678 8719/1517/2678 8718/1518/2678 8723/1482/2678
f 8707/1527/2686 8708/1528/2686 8717/1529/2686 8716/1530/2686
f 8714/1531/2687 8718/1532/2687 8719/1533/2687 8713/1534/2687
f 8713/1534/3877 8719/1533/3877 8720/1535/3877 8712/1536/3877
f 8731/1537/2689 8732/1538/2689 8733/1539/2689
f 8740/1584/3787 8741/1585/3787 8742/1586/3787 8743/1587/3787
f 8734/1596/2704 8736/1597/2704 8731/1598/2704 8733/1599/2704 8720/1516/2704 8721/1479/2704
f 8712/1536/2705 8720/1535/2705 8733/1539/2705 8732/1538/2705 8709/1600/2705
f 8709/1600/2706 8732/1538/2706 8731/1537/2706 8736/1551/2706 8735/1550/2706 8710/1601/2706
f 8725/1486/2736 8717/1641/2736 8708/1642/2736 8739/1643/2736 8738/1644/2736
f 8711/1628/2737 8737/1580/2737 8739/1583/2737 8708/1645/2737 8707/1646/2737
f 8716/1530/2739 8717/1529/2739 8740/1584/2739 8743/1587/2739 8715/1648/2739
f 8724/1484/2740 8741/1649/2740 8740/1650/2740 8717/1641/2740 8725/1486/2740
f 8715/1648/2741 8743/1587/2741 8742/1586/2741 8718/1532/2741 8714/1531/2741
f 8723/1482/2742 8718/1518/2742 8742/1651/2742 8741/1649/2742 8724/1484/2742
f 8753/1413/2758 8767/1414/2758 8748/1415/2758 8744/1416/2758
f 8746/1473/2790 8747/1468/2790 8763/1469/2790 8749/1474/2790
f 8749/1474/2791 8763/1469/2791 8764/1470/2791 8750/1475/2791
f 8750/1475/2792 8764/1470/2792 8765/1471/2792 8751/1476/2792
f 8751/1476/2793 8765/1471/2793 8766/1472/2793 8752/1477/2793
f 8752/1477/2794 8766/1472/2794 8767/1414/2794 8753/1413/2794
f 8758/1479/2824 8757/1516/2824 8756/1517/2824 8759/1480/2824
f 8759/1480/2825 8756/1517/2825 8755/1518/2825 8760/1482/2825
f 8744/1527/2833 8745/1528/2833 8754/1529/2833 8753/1530/2833
f 8751/1531/2834 8755/1532/2834 8756/1533/2834 8750/1534/2834
f 8750/1534/2835 8756/1533/2835 8757/1535/2835 8749/1536/2835
f 8768/1537/2836 8769/1538/2836 8770/1539/2836
f 8777/1584/2848 8778/1585/2848 8779/1586/2848 8780/1587/2848
f 8771/1596/2851 8773/1597/2851 8768/1598/2851 8770/1599/2851 8757/1516/2851 8758/1479/2851
f 8749/1536/2852 8757/1535/2852 8770/1539/2852 8769/1538/2852 8746/1600/2852
f 8746/1600/2853 8769/1538/2853 8768/1537/2853 8773/1551/2853 8772/1550/2853 8747/1601/2853
f 8762/1486/2883 8754/1641/2883 8745/1642/2883 8776/1643/2883 8775/1644/2883
f 8748/1628/2884 8774/1580/2884 8776/1583/2884 8745/1645/2884 8744/1646/2884
f 8753/1530/2886 8754/1529/2886 8777/1584/2886 8780/1587/2886 8752/1648/2886
f 8761/1484/2887 8778/1649/2887 8777/1650/2887 8754/1641/2887 8762/1486/2887
f 8752/1648/2888 8780/1587/2888 8779/1586/2888 8755/1532/2888 8751/1531/2888
f 8760/1482/2889 8755/1518/2889 8779/1651/2889 8778/1649/2889 8761/1484/2889
f 8790/1413/1700 8804/1414/1700 8785/1415/1700 8781/1416/1700
f 8783/1473/1732 8784/1468/1732 8800/1469/1732 8786/1474/1732
f 8786/1474/1733 8800/1469/1733 8801/1470/1733 8787/1475/1733
f 8787/1475/1734 8801/1470/1734 8802/1471/1734 8788/1476/1734
f 8788/1476/1735 8802/1471/1735 8803/1472/1735 8789/1477/1735
f 8789/1477/1736 8803/1472/1736 8804/1414/1736 8790/1413/1736
f 8795/1479/1767 8794/1516/1767 8793/1517/1767 8796/1480/1767
f 8796/1480/1768 8793/1517/1768 8792/1518/1768 8797/1482/1768
f 8781/1527/1776 8782/1528/1776 8791/1529/1776 8790/1530/1776
f 8788/1531/1777 8792/1532/1777 8793/1533/1777 8787/1534/1777
f 8787/1534/1778 8793/1533/1778 8794/1535/1778 8786/1536/1778
f 8805/1537/3791 8806/1538/3791 8807/1539/3791
f 8814/1584/1791 8815/1585/1791 8816/1586/1791 8817/1587/1791
f 8808/1596/1794 8810/1597/1794 8805/1598/1794 8807/1599/1794 8794/1516/1794 8795/1479/1794
f 8786/1536/3878 8794/1535/3878 8807/1539/3878 8806/1538/3878 8783/1600/3878
f 8783/1600/1796 8806/1538/1796 8805/1537/1796 8810/1551/1796 8809/1550/1796 8784/1601/1796
f 8799/1486/1826 8791/1641/1826 8782/1642/1826 8813/1643/1826 8812/1644/1826
f 8785/1628/1827 8811/1580/1827 8813/1583/1827 8782/1645/1827 8781/1646/1827
f 8790/1530/1829 8791/1529/1829 8814/1584/1829 8817/1587/1829 8789/1648/1829
f 8798/1484/1830 8815/1649/1830 8814/1650/1830 8791/1641/1830 8799/1486/1830
f 8789/1648/1831 8817/1587/1831 8816/1586/1831 8792/1532/1831 8788/1531/1831
f 8797/1482/1832 8792/1518/1832 8816/1651/1832 8815/1649/1832 8798/1484/1832
f 8827/1413/1848 8841/1414/1848 8822/1415/1848 8818/1416/1848
f 8820/1473/1881 8821/1468/1881 8837/1469/1881 8823/1474/1881
f 8823/1474/1882 8837/1469/1882 8838/1470/1882 8824/1475/1882
f 8824/1475/1883 8838/1470/1883 8839/1471/1883 8825/1476/1883
f 8825/1476/1884 8839/1471/1884 8840/1472/1884 8826/1477/1884
f 8826/1477/1885 8840/1472/1885 8841/1414/1885 8827/1413/1885
f 8832/1479/1916 8831/1516/1916 8830/1517/1916 8833/1480/1916
f 8833/1480/1917 8830/1517/1917 8829/1518/1917 8834/1482/1917
f 8818/1527/1925 8819/1528/1925 8828/1529/1925 8827/1530/1925
f 8825/1531/1926 8829/1532/1926 8830/1533/1926 8824/1534/1926
f 8824/1534/1927 8830/1533/1927 8831/1535/1927 8823/1536/1927
f 8842/1537/1928 8843/1538/1928 8844/1539/1928
f 8851/1584/2599 8852/1585/2599 8853/1586/2599 8854/1587/2599
f 8845/1596/1943 8847/1597/1943 8842/1598/1943 8844/1599/1943 8831/1516/1943 8832/1479/1943
f 8823/1536/1944 8831/1535/1944 8844/1539/1944 8843/1538/1944 8820/1600/1944
f 8820/1600/1945 8843/1538/1945 8842/1537/1945 8847/1551/1945 8846/1550/1945 8821/1601/1945
f 8836/1486/1975 8828/1641/1975 8819/1642/1975 8850/1643/1975 8849/1644/1975
f 8822/1628/1976 8848/1580/1976 8850/1583/1976 8819/1645/1976 8818/1646/1976
f 8827/1530/1978 8828/1529/1978 8851/1584/1978 8854/1587/1978 8826/1648/1978
f 8835/1484/1979 8852/1649/1979 8851/1650/1979 8828/1641/1979 8836/1486/1979
f 8826/1648/1980 8854/1587/1980 8853/1586/1980 8829/1532/1980 8825/1531/1980
f 8834/1482/1981 8829/1518/1981 8853/1651/1981 8852/1649/1981 8835/1484/1981
f 8864/1413/1997 8878/1414/1997 8859/1415/1997 8855/1416/1997
f 8857/1473/2032 8858/1468/2032 8874/1469/2032 8860/1474/2032
f 8860/1474/2033 8874/1469/2033 8875/1470/2033 8861/1475/2033
f 8861/1475/2034 8875/1470/2034 8876/1471/2034 8862/1476/2034
f 8862/1476/2035 8876/1471/2035 8877/1472/2035 8863/1477/2035
f 8863/1477/2036 8877/1472/2036 8878/1414/2036 8864/1413/2036
f 8869/1479/2067 8868/1516/2067 8867/1517/2067 8870/1480/2067
f 8870/1480/2068 8867/1517/2068 8866/1518/2068 8871/1482/2068
f 8855/1527/2076 8856/1528/2076 8865/1529/2076 8864/1530/2076
f 8862/1531/2077 8866/1532/2077 8867/1533/2077 8861/1534/2077
f 8861/1534/2078 8867/1533/2078 8868/1535/2078 8860/1536/2078
f 8879/1537/2079 8880/1538/2079 8881/1539/2079
f 8888/1584/2091 8889/1585/2091 8890/1586/2091 8891/1587/2091
f 8882/1596/2094 8884/1597/2094 8879/1598/2094 8881/1599/2094 8868/1516/2094 8869/1479/2094
f 8860/1536/2095 8868/1535/2095 8881/1539/2095 8880/1538/2095 8857/1600/2095
f 8857/1600/2096 8880/1538/2096 8879/1537/2096 8884/1551/2096 8883/1550/2096 8858/1601/2096
f 8873/1486/2126 8865/1641/2126 8856/1642/2126 8887/1643/2126 8886/1644/2126
f 8859/1628/2127 8885/1580/2127 8887/1583/2127 8856/1645/2127 8855/1646/2127
f 8864/1530/2129 8865/1529/2129 8888/1584/2129 8891/1587/2129 8863/1648/2129
f 8872/1484/2130 8889/1649/2130 8888/1650/2130 8865/1641/2130 8873/1486/2130
f 8863/1648/2131 8891/1587/2131 8890/1586/2131 8866/1532/2131 8862/1531/2131
f 8871/1482/2132 8866/1518/2132 8890/1651/2132 8889/1649/2132 8872/1484/2132
f 8916/1395/2141 8899/1396/2141 8892/1397/2141 8897/1398/2141
f 8892/1397/2150 8893/1421/2150 8898/1422/2150 8897/1423/2150
f 8905/1514/2214 8909/1512/2214 8910/1513/2214 8906/1515/2214
f 8896/1519/2217 8894/1520/2217 8903/1521/2217 8912/1433/2217
f 8912/1433/2218 8903/1521/2218 8902/1522/2218 8913/1434/2218
f 8913/1434/2219 8902/1522/2219 8901/1523/2219 8914/1436/2219
f 8914/1436/2220 8901/1523/2220 8900/1524/2220 8915/1438/2220
f 8915/1438/2221 8900/1524/2221 8899/1396/2221 8916/1395/2221
f 8894/1520/2222 8895/1525/2222 8904/1526/2222 8903/1521/2222
f 8901/1523/2223 8905/1514/2223 8906/1515/2223 8900/1524/2223
f 8920/1588/2240 8921/1589/2240 8922/1590/2240 8923/1591/2240
f 8924/1592/2241 8925/1593/2241 8926/1594/2241 8927/1595/2241
f 8895/1525/2260 8917/1624/2260 8919/1621/2260 8907/1510/2260 8904/1526/2260
f 8896/1605/2261 8918/1565/2261 8917/1564/2261 8895/1525/2261 8894/1520/2261
f 8903/1521/2281 8904/1526/2281 8920/1588/2281 8923/1591/2281 8902/1522/2281
f 8904/1526/2282 8907/1510/2282 8908/1511/2282 8921/1589/2282 8920/1588/2282
f 8902/1522/2283 8923/1591/2283 8922/1590/2283 8905/1514/2283 8901/1523/2283
f 8922/1590/2284 8921/1589/2284 8908/1511/2284 8909/1512/2284 8905/1514/2284
f 8927/1595/2285 8926/1594/2285 8911/1399/2285 8898/1402/2285 8893/1421/2285
f 8900/1524/2286 8906/1515/2286 8925/1593/2286 8924/1592/2286 8899/1396/2286
f 8899/1396/3818 8924/1592/3818 8927/1595/3818 8893/1421/3818 8892/1397/3818
f 8906/1515/2288 8910/1513/2288 8911/1399/2288 8926/1594/2288 8925/1593/2288
f 8952/1395/2289 8935/1396/2289 8928/1397/2289 8933/1398/2289
f 8928/1397/2298 8929/1421/2298 8934/1422/2298 8933/1423/2298
f 8941/1514/2363 8945/1512/2363 8946/1513/2363 8942/1515/2363
f 8932/1519/2366 8930/1520/2366 8939/1521/2366 8948/1433/2366
f 8948/1433/2367 8939/1521/2367 8938/1522/2367 8949/1434/2367
f 8949/1434/2368 8938/1522/2368 8937/1523/2368 8950/1436/2368
f 8950/1436/2369 8937/1523/2369 8936/1524/2369 8951/1438/2369
f 8951/1438/2370 8936/1524/2370 8935/1396/2370 8952/1395/2370
f 8930/1520/2371 8931/1525/2371 8940/1526/2371 8939/1521/2371
f 8937/1523/2372 8941/1514/2372 8942/1515/2372 8936/1524/2372
f 8956/1588/2389 8957/1589/2389 8958/1590/2389 8959/1591/2389
f 8960/1592/2390 8961/1593/2390 8962/1594/2390 8963/1595/2390
f 8931/1525/2409 8953/1624/2409 8955/1621/2409 8943/1510/2409 8940/1526/2409
f 8932/1605/2410 8954/1565/2410 8953/1564/2410 8931/1525/2410 8930/1520/2410
f 8939/1521/2430 8940/1526/2430 8956/1588/2430 8959/1591/2430 8938/1522/2430
f 8940/1526/2431 8943/1510/2431 8944/1511/2431 8957/1589/2431 8956/1588/2431
f 8938/1522/2432 8959/1591/2432 8958/1590/2432 8941/1514/2432 8937/1523/2432
f 8958/1590/2433 8957/1589/2433 8944/1511/2433 8945/1512/2433 8941/1514/2433
f 8963/1595/2434 8962/1594/2434 8947/1399/2434 8934/1402/2434 8929/1421/2434
f 8936/1524/2435 8942/1515/2435 8961/1593/2435 8960/1592/2435 8935/1396/2435
f 8935/1396/2436 8960/1592/2436 8963/1595/2436 8929/1421/2436 8928/1397/2436
f 8942/1515/2437 8946/1513/2437 8947/1399/2437 8962/1594/2437 8961/1593/2437
f 8988/1395/2438 8971/1396/2438 8964/1397/2438 8969/1398/2438
f 8964/1397/2447 8965/1421/2447 8970/1422/2447 8969/1423/2447
f 8977/1514/2514 8981/1512/2514 8982/1513/2514 8978/1515/2514
f 8968/1519/2517 8966/1520/2517 8975/1521/2517 8984/1433/2517
f 8984/1433/2518 8975/1521/2518 8974/1522/2518 8985/1434/2518
f 8985/1434/2519 8974/1522/2519 8973/1523/2519 8986/1436/2519
f 8986/1436/2520 8973/1523/2520 8972/1524/2520 8987/1438/2520
f 8987/1438/2521 8972/1524/2521 8971/1396/2521 8988/1395/2521
f 8966/1520/2522 8967/1525/2522 8976/1526/2522 8975/1521/2522
f 8973/1523/2523 8977/1514/2523 8978/1515/2523 8972/1524/2523
f 8989/1564/2534 8990/1565/2534 8991/1566/2534 8992/1567/2534
f 8993/1588/2540 8994/1589/2540 8995/1590/2540 8996/1591/2540
f 8997/1592/2541 8998/1593/2541 8999/1594/2541 9000/1595/2541
f 8967/1525/2560 8989/1624/2560 8992/1621/2560 8979/1510/2560 8976/1526/2560
f 8968/1605/2561 8990/1565/2561 8989/1564/2561 8967/1525/2561 8966/1520/2561
f 8975/1521/2581 8976/1526/2581 8993/1588/2581 8996/1591/2581 8974/1522/2581
f 8976/1526/2582 8979/1510/2582 8980/1511/2582 8994/1589/2582 8993/1588/2582
f 8974/1522/2583 8996/1591/2583 8995/1590/2583 8977/1514/2583 8973/1523/2583
f 8995/1590/2584 8994/1589/2584 8980/1511/2584 8981/1512/2584 8977/1514/2584
f 9000/1595/2585 8999/1594/2585 8983/1399/2585 8970/1402/2585 8965/1421/2585
f 8972/1524/2586 8978/1515/2586 8998/1593/2586 8997/1592/2586 8971/1396/2586
f 8971/1396/2587 8997/1592/2587 9000/1595/2587 8965/1421/2587 8964/1397/2587
f 8978/1515/2588 8982/1513/2588 8983/1399/2588 8999/1594/2588 8998/1593/2588
f 9010/1413/1700 9024/1414/1700 9005/1415/1700 9001/1416/1700
f 9003/1473/1732 9004/1468/1732 9020/1469/1732 9006/1474/1732
f 9006/1474/1733 9020/1469/1733 9021/1470/1733 9007/1475/1733
f 9007/1475/1734 9021/1470/1734 9022/1471/1734 9008/1476/1734
f 9008/1476/1735 9022/1471/1735 9023/1472/1735 9009/1477/1735
f 9009/1477/1736 9023/1472/1736 9024/1414/1736 9010/1413/1736
f 9015/1479/1767 9014/1516/1767 9013/1517/1767 9016/1480/1767
f 9016/1480/1768 9013/1517/1768 9012/1518/1768 9017/1482/1768
f 9001/1527/1776 9002/1528/1776 9011/1529/1776 9010/1530/1776
f 9008/1531/1777 9012/1532/1777 9013/1533/1777 9007/1534/1777
f 9007/1534/1778 9013/1533/1778 9014/1535/1778 9006/1536/1778
f 9025/1537/3791 9026/1538/3791 9027/1539/3791
f 9034/1584/3792 9035/1585/3792 9036/1586/3792 9037/1587/3792
f 9028/1596/1794 9030/1597/1794 9025/1598/1794 9027/1599/1794 9014/1516/1794 9015/1479/1794
f 9006/1536/1795 9014/1535/1795 9027/1539/1795 9026/1538/1795 9003/1600/1795
f 9003/1600/1796 9026/1538/1796 9025/1537/1796 9030/1551/1796 9029/1550/1796 9004/1601/1796
f 9019/1486/1826 9011/1641/1826 9002/1642/1826 9033/1643/1826 9032/1644/1826
f 9005/1628/1827 9031/1580/1827 9033/1583/1827 9002/1645/1827 9001/1646/1827
f 9010/1530/1829 9011/1529/1829 9034/1584/1829 9037/1587/1829 9009/1648/1829
f 9018/1484/1830 9035/1649/1830 9034/1650/1830 9011/1641/1830 9019/1486/1830
f 9009/1648/1831 9037/1587/1831 9036/1586/1831 9012/1532/1831 9008/1531/1831
f 9017/1482/1832 9012/1518/1832 9036/1651/1832 9035/1649/1832 9018/1484/1832
f 9047/1413/1848 9061/1414/1848 9042/1415/1848 9038/1416/1848
f 9040/1473/1881 9041/1468/1881 9057/1469/1881 9043/1474/1881
f 9043/1474/1882 9057/1469/1882 9058/1470/1882 9044/1475/1882
f 9044/1475/1883 9058/1470/1883 9059/1471/1883 9045/1476/1883
f 9045/1476/1884 9059/1471/1884 9060/1472/1884 9046/1477/1884
f 9046/1477/1885 9060/1472/1885 9061/1414/1885 9047/1413/1885
f 9052/1479/1916 9051/1516/1916 9050/1517/1916 9053/1480/1916
f 9053/1480/1917 9050/1517/1917 9049/1518/1917 9054/1482/1917
f 9038/1527/1925 9039/1528/1925 9048/1529/1925 9047/1530/1925
f 9045/1531/1926 9049/1532/1926 9050/1533/1926 9044/1534/1926
f 9044/1534/1927 9050/1533/1927 9051/1535/1927 9043/1536/1927
f 9062/1537/1928 9063/1538/1928 9064/1539/1928
f 9071/1584/2599 9072/1585/2599 9073/1586/2599 9074/1587/2599
f 9065/1596/1943 9067/1597/1943 9062/1598/1943 9064/1599/1943 9051/1516/1943 9052/1479/1943
f 9043/1536/1944 9051/1535/1944 9064/1539/1944 9063/1538/1944 9040/1600/1944
f 9040/1600/1945 9063/1538/1945 9062/1537/1945 9067/1551/1945 9066/1550/1945 9041/1601/1945
f 9056/1486/1975 9048/1641/1975 9039/1642/1975 9070/1643/1975 9069/1644/1975
f 9042/1628/1976 9068/1580/1976 9070/1583/1976 9039/1645/1976 9038/1646/1976
f 9047/1530/1978 9048/1529/1978 9071/1584/1978 9074/1587/1978 9046/1648/1978
f 9055/1484/1979 9072/1649/1979 9071/1650/1979 9048/1641/1979 9056/1486/1979
f 9046/1648/1980 9074/1587/1980 9073/1586/1980 9049/1532/1980 9045/1531/1980
f 9054/1482/1981 9049/1518/1981 9073/1651/1981 9072/1649/1981 9055/1484/1981
f 8748/1628/3793 8767/1414/3793 8766/1472/3793 8765/1471/3793 8764/1470/3793 8763/1469/3793 8747/1601/3793 8772/1550/3793 8773/1597/3793 8771/1596/3793 8758/1479/3793 8759/1480/3793 8760/1482/3793 8761/1484/3793 8762/1486/3793 8775/1644/3793 8776/1583/3793 8774/1580/3793
f 9005/1628/3794 9024/1414/3794 9023/1472/3794 9022/1471/3794 9021/1470/3794 9020/1469/3794 9004/1601/3794 9029/1550/3794 9030/1597/3794 9028/1596/3794 9015/1479/3794 9016/1480/3794 9017/1482/3794 9018/1484/3794 9019/1486/3794 9032/1644/3794 9033/1583/3794 9031/1580/3794
f 9042/1628/3795 9061/1414/3795 9060/1472/3795 9059/1471/3795 9058/1470/3795 9057/1469/3795 9041/1601/3795 9066/1550/3795 9067/1597/3795 9065/1596/3795 9052/1479/3795 9053/1480/3795 9054/1482/3795 9055/1484/3795 9056/1486/3795 9069/1644/3795 9070/1583/3795 9068/1580/3795
f 8898/1422/3796 8911/1399/3796 8910/1513/3796 8909/1512/3796 8908/1511/3796 8907/1510/3796 8919/1621/3796 8917/1564/3796 8918/1565/3796 8896/1519/3796 8912/1433/3796 8913/1434/3796 8914/1436/3796 8915/1438/3796 8916/1395/3796 8897/1423/3796
f 8934/1422/3797 8947/1399/3797 8946/1513/3797 8945/1512/3797 8944/1511/3797 8943/1510/3797 8955/1621/3797 8953/1564/3797 8954/1565/3797 8932/1519/3797 8948/1433/3797 8949/1434/3797 8950/1436/3797 8951/1438/3797 8952/1395/3797 8933/1423/3797
f 8970/1422/3798 8983/1399/3798 8982/1513/3798 8981/1512/3798 8980/1511/3798 8979/1510/3798 8992/1567/3798 8991/1566/3798 8990/1565/3798 8968/1519/3798 8984/1433/3798 8985/1434/3798 8986/1436/3798 8987/1438/3798 8988/1395/3798 8969/1423/3798
f 8859/1628/3799 8878/1414/3799 8877/1472/3799 8876/1471/3799 8875/1470/3799 8874/1469/3799 8858/1601/3799 8883/1550/3799 8884/1597/3799 8882/1596/3799 8869/1479/3799 8870/1480/3799 8871/1482/3799 8872/1484/3799 8873/1486/3799 8886/1644/3799 8887/1583/3799 8885/1580/3799
f 8785/1628/3794 8804/1414/3794 8803/1472/3794 8802/1471/3794 8801/1470/3794 8800/1469/3794 8784/1601/3794 8809/1550/3794 8810/1597/3794 8808/1596/3794 8795/1479/3794 8796/1480/3794 8797/1482/3794 8798/1484/3794 8799/1486/3794 8812/1644/3794 8813/1583/3794 8811/1580/3794
f 8822/1628/3795 8841/1414/3795 8840/1472/3795 8839/1471/3795 8838/1470/3795 8837/1469/3795 8821/1601/3795 8846/1550/3795 8847/1597/3795 8845/1596/3795 8832/1479/3795 8833/1480/3795 8834/1482/3795 8835/1484/3795 8836/1486/3795 8849/1644/3795 8850/1583/3795 8848/1580/3795
f 8711/1628/3800 8730/1414/3800 8729/1472/3800 8728/1471/3800 8727/1470/3800 8726/1469/3800 8710/1601/3800 8735/1550/3800 8736/1597/3800 8734/1596/3800 8721/1479/3800 8722/1480/3800 8723/1482/3800 8724/1484/3800 8725/1486/3800 8738/1644/3800 8739/1583/3800 8737/1580/3800
usemtl Helles_Holz
f 1543/1560/1488 1544/1561/1488 1545/1562/1488 1546/1563/1488
f 1551/1568/1490 1552/1569/1490 1553/1570/1490 1554/1571/1490
f 1727/1560/1637 1728/1561/1637 1729/1562/1637 1730/1563/1637
f 1735/1568/1639 1736/1569/1639 1737/1570/1639 1738/1571/1639
f 1911/1560/1785 1912/1561/1785 1913/1562/1785 1914/1563/1785
f 1919/1568/1787 1920/1569/1787 1921/1570/1787 1922/1571/1787
f 2095/1560/1934 2096/1561/1934 2097/1562/1934 2098/1563/1934
f 2103/1568/1936 2104/1569/1936 2105/1570/1936 2106/1571/1936
f 2279/1560/2085 2280/1561/2085 2281/1562/2085 2282/1563/2085
f 2287/1568/2087 2288/1569/2087 2289/1570/2087 2290/1571/2087
f 2463/1560/2233 2464/1561/2233 2465/1562/2233 2466/1563/2233
f 2471/1568/2235 2472/1569/2235 2473/1570/2235 2474/1571/2235
f 2647/1560/2382 2648/1561/2382 2649/1562/2382 2650/1563/2382
f 2655/1568/2384 2656/1569/2384 2657/1570/2384 2658/1571/2384
f 2831/1560/2533 2832/1561/2533 2833/1562/2533 2834/1563/2533
f 2839/1568/2535 2840/1569/2535 2841/1570/2535 2842/1571/2535
f 3015/1560/1785 3016/1561/1785 3017/1562/1785 3018/1563/1785
f 3023/1568/1787 3024/1569/1787 3025/1570/1787 3026/1571/1787
f 3199/1560/1934 3200/1561/1934 3201/1562/1934 3202/1563/1934
f 3207/1568/1936 3208/1569/1936 3209/1570/1936 3210/1571/1936
f 3383/1560/2695 3384/1561/2695 3385/1562/2695 3386/1563/2695
f 3391/1568/2697 3392/1569/2697 3393/1570/2697 3394/1571/2697
f 3567/1560/2842 3568/1561/2842 3569/1562/2842 3570/1563/2842
f 3575/1568/2844 3576/1569/2844 3577/1570/2844 3578/1571/2844
f 3751/1560/2992 3752/1561/2992 3753/1562/2992 3754/1563/2992
f 3759/1568/2994 3760/1569/2994 3761/1570/2994 3762/1571/2994
f 3935/1560/3142 3936/1561/3142 3937/1562/3142 3938/1563/3142
f 3943/1568/3144 3944/1569/3144 3945/1570/3144 3946/1571/3144
f 4119/1560/3288 4120/1561/3288 4121/1562/3288 4122/1563/3288
f 4127/1568/3290 4128/1569/3290 4129/1570/3290 4130/1571/3290
f 4303/1560/3439 4304/1561/3439 4305/1562/3439 4306/1563/3439
f 4311/1568/3441 4312/1569/3441 4313/1570/3441 4314/1571/3441
f 4487/1560/3589 4488/1561/3589 4489/1562/3589 4490/1563/3589
f 4495/1568/3591 4496/1569/3591 4497/1570/3591 4498/1571/3591
f 4671/1560/3719 4672/1561/3719 4673/1562/3719 4674/1563/3719
f 4679/1568/3721 4680/1569/3721 4681/1570/3721 4682/1571/3721
f 5383/1560/3801 5384/1561/3801 5385/1562/3801 5386/1563/3801
f 5391/1568/1490 5392/1569/1490 5393/1570/1490 5394/1571/1490
f 5567/1560/1637 5568/1561/1637 5569/1562/1637 5570/1563/1637
f 5575/1568/1639 5576/1569/1639 5577/1570/1639 5578/1571/1639
f 5751/1560/1785 5752/1561/1785 5753/1562/1785 5754/1563/1785
f 5759/1568/1787 5760/1569/1787 5761/1570/1787 5762/1571/1787
f 5935/1560/1934 5936/1561/1934 5937/1562/1934 5938/1563/1934
f 5943/1568/3809 5944/1569/3809 5945/1570/3809 5946/1571/3809
f 6119/1560/2085 6120/1561/2085 6121/1562/2085 6122/1563/2085
f 6127/1568/2087 6128/1569/2087 6129/1570/2087 6130/1571/2087
f 6303/1560/3815 6304/1561/3815 6305/1562/3815 6306/1563/3815
f 6311/1568/3816 6312/1569/3816 6313/1570/3816 6314/1571/3816
f 6487/1560/2382 6488/1561/2382 6489/1562/2382 6490/1563/2382
f 6495/1568/3819 6496/1569/3819 6497/1570/3819 6498/1571/3819
f 6671/1560/2533 6672/1561/2533 6673/1562/2533 6674/1563/2533
f 6679/1568/2535 6680/1569/2535 6681/1570/2535 6682/1571/2535
f 6855/1560/3828 6856/1561/3828 6857/1562/3828 6858/1563/3828
f 6863/1568/1787 6864/1569/1787 6865/1570/1787 6866/1571/1787
f 7039/1560/1934 7040/1561/1934 7041/1562/1934 7042/1563/1934
f 7047/1568/1936 7048/1569/1936 7049/1570/1936 7050/1571/1936
f 7223/1560/2695 7224/1561/2695 7225/1562/2695 7226/1563/2695
f 7231/1568/2697 7232/1569/2697 7233/1570/2697 7234/1571/2697
f 7407/1560/3837 7408/1561/3837 7409/1562/3837 7410/1563/3837
f 7415/1568/2844 7416/1569/2844 7417/1570/2844 7418/1571/2844
f 7591/1560/2992 7592/1561/2992 7593/1562/2992 7594/1563/2992
f 7599/1568/2994 7600/1569/2994 7601/1570/2994 7602/1571/2994
f 7775/1560/3142 7776/1561/3142 7777/1562/3142 7778/1563/3142
f 7783/1568/3144 7784/1569/3144 7785/1570/3144 7786/1571/3144
f 7959/1560/3852 7960/1561/3852 7961/1562/3852 7962/1563/3852
f 7967/1568/3290 7968/1569/3290 7969/1570/3290 7970/1571/3290
f 8143/1560/3439 8144/1561/3439 8145/1562/3439 8146/1563/3439
f 8151/1568/3441 8152/1569/3441 8153/1570/3441 8154/1571/3441
f 8327/1560/3589 8328/1561/3589 8329/1562/3589 8330/1563/3589
f 8335/1568/3591 8336/1569/3591 8337/1570/3591 8338/1571/3591
f 8511/1560/3719 8512/1561/3719 8513/1562/3719 8514/1563/3719
f 8519/1568/3721 8520/1569/3721 8521/1570/3721 8522/1571/3721
usemtl Kessel_Metall_Eisen
f 4717/1652/3773 4718/1653/3773 4710/1654/3773 4708/1528/3773
f 4718/1653/3774 4721/1655/3774 4714/1525/3774 4710/1654/3774
f 4721/1655/3775 4714/1525/3775 4712/1421/3775 4724/1656/3775
f 4724/1656/3776 4717/1657/3776 4708/1645/3776 4712/1421/3776
f 4709/1473/3072 4707/1416/3072 4711/1397/3072 4713/1520/3072
f 4714/1525/3105 4712/1421/3105 4708/1642/3105 4710/1658/3105
f 4711/1397/3776 4707/1646/3776 4715/1659/3776 4726/1660/3776
f 4726/1660/3776 4715/1659/3776 4716/1661/3776 4725/1662/3776
f 4725/1662/3776 4716/1661/3776 4717/1657/3776 4724/1656/3776
f 4713/1520/3775 4723/1663/3775 4726/1660/3775 4711/1397/3775
f 4723/1663/3775 4722/1664/3775 4725/1662/3775 4726/1660/3775
f 4722/1664/3775 4721/1655/3775 4724/1656/3775 4725/1662/3775
f 4709/1600/3774 4713/1520/3774 4723/1663/3774 4720/1665/3774
f 4720/1665/3774 4723/1663/3774 4722/1664/3774 4719/1666/3774
f 4719/1666/3774 4722/1664/3774 4721/1655/3774 4718/1653/3774
f 4707/1527/3777 4709/1600/3777 4720/1665/3777 4715/1667/3777
f 4715/1667/3778 4720/1665/3778 4719/1666/3778 4716/1668/3778
f 4716/1668/3779 4719/1666/3779 4718/1653/3779 4717/1652/3779
f 4737/1652/3773 4738/1653/3773 4730/1654/3773 4728/1528/3773
f 4738/1653/3774 4741/1655/3774 4734/1525/3774 4730/1654/3774
f 4741/1655/3775 4734/1525/3775 4732/1421/3775 4744/1656/3775
f 4744/1656/3776 4737/1657/3776 4728/1645/3776 4732/1421/3776
f 4729/1473/3072 4727/1416/3072 4731/1397/3072 4733/1520/3072
f 4734/1525/3105 4732/1421/3105 4728/1642/3105 4730/1658/3105
f 4731/1397/3776 4727/1646/3776 4735/1659/3776 4746/1660/3776
f 4746/1660/3776 4735/1659/3776 4736/1661/3776 4745/1662/3776
f 4745/1662/3776 4736/1661/3776 4737/1657/3776 4744/1656/3776
f 4733/1520/3775 4743/1663/3775 4746/1660/3775 4731/1397/3775
f 4743/1663/3775 4742/1664/3775 4745/1662/3775 4746/1660/3775
f 4742/1664/3775 4741/1655/3775 4744/1656/3775 4745/1662/3775
f 4729/1600/3774 4733/1520/3774 4743/1663/3774 4740/1665/3774
f 4740/1665/3774 4743/1663/3774 4742/1664/3774 4739/1666/3774
f 4739/1666/3774 4742/1664/3774 4741/1655/3774 4738/1653/3774
f 4727/1527/3777 4729/1600/3777 4740/1665/3777 4735/1667/3777
f 4735/1667/3778 4740/1665/3778 4739/1666/3778 4736/1668/3778
f 4736/1668/3779 4739/1666/3779 4738/1653/3779 4737/1652/3779
f 4757/1652/3773 4758/1653/3773 4750/1654/3773 4748/1528/3773
f 4758/1653/3774 4761/1655/3774 4754/1525/3774 4750/1654/3774
f 4761/1655/3775 4754/1525/3775 4752/1421/3775 4764/1656/3775
f 4764/1656/3776 4757/1657/3776 4748/1645/3776 4752/1421/3776
f 4749/1473/3072 4747/1416/3072 4751/1397/3072 4753/1520/3072
f 4754/1525/3105 4752/1421/3105 4748/1642/3105 4750/1658/3105
f 4751/1397/3776 4747/1646/3776 4755/1659/3776 4766/1660/3776
f 4766/1660/3776 4755/1659/3776 4756/1661/3776 4765/1662/3776
f 4765/1662/3776 4756/1661/3776 4757/1657/3776 4764/1656/3776
f 4753/1520/3775 4763/1663/3775 4766/1660/3775 4751/1397/3775
f 4763/1663/3775 4762/1664/3775 4765/1662/3775 4766/1660/3775
f 4762/1664/3775 4761/1655/3775 4764/1656/3775 4765/1662/3775
f 4749/1600/3774 4753/1520/3774 4763/1663/3774 4760/1665/3774
f 4760/1665/3774 4763/1663/3774 4762/1664/3774 4759/1666/3774
f 4759/1666/3774 4762/1664/3774 4761/1655/3774 4758/1653/3774
f 4747/1527/3777 4749/1600/3777 4760/1665/3777 4755/1667/3777
f 4755/1667/3778 4760/1665/3778 4759/1666/3778 4756/1668/3778
f 4756/1668/3779 4759/1666/3779 4758/1653/3779 4757/1652/3779
f 4777/1652/3773 4778/1653/3773 4770/1654/3773 4768/1528/3773
f 4778/1653/3774 4781/1655/3774 4774/1525/3774 4770/1654/3774
f 4781/1655/3775 4774/1525/3775 4772/1421/3775 4784/1656/3775
f 4784/1656/3776 4777/1657/3776 4768/1645/3776 4772/1421/3776
f 4769/1473/3072 4767/1416/3072 4771/1397/3072 4773/1520/3072
f 4774/1525/3105 4772/1421/3105 4768/1642/3105 4770/1658/3105
f 4771/1397/3776 4767/1646/3776 4775/1659/3776 4786/1660/3776
f 4786/1660/3776 4775/1659/3776 4776/1661/3776 4785/1662/3776
f 4785/1662/3776 4776/1661/3776 4777/1657/3776 4784/1656/3776
f 4773/1520/3775 4783/1663/3775 4786/1660/3775 4771/1397/3775
f 4783/1663/3775 4782/1664/3775 4785/1662/3775 4786/1660/3775
f 4782/1664/3775 4781/1655/3775 4784/1656/3775 4785/1662/3775
f 4769/1600/3774 4773/1520/3774 4783/1663/3774 4780/1665/3774
f 4780/1665/3774 4783/1663/3774 4782/1664/3774 4779/1666/3774
f 4779/1666/3774 4782/1664/3774 4781/1655/3774 4778/1653/3774
f 4767/1527/3777 4769/1600/3777 4780/1665/3777 4775/1667/3777
f 4775/1667/3778 4780/1665/3778 4779/1666/3778 4776/1668/3778
f 4776/1668/3779 4779/1666/3779 4778/1653/3779 4777/1652/3779
f 4797/1652/3780 4788/1528/3780 4790/1654/3780 4798/1653/3780
f 4798/1653/3781 4790/1654/3781 4794/1525/3781 4801/1655/3781
f 4801/1655/3782 4804/1656/3782 4792/1421/3782 4794/1525/3782
f 4804/1656/3783 4792/1421/3783 4788/1645/3783 4797/1657/3783
f 4789/1473/3072 4793/1520/3072 4791/1397/3072 4787/1416/3072
f 4794/1525/3105 4790/1658/3105 4788/1642/3105 4792/1421/3105
f 4791/1397/3783 4806/1660/3783 4795/1659/3783 4787/1646/3783
f 4806/1660/3783 4805/1662/3783 4796/1661/3783 4795/1659/3783
f 4805/1662/3783 4804/1656/3783 4797/1657/3783 4796/1661/3783
f 4793/1520/3782 4791/1397/3782 4806/1660/3782 4803/1663/3782
f 4803/1663/3782 4806/1660/3782 4805/1662/3782 4802/1664/3782
f 4802/1664/3782 4805/1662/3782 4804/1656/3782 4801/1655/3782
f 4789/1600/3781 4800/1665/3781 4803/1663/3781 4793/1520/3781
f 4800/1665/3781 4799/1666/3781 4802/1664/3781 4803/1663/3781
f 4799/1666/3781 4798/1653/3781 4801/1655/3781 4802/1664/3781
f 4787/1527/3784 4795/1667/3784 4800/1665/3784 4789/1600/3784
f 4795/1667/3785 4796/1668/3785 4799/1666/3785 4800/1665/3785
f 4796/1668/3786 4797/1652/3786 4798/1653/3786 4799/1666/3786
f 4817/1652/3780 4808/1528/3780 4810/1654/3780 4818/1653/3780
f 4818/1653/3781 4810/1654/3781 4814/1525/3781 4821/1655/3781
f 4821/1655/3782 4824/1656/3782 4812/1421/3782 4814/1525/3782
f 4824/1656/3783 4812/1421/3783 4808/1645/3783 4817/1657/3783
f 4809/1473/3072 4813/1520/3072 4811/1397/3072 4807/1416/3072
f 4814/1525/3105 4810/1658/3105 4808/1642/3105 4812/1421/3105
f 4811/1397/3783 4826/1660/3783 4815/1659/3783 4807/1646/3783
f 4826/1660/3783 4825/1662/3783 4816/1661/3783 4815/1659/3783
f 4825/1662/3783 4824/1656/3783 4817/1657/3783 4816/1661/3783
f 4813/1520/3782 4811/1397/3782 4826/1660/3782 4823/1663/3782
f 4823/1663/3782 4826/1660/3782 4825/1662/3782 4822/1664/3782
f 4822/1664/3782 4825/1662/3782 4824/1656/3782 4821/1655/3782
f 4809/1600/3781 4820/1665/3781 4823/1663/3781 4813/1520/3781
f 4820/1665/3781 4819/1666/3781 4822/1664/3781 4823/1663/3781
f 4819/1666/3781 4818/1653/3781 4821/1655/3781 4822/1664/3781
f 4807/1527/3784 4815/1667/3784 4820/1665/3784 4809/1600/3784
f 4815/1667/3785 4816/1668/3785 4819/1666/3785 4820/1665/3785
f 4816/1668/3786 4817/1652/3786 4818/1653/3786 4819/1666/3786
f 4837/1652/3780 4828/1528/3780 4830/1654/3780 4838/1653/3780
f 4838/1653/3781 4830/1654/3781 4834/1525/3781 4841/1655/3781
f 4841/1655/3782 4844/1656/3782 4832/1421/3782 4834/1525/3782
f 4844/1656/3783 4832/1421/3783 4828/1645/3783 4837/1657/3783
f 4829/1473/3072 4833/1520/3072 4831/1397/3072 4827/1416/3072
f 4834/1525/3105 4830/1658/3105 4828/1642/3105 4832/1421/3105
f 4831/1397/3783 4846/1660/3783 4835/1659/3783 4827/1646/3783
f 4846/1660/3783 4845/1662/3783 4836/1661/3783 4835/1659/3783
f 4845/1662/3783 4844/1656/3783 4837/1657/3783 4836/1661/3783
f 4833/1520/3782 4831/1397/3782 4846/1660/3782 4843/1663/3782
f 4843/1663/3782 4846/1660/3782 4845/1662/3782 4842/1664/3782
f 4842/1664/3782 4845/1662/3782 4844/1656/3782 4841/1655/3782
f 4829/1600/3781 4840/1665/3781 4843/1663/3781 4833/1520/3781
f 4840/1665/3781 4839/1666/3781 4842/1664/3781 4843/1663/3781
f 4839/1666/3781 4838/1653/3781 4841/1655/3781 4842/1664/3781
f 4827/1527/3784 4835/1667/3784 4840/1665/3784 4829/1600/3784
f 4835/1667/3785 4836/1668/3785 4839/1666/3785 4840/1665/3785
f 4836/1668/3786 4837/1652/3786 4838/1653/3786 4839/1666/3786
f 4857/1652/3780 4848/1528/3780 4850/1654/3780 4858/1653/3780
f 4858/1653/3781 4850/1654/3781 4854/1525/3781 4861/1655/3781
f 4861/1655/3782 4864/1656/3782 4852/1421/3782 4854/1525/3782
f 4864/1656/3781 4857/1657/3781 4848/1645/3781 4852/1421/3781
f 4849/1473/3072 4853/1520/3072 4851/1397/3072 4847/1416/3072
f 4854/1525/3105 4850/1658/3105 4848/1642/3105 4852/1421/3105
f 4851/1397/3781 4847/1646/3781 4855/1659/3781 4866/1660/3781
f 4866/1660/3783 4865/1662/3783 4856/1661/3783 4855/1659/3783
f 4865/1662/3783 4864/1656/3783 4857/1657/3783 4856/1661/3783
f 4853/1520/3782 4851/1397/3782 4866/1660/3782 4863/1663/3782
f 4863/1663/3782 4866/1660/3782 4865/1662/3782 4862/1664/3782
f 4862/1664/3782 4865/1662/3782 4864/1656/3782 4861/1655/3782
f 4849/1600/3781 4860/1665/3781 4863/1663/3781 4853/1520/3781
f 4860/1665/3781 4859/1666/3781 4862/1664/3781 4863/1663/3781
f 4859/1666/3781 4858/1653/3781 4861/1655/3781 4862/1664/3781
f 4847/1527/3784 4855/1667/3784 4860/1665/3784 4849/1600/3784
f 4855/1667/3785 4856/1668/3785 4859/1666/3785 4860/1665/3785
f 4856/1668/3786 4857/1652/3786 4858/1653/3786 4859/1666/3786
f 8557/1652/3773 8558/1653/3773 8550/1654/3773 8548/1528/3773
f 8558/1653/3774 8561/1655/3774 8554/1525/3774 8550/1654/3774
f 8561/1655/3775 8554/1525/3775 8552/1421/3775 8564/1656/3775
f 8564/1656/3776 8557/1657/3776 8548/1645/3776 8552/1421/3776
f 8549/1473/3072 8547/1416/3072 8551/1397/3072 8553/1520/3072
f 8554/1525/3105 8552/1421/3105 8548/1642/3105 8550/1658/3105
f 8551/1397/3776 8547/1646/3776 8555/1659/3776 8566/1660/3776
f 8566/1660/3776 8555/1659/3776 8556/1661/3776 8565/1662/3776
f 8565/1662/3776 8556/1661/3776 8557/1657/3776 8564/1656/3776
f 8553/1520/3775 8563/1663/3775 8566/1660/3775 8551/1397/3775
f 8563/1663/3775 8562/1664/3775 8565/1662/3775 8566/1660/3775
f 8562/1664/3775 8561/1655/3775 8564/1656/3775 8565/1662/3775
f 8549/1600/3774 8553/1520/3774 8563/1663/3774 8560/1665/3774
f 8560/1665/3774 8563/1663/3774 8562/1664/3774 8559/1666/3774
f 8559/1666/3774 8562/1664/3774 8561/1655/3774 8558/1653/3774
f 8547/1527/3777 8549/1600/3777 8560/1665/3777 8555/1667/3777
f 8555/1667/3778 8560/1665/3778 8559/1666/3778 8556/1668/3778
f 8556/1668/3779 8559/1666/3779 8558/1653/3779 8557/1652/3779
f 8577/1652/3773 8578/1653/3773 8570/1654/3773 8568/1528/3773
f 8578/1653/3774 8581/1655/3774 8574/1525/3774 8570/1654/3774
f 8581/1655/3775 8574/1525/3775 8572/1421/3775 8584/1656/3775
f 8584/1656/3776 8577/1657/3776 8568/1645/3776 8572/1421/3776
f 8569/1473/3072 8567/1416/3072 8571/1397/3072 8573/1520/3072
f 8574/1525/3105 8572/1421/3105 8568/1642/3105 8570/1658/3105
f 8571/1397/3776 8567/1646/3776 8575/1659/3776 8586/1660/3776
f 8586/1660/3776 8575/1659/3776 8576/1661/3776 8585/1662/3776
f 8585/1662/3776 8576/1661/3776 8577/1657/3776 8584/1656/3776
f 8573/1520/3775 8583/1663/3775 8586/1660/3775 8571/1397/3775
f 8583/1663/3775 8582/1664/3775 8585/1662/3775 8586/1660/3775
f 8582/1664/3775 8581/1655/3775 8584/1656/3775 8585/1662/3775
f 8569/1600/3774 8573/1520/3774 8583/1663/3774 8580/1665/3774
f 8580/1665/3774 8583/1663/3774 8582/1664/3774 8579/1666/3774
f 8579/1666/3774 8582/1664/3774 8581/1655/3774 8578/1653/3774
f 8567/1527/3777 8569/1600/3777 8580/1665/3777 8575/1667/3777
f 8575/1667/3778 8580/1665/3778 8579/1666/3778 8576/1668/3778
f 8576/1668/3779 8579/1666/3779 8578/1653/3779 8577/1652/3779
f 8597/1652/3773 8598/1653/3773 8590/1654/3773 8588/1528/3773
f 8598/1653/3774 8601/1655/3774 8594/1525/3774 8590/1654/3774
f 8601/1655/3775 8594/1525/3775 8592/1421/3775 8604/1656/3775
f 8604/1656/3776 8597/1657/3776 8588/1645/3776 8592/1421/3776
f 8589/1473/3072 8587/1416/3072 8591/1397/3072 8593/1520/3072
f 8594/1525/3105 8592/1421/3105 8588/1642/3105 8590/1658/3105
f 8591/1397/3776 8587/1646/3776 8595/1659/3776 8606/1660/3776
f 8606/1660/3776 8595/1659/3776 8596/1661/3776 8605/1662/3776
f 8605/1662/3776 8596/1661/3776 8597/1657/3776 8604/1656/3776
f 8593/1520/3775 8603/1663/3775 8606/1660/3775 8591/1397/3775
f 8603/1663/3775 8602/1664/3775 8605/1662/3775 8606/1660/3775
f 8602/1664/3775 8601/1655/3775 8604/1656/3775 8605/1662/3775
f 8589/1600/3774 8593/1520/3774 8603/1663/3774 8600/1665/3774
f 8600/1665/3774 8603/1663/3774 8602/1664/3774 8599/1666/3774
f 8599/1666/3774 8602/1664/3774 8601/1655/3774 8598/1653/3774
f 8587/1527/3777 8589/1600/3777 8600/1665/3777 8595/1667/3777
f 8595/1667/3778 8600/1665/3778 8599/1666/3778 8596/1668/3778
f 8596/1668/3779 8599/1666/3779 8598/1653/3779 8597/1652/3779
f 8617/1652/3773 8618/1653/3773 8610/1654/3773 8608/1528/3773
f 8618/1653/3774 8621/1655/3774 8614/1525/3774 8610/1654/3774
f 8621/1655/3775 8614/1525/3775 8612/1421/3775 8624/1656/3775
f 8624/1656/3776 8617/1657/3776 8608/1645/3776 8612/1421/3776
f 8609/1473/3072 8607/1416/3072 8611/1397/3072 8613/1520/3072
f 8614/1525/3105 8612/1421/3105 8608/1642/3105 8610/1658/3105
f 8611/1397/3776 8607/1646/3776 8615/1659/3776 8626/1660/3776
f 8626/1660/3776 8615/1659/3776 8616/1661/3776 8625/1662/3776
f 8625/1662/3776 8616/1661/3776 8617/1657/3776 8624/1656/3776
f 8613/1520/3775 8623/1663/3775 8626/1660/3775 8611/1397/3775
f 8623/1663/3775 8622/1664/3775 8625/1662/3775 8626/1660/3775
f 8622/1664/3775 8621/1655/3775 8624/1656/3775 8625/1662/3775
f 8609/1600/3774 8613/1520/3774 8623/1663/3774 8620/1665/3774
f 8620/1665/3774 8623/1663/3774 8622/1664/3774 8619/1666/3774
f 8619/1666/3774 8622/1664/3774 8621/1655/3774 8618/1653/3774
f 8607/1527/3777 8609/1600/3777 8620/1665/3777 8615/1667/3777
f 8615/1667/3778 8620/1665/3778 8619/1666/3778 8616/1668/3778
f 8616/1668/3779 8619/1666/3779 8618/1653/3779 8617/1652/3779
f 8637/1652/3780 8628/1528/3780 8630/1654/3780 8638/1653/3780
f 8638/1653/3781 8630/1654/3781 8634/1525/3781 8641/1655/3781
f 8641/1655/3782 8644/1656/3782 8632/1421/3782 8634/1525/3782
f 8644/1656/3783 8632/1421/3783 8628/1645/3783 8637/1657/3783
f 8629/1473/3072 8633/1520/3072 8631/1397/3072 8627/1416/3072
f 8634/1525/3105 8630/1658/3105 8628/1642/3105 8632/1421/3105
f 8631/1397/3783 8646/1660/3783 8635/1659/3783 8627/1646/3783
f 8646/1660/3783 8645/1662/3783 8636/1661/3783 8635/1659/3783
f 8645/1662/3783 8644/1656/3783 8637/1657/3783 8636/1661/3783
f 8633/1520/3782 8631/1397/3782 8646/1660/3782 8643/1663/3782
f 8643/1663/3782 8646/1660/3782 8645/1662/3782 8642/1664/3782
f 8642/1664/3782 8645/1662/3782 8644/1656/3782 8641/1655/3782
f 8629/1600/3781 8640/1665/3781 8643/1663/3781 8633/1520/3781
f 8640/1665/3781 8639/1666/3781 8642/1664/3781 8643/1663/3781
f 8639/1666/3781 8638/1653/3781 8641/1655/3781 8642/1664/3781
f 8627/1527/3784 8635/1667/3784 8640/1665/3784 8629/1600/3784
f 8635/1667/3785 8636/1668/3785 8639/1666/3785 8640/1665/3785
f 8636/1668/3786 8637/1652/3786 8638/1653/3786 8639/1666/3786
f 8657/1652/3780 8648/1528/3780 8650/1654/3780 8658/1653/3780
f 8658/1653/3781 8650/1654/3781 8654/1525/3781 8661/1655/3781
f 8661/1655/3782 8664/1656/3782 8652/1421/3782 8654/1525/3782
f 8664/1656/3783 8652/1421/3783 8648/1645/3783 8657/1657/3783
f 8649/1473/3072 8653/1520/3072 8651/1397/3072 8647/1416/3072
f 8654/1525/3105 8650/1658/3105 8648/1642/3105 8652/1421/3105
f 8651/1397/3783 8666/1660/3783 8655/1659/3783 8647/1646/3783
f 8666/1660/3783 8665/1662/3783 8656/1661/3783 8655/1659/3783
f 8665/1662/3783 8664/1656/3783 8657/1657/3783 8656/1661/3783
f 8653/1520/3782 8651/1397/3782 8666/1660/3782 8663/1663/3782
f 8663/1663/3782 8666/1660/3782 8665/1662/3782 8662/1664/3782
f 8662/1664/3782 8665/1662/3782 8664/1656/3782 8661/1655/3782
f 8649/1600/3781 8660/1665/3781 8663/1663/3781 8653/1520/3781
f 8660/1665/3781 8659/1666/3781 8662/1664/3781 8663/1663/3781
f 8659/1666/3781 8658/1653/3781 8661/1655/3781 8662/1664/3781
f 8647/1527/3784 8655/1667/3784 8660/1665/3784 8649/1600/3784
f 8655/1667/3785 8656/1668/3785 8659/1666/3785 8660/1665/3785
f 8656/1668/3786 8657/1652/3786 8658/1653/3786 8659/1666/3786
f 8677/1652/3780 8668/1528/3780 8670/1654/3780 8678/1653/3780
f 8678/1653/3781 8670/1654/3781 8674/1525/3781 8681/1655/3781
f 8681/1655/3782 8684/1656/3782 8672/1421/3782 8674/1525/3782
f 8684/1656/3783 8672/1421/3783 8668/1645/3783 8677/1657/3783
f 8669/1473/3072 8673/1520/3072 8671/1397/3072 8667/1416/3072
f 8674/1525/3105 8670/1658/3105 8668/1642/3105 8672/1421/3105
f 8671/1397/3783 8686/1660/3783 8675/1659/3783 8667/1646/3783
f 8686/1660/3783 8685/1662/3783 8676/1661/3783 8675/1659/3783
f 8685/1662/3783 8684/1656/3783 8677/1657/3783 8676/1661/3783
f 8673/1520/3782 8671/1397/3782 8686/1660/3782 8683/1663/3782
f 8683/1663/3782 8686/1660/3782 8685/1662/3782 8682/1664/3782
f 8682/1664/3782 8685/1662/3782 8684/1656/3782 8681/1655/3782
f 8669/1600/3781 8680/1665/3781 8683/1663/3781 8673/1520/3781
f 8680/1665/3781 8679/1666/3781 8682/1664/3781 8683/1663/3781
f 8679/1666/3781 8678/1653/3781 8681/1655/3781 8682/1664/3781
f 8667/1527/3784 8675/1667/3784 8680/1665/3784 8669/1600/3784
f 8675/1667/3785 8676/1668/3785 8679/1666/3785 8680/1665/3785
f 8676/1668/3786 8677/1652/3786 8678/1653/3786 8679/1666/3786
f 8697/1652/3780 8688/1528/3780 8690/1654/3780 8698/1653/3780
f 8698/1653/3781 8690/1654/3781 8694/1525/3781 8701/1655/3781
f 8701/1655/3782 8704/1656/3782 8692/1421/3782 8694/1525/3782
f 8704/1656/3781 8697/1657/3781 8688/1645/3781 8692/1421/3781
f 8689/1473/3072 8693/1520/3072 8691/1397/3072 8687/1416/3072
f 8694/1525/3105 8690/1658/3105 8688/1642/3105 8692/1421/3105
f 8691/1397/3781 8687/1646/3781 8695/1659/3781 8706/1660/3781
f 8706/1660/3783 8705/1662/3783 8696/1661/3783 8695/1659/3783
f 8705/1662/3783 8704/1656/3783 8697/1657/3783 8696/1661/3783
f 8693/1520/3782 8691/1397/3782 8706/1660/3782 8703/1663/3782
f 8703/1663/3782 8706/1660/3782 8705/1662/3782 8702/1664/3782
f 8702/1664/3782 8705/1662/3782 8704/1656/3782 8701/1655/3782
f 8689/1600/3781 8700/1665/3781 8703/1663/3781 8693/1520/3781
f 8700/1665/3781 8699/1666/3781 8702/1664/3781 8703/1663/3781
f 8699/1666/3781 8698/1653/3781 8701/1655/3781 8702/1664/3781
f 8687/1527/3784 8695/1667/3784 8700/1665/3784 8689/1600/3784
f 8695/1667/3785 8696/1668/3785 8699/1666/3785 8700/1665/3785
f 8696/1668/3786 8697/1652/3786 8698/1653/3786 8699/1666/3786
l 9076 9075
