# Blender 5.1.1
# www.blender.org
mtllib Sarg_1_Deckel.mtl
o Lid_1
v -1.184587 1.664416 -4.782146
v -1.171842 1.677215 -4.823112
v -1.211415 0.104052 -5.065552
v -1.198539 0.093107 -5.110390
v -1.411878 1.662806 -4.853742
v -1.399027 1.678122 -4.894051
v -1.437295 0.103448 -5.137141
v -1.207780 0.228772 -5.042390
v -1.206376 0.371418 -5.017297
v -1.233902 0.512395 -5.000603
v -1.203213 0.943732 -4.914880
v -1.209989 1.090327 -4.891271
v -1.197619 1.229983 -4.862723
v -1.186954 1.517620 -4.808642
v -1.174392 1.524805 -4.850630
v -1.175558 1.382046 -4.876230
v -1.184088 1.243773 -4.903266
v -1.197093 1.093716 -4.933803
v -1.188733 0.950763 -4.956172
v -1.185419 0.811120 -4.979966
v -1.188596 0.666147 -5.006371
v -1.221016 0.518047 -5.042622
v -1.195040 0.235936 -5.084270
v -1.416461 1.533582 -4.877678
v -1.418010 1.390879 -4.903556
v -1.423603 1.105968 -4.955658
v -1.413641 0.958456 -4.978681
v -1.427476 0.819944 -5.007279
v -1.430809 0.670659 -5.034501
v -1.434986 0.387279 -5.085837
v -1.420208 0.243603 -5.106606
v -1.422876 0.394513 -5.128059
v -1.402825 0.534200 -5.097007
v -1.415159 0.675964 -5.075412
v -1.414758 0.827114 -5.049195
v -1.402388 0.965721 -5.020998
v -1.409759 1.108854 -4.998188
v -1.396579 1.259690 -4.966869
v -1.408241 1.398303 -4.946636
v -1.394127 0.094144 -5.124880
v -1.347405 0.101377 -5.108727
v -1.301934 0.087253 -5.097081
v -1.256018 0.110301 -5.078476
v -1.241464 0.124473 -5.118913
v -1.289515 0.096754 -5.138549
v -1.334653 0.109210 -5.150652
v -1.381307 0.102557 -5.166215
v -1.230687 1.685476 -4.792888
v -1.275877 1.665542 -4.810804
v -1.322045 1.664572 -4.825459
v -1.307636 1.677670 -4.865576
v -1.264226 1.677970 -4.851369
v -1.240726 0.239093 -5.097898
v -1.287702 0.242451 -5.112543
v -1.333183 0.245572 -5.125982
v -1.378827 0.248736 -5.139656
v -1.238744 0.381635 -5.072267
v -1.282678 0.384689 -5.085475
v -1.330968 0.388092 -5.100249
v -1.375586 0.391194 -5.113665
v -1.256916 0.535308 -5.050960
v -1.282058 0.525034 -5.060694
v -1.327976 0.539728 -5.072331
v -1.357757 0.527521 -5.084125
v -1.234285 0.670061 -5.020110
v -1.280189 0.666047 -5.035182
v -1.327491 0.666934 -5.050163
v -1.231479 0.814326 -4.993837
v -1.276860 0.817501 -5.007591
v -1.324201 0.820709 -5.021351
v -1.368346 0.823874 -5.035169
v -1.228690 0.953607 -4.968565
v -1.320855 0.960018 -4.996292
v -1.363394 0.962983 -5.009121
v -1.228676 1.102204 -4.942516
v -1.273551 1.098701 -4.956992
v -1.318558 1.100521 -4.970777
v -1.363782 1.110760 -4.983117
v -1.224462 1.236879 -4.917465
v -1.270242 1.243503 -4.930300
v -1.316741 1.248568 -4.944139
v -1.360354 1.247215 -4.958075
v -1.221019 1.385277 -4.890295
v -1.267652 1.388471 -4.904040
v -1.313895 1.391691 -4.917970
v -1.359517 1.394882 -4.931798
v -1.219326 1.527970 -4.864372
v -1.267590 1.531350 -4.879022
v -1.311274 1.534370 -4.892056
v -1.357179 1.537566 -4.905882
v -1.391276 0.241573 -5.097803
v -1.345469 0.238397 -5.084083
v -1.300018 0.235171 -5.070043
v -1.253714 0.231990 -5.056338
v -1.389771 0.384150 -5.072324
v -1.344293 0.380986 -5.058644
v -1.297618 0.377773 -5.044791
v -1.251389 0.374473 -5.030405
v -1.370803 0.519338 -5.042396
v -1.341860 0.541914 -5.029106
v -1.295153 0.518012 -5.018898
v -1.251091 0.529879 -5.002835
v -1.384543 0.648922 -5.023801
v -1.339231 0.670810 -5.005770
v -1.293603 0.659574 -4.993509
v -1.246692 0.667283 -4.977366
v -1.381751 0.816734 -4.993358
v -1.335986 0.813639 -4.980091
v -1.290515 0.810375 -4.965841
v -1.244735 0.807190 -4.952065
v -1.373027 0.955606 -4.966323
v -1.333667 0.952844 -4.954345
v -1.287000 0.949539 -4.939967
v -1.242211 0.946468 -4.926749
v -1.377201 1.113962 -4.939440
v -1.333517 1.085547 -4.931453
v -1.287333 1.096674 -4.914335
v -1.239928 1.085293 -4.901561
v -1.376157 1.243972 -4.916002
v -1.329670 1.235210 -4.903558
v -1.285570 1.246926 -4.887653
v -1.237721 1.224310 -4.876462
v -1.370903 1.387618 -4.889475
v -1.327571 1.384591 -4.876363
v -1.280859 1.381332 -4.862256
v -1.236192 1.378200 -4.848674
v -1.371627 1.530559 -4.864731
v -1.325524 1.527302 -4.850574
v -1.280335 1.524090 -4.836591
v -1.232241 1.520699 -4.821865
v -1.425086 0.122001 -5.176208
v -1.431770 0.101045 -5.156905
v -1.401982 0.100502 -5.172874
v -1.198811 0.803976 -4.938134
v -1.221941 0.805595 -4.945149
v -1.191411 0.807901 -4.961123
v -1.189305 1.374925 -4.834490
v -1.211465 1.376471 -4.841186
v -1.189341 1.374926 -4.834495
v -1.181825 1.378810 -4.857259
v -1.216036 0.380059 -5.065454
v -1.192646 0.378434 -5.058427
v -1.200243 0.374546 -5.035637
v -1.406840 0.250698 -5.148160
v -1.388518 0.249423 -5.142644
v -1.407169 0.250739 -5.148361
v -1.414305 0.246798 -5.125305
v -1.410511 1.536944 -4.897329
v -1.404037 1.540858 -4.920165
v -1.380262 1.539187 -4.912915
v -1.403211 1.540788 -4.919847
v -1.377226 1.681069 -4.886810
v -1.354648 1.660419 -4.883482
v -1.331381 1.688513 -4.871180
v -1.362263 1.684083 -4.856006
v -1.225172 1.684948 -4.813041
v -1.242143 1.672855 -4.845677
v -1.219451 1.618683 -4.848450
v -1.196298 1.672171 -4.831721
v -1.372143 0.650699 -5.066898
v -1.348861 0.668304 -5.056557
v -1.371240 0.698240 -5.058226
v -1.395295 0.675283 -5.069539
v -1.251186 0.955166 -4.975295
v -1.274694 0.956795 -4.982333
v -1.297668 0.958399 -4.989278
v -1.274464 0.956779 -4.982265
v -1.160528 1.523840 -4.846452
v -1.161693 1.381081 -4.872051
v -1.173089 1.516654 -4.804464
v -1.175477 1.373960 -4.830317
v -1.167960 1.377844 -4.853081
v -1.198582 0.226678 -5.031366
v -1.201143 0.368988 -5.003986
v -1.170034 1.527135 -4.864270
v -1.171199 1.384376 -4.889869
v -1.175065 0.951384 -4.960987
v -1.172074 0.811890 -4.985597
v -1.429455 1.532671 -4.871281
v -1.429752 1.389590 -4.895129
v -1.426160 0.957392 -4.971461
v -1.440525 0.819063 -5.001048
v -1.447412 0.386198 -5.078531
v -1.432949 0.242626 -5.099862
v -1.421546 0.829442 -5.061779
v -1.409107 0.968055 -5.033617
v -1.371288 0.393528 -5.127322
v -1.430422 0.396769 -5.140158
v -1.364012 0.826205 -5.048816
v -1.359058 0.965314 -5.022768
v -1.355210 1.397216 -4.945454
v -1.413875 1.400712 -4.959786
v -1.257989 0.229655 -5.042674
v -1.255660 0.372137 -5.016738
v -1.246493 0.944133 -4.913086
v -1.196569 0.941389 -4.902204
v -1.236515 1.518364 -4.808200
v -1.191174 1.515281 -4.794961
v -1.181052 0.236380 -5.088112
v -1.236430 0.241427 -5.111556
v -1.283394 0.244784 -5.126198
v -1.328907 0.247907 -5.139646
v -1.374522 0.251070 -5.153312
v -1.234442 0.383969 -5.085923
v -1.278365 0.387022 -5.099128
v -1.326692 0.390427 -5.113914
v -1.227170 0.816659 -5.007492
v -1.272611 0.819838 -5.021263
v -1.319910 0.823043 -5.035010
v -1.224383 0.955941 -4.982220
v -1.316569 0.962353 -5.009953
v -1.216711 1.387610 -4.903950
v -1.263390 1.390807 -4.917709
v -1.309614 1.394026 -4.931634
v -1.215018 1.530303 -4.878026
v -1.263328 1.533687 -4.892691
v -1.306993 1.536705 -4.905719
v -1.352868 1.539899 -4.919536
v -1.395551 0.239237 -5.084138
v -1.349749 0.236062 -5.070418
v -1.304323 0.232838 -5.056387
v -1.394045 0.381814 -5.058659
v -1.348571 0.378651 -5.044980
v -1.301924 0.375440 -5.031135
v -1.386028 0.814398 -4.979693
v -1.340296 0.811306 -4.966436
v -1.294831 0.808043 -4.952188
v -1.249016 0.804855 -4.938402
v -1.377294 0.953270 -4.952656
v -1.337987 0.950512 -4.940694
v -1.291323 0.947206 -4.926316
v -1.375178 1.385283 -4.875810
v -1.331900 1.382259 -4.862714
v -1.285196 1.379001 -4.848610
v -1.240480 1.375865 -4.835013
v -1.375865 1.528221 -4.851054
v -1.329853 1.524970 -4.836926
v -1.284672 1.521759 -4.822945
v -1.226256 0.803262 -4.931497
v -1.191839 0.801661 -4.925645
v -1.177548 0.806942 -4.956985
v -1.215685 1.374132 -4.827505
v -1.193562 1.372587 -4.820814
v -1.211785 0.382396 -5.079126
v -1.179738 0.379381 -5.065021
v -1.186397 0.373571 -5.031400
v -1.384184 0.251754 -5.156291
v -1.413073 0.253122 -5.161335
v -1.427986 0.247788 -5.129644
v -1.424557 1.537802 -4.900877
v -1.411260 1.543156 -4.932535
v -1.375937 1.541519 -4.926565
v -1.270214 0.959116 -4.995937
v -1.246905 0.957501 -4.988958
v -1.293449 0.960738 -5.002960
v -1.395238 1.441766 -4.873059
v -1.409302 1.438188 -4.878938
v -1.409553 1.422993 -4.881694
v -1.395645 1.417181 -4.877519
v -1.386798 1.428783 -4.872182
v -1.402152 1.428488 -4.869059
v -1.383631 1.434233 -4.877252
v -1.383778 1.425301 -4.878872
v -1.396767 1.445281 -4.880221
v -1.388592 1.441864 -4.877768
v -1.410233 1.436358 -4.886814
v -1.405033 1.443177 -4.883677
v -1.405419 1.419795 -4.887918
v -1.410381 1.427426 -4.888434
v -1.388978 1.418481 -4.882009
v -1.397244 1.416378 -4.885465
v -1.389967 1.436055 -4.870826
v -1.403194 1.441583 -4.874797
v -1.411608 1.430549 -4.879872
v -1.403581 1.418201 -4.879038
v -1.390206 1.421604 -4.873447
v -1.398992 1.435881 -4.868990
v -1.394030 1.428250 -4.868475
v -1.407258 1.433778 -4.872446
v -1.407405 1.424847 -4.874065
v -1.399230 1.421430 -4.871612
v -1.216440 1.487889 -4.804372
v -1.231232 1.483839 -4.807503
v -1.231483 1.468644 -4.810259
v -1.216846 1.463303 -4.808832
v -1.207549 1.475197 -4.805193
v -1.222013 1.474385 -4.799220
v -1.205587 1.480750 -4.810736
v -1.205735 1.471819 -4.812356
v -1.219417 1.491350 -4.811092
v -1.210814 1.488210 -4.810253
v -1.233577 1.481978 -4.815071
v -1.228112 1.488969 -4.812932
v -1.228498 1.465586 -4.817174
v -1.233725 1.473046 -4.816691
v -1.211200 1.464828 -4.814495
v -1.219895 1.462447 -4.816335
v -1.210649 1.482358 -4.803215
v -1.224570 1.487438 -4.804572
v -1.233412 1.476126 -4.808032
v -1.224957 1.464055 -4.808813
v -1.210888 1.467907 -4.805836
v -1.219151 1.481881 -4.799704
v -1.213925 1.474421 -4.800186
v -1.227846 1.479500 -4.801543
v -1.227993 1.470569 -4.803164
v -1.219390 1.467430 -4.802324
v -1.394563 0.916030 -4.965482
v -1.408790 0.920792 -4.969943
v -1.416899 0.908434 -4.974670
v -1.407684 0.896034 -4.973131
v -1.393879 0.900729 -4.967453
v -1.407142 0.907325 -4.962458
v -1.388584 0.904748 -4.972106
v -1.393350 0.897484 -4.974884
v -1.394403 0.921030 -4.971851
v -1.388986 0.913742 -4.970947
v -1.410879 0.921069 -4.977811
v -1.402765 0.923829 -4.974473
v -1.415243 0.904812 -4.981749
v -1.415645 0.913806 -4.980590
v -1.401464 0.894725 -4.978222
v -1.409827 0.897524 -4.980844
v -1.392835 0.908222 -4.964733
v -1.401600 0.920014 -4.966197
v -1.414729 0.915550 -4.971597
v -1.414078 0.900998 -4.973471
v -1.400548 0.896469 -4.969229
v -1.400631 0.912099 -4.961797
v -1.400229 0.903105 -4.962955
v -1.408994 0.914897 -4.964419
v -1.413760 0.907634 -4.967197
v -1.408343 0.900346 -4.966293
v -1.213631 0.857093 -4.914636
v -1.228607 0.861318 -4.916366
v -1.236715 0.848960 -4.921093
v -1.226751 0.837097 -4.922285
v -1.212484 0.842123 -4.918294
v -1.225117 0.847346 -4.910681
v -1.208198 0.846895 -4.923243
v -1.212964 0.839632 -4.926022
v -1.214728 0.862667 -4.920393
v -1.208872 0.855694 -4.921093
v -1.231917 0.862196 -4.923755
v -1.223531 0.865151 -4.921410
v -1.236009 0.846134 -4.928684
v -1.236683 0.854933 -4.926534
v -1.221350 0.836677 -4.928368
v -1.230153 0.839161 -4.929384
v -1.211410 0.849379 -4.914986
v -1.220887 0.860661 -4.913852
v -1.234455 0.855881 -4.917648
v -1.233365 0.841644 -4.921127
v -1.219122 0.837626 -4.919481
v -1.218836 0.852449 -4.910511
v -1.218162 0.843650 -4.912661
v -1.227638 0.854932 -4.911528
v -1.232404 0.847669 -4.914306
v -1.226548 0.840696 -4.915007
v -1.405501 0.322411 -5.073518
v -1.420156 0.324760 -5.078538
v -1.426114 0.311121 -5.082815
v -1.415143 0.300343 -5.080439
v -1.402403 0.307320 -5.074692
v -1.416674 0.312054 -5.070343
v -1.397652 0.311877 -5.079422
v -1.401155 0.303860 -5.081935
v -1.405922 0.327083 -5.080128
v -1.399473 0.320747 -5.078731
v -1.422024 0.324362 -5.086456
v -1.414536 0.328463 -5.083079
v -1.423706 0.307475 -5.089661
v -1.425527 0.316345 -5.088970
v -1.408643 0.299759 -5.085313
v -1.417257 0.301140 -5.088264
v -1.402611 0.314998 -5.072333
v -1.413046 0.325249 -5.074594
v -1.425162 0.318613 -5.080059
v -1.422216 0.304261 -5.081176
v -1.408278 0.302027 -5.076401
v -1.410999 0.317780 -5.069777
v -1.409179 0.308910 -5.070467
v -1.419613 0.319161 -5.072727
v -1.423116 0.311144 -5.075242
v -1.416667 0.304809 -5.073844
v -1.219209 0.293875 -5.015629
v -1.234602 0.295704 -5.017913
v -1.240561 0.282066 -5.022190
v -1.228850 0.271806 -5.022550
v -1.215654 0.279105 -5.018495
v -1.229169 0.282696 -5.011447
v -1.212007 0.284239 -5.023582
v -1.215509 0.276222 -5.026095
v -1.220980 0.298951 -5.021686
v -1.214096 0.292920 -5.021897
v -1.237784 0.295736 -5.025411
v -1.230028 0.300026 -5.023027
v -1.239198 0.279038 -5.029610
v -1.241287 0.287720 -5.027925
v -1.223266 0.271932 -5.028479
v -1.232314 0.273008 -5.029821
v -1.215813 0.286579 -5.015536
v -1.226951 0.296336 -5.015194
v -1.239501 0.289395 -5.019050
v -1.236121 0.275348 -5.021775
v -1.221480 0.273608 -5.019604
v -1.223758 0.288690 -5.011394
v -1.221668 0.280009 -5.013078
v -1.232806 0.289766 -5.012735
v -1.236308 0.281749 -5.015250
v -1.229425 0.275719 -5.015461
v -1.204848 0.646589 -4.967812
v -1.218125 0.664691 -4.968813
v -1.200963 0.680293 -4.960645
v -1.196237 0.664345 -4.980664
v -1.393043 1.248229 -4.920863
v -1.411168 1.235398 -4.929097
v -1.404317 1.255329 -4.942228
v -1.410587 1.269556 -4.922876
v -1.399242 0.528287 -5.049883
v -1.417817 0.516539 -5.057840
v -1.410532 0.533732 -5.071117
v -1.417476 0.550564 -5.051724
v -1.363217 1.684070 -4.853284
v -1.353139 1.677416 -4.832831
v -1.369350 1.666865 -4.839747
v -1.383930 1.676637 -4.842557
v -1.335422 0.122770 -5.854599
v -1.335422 0.197584 -5.854599
v -1.421760 0.122770 -5.166871
v -1.421760 0.197585 -5.166871
v -1.452338 1.716846 -4.923297
v -1.347991 2.426149 -5.754473
v -1.409190 2.426149 -5.266996
v -1.064175 0.053939 -5.874403
v -1.064175 0.133940 -5.874403
v -1.163826 0.133940 -5.080633
v -1.163826 0.053940 -5.080633
v -1.028878 1.758502 -6.155561
v -1.199123 1.758502 -4.799474
v -1.078683 2.516967 -5.758838
v -1.149318 2.516967 -5.196198
v -1.114001 0.053939 -5.477518
v -1.114001 2.516967 -5.477518
v -1.285655 0.162678 -5.806321
v -1.277726 0.202078 -5.799363
v -1.361605 0.162678 -5.201349
v -1.352201 0.202078 -5.206131
v -1.251542 1.709977 -6.038934
v -1.386048 1.709977 -4.967522
v -1.292695 2.380942 -5.718436
v -1.346702 2.380942 -5.288247
v -1.046260 0.108518 -5.818723
v -1.055844 0.139509 -5.795033
v -1.136135 0.139509 -5.155481
v -1.132704 0.108518 -5.130157
v -1.014118 1.745626 -6.077997
v -1.165648 1.745626 -4.870983
v -1.054380 2.452784 -5.717730
v -1.115608 2.452784 -5.230022
v -1.094163 0.131401 -5.475027
v -1.088411 2.441239 -5.474305
v -1.378591 2.426149 -5.510735
v -1.407426 1.911528 -5.281047
v -1.407426 1.522164 -5.281047
v -1.442584 1.731665 -5.001000
v -1.430624 1.773867 -5.096260
v -1.442584 1.702027 -5.001000
v -1.435397 1.716846 -5.058241
v -1.428859 1.742633 -5.110323
v -1.414860 1.822207 -5.221830
v -1.417470 1.716846 -5.201035
v -1.418279 1.837026 -5.194600
v -1.421657 1.776412 -5.167693
v -1.422910 1.716846 -5.157706
v -1.418279 1.596666 -5.194600
v -1.430624 1.659825 -5.096260
v -1.414860 1.611485 -5.221830
v -1.421657 1.657280 -5.167693
v -1.428859 1.691059 -5.110323
v -1.378591 2.418339 -5.510735
v -1.354341 1.948336 -5.703900
v -1.402841 1.948336 -5.317569
v -1.376745 2.298159 -5.525438
v -1.371488 2.166637 -5.567312
v -1.380436 2.298159 -5.496031
v -1.378591 2.216607 -5.510735
v -1.375379 2.144107 -5.536321
v -1.365467 2.008018 -5.615275
v -1.378591 2.028976 -5.510735
v -1.363620 2.043795 -5.629979
v -1.371171 2.072803 -5.569837
v -1.378591 2.081853 -5.510735
v -1.393561 2.043796 -5.391490
v -1.385694 2.166637 -5.454158
v -1.391715 2.008018 -5.406195
v -1.386010 2.072803 -5.451633
v -1.381803 2.144107 -5.485149
v -1.304843 1.716846 -6.098172
v -1.349755 1.522164 -5.740422
v -1.349755 1.911528 -5.740422
v -1.314598 1.702027 -6.020469
v -1.326557 1.659825 -5.925210
v -1.314598 1.731665 -6.020469
v -1.321784 1.716846 -5.963228
v -1.328322 1.691059 -5.911146
v -1.342321 1.611485 -5.799640
v -1.339711 1.716846 -5.820434
v -1.338902 1.596666 -5.826870
v -1.335525 1.657280 -5.853777
v -1.334271 1.716846 -5.863764
v -1.338902 1.837026 -5.826870
v -1.326557 1.773867 -5.925209
v -1.342321 1.822207 -5.799640
v -1.335525 1.776412 -5.853777
v -1.328322 1.742633 -5.911146
v -1.402841 1.485355 -5.317569
v -1.354340 1.485355 -5.703900
v -1.391715 1.425673 -5.406195
v -1.378591 1.404716 -5.510735
v -1.393561 1.389896 -5.391490
v -1.386010 1.360889 -5.451633
v -1.378591 1.351839 -5.510735
v -1.363620 1.389896 -5.629979
v -1.371488 1.267055 -5.567312
v -1.365467 1.425673 -5.615275
v -1.371171 1.360889 -5.569837
v -1.375379 1.289584 -5.536321
v -1.380436 1.135533 -5.496031
v -1.385693 1.267055 -5.454158
v -1.376745 1.135533 -5.525439
v -1.378591 1.217085 -5.510735
v -1.381803 1.289584 -5.485149
v -1.365870 1.911528 -5.275830
v -1.373305 1.822207 -5.216613
v -1.375915 1.716846 -5.195818
v -1.373305 1.611485 -5.216613
v -1.365870 1.522164 -5.275830
v -1.312785 1.948336 -5.698683
v -1.323911 2.008018 -5.610058
v -1.337035 2.028976 -5.505518
v -1.350159 2.008018 -5.400978
v -1.361285 1.948336 -5.312353
v -1.308200 1.522164 -5.735206
v -1.300766 1.611485 -5.794423
v -1.298155 1.716846 -5.815217
v -1.300766 1.822207 -5.794423
v -1.308200 1.911528 -5.735205
v -1.361285 1.485355 -5.312353
v -1.350159 1.425673 -5.400978
v -1.337035 1.404716 -5.505518
v -1.312785 1.485355 -5.698683
v -1.390722 1.742633 -5.105536
v -1.397261 1.716846 -5.053454
v -1.390722 1.691059 -5.105536
v -1.388822 1.716846 -5.120668
v -1.384774 1.716846 -5.152918
v -1.383520 1.776412 -5.162905
v -1.383520 1.657280 -5.162905
v -1.337242 2.144107 -5.531533
v -1.340454 2.216607 -5.505947
v -1.343666 2.144108 -5.480361
v -1.340454 2.123696 -5.505947
v -1.340454 2.081853 -5.505947
v -1.333034 2.072803 -5.565049
v -1.347874 2.072803 -5.446845
v -1.290185 1.691059 -5.906358
v -1.283647 1.716846 -5.958440
v -1.290185 1.742633 -5.906358
v -1.292085 1.716846 -5.891225
v -1.296134 1.716846 -5.858976
v -1.297388 1.657280 -5.848989
v -1.297388 1.776412 -5.848989
v -1.340454 1.351839 -5.505947
v -1.347874 1.360889 -5.446845
v -1.343666 1.289584 -5.480361
v -1.340454 1.309996 -5.505947
v -1.337242 1.289584 -5.531533
v -1.333034 1.360889 -5.565049
v -1.340454 1.217085 -5.505947
v -1.351274 1.580959 -5.392096
v -1.358184 1.514960 -5.337056
v -1.370966 1.716846 -5.235241
v -1.362187 1.547029 -5.305166
v -1.304976 1.641714 -5.760885
v -1.357695 1.916800 -5.340952
v -1.329335 1.546016 -5.566852
v -1.320111 1.831108 -5.640326
v -1.311882 1.886663 -5.705870
v -1.337035 1.444618 -5.505518
v -1.337035 1.533613 -5.505518
v -1.322798 1.852751 -5.618922
v -1.337035 1.900078 -5.505518
v -1.359734 1.563594 -5.324709
v -1.356840 1.658573 -5.347764
v -1.350524 1.651591 -5.398074
v -1.318600 1.667446 -5.652366
v -1.321778 1.716846 -5.627048
v -1.317113 1.772835 -5.664208
v -1.310056 1.688296 -5.720423
v -1.346629 1.888741 -5.429100
v -1.337337 1.899593 -5.503116
v -1.342792 1.796904 -5.459666
v -1.351598 1.809476 -5.389517
v -1.314102 1.563272 -5.688194
v -1.323912 1.425697 -5.610050
v -1.332986 1.451045 -5.537766
v -1.328152 1.519760 -5.576278
v -1.358264 1.734649 -5.336419
v -1.357119 1.716846 -5.345543
v -1.358800 1.696668 -5.332151
v -1.362557 1.716846 -5.302220
v -1.314136 1.935441 -5.687922
v -1.313961 1.903312 -5.689314
v -1.317636 1.902024 -5.660038
v -1.318398 1.927088 -5.653968
v -1.336567 1.633691 -5.509245
v -1.341493 1.635470 -5.470006
v -1.342336 1.681055 -5.463292
v -1.343962 1.716846 -5.450344
v -1.335475 1.805010 -5.517942
v -1.331641 1.776934 -5.548484
v -1.326899 1.756393 -5.586260
v -1.328861 1.690550 -5.570631
v -1.334678 1.664557 -5.524291
v -1.335800 1.694811 -5.515360
v -1.341947 1.721612 -5.466395
v -1.340039 1.765317 -5.481586
v -1.336274 1.771761 -5.511585
v -1.334694 1.929982 -5.521105
v -1.336825 1.954961 -5.501897
v -1.336787 1.975265 -5.502692
v -1.334641 1.997567 -5.521465
v -1.327783 1.952230 -5.574749
v -1.385281 0.197585 -5.459061
v -1.371901 0.197584 -5.562409
v -1.376745 1.135533 -5.525439
v -1.380436 1.135533 -5.496031
v -1.074753 1.668671 -6.199991
v -1.065275 1.681806 -6.158190
v -1.092997 0.083796 -5.920781
v -1.083227 0.072824 -5.875134
v -1.306594 1.662579 -6.145192
v -1.297010 1.678271 -6.104037
v -1.323451 0.078750 -5.865886
v -1.090014 0.210504 -5.943498
v -1.089452 0.355370 -5.968286
v -1.118320 0.497974 -5.986812
v -1.089530 0.936544 -6.069655
v -1.097306 1.085260 -6.093558
v -1.085501 1.227305 -6.120993
v -1.076300 1.519572 -6.173878
v -1.066975 1.527004 -6.131077
v -1.067334 1.382028 -6.105766
v -1.075227 1.241462 -6.079556
v -1.087617 1.088843 -6.050194
v -1.078238 0.943856 -6.027409
v -1.074058 0.802132 -6.003570
v -1.076441 0.654868 -5.977603
v -1.108644 0.503855 -5.943960
v -1.080503 0.217917 -5.900792
v -1.310495 1.531279 -6.121777
v -1.311258 1.386351 -6.096216
v -1.315308 1.096951 -6.044932
v -1.304295 0.947366 -6.021384
v -1.317586 0.806453 -5.994003
v -1.320104 0.654809 -5.967240
v -1.322714 0.366991 -5.916615
v -1.306804 0.221396 -5.894958
v -1.313857 0.374463 -5.873614
v -1.294209 0.516691 -5.902986
v -1.307584 0.660393 -5.925290
v -1.308099 0.813873 -5.951264
v -1.296299 0.954853 -5.978350
v -1.304662 1.100041 -6.001503
v -1.292056 1.253456 -6.031631
v -1.304801 1.393970 -6.052531
v -1.279336 0.070150 -5.874969
v -1.231703 0.078412 -5.887659
v -1.185246 0.064962 -5.895965
v -1.138534 0.089266 -5.911144
v -1.127238 0.103830 -5.869739
v -1.176069 0.074743 -5.853692
v -1.222195 0.086504 -5.844907
v -1.269728 0.078835 -5.832800
v -1.121900 1.689151 -6.192625
v -1.167897 1.668023 -6.178077
v -1.214985 1.666133 -6.166835
v -1.203792 1.679605 -6.125760
v -1.159474 1.680763 -6.136757
v -1.127114 0.220227 -5.890536
v -1.175088 0.222714 -5.879358
v -1.221479 0.224991 -5.869274
v -1.268051 0.227310 -5.858968
v -1.125933 0.364999 -5.915818
v -1.170764 0.367239 -5.905851
v -1.220059 0.369746 -5.894641
v -1.265588 0.372021 -5.884519
v -1.145374 0.520678 -5.938250
v -1.170963 0.509752 -5.930388
v -1.217875 0.523772 -5.922122
v -1.248203 0.510792 -5.912547
v -1.123076 0.657946 -5.967237
v -1.169875 0.652970 -5.955561
v -1.218153 0.652942 -5.944075
v -1.121059 0.804484 -5.993096
v -1.167376 0.806817 -5.982692
v -1.215647 0.809147 -5.972425
v -1.260735 0.811494 -5.961865
v -1.119040 0.945960 -6.017966
v -1.213087 0.950662 -5.997040
v -1.256498 0.952838 -5.987350
v -1.119905 1.096841 -6.043803
v -1.165643 1.092405 -6.032648
v -1.211564 1.093369 -6.022185
v -1.257752 1.102879 -6.013173
v -1.116394 1.233669 -6.068352
v -1.163105 1.239497 -6.058889
v -1.210577 1.243727 -6.048479
v -1.255058 1.241499 -6.037767
v -1.113755 1.384416 -6.095057
v -1.161317 1.386744 -6.084752
v -1.208507 1.389107 -6.074234
v -1.255068 1.391453 -6.063773
v -1.112844 1.529336 -6.120652
v -1.162103 1.531821 -6.109564
v -1.206672 1.534030 -6.099752
v -1.253515 1.536375 -6.089314
v -1.277275 0.219902 -5.901626
v -1.230537 0.217576 -5.911966
v -1.184129 0.215193 -5.922651
v -1.136897 0.212870 -5.932939
v -1.276582 0.364700 -5.926792
v -1.230175 0.362380 -5.937116
v -1.182561 0.360032 -5.947526
v -1.135351 0.357589 -5.958499
v -1.258012 0.502339 -5.955126
v -1.228604 0.525830 -5.966245
v -1.180836 0.502476 -5.973036
v -1.135950 0.515391 -5.985825
v -1.272781 0.633646 -5.974551
v -1.226690 0.656758 -5.989204
v -1.180087 0.646244 -5.998109
v -1.132275 0.654993 -6.010774
v -1.270914 0.804092 -6.004551
v -1.224253 0.801845 -6.014442
v -1.177809 0.799425 -6.025335
v -1.131094 0.797089 -6.035733
v -1.262840 0.945269 -6.030744
v -1.222665 0.943237 -6.039817
v -1.175019 0.940797 -6.050751
v -1.129336 0.938557 -6.060664
v -1.268003 1.105978 -6.057710
v -1.223328 1.077982 -6.062511
v -1.176233 1.090187 -6.076199
v -1.127817 1.079561 -6.085486
v -1.267683 1.238008 -6.080886
v -1.220256 1.230021 -6.089909
v -1.175339 1.242782 -6.102539
v -1.126386 1.220757 -6.110226
v -1.263196 1.383964 -6.106822
v -1.218973 1.381740 -6.116736
v -1.171303 1.379348 -6.127396
v -1.125712 1.377043 -6.137681
v -1.264786 1.529087 -6.131418
v -1.217719 1.526685 -6.142171
v -1.171577 1.524311 -6.152819
v -1.122481 1.521812 -6.163995
v -1.314476 0.097720 -5.826014
v -1.319339 0.076369 -5.845773
v -1.290792 0.076344 -5.827671
v -1.084223 0.794726 -6.046275
v -1.107830 0.795916 -6.040966
v -1.078597 0.798796 -6.022802
v -1.077862 1.374638 -6.148406
v -1.100476 1.375773 -6.143345
v -1.077898 1.374638 -6.148404
v -1.072138 1.378669 -6.125147
v -1.102763 0.363844 -5.920955
v -1.078896 0.362652 -5.926256
v -1.084733 0.358617 -5.949543
v -1.296643 0.228752 -5.852532
v -1.277946 0.227817 -5.856696
v -1.296986 0.228787 -5.852355
v -1.302344 0.224706 -5.875874
v -1.306059 1.534757 -6.101740
v -1.301344 1.538798 -6.078490
v -1.277077 1.537568 -6.083984
v -1.300496 1.538744 -6.078745
v -1.274798 1.681691 -6.109663
v -1.251655 1.661166 -6.111352
v -1.228081 1.690149 -6.121896
v -1.257685 1.685105 -6.139290
v -1.117862 1.688671 -6.172124
v -1.136942 1.676000 -6.140826
v -1.113503 1.621440 -6.136455
v -1.090196 1.676204 -6.151396
v -1.263597 0.635582 -5.930662
v -1.239955 0.653914 -5.939258
v -1.262952 0.683872 -5.939200
v -1.287335 0.660090 -5.929697
v -1.141993 0.947101 -6.012896
v -1.165979 0.948295 -6.007592
v -1.189424 0.949473 -6.002343
v -1.165743 0.948283 -6.007643
v -1.052827 1.526296 -6.134232
v -1.053186 1.381319 -6.108922
v -1.062151 1.518864 -6.177032
v -1.063750 1.373930 -6.151559
v -1.057990 1.377960 -6.128302
v -1.079998 0.208579 -5.953823
v -1.083217 0.353033 -5.981182
v -1.063669 1.529419 -6.117153
v -1.064028 1.384443 -6.091843
v -1.064972 0.944734 -6.021608
v -1.061176 0.803152 -5.996978
v -1.322968 1.530124 -6.129107
v -1.322327 1.384841 -6.105481
v -1.316230 0.946067 -6.029499
v -1.330126 0.805328 -6.001172
v -1.334550 0.365677 -5.924810
v -1.318999 0.220180 -5.902616
v -1.315830 0.816078 -5.939208
v -1.303965 0.957065 -5.966253
v -1.262343 0.374438 -5.870581
v -1.322306 0.376581 -5.862097
v -1.257452 0.813910 -5.947936
v -1.253214 0.955254 -5.973421
v -1.251815 1.393870 -6.049837
v -1.311425 1.396278 -6.039825
v -1.140119 0.210451 -5.946882
v -1.138568 0.355170 -5.972443
v -1.132564 0.936139 -6.074606
v -1.081936 0.934321 -6.081814
v -1.125701 1.519393 -6.177938
v -1.079466 1.517151 -6.187833
v -1.066844 0.218623 -5.895938
v -1.123870 0.222645 -5.876598
v -1.171833 0.225131 -5.865422
v -1.218256 0.227410 -5.855332
v -1.264799 0.229727 -5.845032
v -1.122684 0.367417 -5.901881
v -1.167504 0.369656 -5.891917
v -1.216836 0.372165 -5.880699
v -1.117805 0.806901 -5.979161
v -1.164180 0.809237 -5.968744
v -1.212408 0.811565 -5.958486
v -1.115786 0.948378 -6.004030
v -1.209855 0.953081 -5.983099
v -1.110499 1.386833 -6.081121
v -1.158110 1.389164 -6.070807
v -1.205280 1.391526 -6.060292
v -1.109589 1.531753 -6.106717
v -1.158895 1.534240 -6.095618
v -1.203444 1.536449 -6.085811
v -1.250257 1.538792 -6.075379
v -1.280496 0.217483 -5.915569
v -1.233763 0.215157 -5.925908
v -1.187381 0.212775 -5.936587
v -1.279802 0.362281 -5.940735
v -1.233399 0.359961 -5.951058
v -1.185814 0.357615 -5.961461
v -1.274137 0.801673 -6.018493
v -1.227510 0.799428 -6.028377
v -1.181072 0.797008 -6.039268
v -1.134322 0.794670 -6.049674
v -1.266053 0.942850 -6.044689
v -1.225933 0.940821 -6.053750
v -1.178290 0.938380 -6.064683
v -1.266417 1.381545 -6.120765
v -1.222250 1.379324 -6.130667
v -1.174588 1.376932 -6.141325
v -1.128947 1.374625 -6.151622
v -1.267969 1.526666 -6.145369
v -1.220995 1.524269 -6.156102
v -1.174862 1.521895 -6.166748
v -1.111092 0.793499 -6.054900
v -1.076316 0.792537 -6.058222
v -1.064453 0.798094 -6.025918
v -1.103642 1.373352 -6.157300
v -1.081064 1.372217 -6.162359
v -1.099566 0.366264 -5.907006
v -1.066524 0.363842 -5.918736
v -1.070600 0.357898 -5.952759
v -1.274664 0.230233 -5.842766
v -1.303865 0.231063 -5.839845
v -1.316321 0.225443 -5.872546
v -1.320341 1.535354 -6.099228
v -1.309493 1.540966 -6.066677
v -1.273804 1.539985 -6.070053
v -1.162548 0.950703 -5.993695
v -1.138765 0.949520 -5.998954
v -1.186260 0.951894 -5.988387
v -1.287277 1.438501 -6.124920
v -1.301662 1.434590 -6.120088
v -1.301829 1.419157 -6.117372
v -1.287547 1.413529 -6.120525
v -1.278553 1.425485 -6.125190
v -1.293629 1.424903 -6.129427
v -1.275867 1.431064 -6.119898
v -1.275965 1.421993 -6.118301
v -1.289390 1.442023 -6.117885
v -1.280994 1.438715 -6.119739
v -1.303132 1.432696 -6.112303
v -1.297845 1.439724 -6.115045
v -1.298102 1.415974 -6.110865
v -1.303230 1.423625 -6.110706
v -1.281252 1.414965 -6.115559
v -1.289708 1.412666 -6.112719
v -1.281750 1.432809 -6.126768
v -1.295333 1.438161 -6.123769
v -1.303887 1.426791 -6.119332
v -1.295590 1.414412 -6.119589
v -1.281909 1.418131 -6.124185
v -1.290612 1.432467 -6.129258
v -1.285484 1.424816 -6.129417
v -1.299067 1.430168 -6.126418
v -1.299166 1.421097 -6.124821
v -1.290771 1.417789 -6.126675
v -1.104834 1.488850 -6.180318
v -1.119737 1.484453 -6.178281
v -1.119905 1.469020 -6.175564
v -1.105105 1.463879 -6.175923
v -1.095790 1.476135 -6.178862
v -1.109762 1.475051 -6.185877
v -1.094344 1.481795 -6.173185
v -1.094442 1.472723 -6.171588
v -1.108358 1.492291 -6.173830
v -1.099659 1.489269 -6.174041
v -1.122593 1.482502 -6.170906
v -1.117118 1.489706 -6.172632
v -1.117376 1.465956 -6.168453
v -1.122692 1.473431 -6.169309
v -1.099917 1.465519 -6.169861
v -1.108676 1.462934 -6.168664
v -1.098872 1.483349 -6.181055
v -1.112947 1.488238 -6.180713
v -1.121806 1.476582 -6.177919
v -1.113204 1.464489 -6.176534
v -1.099031 1.468671 -6.178472
v -1.107084 1.482712 -6.185178
v -1.101768 1.475238 -6.184322
v -1.115844 1.480128 -6.183980
v -1.115942 1.471056 -6.182384
v -1.107243 1.468034 -6.182595
v -1.283513 0.904696 -6.033194
v -1.298114 0.909250 -6.029779
v -1.306314 0.896544 -6.025669
v -1.296780 0.884136 -6.026542
v -1.282688 0.889175 -6.031193
v -1.295672 0.895631 -6.037137
v -1.277823 0.893343 -6.026162
v -1.282642 0.885874 -6.023746
v -1.283911 0.909759 -6.026824
v -1.278307 0.902466 -6.027338
v -1.300777 0.909474 -6.022084
v -1.292494 0.912436 -6.024818
v -1.305112 0.892882 -6.018492
v -1.305596 0.902006 -6.019668
v -1.290926 0.882913 -6.021012
v -1.299508 0.885589 -6.019006
v -1.281589 0.896806 -6.033822
v -1.290656 0.908606 -6.032991
v -1.304058 0.903814 -6.028569
v -1.303274 0.889052 -6.026666
v -1.289387 0.884721 -6.029912
v -1.289221 0.900601 -6.037316
v -1.288736 0.891477 -6.036140
v -1.297803 0.903277 -6.035309
v -1.302623 0.895809 -6.032893
v -1.297019 0.888516 -6.033407
v -1.098279 0.848413 -6.070743
v -1.113418 0.852415 -6.070107
v -1.121617 0.839708 -6.065996
v -1.111547 0.827853 -6.064091
v -1.097123 0.833233 -6.067024
v -1.109262 0.838313 -6.075535
v -1.093299 0.838145 -6.061771
v -1.098119 0.830676 -6.059355
v -1.099898 0.854036 -6.065076
v -1.093979 0.847068 -6.063956
v -1.117275 0.853226 -6.062978
v -1.108797 0.856388 -6.064703
v -1.121415 0.836835 -6.058377
v -1.122095 0.845757 -6.060562
v -1.106597 0.827514 -6.057631
v -1.115495 0.829866 -6.057257
v -1.095946 0.840624 -6.070238
v -1.105524 0.851899 -6.072050
v -1.119242 0.846783 -6.069261
v -1.118142 0.832346 -6.065725
v -1.103744 0.828540 -6.066329
v -1.103081 0.843611 -6.075241
v -1.102401 0.834688 -6.073055
v -1.111979 0.845963 -6.074867
v -1.116799 0.838494 -6.072451
v -1.110879 0.831526 -6.071332
v -1.291199 0.301738 -5.926808
v -1.306222 0.303834 -5.922870
v -1.312221 0.289868 -5.919053
v -1.300906 0.279142 -5.920632
v -1.287913 0.286478 -5.925425
v -1.301914 0.291023 -5.930801
v -1.283606 0.291181 -5.920357
v -1.287132 0.282972 -5.918113
v -1.292189 0.306456 -5.920242
v -1.285538 0.300151 -5.921170
v -1.308656 0.303376 -5.915110
v -1.301019 0.307688 -5.917927
v -1.310251 0.286197 -5.912053
v -1.312182 0.295167 -5.912866
v -1.294769 0.278660 -5.915296
v -1.303600 0.279892 -5.912981
v -1.288092 0.294272 -5.927785
v -1.298853 0.304473 -5.926284
v -1.311210 0.297497 -5.921725
v -1.308085 0.282983 -5.920409
v -1.293797 0.280990 -5.924155
v -1.296322 0.296943 -5.930946
v -1.294390 0.287973 -5.930132
v -1.305152 0.298175 -5.928631
v -1.308678 0.289966 -5.926387
v -1.302027 0.283661 -5.927315
v -1.100675 0.276428 -5.970960
v -1.116226 0.277989 -5.969806
v -1.122225 0.264023 -5.965988
v -1.110382 0.253831 -5.964784
v -1.097063 0.261497 -5.967856
v -1.110093 0.264904 -5.975870
v -1.093894 0.266765 -5.962512
v -1.097420 0.258556 -5.960268
v -1.102978 0.281532 -5.965044
v -1.096017 0.275541 -5.964336
v -1.119947 0.277943 -5.962560
v -1.112119 0.282450 -5.964366
v -1.121350 0.260959 -5.958492
v -1.123474 0.269735 -5.960316
v -1.105249 0.254050 -5.958462
v -1.114389 0.254968 -5.957784
v -1.097146 0.269087 -5.970812
v -1.108409 0.278781 -5.971958
v -1.121076 0.271490 -5.969035
v -1.117641 0.257290 -5.966084
v -1.102851 0.255805 -5.967182
v -1.104805 0.271090 -5.975522
v -1.102682 0.262314 -5.973698
v -1.113945 0.272008 -5.974844
v -1.117471 0.263799 -5.972600
v -1.110510 0.257808 -5.971891
v -1.089465 0.634801 -6.017266
v -1.103116 0.652921 -6.017220
v -1.085698 0.669099 -6.024098
v -1.082150 0.652955 -6.003803
v -1.284956 1.241999 -6.077268
v -1.303391 1.228614 -6.070392
v -1.297891 1.248941 -6.056777
v -1.302996 1.263308 -6.076521
v -1.287085 0.510867 -5.949728
v -1.305967 0.498575 -5.943161
v -1.299995 0.516131 -5.929370
v -1.305819 0.533129 -5.949203
v -1.258437 1.685080 -6.142074
v -1.246770 1.678565 -6.161742
v -1.263242 1.667534 -6.156039
v -1.278169 1.677170 -6.154292
v -1.124753 2.482255 -5.820091
v -1.118743 2.467891 -5.781531
v -1.340241 2.433632 -5.803427
v -1.334347 2.421059 -5.764141
v -1.046826 1.813946 -6.164315
v -1.074941 1.999871 -6.067406
v -1.096437 2.191094 -5.969038
v -1.113243 2.384347 -5.870644
v -1.106879 2.366230 -5.834025
v -1.094627 2.271151 -5.883133
v -1.089774 2.177554 -5.930198
v -1.088065 2.075186 -5.980974
v -1.066729 1.982119 -6.031076
v -1.050535 1.889965 -6.079338
v -1.039962 1.793111 -6.129218
v -1.332464 2.347014 -5.847867
v -1.320598 2.251801 -5.896802
v -1.299244 2.061370 -5.994572
v -1.275999 1.965420 -6.046106
v -1.276141 1.870633 -6.092958
v -1.265313 1.770879 -6.144309
v -1.255797 1.752398 -6.108899
v -1.269624 1.852553 -6.056376
v -1.270876 1.947119 -6.009410
v -1.291280 2.040566 -5.959395
v -1.292835 2.143807 -5.908802
v -1.316932 2.233119 -5.859698
v -1.170460 2.486599 -5.809340
v -1.211492 2.463787 -5.812627
v -1.255201 2.453484 -5.809465
v -1.301610 2.456641 -5.799337
v -1.247612 2.439816 -5.771132
v -1.206400 2.449385 -5.774714
v -1.083684 1.786101 -6.124337
v -1.126855 1.773851 -6.122271
v -1.171847 1.764384 -6.118162
v -1.094532 1.882466 -6.074753
v -1.137892 1.875039 -6.070165
v -1.183052 1.867550 -6.065864
v -1.225285 1.860131 -6.061037
v -1.104941 1.975455 -6.026802
v -1.192976 1.960461 -6.017652
v -1.233612 1.953527 -6.013403
v -1.118855 2.074052 -5.975430
v -1.161078 2.062457 -5.973403
v -1.203947 2.054257 -5.969377
v -1.247807 2.051618 -5.962451
v -1.127466 2.164358 -5.929282
v -1.171481 2.159373 -5.923797
v -1.216086 2.152930 -5.918421
v -1.257338 2.142900 -5.915573
v -1.138099 2.263584 -5.878298
v -1.182607 2.256123 -5.873904
v -1.226779 2.248592 -5.869298
v -1.270369 2.241125 -5.864683
v -1.149827 2.358822 -5.829380
v -1.195943 2.350913 -5.824481
v -1.237657 2.343854 -5.820233
v -1.281506 2.336379 -5.815662
v -1.219382 1.766133 -6.155324
v -1.178446 1.790124 -6.151174
v -1.134113 1.792169 -6.158451
v -1.090322 1.807138 -6.159394
v -1.232444 1.878145 -6.097635
v -1.188792 1.885369 -6.101764
v -1.145289 1.893017 -6.106750
v -1.101561 1.900466 -6.111297
v -1.237187 1.972089 -6.050253
v -1.199575 1.978552 -6.054274
v -1.154957 1.986293 -6.059187
v -1.112208 1.993466 -6.063421
v -1.255944 2.076522 -5.995516
v -1.211913 2.066408 -6.008100
v -1.169068 2.083820 -6.008255
v -1.123038 2.086130 -6.015704
v -1.267104 2.163177 -5.950889
v -1.222242 2.166761 -5.956989
v -1.181499 2.183770 -5.956291
v -1.133969 2.178852 -5.967841
v -1.275613 2.259424 -5.901404
v -1.234214 2.266507 -5.905768
v -1.189590 2.274130 -5.910450
v -1.146906 2.281460 -5.915004
v -1.289705 2.354070 -5.851871
v -1.245633 2.361696 -5.856685
v -1.202422 2.369219 -5.861493
v -1.156451 2.377156 -5.866479
v -1.057681 1.907988 -6.115952
v -1.079781 1.904200 -6.113608
v -1.053717 1.898084 -6.095824
v -1.102111 2.289122 -5.919724
v -1.123281 2.285504 -5.917500
v -1.102145 2.289119 -5.919725
v -1.098046 2.279318 -5.899766
v -1.329419 2.338538 -5.830719
v -1.326286 2.328675 -5.810857
v -1.303566 2.332585 -5.813297
v -1.325489 2.328839 -5.810996
v -1.313952 2.427513 -5.764688
v -1.290611 2.418461 -5.773436
v -1.271161 2.442013 -5.765544
v -1.297394 2.446474 -5.783801
v -1.167432 2.475622 -5.793739
v -1.185005 2.450428 -5.777903
v -1.158441 2.419017 -5.798055
v -1.141478 2.459399 -5.781384
v -1.212676 1.744334 -6.120481
v -1.192242 1.760860 -6.116122
v -1.216268 1.776098 -6.104155
v -1.236912 1.755972 -6.110462
v -1.126425 1.971812 -6.024600
v -1.148875 1.968002 -6.022294
v -1.170823 1.964250 -6.019986
v -1.148655 1.968040 -6.022316
v -1.093635 2.368489 -5.835407
v -1.081383 2.273409 -5.884515
v -1.099999 2.386605 -5.872026
v -1.088901 2.291378 -5.921108
v -1.084802 2.281577 -5.901148
v -1.104557 2.360353 -5.822088
v -1.092305 2.265274 -5.871196
v -1.054773 1.980410 -6.025047
v -1.038975 1.887887 -6.072682
v -1.343606 2.349440 -5.855104
v -1.330341 2.255159 -5.905532
v -1.286604 1.968223 -6.053952
v -1.287354 1.872984 -6.100067
v -1.277405 1.846806 -6.046981
v -1.278599 1.941358 -5.999976
v -1.222985 1.854251 -6.049097
v -1.231311 1.947647 -6.001464
v -1.268096 2.235240 -5.852741
v -1.323723 2.227157 -5.849661
v -1.114457 1.999356 -6.075366
v -1.067280 2.005655 -6.076899
v -1.158693 2.383046 -5.878425
v -1.115434 2.390246 -5.882595
v -1.092257 1.876581 -6.062811
v -1.135673 1.869144 -6.058217
v -1.180793 1.861662 -6.053920
v -1.102668 1.969570 -6.014860
v -1.190722 1.954573 -6.005708
v -1.135824 2.257699 -5.866356
v -1.180376 2.250230 -5.861958
v -1.224531 2.242702 -5.857353
v -1.147552 2.352937 -5.817437
v -1.193712 2.345021 -5.812534
v -1.235408 2.337965 -5.808288
v -1.279229 2.330495 -5.803720
v -1.234690 1.884035 -6.109581
v -1.191069 1.891253 -6.113706
v -1.147571 1.898901 -6.118690
v -1.103809 1.906356 -6.123242
v -1.239423 1.977980 -6.062200
v -1.201860 1.984435 -6.066215
v -1.157247 1.992176 -6.071128
v -1.277856 2.265315 -5.913350
v -1.236508 2.272388 -5.917708
v -1.191891 2.280010 -5.922389
v -1.149161 2.287348 -5.926948
v -1.291912 2.359967 -5.863820
v -1.247927 2.367578 -5.868625
v -1.204724 2.375099 -5.873432
v -1.082062 1.910084 -6.125549
v -1.049742 1.913699 -6.125241
v -1.040479 1.900326 -6.097174
v -1.125472 2.291403 -5.929450
v -1.104335 2.295018 -5.931676
v -1.342752 2.336552 -5.829885
v -1.334441 2.323007 -5.801702
v -1.301274 2.326703 -5.801357
v -1.146436 1.962145 -6.010368
v -1.124176 1.965922 -6.012655
v -1.168634 1.958351 -6.008035
v -1.302270 2.298132 -5.891666
v -1.315364 2.292362 -5.891214
v -1.314179 2.282220 -5.896438
v -1.300354 2.281722 -5.900118
v -1.292993 2.291556 -5.897169
v -1.306706 2.292469 -5.902051
v -1.291225 2.292040 -5.890306
v -1.290529 2.286079 -5.893377
v -1.304804 2.296198 -5.884909
v -1.296678 2.295906 -5.887072
v -1.316827 2.287026 -5.886376
v -1.312501 2.292807 -5.884643
v -1.310678 2.277200 -5.892681
v -1.316131 2.281065 -5.889446
v -1.294855 2.280298 -5.895110
v -1.302552 2.276907 -5.894845
v -1.296570 2.296300 -5.895215
v -1.309720 2.296774 -5.891715
v -1.316720 2.287421 -5.894519
v -1.307897 2.281167 -5.899753
v -1.295444 2.286654 -5.900183
v -1.304630 2.296836 -5.898085
v -1.299177 2.292971 -5.901319
v -1.312326 2.293445 -5.897819
v -1.311630 2.287484 -5.900889
v -1.303504 2.287191 -5.903052
v -1.136494 2.368578 -5.892616
v -1.149920 2.363997 -5.894547
v -1.148735 2.353855 -5.899770
v -1.134578 2.352168 -5.901068
v -1.127013 2.361268 -5.896647
v -1.139558 2.363463 -5.903753
v -1.126410 2.361507 -5.889573
v -1.125714 2.355546 -5.892643
v -1.140305 2.366796 -5.886441
v -1.131983 2.365804 -5.887204
v -1.152642 2.358754 -5.890175
v -1.148196 2.364102 -5.887576
v -1.146373 2.348495 -5.895614
v -1.151946 2.352792 -5.893245
v -1.130160 2.350197 -5.895242
v -1.138052 2.347504 -5.896377
v -1.130450 2.366288 -5.895197
v -1.143914 2.367892 -5.893963
v -1.151109 2.359237 -5.898168
v -1.142092 2.352285 -5.902001
v -1.129323 2.356642 -5.900165
v -1.137824 2.367578 -5.899374
v -1.132251 2.363281 -5.901744
v -1.145715 2.364885 -5.900509
v -1.145019 2.358924 -5.903580
v -1.136697 2.357933 -5.904343
v -1.252408 1.949182 -6.073111
v -1.266438 1.948915 -6.069768
v -1.272974 1.939010 -6.073414
v -1.262984 1.933155 -6.079009
v -1.250273 1.939441 -6.078822
v -1.262647 1.945368 -6.081485
v -1.246352 1.939421 -6.072615
v -1.250194 1.933599 -6.074758
v -1.253478 1.948588 -6.065969
v -1.247606 1.945147 -6.069258
v -1.269196 1.944736 -6.064115
v -1.261725 1.948432 -6.064005
v -1.271784 1.933189 -6.069614
v -1.273038 1.938914 -6.066257
v -1.257665 1.929904 -6.074868
v -1.265912 1.929747 -6.072903
v -1.249874 1.945215 -6.077113
v -1.259375 1.950783 -6.071791
v -1.271463 1.944804 -6.071970
v -1.269433 1.935541 -6.077401
v -1.256091 1.935794 -6.080580
v -1.257147 1.948698 -6.078678
v -1.255892 1.942973 -6.082035
v -1.265393 1.948542 -6.076714
v -1.269236 1.942719 -6.078856
v -1.263364 1.939278 -6.082145
v -1.074771 1.950315 -6.110472
v -1.089145 1.951190 -6.109533
v -1.095681 1.941285 -6.113178
v -1.085348 1.934288 -6.116370
v -1.072424 1.939869 -6.114697
v -1.083797 1.946455 -6.119862
v -1.069542 1.940077 -6.108071
v -1.073384 1.934255 -6.110213
v -1.076995 1.950330 -6.103711
v -1.070921 1.946217 -6.105587
v -1.093040 1.947564 -6.104142
v -1.085444 1.950844 -6.103159
v -1.095503 1.935601 -6.108768
v -1.096882 1.941741 -6.106285
v -1.080981 1.930974 -6.111197
v -1.089429 1.931489 -6.110645
v -1.071909 1.945827 -6.113534
v -1.081738 1.952481 -6.110499
v -1.094028 1.947173 -6.112090
v -1.091796 1.937238 -6.116108
v -1.078126 1.936406 -6.117001
v -1.078594 1.949698 -6.116570
v -1.077215 1.943558 -6.119053
v -1.087043 1.950212 -6.116018
v -1.090885 1.944390 -6.118160
v -1.084811 1.940277 -6.120036
v -1.086871 2.056597 -6.037133
v -1.122994 2.086145 -6.015705
v -1.095670 2.136198 -5.996215
v -1.088073 2.075209 -5.981014
v -1.267149 2.163174 -5.950881
v -1.299470 2.120981 -5.965043
v -1.292843 2.143827 -5.908844
v -1.308685 2.200480 -5.924177
v -1.413220 2.464696 -5.266670
v -1.353543 2.473877 -5.543397
v -1.323259 2.479756 -5.654046
v -1.311833 2.478991 -5.764039
v -1.296507 2.438626 -5.767405
v -1.309073 2.439386 -5.649299
v -1.340275 2.433128 -5.541846
v -1.366057 2.428365 -5.435616
v -1.398922 2.424446 -5.261574
v -1.112739 2.552238 -5.729912
v -1.157062 2.546400 -5.503739
v -1.167063 2.547856 -5.394314
v -1.200487 2.543880 -5.216930
v -1.188752 2.502928 -5.214410
v -1.152098 2.507645 -5.392423
v -1.140754 2.506726 -5.501576
v -1.110487 2.512724 -5.609427
v -1.098274 2.512373 -5.728303
v -1.356139 2.440201 -5.253510
v -1.314524 2.455934 -5.239350
v -1.270638 2.472015 -5.228531
v -1.323105 2.444313 -5.426944
v -1.280735 2.459958 -5.418392
v -1.236880 2.476738 -5.409525
v -1.195406 2.491613 -5.401165
v -1.302804 2.446681 -5.534289
v -1.216875 2.478616 -5.516940
v -1.177195 2.493330 -5.508930
v -1.278423 2.450240 -5.648103
v -1.237773 2.465771 -5.634623
v -1.196018 2.481323 -5.625143
v -1.152701 2.497179 -5.622067
v -1.260267 2.452114 -5.752295
v -1.217201 2.468314 -5.746386
v -1.173455 2.484338 -5.738997
v -1.133488 2.499309 -5.727417
v -1.246676 2.527425 -5.211462
v -1.284819 2.512333 -5.239172
v -1.328654 2.496290 -5.241574
v -1.370648 2.480381 -5.258832
v -1.209792 2.532142 -5.402937
v -1.252166 2.515893 -5.411505
v -1.294895 2.500584 -5.420118
v -1.337579 2.484725 -5.428736
v -1.195010 2.532437 -5.511397
v -1.231787 2.518906 -5.518820
v -1.275496 2.503002 -5.527636
v -1.317103 2.487282 -5.536043
v -1.165407 2.538005 -5.631770
v -1.209918 2.521720 -5.620401
v -1.251009 2.506604 -5.640234
v -1.296494 2.489932 -5.642951
v -1.145203 2.541010 -5.731668
v -1.189142 2.524333 -5.736058
v -1.227857 2.509443 -5.755692
v -1.275730 2.492537 -5.749966
v -1.380464 2.468903 -5.437391
v -1.358865 2.476873 -5.433032
v -1.372576 2.446602 -5.436422
v -1.232230 2.487090 -5.205332
v -1.250763 2.479459 -5.224432
v -1.225289 2.487961 -5.241975
v -1.207035 2.495890 -5.218636
v -1.281851 2.454506 -5.530058
v -1.259953 2.462678 -5.525636
v -1.238515 2.470612 -5.521308
v -1.260168 2.462597 -5.525680
v -1.347784 2.421405 -5.543582
v -1.372843 2.416191 -5.437224
v -1.151832 2.559337 -5.502412
v -1.160853 2.560328 -5.392809
v -1.139588 2.501745 -5.390157
v -1.128275 2.500759 -5.499318
v -1.190681 2.478408 -5.400580
v -1.172471 2.480125 -5.508345
v -1.321878 2.500469 -5.536638
v -1.365998 2.479932 -5.545648
v -1.318354 2.431117 -5.426354
v -1.275930 2.446782 -5.417791
v -1.232114 2.463548 -5.408933
v -1.298052 2.433486 -5.533700
v -1.212104 2.465427 -5.516346
v -1.214571 2.545328 -5.403533
v -1.256915 2.529090 -5.412094
v -1.299638 2.513783 -5.420706
v -1.342355 2.497911 -5.429331
v -1.199799 2.545618 -5.511995
v -1.236526 2.532106 -5.519407
v -1.280231 2.516203 -5.528223
v -1.363609 2.490071 -5.433620
v -1.393057 2.474621 -5.439677
v -1.385483 2.441773 -5.439029
v -1.255363 2.449421 -5.525079
v -1.277076 2.441319 -5.529464
v -1.233681 2.457447 -5.520702
v -1.189525 2.549998 -5.479104
v -1.175186 2.554375 -5.479128
v -1.169735 2.556857 -5.467700
v -1.180704 2.554014 -5.460612
v -1.192935 2.549774 -5.467660
v -1.183960 2.560606 -5.471281
v -1.193359 2.542690 -5.470462
v -1.190155 2.544149 -5.463745
v -1.184906 2.544492 -5.481355
v -1.191354 2.542821 -5.477189
v -1.169289 2.549557 -5.477226
v -1.176478 2.547065 -5.481369
v -1.168089 2.550885 -5.463782
v -1.166085 2.551016 -5.470509
v -1.182965 2.546641 -5.459602
v -1.174537 2.549214 -5.459617
v -1.193251 2.550419 -5.473891
v -1.182818 2.553123 -5.480631
v -1.171186 2.557155 -5.473928
v -1.174429 2.556943 -5.463045
v -1.188066 2.552779 -5.463022
v -1.187975 2.556786 -5.476018
v -1.189980 2.556654 -5.469292
v -1.179547 2.559359 -5.476033
v -1.176343 2.560817 -5.469316
v -1.182790 2.559146 -5.465150
v -1.368279 2.489660 -5.478669
v -1.354992 2.496618 -5.478780
v -1.349541 2.499100 -5.467351
v -1.359457 2.493677 -5.460177
v -1.371038 2.487842 -5.467172
v -1.364307 2.500456 -5.470482
v -1.370348 2.481037 -5.470282
v -1.367144 2.482496 -5.463564
v -1.362897 2.485294 -5.481256
v -1.368726 2.482106 -5.477039
v -1.348280 2.492813 -5.477210
v -1.355087 2.489384 -5.481321
v -1.346698 2.493204 -5.463735
v -1.345076 2.494272 -5.470493
v -1.360337 2.485926 -5.459453
v -1.352527 2.490016 -5.459518
v -1.371756 2.488944 -5.473365
v -1.362324 2.494102 -5.480188
v -1.351311 2.499651 -5.473536
v -1.353935 2.497922 -5.462602
v -1.366571 2.491304 -5.462496
v -1.367799 2.496358 -5.475311
v -1.369421 2.495289 -5.468553
v -1.359990 2.500448 -5.475376
v -1.356786 2.501907 -5.468659
v -1.362615 2.498719 -5.464442
v -1.177200 2.502778 -5.304784
v -1.354114 2.482553 -5.343784
v -1.311774 2.498437 -5.330846
v -1.268493 2.514113 -5.325338
v -1.228234 2.529784 -5.307199
v -1.388317 2.425711 -5.317739
v -1.386994 2.471438 -5.327443
v -1.400030 2.466390 -5.335414
v -1.395976 2.446590 -5.318621
v -1.406159 2.465603 -5.303469
v -1.147083 2.544874 -5.624104
v -1.129928 2.552271 -5.594070
v -1.115534 2.528183 -5.611300
v -1.121799 2.553343 -5.635515
v -1.192878 2.543481 -5.285892
v -1.182139 2.517793 -5.305600
v -1.185045 2.544413 -5.327456
v -1.215654 2.534316 -5.307129
v -1.191541 2.480231 -5.142341
v -1.176079 2.465917 -5.178194
v -1.396608 2.440970 -5.216386
v -1.380996 2.428456 -5.252935
v -1.233956 1.806607 -4.802296
v -1.228052 1.994293 -4.899706
v -1.215177 2.187002 -4.996670
v -1.197697 2.381539 -5.092381
v -1.182556 2.363446 -5.126337
v -1.187504 2.267560 -5.077519
v -1.198979 2.173486 -5.032605
v -1.214811 2.070755 -4.985107
v -1.211193 1.976484 -4.932888
v -1.212004 1.883359 -4.883788
v -1.218844 1.785765 -4.834704
v -1.404297 2.353764 -5.173097
v -1.409576 2.257761 -5.124551
v -1.422399 2.065854 -5.028186
v -1.417434 1.968611 -4.974133
v -1.433712 1.873562 -4.930768
v -1.440809 1.773050 -4.880253
v -1.422966 1.754450 -4.912217
v -1.418432 1.855500 -4.964649
v -1.403475 1.950388 -5.008497
v -1.406204 2.044998 -5.060379
v -1.390238 2.148593 -5.107642
v -1.396927 2.239223 -5.159701
v -1.232549 2.486602 -5.164731
v -1.273840 2.465535 -5.172854
v -1.315512 2.457131 -5.187672
v -1.357408 2.462341 -5.209668
v -1.298561 2.443443 -5.222874
v -1.259437 2.451219 -5.208327
v -1.259943 1.780663 -4.851120
v -1.301462 1.770282 -4.864774
v -1.344083 1.762773 -4.880829
v -1.253465 1.877778 -4.900001
v -1.294308 1.872242 -4.916047
v -1.336964 1.866718 -4.932293
v -1.376658 1.861145 -4.948271
v -1.247131 1.971488 -4.947254
v -1.330096 1.960333 -4.979671
v -1.368387 1.955171 -4.994659
v -1.243046 2.070977 -4.998628
v -1.283636 2.061209 -5.011981
v -1.324186 2.054875 -5.027369
v -1.364704 2.054162 -5.045712
v -1.235562 2.161916 -5.043715
v -1.276704 2.158856 -5.060754
v -1.318498 2.154362 -5.077872
v -1.357874 2.146122 -5.091730
v -1.228395 2.261891 -5.093836
v -1.270397 2.256369 -5.109999
v -1.312022 2.250763 -5.126280
v -1.353082 2.245197 -5.142413
v -1.222986 2.357912 -5.142329
v -1.266421 2.352015 -5.159413
v -1.305754 2.346773 -5.174688
v -1.347076 2.341210 -5.190847
v -1.399671 1.766265 -4.857558
v -1.358196 1.788520 -4.850270
v -1.317339 1.788617 -4.831474
v -1.274818 1.801698 -4.818687
v -1.392564 1.879168 -4.914546
v -1.351326 1.884493 -4.898870
v -1.310441 1.890240 -4.882399
v -1.269231 1.895783 -4.866294
v -1.380886 1.973587 -4.959732
v -1.345466 1.978410 -4.945774
v -1.303485 1.984203 -4.929075
v -1.263146 1.989514 -4.913537
v -1.380344 2.079138 -5.015524
v -1.341661 2.067061 -4.991920
v -1.299748 2.082628 -4.980097
v -1.257291 2.082916 -4.960682
v -1.375863 2.166527 -5.059890
v -1.334124 2.168149 -5.042060
v -1.294024 2.183409 -5.031625
v -1.251494 2.176381 -5.007993
v -1.367164 2.263424 -5.108057
v -1.328164 2.268701 -5.092753
v -1.286119 2.274378 -5.076278
v -1.245922 2.279846 -5.060447
v -1.363893 2.358959 -5.157780
v -1.322415 2.364662 -5.141324
v -1.281769 2.370298 -5.125104
v -1.238497 2.376229 -5.107973
v -1.227901 1.901391 -4.850044
v -1.248717 1.898567 -4.858228
v -1.219128 1.891481 -4.868585
v -1.203722 2.285555 -5.043890
v -1.223667 2.282860 -5.051708
v -1.203755 2.285553 -5.043897
v -1.194892 2.275739 -5.062237
v -1.397144 2.345296 -5.188982
v -1.389241 2.335459 -5.207484
v -1.367847 2.338378 -5.199041
v -1.388503 2.335588 -5.207136
v -1.361241 2.434030 -5.246886
v -1.341431 2.423925 -5.232439
v -1.319679 2.446685 -5.234457
v -1.349621 2.452121 -5.223721
v -1.225920 2.475625 -5.179174
v -1.239632 2.451324 -5.199566
v -1.220617 2.418656 -5.173688
v -1.198273 2.458404 -5.184515
v -1.384816 1.744466 -4.889781
v -1.363328 1.760138 -4.888263
v -1.382701 1.776477 -4.905879
v -1.405049 1.757203 -4.905642
v -1.267385 1.968782 -4.955134
v -1.288549 1.965951 -4.963375
v -1.309227 1.963156 -4.971483
v -1.288342 1.965978 -4.963294
v -1.170076 2.365128 -5.121455
v -1.175024 2.269241 -5.072637
v -1.185217 2.383220 -5.087498
v -1.191275 2.287235 -5.039014
v -1.182412 2.277420 -5.057354
v -1.177381 2.357567 -5.137341
v -1.182329 2.261681 -5.088523
v -1.198142 1.974313 -4.935565
v -1.199183 1.880841 -4.887181
v -1.416857 2.356607 -5.169025
v -1.421148 2.261465 -5.118652
v -1.429623 1.971804 -4.969326
v -1.446308 1.876336 -4.926842
v -1.423659 1.850161 -4.975875
v -1.408637 1.945034 -5.019746
v -1.371504 1.855263 -4.959283
v -1.363231 1.949289 -5.005670
v -1.347953 2.239311 -5.153434
v -1.401040 2.233632 -5.171287
v -1.268252 1.995403 -4.902507
v -1.222965 1.999673 -4.888416
v -1.243597 2.382119 -5.096940
v -1.202749 2.387434 -5.081328
v -1.248334 1.871892 -4.911021
v -1.289230 1.866349 -4.927088
v -1.331849 1.860831 -4.943320
v -1.242002 1.965603 -4.958275
v -1.324986 1.954445 -4.990699
v -1.223264 2.256006 -5.104856
v -1.265308 2.250477 -5.121037
v -1.306917 2.244874 -5.137310
v -1.217856 2.352026 -5.153350
v -1.261332 2.346123 -5.170451
v -1.300649 2.340884 -5.185719
v -1.341942 2.335325 -5.201867
v -1.397667 1.885057 -4.903515
v -1.356458 1.890378 -4.887850
v -1.315578 1.896125 -4.871381
v -1.274337 1.901672 -4.855264
v -1.385979 1.979477 -4.948697
v -1.350606 1.984293 -4.934757
v -1.308630 1.990087 -4.918060
v -1.372264 2.269314 -5.097025
v -1.333313 2.274584 -5.081740
v -1.291275 2.280260 -5.065268
v -1.251034 2.285734 -5.049418
v -1.368959 2.364853 -5.146734
v -1.327564 2.370545 -5.130311
v -1.286926 2.376180 -5.114094
v -1.253854 1.904451 -4.847209
v -1.222496 1.906688 -4.838880
v -1.206645 1.893145 -4.863735
v -1.228719 2.288756 -5.040657
v -1.208807 2.291450 -5.032845
v -1.409845 2.343886 -5.193353
v -1.394888 2.330215 -5.218575
v -1.362701 2.332495 -5.210055
v -1.283264 1.960086 -4.974335
v -1.262279 1.962893 -4.966165
v -1.304177 1.957260 -4.982535
v -1.388746 2.303306 -5.123784
v -1.401465 2.298103 -5.127796
v -1.402107 2.287881 -5.122635
v -1.389784 2.286766 -5.115434
v -1.381526 2.296299 -5.116144
v -1.395996 2.297759 -5.115053
v -1.377983 2.296760 -5.122283
v -1.378360 2.290751 -5.119250
v -1.389469 2.301534 -5.131006
v -1.382226 2.300878 -5.126774
v -1.401799 2.292872 -5.132947
v -1.396945 2.298476 -5.133365
v -1.397933 2.282744 -5.125423
v -1.402176 2.286863 -5.129913
v -1.383214 2.285147 -5.118833
v -1.390690 2.282089 -5.121191
v -1.384268 2.301206 -5.118887
v -1.395988 2.302266 -5.125736
v -1.403841 2.293199 -5.125060
v -1.396976 2.286535 -5.117794
v -1.384879 2.291483 -5.113979
v -1.392773 2.302064 -5.118246
v -1.388530 2.297945 -5.113755
v -1.400249 2.299006 -5.120604
v -1.400627 2.292997 -5.117570
v -1.393384 2.292341 -5.113338
v -1.226544 2.366610 -5.077649
v -1.240168 2.362590 -5.079428
v -1.240810 2.352367 -5.074268
v -1.227582 2.350069 -5.069299
v -1.218765 2.358871 -5.071388
v -1.232651 2.361545 -5.067818
v -1.216298 2.359138 -5.078044
v -1.216675 2.353129 -5.075010
v -1.228645 2.365038 -5.084644
v -1.220870 2.363687 -5.081724
v -1.241836 2.357501 -5.084462
v -1.236653 2.362675 -5.085690
v -1.237641 2.346944 -5.077749
v -1.242213 2.351492 -5.081429
v -1.221858 2.347955 -5.073782
v -1.229866 2.345593 -5.074828
v -1.221496 2.364044 -5.073602
v -1.234076 2.366230 -5.078328
v -1.242462 2.357858 -5.076341
v -1.235064 2.350499 -5.070387
v -1.222106 2.354321 -5.068694
v -1.229657 2.365616 -5.071504
v -1.225085 2.361067 -5.067823
v -1.237666 2.363253 -5.072550
v -1.238043 2.357244 -5.069516
v -1.230268 2.355893 -5.066596
v -1.402509 1.951177 -4.942153
v -1.415149 1.951534 -4.949096
v -1.422801 1.941889 -4.947498
v -1.414890 1.935571 -4.939567
v -1.402350 1.941311 -4.936264
v -1.414745 1.947739 -4.936862
v -1.396925 1.941171 -4.941209
v -1.401423 1.935502 -4.940269
v -1.401669 1.950683 -4.949333
v -1.397019 1.946970 -4.944671
v -1.416469 1.947520 -4.955356
v -1.409098 1.950894 -4.953414
v -1.420873 1.936052 -4.950954
v -1.420967 1.941851 -4.954416
v -1.408794 1.932128 -4.942212
v -1.416224 1.932338 -4.946292
v -1.401286 1.947075 -4.937697
v -1.408808 1.953084 -4.945240
v -1.420735 1.947624 -4.948382
v -1.420583 1.938242 -4.942781
v -1.408563 1.937902 -4.936177
v -1.408571 1.950853 -4.938050
v -1.408478 1.945054 -4.934588
v -1.416000 1.951063 -4.942131
v -1.420498 1.945394 -4.941191
v -1.415849 1.941680 -4.936530
v -1.241255 1.944449 -4.859064
v -1.254818 1.945943 -4.863760
v -1.262470 1.936298 -4.862162
v -1.253636 1.928843 -4.856478
v -1.240524 1.933881 -4.854564
v -1.252593 1.940906 -4.852474
v -1.235981 1.934016 -4.860186
v -1.240479 1.928347 -4.859246
v -1.241603 1.944610 -4.866172
v -1.236411 1.940228 -4.862831
v -1.257283 1.942527 -4.870057
v -1.249576 1.945488 -4.868932
v -1.261351 1.930646 -4.866472
v -1.261780 1.936858 -4.869118
v -1.248186 1.925386 -4.860372
v -1.256158 1.926264 -4.863132
v -1.239487 1.939819 -4.855438
v -1.247889 1.946910 -4.860844
v -1.260359 1.942119 -4.862664
v -1.259664 1.932068 -4.858384
v -1.246764 1.930646 -4.853918
v -1.246581 1.943949 -4.854210
v -1.246151 1.937737 -4.851564
v -1.254553 1.944827 -4.856970
v -1.259050 1.939158 -4.856030
v -1.253858 1.934776 -4.852690
v -1.229292 2.051705 -4.930994
v -1.257249 2.082929 -4.960670
v -1.223796 2.131918 -4.971289
v -1.214828 2.070778 -4.985070
v -1.375905 2.166527 -5.059910
v -1.412449 2.125643 -5.055604
v -1.390256 2.148613 -5.107604
v -1.407372 2.205772 -5.095961
vn 0.9552 -0.0781 0.2856
vn 0.2999 0.1670 -0.9392
vn 0.2973 0.1652 -0.9404
vn 0.2959 0.1652 -0.9408
vn 0.3030 0.1646 -0.9387
vn 0.3026 0.1650 -0.9387
vn 0.3021 0.1649 -0.9389
vn -0.3006 -0.1673 0.9390
vn -0.2966 -0.1653 0.9406
vn -0.2987 -0.1671 0.9396
vn -0.9470 0.0676 -0.3142
vn -0.9585 -0.0122 -0.2850
vn 0.9587 -0.0657 0.2766
vn 0.9516 -0.1392 0.2739
vn 0.9506 0.0004 0.3105
vn -0.2981 -0.1669 0.9398
vn -0.2953 -0.1672 0.9407
vn -0.2899 -0.1655 0.9426
vn -0.2973 -0.1655 0.9403
vn -0.2955 -0.1644 0.9411
vn -0.3017 -0.1652 0.9390
vn -0.2833 -0.1683 0.9441
vn -0.2968 -0.1655 0.9405
vn -0.2915 -0.1654 0.9421
vn -0.3046 -0.1629 0.9384
vn -0.2887 -0.1653 0.9430
vn -0.2955 -0.1663 0.9407
vn -0.2996 -0.1643 0.9398
vn -0.2900 -0.1647 0.9428
vn -0.2974 -0.1651 0.9404
vn -0.2921 -0.1652 0.9420
vn -0.2976 -0.1653 0.9403
vn -0.2878 -0.1673 0.9430
vn -0.3008 -0.1670 0.9390
vn -0.2916 -0.1686 0.9416
vn -0.2970 -0.1673 0.9401
vn -0.2965 -0.1658 0.9405
vn -0.2937 -0.1671 0.9412
vn -0.2974 -0.1665 0.9401
vn -0.2964 -0.1660 0.9405
vn 0.2928 0.1641 -0.9420
vn 0.2961 0.1659 -0.9406
vn 0.2964 0.1656 -0.9406
vn 0.2888 0.1658 -0.9429
vn 0.2947 0.1675 -0.9408
vn 0.2949 0.1655 -0.9411
vn 0.2964 0.1661 -0.9405
vn 0.2897 0.1667 -0.9425
vn 0.2996 0.1657 -0.9396
vn 0.2949 0.1662 -0.9410
vn 0.2931 0.1676 -0.9413
vn 0.2956 0.1652 -0.9409
vn 0.2962 0.1646 -0.9408
vn 0.2951 0.1661 -0.9409
vn 0.2958 0.1659 -0.9407
vn 0.2982 0.1660 -0.9400
vn 0.2957 0.1661 -0.9407
vn 0.2953 0.1651 -0.9410
vn 0.2920 0.1667 -0.9418
vn 0.2938 0.1657 -0.9414
vn 0.2964 0.1670 -0.9403
vn 0.2990 0.1682 -0.9393
vn -0.2906 -0.1642 0.9427
vn -0.3002 -0.1622 0.9400
vn -0.2988 -0.1632 0.9403
vn -0.1007 0.9575 0.2704
vn -0.3590 -0.9211 -0.1503
vn 0.5000 -0.8619 -0.0845
vn -0.2088 -0.9430 -0.2590
vn 0.1894 -0.9730 -0.1317
vn -0.4032 -0.5471 -0.7336
vn 0.0168 0.9850 0.1720
vn -0.0167 -0.9846 -0.1738
vn -0.0163 -0.9847 -0.1734
vn 0.0920 0.7670 -0.6351
vn 0.2631 0.4722 -0.8413
vn 0.2886 0.1665 -0.9429
vn 0.0177 0.9893 0.1446
vn 0.2917 0.1649 -0.9422
vn -0.0582 -0.9950 -0.0817
vn -0.9534 0.1736 -0.2467
vn -0.2972 -0.1665 0.9402
vn 0.9514 -0.1125 0.2868
vn 0.9349 0.1490 0.3220
vn 0.2958 0.1660 -0.9407
vn 0.2939 0.1668 -0.9412
vn -0.9564 0.0844 -0.2797
vn 0.2962 0.1659 -0.9406
vn 0.2981 0.1651 -0.9401
vn -0.2424 0.9699 -0.0221
vn 0.2300 0.9673 0.1070
vn 0.2907 0.1687 -0.9418
vn 0.2894 0.1673 -0.9425
vn 0.2993 0.1676 -0.9393
vn 0.2908 0.1644 -0.9426
vn 0.2974 0.1646 -0.9405
vn 0.2922 0.1655 -0.9419
vn 0.2955 0.1658 -0.9408
vn 0.0163 0.9847 0.1734
vn 0.9550 -0.0641 0.2896
vn 0.3891 0.1625 -0.9068
vn 0.3007 0.1665 -0.9391
vn -0.3723 -0.1662 0.9131
vn -0.3692 -0.1564 0.9161
vn -0.3503 -0.1574 0.9233
vn -0.9558 0.1457 -0.2553
vn -0.2985 -0.1681 0.9395
vn -0.2989 -0.1667 0.9396
vn -0.2982 -0.1649 0.9401
vn -0.2922 -0.1668 0.9417
vn -0.3034 -0.1676 0.9380
vn -0.2909 -0.1672 0.9420
vn -0.2125 -0.1800 0.9604
vn -0.2970 -0.1640 0.9407
vn -0.2963 -0.1635 0.9410
vn -0.2941 -0.1653 0.9414
vn 0.2958 0.1657 -0.9408
vn 0.2938 0.1652 -0.9415
vn 0.2932 0.1661 -0.9415
vn 0.2220 0.1734 -0.9595
vn 0.3004 0.1635 -0.9397
vn 0.2940 0.1652 -0.9414
vn 0.2947 0.1670 -0.9409
vn 0.2996 0.1665 -0.9394
vn 0.9453 -0.0164 0.3258
vn -0.2212 -0.1629 0.9615
vn -0.2916 -0.1674 0.9418
vn 0.3806 0.1454 -0.9132
vn 0.9507 -0.0672 0.3028
vn -0.9547 -0.0468 -0.2939
vn 0.2146 0.1717 -0.9615
vn -0.9662 0.0425 -0.2542
vn 0.2333 0.1680 -0.9578
vn 0.2907 0.1645 -0.9426
vn 0.8855 0.0750 -0.4586
vn 0.4686 -0.1651 0.8679
vn 0.1182 0.7489 0.6520
vn -0.1328 0.3478 0.9281
vn 0.4716 0.3599 0.8050
vn -0.8224 0.5054 0.2613
vn -0.6875 0.2028 0.6973
vn -0.4122 0.7362 0.5367
vn -0.8390 -0.5387 0.0768
vn -0.6966 -0.4117 0.5876
vn -0.9797 -0.0199 0.1993
vn 0.0899 -0.9311 0.3535
vn -0.1487 -0.6448 0.7498
vn -0.4375 -0.8629 0.2531
vn 0.6847 -0.1407 0.7151
vn 0.1995 -0.1775 0.9637
vn 0.4537 -0.6328 0.6275
vn -0.3452 -0.1615 0.9245
vn 0.7824 -0.4207 0.4592
vn 0.4560 -0.8503 0.2629
vn -0.1058 -0.9940 0.0278
vn -0.6109 -0.7820 -0.1238
vn -0.9548 -0.2505 -0.1601
vn -0.9455 0.3201 -0.0595
vn -0.5853 0.7961 0.1540
vn -0.0739 0.9274 0.3668
vn 0.4837 0.6918 0.5361
vn 0.7945 0.2075 0.5707
vn 0.2147 0.7526 0.6225
vn 0.0341 0.3431 0.9387
vn 0.6033 0.3761 0.7033
vn -0.7745 0.4769 0.4157
vn -0.5493 0.1790 0.8162
vn -0.3273 0.7218 0.6099
vn -0.7906 -0.5671 0.2308
vn -0.5584 -0.4353 0.7062
vn -0.9229 -0.0537 0.3812
vn 0.1861 -0.9275 0.3241
vn 0.0176 -0.6494 0.7603
vn -0.3527 -0.8772 0.3258
vn 0.8122 -0.1168 0.5716
vn 0.3843 -0.1703 0.9073
vn 0.5853 -0.6168 0.5262
vn -0.1582 -0.1732 0.9721
vn 0.8690 -0.3935 0.3000
vn 0.5256 -0.8343 0.1664
vn -0.0656 -0.9970 0.0410
vn -0.5967 -0.8024 -0.0107
vn -0.9588 -0.2834 0.0222
vn -0.9500 0.2872 0.1228
vn -0.5718 0.7756 0.2673
vn -0.0337 0.9244 0.3800
vn 0.5532 0.7080 0.4390
vn 0.8808 0.2348 0.4111
vn 0.5055 0.4646 0.7271
vn 0.0996 0.1945 0.9758
vn 0.6225 -0.0724 0.7792
vn -0.4442 0.7878 0.4266
vn -0.4606 0.3866 0.7990
vn 0.0345 0.7353 0.6769
vn -0.9919 -0.0586 0.1125
vn -0.7812 -0.1135 0.6138
vn -0.8443 0.4311 0.3182
vn -0.3704 -0.9040 0.2136
vn -0.4164 -0.6130 0.6714
vn -0.7997 -0.5688 0.1923
vn 0.5501 -0.5866 0.5944
vn 0.1262 -0.4243 0.8967
vn 0.1036 -0.8748 0.4734
vn -0.3373 -0.1347 0.9317
vn 0.4830 -0.8247 0.2941
vn -0.0179 -0.9960 0.0879
vn -0.5869 -0.8046 -0.0901
vn -0.9270 -0.3449 -0.1472
vn -0.9552 0.2879 -0.0683
vn -0.6551 0.7483 0.1040
vn -0.1010 0.9385 0.3302
vn 0.4158 0.7640 0.4934
vn 0.7891 0.2552 0.5588
vn 0.8132 -0.3193 0.4866
vn 0.5900 0.4253 0.6863
vn 0.2419 0.1059 0.9645
vn 0.7400 -0.1054 0.6643
vn -0.4109 0.7128 0.5684
vn -0.3484 0.2766 0.8956
vn 0.1039 0.6682 0.7367
vn -0.9576 -0.1351 0.2546
vn -0.6682 -0.2237 0.7095
vn -0.8049 0.3416 0.4853
vn -0.2866 -0.9424 0.1728
vn -0.2744 -0.7003 0.6590
vn -0.7295 -0.6362 0.2511
vn 0.6649 -0.6031 0.4406
vn 0.2862 -0.4989 0.8180
vn 0.2199 -0.9069 0.3593
vn -0.1796 -0.2458 0.9525
vn 0.5634 -0.8157 0.1313
vn 0.0456 -0.9989 -0.0131
vn -0.5525 -0.8294 -0.0824
vn -0.9198 -0.3905 -0.0399
vn -0.9676 0.2285 0.1069
vn -0.6679 0.6902 0.2785
vn -0.0945 0.8946 0.4368
vn 0.4501 0.7393 0.5009
vn 0.8536 0.2519 0.4561
vn 0.8943 -0.3103 0.3223
vn 0.4071 0.5701 0.7136
vn 0.0398 0.2527 0.9667
vn 0.6024 0.0615 0.7959
vn -0.5708 0.7293 0.3773
vn -0.5375 0.3474 0.7684
vn -0.0968 0.7623 0.6400
vn -0.9741 -0.2065 0.0926
vn -0.7730 -0.2046 0.6004
vn -0.9095 0.3096 0.2774
vn -0.2363 -0.9391 0.2494
vn -0.3393 -0.6383 0.6910
vn -0.7092 -0.6756 0.2016
vn 0.6146 -0.4666 0.6360
vn 0.1614 -0.3577 0.9198
vn 0.2198 -0.8261 0.5188
vn -0.3411 -0.1419 0.9292
vn 0.5933 -0.7268 0.3461
vn 0.1293 -0.9821 0.1367
vn -0.4555 -0.8880 -0.0634
vn -0.8583 -0.4904 -0.1508
vn -0.9857 0.1327 -0.1042
vn -0.7642 0.6428 0.0520
vn -0.2510 0.9263 0.2810
vn 0.2806 0.8404 0.4636
vn 0.7236 0.3999 0.5626
vn 0.8375 -0.1665 0.5205
vn 0.4975 0.5426 0.6768
vn 0.1939 0.1869 0.9630
vn 0.7269 0.0418 0.6855
vn -0.5306 0.6667 0.5234
vn -0.4128 0.2607 0.8727
vn -0.0200 0.7095 0.7044
vn -0.9328 -0.2700 0.2388
vn -0.6477 -0.2914 0.7040
vn -0.8618 0.2349 0.4495
vn -0.1467 -0.9661 0.2125
vn -0.1857 -0.7032 0.6863
vn -0.6317 -0.7284 0.2652
vn 0.7355 -0.4723 0.4857
vn 0.3333 -0.4103 0.8488
vn 0.3432 -0.8455 0.4092
vn -0.1693 -0.2262 0.9593
vn 0.6766 -0.7129 0.1846
vn 0.1955 -0.9800 0.0373
vn -0.4182 -0.9068 -0.0538
vn -0.8476 -0.5291 -0.0414
vn -0.9940 0.0804 0.0735
vn -0.7732 0.5913 0.2291
vn -0.2412 0.8888 0.3897
vn 0.3177 0.8217 0.4731
vn 0.7907 0.4019 0.4618
vn 0.9213 -0.1525 0.3578
vn 0.4599 -0.2351 0.8563
vn -0.8914 -0.0665 0.4483
vn -0.8882 -0.0726 0.4536
vn -0.2434 0.6518 0.7182
vn -0.2950 -0.1655 0.9410
vn -0.2968 -0.1660 0.9404
vn 0.9304 -0.2646 0.2538
vn 0.9554 -0.0712 0.2865
vn -0.9641 -0.0301 -0.2640
vn -0.3044 -0.1649 0.9382
vn -0.3002 -0.1651 0.9395
vn -0.9472 0.1457 -0.2856
vn -0.9447 -0.0450 -0.3248
vn -0.2961 -0.1655 0.9407
vn -0.2979 -0.1672 0.9399
vn -0.9475 0.1877 -0.2588
vn -0.3445 0.9327 0.1069
vn -0.2961 -0.1661 0.9406
vn -0.2890 -0.1663 0.9428
vn 0.2168 0.9036 0.3696
vn -0.0728 -0.0000 -0.9973
vn -0.3171 -0.0000 0.9484
vn -0.2480 -0.9683 -0.0311
vn -0.1442 -0.1600 -0.9765
vn -0.3199 0.9466 -0.0402
vn -0.2042 0.4306 -0.8792
vn -0.4152 0.4306 0.8014
vn -0.3811 -0.1600 0.9106
vn -0.0851 -0.3994 0.9128
vn 0.9922 0.0026 0.1246
vn 0.1432 -0.3994 -0.9055
vn 0.1756 0.9842 0.0220
vn 0.9687 -0.2164 0.1216
vn 0.9922 0.0014 0.1246
vn 0.0839 0.1631 0.9830
vn 0.2675 -0.9630 0.0336
vn 0.1684 -0.4285 0.8877
vn 0.3826 -0.4285 -0.8185
vn 0.3243 0.1631 -0.9318
vn 0.8821 0.1670 0.4404
vn 0.9636 0.1670 -0.2087
vn 0.9237 0.3693 0.1018
vn 0.9207 -0.0493 0.3872
vn 0.9878 -0.0493 -0.1476
vn 0.9358 -0.3264 0.1336
vn 0.8687 0.1355 0.4764
vn 0.9595 0.1355 -0.2468
vn 0.9397 -0.3264 0.1019
vn 0.9202 0.3693 0.1297
vn -0.9922 -0.0000 -0.1246
vn 0.0549 -0.8975 -0.4375
vn -0.0628 0.8634 0.5005
vn 0.1174 0.3351 -0.9348
vn -0.1126 -0.4281 0.8967
vn -0.0628 -0.8634 0.5005
vn 0.1126 -0.4281 -0.8967
vn 0.0628 -0.8634 -0.5005
vn 0.0628 0.8634 -0.5005
vn -0.1126 0.4281 0.8967
vn 0.1228 -0.1666 -0.9783
vn 0.0187 0.9887 -0.1490
vn -0.1228 0.1666 0.9783
vn 0.0881 0.7071 -0.7016
vn 0.0881 -0.7071 -0.7016
vn 0.0243 0.9808 -0.1936
vn -0.0246 0.9808 0.1936
vn -0.0881 -0.7071 0.7016
vn 0.1036 -0.5556 -0.8250
vn -0.0695 0.8315 0.5511
vn 0.1222 0.1951 -0.9731
vn -0.0692 -0.8315 0.5512
vn 0.0243 -0.9808 -0.1936
vn -0.1036 0.5556 0.8250
vn -0.0881 0.7071 0.7016
vn -0.1222 -0.1951 0.9731
vn 0.1036 0.5556 -0.8250
vn 0.0692 -0.8315 -0.5512
vn -0.1036 -0.5556 0.8250
vn 0.1222 -0.1951 -0.9731
vn -0.0243 -0.9808 0.1936
vn -0.1222 0.1951 0.9731
vn 0.0692 0.8315 -0.5512
vn 0.0187 -0.9887 -0.1490
vn -0.1174 -0.3351 0.9348
vn -0.1228 -0.1666 0.9783
vn -0.0549 0.8975 0.4375
vn -0.0187 -0.9887 0.1490
vn -0.0187 0.9887 0.1490
vn 0.1228 0.1666 -0.9783
vn -0.1174 0.3351 0.9348
vn 0.0549 0.8975 -0.4375
vn 0.1174 -0.3351 -0.9348
vn -0.0549 -0.8975 0.4375
vn 0.1126 0.4281 -0.8967
vn -0.9924 -0.0001 -0.1227
vn -0.9923 0.0054 -0.1236
vn -0.9919 -0.0112 -0.1268
vn -0.9921 0.0092 -0.1255
vn -0.9916 -0.0032 -0.1293
vn -0.9927 -0.0057 -0.1207
vn -0.9918 -0.0000 -0.1275
vn -0.9922 0.0001 -0.1244
vn -0.9922 -0.0001 -0.1244
vn 0.9748 -0.0588 -0.2151
vn 0.2274 0.1679 0.9592
vn 0.2248 0.1661 0.9601
vn 0.2234 0.1661 0.9605
vn 0.2306 0.1656 0.9589
vn 0.2302 0.1660 0.9589
vn 0.2297 0.1659 0.9590
vn -0.2282 -0.1682 -0.9590
vn -0.2241 -0.1662 -0.9603
vn -0.2262 -0.1680 -0.9595
vn -0.9685 0.0486 0.2442
vn -0.9763 -0.0302 0.2142
vn 0.9775 -0.0465 -0.2059
vn 0.9717 -0.1191 -0.2038
vn 0.9705 0.0185 -0.2402
vn -0.2256 -0.1678 -0.9597
vn -0.2227 -0.1681 -0.9603
vn -0.2173 -0.1663 -0.9618
vn -0.2248 -0.1663 -0.9601
vn -0.2229 -0.1653 -0.9607
vn -0.2292 -0.1662 -0.9591
vn -0.2105 -0.1689 -0.9629
vn -0.2243 -0.1663 -0.9602
vn -0.2189 -0.1662 -0.9615
vn -0.2323 -0.1640 -0.9587
vn -0.2161 -0.1660 -0.9622
vn -0.2230 -0.1671 -0.9604
vn -0.2272 -0.1652 -0.9597
vn -0.2173 -0.1654 -0.9620
vn -0.2249 -0.1660 -0.9601
vn -0.2195 -0.1660 -0.9614
vn -0.2251 -0.1662 -0.9601
vn -0.2151 -0.1679 -0.9621
vn -0.2283 -0.1679 -0.9590
vn -0.2189 -0.1693 -0.9609
vn -0.2245 -0.1682 -0.9598
vn -0.2240 -0.1666 -0.9602
vn -0.2211 -0.1679 -0.9607
vn -0.2248 -0.1674 -0.9599
vn -0.2238 -0.1669 -0.9602
vn 0.2202 0.1649 0.9614
vn 0.2235 0.1667 0.9603
vn 0.2239 0.1664 0.9603
vn 0.2161 0.1665 0.9621
vn 0.2221 0.1683 0.9604
vn 0.2223 0.1663 0.9607
vn 0.2239 0.1669 0.9602
vn 0.2170 0.1674 0.9617
vn 0.2271 0.1666 0.9595
vn 0.2223 0.1670 0.9606
vn 0.2205 0.1684 0.9608
vn 0.2231 0.1661 0.9606
vn 0.2236 0.1655 0.9605
vn 0.2226 0.1669 0.9605
vn 0.2232 0.1668 0.9604
vn 0.2257 0.1669 0.9598
vn 0.2231 0.1670 0.9604
vn 0.2227 0.1660 0.9606
vn 0.2194 0.1674 0.9612
vn 0.2212 0.1665 0.9609
vn 0.2239 0.1678 0.9601
vn 0.2266 0.1690 0.9592
vn -0.2179 -0.1649 -0.9619
vn -0.2277 -0.1632 -0.9600
vn -0.2263 -0.1641 -0.9601
vn -0.0999 0.9548 -0.2799
vn -0.3563 -0.9260 0.1244
vn 0.5141 -0.8491 0.1213
vn -0.2123 -0.9459 0.2455
vn 0.2003 -0.9688 0.1463
vn -0.4474 -0.5504 0.7049
vn 0.0078 0.9854 -0.1703
vn -0.0101 -0.9848 0.1733
vn -0.0107 -0.9848 0.1733
vn 0.0313 0.7623 0.6465
vn 0.1928 0.4696 0.8616
vn 0.2159 0.1672 0.9620
vn 0.0363 0.9891 -0.1424
vn 0.2191 0.1657 0.9615
vn -0.0461 -0.9959 0.0774
vn -0.9723 0.1530 0.1766
vn -0.2247 -0.1674 -0.9600
vn 0.9718 -0.0927 -0.2167
vn 0.9534 0.1647 -0.2528
vn 0.2233 0.1668 0.9604
vn 0.2213 0.1676 0.9607
vn -0.9757 0.0650 0.2092
vn 0.2237 0.1667 0.9603
vn 0.2256 0.1660 0.9600
vn -0.2652 0.9642 0.0054
vn 0.2221 0.9708 -0.0903
vn 0.2181 0.1694 0.9611
vn 0.2167 0.1680 0.9617
vn 0.2268 0.1685 0.9593
vn 0.2182 0.1652 0.9618
vn 0.2249 0.1655 0.9602
vn 0.2196 0.1662 0.9613
vn 0.2229 0.1667 0.9605
vn 0.0107 0.9848 -0.1733
vn 0.9747 -0.0450 -0.2191
vn 0.3188 0.1652 0.9333
vn 0.2282 0.1674 0.9591
vn -0.3016 -0.1685 -0.9384
vn -0.2985 -0.1587 -0.9411
vn -0.2791 -0.1594 -0.9470
vn -0.9747 0.1255 0.1850
vn -0.2260 -0.1690 -0.9594
vn -0.2264 -0.1676 -0.9595
vn -0.2257 -0.1658 -0.9600
vn -0.2196 -0.1676 -0.9611
vn -0.2310 -0.1685 -0.9582
vn -0.2182 -0.1680 -0.9613
vn -0.1385 -0.1791 -0.9740
vn -0.2245 -0.1649 -0.9604
vn -0.2238 -0.1644 -0.9607
vn -0.2215 -0.1661 -0.9609
vn 0.2233 0.1666 0.9604
vn 0.2212 0.1660 0.9610
vn 0.2206 0.1669 0.9610
vn 0.1481 0.1727 0.9738
vn 0.2280 0.1645 0.9597
vn 0.2214 0.1661 0.9609
vn 0.2221 0.1678 0.9605
vn 0.2271 0.1674 0.9594
vn 0.9667 0.0019 -0.2559
vn -0.1474 -0.1623 -0.9757
vn -0.2190 -0.1681 -0.9611
vn 0.3102 0.1481 0.9391
vn 0.9714 -0.0480 -0.2326
vn -0.9726 -0.0642 0.2234
vn 0.1406 0.1710 0.9752
vn -0.9828 0.0236 0.1830
vn 0.1596 0.1676 0.9728
vn 0.2224 0.1663 0.9607
vn 0.2181 0.1653 0.9618
vn 0.8482 0.0891 0.5222
vn 0.5339 -0.1521 -0.8318
vn 0.1524 0.7485 -0.6453
vn 0.5232 0.3667 -0.7693
vn -0.0713 0.3437 -0.9364
vn -0.8127 0.4861 -0.3211
vn -0.3881 0.7257 -0.5681
vn -0.6387 0.1894 -0.7458
vn -0.8240 -0.5494 -0.1389
vn -0.9620 -0.0372 -0.2704
vn -0.6453 -0.4192 -0.6387
vn 0.1343 -0.9269 -0.3505
vn -0.4054 -0.8677 -0.2876
vn -0.0820 -0.6411 -0.7630
vn 0.7377 -0.1248 -0.6634
vn 0.5126 -0.6182 -0.5960
vn 0.2727 -0.1696 -0.9470
vn -0.2738 -0.1638 -0.9477
vn 0.8231 -0.4006 -0.4025
vn 0.4941 -0.8379 -0.2319
vn -0.0860 -0.9956 -0.0370
vn -0.6083 -0.7898 0.0783
vn -0.9601 -0.2649 0.0892
vn -0.9540 0.2996 -0.0102
vn -0.5913 0.7817 -0.1983
vn -0.0652 0.9247 -0.3750
vn 0.5108 0.6978 -0.5022
vn 0.8298 0.2217 -0.5120
vn 0.2471 0.7540 -0.6086
vn 0.6472 0.3849 -0.6580
vn 0.0962 0.3422 -0.9347
vn -0.7528 0.4590 -0.4719
vn -0.2972 0.7129 -0.6351
vn -0.4915 0.1687 -0.8543
vn -0.7640 -0.5766 -0.2897
vn -0.8915 -0.0691 -0.4477
vn -0.4981 -0.4399 -0.7472
vn 0.2290 -0.9215 -0.3138
vn -0.3145 -0.8805 -0.3547
vn 0.0855 -0.6426 -0.7614
vn 0.8539 -0.0992 -0.5109
vn 0.6365 -0.5999 -0.4847
vn 0.4528 -0.1593 -0.8773
vn -0.0835 -0.1718 -0.9816
vn 0.8973 -0.3723 -0.2371
vn 0.5567 -0.8206 -0.1296
vn -0.0443 -0.9979 -0.0474
vn -0.5856 -0.8099 -0.0343
vn -0.9503 -0.2971 -0.0930
vn -0.9442 0.2674 -0.1924
vn -0.5686 0.7616 -0.3109
vn -0.0235 0.9225 -0.3854
vn 0.5733 0.7151 -0.3999
vn 0.9041 0.2501 -0.3466
vn 0.5500 0.4711 -0.6896
vn 0.6790 -0.0583 -0.7318
vn 0.1670 0.1963 -0.9662
vn -0.4297 0.7767 -0.4606
vn 0.0707 0.7335 -0.6761
vn -0.4088 0.3759 -0.8316
vn -0.9798 -0.0759 -0.1848
vn -0.8285 0.4119 -0.3793
vn -0.7322 -0.1252 -0.6695
vn -0.3402 -0.9083 -0.2434
vn -0.7759 -0.5785 -0.2516
vn -0.3563 -0.6145 -0.7039
vn 0.6053 -0.5702 -0.5554
vn 0.1558 -0.8691 -0.4695
vn 0.1995 -0.4158 -0.8873
vn -0.2659 -0.1371 -0.9542
vn 0.5226 -0.8115 -0.2614
vn 0.0072 -0.9958 -0.0913
vn -0.5816 -0.8121 0.0464
vn -0.9303 -0.3584 0.0783
vn -0.9635 0.2676 -0.0024
vn -0.6637 0.7323 -0.1527
vn -0.0954 0.9355 -0.3402
vn 0.4387 0.7689 -0.4651
vn 0.8231 0.2686 -0.5003
vn 0.8533 -0.2991 -0.4271
vn 0.6319 0.4335 -0.6425
vn 0.7884 -0.0890 -0.6087
vn 0.3097 0.1113 -0.9443
vn -0.3838 0.7020 -0.5999
vn 0.1458 0.6675 -0.7302
vn -0.2873 0.2692 -0.9192
vn -0.9340 -0.1505 -0.3241
vn -0.7746 0.3242 -0.5431
vn -0.6107 -0.2320 -0.7571
vn -0.2583 -0.9459 -0.1962
vn -0.7008 -0.6445 -0.3058
vn -0.2135 -0.6995 -0.6820
vn 0.7095 -0.5850 -0.3930
vn 0.2652 -0.8998 -0.3464
vn 0.3553 -0.4873 -0.7977
vn -0.1050 -0.2441 -0.9640
vn 0.5915 -0.8011 -0.0916
vn 0.0640 -0.9978 0.0157
vn -0.5465 -0.8364 0.0413
vn -0.9148 -0.4028 -0.0284
vn -0.9615 0.2093 -0.1783
vn -0.6615 0.6741 -0.3286
vn -0.0799 0.8910 -0.4469
vn 0.4738 0.7446 -0.4702
vn 0.8799 0.2666 -0.3933
vn 0.9222 -0.2887 -0.2574
vn 0.4492 0.5746 -0.6841
vn 0.6577 0.0736 -0.7497
vn 0.1055 0.2529 -0.9617
vn -0.5587 0.7152 -0.4199
vn -0.0644 0.7581 -0.6489
vn -0.4870 0.3355 -0.8064
vn -0.9612 -0.2218 -0.1638
vn -0.8934 0.2900 -0.3431
vn -0.7235 -0.2152 -0.6559
vn -0.2021 -0.9415 -0.2697
vn -0.6838 -0.6838 -0.2548
vn -0.2773 -0.6383 -0.7181
vn 0.6697 -0.4493 -0.5913
vn 0.2749 -0.8175 -0.5061
vn 0.2351 -0.3489 -0.9072
vn -0.2697 -0.1444 -0.9521
vn 0.6343 -0.7104 -0.3049
vn 0.1591 -0.9787 -0.1296
vn -0.4467 -0.8942 0.0292
vn -0.8606 -0.5019 0.0870
vn -0.9930 0.1135 0.0312
vn -0.7736 0.6243 -0.1084
vn -0.2497 0.9201 -0.3017
vn 0.2998 0.8435 -0.4457
vn 0.7561 0.4109 -0.5094
vn 0.8762 -0.1472 -0.4588
vn 0.5373 0.5487 -0.6405
vn 0.7741 0.0562 -0.6305
vn 0.2603 0.1905 -0.9465
vn -0.5060 0.6534 -0.5630
vn 0.0184 0.7066 -0.7074
vn -0.3530 0.2521 -0.9010
vn -0.9085 -0.2836 -0.3069
vn -0.8314 0.2174 -0.5113
vn -0.5896 -0.2986 -0.7505
vn -0.1139 -0.9674 -0.2261
vn -0.6010 -0.7353 -0.3133
vn -0.1225 -0.7006 -0.7030
vn 0.7797 -0.4531 -0.4322
vn 0.3913 -0.8350 -0.3869
vn 0.4027 -0.3983 -0.8241
vn -0.0946 -0.2245 -0.9699
vn 0.7058 -0.6951 -0.1365
vn 0.2187 -0.9755 -0.0242
vn -0.4084 -0.9125 0.0224
vn -0.8415 -0.5397 -0.0216
vn -0.9872 0.0623 -0.1468
vn -0.7678 0.5731 -0.2864
vn -0.2307 0.8823 -0.4103
vn 0.3381 0.8252 -0.4526
vn 0.8156 0.4141 -0.4040
vn 0.9477 -0.1319 -0.2905
vn 0.5259 -0.2214 -0.8212
vn -0.8550 -0.0808 -0.5124
vn -0.8513 -0.0868 -0.5174
vn -0.2037 0.6432 -0.7381
vn -0.2225 -0.1664 -0.9606
vn -0.2242 -0.1668 -0.9601
vn 0.9521 -0.2432 -0.1856
vn 0.9750 -0.0519 -0.2160
vn -0.9801 -0.0479 0.1928
vn -0.2320 -0.1660 -0.9584
vn -0.2277 -0.1660 -0.9595
vn -0.9683 0.1255 0.2158
vn -0.9650 -0.0624 0.2548
vn -0.2235 -0.1664 -0.9604
vn -0.2254 -0.1680 -0.9597
vn -0.9676 0.1670 0.1892
vn -0.3577 0.9244 -0.1325
vn -0.2236 -0.1669 -0.9603
vn -0.2163 -0.1670 -0.9619
vn 0.2291 0.9059 -0.3563
vn -0.1605 0.4370 -0.8850
vn 0.1676 -0.4365 0.8840
vn 0.1749 -0.4354 0.8831
vn 0.1744 -0.4350 0.8834
vn 0.1739 -0.4352 0.8834
vn -0.1682 0.4362 -0.8840
vn -0.1701 0.4336 -0.8849
vn -0.9751 -0.1844 0.1235
vn -0.9683 -0.2460 0.0425
vn 0.9825 0.1624 -0.0916
vn -0.1696 0.4340 -0.8848
vn -0.1666 0.4344 -0.8852
vn -0.1614 0.4376 -0.8845
vn -0.1672 0.4375 -0.8835
vn -0.1734 0.4350 -0.8836
vn -0.1543 0.4361 -0.8866
vn -0.1631 0.4373 -0.8844
vn -0.1767 0.4368 -0.8820
vn -0.1603 0.4382 -0.8845
vn -0.1670 0.4354 -0.8846
vn -0.1715 0.4366 -0.8832
vn -0.1616 0.4386 -0.8840
vn 0.1645 -0.4385 0.8835
vn 0.1676 -0.4357 0.8844
vn 0.1680 -0.4359 0.8842
vn 0.1603 -0.4376 0.8848
vn 0.1660 -0.4342 0.8854
vn 0.1665 -0.4364 0.8842
vn 0.1679 -0.4354 0.8844
vn 0.1610 -0.4364 0.8852
vn 0.1713 -0.4350 0.8840
vn 0.1663 -0.4356 0.8846
vn 0.1643 -0.4345 0.8855
vn 0.1672 -0.4365 0.8840
vn 0.1703 -0.4324 0.8855
vn -0.1623 0.4390 -0.8837
vn -0.1723 0.4388 -0.8819
vn -0.1707 0.4380 -0.8826
vn -0.1676 0.4354 -0.8845
vn -0.1843 0.9120 0.3664
vn -0.1042 0.8819 0.4597
vn 0.1033 -0.8843 -0.4554
vn -0.0916 0.3260 0.9409
vn 0.0921 -0.0612 0.9939
vn 0.1600 -0.4369 0.8852
vn -0.1064 0.8924 0.4384
vn -0.1683 0.4354 -0.8843
vn 0.9812 0.1631 -0.1033
vn -0.1687 0.4347 -0.8846
vn 0.9836 0.1214 -0.1338
vn 0.1652 -0.4352 0.8850
vn -0.9835 -0.1453 0.1076
vn -0.4011 0.8037 0.4395
vn 0.0889 0.9371 0.3377
vn 0.1678 -0.4357 0.8843
vn 0.1698 -0.4361 0.8837
vn -0.3269 0.7751 0.5407
vn 0.0619 0.8518 0.5201
vn 0.1618 -0.4339 0.8863
vn 0.1706 -0.4329 0.8852
vn 0.1625 -0.4387 0.8838
vn 0.1637 -0.4372 0.8844
vn 0.1670 -0.4359 0.8844
vn -0.1033 0.8843 0.4554
vn 0.9799 0.1723 -0.1009
vn 0.2632 -0.4122 0.8722
vn 0.1722 -0.4338 0.8844
vn -0.2437 0.4256 -0.8715
vn -0.2242 0.4302 -0.8744
vn -0.9889 -0.0673 0.1325
vn -0.1698 0.4325 -0.8855
vn -0.1704 0.4341 -0.8846
vn -0.1700 0.4362 -0.8837
vn -0.1635 0.4357 -0.8851
vn -0.1748 0.4319 -0.8848
vn -0.1621 0.4355 -0.8855
vn 0.1674 -0.4359 0.8843
vn 0.1654 -0.4371 0.8841
vn 0.1647 -0.4361 0.8847
vn 0.0916 -0.4441 0.8913
vn 0.1724 -0.4372 0.8827
vn 0.9651 0.2435 -0.0961
vn -0.0923 0.4561 -0.8851
vn -0.1629 0.4351 -0.8855
vn -0.9836 -0.1713 0.0567
vn 0.1038 -0.4479 0.8881
vn 0.1665 -0.4365 0.8842
vn 0.1624 -0.4386 0.8839
vn 0.8119 -0.1819 0.5547
vn 0.5774 0.4262 -0.6964
vn 0.0546 0.9980 0.0331
vn 0.4631 0.8426 -0.2747
vn -0.0837 0.8790 -0.4694
vn -0.8149 0.5796 0.0046
vn -0.4108 0.9115 0.0194
vn -0.6254 0.5955 -0.5042
vn -0.6912 -0.4793 -0.5408
vn -0.9402 0.0626 -0.3347
vn -0.5508 -0.0439 -0.8335
vn 0.2388 -0.5794 -0.7793
vn -0.2337 -0.6046 -0.7615
vn 0.0345 -0.1329 -0.9905
vn 0.7709 0.3605 -0.5251
vn 0.5813 -0.1693 -0.7959
vn 0.3245 0.4628 -0.8250
vn -0.2192 0.4264 -0.8776
vn 0.8728 -0.0653 -0.4838
vn 0.5471 -0.5593 -0.6228
vn 0.0508 -0.7978 -0.6008
vn -0.4320 -0.7667 -0.4750
vn -0.9008 -0.3844 -0.2022
vn -0.9708 0.2150 0.1066
vn -0.6075 0.7360 0.2989
vn -0.1525 0.9430 0.2957
vn 0.3747 0.9169 0.1374
vn 0.7967 0.5859 -0.1484
vn 0.1338 0.9886 0.0692
vn 0.5741 0.8012 -0.1691
vn 0.0738 0.8887 -0.4525
vn -0.7508 0.6500 -0.1176
vn -0.3281 0.9443 -0.0255
vn -0.4764 0.6552 -0.5863
vn -0.6271 -0.4089 -0.6630
vn -0.8602 0.1505 -0.4873
vn -0.4017 0.0158 -0.9156
vn 0.3180 -0.5888 -0.7431
vn -0.1511 -0.5719 -0.8063
vn 0.1919 -0.1232 -0.9736
vn 0.8775 0.2966 -0.3769
vn 0.6922 -0.2107 -0.6902
vn 0.4994 0.4421 -0.7451
vn -0.0283 0.4551 -0.8900
vn 0.9338 -0.1371 -0.3306
vn 0.5954 -0.5982 -0.5363
vn 0.0841 -0.7916 -0.6052
vn -0.4086 -0.7190 -0.5622
vn -0.8826 -0.2998 -0.3623
vn -0.9526 0.2996 -0.0535
vn -0.5841 0.7836 0.2117
vn -0.1192 0.9492 0.2913
vn 0.4230 0.8780 0.2240
vn 0.8577 0.5141 0.0048
vn 0.4633 0.8750 -0.1400
vn 0.7038 0.4636 -0.5382
vn 0.1660 0.7961 -0.5820
vn -0.4519 0.8837 0.1220
vn -0.0136 0.9999 -0.0071
vn -0.4114 0.8177 -0.4027
vn -0.9547 -0.0314 -0.2960
vn -0.8282 0.5531 -0.0908
vn -0.6872 0.2507 -0.6818
vn -0.1708 -0.6535 -0.7374
vn -0.6371 -0.4323 -0.6381
vn -0.2324 -0.1656 -0.9584
vn 0.6678 -0.1445 -0.7302
vn 0.2575 -0.4711 -0.8437
vn 0.2825 0.1810 -0.9420
vn -0.2132 0.4574 -0.8633
vn 0.5784 -0.5231 -0.6260
vn 0.1295 -0.7660 -0.6296
vn -0.4028 -0.7613 -0.5082
vn -0.8507 -0.4561 -0.2611
vn -0.9800 0.1767 0.0912
vn -0.6754 0.6764 0.2939
vn -0.1794 0.9301 0.3206
vn 0.2964 0.9342 0.1987
vn 0.7736 0.6245 -0.1075
vn 0.8972 0.0480 -0.4390
vn 0.5481 0.8271 -0.1243
vn 0.8136 0.3641 -0.4533
vn 0.3179 0.7216 -0.6151
vn -0.4058 0.9139 -0.0130
vn 0.0620 0.9949 -0.0791
vn -0.2852 0.7950 -0.5355
vn -0.8929 -0.0105 -0.4501
vn -0.7682 0.5813 -0.2683
vn -0.5477 0.2139 -0.8088
vn -0.0961 -0.6963 -0.7113
vn -0.5490 -0.4499 -0.7044
vn -0.0855 -0.2432 -0.9662
vn 0.7572 -0.2480 -0.6042
vn 0.3488 -0.5525 -0.7570
vn 0.4378 0.0678 -0.8965
vn -0.0381 0.3726 -0.9272
vn 0.6244 -0.6036 -0.4958
vn 0.1705 -0.8139 -0.5555
vn -0.3648 -0.7707 -0.5224
vn -0.8204 -0.4328 -0.3738
vn -0.9707 0.2246 -0.0853
vn -0.6708 0.7287 0.1384
vn -0.1613 0.9591 0.2328
vn 0.3334 0.9239 0.1880
vn 0.8312 0.5554 -0.0245
vn 0.9534 -0.0523 -0.2973
vn 0.0760 -0.8497 -0.5218
vn 0.2419 -0.8286 -0.5049
vn 0.0390 -0.8393 -0.5423
vn 0.3674 -0.7800 -0.5066
vn -0.0833 -0.9359 -0.3423
vn 0.0249 -0.8453 -0.5337
vn 0.7086 0.3830 -0.5926
vn -0.8722 0.1399 -0.4687
vn -0.1687 0.4358 -0.8841
vn 0.9862 0.0858 -0.1418
vn -0.1694 0.4359 -0.8839
vn 0.9641 0.2546 -0.0754
vn -0.9684 -0.2492 0.0023
vn -0.1750 0.4344 -0.8836
vn -0.1699 0.4366 -0.8835
vn -0.9833 -0.0890 0.1590
vn 0.3392 -0.9398 0.0426
vn 0.3323 -0.9423 0.0417
vn 0.3328 -0.9421 0.0413
vn 0.0842 0.7018 0.7074
vn 0.3547 0.6579 -0.6643
vn -0.9344 -0.3432 -0.0960
vn -0.9045 -0.3273 -0.2732
vn -0.3379 0.9402 -0.0422
vn -0.3394 0.9396 -0.0440
vn -0.3337 0.9418 -0.0412
vn -0.3518 0.9351 -0.0425
vn -0.3384 0.9401 -0.0423
vn -0.3433 0.9382 -0.0438
vn -0.3303 0.9429 -0.0432
vn -0.3459 0.9372 -0.0448
vn -0.3401 0.9394 -0.0419
vn -0.3325 0.9422 -0.0419
vn -0.3473 0.9367 -0.0451
vn 0.3409 -0.9392 0.0403
vn 0.3402 -0.9394 0.0428
vn 0.3389 -0.9399 0.0416
vn 0.3454 -0.9375 0.0428
vn 0.3358 -0.9410 0.0413
vn 0.3404 -0.9393 0.0419
vn 0.3423 -0.9387 0.0414
vn 0.3395 -0.9396 0.0427
vn 0.3464 -0.9371 0.0433
vn 0.1663 0.0782 -0.9830
vn -0.1892 -0.0242 0.9816
vn 0.3365 -0.9408 0.0398
vn 0.3445 -0.9377 0.0445
vn 0.3428 -0.9384 0.0436
vn 0.3397 -0.9396 0.0422
vn 0.1892 0.0242 -0.9816
vn 0.2474 -0.9687 0.0181
vn -0.2657 0.9635 -0.0321
vn 0.9294 0.3596 0.0831
vn -0.3431 0.9384 -0.0420
vn -0.3327 0.9423 -0.0378
vn -0.3444 0.9379 -0.0418
vn 0.4095 -0.9108 0.0527
vn 0.3344 -0.9414 0.0437
vn -0.9151 -0.3106 -0.2572
vn -0.4075 0.9108 -0.0660
vn 0.3401 -0.9394 0.0428
vn 0.3439 -0.9379 0.0452
vn 0.1892 0.0243 -0.9816
vn -0.5868 0.2080 -0.7825
vn -0.9312 0.2478 -0.2673
vn -0.5313 0.6723 -0.5155
vn 0.3308 0.4580 -0.8251
vn -0.1266 0.3861 -0.9137
vn 0.0521 0.8251 -0.5626
vn 0.6887 0.6924 0.2150
vn 0.5990 0.6874 -0.4108
vn 0.2333 0.9685 0.0870
vn -0.1186 0.4188 0.9003
vn 0.3032 0.6541 0.6930
vn -0.2375 0.8051 0.5435
vn -0.9102 0.1890 0.3685
vn -0.5654 0.3587 0.7427
vn -0.7224 0.6674 0.1810
vn -0.2925 0.9539 -0.0668
vn -0.7316 0.0098 0.6817
vn -0.3117 0.1437 0.9392
vn 0.2072 0.3132 0.9268
vn 0.6728 0.4549 0.5834
vn 0.8689 0.4789 -0.1253
vn 0.6351 0.3560 -0.6855
vn 0.1841 0.1848 -0.9654
vn -0.2872 0.0468 -0.9567
vn -0.8061 -0.0645 -0.5882
vn -0.9948 -0.0810 0.0611
vn -0.6462 0.1359 -0.7509
vn -0.9720 0.0897 -0.2173
vn -0.6687 0.5954 -0.4454
vn 0.2219 0.5524 -0.8035
vn -0.2262 0.4034 -0.8866
vn -0.1180 0.8584 -0.4992
vn 0.5583 0.7906 0.2514
vn 0.4578 0.8076 -0.3718
vn 0.0564 0.9855 0.1601
vn -0.1650 0.3454 0.9238
vn 0.1974 0.6559 0.7286
vn -0.3580 0.7096 0.6068
vn -0.9131 0.0072 0.4076
vn -0.5918 0.2151 0.7769
vn -0.8197 0.5125 0.2556
vn -0.4634 0.8858 0.0231
vn -0.6979 -0.1452 0.7013
vn -0.3050 0.0474 0.9512
vn 0.1687 0.3021 0.9382
vn 0.5891 0.5370 0.6038
vn 0.7694 0.6307 -0.1010
vn 0.5492 0.4954 -0.6731
vn 0.1222 0.2556 -0.9590
vn -0.3231 0.0331 -0.9458
vn -0.8067 -0.1840 -0.5615
vn -0.9617 -0.2575 0.0936
vn -0.2022 0.0543 0.9778
vn -0.3406 -0.0331 0.9396
vn -0.1814 0.0925 0.9791
vn -0.4566 -0.0756 0.8864
vn 0.0339 -0.0401 0.9986
vn -0.1642 0.0905 0.9823
vn 0.0346 -0.0606 -0.9976
vn 0.1716 0.0418 -0.9843
vn 0.3033 0.0237 -0.9526
vn 0.0296 -0.0758 -0.9967
vn 0.3081 0.1832 -0.9335
vn -0.3424 0.9385 -0.0441
vn -0.3384 0.9400 -0.0430
vn -0.3393 0.9397 -0.0418
vn -0.7872 0.0669 -0.6130
vn -0.5862 0.4509 0.6731
vn -0.9196 -0.3476 -0.1830
vn -0.3385 0.9401 -0.0418
vn -0.3386 0.9400 -0.0418
vn -0.9221 -0.3407 -0.1833
vn 0.5546 0.6772 -0.4835
vn 0.2763 0.6277 0.7278
vn 0.9390 0.3316 0.0912
vn -0.3371 0.9406 -0.0397
vn -0.3306 0.9429 -0.0407
vn 0.8920 0.3548 0.2800
vn -0.3392 0.9398 -0.0425
vn 0.9483 0.2967 0.1126
vn -0.3378 0.9403 -0.0421
vn 0.9040 0.3320 0.2695
vn -0.3724 0.4367 0.8189
vn 0.3790 -0.4365 -0.8160
vn 0.3858 -0.4357 -0.8132
vn 0.3854 -0.4353 -0.8136
vn 0.3850 -0.4355 -0.8137
vn -0.3796 0.4362 0.8158
vn -0.3818 0.4338 0.8162
vn -0.9138 -0.1417 -0.3807
vn -0.9312 -0.2041 -0.3020
vn 0.9285 0.1196 0.3515
vn -0.3812 0.4341 0.8162
vn -0.3785 0.4343 0.8174
vn -0.3732 0.4374 0.8182
vn -0.3785 0.4375 0.8157
vn -0.3845 0.4352 0.8141
vn -0.3669 0.4356 0.8220
vn -0.3747 0.4371 0.8176
vn -0.3873 0.4372 0.8117
vn -0.3720 0.4379 0.8184
vn -0.3787 0.4354 0.8168
vn -0.3825 0.4368 0.8142
vn -0.3732 0.4383 0.8177
vn 0.3758 -0.4384 -0.8164
vn 0.3792 -0.4357 -0.8163
vn 0.3795 -0.4360 -0.8160
vn 0.3721 -0.4373 -0.8187
vn 0.3779 -0.4341 -0.8178
vn 0.3780 -0.4364 -0.8165
vn 0.3795 -0.4354 -0.8163
vn 0.3730 -0.4361 -0.8190
vn 0.3826 -0.4352 -0.8150
vn 0.3780 -0.4356 -0.8169
vn 0.3764 -0.4344 -0.8183
vn 0.3787 -0.4365 -0.8161
vn 0.3822 -0.4325 -0.8166
vn -0.3737 0.4388 0.8172
vn -0.3829 0.4390 0.8128
vn -0.3816 0.4382 0.8139
vn -0.3791 0.4355 0.8165
vn -0.0447 0.9218 -0.3851
vn 0.0519 0.8891 -0.4547
vn -0.0560 -0.8913 0.4499
vn 0.1742 0.3367 -0.9254
vn 0.3501 -0.0575 -0.9350
vn 0.3719 -0.4366 -0.8192
vn 0.0647 0.8761 -0.4778
vn -0.3798 0.4355 0.8161
vn 0.9242 0.1203 0.3625
vn -0.3803 0.4348 0.8163
vn 0.9168 0.0783 0.3917
vn 0.3770 -0.4351 -0.8176
vn -0.9246 -0.1024 -0.3669
vn -0.2384 0.8234 -0.5149
vn 0.2119 0.9350 -0.2845
vn 0.3793 -0.4357 -0.8163
vn 0.3811 -0.4362 -0.8152
vn -0.1411 0.7924 -0.5934
vn 0.2310 0.8524 -0.4692
vn 0.3741 -0.4337 -0.8197
vn 0.3823 -0.4330 -0.8163
vn 0.3739 -0.4385 -0.8173
vn 0.3753 -0.4370 -0.8174
vn 0.3786 -0.4359 -0.8165
vn 0.0560 0.8913 -0.4499
vn 0.0559 0.8913 -0.4499
vn 0.9239 0.1296 0.3600
vn 0.4689 -0.4164 -0.7789
vn 0.3836 -0.4340 -0.8151
vn -0.4494 0.4289 0.7836
vn -0.4312 0.4327 0.7917
vn -0.9201 -0.0241 -0.3909
vn -0.3817 0.4326 0.8168
vn -0.3820 0.4342 0.8158
vn -0.3812 0.4363 0.8151
vn -0.3754 0.4355 0.8182
vn -0.3864 0.4322 0.8148
vn -0.3742 0.4352 0.8189
vn 0.3789 -0.4359 -0.8163
vn 0.3769 -0.4370 -0.8167
vn 0.3764 -0.4360 -0.8175
vn 0.3074 -0.4409 -0.8433
vn 0.3833 -0.4374 -0.8135
vn 0.9138 0.2013 0.3528
vn -0.3060 0.4529 0.8374
vn -0.3749 0.4349 0.8187
vn -0.9392 -0.1288 -0.3184
vn 0.3181 -0.4451 -0.8371
vn 0.3739 -0.4384 -0.8173
vn 0.9223 -0.2121 -0.3231
vn 0.3880 0.3959 0.8323
vn -0.0559 -0.8913 0.4499
vn 0.1004 0.9949 0.0011
vn -0.1708 0.8782 0.4468
vn 0.4062 0.8200 0.4032
vn -0.7612 0.6138 -0.2095
vn -0.7130 0.6178 0.3316
vn -0.3549 0.9283 -0.1105
vn -0.8282 -0.4535 0.3293
vn -0.7535 -0.0267 0.6569
vn -0.9922 0.1001 0.0748
vn 0.0006 -0.5950 0.8038
vn -0.2349 -0.1417 0.9616
vn -0.4509 -0.5999 0.6609
vn 0.6173 0.3233 0.7172
vn 0.1117 0.4422 0.8899
vn 0.3422 -0.1999 0.9181
vn -0.4274 0.4287 0.7960
vn 0.7098 -0.1062 0.6964
vn 0.3398 -0.5868 0.7350
vn -0.1417 -0.8037 0.5779
vn -0.5722 -0.7511 0.3293
vn -0.9364 -0.3472 -0.0509
vn -0.8985 0.2570 -0.3559
vn -0.4771 0.7635 -0.4353
vn -0.0315 0.9509 -0.3079
vn 0.4332 0.9011 -0.0162
vn 0.7510 0.5502 0.3650
vn 0.1859 0.9825 -0.0129
vn -0.0143 0.8813 0.4724
vn 0.5395 0.7746 0.3300
vn -0.7290 0.6805 -0.0734
vn -0.5889 0.6705 0.4513
vn -0.2859 0.9572 -0.0447
vn -0.7961 -0.3868 0.4655
vn -0.6294 0.0259 0.7767
vn -0.9521 0.1833 0.2448
vn 0.0861 -0.6074 0.7897
vn -0.0783 -0.1386 0.9872
vn -0.3819 -0.5710 0.7267
vn 0.7569 0.2560 0.6013
vn 0.3007 0.4147 0.8589
vn 0.4754 -0.2453 0.8449
vn -0.2456 0.4491 0.8591
vn 0.8065 -0.1793 0.5634
vn 0.4079 -0.6271 0.6636
vn -0.1105 -0.7991 0.5910
vn -0.5709 -0.7052 0.4204
vn -0.9581 -0.2647 0.1099
vn -0.9201 0.3396 -0.1951
vn -0.4758 0.8094 -0.3442
vn -0.0004 0.9556 -0.2948
vn 0.5013 0.8608 -0.0875
vn 0.8477 0.4771 0.2321
vn 0.4434 0.8534 0.2740
vn 0.0366 0.7838 0.6199
vn 0.5533 0.4291 0.7139
vn -0.3684 0.9030 -0.2208
vn -0.4712 0.8314 0.2946
vn 0.0241 0.9995 0.0219
vn -0.9995 0.0071 0.0319
vn -0.8332 0.2746 0.4800
vn -0.8003 0.5872 -0.1215
vn -0.3858 -0.6512 0.6535
vn -0.4847 -0.1628 0.8594
vn -0.8000 -0.4095 0.4384
vn 0.4438 -0.1784 0.8782
vn 0.0292 0.1616 0.9864
vn 0.0058 -0.4880 0.8728
vn -0.4166 0.4595 0.7844
vn 0.3706 -0.5520 0.7469
vn -0.0723 -0.7756 0.6271
vn -0.5527 -0.7472 0.3691
vn -0.9067 -0.4214 0.0179
vn -0.9130 0.2190 -0.3442
vn -0.5462 0.7068 -0.4496
vn -0.0514 0.9393 -0.3393
vn 0.3748 0.9221 -0.0957
vn 0.7411 0.5901 0.3202
vn 0.7497 0.0064 0.6617
vn 0.5273 0.8020 0.2804
vn 0.1712 0.7027 0.6906
vn 0.6777 0.3257 0.6592
vn -0.3586 0.9302 -0.0779
vn -0.3858 0.8023 0.4555
vn 0.0777 0.9907 0.1113
vn -0.9801 0.0242 0.1972
vn -0.7340 0.2310 0.6387
vn -0.7885 0.6115 0.0661
vn -0.3086 -0.6970 0.6473
vn -0.3484 -0.2466 0.9043
vn -0.7334 -0.4315 0.5253
vn 0.5594 -0.2847 0.7785
vn 0.1865 0.0422 0.9815
vn 0.1135 -0.5727 0.8119
vn -0.2683 0.3668 0.8908
vn 0.4464 -0.6334 0.6321
vn -0.0150 -0.8246 0.5655
vn -0.5202 -0.7584 0.3926
vn -0.9064 -0.4002 0.1351
vn -0.9490 0.2651 -0.1706
vn -0.5809 0.7576 -0.2975
vn -0.0561 0.9668 -0.2493
vn 0.4072 0.9102 -0.0757
vn 0.8160 0.5193 0.2541
vn 0.8375 -0.0952 0.5381
vn -0.0985 -0.8561 0.5073
vn 0.0666 -0.8420 0.5354
vn -0.1391 -0.8443 0.5175
vn 0.1889 -0.7988 0.5712
vn -0.2077 -0.9341 0.2904
vn -0.1507 -0.8497 0.5053
vn 0.5404 0.3479 0.7662
vn -0.9592 0.1733 0.2235
vn -0.3801 0.4359 0.8158
vn 0.9157 0.0426 0.3995
vn -0.3807 0.4360 0.8155
vn 0.9187 0.2127 0.3328
vn -0.9421 -0.2077 -0.2634
vn -0.3861 0.4347 0.8136
vn -0.3811 0.4367 0.8149
vn -0.9085 -0.0458 -0.4154
vt 0.321161 0.827113
vt 0.321222 0.939572
vt 0.359495 0.955765
vt 0.359495 0.827051
vt 0.593956 0.664413
vt 0.697219 0.665316
vt 0.697216 0.623582
vt 0.568524 0.624595
vt 0.362285 0.137138
vt 0.380902 0.259792
vt 0.422710 0.259159
vt 0.395362 0.123885
vt 0.381261 0.389754
vt 0.423370 0.389762
vt 0.170686 -0.000000
vt 0.168430 0.133664
vt 0.197476 0.128057
vt 0.207310 0.000005
vt 0.170254 0.255089
vt 0.207101 0.263875
vt 0.171152 0.388803
vt 0.212811 0.388808
vt 0.761946 0.039654
vt 0.894811 0.040086
vt 0.894811 0.013613
vt 0.767558 -0.000000
vt 0.465971 0.151333
vt 0.465841 0.000165
vt 0.423997 0.000206
vt 0.423370 0.134719
vt 0.048883 0.778198
vt 0.042287 0.635950
vt 0.000000 0.646229
vt 0.011719 0.778320
vt 0.897686 0.255284
vt 0.897731 0.389797
vt 0.935874 0.389769
vt 0.934961 0.253825
vt 0.894437 0.596823
vt 0.892673 0.464685
vt 0.854549 0.468432
vt 0.856074 0.596752
vt 0.804576 0.235736
vt 0.804576 0.367952
vt 0.842930 0.367943
vt 0.842958 0.230669
vt 0.895748 0.520840
vt 0.894811 0.647309
vt 0.933208 0.650625
vt 0.934215 0.514762
vt 0.896215 0.778749
vt 0.934720 0.778669
vt 0.167588 0.527539
vt 0.166255 0.388950
vt 0.125384 0.389084
vt 0.123451 0.510359
vt 0.082669 0.389225
vt 0.083395 0.523799
vt 0.043038 0.389356
vt 0.040944 0.518877
vt 0.195353 0.646249
vt 0.204141 0.519776
vt 0.168106 0.652747
vt 0.124641 0.645607
vt 0.082504 0.658755
vt 0.204210 0.777686
vt 0.168524 0.777803
vt 0.127650 0.777938
vt 0.084900 0.778079
vt 0.591550 0.126055
vt 0.591111 0.000041
vt 0.549261 0.000082
vt 0.548817 0.135985
vt 0.507543 0.000123
vt 0.506990 0.128765
vt 0.589758 0.249947
vt 0.549674 0.263450
vt 0.506699 0.244877
vt 0.480570 0.267066
vt 0.632978 0.389769
vt 0.605714 0.264599
vt 0.591945 0.389810
vt 0.549558 0.389851
vt 0.506941 0.389893
vt 0.465368 0.389934
vt 0.782355 0.206433
vt 0.894811 0.207883
vt 0.894811 0.165858
vt 0.785177 0.165597
vt 0.894811 0.123590
vt 0.761539 0.123977
vt 0.894811 0.081944
vt 0.771418 0.082270
vt 0.012867 0.264921
vt -0.000000 0.388806
vt 0.044587 0.388808
vt 0.046044 0.255906
vt 0.086319 0.388808
vt 0.085857 0.259858
vt 0.128597 0.388808
vt 0.128435 0.258240
vt 0.002948 0.128293
vt 0.044984 0.132941
vt 0.086429 0.126556
vt 0.127556 0.127737
vt 0.011856 0.000000
vt 0.047539 0.000001
vt 0.086435 0.000001
vt 0.295765 0.251076
vt 0.296598 0.389742
vt 0.339750 0.389744
vt 0.339051 0.253302
vt 0.297358 0.136670
vt 0.339471 0.126308
vt 0.212811 -0.000000
vt 0.229033 0.126956
vt 0.270273 0.123766
vt 0.256085 0.000011
vt 0.296869 0.000019
vt 0.341078 0.000031
vt 0.381237 0.000039
vt 0.565548 0.791689
vt 0.697219 0.791615
vt 0.697217 0.749905
vt 0.574416 0.749243
vt 0.697213 0.708391
vt 0.566061 0.707800
vt 0.423372 0.515170
vt 0.552537 0.513981
vt 0.555617 0.474209
vt 0.423370 0.475264
vt 0.212812 0.599562
vt 0.345028 0.599480
vt 0.361088 0.557064
vt 0.212811 0.558269
vt 0.340284 0.516037
vt 0.212811 0.514237
vt 0.336518 0.473889
vt 0.212812 0.472825
vt 0.168334 0.903982
vt 0.168295 0.861801
vt 0.129898 0.862810
vt 0.129464 0.902608
vt 0.208067 0.985670
vt 0.208383 0.944872
vt 0.169768 0.945940
vt 0.168575 0.985449
vt 0.207055 0.902967
vt 0.168575 0.902220
vt 0.207926 0.861384
vt 0.169135 0.860880
vt 0.207370 0.818656
vt 0.168996 0.818331
vt 0.170302 0.778320
vt 0.169049 0.799493
vt 0.189985 0.778730
vt 0.417928 0.434910
vt 0.403379 0.419534
vt 0.417909 0.434936
vt 0.403379 0.449015
vt 0.051801 0.982713
vt 0.030558 0.983033
vt 0.051889 0.983041
vt 0.051762 0.965965
vt 0.418122 0.404694
vt 0.403379 0.389762
vt 0.403379 0.419534
vt 0.551232 0.577586
vt 0.559159 0.557601
vt 0.560792 0.535846
vt 0.534049 0.556685
vt 0.568497 0.432464
vt 0.554550 0.412245
vt 0.504971 0.432595
vt 0.552342 0.454048
vt 0.255267 0.233686
vt 0.233822 0.254396
vt 0.255372 0.276516
vt 0.276245 0.250977
vt 0.077101 0.845651
vt 0.077133 0.866920
vt 0.077110 0.888140
vt 0.077134 0.867131
vt 0.580351 0.831884
vt 0.697219 0.817243
vt 0.697218 0.800493
vt 0.562436 0.810492
vt 0.207579 0.779073
vt 0.895066 0.784168
vt 0.894811 0.911449
vt 0.911845 0.911083
vt 0.932686 0.910636
vt 0.932686 0.793729
vt 0.912008 0.778749
vt 0.209137 0.388808
vt 0.188872 0.388875
vt 0.986905 0.139348
vt 0.999559 0.139335
vt 1.000000 0.096226
vt 0.987346 0.096201
vt 0.896127 0.389875
vt 0.934720 0.389797
vt 0.917172 0.389832
vt 0.403379 0.514897
vt 0.399185 0.389769
vt 0.382193 0.389766
vt 0.361088 0.389762
vt 0.365087 0.513550
vt 0.423370 0.000047
vt 0.401991 0.000043
vt 0.423370 0.599248
vt 0.547233 0.597422
vt 0.423372 0.557138
vt 0.423371 0.578262
vt 0.423370 0.827777
vt 0.423719 0.944294
vt 0.461786 0.951471
vt 0.461786 0.827594
vt 0.441251 0.827692
vt 0.423372 0.431111
vt 0.560629 0.389975
vt 0.423375 0.389976
vt 0.167307 0.820588
vt 0.149660 0.820977
vt 0.129941 0.842679
vt 0.168575 0.778320
vt 0.129499 0.778534
vt 0.129752 0.800858
vt 0.215731 0.253801
vt 0.256104 0.389727
vt 0.213660 0.389718
vt 0.128650 0.000002
vt 0.150131 0.000001
vt 0.107641 0.000002
vt 0.115830 0.909049
vt 0.128478 0.909079
vt 0.128756 0.866334
vt 0.116107 0.866302
vt 0.999946 0.054664
vt 0.987292 0.054692
vt 0.115722 0.945065
vt 0.128370 0.945046
vt 0.947807 0.842841
vt 0.937892 0.850716
vt 0.964846 0.855804
vt 0.964884 0.843129
vt 0.995482 0.002910
vt 0.987311 0.012586
vt 0.115612 0.982227
vt 0.124907 0.990791
vt 0.877591 0.853663
vt 0.890214 0.841022
vt 0.877565 0.840987
vt 0.838848 0.841592
vt 0.838874 0.854267
vt 0.986052 0.716969
vt 0.998701 0.716939
vt 0.998623 0.676175
vt 0.985974 0.676186
vt 0.948562 0.054842
vt 0.935908 0.054845
vt 0.935879 0.096724
vt 0.948533 0.096689
vt 0.986214 0.402472
vt 0.986231 0.389797
vt 0.968579 0.390052
vt 0.968562 0.402727
vt 0.947373 0.423263
vt 0.934720 0.423197
vt 0.934720 0.445875
vt 0.947374 0.445878
vt 0.985922 0.761177
vt 0.998570 0.761180
vt 0.936330 0.138432
vt 0.948984 0.138403
vt 0.969874 0.000000
vt 0.969838 0.012664
vt 0.986000 0.801335
vt 0.998648 0.801328
vt 0.935874 0.180104
vt 0.948528 0.180104
vt 0.051683 0.957087
vt 0.064337 0.957026
vt 0.064297 0.915345
vt 0.051643 0.915380
vt 0.940034 0.231216
vt 0.948637 0.221945
vt 0.948528 0.033991
vt 0.935874 0.034025
vt 0.064416 0.873806
vt 0.051762 0.873870
vt 0.947698 0.759423
vt 0.935049 0.759426
vt 0.934719 0.801843
vt 0.947368 0.801808
vt 0.013228 0.983123
vt 0.004295 0.992029
vt 0.030773 0.995596
vt 0.063891 0.830744
vt 0.051237 0.830797
vt 0.947463 0.716807
vt 0.934815 0.716836
vt 0.064416 0.965876
vt 0.058040 0.778367
vt 0.051248 0.789066
vt 0.947389 0.675236
vt 0.934740 0.675268
vt 0.064485 0.866955
vt 0.064462 0.888203
vt 0.005547 0.778320
vt 0.012558 0.788867
vt 0.947240 0.633927
vt 0.937882 0.625479
vt 0.064453 0.845657
vt 0.115989 0.789743
vt 0.125020 0.780870
vt 0.069817 0.778320
vt 0.077371 0.788474
vt 0.306778 0.955611
vt 0.306851 0.827074
vt 0.285795 0.827061
vt 0.268248 0.827051
vt 0.268423 0.955585
vt 0.423370 0.650993
vt 0.548827 0.650561
vt 0.548909 0.603820
vt 0.423437 0.599248
vt 0.568518 0.444248
vt 0.697041 0.444705
vt 0.697018 0.403525
vt 0.568497 0.402543
vt 0.697219 0.440576
vt 0.825584 0.439771
vt 0.825586 0.389975
vt 0.697222 0.405204
vt 0.212811 0.650694
vt 0.338287 0.656531
vt 0.338289 0.610773
vt 0.212814 0.599562
vt 0.697219 0.671832
vt 0.825756 0.668992
vt 0.825758 0.618915
vt 0.697220 0.621175
vt 0.362168 0.780258
vt 0.361088 0.905752
vt 0.417479 0.905019
vt 0.417479 0.779539
vt 0.697220 0.795038
vt 0.825757 0.796625
vt 0.825757 0.752534
vt 0.697220 0.754122
vt 0.825756 0.711130
vt 0.697219 0.711414
vt 0.212811 0.775961
vt 0.338287 0.776160
vt 0.338286 0.735247
vt 0.212811 0.734079
vt 0.338287 0.692500
vt 0.212812 0.692367
vt 0.697223 0.618915
vt 0.825586 0.615219
vt 0.825584 0.566350
vt 0.697219 0.566348
vt 0.825584 0.523932
vt 0.697219 0.524053
vt 0.825584 0.481340
vt 0.697219 0.482430
vt 0.568602 0.570814
vt 0.697122 0.570729
vt 0.697095 0.528789
vt 0.568576 0.529106
vt 0.697068 0.488900
vt 0.568549 0.486845
vt 0.423455 0.827594
vt 0.548909 0.818344
vt 0.548844 0.773682
vt 0.423386 0.776126
vt 0.548839 0.734832
vt 0.423388 0.735671
vt 0.633125 0.178672
vt 0.761471 0.177897
vt 0.761471 0.137132
vt 0.633125 0.136988
vt 0.761476 0.092890
vt 0.633123 0.095447
vt 0.761476 0.052740
vt 0.633130 0.052381
vt 0.268248 0.953033
vt 0.268248 0.827569
vt 0.237806 0.827293
vt 0.212811 0.827051
vt 0.213107 0.952522
vt 0.212814 0.827051
vt 0.338289 0.820701
vt 0.212811 0.796782
vt 0.697221 0.837950
vt 0.825758 0.837966
vt 0.697221 0.817716
vt 0.761476 0.032034
vt 0.761539 0.001581
vt 0.633226 -0.000000
vt 0.691616 0.230683
vt 0.694709 0.359037
vt 0.746749 0.359037
vt 0.748531 0.230677
vt 0.719076 0.230669
vt 0.804576 0.360064
vt 0.804445 0.231668
vt 0.748531 0.230669
vt 0.748531 0.359064
vt 0.777854 0.359585
vt 0.633175 0.212987
vt 0.761539 0.230669
vt 0.633124 0.187524
vt 0.633123 0.230669
vt 0.634719 0.359208
vt 0.661275 0.359209
vt 0.690424 0.359206
vt 0.691616 0.230669
vt 0.568682 0.623582
vt 0.697219 0.622924
vt 0.697134 0.591841
vt 0.423375 0.692558
vt 0.548834 0.692439
vt 0.548830 0.671140
vt 0.548836 0.713688
vt 0.986053 0.822087
vt 0.998701 0.822034
vt 0.128530 0.825421
vt 0.115881 0.825427
vt 0.987330 0.179841
vt 0.999984 0.179789
vt 0.947381 0.569087
vt 0.934727 0.569071
vt 0.937090 0.619717
vt 0.947227 0.612123
vt 0.064416 0.825079
vt 0.077065 0.825097
vt 0.877370 0.673831
vt 0.890018 0.673823
vt 0.890041 0.652712
vt 0.877392 0.652707
vt 0.697219 0.390957
vt 0.568698 0.389975
vt 0.947389 0.529459
vt 0.934735 0.529492
vt 0.077083 0.909345
vt 0.064434 0.909347
vt 0.064416 0.948196
vt 0.077064 0.948240
vt 0.994338 0.623426
vt 0.986040 0.632913
vt 0.947422 0.486746
vt 0.934768 0.486787
vt 0.986467 0.444130
vt 0.999121 0.444115
vt 0.998868 0.402412
vt 0.987351 0.222282
vt 0.996266 0.231243
vt 0.856456 0.631576
vt 0.855850 0.618915
vt 0.829576 0.622643
vt 0.838317 0.631799
vt 0.986149 0.486681
vt 0.998803 0.486708
vt 0.067985 0.992843
vt 0.076948 0.983922
vt 0.826228 0.672715
vt 0.838876 0.672640
vt 0.986088 0.528956
vt 0.998742 0.528966
vt 0.986170 0.615270
vt 0.995851 0.623426
vt 0.998754 0.570672
vt 0.986100 0.570685
vt 0.948496 0.012833
vt 0.939708 0.003743
vt 0.826091 0.714851
vt 0.838739 0.714859
vt 0.000102 0.830923
vt 0.012756 0.830888
vt 0.825865 0.756253
vt 0.838514 0.756269
vt 0.947397 0.390355
vt 0.947380 0.403031
vt 0.890300 0.799843
vt 0.877652 0.799853
vt 0.934726 0.402965
vt 0.825758 0.800342
vt 0.838406 0.800300
vt 0.890300 0.755649
vt 0.877652 0.755701
vt 0.986098 0.843466
vt 0.994978 0.852505
vt 0.890109 0.715762
vt 0.877461 0.715797
vt 0.826200 0.841682
vt 0.061384 0.991338
vt 0.013088 0.956652
vt 0.000434 0.956686
vt 0.013051 0.914797
vt 0.000397 0.914834
vt 0.877420 0.630949
vt 0.886024 0.621653
vt 0.012654 0.873155
vt 0.000000 0.873216
vt 0.321089 0.955588
vt 0.321161 0.827051
vt 0.417899 0.470079
vt 0.416159 0.474647
vt 0.423203 0.474644
vt 0.404896 0.474308
vt 0.408516 0.477133
vt 0.410837 0.470621
vt 0.415737 0.557269
vt 0.409702 0.560089
vt 0.415144 0.564114
vt 0.344145 0.691052
vt 0.349680 0.689737
vt 0.345329 0.684061
vt 0.638987 0.379455
vt 0.644635 0.379444
vt 0.640238 0.372939
vt 0.420882 0.481156
vt 0.413951 0.481157
vt 0.416159 0.487665
vt 0.423203 0.487662
vt 0.417899 0.492226
vt 0.408516 0.485178
vt 0.410837 0.491685
vt 0.404896 0.487996
vt 0.409702 0.568134
vt 0.415737 0.570957
vt 0.553757 0.668245
vt 0.549389 0.673858
vt 0.554965 0.675242
vt 0.640238 0.385957
vt 0.633123 0.375433
vt 0.633533 0.368912
vt 0.338289 0.695009
vt 0.345329 0.696503
vt 0.338289 0.687319
vt 0.338578 0.679710
vt 0.344636 0.678106
vt 0.422101 0.560091
vt 0.422101 0.568136
vt 0.560493 0.663865
vt 0.554401 0.662212
vt 0.560825 0.671525
vt 0.560825 0.679165
vt 0.553757 0.680607
vt 0.633533 0.389975
vt 0.633123 0.383478
vt 0.420959 0.553579
vt 0.420959 0.574643
vt 0.685956 0.374217
vt 0.691522 0.375659
vt 0.687158 0.368912
vt 0.404868 0.452703
vt 0.409467 0.455528
vt 0.410951 0.449016
vt 0.404868 0.466391
vt 0.409467 0.463573
vt 0.403379 0.459548
vt 0.415704 0.682473
vt 0.410160 0.683833
vt 0.414515 0.689469
vt 0.415726 0.585189
vt 0.422101 0.585180
vt 0.417451 0.578674
vt 0.421719 0.459549
vt 0.415226 0.459551
vt 0.417039 0.466058
vt 0.423203 0.466055
vt 0.414515 0.677072
vt 0.410951 0.470079
vt 0.417039 0.453041
vt 0.687159 0.381221
vt 0.423203 0.453037
vt 0.417451 0.591692
vt 0.409927 0.581164
vt 0.411237 0.574643
vt 0.421561 0.678529
vt 0.421561 0.686191
vt 0.421263 0.693830
vt 0.415196 0.695468
vt 0.567483 0.605759
vt 0.561520 0.602937
vt 0.560582 0.609782
vt 0.567483 0.613805
vt 0.561520 0.616624
vt 0.680419 0.385601
vt 0.686504 0.387300
vt 0.680097 0.377910
vt 0.680097 0.370303
vt 0.411237 0.595706
vt 0.409927 0.589209
vt 0.567245 0.599248
vt 0.567245 0.620311
vt 0.554506 0.602744
vt 0.548909 0.605819
vt 0.553645 0.609431
vt 0.343893 0.664829
vt 0.338289 0.666750
vt 0.343036 0.671892
vt 0.415760 0.606553
vt 0.421990 0.606333
vt 0.417383 0.599905
vt 0.555232 0.686235
vt 0.560635 0.687405
vt 0.556339 0.680607
vt 0.339900 0.638007
vt 0.343993 0.635044
vt 0.338289 0.631135
vt 0.349604 0.630974
vt 0.343993 0.627001
vt 0.556339 0.693203
vt 0.351638 0.624525
vt 0.345935 0.620616
vt 0.417383 0.612896
vt 0.356363 0.631036
vt 0.358305 0.624652
vt 0.342294 0.659824
vt 0.351638 0.637537
vt 0.358305 0.637664
vt 0.338289 0.674554
vt 0.343893 0.678106
vt 0.345934 0.641671
vt 0.548909 0.613840
vt 0.554506 0.616390
vt 0.549541 0.697480
vt 0.555489 0.698981
vt 0.549389 0.689988
vt 0.549389 0.682204
vt 0.411036 0.616726
vt 0.409927 0.610526
vt 0.409927 0.602497
vt 0.411036 0.595706
vt 0.349516 0.660687
vt 0.349974 0.668145
vt 0.349974 0.675949
vt 0.560582 0.605370
vt 0.560582 0.613391
vt 0.560134 0.599248
vt 0.560134 0.620247
vt 0.416089 0.550083
vt 0.422161 0.547127
vt 0.416652 0.543359
vt 0.697349 0.382226
vt 0.702557 0.380466
vt 0.698366 0.375185
vt 0.650216 0.379049
vt 0.644635 0.379409
vt 0.649005 0.385749
vt 0.415693 0.671346
vt 0.409829 0.670390
vt 0.414310 0.677072
vt 0.416089 0.536418
vt 0.422161 0.539095
vt 0.418616 0.532416
vt 0.422161 0.525784
vt 0.416050 0.523590
vt 0.415560 0.530331
vt 0.421360 0.532416
vt 0.414310 0.664426
vt 0.409271 0.525435
vt 0.408470 0.532067
vt 0.649005 0.372775
vt 0.411986 0.517861
vt 0.404896 0.519597
vt 0.408608 0.513658
vt 0.419952 0.518077
vt 0.415578 0.512239
vt 0.422161 0.514025
vt 0.420908 0.659986
vt 0.414582 0.658698
vt 0.421561 0.667421
vt 0.421561 0.675237
vt 0.655738 0.368912
vt 0.656076 0.375014
vt 0.656076 0.383033
vt 0.655738 0.389905
vt 0.691522 0.386243
vt 0.698327 0.387300
vt 0.691547 0.378755
vt 0.691522 0.370967
vt 0.697308 0.368976
vt 0.409702 0.547346
vt 0.409702 0.539314
vt 0.410915 0.553579
vt 0.410915 0.532551
vt 0.356694 0.603271
vt 0.352606 0.605942
vt 0.358306 0.610080
vt 0.554479 0.624111
vt 0.548909 0.626638
vt 0.553604 0.631075
vt 0.662148 0.374410
vt 0.656076 0.376119
vt 0.661585 0.381451
vt 0.416128 0.647821
vt 0.421561 0.648246
vt 0.417253 0.641585
vt 0.356694 0.616953
vt 0.352606 0.613984
vt 0.350660 0.620616
vt 0.346997 0.609912
vt 0.344960 0.616478
vt 0.417253 0.654547
vt 0.340235 0.609977
vt 0.338289 0.616610
vt 0.659622 0.368912
vt 0.344960 0.603466
vt 0.338289 0.603597
vt 0.656076 0.383574
vt 0.662148 0.387093
vt 0.350660 0.599562
vt 0.548909 0.634656
vt 0.554479 0.637751
vt 0.672951 0.375187
vt 0.668535 0.380580
vt 0.674231 0.382185
vt 0.680097 0.385974
vt 0.672951 0.387247
vt 0.410464 0.658698
vt 0.410282 0.651779
vt 0.410282 0.643768
vt 0.410464 0.637725
vt 0.667322 0.369789
vt 0.668535 0.377539
vt 0.668535 0.384994
vt 0.560536 0.627125
vt 0.560536 0.635143
vt 0.679635 0.370718
vt 0.673444 0.368912
vt 0.680097 0.378520
vt 0.560125 0.620247
vt 0.560125 0.641238
vt 0.344698 0.659824
vt 0.350811 0.656571
vt 0.345230 0.653549
vt 0.555243 0.658371
vt 0.560536 0.655914
vt 0.556247 0.651403
vt 0.355222 0.683801
vt 0.349680 0.684868
vt 0.354034 0.690746
vt 0.415693 0.627589
vt 0.409927 0.627262
vt 0.414371 0.633878
vt 0.344698 0.646462
vt 0.350811 0.648717
vt 0.347319 0.641671
vt 0.423042 0.505590
vt 0.416873 0.503563
vt 0.416565 0.510314
vt 0.422420 0.512239
vt 0.414371 0.620900
vt 0.410147 0.505590
vt 0.409525 0.512239
vt 0.404896 0.506838
vt 0.412656 0.497946
vt 0.405616 0.499870
vt 0.409166 0.493833
vt 0.420625 0.497946
vt 0.416095 0.492226
vt 0.560536 0.647903
vt 0.555243 0.644741
vt 0.339580 0.642149
vt 0.421021 0.616726
vt 0.421561 0.623584
vt 0.421561 0.631605
vt 0.421021 0.637725
vt 0.361079 0.679806
vt 0.354034 0.678106
vt 0.361079 0.687618
vt 0.360783 0.695067
vt 0.354718 0.696473
vt 0.549389 0.655294
vt 0.549389 0.647283
vt 0.338289 0.657343
vt 0.338289 0.649489
vt 0.549440 0.662211
vt 0.549440 0.641237
vt 0.630110 0.142003
vt 0.632832 0.128326
vt 0.632972 0.119144
vt 0.617690 0.126564
vt 0.025370 0.516204
vt 0.008899 0.498209
vt 0.010154 0.513536
vt 0.010280 0.521410
vt 0.454421 0.260844
vt 0.437402 0.241966
vt 0.439784 0.257362
vt 0.439405 0.265149
vt 0.152269 0.946311
vt 0.167745 0.960566
vt 0.167519 0.953662
vt 0.166765 0.939710
vt 0.633123 0.000000
vt 0.611963 0.000021
vt 0.400004 0.637531
vt 0.361278 0.648906
vt 0.384392 0.651180
vt 0.399624 0.779539
vt 0.399592 0.668110
vt 0.361088 0.779530
vt 0.378432 0.779534
vt 0.894642 0.316704
vt 0.893448 0.207956
vt 0.854549 0.207883
vt 0.857187 0.331804
vt 0.879657 0.331976
vt 0.000000 0.389498
vt 0.894563 0.347478
vt 0.895170 0.148017
vt 0.932748 0.126961
vt 0.909813 0.130436
vt 0.424059 0.389975
vt 0.897517 0.000028
vt 0.895124 0.117379
vt 0.935874 0.000000
vt 0.168575 0.986004
vt 0.149816 0.946193
vt 0.129233 0.966222
vt 0.129496 0.986093
vt 0.346144 0.445328
vt 0.335638 0.430691
vt 0.212812 0.430604
vt 0.343524 0.417239
vt 0.329330 0.391930
vt 0.212811 0.389762
vt 0.128756 0.924397
vt 0.541667 0.000000
vt 0.625000 0.000000
vt 0.625000 0.250000
vt 0.541667 0.250000
vt 0.541667 0.500000
vt 0.625000 0.500000
vt 0.625000 0.750000
vt 0.541667 0.750000
vt 0.625000 1.000000
vt 0.541667 1.000000
vt 0.541667 0.875000
vt 0.625000 0.375000
vt 0.541667 0.375000
vt 0.875000 0.500000
vt 0.875000 0.750000
vt 0.625011 0.500000
vt 0.640383 0.500000
vt 0.653719 0.500000
vt 0.641696 0.500000
vt 0.660009 0.500000
vt 0.664663 0.500000
vt 0.665685 0.500000
vt 0.663355 0.500000
vt 0.701127 0.500000
vt 0.688527 0.500000
vt 0.675906 0.500000
vt 0.682055 0.500000
vt 0.684868 0.500000
vt 0.675216 0.500000
vt 0.835237 0.500000
vt 0.824094 0.500000
vt 0.682475 0.500000
vt 0.676103 0.500000
vt 0.688733 0.500000
vt 0.750000 0.500000
vt 0.744143 0.500000
vt 0.755783 0.500000
vt 0.744248 0.500000
vt 0.766151 0.500000
vt 0.757008 0.500000
vt 0.741862 0.500000
vt 0.730749 0.500000
vt 0.763138 0.500000
vt 0.791102 0.500000
vt 0.772244 0.500000
vt 0.776762 0.500000
vt 0.753959 0.500000
vt 0.751600 0.500000
vt 0.823341 0.500000
vt 0.835087 0.500000
vt 0.708898 0.500000
vt 0.722544 0.500000
vt 0.737383 0.500000
vt 0.728737 0.500000
vt 0.874989 0.500000
vt 0.858780 0.500000
vt 0.846281 0.500000
vt 0.859133 0.500000
vt 0.838676 0.500000
vt 0.839448 0.500000
vt 0.798873 0.500000
vt 0.811473 0.500000
vt 0.817439 0.500000
vt 0.812979 0.500000
vt 0.823863 0.500000
vt 0.818284 0.500000
vt 0.810660 0.500000
vt 0.763005 0.500000
vt 0.756176 0.500000
vt 0.708898 0.500000
vt 0.727756 0.500000
vt 0.736862 0.500000
vt 0.724290 0.500000
vt 0.748936 0.500000
vt 0.749567 0.500000
vt 0.736938 0.500000
vt 0.775878 0.500000
vt 0.772001 0.500000
vt 0.763959 0.500000
vt 0.746220 0.500000
vt 0.753788 0.500000
vt 0.662691 0.500000
vt 0.837309 0.500000
vt 0.749530 0.500000
vt 0.718960 0.500000
vt 0.734329 0.500000
vt 0.750437 0.500000
vt 0.713011 0.500000
vt 0.734091 0.500000
vt 0.700540 0.500000
vt 0.798496 0.500000
vt 0.787673 0.500000
vt 0.718437 0.500000
vt 0.728013 0.500000
vt 0.738114 0.500000
vt 0.734324 0.500000
vt 0.771417 0.500000
vt 0.767995 0.500000
vt 0.773408 0.500000
vt 0.791312 0.500000
vt 0.736686 0.500000
vt 0.752061 0.500000
vt 0.745361 0.500000
vt 0.737219 0.500000
vt 0.773248 0.500000
vt 0.771995 0.500000
vt 0.755762 0.500000
vt 0.762060 0.500000
vt 0.759712 0.500000
vt 0.770523 0.500000
vt 0.726525 0.500000
vt 0.727879 0.500000
vt 0.725839 0.500000
vt 0.718786 0.500000
vt 0.787017 0.500000
vt 0.784585 0.500000
vt 0.778098 0.500000
vt 0.778356 0.500000
vt 0.767402 0.500000
vt 0.758960 0.500000
vt 0.756444 0.500000
vt 0.757423 0.500000
vt 0.751141 0.500000
vt 0.753977 0.500000
vt 0.751754 0.500000
vt 0.752458 0.500000
vt 0.743319 0.500000
vt 0.745108 0.500000
vt 0.746087 0.500000
vt 0.751618 0.500000
vt 0.744911 0.500000
vt 0.746984 0.500000
vt 0.750326 0.500000
vt 0.752885 0.500000
vt 0.749781 0.500000
vt 0.746930 0.500000
vt 0.753674 0.500000
vt 0.761185 0.500000
vt 0.831814 0.500000
vt 0.668187 0.500000
vt 0.325000 0.727273
vt 0.375000 0.727273
vt 0.375000 0.750000
vt 0.325000 0.750000
vt 0.825000 0.590909
vt 0.875000 0.590909
vt 0.875000 0.613636
vt 0.825000 0.613636
vt 0.825000 0.636364
vt 0.875000 0.636364
vt 0.875000 0.659091
vt 0.825000 0.659091
vt 0.875000 0.681818
vt 0.825000 0.681818
vt 0.875000 0.704545
vt 0.825000 0.704545
vt 0.325000 0.590909
vt 0.375000 0.590909
vt 0.375000 0.613636
vt 0.325000 0.613636
vt 0.325000 0.636364
vt 0.375000 0.636364
vt 0.375000 0.659091
vt 0.325000 0.659091
vt 0.625000 0.590909
vt 0.625000 0.613636
vt 0.625000 0.636364
vt 0.625000 0.659091
vt 0.375000 0.000000
vt 0.625000 0.022727
vt 0.375000 0.022727
vt 0.175000 0.681818
vt 0.225000 0.681818
vt 0.225000 0.704545
vt 0.175000 0.704545
vt 0.275000 0.681818
vt 0.275000 0.704545
vt 0.325000 0.681818
vt 0.325000 0.704545
vt 0.175000 0.659091
vt 0.225000 0.659091
vt 0.275000 0.659091
vt 0.175000 0.636364
vt 0.225000 0.636364
vt 0.275000 0.636364
vt 0.175000 0.590909
vt 0.225000 0.590909
vt 0.225000 0.613636
vt 0.175000 0.613636
vt 0.275000 0.590909
vt 0.275000 0.613636
vt 0.625000 0.681818
vt 0.675000 0.681818
vt 0.675000 0.704545
vt 0.625000 0.704545
vt 0.725000 0.681818
vt 0.725000 0.704545
vt 0.775000 0.681818
vt 0.775000 0.704545
vt 0.675000 0.659091
vt 0.725000 0.659091
vt 0.775000 0.659091
vt 0.675000 0.636364
vt 0.725000 0.636364
vt 0.725000 0.590909
vt 0.775000 0.590909
vt 0.775000 0.613636
vt 0.725000 0.613636
vt 0.725000 0.727273
vt 0.775000 0.727273
vt 0.775000 0.750000
vt 0.725000 0.750000
vt 0.125000 0.727273
vt 0.175000 0.727273
vt 0.175000 0.750000
vt 0.125000 0.750000
vt 0.225000 0.727273
vt 0.225000 0.750000
vt 0.275000 0.727273
vt 0.275000 0.750000
vt 0.375000 0.850000
vt 0.625000 0.850000
vt 0.625000 0.900000
vt 0.375000 0.900000
vt 0.128858 0.702757
vt 0.148607 0.704545
vt 0.125000 0.708269
vt 0.125728 0.704545
vt 0.625000 0.731398
vt 0.490981 0.727273
vt 0.650155 0.727273
vt 0.625000 0.774290
vt 0.624074 0.790716
vt 0.625000 0.812171
vt 0.489003 0.800000
vt 0.490115 0.950000
vt 0.623570 0.937204
vt 0.625000 0.950000
vt 0.625000 0.974063
vt 0.675000 0.587203
vt 0.700923 0.590909
vt 0.675000 0.594631
vt 0.647902 0.590909
vt 0.800417 0.636364
vt 0.775000 0.640275
vt 0.749981 0.636364
vt 0.775000 0.632667
vt 0.125000 0.590909
vt 0.150226 0.613636
vt 0.125000 0.611610
vt 0.375000 0.140417
vt 0.512462 0.136364
vt 0.625000 0.136364
vt 0.625000 0.159091
vt 0.375000 0.159091
vt 0.125000 0.681818
vt 0.375000 0.049031
vt 0.511381 0.045455
vt 0.625000 0.045455
vt 0.625000 0.068182
vt 0.375000 0.068182
vt 0.675000 0.727273
vt 0.675000 0.746074
vt 0.649290 0.750000
vt 0.375000 0.800000
vt 0.699343 0.750000
vt 0.825000 0.727273
vt 0.875000 0.727273
vt 0.849064 0.750000
vt 0.825000 0.746040
vt 0.375000 0.950000
vt 0.375000 1.000000
vt 0.799407 0.750000
vt 0.675000 0.613636
vt 0.375000 0.113636
vt 0.625000 0.113636
vt 0.375000 0.041731
vt 0.375000 0.704545
vt 0.375000 0.133183
vt 0.125000 0.616817
vt 0.125000 0.636364
vt 0.625000 0.723212
vt 0.125000 0.613823
vt 0.181819 0.314921
vt 0.272728 0.314921
vt 0.227273 0.393651
vt 0.000000 0.314921
vt 0.090910 0.314921
vt 0.045455 0.393651
vt 0.727273 0.314921
vt 0.818182 0.314921
vt 0.772727 0.393651
vt 0.545455 0.314921
vt 0.636364 0.314921
vt 0.590909 0.393651
vt 0.363637 0.314921
vt 0.454546 0.314921
vt 0.409092 0.393651
vt 0.500000 0.393651
vt 0.454546 0.472382
vt 0.681818 0.393651
vt 0.636364 0.472382
vt 0.863636 0.393651
vt 0.818182 0.472382
vt 0.909091 0.314921
vt 0.136365 0.393651
vt 0.090910 0.472382
vt 0.318182 0.393651
vt 0.272728 0.472382
vt 0.409092 0.236191
vt 0.500000 0.236191
vt 0.590909 0.236191
vt 0.681818 0.236191
vt 0.772727 0.236191
vt 0.863636 0.236191
vt 0.045455 0.236191
vt 0.136365 0.236191
vt 0.227273 0.236191
vt 0.318182 0.236191
vt 0.954545 0.236191
vt 0.125000 0.649811
vt 0.174922 0.659091
vt 0.125000 0.663912
vt 0.125743 0.658522
vt 0.325070 0.681818
vt 0.375000 0.672628
vt 0.624715 0.681818
vt 0.375000 0.691636
vt 0.625000 0.090909
vt 0.624720 0.090909
vt 0.375000 0.081266
vt 0.375000 0.100189
vt 0.875000 0.598243
vt 0.375000 0.663249
vt 0.347036 0.659091
vt 0.530427 0.659091
vt 0.375000 0.599611
vt 0.532501 0.602273
vt 0.341692 0.602273
vt 0.375000 0.090909
vt 0.125000 0.659091
vt 0.175000 0.602273
vt 0.225000 0.602273
vt 0.275000 0.602273
vt 0.325000 0.602273
vt 0.625000 0.602273
vt 0.375000 0.681818
vt 0.375000 0.155066
vt 0.375822 0.153314
vt 0.495427 0.152566
vt 0.375251 0.152444
vt 0.625000 0.151757
vt 0.125000 0.599245
vt 0.141435 0.598940
vt 0.125000 0.595371
vt 0.375000 0.654920
vt 0.375000 0.604936
s 0
usemtl Dunkles_Holz
f 8/1/1 3/2/1 4/3/1 23/4/1
f 44/5/2 53/6/2 23/7/2 4/8/2
f 61/9/3 65/10/3 21/11/3 22/12/3
f 65/10/4 68/13/4 20/14/4 21/11/4
f 72/15/5 75/16/5 18/17/5 19/18/5
f 75/16/6 79/19/6 17/20/6 18/17/6
f 79/19/7 83/21/7 16/22/7 17/20/7
f 40/23/8 91/24/8 31/25/8 7/26/8
f 103/27/9 107/28/9 28/29/9 29/30/9
f 111/31/10 115/32/10 26/33/10 27/34/10
f 29/35/11 28/36/11 35/37/11 34/38/11
f 27/39/12 26/40/12 37/41/12 36/42/12
f 1/43/13 14/44/13 15/45/13 2/46/13
f 13/47/14 12/48/14 18/49/14 17/50/14
f 12/48/15 11/51/15 19/52/15 18/49/15
f 122/53/16 126/54/16 125/55/16 121/56/16
f 121/56/17 125/55/17 124/57/17 120/58/17
f 120/58/18 124/57/18 123/59/18 119/60/18
f 12/61/19 13/62/19 122/53/19 118/63/19
f 118/63/20 122/53/20 121/56/20 117/64/20
f 117/64/21 121/56/21 120/58/21 116/65/21
f 116/65/22 120/58/22 119/60/22 115/32/22
f 11/66/23 12/61/23 118/63/23 114/67/23
f 114/67/24 118/63/24 117/64/24 113/68/24
f 113/68/25 117/64/25 116/65/25 112/69/25
f 112/69/26 116/65/26 115/32/26 111/31/26
f 106/70/27 110/71/27 109/72/27 105/73/27
f 105/73/28 109/72/28 108/74/28 104/75/28
f 104/75/29 108/74/29 107/28/29 103/27/29
f 102/76/30 106/70/30 105/73/30 101/77/30
f 101/77/31 105/73/31 104/75/31 100/78/31
f 100/78/32 104/75/32 103/27/32 99/79/32
f 9/80/33 10/81/33 102/76/33 98/82/33
f 98/82/34 102/76/34 101/77/34 97/83/34
f 97/83/35 101/77/35 100/78/35 96/84/35
f 96/84/36 100/78/36 99/79/36 95/85/36
f 3/86/37 8/87/37 94/88/37 43/89/37
f 43/89/38 94/88/38 93/90/38 42/91/38
f 42/91/39 93/90/39 92/92/39 41/93/39
f 41/93/40 92/92/40 91/24/40 40/23/40
f 38/94/41 39/95/41 86/96/41 82/97/41
f 82/97/42 86/96/42 85/98/42 81/99/42
f 81/99/43 85/98/43 84/100/43 80/101/43
f 80/101/44 84/100/44 83/21/44 79/19/44
f 37/102/45 38/94/45 82/97/45 78/103/45
f 78/103/46 82/97/46 81/99/46 77/104/46
f 77/104/47 81/99/47 80/101/47 76/105/47
f 76/105/48 80/101/48 79/19/48 75/16/48
f 36/106/49 37/102/49 78/103/49 74/107/49
f 74/107/50 78/103/50 77/104/50 73/108/50
f 67/109/51 70/110/51 69/111/51 66/112/51
f 66/112/52 69/111/52 68/13/52 65/10/52
f 63/113/53 67/109/53 66/112/53 62/114/53
f 62/114/54 66/112/54 65/10/54 61/9/54
f 32/115/55 33/116/55 64/117/55 60/118/55
f 60/118/56 64/117/56 63/113/56 59/119/56
f 59/119/57 63/113/57 62/114/57 58/120/57
f 58/120/58 62/114/58 61/9/58 57/121/58
f 47/122/59 56/123/59 55/124/59 46/125/59
f 46/125/60 55/124/60 54/126/60 45/127/60
f 45/127/61 54/126/61 53/6/61 44/5/61
f 89/128/62 51/129/62 52/130/62 88/131/62
f 14/132/63 1/133/63 48/134/63 130/135/63
f 130/135/64 48/134/64 49/136/64 129/137/64
f 129/137/65 49/136/65 50/138/65 128/139/65
f 131/154/71 133/155/71 132/156/71
f 137/157/72 140/158/72 139/159/72 138/160/72
f 144/161/73 147/162/73 146/163/73 145/164/73
f 151/165/74 150/166/74 148/167/74
f 156/172/76 159/173/76 158/174/76 157/175/76
f 160/176/77 163/177/77 162/178/77 161/179/77
f 164/180/78 167/181/78 166/182/78 165/183/78
f 131/184/79 144/185/79 145/186/79 56/123/79 47/122/79 133/187/79
f 7/189/81 31/190/81 147/191/81 144/192/81 131/193/81 132/194/81
f 13/62/82 137/195/82 138/196/82 126/54/82 122/53/82
f 137/201/83 13/47/83 17/50/83 16/202/83 140/203/83
f 10/204/84 9/205/84 143/206/84 142/207/84 22/208/84
f 57/121/85 61/9/85 22/12/85 142/209/85 141/210/85
f 151/211/86 6/212/86 152/168/86 153/171/86 90/213/86 150/214/86
f 24/215/87 5/216/87 6/217/87 151/218/87 148/219/87
f 90/213/88 153/171/88 154/170/88 51/129/88 89/128/88
f 87/220/89 158/174/89 159/173/89 2/221/89 15/222/89
f 88/131/92 52/130/92 157/175/92 158/174/92 87/220/92
f 33/116/93 34/229/93 163/177/93 160/176/93 64/117/93
f 162/178/94 71/230/94 70/110/94 67/109/94 161/179/94
f 34/229/95 35/231/95 71/230/95 162/178/95 163/177/95
f 64/117/96 160/176/96 161/179/96 67/109/96 63/113/96
f 165/232/97 76/105/97 75/16/97 72/15/97 164/233/97
f 73/108/98 77/104/98 76/105/98 165/232/98 166/234/98
f 168/251/99 175/252/99 15/253/99
f 207/324/101 210/325/101 177/326/101 178/327/101
f 203/380/122 187/381/122 206/382/122 202/383/122
f 202/383/123 206/382/123 205/384/123 201/385/123
f 201/385/124 205/384/124 204/386/124 200/387/124
f 200/387/128 204/386/128 244/399/128 245/400/128 199/401/128
f 248/412/131 188/413/131 187/381/131 203/380/131 247/414/131
f 208/423/46 253/424/46 254/425/46 210/325/46 207/324/46
f 209/379/134 211/378/134 255/426/134 253/424/134 208/423/134
f 90/439/99 218/440/99 252/441/99 150/442/99
f 15/253/99 175/252/99 215/486/99 87/487/99
f 87/487/99 215/486/99 216/491/99 88/492/99
f 88/492/99 216/491/99 217/495/99 89/496/99
f 89/496/99 217/495/99 218/440/99 90/439/99
f 16/264/74 176/457/74 169/265/74
f 149/503/99 148/460/99 150/442/99
s 1
f 268/554/156 258/515/143 269/545/157
f 316/644/212 308/600/189 317/642/213
f 370/737/262 361/695/244 371/732/263
f 368/733/264 360/719/241 369/738/265
f 366/736/266 364/722/253 367/723/257
s 0
f 10/81/297 412/785/297 413/788/297 106/70/297 102/76/297
f 414/787/298 134/801/298 135/802/298 110/71/298 106/70/298 413/788/298
f 412/803/299 10/204/299 22/208/299 21/804/299 415/805/299
f 134/806/300 414/807/300 415/805/300 21/804/300 20/808/300 136/809/300
f 419/810/301 25/811/301 39/812/301 38/813/301 418/814/301
f 115/32/302 119/60/302 416/789/302 417/792/302 26/33/302
f 119/60/303 123/59/303 25/815/303 419/790/303 416/789/303
f 26/40/304 417/816/304 418/814/304 38/813/304 37/41/304
f 423/817/305 29/35/305 34/38/305 33/818/305 422/819/305
f 95/85/306 99/79/306 420/793/306 421/796/306 30/820/306
f 99/79/307 103/27/307 29/30/307 423/794/307 420/793/307
f 30/821/308 421/822/308 422/819/308 33/818/308 32/823/308
f 128/139/310 50/138/310 425/828/310 426/829/310 127/830/310
f 127/830/311 426/829/311 427/831/311 5/832/311 24/833/311
f 646/1/396 661/4/396 642/3/396 641/2/396
f 682/5/397 642/8/397 661/7/397 691/6/397
f 699/9/398 660/12/398 659/11/398 703/10/398
f 703/10/399 659/11/399 658/14/399 706/13/399
f 710/15/400 657/18/400 656/17/400 713/16/400
f 713/16/401 656/17/401 655/20/401 717/19/401
f 717/19/402 655/20/402 654/22/402 721/21/402
f 678/23/403 645/26/403 669/25/403 729/24/403
f 741/27/404 667/30/404 666/29/404 745/28/404
f 749/31/405 665/34/405 664/33/405 753/32/405
f 667/35/406 672/38/406 673/37/406 666/36/406
f 665/39/407 674/42/407 675/41/407 664/40/407
f 639/43/408 640/46/408 653/45/408 652/44/408
f 651/47/409 655/50/409 656/49/409 650/48/409
f 650/48/410 656/49/410 657/52/410 649/51/410
f 760/53/411 759/56/411 763/55/411 764/54/411
f 759/56/412 758/58/412 762/57/412 763/55/412
f 758/58/413 757/60/413 761/59/413 762/57/413
f 650/61/414 756/63/414 760/53/414 651/62/414
f 756/63/415 755/64/415 759/56/415 760/53/415
f 755/64/416 754/65/416 758/58/416 759/56/416
f 754/65/417 753/32/417 757/60/417 758/58/417
f 649/66/418 752/67/418 756/63/418 650/61/418
f 752/67/419 751/68/419 755/64/419 756/63/419
f 751/68/420 750/69/420 754/65/420 755/64/420
f 750/69/421 749/31/421 753/32/421 754/65/421
f 744/70/422 743/73/422 747/72/422 748/71/422
f 743/73/423 742/75/423 746/74/423 747/72/423
f 742/75/424 741/27/424 745/28/424 746/74/424
f 740/76/425 739/77/425 743/73/425 744/70/425
f 739/77/426 738/78/426 742/75/426 743/73/426
f 738/78/427 737/79/427 741/27/427 742/75/427
f 647/80/428 736/82/428 740/76/428 648/81/428
f 736/82/429 735/83/429 739/77/429 740/76/429
f 735/83/430 734/84/430 738/78/430 739/77/430
f 734/84/431 733/85/431 737/79/431 738/78/431
f 641/86/432 681/89/432 732/88/432 646/87/432
f 681/89/433 680/91/433 731/90/433 732/88/433
f 680/91/434 679/93/434 730/92/434 731/90/434
f 679/93/435 678/23/435 729/24/435 730/92/435
f 676/94/436 720/97/436 724/96/436 677/95/436
f 720/97/437 719/99/437 723/98/437 724/96/437
f 719/99/438 718/101/438 722/100/438 723/98/438
f 718/101/439 717/19/439 721/21/439 722/100/439
f 675/102/440 716/103/440 720/97/440 676/94/440
f 716/103/441 715/104/441 719/99/441 720/97/441
f 715/104/442 714/105/442 718/101/442 719/99/442
f 714/105/443 713/16/443 717/19/443 718/101/443
f 674/106/444 712/107/444 716/103/444 675/102/444
f 712/107/445 711/108/445 715/104/445 716/103/445
f 705/109/446 704/112/446 707/111/446 708/110/446
f 704/112/447 703/10/447 706/13/447 707/111/447
f 701/113/448 700/114/448 704/112/448 705/109/448
f 700/114/449 699/9/449 703/10/449 704/112/449
f 670/115/450 698/118/450 702/117/450 671/116/450
f 698/118/451 697/119/451 701/113/451 702/117/451
f 697/119/452 696/120/452 700/114/452 701/113/452
f 696/120/453 695/121/453 699/9/453 700/114/453
f 685/122/454 684/125/454 693/124/454 694/123/454
f 684/125/455 683/127/455 692/126/455 693/124/455
f 683/127/456 682/5/456 691/6/456 692/126/456
f 727/128/457 726/131/457 690/130/457 689/129/457
f 652/132/458 768/135/458 686/134/458 639/133/458
f 768/135/459 767/137/459 687/136/459 686/134/459
f 767/137/460 766/139/460 688/138/460 687/136/460
f 769/154/466 770/156/466 771/155/466
f 775/157/467 776/160/467 777/159/467 778/158/467
f 782/161/468 783/164/468 784/163/468 785/162/468
f 789/165/469 786/167/469 788/166/469
f 794/172/471 795/175/471 796/174/471 797/173/471
f 798/176/472 799/179/472 800/178/472 801/177/472
f 802/180/473 803/183/473 804/182/473 805/181/473
f 769/184/474 771/187/474 685/122/474 694/123/474 783/186/474 782/185/474
f 645/189/476 770/194/476 769/193/476 782/192/476 785/191/476 669/190/476
f 651/62/477 760/53/477 764/54/477 776/196/477 775/195/477
f 775/201/478 778/203/478 654/202/478 655/50/478 651/47/478
f 648/204/479 660/208/479 780/207/479 781/206/479 647/205/479
f 695/121/480 779/210/480 780/209/480 660/12/480 699/9/480
f 789/211/481 788/214/481 728/213/481 791/171/481 790/168/481 644/212/481
f 662/215/482 786/219/482 789/218/482 644/217/482 643/216/482
f 728/213/483 727/128/483 689/129/483 792/170/483 791/171/483
f 725/220/484 653/222/484 640/221/484 797/173/484 796/174/484
f 726/131/487 725/220/487 796/174/487 795/175/487 690/130/487
f 671/116/488 702/117/488 798/176/488 801/177/488 672/229/488
f 800/178/489 799/179/489 705/109/489 708/110/489 709/230/489
f 672/229/490 801/177/490 800/178/490 709/230/490 673/231/490
f 702/117/491 701/113/491 705/109/491 799/179/491 798/176/491
f 803/232/492 802/233/492 710/15/492 713/16/492 714/105/492
f 711/108/493 804/234/493 803/232/493 714/105/493 715/104/493
f 806/251/494 653/253/494 813/252/494
f 845/324/496 816/327/496 815/326/496 848/325/496
f 841/380/517 840/383/517 844/382/517 825/381/517
f 840/383/518 839/385/518 843/384/518 844/382/518
f 839/385/519 838/387/519 842/386/519 843/384/519
f 838/387/523 837/401/523 883/400/523 882/399/523 842/386/523
f 886/412/526 885/414/526 841/380/526 825/381/526 826/413/526
f 846/423/529 845/324/529 848/325/529 892/425/529 891/424/529
f 847/379/530 846/423/530 891/424/530 893/426/530 849/378/530
f 728/439/494 788/442/494 890/441/494 856/440/494
f 653/253/494 725/487/494 853/486/494 813/252/494
f 725/487/494 726/492/494 854/491/494 853/486/494
f 726/492/494 727/496/494 855/495/494 854/491/494
f 727/496/494 728/439/494 856/440/494 855/495/494
f 654/264/469 807/265/469 814/457/469
f 787/503/494 788/442/494 786/460/494
s 1
f 906/554/552 907/545/553 896/515/539
f 954/644/608 955/642/609 946/600/585
f 1008/737/658 1009/732/659 999/695/640
f 1006/733/660 1007/738/661 998/719/637
f 1004/736/662 1005/723/653 1002/722/649
s 0
f 648/81/693 740/76/693 744/70/693 1051/788/693 1050/785/693
f 1052/787/694 1051/788/694 744/70/694 748/71/694 773/802/694 772/801/694
f 1050/803/695 1053/805/695 659/804/695 660/208/695 648/204/695
f 772/806/696 774/809/696 658/808/696 659/804/696 1053/805/696 1052/807/696
f 1057/810/697 1056/814/697 676/813/697 677/812/697 663/811/697
f 753/32/698 664/33/698 1055/792/698 1054/789/698 757/60/698
f 757/60/699 1054/789/699 1057/790/699 663/815/699 761/59/699
f 664/40/700 675/41/700 676/813/700 1056/814/700 1055/816/700
f 1061/817/701 1060/819/701 671/818/701 672/38/701 667/35/701
f 733/85/702 668/820/702 1059/796/702 1058/793/702 737/79/702
f 737/79/703 1058/793/703 1061/794/703 667/30/703 741/27/703
f 668/821/704 670/823/704 671/818/704 1060/819/704 1059/822/704
f 766/139/706 765/830/706 1064/829/706 1063/828/706 688/138/706
f 765/830/707 662/833/707 643/832/707 1065/831/707 1064/829/707
f 1149/975/709 1081/976/709 1068/977/709 1096/978/709
f 1099/979/710 1080/980/710 1079/981/710 1102/982/710
f 1106/983/711 1078/984/711 1077/985/711 1109/986/711
f 1109/986/712 1077/985/712 1076/987/712 1113/988/712
f 1113/988/713 1076/987/713 1075/989/713 1117/990/713
f 1125/991/714 1086/992/714 1085/993/714 1129/994/714
f 1133/995/715 1084/996/715 1083/997/715 1137/998/715
f 1086/992/716 1087/999/716 1088/1000/716 1085/993/716
f 1084/996/717 1089/1001/717 1090/1002/717 1083/997/717
f 1066/1003/718 1067/836/718 1074/1004/718 1073/1005/718
f 1144/1006/719 1143/1007/719 1147/1008/719 1148/1009/719
f 1143/1007/720 1142/1010/720 1146/1011/720 1147/1008/720
f 1142/1010/721 1141/1012/721 1145/1013/721 1146/1011/721
f 1140/1014/722 1139/1015/722 1143/1007/722 1144/1006/722
f 1139/1015/723 1138/1016/723 1142/1010/723 1143/1007/723
f 1138/1016/724 1137/998/724 1141/1012/724 1142/1010/724
f 1136/1017/725 1135/1018/725 1139/1015/725 1140/1014/725
f 1135/1018/726 1134/1019/726 1138/1016/726 1139/1015/726
f 1134/1019/727 1133/995/727 1137/998/727 1138/1016/727
f 1128/1020/728 1127/1021/728 1131/1022/728 1132/1023/728
f 1127/1021/729 1126/1024/729 1130/1025/729 1131/1022/729
f 1126/1024/730 1125/991/730 1129/994/730 1130/1025/730
f 1091/1026/731 1116/1027/731 1120/1028/731 1092/1029/731
f 1116/1027/732 1115/1030/732 1119/1031/732 1120/1028/732
f 1115/1030/733 1114/1032/733 1118/1033/733 1119/1031/733
f 1114/1032/734 1113/988/734 1117/990/734 1118/1033/734
f 1090/1002/735 1112/1034/735 1116/1027/735 1091/1026/735
f 1112/1034/736 1111/1035/736 1115/1030/736 1116/1027/736
f 1111/1035/737 1110/1036/737 1114/1032/737 1115/1030/737
f 1110/1036/738 1109/986/738 1113/988/738 1114/1032/738
f 1089/1001/739 1108/1037/739 1112/1034/739 1090/1002/739
f 1108/1037/740 1107/1038/740 1111/1035/740 1112/1034/740
f 1101/1039/741 1100/1040/741 1103/1041/741 1104/1042/741
f 1100/1040/742 1099/979/742 1102/982/742 1103/1041/742
f 1123/1043/743 1122/1044/743 1098/1045/743 1097/1046/743
f 1073/1047/744 1152/1048/744 1093/1049/744 1066/1050/744
f 1152/1048/745 1151/1051/745 1094/1052/745 1093/1049/745
f 1151/1051/746 1150/1053/746 1095/1054/746 1094/1052/746
f 1150/1053/747 1149/975/747 1096/978/747 1095/1054/747
f 1156/1059/749 1157/1060/749 1158/1061/749 1159/1062/749
f 1163/1063/750 1160/1064/750 1162/1065/750
f 1172/1074/753 1173/1075/753 1174/1076/753 1175/1077/753
f 1176/1078/754 1177/1079/754 1178/1080/754 1179/1081/754
f 1070/1082/755 1128/1020/755 1132/1023/755 1154/1083/755 1153/1084/755
f 1153/1085/756 1155/1086/756 1079/1087/756 1080/1088/756 1070/1089/756
f 1072/1090/757 1144/1006/757 1148/1009/757 1157/1060/757 1156/1059/757
f 1156/1091/758 1159/1092/758 1075/1093/758 1076/1094/758 1072/1095/758
f 1163/1063/759 1162/1065/759 1124/1096/759 1165/1097/759 1164/1098/759 1069/841/759
f 1081/976/760 1160/1064/760 1163/1063/760 1069/841/760 1068/977/760
f 1124/1096/763 1123/1043/763 1097/1046/763 1166/1100/763 1165/1097/763
f 1121/1101/764 1074/1102/764 1067/849/764 1171/1103/764 1170/1104/764
f 1122/1044/767 1121/1101/767 1170/1104/767 1169/1107/767 1098/1045/767
f 1174/1076/768 1173/1075/768 1101/1039/768 1104/1042/768 1105/1108/768
f 1087/999/769 1175/1077/769 1174/1076/769 1105/1108/769 1088/1000/769
f 1177/1079/770 1176/1078/770 1106/983/770 1109/986/770 1110/1036/770
f 1107/1038/771 1178/1080/771 1177/1079/771 1110/1036/771 1111/1035/771
f 1203/982/774 1188/981/774 1187/984/774 1206/983/774
f 1208/990/775 1186/989/775 1185/1102/775 1211/1101/775
f 1197/1028/785 1210/1031/785 1213/1043/785 1214/1096/785
f 1210/1031/786 1209/1033/786 1212/1044/786 1213/1043/786
f 1209/1033/787 1208/990/787 1211/1101/787 1212/1044/787
f 1193/1000/788 1195/1108/788 1196/1037/788 1194/1001/788
f 1195/1108/789 1205/1042/789 1207/1038/789 1196/1037/789
f 1198/1029/794 1197/1028/794 1214/1096/794 1236/1065/794 1235/1116/794
f 1204/1041/795 1203/982/795 1206/983/795 1238/1078/795 1237/1081/795
f 1205/1042/796 1204/1041/796 1237/1081/796 1239/1080/796 1207/1038/796
f 1185/1102/797 1186/989/797 1181/1093/797 1180/1004/797
f 1161/1116/772 1162/1065/772 1160/1064/772
s 1
f 1252/1147/818 1253/1148/819 1242/1124/805
s 0
f 1071/1115/911 1136/1017/911 1140/1014/911 1345/1156/911 1344/1155/911
f 1072/1095/912 1076/1094/912 1077/1163/912 1347/1164/912 1346/1165/912
f 1346/1157/913 1345/1156/913 1140/1014/913 1144/1006/913 1072/1090/913
f 1344/1166/914 1347/1164/914 1077/1163/914 1078/1110/914 1071/1109/914
f 1351/1162/915 1350/1161/915 1091/1026/915 1092/1029/915 1082/1112/915
f 1137/998/916 1083/997/916 1349/1160/916 1348/1159/916 1141/1012/916
f 1141/1012/917 1348/1159/917 1351/1162/917 1082/1112/917 1145/1013/917
f 1083/997/918 1090/1002/918 1091/1026/918 1350/1161/918 1349/1160/918
f 1370/979/919 1360/980/919 1504/1167/919 1359/981/919 1373/982/919
f 1377/983/920 1358/984/920 1357/985/920 1380/986/920
f 1380/986/921 1357/985/921 1356/987/921 1384/988/921
f 1355/1095/924 1356/1094/924 1357/1163/924 1354/1174/924
f 1354/1174/925 1357/1163/925 1358/1110/925 1353/1109/925
f 1354/1175/926 1403/1014/926 1407/1006/926 1355/1090/926
f 1403/1014/927 1402/1015/927 1406/1007/927 1407/1006/927
f 1402/1015/928 1401/1016/928 1405/1010/928 1406/1007/928
f 1401/1016/929 1400/998/929 1404/1012/929 1405/1010/929
f 1353/1115/930 1399/1017/930 1403/1014/930 1354/1175/930
f 1399/1017/931 1398/1018/931 1402/1015/931 1403/1014/931
f 1398/1018/932 1397/1019/932 1401/1016/932 1402/1015/932
f 1397/1019/933 1396/995/933 1400/998/933 1401/1016/933
f 1500/1176/934 1501/1177/934 1394/1022/934 1395/1023/934
f 1501/1177/935 1502/1178/935 1393/1025/935 1394/1022/935
f 1502/1178/936 1503/1179/936 1392/994/936 1393/1025/936
f 1368/1002/937 1383/1034/937 1387/1027/937 1369/1026/937
f 1383/1034/938 1382/1035/938 1386/1030/938 1387/1027/938
f 1382/1035/939 1381/1036/939 1385/1032/939 1386/1030/939
f 1381/1036/940 1380/986/940 1384/988/940 1385/1032/940
f 1367/1001/941 1379/1037/941 1383/1034/941 1368/1002/941
f 1379/1037/942 1378/1038/942 1382/1035/942 1383/1034/942
f 1372/1039/943 1371/1040/943 1374/1041/943 1375/1042/943
f 1371/1040/944 1370/979/944 1373/982/944 1374/1041/944
f 1411/1074/945 1412/1075/945 1413/1076/945 1414/1077/945
f 1415/1078/946 1416/1079/946 1417/1080/946 1418/1081/946
f 1413/1076/948 1412/1075/948 1372/1039/948 1375/1042/948 1376/1108/948
f 1365/999/949 1414/1077/949 1413/1076/949 1376/1108/949 1366/1000/949 1499/1180/949
f 1416/1079/950 1415/1078/950 1377/983/950 1380/986/950 1381/1036/950
f 1378/1038/951 1417/1080/951 1416/1079/951 1381/1036/951 1382/1035/951
f 1429/982/953 1420/981/953 1419/984/953 1432/983/953
f 1423/1000/959 1425/1108/959 1426/1037/959 1424/1001/959
f 1425/1108/960 1431/1042/960 1433/1038/960 1426/1037/960
f 1430/1041/963 1429/982/963 1432/983/963 1445/1078/963 1444/1081/963
f 1431/1042/964 1430/1041/964 1444/1081/964 1446/1080/964 1433/1038/964
s 1
f 1459/1147/985 1460/1148/986 1449/1124/972
s 0
f 1389/1024/1029 1388/991/1029 1503/1179/1029 1502/1178/1029
f 1390/1021/1030 1389/1024/1030 1502/1178/1030 1501/1177/1030
f 1391/1020/1031 1390/1021/1031 1501/1177/1031 1500/1176/1031
f 1508/1182/1034 1507/1184/1034 1504/1186/1034 1360/1088/1034 1352/1089/1034
f 1506/1187/1035 1505/1188/1035 1500/1176/1035 1395/1023/1035 1409/1083/1035 1408/1084/1035
f 1352/1082/1036 1391/1020/1036 1500/1176/1036 1505/1188/1036 1508/1189/1036
f 1408/1085/1037 1410/1086/1037 1359/1087/1037 1504/1186/1037 1507/1184/1037 1506/1185/1037
f 1512/1168/1040 1511/1170/1040 1368/1002/1040 1369/1026/1040 1361/1181/1040
f 1396/995/1041 1362/996/1041 1510/1190/1041 1509/1169/1041 1400/998/1041
f 1400/998/1042 1509/1169/1042 1512/1168/1042 1361/1181/1042 1404/1012/1042
f 1362/996/1043 1367/1001/1043 1368/1002/1043 1511/1170/1043 1510/1190/1043
f 1388/991/1044 1364/992/1044 1513/1171/1044 1516/1173/1044 1503/1179/1044
f 1364/992/1045 1365/999/1045 1499/1180/1045 1514/1172/1045 1513/1171/1045
f 1503/1179/1046 1516/1173/1046 1515/1191/1046 1363/993/1046 1392/994/1046
f 1515/1191/1047 1514/1172/1047 1499/1180/1047 1366/1000/1047 1363/993/1047
f 1600/975/1048 1547/978/1048 1519/977/1048 1532/976/1048
f 1550/979/1049 1553/982/1049 1530/981/1049 1531/980/1049
f 1557/983/1050 1560/986/1050 1528/985/1050 1529/984/1050
f 1560/986/1051 1564/988/1051 1527/987/1051 1528/985/1051
f 1564/988/1052 1568/990/1052 1526/989/1052 1527/987/1052
f 1576/991/1053 1580/994/1053 1536/993/1053 1537/992/1053
f 1584/995/1054 1588/998/1054 1534/997/1054 1535/996/1054
f 1537/992/1055 1536/993/1055 1539/1000/1055 1538/999/1055
f 1535/996/1056 1534/997/1056 1541/1002/1056 1540/1001/1056
f 1517/1003/1057 1524/1005/1057 1525/1004/1057 1518/836/1057
f 1595/1006/1058 1599/1009/1058 1598/1008/1058 1594/1007/1058
f 1594/1007/1059 1598/1008/1059 1597/1011/1059 1593/1010/1059
f 1593/1010/1060 1597/1011/1060 1596/1013/1060 1592/1012/1060
f 1591/1014/1061 1595/1006/1061 1594/1007/1061 1590/1015/1061
f 1590/1015/1062 1594/1007/1062 1593/1010/1062 1589/1016/1062
f 1589/1016/1063 1593/1010/1063 1592/1012/1063 1588/998/1063
f 1587/1017/1064 1591/1014/1064 1590/1015/1064 1586/1018/1064
f 1586/1018/1065 1590/1015/1065 1589/1016/1065 1585/1019/1065
f 1585/1019/1066 1589/1016/1066 1588/998/1066 1584/995/1066
f 1579/1020/1067 1583/1023/1067 1582/1022/1067 1578/1021/1067
f 1578/1021/1068 1582/1022/1068 1581/1025/1068 1577/1024/1068
f 1577/1024/1069 1581/1025/1069 1580/994/1069 1576/991/1069
f 1542/1026/1070 1543/1029/1070 1571/1028/1070 1567/1027/1070
f 1567/1027/1071 1571/1028/1071 1570/1031/1071 1566/1030/1071
f 1566/1030/1072 1570/1031/1072 1569/1033/1072 1565/1032/1072
f 1565/1032/1073 1569/1033/1073 1568/990/1073 1564/988/1073
f 1541/1002/1074 1542/1026/1074 1567/1027/1074 1563/1034/1074
f 1563/1034/1075 1567/1027/1075 1566/1030/1075 1562/1035/1075
f 1562/1035/1076 1566/1030/1076 1565/1032/1076 1561/1036/1076
f 1561/1036/1077 1565/1032/1077 1564/988/1077 1560/986/1077
f 1540/1001/1078 1541/1002/1078 1563/1034/1078 1559/1037/1078
f 1559/1037/1079 1563/1034/1079 1562/1035/1079 1558/1038/1079
f 1552/1039/1080 1555/1042/1080 1554/1041/1080 1551/1040/1080
f 1551/1040/1081 1554/1041/1081 1553/982/1081 1550/979/1081
f 1574/1043/1082 1548/1046/1082 1549/1045/1082 1573/1044/1082
f 1524/1047/1083 1517/1050/1083 1544/1049/1083 1603/1048/1083
f 1603/1048/1084 1544/1049/1084 1545/1052/1084 1602/1051/1084
f 1602/1051/1085 1545/1052/1085 1546/1054/1085 1601/1053/1085
f 1601/1053/1086 1546/1054/1086 1547/978/1086 1600/975/1086
f 1607/1059/1088 1610/1062/1088 1609/1061/1088 1608/1060/1088
f 1614/1063/1089 1613/1065/1089 1611/1064/1089
f 1623/1074/1092 1626/1077/1092 1625/1076/1092 1624/1075/1092
f 1627/1078/1093 1630/1081/1093 1629/1080/1093 1628/1079/1093
f 1521/1082/1094 1604/1084/1094 1605/1083/1094 1583/1023/1094 1579/1020/1094
f 1604/1085/1095 1521/1089/1095 1531/1088/1095 1530/1087/1095 1606/1086/1095
f 1523/1090/1096 1607/1059/1096 1608/1060/1096 1599/1009/1096 1595/1006/1096
f 1607/1091/1097 1523/1095/1097 1527/1094/1097 1526/1093/1097 1610/1092/1097
f 1614/1063/1098 1520/841/1098 1615/1098/1098 1616/1097/1098 1575/1096/1098 1613/1065/1098
f 1532/976/1099 1519/977/1099 1520/841/1099 1614/1063/1099 1611/1064/1099
f 1575/1096/1102 1616/1097/1102 1617/1100/1102 1548/1046/1102 1574/1043/1102
f 1572/1101/1103 1621/1104/1103 1622/1103/1103 1518/849/1103 1525/1102/1103
f 1573/1044/1106 1549/1045/1106 1620/1107/1106 1621/1104/1106 1572/1101/1106
f 1625/1076/1107 1556/1108/1107 1555/1042/1107 1552/1039/1107 1624/1075/1107
f 1538/999/1108 1539/1000/1108 1556/1108/1108 1625/1076/1108 1626/1077/1108
f 1628/1079/1109 1561/1036/1109 1560/986/1109 1557/983/1109 1627/1078/1109
f 1558/1038/1110 1562/1035/1110 1561/1036/1110 1628/1079/1110 1629/1080/1110
f 1654/982/1114 1657/983/1114 1638/984/1114 1639/981/1114
f 1659/990/1115 1662/1101/1115 1636/1102/1115 1637/989/1115
f 1648/1028/1125 1665/1096/1125 1664/1043/1125 1661/1031/1125
f 1661/1031/1126 1664/1043/1126 1663/1044/1126 1660/1033/1126
f 1660/1033/1127 1663/1044/1127 1662/1101/1127 1659/990/1127
f 1644/1000/1128 1645/1001/1128 1647/1037/1128 1646/1108/1128
f 1646/1108/1129 1647/1037/1129 1658/1038/1129 1656/1042/1129
f 1649/1029/1134 1686/1116/1134 1687/1065/1134 1665/1096/1134 1648/1028/1134
f 1655/1041/1075 1688/1081/1075 1689/1078/1075 1657/983/1075 1654/982/1075
f 1656/1042/1135 1658/1038/1135 1690/1080/1135 1688/1081/1135 1655/1041/1135
f 1636/1102/1136 1631/1004/1136 1632/1093/1136 1637/989/1136
f 1612/1116/1111 1611/1064/1111 1613/1065/1111
s 1
f 1703/1147/1158 1693/1124/1145 1704/1148/1159
s 0
f 1522/1115/1251 1795/1155/1251 1796/1156/1251 1591/1014/1251 1587/1017/1251
f 1523/1095/1252 1797/1165/1252 1798/1164/1252 1528/1163/1252 1527/1094/1252
f 1797/1157/1253 1523/1090/1253 1595/1006/1253 1591/1014/1253 1796/1156/1253
f 1795/1166/1254 1522/1109/1254 1529/1110/1254 1528/1163/1254 1798/1164/1254
f 1802/1162/1255 1533/1112/1255 1543/1029/1255 1542/1026/1255 1801/1161/1255
f 1588/998/1256 1592/1012/1256 1799/1159/1256 1800/1160/1256 1534/997/1256
f 1592/1012/1257 1596/1013/1257 1533/1112/1257 1802/1162/1257 1799/1159/1257
f 1534/997/1258 1800/1160/1258 1801/1161/1258 1542/1026/1258 1541/1002/1258
usemtl Helles_Metall
f 70/197/74 209/198/74 208/199/74 69/200/74
f 112/235/99 230/236/99 231/237/99 113/238/99
f 69/200/74 208/199/74 207/239/74 68/240/74
f 111/241/99 229/242/99 230/236/99 112/235/99
f 9/243/99 174/244/99 246/245/99 143/246/99
f 68/240/74 207/239/74 178/247/74 20/248/74
f 27/249/99 181/250/99 229/242/99 111/241/99
f 14/254/99 170/255/99 168/251/99 15/253/99
f 59/256/99 206/257/99 187/258/99 60/259/99
f 110/260/74 228/261/74 227/262/74 109/263/74
f 16/264/74 169/265/74 172/266/74 140/267/74
f 138/268/74 242/269/74 235/270/74 126/271/74
f 58/272/99 205/273/99 206/257/99 59/256/99
f 109/263/74 227/262/74 226/274/74 108/275/74
f 20/248/74 178/247/74 241/276/74 136/277/74
f 57/278/99 204/279/99 205/273/99 58/272/99
f 108/275/74 226/274/74 225/280/74 107/281/74
f 56/282/74 203/283/74 202/284/74 55/285/74
f 107/281/74 225/280/74 182/286/74 28/287/74
f 135/288/74 239/289/74 228/261/74 110/260/74
f 55/285/74 202/284/74 201/290/74 54/291/74
f 97/292/99 224/293/99 194/294/99 98/295/99
f 31/296/74 184/297/74 249/298/74 147/162/74
f 54/291/74 201/290/74 200/299/74 53/300/74
f 96/301/99 223/302/99 224/293/99 97/292/99
f 145/164/74 247/303/74 203/283/74 56/282/74
f 53/300/74 200/299/74 199/304/74 23/305/74
f 95/306/99 222/307/99 223/302/99 96/301/99
f 167/181/99 253/308/99 255/309/99 166/182/99
f 23/305/74 199/304/74 173/310/74 8/311/74
f 30/312/99 183/313/99 222/307/99 95/306/99
f 164/180/99 254/314/99 253/308/99 167/181/99
f 11/315/99 196/316/99 177/317/99 19/318/99
f 170/319/100 171/320/100 172/321/100 169/322/100 168/323/100
f 212/328/102 215/329/102 175/330/102 176/331/102
f 219/332/103 222/333/103 183/334/103 184/335/103
f 225/336/104 229/337/104 181/338/104 182/339/104
f 232/340/105 236/341/105 179/342/105 180/343/105
f 182/344/106 181/345/106 186/346/106 185/347/106
f 235/348/107 197/349/107 238/350/107 234/351/107
f 234/351/108 238/350/108 237/352/108 233/353/108
f 233/353/109 237/352/109 236/341/109 232/340/109
f 228/354/110 195/355/110 231/356/110 227/357/110
f 227/357/111 231/356/111 230/358/111 226/359/111
f 226/359/112 230/358/112 229/337/112 225/336/112
f 173/360/113 174/361/113 194/362/113 193/363/113
f 193/363/114 194/362/114 224/364/114 221/365/114
f 221/365/115 224/364/115 223/366/115 220/367/115
f 220/367/116 223/366/116 222/333/116 219/332/116
f 191/368/117 218/369/117 217/370/117 214/371/117
f 214/371/118 217/370/118 216/372/118 213/373/118
f 213/373/119 216/372/119 215/329/119 212/328/119
f 185/374/120 186/375/120 190/376/120 189/377/120
f 189/377/121 190/376/121 211/378/121 209/379/121
f 196/388/125 240/389/125 241/390/125 178/391/125 177/392/125
f 240/393/126 196/394/126 195/355/126 228/354/126 239/395/126
f 243/396/127 198/397/127 197/349/127 235/348/127 242/398/127
f 174/402/129 173/403/129 199/404/129 245/405/129 246/406/129
f 184/407/130 183/408/130 188/409/130 248/410/130 249/411/130
f 180/415/132 179/416/132 250/417/132 251/418/132 192/419/132
f 192/420/133 251/421/133 252/422/133 218/369/133 191/368/133
f 141/427/99 244/428/99 204/279/99 57/278/99
f 113/238/99 231/237/99 195/429/99 114/430/99
f 71/431/74 189/432/74 209/198/74 70/197/74
f 123/433/74 232/434/74 180/435/74 25/436/74
f 19/318/99 177/317/99 210/437/99 72/438/99
f 175/330/135 168/443/135 169/444/135 176/331/135
f 124/445/74 233/446/74 232/434/74 123/433/74
f 73/447/99 211/448/99 190/449/99 74/450/99
f 60/259/99 187/258/99 188/451/99 32/452/99
f 125/453/74 234/454/74 233/446/74 124/445/74
f 83/455/74 212/456/74 176/457/74 16/264/74
f 35/458/74 185/459/74 189/432/74 71/431/74
f 148/460/99 250/461/99 179/462/99 24/463/99
f 126/271/74 235/270/74 234/454/74 125/453/74
f 84/464/74 213/465/74 212/456/74 83/455/74
f 74/450/99 190/449/99 186/466/99 36/467/99
f 24/463/99 179/462/99 236/468/99 127/469/99
f 85/470/74 214/471/74 213/465/74 84/464/74
f 39/472/74 192/473/74 191/474/74 86/475/74
f 72/438/99 210/437/99 254/314/99 164/180/99
f 134/476/74 240/477/74 239/289/74 135/288/74
f 127/469/99 236/468/99 237/478/99 128/479/99
f 86/475/74 191/474/74 214/471/74 85/470/74
f 8/311/74 173/310/74 193/480/74 94/481/74
f 166/182/99 255/309/99 211/448/99 73/447/99
f 136/277/74 241/276/74 240/477/74 134/476/74
f 128/479/99 237/478/99 238/482/99 129/483/99
f 140/267/74 172/266/74 171/484/74 139/485/74
f 98/295/99 194/294/99 174/244/99 9/243/99
f 139/485/74 243/488/74 242/269/74 138/268/74
f 129/483/99 238/482/99 197/489/99 130/490/99
f 114/430/99 195/429/99 196/316/99 11/315/99
f 142/493/99 245/494/99 244/428/99 141/427/99
f 130/490/99 197/489/99 198/497/99 14/254/99
f 143/246/99 246/245/99 245/494/99 142/493/99
f 32/452/99 188/451/99 183/313/99 30/312/99
f 146/163/74 248/498/74 247/303/74 145/164/74
f 91/499/74 219/500/74 184/297/74 31/296/74
f 28/287/74 182/286/74 185/459/74 35/458/74
f 147/162/74 249/298/74 248/498/74 146/163/74
f 92/501/74 220/502/74 219/500/74 91/499/74
f 36/467/99 186/466/99 181/250/99 27/249/99
f 149/503/99 251/504/99 250/461/99 148/460/99
f 93/505/74 221/506/74 220/502/74 92/501/74
f 25/436/74 180/435/74 192/473/74 39/472/74
f 150/442/99 252/441/99 251/504/99 149/503/99
f 94/481/74 193/480/74 221/506/74 93/505/74
f 170/319/136 198/507/136 243/508/136 171/320/136
f 14/254/99 198/497/99 170/255/99
f 139/485/74 171/484/74 243/488/74
f 708/197/469 707/200/469 846/199/469 847/198/469
f 750/235/494 751/238/494 869/237/494 868/236/494
f 707/200/469 706/240/469 845/239/469 846/199/469
f 749/241/494 750/235/494 868/236/494 867/242/494
f 647/243/494 781/246/494 884/245/494 812/244/494
f 706/240/469 658/248/469 816/247/469 845/239/469
f 665/249/494 749/241/494 867/242/494 819/250/494
f 652/254/494 653/253/494 806/251/494 808/255/494
f 697/256/494 698/259/494 825/258/494 844/257/494
f 748/260/469 747/263/469 865/262/469 866/261/469
f 654/264/469 778/267/469 810/266/469 807/265/469
f 776/268/469 764/271/469 873/270/469 880/269/469
f 696/272/494 697/256/494 844/257/494 843/273/494
f 747/263/469 746/275/469 864/274/469 865/262/469
f 658/248/469 774/277/469 879/276/469 816/247/469
f 695/278/494 696/272/494 843/273/494 842/279/494
f 746/275/469 745/281/469 863/280/469 864/274/469
f 694/282/469 693/285/469 840/284/469 841/283/469
f 745/281/469 666/287/469 820/286/469 863/280/469
f 773/288/469 748/260/469 866/261/469 877/289/469
f 693/285/469 692/291/469 839/290/469 840/284/469
f 735/292/494 736/295/494 832/294/494 862/293/494
f 669/296/469 785/162/469 887/298/469 822/297/469
f 692/291/469 691/300/469 838/299/469 839/290/469
f 734/301/494 735/292/494 862/293/494 861/302/494
f 783/164/469 694/282/469 841/283/469 885/303/469
f 691/300/469 661/305/469 837/304/469 838/299/469
f 733/306/494 734/301/494 861/302/494 860/307/494
f 805/181/494 804/182/494 893/309/494 891/308/494
f 661/305/469 646/311/469 811/310/469 837/304/469
f 668/312/494 733/306/494 860/307/494 821/313/494
f 802/180/494 805/181/494 891/308/494 892/314/494
f 649/315/494 657/318/494 815/317/494 834/316/494
f 808/319/495 806/323/495 807/322/495 810/321/495 809/320/495
f 850/328/497 814/331/497 813/330/497 853/329/497
f 857/332/498 822/335/498 821/334/498 860/333/498
f 863/336/499 820/339/499 819/338/499 867/337/499
f 870/340/500 818/343/500 817/342/500 874/341/500
f 820/344/501 823/347/501 824/346/501 819/345/501
f 873/348/502 872/351/502 876/350/502 835/349/502
f 872/351/503 871/353/503 875/352/503 876/350/503
f 871/353/504 870/340/504 874/341/504 875/352/504
f 866/354/505 865/357/505 869/356/505 833/355/505
f 865/357/506 864/359/506 868/358/506 869/356/506
f 864/359/507 863/336/507 867/337/507 868/358/507
f 811/360/508 831/363/508 832/362/508 812/361/508
f 831/363/509 859/365/509 862/364/509 832/362/509
f 859/365/510 858/367/510 861/366/510 862/364/510
f 858/367/511 857/332/511 860/333/511 861/366/511
f 829/368/512 852/371/512 855/370/512 856/369/512
f 852/371/513 851/373/513 854/372/513 855/370/513
f 851/373/514 850/328/514 853/329/514 854/372/514
f 823/374/515 827/377/515 828/376/515 824/375/515
f 827/377/516 847/379/516 849/378/516 828/376/516
f 834/388/520 815/392/520 816/391/520 879/390/520 878/389/520
f 878/393/521 877/395/521 866/354/521 833/355/521 834/394/521
f 881/396/522 880/398/522 873/348/522 835/349/522 836/397/522
f 812/402/524 884/406/524 883/405/524 837/404/524 811/403/524
f 822/407/525 887/411/525 886/410/525 826/409/525 821/408/525
f 818/415/527 830/419/527 889/418/527 888/417/527 817/416/527
f 830/420/528 829/368/528 856/369/528 890/422/528 889/421/528
f 779/427/494 695/278/494 842/279/494 882/428/494
f 751/238/494 752/430/494 833/429/494 869/237/494
f 709/431/469 708/197/469 847/198/469 827/432/469
f 761/433/469 663/436/469 818/435/469 870/434/469
f 657/318/494 710/438/494 848/437/494 815/317/494
f 813/330/531 814/331/531 807/444/531 806/443/531
f 762/445/469 761/433/469 870/434/469 871/446/469
f 711/447/494 712/450/494 828/449/494 849/448/494
f 698/259/494 670/452/494 826/451/494 825/258/494
f 763/453/469 762/445/469 871/446/469 872/454/469
f 721/455/469 654/264/469 814/457/469 850/456/469
f 673/458/469 709/431/469 827/432/469 823/459/469
f 786/460/494 662/463/494 817/462/494 888/461/494
f 764/271/469 763/453/469 872/454/469 873/270/469
f 722/464/469 721/455/469 850/456/469 851/465/469
f 712/450/494 674/467/494 824/466/494 828/449/494
f 662/463/494 765/469/494 874/468/494 817/462/494
f 723/470/469 722/464/469 851/465/469 852/471/469
f 677/472/469 724/475/469 829/474/469 830/473/469
f 710/438/494 802/180/494 892/314/494 848/437/494
f 772/476/469 773/288/469 877/289/469 878/477/469
f 765/469/494 766/479/494 875/478/494 874/468/494
f 724/475/469 723/470/469 852/471/469 829/474/469
f 646/311/469 732/481/469 831/480/469 811/310/469
f 804/182/494 711/447/494 849/448/494 893/309/494
f 774/277/469 772/476/469 878/477/469 879/276/469
f 766/479/494 767/483/494 876/482/494 875/478/494
f 778/267/469 777/485/469 809/484/469 810/266/469
f 736/295/494 647/243/494 812/244/494 832/294/494
f 777/485/469 776/268/469 880/269/469 881/488/469
f 767/483/494 768/490/494 835/489/494 876/482/494
f 752/430/494 649/315/494 834/316/494 833/429/494
f 780/493/494 779/427/494 882/428/494 883/494/494
f 768/490/494 652/254/494 836/497/494 835/489/494
f 781/246/494 780/493/494 883/494/494 884/245/494
f 670/452/494 668/312/494 821/313/494 826/451/494
f 784/163/469 783/164/469 885/303/469 886/498/469
f 729/499/469 669/296/469 822/297/469 857/500/469
f 666/287/469 673/458/469 823/459/469 820/286/469
f 785/162/469 784/163/469 886/498/469 887/298/469
f 730/501/469 729/499/469 857/500/469 858/502/469
f 674/467/494 665/249/494 819/250/494 824/466/494
f 787/503/494 786/460/494 888/461/494 889/504/494
f 731/505/469 730/501/469 858/502/469 859/506/469
f 663/436/469 677/472/469 830/473/469 818/435/469
f 788/442/494 787/503/494 889/504/494 890/441/494
f 732/481/469 731/505/469 859/506/469 831/480/469
f 808/319/532 809/320/532 881/508/532 836/507/532
f 652/254/494 808/255/494 836/497/494
f 777/485/469 881/488/469 809/484/469
f 1104/1042/750 1103/1041/750 1204/1041/750 1205/1042/750
f 1134/1019/772 1135/1018/772 1221/1018/772 1220/1019/772
f 1103/1041/750 1102/982/750 1203/982/750 1204/1041/750
f 1133/995/772 1134/1019/772 1220/1019/772 1219/995/772
f 1102/982/750 1079/981/750 1188/981/750 1203/982/750
f 1084/996/772 1133/995/772 1219/995/772 1191/996/772
f 1180/1004/772 1074/1004/772 1185/1102/772
f 1073/1005/772 1074/1004/772 1180/1004/772 1182/1005/772
f 1132/1023/750 1131/1022/750 1217/1022/750 1218/1023/750
f 1075/1093/750 1159/1092/750 1184/1092/750 1181/1093/750
f 1157/1060/750 1148/1009/750 1225/1009/750 1232/1060/750
f 1131/1022/750 1130/1025/750 1216/1025/750 1217/1022/750
f 1079/1087/750 1155/1086/750 1231/1086/750 1188/1087/750
f 1130/1025/750 1129/994/750 1215/994/750 1216/1025/750
f 1129/994/750 1085/993/750 1192/993/750 1215/994/750
f 1154/1083/750 1132/1023/750 1218/1023/750 1229/1083/750
f 1179/1081/772 1178/1080/772 1239/1080/772 1237/1081/772
f 1176/1078/772 1179/1081/772 1237/1081/772 1238/1078/772
f 1071/1109/772 1078/1110/772 1187/1110/772 1200/1109/772
f 1182/1005/773 1180/1004/773 1181/1093/773 1184/1092/773 1183/1111/773
f 1215/994/776 1192/993/776 1191/996/776 1219/995/776
f 1222/1013/777 1190/1112/777 1189/976/777 1226/975/777
f 1192/993/778 1193/1000/778 1194/1001/778 1191/996/778
f 1225/1009/779 1224/1008/779 1228/1051/779 1201/1048/779
f 1224/1008/780 1223/1011/780 1227/1053/780 1228/1051/780
f 1223/1011/781 1222/1013/781 1226/975/781 1227/1053/781
f 1218/1023/782 1217/1022/782 1221/1018/782 1199/1017/782
f 1217/1022/783 1216/1025/783 1220/1019/783 1221/1018/783
f 1216/1025/784 1215/994/784 1219/995/784 1220/1019/784
f 1200/1109/790 1187/1110/790 1188/1087/790 1231/1086/790 1230/1113/790
f 1230/1114/791 1229/1083/791 1218/1023/791 1199/1017/791 1200/1115/791
f 1233/1061/792 1232/1060/792 1225/1009/792 1201/1048/792 1202/1047/792
f 1190/1112/793 1198/1029/793 1235/1116/793 1234/1064/793 1189/976/793
f 1135/1018/772 1136/1017/772 1199/1017/772 1221/1018/772
f 1105/1108/750 1104/1042/750 1205/1042/750 1195/1108/750
f 1145/1013/750 1082/1112/750 1190/1112/750 1222/1013/750
f 1078/984/772 1106/983/772 1206/983/772 1187/984/772
f 1124/1096/772 1162/1065/772 1236/1065/772 1214/1096/772
f 1146/1011/750 1145/1013/750 1222/1013/750 1223/1011/750
f 1107/1038/772 1108/1037/772 1196/1037/772 1207/1038/772
f 1147/1008/750 1146/1011/750 1223/1011/750 1224/1008/750
f 1117/990/750 1075/989/750 1186/989/750 1208/990/750
f 1088/1000/750 1105/1108/750 1195/1108/750 1193/1000/750
f 1160/1064/772 1081/976/772 1189/976/772 1234/1064/772
f 1148/1009/750 1147/1008/750 1224/1008/750 1225/1009/750
f 1118/1033/750 1117/990/750 1208/990/750 1209/1033/750
f 1108/1037/772 1089/1001/772 1194/1001/772 1196/1037/772
f 1081/976/772 1149/975/772 1226/975/772 1189/976/772
f 1119/1031/750 1118/1033/750 1209/1033/750 1210/1031/750
f 1092/1029/750 1120/1028/750 1197/1028/750 1198/1029/750
f 1106/983/772 1176/1078/772 1238/1078/772 1206/983/772
f 1153/1114/750 1154/1083/750 1229/1083/750 1230/1114/750
f 1149/975/772 1150/1053/772 1227/1053/772 1226/975/772
f 1120/1028/750 1119/1031/750 1210/1031/750 1197/1028/750
f 1178/1080/772 1107/1038/772 1207/1038/772 1239/1080/772
f 1155/1117/750 1153/1114/750 1230/1114/750 1231/1117/750
f 1150/1053/772 1151/1051/772 1228/1051/772 1227/1053/772
f 1159/1062/750 1158/1061/750 1183/1061/750 1184/1062/750
f 1074/1102/772 1121/1101/772 1211/1101/772 1185/1102/772
f 1158/1061/750 1157/1060/750 1232/1060/750 1233/1061/750
f 1151/1051/772 1152/1048/772 1201/1048/772 1228/1051/772
f 1121/1101/772 1122/1044/772 1212/1044/772 1211/1101/772
f 1136/1017/772 1071/1115/772 1200/1115/772 1199/1017/772
f 1122/1044/772 1123/1043/772 1213/1043/772 1212/1044/772
f 1152/1048/772 1073/1047/772 1202/1047/772 1201/1048/772
f 1123/1043/772 1124/1096/772 1214/1096/772 1213/1043/772
f 1085/993/750 1088/1000/750 1193/1000/750 1192/993/750
f 1089/1001/772 1084/996/772 1191/996/772 1194/1001/772
f 1161/1116/772 1160/1064/772 1234/1064/772 1235/1116/772
f 1082/1112/750 1092/1029/750 1198/1029/750 1190/1112/750
f 1162/1065/772 1161/1116/772 1235/1116/772 1236/1065/772
f 1182/1005/798 1183/1111/798 1233/1061/798 1202/1047/798
f 1073/1047/772 1182/1005/772 1202/1047/772
f 1158/1061/750 1233/1061/750 1183/1111/750
f 1075/989/750 1181/1093/750 1186/989/750
f 1375/1042/947 1374/1041/947 1430/1041/947 1431/1042/947
f 1397/1019/952 1398/1018/952 1440/1018/952 1439/1019/952
f 1374/1041/947 1373/982/947 1429/982/947 1430/1041/947
f 1396/995/952 1397/1019/952 1439/1019/952 1438/995/952
f 1373/982/947 1359/981/947 1420/981/947 1429/982/947
f 1362/996/952 1396/995/952 1438/995/952 1421/996/952
f 1395/1023/947 1394/1022/947 1436/1022/947 1437/1023/947
f 1394/1022/947 1393/1025/947 1435/1025/947 1436/1022/947
f 1359/1087/947 1410/1086/947 1443/1086/947 1420/1087/947
f 1393/1025/947 1392/994/947 1434/994/947 1435/1025/947
f 1392/994/947 1363/993/947 1422/993/947 1434/994/947
f 1409/1083/947 1395/1023/947 1437/1023/947 1441/1083/947
f 1418/1081/952 1417/1080/952 1446/1080/952 1444/1081/952
f 1415/1078/952 1418/1081/952 1444/1081/952 1445/1078/952
f 1353/1109/952 1358/1110/952 1419/1110/952 1428/1109/952
f 1434/994/954 1422/993/954 1421/996/954 1438/995/954
f 1422/993/955 1423/1000/955 1424/1001/955 1421/996/955
f 1437/1023/956 1436/1022/956 1440/1018/956 1427/1017/956
f 1436/1022/957 1435/1025/957 1439/1019/957 1440/1018/957
f 1435/1025/958 1434/994/958 1438/995/958 1439/1019/958
f 1428/1109/961 1419/1110/961 1420/1087/961 1443/1086/961 1442/1113/961
f 1442/1114/962 1441/1083/962 1437/1023/962 1427/1017/962 1428/1115/962
f 1398/1018/952 1399/1017/952 1427/1017/952 1440/1018/952
f 1376/1108/947 1375/1042/947 1431/1042/947 1425/1108/947
f 1358/984/965 1377/983/965 1432/983/965 1419/984/965
f 1378/1038/952 1379/1037/952 1426/1037/952 1433/1038/952
f 1366/1000/947 1376/1108/947 1425/1108/947 1423/1000/947
f 1379/1037/952 1367/1001/952 1424/1001/952 1426/1037/952
f 1377/983/952 1415/1078/952 1445/1078/952 1432/983/952
f 1408/1114/947 1409/1083/947 1441/1083/947 1442/1114/947
f 1417/1080/952 1378/1038/952 1433/1038/952 1446/1080/952
f 1410/1117/947 1408/1114/947 1442/1114/947 1443/1117/947
f 1399/1017/952 1353/1115/952 1428/1115/952 1427/1017/952
f 1363/993/947 1366/1000/947 1423/1000/947 1422/993/947
f 1367/1001/952 1362/996/952 1421/996/952 1424/1001/952
f 1555/1042/1089 1656/1042/1089 1655/1041/1089 1554/1041/1089
f 1585/1019/1111 1671/1019/1111 1672/1018/1111 1586/1018/1111
f 1554/1041/1089 1655/1041/1089 1654/982/1089 1553/982/1089
f 1584/995/1111 1670/995/1111 1671/1019/1111 1585/1019/1111
f 1553/982/1089 1654/982/1089 1639/981/1089 1530/981/1089
f 1535/996/1111 1642/996/1111 1670/995/1111 1584/995/1111
f 1631/1004/1111 1636/1102/1111 1525/1004/1111
f 1524/1005/1112 1633/1005/1112 1631/1004/1112 1525/1004/1112
f 1583/1023/1089 1669/1023/1089 1668/1022/1089 1582/1022/1089
f 1526/1093/1089 1632/1093/1089 1635/1092/1089 1610/1092/1089
f 1608/1060/1089 1683/1060/1089 1676/1009/1089 1599/1009/1089
f 1582/1022/1089 1668/1022/1089 1667/1025/1089 1581/1025/1089
f 1530/1087/1089 1639/1087/1089 1682/1086/1089 1606/1086/1089
f 1581/1025/1089 1667/1025/1089 1666/994/1089 1580/994/1089
f 1580/994/1089 1666/994/1089 1643/993/1089 1536/993/1089
f 1605/1083/1089 1680/1083/1089 1669/1023/1089 1583/1023/1089
f 1630/1081/1111 1688/1081/1111 1690/1080/1111 1629/1080/1111
f 1627/1078/1111 1689/1078/1111 1688/1081/1111 1630/1081/1111
f 1522/1109/1111 1651/1109/1111 1638/1110/1111 1529/1110/1111
f 1633/1005/1113 1634/1111/1113 1635/1092/1113 1632/1093/1113 1631/1004/1113
f 1666/994/1116 1670/995/1116 1642/996/1116 1643/993/1116
f 1673/1013/1117 1677/975/1117 1640/976/1117 1641/1112/1117
f 1643/993/1118 1642/996/1118 1645/1001/1118 1644/1000/1118
f 1676/1009/1119 1652/1048/1119 1679/1051/1119 1675/1008/1119
f 1675/1008/1120 1679/1051/1120 1678/1053/1120 1674/1011/1120
f 1674/1011/1121 1678/1053/1121 1677/975/1121 1673/1013/1121
f 1669/1023/1122 1650/1017/1122 1672/1018/1122 1668/1022/1122
f 1668/1022/1123 1672/1018/1123 1671/1019/1123 1667/1025/1123
f 1667/1025/1124 1671/1019/1124 1670/995/1124 1666/994/1124
f 1651/1109/1130 1681/1113/1130 1682/1086/1130 1639/1087/1130 1638/1110/1130
f 1681/1114/1131 1651/1115/1131 1650/1017/1131 1669/1023/1131 1680/1083/1131
f 1684/1061/1132 1653/1047/1132 1652/1048/1132 1676/1009/1132 1683/1060/1132
f 1641/1112/1133 1640/976/1133 1685/1064/1133 1686/1116/1133 1649/1029/1133
f 1586/1018/1111 1672/1018/1111 1650/1017/1111 1587/1017/1111
f 1556/1108/1089 1646/1108/1089 1656/1042/1089 1555/1042/1089
f 1596/1013/1089 1673/1013/1089 1641/1112/1089 1533/1112/1089
f 1529/984/1111 1638/984/1111 1657/983/1111 1557/983/1111
f 1575/1096/1111 1665/1096/1111 1687/1065/1111 1613/1065/1111
f 1597/1011/1089 1674/1011/1089 1673/1013/1089 1596/1013/1089
f 1558/1038/1111 1658/1038/1111 1647/1037/1111 1559/1037/1111
f 1598/1008/1089 1675/1008/1089 1674/1011/1089 1597/1011/1089
f 1568/990/1089 1659/990/1089 1637/989/1089 1526/989/1089
f 1539/1000/1089 1644/1000/1089 1646/1108/1089 1556/1108/1089
f 1611/1064/1111 1685/1064/1111 1640/976/1111 1532/976/1111
f 1599/1009/1089 1676/1009/1089 1675/1008/1089 1598/1008/1089
f 1569/1033/1089 1660/1033/1089 1659/990/1089 1568/990/1089
f 1559/1037/1111 1647/1037/1111 1645/1001/1111 1540/1001/1111
f 1532/976/1111 1640/976/1111 1677/975/1111 1600/975/1111
f 1570/1031/1089 1661/1031/1089 1660/1033/1089 1569/1033/1089
f 1543/1029/1089 1649/1029/1089 1648/1028/1089 1571/1028/1089
f 1557/983/1111 1657/983/1111 1689/1078/1111 1627/1078/1111
f 1604/1114/1089 1681/1114/1089 1680/1083/1089 1605/1083/1089
f 1600/975/1111 1677/975/1111 1678/1053/1111 1601/1053/1111
f 1571/1028/1089 1648/1028/1089 1661/1031/1089 1570/1031/1089
f 1629/1080/1111 1690/1080/1111 1658/1038/1111 1558/1038/1111
f 1606/1117/1089 1682/1117/1089 1681/1114/1089 1604/1114/1089
f 1601/1053/1111 1678/1053/1111 1679/1051/1111 1602/1051/1111
f 1610/1062/1089 1635/1062/1089 1634/1061/1089 1609/1061/1089
f 1525/1102/1111 1636/1102/1111 1662/1101/1111 1572/1101/1111
f 1609/1061/1089 1684/1061/1089 1683/1060/1089 1608/1060/1089
f 1602/1051/1111 1679/1051/1111 1652/1048/1111 1603/1048/1111
f 1572/1101/1111 1662/1101/1111 1663/1044/1111 1573/1044/1111
f 1587/1017/1111 1650/1017/1111 1651/1115/1111 1522/1115/1111
f 1573/1044/1111 1663/1044/1111 1664/1043/1111 1574/1043/1111
f 1603/1048/1111 1652/1048/1111 1653/1047/1111 1524/1047/1111
f 1574/1043/1111 1664/1043/1111 1665/1096/1111 1575/1096/1111
f 1536/993/1089 1643/993/1089 1644/1000/1089 1539/1000/1089
f 1540/1001/1111 1645/1001/1111 1642/996/1111 1535/996/1111
f 1612/1116/1111 1686/1116/1111 1685/1064/1111 1611/1064/1111
f 1533/1112/1089 1641/1112/1089 1649/1029/1089 1543/1029/1089
f 1613/1065/1111 1687/1065/1111 1686/1116/1111 1612/1116/1111
f 1633/1005/1137 1653/1047/1137 1684/1061/1137 1634/1111/1137
f 1524/1047/1112 1653/1047/1112 1633/1005/1112
f 1609/1061/1089 1634/1111/1089 1684/1061/1089
f 1526/989/1138 1637/989/1138 1632/1093/1138
s 1
usemtl Dunkles_Metall
f 256/509/137 277/510/138 272/511/139
f 257/512/140 279/513/141 273/514/142
f 258/515/143 280/516/144 274/517/145
f 259/518/146 281/519/147 275/520/148
f 260/521/149 278/522/150 276/523/151
f 278/524/150 261/525/152 281/526/147
f 278/524/150 281/526/147 276/527/151
f 276/527/151 281/526/147 259/528/146
f 281/526/147 261/525/152 280/529/144
f 281/526/147 280/529/144 275/530/148
f 275/530/148 280/529/144 258/531/143
f 280/529/144 261/525/152 279/513/141
f 280/516/144 279/532/141 274/517/145
f 274/517/145 279/532/141 257/533/140
f 279/513/141 261/525/152 277/510/138
f 279/513/141 277/510/138 273/514/142
f 273/534/142 277/535/138 256/536/137
f 277/510/138 261/525/152 278/524/150
f 277/510/138 278/524/150 272/511/139
f 272/537/139 278/522/150 260/521/149
f 263/538/153 260/521/149 276/523/151
f 263/538/153 276/523/151 270/539/154
f 270/540/154 276/541/151 259/518/146
f 271/542/155 259/518/146 275/520/148
f 271/542/155 275/520/148 268/543/156
f 268/543/156 275/520/148 258/544/143
f 269/545/157 258/515/143 274/517/145
f 269/545/157 274/517/145 266/546/158
f 266/546/158 274/517/145 257/533/140
f 267/547/159 257/548/140 273/534/142
f 267/547/159 273/534/142 264/549/160
f 264/549/160 273/534/142 256/536/137
f 265/550/161 256/536/137 272/551/139
f 265/552/161 272/537/139 262/553/162
f 262/553/162 272/537/139 260/521/149
f 270/540/154 259/518/146 271/542/155
f 266/546/158 257/533/140 267/555/159
f 264/549/160 256/536/137 265/550/161
f 262/553/162 260/521/149 263/538/153
f 282/556/163 303/557/164 298/558/165
f 283/559/166 305/560/167 299/561/168
f 284/562/169 306/563/170 300/564/171
f 285/565/172 307/566/173 301/567/174
f 286/568/175 304/569/176 302/570/177
f 304/571/176 287/572/178 307/573/173
f 304/571/176 307/573/173 302/574/177
f 302/575/177 307/566/173 285/565/172
f 307/573/173 287/572/178 306/563/170
f 307/573/173 306/563/170 301/576/174
f 301/576/174 306/563/170 284/562/169
f 306/563/170 287/572/178 305/560/167
f 306/563/170 305/560/167 300/564/171
f 300/564/171 305/560/167 283/559/166
f 305/560/167 287/572/178 303/577/164
f 305/560/167 303/577/164 299/561/168
f 299/578/168 303/557/164 282/556/163
f 303/577/164 287/572/178 304/571/176
f 303/577/164 304/571/176 298/579/165
f 298/580/165 304/569/176 286/568/175
f 289/581/179 286/568/175 302/570/177
f 289/581/179 302/570/177 296/582/180
f 296/583/180 302/575/177 285/565/172
f 297/584/181 285/565/172 301/567/174
f 297/584/181 301/567/174 294/585/182
f 294/585/182 301/567/174 284/586/169
f 295/587/183 284/588/169 300/589/171
f 295/587/183 300/589/171 292/590/184
f 292/590/184 300/589/171 283/591/166
f 293/592/185 283/593/166 299/578/168
f 293/592/185 299/578/168 290/594/186
f 290/594/186 299/578/168 282/556/163
f 291/595/187 282/556/163 298/558/165
f 291/596/187 298/580/165 288/597/188
f 288/597/188 298/580/165 286/568/175
f 296/583/180 285/565/172 297/584/181
f 294/598/182 284/588/169 295/587/183
f 292/590/184 283/591/166 293/599/185
f 290/594/186 282/556/163 291/595/187
f 288/597/188 286/568/175 289/581/179
f 308/600/189 329/601/190 324/602/191
f 309/603/192 331/604/193 325/605/194
f 310/606/195 332/607/196 326/608/197
f 311/609/198 333/610/199 327/611/200
f 312/612/201 330/613/202 328/614/203
f 330/613/202 313/615/204 333/616/199
f 330/613/202 333/616/199 328/614/203
f 328/617/203 333/610/199 311/609/198
f 333/616/199 313/615/204 332/618/196
f 333/616/199 332/618/196 327/619/200
f 327/620/200 332/607/196 310/606/195
f 332/618/196 313/615/204 331/621/193
f 332/618/196 331/621/193 326/622/197
f 326/623/197 331/604/193 309/603/192
f 331/621/193 313/615/204 329/624/190
f 331/621/193 329/624/190 325/625/194
f 325/605/194 329/626/190 308/627/189
f 329/624/190 313/615/204 330/613/202
f 329/624/190 330/613/202 324/628/191
f 324/602/191 330/629/202 312/630/201
f 315/631/205 312/632/201 328/617/203
f 315/631/205 328/617/203 322/633/206
f 322/633/206 328/617/203 311/609/198
f 323/634/207 311/609/198 327/611/200
f 323/635/207 327/620/200 320/636/208
f 320/636/208 327/620/200 310/606/195
f 321/637/209 310/606/195 326/608/197
f 321/637/209 326/608/197 318/638/210
f 318/639/210 326/623/197 309/603/192
f 319/640/211 309/603/192 325/605/194
f 319/640/211 325/605/194 316/641/212
f 316/641/212 325/605/194 308/627/189
f 317/642/213 308/600/189 324/602/191
f 317/642/213 324/602/191 314/643/214
f 314/643/214 324/602/191 312/630/201
f 322/633/206 311/609/198 323/634/207
f 320/636/208 310/606/195 321/637/209
f 318/639/210 309/603/192 319/640/211
f 314/643/214 312/630/201 315/645/205
f 334/646/215 355/647/216 350/648/217
f 335/649/218 357/650/219 351/651/220
f 336/652/221 358/653/222 352/654/223
f 337/655/224 359/656/225 353/657/226
f 338/658/227 356/659/228 354/660/229
f 356/661/228 339/662/230 359/663/225
f 356/661/228 359/663/225 354/664/229
f 354/665/229 359/656/225 337/655/224
f 359/663/225 339/662/230 358/666/222
f 359/663/225 358/666/222 353/667/226
f 353/668/226 358/653/222 336/652/221
f 358/666/222 339/662/230 357/669/219
f 358/666/222 357/669/219 352/670/223
f 352/670/223 357/669/219 335/671/218
f 357/669/219 339/662/230 355/672/216
f 357/669/219 355/672/216 351/673/220
f 351/673/220 355/672/216 334/674/215
f 355/672/216 339/662/230 356/661/228
f 355/647/216 356/659/228 350/648/217
f 350/648/217 356/659/228 338/658/227
f 341/675/231 338/676/227 354/665/229
f 341/675/231 354/665/229 348/677/232
f 348/677/232 354/665/229 337/655/224
f 349/678/233 337/655/224 353/657/226
f 349/679/233 353/668/226 346/680/234
f 346/680/234 353/668/226 336/652/221
f 347/681/235 336/652/221 352/654/223
f 347/681/235 352/654/223 344/682/236
f 344/683/236 352/684/223 335/649/218
f 345/685/237 335/649/218 351/651/220
f 345/685/237 351/651/220 342/686/238
f 342/686/238 351/651/220 334/687/215
f 343/688/239 334/646/215 350/648/217
f 343/688/239 350/648/217 340/689/240
f 340/689/240 350/648/217 338/658/227
f 348/677/232 337/655/224 349/678/233
f 346/680/234 336/652/221 347/681/235
f 344/683/236 335/649/218 345/685/237
f 342/690/238 334/646/215 343/688/239
f 340/689/240 338/658/227 341/691/231
f 360/692/241 381/693/242 376/694/243
f 361/695/244 383/696/245 377/697/246
f 362/698/247 384/699/248 378/700/249
f 363/701/250 385/702/251 379/703/252
f 364/704/253 382/705/254 380/706/255
f 382/705/254 365/707/256 385/708/251
f 382/705/254 385/708/251 380/706/255
f 380/709/255 385/702/251 363/701/250
f 385/708/251 365/707/256 384/710/248
f 385/708/251 384/710/248 379/711/252
f 379/712/252 384/699/248 362/698/247
f 384/710/248 365/707/256 383/713/245
f 384/710/248 383/713/245 378/714/249
f 378/700/249 383/715/245 361/716/244
f 383/713/245 365/707/256 381/693/242
f 383/713/245 381/693/242 377/717/246
f 377/697/246 381/718/242 360/719/241
f 381/693/242 365/707/256 382/705/254
f 381/693/242 382/705/254 376/694/243
f 376/720/243 382/721/254 364/722/253
f 367/723/257 364/722/253 380/724/255
f 367/725/257 380/709/255 374/726/258
f 374/726/258 380/709/255 363/701/250
f 375/727/259 363/701/250 379/703/252
f 375/727/259 379/703/252 372/728/260
f 372/729/260 379/712/252 362/698/247
f 373/730/261 362/698/247 378/700/249
f 373/730/261 378/700/249 370/731/262
f 370/731/262 378/700/249 361/716/244
f 371/732/263 361/695/244 377/697/246
f 371/732/263 377/697/246 368/733/264
f 368/733/264 377/697/246 360/719/241
f 369/734/265 360/735/241 376/720/243
f 369/734/265 376/720/243 366/736/266
f 366/736/266 376/720/243 364/722/253
f 374/726/258 363/701/250 375/727/259
f 372/729/260 362/698/247 373/730/261
f 386/739/267 407/740/268 402/741/269
f 387/742/270 409/743/271 403/744/272
f 388/745/273 410/746/274 404/747/275
f 389/748/276 411/749/277 405/750/278
f 390/751/279 408/752/280 406/753/281
f 408/754/280 391/755/282 411/756/277
f 408/754/280 411/756/277 406/757/281
f 406/758/281 411/749/277 389/748/276
f 411/756/277 391/755/282 410/759/274
f 411/756/277 410/759/274 405/760/278
f 405/760/278 410/759/274 388/761/273
f 410/759/274 391/755/282 409/762/271
f 410/759/274 409/762/271 404/763/275
f 404/763/275 409/762/271 387/764/270
f 409/762/271 391/755/282 407/765/268
f 409/762/271 407/765/268 403/766/272
f 403/744/272 407/767/268 386/768/267
f 407/765/268 391/755/282 408/754/280
f 407/740/268 408/752/280 402/741/269
f 402/741/269 408/752/280 390/751/279
f 393/769/283 390/751/279 406/753/281
f 393/770/283 406/758/281 400/771/284
f 400/771/284 406/758/281 389/748/276
f 401/772/285 389/748/276 405/750/278
f 401/772/285 405/750/278 398/773/286
f 398/774/286 405/775/278 388/745/273
f 399/776/287 388/745/273 404/747/275
f 399/776/287 404/747/275 396/777/288
f 396/777/288 404/747/275 387/778/270
f 397/779/289 387/742/270 403/744/272
f 397/779/289 403/744/272 394/780/290
f 394/780/290 403/744/272 386/768/267
f 395/781/291 386/739/267 402/741/269
f 395/781/291 402/741/269 392/782/292
f 392/782/292 402/741/269 390/751/279
f 400/771/284 389/748/276 401/772/285
f 398/774/286 388/745/273 399/776/287
f 396/783/288 387/742/270 397/779/289
f 394/780/290 386/768/267 395/784/291
f 392/782/292 390/751/279 393/769/283
f 894/509/533 910/511/534 915/510/535
f 895/512/536 911/514/537 917/513/538
f 896/515/539 912/517/540 918/516/541
f 897/518/542 913/520/543 919/519/544
f 898/521/545 914/523/546 916/522/547
f 916/524/547 919/526/544 899/525/548
f 916/524/547 914/527/546 919/526/544
f 914/527/546 897/528/542 919/526/544
f 919/526/544 918/529/541 899/525/548
f 919/526/544 913/530/543 918/529/541
f 913/530/543 896/531/539 918/529/541
f 918/529/541 917/513/538 899/525/548
f 918/516/541 912/517/540 917/532/538
f 912/517/540 895/533/536 917/532/538
f 917/513/538 915/510/535 899/525/548
f 917/513/538 911/514/537 915/510/535
f 911/534/537 894/536/533 915/535/535
f 915/510/535 916/524/547 899/525/548
f 915/510/535 910/511/534 916/524/547
f 910/537/534 898/521/545 916/522/547
f 901/538/549 914/523/546 898/521/545
f 901/538/549 908/539/550 914/523/546
f 908/540/550 897/518/542 914/541/546
f 909/542/551 913/520/543 897/518/542
f 909/542/551 906/543/552 913/520/543
f 906/543/552 896/544/539 913/520/543
f 907/545/553 912/517/540 896/515/539
f 907/545/553 904/546/554 912/517/540
f 904/546/554 895/533/536 912/517/540
f 905/547/555 911/534/537 895/548/536
f 905/547/555 902/549/556 911/534/537
f 902/549/556 894/536/533 911/534/537
f 903/550/557 910/551/534 894/536/533
f 903/552/557 900/553/558 910/537/534
f 900/553/558 898/521/545 910/537/534
f 908/540/550 909/542/551 897/518/542
f 904/546/554 905/555/555 895/533/536
f 902/549/556 903/550/557 894/536/533
f 900/553/558 901/538/549 898/521/545
f 920/556/559 936/558/560 941/557/561
f 921/559/562 937/561/563 943/560/564
f 922/562/565 938/564/566 944/563/567
f 923/565/568 939/567/569 945/566/570
f 924/568/571 940/570/572 942/569/573
f 942/571/573 945/573/570 925/572/574
f 942/571/573 940/574/572 945/573/570
f 940/575/572 923/565/568 945/566/570
f 945/573/570 944/563/567 925/572/574
f 945/573/570 939/576/569 944/563/567
f 939/576/569 922/562/565 944/563/567
f 944/563/567 943/560/564 925/572/574
f 944/563/567 938/564/566 943/560/564
f 938/564/566 921/559/562 943/560/564
f 943/560/564 941/577/561 925/572/574
f 943/560/564 937/561/563 941/577/561
f 937/578/563 920/556/559 941/557/561
f 941/577/561 942/571/573 925/572/574
f 941/577/561 936/579/560 942/571/573
f 936/580/560 924/568/571 942/569/573
f 927/581/575 940/570/572 924/568/571
f 927/581/575 934/582/576 940/570/572
f 934/583/576 923/565/568 940/575/572
f 935/584/577 939/567/569 923/565/568
f 935/584/577 932/585/578 939/567/569
f 932/585/578 922/586/565 939/567/569
f 933/587/579 938/589/566 922/588/565
f 933/587/579 930/590/580 938/589/566
f 930/590/580 921/591/562 938/589/566
f 931/592/581 937/578/563 921/593/562
f 931/592/581 928/594/582 937/578/563
f 928/594/582 920/556/559 937/578/563
f 929/595/583 936/558/560 920/556/559
f 929/596/583 926/597/584 936/580/560
f 926/597/584 924/568/571 936/580/560
f 934/583/576 935/584/577 923/565/568
f 932/598/578 933/587/579 922/588/565
f 930/590/580 931/599/581 921/591/562
f 928/594/582 929/595/583 920/556/559
f 926/597/584 927/581/575 924/568/571
f 946/600/585 962/602/586 967/601/587
f 947/603/588 963/605/589 969/604/590
f 948/606/591 964/608/592 970/607/593
f 949/609/594 965/611/595 971/610/596
f 950/612/597 966/614/598 968/613/599
f 968/613/599 971/616/596 951/615/600
f 968/613/599 966/614/598 971/616/596
f 966/617/598 949/609/594 971/610/596
f 971/616/596 970/618/593 951/615/600
f 971/616/596 965/619/595 970/618/593
f 965/620/595 948/606/591 970/607/593
f 970/618/593 969/621/590 951/615/600
f 970/618/593 964/622/592 969/621/590
f 964/623/592 947/603/588 969/604/590
f 969/621/590 967/624/587 951/615/600
f 969/621/590 963/625/589 967/624/587
f 963/605/589 946/627/585 967/626/587
f 967/624/587 968/613/599 951/615/600
f 967/624/587 962/628/586 968/613/599
f 962/602/586 950/630/597 968/629/599
f 953/631/601 966/617/598 950/632/597
f 953/631/601 960/633/602 966/617/598
f 960/633/602 949/609/594 966/617/598
f 961/634/603 965/611/595 949/609/594
f 961/635/603 958/636/604 965/620/595
f 958/636/604 948/606/591 965/620/595
f 959/637/605 964/608/592 948/606/591
f 959/637/605 956/638/606 964/608/592
f 956/639/606 947/603/588 964/623/592
f 957/640/607 963/605/589 947/603/588
f 957/640/607 954/641/608 963/605/589
f 954/641/608 946/627/585 963/605/589
f 955/642/609 962/602/586 946/600/585
f 955/642/609 952/643/610 962/602/586
f 952/643/610 950/630/597 962/602/586
f 960/633/602 961/634/603 949/609/594
f 958/636/604 959/637/605 948/606/591
f 956/639/606 957/640/607 947/603/588
f 952/643/610 953/645/601 950/630/597
f 972/646/611 988/648/612 993/647/613
f 973/649/614 989/651/615 995/650/616
f 974/652/617 990/654/618 996/653/619
f 975/655/620 991/657/621 997/656/622
f 976/658/623 992/660/624 994/659/625
f 994/661/625 997/663/622 977/662/626
f 994/661/625 992/664/624 997/663/622
f 992/665/624 975/655/620 997/656/622
f 997/663/622 996/666/619 977/662/626
f 997/663/622 991/667/621 996/666/619
f 991/668/621 974/652/617 996/653/619
f 996/666/619 995/669/616 977/662/626
f 996/666/619 990/670/618 995/669/616
f 990/670/618 973/671/614 995/669/616
f 995/669/616 993/672/613 977/662/626
f 995/669/616 989/673/615 993/672/613
f 989/673/615 972/674/611 993/672/613
f 993/672/613 994/661/625 977/662/626
f 993/647/613 988/648/612 994/659/625
f 988/648/612 976/658/623 994/659/625
f 979/675/627 992/665/624 976/676/623
f 979/675/627 986/677/628 992/665/624
f 986/677/628 975/655/620 992/665/624
f 987/678/629 991/657/621 975/655/620
f 987/679/629 984/680/630 991/668/621
f 984/680/630 974/652/617 991/668/621
f 985/681/631 990/654/618 974/652/617
f 985/681/631 982/682/632 990/654/618
f 982/683/632 973/649/614 990/684/618
f 983/685/633 989/651/615 973/649/614
f 983/685/633 980/686/634 989/651/615
f 980/686/634 972/687/611 989/651/615
f 981/688/635 988/648/612 972/646/611
f 981/688/635 978/689/636 988/648/612
f 978/689/636 976/658/623 988/648/612
f 986/677/628 987/678/629 975/655/620
f 984/680/630 985/681/631 974/652/617
f 982/683/632 983/685/633 973/649/614
f 980/690/634 981/688/635 972/646/611
f 978/689/636 979/691/627 976/658/623
f 998/692/637 1014/694/638 1019/693/639
f 999/695/640 1015/697/641 1021/696/642
f 1000/698/643 1016/700/644 1022/699/645
f 1001/701/646 1017/703/647 1023/702/648
f 1002/704/649 1018/706/650 1020/705/651
f 1020/705/651 1023/708/648 1003/707/652
f 1020/705/651 1018/706/650 1023/708/648
f 1018/709/650 1001/701/646 1023/702/648
f 1023/708/648 1022/710/645 1003/707/652
f 1023/708/648 1017/711/647 1022/710/645
f 1017/712/647 1000/698/643 1022/699/645
f 1022/710/645 1021/713/642 1003/707/652
f 1022/710/645 1016/714/644 1021/713/642
f 1016/700/644 999/716/640 1021/715/642
f 1021/713/642 1019/693/639 1003/707/652
f 1021/713/642 1015/717/641 1019/693/639
f 1015/697/641 998/719/637 1019/718/639
f 1019/693/639 1020/705/651 1003/707/652
f 1019/693/639 1014/694/638 1020/705/651
f 1014/720/638 1002/722/649 1020/721/651
f 1005/723/653 1018/724/650 1002/722/649
f 1005/725/653 1012/726/654 1018/709/650
f 1012/726/654 1001/701/646 1018/709/650
f 1013/727/655 1017/703/647 1001/701/646
f 1013/727/655 1010/728/656 1017/703/647
f 1010/729/656 1000/698/643 1017/712/647
f 1011/730/657 1016/700/644 1000/698/643
f 1011/730/657 1008/731/658 1016/700/644
f 1008/731/658 999/716/640 1016/700/644
f 1009/732/659 1015/697/641 999/695/640
f 1009/732/659 1006/733/660 1015/697/641
f 1006/733/660 998/719/637 1015/697/641
f 1007/734/661 1014/720/638 998/735/637
f 1007/734/661 1004/736/662 1014/720/638
f 1004/736/662 1002/722/649 1014/720/638
f 1012/726/654 1013/727/655 1001/701/646
f 1010/729/656 1011/730/657 1000/698/643
f 1024/739/663 1040/741/664 1045/740/665
f 1025/742/666 1041/744/667 1047/743/668
f 1026/745/669 1042/747/670 1048/746/671
f 1027/748/672 1043/750/673 1049/749/674
f 1028/751/675 1044/753/676 1046/752/677
f 1046/754/677 1049/756/674 1029/755/678
f 1046/754/677 1044/757/676 1049/756/674
f 1044/758/676 1027/748/672 1049/749/674
f 1049/756/674 1048/759/671 1029/755/678
f 1049/756/674 1043/760/673 1048/759/671
f 1043/760/673 1026/761/669 1048/759/671
f 1048/759/671 1047/762/668 1029/755/678
f 1048/759/671 1042/763/670 1047/762/668
f 1042/763/670 1025/764/666 1047/762/668
f 1047/762/668 1045/765/665 1029/755/678
f 1047/762/668 1041/766/667 1045/765/665
f 1041/744/667 1024/768/663 1045/767/665
f 1045/765/665 1046/754/677 1029/755/678
f 1045/740/665 1040/741/664 1046/752/677
f 1040/741/664 1028/751/675 1046/752/677
f 1031/769/679 1044/753/676 1028/751/675
f 1031/770/679 1038/771/680 1044/758/676
f 1038/771/680 1027/748/672 1044/758/676
f 1039/772/681 1043/750/673 1027/748/672
f 1039/772/681 1036/773/682 1043/750/673
f 1036/774/682 1026/745/669 1043/775/673
f 1037/776/683 1042/747/670 1026/745/669
f 1037/776/683 1034/777/684 1042/747/670
f 1034/777/684 1025/778/666 1042/747/670
f 1035/779/685 1041/744/667 1025/742/666
f 1035/779/685 1032/780/686 1041/744/667
f 1032/780/686 1024/768/663 1041/744/667
f 1033/781/687 1040/741/664 1024/739/663
f 1033/781/687 1030/782/688 1040/741/664
f 1030/782/688 1028/751/675 1040/741/664
f 1038/771/680 1039/772/681 1027/748/672
f 1036/774/682 1037/776/683 1026/745/669
f 1034/783/684 1035/779/685 1025/742/666
f 1032/780/686 1033/784/687 1024/768/663
f 1030/782/688 1031/769/679 1028/751/675
f 1240/1118/799 1256/1119/800 1261/1120/801
f 1241/1121/802 1257/1122/803 1263/1123/804
f 1242/1124/805 1258/1125/806 1264/1126/807
f 1243/1127/808 1259/1128/809 1265/1129/810
f 1244/1130/811 1260/1131/812 1262/1132/813
f 1262/1132/813 1265/1133/810 1245/1134/814
f 1262/1132/813 1260/1131/812 1265/1133/810
f 1260/1131/812 1243/1127/808 1265/1133/810
f 1265/1129/810 1264/1135/807 1245/1136/814
f 1265/1129/810 1259/1128/809 1264/1135/807
f 1259/1128/809 1242/1124/805 1264/1135/807
f 1264/1126/807 1263/1137/804 1245/1138/814
f 1264/1126/807 1258/1125/806 1263/1137/804
f 1258/1125/806 1241/1139/802 1263/1137/804
f 1263/1123/804 1261/1140/801 1245/1141/814
f 1263/1123/804 1257/1122/803 1261/1140/801
f 1257/1122/803 1240/1118/799 1261/1140/801
f 1261/1120/801 1262/1142/813 1245/1143/814
f 1261/1120/801 1256/1119/800 1262/1142/813
f 1256/1119/800 1244/1130/811 1262/1142/813
f 1247/1144/815 1260/1131/812 1244/1130/811
f 1247/1144/815 1254/1145/816 1260/1131/812
f 1254/1145/816 1243/1127/808 1260/1131/812
f 1255/1146/817 1259/1128/809 1243/1127/808
f 1255/1146/817 1252/1147/818 1259/1128/809
f 1252/1147/818 1242/1124/805 1259/1128/809
f 1253/1148/819 1258/1125/806 1242/1124/805
f 1253/1148/819 1250/1149/820 1258/1125/806
f 1250/1149/820 1241/1139/802 1258/1125/806
f 1251/1150/821 1257/1122/803 1241/1121/802
f 1251/1150/821 1248/1151/822 1257/1122/803
f 1248/1151/822 1240/1118/799 1257/1122/803
f 1249/1152/823 1256/1119/800 1240/1118/799
f 1249/1152/823 1246/1153/824 1256/1119/800
f 1246/1153/824 1244/1130/811 1256/1119/800
f 1254/1145/816 1255/1146/817 1243/1127/808
f 1250/1149/820 1251/1154/821 1241/1139/802
f 1248/1151/822 1249/1152/823 1240/1118/799
f 1246/1153/824 1247/1144/815 1244/1130/811
f 1266/1118/825 1282/1119/826 1287/1120/827
f 1267/1121/828 1283/1122/829 1289/1123/830
f 1268/1124/831 1284/1125/832 1290/1126/833
f 1269/1127/834 1285/1128/835 1291/1129/836
f 1270/1130/837 1286/1131/838 1288/1132/839
f 1288/1132/839 1291/1133/836 1271/1134/840
f 1288/1132/839 1286/1131/838 1291/1133/836
f 1286/1131/838 1269/1127/834 1291/1133/836
f 1291/1129/836 1290/1135/833 1271/1136/840
f 1291/1129/836 1285/1128/835 1290/1135/833
f 1285/1128/835 1268/1124/831 1290/1135/833
f 1290/1126/833 1289/1137/830 1271/1138/840
f 1290/1126/833 1284/1125/832 1289/1137/830
f 1284/1125/832 1267/1139/828 1289/1137/830
f 1289/1123/830 1287/1140/827 1271/1141/840
f 1289/1123/830 1283/1122/829 1287/1140/827
f 1283/1122/829 1266/1118/825 1287/1140/827
f 1287/1120/827 1288/1142/839 1271/1143/840
f 1287/1120/827 1282/1119/826 1288/1142/839
f 1282/1119/826 1270/1130/837 1288/1142/839
f 1273/1144/841 1286/1131/838 1270/1130/837
f 1273/1144/841 1280/1145/842 1286/1131/838
f 1280/1145/842 1269/1127/834 1286/1131/838
f 1281/1146/843 1285/1128/835 1269/1127/834
f 1281/1146/843 1278/1147/844 1285/1128/835
f 1278/1147/844 1268/1124/831 1285/1128/835
f 1279/1148/845 1284/1125/832 1268/1124/831
f 1279/1148/845 1276/1149/846 1284/1125/832
f 1276/1149/846 1267/1139/828 1284/1125/832
f 1277/1150/847 1283/1122/829 1267/1121/828
f 1277/1150/847 1274/1151/848 1283/1122/829
f 1274/1151/848 1266/1118/825 1283/1122/829
f 1275/1152/849 1282/1119/826 1266/1118/825
f 1275/1152/849 1272/1153/850 1282/1119/826
f 1272/1153/850 1270/1130/837 1282/1119/826
f 1280/1145/842 1281/1146/843 1269/1127/834
f 1278/1147/844 1279/1148/845 1268/1124/831
f 1276/1149/846 1277/1154/847 1267/1139/828
f 1274/1151/848 1275/1152/849 1266/1118/825
f 1272/1153/850 1273/1144/841 1270/1130/837
f 1292/1118/851 1308/1119/852 1313/1120/853
f 1293/1121/854 1309/1122/855 1315/1123/856
f 1294/1124/857 1310/1125/858 1316/1126/859
f 1295/1127/860 1311/1128/861 1317/1129/862
f 1296/1130/863 1312/1131/864 1314/1132/865
f 1314/1132/865 1317/1133/862 1297/1134/866
f 1314/1132/865 1312/1131/864 1317/1133/862
f 1312/1131/864 1295/1127/860 1317/1133/862
f 1317/1129/862 1316/1135/859 1297/1136/866
f 1317/1129/862 1311/1128/861 1316/1135/859
f 1311/1128/861 1294/1124/857 1316/1135/859
f 1316/1126/859 1315/1137/856 1297/1138/866
f 1316/1126/859 1310/1125/858 1315/1137/856
f 1310/1125/858 1293/1139/854 1315/1137/856
f 1315/1123/856 1313/1140/853 1297/1141/866
f 1315/1123/856 1309/1122/855 1313/1140/853
f 1309/1122/855 1292/1118/851 1313/1140/853
f 1313/1120/853 1314/1142/865 1297/1143/866
f 1313/1120/853 1308/1119/852 1314/1142/865
f 1308/1119/852 1296/1130/863 1314/1142/865
f 1299/1144/867 1312/1131/864 1296/1130/863
f 1299/1144/867 1306/1145/868 1312/1131/864
f 1306/1145/868 1295/1127/860 1312/1131/864
f 1307/1146/869 1311/1128/861 1295/1127/860
f 1307/1146/869 1304/1147/870 1311/1128/861
f 1304/1147/870 1294/1124/857 1311/1128/861
f 1305/1148/871 1310/1125/858 1294/1124/857
f 1305/1148/871 1302/1149/872 1310/1125/858
f 1302/1149/872 1293/1139/854 1310/1125/858
f 1303/1150/873 1309/1122/855 1293/1121/854
f 1303/1150/873 1300/1151/874 1309/1122/855
f 1300/1151/874 1292/1118/851 1309/1122/855
f 1301/1152/875 1308/1119/852 1292/1118/851
f 1301/1152/875 1298/1153/876 1308/1119/852
f 1298/1153/876 1296/1130/863 1308/1119/852
f 1306/1145/868 1307/1146/869 1295/1127/860
f 1304/1147/870 1305/1148/871 1294/1124/857
f 1302/1149/872 1303/1154/873 1293/1139/854
f 1300/1151/874 1301/1152/875 1292/1118/851
f 1298/1153/876 1299/1144/867 1296/1130/863
f 1318/1118/877 1334/1119/878 1339/1120/879
f 1319/1121/880 1335/1122/881 1341/1123/882
f 1320/1124/883 1336/1125/884 1342/1126/885
f 1321/1127/886 1337/1128/887 1343/1129/888
f 1322/1130/889 1338/1131/890 1340/1132/891
f 1340/1132/891 1343/1133/888 1323/1134/892
f 1340/1132/891 1338/1131/890 1343/1133/888
f 1338/1131/890 1321/1127/886 1343/1133/888
f 1343/1129/888 1342/1135/885 1323/1136/892
f 1343/1129/888 1337/1128/887 1342/1135/885
f 1337/1128/887 1320/1124/883 1342/1135/885
f 1342/1126/885 1341/1137/882 1323/1138/892
f 1342/1126/885 1336/1125/884 1341/1137/882
f 1336/1125/884 1319/1139/880 1341/1137/882
f 1341/1123/882 1339/1140/879 1323/1141/892
f 1341/1123/882 1335/1122/881 1339/1140/879
f 1335/1122/881 1318/1118/877 1339/1140/879
f 1339/1120/879 1340/1142/891 1323/1143/892
f 1339/1120/879 1334/1119/878 1340/1142/891
f 1334/1119/878 1322/1130/889 1340/1142/891
f 1325/1144/893 1338/1131/890 1322/1130/889
f 1325/1144/893 1332/1145/894 1338/1131/890
f 1332/1145/894 1321/1127/886 1338/1131/890
f 1333/1146/895 1337/1128/887 1321/1127/886
f 1333/1146/895 1330/1147/896 1337/1128/887
f 1330/1147/896 1320/1124/883 1337/1128/887
f 1331/1148/897 1336/1125/884 1320/1124/883
f 1331/1148/897 1328/1149/898 1336/1125/884
f 1328/1149/898 1319/1139/880 1336/1125/884
f 1329/1150/899 1335/1122/881 1319/1121/880
f 1329/1150/899 1326/1151/900 1335/1122/881
f 1326/1151/900 1318/1118/877 1335/1122/881
f 1327/1152/901 1334/1119/878 1318/1118/877
f 1327/1152/901 1324/1153/902 1334/1119/878
f 1324/1153/902 1322/1130/889 1334/1119/878
f 1332/1145/894 1333/1146/895 1321/1127/886
f 1330/1147/896 1331/1148/897 1320/1124/883
f 1328/1149/898 1329/1154/899 1319/1139/880
f 1326/1151/900 1327/1152/901 1318/1118/877
f 1324/1153/902 1325/1144/893 1322/1130/889
f 1447/1118/966 1463/1119/967 1468/1120/968
f 1448/1121/969 1464/1122/970 1470/1123/971
f 1449/1124/972 1465/1125/973 1471/1126/974
f 1450/1127/975 1466/1128/976 1472/1129/977
f 1451/1130/978 1467/1131/979 1469/1132/980
f 1469/1132/980 1472/1133/977 1452/1134/981
f 1469/1132/980 1467/1131/979 1472/1133/977
f 1467/1131/979 1450/1127/975 1472/1133/977
f 1472/1129/977 1471/1135/974 1452/1136/981
f 1472/1129/977 1466/1128/976 1471/1135/974
f 1466/1128/976 1449/1124/972 1471/1135/974
f 1471/1126/974 1470/1137/971 1452/1138/981
f 1471/1126/974 1465/1125/973 1470/1137/971
f 1465/1125/973 1448/1139/969 1470/1137/971
f 1470/1123/971 1468/1140/968 1452/1141/981
f 1470/1123/971 1464/1122/970 1468/1140/968
f 1464/1122/970 1447/1118/966 1468/1140/968
f 1468/1120/968 1469/1142/980 1452/1143/981
f 1468/1120/968 1463/1119/967 1469/1142/980
f 1463/1119/967 1451/1130/978 1469/1142/980
f 1454/1144/982 1467/1131/979 1451/1130/978
f 1454/1144/982 1461/1145/983 1467/1131/979
f 1461/1145/983 1450/1127/975 1467/1131/979
f 1462/1146/984 1466/1128/976 1450/1127/975
f 1462/1146/984 1459/1147/985 1466/1128/976
f 1459/1147/985 1449/1124/972 1466/1128/976
f 1460/1148/986 1465/1125/973 1449/1124/972
f 1460/1148/986 1457/1149/987 1465/1125/973
f 1457/1149/987 1448/1139/969 1465/1125/973
f 1458/1150/988 1464/1122/970 1448/1121/969
f 1458/1150/988 1455/1151/989 1464/1122/970
f 1455/1151/989 1447/1118/966 1464/1122/970
f 1456/1152/990 1463/1119/967 1447/1118/966
f 1456/1152/990 1453/1153/991 1463/1119/967
f 1453/1153/991 1451/1130/978 1463/1119/967
f 1461/1145/983 1462/1146/984 1450/1127/975
f 1457/1149/987 1458/1154/988 1448/1139/969
f 1455/1151/989 1456/1152/990 1447/1118/966
f 1453/1153/991 1454/1144/982 1451/1130/978
f 1473/1118/992 1489/1119/993 1494/1120/994
f 1474/1121/995 1490/1122/996 1496/1123/997
f 1475/1124/998 1491/1125/999 1497/1126/1000
f 1476/1127/1001 1492/1128/1002 1498/1129/1003
f 1477/1130/1004 1493/1131/1005 1495/1132/1006
f 1495/1132/1006 1498/1133/1003 1478/1134/1007
f 1495/1132/1006 1493/1131/1005 1498/1133/1003
f 1493/1131/1005 1476/1127/1001 1498/1133/1003
f 1498/1129/1003 1497/1135/1000 1478/1136/1007
f 1498/1129/1003 1492/1128/1002 1497/1135/1000
f 1492/1128/1002 1475/1124/998 1497/1135/1000
f 1497/1126/1000 1496/1137/997 1478/1138/1007
f 1497/1126/1000 1491/1125/999 1496/1137/997
f 1491/1125/999 1474/1139/995 1496/1137/997
f 1496/1123/997 1494/1140/994 1478/1141/1007
f 1496/1123/997 1490/1122/996 1494/1140/994
f 1490/1122/996 1473/1118/992 1494/1140/994
f 1494/1120/994 1495/1142/1006 1478/1143/1007
f 1494/1120/994 1489/1119/993 1495/1142/1006
f 1489/1119/993 1477/1130/1004 1495/1142/1006
f 1480/1144/1008 1493/1131/1005 1477/1130/1004
f 1480/1144/1008 1487/1145/1009 1493/1131/1005
f 1487/1145/1009 1476/1127/1001 1493/1131/1005
f 1488/1146/1010 1492/1128/1002 1476/1127/1001
f 1488/1146/1010 1485/1147/1011 1492/1128/1002
f 1485/1147/1011 1475/1124/998 1492/1128/1002
f 1486/1148/1012 1491/1125/999 1475/1124/998
f 1486/1148/1012 1483/1149/1013 1491/1125/999
f 1483/1149/1013 1474/1139/995 1491/1125/999
f 1484/1150/1014 1490/1122/996 1474/1121/995
f 1484/1150/1014 1481/1151/1015 1490/1122/996
f 1481/1151/1015 1473/1118/992 1490/1122/996
f 1482/1152/1016 1489/1119/993 1473/1118/992
f 1482/1152/1016 1479/1153/1017 1489/1119/993
f 1479/1153/1017 1477/1130/1004 1489/1119/993
f 1487/1145/1009 1488/1146/1010 1476/1127/1001
f 1485/1147/1011 1486/1148/1012 1475/1124/998
f 1483/1149/1013 1484/1154/1014 1474/1139/995
f 1481/1151/1015 1482/1152/1016 1473/1118/992
f 1479/1153/1017 1480/1144/1008 1477/1130/1004
f 1691/1118/1139 1712/1120/1140 1707/1119/1141
f 1692/1121/1142 1714/1123/1143 1708/1122/1144
f 1693/1124/1145 1715/1126/1146 1709/1125/1147
f 1694/1127/1148 1716/1129/1149 1710/1128/1150
f 1695/1130/1151 1713/1132/1152 1711/1131/1153
f 1713/1132/1152 1696/1134/1154 1716/1133/1149
f 1713/1132/1152 1716/1133/1149 1711/1131/1153
f 1711/1131/1153 1716/1133/1149 1694/1127/1148
f 1716/1129/1149 1696/1136/1154 1715/1135/1146
f 1716/1129/1149 1715/1135/1146 1710/1128/1150
f 1710/1128/1150 1715/1135/1146 1693/1124/1145
f 1715/1126/1146 1696/1138/1154 1714/1137/1143
f 1715/1126/1146 1714/1137/1143 1709/1125/1147
f 1709/1125/1147 1714/1137/1143 1692/1139/1142
f 1714/1123/1143 1696/1141/1154 1712/1140/1140
f 1714/1123/1143 1712/1140/1140 1708/1122/1144
f 1708/1122/1144 1712/1140/1140 1691/1118/1139
f 1712/1120/1140 1696/1143/1154 1713/1142/1152
f 1712/1120/1140 1713/1142/1152 1707/1119/1141
f 1707/1119/1141 1713/1142/1152 1695/1130/1151
f 1698/1144/1155 1695/1130/1151 1711/1131/1153
f 1698/1144/1155 1711/1131/1153 1705/1145/1156
f 1705/1145/1156 1711/1131/1153 1694/1127/1148
f 1706/1146/1157 1694/1127/1148 1710/1128/1150
f 1706/1146/1157 1710/1128/1150 1703/1147/1158
f 1703/1147/1158 1710/1128/1150 1693/1124/1145
f 1704/1148/1159 1693/1124/1145 1709/1125/1147
f 1704/1148/1159 1709/1125/1147 1701/1149/1160
f 1701/1149/1160 1709/1125/1147 1692/1139/1142
f 1702/1150/1161 1692/1121/1142 1708/1122/1144
f 1702/1150/1161 1708/1122/1144 1699/1151/1162
f 1699/1151/1162 1708/1122/1144 1691/1118/1139
f 1700/1152/1163 1691/1118/1139 1707/1119/1141
f 1700/1152/1163 1707/1119/1141 1697/1153/1164
f 1697/1153/1164 1707/1119/1141 1695/1130/1151
f 1705/1145/1156 1694/1127/1148 1706/1146/1157
f 1701/1149/1160 1692/1139/1142 1702/1154/1161
f 1699/1151/1162 1691/1118/1139 1700/1152/1163
f 1697/1153/1164 1695/1130/1151 1698/1144/1155
f 1717/1118/1165 1738/1120/1166 1733/1119/1167
f 1718/1121/1168 1740/1123/1169 1734/1122/1170
f 1719/1124/1171 1741/1126/1172 1735/1125/1173
f 1720/1127/1174 1742/1129/1175 1736/1128/1176
f 1721/1130/1177 1739/1132/1178 1737/1131/1179
f 1739/1132/1178 1722/1134/1180 1742/1133/1175
f 1739/1132/1178 1742/1133/1175 1737/1131/1179
f 1737/1131/1179 1742/1133/1175 1720/1127/1174
f 1742/1129/1175 1722/1136/1180 1741/1135/1172
f 1742/1129/1175 1741/1135/1172 1736/1128/1176
f 1736/1128/1176 1741/1135/1172 1719/1124/1171
f 1741/1126/1172 1722/1138/1180 1740/1137/1169
f 1741/1126/1172 1740/1137/1169 1735/1125/1173
f 1735/1125/1173 1740/1137/1169 1718/1139/1168
f 1740/1123/1169 1722/1141/1180 1738/1140/1166
f 1740/1123/1169 1738/1140/1166 1734/1122/1170
f 1734/1122/1170 1738/1140/1166 1717/1118/1165
f 1738/1120/1166 1722/1143/1180 1739/1142/1178
f 1738/1120/1166 1739/1142/1178 1733/1119/1167
f 1733/1119/1167 1739/1142/1178 1721/1130/1177
f 1724/1144/1181 1721/1130/1177 1737/1131/1179
f 1724/1144/1181 1737/1131/1179 1731/1145/1182
f 1731/1145/1182 1737/1131/1179 1720/1127/1174
f 1732/1146/1183 1720/1127/1174 1736/1128/1176
f 1732/1146/1183 1736/1128/1176 1729/1147/1184
f 1729/1147/1184 1736/1128/1176 1719/1124/1171
f 1730/1148/1185 1719/1124/1171 1735/1125/1173
f 1730/1148/1185 1735/1125/1173 1727/1149/1186
f 1727/1149/1186 1735/1125/1173 1718/1139/1168
f 1728/1150/1187 1718/1121/1168 1734/1122/1170
f 1728/1150/1187 1734/1122/1170 1725/1151/1188
f 1725/1151/1188 1734/1122/1170 1717/1118/1165
f 1726/1152/1189 1717/1118/1165 1733/1119/1167
f 1726/1152/1189 1733/1119/1167 1723/1153/1190
f 1723/1153/1190 1733/1119/1167 1721/1130/1177
f 1731/1145/1182 1720/1127/1174 1732/1146/1183
f 1729/1147/1184 1719/1124/1171 1730/1148/1185
f 1727/1149/1186 1718/1139/1168 1728/1154/1187
f 1725/1151/1188 1717/1118/1165 1726/1152/1189
f 1723/1153/1190 1721/1130/1177 1724/1144/1181
f 1743/1118/1191 1764/1120/1192 1759/1119/1193
f 1744/1121/1194 1766/1123/1195 1760/1122/1196
f 1745/1124/1197 1767/1126/1198 1761/1125/1199
f 1746/1127/1200 1768/1129/1201 1762/1128/1202
f 1747/1130/1203 1765/1132/1204 1763/1131/1205
f 1765/1132/1204 1748/1134/1206 1768/1133/1201
f 1765/1132/1204 1768/1133/1201 1763/1131/1205
f 1763/1131/1205 1768/1133/1201 1746/1127/1200
f 1768/1129/1201 1748/1136/1206 1767/1135/1198
f 1768/1129/1201 1767/1135/1198 1762/1128/1202
f 1762/1128/1202 1767/1135/1198 1745/1124/1197
f 1767/1126/1198 1748/1138/1206 1766/1137/1195
f 1767/1126/1198 1766/1137/1195 1761/1125/1199
f 1761/1125/1199 1766/1137/1195 1744/1139/1194
f 1766/1123/1195 1748/1141/1206 1764/1140/1192
f 1766/1123/1195 1764/1140/1192 1760/1122/1196
f 1760/1122/1196 1764/1140/1192 1743/1118/1191
f 1764/1120/1192 1748/1143/1206 1765/1142/1204
f 1764/1120/1192 1765/1142/1204 1759/1119/1193
f 1759/1119/1193 1765/1142/1204 1747/1130/1203
f 1750/1144/1207 1747/1130/1203 1763/1131/1205
f 1750/1144/1207 1763/1131/1205 1757/1145/1208
f 1757/1145/1208 1763/1131/1205 1746/1127/1200
f 1758/1146/1209 1746/1127/1200 1762/1128/1202
f 1758/1146/1209 1762/1128/1202 1755/1147/1210
f 1755/1147/1210 1762/1128/1202 1745/1124/1197
f 1756/1148/1211 1745/1124/1197 1761/1125/1199
f 1756/1148/1211 1761/1125/1199 1753/1149/1212
f 1753/1149/1212 1761/1125/1199 1744/1139/1194
f 1754/1150/1213 1744/1121/1194 1760/1122/1196
f 1754/1150/1213 1760/1122/1196 1751/1151/1214
f 1751/1151/1214 1760/1122/1196 1743/1118/1191
f 1752/1152/1215 1743/1118/1191 1759/1119/1193
f 1752/1152/1215 1759/1119/1193 1749/1153/1216
f 1749/1153/1216 1759/1119/1193 1747/1130/1203
f 1757/1145/1208 1746/1127/1200 1758/1146/1209
f 1755/1147/1210 1745/1124/1197 1756/1148/1211
f 1753/1149/1212 1744/1139/1194 1754/1154/1213
f 1751/1151/1214 1743/1118/1191 1752/1152/1215
f 1749/1153/1216 1747/1130/1203 1750/1144/1207
f 1769/1118/1217 1790/1120/1218 1785/1119/1219
f 1770/1121/1220 1792/1123/1221 1786/1122/1222
f 1771/1124/1223 1793/1126/1224 1787/1125/1225
f 1772/1127/1226 1794/1129/1227 1788/1128/1228
f 1773/1130/1229 1791/1132/1230 1789/1131/1231
f 1791/1132/1230 1774/1134/1232 1794/1133/1227
f 1791/1132/1230 1794/1133/1227 1789/1131/1231
f 1789/1131/1231 1794/1133/1227 1772/1127/1226
f 1794/1129/1227 1774/1136/1232 1793/1135/1224
f 1794/1129/1227 1793/1135/1224 1788/1128/1228
f 1788/1128/1228 1793/1135/1224 1771/1124/1223
f 1793/1126/1224 1774/1138/1232 1792/1137/1221
f 1793/1126/1224 1792/1137/1221 1787/1125/1225
f 1787/1125/1225 1792/1137/1221 1770/1139/1220
f 1792/1123/1221 1774/1141/1232 1790/1140/1218
f 1792/1123/1221 1790/1140/1218 1786/1122/1222
f 1786/1122/1222 1790/1140/1218 1769/1118/1217
f 1790/1120/1218 1774/1143/1232 1791/1142/1230
f 1790/1120/1218 1791/1142/1230 1785/1119/1219
f 1785/1119/1219 1791/1142/1230 1773/1130/1229
f 1776/1144/1233 1773/1130/1229 1789/1131/1231
f 1776/1144/1233 1789/1131/1231 1783/1145/1234
f 1783/1145/1234 1789/1131/1231 1772/1127/1226
f 1784/1146/1235 1772/1127/1226 1788/1128/1228
f 1784/1146/1235 1788/1128/1228 1781/1147/1236
f 1781/1147/1236 1788/1128/1228 1771/1124/1223
f 1782/1148/1237 1771/1124/1223 1787/1125/1225
f 1782/1148/1237 1787/1125/1225 1779/1149/1238
f 1779/1149/1238 1787/1125/1225 1770/1139/1220
f 1780/1150/1239 1770/1121/1220 1786/1122/1222
f 1780/1150/1239 1786/1122/1222 1777/1151/1240
f 1777/1151/1240 1786/1122/1222 1769/1118/1217
f 1778/1152/1241 1769/1118/1217 1785/1119/1219
f 1778/1152/1241 1785/1119/1219 1775/1153/1242
f 1775/1153/1242 1785/1119/1219 1773/1130/1229
f 1783/1145/1234 1772/1127/1226 1784/1146/1235
f 1781/1147/1236 1771/1124/1223 1782/1148/1237
f 1779/1149/1238 1770/1139/1220 1780/1154/1239
f 1777/1151/1240 1769/1118/1217 1778/1152/1241
f 1775/1153/1242 1773/1130/1229 1776/1144/1233
s 0
usemtl Helles_Holz
f 50/140/66 49/141/66 52/142/66 51/143/66
f 3/144/67 43/145/67 44/146/67 4/147/67
f 43/145/68 42/148/68 45/149/68 44/146/68
f 42/148/69 41/150/69 46/151/69 45/149/69
f 41/150/70 40/152/70 47/153/70 46/151/70
f 152/168/75 155/169/75 154/170/75 153/171/75
f 40/152/80 7/188/80 132/156/80 133/155/80 47/153/80
f 49/141/90 48/223/90 156/224/90 157/225/90 52/142/90
f 48/223/91 1/226/91 2/227/91 159/228/91 156/224/91
f 412/785/293 415/786/293 414/787/293 413/788/293
f 416/789/294 419/790/294 418/791/294 417/792/294
f 420/793/295 423/794/295 422/795/295 421/796/295
f 424/797/296 427/798/296 426/799/296 425/800/296
f 5/824/309 427/798/309 424/797/309 155/825/309 152/826/309 6/827/309
f 425/800/312 50/140/312 51/143/312 154/834/312 155/825/312 424/797/312
f 688/140/461 689/143/461 690/142/461 687/141/461
f 641/144/462 642/147/462 682/146/462 681/145/462
f 681/145/463 682/146/463 683/149/463 680/148/463
f 680/148/464 683/149/464 684/151/464 679/150/464
f 679/150/465 684/151/465 685/153/465 678/152/465
f 790/168/470 791/171/470 792/170/470 793/169/470
f 678/152/475 685/153/475 771/155/475 770/156/475 645/188/475
f 687/141/485 690/142/485 795/225/485 794/224/485 686/223/485
f 686/223/486 794/224/486 797/228/486 640/227/486 639/226/486
f 1050/785/689 1051/788/689 1052/787/689 1053/786/689
f 1054/789/690 1055/792/690 1056/791/690 1057/790/690
f 1058/793/691 1059/796/691 1060/795/691 1061/794/691
f 1062/797/692 1063/800/692 1064/799/692 1065/798/692
f 643/824/705 644/827/705 790/826/705 793/825/705 1062/797/705 1065/798/705
f 1063/800/708 1062/797/708 793/825/708 792/834/708 689/143/708 688/140/708
f 1095/1055/748 1097/1056/748 1098/1057/748 1094/1058/748
f 1164/1066/751 1165/1067/751 1166/1068/751 1167/1069/751
f 1168/1070/752 1169/1071/752 1170/1072/752 1171/1073/752
f 1068/977/761 1069/841/761 1164/1066/761 1167/1069/761 1096/1099/761
f 1096/1099/762 1167/1069/762 1166/1068/762 1097/1056/762 1095/1055/762
f 1094/1058/765 1098/1057/765 1169/1071/765 1168/1070/765 1093/1105/765
f 1093/1105/766 1168/1070/766 1171/1073/766 1067/843/766 1066/1106/766
f 1128/1020/903 1070/1089/903 1080/980/903 1099/979/903
f 1099/979/904 1100/1040/904 1127/1021/904 1128/1020/904
f 1100/1040/905 1101/1039/905 1126/1024/905 1127/1021/905
f 1126/1024/906 1101/1039/906 1173/1075/906 1125/991/906
f 1087/999/907 1086/992/907 1125/991/907 1175/1077/907
f 1175/1077/908 1125/991/908 1173/1075/908 1172/1074/908
f 1344/1155/909 1345/1156/909 1346/1157/909 1347/1158/909
f 1348/1159/910 1349/1160/910 1350/1161/910 1351/1162/910
f 1512/1168/922 1509/1169/922 1511/1170/922
f 1513/1171/923 1514/1172/923 1516/1173/923
f 1391/1020/1018 1352/1089/1018 1360/980/1018 1370/979/1018
f 1370/979/1019 1371/1040/1019 1390/1021/1019 1391/1020/1019
f 1371/1040/1020 1372/1039/1020 1389/1024/1020 1390/1021/1020
f 1389/1024/1021 1372/1039/1021 1412/1075/1021 1388/991/1021
f 1365/999/1022 1364/992/1022 1388/991/1022 1414/1077/1022
f 1414/1077/1023 1388/991/1023 1412/1075/1023 1411/1074/1023
f 1387/1027/1024 1404/1012/1024 1361/1181/1024 1369/1026/1024
f 1386/1030/1025 1405/1010/1025 1404/1012/1025 1387/1027/1025
f 1385/1032/1026 1406/1007/1026 1405/1010/1026 1386/1030/1026
f 1384/988/1027 1407/1006/1027 1406/1007/1027 1385/1032/1027
f 1407/1006/1028 1384/988/1028 1356/987/1028 1355/1095/1028
f 1508/1182/1032 1505/1183/1032 1507/1184/1032
f 1505/1183/1033 1506/1185/1033 1507/1184/1033
f 1509/1169/1038 1510/1190/1038 1511/1170/1038
f 1514/1172/1039 1515/1191/1039 1516/1173/1039
f 1546/1055/1087 1545/1058/1087 1549/1057/1087 1548/1056/1087
f 1615/1066/1090 1618/1069/1090 1617/1068/1090 1616/1067/1090
f 1619/1070/1091 1622/1073/1091 1621/1072/1091 1620/1071/1091
f 1519/977/1100 1547/1099/1100 1618/1069/1100 1615/1066/1100 1520/841/1100
f 1547/1099/1101 1546/1055/1101 1548/1056/1101 1617/1068/1101 1618/1069/1101
f 1545/1058/1104 1544/1105/1104 1619/1070/1104 1620/1071/1104 1549/1057/1104
f 1544/1105/1105 1517/1106/1105 1518/843/1105 1622/1073/1105 1619/1070/1105
f 1579/1020/1243 1550/979/1243 1531/980/1243 1521/1089/1243
f 1550/979/1244 1579/1020/1244 1578/1021/1244 1551/1040/1244
f 1551/1040/1245 1578/1021/1245 1577/1024/1245 1552/1039/1245
f 1577/1024/1246 1576/991/1246 1624/1075/1246 1552/1039/1246
f 1538/999/1247 1626/1077/1247 1576/991/1247 1537/992/1247
f 1626/1077/1248 1623/1074/1248 1624/1075/1248 1576/991/1248
f 1795/1155/1249 1798/1158/1249 1797/1157/1249 1796/1156/1249
f 1799/1159/1250 1802/1162/1250 1801/1161/1250 1800/1160/1250
usemtl Dunkles_Holz_Sarg
f 435/835/313 428/836/313 429/837/313 436/838/313
f 437/839/314 431/840/314 430/841/314 438/842/314
f 438/842/315 430/841/315 428/843/315 435/844/315 443/845/315
f 436/838/316 429/837/316 499/837/316 439/838/316
f 441/838/317 433/837/317 463/846/317 434/840/317 442/839/317 444/847/317
f 439/838/318 499/837/318 433/837/318 441/838/318
f 432/840/319 440/839/319 442/839/319 434/840/319
f 431/840/320 437/839/320 440/839/320 432/840/320
f 453/835/321 454/838/321 446/837/321 445/836/321
f 455/839/323 456/842/323 447/841/323 448/840/323
f 456/842/324 461/845/324 453/844/324 445/843/324 447/841/324
f 448/840/325 447/841/325 445/849/325 446/848/325
f 454/838/327 457/838/327 449/837/327 446/837/327
f 459/838/328 462/847/328 460/839/328 452/840/328 451/837/328
f 457/838/329 459/838/329 451/837/329 449/837/329
f 450/840/330 452/840/330 460/839/330 458/839/330
f 448/840/331 450/840/331 458/839/331 455/839/331
f 442/839/332 440/839/332 458/839/332 460/839/332
f 439/838/333 441/838/333 459/838/333 457/838/333
f 444/847/334 442/839/334 460/839/334 462/847/334
f 440/839/335 437/839/335 455/839/335 458/839/335
f 436/838/336 439/838/336 457/838/336 454/838/336
f 443/845/337 435/844/337 453/844/337 461/845/337
f 437/839/338 438/842/338 456/842/338 455/839/338
f 435/835/339 436/838/339 454/838/339 453/835/339
f 438/842/340 443/845/340 461/845/340 456/842/340
f 441/838/341 444/847/341 462/847/341 459/838/341
f 469/852/343 470/855/343 553/855/343 554/852/343
f 506/864/344 510/865/344 572/865/344 567/864/344
f 532/869/345 533/870/345 576/870/345 580/869/345
f 488/874/346 492/877/346 565/877/346 560/874/346
f 515/883/347 516/884/347 569/884/347 573/883/347
f 497/887/348 498/875/348 562/875/348 566/887/348
f 470/855/349 474/860/349 558/860/349 553/855/349
f 479/867/350 480/856/350 555/856/350 559/867/350
f 527/902/351 528/903/351 578/903/351 579/902/351
f 510/865/352 511/899/352 571/899/352 572/865/352
f 492/877/353 493/882/353 564/882/353 565/877/353
f 474/860/354 475/863/354 557/863/354 558/860/354
f 517/904/355 465/858/355 538/858/355 549/904/355
f 464/858/356 483/885/356 543/885/356 534/858/356
f 520/908/357 519/905/357 550/905/357 551/908/357
f 526/912/358 520/908/358 551/908/358 606/912/358
f 482/878/359 501/895/359 548/895/359 539/878/359
f 471/859/360 464/858/360 534/858/360 535/859/360
f 518/878/361 526/912/361 606/912/361 552/878/361
f 478/868/362 472/862/362 536/862/362 537/868/362
f 489/879/363 482/878/363 539/878/363 540/879/363
f 496/888/364 490/881/364 541/881/364 542/888/364
f 507/896/365 500/895/365 544/895/365 545/896/365
f 500/895/366 518/878/366 552/878/366 544/895/366
f 514/901/367 508/898/367 546/898/367 547/901/367
f 465/858/368 478/868/368 537/868/368 538/858/368
f 483/885/369 496/888/369 542/888/369 543/885/369
f 501/895/370 514/901/370 547/901/370 548/895/370
f 472/862/371 471/859/371 535/859/371 536/862/371
f 490/881/372 489/879/372 540/879/372 541/881/372
f 508/898/373 507/896/373 545/896/373 546/898/373
f 519/905/374 517/904/374 549/904/374 550/905/374
f 523/909/375 527/902/375 579/902/375 574/909/375
f 487/869/376 488/874/376 560/874/376 561/869/376
f 475/863/377 479/867/377 559/867/377 557/863/377
f 505/891/378 506/864/378 567/864/378 568/891/378
f 522/906/379 523/909/379 574/909/379 575/906/379
f 493/882/380 497/887/380 566/887/380 564/882/380
f 511/899/381 515/883/381 573/883/381 571/899/381
f 528/903/382 532/869/382 580/869/382 578/903/382
f 480/856/383 469/852/383 554/852/383 555/856/383
f 498/875/384 487/869/384 561/869/384 562/875/384
f 516/884/385 505/891/385 568/891/385 569/884/385
f 533/870/386 522/906/386 575/906/386 576/870/386
f 463/869/342 481/869/342 486/872/342 495/876/342 467/854/342 466/851/342 432/840/342 434/840/342
f 499/889/342 504/892/342 513/894/342 485/873/342 484/871/342 481/869/342 463/869/342 433/848/342
f 432/850/394 468/853/394 477/857/394 530/910/394 529/914/394 638/914/394 635/974/394 431/840/394
f 431/840/342 635/974/342 636/973/342 429/848/342 428/849/342 430/841/342
f 429/848/395 636/973/395 637/915/395 531/915/395 525/913/395 503/893/395 502/890/395 499/848/395
usemtl Sarg_Fenster_Grün
f 554/852/342 553/855/342 556/916/342 555/856/342
f 561/869/342 560/874/342 563/869/342 562/875/342
f 568/891/342 567/864/342 570/917/342 569/884/342
f 580/869/342 576/870/342 577/869/342 578/903/342
f 549/904/342 582/919/342 590/918/342 551/908/342 550/905/342
f 601/935/342 602/936/342 603/937/342 604/938/342
f 582/919/342 584/922/342 594/927/342 581/920/342
f 606/940/342 605/939/342 544/895/342 552/878/342
f 609/945/342 610/946/342 611/947/342 612/948/342
f 615/951/342 614/950/342 589/926/342 588/944/342 592/953/342
f 587/943/342 591/921/342 617/957/342 625/958/342
f 588/944/342 599/933/342 598/932/342 624/954/342 623/956/342
f 626/964/342 627/965/342 628/966/342 629/967/342
f 617/957/342 618/963/342 619/962/342 620/961/342 627/965/342 626/964/342 625/958/342
f 541/881/389 633/971/389 632/970/389 542/888/389
f 613/949/392 616/952/392 634/972/392 633/971/392 541/881/392 540/879/392 539/878/392
usemtl Sarg_Fenster_hellblau
f 558/860/342 557/863/342 556/916/342 553/855/342
f 565/877/342 564/882/342 563/869/342 560/874/342
f 572/865/342 571/899/342 570/917/342 567/864/342
f 575/906/342 574/909/342 577/869/342 576/870/342
f 590/918/342 582/919/342 581/920/342 591/921/342
f 586/923/342 583/924/342 536/862/342 535/859/342 534/858/342 543/885/342 542/888/342
f 589/926/342 585/925/342 600/934/342 599/933/342 588/944/342
f 605/939/342 585/925/342 546/898/342 545/896/342 544/895/342
f 551/908/342 590/918/342 607/941/342 606/912/342
f 584/922/342 583/924/342 612/948/342 611/947/342 595/928/342 594/927/342
f 625/958/342 624/954/342 598/932/342 597/931/342 587/943/342
f 628/966/342 627/965/342 620/961/342 610/946/342 609/945/342 604/938/342 603/937/342
f 630/968/387 631/969/387 632/970/387 633/971/387 634/972/387
usemtl Sarg_Fenster_dunkelblau
f 559/867/342 555/856/342 556/916/342 557/863/342
f 566/887/342 562/875/342 563/869/342 564/882/342
f 573/883/342 569/884/342 570/917/342 571/899/342
f 579/902/342 578/903/342 577/869/342 574/909/342
f 549/904/342 538/858/342 584/922/342 582/919/342
f 594/927/342 595/928/342 596/929/342 581/930/342
f 597/931/342 598/932/342 599/933/342 600/934/342
f 605/939/342 606/940/342 607/941/342 608/942/342
f 613/949/342 614/950/342 615/951/342 616/952/342
f 583/924/342 586/923/342 601/935/342 604/938/342 609/945/342 612/948/342
f 592/953/342 588/944/342 623/956/342 622/955/342
f 591/921/342 581/920/342 618/963/342 617/957/342
f 581/930/342 596/929/342 619/962/342 618/963/342
f 625/958/342 626/964/342 629/967/342 621/959/342 622/955/342 624/954/342
f 603/937/342 602/936/342 593/960/342 621/959/342 629/967/342 628/966/342
f 630/968/388 634/972/388 616/952/388 615/951/388 592/953/388 593/960/388
usemtl Sarg_Fenster_llila
f 538/858/342 537/868/342 536/862/342 583/924/342 584/922/342
f 546/898/342 585/925/342 589/926/342 548/895/342 547/901/342
f 585/925/342 605/939/342 608/942/342 587/943/342 597/931/342 600/934/342
f 608/942/342 607/941/342 590/918/342 591/921/342 587/943/342
f 548/895/342 589/926/342 614/950/342 613/949/342 539/878/342
f 624/954/342 622/955/342 623/956/342
f 622/955/342 621/959/342 593/960/342 592/953/342
f 596/929/342 595/928/342 611/947/342 610/946/342 620/961/342 619/962/342
f 586/923/390 631/969/390 630/968/390 593/960/390 602/936/390 601/935/390
f 632/970/391 631/969/391 586/923/391 542/888/391
usemtl Gotik_Symbol
f 432/850/342 466/851/342 469/852/342 468/853/342
f 466/851/342 467/854/342 470/855/342 469/852/342
f 468/853/342 469/852/342 480/856/342 477/857/342
f 464/858/342 471/859/342 474/860/342 473/861/342
f 471/859/342 472/862/342 475/863/342 474/860/342
f 473/861/342 474/860/342 470/855/342 467/854/342
f 465/858/342 476/866/342 479/867/342 478/868/342
f 476/866/342 477/857/342 480/856/342 479/867/342
f 478/868/342 479/867/342 475/863/342 472/862/342
f 481/869/342 484/871/342 487/869/342 486/872/342
f 484/871/342 485/873/342 488/874/342 487/869/342
f 486/872/342 487/869/342 498/875/342 495/876/342
f 482/878/342 489/879/342 492/877/342 491/880/342
f 489/879/342 490/881/342 493/882/342 492/877/342
f 491/880/342 492/877/342 488/874/342 485/873/342
f 483/885/342 494/886/342 497/887/342 496/888/342
f 494/886/342 495/876/342 498/875/342 497/887/342
f 496/888/342 497/887/342 493/882/342 490/881/342
f 499/889/342 502/890/342 505/891/342 504/892/342
f 502/890/342 503/893/342 506/864/342 505/891/342
f 504/892/342 505/891/342 516/884/342 513/894/342
f 500/895/342 507/896/342 510/865/342 509/897/342
f 507/896/342 508/898/342 511/899/342 510/865/342
f 509/897/342 510/865/342 506/864/342 503/893/342
f 501/895/342 512/900/342 515/883/342 514/901/342
f 512/900/342 513/894/342 516/884/342 515/883/342
f 514/901/342 515/883/342 511/899/342 508/898/342
f 517/904/342 519/905/342 522/906/342 521/907/342
f 519/905/342 520/908/342 523/909/342 522/906/342
f 521/907/342 522/906/342 533/870/342 530/910/342
f 518/878/342 524/911/342 527/902/342 526/912/342
f 524/911/342 525/913/342 528/903/342 527/902/342
f 526/912/342 527/902/342 523/909/342 520/908/342
f 529/914/342 530/910/342 533/870/342 532/869/342
f 531/915/342 532/869/342 528/903/342 525/913/342
f 530/910/342 477/857/342 476/866/342 465/858/342 517/904/342 521/907/342
f 467/854/342 495/876/342 494/886/342 483/885/342 464/858/342 473/861/342
f 485/873/342 513/894/342 512/900/342 501/895/342 482/878/342 491/880/342
f 503/893/342 525/913/342 524/911/342 518/878/342 500/895/342 509/897/342
f 637/915/393 636/973/393 635/974/393 638/914/393
f 637/915/342 638/914/342 529/914/342 532/869/342 531/915/342
usemtl Sarg_innen_Samt
f 446/848/322 449/848/322 450/840/322 448/840/322
f 449/848/326 451/848/326 452/840/326 450/840/326
