# Blender 5.1.1
# www.blender.org
mtllib Sarg_1_Korpus.mtl
o Body_1
v -0.747039 0.016152 -6.683193
v 0.336328 1.720714 -6.683193
v -0.747039 0.016152 -6.416526
v -0.747039 0.016152 -6.149859
v 0.052961 0.096152 -6.149859
v 0.052961 0.016152 -6.416526
v -1.030405 1.720714 -6.149859
v 0.336328 1.720714 -6.149859
v -0.630568 2.479179 -6.416526
v -0.063510 2.479179 -6.416526
v -0.347039 0.087463 -6.683193
v -0.347039 1.720714 -6.683193
v -0.347039 2.479179 -6.683193
v -0.347039 2.479179 -6.149859
v -0.347039 0.016152 -6.416526
v -0.684797 0.087463 -6.556753
v -0.969757 1.711162 -6.551651
v 0.275680 1.711162 -6.551651
v -0.684797 0.087463 -6.149859
v -0.684797 0.134300 -6.149859
v -0.009281 0.134300 -6.149859
v -0.009281 0.087463 -6.149859
v -0.009281 0.087463 -6.416526
v -0.951379 1.708267 -6.416526
v -0.589243 2.412577 -6.149859
v -0.589243 2.412577 -6.416526
v -0.104835 2.412577 -6.416526
v -0.347039 2.412577 -6.416526
v -0.347039 2.412577 -6.149859
v -0.347039 0.087463 -6.416526
v -0.347039 0.087463 -6.149859
v -0.747039 0.071041 -6.683193
v -0.747039 0.096152 -6.658082
v -0.751354 0.120888 -6.683193
v -0.721934 0.095606 -6.683193
v 0.052961 0.041262 -6.683193
v 0.052961 0.016152 -6.658082
v 0.027851 0.016152 -6.683193
v 0.052961 0.096152 -6.658082
v 0.052961 0.071041 -6.683193
v 0.027857 0.095606 -6.683193
v 0.057276 0.120888 -6.683193
v -1.018695 1.742927 -6.683193
v -1.005294 1.720714 -6.683193
v -1.026090 1.695977 -6.683193
v -1.030405 1.720714 -6.658082
v -0.630568 2.479179 -6.658082
v -0.605457 2.479179 -6.683193
v -0.642277 2.456967 -6.683193
v -0.063510 2.479179 -6.658082
v -0.051800 2.456967 -6.683193
v -0.088621 2.479179 -6.683193
v -0.747039 0.071041 -6.149859
v -0.725629 0.109273 -6.149859
v -0.751354 0.120888 -6.149859
v -0.747039 0.096152 -6.174970
v -0.747039 0.071041 -6.416526
v -0.747039 0.096152 -6.391416
v -0.751354 0.120888 -6.416526
v -0.747039 0.096152 -6.441637
v 0.052961 0.096152 -6.441637
v 0.057276 0.120888 -6.416526
v 0.052961 0.096152 -6.391416
v 0.052961 0.071041 -6.416526
v 0.052961 0.016152 -6.174970
v 0.052961 0.041262 -6.149859
v 0.036449 0.035069 -6.149859
v 0.027851 0.016152 -6.149859
v -1.026090 1.695977 -6.416526
v -1.030405 1.720714 -6.391416
v -1.018695 1.742927 -6.416526
v -1.030405 1.720714 -6.441637
v 0.336328 1.720714 -6.441637
v 0.324618 1.742927 -6.416526
v 0.336328 1.720714 -6.391416
v 0.332013 1.695977 -6.416526
v -0.630568 2.479179 -6.174970
v -0.642277 2.456967 -6.149859
v -0.617329 2.457843 -6.149859
v -0.605457 2.479179 -6.149859
v -0.088621 2.479179 -6.149859
v -0.076749 2.457843 -6.149859
v -0.051800 2.456967 -6.149859
v -0.063510 2.479179 -6.174970
v -0.321929 0.016152 -6.683193
v -0.347039 0.016152 -6.658082
v -0.372149 0.016152 -6.683193
v -0.347039 0.041262 -6.683193
v -0.347039 2.479179 -6.441636
v -0.372149 2.479179 -6.416526
v -0.347039 2.479179 -6.391416
v -0.321929 2.479179 -6.416526
v -0.372149 0.016152 -6.149859
v -0.347039 0.016152 -6.174970
v -0.321929 0.016152 -6.149859
v -0.347039 0.041262 -6.149859
v -0.659739 0.134240 -6.543157
v -0.689262 0.159010 -6.544885
v -0.684797 0.134300 -6.519667
v -0.684797 0.109972 -6.550997
v -0.034379 0.087463 -6.555981
v -0.009281 0.087463 -6.531642
v -0.009281 0.111791 -6.550532
v -0.004815 0.159010 -6.544885
v -0.034339 0.134240 -6.543157
v -0.009281 0.109972 -6.550997
v -0.009281 0.134300 -6.519667
v -0.609500 2.390394 -6.554275
v -0.572637 2.412577 -6.553561
v -0.596757 2.412577 -6.529269
v -0.121441 2.412577 -6.553561
v -0.084578 2.390394 -6.554275
v -0.097320 2.412577 -6.529269
v -0.684797 0.112573 -6.416526
v -0.684797 0.087463 -6.391416
v -0.659687 0.087463 -6.416526
v -0.684797 0.087463 -6.441637
v -0.684797 0.134300 -6.441637
v -0.688990 0.159058 -6.416526
v -0.684797 0.134300 -6.391416
v -0.684797 0.109190 -6.416526
v -0.009281 0.109190 -6.416526
v -0.009281 0.134300 -6.391416
v -0.005087 0.159058 -6.416526
v -0.009281 0.134300 -6.441637
v -0.951379 1.708267 -6.174970
v -0.939897 1.730598 -6.149859
v -0.976184 1.712174 -6.149859
v -0.947186 1.683509 -6.149859
v 0.253109 1.683509 -6.149859
v 0.282106 1.712174 -6.149859
v 0.245820 1.730598 -6.149859
v 0.257302 1.708267 -6.174970
v 0.253109 1.683509 -6.416526
v 0.257302 1.708267 -6.391416
v 0.245820 1.730598 -6.416526
v 0.259437 1.708603 -6.441543
v -0.104835 2.412577 -6.174970
v -0.093353 2.390246 -6.149859
v -0.091596 2.433914 -6.149859
v -0.129945 2.412577 -6.149859
v -0.347039 0.111114 -6.534332
v -0.321981 0.133552 -6.524560
v -0.372097 0.133552 -6.524560
v -0.347039 0.109841 -6.534980
v -0.372137 0.087463 -6.547143
v -0.347039 0.087463 -6.521262
v -0.321940 0.087463 -6.547143
v -0.347039 2.387481 -6.545522
v -0.321941 2.412577 -6.547172
v -0.347039 2.412577 -6.521261
v -0.372137 2.412577 -6.547172
v -0.199333 1.955078 -6.655477
v -0.333501 2.011280 -6.654800
v -0.261545 1.994819 -6.654999
v -0.360577 2.011280 -6.654800
v -0.494744 1.955078 -6.655477
v -0.432533 1.994819 -6.654999
v -0.581992 1.567062 -6.533773
v -0.638697 1.701232 -6.537713
v -0.711232 1.651736 -6.539732
v -0.621851 1.629281 -6.535999
v -0.638905 1.729836 -6.538203
v -0.584158 1.864872 -6.538878
v -0.711929 1.777646 -6.541882
v -0.623107 1.802041 -6.538960
v -0.197167 1.483185 -6.529850
v -0.332146 1.427848 -6.527262
v -0.283722 1.355120 -6.525860
v -0.259952 1.444056 -6.528020
v -0.361931 1.427848 -6.527262
v -0.496910 1.483185 -6.529850
v -0.410355 1.355120 -6.525860
v -0.434125 1.444056 -6.528020
v -0.109920 1.864872 -6.538878
v -0.055172 1.729836 -6.538203
v 0.017851 1.777646 -6.541882
v -0.070970 1.802041 -6.538960
v -0.055380 1.701232 -6.537713
v -0.112085 1.567062 -6.533773
v 0.017155 1.651736 -6.539732
v -0.072227 1.629281 -6.535999
v -0.494744 1.955711 -6.537786
v -0.360577 2.011914 -6.537110
v -0.409530 2.084867 -6.538187
v -0.432533 1.995453 -6.537308
v -0.333501 2.011914 -6.537110
v -0.199333 1.955711 -6.537786
v -0.284547 2.084867 -6.538187
v -0.261545 1.995453 -6.537308
v -0.584158 1.864238 -6.656569
v -0.638905 1.729202 -6.655893
v -0.623107 1.801407 -6.656651
v -0.638697 1.700598 -6.655403
v -0.581992 1.566428 -6.651464
v -0.621851 1.628647 -6.653689
v -0.496910 1.482551 -6.647541
v -0.361931 1.427214 -6.644953
v -0.434125 1.443422 -6.645711
v -0.332146 1.427214 -6.644953
v -0.197167 1.482551 -6.647541
v -0.259952 1.443422 -6.645711
v -0.112085 1.566428 -6.651464
v -0.055380 1.700598 -6.655403
v -0.072227 1.628647 -6.653689
v -0.055172 1.729202 -6.655893
v -0.109920 1.864238 -6.656569
v -0.070970 1.801407 -6.656651
v -0.273046 2.040160 -6.537747
v -0.385053 2.048390 -6.537648
v -0.452137 2.020289 -6.537986
v -0.421031 2.040160 -6.537747
v -0.241940 2.020289 -6.537986
v -0.309024 2.048390 -6.537648
v -0.027536 1.640509 -6.537866
v -0.018661 1.753741 -6.540042
v -0.046034 1.821259 -6.540380
v -0.026559 1.789843 -6.540421
v -0.047465 1.609399 -6.536753
v -0.019113 1.676484 -6.538722
v -0.307934 1.391484 -6.526561
v -0.240445 1.419152 -6.527855
v -0.271837 1.399588 -6.526940
v -0.453633 1.419152 -6.527855
v -0.386143 1.391484 -6.526561
v -0.422240 1.399588 -6.526940
v -0.666542 1.640509 -6.537866
v -0.648043 1.821259 -6.540380
v -0.675417 1.753741 -6.540042
v -0.667518 1.789843 -6.540421
v -0.674964 1.676484 -6.538722
v -0.646612 1.609399 -6.536753
v -0.674964 1.675957 -6.650135
v -0.711232 1.651209 -6.651144
v -0.648043 1.820731 -6.651793
v -0.711929 1.777118 -6.653294
v -0.307934 1.390956 -6.637973
v -0.283722 1.354592 -6.637272
v -0.453633 1.418625 -6.639267
v -0.410355 1.354592 -6.637272
v -0.018661 1.753213 -6.651454
v 0.017851 1.777118 -6.653294
v -0.047465 1.608871 -6.648165
v 0.017155 1.651209 -6.651144
v -0.385053 2.047863 -6.649061
v -0.409530 2.084339 -6.649599
v -0.241940 2.019761 -6.649399
v -0.284547 2.084339 -6.649599
v -0.273046 2.039632 -6.649159
v -0.452137 2.019761 -6.649399
v -0.421031 2.039632 -6.649159
v -0.309024 2.047863 -6.649061
v -0.027536 1.639981 -6.649278
v -0.046034 1.820731 -6.651793
v -0.026559 1.789316 -6.651834
v -0.019113 1.675957 -6.650135
v -0.240445 1.418625 -6.639267
v -0.271837 1.399060 -6.638352
v -0.386143 1.390956 -6.637973
v -0.422240 1.399060 -6.638352
v -0.666542 1.639981 -6.649278
v -0.675417 1.753213 -6.651454
v -0.667518 1.789316 -6.651834
v -0.646612 1.608871 -6.648165
v -0.738103 1.662520 -6.540971
v -0.739233 1.765955 -6.542759
v -0.969707 1.711162 -6.551649
v -0.776596 1.685805 -6.542878
v -0.790327 1.713639 -6.543887
v -0.777206 1.741784 -6.543845
v -0.294939 1.328306 -6.525342
v -0.399138 1.328306 -6.525342
v -0.318843 1.290125 -6.524606
v -0.347039 1.276717 -6.524347
v -0.375235 1.290125 -6.524606
v 0.045155 1.765955 -6.542759
v 0.044026 1.662520 -6.540971
v 0.275630 1.711162 -6.551649
v 0.083129 1.741784 -6.543845
v 0.096249 1.713639 -6.543887
v 0.082518 1.685805 -6.542878
v -0.398231 2.112442 -6.538594
v -0.295846 2.112442 -6.538594
v -0.347039 2.372319 -6.545008
v -0.374744 2.150741 -6.539159
v -0.347039 2.164189 -6.539358
v -0.319334 2.150741 -6.539159
v -0.399138 1.327778 -6.636755
v -0.294939 1.327778 -6.636755
v -0.375235 1.289597 -6.636018
v -0.347039 1.276190 -6.635760
v -0.318843 1.289597 -6.636018
v -0.739233 1.765427 -6.654171
v -0.738103 1.661992 -6.652383
v -0.777206 1.741256 -6.655258
v -0.790327 1.713111 -6.655299
v -0.776596 1.685278 -6.654290
v -0.295846 2.111914 -6.650006
v -0.398231 2.111914 -6.650006
v -0.319334 2.150213 -6.650572
v -0.347039 2.163662 -6.650770
v -0.374744 2.150213 -6.650572
v 0.044026 1.661992 -6.652383
v 0.045155 1.765427 -6.654171
v 0.082518 1.685278 -6.654290
v 0.096249 1.713111 -6.655299
v 0.083129 1.741256 -6.655258
v -0.484903 1.449980 -6.529297
v -0.077298 1.579989 -6.535377
v -0.075427 1.851120 -6.540021
v -0.211132 1.988989 -6.538363
v -0.482946 1.988989 -6.538363
v -0.618648 1.851123 -6.540021
v -0.616780 1.579990 -6.535377
v -0.321981 0.133552 -6.524560
v -0.372097 0.133552 -6.524560
v -0.372363 1.138766 -6.524108
v -0.321715 1.151986 -6.524108
v -0.342050 1.093590 -6.523170
v -0.343836 1.093883 -6.523129
v -0.347039 1.094087 -6.523112
v -0.350242 1.093883 -6.523129
v -0.352027 1.093590 -6.523170
v -0.777845 0.095499 -6.441767
v -0.733064 0.097514 -6.442289
v -1.057282 1.680439 -6.442875
v -1.016991 1.706443 -6.442771
v -0.781114 0.113171 -6.679397
v -0.736044 0.112565 -6.679799
v -1.059803 1.697198 -6.679223
v -1.034964 1.553636 -6.441215
v -1.008996 1.408980 -6.442350
v -0.984577 1.267734 -6.473427
v -0.907096 0.827935 -6.448764
v -0.880876 0.679719 -6.458409
v -0.855783 0.537143 -6.447871
v -0.804236 0.244557 -6.441673
v -0.760485 0.252271 -6.442283
v -0.785967 0.397213 -6.441058
v -0.810818 0.538095 -6.447587
v -0.837818 0.691255 -6.458598
v -0.863456 0.835629 -6.447330
v -0.888189 0.977144 -6.441517
v -0.914286 1.124401 -6.442296
v -0.941220 1.276935 -6.473631
v -0.991265 1.561341 -6.441621
v -0.804533 0.244504 -6.681879
v -0.829860 0.389473 -6.681104
v -0.880770 0.678966 -6.682072
v -0.906888 0.827971 -6.669152
v -0.931980 0.969422 -6.681182
v -0.958845 1.121067 -6.682051
v -1.009509 1.408890 -6.681549
v -1.034936 1.553641 -6.663640
v -0.965663 1.416621 -6.682660
v -0.940545 1.273440 -6.664065
v -0.915782 1.130323 -6.679271
v -0.888253 0.977132 -6.681620
v -0.863199 0.835675 -6.671111
v -0.837604 0.691015 -6.681319
v -0.810992 0.536854 -6.669970
v -0.785871 0.397230 -6.684711
v -1.061222 1.703471 -6.633823
v -1.059511 1.692762 -6.585032
v -1.061323 1.703927 -6.537280
v -1.056721 1.677257 -6.489629
v -1.011420 1.677846 -6.488363
v -1.017300 1.709249 -6.538034
v -1.015542 1.699843 -6.585485
v -1.017565 1.709802 -6.634080
v -0.774692 0.077383 -6.490331
v -0.778649 0.100871 -6.537303
v -0.779428 0.105112 -6.585559
v -0.734819 0.106614 -6.584267
v -0.734675 0.103066 -6.538728
v -0.991434 1.561311 -6.489403
v -0.991002 1.561387 -6.538723
v -0.991292 1.561336 -6.586251
v -0.991405 1.561316 -6.634006
v -0.965813 1.416595 -6.489824
v -0.965876 1.416583 -6.535803
v -0.965701 1.416614 -6.586420
v -0.965765 1.416603 -6.633115
v -0.938499 1.261994 -6.511499
v -0.940635 1.274204 -6.537621
v -0.938770 1.262477 -6.585835
v -0.941076 1.277063 -6.616849
v -0.914102 1.123686 -6.490163
v -0.915454 1.130985 -6.538080
v -0.915651 1.133523 -6.587641
v -0.888232 0.977136 -6.489729
v -0.888193 0.977143 -6.537257
v -0.888713 0.977051 -6.586660
v -0.888255 0.977132 -6.633025
v -0.863151 0.835683 -6.489262
v -0.863267 0.835663 -6.585723
v -0.863290 0.835659 -6.630256
v -0.836444 0.684973 -6.491855
v -0.837858 0.691620 -6.538651
v -0.838136 0.692945 -6.585738
v -0.836938 0.685733 -6.633189
v -0.812297 0.548046 -6.489775
v -0.812036 0.544435 -6.537653
v -0.811612 0.542626 -6.586402
v -0.812413 0.547080 -6.631985
v -0.785653 0.397268 -6.488756
v -0.785983 0.397210 -6.537477
v -0.786023 0.397203 -6.585882
v -0.785982 0.397210 -6.633662
v -0.760328 0.252299 -6.489379
v -0.760264 0.252310 -6.539932
v -0.760422 0.252283 -6.585621
v -0.760464 0.252275 -6.633671
v -1.034995 1.553630 -6.633329
v -1.034880 1.553650 -6.585405
v -1.035172 1.553599 -6.537724
v -1.034898 1.553647 -6.489330
v -1.009366 1.408915 -6.634253
v -1.009307 1.408925 -6.586654
v -1.009068 1.408967 -6.537860
v -1.009468 1.408897 -6.489332
v -0.985074 1.270371 -6.616710
v -0.980863 1.245347 -6.586771
v -0.984315 1.266380 -6.537587
v -0.981747 1.251181 -6.491679
v -0.962138 1.139850 -6.633295
v -0.957591 1.114461 -6.586306
v -0.958934 1.122666 -6.538425
v -0.956999 1.111512 -6.489488
v -0.932081 0.969404 -6.633274
v -0.931545 0.969499 -6.585526
v -0.932032 0.969413 -6.537764
v -0.931978 0.969422 -6.489849
v -0.906970 0.827957 -6.626602
v -0.907051 0.827942 -6.585366
v -0.907316 0.827896 -6.536421
v -0.907015 0.827949 -6.489622
v -0.878957 0.667498 -6.633619
v -0.882828 0.693482 -6.587657
v -0.880830 0.678710 -6.539365
v -0.882160 0.686943 -6.489629
v -0.855867 0.535457 -6.634715
v -0.856289 0.541268 -6.586129
v -0.853619 0.526268 -6.540218
v -0.857184 0.545781 -6.489749
v -0.829715 0.389499 -6.631828
v -0.829732 0.389496 -6.586453
v -0.829725 0.389497 -6.537547
v -0.829807 0.389483 -6.490754
v -0.803961 0.244606 -6.635117
v -0.804177 0.244567 -6.586778
v -0.804491 0.244512 -6.539365
v -0.804676 0.244479 -6.488951
v -1.014946 1.693058 -6.680101
v -1.041272 1.706342 -6.679486
v -1.018374 1.713282 -6.655608
v -0.932031 0.969413 -6.441749
v -0.932005 0.969418 -6.465975
v -0.907925 0.973664 -6.441584
v -0.829823 0.389480 -6.441657
v -0.829823 0.389480 -6.464859
v -0.829829 0.389479 -6.441693
v -0.805905 0.393697 -6.441348
v -0.965765 1.416603 -6.466063
v -0.965727 1.416610 -6.441585
v -0.989699 1.412383 -6.441998
v -0.991367 1.561323 -6.663348
v -0.991348 1.561326 -6.644171
v -0.991269 1.561340 -6.663723
v -1.015362 1.557092 -6.663616
v -0.784037 0.248119 -6.682096
v -0.760346 0.252296 -6.682769
v -0.760408 0.252285 -6.657857
v -0.760410 0.252285 -6.681884
v -0.735124 0.108076 -6.657089
v -0.738418 0.127473 -6.633159
v -0.733133 0.097311 -6.609301
v -0.757316 0.095351 -6.634114
v -0.755184 0.084866 -6.490843
v -0.735000 0.106811 -6.515646
v -0.744082 0.160285 -6.491084
v -0.734245 0.104373 -6.467787
v -0.919262 1.153099 -6.634010
v -0.915749 1.133617 -6.609989
v -0.910756 1.104799 -6.633883
v -0.915430 1.129694 -6.658558
v -0.863215 0.835672 -6.512795
v -0.863277 0.835661 -6.537389
v -0.863274 0.835662 -6.561444
v -0.863276 0.835661 -6.537148
v -0.760474 0.252273 -6.427770
v -0.785956 0.397215 -6.426545
v -0.804226 0.244559 -6.427160
v -0.829819 0.389481 -6.427180
v -0.805894 0.393699 -6.426835
v -1.042843 1.552246 -6.429106
v -1.020205 1.407004 -6.433346
v -0.746192 0.254792 -6.442216
v -0.771675 0.399733 -6.440990
v -0.854909 0.837137 -6.435708
v -0.878955 0.978772 -6.430449
v -0.814398 0.242765 -6.692380
v -0.841304 0.387455 -6.689798
v -0.917401 0.826118 -6.678952
v -0.941702 0.967708 -6.691786
v -1.020078 1.407026 -6.691234
v -1.045059 1.551856 -6.673796
v -0.878188 0.978907 -6.691893
v -0.853080 0.837459 -6.681329
v -0.951472 1.419123 -6.633110
v -0.956281 1.418275 -6.693512
v -0.873962 0.979652 -6.632982
v -0.848998 0.838179 -6.630211
v -0.771689 0.399730 -6.633648
v -0.774932 0.399159 -6.694052
v -1.049191 1.551127 -6.489311
v -1.023760 1.406377 -6.489308
v -0.921308 0.825429 -6.489609
v -0.917291 0.826137 -6.438601
v -0.818969 0.241959 -6.488930
v -0.818529 0.242037 -6.441597
v -0.983554 1.562701 -6.429401
v -0.977141 1.563831 -6.489400
v -0.976710 1.563907 -6.538708
v -0.977000 1.563856 -6.586269
v -0.977112 1.563837 -6.633994
v -0.951520 1.419115 -6.489815
v -0.951583 1.419104 -6.535783
v -0.951409 1.419134 -6.586438
v -0.873940 0.979656 -6.489714
v -0.873900 0.979663 -6.537303
v -0.874421 0.979571 -6.586662
v -0.848858 0.838203 -6.489247
v -0.848974 0.838183 -6.585731
v -0.771360 0.399788 -6.488741
v -0.771690 0.399730 -6.537510
v -0.771730 0.399723 -6.585896
v -0.746035 0.254819 -6.489364
v -0.745972 0.254831 -6.539965
v -0.746130 0.254803 -6.585635
v -0.746171 0.254795 -6.633653
v -1.049287 1.551110 -6.633310
v -1.049172 1.551130 -6.585390
v -1.049465 1.551079 -6.537736
v -1.023659 1.406395 -6.634232
v -1.023600 1.406405 -6.586638
v -1.023361 1.406447 -6.537873
v -0.946374 0.966884 -6.633257
v -0.945837 0.966979 -6.585544
v -0.946325 0.966893 -6.537787
v -0.946271 0.966902 -6.489836
v -0.921262 0.825437 -6.626574
v -0.921343 0.825422 -6.585393
v -0.921609 0.825376 -6.536452
v -0.844007 0.386979 -6.631808
v -0.844025 0.386976 -6.586490
v -0.844018 0.386977 -6.537592
v -0.844100 0.386962 -6.490748
v -0.818254 0.242085 -6.635057
v -0.818470 0.242047 -6.586814
v -0.818784 0.241992 -6.539411
v -0.946298 0.966897 -6.465997
v -0.941952 0.967664 -6.431329
v -0.907877 0.973672 -6.427083
v -0.844115 0.386960 -6.464782
v -0.844122 0.386959 -6.441617
v -0.951473 1.419123 -6.466108
v -0.955699 1.418378 -6.431225
v -0.989750 1.412374 -6.427485
v -0.977055 1.563847 -6.644128
v -0.980576 1.563226 -6.673268
v -1.015167 1.557126 -6.678002
v -0.784703 0.248001 -6.696593
v -0.750609 0.254013 -6.693394
v -0.746116 0.254805 -6.657824
v -0.848983 0.838181 -6.537194
v -0.848923 0.838192 -6.512808
v -0.848982 0.838182 -6.561522
v -0.833353 0.331396 -6.654021
v -0.833428 0.336300 -6.668905
v -0.836149 0.351734 -6.668905
v -0.837756 0.356368 -6.654021
v -0.836027 0.343799 -6.644822
v -0.843445 0.342491 -6.658565
v -0.828715 0.340411 -6.643632
v -0.830315 0.349483 -6.643632
v -0.826199 0.330397 -6.657787
v -0.827143 0.333121 -6.649039
v -0.827259 0.340668 -6.671943
v -0.826243 0.333280 -6.666536
v -0.830431 0.357029 -6.666536
v -0.828859 0.349739 -6.671943
v -0.831331 0.356871 -6.649039
v -0.831375 0.359753 -6.657787
v -0.835726 0.336285 -6.647953
v -0.834198 0.331877 -6.662109
v -0.835842 0.343831 -6.670857
v -0.838386 0.355627 -6.662109
v -0.838314 0.350963 -6.647953
v -0.840086 0.335516 -6.656031
v -0.841658 0.342806 -6.650623
v -0.840131 0.338398 -6.664779
v -0.841730 0.347470 -6.664779
v -0.842674 0.350194 -6.656031
v -0.826756 0.270484 -6.466577
v -0.829669 0.274888 -6.481332
v -0.832389 0.290321 -6.481332
v -0.831160 0.295455 -6.466577
v -0.827678 0.283195 -6.457458
v -0.837563 0.281452 -6.469492
v -0.820262 0.279826 -6.457562
v -0.821862 0.288898 -6.457562
v -0.820444 0.269337 -6.471596
v -0.819720 0.272354 -6.462923
v -0.824202 0.279132 -6.485629
v -0.822155 0.271925 -6.480268
v -0.826343 0.295675 -6.480268
v -0.825801 0.288203 -6.485629
v -0.823908 0.296104 -6.462923
v -0.825620 0.298693 -6.471596
v -0.827952 0.275580 -6.460336
v -0.829122 0.270697 -6.474369
v -0.832433 0.282357 -6.483042
v -0.833310 0.294446 -6.474369
v -0.830540 0.290258 -6.460336
v -0.833762 0.274555 -6.467410
v -0.834304 0.282027 -6.462049
v -0.835474 0.277144 -6.476082
v -0.837073 0.286215 -6.476082
v -0.836350 0.289233 -6.467410
v -0.927392 0.864722 -6.644232
v -0.925978 0.861176 -6.659431
v -0.928289 0.874287 -6.667698
v -0.931133 0.885936 -6.657608
v -0.930578 0.880025 -6.643105
v -0.936738 0.871577 -6.654779
v -0.923496 0.877938 -6.639664
v -0.924855 0.885645 -6.644523
v -0.919952 0.862096 -6.646257
v -0.921623 0.868943 -6.640326
v -0.919446 0.863487 -6.663716
v -0.919120 0.860012 -6.655191
v -0.922678 0.880188 -6.667912
v -0.920805 0.871194 -6.668575
v -0.925180 0.889120 -6.653048
v -0.924349 0.887036 -6.661982
v -0.930185 0.871988 -6.641833
v -0.927481 0.860909 -6.651430
v -0.928009 0.866532 -6.665223
v -0.931038 0.881086 -6.664151
v -0.932384 0.884458 -6.649695
v -0.933805 0.867023 -6.648695
v -0.935678 0.876018 -6.648033
v -0.932974 0.864939 -6.657629
v -0.934333 0.872646 -6.662488
v -0.936004 0.879493 -6.656558
v -0.939563 0.910244 -6.452740
v -0.940997 0.906265 -6.467830
v -0.943309 0.919377 -6.476097
v -0.943304 0.931459 -6.466116
v -0.940989 0.925815 -6.451681
v -0.949771 0.917819 -6.461905
v -0.933684 0.923073 -6.449341
v -0.935043 0.930780 -6.454200
v -0.932849 0.906819 -6.455830
v -0.932846 0.913921 -6.449963
v -0.935052 0.907798 -6.473185
v -0.933692 0.904481 -6.464700
v -0.937250 0.924657 -6.477421
v -0.936411 0.915505 -6.478044
v -0.936404 0.934098 -6.462685
v -0.937246 0.931759 -6.471554
v -0.941194 0.917808 -6.450195
v -0.941199 0.906317 -6.459687
v -0.943401 0.911685 -6.473416
v -0.944757 0.926494 -6.472409
v -0.943393 0.930278 -6.458057
v -0.946356 0.913109 -6.456205
v -0.947195 0.922261 -6.455582
v -0.947199 0.910770 -6.465075
v -0.948558 0.918477 -6.469934
v -0.948555 0.925578 -6.464067
v -1.033720 1.467738 -6.645414
v -1.032743 1.466671 -6.661019
v -1.035257 1.480929 -6.667015
v -1.037788 1.490809 -6.655117
v -1.036839 1.482656 -6.641767
v -1.043344 1.476170 -6.654463
v -1.029666 1.480063 -6.638904
v -1.031145 1.488444 -6.642429
v -1.026346 1.465487 -6.648042
v -1.027833 1.471294 -6.641048
v -1.026330 1.469651 -6.665061
v -1.025771 1.464859 -6.657214
v -1.029640 1.486802 -6.666442
v -1.027807 1.478033 -6.668586
v -1.031703 1.493236 -6.650276
v -1.031128 1.492609 -6.659448
v -1.036428 1.474521 -6.641808
v -1.034020 1.465125 -6.653124
v -1.034924 1.472879 -6.665820
v -1.037889 1.487067 -6.662351
v -1.038819 1.488082 -6.647511
v -1.040251 1.470709 -6.649271
v -1.042084 1.479478 -6.647126
v -1.039677 1.470081 -6.658442
v -1.041155 1.478462 -6.661967
v -1.042643 1.484270 -6.654973
v -1.040386 1.482038 -6.448843
v -1.042254 1.480520 -6.464328
v -1.044768 1.494778 -6.470325
v -1.044454 1.505110 -6.458545
v -1.041746 1.497236 -6.445268
v -1.050831 1.490958 -6.456388
v -1.034384 1.494173 -6.443603
v -1.035862 1.502554 -6.447127
v -1.033769 1.479167 -6.452628
v -1.033585 1.485240 -6.445704
v -1.036459 1.482902 -6.469534
v -1.034867 1.478274 -6.461730
v -1.038736 1.500216 -6.470957
v -1.037937 1.491283 -6.473058
v -1.037454 1.507182 -6.454931
v -1.038552 1.506289 -6.464034
v -1.041927 1.489095 -6.445076
v -1.042226 1.479269 -6.456279
v -1.044801 1.486757 -6.468905
v -1.046095 1.501211 -6.465507
v -1.044319 1.502656 -6.450779
v -1.047267 1.485405 -6.451612
v -1.048067 1.494338 -6.449511
v -1.048366 1.484512 -6.460714
v -1.049843 1.492893 -6.464238
v -1.049659 1.498966 -6.457314
v -0.960217 1.129530 -6.445357
v -0.957131 1.112110 -6.459560
v -0.954146 1.095059 -6.441874
v -0.940184 1.117199 -6.442052
v -0.855047 0.532435 -6.652534
v -0.857323 0.546828 -6.671348
v -0.836824 0.532452 -6.669952
v -0.851223 0.512126 -6.671324
v -0.983719 1.263347 -6.646642
v -0.986012 1.276596 -6.665877
v -0.966176 1.264899 -6.663923
v -0.979932 1.242048 -6.666105
v -0.760040 0.094413 -6.634240
v -0.777647 0.094236 -6.618259
v -0.779774 0.106074 -6.635018
v -0.778255 0.097175 -6.650419
v 0.083767 0.095499 -6.441767
v 0.038987 0.097514 -6.442289
v 0.363204 1.680439 -6.442875
v 0.322914 1.706443 -6.442771
v 0.087036 0.113171 -6.679397
v 0.041966 0.112565 -6.679799
v 0.365726 1.697198 -6.679223
v 0.340887 1.553636 -6.441215
v 0.314919 1.408980 -6.442350
v 0.290500 1.267734 -6.473427
v 0.213019 0.827935 -6.448764
v 0.186799 0.679719 -6.458409
v 0.161706 0.537143 -6.447871
v 0.110159 0.244557 -6.441673
v 0.066408 0.252271 -6.442283
v 0.091889 0.397213 -6.441058
v 0.116741 0.538095 -6.447587
v 0.143740 0.691255 -6.458598
v 0.169379 0.835629 -6.447330
v 0.194111 0.977144 -6.441517
v 0.220209 1.124401 -6.442296
v 0.247142 1.276935 -6.473631
v 0.297187 1.561341 -6.441621
v 0.110456 0.244504 -6.681879
v 0.135783 0.389473 -6.681104
v 0.186692 0.678966 -6.682072
v 0.212811 0.827971 -6.669152
v 0.237903 0.969422 -6.681182
v 0.264767 1.121067 -6.682051
v 0.315431 1.408890 -6.681549
v 0.340859 1.553641 -6.663640
v 0.271586 1.416621 -6.682660
v 0.246468 1.273440 -6.664065
v 0.221705 1.130323 -6.679271
v 0.194175 0.977132 -6.681620
v 0.169121 0.835675 -6.671111
v 0.143527 0.691015 -6.681319
v 0.116914 0.536854 -6.669970
v 0.091794 0.397230 -6.684711
v 0.367144 1.703471 -6.633823
v 0.365434 1.692762 -6.585032
v 0.367245 1.703927 -6.537280
v 0.362644 1.677258 -6.489629
v 0.317343 1.677846 -6.488363
v 0.323223 1.709249 -6.538034
v 0.321465 1.699844 -6.585485
v 0.323488 1.709802 -6.634080
v 0.080614 0.077383 -6.490331
v 0.084571 0.100871 -6.537303
v 0.085351 0.105112 -6.585559
v 0.040741 0.106614 -6.584267
v 0.040597 0.103066 -6.538728
v 0.297357 1.561311 -6.489403
v 0.296925 1.561387 -6.538723
v 0.297215 1.561336 -6.586251
v 0.297327 1.561316 -6.634006
v 0.271735 1.416595 -6.489824
v 0.271799 1.416584 -6.535803
v 0.271624 1.416614 -6.586420
v 0.271687 1.416603 -6.633115
v 0.244421 1.261994 -6.511499
v 0.246557 1.274204 -6.537621
v 0.244692 1.262477 -6.585835
v 0.246998 1.277063 -6.616849
v 0.220025 1.123686 -6.490163
v 0.221377 1.130985 -6.538080
v 0.221574 1.133523 -6.587641
v 0.194155 0.977136 -6.489729
v 0.194116 0.977143 -6.537257
v 0.194636 0.977051 -6.586660
v 0.194178 0.977132 -6.633025
v 0.169074 0.835683 -6.489262
v 0.169189 0.835663 -6.585723
v 0.169213 0.835659 -6.630256
v 0.142367 0.684973 -6.491855
v 0.143780 0.691620 -6.538651
v 0.144059 0.692945 -6.585738
v 0.142861 0.685733 -6.633189
v 0.118219 0.548046 -6.489775
v 0.117959 0.544435 -6.537653
v 0.117534 0.542626 -6.586402
v 0.118336 0.547080 -6.631985
v 0.091575 0.397268 -6.488756
v 0.091905 0.397210 -6.537477
v 0.091946 0.397203 -6.585882
v 0.091904 0.397210 -6.633662
v 0.066250 0.252299 -6.489379
v 0.066186 0.252310 -6.539932
v 0.066345 0.252283 -6.585621
v 0.066387 0.252275 -6.633671
v 0.340917 1.553630 -6.633329
v 0.340802 1.553651 -6.585405
v 0.341094 1.553599 -6.537724
v 0.340821 1.553647 -6.489330
v 0.315289 1.408915 -6.634253
v 0.315230 1.408925 -6.586654
v 0.314991 1.408967 -6.537860
v 0.315390 1.408897 -6.489332
v 0.290996 1.270371 -6.616710
v 0.286786 1.245347 -6.586771
v 0.290238 1.266380 -6.537587
v 0.287669 1.251181 -6.491679
v 0.268061 1.139850 -6.633295
v 0.263513 1.114461 -6.586306
v 0.264857 1.122666 -6.538425
v 0.262922 1.111512 -6.489488
v 0.238004 0.969404 -6.633274
v 0.237467 0.969499 -6.585526
v 0.237955 0.969413 -6.537764
v 0.237901 0.969422 -6.489849
v 0.212893 0.827957 -6.626602
v 0.212974 0.827942 -6.585366
v 0.213239 0.827896 -6.536421
v 0.212937 0.827949 -6.489622
v 0.184879 0.667498 -6.633619
v 0.188751 0.693482 -6.587657
v 0.186753 0.678710 -6.539365
v 0.188082 0.686943 -6.489629
v 0.161789 0.535457 -6.634715
v 0.162212 0.541268 -6.586129
v 0.159541 0.526268 -6.540218
v 0.163106 0.545781 -6.489749
v 0.135637 0.389499 -6.631828
v 0.135655 0.389496 -6.586453
v 0.135648 0.389497 -6.537547
v 0.135730 0.389483 -6.490754
v 0.109884 0.244605 -6.635117
v 0.110099 0.244567 -6.586778
v 0.110414 0.244512 -6.539365
v 0.110599 0.244479 -6.488951
v 0.320868 1.693058 -6.680101
v 0.347195 1.706342 -6.679486
v 0.324296 1.713282 -6.655608
v 0.237953 0.969413 -6.441749
v 0.237927 0.969418 -6.465975
v 0.213848 0.973664 -6.441584
v 0.135746 0.389480 -6.441657
v 0.135746 0.389480 -6.464859
v 0.135752 0.389479 -6.441693
v 0.111827 0.393697 -6.441348
v 0.271688 1.416603 -6.466063
v 0.271650 1.416610 -6.441585
v 0.295621 1.412383 -6.441998
v 0.297290 1.561323 -6.663348
v 0.297270 1.561326 -6.644171
v 0.297192 1.561340 -6.663723
v 0.321285 1.557092 -6.663616
v 0.089959 0.248119 -6.682096
v 0.066268 0.252296 -6.682769
v 0.066331 0.252285 -6.657857
v 0.066333 0.252285 -6.681884
v 0.041047 0.108076 -6.657089
v 0.044340 0.127473 -6.633159
v 0.039056 0.097311 -6.609301
v 0.063238 0.095350 -6.634114
v 0.061106 0.084866 -6.490843
v 0.040923 0.106811 -6.515646
v 0.050004 0.160285 -6.491084
v 0.040168 0.104373 -6.467787
v 0.225185 1.153099 -6.634010
v 0.221672 1.133617 -6.609989
v 0.216679 1.104799 -6.633883
v 0.221352 1.129694 -6.658558
v 0.169138 0.835672 -6.512795
v 0.169200 0.835661 -6.537389
v 0.169197 0.835662 -6.561444
v 0.169199 0.835661 -6.537148
v 0.066397 0.252273 -6.427770
v 0.091879 0.397215 -6.426545
v 0.110148 0.244559 -6.427160
v 0.135741 0.389481 -6.427180
v 0.111817 0.393699 -6.426835
v 0.348766 1.552246 -6.429106
v 0.326128 1.407004 -6.433346
v 0.052115 0.254792 -6.442216
v 0.077597 0.399733 -6.440990
v 0.160831 0.837137 -6.435708
v 0.184877 0.978772 -6.430449
v 0.120321 0.242765 -6.692380
v 0.147226 0.387455 -6.689798
v 0.223324 0.826117 -6.678952
v 0.247625 0.967708 -6.691786
v 0.326000 1.407026 -6.691234
v 0.350982 1.551856 -6.673796
v 0.184111 0.978907 -6.691893
v 0.159003 0.837459 -6.681329
v 0.257394 1.419123 -6.633110
v 0.262204 1.418275 -6.693512
v 0.179885 0.979652 -6.632982
v 0.154920 0.838179 -6.630211
v 0.077611 0.399730 -6.633648
v 0.080854 0.399159 -6.694052
v 0.355113 1.551127 -6.489311
v 0.329683 1.406377 -6.489308
v 0.227230 0.825429 -6.489609
v 0.223214 0.826137 -6.438601
v 0.124892 0.241959 -6.488930
v 0.124452 0.242037 -6.441597
v 0.289477 1.562701 -6.429401
v 0.283064 1.563831 -6.489400
v 0.282632 1.563908 -6.538708
v 0.282922 1.563856 -6.586269
v 0.283034 1.563837 -6.633994
v 0.257442 1.419115 -6.489815
v 0.257506 1.419104 -6.535783
v 0.257331 1.419134 -6.586438
v 0.179862 0.979656 -6.489714
v 0.179823 0.979663 -6.537303
v 0.180343 0.979571 -6.586662
v 0.154781 0.838203 -6.489247
v 0.154897 0.838183 -6.585731
v 0.077282 0.399788 -6.488741
v 0.077612 0.399730 -6.537510
v 0.077653 0.399723 -6.585896
v 0.051958 0.254819 -6.489364
v 0.051894 0.254831 -6.539965
v 0.052052 0.254803 -6.585635
v 0.052094 0.254795 -6.633653
v 0.355210 1.551110 -6.633310
v 0.355095 1.551130 -6.585390
v 0.355387 1.551079 -6.537736
v 0.329581 1.406395 -6.634232
v 0.329523 1.406405 -6.586638
v 0.329284 1.406447 -6.537873
v 0.252296 0.966884 -6.633257
v 0.251760 0.966979 -6.585544
v 0.252247 0.966893 -6.537787
v 0.252193 0.966902 -6.489836
v 0.227185 0.825437 -6.626574
v 0.227266 0.825422 -6.585393
v 0.227532 0.825375 -6.536452
v 0.149930 0.386979 -6.631808
v 0.149948 0.386976 -6.586490
v 0.149940 0.386977 -6.537592
v 0.150023 0.386962 -6.490748
v 0.124176 0.242085 -6.635057
v 0.124392 0.242047 -6.586814
v 0.124706 0.241992 -6.539411
v 0.252220 0.966897 -6.465997
v 0.247874 0.967664 -6.431329
v 0.213800 0.973672 -6.427083
v 0.150038 0.386960 -6.464782
v 0.150044 0.386959 -6.441617
v 0.257396 1.419123 -6.466108
v 0.261621 1.418378 -6.431225
v 0.295673 1.412374 -6.427485
v 0.282978 1.563847 -6.644128
v 0.286499 1.563226 -6.673268
v 0.321089 1.557126 -6.678002
v 0.090625 0.248001 -6.696593
v 0.056532 0.254013 -6.693394
v 0.052039 0.254805 -6.657824
v 0.154906 0.838181 -6.537194
v 0.154845 0.838192 -6.512808
v 0.154904 0.838182 -6.561522
v 0.139275 0.331396 -6.654021
v 0.139350 0.336300 -6.668905
v 0.142072 0.351734 -6.668905
v 0.143678 0.356368 -6.654021
v 0.141950 0.343799 -6.644822
v 0.149368 0.342491 -6.658565
v 0.134638 0.340411 -6.643632
v 0.136238 0.349483 -6.643632
v 0.132122 0.330397 -6.657787
v 0.133066 0.333121 -6.649039
v 0.133182 0.340668 -6.671943
v 0.132165 0.333280 -6.666536
v 0.136353 0.357029 -6.666536
v 0.134781 0.349739 -6.671943
v 0.137253 0.356871 -6.649039
v 0.137298 0.359753 -6.657787
v 0.141649 0.336284 -6.647953
v 0.140121 0.331877 -6.662109
v 0.141765 0.343831 -6.670857
v 0.144309 0.355627 -6.662109
v 0.144237 0.350962 -6.647953
v 0.146009 0.335516 -6.656031
v 0.147581 0.342806 -6.650623
v 0.146053 0.338398 -6.664779
v 0.147653 0.347470 -6.664779
v 0.148597 0.350194 -6.656031
v 0.132679 0.270484 -6.466577
v 0.135591 0.274888 -6.481332
v 0.138312 0.290321 -6.481332
v 0.137082 0.295455 -6.466577
v 0.133600 0.283195 -6.457458
v 0.143486 0.281452 -6.469492
v 0.126185 0.279826 -6.457562
v 0.127784 0.288898 -6.457562
v 0.126366 0.269336 -6.471596
v 0.125643 0.272354 -6.462923
v 0.130124 0.279131 -6.485629
v 0.128078 0.271925 -6.480268
v 0.132266 0.295675 -6.480268
v 0.131724 0.288203 -6.485629
v 0.129831 0.296104 -6.462923
v 0.131542 0.298693 -6.471596
v 0.133874 0.275580 -6.460336
v 0.135045 0.270697 -6.474369
v 0.138356 0.282357 -6.483042
v 0.139232 0.294446 -6.474369
v 0.136463 0.290258 -6.460336
v 0.139685 0.274555 -6.467410
v 0.140226 0.282027 -6.462049
v 0.141397 0.277144 -6.476082
v 0.142996 0.286215 -6.476082
v 0.142273 0.289233 -6.467410
v 0.233315 0.864722 -6.644232
v 0.231900 0.861176 -6.659431
v 0.234212 0.874287 -6.667698
v 0.237055 0.885936 -6.657608
v 0.236501 0.880025 -6.643105
v 0.242660 0.871577 -6.654779
v 0.229418 0.877938 -6.639664
v 0.230777 0.885645 -6.644523
v 0.225874 0.862096 -6.646257
v 0.227546 0.868943 -6.640326
v 0.225369 0.863487 -6.663716
v 0.225043 0.860012 -6.655191
v 0.228601 0.880188 -6.667912
v 0.226728 0.871194 -6.668575
v 0.231103 0.889120 -6.653048
v 0.230272 0.887035 -6.661982
v 0.236108 0.871988 -6.641833
v 0.233404 0.860909 -6.651430
v 0.233931 0.866532 -6.665223
v 0.236961 0.881086 -6.664151
v 0.238307 0.884458 -6.649695
v 0.239728 0.867023 -6.648695
v 0.241601 0.876018 -6.648033
v 0.238897 0.864939 -6.657629
v 0.240255 0.872646 -6.662488
v 0.241927 0.879493 -6.656558
v 0.245486 0.910244 -6.452740
v 0.246920 0.906265 -6.467830
v 0.249232 0.919377 -6.476097
v 0.249227 0.931459 -6.466116
v 0.246912 0.925815 -6.451681
v 0.255694 0.917819 -6.461905
v 0.239606 0.923073 -6.449341
v 0.240965 0.930780 -6.454200
v 0.238771 0.906819 -6.455830
v 0.238769 0.913921 -6.449963
v 0.240975 0.907798 -6.473185
v 0.239614 0.904481 -6.464700
v 0.243172 0.924657 -6.477421
v 0.242334 0.915505 -6.478044
v 0.242326 0.934098 -6.462685
v 0.243169 0.931759 -6.471554
v 0.247117 0.917808 -6.450195
v 0.247121 0.906317 -6.459687
v 0.249323 0.911685 -6.473416
v 0.250679 0.926494 -6.472409
v 0.249315 0.930278 -6.458057
v 0.252279 0.913109 -6.456205
v 0.253117 0.922261 -6.455582
v 0.253122 0.910770 -6.465075
v 0.254481 0.918477 -6.469934
v 0.254478 0.925578 -6.464067
v 0.339643 1.467738 -6.645414
v 0.338665 1.466671 -6.661019
v 0.341179 1.480929 -6.667015
v 0.343711 1.490809 -6.655117
v 0.342761 1.482656 -6.641767
v 0.349266 1.476170 -6.654463
v 0.335589 1.480063 -6.638904
v 0.337067 1.488444 -6.642429
v 0.332268 1.465487 -6.648042
v 0.333756 1.471294 -6.641048
v 0.332252 1.469651 -6.665061
v 0.331694 1.464859 -6.657214
v 0.335563 1.486802 -6.666442
v 0.333730 1.478032 -6.668586
v 0.337625 1.493236 -6.650276
v 0.337051 1.492609 -6.659448
v 0.342350 1.474521 -6.641808
v 0.339943 1.465125 -6.653124
v 0.340847 1.472879 -6.665820
v 0.343812 1.487067 -6.662351
v 0.344742 1.488082 -6.647511
v 0.346174 1.470709 -6.649271
v 0.348007 1.479478 -6.647126
v 0.345600 1.470081 -6.658442
v 0.347077 1.478462 -6.661967
v 0.348565 1.484270 -6.654973
v 0.346309 1.482038 -6.448843
v 0.348176 1.480520 -6.464328
v 0.350690 1.494778 -6.470325
v 0.350377 1.505110 -6.458545
v 0.347669 1.497236 -6.445269
v 0.356754 1.490958 -6.456388
v 0.340307 1.494173 -6.443603
v 0.341784 1.502554 -6.447127
v 0.339692 1.479167 -6.452628
v 0.339508 1.485240 -6.445704
v 0.342381 1.482902 -6.469534
v 0.340790 1.478274 -6.461730
v 0.344659 1.500216 -6.470957
v 0.343859 1.491283 -6.473058
v 0.343377 1.507182 -6.454931
v 0.344474 1.506289 -6.464034
v 0.347850 1.489095 -6.445076
v 0.348148 1.479269 -6.456279
v 0.350724 1.486757 -6.468905
v 0.352017 1.501211 -6.465507
v 0.350241 1.502656 -6.450779
v 0.353190 1.485405 -6.451612
v 0.353990 1.494338 -6.449511
v 0.354288 1.484512 -6.460714
v 0.355766 1.492893 -6.464238
v 0.355581 1.498966 -6.457314
v 0.266140 1.129530 -6.445357
v 0.263054 1.112110 -6.459560
v 0.260068 1.095059 -6.441874
v 0.246107 1.117199 -6.442052
v 0.160969 0.532435 -6.652534
v 0.163246 0.546828 -6.671348
v 0.142747 0.532452 -6.669952
v 0.157145 0.512126 -6.671324
v 0.289642 1.263347 -6.646642
v 0.291934 1.276596 -6.665877
v 0.272099 1.264899 -6.663923
v 0.285855 1.242048 -6.666105
v 0.065962 0.094412 -6.634240
v 0.083569 0.094236 -6.618259
v 0.085696 0.106074 -6.635018
v 0.084177 0.097174 -6.650419
v 0.370380 1.674385 -6.398893
v 0.327685 1.687807 -6.401469
v 0.091537 0.089455 -6.418027
v 0.044912 0.078800 -6.421517
v 0.350208 1.656660 -6.162103
v 0.308145 1.672644 -6.164752
v 0.071069 0.072844 -6.182543
v 0.113996 0.216244 -6.418061
v 0.138921 0.361058 -6.415113
v 0.161967 0.502138 -6.382281
v 0.241161 0.941914 -6.401259
v 0.266448 1.090158 -6.389753
v 0.292330 1.232719 -6.398440
v 0.344275 1.525290 -6.400882
v 0.300594 1.533004 -6.403442
v 0.275122 1.388088 -6.406520
v 0.249882 1.247203 -6.401806
v 0.222143 1.094045 -6.392781
v 0.197739 0.949609 -6.405850
v 0.173067 0.808170 -6.413469
v 0.147236 0.660867 -6.414564
v 0.118178 0.508321 -6.385256
v 0.070382 0.223950 -6.420820
v 0.327177 1.525237 -6.161286
v 0.301518 1.380349 -6.163926
v 0.250409 1.090902 -6.166667
v 0.224995 0.941950 -6.181465
v 0.199389 0.800448 -6.171263
v 0.172774 0.648760 -6.172324
v 0.122111 0.360967 -6.176506
v 0.097862 0.216249 -6.196222
v 0.078301 0.368698 -6.178572
v 0.104948 0.511836 -6.195282
v 0.129459 0.654790 -6.178256
v 0.155744 0.808159 -6.173992
v 0.181279 0.949654 -6.182675
v 0.205897 1.094343 -6.170652
v 0.234365 1.248309 -6.179965
v 0.257383 1.388105 -6.163513
v 0.073545 0.066464 -6.227883
v 0.079129 0.077113 -6.276397
v 0.080476 0.066002 -6.324177
v 0.088711 0.092637 -6.371356
v 0.046145 0.107578 -6.375715
v 0.037346 0.076057 -6.326552
v 0.035471 0.085497 -6.279113
v 0.030451 0.075447 -6.230753
v 0.370088 1.692487 -6.350223
v 0.362383 1.669061 -6.303686
v 0.358173 1.664809 -6.255609
v 0.315945 1.678656 -6.259971
v 0.320317 1.682039 -6.305311
v 0.067091 0.223920 -6.373152
v 0.063088 0.223996 -6.323992
v 0.059936 0.223945 -6.276568
v 0.056590 0.223925 -6.228930
v 0.092413 0.368672 -6.370891
v 0.089147 0.368661 -6.325027
v 0.085308 0.368692 -6.274557
v 0.081989 0.368680 -6.227980
v 0.117982 0.523291 -6.347302
v 0.113927 0.511086 -6.321406
v 0.112689 0.522744 -6.273155
v 0.107628 0.508249 -6.242426
v 0.143842 0.661602 -6.366817
v 0.139150 0.654281 -6.319115
v 0.134880 0.651829 -6.269733
v 0.169619 0.808162 -6.365380
v 0.166138 0.808169 -6.317980
v 0.163080 0.808077 -6.268669
v 0.159266 0.808158 -6.222459
v 0.194399 0.949662 -6.364050
v 0.187529 0.949642 -6.267834
v 0.184328 0.949638 -6.223416
v 0.220591 1.100417 -6.359549
v 0.216260 1.093688 -6.312943
v 0.212659 1.092348 -6.265994
v 0.210560 1.099535 -6.218570
v 0.244819 1.237346 -6.359875
v 0.242340 1.240829 -6.312051
v 0.239029 1.242674 -6.263414
v 0.234960 1.238214 -6.218007
v 0.271355 1.388144 -6.358970
v 0.268156 1.388086 -6.310353
v 0.264691 1.388078 -6.262072
v 0.261190 1.388086 -6.214421
v 0.297027 1.533032 -6.356481
v 0.293303 1.533043 -6.306066
v 0.290152 1.533015 -6.260485
v 0.286715 1.533008 -6.212558
v 0.100115 0.216239 -6.226449
v 0.103470 0.216259 -6.274255
v 0.107215 0.216208 -6.321790
v 0.110445 0.216256 -6.370078
v 0.125394 0.360992 -6.223688
v 0.128782 0.361003 -6.271165
v 0.132077 0.361045 -6.319849
v 0.135989 0.360974 -6.368221
v 0.151157 0.499489 -6.239406
v 0.157915 0.524444 -6.268934
v 0.157537 0.503499 -6.318274
v 0.163639 0.518660 -6.363860
v 0.172984 0.629983 -6.221193
v 0.180785 0.655396 -6.267739
v 0.182713 0.647227 -6.315606
v 0.188248 0.658370 -6.364270
v 0.202958 0.800430 -6.219037
v 0.205881 0.800525 -6.266698
v 0.209826 0.800439 -6.314300
v 0.213241 0.800449 -6.362093
v 0.228158 0.941936 -6.223897
v 0.231224 0.941922 -6.265019
v 0.235033 0.941875 -6.313817
v 0.238122 0.941928 -6.360515
v 0.256131 1.102299 -6.214831
v 0.254223 1.076558 -6.261053
v 0.260887 1.091122 -6.308987
v 0.262926 1.082931 -6.358706
v 0.279453 1.234274 -6.212039
v 0.281385 1.228670 -6.260612
v 0.287323 1.243678 -6.306213
v 0.287663 1.224123 -6.356790
v 0.304941 1.380374 -6.213083
v 0.308245 1.380371 -6.258337
v 0.311779 1.380373 -6.307116
v 0.315249 1.380358 -6.353780
v 0.329992 1.525338 -6.207967
v 0.333708 1.525300 -6.256164
v 0.337455 1.525244 -6.303429
v 0.341290 1.525212 -6.353696
v 0.030375 0.092077 -6.184617
v 0.050562 0.070590 -6.183768
v 0.028464 0.071900 -6.209314
v 0.216776 0.800439 -6.410063
v 0.214997 0.800444 -6.385903
v 0.192746 0.804690 -6.411973
v 0.318820 1.380355 -6.402747
v 0.317140 1.380355 -6.379606
v 0.318823 1.380354 -6.402710
v 0.294987 1.384573 -6.404787
v 0.094087 0.368680 -6.394593
v 0.095821 0.368687 -6.419009
v 0.119699 0.364460 -6.416861
v 0.054428 0.223932 -6.199668
v 0.055797 0.223935 -6.218796
v 0.054303 0.223949 -6.199301
v 0.078341 0.219701 -6.197663
v 0.306719 1.528851 -6.162554
v 0.283041 1.533029 -6.163598
v 0.284908 1.533018 -6.188440
v 0.283169 1.533017 -6.164476
v 0.310459 1.677177 -6.187355
v 0.308662 1.657824 -6.211479
v 0.315726 1.687974 -6.234887
v 0.337262 1.681545 -6.208444
v 0.349215 1.692127 -6.351224
v 0.321016 1.678408 -6.328403
v 0.313066 1.625053 -6.353608
v 0.324606 1.680957 -6.376128
v 0.128228 0.632198 -6.223725
v 0.133320 0.651707 -6.247439
v 0.136742 0.680494 -6.223234
v 0.130843 0.655503 -6.198922
v 0.192759 0.949651 -6.340574
v 0.191040 0.949640 -6.316040
v 0.189295 0.949641 -6.292048
v 0.191056 0.949640 -6.316280
v 0.301634 1.533006 -6.417918
v 0.276163 1.388090 -6.420996
v 0.345315 1.525291 -6.415358
v 0.319864 1.380356 -6.417186
v 0.296027 1.384575 -6.419262
v 0.122731 0.214855 -6.429567
v 0.150753 0.359081 -6.423282
v 0.286344 1.535524 -6.404544
v 0.260872 1.390609 -6.407622
v 0.190056 0.951116 -6.418061
v 0.164658 0.809798 -6.425177
v 0.336256 1.523498 -6.150097
v 0.312302 1.378331 -6.154426
v 0.234770 0.940097 -6.170929
v 0.208317 0.798734 -6.159983
v 0.131951 0.359103 -6.166080
v 0.107223 0.214464 -6.185360
v 0.144962 0.809933 -6.164475
v 0.170446 0.951438 -6.173216
v 0.067734 0.371201 -6.229019
v 0.068157 0.370353 -6.168428
v 0.145013 0.810678 -6.223536
v 0.170076 0.952158 -6.224495
v 0.246936 1.390606 -6.215469
v 0.245797 1.390034 -6.154989
v 0.124702 0.213736 -6.369061
v 0.150246 0.358454 -6.367209
v 0.252378 0.939408 -6.359493
v 0.252065 0.940116 -6.410658
v 0.355546 1.522692 -6.352683
v 0.358535 1.522769 -6.399924
v 0.063576 0.225309 -6.433566
v 0.052835 0.226440 -6.374189
v 0.048834 0.226516 -6.325042
v 0.045680 0.226465 -6.277585
v 0.042336 0.226445 -6.229977
v 0.078159 0.371192 -6.371935
v 0.074893 0.371181 -6.326083
v 0.071051 0.371212 -6.275574
v 0.155365 0.810682 -6.366430
v 0.151880 0.810689 -6.318969
v 0.148825 0.810597 -6.269702
v 0.180145 0.952183 -6.365099
v 0.173274 0.952162 -6.268860
v 0.257101 1.390664 -6.360020
v 0.253899 1.390606 -6.311355
v 0.250435 1.390599 -6.263093
v 0.282773 1.535552 -6.357531
v 0.279046 1.535563 -6.307068
v 0.275896 1.535535 -6.261507
v 0.272461 1.535528 -6.213612
v 0.114371 0.213719 -6.225433
v 0.117727 0.213739 -6.273236
v 0.121469 0.213688 -6.320744
v 0.139650 0.358472 -6.222673
v 0.143038 0.358482 -6.270147
v 0.146331 0.358525 -6.318801
v 0.217215 0.797910 -6.218019
v 0.220135 0.798005 -6.265646
v 0.224079 0.797919 -6.313242
v 0.227497 0.797928 -6.361072
v 0.242414 0.939416 -6.222890
v 0.245477 0.939402 -6.263958
v 0.249286 0.939355 -6.312751
v 0.319198 1.377854 -6.212068
v 0.322497 1.377851 -6.257266
v 0.326030 1.377852 -6.306036
v 0.329504 1.377838 -6.352751
v 0.344252 1.522818 -6.206991
v 0.347960 1.522780 -6.255092
v 0.351707 1.522724 -6.302348
v 0.229250 0.797924 -6.384846
v 0.227426 0.798690 -6.419737
v 0.193748 0.804698 -6.426439
v 0.331400 1.377835 -6.378647
v 0.333084 1.377834 -6.401752
v 0.079829 0.371200 -6.395583
v 0.086569 0.370455 -6.430069
v 0.120801 0.364451 -6.431332
v 0.041545 0.226455 -6.219874
v 0.042947 0.225835 -6.190556
v 0.077104 0.219735 -6.183329
v 0.306333 1.528734 -6.148046
v 0.272561 1.534745 -6.153706
v 0.270655 1.535538 -6.189508
v 0.176797 0.952161 -6.317270
v 0.178503 0.952171 -6.341596
v 0.175034 0.952161 -6.293005
v 0.326564 1.433729 -6.189261
v 0.323884 1.429095 -6.174532
v 0.321169 1.413661 -6.174730
v 0.322172 1.408757 -6.189580
v 0.325506 1.421160 -6.198561
v 0.331909 1.419852 -6.184318
v 0.319895 1.426844 -6.200162
v 0.318299 1.417772 -6.200278
v 0.319927 1.437114 -6.185967
v 0.320517 1.434232 -6.194696
v 0.316392 1.427100 -6.172030
v 0.318352 1.434391 -6.177310
v 0.314175 1.410641 -6.177613
v 0.314797 1.418029 -6.172146
v 0.316340 1.410482 -6.194999
v 0.314764 1.407758 -6.186342
v 0.327560 1.428324 -6.195273
v 0.326607 1.432988 -6.181149
v 0.323436 1.421192 -6.172608
v 0.322430 1.409238 -6.181453
v 0.324979 1.413646 -6.195461
v 0.331324 1.427555 -6.186901
v 0.330702 1.420167 -6.192368
v 0.329749 1.424831 -6.178244
v 0.328154 1.415759 -6.178360
v 0.328743 1.412877 -6.187088
v 0.354733 1.493224 -6.375154
v 0.354892 1.488090 -6.360348
v 0.352178 1.472656 -6.360545
v 0.350342 1.468252 -6.375473
v 0.351921 1.480964 -6.384501
v 0.360909 1.479221 -6.371782
v 0.346113 1.486666 -6.384818
v 0.344517 1.477595 -6.384934
v 0.348845 1.496461 -6.370549
v 0.347765 1.493873 -6.379323
v 0.348010 1.485971 -6.356540
v 0.348938 1.493443 -6.361847
v 0.344761 1.469694 -6.362150
v 0.346414 1.476900 -6.356656
v 0.343589 1.470123 -6.379627
v 0.343682 1.467105 -6.370924
v 0.354568 1.488026 -6.381424
v 0.356314 1.492215 -6.367227
v 0.354811 1.480125 -6.358640
v 0.352137 1.468465 -6.367530
v 0.351986 1.473348 -6.381611
v 0.359850 1.487002 -6.373948
v 0.358197 1.479795 -6.379442
v 0.359943 1.483984 -6.365245
v 0.358348 1.474912 -6.365361
v 0.357269 1.472324 -6.374135
v 0.233479 0.900403 -6.205835
v 0.232263 0.904219 -6.190684
v 0.229358 0.891108 -6.182606
v 0.228780 0.879189 -6.192765
v 0.231327 0.884934 -6.207121
v 0.239136 0.890765 -6.194849
v 0.225650 0.889317 -6.210983
v 0.223943 0.881610 -6.206235
v 0.227255 0.905416 -6.204256
v 0.226915 0.898410 -6.210227
v 0.225043 0.904281 -6.186912
v 0.226540 0.907658 -6.195351
v 0.222071 0.887482 -6.182920
v 0.223336 0.896575 -6.182164
v 0.222446 0.878233 -6.197797
v 0.221731 0.880476 -6.188891
v 0.233792 0.892620 -6.208217
v 0.234342 0.903955 -6.198555
v 0.231920 0.898492 -6.184902
v 0.229873 0.883779 -6.186125
v 0.231030 0.880150 -6.200535
v 0.238382 0.896047 -6.201003
v 0.237117 0.886955 -6.201759
v 0.237667 0.898290 -6.192098
v 0.235960 0.890584 -6.187350
v 0.235620 0.883578 -6.193321
v 0.243225 0.853464 -6.397123
v 0.244833 0.856712 -6.381876
v 0.241929 0.843601 -6.373798
v 0.238525 0.832249 -6.384053
v 0.239326 0.838345 -6.398468
v 0.249544 0.842854 -6.387475
v 0.233584 0.843419 -6.401231
v 0.231877 0.835712 -6.396483
v 0.237876 0.858978 -6.394413
v 0.235876 0.852306 -6.400441
v 0.238351 0.857305 -6.376979
v 0.238822 0.860888 -6.385452
v 0.234352 0.840711 -6.373022
v 0.236643 0.849598 -6.372231
v 0.231406 0.832129 -6.388011
v 0.232351 0.834039 -6.379049
v 0.242357 0.845798 -6.399738
v 0.245594 0.856594 -6.389986
v 0.244832 0.850797 -6.376276
v 0.241124 0.836418 -6.377555
v 0.239594 0.833328 -6.392056
v 0.248363 0.848448 -6.393276
v 0.246071 0.839562 -6.394067
v 0.249309 0.850358 -6.384315
v 0.247601 0.842651 -6.379567
v 0.245601 0.835979 -6.385594
v 0.127345 0.297387 -6.212355
v 0.125663 0.298725 -6.196832
v 0.122721 0.284466 -6.191033
v 0.122585 0.274316 -6.202973
v 0.125443 0.282302 -6.216151
v 0.132833 0.286172 -6.202884
v 0.119813 0.287192 -6.219429
v 0.118084 0.278811 -6.216021
v 0.121011 0.302025 -6.210180
v 0.120931 0.296059 -6.217198
v 0.118343 0.298117 -6.193310
v 0.120023 0.302811 -6.201056
v 0.115496 0.280869 -6.192132
v 0.116614 0.289736 -6.189902
v 0.116404 0.274117 -6.208275
v 0.115416 0.274903 -6.199151
v 0.127830 0.290087 -6.215936
v 0.127960 0.299740 -6.204581
v 0.125242 0.292145 -6.192048
v 0.123433 0.277798 -6.195658
v 0.125032 0.276526 -6.210422
v 0.132174 0.292362 -6.208138
v 0.131055 0.283495 -6.210369
v 0.131185 0.293148 -6.199014
v 0.129456 0.284767 -6.195605
v 0.129376 0.278801 -6.202623
v 0.142949 0.281669 -6.408311
v 0.144096 0.282458 -6.392702
v 0.141154 0.268199 -6.386903
v 0.138188 0.258598 -6.398929
v 0.139297 0.266923 -6.412160
v 0.149149 0.269715 -6.400296
v 0.133564 0.272320 -6.414246
v 0.131835 0.263938 -6.410838
v 0.137453 0.286631 -6.404915
v 0.135709 0.280988 -6.411984
v 0.137475 0.282201 -6.387963
v 0.138127 0.287094 -6.395740
v 0.133600 0.265152 -6.386817
v 0.135746 0.273820 -6.384555
v 0.131182 0.259045 -6.403061
v 0.131857 0.259508 -6.393886
v 0.142259 0.274512 -6.412138
v 0.145079 0.283643 -6.400701
v 0.144024 0.275725 -6.388117
v 0.140552 0.261700 -6.391778
v 0.139461 0.260950 -6.406623
v 0.148049 0.276152 -6.405165
v 0.145903 0.267485 -6.407427
v 0.148724 0.276616 -6.395989
v 0.146994 0.268235 -6.392581
v 0.145251 0.262592 -6.399650
v 0.188313 0.640339 -6.408512
v 0.190335 0.657763 -6.394125
v 0.194633 0.674807 -6.411546
v 0.173983 0.658778 -6.412867
v 0.278425 1.237395 -6.194247
v 0.274286 1.223091 -6.175685
v 0.260079 1.243611 -6.178116
v 0.280408 1.257787 -6.175264
v 0.150116 0.506553 -6.209471
v 0.146352 0.493319 -6.190458
v 0.131894 0.511094 -6.193468
v 0.152423 0.527863 -6.189789
v 0.340127 1.681495 -6.208110
v 0.357845 1.675640 -6.222847
v 0.354587 1.663787 -6.206280
v 0.355084 1.672670 -6.190802
v -0.691506 2.491873 -6.405073
v -0.649822 2.475778 -6.404551
v -0.698048 2.479343 -6.167443
v -0.655578 2.465171 -6.167041
v -1.059767 1.768043 -6.404948
v -0.956800 1.970581 -6.398076
v -0.851475 2.177545 -6.398969
v -0.745578 2.385813 -6.405167
v -0.705981 2.365669 -6.404557
v -0.758390 2.262480 -6.405782
v -0.809409 2.162208 -6.399252
v -0.864858 2.053191 -6.388242
v -0.917303 1.950489 -6.399510
v -0.968335 1.849692 -6.405322
v -1.021777 1.744921 -6.404543
v -0.745847 2.385949 -6.164961
v -0.798115 2.282689 -6.165736
v -0.902806 2.076592 -6.164768
v -0.956611 1.970485 -6.177688
v -1.007968 1.869853 -6.165658
v -1.062993 1.761958 -6.164789
v -1.024346 1.740853 -6.167569
v -0.968392 1.849721 -6.165220
v -0.917070 1.950371 -6.175729
v -0.864610 2.053306 -6.165521
v -0.809329 2.163218 -6.176870
v -0.758303 2.262436 -6.162128
v -0.684985 2.504780 -6.356509
v -0.693316 2.488002 -6.309537
v -0.694882 2.484994 -6.261281
v -0.689120 2.496767 -6.211834
v -0.653258 2.469350 -6.262573
v -0.652426 2.472031 -6.308112
v -1.021463 1.745412 -6.356677
v -1.024168 1.740238 -6.308760
v -1.024851 1.738350 -6.259199
v -0.968374 1.849712 -6.357110
v -0.968338 1.849694 -6.309583
v -0.968810 1.849934 -6.260180
v -0.968395 1.849723 -6.213815
v -0.917027 1.950349 -6.357578
v -0.917131 1.950402 -6.261117
v -0.917153 1.950413 -6.216584
v -0.862334 2.057576 -6.354985
v -0.864967 2.052924 -6.308189
v -0.865489 2.051995 -6.261101
v -0.862947 2.057152 -6.213650
v -0.812753 2.155036 -6.357065
v -0.811799 2.157728 -6.309187
v -0.811045 2.158982 -6.260438
v -0.812672 2.155816 -6.214855
v -0.758105 2.262336 -6.358084
v -0.758404 2.262488 -6.309363
v -0.758440 2.262506 -6.260958
v -0.758403 2.262487 -6.213178
v -0.705839 2.365597 -6.357460
v -0.705781 2.365568 -6.306908
v -0.705924 2.365641 -6.261219
v -0.705962 2.365660 -6.213169
v -1.069777 1.748582 -6.213544
v -1.060517 1.766631 -6.260534
v -1.063392 1.760757 -6.308415
v -1.059383 1.768707 -6.357351
v -1.008060 1.869900 -6.213565
v -1.007575 1.869653 -6.261313
v -1.008016 1.869877 -6.309075
v -1.007967 1.869853 -6.356991
v -0.956685 1.970523 -6.220238
v -0.956758 1.970560 -6.261474
v -0.956999 1.970682 -6.310419
v -0.956726 1.970543 -6.357218
v -0.898850 2.084824 -6.213221
v -0.907591 2.066098 -6.259183
v -0.902812 2.076809 -6.307474
v -0.905679 2.070910 -6.357211
v -0.851223 2.178868 -6.212125
v -0.852760 2.174537 -6.260711
v -0.847305 2.185205 -6.306622
v -0.854487 2.171357 -6.357090
v -0.797984 2.282622 -6.215012
v -0.798000 2.282630 -6.260387
v -0.797993 2.282627 -6.309293
v -0.798068 2.282665 -6.356086
v -0.745329 2.385686 -6.211723
v -0.745524 2.385785 -6.260062
v -0.745809 2.385930 -6.307475
v -0.745976 2.386015 -6.357889
v -1.008014 1.869877 -6.405091
v -1.007991 1.869865 -6.380865
v -0.986197 1.858778 -6.405255
v -0.798082 2.282672 -6.405183
v -0.798082 2.282672 -6.381981
v -0.798088 2.282675 -6.405147
v -0.776435 2.271660 -6.405492
v -0.727296 2.376513 -6.164744
v -0.705855 2.365606 -6.164071
v -0.705912 2.365634 -6.188983
v -0.705913 2.365635 -6.164956
v -0.653832 2.468324 -6.189751
v -0.660736 2.454477 -6.213682
v -0.649847 2.475957 -6.237539
v -0.672186 2.485319 -6.212726
v -0.668124 2.492689 -6.355997
v -0.653467 2.469257 -6.331193
v -0.672503 2.431083 -6.355756
v -0.652279 2.470886 -6.379053
v -1.032089 1.724468 -6.212829
v -1.024961 1.738309 -6.236850
v -1.014610 1.758850 -6.212956
v -1.023890 1.741223 -6.188281
v -0.917085 1.950378 -6.334044
v -0.917141 1.950407 -6.309450
v -0.917139 1.950405 -6.285396
v -0.917140 1.950406 -6.309691
v -0.705971 2.365665 -6.419070
v -0.758380 2.262475 -6.420295
v -0.745569 2.385808 -6.419680
v -0.798078 2.282670 -6.419660
v -0.776425 2.271655 -6.420005
v -0.693045 2.359089 -6.404624
v -0.745454 2.255900 -6.405849
v -0.909567 1.946554 -6.411132
v -0.959978 1.845441 -6.416390
v -0.754776 2.390491 -6.154459
v -0.808473 2.287957 -6.157042
v -0.966126 1.975325 -6.167888
v -1.016768 1.874330 -6.155054
v -0.959283 1.845088 -6.154947
v -0.907912 1.945712 -6.165510
v -0.955459 1.843142 -6.213857
v -0.904217 1.943832 -6.216629
v -0.745467 2.255907 -6.213192
v -0.748402 2.257400 -6.152788
v -0.969662 1.977124 -6.357231
v -0.966027 1.975275 -6.408239
v -0.758912 2.392596 -6.357910
v -0.758514 2.392393 -6.405243
v -0.955439 1.843132 -6.357125
v -0.955403 1.843114 -6.309536
v -0.955874 1.843353 -6.260178
v -0.904091 1.943768 -6.357592
v -0.904196 1.943822 -6.261108
v -0.745170 2.255755 -6.358099
v -0.745469 2.255907 -6.309330
v -0.745505 2.255926 -6.260944
v -0.692903 2.359017 -6.357476
v -0.692845 2.358988 -6.306875
v -0.692988 2.359060 -6.261205
v -0.693027 2.359080 -6.213187
v -1.020995 1.876480 -6.213582
v -1.020510 1.876233 -6.261296
v -1.020951 1.876458 -6.309052
v -1.020902 1.876433 -6.357004
v -0.969621 1.977103 -6.220266
v -0.969694 1.977140 -6.261446
v -0.969934 1.977262 -6.310388
v -0.810920 2.289202 -6.215032
v -0.810936 2.289210 -6.260350
v -0.810929 2.289207 -6.309247
v -0.811003 2.289245 -6.356092
v -0.758265 2.392266 -6.211782
v -0.758460 2.392366 -6.260026
v -0.758745 2.392510 -6.307429
v -1.020926 1.876445 -6.380843
v -1.016993 1.874444 -6.415511
v -0.986154 1.858757 -6.419756
v -0.811018 2.289252 -6.382058
v -0.811023 2.289255 -6.405223
v -0.727899 2.376820 -6.150247
v -0.697043 2.361123 -6.153446
v -0.692976 2.359054 -6.189016
v -0.904204 1.943826 -6.309646
v -0.904150 1.943798 -6.334032
v -0.904203 1.943825 -6.285317
v -0.789992 2.328487 -6.192819
v -0.791026 2.324740 -6.177934
v -0.796614 2.313755 -6.177934
v -0.799033 2.310713 -6.192819
v -0.794940 2.319817 -6.202018
v -0.801654 2.323233 -6.188275
v -0.787405 2.320048 -6.203208
v -0.790689 2.313591 -6.203208
v -0.783073 2.326931 -6.189053
v -0.784496 2.325143 -6.197801
v -0.786087 2.319377 -6.174897
v -0.783681 2.324729 -6.180304
v -0.792280 2.307825 -6.180304
v -0.789371 2.312921 -6.174897
v -0.793095 2.308239 -6.197801
v -0.793703 2.306037 -6.189052
v -0.793182 2.325498 -6.198887
v -0.790881 2.328392 -6.184731
v -0.794773 2.319732 -6.175982
v -0.799480 2.311487 -6.184731
v -0.798497 2.315051 -6.198887
v -0.797128 2.327506 -6.190809
v -0.800037 2.322410 -6.196216
v -0.797736 2.325303 -6.182061
v -0.801021 2.318846 -6.182061
v -0.802443 2.317058 -6.190809
v -0.771832 2.373188 -6.380263
v -0.775433 2.370747 -6.365508
v -0.781021 2.359762 -6.365508
v -0.780873 2.355414 -6.380263
v -0.775194 2.363712 -6.389382
v -0.784140 2.368263 -6.377347
v -0.767564 2.363894 -6.389277
v -0.770848 2.357438 -6.389277
v -0.765674 2.372020 -6.375244
v -0.765587 2.369465 -6.383917
v -0.771129 2.365708 -6.361211
v -0.767791 2.370585 -6.366571
v -0.776390 2.353681 -6.366571
v -0.774414 2.359251 -6.361211
v -0.774187 2.352560 -6.383917
v -0.776303 2.351125 -6.375244
v -0.773956 2.369658 -6.386504
v -0.774096 2.373793 -6.372471
v -0.779498 2.365901 -6.363798
v -0.782695 2.356889 -6.372471
v -0.779270 2.359210 -6.386504
v -0.779214 2.372333 -6.379430
v -0.781190 2.366762 -6.384790
v -0.781331 2.370898 -6.370757
v -0.784616 2.364441 -6.370757
v -0.784529 2.361885 -6.379430
v -0.983096 1.948882 -6.202608
v -0.981070 1.951149 -6.187408
v -0.985817 1.941817 -6.179142
v -0.990777 1.933782 -6.189232
v -0.989095 1.938148 -6.203735
v -0.993224 1.946645 -6.192060
v -0.982029 1.937453 -6.207176
v -0.984820 1.931967 -6.202317
v -0.975588 1.948485 -6.200583
v -0.978504 1.943762 -6.206513
v -0.975387 1.947251 -6.183124
v -0.974398 1.949817 -6.191648
v -0.981703 1.935456 -6.178927
v -0.978177 1.941765 -6.178265
v -0.985809 1.929401 -6.193792
v -0.984618 1.930733 -6.184858
v -0.987147 1.944201 -6.205007
v -0.982430 1.951843 -6.195410
v -0.984030 1.947690 -6.181617
v -0.989736 1.937482 -6.182689
v -0.991662 1.935325 -6.197144
v -0.989574 1.949195 -6.198144
v -0.993100 1.942886 -6.198806
v -0.988383 1.950528 -6.189210
v -0.991174 1.945042 -6.184351
v -0.994089 1.940320 -6.190282
v -1.003473 1.917827 -6.394099
v -1.004039 1.921352 -6.379009
v -1.008786 1.912020 -6.370742
v -1.011154 1.902727 -6.380723
v -1.007870 1.906315 -6.395159
v -1.014553 1.915316 -6.384934
v -1.000467 1.906051 -6.397499
v -1.003258 1.900566 -6.392640
v -0.996491 1.918280 -6.391010
v -0.997882 1.912817 -6.396876
v -0.998754 1.918242 -6.373655
v -0.996823 1.920352 -6.382140
v -1.004129 1.905991 -6.369419
v -1.001544 1.912757 -6.368796
v -1.005188 1.898456 -6.384155
v -1.005521 1.900528 -6.375285
v -1.006490 1.912539 -6.396645
v -1.004239 1.921378 -6.387152
v -1.007361 1.917965 -6.373424
v -1.011544 1.907017 -6.374431
v -1.011005 1.903664 -6.388783
v -1.010418 1.917830 -6.390635
v -1.013003 1.911064 -6.391258
v -1.010751 1.919902 -6.381765
v -1.013542 1.914417 -6.376906
v -1.014934 1.908955 -6.382772
v -0.924999 2.032984 -6.392369
v -0.905675 2.070918 -6.357259
v -0.881170 2.119111 -6.392902
v -0.864901 2.053217 -6.388242
v -0.851219 2.178874 -6.212076
v -0.870474 2.139936 -6.171994
v -0.809373 2.163241 -6.176870
v -0.826748 2.226030 -6.172077
v -0.002572 2.491873 -6.405073
v -0.044255 2.475778 -6.404551
v 0.003971 2.479343 -6.167443
v -0.038500 2.465171 -6.167041
v 0.365689 1.768043 -6.404948
v 0.262722 1.970581 -6.398076
v 0.157398 2.177545 -6.398969
v 0.051501 2.385813 -6.405167
v 0.011903 2.365669 -6.404557
v 0.064312 2.262480 -6.405782
v 0.115332 2.162208 -6.399252
v 0.170781 2.053191 -6.388242
v 0.223226 1.950489 -6.399510
v 0.274257 1.849692 -6.405322
v 0.327699 1.744921 -6.404543
v 0.051770 2.385949 -6.164961
v 0.104038 2.282689 -6.165736
v 0.208728 2.076592 -6.164768
v 0.262534 1.970485 -6.177688
v 0.313891 1.869853 -6.165658
v 0.368915 1.761958 -6.164789
v 0.330268 1.740853 -6.167569
v 0.274315 1.849721 -6.165220
v 0.222992 1.950371 -6.175729
v 0.170533 2.053306 -6.165521
v 0.115251 2.163218 -6.176870
v 0.064226 2.262436 -6.162128
v -0.009092 2.504780 -6.356509
v -0.000761 2.488002 -6.309537
v 0.000804 2.484993 -6.261281
v -0.004957 2.496767 -6.211834
v -0.040820 2.469350 -6.262573
v -0.041651 2.472031 -6.308112
v 0.327386 1.745412 -6.356677
v 0.330091 1.740238 -6.308760
v 0.330774 1.738350 -6.259199
v 0.274297 1.849712 -6.357110
v 0.274261 1.849694 -6.309583
v 0.274732 1.849934 -6.260180
v 0.274317 1.849723 -6.213815
v 0.222950 1.950348 -6.357578
v 0.223054 1.950402 -6.261117
v 0.223075 1.950413 -6.216584
v 0.168257 2.057576 -6.354985
v 0.170890 2.052924 -6.308189
v 0.171412 2.051995 -6.261101
v 0.168869 2.057152 -6.213650
v 0.118675 2.155036 -6.357065
v 0.117721 2.157728 -6.309187
v 0.116967 2.158982 -6.260438
v 0.118595 2.155816 -6.214855
v 0.064028 2.262336 -6.358084
v 0.064327 2.262488 -6.309363
v 0.064363 2.262506 -6.260958
v 0.064325 2.262487 -6.213178
v 0.011761 2.365597 -6.357460
v 0.011703 2.365568 -6.306908
v 0.011847 2.365641 -6.261219
v 0.011885 2.365660 -6.213169
v 0.375699 1.748582 -6.213544
v 0.366440 1.766631 -6.260534
v 0.369314 1.760757 -6.308415
v 0.365305 1.768707 -6.357351
v 0.313982 1.869900 -6.213565
v 0.313497 1.869653 -6.261313
v 0.313938 1.869877 -6.309075
v 0.313889 1.869853 -6.356991
v 0.262608 1.970523 -6.220238
v 0.262681 1.970560 -6.261474
v 0.262921 1.970682 -6.310419
v 0.262649 1.970543 -6.357218
v 0.204773 2.084824 -6.213221
v 0.213514 2.066098 -6.259183
v 0.208735 2.076809 -6.307474
v 0.211601 2.070910 -6.357211
v 0.157145 2.178868 -6.212125
v 0.158683 2.174537 -6.260711
v 0.153228 2.185205 -6.306622
v 0.160410 2.171357 -6.357090
v 0.103906 2.282622 -6.215012
v 0.103922 2.282630 -6.260386
v 0.103916 2.282627 -6.309293
v 0.103990 2.282664 -6.356086
v 0.051251 2.385686 -6.211723
v 0.051447 2.385785 -6.260062
v 0.051732 2.385930 -6.307475
v 0.051899 2.386015 -6.357889
v 0.313937 1.869877 -6.405091
v 0.313913 1.869865 -6.380865
v 0.292120 1.858778 -6.405255
v 0.104004 2.282672 -6.405183
v 0.104004 2.282671 -6.381981
v 0.104010 2.282675 -6.405147
v 0.082357 2.271660 -6.405492
v 0.033219 2.376513 -6.164744
v 0.011777 2.365606 -6.164071
v 0.011834 2.365634 -6.188983
v 0.011836 2.365635 -6.164956
v -0.040245 2.468324 -6.189751
v -0.033341 2.454477 -6.213682
v -0.044230 2.475957 -6.237539
v -0.021892 2.485319 -6.212726
v -0.025954 2.492689 -6.355997
v -0.040610 2.469257 -6.331193
v -0.021574 2.431083 -6.355756
v -0.041798 2.470886 -6.379053
v 0.338011 1.724468 -6.212829
v 0.330884 1.738309 -6.236850
v 0.320533 1.758850 -6.212956
v 0.329813 1.741223 -6.188281
v 0.223008 1.950378 -6.334044
v 0.223064 1.950407 -6.309450
v 0.223061 1.950405 -6.285396
v 0.223063 1.950406 -6.309691
v 0.011894 2.365665 -6.419070
v 0.064303 2.262475 -6.420295
v 0.051491 2.385808 -6.419680
v 0.104001 2.282670 -6.419660
v 0.082348 2.271655 -6.420005
v -0.001032 2.359089 -6.404624
v 0.051377 2.255900 -6.405849
v 0.215490 1.946554 -6.411132
v 0.265900 1.845441 -6.416390
v 0.060698 2.390491 -6.154459
v 0.114395 2.287957 -6.157042
v 0.272048 1.975325 -6.167888
v 0.322690 1.874330 -6.155054
v 0.265206 1.845088 -6.154947
v 0.213835 1.945712 -6.165510
v 0.261382 1.843142 -6.213857
v 0.210140 1.943832 -6.216629
v 0.051390 2.255907 -6.213192
v 0.054325 2.257400 -6.152788
v 0.275584 1.977124 -6.357231
v 0.271949 1.975274 -6.408239
v 0.064835 2.392596 -6.357910
v 0.064436 2.392393 -6.405243
v 0.261361 1.843132 -6.357125
v 0.261325 1.843114 -6.309536
v 0.261796 1.843353 -6.260178
v 0.210014 1.943768 -6.357592
v 0.210118 1.943821 -6.261108
v 0.051092 2.255755 -6.358099
v 0.051391 2.255907 -6.309330
v 0.051427 2.255926 -6.260944
v -0.001174 2.359017 -6.357476
v -0.001232 2.358988 -6.306875
v -0.001089 2.359060 -6.261205
v -0.001051 2.359080 -6.213187
v 0.326918 1.876480 -6.213582
v 0.326433 1.876233 -6.261296
v 0.326874 1.876458 -6.309052
v 0.326825 1.876433 -6.357004
v 0.275543 1.977103 -6.220266
v 0.275617 1.977140 -6.261446
v 0.275857 1.977262 -6.310388
v 0.116842 2.289202 -6.215032
v 0.116858 2.289210 -6.260350
v 0.116851 2.289207 -6.309247
v 0.116926 2.289245 -6.356092
v 0.064187 2.392266 -6.211782
v 0.064383 2.392366 -6.260026
v 0.064667 2.392510 -6.307429
v 0.326849 1.876445 -6.380843
v 0.322916 1.874444 -6.415510
v 0.292077 1.858757 -6.419756
v 0.116940 2.289252 -6.382057
v 0.116946 2.289255 -6.405223
v 0.033822 2.376820 -6.150247
v 0.002965 2.361123 -6.153446
v -0.001101 2.359054 -6.189016
v 0.210127 1.943826 -6.309646
v 0.210072 1.943798 -6.334032
v 0.210125 1.943825 -6.285317
v 0.095914 2.328487 -6.192819
v 0.096948 2.324740 -6.177934
v 0.102536 2.313755 -6.177934
v 0.104956 2.310713 -6.192819
v 0.100863 2.319817 -6.202018
v 0.107577 2.323233 -6.188275
v 0.093327 2.320048 -6.203208
v 0.096612 2.313591 -6.203208
v 0.088996 2.326931 -6.189052
v 0.090418 2.325143 -6.197801
v 0.092010 2.319377 -6.174897
v 0.089604 2.324729 -6.180304
v 0.098203 2.307825 -6.180304
v 0.095294 2.312921 -6.174897
v 0.099018 2.308239 -6.197801
v 0.099625 2.306037 -6.189052
v 0.099105 2.325498 -6.198887
v 0.096804 2.328392 -6.184731
v 0.100696 2.319732 -6.175982
v 0.105402 2.311487 -6.184731
v 0.104419 2.315051 -6.198887
v 0.103051 2.327506 -6.190809
v 0.105960 2.322410 -6.196216
v 0.103659 2.325303 -6.182061
v 0.106943 2.318846 -6.182061
v 0.108366 2.317058 -6.190809
v 0.077754 2.373188 -6.380263
v 0.081356 2.370747 -6.365508
v 0.086943 2.359762 -6.365508
v 0.086796 2.355414 -6.380263
v 0.081116 2.363712 -6.389382
v 0.090063 2.368263 -6.377347
v 0.073486 2.363894 -6.389277
v 0.076771 2.357437 -6.389277
v 0.071597 2.372020 -6.375244
v 0.071510 2.369464 -6.383917
v 0.077052 2.365708 -6.361211
v 0.073713 2.370585 -6.366571
v 0.082313 2.353681 -6.366571
v 0.080336 2.359251 -6.361211
v 0.080109 2.352560 -6.383917
v 0.082226 2.351125 -6.375244
v 0.079878 2.369658 -6.386504
v 0.080019 2.373793 -6.372471
v 0.085420 2.365901 -6.363798
v 0.088618 2.356889 -6.372471
v 0.085193 2.359210 -6.386504
v 0.085137 2.372333 -6.379430
v 0.087113 2.366762 -6.384790
v 0.087254 2.370898 -6.370757
v 0.090538 2.364441 -6.370757
v 0.090451 2.361885 -6.379430
v 0.289018 1.948882 -6.202608
v 0.286993 1.951149 -6.187408
v 0.291740 1.941817 -6.179142
v 0.296700 1.933782 -6.189232
v 0.295017 1.938148 -6.203735
v 0.299146 1.946645 -6.192060
v 0.287952 1.937453 -6.207176
v 0.290742 1.931967 -6.202317
v 0.281511 1.948485 -6.200583
v 0.284426 1.943762 -6.206513
v 0.281309 1.947251 -6.183124
v 0.280320 1.949817 -6.191648
v 0.287626 1.935456 -6.178927
v 0.284099 1.941765 -6.178265
v 0.291731 1.929401 -6.193792
v 0.290541 1.930733 -6.184858
v 0.293069 1.944201 -6.205007
v 0.288353 1.951843 -6.195410
v 0.289953 1.947690 -6.181617
v 0.295658 1.937482 -6.182689
v 0.297585 1.935325 -6.197144
v 0.295496 1.949195 -6.198144
v 0.299023 1.942886 -6.198806
v 0.294306 1.950528 -6.189210
v 0.297096 1.945042 -6.184351
v 0.300011 1.940320 -6.190282
v 0.309395 1.917827 -6.394099
v 0.309961 1.921352 -6.379009
v 0.314708 1.912020 -6.370742
v 0.317076 1.902727 -6.380723
v 0.313793 1.906315 -6.395158
v 0.320475 1.915316 -6.384934
v 0.306390 1.906051 -6.397499
v 0.309180 1.900565 -6.392640
v 0.302413 1.918279 -6.391010
v 0.303805 1.912817 -6.396876
v 0.304676 1.918242 -6.373655
v 0.302746 1.920352 -6.382140
v 0.310051 1.905991 -6.369419
v 0.307467 1.912757 -6.368796
v 0.311110 1.898456 -6.384155
v 0.311443 1.900528 -6.375285
v 0.312413 1.912539 -6.396645
v 0.310161 1.921378 -6.387152
v 0.313284 1.917965 -6.373424
v 0.317466 1.907017 -6.374431
v 0.316928 1.903664 -6.388783
v 0.316341 1.917830 -6.390635
v 0.318926 1.911064 -6.391258
v 0.316674 1.919902 -6.381765
v 0.319464 1.914417 -6.376906
v 0.320856 1.908954 -6.382772
v 0.230921 2.032984 -6.392369
v 0.211597 2.070918 -6.357259
v 0.187093 2.119111 -6.392902
v 0.170824 2.053216 -6.388242
v 0.157141 2.178874 -6.212076
v 0.176396 2.139935 -6.171994
v 0.115295 2.163241 -6.176870
v 0.132671 2.226029 -6.172077
v -1.054780 1.777745 -6.432096
v -1.017227 1.753532 -6.432618
v -1.048506 1.790411 -6.669725
v -1.012043 1.764430 -6.670128
v -0.686600 2.501616 -6.432220
v -0.789668 2.299129 -6.439092
v -0.894926 2.092131 -6.438199
v -1.000899 1.883902 -6.432002
v -0.961301 1.863759 -6.432611
v -0.908761 1.966881 -6.431386
v -0.857758 2.067163 -6.437916
v -0.802297 2.176173 -6.448926
v -0.750171 2.279037 -6.437658
v -0.698753 2.379638 -6.431846
v -0.645542 2.484526 -6.432624
v -1.001167 1.884039 -6.672207
v -0.948486 1.987090 -6.671432
v -0.843557 2.193065 -6.672400
v -0.789479 2.299033 -6.659480
v -0.738386 2.399799 -6.671510
v -0.683581 2.507807 -6.672379
v -0.643766 2.488998 -6.669599
v -0.698811 2.379667 -6.671948
v -0.749938 2.278919 -6.661439
v -0.802244 2.175905 -6.671648
v -0.858528 2.066502 -6.660298
v -0.908674 1.966837 -6.675040
v -1.061373 1.764874 -6.480659
v -1.052718 1.781488 -6.527632
v -1.051208 1.784525 -6.575888
v -1.057331 1.772935 -6.625334
v -1.014054 1.760094 -6.574595
v -1.015731 1.757843 -6.529057
v -0.645754 2.483984 -6.480491
v -0.643165 2.489216 -6.528408
v -0.642041 2.490880 -6.577969
v -0.698792 2.379658 -6.480058
v -0.698757 2.379640 -6.527585
v -0.699228 2.379879 -6.576988
v -0.698813 2.379668 -6.623353
v -0.749895 2.278897 -6.479589
v -0.750000 2.278950 -6.576051
v -0.750021 2.278961 -6.620584
v -0.804355 2.171551 -6.482183
v -0.802145 2.176419 -6.528979
v -0.801702 2.177388 -6.576067
v -0.804374 2.172297 -6.623518
v -0.853930 2.074088 -6.480103
v -0.855545 2.071732 -6.527981
v -0.856114 2.070384 -6.576730
v -0.854514 2.073564 -6.622313
v -0.908476 1.966736 -6.479084
v -0.908775 1.966889 -6.527806
v -0.908811 1.966907 -6.576210
v -0.908773 1.966888 -6.623990
v -0.961159 1.863687 -6.479708
v -0.961102 1.863657 -6.530261
v -0.961244 1.863730 -6.575950
v -0.961282 1.863750 -6.624000
v -0.676765 2.521166 -6.623623
v -0.685901 2.503054 -6.576634
v -0.682846 2.508836 -6.528753
v -0.686911 2.500915 -6.479816
v -0.738478 2.399846 -6.623602
v -0.737992 2.399599 -6.575855
v -0.738434 2.399823 -6.528092
v -0.738385 2.399798 -6.480177
v -0.789554 2.299071 -6.616930
v -0.789627 2.299109 -6.575694
v -0.789867 2.299231 -6.526749
v -0.789594 2.299092 -6.479950
v -0.847880 2.185021 -6.623947
v -0.837893 2.203112 -6.577985
v -0.843736 2.192942 -6.529694
v -0.840656 2.198733 -6.479958
v -0.895846 2.091148 -6.625043
v -0.893251 2.094941 -6.576457
v -0.898661 2.084250 -6.530546
v -0.891697 2.098209 -6.480078
v -0.948354 1.987023 -6.622157
v -0.948370 1.987031 -6.576782
v -0.948364 1.987027 -6.527875
v -0.948438 1.987065 -6.481082
v -1.000649 1.883775 -6.625445
v -1.000845 1.883875 -6.577106
v -1.001130 1.884020 -6.529694
v -1.001297 1.884105 -6.479280
v -0.738432 2.399822 -6.432077
v -0.738409 2.399811 -6.456303
v -0.716615 2.388724 -6.431912
v -0.948452 1.987072 -6.431986
v -0.948452 1.987072 -6.455187
v -0.948458 1.987075 -6.432022
v -0.926805 1.976061 -6.431677
v -0.982617 1.874602 -6.672424
v -0.961175 1.863695 -6.673098
v -0.961232 1.863724 -6.648186
v -0.961234 1.863725 -6.672213
v -1.013564 1.761162 -6.647418
v -1.006437 1.774896 -6.623487
v -1.017386 1.753447 -6.599629
v -1.038106 1.765989 -6.624443
v -1.041672 1.758366 -6.481172
v -1.014102 1.760318 -6.505975
v -0.994458 1.798182 -6.481412
v -1.014720 1.758398 -6.458116
v -0.635083 2.504905 -6.624338
v -0.642073 2.490993 -6.600317
v -0.652579 2.470532 -6.624211
v -0.643797 2.488413 -6.648887
v -0.749953 2.278927 -6.503123
v -0.750010 2.278955 -6.527718
v -0.750007 2.278954 -6.551772
v -0.750008 2.278955 -6.527476
v -0.961292 1.863754 -6.418098
v -0.908751 1.966876 -6.416873
v -1.000889 1.883897 -6.417489
v -0.948449 1.987071 -6.417509
v -0.926795 1.976056 -6.417164
v -0.948366 1.857179 -6.432544
v -0.895825 1.960301 -6.431319
v -0.742435 2.275102 -6.426036
v -0.690396 2.375386 -6.420777
v -1.010096 1.888581 -6.682709
v -0.958843 1.992358 -6.680127
v -0.798995 2.303874 -6.669280
v -0.747186 2.404275 -6.682114
v -0.689702 2.375034 -6.682220
v -0.740780 2.274261 -6.671658
v -0.685877 2.373088 -6.623311
v -0.737085 2.272381 -6.620540
v -0.895838 1.960308 -6.623977
v -0.898773 1.961801 -6.684380
v -0.802530 2.305672 -6.479937
v -0.798895 2.303823 -6.428929
v -1.014233 1.890685 -6.479259
v -1.013834 1.890482 -6.431925
v -0.685856 2.373077 -6.480042
v -0.685821 2.373060 -6.527631
v -0.686292 2.373299 -6.576990
v -0.736959 2.272317 -6.479576
v -0.737064 2.272370 -6.576059
v -0.895540 1.960156 -6.479069
v -0.895839 1.960308 -6.527839
v -0.895875 1.960327 -6.576224
v -0.948224 1.857106 -6.479693
v -0.948166 1.857077 -6.530293
v -0.948308 1.857150 -6.575963
v -0.948347 1.857169 -6.623981
v -0.751413 2.406426 -6.623586
v -0.750928 2.406179 -6.575872
v -0.751369 2.406404 -6.528116
v -0.751320 2.406379 -6.480164
v -0.802489 2.305651 -6.616902
v -0.802562 2.305689 -6.575721
v -0.802803 2.305811 -6.526780
v -0.961290 1.993603 -6.622137
v -0.961306 1.993611 -6.576818
v -0.961299 1.993608 -6.527921
v -0.961374 1.993646 -6.481076
v -1.013585 1.890356 -6.625386
v -1.013781 1.890455 -6.577143
v -1.014065 1.890600 -6.529739
v -0.751345 2.406391 -6.456325
v -0.747411 2.404390 -6.421658
v -0.716572 2.388702 -6.417412
v -0.961388 1.993653 -6.455111
v -0.961394 1.993656 -6.431945
v -0.983220 1.874909 -6.686922
v -0.952363 1.859213 -6.683722
v -0.948297 1.857144 -6.648152
v -0.737072 2.272374 -6.527522
v -0.737018 2.272346 -6.503137
v -0.737071 2.272373 -6.551850
v -0.980718 1.953556 -6.644350
v -0.978299 1.956598 -6.659234
v -0.972710 1.967583 -6.659234
v -0.971676 1.971330 -6.644350
v -0.976625 1.962660 -6.635151
v -0.983339 1.966076 -6.648893
v -0.972374 1.956434 -6.633960
v -0.969090 1.962891 -6.633960
v -0.975387 1.948880 -6.648116
v -0.974780 1.951082 -6.639367
v -0.971056 1.955764 -6.662271
v -0.973965 1.950668 -6.656865
v -0.965366 1.967572 -6.656865
v -0.967772 1.962220 -6.662271
v -0.966180 1.967986 -6.639367
v -0.964758 1.969774 -6.648116
v -0.980181 1.957894 -6.638281
v -0.981165 1.954330 -6.652437
v -0.976458 1.962575 -6.661186
v -0.972566 1.971235 -6.652437
v -0.974867 1.968341 -6.638281
v -0.984128 1.959901 -6.646359
v -0.981722 1.965253 -6.640952
v -0.982706 1.961690 -6.655108
v -0.979421 1.968146 -6.655108
v -0.978813 1.970349 -6.646359
v -1.006155 1.912555 -6.456905
v -1.006302 1.916903 -6.471661
v -1.000714 1.927888 -6.471661
v -0.997113 1.930329 -6.456905
v -1.000475 1.920853 -6.447786
v -1.009421 1.925404 -6.459821
v -0.996130 1.914578 -6.447891
v -0.992845 1.921035 -6.447891
v -1.001585 1.908266 -6.461924
v -0.999468 1.909701 -6.453251
v -0.999695 1.916392 -6.475957
v -1.001671 1.910822 -6.470597
v -0.993072 1.927726 -6.470597
v -0.996410 1.922849 -6.475957
v -0.990869 1.926605 -6.453251
v -0.990955 1.929161 -6.461924
v -1.004551 1.916351 -6.450664
v -1.007977 1.914029 -6.464697
v -1.004779 1.923042 -6.473370
v -0.999377 1.930934 -6.464697
v -0.999237 1.926798 -6.450664
v -1.009810 1.919026 -6.457738
v -1.006472 1.923903 -6.452378
v -1.009897 1.921582 -6.466411
v -1.006612 1.928039 -6.466411
v -1.004496 1.929473 -6.457738
v -0.787614 2.333160 -6.634560
v -0.788254 2.330188 -6.649759
v -0.783507 2.339520 -6.658026
v -0.779933 2.348260 -6.647936
v -0.782471 2.344330 -6.633433
v -0.791770 2.342663 -6.645108
v -0.777749 2.339029 -6.629992
v -0.774959 2.344514 -6.634851
v -0.782873 2.327327 -6.636585
v -0.780772 2.332464 -6.630654
v -0.781756 2.327890 -6.654044
v -0.783248 2.325580 -6.645519
v -0.775943 2.339941 -6.658241
v -0.778966 2.333375 -6.658903
v -0.773467 2.346825 -6.643376
v -0.773842 2.345078 -6.652310
v -0.786217 2.339191 -6.632162
v -0.789616 2.330879 -6.641758
v -0.787201 2.334618 -6.655551
v -0.782310 2.345240 -6.654479
v -0.781702 2.348067 -6.640024
v -0.791682 2.338212 -6.639024
v -0.788660 2.344777 -6.638361
v -0.792058 2.336465 -6.647958
v -0.789268 2.341950 -6.652817
v -0.787167 2.347088 -6.646886
v -0.774513 2.367917 -6.443069
v -0.777696 2.366298 -6.458158
v -0.772949 2.375630 -6.466425
v -0.766832 2.383017 -6.456445
v -0.767798 2.378249 -6.442009
v -0.779009 2.378350 -6.452234
v -0.763226 2.372422 -6.439669
v -0.760436 2.377907 -6.444528
v -0.770768 2.362007 -6.446158
v -0.767172 2.366349 -6.440291
v -0.772070 2.363858 -6.463513
v -0.772639 2.361056 -6.455028
v -0.765334 2.375417 -6.467749
v -0.769280 2.369343 -6.468372
v -0.759867 2.380709 -6.453013
v -0.761738 2.379758 -6.461883
v -0.772017 2.373469 -6.440523
v -0.777834 2.366445 -6.450016
v -0.776915 2.370979 -6.463744
v -0.770529 2.380805 -6.462737
v -0.767502 2.382345 -6.448385
v -0.778606 2.373529 -6.446533
v -0.774659 2.379602 -6.445910
v -0.780477 2.372577 -6.455402
v -0.777687 2.378063 -6.460262
v -0.774091 2.382404 -6.454395
v -0.821379 2.236681 -6.444799
v -0.840660 2.198725 -6.479909
v -0.865182 2.150541 -6.444266
v -0.802343 2.176193 -6.448925
v -0.895848 2.091141 -6.625092
v -0.875715 2.129633 -6.665174
v -0.858572 2.066525 -6.660298
v -0.919552 2.043596 -6.665092
v 0.360703 1.777745 -6.432096
v 0.323149 1.753532 -6.432618
v 0.354428 1.790411 -6.669725
v 0.317965 1.764430 -6.670128
v -0.007477 2.501616 -6.432220
v 0.095591 2.299129 -6.439092
v 0.200848 2.092131 -6.438199
v 0.306821 1.883902 -6.432002
v 0.267224 1.863759 -6.432611
v 0.214683 1.966881 -6.431386
v 0.163681 2.067163 -6.437916
v 0.108220 2.176173 -6.448926
v 0.056094 2.279037 -6.437658
v 0.004675 2.379638 -6.431846
v -0.048535 2.484526 -6.432624
v 0.307090 1.884039 -6.672207
v 0.254408 1.987090 -6.671432
v 0.149479 2.193065 -6.672400
v 0.095402 2.299033 -6.659480
v 0.044309 2.399799 -6.671510
v -0.010496 2.507807 -6.672379
v -0.050311 2.488998 -6.669599
v 0.004733 2.379667 -6.671948
v 0.055861 2.278919 -6.661439
v 0.108167 2.175905 -6.671648
v 0.164450 2.066502 -6.660298
v 0.214596 1.966837 -6.675040
v 0.367296 1.764874 -6.480659
v 0.358641 1.781488 -6.527632
v 0.357131 1.784525 -6.575888
v 0.363254 1.772935 -6.625334
v 0.319977 1.760094 -6.574595
v 0.321654 1.757843 -6.529057
v -0.048324 2.483984 -6.480491
v -0.050913 2.489216 -6.528408
v -0.052036 2.490880 -6.577969
v 0.004715 2.379658 -6.480058
v 0.004679 2.379640 -6.527585
v 0.005150 2.379879 -6.576988
v 0.004735 2.379668 -6.623353
v 0.055818 2.278897 -6.479589
v 0.055923 2.278950 -6.576051
v 0.055943 2.278961 -6.620584
v 0.110278 2.171551 -6.482183
v 0.108068 2.176419 -6.528979
v 0.107625 2.177387 -6.576067
v 0.110296 2.172296 -6.623518
v 0.159853 2.074088 -6.480103
v 0.161467 2.071732 -6.527981
v 0.162036 2.070384 -6.576730
v 0.160437 2.073564 -6.622313
v 0.214398 1.966736 -6.479084
v 0.214697 1.966888 -6.527806
v 0.214734 1.966907 -6.576210
v 0.214696 1.966888 -6.623990
v 0.267082 1.863687 -6.479708
v 0.267024 1.863657 -6.530261
v 0.267167 1.863730 -6.575950
v 0.267205 1.863750 -6.624000
v -0.017312 2.521166 -6.623623
v -0.008177 2.503054 -6.576634
v -0.011231 2.508836 -6.528753
v -0.007166 2.500915 -6.479816
v 0.044400 2.399846 -6.623602
v 0.043915 2.399599 -6.575855
v 0.044356 2.399823 -6.528092
v 0.044307 2.399798 -6.480177
v 0.095476 2.299071 -6.616930
v 0.095549 2.299109 -6.575694
v 0.095790 2.299231 -6.526749
v 0.095517 2.299092 -6.479950
v 0.153803 2.185021 -6.623947
v 0.143815 2.203112 -6.577985
v 0.149658 2.192942 -6.529694
v 0.146578 2.198733 -6.479958
v 0.201768 2.091148 -6.625043
v 0.199173 2.094941 -6.576457
v 0.204583 2.084250 -6.530546
v 0.197620 2.098209 -6.480078
v 0.254277 1.987023 -6.622157
v 0.254293 1.987031 -6.576782
v 0.254286 1.987027 -6.527875
v 0.254361 1.987065 -6.481082
v 0.306572 1.883775 -6.625445
v 0.306767 1.883875 -6.577106
v 0.307052 1.884019 -6.529694
v 0.307220 1.884105 -6.479280
v 0.044355 2.399822 -6.432077
v 0.044332 2.399811 -6.456303
v 0.022538 2.388724 -6.431912
v 0.254375 1.987072 -6.431985
v 0.254375 1.987072 -6.455187
v 0.254381 1.987075 -6.432022
v 0.232728 1.976061 -6.431677
v 0.288539 1.874602 -6.672424
v 0.267098 1.863695 -6.673098
v 0.267155 1.863724 -6.648186
v 0.267156 1.863725 -6.672213
v 0.319486 1.761162 -6.647418
v 0.312359 1.774896 -6.623487
v 0.323308 1.753447 -6.599629
v 0.344029 1.765989 -6.624443
v 0.347594 1.758366 -6.481172
v 0.320025 1.760318 -6.505975
v 0.300380 1.798182 -6.481412
v 0.320642 1.758398 -6.458116
v -0.058995 2.504905 -6.624338
v -0.052005 2.490993 -6.600317
v -0.041498 2.470532 -6.624211
v -0.050280 2.488413 -6.648887
v 0.055876 2.278927 -6.503123
v 0.055932 2.278955 -6.527718
v 0.055929 2.278954 -6.551772
v 0.055931 2.278955 -6.527476
v 0.267214 1.863754 -6.418098
v 0.214674 1.966876 -6.416873
v 0.306812 1.883897 -6.417489
v 0.254371 1.987071 -6.417509
v 0.232718 1.976056 -6.417164
v 0.254288 1.857179 -6.432544
v 0.201747 1.960301 -6.431319
v 0.048358 2.275102 -6.426036
v -0.003682 2.375386 -6.420777
v 0.316019 1.888581 -6.682709
v 0.264765 1.992358 -6.680127
v 0.104917 2.303874 -6.669280
v 0.053108 2.404275 -6.682114
v -0.004376 2.375034 -6.682220
v 0.046703 2.274261 -6.671658
v -0.008200 2.373088 -6.623311
v 0.043008 2.272381 -6.620540
v 0.201760 1.960308 -6.623977
v 0.204695 1.961801 -6.684380
v 0.108452 2.305672 -6.479937
v 0.104817 2.303823 -6.428929
v 0.320155 1.890685 -6.479259
v 0.319757 1.890482 -6.431925
v -0.008221 2.373077 -6.480042
v -0.008256 2.373060 -6.527631
v -0.007785 2.373299 -6.576990
v 0.042882 2.272317 -6.479576
v 0.042987 2.272370 -6.576059
v 0.201462 1.960156 -6.479069
v 0.201762 1.960308 -6.527839
v 0.201798 1.960327 -6.576224
v 0.254146 1.857106 -6.479693
v 0.254088 1.857077 -6.530293
v 0.254231 1.857150 -6.575963
v 0.254269 1.857169 -6.623981
v 0.057336 2.406426 -6.623586
v 0.056851 2.406179 -6.575872
v 0.057292 2.406404 -6.528116
v 0.057243 2.406379 -6.480164
v 0.108412 2.305651 -6.616902
v 0.108485 2.305689 -6.575721
v 0.108725 2.305811 -6.526780
v 0.267212 1.993603 -6.622137
v 0.267229 1.993611 -6.576818
v 0.267222 1.993608 -6.527921
v 0.267296 1.993646 -6.481076
v 0.319508 1.890356 -6.625386
v 0.319703 1.890455 -6.577143
v 0.319987 1.890600 -6.529739
v 0.057267 2.406391 -6.456325
v 0.053334 2.404390 -6.421658
v 0.022495 2.388702 -6.417412
v 0.267311 1.993653 -6.455111
v 0.267316 1.993656 -6.431945
v 0.289142 1.874909 -6.686922
v 0.258286 1.859212 -6.683722
v 0.254219 1.857144 -6.648152
v 0.042995 2.272374 -6.527522
v 0.042940 2.272346 -6.503137
v 0.042994 2.272373 -6.551850
v 0.286641 1.953556 -6.644350
v 0.284221 1.956598 -6.659234
v 0.278633 1.967583 -6.659234
v 0.277599 1.971330 -6.644350
v 0.282548 1.962660 -6.635151
v 0.289261 1.966076 -6.648893
v 0.278296 1.956434 -6.633960
v 0.275012 1.962891 -6.633960
v 0.281310 1.948880 -6.648116
v 0.280702 1.951082 -6.639367
v 0.276978 1.955763 -6.662271
v 0.279888 1.950668 -6.656865
v 0.271288 1.967572 -6.656865
v 0.273694 1.962220 -6.662271
v 0.272103 1.967986 -6.639367
v 0.270681 1.969774 -6.648116
v 0.286104 1.957894 -6.638281
v 0.287087 1.954330 -6.652437
v 0.282381 1.962575 -6.661186
v 0.278488 1.971235 -6.652437
v 0.280789 1.968341 -6.638281
v 0.290050 1.959901 -6.646359
v 0.287644 1.965253 -6.640952
v 0.288628 1.961690 -6.655108
v 0.285344 1.968146 -6.655108
v 0.284736 1.970349 -6.646359
v 0.312077 1.912555 -6.456905
v 0.312224 1.916903 -6.471661
v 0.306636 1.927888 -6.471661
v 0.303035 1.930329 -6.456905
v 0.306397 1.920853 -6.447786
v 0.315344 1.925404 -6.459821
v 0.302052 1.914578 -6.447891
v 0.298768 1.921035 -6.447891
v 0.307507 1.908266 -6.461924
v 0.305390 1.909701 -6.453251
v 0.305617 1.916392 -6.475957
v 0.307594 1.910822 -6.470597
v 0.298995 1.927726 -6.470597
v 0.302333 1.922849 -6.475957
v 0.296791 1.926605 -6.453251
v 0.296878 1.929161 -6.461924
v 0.310474 1.916351 -6.450664
v 0.313899 1.914029 -6.464697
v 0.310701 1.923042 -6.473370
v 0.305300 1.930933 -6.464697
v 0.305160 1.926798 -6.450664
v 0.315732 1.919026 -6.457738
v 0.312395 1.923903 -6.452378
v 0.315819 1.921582 -6.466411
v 0.312535 1.928038 -6.466411
v 0.310418 1.929473 -6.457738
v 0.093537 2.333160 -6.634560
v 0.094177 2.330188 -6.649759
v 0.089429 2.339520 -6.658026
v 0.085855 2.348260 -6.647936
v 0.088394 2.344330 -6.633433
v 0.097692 2.342663 -6.645108
v 0.083672 2.339029 -6.629992
v 0.080881 2.344514 -6.634851
v 0.088795 2.327327 -6.636585
v 0.086694 2.332464 -6.630654
v 0.087679 2.327890 -6.654044
v 0.089171 2.325580 -6.645519
v 0.081866 2.339941 -6.658241
v 0.084888 2.333375 -6.658903
v 0.079389 2.346825 -6.643376
v 0.079765 2.345078 -6.652310
v 0.092139 2.339191 -6.632162
v 0.095538 2.330879 -6.641758
v 0.093124 2.334618 -6.655551
v 0.088233 2.345240 -6.654479
v 0.087624 2.348067 -6.640024
v 0.097605 2.338212 -6.639024
v 0.094582 2.344777 -6.638361
v 0.097981 2.336465 -6.647958
v 0.095191 2.341950 -6.652817
v 0.093090 2.347087 -6.646886
v 0.080436 2.367917 -6.443069
v 0.083619 2.366298 -6.458158
v 0.078871 2.375630 -6.466425
v 0.072754 2.383017 -6.456445
v 0.073721 2.378249 -6.442009
v 0.084931 2.378350 -6.452234
v 0.069149 2.372422 -6.439669
v 0.066358 2.377907 -6.444528
v 0.076691 2.362007 -6.446158
v 0.073095 2.366349 -6.440291
v 0.077993 2.363858 -6.463513
v 0.078561 2.361056 -6.455028
v 0.071256 2.375417 -6.467749
v 0.075202 2.369343 -6.468372
v 0.065790 2.380709 -6.453013
v 0.067660 2.379758 -6.461883
v 0.077939 2.373469 -6.440523
v 0.083757 2.366445 -6.450016
v 0.082837 2.370979 -6.463744
v 0.076451 2.380805 -6.462737
v 0.073424 2.382345 -6.448385
v 0.084528 2.373529 -6.446533
v 0.080582 2.379602 -6.445910
v 0.086400 2.372577 -6.455402
v 0.083609 2.378062 -6.460262
v 0.080014 2.382404 -6.454395
v 0.127302 2.236681 -6.444799
v 0.146582 2.198725 -6.479909
v 0.171104 2.150541 -6.444266
v 0.108266 2.176193 -6.448925
v 0.201771 2.091141 -6.625092
v 0.181637 2.129633 -6.665174
v 0.164495 2.066525 -6.660298
v 0.225474 2.043596 -6.665092
v -0.073224 2.552456 -6.144803
v -0.388959 2.552517 -6.175666
v -0.516071 2.552425 -6.195563
v -0.639913 2.552476 -6.193293
v -0.645772 2.504325 -6.193419
v -0.512756 2.504318 -6.195522
v -0.389074 2.504512 -6.174116
v -0.267483 2.504277 -6.158792
v -0.069536 2.504418 -6.144969
v -0.628770 2.552276 -6.433697
v -0.371315 2.552288 -6.413762
v -0.248295 2.552449 -6.417714
v -0.046557 2.552583 -6.403708
v -0.045388 2.504900 -6.400601
v -0.248260 2.504348 -6.418187
v -0.371159 2.504229 -6.415879
v -0.495157 2.504136 -6.436157
v -0.628982 2.504744 -6.433745
v -0.066330 2.504356 -6.196728
v -0.056187 2.504426 -6.248028
v -0.050066 2.504158 -6.301412
v -0.263623 2.504325 -6.210878
v -0.259818 2.504282 -6.262224
v -0.255863 2.504854 -6.315597
v -0.252151 2.504350 -6.365687
v -0.385717 2.504177 -6.219418
v -0.377995 2.504304 -6.323630
v -0.374429 2.504330 -6.371741
v -0.515552 2.504035 -6.231856
v -0.506036 2.504292 -6.281985
v -0.501116 2.504340 -6.332771
v -0.503528 2.504419 -6.384495
v -0.633851 2.504031 -6.238364
v -0.633078 2.504432 -6.290316
v -0.630752 2.504320 -6.343098
v -0.623257 2.504337 -6.392058
v -0.034258 2.552563 -6.349833
v -0.059935 2.552488 -6.300693
v -0.056705 2.552378 -6.248441
v -0.070241 2.552412 -6.196285
v -0.252131 2.552560 -6.365957
v -0.255953 2.551970 -6.314373
v -0.259778 2.552506 -6.262773
v -0.263614 2.552447 -6.211007
v -0.374722 2.552378 -6.367794
v -0.378023 2.552467 -6.323244
v -0.381942 2.552759 -6.270366
v -0.385688 2.552428 -6.219807
v -0.512552 2.552677 -6.385630
v -0.493919 2.551919 -6.334321
v -0.510440 2.552566 -6.283087
v -0.507338 2.552436 -6.228830
v -0.626352 2.552882 -6.395253
v -0.625318 2.552240 -6.342399
v -0.641938 2.552212 -6.293758
v -0.629126 2.552345 -6.237986
v -0.267464 2.552504 -6.159042
v -0.265525 2.552476 -6.185215
v -0.267478 2.525987 -6.158864
v -0.029441 2.504328 -6.350254
v -0.048183 2.504245 -6.325549
v -0.071120 2.504339 -6.353204
v -0.047626 2.504642 -6.378267
v -0.383833 2.504247 -6.244842
v -0.381864 2.504316 -6.271412
v -0.379939 2.504312 -6.297400
v -0.381884 2.504314 -6.271152
v -0.390005 2.495110 -6.161561
v -0.268369 2.494119 -6.146835
v -0.370531 2.563853 -6.424350
v -0.247447 2.563144 -6.429170
v -0.247438 2.493276 -6.429285
v -0.370340 2.493098 -6.426918
v -0.252154 2.488628 -6.365642
v -0.374433 2.488607 -6.371693
v -0.385690 2.568150 -6.219792
v -0.389773 2.563732 -6.164686
v -0.263624 2.488603 -6.210862
v -0.259814 2.488560 -6.262274
v -0.255863 2.489132 -6.315599
v -0.385718 2.488454 -6.219402
v -0.377994 2.488582 -6.323639
v -0.252132 2.568282 -6.365939
v -0.255952 2.567692 -6.314391
v -0.259776 2.568228 -6.262797
v -0.263615 2.568169 -6.210993
v -0.374724 2.568100 -6.367763
v -0.378021 2.568190 -6.323274
v -0.381939 2.568482 -6.270400
v -0.265523 2.568198 -6.185239
v -0.268299 2.563418 -6.147785
v -0.268639 2.525935 -6.143198
v -0.381880 2.488592 -6.271202
v -0.383832 2.488525 -6.244856
v -0.379932 2.488590 -6.297484
v -0.339535 2.567250 -6.384337
v -0.341494 2.566408 -6.400993
v -0.329520 2.566408 -6.409086
v -0.320162 2.567250 -6.397431
v -0.326351 2.567770 -6.382135
v -0.331576 2.575930 -6.395205
v -0.329418 2.560607 -6.378625
v -0.322380 2.560607 -6.383382
v -0.342668 2.559806 -6.386769
v -0.337167 2.560301 -6.379919
v -0.340181 2.559005 -6.405550
v -0.343819 2.559311 -6.396559
v -0.325394 2.559311 -6.409013
v -0.333143 2.559005 -6.410306
v -0.318742 2.560301 -6.392372
v -0.319893 2.559806 -6.402163
v -0.333235 2.568862 -6.381265
v -0.342136 2.568062 -6.392349
v -0.336249 2.567567 -6.406896
v -0.323710 2.568062 -6.404802
v -0.321848 2.568862 -6.388961
v -0.336306 2.573659 -6.388947
v -0.328557 2.573965 -6.387653
v -0.337457 2.573164 -6.398737
v -0.330420 2.573164 -6.403493
v -0.324919 2.573659 -6.396643
v -0.314981 2.571671 -6.174503
v -0.316891 2.573950 -6.191037
v -0.304917 2.573950 -6.199130
v -0.295608 2.571671 -6.187598
v -0.301827 2.570263 -6.172378
v -0.306403 2.581137 -6.183824
v -0.305386 2.562985 -6.170099
v -0.298348 2.562985 -6.174856
v -0.318590 2.565152 -6.178127
v -0.313118 2.563813 -6.171349
v -0.316056 2.567319 -6.196791
v -0.319712 2.566491 -6.187845
v -0.301287 2.566491 -6.200299
v -0.309019 2.567319 -6.201548
v -0.294693 2.563813 -6.183802
v -0.295815 2.565152 -6.193521
v -0.308615 2.571988 -6.171267
v -0.317469 2.574155 -6.182234
v -0.311553 2.575494 -6.196709
v -0.299044 2.574155 -6.194688
v -0.297228 2.571988 -6.178963
v -0.311305 2.578379 -6.177994
v -0.303573 2.577552 -6.176745
v -0.312427 2.579719 -6.187712
v -0.305389 2.579719 -6.192469
v -0.299917 2.578379 -6.185691
v -0.147433 2.504624 -6.401181
v -0.166927 2.552429 -6.203646
v -0.158241 2.552442 -6.255607
v -0.157944 2.552229 -6.307533
v -0.143195 2.552561 -6.357895
v -0.133415 2.504372 -6.149430
v -0.144331 2.552457 -6.167099
v -0.151439 2.552476 -6.150537
v -0.133337 2.529302 -6.149313
v -0.115093 2.552467 -6.147872
v -0.506496 2.552579 -6.408377
v -0.475410 2.552423 -6.432935
v -0.496539 2.522414 -6.436568
v -0.522588 2.552421 -6.436596
v -0.124262 2.552531 -6.402781
v -0.147655 2.522344 -6.401668
v -0.171533 2.552500 -6.406064
v -0.144810 2.552546 -6.372785
v -0.599511 2.526237 -6.676370
v -0.305100 2.527756 -6.669628
v -0.186062 2.529727 -6.660131
v -0.071570 2.527529 -6.670498
v -0.066137 2.483784 -6.661308
v -0.189134 2.486123 -6.650486
v -0.305100 2.483899 -6.661598
v -0.418715 2.482448 -6.667264
v -0.602914 2.482741 -6.666526
v -0.065392 2.574650 -6.452206
v -0.305100 2.574492 -6.452982
v -0.418715 2.577201 -6.441191
v -0.606436 2.577507 -6.440363
v -0.607731 2.533656 -6.433719
v -0.418715 2.533655 -6.431302
v -0.305100 2.531309 -6.441607
v -0.188917 2.533399 -6.431556
v -0.065194 2.531533 -6.442831
v -0.602331 2.492881 -6.619470
v -0.608202 2.503151 -6.572390
v -0.610206 2.513465 -6.523628
v -0.418715 2.492761 -6.619890
v -0.418715 2.502845 -6.573171
v -0.418715 2.513888 -6.524729
v -0.418715 2.523306 -6.479063
v -0.305100 2.492526 -6.620321
v -0.305100 2.513189 -6.525542
v -0.305100 2.522698 -6.481780
v -0.184052 2.492950 -6.617745
v -0.189423 2.503152 -6.571804
v -0.190493 2.513225 -6.525535
v -0.184711 2.523404 -6.478915
v -0.074090 2.492504 -6.619788
v -0.071241 2.503066 -6.572812
v -0.069774 2.513348 -6.524879
v -0.073353 2.523073 -6.480083
v -0.621518 2.567104 -6.488276
v -0.601120 2.557027 -6.534443
v -0.607694 2.546728 -6.581480
v -0.598741 2.536335 -6.629582
v -0.418715 2.567097 -6.488297
v -0.418715 2.556391 -6.535108
v -0.418715 2.546704 -6.582155
v -0.418715 2.536443 -6.629235
v -0.305100 2.565511 -6.494819
v -0.305100 2.556808 -6.535364
v -0.305100 2.546647 -6.583525
v -0.305100 2.536378 -6.629455
v -0.176279 2.567277 -6.487981
v -0.197049 2.556799 -6.533004
v -0.185269 2.547099 -6.580593
v -0.191864 2.536387 -6.629449
v -0.070269 2.567696 -6.486945
v -0.074852 2.556764 -6.534569
v -0.062803 2.546960 -6.579686
v -0.078490 2.536330 -6.629313
v -0.418715 2.526250 -6.676519
v -0.418715 2.531385 -6.652705
v -0.418715 2.502158 -6.671467
v -0.625948 2.523496 -6.478089
v -0.610292 2.518304 -6.501681
v -0.587162 2.523480 -6.478217
v -0.607193 2.529010 -6.454025
v -0.305100 2.497603 -6.597206
v -0.305100 2.502904 -6.573048
v -0.305100 2.508024 -6.549406
v -0.305100 2.502851 -6.573285
v -0.305100 2.472893 -6.671172
v -0.418715 2.470875 -6.676145
v -0.305100 2.587072 -6.445624
v -0.418715 2.589162 -6.432872
v -0.418715 2.525799 -6.419029
v -0.305100 2.523388 -6.429376
v -0.418715 2.509034 -6.476013
v -0.305100 2.508425 -6.478733
v -0.305100 2.550639 -6.632559
v -0.305100 2.535765 -6.681821
v -0.418715 2.478494 -6.616814
v -0.418715 2.488591 -6.570035
v -0.418715 2.499624 -6.521636
v -0.305100 2.478259 -6.617244
v -0.305100 2.498927 -6.522443
v -0.418715 2.581357 -6.491405
v -0.418715 2.570658 -6.538182
v -0.418715 2.560972 -6.585223
v -0.418715 2.550704 -6.632339
v -0.305100 2.579768 -6.497938
v -0.305100 2.571078 -6.538428
v -0.305100 2.560918 -6.586586
v -0.418715 2.545653 -6.655774
v -0.418715 2.533931 -6.688906
v -0.418715 2.499022 -6.685709
v -0.305100 2.488597 -6.570148
v -0.305100 2.483342 -6.594101
v -0.305100 2.493778 -6.546237
v -0.336539 2.582758 -6.480416
v -0.333583 2.585232 -6.465312
v -0.344113 2.586993 -6.457188
v -0.353576 2.585607 -6.467270
v -0.348896 2.582990 -6.481626
v -0.343162 2.592880 -6.471756
v -0.346298 2.575758 -6.483599
v -0.352487 2.576793 -6.478824
v -0.333472 2.576436 -6.476962
v -0.339035 2.575622 -6.482888
v -0.334486 2.579428 -6.459646
v -0.331735 2.577890 -6.468084
v -0.347938 2.580600 -6.455581
v -0.340675 2.580463 -6.454870
v -0.355238 2.578331 -6.470386
v -0.353500 2.579785 -6.461508
v -0.342582 2.583710 -6.483090
v -0.333582 2.585028 -6.473501
v -0.338034 2.587517 -6.459848
v -0.349785 2.587737 -6.460999
v -0.352596 2.585385 -6.475363
v -0.339212 2.589523 -6.477289
v -0.346475 2.589660 -6.478000
v -0.337475 2.590977 -6.468411
v -0.343664 2.592012 -6.463636
v -0.349226 2.591198 -6.469562
v -0.373666 2.545980 -6.669486
v -0.370764 2.551261 -6.655103
v -0.381293 2.553022 -6.646978
v -0.390703 2.548829 -6.656340
v -0.385989 2.544477 -6.670250
v -0.380968 2.556520 -6.662339
v -0.382851 2.537376 -6.671119
v -0.389040 2.538411 -6.666344
v -0.370077 2.540724 -6.665167
v -0.375607 2.538259 -6.670670
v -0.371142 2.546386 -6.648537
v -0.368371 2.543828 -6.656713
v -0.384574 2.546538 -6.644211
v -0.377331 2.547421 -6.643762
v -0.391810 2.540969 -6.658167
v -0.390105 2.544073 -6.649713
v -0.379782 2.545725 -6.672050
v -0.370832 2.549713 -6.663146
v -0.375316 2.553852 -6.649917
v -0.387035 2.552423 -6.650644
v -0.389795 2.547400 -6.664322
v -0.376830 2.552804 -6.667400
v -0.384073 2.551920 -6.667849
v -0.375124 2.555908 -6.658946
v -0.381313 2.556943 -6.654171
v -0.386844 2.554479 -6.659673
v -0.513223 2.532036 -6.439982
v -0.508728 2.536389 -6.629408
v -0.513205 2.546716 -6.581817
v -0.509917 2.556709 -6.534776
v -0.520117 2.567100 -6.488286
v -0.543472 2.482646 -6.666764
v -0.532155 2.529577 -6.660964
v -0.526710 2.526242 -6.676430
v -0.543551 2.505241 -6.671767
v -0.560540 2.526240 -6.676402
v -0.180326 2.571736 -6.466975
v -0.207419 2.576862 -6.442642
v -0.187610 2.550042 -6.434871
v -0.163492 2.576892 -6.442492
v -0.534564 2.576150 -6.446401
v -0.512984 2.548204 -6.443041
v -0.490577 2.576078 -6.446594
v -0.517599 2.569983 -6.474920
v -1.056638 1.668555 -6.442816
v -1.013867 1.681980 -6.443019
v -0.777194 0.085073 -6.374880
v -0.730441 0.074414 -6.374692
v -1.052833 1.661013 -6.204659
v -1.010686 1.676992 -6.205087
v -0.773004 0.078588 -6.138051
v -0.799593 0.211679 -6.381885
v -0.824657 0.356413 -6.386858
v -0.849906 0.498698 -6.361757
v -0.927589 0.937030 -6.404941
v -0.953603 1.085557 -6.401556
v -0.978820 1.227540 -6.418095
v -1.030463 1.519588 -6.436623
v -0.986709 1.527313 -6.436497
v -0.961092 1.382473 -6.431611
v -0.936241 1.241991 -6.419147
v -0.909195 1.089440 -6.401689
v -0.883954 0.944649 -6.406856
v -0.858819 0.803086 -6.406699
v -0.832980 0.655947 -6.399710
v -0.806016 0.504876 -6.361972
v -0.755892 0.219387 -6.381961
v -1.029917 1.529812 -6.196636
v -1.004142 1.385019 -6.191302
v -0.952976 1.095869 -6.178131
v -0.926607 0.946496 -6.184758
v -0.901770 0.805633 -6.166772
v -0.875151 0.654117 -6.159508
v -0.824330 0.366556 -6.147874
v -0.798785 0.221200 -6.159665
v -0.780482 0.374320 -6.147248
v -0.805909 0.516535 -6.171862
v -0.831530 0.660014 -6.162696
v -0.858041 0.813347 -6.166818
v -0.882911 0.954268 -6.183283
v -0.908296 1.099267 -6.179186
v -0.936049 1.252611 -6.197015
v -0.960141 1.392914 -6.188183
v -0.772350 0.070271 -6.183139
v -0.774577 0.078823 -6.232334
v -0.772628 0.065679 -6.279573
v -0.777591 0.090252 -6.328303
v -0.734826 0.105117 -6.330357
v -0.729437 0.075749 -6.279401
v -0.730835 0.087211 -6.232393
v -0.729160 0.079249 -6.183417
v -1.059700 1.688719 -6.395061
v -1.055221 1.667324 -6.347145
v -1.054334 1.665140 -6.298754
v -1.011906 1.678911 -6.300786
v -1.013143 1.680342 -6.346423
v -0.755894 0.221401 -6.334222
v -0.755290 0.223587 -6.284952
v -0.755413 0.225569 -6.237464
v -0.755357 0.227593 -6.189753
v -0.781307 0.366043 -6.339905
v -0.781209 0.367999 -6.293967
v -0.780857 0.370195 -6.243400
v -0.780756 0.372182 -6.196747
v -0.808435 0.521453 -6.324769
v -0.806175 0.510377 -6.298157
v -0.808264 0.524087 -6.250478
v -0.805334 0.510931 -6.218883
v -0.832884 0.658730 -6.351919
v -0.831491 0.653465 -6.303737
v -0.830634 0.653135 -6.254118
v -0.858694 0.805141 -6.358531
v -0.858488 0.807181 -6.311048
v -0.858835 0.809204 -6.261684
v -0.858214 0.811268 -6.215368
v -0.883502 0.946496 -6.364966
v -0.883279 0.950603 -6.268592
v -0.883146 0.952504 -6.224100
v -0.909937 1.097229 -6.368732
v -0.908828 1.092509 -6.321694
v -0.908471 1.093184 -6.274594
v -0.909645 1.102394 -6.227489
v -0.934080 1.233948 -6.376584
v -0.934902 1.239476 -6.328896
v -0.934951 1.243405 -6.280270
v -0.934021 1.240900 -6.234541
v -0.960609 1.384569 -6.383960
v -0.960769 1.386595 -6.335280
v -0.960639 1.388659 -6.286920
v -0.960430 1.390711 -6.239185
v -0.986387 1.529356 -6.389446
v -0.986146 1.531530 -6.338941
v -0.986144 1.533457 -6.293293
v -0.986017 1.535505 -6.245286
v -0.798950 0.219893 -6.189947
v -0.799003 0.217863 -6.237828
v -0.799463 0.215771 -6.285461
v -0.799358 0.213749 -6.333815
v -0.824354 0.364558 -6.195128
v -0.824462 0.362532 -6.242683
v -0.824395 0.360486 -6.291435
v -0.824964 0.358340 -6.339914
v -0.848968 0.502182 -6.218494
v -0.853674 0.525834 -6.249458
v -0.849898 0.502803 -6.297713
v -0.852843 0.515987 -6.344218
v -0.871994 0.633270 -6.207427
v -0.876568 0.656651 -6.255444
v -0.875193 0.646440 -6.302937
v -0.877361 0.655480 -6.352298
v -0.902039 0.803566 -6.214634
v -0.901670 0.801618 -6.262344
v -0.902325 0.799488 -6.310057
v -0.902439 0.797448 -6.357929
v -0.926838 0.944661 -6.227268
v -0.927064 0.942883 -6.268465
v -0.927501 0.940742 -6.317362
v -0.927364 0.938793 -6.364121
v -0.955365 1.105183 -6.227018
v -0.950277 1.077498 -6.271855
v -0.953621 1.089983 -6.320714
v -0.952230 1.079672 -6.370059
v -0.978819 1.237088 -6.231488
v -0.977399 1.229410 -6.279795
v -0.980181 1.242441 -6.326296
v -0.977035 1.220744 -6.375893
v -1.004170 1.382936 -6.240533
v -1.004347 1.380992 -6.285866
v -1.004511 1.378901 -6.334727
v -1.004757 1.376884 -6.381477
v -1.029509 1.527912 -6.243361
v -1.029894 1.525806 -6.291654
v -1.030375 1.523722 -6.339019
v -1.030737 1.521533 -6.389384
v -0.732263 0.097833 -6.138139
v -0.752461 0.076343 -6.137763
v -0.728655 0.076627 -6.161760
v -0.902660 0.795381 -6.405984
v -0.902550 0.796422 -6.381781
v -0.878555 0.799616 -6.406415
v -1.004945 1.374781 -6.430528
v -1.004864 1.375773 -6.407348
v -1.004951 1.374781 -6.430492
v -0.981028 1.378977 -6.431101
v -0.781344 0.365035 -6.363645
v -0.781391 0.363994 -6.388100
v -0.805361 0.359794 -6.387423
v -0.755217 0.228855 -6.160438
v -0.755265 0.228038 -6.179597
v -0.755118 0.228888 -6.160064
v -0.779211 0.224644 -6.159905
v -1.009420 1.533429 -6.196646
v -0.985727 1.537627 -6.196235
v -0.985877 1.536550 -6.221123
v -0.985794 1.537577 -6.197118
v -1.011437 1.680549 -6.227968
v -1.007982 1.660189 -6.251061
v -1.013416 1.689292 -6.276168
v -1.036723 1.683935 -6.251020
v -1.038807 1.688377 -6.394607
v -1.012249 1.675728 -6.369332
v -1.002583 1.621369 -6.391623
v -1.012542 1.676227 -6.417256
v -0.827169 0.635505 -6.206964
v -0.830615 0.653969 -6.231785
v -0.835695 0.683754 -6.209127
v -0.831486 0.659840 -6.183420
v -0.883483 0.947492 -6.341453
v -0.883459 0.948533 -6.316881
v -0.883371 0.949563 -6.292849
v -0.883459 0.948523 -6.317122
v -0.986750 1.526694 -6.450997
v -0.961132 1.381854 -6.446111
v -1.030504 1.518969 -6.451123
v -1.004992 1.374162 -6.444992
v -0.981069 1.378358 -6.445601
v -0.807515 0.209774 -6.393895
v -0.835898 0.354055 -6.395730
v -0.972417 1.529826 -6.436722
v -0.946799 1.384985 -6.431836
v -0.875447 0.945656 -6.418561
v -0.849624 0.804238 -6.417859
v -1.039746 1.528525 -6.186035
v -1.015555 1.383377 -6.182488
v -0.937086 0.945065 -6.174851
v -0.911455 0.804376 -6.156071
v -0.834866 0.365111 -6.138082
v -0.808873 0.219853 -6.149407
v -0.847940 0.815558 -6.156665
v -0.872757 0.956486 -6.173186
v -0.766464 0.374697 -6.196909
v -0.771061 0.376435 -6.136510
v -0.843922 0.813781 -6.215568
v -0.868854 0.955018 -6.224302
v -0.946137 1.393225 -6.239356
v -0.949169 1.395239 -6.178972
v -0.813651 0.211233 -6.333676
v -0.839257 0.355824 -6.339780
v -0.941657 0.936277 -6.363976
v -0.937819 0.934801 -6.414982
v -1.045030 1.519017 -6.389247
v -1.044756 1.517069 -6.436542
v -0.748225 0.220221 -6.394255
v -0.741601 0.223916 -6.334383
v -0.740997 0.226102 -6.285125
v -0.741120 0.228085 -6.237604
v -0.741065 0.230108 -6.189922
v -0.767015 0.368558 -6.340072
v -0.766917 0.370514 -6.294145
v -0.766564 0.372711 -6.243540
v -0.844401 0.807656 -6.358705
v -0.844195 0.809699 -6.311160
v -0.844542 0.811719 -6.261840
v -0.869209 0.949011 -6.365138
v -0.868986 0.953119 -6.268742
v -0.946317 1.387084 -6.384134
v -0.946476 1.389112 -6.335405
v -0.946347 1.391175 -6.287064
v -0.972095 1.531870 -6.389619
v -0.971853 1.534046 -6.339066
v -0.971851 1.535973 -6.293437
v -0.971725 1.538020 -6.245462
v -0.813242 0.217377 -6.189808
v -0.813296 0.215347 -6.237685
v -0.813756 0.213257 -6.285292
v -0.838647 0.362042 -6.194991
v -0.838755 0.360016 -6.242542
v -0.838687 0.357971 -6.291265
v -0.916332 0.801050 -6.214493
v -0.915963 0.799103 -6.262169
v -0.916618 0.796974 -6.309876
v -0.916732 0.794932 -6.357784
v -0.941131 0.942145 -6.227138
v -0.941357 0.940369 -6.268280
v -0.941794 0.938228 -6.317173
v -1.018463 1.380420 -6.240396
v -1.018639 1.378478 -6.285672
v -1.018803 1.376387 -6.334524
v -1.019050 1.374369 -6.381325
v -1.043802 1.525395 -6.243262
v -1.044187 1.523293 -6.291459
v -1.044668 1.521209 -6.338815
v -0.916842 0.793907 -6.381600
v -0.912618 0.793189 -6.416285
v -0.878559 0.799004 -6.420902
v -1.019156 1.373255 -6.407266
v -1.019244 1.372263 -6.430411
v -0.767051 0.367552 -6.363758
v -0.771399 0.365316 -6.398562
v -0.805463 0.359164 -6.401921
v -0.740972 0.230551 -6.179798
v -0.744391 0.231178 -6.150646
v -0.778965 0.225293 -6.145535
v -1.010035 1.533931 -6.182154
v -0.975953 1.539794 -6.185727
v -0.971584 1.539063 -6.221314
v -0.869166 0.951041 -6.317234
v -0.869191 0.950008 -6.341598
v -0.869079 0.952082 -6.292928
v -1.027380 1.437196 -6.220562
v -1.025722 1.433202 -6.205499
v -1.023001 1.417782 -6.204848
v -1.022978 1.412246 -6.219509
v -1.025685 1.424244 -6.229221
v -1.033054 1.423526 -6.215409
v -1.019977 1.429871 -6.230673
v -1.018377 1.420807 -6.230291
v -1.020987 1.440738 -6.216966
v -1.020973 1.437484 -6.225584
v -1.018421 1.431338 -6.202404
v -1.020012 1.438390 -6.208112
v -1.015825 1.414662 -6.207111
v -1.016822 1.422275 -6.202022
v -1.016787 1.413755 -6.224582
v -1.015811 1.411408 -6.215728
v -1.027960 1.431535 -6.226391
v -1.027982 1.436801 -6.212448
v -1.025408 1.425390 -6.203212
v -1.023796 1.413073 -6.211447
v -1.025373 1.416871 -6.225772
v -1.032292 1.431114 -6.218273
v -1.031296 1.423501 -6.223362
v -1.031318 1.428766 -6.209419
v -1.029718 1.419703 -6.209037
v -1.029705 1.416449 -6.217654
v -1.042671 1.488619 -6.410327
v -1.043849 1.484121 -6.395362
v -1.041129 1.468701 -6.394711
v -1.038269 1.463670 -6.409275
v -1.039222 1.475980 -6.418926
v -1.049065 1.474755 -6.406793
v -1.033405 1.481680 -6.419086
v -1.031806 1.472617 -6.418703
v -1.037114 1.492067 -6.405471
v -1.035432 1.489110 -6.414032
v -1.037246 1.482188 -6.391002
v -1.037807 1.489423 -6.396675
v -1.033619 1.465695 -6.395673
v -1.035647 1.473124 -6.390619
v -1.031246 1.465381 -6.413030
v -1.031938 1.462737 -6.404233
v -1.042074 1.483159 -6.416343
v -1.044794 1.487945 -6.402492
v -1.043887 1.476237 -6.393313
v -1.040607 1.464216 -6.401491
v -1.039486 1.468494 -6.415724
v -1.047859 1.482439 -6.409211
v -1.045832 1.475010 -6.414266
v -1.048552 1.479795 -6.400415
v -1.046953 1.470732 -6.400032
v -1.045271 1.467774 -6.408592
v -0.933394 0.903922 -6.207854
v -0.933224 0.908384 -6.192832
v -0.930884 0.895638 -6.184021
v -0.929607 0.883298 -6.193596
v -0.931159 0.888418 -6.208326
v -0.939795 0.894745 -6.196881
v -0.925229 0.892649 -6.211972
v -0.923853 0.885157 -6.206793
v -0.927293 0.909015 -6.206067
v -0.926543 0.901762 -6.211695
v -0.926281 0.908629 -6.188579
v -0.927194 0.911638 -6.197237
v -0.923592 0.892024 -6.183677
v -0.924906 0.901137 -6.183399
v -0.922942 0.882148 -6.198134
v -0.922842 0.884770 -6.189305
v -0.933542 0.896043 -6.209917
v -0.934756 0.907779 -6.200810
v -0.933280 0.902910 -6.186801
v -0.931155 0.888165 -6.187250
v -0.931316 0.883921 -6.201536
v -0.938618 0.899762 -6.203190
v -0.937304 0.890649 -6.203467
v -0.938518 0.902385 -6.194360
v -0.937143 0.894893 -6.189181
v -0.936392 0.887640 -6.194809
v -0.929935 0.848832 -6.397175
v -0.932590 0.852723 -6.382229
v -0.930250 0.839977 -6.373417
v -0.926148 0.828208 -6.382917
v -0.925954 0.833681 -6.397601
v -0.936905 0.838625 -6.387540
v -0.920035 0.838649 -6.400177
v -0.918659 0.831157 -6.394997
v -0.924786 0.854473 -6.394342
v -0.922375 0.847555 -6.399927
v -0.926461 0.853543 -6.376926
v -0.926347 0.856760 -6.385557
v -0.922745 0.837146 -6.371997
v -0.925086 0.846052 -6.371747
v -0.918774 0.827940 -6.386366
v -0.920334 0.830228 -6.377581
v -0.928890 0.841064 -6.399394
v -0.932791 0.852257 -6.390358
v -0.932976 0.847053 -6.376394
v -0.929189 0.832643 -6.376798
v -0.926664 0.828942 -6.391013
v -0.935327 0.843970 -6.393481
v -0.932987 0.835065 -6.393731
v -0.936888 0.846258 -6.384696
v -0.935512 0.838766 -6.379516
v -0.933101 0.831848 -6.385100
v -0.827084 0.301489 -6.181246
v -0.826476 0.303493 -6.165715
v -0.823941 0.289503 -6.159123
v -0.822982 0.278853 -6.170580
v -0.824925 0.286261 -6.184253
v -0.833211 0.290673 -6.171704
v -0.819083 0.291023 -6.187342
v -0.817593 0.282800 -6.183467
v -0.820915 0.306234 -6.178841
v -0.820352 0.299974 -6.185575
v -0.819416 0.303057 -6.161675
v -0.820557 0.307412 -6.169712
v -0.816657 0.285883 -6.159568
v -0.817925 0.294834 -6.157800
v -0.816451 0.278446 -6.175431
v -0.816093 0.279624 -6.166302
v -0.827321 0.294041 -6.184536
v -0.828232 0.304170 -6.173640
v -0.826385 0.297124 -6.160637
v -0.824332 0.282642 -6.163496
v -0.824910 0.280736 -6.178267
v -0.832192 0.296634 -6.177161
v -0.830923 0.287683 -6.178928
v -0.831834 0.297812 -6.168032
v -0.830344 0.289589 -6.164157
v -0.829781 0.283329 -6.170891
v -0.829147 0.277376 -6.376959
v -0.831367 0.278826 -6.361514
v -0.828832 0.264837 -6.354922
v -0.825046 0.254740 -6.366293
v -0.825240 0.262489 -6.379913
v -0.835886 0.265756 -6.368886
v -0.819376 0.267809 -6.381828
v -0.817885 0.259586 -6.377954
v -0.823898 0.282494 -6.373408
v -0.821672 0.276559 -6.380092
v -0.825089 0.278791 -6.356324
v -0.825202 0.283346 -6.364329
v -0.821302 0.261818 -6.354186
v -0.823598 0.270568 -6.352449
v -0.817771 0.255031 -6.369948
v -0.819076 0.255883 -6.360869
v -0.828195 0.270063 -6.380420
v -0.831797 0.279666 -6.369605
v -0.831612 0.272296 -6.356652
v -0.827896 0.258138 -6.359461
v -0.825784 0.256758 -6.374150
v -0.834452 0.271983 -6.373938
v -0.832156 0.263233 -6.375674
v -0.835757 0.272836 -6.364860
v -0.834268 0.264613 -6.360985
v -0.832042 0.258678 -6.367669
v -0.874377 0.635576 -6.395628
v -0.877385 0.653592 -6.382174
v -0.880473 0.669865 -6.400561
v -0.859781 0.653854 -6.399770
v -0.979020 1.240968 -6.213817
v -0.976171 1.227482 -6.194419
v -0.961829 1.247921 -6.196742
v -0.982305 1.262146 -6.195905
v -0.849993 0.510520 -6.188889
v -0.847548 0.498121 -6.169113
v -0.832916 0.515794 -6.171877
v -0.853650 0.532643 -6.170341
v -1.039603 1.683891 -6.250883
v -1.056265 1.677360 -6.266540
v -1.054156 1.666235 -6.249297
v -1.055718 1.675769 -6.234284
vn -0.0000 1.0000 -0.0000
vn -0.0000 -1.0000 -0.0000
vn -0.7065 -0.0612 -0.7050
vn 0.5773 -0.5774 -0.5774
vn 0.7065 -0.0612 -0.7050
vn -0.7028 0.1107 -0.7028
vn -0.4589 0.7608 -0.4589
vn 0.4589 0.7608 -0.4589
vn -0.7426 -0.0643 0.6667
vn -0.9963 -0.0862 -0.0000
vn 0.9963 -0.0862 -0.0000
vn 0.5006 -0.5006 0.7063
vn -0.9878 0.1556 -0.0000
vn 0.9878 0.1556 -0.0000
vn -0.3653 0.6055 0.7071
vn 0.3653 0.6055 0.7071
vn -0.0000 -0.7071 -0.7071
vn -0.0000 -0.7071 0.7071
vn 0.6836 -0.0287 0.7293
vn -0.6081 0.4869 0.6270
vn -0.6836 -0.0287 0.7293
vn 0.4539 -0.7687 0.4507
vn -0.4539 -0.7687 0.4507
vn 0.7071 0.7071 -0.0000
vn 0.9965 0.0838 -0.0000
vn -0.9965 0.0838 -0.0000
vn 0.6988 -0.1082 0.7071
vn -0.6988 -0.1082 0.7071
vn -0.9873 -0.1528 -0.0431
vn -0.3684 -0.6036 0.7071
vn -0.0000 0.5227 0.8525
vn -0.0000 -0.6950 0.7190
vn -0.0000 -0.0000 -1.0000
vn -1.0000 -0.0000 -0.0000
vn 1.0000 -0.0000 -0.0000
vn 0.9851 -0.1718 -0.0000
vn -0.8846 0.4663 -0.0000
vn 0.8846 0.4663 -0.0000
vn -0.0000 -0.0000 1.0000
vn -0.0446 -0.3541 0.9342
vn 0.9828 0.1719 -0.0669
vn 0.0449 -0.3562 0.9333
vn -0.9829 0.1715 -0.0669
vn 0.8827 -0.4608 -0.0919
vn -0.8831 -0.4601 -0.0920
vn 0.9860 0.1670 -0.0000
vn -0.9860 0.1670 -0.0000
vn 0.8893 -0.4573 -0.0000
vn -0.8893 -0.4573 -0.0000
vn -0.0390 0.0107 0.9992
vn -0.0380 0.0149 0.9992
vn -0.0380 0.0188 0.9991
vn -0.0392 0.0230 0.9990
vn 0.0168 0.0198 0.9997
vn 0.0054 0.0229 0.9997
vn -0.0054 0.0229 0.9997
vn -0.0168 0.0198 0.9997
vn 0.0392 0.0230 0.9990
vn 0.0380 0.0188 0.9991
vn 0.0380 0.0149 0.9992
vn 0.0390 0.0107 0.9992
vn -0.0167 0.0141 0.9998
vn -0.0053 0.0112 0.9999
vn 0.0053 0.0112 0.9999
vn 0.0167 0.0141 0.9998
vn 0.5383 -0.8427 0.0045
vn 0.2230 -0.9748 0.0052
vn -0.5383 -0.8427 0.0045
vn -0.2230 -0.9748 0.0052
vn -0.8421 0.5394 -0.0029
vn -0.9737 0.2279 -0.0012
vn -0.8499 -0.5269 0.0028
vn -0.9769 -0.2137 0.0012
vn -0.5290 0.8486 -0.0046
vn -0.2191 0.9757 -0.0053
vn 0.5290 0.8486 -0.0046
vn 0.2191 0.9757 -0.0053
vn 0.8499 -0.5269 0.0028
vn 0.9769 -0.2137 0.0012
vn 0.8421 0.5394 -0.0029
vn 0.9737 0.2279 -0.0012
vn -0.0000 0.0169 0.9999
vn -0.0000 -1.0000 0.0054
vn -0.7127 -0.7015 0.0038
vn 0.7127 -0.7015 0.0038
vn -0.8347 -0.5507 0.0026
vn 1.0000 0.0073 -0.0000
vn 0.7021 0.7120 -0.0038
vn -0.9737 -0.2279 0.0011
vn -0.0000 1.0000 -0.0054
vn -0.7021 0.7120 -0.0038
vn -1.0000 0.0073 -0.0000
vn -1.0000 -0.0059 -0.0000
vn -0.5638 -0.8259 0.0039
vn -0.8421 -0.5394 0.0026
vn -0.0000 0.0148 0.9999
vn 0.5638 -0.8259 0.0039
vn 0.5482 0.8364 -0.0040
vn 0.0393 0.0168 0.9991
vn -0.5383 0.8427 -0.0040
vn -0.8285 0.5599 -0.0027
vn -0.0000 1.0000 -0.0047
vn -0.0000 0.0193 0.9998
vn 0.5383 0.8427 -0.0040
vn 0.8285 0.5599 -0.0027
vn 0.8421 -0.5394 0.0026
vn -0.0393 0.0168 0.9991
vn 0.2230 0.9748 -0.0046
vn 0.9737 -0.2279 0.0011
vn 0.5290 -0.8486 0.0040
vn -0.9769 0.2137 -0.0010
vn 0.8347 -0.5507 0.0026
vn 0.2191 -0.9757 0.0046
vn -0.8499 0.5269 -0.0025
vn -0.0000 -1.0000 0.0047
vn 0.8499 0.5269 -0.0025
vn -0.2191 -0.9757 0.0046
vn -0.5482 0.8364 -0.0040
vn 0.9769 0.2137 -0.0010
vn -0.5290 -0.8486 0.0040
vn 1.0000 -0.0059 -0.0000
vn -0.2230 0.9748 -0.0046
vn -0.0442 0.0087 0.9990
vn -0.0434 0.0148 0.9989
vn -0.0435 0.0188 0.9989
vn -0.0445 0.0249 0.9987
vn 0.0445 0.0249 0.9987
vn 0.0435 0.0188 0.9989
vn 0.0434 0.0148 0.9989
vn 0.0442 0.0087 0.9990
vn -0.0238 0.0294 0.9993
vn -0.0060 0.0271 0.9996
vn 0.0060 0.0271 0.9996
vn 0.0238 0.0294 0.9993
vn 0.8476 0.5306 -0.0025
vn 0.4295 0.9031 -0.0043
vn -0.4295 0.9031 -0.0043
vn -0.8476 0.5306 -0.0025
vn -0.5369 -0.8437 0.0040
vn -0.9064 -0.4225 0.0020
vn -0.8968 0.4424 -0.0021
vn -0.5177 0.8555 -0.0041
vn 0.8525 -0.5228 0.0025
vn 0.4367 -0.8996 0.0043
vn -0.4367 -0.8996 0.0043
vn -0.8525 -0.5228 0.0025
vn 0.5369 -0.8437 0.0040
vn 0.9064 -0.4225 0.0020
vn 0.8968 0.4424 -0.0021
vn 0.5177 0.8555 -0.0041
vn -0.0465 0.0338 0.9983
vn 0.3935 -0.9193 0.0044
vn 0.3726 0.9280 -0.0044
vn -0.9225 0.3859 -0.0018
vn 0.9225 0.3859 -0.0018
vn 0.0398 0.0278 0.9988
vn -0.3935 -0.9193 0.0044
vn -0.3726 0.9280 -0.0044
vn -0.9253 -0.3791 0.0018
vn 0.9253 -0.3791 0.0018
vn -0.9851 -0.1718 -0.0000
vn 0.0465 0.0338 0.9983
vn -0.0461 -0.0000 0.9989
vn 0.0461 -0.0000 0.9989
vn -0.0398 0.0278 0.9988
vn 0.0040 -0.0184 -0.9998
vn 0.0001 -0.0004 1.0000
vn 0.0535 -0.0031 0.9986
vn -0.0000 -0.3993 0.9168
vn -0.0536 -0.0031 0.9986
vn 0.0236 0.0045 0.9997
vn 0.0060 0.0068 1.0000
vn -0.0060 0.0068 1.0000
vn -0.0236 0.0045 0.9997
vn -0.0005 0.0102 0.9999
vn 0.9851 0.1721 0.0042
vn 0.9847 0.1741 0.0016
vn 0.9847 0.1742 0.0001
vn 0.9847 0.1743 0.0075
vn 0.9847 0.1739 0.0071
vn 0.9847 0.1740 0.0066
vn -0.9851 -0.1718 -0.0050
vn -0.9847 -0.1740 -0.0008
vn -0.9851 -0.1721 -0.0030
vn 0.0251 0.0093 -0.9996
vn -0.0305 0.0731 -0.9969
vn 0.0126 0.0019 0.9999
vn -0.0111 0.0707 0.9974
vn 0.0014 -0.0710 0.9975
vn -0.9850 -0.1723 -0.0024
vn -0.9851 -0.1722 0.0006
vn -0.9847 -0.1743 0.0062
vn -0.9848 -0.1738 -0.0016
vn -0.9846 -0.1750 0.0004
vn -0.9848 -0.1738 -0.0061
vn -0.9850 -0.1720 0.0131
vn -0.9848 -0.1739 -0.0010
vn -0.9847 -0.1743 0.0045
vn -0.9844 -0.1758 -0.0093
vn -0.9846 -0.1746 0.0074
vn -0.9849 -0.1732 0.0003
vn -0.9846 -0.1748 -0.0040
vn -0.9845 -0.1751 0.0061
vn -0.9847 -0.1742 -0.0016
vn -0.9847 -0.1745 0.0039
vn -0.9848 -0.1740 -0.0019
vn -0.9849 -0.1727 0.0084
vn -0.9851 -0.1721 -0.0052
vn -0.9852 -0.1712 0.0045
vn -0.9851 -0.1720 -0.0013
vn -0.9848 -0.1736 -0.0007
vn -0.9850 -0.1725 0.0022
vn -0.9850 -0.1728 -0.0016
vn -0.9849 -0.1733 -0.0006
vn 0.9845 0.1755 -0.0032
vn 0.9848 0.1735 0.0003
vn 0.9848 0.1738 0.0006
vn 0.9847 0.1741 -0.0073
vn 0.9851 0.1720 -0.0012
vn 0.9848 0.1740 -0.0010
vn 0.9849 0.1733 0.0006
vn 0.9849 0.1731 -0.0064
vn 0.9848 0.1735 0.0040
vn 0.9849 0.1733 -0.0010
vn 0.9851 0.1720 -0.0029
vn 0.9847 0.1742 -0.0002
vn 0.9846 0.1747 0.0004
vn 0.9849 0.1734 -0.0007
vn 0.9848 0.1735 -0.0000
vn 0.9849 0.1733 0.0025
vn 0.9849 0.1733 -0.0002
vn 0.9847 0.1743 -0.0005
vn 0.9849 0.1730 -0.0040
vn 0.9848 0.1738 -0.0021
vn 0.9850 0.1724 0.0006
vn 0.9853 0.1711 0.0033
vn -0.9845 -0.1756 0.0055
vn -0.9842 -0.1768 -0.0046
vn -0.9844 -0.1760 -0.0031
vn 0.0414 -0.9957 -0.0831
vn -0.2754 0.9032 -0.3291
vn -0.0595 0.8544 0.5162
vn -0.1392 0.9668 -0.2141
vn -0.1462 0.9665 0.2107
vn 0.3618 0.7431 -0.5629
vn 0.1739 -0.9848 -0.0006
vn -0.1733 0.9849 -0.0003
vn -0.1737 0.9848 -0.0000
vn 0.8544 -0.4982 -0.1478
vn 0.9891 -0.1457 -0.0230
vn 0.9848 0.1734 -0.0075
vn 0.1332 -0.9911 -0.0000
vn 0.9846 0.1748 -0.0042
vn -0.2731 0.9619 -0.0131
vn -0.0026 -0.1119 -0.9937
vn -0.9850 -0.1728 -0.0014
vn -0.0140 0.0416 0.9990
vn 0.0351 -0.2133 0.9764
vn 0.9849 0.1734 -0.0000
vn 0.9850 0.1727 -0.0021
vn -0.0030 -0.0182 -0.9998
vn 0.9848 0.1735 0.0004
vn 0.9847 0.1742 0.0024
vn 0.2692 -0.9129 -0.3068
vn 0.2919 -0.9376 0.1887
vn 0.9852 0.1711 -0.0054
vn 0.9850 0.1726 -0.0067
vn 0.9852 0.1715 0.0036
vn 0.9845 0.1753 -0.0052
vn 0.9846 0.1747 0.0017
vn 0.9847 0.1742 -0.0038
vn 0.9848 0.1736 -0.0004
vn 0.1736 -0.9848 -0.0000
vn -0.1736 0.9848 -0.0000
vn 0.1737 -0.9848 -0.0000
vn 0.0004 -0.0041 1.0000
vn 0.9807 0.1685 0.0991
vn 0.9850 0.1726 0.0051
vn -0.9827 -0.1666 -0.0811
vn -0.9812 -0.1767 -0.0779
vn -0.9824 -0.1775 -0.0577
vn -0.0047 -0.0832 -0.9965
vn -0.9852 -0.1711 -0.0028
vn -0.9850 -0.1725 -0.0032
vn -0.9847 -0.1743 -0.0025
vn -0.9849 -0.1729 0.0038
vn -0.9852 -0.1713 -0.0079
vn -0.9850 -0.1725 0.0052
vn -0.9827 -0.1641 0.0862
vn -0.9845 -0.1753 -0.0013
vn -0.9844 -0.1758 -0.0006
vn -0.9847 -0.1742 0.0018
vn 0.9848 0.1737 -0.0000
vn 0.9847 0.1744 -0.0021
vn 0.9848 0.1734 -0.0027
vn 0.9824 0.1703 -0.0765
vn 0.9845 0.1755 0.0049
vn 0.9847 0.1743 -0.0019
vn 0.9850 0.1725 -0.0012
vn 0.9850 0.1727 0.0039
vn -0.0193 -0.0608 0.9980
vn -0.9805 -0.1807 0.0771
vn -0.9850 -0.1723 0.0044
vn 0.9783 0.1863 0.0903
vn -0.0137 -0.0058 0.9999
vn -0.0327 0.1083 -0.9936
vn 0.9815 0.1722 -0.0840
vn -0.0425 0.0118 -0.9990
vn 0.9824 0.1751 -0.0648
vn 0.9847 0.1740 -0.0009
vn 0.9845 0.1753 -0.0053
vn 0.6961 0.1164 0.7085
vn -0.6942 -0.1225 0.7092
vn -0.3063 -0.9178 0.2527
vn -0.4656 -0.5898 0.6598
vn -0.7581 -0.6414 0.1179
vn -0.3114 -0.5887 -0.7459
vn -0.3630 -0.8855 -0.2899
vn -0.7611 -0.4480 -0.4691
vn -0.4940 0.4467 -0.7459
vn -0.4734 -0.0835 -0.8769
vn -0.8684 0.1607 -0.4691
vn -0.6017 0.7577 0.2527
vn -0.6440 0.7079 -0.2899
vn -0.9318 0.3434 0.1179
vn -0.4858 -0.0857 0.8699
vn -0.6392 0.3950 0.6598
vn -0.8636 -0.1523 0.4807
vn -0.9835 -0.1734 -0.0521
vn -0.3203 0.2644 0.9097
vn -0.3835 0.7241 0.5732
vn -0.3866 0.9219 -0.0270
vn -0.3278 0.7524 -0.5714
vn -0.2200 0.2522 -0.9423
vn -0.1204 -0.3122 -0.9423
vn -0.0507 -0.8191 -0.5714
vn -0.0480 -0.9985 -0.0270
vn -0.1128 -0.8116 0.5732
vn -0.2106 -0.3580 0.9097
vn -0.2499 -0.9078 0.3367
vn -0.3301 -0.5659 0.7555
vn -0.7199 -0.6347 0.2809
vn -0.4453 -0.6124 -0.6533
vn -0.4086 -0.8935 -0.1860
vn -0.8348 -0.4610 -0.3010
vn -0.6279 0.4231 -0.6533
vn -0.6308 -0.1112 -0.7680
vn -0.9421 0.1477 -0.3010
vn -0.5453 0.7676 0.3367
vn -0.6896 0.6999 -0.1861
vn -0.8936 0.3501 0.2809
vn -0.3117 -0.0550 0.9486
vn -0.5038 0.4189 0.7555
vn -0.7563 -0.1334 0.6405
vn -0.9750 -0.1719 0.1411
vn -0.1429 0.2957 0.9445
vn -0.2702 0.7441 0.6110
vn -0.3876 0.9217 0.0160
vn -0.4327 0.7339 -0.5237
vn -0.3955 0.2213 -0.8914
vn -0.2959 -0.3432 -0.8914
vn -0.1555 -0.8376 -0.5237
vn -0.0490 -0.9987 0.0160
vn 0.0006 -0.7916 0.6110
vn -0.0331 -0.3267 0.9445
vn -0.3517 -0.6605 0.6634
vn -0.5391 -0.1729 0.8243
vn -0.7820 -0.5061 0.3639
vn -0.2568 -0.8984 -0.3564
vn -0.3577 -0.9163 0.1805
vn -0.7262 -0.6459 -0.2355
vn -0.4119 -0.0187 -0.9110
vn -0.3930 -0.5390 -0.7450
vn -0.8174 -0.1288 -0.5615
vn -0.6027 0.7629 -0.2341
vn -0.5963 0.4374 -0.6731
vn -0.9295 0.3306 -0.1636
vn -0.5654 0.3662 0.7390
vn -0.6866 0.6637 0.2968
vn -0.9076 0.0974 0.4083
vn -0.9787 -0.2005 -0.0443
vn -0.3954 0.6901 0.6061
vn -0.4157 0.9064 0.0757
vn -0.3586 0.7634 -0.5372
vn -0.2547 0.3373 -0.9063
vn -0.1262 -0.2798 -0.9517
vn -0.0416 -0.7593 -0.6494
vn -0.0193 -0.9977 -0.0645
vn -0.0710 -0.8680 0.4914
vn -0.1856 -0.3983 0.8983
vn -0.3022 0.1614 0.9395
vn -0.3030 -0.6069 0.7348
vn -0.4124 -0.0994 0.9056
vn -0.7587 -0.4147 0.5024
vn -0.3992 -0.8738 -0.2777
vn -0.4127 -0.8703 0.2687
vn -0.8153 -0.5716 -0.0927
vn -0.5543 0.0059 -0.8323
vn -0.5604 -0.5102 -0.6524
vn -0.9065 -0.0545 -0.4187
vn -0.5540 0.8165 -0.1627
vn -0.6514 0.4834 -0.5848
vn -0.9063 0.4220 -0.0251
vn -0.3986 0.4378 0.8059
vn -0.5599 0.7373 0.3781
vn -0.8150 0.1994 0.5441
vn -0.9879 -0.0986 0.1199
vn -0.2211 0.7395 0.6358
vn -0.3058 0.9460 0.1078
vn -0.3636 0.7855 -0.5007
vn -0.3638 0.3436 -0.8658
vn -0.3063 -0.2843 -0.9085
vn -0.2218 -0.7638 -0.6061
vn -0.1284 -0.9914 -0.0240
vn -0.0760 -0.8459 0.5279
vn -0.0758 -0.3587 0.9304
vn -0.1279 0.2108 0.9691
vn -0.3343 -0.7588 0.5589
vn -0.5160 -0.3037 0.8009
vn -0.7725 -0.5595 0.3002
vn -0.2687 -0.8304 -0.4880
vn -0.3545 -0.9341 0.0417
vn -0.7340 -0.6016 -0.3152
vn -0.4374 0.1263 -0.8903
vn -0.4151 -0.4139 -0.8102
vn -0.8331 -0.0393 -0.5517
vn -0.6073 0.7891 -0.0920
vn -0.6141 0.5381 -0.5774
vn -0.9330 0.3504 -0.0824
vn -0.5436 0.2421 0.8037
vn -0.6764 0.6062 0.4183
vn -0.8955 0.0288 0.4441
vn -0.9800 -0.1931 -0.0482
vn -0.3766 0.5835 0.7195
vn -0.4113 0.8817 0.2313
vn -0.3719 0.8386 -0.3980
vn -0.2793 0.4773 -0.8332
vn -0.1536 -0.1243 -0.9803
vn -0.0616 -0.6459 -0.7610
vn -0.0233 -0.9746 -0.2226
vn -0.0591 -0.9356 0.3481
vn -0.1612 -0.5372 0.8279
vn -0.2752 0.0085 0.9614
vn -0.2835 -0.7172 0.6366
vn -0.3869 -0.2438 0.8893
vn -0.7452 -0.4914 0.4508
vn -0.4088 -0.8191 -0.4024
vn -0.4069 -0.9030 0.1377
vn -0.8189 -0.5512 -0.1599
vn -0.5775 0.1376 -0.8047
vn -0.5797 -0.4006 -0.7095
vn -0.9180 0.0111 -0.3964
vn -0.5565 0.8308 -0.0144
vn -0.6665 0.5692 -0.4814
vn -0.9057 0.4185 0.0682
vn -0.3747 0.3025 0.8764
vn -0.5474 0.6661 0.5067
vn -0.7989 0.1080 0.5918
vn -0.9843 -0.1187 0.1304
vn -0.2014 0.6279 0.7518
vn -0.3005 0.9159 0.2662
vn -0.3758 0.8546 -0.3583
vn -0.3873 0.4768 -0.7891
vn -0.3325 -0.1361 -0.9332
vn -0.2405 -0.6576 -0.7139
vn -0.1313 -0.9751 -0.1786
vn -0.0630 -0.9196 0.3878
vn -0.0503 -0.5030 0.8628
vn -0.1001 0.0529 0.9936
vn -0.7096 -0.0540 0.7025
vn -0.6858 -0.1211 -0.7176
vn -0.6917 -0.1170 -0.7127
vn -0.5055 -0.8600 -0.0690
vn -0.9848 -0.1739 0.0008
vn -0.9849 -0.1734 -0.0010
vn -0.0403 0.1932 0.9803
vn 0.0010 0.0035 1.0000
vn -0.0568 0.0824 -0.9950
vn -0.9847 -0.1738 -0.0090
vn -0.9847 -0.1740 -0.0046
vn 0.0250 -0.0726 -0.9970
vn -0.0015 0.1174 -0.9931
vn -0.9848 -0.1738 -0.0003
vn -0.9851 -0.1721 -0.0021
vn 0.0146 -0.1207 -0.9926
vn 0.1090 -0.9246 -0.3650
vn -0.9849 -0.1733 -0.0003
vn -0.9848 -0.1736 0.0071
vn 0.0281 -0.9661 0.2566
vn 0.0005 0.0102 0.9999
vn -0.9851 0.1721 0.0042
vn -0.9847 0.1741 0.0016
vn -0.9847 0.1742 0.0001
vn -0.9847 0.1743 0.0075
vn -0.9847 0.1739 0.0071
vn -0.9847 0.1740 0.0066
vn 0.9851 -0.1718 -0.0050
vn 0.9847 -0.1740 -0.0008
vn 0.9851 -0.1721 -0.0030
vn -0.0251 0.0093 -0.9996
vn 0.0305 0.0731 -0.9969
vn -0.0126 0.0019 0.9999
vn 0.0111 0.0707 0.9974
vn -0.0014 -0.0710 0.9975
vn 0.9850 -0.1723 -0.0024
vn 0.9851 -0.1722 0.0006
vn 0.9847 -0.1743 0.0062
vn 0.9848 -0.1738 -0.0016
vn 0.9846 -0.1750 0.0004
vn 0.9848 -0.1738 -0.0061
vn 0.9850 -0.1720 0.0131
vn 0.9848 -0.1739 -0.0010
vn 0.9847 -0.1743 0.0045
vn 0.9844 -0.1758 -0.0093
vn 0.9846 -0.1746 0.0074
vn 0.9849 -0.1732 0.0003
vn 0.9846 -0.1748 -0.0040
vn 0.9845 -0.1751 0.0061
vn 0.9847 -0.1742 -0.0016
vn 0.9847 -0.1745 0.0039
vn 0.9848 -0.1740 -0.0019
vn 0.9849 -0.1727 0.0084
vn 0.9851 -0.1721 -0.0052
vn 0.9852 -0.1712 0.0045
vn 0.9851 -0.1720 -0.0013
vn 0.9848 -0.1736 -0.0007
vn 0.9850 -0.1725 0.0022
vn 0.9850 -0.1728 -0.0016
vn 0.9849 -0.1733 -0.0006
vn -0.9845 0.1755 -0.0032
vn -0.9848 0.1735 0.0003
vn -0.9848 0.1738 0.0006
vn -0.9847 0.1741 -0.0073
vn -0.9851 0.1720 -0.0012
vn -0.9848 0.1740 -0.0010
vn -0.9849 0.1733 0.0006
vn -0.9849 0.1731 -0.0064
vn -0.9848 0.1735 0.0040
vn -0.9849 0.1733 -0.0010
vn -0.9851 0.1720 -0.0029
vn -0.9847 0.1742 -0.0002
vn -0.9846 0.1747 0.0004
vn -0.9849 0.1734 -0.0007
vn -0.9848 0.1735 -0.0000
vn -0.9849 0.1733 0.0025
vn -0.9849 0.1733 -0.0002
vn -0.9847 0.1743 -0.0005
vn -0.9849 0.1730 -0.0040
vn -0.9848 0.1738 -0.0021
vn -0.9850 0.1724 0.0006
vn -0.9853 0.1711 0.0033
vn 0.9845 -0.1756 0.0055
vn 0.9842 -0.1768 -0.0046
vn 0.9844 -0.1760 -0.0031
vn -0.0414 -0.9957 -0.0831
vn 0.2754 0.9033 -0.3291
vn 0.0595 0.8544 0.5162
vn 0.1392 0.9668 -0.2141
vn 0.1462 0.9665 0.2107
vn -0.3618 0.7431 -0.5629
vn -0.1725 -0.9850 0.0031
vn 0.1739 0.9848 0.0001
vn 0.1736 0.9848 -0.0000
vn -0.8544 -0.4982 -0.1478
vn -0.9891 -0.1457 -0.0230
vn -0.9848 0.1734 -0.0075
vn -0.1334 -0.9911 -0.0000
vn -0.9846 0.1748 -0.0042
vn 0.2731 0.9619 -0.0131
vn 0.0026 -0.1119 -0.9937
vn 0.9850 -0.1728 -0.0014
vn 0.1737 0.9848 -0.0000
vn 0.0140 0.0416 0.9990
vn -0.0351 -0.2133 0.9764
vn -0.9849 0.1734 -0.0000
vn -0.9850 0.1727 -0.0021
vn 0.0030 -0.0182 -0.9998
vn -0.9848 0.1735 0.0004
vn -0.9847 0.1742 0.0024
vn -0.2692 -0.9129 -0.3068
vn -0.2919 -0.9376 0.1887
vn -0.9852 0.1711 -0.0054
vn -0.9850 0.1726 -0.0067
vn -0.9852 0.1715 0.0036
vn -0.9845 0.1753 -0.0052
vn -0.9846 0.1747 0.0016
vn -0.9847 0.1742 -0.0038
vn -0.9848 0.1736 -0.0004
vn -0.1736 -0.9848 -0.0000
vn -0.1737 -0.9848 -0.0000
vn -0.0004 -0.0041 1.0000
vn -0.9807 0.1685 0.0991
vn -0.9850 0.1726 0.0051
vn 0.9827 -0.1666 -0.0811
vn 0.9812 -0.1767 -0.0779
vn 0.9824 -0.1775 -0.0577
vn 0.0047 -0.0832 -0.9965
vn 0.9852 -0.1711 -0.0028
vn 0.9850 -0.1725 -0.0032
vn 0.9847 -0.1743 -0.0025
vn 0.9849 -0.1729 0.0038
vn 0.9852 -0.1713 -0.0079
vn 0.9850 -0.1725 0.0052
vn 0.9827 -0.1641 0.0862
vn 0.9845 -0.1753 -0.0013
vn 0.9844 -0.1758 -0.0006
vn 0.9847 -0.1742 0.0018
vn -0.9848 0.1737 -0.0000
vn -0.9847 0.1744 -0.0021
vn -0.9848 0.1734 -0.0027
vn -0.9824 0.1703 -0.0765
vn -0.9845 0.1755 0.0049
vn -0.9847 0.1743 -0.0019
vn -0.9850 0.1725 -0.0012
vn -0.9850 0.1727 0.0039
vn 0.0193 -0.0608 0.9980
vn 0.9805 -0.1807 0.0771
vn 0.9850 -0.1723 0.0044
vn -0.9783 0.1863 0.0903
vn 0.0137 -0.0058 0.9999
vn 0.0327 0.1083 -0.9936
vn -0.9815 0.1722 -0.0840
vn 0.0425 0.0118 -0.9990
vn -0.9824 0.1751 -0.0648
vn -0.9847 0.1740 -0.0009
vn -0.9845 0.1753 -0.0053
vn -0.6961 0.1164 0.7085
vn 0.6942 -0.1225 0.7092
vn 0.3063 -0.9178 0.2527
vn 0.7581 -0.6414 0.1179
vn 0.4656 -0.5898 0.6598
vn 0.3114 -0.5887 -0.7459
vn 0.7611 -0.4480 -0.4691
vn 0.3631 -0.8855 -0.2899
vn 0.4940 0.4467 -0.7459
vn 0.8684 0.1607 -0.4691
vn 0.4734 -0.0835 -0.8769
vn 0.6017 0.7577 0.2527
vn 0.9318 0.3434 0.1179
vn 0.6440 0.7079 -0.2899
vn 0.4858 -0.0857 0.8699
vn 0.8636 -0.1523 0.4807
vn 0.6392 0.3950 0.6598
vn 0.9835 -0.1734 -0.0521
vn 0.3203 0.2644 0.9097
vn 0.3835 0.7241 0.5732
vn 0.3866 0.9219 -0.0270
vn 0.3278 0.7524 -0.5714
vn 0.2200 0.2522 -0.9423
vn 0.1204 -0.3123 -0.9423
vn 0.0507 -0.8191 -0.5714
vn 0.0480 -0.9985 -0.0270
vn 0.1128 -0.8116 0.5732
vn 0.2106 -0.3580 0.9097
vn 0.2499 -0.9078 0.3367
vn 0.7199 -0.6347 0.2809
vn 0.3301 -0.5659 0.7555
vn 0.4453 -0.6123 -0.6533
vn 0.8348 -0.4610 -0.3010
vn 0.4086 -0.8935 -0.1860
vn 0.6279 0.4231 -0.6533
vn 0.9421 0.1477 -0.3010
vn 0.6308 -0.1112 -0.7680
vn 0.5453 0.7676 0.3367
vn 0.8936 0.3501 0.2809
vn 0.6896 0.6999 -0.1860
vn 0.3117 -0.0550 0.9486
vn 0.7563 -0.1334 0.6405
vn 0.5038 0.4189 0.7555
vn 0.9750 -0.1719 0.1411
vn 0.1429 0.2957 0.9445
vn 0.2702 0.7441 0.6110
vn 0.3876 0.9217 0.0160
vn 0.4326 0.7339 -0.5237
vn 0.3955 0.2213 -0.8914
vn 0.2959 -0.3432 -0.8914
vn 0.1555 -0.8376 -0.5237
vn 0.0490 -0.9987 0.0160
vn -0.0006 -0.7916 0.6110
vn 0.0331 -0.3267 0.9445
vn 0.3517 -0.6605 0.6634
vn 0.7820 -0.5061 0.3639
vn 0.5391 -0.1729 0.8243
vn 0.2568 -0.8984 -0.3564
vn 0.7262 -0.6459 -0.2355
vn 0.3576 -0.9163 0.1805
vn 0.4119 -0.0187 -0.9110
vn 0.8174 -0.1288 -0.5615
vn 0.3930 -0.5390 -0.7450
vn 0.6027 0.7629 -0.2341
vn 0.9295 0.3306 -0.1636
vn 0.5963 0.4375 -0.6731
vn 0.5654 0.3662 0.7390
vn 0.9076 0.0974 0.4083
vn 0.6866 0.6637 0.2968
vn 0.9787 -0.2005 -0.0443
vn 0.3954 0.6901 0.6061
vn 0.4157 0.9064 0.0757
vn 0.3586 0.7634 -0.5373
vn 0.2547 0.3373 -0.9063
vn 0.1262 -0.2798 -0.9517
vn 0.0416 -0.7593 -0.6494
vn 0.0193 -0.9977 -0.0645
vn 0.0710 -0.8680 0.4914
vn 0.1856 -0.3983 0.8983
vn 0.3022 0.1614 0.9395
vn 0.3030 -0.6069 0.7348
vn 0.7587 -0.4147 0.5024
vn 0.4124 -0.0994 0.9056
vn 0.3992 -0.8738 -0.2776
vn 0.8153 -0.5716 -0.0927
vn 0.4127 -0.8703 0.2687
vn 0.5543 0.0059 -0.8323
vn 0.9065 -0.0545 -0.4187
vn 0.5604 -0.5102 -0.6524
vn 0.5539 0.8165 -0.1627
vn 0.9063 0.4220 -0.0251
vn 0.6514 0.4834 -0.5848
vn 0.3986 0.4378 0.8059
vn 0.8150 0.1994 0.5441
vn 0.5599 0.7373 0.3781
vn 0.9879 -0.0986 0.1199
vn 0.2211 0.7395 0.6358
vn 0.3058 0.9460 0.1078
vn 0.3636 0.7855 -0.5007
vn 0.3638 0.3436 -0.8658
vn 0.3063 -0.2843 -0.9085
vn 0.2218 -0.7638 -0.6061
vn 0.1284 -0.9914 -0.0240
vn 0.0760 -0.8459 0.5279
vn 0.0758 -0.3587 0.9304
vn 0.1279 0.2108 0.9691
vn 0.3343 -0.7588 0.5589
vn 0.7725 -0.5595 0.3002
vn 0.5160 -0.3037 0.8009
vn 0.2688 -0.8304 -0.4880
vn 0.7340 -0.6016 -0.3152
vn 0.3545 -0.9341 0.0417
vn 0.4374 0.1263 -0.8903
vn 0.8332 -0.0393 -0.5516
vn 0.4151 -0.4139 -0.8102
vn 0.6073 0.7891 -0.0920
vn 0.9330 0.3504 -0.0824
vn 0.6141 0.5381 -0.5774
vn 0.5436 0.2421 0.8037
vn 0.8955 0.0288 0.4441
vn 0.6765 0.6062 0.4183
vn 0.9800 -0.1931 -0.0482
vn 0.3766 0.5835 0.7195
vn 0.4113 0.8817 0.2313
vn 0.3719 0.8386 -0.3980
vn 0.2793 0.4773 -0.8332
vn 0.1536 -0.1243 -0.9803
vn 0.0616 -0.6459 -0.7610
vn 0.0233 -0.9746 -0.2226
vn 0.0591 -0.9356 0.3481
vn 0.1611 -0.5372 0.8279
vn 0.2752 0.0085 0.9614
vn 0.2835 -0.7172 0.6366
vn 0.7452 -0.4914 0.4508
vn 0.3869 -0.2438 0.8893
vn 0.4088 -0.8191 -0.4024
vn 0.8189 -0.5512 -0.1599
vn 0.4069 -0.9030 0.1377
vn 0.5775 0.1376 -0.8047
vn 0.9180 0.0111 -0.3964
vn 0.5797 -0.4006 -0.7095
vn 0.5565 0.8307 -0.0144
vn 0.9057 0.4185 0.0682
vn 0.6665 0.5692 -0.4814
vn 0.3747 0.3025 0.8764
vn 0.7989 0.1080 0.5918
vn 0.5474 0.6661 0.5067
vn 0.9843 -0.1187 0.1304
vn 0.2014 0.6279 0.7518
vn 0.3005 0.9159 0.2662
vn 0.3758 0.8546 -0.3583
vn 0.3873 0.4768 -0.7891
vn 0.3325 -0.1361 -0.9332
vn 0.2405 -0.6576 -0.7139
vn 0.1313 -0.9751 -0.1785
vn 0.0630 -0.9196 0.3878
vn 0.0503 -0.5030 0.8628
vn 0.1001 0.0529 0.9936
vn 0.7096 -0.0540 0.7026
vn 0.6858 -0.1211 -0.7176
vn 0.6917 -0.1170 -0.7127
vn 0.5055 -0.8600 -0.0690
vn 0.9848 -0.1739 0.0008
vn 0.9849 -0.1734 -0.0010
vn 0.0403 0.1932 0.9803
vn -0.0010 0.0035 1.0000
vn 0.0568 0.0824 -0.9950
vn 0.9847 -0.1738 -0.0090
vn 0.9847 -0.1740 -0.0046
vn -0.0250 -0.0726 -0.9970
vn 0.0015 0.1174 -0.9931
vn 0.9848 -0.1738 -0.0003
vn 0.9851 -0.1721 -0.0021
vn -0.0146 -0.1207 -0.9926
vn -0.1090 -0.9246 -0.3650
vn 0.9849 -0.1733 -0.0003
vn 0.9848 -0.1736 0.0071
vn -0.0281 -0.9661 0.2566
vn 0.0694 -0.0098 -0.9975
vn -0.9816 0.1752 -0.0755
vn -0.9822 0.1732 -0.0729
vn -0.9823 0.1731 -0.0715
vn -0.9818 0.1730 -0.0788
vn -0.9817 0.1733 -0.0784
vn -0.9818 0.1733 -0.0779
vn 0.9815 -0.1755 0.0763
vn 0.9822 -0.1733 0.0721
vn 0.9817 -0.1752 0.0743
vn -0.0991 -0.0002 0.9951
vn -0.0686 -0.0792 0.9945
vn 0.0600 0.0025 -0.9982
vn 0.0585 -0.0703 -0.9958
vn 0.0951 0.0672 -0.9932
vn 0.9818 -0.1750 0.0737
vn 0.9820 -0.1751 0.0707
vn 0.9828 -0.1730 0.0652
vn 0.9821 -0.1735 0.0729
vn 0.9825 -0.1723 0.0710
vn 0.9818 -0.1735 0.0774
vn 0.9828 -0.1753 0.0582
vn 0.9822 -0.1734 0.0723
vn 0.9826 -0.1730 0.0669
vn 0.9819 -0.1715 0.0806
vn 0.9829 -0.1727 0.0640
vn 0.9822 -0.1741 0.0710
vn 0.9821 -0.1725 0.0753
vn 0.9829 -0.1722 0.0653
vn 0.9822 -0.1731 0.0730
vn 0.9826 -0.1728 0.0674
vn 0.9821 -0.1733 0.0732
vn 0.9826 -0.1746 0.0629
vn 0.9816 -0.1752 0.0765
vn 0.9821 -0.1761 0.0668
vn 0.9818 -0.1753 0.0725
vn 0.9822 -0.1737 0.0720
vn 0.9822 -0.1748 0.0691
vn 0.9820 -0.1745 0.0729
vn 0.9821 -0.1740 0.0719
vn -0.9828 0.1718 -0.0682
vn -0.9822 0.1738 -0.0716
vn -0.9822 0.1735 -0.0720
vn -0.9828 0.1732 -0.0640
vn -0.9820 0.1753 -0.0701
vn -0.9823 0.1733 -0.0704
vn -0.9821 0.1740 -0.0719
vn -0.9826 0.1741 -0.0649
vn -0.9819 0.1738 -0.0753
vn -0.9822 0.1740 -0.0703
vn -0.9821 0.1753 -0.0684
vn -0.9823 0.1731 -0.0711
vn -0.9824 0.1726 -0.0717
vn -0.9822 0.1739 -0.0706
vn -0.9822 0.1738 -0.0713
vn -0.9820 0.1740 -0.0738
vn -0.9822 0.1740 -0.0711
vn -0.9824 0.1730 -0.0708
vn -0.9824 0.1743 -0.0673
vn -0.9824 0.1735 -0.0692
vn -0.9820 0.1749 -0.0719
vn -0.9815 0.1762 -0.0746
vn 0.9829 -0.1717 0.0659
vn 0.9824 -0.1705 0.0759
vn 0.9824 -0.1713 0.0744
vn 0.2948 0.9498 0.1047
vn -0.0739 -0.9430 0.3246
vn -0.1983 -0.8232 -0.5320
vn -0.2148 -0.9561 0.1991
vn -0.1774 -0.9583 -0.2242
vn -0.6334 -0.5745 0.5184
vn 0.1864 0.9824 0.0106
vn -0.1729 -0.9848 -0.0128
vn -0.1732 -0.9848 -0.0126
vn -0.6415 0.7604 0.1017
vn -0.8790 0.4752 -0.0407
vn -0.9827 0.1739 -0.0638
vn 0.1574 0.9874 0.0139
vn -0.9827 0.1725 -0.0671
vn -0.0732 -0.9973 0.0078
vn -0.0314 0.1042 0.9941
vn 0.9820 -0.1745 0.0727
vn 0.0713 -0.0439 -0.9965
vn 0.1106 0.2125 -0.9709
vn -0.9822 0.1739 -0.0713
vn -0.9822 0.1745 -0.0692
vn -0.0634 0.0160 0.9979
vn -0.9822 0.1738 -0.0717
vn -0.9821 0.1731 -0.0737
vn 0.0369 0.9499 0.3103
vn 0.0599 0.9809 -0.1848
vn -0.9822 0.1762 -0.0659
vn -0.9825 0.1747 -0.0646
vn -0.9816 0.1758 -0.0748
vn -0.9829 0.1720 -0.0661
vn -0.9823 0.1726 -0.0730
vn -0.9826 0.1731 -0.0675
vn -0.9822 0.1737 -0.0710
vn 0.1732 0.9848 0.0126
vn 0.0734 0.0040 -0.9973
vn -0.9694 0.1771 -0.1698
vn -0.9817 0.1747 -0.0763
vn 0.9720 -0.1795 0.1518
vn 0.9742 -0.1696 0.1488
vn 0.9771 -0.1692 0.1288
vn -0.0394 0.0766 0.9963
vn 0.9816 -0.1762 0.0741
vn 0.9818 -0.1748 0.0745
vn 0.9821 -0.1730 0.0738
vn 0.9824 -0.1744 0.0675
vn 0.9812 -0.1760 0.0792
vn 0.9824 -0.1748 0.0661
vn 0.9832 -0.1818 -0.0151
vn 0.9824 -0.1720 0.0726
vn 0.9826 -0.1715 0.0719
vn 0.9825 -0.1731 0.0695
vn -0.9822 0.1736 -0.0713
vn -0.9825 0.1729 -0.0692
vn -0.9824 0.1738 -0.0686
vn -0.9844 0.1760 0.0052
vn -0.9822 0.1718 -0.0762
vn -0.9825 0.1730 -0.0694
vn -0.9821 0.1748 -0.0701
vn -0.9818 0.1746 -0.0752
vn 0.1111 0.0506 -0.9925
vn 0.9862 -0.1656 -0.0057
vn 0.9823 -0.1750 0.0669
vn -0.9739 0.1595 -0.1613
vn 0.0873 0.0008 -0.9962
vn -0.0783 -0.1129 0.9905
vn -0.9847 0.1739 0.0127
vn -0.0365 -0.0256 0.9990
vn -0.9852 0.1715 -0.0066
vn -0.9824 0.1733 -0.0704
vn -0.9829 0.1720 -0.0660
vn -0.6408 0.1287 -0.7569
vn 0.7438 -0.1223 -0.6571
vn 0.6185 0.7577 -0.2084
vn 0.9379 0.3434 -0.0501
vn 0.6853 0.3950 -0.6118
vn 0.4386 0.4467 0.7798
vn 0.8322 0.1607 0.5308
vn 0.6213 0.7079 0.3358
vn 0.2565 -0.5887 0.7665
vn 0.7251 -0.4480 0.5230
vn 0.4086 -0.0835 0.9089
vn 0.3238 -0.9178 -0.2298
vn 0.7647 -0.6414 -0.0627
vn 0.3411 -0.8855 0.3155
vn 0.5475 -0.0857 -0.8324
vn 0.8961 -0.1523 -0.4169
vn 0.5121 -0.5898 -0.6244
vn 0.9771 -0.1734 0.1232
vn 0.2759 -0.3580 -0.8920
vn 0.1540 -0.8116 -0.5636
vn 0.0459 -0.9985 0.0304
vn 0.0092 -0.8191 0.5736
vn 0.0519 -0.3122 0.9486
vn 0.1512 0.2522 0.9558
vn 0.2856 0.7524 0.5936
vn 0.3836 0.9219 0.0549
vn 0.4240 0.7241 -0.5439
vn 0.3853 0.2644 -0.8841
vn 0.5683 0.7676 -0.2964
vn 0.9116 0.3501 -0.2154
vn 0.5571 0.4189 -0.7170
vn 0.5789 0.4231 0.6970
vn 0.9178 0.1477 0.3685
vn 0.6743 0.6999 0.2355
vn 0.3968 -0.6124 0.6838
vn 0.8108 -0.4610 0.3607
vn 0.5735 -0.1112 0.8116
vn 0.2736 -0.9078 -0.3178
vn 0.7384 -0.6347 -0.2280
vn 0.3941 -0.8935 0.2152
vn 0.3796 -0.0550 -0.9235
vn 0.8007 -0.1334 -0.5841
vn 0.3839 -0.5659 -0.7296
vn 0.9826 -0.1719 -0.0702
vn 0.1014 -0.3267 -0.9397
vn 0.0437 -0.7916 -0.6095
vn 0.0501 -0.9987 -0.0124
vn 0.1172 -0.8376 0.5336
vn 0.2306 -0.3432 0.9105
vn 0.3299 0.2213 0.9177
vn 0.3936 0.7339 0.5536
vn 0.3878 0.9217 0.0121
vn 0.3137 0.7441 -0.5898
vn 0.2109 0.2957 -0.9317
vn 0.6029 0.5004 -0.6214
vn 0.9319 0.2081 -0.2972
vn 0.6239 -0.0219 -0.7812
vn 0.5213 0.7564 0.3952
vn 0.8839 0.3586 0.3003
vn 0.6608 0.7387 -0.1330
vn 0.3264 -0.1233 0.9371
vn 0.7693 -0.1585 0.6189
vn 0.4983 0.3721 0.7831
vn 0.2876 -0.9230 0.2556
vn 0.7465 -0.6285 0.2183
vn 0.3609 -0.6150 0.7010
vn 0.4585 -0.5376 -0.7077
vn 0.8470 -0.4020 -0.3479
vn 0.4386 -0.8585 -0.2657
vn 0.9824 -0.1463 0.1158
vn 0.1790 -0.7837 -0.5947
vn 0.0859 -0.9939 -0.0697
vn 0.0368 -0.8400 0.5413
vn 0.0580 -0.4041 0.9129
vn 0.1448 0.2198 0.9648
vn 0.2510 0.6993 0.6693
vn 0.3537 0.9310 0.0904
vn 0.3982 0.7914 -0.4638
vn 0.3749 0.3108 -0.8734
vn 0.2962 -0.2550 -0.9205
vn 0.5442 0.4667 -0.6972
vn 0.8889 0.1302 -0.4391
vn 0.4860 -0.0477 -0.8727
vn 0.6521 0.6846 0.3257
vn 0.9524 0.2583 0.1621
vn 0.7031 0.6767 -0.2184
vn 0.4572 -0.1951 0.8677
vn 0.8378 -0.2588 0.4807
vn 0.6520 0.2877 0.7015
vn 0.2289 -0.9567 0.1797
vn 0.7036 -0.7065 0.0763
vn 0.4033 -0.6770 0.6156
vn 0.2826 -0.5477 -0.7875
vn 0.7352 -0.4661 -0.4922
vn 0.3006 -0.8843 -0.3572
vn 0.9682 -0.2452 -0.0499
vn 0.0010 -0.7706 -0.6374
vn -0.0283 -0.9935 -0.1101
vn 0.0366 -0.8625 0.5047
vn 0.1611 -0.4473 0.8797
vn 0.3183 0.1624 0.9340
vn 0.4245 0.6419 0.6386
vn 0.4568 0.8877 0.0572
vn 0.3980 0.7689 -0.5004
vn 0.2607 0.3111 -0.9139
vn 0.1181 -0.2418 -0.9631
vn 0.6127 0.5987 -0.5159
vn 0.9367 0.2615 -0.2330
vn 0.6452 0.1089 -0.7562
vn 0.4998 0.6884 0.5256
vn 0.8703 0.3143 0.3792
vn 0.6539 0.7566 0.0057
vn 0.3024 -0.2683 0.9146
vn 0.7543 -0.2480 0.6079
vn 0.4716 0.2470 0.8465
vn 0.2933 -0.9493 0.1136
vn 0.7489 -0.6483 0.1370
vn 0.3502 -0.7156 0.6044
vn 0.4850 -0.4134 -0.7706
vn 0.8616 -0.3334 -0.3827
vn 0.4575 -0.8010 -0.3862
vn 0.9809 -0.1538 0.1195
vn 0.2060 -0.6771 -0.7065
vn 0.1015 -0.9692 -0.2245
vn 0.0337 -0.9152 0.4015
vn 0.0387 -0.5440 0.8382
vn 0.1154 0.0643 0.9912
vn 0.2230 0.5858 0.7792
vn 0.3382 0.9079 0.2478
vn 0.3997 0.8590 -0.3200
vn 0.3942 0.4497 -0.8015
vn 0.3246 -0.1021 -0.9403
vn 0.5565 0.5770 -0.5979
vn 0.8987 0.2068 -0.3867
vn 0.5102 0.0967 -0.8546
vn 0.6334 0.6299 0.4495
vn 0.9439 0.2379 0.2289
vn 0.6994 0.7094 -0.0872
vn 0.4361 -0.3268 0.8385
vn 0.8279 -0.3244 0.4575
vn 0.6286 0.1781 0.7570
vn 0.2371 -0.9710 0.0316
vn 0.7110 -0.7030 -0.0167
vn 0.3957 -0.7628 0.5114
vn 0.3115 -0.4124 -0.8561
vn 0.7547 -0.3747 -0.5385
vn 0.3225 -0.8131 -0.4846
vn 0.9725 -0.2251 -0.0601
vn 0.0291 -0.6589 -0.7516
vn -0.0115 -0.9634 -0.2677
vn 0.0348 -0.9316 0.3617
vn 0.1432 -0.5805 0.8016
vn 0.2904 0.0142 0.9568
vn 0.3980 0.5357 0.7447
vn 0.4428 0.8714 0.2112
vn 0.4008 0.8426 -0.3597
vn 0.2812 0.4554 -0.8447
vn 0.1477 -0.0839 -0.9855
vn 0.7343 -0.1920 -0.6511
vn 0.6321 -0.1208 0.7654
vn 0.6366 -0.1266 0.7608
vn 0.7622 0.6353 0.1246
vn 0.9823 -0.1734 0.0705
vn 0.9821 -0.1739 0.0723
vn 0.0429 -0.1953 -0.9798
vn 0.0702 -0.0030 -0.9975
vn -0.0469 -0.0969 0.9942
vn 0.9816 -0.1734 0.0803
vn 0.9819 -0.1733 0.0759
vn -0.0708 0.0768 0.9945
vn -0.1106 -0.1108 0.9877
vn 0.9822 -0.1735 0.0716
vn 0.9818 -0.1752 0.0734
vn -0.0444 0.1184 0.9920
vn 0.1868 0.9061 0.3795
vn 0.9821 -0.1740 0.0716
vn 0.9827 -0.1737 0.0642
vn 0.3218 0.9174 -0.2339
vn -0.8913 0.4533 -0.0070
vn 0.8910 -0.4540 -0.0001
vn 0.8909 -0.4542 -0.0075
vn 0.8911 -0.4537 -0.0071
vn 0.8911 -0.4538 -0.0066
vn -0.8911 0.4538 0.0008
vn -0.8922 0.4516 0.0030
vn 0.0207 -0.0174 0.9996
vn -0.0599 -0.0796 0.9950
vn 0.0115 -0.0054 -0.9999
vn -0.8921 0.4519 0.0024
vn -0.8921 0.4518 -0.0006
vn -0.8909 0.4541 -0.0062
vn -0.8905 0.4550 -0.0004
vn -0.8912 0.4535 0.0061
vn -0.8922 0.4514 -0.0131
vn -0.8909 0.4541 -0.0045
vn -0.8900 0.4559 0.0093
vn -0.8907 0.4545 -0.0074
vn -0.8916 0.4528 -0.0003
vn -0.8906 0.4548 0.0040
vn -0.8904 0.4551 -0.0061
vn 0.8902 -0.4555 0.0032
vn 0.8914 -0.4532 -0.0003
vn 0.8912 -0.4536 -0.0006
vn 0.8910 -0.4539 0.0073
vn 0.8923 -0.4515 0.0012
vn 0.8911 -0.4538 0.0009
vn 0.8915 -0.4530 -0.0006
vn 0.8916 -0.4528 0.0064
vn 0.8914 -0.4532 -0.0040
vn 0.8915 -0.4530 0.0010
vn 0.8922 -0.4516 0.0029
vn 0.8910 -0.4540 0.0002
vn 0.8928 -0.4504 -0.0033
vn -0.8902 0.4556 -0.0055
vn -0.8894 0.4571 0.0046
vn -0.8899 0.4561 0.0031
vn -0.8915 0.4530 0.0002
vn 0.3569 0.9318 0.0656
vn 0.4498 0.8931 0.0026
vn -0.4534 -0.8913 -0.0000
vn 0.9306 0.3414 0.1321
vn 0.9972 -0.0708 0.0223
vn 0.8914 -0.4531 0.0075
vn 0.3667 0.9304 -0.0002
vn -0.8915 0.4531 0.0010
vn -0.0003 -0.0045 -1.0000
vn -0.8918 0.4525 0.0014
vn -0.0308 -0.0462 -0.9985
vn 0.8918 -0.4524 0.0021
vn 0.0045 0.0225 0.9997
vn 0.4060 0.8619 0.3039
vn 0.3566 0.9105 -0.2094
vn 0.8914 -0.4533 -0.0004
vn 0.8910 -0.4540 -0.0024
vn 0.5140 0.8217 0.2463
vn 0.5343 0.8319 -0.1499
vn 0.8928 -0.4505 0.0054
vn 0.8925 -0.4510 -0.0036
vn 0.8903 -0.4553 0.0052
vn 0.8910 -0.4540 0.0038
vn 0.8913 -0.4534 0.0003
vn 0.4534 0.8913 -0.0000
vn 0.0021 0.0048 -1.0000
vn 0.8894 -0.4462 -0.0991
vn 0.8919 -0.4522 -0.0050
vn -0.8865 0.4561 0.0779
vn -0.8874 0.4574 0.0577
vn 0.0297 0.1004 0.9945
vn -0.8928 0.4505 0.0028
vn -0.8920 0.4521 0.0032
vn -0.8909 0.4541 0.0025
vn -0.8917 0.4525 -0.0038
vn -0.8926 0.4507 0.0079
vn -0.8919 0.4521 -0.0052
vn 0.8913 -0.4534 -0.0000
vn 0.8909 -0.4542 0.0021
vn 0.8914 -0.4532 0.0027
vn 0.8904 -0.4488 0.0764
vn 0.8902 -0.4555 -0.0049
vn 0.0062 0.0774 -0.9970
vn -0.8842 0.4607 -0.0771
vn -0.8921 0.4519 -0.0044
vn -0.0464 -0.0034 0.9989
vn 0.8884 -0.4545 0.0648
vn 0.8903 -0.4552 0.0053
vn 0.6326 -0.3129 -0.7085
vn -0.6283 0.3197 -0.7092
vn 0.0509 0.9748 -0.2174
vn -0.2154 0.7515 -0.6236
vn -0.4645 0.8782 -0.1136
vn -0.0717 0.7082 0.7024
vn -0.0114 0.9677 0.2520
vn -0.5581 0.6896 0.4615
vn -0.6146 -0.3591 0.7023
vn -0.4284 0.2179 0.8769
vn -0.8860 0.0451 0.4615
vn -0.7579 -0.6152 -0.2174
vn -0.7888 -0.5606 0.2520
vn -0.9834 -0.1417 -0.1136
vn -0.4389 0.2233 -0.8703
vn -0.7342 -0.2684 -0.6236
vn -0.7816 0.3976 -0.4806
vn -0.8901 0.4528 0.0530
vn -0.3927 -0.2134 -0.8946
vn -0.5705 -0.6463 -0.5068
vn -0.6024 -0.7979 0.0220
vn -0.5262 -0.6856 0.5031
vn -0.2981 -0.2287 0.9268
vn 0.0093 0.3755 0.9268
vn 0.2442 0.8290 0.5031
vn 0.2902 0.9567 0.0220
vn 0.1864 0.8416 -0.5068
vn -0.0588 0.4430 -0.8946
vn 0.0948 0.9524 -0.2897
vn -0.0995 0.6925 -0.7145
vn -0.4315 0.8614 -0.2678
vn -0.1858 0.7663 0.6151
vn -0.0472 0.9858 0.1609
vn -0.6238 0.7230 0.2969
vn -0.7287 -0.3011 0.6151
vn -0.5709 0.2904 0.7679
vn -0.9517 0.0785 0.2969
vn -0.7140 -0.6375 -0.2897
vn -0.8246 -0.5424 0.1609
vn -0.9503 -0.1585 -0.2678
vn -0.2814 0.1431 -0.9489
vn -0.6183 -0.3274 -0.7145
vn -0.6845 0.3482 -0.6405
vn -0.8825 0.4489 -0.1402
vn -0.2349 -0.2936 -0.9266
vn -0.4799 -0.6924 -0.5388
vn -0.6032 -0.7975 -0.0121
vn -0.6099 -0.6430 0.4632
vn -0.4544 -0.1491 0.8782
vn -0.1470 0.4551 0.8782
vn 0.1605 0.8716 0.4632
vn 0.2894 0.9571 -0.0122
vn 0.2770 0.7956 -0.5388
vn 0.0990 0.3628 -0.9266
vn -0.0810 0.7841 -0.6153
vn -0.4575 0.3362 -0.8232
vn -0.5520 0.7540 -0.3561
vn 0.0861 0.9476 0.3076
vn 0.0040 0.9879 -0.1549
vn -0.4325 0.8731 0.2249
vn -0.3925 0.1279 0.9108
vn -0.1682 0.6839 0.7100
vn -0.7454 0.3592 0.5615
vn -0.7591 -0.6192 0.2010
vn -0.7053 -0.3223 0.6314
vn -0.9792 -0.1290 0.1569
vn -0.6598 -0.2582 -0.7057
vn -0.8187 -0.5118 -0.2605
vn -0.9059 0.1263 -0.4043
vn -0.8749 0.4824 0.0435
vn -0.5699 -0.6159 -0.5439
vn -0.6225 -0.7800 -0.0635
vn -0.5561 -0.6853 0.4702
vn -0.3525 -0.3080 0.8837
vn -0.0074 0.3392 0.9407
vn 0.2316 0.7816 0.5791
vn 0.3121 0.9486 0.0531
vn 0.2396 0.8721 -0.4267
vn -0.0200 0.4851 -0.8742
vn -0.3442 -0.1055 -0.9330
vn -0.0573 0.7227 -0.6888
vn -0.3630 0.2201 -0.9054
vn -0.5703 0.6549 -0.4959
vn -0.0431 0.9690 0.2434
vn -0.0600 0.9700 -0.2357
vn -0.5519 0.8289 0.0913
vn -0.5392 0.1374 0.8309
vn -0.3383 0.7007 0.6281
vn -0.8579 0.2989 0.4179
vn -0.7260 -0.6738 0.1376
vn -0.7624 -0.3549 0.5412
vn -0.9728 -0.2301 0.0251
vn -0.5265 -0.3747 -0.7631
vn -0.7241 -0.6070 -0.3274
vn -0.8461 -0.0111 -0.5330
vn -0.9215 0.3691 -0.1205
vn -0.4367 -0.7023 -0.5622
vn -0.5451 -0.8337 -0.0880
vn -0.5665 -0.7011 0.4330
vn -0.4612 -0.2907 0.8383
vn -0.1814 0.3840 0.9053
vn 0.0780 0.8316 0.5498
vn 0.2269 0.9737 0.0215
vn 0.2325 0.8557 -0.4623
vn 0.0676 0.4078 -0.9106
vn -0.1987 -0.2132 -0.9566
vn -0.5218 -0.8530 0.0141
vn -0.4878 -0.8599 -0.1503
vn -0.5458 -0.8366 0.0465
vn -0.4760 -0.8331 -0.2817
vn -0.3606 -0.9103 0.2033
vn -0.5388 -0.8402 0.0623
vn -0.5122 0.2556 -0.8200
vn -0.5538 0.2820 0.7835
vn -0.8912 0.4536 0.0013
vn -0.0391 -0.0817 -0.9959
vn -0.8911 0.4537 0.0020
vn 0.0268 0.0887 -0.9957
vn -0.0999 -0.0830 0.9915
vn -0.8914 0.4532 0.0078
vn -0.8907 0.4546 0.0024
vn 0.0564 0.0782 0.9953
vn 0.8913 0.4533 -0.0070
vn -0.8910 -0.4540 -0.0001
vn -0.8909 -0.4542 -0.0075
vn -0.8911 -0.4537 -0.0071
vn -0.8911 -0.4538 -0.0066
vn 0.8911 0.4538 0.0008
vn 0.8922 0.4516 0.0030
vn -0.0207 -0.0174 0.9996
vn 0.0599 -0.0796 0.9950
vn -0.0115 -0.0054 -0.9999
vn 0.8921 0.4519 0.0024
vn 0.8921 0.4518 -0.0006
vn 0.8909 0.4541 -0.0062
vn 0.8905 0.4550 -0.0004
vn 0.8912 0.4535 0.0061
vn 0.8922 0.4514 -0.0131
vn 0.8909 0.4541 -0.0045
vn 0.8900 0.4559 0.0093
vn 0.8907 0.4545 -0.0074
vn 0.8916 0.4528 -0.0003
vn 0.8906 0.4548 0.0040
vn 0.8904 0.4551 -0.0061
vn -0.8902 -0.4555 0.0032
vn -0.8914 -0.4532 -0.0003
vn -0.8912 -0.4536 -0.0006
vn -0.8910 -0.4539 0.0073
vn -0.8923 -0.4515 0.0012
vn -0.8911 -0.4538 0.0009
vn -0.8915 -0.4530 -0.0006
vn -0.8916 -0.4528 0.0064
vn -0.8914 -0.4532 -0.0040
vn -0.8915 -0.4530 0.0010
vn -0.8922 -0.4516 0.0029
vn -0.8910 -0.4540 0.0002
vn -0.8928 -0.4504 -0.0033
vn 0.8902 0.4556 -0.0055
vn 0.8894 0.4571 0.0046
vn 0.8899 0.4561 0.0031
vn 0.8915 0.4530 0.0002
vn -0.3569 0.9318 0.0656
vn -0.4547 0.8907 0.0011
vn 0.4534 -0.8913 -0.0000
vn -0.9306 0.3414 0.1321
vn -0.9972 -0.0708 0.0223
vn -0.8914 -0.4531 0.0075
vn -0.3667 0.9304 -0.0002
vn 0.8915 0.4531 0.0010
vn 0.0003 -0.0045 -1.0000
vn 0.8918 0.4525 0.0014
vn 0.0308 -0.0462 -0.9985
vn -0.8918 -0.4524 0.0021
vn -0.0045 0.0225 0.9997
vn -0.4060 0.8619 0.3039
vn -0.3566 0.9105 -0.2094
vn -0.8914 -0.4533 -0.0004
vn -0.8910 -0.4540 -0.0024
vn -0.5140 0.8217 0.2463
vn -0.5343 0.8319 -0.1499
vn -0.8928 -0.4505 0.0054
vn -0.8925 -0.4510 -0.0036
vn -0.8903 -0.4553 0.0052
vn -0.8910 -0.4540 0.0038
vn -0.8913 -0.4534 0.0003
vn -0.4534 0.8913 -0.0000
vn -0.0021 0.0048 -1.0000
vn -0.8894 -0.4462 -0.0991
vn -0.8919 -0.4522 -0.0050
vn 0.8865 0.4561 0.0779
vn 0.8874 0.4574 0.0577
vn -0.0297 0.1004 0.9945
vn 0.8928 0.4505 0.0028
vn 0.8920 0.4521 0.0032
vn 0.8909 0.4541 0.0025
vn 0.8917 0.4525 -0.0038
vn 0.8926 0.4507 0.0079
vn 0.8919 0.4521 -0.0052
vn -0.8913 -0.4534 -0.0000
vn -0.8909 -0.4542 0.0021
vn -0.8914 -0.4532 0.0027
vn -0.8904 -0.4488 0.0764
vn -0.8902 -0.4555 -0.0049
vn -0.0062 0.0774 -0.9970
vn 0.8842 0.4607 -0.0771
vn 0.8921 0.4519 -0.0044
vn 0.0464 -0.0034 0.9989
vn -0.8884 -0.4545 0.0648
vn -0.8903 -0.4553 0.0053
vn -0.6326 -0.3129 -0.7085
vn 0.6283 0.3197 -0.7092
vn -0.0509 0.9748 -0.2174
vn 0.4645 0.8782 -0.1136
vn 0.2154 0.7515 -0.6236
vn 0.0717 0.7082 0.7024
vn 0.5581 0.6896 0.4615
vn 0.0114 0.9677 0.2520
vn 0.6146 -0.3591 0.7023
vn 0.8860 0.0451 0.4615
vn 0.4284 0.2179 0.8769
vn 0.7579 -0.6151 -0.2173
vn 0.9834 -0.1417 -0.1136
vn 0.7888 -0.5606 0.2520
vn 0.4389 0.2233 -0.8703
vn 0.7816 0.3976 -0.4807
vn 0.7342 -0.2684 -0.6236
vn 0.8901 0.4527 0.0531
vn 0.3927 -0.2134 -0.8946
vn 0.5705 -0.6463 -0.5068
vn 0.6024 -0.7979 0.0220
vn 0.5263 -0.6856 0.5031
vn 0.2981 -0.2287 0.9268
vn -0.0093 0.3755 0.9268
vn -0.2442 0.8290 0.5031
vn -0.2902 0.9567 0.0220
vn -0.1865 0.8416 -0.5068
vn 0.0588 0.4430 -0.8946
vn -0.0948 0.9524 -0.2897
vn 0.4315 0.8614 -0.2678
vn 0.0995 0.6925 -0.7145
vn 0.1858 0.7663 0.6151
vn 0.6238 0.7230 0.2969
vn 0.0472 0.9858 0.1609
vn 0.7287 -0.3011 0.6151
vn 0.9517 0.0785 0.2969
vn 0.5709 0.2904 0.7679
vn 0.7140 -0.6375 -0.2897
vn 0.9503 -0.1585 -0.2679
vn 0.8246 -0.5424 0.1609
vn 0.2814 0.1431 -0.9489
vn 0.6845 0.3482 -0.6405
vn 0.6183 -0.3274 -0.7145
vn 0.8825 0.4489 -0.1402
vn 0.2349 -0.2936 -0.9266
vn 0.4799 -0.6924 -0.5388
vn 0.6032 -0.7975 -0.0122
vn 0.6099 -0.6430 0.4632
vn 0.4544 -0.1491 0.8782
vn 0.1470 0.4551 0.8782
vn -0.1605 0.8716 0.4632
vn -0.2894 0.9571 -0.0122
vn -0.2770 0.7956 -0.5388
vn -0.0990 0.3628 -0.9266
vn 0.0810 0.7841 -0.6153
vn 0.5520 0.7540 -0.3561
vn 0.4575 0.3362 -0.8232
vn -0.0861 0.9476 0.3076
vn 0.4326 0.8731 0.2249
vn -0.0040 0.9879 -0.1549
vn 0.3925 0.1279 0.9108
vn 0.7454 0.3592 0.5615
vn 0.1682 0.6839 0.7100
vn 0.7591 -0.6192 0.2010
vn 0.9792 -0.1290 0.1569
vn 0.7053 -0.3223 0.6314
vn 0.6598 -0.2582 -0.7057
vn 0.9058 0.1263 -0.4043
vn 0.8187 -0.5118 -0.2605
vn 0.8749 0.4824 0.0435
vn 0.5699 -0.6159 -0.5439
vn 0.6225 -0.7800 -0.0635
vn 0.5561 -0.6853 0.4701
vn 0.3525 -0.3080 0.8837
vn 0.0074 0.3392 0.9407
vn -0.2316 0.7816 0.5791
vn -0.3121 0.9486 0.0531
vn -0.2396 0.8721 -0.4267
vn 0.0200 0.4851 -0.8742
vn 0.3442 -0.1055 -0.9330
vn 0.0573 0.7227 -0.6887
vn 0.5703 0.6549 -0.4959
vn 0.3630 0.2201 -0.9054
vn 0.0431 0.9690 0.2434
vn 0.5519 0.8289 0.0913
vn 0.0600 0.9700 -0.2357
vn 0.5392 0.1374 0.8309
vn 0.8579 0.2989 0.4179
vn 0.3383 0.7007 0.6281
vn 0.7260 -0.6738 0.1376
vn 0.9728 -0.2302 0.0251
vn 0.7624 -0.3549 0.5411
vn 0.5265 -0.3747 -0.7631
vn 0.8461 -0.0111 -0.5329
vn 0.7241 -0.6070 -0.3274
vn 0.9215 0.3691 -0.1205
vn 0.4367 -0.7023 -0.5621
vn 0.5452 -0.8337 -0.0880
vn 0.5665 -0.7011 0.4330
vn 0.4612 -0.2907 0.8383
vn 0.1814 0.3840 0.9053
vn -0.0780 0.8316 0.5498
vn -0.2269 0.9737 0.0215
vn -0.2326 0.8557 -0.4623
vn -0.0677 0.4078 -0.9106
vn 0.1987 -0.2132 -0.9566
vn 0.5218 -0.8530 0.0141
vn 0.4878 -0.8599 -0.1503
vn 0.5458 -0.8366 0.0465
vn 0.4760 -0.8331 -0.2817
vn 0.3606 -0.9103 0.2033
vn 0.5388 -0.8402 0.0623
vn 0.5122 0.2556 -0.8200
vn 0.5538 0.2820 0.7835
vn 0.8912 0.4536 0.0013
vn 0.0391 -0.0817 -0.9959
vn 0.8911 0.4537 0.0020
vn -0.0268 0.0887 -0.9957
vn 0.0999 -0.0830 0.9915
vn 0.8914 0.4532 0.0078
vn 0.8907 0.4546 0.0024
vn -0.0564 0.0782 0.9953
vn -0.8912 0.4535 0.0070
vn 0.8916 -0.4528 0.0001
vn 0.8917 -0.4526 0.0075
vn 0.8915 -0.4530 0.0071
vn 0.8915 -0.4529 0.0066
vn -0.8915 0.4530 -0.0008
vn -0.8904 0.4552 -0.0030
vn 0.0263 -0.0065 -0.9996
vn 0.0291 0.0953 -0.9950
vn 0.0112 -0.0061 0.9999
vn -0.8905 0.4549 -0.0024
vn -0.8905 0.4550 0.0006
vn -0.8917 0.4527 0.0062
vn -0.8921 0.4518 0.0004
vn -0.8914 0.4533 -0.0061
vn -0.8902 0.4553 0.0131
vn -0.8917 0.4527 0.0045
vn -0.8925 0.4509 -0.0092
vn -0.8919 0.4523 0.0074
vn -0.8910 0.4540 0.0003
vn -0.8920 0.4520 -0.0040
vn -0.8921 0.4517 0.0061
vn 0.8924 -0.4513 -0.0032
vn 0.8912 -0.4536 0.0003
vn 0.8914 -0.4533 0.0006
vn 0.8915 -0.4529 -0.0073
vn 0.8903 -0.4553 -0.0012
vn 0.8915 -0.4530 -0.0010
vn 0.8911 -0.4538 0.0006
vn 0.8910 -0.4540 -0.0064
vn 0.8912 -0.4536 0.0040
vn 0.8911 -0.4538 -0.0010
vn 0.8904 -0.4553 -0.0029
vn 0.8916 -0.4528 -0.0002
vn 0.8898 -0.4564 0.0033
vn -0.8924 0.4512 0.0055
vn -0.8932 0.4497 -0.0046
vn -0.8926 0.4507 -0.0031
vn -0.8911 0.4538 -0.0002
vn -0.5430 -0.8372 -0.0656
vn -0.4552 -0.8904 -0.0013
vn 0.2721 -0.9532 -0.1321
vn 0.6444 -0.7643 -0.0223
vn 0.8911 -0.4536 -0.0075
vn -0.4652 -0.8852 -0.0000
vn -0.8911 0.4537 -0.0010
vn 0.0035 0.0029 1.0000
vn -0.8908 0.4543 -0.0014
vn 0.0192 0.0521 0.9985
vn 0.8908 -0.4544 -0.0021
vn -0.0155 -0.0169 -0.9997
vn -0.4575 -0.8357 -0.3039
vn -0.5259 -0.8244 0.2094
vn 0.8912 -0.4535 0.0004
vn 0.8916 -0.4528 0.0024
vn -0.3615 -0.8993 -0.2463
vn -0.3578 -0.9217 0.1499
vn 0.8898 -0.4563 -0.0054
vn 0.8901 -0.4558 0.0036
vn 0.8923 -0.4515 -0.0052
vn 0.8916 -0.4528 -0.0038
vn 0.8913 -0.4534 -0.0004
vn -0.0026 -0.0045 1.0000
vn 0.8844 -0.4561 0.0991
vn 0.8907 -0.4546 0.0051
vn -0.8907 0.4479 -0.0779
vn -0.8922 0.4479 -0.0577
vn -0.0636 -0.0831 -0.9945
vn -0.8898 0.4563 -0.0028
vn -0.8906 0.4547 -0.0032
vn -0.8917 0.4527 -0.0025
vn -0.8909 0.4543 0.0038
vn -0.8899 0.4561 -0.0079
vn -0.8906 0.4547 0.0052
vn 0.8917 -0.4526 -0.0021
vn 0.8912 -0.4536 -0.0027
vn 0.8870 -0.4554 -0.0764
vn 0.8924 -0.4512 0.0049
vn -0.0589 -0.0506 0.9970
vn -0.8930 0.4433 0.0771
vn -0.8905 0.4549 0.0044
vn -0.0245 0.0395 -0.9989
vn 0.8905 -0.4504 -0.0648
vn 0.8915 -0.4530 -0.0009
vn 0.8922 -0.4515 -0.0053
vn 0.6254 -0.3271 0.7085
vn -0.6284 0.3195 0.7092
vn -0.7579 -0.6151 0.2174
vn -0.7342 -0.2684 0.6236
vn -0.9834 -0.1417 0.1136
vn -0.6146 -0.3591 -0.7024
vn -0.7888 -0.5606 -0.2520
vn -0.8860 0.0451 -0.4615
vn -0.0716 0.7082 -0.7024
vn -0.4284 0.2179 -0.8769
vn -0.5581 0.6896 -0.4615
vn 0.0509 0.9748 0.2174
vn -0.0114 0.9677 -0.2520
vn -0.4645 0.8782 0.1136
vn -0.4390 0.2233 0.8703
vn -0.2154 0.7515 0.6236
vn -0.7816 0.3976 0.4807
vn -0.8901 0.4528 -0.0530
vn -0.0588 0.4430 0.8946
vn 0.1864 0.8417 0.5068
vn 0.2902 0.9567 -0.0220
vn 0.2442 0.8290 -0.5031
vn 0.0093 0.3755 -0.9268
vn -0.2980 -0.2287 -0.9268
vn -0.5262 -0.6856 -0.5031
vn -0.6023 -0.7979 -0.0220
vn -0.5705 -0.6463 0.5068
vn -0.3927 -0.2134 0.8946
vn -0.7140 -0.6375 0.2897
vn -0.6183 -0.3274 0.7145
vn -0.9503 -0.1585 0.2678
vn -0.7287 -0.3011 -0.6151
vn -0.8246 -0.5424 -0.1609
vn -0.9517 0.0785 -0.2969
vn -0.1858 0.7663 -0.6151
vn -0.5709 0.2904 -0.7679
vn -0.6238 0.7230 -0.2969
vn 0.0948 0.9524 0.2897
vn -0.0472 0.9858 -0.1609
vn -0.4315 0.8614 0.2678
vn -0.2814 0.1431 0.9489
vn -0.0995 0.6925 0.7145
vn -0.6845 0.3482 0.6405
vn -0.8825 0.4489 0.1402
vn 0.0990 0.3628 0.9266
vn 0.2770 0.7956 0.5388
vn 0.2894 0.9571 0.0122
vn 0.1605 0.8716 -0.4632
vn -0.1470 0.4551 -0.8782
vn -0.4544 -0.1491 -0.8782
vn -0.6099 -0.6430 -0.4632
vn -0.6032 -0.7975 0.0122
vn -0.4799 -0.6924 0.5388
vn -0.2349 -0.2936 0.9266
vn -0.6814 -0.3963 0.6153
vn -0.5411 0.1718 0.8232
vn -0.9345 0.0021 0.3560
vn -0.7152 -0.6276 -0.3076
vn -0.7961 -0.5849 0.1549
vn -0.9604 -0.1645 -0.2248
vn -0.3345 0.2419 -0.9108
vn -0.6518 -0.2667 -0.7100
vn -0.7293 0.3910 -0.5615
vn 0.0535 0.9781 -0.2010
vn -0.1548 0.7598 -0.6314
vn -0.4723 0.8674 -0.1569
vn -0.1798 0.6853 0.7057
vn -0.0684 0.9631 0.2605
vn -0.6355 0.6577 0.4043
vn -0.9051 0.4230 -0.0435
vn 0.1622 0.8233 0.5439
vn 0.2638 0.9625 0.0635
vn 0.2264 0.8531 -0.4701
vn 0.0414 0.4663 -0.8837
vn -0.2785 -0.1938 -0.9407
vn -0.4953 -0.6475 -0.5791
vn -0.5829 -0.8108 -0.0531
vn -0.5637 -0.7072 0.4267
vn -0.4038 -0.2695 0.8742
vn -0.1174 0.3403 0.9330
vn -0.6179 -0.3793 0.6887
vn -0.3916 0.1638 0.9054
vn -0.8651 0.0753 0.4959
vn -0.8085 -0.5357 -0.2434
vn -0.8193 -0.5227 0.2357
vn -0.9949 -0.0420 -0.0913
vn -0.4286 0.3549 -0.8309
vn -0.7656 -0.1392 -0.6281
vn -0.7468 0.5174 -0.4179
vn 0.1171 0.9835 -0.1376
vn -0.1621 0.8252 -0.5411
vn -0.3868 0.9218 -0.0251
vn -0.0072 0.6462 0.7631
vn 0.0642 0.9427 0.3274
vn -0.4892 0.6904 0.5330
vn -0.8410 0.5275 0.1206
vn 0.3105 0.7665 0.5621
vn 0.3528 0.9315 0.0880
vn 0.2331 0.8707 -0.4330
vn -0.0366 0.5439 -0.8383
vn -0.4172 -0.0795 -0.9053
vn -0.6262 -0.5528 -0.5498
vn -0.6533 -0.7568 -0.0215
vn -0.5546 -0.6918 0.4623
vn -0.2898 -0.2948 0.9106
vn 0.0553 0.2861 0.9566
vn 0.3822 0.9240 -0.0141
vn 0.4078 0.9006 0.1503
vn 0.3548 0.9338 -0.0465
vn 0.3931 0.8753 0.2817
vn 0.5234 0.8275 -0.2033
vn 0.3618 0.9302 -0.0623
vn -0.5081 0.2635 0.8200
vn -0.5540 0.2815 -0.7835
vn -0.8914 0.4532 -0.0013
vn 0.0430 0.0797 0.9959
vn -0.8915 0.4531 -0.0020
vn -0.0559 -0.0739 0.9957
vn 0.0083 0.1297 -0.9915
vn -0.8912 0.4536 -0.0078
vn -0.8919 0.4523 -0.0024
vn -0.0300 -0.0916 -0.9953
vn 0.8912 0.4535 0.0070
vn -0.8916 -0.4528 0.0001
vn -0.8917 -0.4526 0.0075
vn -0.8915 -0.4530 0.0071
vn -0.8915 -0.4529 0.0066
vn 0.8915 0.4530 -0.0008
vn 0.8904 0.4552 -0.0030
vn -0.0263 -0.0065 -0.9996
vn -0.0291 0.0953 -0.9950
vn -0.0112 -0.0061 0.9999
vn 0.8905 0.4549 -0.0024
vn 0.8905 0.4550 0.0006
vn 0.8917 0.4527 0.0062
vn 0.8921 0.4518 0.0004
vn 0.8914 0.4533 -0.0061
vn 0.8902 0.4553 0.0131
vn 0.8917 0.4527 0.0045
vn 0.8925 0.4509 -0.0093
vn 0.8919 0.4523 0.0074
vn 0.8910 0.4540 0.0003
vn 0.8920 0.4520 -0.0040
vn 0.8921 0.4517 0.0061
vn -0.8924 -0.4513 -0.0032
vn -0.8912 -0.4536 0.0003
vn -0.8914 -0.4533 0.0006
vn -0.8915 -0.4529 -0.0073
vn -0.8903 -0.4553 -0.0012
vn -0.8915 -0.4530 -0.0010
vn -0.8911 -0.4538 0.0006
vn -0.8910 -0.4540 -0.0064
vn -0.8912 -0.4536 0.0040
vn -0.8911 -0.4538 -0.0010
vn -0.8904 -0.4553 -0.0029
vn -0.8916 -0.4528 -0.0002
vn -0.8898 -0.4564 0.0033
vn 0.8924 0.4512 0.0055
vn 0.8932 0.4497 -0.0046
vn 0.8926 0.4507 -0.0031
vn 0.8911 0.4538 -0.0002
vn 0.5430 -0.8372 -0.0656
vn 0.4547 -0.8907 0.0025
vn -0.2721 -0.9532 -0.1321
vn -0.6444 -0.7643 -0.0223
vn -0.8911 -0.4537 -0.0075
vn 0.6645 -0.7473 0.0003
vn 0.8911 0.4537 -0.0010
vn -0.0035 0.0029 1.0000
vn 0.8908 0.4543 -0.0014
vn -0.0192 0.0521 0.9985
vn -0.8908 -0.4544 -0.0021
vn 0.0155 -0.0169 -0.9997
vn 0.4575 -0.8357 -0.3039
vn 0.5259 -0.8244 0.2094
vn -0.8912 -0.4535 0.0004
vn -0.8916 -0.4528 0.0024
vn 0.3615 -0.8993 -0.2463
vn 0.3578 -0.9217 0.1499
vn -0.8898 -0.4563 -0.0054
vn -0.8901 -0.4558 0.0036
vn -0.8923 -0.4515 -0.0052
vn -0.8916 -0.4528 -0.0038
vn -0.8913 -0.4534 -0.0004
vn 0.0026 -0.0045 1.0000
vn -0.8844 -0.4561 0.0991
vn -0.8907 -0.4546 0.0051
vn 0.8907 0.4479 -0.0779
vn 0.8922 0.4479 -0.0577
vn 0.0636 -0.0831 -0.9945
vn 0.8898 0.4563 -0.0028
vn 0.8906 0.4547 -0.0032
vn 0.8917 0.4527 -0.0025
vn 0.8909 0.4543 0.0038
vn 0.8899 0.4561 -0.0079
vn 0.8906 0.4547 0.0052
vn -0.8917 -0.4526 -0.0021
vn -0.8912 -0.4536 -0.0027
vn -0.8870 -0.4554 -0.0764
vn -0.8924 -0.4512 0.0049
vn 0.0589 -0.0506 0.9970
vn 0.8930 0.4433 0.0771
vn 0.8905 0.4549 0.0044
vn 0.0245 0.0395 -0.9989
vn -0.8905 -0.4504 -0.0648
vn -0.8915 -0.4530 -0.0009
vn -0.8922 -0.4515 -0.0053
vn -0.6254 -0.3271 0.7085
vn 0.6284 0.3195 0.7092
vn 0.7579 -0.6151 0.2174
vn 0.9834 -0.1417 0.1136
vn 0.7342 -0.2684 0.6236
vn 0.6146 -0.3591 -0.7024
vn 0.8860 0.0451 -0.4615
vn 0.7888 -0.5606 -0.2520
vn 0.0716 0.7082 -0.7024
vn 0.5581 0.6896 -0.4615
vn 0.4284 0.2179 -0.8769
vn -0.0509 0.9748 0.2174
vn 0.4645 0.8782 0.1136
vn 0.0114 0.9677 -0.2520
vn 0.4390 0.2233 0.8703
vn 0.7816 0.3976 0.4806
vn 0.2154 0.7515 0.6236
vn 0.8901 0.4528 -0.0530
vn 0.0588 0.4430 0.8946
vn -0.1864 0.8416 0.5068
vn -0.2902 0.9567 -0.0220
vn -0.2442 0.8290 -0.5031
vn -0.0093 0.3755 -0.9268
vn 0.2981 -0.2287 -0.9268
vn 0.5262 -0.6856 -0.5031
vn 0.6023 -0.7979 -0.0220
vn 0.5705 -0.6463 0.5068
vn 0.3927 -0.2134 0.8946
vn 0.7140 -0.6375 0.2897
vn 0.9503 -0.1585 0.2678
vn 0.6183 -0.3274 0.7145
vn 0.7287 -0.3010 -0.6151
vn 0.9517 0.0785 -0.2969
vn 0.8246 -0.5424 -0.1609
vn 0.1858 0.7663 -0.6151
vn 0.6238 0.7230 -0.2969
vn 0.5709 0.2904 -0.7680
vn -0.0948 0.9524 0.2897
vn 0.4315 0.8614 0.2678
vn 0.0472 0.9858 -0.1609
vn 0.2814 0.1431 0.9489
vn 0.6845 0.3482 0.6405
vn 0.0995 0.6925 0.7145
vn 0.8825 0.4489 0.1402
vn -0.0990 0.3628 0.9266
vn -0.2770 0.7956 0.5388
vn -0.2893 0.9571 0.0122
vn -0.1605 0.8716 -0.4632
vn 0.1470 0.4551 -0.8782
vn 0.4544 -0.1491 -0.8782
vn 0.6099 -0.6430 -0.4632
vn 0.6032 -0.7975 0.0122
vn 0.4799 -0.6924 0.5388
vn 0.2349 -0.2936 0.9266
vn 0.6814 -0.3963 0.6153
vn 0.9345 0.0021 0.3560
vn 0.5411 0.1718 0.8232
vn 0.7152 -0.6276 -0.3076
vn 0.9604 -0.1645 -0.2248
vn 0.7961 -0.5849 0.1549
vn 0.3345 0.2419 -0.9108
vn 0.7293 0.3910 -0.5615
vn 0.6518 -0.2667 -0.7100
vn -0.0535 0.9781 -0.2010
vn 0.4723 0.8674 -0.1569
vn 0.1548 0.7598 -0.6314
vn 0.1797 0.6853 0.7057
vn 0.6355 0.6577 0.4043
vn 0.0684 0.9631 0.2605
vn 0.9051 0.4230 -0.0435
vn -0.1622 0.8233 0.5439
vn -0.2638 0.9625 0.0635
vn -0.2264 0.8531 -0.4701
vn -0.0414 0.4663 -0.8837
vn 0.2785 -0.1938 -0.9407
vn 0.4953 -0.6475 -0.5791
vn 0.5829 -0.8108 -0.0531
vn 0.5637 -0.7072 0.4267
vn 0.4039 -0.2695 0.8742
vn 0.1174 0.3403 0.9330
vn 0.6179 -0.3793 0.6888
vn 0.8651 0.0753 0.4959
vn 0.3916 0.1638 0.9054
vn 0.8085 -0.5358 -0.2434
vn 0.9949 -0.0420 -0.0913
vn 0.8193 -0.5227 0.2357
vn 0.4286 0.3549 -0.8309
vn 0.7468 0.5174 -0.4179
vn 0.7656 -0.1392 -0.6281
vn -0.1171 0.9835 -0.1376
vn 0.3868 0.9218 -0.0251
vn 0.1621 0.8251 -0.5412
vn 0.0072 0.6462 0.7631
vn 0.4892 0.6904 0.5330
vn -0.0642 0.9427 0.3274
vn 0.8410 0.5275 0.1206
vn -0.3105 0.7665 0.5622
vn -0.3528 0.9315 0.0880
vn -0.2331 0.8707 -0.4330
vn 0.0366 0.5439 -0.8383
vn 0.4172 -0.0795 -0.9053
vn 0.6262 -0.5528 -0.5498
vn 0.6533 -0.7568 -0.0215
vn 0.5546 -0.6918 0.4623
vn 0.2897 -0.2948 0.9106
vn -0.0553 0.2861 0.9566
vn -0.3822 0.9240 -0.0141
vn -0.4078 0.9006 0.1503
vn -0.3548 0.9338 -0.0465
vn -0.3931 0.8753 0.2817
vn -0.5234 0.8275 -0.2033
vn -0.3618 0.9302 -0.0623
vn 0.5081 0.2635 0.8200
vn 0.5540 0.2815 -0.7835
vn 0.8914 0.4532 -0.0013
vn -0.0430 0.0797 0.9959
vn 0.8915 0.4531 -0.0020
vn 0.0559 -0.0739 0.9957
vn -0.0083 0.1297 -0.9915
vn 0.8912 0.4536 -0.0078
vn 0.8919 0.4523 -0.0024
vn 0.0300 -0.0916 -0.9953
vn 0.0004 -1.0000 0.0002
vn 0.0003 -1.0000 0.0076
vn -0.0001 -1.0000 0.0071
vn 0.6928 0.6011 -0.3984
vn -0.7016 0.5259 -0.4808
vn 0.0170 -0.0013 0.9999
vn -0.1625 0.0109 0.9866
vn -0.0001 1.0000 -0.0016
vn -0.0018 1.0000 0.0002
vn 0.0003 1.0000 -0.0061
vn 0.0012 0.9999 0.0132
vn -0.0002 1.0000 -0.0011
vn -0.0011 1.0000 0.0044
vn -0.0021 1.0000 -0.0094
vn -0.0018 1.0000 0.0073
vn 0.0004 1.0000 0.0007
vn -0.0005 1.0000 -0.0073
vn -0.0019 1.0000 0.0087
vn -0.0020 -1.0000 -0.0014
vn 0.0005 -1.0000 -0.0009
vn -0.0005 -1.0000 0.0006
vn -0.0002 -1.0000 -0.0065
vn -0.0005 -1.0000 0.0039
vn -0.0004 -1.0000 -0.0010
vn -0.0011 -1.0000 -0.0030
vn 0.0004 -1.0000 -0.0002
vn 0.0003 -1.0000 -0.0075
vn -0.9576 0.2731 -0.0922
vn 0.9973 -0.0000 0.0739
vn -0.0020 -1.0000 0.0033
vn 0.0017 -1.0000 -0.0057
vn 0.0010 -1.0000 -0.0038
vn -0.0000 -1.0000 -0.0004
vn -0.9973 -0.0000 -0.0739
vn -0.0128 -0.9951 0.0984
vn 0.0012 0.9970 -0.0780
vn -0.0292 0.0190 -0.9994
vn 0.0007 1.0000 0.0039
vn 0.0036 1.0000 -0.0077
vn 0.0011 1.0000 0.0053
vn 0.0020 -0.9971 -0.0765
vn 0.0020 -1.0000 0.0050
vn -0.1453 0.0295 0.9889
vn -0.0154 0.9970 0.0761
vn 0.0025 -1.0000 -0.0051
vn -0.7058 0.4277 0.5647
vn -0.1528 0.5602 0.8142
vn -0.4470 0.8339 0.3239
vn -0.8585 0.3530 -0.3721
vn -0.8914 0.4444 0.0893
vn -0.5639 0.7814 -0.2673
vn 0.1311 0.4078 -0.9036
vn -0.4794 0.4600 -0.7474
vn 0.0593 0.8273 -0.5587
vn 0.9085 0.3958 -0.1342
vn 0.6521 0.4825 -0.5848
vn 0.5690 0.8142 -0.1151
vn 0.4757 0.4710 0.7429
vn 0.8059 0.4976 0.3209
vn 0.2674 0.8647 0.4252
vn -0.0300 0.9985 -0.0458
vn 0.7650 0.2288 0.6021
vn 0.9701 0.2012 0.1355
vn 0.8954 0.1849 -0.4051
vn 0.4985 0.1745 -0.8491
vn -0.2286 0.1604 -0.9602
vn -0.7567 0.1480 -0.6368
vn -0.9803 0.1519 -0.1259
vn -0.9150 0.1818 0.3600
vn -0.4868 0.2378 0.8405
vn 0.1805 0.2589 0.9489
vn -0.6674 0.3787 0.6412
vn -0.0984 0.4233 0.9006
vn -0.3609 0.8052 0.4705
vn -0.8238 0.4777 -0.3051
vn -0.8525 0.4933 0.1732
vn -0.4805 0.8677 -0.1271
vn 0.1831 0.5429 -0.8196
vn -0.4234 0.6193 -0.6612
vn 0.1532 0.9002 -0.4077
vn 0.9374 0.3416 -0.0685
vn 0.7001 0.5186 -0.4907
vn 0.6463 0.7627 0.0227
vn 0.5147 0.2994 0.8034
vn 0.8428 0.3702 0.3907
vn 0.3531 0.7491 0.5606
vn 0.0797 0.9887 0.1268
vn 0.7802 0.0708 0.6215
vn 0.9810 0.1079 0.1609
vn 0.9114 0.1870 -0.3666
vn 0.5289 0.2792 -0.8015
vn -0.1924 0.3358 -0.9221
vn -0.7339 0.3075 -0.6057
vn -0.9665 0.2392 -0.0931
vn -0.8999 0.1807 0.3969
vn -0.4604 0.1246 0.8789
vn 0.2086 0.0804 0.9747
vn 0.9951 0.0783 0.0596
vn 0.9738 0.0449 0.2229
vn 0.9939 0.1071 0.0270
vn 0.9349 0.0465 0.3517
vn 0.9872 -0.0913 -0.1307
vn 0.9950 0.0993 0.0113
vn -0.9945 -0.0265 0.1011
vn -0.9977 0.0225 -0.0632
vn -0.9822 -0.0404 -0.1834
vn -0.9931 -0.0392 0.1109
vn -0.9637 0.1070 -0.2446
vn -0.0015 1.0000 0.0035
vn -0.0009 1.0000 -0.0010
vn 0.0004 1.0000 -0.0001
vn -0.5136 0.3559 0.7808
vn 0.7393 0.5942 0.3167
vn -0.0712 -0.0069 0.9974
vn 0.0003 1.0000 -0.0010
vn 0.0003 1.0000 -0.0009
vn -0.0712 0.0005 0.9975
vn -0.5462 0.4686 -0.6943
vn 0.6898 0.4654 -0.5546
vn -0.0223 -0.0109 -0.9997
vn 0.0022 1.0000 -0.0028
vn 0.0005 1.0000 -0.0095
vn 0.1708 0.0189 -0.9851
vn -0.0003 1.0000 -0.0002
vn -0.0023 -0.0478 -0.9989
vn -0.0001 1.0000 -0.0017
vn 0.1589 -0.0062 -0.9873
vn -0.0004 -0.9773 0.2117
vn -0.0009 -0.9789 0.2044
vn -0.0004 -0.9788 0.2049
vn -0.6615 0.6824 0.3111
vn 0.7352 0.6046 0.3066
vn -0.0909 -0.2123 -0.9730
vn 0.0891 -0.2003 -0.9757
vn 0.0002 0.9776 -0.2103
vn 0.0018 0.9772 -0.2122
vn 0.0001 0.9786 -0.2058
vn -0.0022 0.9744 -0.2246
vn 0.0003 0.9775 -0.2108
vn 0.0008 0.9764 -0.2162
vn 0.0028 0.9792 -0.2028
vn 0.0013 0.9757 -0.2190
vn -0.0004 0.9772 -0.2125
vn 0.0010 0.9788 -0.2048
vn 0.0012 0.9754 -0.2204
vn 0.0021 -0.9770 0.2130
vn -0.0004 -0.9771 0.2127
vn 0.0005 -0.9774 0.2112
vn 0.0006 -0.9759 0.2181
vn 0.0002 -0.9781 0.2079
vn 0.0005 -0.9771 0.2128
vn 0.0014 -0.9767 0.2146
vn -0.0004 -0.9773 0.2120
vn 0.0003 -0.9757 0.2192
vn 1.0000 -0.0000 -0.0008
vn 0.0018 -0.9780 0.2084
vn -0.0013 -0.9761 0.2175
vn -0.0007 -0.9765 0.2155
vn -0.0000 -0.9772 0.2122
vn 0.0055 -0.9935 0.1139
vn 0.0046 0.9908 -0.1351
vn 0.1029 0.2293 0.9679
vn -0.0010 0.9765 -0.2155
vn -0.0030 0.9789 -0.2041
vn -0.0014 0.9762 -0.2169
vn 0.0037 -0.9582 0.2859
vn -0.0024 -0.9783 0.2071
vn 0.0718 -0.1823 -0.9806
vn 0.0098 0.9580 -0.2865
vn -0.0005 -0.9771 0.2127
vn -0.0021 -0.9762 0.2170
vn 0.6622 0.2876 -0.6919
vn 0.0922 0.3731 -0.9232
vn 0.4218 0.7395 -0.5246
vn 0.8836 0.4101 0.2258
vn 0.8823 0.4015 -0.2455
vn 0.5821 0.8113 0.0542
vn -0.0640 0.5915 0.8038
vn 0.5333 0.5999 0.5964
vn -0.0178 0.9274 0.3736
vn -0.8960 0.4294 0.1126
vn -0.6071 0.6053 0.5149
vn -0.5589 0.8290 -0.0192
vn -0.5293 0.3108 -0.7894
vn -0.8274 0.4311 -0.3600
vn -0.2981 0.7594 -0.5783
vn 0.0333 0.9851 -0.1690
vn -0.8074 0.1083 -0.5800
vn -0.9775 0.1832 -0.1047
vn -0.8630 0.2803 0.4203
vn -0.4344 0.3577 0.8267
vn 0.2990 0.3560 0.8854
vn 0.8017 0.2672 0.5347
vn 0.9870 0.1597 0.0197
vn 0.8859 0.0873 -0.4555
vn 0.4233 0.0472 -0.9047
vn -0.2501 0.0554 -0.9666
vn 0.6182 0.2243 -0.7534
vn 0.0316 0.2220 -0.9745
vn 0.3251 0.6819 -0.6552
vn 0.8441 0.5185 0.1367
vn 0.8373 0.4321 -0.3348
vn 0.4885 0.8674 -0.0946
vn -0.1220 0.7066 0.6970
vn 0.4712 0.7382 0.4827
vn -0.1226 0.9683 0.2177
vn -0.9297 0.3629 0.0621
vn -0.6619 0.6215 0.4190
vn -0.6462 0.7507 -0.1370
vn -0.5727 0.1310 -0.8092
vn -0.8694 0.2924 -0.3984
vn -0.3936 0.6192 -0.6795
vn -0.0889 0.9408 -0.3272
vn -0.8240 -0.0499 -0.5644
vn -0.9903 0.0868 -0.1088
vn -0.8818 0.2745 0.3836
vn -0.4682 0.4504 0.7602
vn 0.2600 0.5200 0.8136
vn 0.7766 0.4170 0.4722
vn 0.9707 0.2383 -0.0297
vn 0.8681 0.0787 -0.4901
vn 0.3941 -0.0711 -0.9163
vn -0.2801 -0.1240 -0.9519
vn -0.9968 0.0795 -0.0028
vn -0.9876 0.0120 -0.1564
vn -0.9932 0.1145 0.0227
vn -0.9584 -0.0142 -0.2851
vn -0.9749 -0.0462 0.2180
vn -0.9931 0.1102 0.0398
vn 0.9843 -0.0629 -0.1648
vn 0.9997 0.0198 -0.0153
vn 0.9931 -0.0161 0.1164
vn 0.9822 -0.0773 -0.1715
vn 0.9791 0.1412 0.1462
vn 0.0012 0.9765 -0.2153
vn 0.0010 0.9775 -0.2109
vn -0.0004 0.9773 -0.2117
vn 0.4545 0.1749 -0.8734
vn -0.7607 0.5254 -0.3811
vn -0.0027 -0.2185 -0.9758
vn -0.0002 0.9775 -0.2108
vn -0.0002 0.9775 -0.2109
vn -0.0027 -0.2113 -0.9774
vn 0.5960 0.5961 0.5380
vn -0.6470 0.5828 0.4918
vn 0.0961 0.2002 0.9750
vn -0.0020 0.9779 -0.2089
vn 0.0002 0.9793 -0.2025
vn -0.0975 0.2292 0.9685
vn 0.0003 0.9773 -0.2117
vn 0.0761 0.1643 0.9835
vn 0.0002 0.9777 -0.2102
vn -0.0855 0.2050 0.9750
vn -0.0005 -0.0526 -0.9986
vn 0.9845 0.1747 -0.0152
vn 0.9849 0.1728 -0.0124
vn 0.9849 0.1728 -0.0110
vn 0.9849 0.1723 -0.0184
vn 0.9848 0.1727 -0.0179
vn 0.9848 0.1726 -0.0175
vn -0.9845 -0.1749 0.0159
vn -0.9849 -0.1729 0.0117
vn -0.9845 -0.1747 0.0139
vn 0.0303 0.0426 0.9986
vn -0.0001 -0.0364 0.9993
vn 0.0090 -0.0403 -0.9991
vn 0.0103 -0.1129 -0.9936
vn -0.0265 0.0245 -0.9993
vn -0.9846 -0.1745 0.0133
vn -0.9846 -0.1748 0.0104
vn -0.9849 -0.1729 0.0047
vn -0.9848 -0.1731 0.0124
vn -0.9850 -0.1720 0.0105
vn -0.9848 -0.1729 0.0170
vn -0.9845 -0.1755 -0.0021
vn -0.9848 -0.1730 0.0119
vn -0.9849 -0.1729 0.0064
vn -0.9851 -0.1707 0.0200
vn -0.9850 -0.1726 0.0035
vn -0.9847 -0.1738 0.0106
vn -0.9850 -0.1719 0.0148
vn -0.9851 -0.1721 0.0047
vn -0.9849 -0.1727 0.0125
vn -0.9850 -0.1727 0.0070
vn -0.9849 -0.1729 0.0128
vn -0.9846 -0.1746 0.0025
vn -0.9845 -0.1746 0.0161
vn -0.9844 -0.1760 0.0065
vn -0.9845 -0.1749 0.0122
vn -0.9848 -0.1733 0.0116
vn -0.9846 -0.1745 0.0087
vn -0.9847 -0.1741 0.0125
vn -0.9848 -0.1736 0.0115
vn 0.9851 0.1716 -0.0076
vn 0.9848 0.1735 -0.0112
vn 0.9848 0.1731 -0.0115
vn 0.9849 0.1732 -0.0035
vn 0.9845 0.1750 -0.0097
vn 0.9849 0.1730 -0.0099
vn 0.9847 0.1736 -0.0115
vn 0.9847 0.1741 -0.0045
vn 0.9848 0.1733 -0.0149
vn 0.9847 0.1737 -0.0099
vn 0.9845 0.1750 -0.0081
vn 0.9849 0.1728 -0.0106
vn 0.9850 0.1722 -0.0112
vn 0.9848 0.1736 -0.0102
vn 0.9848 0.1735 -0.0108
vn 0.9847 0.1736 -0.0134
vn 0.9847 0.1737 -0.0107
vn 0.9849 0.1727 -0.0103
vn 0.9847 0.1741 -0.0069
vn 0.9848 0.1732 -0.0088
vn 0.9846 0.1745 -0.0116
vn 0.9843 0.1758 -0.0143
vn -0.9852 -0.1716 0.0053
vn -0.9853 -0.1699 0.0153
vn -0.9852 -0.1709 0.0139
vn -0.3013 0.9525 0.0434
vn 0.0513 -0.9280 0.3690
vn 0.2345 -0.8446 -0.4814
vn 0.2006 -0.9461 0.2541
vn 0.1924 -0.9664 -0.1702
vn 0.5961 -0.5501 0.5849
vn -0.1731 0.9839 -0.0440
vn 0.1736 -0.9839 0.0415
vn 0.6330 0.7659 0.1129
vn 0.8797 0.4755 -0.0004
vn 0.9848 0.1739 -0.0034
vn -0.1468 0.9883 -0.0413
vn 0.9850 0.1724 -0.0066
vn 0.0724 -0.9958 0.0555
vn -0.0372 0.1467 0.9885
vn -0.9847 -0.1741 0.0123
vn -0.0024 -0.0866 -0.9962
vn -0.0434 0.1705 -0.9844
vn 0.9848 0.1735 -0.0109
vn 0.9847 0.1743 -0.0088
vn -0.0056 0.0588 0.9983
vn 0.9848 0.1734 -0.0113
vn 0.9849 0.1727 -0.0133
vn -0.0582 0.9622 0.2661
vn -0.0470 0.9720 -0.2303
vn 0.9844 0.1761 -0.0056
vn 0.9846 0.1746 -0.0042
vn 0.9844 0.1753 -0.0145
vn 0.9851 0.1718 -0.0056
vn 0.9850 0.1722 -0.0125
vn 0.9849 0.1729 -0.0070
vn 0.9848 0.1734 -0.0105
vn -0.1736 0.9839 -0.0415
vn -0.0045 -0.0388 -0.9992
vn 0.9788 0.1725 -0.1100
vn 0.9846 0.1741 -0.0160
vn -0.9801 -0.1757 0.0921
vn -0.9822 -0.1659 0.0885
vn -0.9837 -0.1664 0.0683
vn -0.0294 0.1191 0.9924
vn -0.9843 -0.1757 0.0138
vn -0.9846 -0.1743 0.0142
vn -0.9849 -0.1726 0.0134
vn -0.9847 -0.1742 0.0071
vn -0.9843 -0.1753 0.0189
vn -0.9846 -0.1746 0.0057
vn -0.9798 -0.1852 -0.0749
vn -0.9851 -0.1716 0.0121
vn -0.9852 -0.1711 0.0114
vn -0.9849 -0.1728 0.0090
vn 0.9848 0.1733 -0.0109
vn 0.9849 0.1727 -0.0087
vn 0.9848 0.1736 -0.0082
vn 0.9817 0.1789 0.0654
vn 0.9851 0.1712 -0.0157
vn 0.9849 0.1727 -0.0090
vn 0.9846 0.1745 -0.0097
vn 0.9846 0.1741 -0.0148
vn -0.0424 0.0078 -0.9991
vn -0.9835 -0.1685 -0.0665
vn -0.9846 -0.1748 0.0065
vn 0.9827 0.1553 -0.1005
vn -0.0184 -0.0420 -0.9989
vn 0.0098 -0.0703 0.9975
vn 0.9815 0.1771 0.0730
vn -0.0324 0.0172 0.9993
vn 0.9833 0.1739 0.0539
vn 0.9851 0.1719 -0.0055
vn 0.6914 0.0981 -0.7158
vn -0.6968 -0.1524 -0.7009
vn -0.6026 0.7463 -0.2828
vn -0.6415 0.3665 -0.6739
vn -0.9322 0.3382 -0.1292
vn -0.4913 0.4783 0.7279
vn -0.6430 0.7198 0.2616
vn -0.8668 0.1807 0.4648
vn -0.3088 -0.5562 0.7715
vn -0.4703 -0.0458 0.8813
vn -0.7595 -0.4274 0.4905
vn -0.3072 -0.9277 -0.2121
vn -0.3621 -0.8722 0.3288
vn -0.7586 -0.6457 -0.0877
vn -0.4888 -0.1227 -0.8637
vn -0.4679 -0.6174 -0.6324
vn -0.8653 -0.1725 -0.4707
vn -0.9833 -0.1708 0.0630
vn -0.2138 -0.3966 -0.8928
vn -0.1148 -0.8354 -0.5376
vn -0.0479 -0.9964 0.0699
vn -0.0488 -0.7939 0.6061
vn -0.1171 -0.2716 0.9552
vn -0.2167 0.2923 0.9314
vn -0.3258 0.7762 0.5398
vn -0.3865 0.9222 -0.0111
vn -0.3855 0.6990 -0.6023
vn -0.3235 0.2253 -0.9190
vn -0.5465 0.7526 -0.3673
vn -0.5064 0.3863 -0.7709
vn -0.8946 0.3380 -0.2924
vn -0.6256 0.4508 0.6368
vn -0.6889 0.7073 0.1584
vn -0.9410 0.1606 0.2978
vn -0.4430 -0.5838 0.6804
vn -0.6281 -0.0781 0.7742
vn -0.8338 -0.4475 0.3234
vn -0.2511 -0.9214 -0.2967
vn -0.4080 -0.8847 0.2255
vn -0.7209 -0.6460 -0.2509
vn -0.3151 -0.0954 -0.9443
vn -0.3328 -0.5977 -0.7294
vn -0.7585 -0.1605 -0.6316
vn -0.9754 -0.1776 -0.1302
vn -0.0365 -0.3668 -0.9296
vn -0.0016 -0.8170 -0.5766
vn -0.0491 -0.9984 0.0269
vn -0.1537 -0.8144 0.5596
vn -0.2928 -0.3047 0.9063
vn -0.3923 0.2593 0.8825
vn -0.4308 0.7557 0.4933
vn -0.3877 0.9202 -0.0541
vn -0.2723 0.7173 -0.6413
vn -0.1462 0.2550 -0.9558
vn -0.5587 0.4716 -0.6822
vn -0.5686 -0.0570 -0.8206
vn -0.9092 0.1925 -0.3693
vn -0.5473 0.7710 0.3256
vn -0.6501 0.7304 -0.2096
vn -0.9025 0.3685 0.2231
vn -0.3902 -0.0842 0.9169
vn -0.5510 0.4037 0.7303
vn -0.8102 -0.1342 0.5706
vn -0.3046 -0.9121 0.2744
vn -0.4084 -0.5856 0.7002
vn -0.7598 -0.6208 0.1930
vn -0.4087 -0.5686 -0.7139
vn -0.4193 -0.8703 -0.2583
vn -0.8210 -0.4189 -0.3879
vn -0.9881 -0.1441 0.0540
vn -0.1377 -0.8089 -0.5716
vn -0.0809 -0.9962 -0.0328
vn -0.0741 -0.8162 0.5730
vn -0.1208 -0.3649 0.9232
vn -0.2109 0.2603 0.9422
vn -0.2965 0.7265 0.6199
vn -0.3591 0.9330 0.0259
vn -0.3653 0.7697 -0.5235
vn -0.3138 0.2721 -0.9097
vn -0.2320 -0.2949 -0.9269
vn -0.4948 0.4349 -0.7524
vn -0.4247 -0.0863 -0.9012
vn -0.8566 0.1087 -0.5045
vn -0.6730 0.6960 0.2505
vn -0.6864 0.6647 -0.2950
vn -0.9613 0.2622 0.0850
vn -0.5159 -0.1592 0.8417
vn -0.6988 0.3155 0.6420
vn -0.8690 -0.2405 0.4325
vn -0.2407 -0.9488 0.2043
vn -0.4448 -0.6513 0.6148
vn -0.7072 -0.7046 0.0578
vn -0.2277 -0.5817 -0.7809
vn -0.2753 -0.8996 -0.3389
vn -0.6995 -0.4888 -0.5213
vn -0.9625 -0.2499 -0.1059
vn 0.0429 -0.7971 -0.6024
vn 0.0358 -0.9972 -0.0653
vn -0.0713 -0.8403 0.5374
vn -0.2213 -0.4098 0.8849
vn -0.3819 0.2012 0.9021
vn -0.4675 0.6673 0.5798
vn -0.4597 0.8880 -0.0124
vn -0.3625 0.7457 -0.5591
vn -0.1971 0.2711 -0.9422
vn -0.0515 -0.2831 -0.9577
vn -0.5756 0.5744 -0.5820
vn -0.5916 0.0746 -0.8028
vn -0.9184 0.2486 -0.3079
vn -0.5348 0.7088 0.4600
vn -0.6527 0.7542 -0.0717
vn -0.8944 0.3276 0.3046
vn -0.3648 -0.2299 0.9023
vn -0.5288 0.2815 0.8007
vn -0.7944 -0.2241 0.5645
vn -0.3005 -0.9444 0.1336
vn -0.3910 -0.6902 0.6089
vn -0.7566 -0.6441 0.1127
vn -0.4308 -0.4474 -0.7838
vn -0.4298 -0.8181 -0.3822
vn -0.8332 -0.3519 -0.4265
vn -0.9868 -0.1514 0.0582
vn -0.1569 -0.7072 -0.6894
vn -0.0858 -0.9782 -0.1893
vn -0.0613 -0.8974 0.4370
vn -0.0963 -0.5079 0.8560
vn -0.1834 0.1062 0.9773
vn -0.2761 0.6179 0.7362
vn -0.3544 0.9166 0.1848
vn -0.3767 0.8434 -0.3832
vn -0.3380 0.4139 -0.8452
vn -0.2591 -0.1431 -0.9552
vn -0.5139 0.5493 -0.6589
vn -0.4501 0.0587 -0.8911
vn -0.8699 0.1875 -0.4562
vn -0.6629 0.6466 0.3774
vn -0.6917 0.7030 -0.1655
vn -0.9575 0.2447 0.1529
vn -0.4928 -0.2920 0.8197
vn -0.6793 0.2085 0.7036
vn -0.8575 -0.3070 0.4129
vn -0.2388 -0.9694 0.0567
vn -0.4300 -0.7414 0.5152
vn -0.7082 -0.7052 -0.0356
vn -0.2518 -0.4495 -0.8571
vn -0.2883 -0.8340 -0.4704
vn -0.7158 -0.3995 -0.5727
vn -0.9660 -0.2303 -0.1173
vn 0.0228 -0.6905 -0.7230
vn 0.0299 -0.9739 -0.2248
vn -0.0596 -0.9154 0.3980
vn -0.1981 -0.5461 0.8139
vn -0.3557 0.0542 0.9330
vn -0.4484 0.5658 0.6919
vn -0.4562 0.8784 0.1427
vn -0.3750 0.8253 -0.4222
vn -0.2223 0.4181 -0.8808
vn -0.0794 -0.1264 -0.9888
vn -0.6877 -0.2217 -0.6913
vn -0.6833 -0.0899 0.7245
vn -0.6875 -0.0959 0.7199
vn -0.7689 0.6378 0.0445
vn -0.9849 -0.1731 0.0101
vn -0.9848 -0.1735 0.0119
vn 0.0247 -0.2371 -0.9712
vn -0.0013 -0.0458 -0.9990
vn -0.0217 -0.0542 0.9983
vn -0.9848 -0.1727 0.0199
vn -0.9848 -0.1728 0.0154
vn 0.0021 0.1194 0.9928
vn 0.0422 -0.0683 0.9968
vn -0.9848 -0.1731 0.0111
vn -0.9845 -0.1747 0.0131
vn -0.0240 0.1608 0.9867
vn -0.2124 0.9210 0.3267
vn -0.9847 -0.1736 0.0112
vn -0.9848 -0.1737 0.0038
vn -0.3049 0.9057 -0.2946
vt 0.458333 0.750000
vt 0.458333 0.875000
vt 0.541667 0.875000
vt 0.541667 0.750000
vt 0.458333 0.250000
vt 0.458333 0.375000
vt 0.541667 0.375000
vt 0.541667 0.250000
vt 0.375000 0.210765
vt 0.382847 0.250000
vt 0.375000 0.250000
vt 0.375000 0.671530
vt 0.380231 0.750000
vt 0.369769 0.752616
vt 0.382847 0.500000
vt 0.375000 0.578470
vt 0.367155 0.500000
vt 0.375000 0.500000
vt 0.375000 0.250000
vt 0.125000 0.500000
vt 0.136070 0.500000
vt 0.380231 0.500000
vt 0.367620 0.496310
vt 0.541667 0.171530
vt 0.533820 0.250000
vt 0.458333 0.171530
vt 0.466180 0.250000
vt 0.458333 0.250000
vt 0.450486 0.250000
vt 0.450486 0.500000
vt 0.458333 0.500000
vt 0.466180 0.500000
vt 0.458333 0.578470
vt 0.533820 0.750000
vt 0.541667 0.671530
vt 0.541667 0.757847
vt 0.450486 0.500000
vt 0.541667 0.250000
vt 0.541667 0.261070
vt 0.541667 0.488930
vt 0.541667 0.500000
vt 0.533820 0.500000
vt 0.253924 0.750000
vt 0.250000 0.750000
vt 0.242153 0.750000
vt 0.250000 0.661969
vt 0.450486 0.375000
vt 0.458333 0.363930
vt 0.466180 0.375000
vt 0.458333 0.386070
vt 0.541667 0.882847
vt 0.533820 0.875000
vt 0.541667 0.867153
vt 0.134274 0.500000
vt 0.125598 0.500000
vt 0.125000 0.629854
vt 0.368808 0.753096
vt 0.381192 0.734509
vt 0.375000 0.620146
vt 0.365726 0.500000
vt 0.375000 0.629854
vt 0.385036 0.500000
vt 0.137514 0.500000
vt 0.126118 0.500000
vt 0.366657 0.495829
vt 0.381019 0.500000
vt 0.458333 0.134030
vt 0.462257 0.000000
vt 0.458333 0.000000
vt 0.448842 0.000000
vt 0.448297 0.250000
vt 0.458333 0.115970
vt 0.458333 0.634030
vt 0.448297 0.500000
vt 0.448654 0.500000
vt 0.541667 0.487041
vt 0.250000 0.628458
vt 0.245356 0.750000
vt 0.250000 0.694861
vt 0.259289 0.750000
vt 0.250000 0.500000
vt 0.256257 0.500000
vt 0.237486 0.500000
vt 0.125000 0.578470
vt 0.132845 0.500000
vt 0.125000 0.750000
vt 0.129593 0.500000
vt 0.375000 0.000000
vt 0.382847 0.875000
vt 0.375000 0.867153
vt 0.375000 0.261070
vt 0.375000 0.375000
vt 0.458333 0.500000
vt 0.541667 0.000000
vt 0.375000 0.882847
vt 0.458333 1.000000
vt 0.375000 1.000000
vt 0.541667 1.000000
vt 0.250000 0.621542
vt 0.240726 0.500000
vt 0.375000 0.120146
vt 0.385036 0.250000
vt 0.375000 0.865711
vt 0.384960 0.875000
vt 0.259274 0.500000
vt 0.384588 0.250000
vt 0.375000 0.262514
vt 0.375000 0.362486
vt 0.384960 0.375000
vt 0.375000 0.387514
vt 0.458333 0.990707
vt 0.466180 1.000000
vt 0.375000 0.884289
vt 0.448842 1.000000
vt 0.204157 0.500000
vt 0.192652 0.500000
vt 0.184773 0.500000
vt 0.190526 0.500000
vt 0.183474 0.500000
vt 0.180184 0.500000
vt 0.188736 0.500000
vt 0.186783 0.500000
vt 0.180199 0.500000
vt 0.181176 0.500000
vt 0.186125 0.500000
vt 0.179870 0.500000
vt 0.281423 0.500000
vt 0.269877 0.500000
vt 0.266293 0.500000
vt 0.272067 0.500000
vt 0.260620 0.500000
vt 0.261665 0.500000
vt 0.249699 0.500000
vt 0.236941 0.500000
vt 0.238683 0.500000
vt 0.245062 0.500000
vt 0.224676 0.500000
vt 0.232550 0.500000
vt 0.296296 0.500000
vt 0.307636 0.500000
vt 0.315441 0.500000
vt 0.309771 0.500000
vt 0.316678 0.500000
vt 0.319962 0.500000
vt 0.311261 0.500000
vt 0.313031 0.500000
vt 0.319659 0.500000
vt 0.318774 0.500000
vt 0.313515 0.500000
vt 0.319900 0.500000
vt 0.219067 0.500000
vt 0.230376 0.500000
vt 0.233916 0.500000
vt 0.228262 0.500000
vt 0.239407 0.500000
vt 0.238432 0.500000
vt 0.233916 0.500000
vt 0.250019 0.500000
vt 0.262683 0.500000
vt 0.261021 0.500000
vt 0.254689 0.500000
vt 0.274816 0.500000
vt 0.267088 0.500000
vt 0.220351 0.500000
vt 0.231916 0.500000
vt 0.231455 0.500000
vt 0.247283 0.500000
vt 0.245274 0.500000
vt 0.279649 0.500000
vt 0.276243 0.500000
vt 0.263897 0.500000
vt 0.268084 0.500000
vt 0.252717 0.500000
vt 0.297163 0.500000
vt 0.300532 0.500000
vt 0.313139 0.500000
vt 0.307382 0.500000
vt 0.308545 0.500000
vt 0.297598 0.500000
vt 0.307607 0.500000
vt 0.308702 0.500000
vt 0.308587 0.500000
vt 0.310580 0.500000
vt 0.280084 0.500000
vt 0.268371 0.500000
vt 0.268817 0.500000
vt 0.252989 0.500000
vt 0.254941 0.500000
vt 0.219916 0.500000
vt 0.223236 0.500000
vt 0.235764 0.500000
vt 0.231629 0.500000
vt 0.247011 0.500000
vt 0.202402 0.500000
vt 0.199045 0.500000
vt 0.186657 0.500000
vt 0.192353 0.500000
vt 0.191413 0.500000
vt 0.202837 0.500000
vt 0.192659 0.500000
vt 0.191570 0.500000
vt 0.191455 0.500000
vt 0.189491 0.500000
vt 0.267801 0.500000
vt 0.259360 0.500000
vt 0.183193 0.500000
vt 0.323245 0.500000
vt 0.241365 0.500000
vt 0.186330 0.500000
vt 0.173616 0.500000
vt 0.176894 0.500000
vt 0.316913 0.500000
vt 0.262710 0.500000
vt 0.258825 0.500000
vt 0.231830 0.500000
vt 0.240424 0.500000
vt 0.237456 0.500000
vt 0.237456 0.500000
vt 0.326286 0.500000
vt 0.176894 0.500000
vt 0.313409 0.500000
vt 0.171500 0.500000
vt 0.163229 0.500000
vt 0.125010 0.500000
vt 0.158922 0.500000
vt 0.125010 0.500000
vt 0.159234 0.500000
vt 0.164119 0.500000
vt 0.328726 0.500000
vt 0.336923 0.500000
vt 0.374990 0.500000
vt 0.341191 0.500000
vt 0.340882 0.500000
vt 0.336041 0.500000
vt 0.239724 0.500000
vt 0.243099 0.500000
vt 0.244846 0.500000
vt 0.244698 0.500000
vt 0.242678 0.500000
vt 0.242121 0.500000
vt 0.244715 0.500000
vt 0.245121 0.500000
vt 0.250252 0.500000
vt 0.257015 0.500000
vt 0.256629 0.500000
vt 0.260458 0.500000
vt 0.328726 0.500000
vt 0.336798 0.500000
vt 0.349015 0.500000
vt 0.353647 0.500000
vt 0.338300 0.500000
vt 0.338528 0.500000
vt 0.331118 0.500000
vt 0.239724 0.500000
vt 0.243479 0.500000
vt 0.249745 0.500000
vt 0.254750 0.500000
vt 0.255149 0.500000
vt 0.257667 0.500000
vt 0.168701 0.500000
vt 0.168701 0.500000
vt 0.161350 0.500000
vt 0.161588 0.500000
vt 0.146353 0.500000
vt 0.150990 0.500000
vt 0.163345 0.500000
vt 0.192622 0.500000
vt 0.274402 0.500000
vt 0.303474 0.500000
vt 0.221667 0.500000
vt 0.196911 0.500000
vt 0.307018 0.500000
vt 0.225137 0.500000
vt 0.245433 0.500000
vt 0.253362 0.500000
vt 0.250436 0.500000
vt 0.250293 0.500000
vt 0.250177 0.500000
vt 0.250153 0.500000
vt 0.249731 0.500000
vt 0.255214 0.500000
vt 0.255330 0.500000
vt 0.257344 0.500000
vt 0.321161 0.827113
vt 0.359495 0.827051
vt 0.359495 0.955765
vt 0.321222 0.939572
vt 0.593956 0.664413
vt 0.568524 0.624595
vt 0.697216 0.623582
vt 0.697219 0.665316
vt 0.362285 0.137138
vt 0.395362 0.123885
vt 0.422710 0.259159
vt 0.380902 0.259792
vt 0.423370 0.389762
vt 0.381261 0.389754
vt 0.170686 -0.000000
vt 0.207310 0.000005
vt 0.197476 0.128057
vt 0.168430 0.133664
vt 0.207101 0.263875
vt 0.170254 0.255089
vt 0.212811 0.388808
vt 0.171152 0.388803
vt 0.761946 0.039654
vt 0.767558 -0.000000
vt 0.894811 0.013613
vt 0.894811 0.040086
vt 0.465971 0.151333
vt 0.423370 0.134719
vt 0.423997 0.000206
vt 0.465841 0.000165
vt 0.048883 0.778198
vt 0.011719 0.778320
vt 0.000000 0.646229
vt 0.042287 0.635950
vt 0.897686 0.255284
vt 0.934961 0.253825
vt 0.935874 0.389769
vt 0.897731 0.389797
vt 0.894437 0.596823
vt 0.856074 0.596752
vt 0.854549 0.468432
vt 0.892673 0.464685
vt 0.804576 0.235736
vt 0.842958 0.230669
vt 0.842930 0.367943
vt 0.804576 0.367952
vt 0.895748 0.520840
vt 0.934215 0.514762
vt 0.933208 0.650625
vt 0.894811 0.647309
vt 0.934720 0.778669
vt 0.896215 0.778749
vt 0.167588 0.527539
vt 0.123451 0.510359
vt 0.125384 0.389084
vt 0.166255 0.388950
vt 0.083395 0.523799
vt 0.082669 0.389225
vt 0.040944 0.518877
vt 0.043038 0.389356
vt 0.195353 0.646249
vt 0.168106 0.652747
vt 0.204141 0.519776
vt 0.124641 0.645607
vt 0.082504 0.658755
vt 0.204210 0.777686
vt 0.168524 0.777803
vt 0.127650 0.777938
vt 0.084900 0.778079
vt 0.591550 0.126055
vt 0.548817 0.135985
vt 0.549261 0.000082
vt 0.591111 0.000041
vt 0.506990 0.128765
vt 0.507543 0.000123
vt 0.589758 0.249947
vt 0.549674 0.263450
vt 0.506699 0.244877
vt 0.480570 0.267066
vt 0.632978 0.389769
vt 0.591945 0.389810
vt 0.605714 0.264599
vt 0.549558 0.389851
vt 0.506941 0.389893
vt 0.465368 0.389934
vt 0.782355 0.206433
vt 0.785177 0.165597
vt 0.894811 0.165858
vt 0.894811 0.207883
vt 0.761539 0.123977
vt 0.894811 0.123590
vt 0.771418 0.082270
vt 0.894811 0.081944
vt 0.012867 0.264921
vt 0.046044 0.255906
vt 0.044587 0.388808
vt -0.000000 0.388806
vt 0.085857 0.259858
vt 0.086319 0.388808
vt 0.128435 0.258240
vt 0.128597 0.388808
vt 0.002948 0.128293
vt 0.044984 0.132941
vt 0.086429 0.126556
vt 0.127556 0.127737
vt 0.011856 0.000000
vt 0.047539 0.000001
vt 0.086435 0.000001
vt 0.295765 0.251076
vt 0.339051 0.253302
vt 0.339750 0.389744
vt 0.296598 0.389742
vt 0.297358 0.136670
vt 0.339471 0.126308
vt 0.212811 -0.000000
vt 0.256085 0.000011
vt 0.270273 0.123766
vt 0.229033 0.126956
vt 0.296869 0.000019
vt 0.341078 0.000031
vt 0.381237 0.000039
vt 0.565548 0.791689
vt 0.574416 0.749243
vt 0.697217 0.749905
vt 0.697219 0.791615
vt 0.566061 0.707800
vt 0.697213 0.708391
vt 0.423372 0.515170
vt 0.423370 0.475264
vt 0.555617 0.474209
vt 0.552537 0.513981
vt 0.212812 0.599562
vt 0.212811 0.558269
vt 0.361088 0.557064
vt 0.345028 0.599480
vt 0.212811 0.514237
vt 0.340284 0.516037
vt 0.212812 0.472825
vt 0.336518 0.473889
vt 0.168334 0.903982
vt 0.129464 0.902608
vt 0.129898 0.862810
vt 0.168295 0.861801
vt 0.208067 0.985670
vt 0.168575 0.985449
vt 0.169768 0.945940
vt 0.208383 0.944872
vt 0.168575 0.902220
vt 0.207055 0.902967
vt 0.169135 0.860880
vt 0.207926 0.861384
vt 0.168996 0.818331
vt 0.207370 0.818656
vt 0.170302 0.778320
vt 0.189985 0.778730
vt 0.169049 0.799493
vt 0.417928 0.434910
vt 0.403379 0.449015
vt 0.417909 0.434936
vt 0.403379 0.419534
vt 0.051801 0.982713
vt 0.051762 0.965965
vt 0.051889 0.983041
vt 0.030558 0.983033
vt 0.418122 0.404694
vt 0.403379 0.419534
vt 0.403379 0.389762
vt 0.551232 0.577586
vt 0.534049 0.556685
vt 0.560792 0.535846
vt 0.559159 0.557601
vt 0.568497 0.432464
vt 0.552342 0.454048
vt 0.504971 0.432595
vt 0.554550 0.412245
vt 0.255267 0.233686
vt 0.276245 0.250977
vt 0.255372 0.276516
vt 0.233822 0.254396
vt 0.077101 0.845651
vt 0.077134 0.867131
vt 0.077110 0.888140
vt 0.077133 0.866920
vt 0.580351 0.831884
vt 0.562436 0.810492
vt 0.697218 0.800493
vt 0.697219 0.817243
vt 0.207579 0.779073
vt 0.895066 0.784168
vt 0.912008 0.778749
vt 0.932686 0.793729
vt 0.932686 0.910636
vt 0.911845 0.911083
vt 0.894811 0.911449
vt 0.188872 0.388875
vt 0.209137 0.388808
vt 0.986905 0.139348
vt 0.987346 0.096201
vt 1.000000 0.096226
vt 0.999559 0.139335
vt 0.896127 0.389875
vt 0.917172 0.389832
vt 0.934720 0.389797
vt 0.403379 0.514897
vt 0.365087 0.513550
vt 0.361088 0.389762
vt 0.382193 0.389766
vt 0.399185 0.389769
vt 0.401991 0.000043
vt 0.423370 0.000047
vt 0.423370 0.599248
vt 0.423371 0.578262
vt 0.423372 0.557138
vt 0.547233 0.597422
vt 0.423370 0.827777
vt 0.441251 0.827692
vt 0.461786 0.827594
vt 0.461786 0.951471
vt 0.423719 0.944294
vt 0.423372 0.431111
vt 0.423375 0.389976
vt 0.560629 0.389975
vt 0.129941 0.842679
vt 0.149660 0.820977
vt 0.167307 0.820588
vt 0.129752 0.800858
vt 0.129499 0.778534
vt 0.168575 0.778320
vt 0.215731 0.253801
vt 0.256104 0.389727
vt 0.213660 0.389718
vt 0.128650 0.000002
vt 0.150131 0.000001
vt 0.107641 0.000002
vt 0.115830 0.909049
vt 0.116107 0.866302
vt 0.128756 0.866334
vt 0.128478 0.909079
vt 0.987292 0.054692
vt 0.999946 0.054664
vt 0.115722 0.945065
vt 0.128370 0.945046
vt 0.947807 0.842841
vt 0.964884 0.843129
vt 0.964846 0.855804
vt 0.937892 0.850716
vt 0.987311 0.012586
vt 0.995482 0.002910
vt 0.115612 0.982227
vt 0.124907 0.990791
vt 0.877591 0.853663
vt 0.877565 0.840987
vt 0.890214 0.841022
vt 0.838848 0.841592
vt 0.838874 0.854267
vt 0.986052 0.716969
vt 0.985974 0.676186
vt 0.998623 0.676175
vt 0.998701 0.716939
vt 0.948562 0.054842
vt 0.948533 0.096689
vt 0.935879 0.096724
vt 0.935908 0.054845
vt 0.986214 0.402472
vt 0.968562 0.402727
vt 0.968579 0.390052
vt 0.986231 0.389797
vt 0.947373 0.423263
vt 0.947374 0.445878
vt 0.934720 0.445875
vt 0.934720 0.423197
vt 0.985922 0.761177
vt 0.998570 0.761180
vt 0.948984 0.138403
vt 0.936330 0.138432
vt 0.969838 0.012664
vt 0.969874 0.000000
vt 0.986000 0.801335
vt 0.998648 0.801328
vt 0.948528 0.180104
vt 0.935874 0.180104
vt 0.051683 0.957087
vt 0.051643 0.915380
vt 0.064297 0.915345
vt 0.064337 0.957026
vt 0.948637 0.221945
vt 0.940034 0.231216
vt 0.948528 0.033991
vt 0.935874 0.034025
vt 0.051762 0.873870
vt 0.064416 0.873806
vt 0.947698 0.759423
vt 0.947368 0.801808
vt 0.934719 0.801843
vt 0.935049 0.759426
vt 0.013228 0.983123
vt 0.030773 0.995596
vt 0.004295 0.992029
vt 0.051237 0.830797
vt 0.063891 0.830744
vt 0.947463 0.716807
vt 0.934815 0.716836
vt 0.064416 0.965876
vt 0.051248 0.789066
vt 0.058040 0.778367
vt 0.947389 0.675236
vt 0.934740 0.675268
vt 0.064462 0.888203
vt 0.064485 0.866955
vt 0.012558 0.788867
vt 0.005547 0.778320
vt 0.947240 0.633927
vt 0.937882 0.625479
vt 0.064453 0.845657
vt 0.115989 0.789743
vt 0.077371 0.788474
vt 0.069817 0.778320
vt 0.125020 0.780870
vt 0.306778 0.955611
vt 0.268423 0.955585
vt 0.268248 0.827051
vt 0.285795 0.827061
vt 0.306851 0.827074
vt 0.423370 0.650993
vt 0.423437 0.599248
vt 0.548909 0.603820
vt 0.548827 0.650561
vt 0.568518 0.444248
vt 0.568497 0.402543
vt 0.697018 0.403525
vt 0.697041 0.444705
vt 0.697219 0.440576
vt 0.697222 0.405204
vt 0.825586 0.389975
vt 0.825584 0.439771
vt 0.212811 0.650694
vt 0.212814 0.599562
vt 0.338289 0.610773
vt 0.338287 0.656531
vt 0.697219 0.671832
vt 0.697220 0.621175
vt 0.825758 0.618915
vt 0.825756 0.668992
vt 0.362168 0.780258
vt 0.417479 0.779539
vt 0.417479 0.905019
vt 0.361088 0.905752
vt 0.697220 0.795038
vt 0.697220 0.754122
vt 0.825757 0.752534
vt 0.825757 0.796625
vt 0.697219 0.711414
vt 0.825756 0.711130
vt 0.212811 0.775961
vt 0.212811 0.734079
vt 0.338286 0.735247
vt 0.338287 0.776160
vt 0.212812 0.692367
vt 0.338287 0.692500
vt 0.697223 0.618915
vt 0.697219 0.566348
vt 0.825584 0.566350
vt 0.825586 0.615219
vt 0.697219 0.524053
vt 0.825584 0.523932
vt 0.697219 0.482430
vt 0.825584 0.481340
vt 0.568602 0.570814
vt 0.568576 0.529106
vt 0.697095 0.528789
vt 0.697122 0.570729
vt 0.568549 0.486845
vt 0.697068 0.488900
vt 0.423455 0.827594
vt 0.423386 0.776126
vt 0.548844 0.773682
vt 0.548909 0.818344
vt 0.423388 0.735671
vt 0.548839 0.734832
vt 0.633125 0.178672
vt 0.633125 0.136988
vt 0.761471 0.137132
vt 0.761471 0.177897
vt 0.633123 0.095447
vt 0.761476 0.092890
vt 0.633130 0.052381
vt 0.761476 0.052740
vt 0.268248 0.953033
vt 0.213107 0.952522
vt 0.212811 0.827051
vt 0.237806 0.827293
vt 0.268248 0.827569
vt 0.212814 0.827051
vt 0.212811 0.796782
vt 0.338289 0.820701
vt 0.697221 0.837950
vt 0.697221 0.817716
vt 0.825758 0.837966
vt 0.633226 -0.000000
vt 0.761539 0.001581
vt 0.761476 0.032034
vt 0.691616 0.230683
vt 0.719076 0.230669
vt 0.748531 0.230677
vt 0.746749 0.359037
vt 0.694709 0.359037
vt 0.804576 0.360064
vt 0.777854 0.359585
vt 0.748531 0.359064
vt 0.748531 0.230669
vt 0.804445 0.231668
vt 0.633175 0.212987
vt 0.633124 0.187524
vt 0.761539 0.230669
vt 0.633123 0.230669
vt 0.691616 0.230669
vt 0.690424 0.359206
vt 0.661275 0.359209
vt 0.634719 0.359208
vt 0.568682 0.623582
vt 0.697134 0.591841
vt 0.697219 0.622924
vt 0.423375 0.692558
vt 0.548830 0.671140
vt 0.548834 0.692439
vt 0.548836 0.713688
vt 0.986053 0.822087
vt 0.998701 0.822034
vt 0.115881 0.825427
vt 0.128530 0.825421
vt 0.987330 0.179841
vt 0.999984 0.179789
vt 0.947381 0.569087
vt 0.947227 0.612123
vt 0.937090 0.619717
vt 0.934727 0.569071
vt 0.077065 0.825097
vt 0.064416 0.825079
vt 0.877370 0.673831
vt 0.877392 0.652707
vt 0.890041 0.652712
vt 0.890018 0.673823
vt 0.568698 0.389975
vt 0.697219 0.390957
vt 0.947389 0.529459
vt 0.934735 0.529492
vt 0.077083 0.909345
vt 0.077064 0.948240
vt 0.064416 0.948196
vt 0.064434 0.909347
vt 0.986040 0.632913
vt 0.994338 0.623426
vt 0.947422 0.486746
vt 0.934768 0.486787
vt 0.986467 0.444130
vt 0.998868 0.402412
vt 0.999121 0.444115
vt 0.987351 0.222282
vt 0.996266 0.231243
vt 0.856456 0.631576
vt 0.838317 0.631799
vt 0.829576 0.622643
vt 0.855850 0.618915
vt 0.986149 0.486681
vt 0.998803 0.486708
vt 0.076948 0.983922
vt 0.067985 0.992843
vt 0.838876 0.672640
vt 0.826228 0.672715
vt 0.986088 0.528956
vt 0.998742 0.528966
vt 0.986170 0.615270
vt 0.986100 0.570685
vt 0.998754 0.570672
vt 0.995851 0.623426
vt 0.948496 0.012833
vt 0.939708 0.003743
vt 0.838739 0.714859
vt 0.826091 0.714851
vt 0.012756 0.830888
vt 0.000102 0.830923
vt 0.838514 0.756269
vt 0.825865 0.756253
vt 0.947380 0.403031
vt 0.947397 0.390355
vt 0.877652 0.799853
vt 0.890300 0.799843
vt 0.934726 0.402965
vt 0.838406 0.800300
vt 0.825758 0.800342
vt 0.877652 0.755701
vt 0.890300 0.755649
vt 0.986098 0.843466
vt 0.994978 0.852505
vt 0.877461 0.715797
vt 0.890109 0.715762
vt 0.826200 0.841682
vt 0.061384 0.991338
vt 0.013088 0.956652
vt 0.000434 0.956686
vt 0.013051 0.914797
vt 0.000397 0.914834
vt 0.877420 0.630949
vt 0.886024 0.621653
vt 0.012654 0.873155
vt 0.000000 0.873216
vt 0.321161 0.827051
vt 0.321089 0.955588
vt 0.417899 0.470079
vt 0.423203 0.474644
vt 0.416159 0.474647
vt 0.404896 0.474308
vt 0.410837 0.470621
vt 0.408516 0.477133
vt 0.415737 0.557269
vt 0.415144 0.564114
vt 0.409702 0.560089
vt 0.344145 0.691052
vt 0.345329 0.684061
vt 0.349680 0.689737
vt 0.638987 0.379455
vt 0.640238 0.372939
vt 0.644635 0.379444
vt 0.420882 0.481156
vt 0.416159 0.487665
vt 0.413951 0.481157
vt 0.423203 0.487662
vt 0.417899 0.492226
vt 0.408516 0.485178
vt 0.410837 0.491685
vt 0.404896 0.487996
vt 0.409702 0.568134
vt 0.415737 0.570957
vt 0.553757 0.668245
vt 0.554965 0.675242
vt 0.549389 0.673858
vt 0.640238 0.385957
vt 0.633123 0.375433
vt 0.633533 0.368912
vt 0.338289 0.695009
vt 0.345329 0.696503
vt 0.338289 0.687319
vt 0.338578 0.679710
vt 0.344636 0.678106
vt 0.422101 0.560091
vt 0.422101 0.568136
vt 0.560493 0.663865
vt 0.554401 0.662212
vt 0.560825 0.671525
vt 0.560825 0.679165
vt 0.553757 0.680607
vt 0.633533 0.389975
vt 0.633123 0.383478
vt 0.420959 0.553579
vt 0.420959 0.574643
vt 0.685956 0.374217
vt 0.687158 0.368912
vt 0.691522 0.375659
vt 0.404868 0.452703
vt 0.410951 0.449016
vt 0.409467 0.455528
vt 0.404868 0.466391
vt 0.403379 0.459548
vt 0.409467 0.463573
vt 0.415704 0.682473
vt 0.414515 0.689469
vt 0.410160 0.683833
vt 0.415726 0.585189
vt 0.417451 0.578674
vt 0.422101 0.585180
vt 0.421719 0.459549
vt 0.417039 0.466058
vt 0.415226 0.459551
vt 0.423203 0.466055
vt 0.414515 0.677072
vt 0.410951 0.470079
vt 0.417039 0.453041
vt 0.687159 0.381221
vt 0.423203 0.453037
vt 0.417451 0.591692
vt 0.409927 0.581164
vt 0.411237 0.574643
vt 0.421561 0.678529
vt 0.421561 0.686191
vt 0.421263 0.693830
vt 0.415196 0.695468
vt 0.567483 0.605759
vt 0.560582 0.609782
vt 0.561520 0.602937
vt 0.567483 0.613805
vt 0.561520 0.616624
vt 0.680419 0.385601
vt 0.686504 0.387300
vt 0.680097 0.377910
vt 0.680097 0.370303
vt 0.411237 0.595706
vt 0.409927 0.589209
vt 0.567245 0.599248
vt 0.567245 0.620311
vt 0.554506 0.602744
vt 0.553645 0.609431
vt 0.548909 0.605819
vt 0.343893 0.664829
vt 0.343036 0.671892
vt 0.338289 0.666750
vt 0.415760 0.606553
vt 0.417383 0.599905
vt 0.421990 0.606333
vt 0.555232 0.686235
vt 0.556339 0.680607
vt 0.560635 0.687405
vt 0.339900 0.638007
vt 0.338289 0.631135
vt 0.343993 0.635044
vt 0.343993 0.627001
vt 0.349604 0.630974
vt 0.556339 0.693203
vt 0.351638 0.624525
vt 0.345935 0.620616
vt 0.417383 0.612896
vt 0.356363 0.631036
vt 0.358305 0.624652
vt 0.342294 0.659824
vt 0.351638 0.637537
vt 0.358305 0.637664
vt 0.343893 0.678106
vt 0.338289 0.674554
vt 0.345934 0.641671
vt 0.554506 0.616390
vt 0.548909 0.613840
vt 0.549541 0.697480
vt 0.555489 0.698981
vt 0.549389 0.689988
vt 0.549389 0.682204
vt 0.411036 0.616726
vt 0.409927 0.610526
vt 0.409927 0.602497
vt 0.411036 0.595706
vt 0.349516 0.660687
vt 0.349974 0.668145
vt 0.349974 0.675949
vt 0.560582 0.605370
vt 0.560582 0.613391
vt 0.560134 0.599248
vt 0.560134 0.620247
vt 0.416089 0.550083
vt 0.416652 0.543359
vt 0.422161 0.547127
vt 0.697349 0.382226
vt 0.698366 0.375185
vt 0.702557 0.380466
vt 0.650216 0.379049
vt 0.649005 0.385749
vt 0.644635 0.379409
vt 0.415693 0.671346
vt 0.414310 0.677072
vt 0.409829 0.670390
vt 0.416089 0.536418
vt 0.418616 0.532416
vt 0.422161 0.539095
vt 0.422161 0.525784
vt 0.415560 0.530331
vt 0.416050 0.523590
vt 0.421360 0.532416
vt 0.414310 0.664426
vt 0.409271 0.525435
vt 0.408470 0.532067
vt 0.649005 0.372775
vt 0.411986 0.517861
vt 0.404896 0.519597
vt 0.408608 0.513658
vt 0.419952 0.518077
vt 0.415578 0.512239
vt 0.422161 0.514025
vt 0.420908 0.659986
vt 0.414582 0.658698
vt 0.421561 0.667421
vt 0.421561 0.675237
vt 0.655738 0.368912
vt 0.656076 0.375014
vt 0.656076 0.383033
vt 0.655738 0.389905
vt 0.691522 0.386243
vt 0.698327 0.387300
vt 0.691547 0.378755
vt 0.691522 0.370967
vt 0.697308 0.368976
vt 0.409702 0.547346
vt 0.409702 0.539314
vt 0.410915 0.553579
vt 0.410915 0.532551
vt 0.356694 0.603271
vt 0.358306 0.610080
vt 0.352606 0.605942
vt 0.554479 0.624111
vt 0.553604 0.631075
vt 0.548909 0.626638
vt 0.662148 0.374410
vt 0.661585 0.381451
vt 0.656076 0.376119
vt 0.416128 0.647821
vt 0.417253 0.641585
vt 0.421561 0.648246
vt 0.356694 0.616953
vt 0.350660 0.620616
vt 0.352606 0.613984
vt 0.344960 0.616478
vt 0.346997 0.609912
vt 0.417253 0.654547
vt 0.340235 0.609977
vt 0.338289 0.616610
vt 0.659622 0.368912
vt 0.344960 0.603466
vt 0.338289 0.603597
vt 0.662148 0.387093
vt 0.656076 0.383574
vt 0.350660 0.599562
vt 0.554479 0.637751
vt 0.548909 0.634656
vt 0.672951 0.375187
vt 0.674231 0.382185
vt 0.668535 0.380580
vt 0.680097 0.385974
vt 0.672951 0.387247
vt 0.410464 0.658698
vt 0.410282 0.651779
vt 0.410282 0.643768
vt 0.410464 0.637725
vt 0.667322 0.369789
vt 0.668535 0.377539
vt 0.668535 0.384994
vt 0.560536 0.627125
vt 0.560536 0.635143
vt 0.679635 0.370718
vt 0.673444 0.368912
vt 0.680097 0.378520
vt 0.560125 0.620247
vt 0.560125 0.641238
vt 0.344698 0.659824
vt 0.345230 0.653549
vt 0.350811 0.656571
vt 0.555243 0.658371
vt 0.556247 0.651403
vt 0.560536 0.655914
vt 0.355222 0.683801
vt 0.354034 0.690746
vt 0.349680 0.684868
vt 0.415693 0.627589
vt 0.414371 0.633878
vt 0.409927 0.627262
vt 0.344698 0.646462
vt 0.347319 0.641671
vt 0.350811 0.648717
vt 0.423042 0.505590
vt 0.416565 0.510314
vt 0.416873 0.503563
vt 0.422420 0.512239
vt 0.414371 0.620900
vt 0.410147 0.505590
vt 0.409525 0.512239
vt 0.404896 0.506838
vt 0.412656 0.497946
vt 0.405616 0.499870
vt 0.409166 0.493833
vt 0.420625 0.497946
vt 0.416095 0.492226
vt 0.555243 0.644741
vt 0.560536 0.647903
vt 0.339580 0.642149
vt 0.421021 0.616726
vt 0.421561 0.623584
vt 0.421561 0.631605
vt 0.421021 0.637725
vt 0.361079 0.679806
vt 0.354034 0.678106
vt 0.361079 0.687618
vt 0.360783 0.695067
vt 0.354718 0.696473
vt 0.549389 0.655294
vt 0.549389 0.647283
vt 0.338289 0.657343
vt 0.338289 0.649489
vt 0.549440 0.662211
vt 0.549440 0.641237
vt 0.630110 0.142003
vt 0.617690 0.126564
vt 0.632972 0.119144
vt 0.632832 0.128326
vt 0.025370 0.516204
vt 0.010280 0.521410
vt 0.010154 0.513536
vt 0.008899 0.498209
vt 0.454421 0.260844
vt 0.439405 0.265149
vt 0.439784 0.257362
vt 0.437402 0.241966
vt 0.152269 0.946311
vt 0.166765 0.939710
vt 0.167519 0.953662
vt 0.167745 0.960566
vt 0.611963 0.000021
vt 0.633123 0.000000
vt 0.400004 0.637531
vt 0.384392 0.651180
vt 0.361278 0.648906
vt 0.399624 0.779539
vt 0.378432 0.779534
vt 0.361088 0.779530
vt 0.399592 0.668110
vt 0.894642 0.316704
vt 0.879657 0.331976
vt 0.857187 0.331804
vt 0.854549 0.207883
vt 0.893448 0.207956
vt 0.000000 0.389498
vt 0.894563 0.347478
vt 0.895170 0.148017
vt 0.909813 0.130436
vt 0.932748 0.126961
vt 0.424059 0.389975
vt 0.897517 0.000028
vt 0.935874 0.000000
vt 0.895124 0.117379
vt 0.168575 0.986004
vt 0.129496 0.986093
vt 0.129233 0.966222
vt 0.149816 0.946193
vt 0.212812 0.430604
vt 0.335638 0.430691
vt 0.346144 0.445328
vt 0.212811 0.389762
vt 0.329330 0.391930
vt 0.343524 0.417239
vt 0.128756 0.924397
vt 0.325000 0.727273
vt 0.375000 0.727273
vt 0.375000 0.750000
vt 0.325000 0.750000
vt 0.825000 0.590909
vt 0.875000 0.590909
vt 0.875000 0.613636
vt 0.825000 0.613636
vt 0.825000 0.636364
vt 0.875000 0.636364
vt 0.875000 0.659091
vt 0.825000 0.659091
vt 0.875000 0.681818
vt 0.825000 0.681818
vt 0.875000 0.704545
vt 0.825000 0.704545
vt 0.325000 0.590909
vt 0.375000 0.590909
vt 0.375000 0.613636
vt 0.325000 0.613636
vt 0.325000 0.636364
vt 0.375000 0.636364
vt 0.375000 0.659091
vt 0.325000 0.659091
vt 0.625000 0.590909
vt 0.625000 0.613636
vt 0.625000 0.636364
vt 0.625000 0.659091
vt 0.625000 0.000000
vt 0.625000 0.022727
vt 0.375000 0.022727
vt 0.175000 0.681818
vt 0.225000 0.681818
vt 0.225000 0.704545
vt 0.175000 0.704545
vt 0.275000 0.681818
vt 0.275000 0.704545
vt 0.325000 0.681818
vt 0.325000 0.704545
vt 0.175000 0.659091
vt 0.225000 0.659091
vt 0.275000 0.659091
vt 0.175000 0.636364
vt 0.225000 0.636364
vt 0.275000 0.636364
vt 0.175000 0.590909
vt 0.225000 0.590909
vt 0.225000 0.613636
vt 0.175000 0.613636
vt 0.275000 0.590909
vt 0.275000 0.613636
vt 0.625000 0.681818
vt 0.675000 0.681818
vt 0.675000 0.704545
vt 0.625000 0.704545
vt 0.725000 0.681818
vt 0.725000 0.704545
vt 0.775000 0.681818
vt 0.775000 0.704545
vt 0.675000 0.659091
vt 0.725000 0.659091
vt 0.775000 0.659091
vt 0.675000 0.636364
vt 0.725000 0.636364
vt 0.725000 0.590909
vt 0.775000 0.590909
vt 0.775000 0.613636
vt 0.725000 0.613636
vt 0.725000 0.727273
vt 0.775000 0.727273
vt 0.775000 0.750000
vt 0.725000 0.750000
vt 0.125000 0.727273
vt 0.175000 0.727273
vt 0.175000 0.750000
vt 0.225000 0.727273
vt 0.225000 0.750000
vt 0.275000 0.727273
vt 0.275000 0.750000
vt 0.375000 0.850000
vt 0.625000 0.850000
vt 0.625000 0.900000
vt 0.375000 0.900000
vt 0.128858 0.702757
vt 0.148607 0.704545
vt 0.125000 0.708269
vt 0.125728 0.704545
vt 0.625000 0.731398
vt 0.490981 0.727273
vt 0.650155 0.727273
vt 0.625000 0.774290
vt 0.624074 0.790716
vt 0.625000 0.812171
vt 0.489003 0.800000
vt 0.490115 0.950000
vt 0.623570 0.937204
vt 0.625000 0.950000
vt 0.625000 0.974063
vt 0.675000 0.587203
vt 0.700923 0.590909
vt 0.675000 0.594631
vt 0.647902 0.590909
vt 0.800417 0.636364
vt 0.775000 0.640275
vt 0.749981 0.636364
vt 0.775000 0.632667
vt 0.125000 0.590909
vt 0.150226 0.613636
vt 0.125000 0.611610
vt 0.375000 0.140417
vt 0.512462 0.136364
vt 0.625000 0.136364
vt 0.625000 0.159091
vt 0.375000 0.159091
vt 0.125000 0.681818
vt 0.375000 0.049031
vt 0.511381 0.045455
vt 0.625000 0.045455
vt 0.625000 0.068182
vt 0.375000 0.068182
vt 0.675000 0.727273
vt 0.675000 0.746074
vt 0.649290 0.750000
vt 0.625000 0.750000
vt 0.375000 0.800000
vt 0.699343 0.750000
vt 0.825000 0.727273
vt 0.875000 0.727273
vt 0.875000 0.750000
vt 0.849064 0.750000
vt 0.825000 0.746040
vt 0.375000 0.950000
vt 0.625000 1.000000
vt 0.799407 0.750000
vt 0.675000 0.613636
vt 0.375000 0.113636
vt 0.625000 0.113636
vt 0.375000 0.041731
vt 0.375000 0.704545
vt 0.375000 0.133183
vt 0.125000 0.616817
vt 0.125000 0.636364
vt 0.625000 0.723212
vt 0.125000 0.613823
vt 0.181819 0.314921
vt 0.272728 0.314921
vt 0.227273 0.393651
vt 0.000000 0.314921
vt 0.090910 0.314921
vt 0.045455 0.393651
vt 0.727273 0.314921
vt 0.818182 0.314921
vt 0.772727 0.393651
vt 0.545455 0.314921
vt 0.636364 0.314921
vt 0.590909 0.393651
vt 0.363637 0.314921
vt 0.454546 0.314921
vt 0.409092 0.393651
vt 0.500000 0.393651
vt 0.454546 0.472382
vt 0.681818 0.393651
vt 0.636364 0.472382
vt 0.863636 0.393651
vt 0.818182 0.472382
vt 0.909091 0.314921
vt 0.136365 0.393651
vt 0.090910 0.472382
vt 0.318182 0.393651
vt 0.272728 0.472382
vt 0.409092 0.236191
vt 0.500000 0.236191
vt 0.590909 0.236191
vt 0.681818 0.236191
vt 0.772727 0.236191
vt 0.863636 0.236191
vt 0.045455 0.236191
vt 0.136365 0.236191
vt 0.227273 0.236191
vt 0.318182 0.236191
vt 0.954545 0.236191
vt 0.125000 0.649811
vt 0.174922 0.659091
vt 0.125000 0.663912
vt 0.125743 0.658522
vt 0.325070 0.681818
vt 0.375000 0.672628
vt 0.624715 0.681818
vt 0.375000 0.691636
vt 0.625000 0.090909
vt 0.624720 0.090909
vt 0.375000 0.081266
vt 0.375000 0.100189
vt 0.875000 0.598243
vt 0.375000 0.663249
vt 0.347036 0.659091
vt 0.530427 0.659091
vt 0.375000 0.599611
vt 0.532501 0.602273
vt 0.341692 0.602273
vt 0.375000 0.090909
vt 0.125000 0.659091
vt 0.175000 0.602273
vt 0.225000 0.602273
vt 0.275000 0.602273
vt 0.325000 0.602273
vt 0.625000 0.602273
vt 0.375000 0.681818
vt 0.375000 0.155066
vt 0.375822 0.153314
vt 0.495427 0.152566
vt 0.375251 0.152444
vt 0.625000 0.151757
vt 0.125000 0.599245
vt 0.141435 0.598940
vt 0.125000 0.595371
vt 0.375000 0.654920
vt 0.375000 0.604936
s 0
usemtl Dunkles_Holz_Sarg
f 23/1/1 30/2/1 31/3/1 22/4/1
f 26/5/2 28/6/2 29/7/2 25/8/2
f 81/40/16 82/41/16 83/41/16 84/42/16
f 97/54/19 98/20/19 99/55/19 100/56/19
f 101/57/20 102/58/20 103/59/20
f 104/18/21 105/60/21 106/61/21 107/62/21
f 111/65/23 112/18/23 113/66/23
f 114/67/24 115/68/24 116/69/24 117/70/24
f 118/71/25 119/28/25 120/27/25 121/72/25
f 122/73/26 123/32/26 124/31/26 125/74/26
f 145/77/31 146/78/31 147/79/31 148/80/31
f 32/84/33 35/85/33 11/81/33 88/46/33 87/45/33 1/86/33
f 11/81/33 35/85/33 34/20/33 45/20/33 44/87/33 12/81/33
f 1/88/34 3/69/34 57/26/34 60/29/34 33/10/34 32/9/34
f 40/16/35 39/15/35 61/30/35 64/33/35 6/1/35 37/13/35 36/12/35
f 38/14/2 37/13/2 6/1/2 15/2/2 86/89/2 85/90/2
f 11/81/33 41/17/33 40/16/33 36/12/33 38/14/33 85/43/33 88/46/33
f 62/31/36 61/30/36 39/15/36 42/18/36 2/18/36 73/37/36 76/31/36
f 42/18/33 41/17/33 11/81/33 12/81/33 2/18/33
f 12/81/33 44/87/33 43/20/33 49/20/33 48/21/33 13/81/33
f 43/11/37 46/10/37 72/29/37 71/28/37 9/5/37 47/10/37 49/11/37
f 48/91/1 47/10/1 9/5/1 90/48/1 89/47/1 13/92/1
f 13/92/1 89/47/1 92/50/1 10/93/1 50/22/1 52/23/1
f 74/31/38 73/37/38 2/18/38 51/18/38 50/22/38 10/93/38
f 2/18/33 12/81/33 13/81/33 52/23/33 51/18/33
f 3/69/34 4/94/34 53/24/34 56/25/34 58/27/34 57/26/34
f 54/8/39 53/24/39 4/94/39 19/94/39 20/8/39
f 7/8/39 55/8/39 54/8/39 20/8/39 129/8/39 128/8/39
f 64/33/35 63/32/35 5/41/35 66/35/35 65/34/35 6/1/35
f 5/41/36 63/32/36 62/31/36 76/31/36 75/32/36 8/41/36
f 6/1/2 65/34/2 68/36/2 95/53/2 94/52/2 15/2/2
f 96/3/39 95/53/39 68/36/39 67/4/39 22/4/39 31/3/39
f 67/4/39 66/35/39 5/41/39 21/41/39 22/4/39
f 71/28/37 70/27/37 7/8/37 78/38/37 77/25/37 9/5/37
f 8/41/38 75/32/38 74/31/38 10/93/38 84/42/38 83/41/38
f 9/5/1 77/25/1 80/39/1 14/7/1 91/49/1 90/48/1
f 14/7/39 80/39/39 79/8/39 25/8/39 29/7/39
f 79/8/39 78/38/39 7/8/39 128/8/39 127/8/39 25/8/39
f 92/50/1 91/49/1 14/7/1 81/40/1 84/42/1 10/93/1
f 82/41/39 81/40/39 14/7/39 29/7/39 141/76/39 140/41/39
f 8/41/39 83/41/39 82/41/39 140/41/39 139/41/39 132/41/39 131/41/39
f 87/95/2 86/89/2 15/2/2 3/96/2 1/97/2
f 4/98/39 93/51/39 96/3/39 31/3/39 19/98/39
f 15/2/2 94/52/2 93/51/2 4/98/2 3/96/2
f 97/54/40 100/56/40 16/86/40 146/78/40 145/77/40 142/99/40 144/100/40
f 16/88/35 100/101/35 99/102/35 118/71/35 121/72/35 114/67/35 117/70/35
f 99/102/41 98/11/41 17/11/41 24/5/41 119/28/41 118/71/41
f 107/62/34 106/61/34 103/59/34 102/58/34 23/1/34 122/73/34 125/74/34
f 102/58/1 101/57/1 148/103/1 147/104/1 30/2/1 23/1/1
f 143/105/42 142/99/42 145/77/42 148/80/42 101/57/42 103/59/42 106/61/42 105/60/42
f 125/74/43 124/31/43 134/31/43 137/75/43 18/18/43 104/18/43 107/62/43
f 110/106/2 109/107/2 152/108/2 151/109/2 28/6/2 26/5/2
f 17/11/44 108/11/44 110/106/44 26/5/44 24/5/44
f 151/109/2 150/110/2 111/65/2 113/66/2 27/93/2 28/6/2
f 137/75/45 136/31/45 27/93/45 113/66/45 112/18/45 18/18/45
f 30/2/1 116/111/1 115/112/1 19/98/1 31/3/1
f 147/104/1 146/113/1 16/97/1 117/114/1 116/111/1 30/2/1
f 115/68/35 114/67/35 121/72/35 120/27/35 20/8/35 19/94/35
f 120/27/46 119/28/46 24/5/46 126/25/46 129/8/46 20/8/46
f 21/41/47 130/41/47 133/42/47 135/32/47 134/31/47 124/31/47 123/32/47
f 123/32/34 122/73/34 23/1/34 22/4/34 21/41/34
f 24/5/48 26/5/48 25/8/48 127/8/48 126/25/48
f 133/42/49 132/41/49 139/41/49 138/42/49 27/93/49 136/31/49 135/32/49
f 5/41/39 8/41/39 131/41/39 130/41/39 21/41/39
f 28/6/2 27/93/2 138/42/2 141/76/2 29/7/2
f 55/8/161 7/8/161 70/27/161 69/28/161 59/28/161 58/27/161 56/25/161
f 33/10/161 60/29/161 59/28/161 69/28/161 72/29/161 46/10/161 45/19/161 34/20/161
f 142/99/169 143/105/169 315/105/169 316/100/169 144/100/169
usemtl Helles_Holz
f 32/9/3 33/10/3 34/11/3 35/11/3
f 36/12/4 37/13/4 38/14/4
f 39/15/5 40/16/5 41/17/5 42/18/5
f 43/11/6 44/11/6 45/19/6 46/10/6
f 47/20/7 48/21/7 49/20/7
f 50/22/8 51/18/8 52/23/8
f 53/24/9 54/8/9 55/8/9 56/25/9
f 57/26/10 58/27/10 59/28/10 60/29/10
f 61/30/11 62/31/11 63/32/11 64/33/11
f 65/34/12 66/35/12 67/4/12 68/36/12
f 69/28/13 70/27/13 71/28/13 72/29/13
f 73/37/14 74/31/14 75/32/14 76/31/14
f 77/25/15 78/38/15 79/8/15 80/39/15
f 85/43/17 86/44/17 87/45/17 88/46/17
f 89/47/1 90/48/1 91/49/1 92/50/1
f 93/51/18 94/52/18 95/53/18 96/3/18
f 108/20/22 109/63/22 110/64/22
f 126/25/27 127/8/27 128/8/27 129/8/27
f 130/41/28 131/41/28 132/41/28 133/42/28
f 134/31/29 135/32/29 136/31/29 137/75/29
f 138/42/30 139/41/30 140/41/30 141/76/30
f 149/81/32 150/82/32 151/81/32 152/83/32
f 373/423/240 374/424/240 375/425/240 372/426/240
f 326/427/241 327/428/241 367/429/241 366/430/241
f 366/430/242 367/429/242 368/431/242 365/432/242
f 365/432/243 368/431/243 369/433/243 364/434/243
f 364/434/244 369/433/244 370/435/244 363/436/244
f 475/451/249 476/452/249 477/453/249 478/454/249
f 363/436/254 370/435/254 456/439/254 455/438/254 330/471/254
f 372/426/264 375/425/264 480/506/264 479/507/264 371/508/264
f 371/508/265 479/507/265 482/509/265 325/510/265 324/511/265
f 735/1068/470 736/1069/470 737/1070/470 738/1071/470
f 739/1072/471 740/1073/471 741/1074/471 742/1075/471
f 743/1076/472 744/1077/472 745/1078/472 746/1079/472
f 747/1080/473 748/1081/473 749/1082/473 750/1083/473
f 328/1107/486 329/1108/486 475/1109/486 478/1110/486 747/1080/486 750/1083/486
f 748/1081/489 747/1080/489 478/1110/489 477/1117/489 374/424/489 373/423/489
f 800/423/555 799/426/555 802/425/555 801/424/555
f 753/427/556 793/430/556 794/429/556 754/428/556
f 793/430/557 792/432/557 795/431/557 794/429/557
f 792/432/558 791/434/558 796/433/558 795/431/558
f 791/434/559 790/436/559 797/435/559 796/433/559
f 902/451/564 905/454/564 904/453/564 903/452/564
f 790/436/569 757/471/569 882/438/569 883/439/569 797/435/569
f 799/426/580 798/508/580 906/507/580 907/506/580 802/425/580
f 798/508/581 751/511/581 752/510/581 909/509/581 906/507/581
f 1162/1068/785 1165/1071/785 1164/1070/785 1163/1069/785
f 1166/1072/786 1169/1075/786 1168/1074/786 1167/1073/786
f 1170/1076/787 1173/1079/787 1172/1078/787 1171/1077/787
f 1174/1080/788 1177/1083/788 1176/1082/788 1175/1081/788
f 755/1107/801 1177/1083/801 1174/1080/801 905/1110/801 902/1109/801 756/1108/801
f 1175/1081/804 800/423/804 801/424/804 904/1117/804 905/1110/804 1174/1080/804
f 1227/423/870 1226/426/870 1229/425/870 1228/424/870
f 1180/427/871 1220/430/871 1221/429/871 1181/428/871
f 1220/430/872 1219/432/872 1222/431/872 1221/429/872
f 1219/432/873 1218/434/873 1223/433/873 1222/431/873
f 1218/434/874 1217/436/874 1224/435/874 1223/433/874
f 1329/451/879 1332/454/879 1331/453/879 1330/452/879
f 1217/436/884 1184/471/884 1309/438/884 1310/439/884 1224/435/884
f 1226/426/894 1225/508/894 1333/507/894 1334/506/894 1229/425/894
f 1225/508/895 1178/511/895 1179/510/895 1336/509/895 1333/507/895
f 1589/1068/1098 1592/1071/1098 1591/1070/1098 1590/1069/1098
f 1593/1072/1099 1596/1075/1099 1595/1074/1099 1594/1073/1099
f 1597/1076/1100 1600/1079/1100 1599/1078/1100 1598/1077/1100
f 1601/1080/1101 1604/1083/1101 1603/1082/1101 1602/1081/1101
f 1182/1107/1114 1604/1083/1114 1601/1080/1114 1332/1110/1114 1329/1109/1114 1183/1108/1114
f 1602/1081/1117 1227/423/1117 1228/424/1117 1331/1117/1117 1332/1110/1117 1601/1080/1117
f 1634/1197/1157 1636/1198/1157 1637/1199/1157 1633/1200/1157
f 1703/1208/1160 1704/1209/1160 1705/1210/1160 1706/1211/1160
f 1707/1212/1161 1708/1213/1161 1709/1214/1161 1710/1215/1161
f 1607/1120/1170 1608/1241/1170 1703/1208/1170 1706/1211/1170 1635/1242/1170
f 1635/1242/1171 1706/1211/1171 1705/1210/1171 1636/1198/1171 1634/1197/1171
f 1633/1200/1174 1637/1199/1174 1708/1213/1174 1707/1212/1174 1632/1249/1174
f 1632/1249/1175 1707/1212/1175 1710/1215/1175 1606/1250/1175 1605/97/1175
f 1667/1163/1311 1609/1231/1311 1619/1123/1311 1638/1122/1311
f 1638/1122/1312 1639/1183/1312 1666/1164/1312 1667/1163/1312
f 1639/1183/1313 1640/1182/1313 1665/1167/1313 1666/1164/1313
f 1665/1167/1314 1640/1182/1314 1712/1217/1314 1664/1134/1314
f 1626/1142/1315 1625/1135/1315 1664/1134/1315 1714/1219/1315
f 1714/1219/1316 1664/1134/1316 1712/1217/1316 1711/1216/1316
f 1883/1299/1317 1884/1300/1317 1885/1301/1317 1886/1302/1317
f 1887/1303/1318 1888/1304/1318 1889/1305/1318 1890/1306/1318
f 1920/1197/1366 1919/1200/1366 1923/1199/1366 1922/1198/1366
f 1989/1208/1369 1992/1211/1369 1991/1210/1369 1990/1209/1369
f 1993/1212/1370 1996/1215/1370 1995/1214/1370 1994/1213/1370
f 1893/1120/1379 1921/1242/1379 1992/1211/1379 1989/1208/1379 1894/1241/1379
f 1921/1242/1380 1920/1197/1380 1922/1198/1380 1991/1210/1380 1992/1211/1380
f 1919/1200/1383 1918/1249/1383 1993/1212/1383 1994/1213/1383 1923/1199/1383
f 1918/1249/1384 1891/97/1384 1892/1250/1384 1996/1215/1384 1993/1212/1384
f 1953/1163/1520 1924/1122/1520 1905/1123/1520 1895/1231/1520
f 1924/1122/1521 1953/1163/1521 1952/1164/1521 1925/1183/1521
f 1925/1183/1522 1952/1164/1522 1951/1167/1522 1926/1182/1522
f 1951/1167/1523 1950/1134/1523 1998/1217/1523 1926/1182/1523
f 1912/1142/1524 2000/1219/1524 1950/1134/1524 1911/1135/1524
f 2000/1219/1525 1997/1216/1525 1998/1217/1525 1950/1134/1525
f 2169/1299/1526 2172/1302/1526 2171/1301/1526 2170/1300/1526
f 2173/1303/1527 2176/1306/1527 2175/1305/1527 2174/1304/1527
f 2206/1197/1575 2208/1198/1575 2209/1199/1575 2205/1200/1575
f 2275/1208/1577 2276/1209/1577 2277/1210/1577 2278/1211/1577
f 2279/1212/1578 2280/1213/1578 2281/1214/1578 2282/1215/1578
f 2179/1120/1587 2180/1241/1587 2275/1208/1587 2278/1211/1587 2207/1242/1587
f 2207/1242/1588 2278/1211/1588 2277/1210/1588 2208/1198/1588 2206/1197/1588
f 2205/1200/1591 2209/1199/1591 2280/1213/1591 2279/1212/1591 2204/1249/1591
f 2204/1249/1592 2279/1212/1592 2282/1215/1592 2178/1250/1592 2177/97/1592
f 2239/1163/1727 2181/1231/1727 2191/1123/1727 2210/1122/1727
f 2210/1122/1728 2211/1183/1728 2238/1164/1728 2239/1163/1728
f 2211/1183/1729 2212/1182/1729 2237/1167/1729 2238/1164/1729
f 2237/1167/1730 2212/1182/1730 2284/1217/1730 2236/1134/1730
f 2198/1142/1731 2197/1135/1731 2236/1134/1731 2286/1219/1731
f 2286/1219/1732 2236/1134/1732 2284/1217/1732 2283/1216/1732
f 2455/1299/1733 2456/1300/1733 2457/1301/1733 2458/1302/1733
f 2459/1303/1734 2460/1304/1734 2461/1305/1734 2462/1306/1734
f 2492/1197/1782 2491/1200/1782 2495/1199/1782 2494/1198/1782
f 2561/1208/1784 2564/1211/1784 2563/1210/1784 2562/1209/1784
f 2565/1212/1785 2568/1215/1785 2567/1214/1785 2566/1213/1785
f 2465/1120/1794 2493/1242/1794 2564/1211/1794 2561/1208/1794 2466/1241/1794
f 2493/1242/1795 2492/1197/1795 2494/1198/1795 2563/1210/1795 2564/1211/1795
f 2491/1200/1798 2490/1249/1798 2565/1212/1798 2566/1213/1798 2495/1199/1798
f 2490/1249/1799 2463/97/1799 2464/1250/1799 2568/1215/1799 2565/1212/1799
f 2525/1163/1934 2496/1122/1934 2477/1123/1934 2467/1231/1934
f 2496/1122/1935 2525/1163/1935 2524/1164/1935 2497/1183/1935
f 2497/1183/1936 2524/1164/1936 2523/1167/1936 2498/1182/1936
f 2523/1167/1937 2522/1134/1937 2570/1217/1937 2498/1182/1937
f 2484/1142/1938 2572/1219/1938 2522/1134/1938 2483/1135/1938
f 2572/1219/1939 2569/1216/1939 2570/1217/1939 2522/1134/1939
f 2741/1299/1940 2744/1302/1940 2743/1301/1940 2742/1300/1940
f 2745/1303/1941 2748/1306/1941 2747/1305/1941 2746/1304/1941
f 2909/1312/1953 2906/1313/1953 2908/1314/1953
f 2910/1315/1954 2911/1316/1954 2913/1317/1954
f 2788/1163/2047 2749/1231/2047 2757/1123/2047 2767/1122/2047
f 2767/1122/2048 2768/1183/2048 2787/1164/2048 2788/1163/2048
f 2768/1183/2049 2769/1182/2049 2786/1167/2049 2787/1164/2049
f 2786/1167/2050 2769/1182/2050 2809/1217/2050 2785/1134/2050
f 2762/1142/2051 2761/1135/2051 2785/1134/2051 2811/1219/2051
f 2811/1219/2052 2785/1134/2052 2809/1217/2052 2808/1216/2052
f 2784/1170/2053 2801/1155/2053 2758/1325/2053 2766/1169/2053
f 2783/1173/2054 2802/1153/2054 2801/1155/2054 2784/1170/2054
f 2782/1175/2055 2803/1150/2055 2802/1153/2055 2783/1173/2055
f 2781/1131/2056 2804/1149/2056 2803/1150/2056 2782/1175/2056
f 2804/1149/2057 2781/1131/2057 2753/1130/2057 2752/1237/2057
f 2905/1326/2061 2902/1327/2061 2904/1328/2061
f 2902/1327/2062 2903/1329/2062 2904/1328/2062
f 2906/1313/2067 2907/1334/2067 2908/1314/2067
f 2911/1316/2068 2912/1335/2068 2913/1317/2068
f 3074/1312/2080 3071/1313/2080 3073/1314/2080
f 3075/1315/2081 3076/1316/2081 3078/1317/2081
f 2953/1163/2173 2914/1231/2173 2922/1123/2173 2932/1122/2173
f 2932/1122/2174 2933/1183/2174 2952/1164/2174 2953/1163/2174
f 2933/1183/2175 2934/1182/2175 2951/1167/2175 2952/1164/2175
f 2951/1167/2176 2934/1182/2176 2974/1217/2176 2950/1134/2176
f 2927/1142/2177 2926/1135/2177 2950/1134/2177 2976/1219/2177
f 2976/1219/2178 2950/1134/2178 2974/1217/2178 2973/1216/2178
f 2949/1170/2179 2966/1155/2179 2923/1325/2179 2931/1169/2179
f 2948/1173/2180 2967/1153/2180 2966/1155/2180 2949/1170/2180
f 2947/1175/2181 2968/1150/2181 2967/1153/2181 2948/1173/2181
f 2946/1131/2182 2969/1149/2182 2968/1150/2182 2947/1175/2182
f 2969/1149/2183 2946/1131/2183 2918/1130/2183 2917/1237/2183
f 3070/1326/2187 3067/1327/2187 3069/1328/2187
f 3067/1327/2188 3068/1329/2188 3069/1328/2188
f 3071/1313/2193 3072/1334/2193 3073/1314/2193
f 3076/1316/2194 3077/1335/2194 3078/1317/2194
f 3128/423/2268 3129/424/2268 3130/425/2268 3127/426/2268
f 3081/427/2269 3082/428/2269 3122/429/2269 3121/430/2269
f 3121/430/2270 3122/429/2270 3123/431/2270 3120/432/2270
f 3120/432/2271 3123/431/2271 3124/433/2271 3119/434/2271
f 3119/434/2272 3124/433/2272 3125/435/2272 3118/436/2272
f 3230/451/2276 3231/452/2276 3232/453/2276 3233/454/2276
f 3118/436/2281 3125/435/2281 3211/439/2281 3210/438/2281 3085/471/2281
f 3127/426/2291 3130/425/2291 3235/506/2291 3234/507/2291 3126/508/2291
f 3126/508/2292 3234/507/2292 3237/509/2292 3080/510/2292 3079/511/2292
f 3490/1068/2494 3491/1069/2494 3492/1070/2494 3493/1071/2494
f 3494/1072/2495 3495/1073/2495 3496/1074/2495 3497/1075/2495
f 3498/1076/2496 3499/1077/2496 3500/1078/2496 3501/1079/2496
f 3502/1080/2497 3503/1081/2497 3504/1082/2497 3505/1083/2497
f 3083/1107/2510 3084/1108/2510 3230/1109/2510 3233/1110/2510 3502/1080/2510 3505/1083/2510
f 3503/1081/2513 3502/1080/2513 3233/1110/2513 3232/1117/2513 3129/424/2513 3128/423/2513
usemtl Sarg_innen_Samt
f 191/194/82 193/197/82 192/198/82 194/202/82 196/200/82 195/199/82 197/189/82 199/192/82 198/193/82 200/187/82 202/185/82 201/184/82 203/174/82 205/177/82 204/178/82 206/182/82 208/180/82 207/179/82 153/169/82 155/172/82 154/173/82 156/167/82 158/165/82 157/164/82
f 251/157/63 245/156/63 246/217/63
f 252/161/64 249/160/64 248/205/64
f 249/160/65 247/163/65 248/205/65
f 250/154/62 251/153/62 246/218/62
f 254/142/58 255/141/58 242/207/58
f 255/141/59 241/144/59 242/207/59
f 256/148/60 253/147/60 244/219/60
f 253/147/61 243/150/61 244/219/61
f 257/130/54 258/129/54 238/213/54
f 258/129/55 237/132/55 238/213/55
f 259/136/56 260/135/56 240/216/56
f 260/135/57 239/138/57 240/216/57
f 264/118/50 261/117/50 234/211/50
f 261/117/51 233/120/51 234/220/51
f 262/124/52 263/123/52 236/210/52
f 263/123/53 235/126/53 236/210/53
f 18/18/156 112/18/156 111/65/156 150/82/156 149/81/156 284/81/156 311/268/156 310/269/156
f 238/213/103 237/214/103 259/136/103 240/216/103 288/240/103 290/242/103 291/243/103 292/245/103 289/246/103
f 234/211/107 233/206/107 262/124/107 236/210/107 293/260/107 295/263/107 296/265/107 297/266/107 294/222/107
f 246/218/96 245/208/96 252/161/96 248/205/96 298/259/96 300/257/96 301/256/96 302/255/96 299/254/96
f 242/207/99 241/212/99 256/148/99 244/219/99 303/253/99 305/251/99 306/249/99 307/248/99 304/247/99
f 313/267/165 312/270/165 284/81/165 149/81/165 152/83/165 109/63/165 108/20/165 17/20/165 267/224/165
f 105/60/168 104/18/168 18/18/168 278/231/168 309/272/168 222/130/168 318/275/168 315/105/168 143/105/168
f 144/100/170 316/100/170 317/274/170 308/273/170 314/271/170 267/224/170 17/20/170 98/20/170 97/54/170
usemtl Gotik_Symbol
f 159/115/50 162/116/50 227/117/50 232/118/50
f 162/116/51 160/119/51 231/120/51 227/117/51
f 163/121/52 166/122/52 230/123/52 229/124/52
f 166/122/53 164/125/53 228/126/53 230/123/53
f 167/127/54 170/128/54 223/129/54 222/130/54
f 170/128/55 168/131/55 221/132/55 223/129/55
f 171/133/56 174/134/56 226/135/56 225/136/56
f 174/134/57 172/137/57 224/138/57 226/135/57
f 175/139/58 178/140/58 218/141/58 217/142/58
f 178/140/59 176/143/59 216/144/59 218/141/59
f 179/145/60 182/146/60 215/147/60 220/148/60
f 182/146/61 180/149/61 219/150/61 215/147/61
f 183/151/62 186/152/62 212/153/62 211/154/62
f 186/152/63 184/155/63 210/156/63 212/157/63
f 187/158/64 190/159/64 209/160/64 214/161/64
f 190/159/65 188/162/65 213/163/65 209/160/65
f 183/151/66 157/164/66 158/165/66 186/166/66
f 186/166/67 158/165/67 156/167/67 184/168/67
f 153/169/68 188/170/68 190/171/68 155/172/68
f 155/172/69 190/171/69 187/158/69 154/173/69
f 203/174/70 180/175/70 182/176/70 205/177/70
f 205/177/71 182/176/71 179/145/71 204/178/71
f 175/139/72 207/179/72 208/180/72 178/181/72
f 178/181/73 208/180/73 206/182/73 176/183/73
f 167/127/74 201/184/74 202/185/74 170/186/74
f 170/186/75 202/185/75 200/187/75 168/188/75
f 197/189/76 172/190/76 174/191/76 199/192/76
f 199/192/77 174/191/77 171/133/77 198/193/77
f 191/194/78 164/195/78 166/196/78 193/197/78
f 193/197/79 166/196/79 163/121/79 192/198/79
f 159/115/80 195/199/80 196/200/80 162/201/80
f 162/201/81 196/200/81 194/202/81 160/203/81
f 184/168/83 156/167/83 154/173/83 187/158/83
f 175/139/84 188/170/84 153/169/84 207/179/84
f 183/151/85 164/195/85 191/194/85 157/164/85
f 213/204/86 189/205/86 248/205/86 247/204/86
f 192/198/87 163/121/87 160/203/87 194/202/87
f 159/115/88 172/190/88 197/189/88 195/199/88
f 227/117/89 231/120/89 233/120/89 261/117/89
f 168/188/90 200/187/90 198/193/90 171/133/90
f 167/127/91 180/175/91 203/174/91 201/184/91
f 204/178/92 179/145/92 176/183/92 206/182/92
f 231/206/93 229/124/93 262/124/93 233/206/93
f 177/207/94 217/142/94 254/142/94 242/207/94
f 232/118/95 227/117/95 261/117/95 264/118/95
f 214/161/96 210/208/96 184/168/96 187/158/96
f 228/209/97 165/210/97 236/210/97 235/209/97
f 161/211/98 232/118/98 264/118/98 234/211/98
f 220/148/99 216/212/99 176/183/99 179/145/99
f 211/154/100 212/153/100 251/153/100 250/154/100
f 169/213/101 222/130/101 257/130/101 238/213/101
f 210/208/102 214/161/102 252/161/102 245/208/102
f 225/136/103 221/214/103 168/188/103 171/133/103
f 209/160/104 213/163/104 247/163/104 249/160/104
f 224/215/105 173/216/105 240/216/105 239/215/105
f 215/147/106 219/150/106 243/150/106 253/147/106
f 229/124/107 231/206/107 160/203/107 163/121/107
f 214/161/108 209/160/108 249/160/108 252/161/108
f 220/148/109 215/147/109 253/147/109 256/148/109
f 222/130/110 223/129/110 258/129/110 257/130/110
f 229/124/111 230/123/111 263/123/111 262/124/111
f 185/218/112 211/154/112 250/154/112 246/218/112
f 223/129/113 221/132/113 237/132/113 258/129/113
f 230/123/114 228/126/114 235/126/114 263/123/114
f 221/214/115 225/136/115 259/136/115 237/214/115
f 217/142/116 218/141/116 255/141/116 254/142/116
f 225/136/117 226/135/117 260/135/117 259/136/117
f 219/221/118 181/219/118 244/219/118 243/221/118
f 218/141/119 216/144/119 241/144/119 255/141/119
f 226/135/120 224/138/120 239/138/120 260/135/120
f 216/212/121 220/148/121 256/148/121 241/212/121
f 212/157/122 210/156/122 245/156/122 251/157/122
f 265/222/123 268/223/123 267/224/123
f 268/223/124 269/225/124 267/226/124
f 269/225/125 270/227/125 267/226/125
f 270/227/126 266/228/126 267/226/126
f 276/229/127 279/230/127 278/231/127
f 279/230/128 280/232/128 278/231/128
f 280/232/129 281/233/129 278/231/129
f 281/233/130 277/234/130 278/231/130
f 282/235/131 285/236/131 284/81/131
f 285/236/132 286/237/132 284/81/132
f 286/237/133 287/238/133 284/81/133
f 287/238/134 283/239/134 284/81/134
f 288/240/135 272/240/135 275/241/135 290/242/135
f 290/242/136 275/241/136 274/81/136 291/243/136
f 291/243/137 274/81/137 273/244/137 292/245/137
f 292/245/138 273/244/138 271/246/138 289/246/138
f 276/229/139 304/247/139 307/248/139 279/230/139
f 279/230/140 307/248/140 306/249/140 280/250/140
f 280/250/141 306/249/141 305/251/141 281/252/141
f 281/252/142 305/251/142 303/253/142 277/253/142
f 282/235/143 299/254/143 302/255/143 285/236/143
f 285/236/144 302/255/144 301/256/144 286/81/144
f 286/81/145 301/256/145 300/257/145 287/258/145
f 287/258/146 300/257/146 298/259/146 283/259/146
f 293/260/147 266/261/147 270/262/147 295/263/147
f 295/263/148 270/262/148 269/264/148 296/265/148
f 296/265/149 269/264/149 268/223/149 297/266/149
f 297/266/150 268/223/150 265/222/150 294/222/150
f 267/224/151 266/261/151 165/210/151 228/209/151 313/267/151
f 165/210/152 266/261/152 293/260/152 236/210/152
f 265/222/153 161/211/153 234/211/153 294/222/153
f 271/246/154 169/213/154 238/213/154 289/246/154
f 173/216/155 272/240/155 288/240/155 240/216/155
f 276/229/157 177/207/157 242/207/157 304/247/157
f 181/219/158 277/253/158 303/253/158 244/219/158
f 189/205/159 283/259/159 298/259/159 248/205/159
f 282/235/160 185/218/160 246/218/160 299/254/160
f 217/142/162 310/269/162 175/139/162
f 211/154/151 312/270/151 183/151/151
f 232/118/163 314/271/163 159/115/163
f 222/130/164 309/272/164 180/175/164 167/127/164
f 172/190/163 308/273/163 224/215/163
f 309/272/164 278/231/164 277/253/164 181/219/164 219/221/164
f 180/175/164 309/272/164 219/221/164
f 175/139/162 310/269/162 311/268/162 188/170/162
f 310/269/162 217/142/162 177/207/162 276/229/162 278/231/162 18/18/162
f 311/268/162 284/81/162 283/259/162 189/205/162 213/204/162
f 188/170/162 311/268/162 213/204/162
f 284/81/151 312/270/151 211/154/151 185/218/151 282/235/151
f 183/151/151 312/270/151 313/267/151 164/195/151
f 164/195/151 313/267/151 228/209/151
f 159/115/163 314/271/163 308/273/163 172/190/163
f 267/224/163 314/271/163 232/118/163 161/211/163 265/222/163
f 317/274/166 318/275/166 319/276/166 320/277/166 321/278/166 322/279/166 323/280/166
f 315/105/167 318/275/167 317/274/167 316/100/167
f 319/276/164 318/275/164 222/130/164 169/213/164 271/246/164
f 271/246/171 273/244/171 320/277/171 319/276/171
f 308/273/163 317/274/163 323/280/163 272/240/163 173/216/163 224/215/163
f 273/244/172 274/281/172 321/278/172 320/277/172
f 274/281/173 275/282/173 322/279/173 321/278/173
f 275/282/174 272/283/174 323/280/174 322/279/174
usemtl Dunkles_Holz
f 331/284/175 346/285/175 327/286/175 326/287/175
f 367/288/176 327/289/176 346/290/176 376/291/176
f 384/292/177 345/293/177 344/294/177 388/295/177
f 388/295/178 344/294/178 343/296/178 391/297/178
f 395/298/179 342/299/179 341/300/179 398/301/179
f 398/301/180 341/300/180 340/302/180 402/303/180
f 402/303/181 340/302/181 339/304/181 406/305/181
f 363/306/182 330/307/182 354/308/182 414/309/182
f 426/310/183 352/311/183 351/312/183 430/313/183
f 434/314/184 350/315/184 349/316/184 438/317/184
f 352/318/185 357/319/185 358/320/185 351/321/185
f 350/322/186 359/323/186 360/324/186 349/325/186
f 324/326/187 325/327/187 338/328/187 337/329/187
f 336/330/188 340/331/188 341/332/188 335/333/188
f 335/333/189 341/332/189 342/334/189 334/335/189
f 445/336/190 444/337/190 448/338/190 449/339/190
f 444/337/191 443/340/191 447/341/191 448/338/191
f 443/340/192 442/342/192 446/343/192 447/341/192
f 335/344/193 441/345/193 445/336/193 336/346/193
f 441/345/194 440/347/194 444/337/194 445/336/194
f 440/347/195 439/348/195 443/340/195 444/337/195
f 439/348/196 438/317/196 442/342/196 443/340/196
f 334/349/197 437/350/197 441/345/197 335/344/197
f 437/350/198 436/351/198 440/347/198 441/345/198
f 436/351/199 435/352/199 439/348/199 440/347/199
f 435/352/200 434/314/200 438/317/200 439/348/200
f 429/353/201 428/354/201 432/355/201 433/356/201
f 428/354/202 427/357/202 431/358/202 432/355/202
f 427/357/203 426/310/203 430/313/203 431/358/203
f 425/359/204 424/360/204 428/354/204 429/353/204
f 424/360/205 423/361/205 427/357/205 428/354/205
f 423/361/206 422/362/206 426/310/206 427/357/206
f 332/363/207 421/364/207 425/359/207 333/365/207
f 421/364/208 420/366/208 424/360/208 425/359/208
f 420/366/209 419/367/209 423/361/209 424/360/209
f 419/367/210 418/368/210 422/362/210 423/361/210
f 326/369/211 366/370/211 417/371/211 331/372/211
f 366/370/212 365/373/212 416/374/212 417/371/212
f 365/373/213 364/375/213 415/376/213 416/374/213
f 364/375/214 363/306/214 414/309/214 415/376/214
f 361/377/215 405/378/215 409/379/215 362/380/215
f 405/378/216 404/381/216 408/382/216 409/379/216
f 404/381/217 403/383/217 407/384/217 408/382/217
f 403/383/218 402/303/218 406/305/218 407/384/218
f 360/385/219 401/386/219 405/378/219 361/377/219
f 401/386/220 400/387/220 404/381/220 405/378/220
f 400/387/221 399/388/221 403/383/221 404/381/221
f 399/388/222 398/301/222 402/303/222 403/383/222
f 359/389/223 397/390/223 401/386/223 360/385/223
f 397/390/224 396/391/224 400/387/224 401/386/224
f 390/392/225 389/393/225 392/394/225 393/395/225
f 389/393/226 388/295/226 391/297/226 392/394/226
f 386/396/227 385/397/227 389/393/227 390/392/227
f 385/397/228 384/292/228 388/295/228 389/393/228
f 355/398/229 383/399/229 387/400/229 356/401/229
f 383/399/230 382/402/230 386/396/230 387/400/230
f 382/402/231 381/403/231 385/397/231 386/396/231
f 381/403/232 380/404/232 384/292/232 385/397/232
f 370/405/233 369/406/233 378/407/233 379/408/233
f 369/406/234 368/409/234 377/410/234 378/407/234
f 368/409/235 367/288/235 376/291/235 377/410/235
f 412/411/236 411/412/236 375/413/236 374/414/236
f 337/415/237 453/416/237 371/417/237 324/418/237
f 453/416/238 452/419/238 372/420/238 371/417/238
f 452/419/239 451/421/239 373/422/239 372/420/239
f 454/437/245 455/438/245 456/439/245
f 460/440/246 461/441/246 462/442/246 463/443/246
f 467/444/247 468/445/247 469/446/247 470/447/247
f 474/448/248 471/449/248 473/450/248
f 479/455/250 480/456/250 481/457/250 482/458/250
f 483/459/251 484/460/251 485/461/251 486/462/251
f 487/463/252 488/464/252 489/465/252 490/466/252
f 454/467/253 456/468/253 370/405/253 379/408/253 468/469/253 467/470/253
f 330/472/255 455/473/255 454/474/255 467/475/255 470/476/255 354/477/255
f 336/346/256 445/336/256 449/339/256 461/478/256 460/479/256
f 460/484/257 463/485/257 339/486/257 340/331/257 336/330/257
f 333/487/258 345/488/258 465/489/258 466/490/258 332/491/258
f 380/404/259 464/492/259 465/493/259 345/293/259 384/292/259
f 474/494/260 473/495/260 413/496/260 476/452/260 475/451/260 329/497/260
f 347/498/261 471/499/261 474/500/261 329/501/261 328/502/261
f 413/496/262 412/411/262 374/414/262 477/453/262 476/452/262
f 410/503/263 338/504/263 325/505/263 482/458/263 481/457/263
f 411/412/266 410/503/266 481/457/266 480/456/266 375/413/266
f 356/401/267 387/400/267 483/459/267 486/462/267 357/512/267
f 485/461/268 484/460/268 390/392/268 393/395/268 394/513/268
f 357/512/269 486/462/269 485/461/269 394/513/269 358/514/269
f 387/400/270 386/396/270 390/392/270 484/460/270 483/459/270
f 488/515/271 487/516/271 395/298/271 398/301/271 399/388/271
f 396/391/272 489/517/272 488/515/272 399/388/272 400/387/272
f 491/534/275 338/535/275 498/536/275
f 530/607/277 501/608/277 500/609/277 533/610/277
f 526/663/298 525/664/298 529/665/298 510/666/298
f 525/664/299 524/667/299 528/668/299 529/665/299
f 524/667/300 523/669/300 527/670/300 528/668/300
f 523/669/304 522/682/304 568/683/304 567/684/304 527/670/304
f 571/695/307 570/696/307 526/663/307 510/666/307 511/697/307
f 531/706/310 530/607/310 533/610/310 577/707/310 576/708/310
f 532/661/311 531/706/311 576/708/311 578/709/311 534/662/311
f 413/722/273 473/723/273 575/724/273 541/725/273
f 338/535/275 410/769/275 538/770/275 498/536/275
f 410/769/275 411/774/275 539/775/275 538/770/275
f 411/774/273 412/778/273 540/779/273 539/775/273
f 412/778/273 413/722/273 541/725/273 540/779/273
f 339/547/248 492/550/248 499/739/248
f 472/786/273 473/723/273 471/743/273
s 1
f 591/837/333 592/828/334 581/798/320
f 639/927/389 640/925/390 631/883/366
f 693/1020/439 694/1015/440 684/978/421
f 691/1016/441 692/1021/442 683/1001/418
f 689/1019/443 690/1006/434 687/1004/430
s 0
f 333/365/474 425/359/474 429/353/474 736/1069/474 735/1068/474
f 737/1070/475 736/1069/475 429/353/475 433/356/475 458/1084/475 457/1085/475
f 735/1086/476 738/1087/476 344/1088/476 345/488/476 333/487/476
f 457/1089/477 459/1090/477 343/1091/477 344/1088/477 738/1087/477 737/1092/477
f 742/1093/478 741/1094/478 361/1095/478 362/1096/478 348/1097/478
f 438/317/479 349/316/479 740/1073/479 739/1072/479 442/342/479
f 442/342/480 739/1072/480 742/1075/480 348/1098/480 446/343/480
f 349/325/481 360/324/481 361/1095/481 741/1094/481 740/1099/481
f 746/1100/482 745/1101/482 356/1102/482 357/319/482 352/318/482
f 418/368/483 353/1103/483 744/1077/483 743/1076/483 422/362/483
f 422/362/484 743/1076/484 746/1079/484 352/311/484 426/310/484
f 353/1104/485 355/1105/485 356/1102/485 745/1101/485 744/1106/485
f 451/421/487 450/1111/487 749/1112/487 748/1113/487 373/422/487
f 450/1111/488 347/1114/488 328/1115/488 750/1116/488 749/1112/488
f 758/284/490 753/287/490 754/286/490 773/285/490
f 794/288/491 803/291/491 773/290/491 754/289/491
f 811/292/492 815/295/492 771/294/492 772/293/492
f 815/295/493 818/297/493 770/296/493 771/294/493
f 822/298/494 825/301/494 768/300/494 769/299/494
f 825/301/495 829/303/495 767/302/495 768/300/495
f 829/303/496 833/305/496 766/304/496 767/302/496
f 790/306/497 841/309/497 781/308/497 757/307/497
f 853/310/498 857/313/498 778/312/498 779/311/498
f 861/314/499 865/317/499 776/316/499 777/315/499
f 779/318/500 778/321/500 785/320/500 784/319/500
f 777/322/501 776/325/501 787/324/501 786/323/501
f 751/326/502 764/329/502 765/328/502 752/327/502
f 763/330/503 762/333/503 768/332/503 767/331/503
f 762/333/504 761/335/504 769/334/504 768/332/504
f 872/336/505 876/339/505 875/338/505 871/337/505
f 871/337/506 875/338/506 874/341/506 870/340/506
f 870/340/507 874/341/507 873/343/507 869/342/507
f 762/344/508 763/346/508 872/336/508 868/345/508
f 868/345/509 872/336/509 871/337/509 867/347/509
f 867/347/510 871/337/510 870/340/510 866/348/510
f 866/348/511 870/340/511 869/342/511 865/317/511
f 761/349/512 762/344/512 868/345/512 864/350/512
f 864/350/513 868/345/513 867/347/513 863/351/513
f 863/351/514 867/347/514 866/348/514 862/352/514
f 862/352/515 866/348/515 865/317/515 861/314/515
f 856/353/516 860/356/516 859/355/516 855/354/516
f 855/354/517 859/355/517 858/358/517 854/357/517
f 854/357/518 858/358/518 857/313/518 853/310/518
f 852/359/519 856/353/519 855/354/519 851/360/519
f 851/360/520 855/354/520 854/357/520 850/361/520
f 850/361/521 854/357/521 853/310/521 849/362/521
f 759/363/522 760/365/522 852/359/522 848/364/522
f 848/364/523 852/359/523 851/360/523 847/366/523
f 847/366/524 851/360/524 850/361/524 846/367/524
f 846/367/525 850/361/525 849/362/525 845/368/525
f 753/369/526 758/372/526 844/371/526 793/370/526
f 793/370/527 844/371/527 843/374/527 792/373/527
f 792/373/528 843/374/528 842/376/528 791/375/528
f 791/375/529 842/376/529 841/309/529 790/306/529
f 788/377/530 789/380/530 836/379/530 832/378/530
f 832/378/531 836/379/531 835/382/531 831/381/531
f 831/381/532 835/382/532 834/384/532 830/383/532
f 830/383/533 834/384/533 833/305/533 829/303/533
f 787/385/534 788/377/534 832/378/534 828/386/534
f 828/386/535 832/378/535 831/381/535 827/387/535
f 827/387/536 831/381/536 830/383/536 826/388/536
f 826/388/537 830/383/537 829/303/537 825/301/537
f 786/389/538 787/385/538 828/386/538 824/390/538
f 824/390/539 828/386/539 827/387/539 823/391/539
f 817/392/540 820/395/540 819/394/540 816/393/540
f 816/393/541 819/394/541 818/297/541 815/295/541
f 813/396/542 817/392/542 816/393/542 812/397/542
f 812/397/543 816/393/543 815/295/543 811/292/543
f 782/398/544 783/401/544 814/400/544 810/399/544
f 810/399/545 814/400/545 813/396/545 809/402/545
f 809/402/546 813/396/546 812/397/546 808/403/546
f 808/403/547 812/397/547 811/292/547 807/404/547
f 797/405/548 806/408/548 805/407/548 796/406/548
f 796/406/549 805/407/549 804/410/549 795/409/549
f 795/409/550 804/410/550 803/291/550 794/288/550
f 839/411/551 801/414/551 802/413/551 838/412/551
f 764/415/552 751/418/552 798/417/552 880/416/552
f 880/416/553 798/417/553 799/420/553 879/419/553
f 879/419/554 799/420/554 800/422/554 878/421/554
f 881/437/560 883/439/560 882/438/560
f 887/440/561 890/443/561 889/442/561 888/441/561
f 894/444/562 897/447/562 896/446/562 895/445/562
f 901/448/563 900/450/563 898/449/563
f 906/455/565 909/458/565 908/457/565 907/456/565
f 910/459/566 913/462/566 912/461/566 911/460/566
f 914/463/567 917/466/567 916/465/567 915/464/567
f 881/467/568 894/470/568 895/469/568 806/408/568 797/405/568 883/468/568
f 757/472/570 781/477/570 897/476/570 894/475/570 881/474/570 882/473/570
f 763/346/571 887/479/571 888/478/571 876/339/571 872/336/571
f 887/484/573 763/330/573 767/331/573 766/486/573 890/485/573
f 760/487/574 759/491/574 893/490/574 892/489/574 772/488/574
f 807/404/575 811/292/575 772/293/575 892/493/575 891/492/575
f 901/494/576 756/497/576 902/451/576 903/452/576 840/496/576 900/495/576
f 774/498/577 755/502/577 756/501/577 901/500/577 898/499/577
f 840/496/578 903/452/578 904/453/578 801/414/578 839/411/578
f 837/503/579 908/457/579 909/458/579 752/505/579 765/504/579
f 838/412/582 802/413/582 907/456/582 908/457/582 837/503/582
f 783/401/583 784/512/583 913/462/583 910/459/583 814/400/583
f 912/461/584 821/513/584 820/395/584 817/392/584 911/460/584
f 784/512/585 785/514/585 821/513/585 912/461/585 913/462/585
f 814/400/586 910/459/586 911/460/586 817/392/586 813/396/586
f 915/515/587 826/388/587 825/301/587 822/298/587 914/516/587
f 823/391/588 827/387/588 826/388/588 915/515/588 916/517/588
f 918/534/589 925/536/589 765/535/589
f 957/607/592 960/610/592 927/609/592 928/608/592
f 953/663/613 937/666/613 956/665/613 952/664/613
f 952/664/614 956/665/614 955/668/614 951/667/614
f 951/667/615 955/668/615 954/670/615 950/669/615
f 950/669/619 954/670/619 994/684/619 995/683/619 949/682/619
f 998/695/622 938/697/622 937/666/622 953/663/622 997/696/622
f 958/706/625 1003/708/625 1004/707/625 960/610/625 957/607/625
f 959/661/626 961/662/626 1005/709/626 1003/708/626 958/706/626
f 840/722/589 968/725/589 1002/724/589 900/723/589
f 765/535/589 925/536/589 965/770/589 837/769/589
f 837/769/590 965/770/590 966/775/590 838/774/590
f 838/774/590 966/775/590 967/779/590 839/778/590
f 839/778/589 967/779/589 968/725/589 840/722/589
f 766/547/572 926/739/572 919/550/572
f 899/786/589 898/743/589 900/723/589
s 1
f 1018/837/648 1008/798/635 1019/828/649
f 1066/927/704 1058/883/681 1067/925/705
f 1120/1020/754 1111/978/736 1121/1015/755
f 1118/1016/756 1110/1001/733 1119/1021/757
f 1116/1019/758 1114/1004/745 1117/1006/749
s 0
f 760/365/789 1162/1068/789 1163/1069/789 856/353/789 852/359/789
f 1164/1070/790 884/1085/790 885/1084/790 860/356/790 856/353/790 1163/1069/790
f 1162/1086/791 760/487/791 772/488/791 771/1088/791 1165/1087/791
f 884/1089/792 1164/1092/792 1165/1087/792 771/1088/792 770/1091/792 886/1090/792
f 1169/1093/793 775/1097/793 789/1096/793 788/1095/793 1168/1094/793
f 865/317/794 869/342/794 1166/1072/794 1167/1073/794 776/316/794
f 869/342/795 873/343/795 775/1098/795 1169/1075/795 1166/1072/795
f 776/325/796 1167/1099/796 1168/1094/796 788/1095/796 787/324/796
f 1173/1100/797 779/318/797 784/319/797 783/1102/797 1172/1101/797
f 845/368/798 849/362/798 1170/1076/798 1171/1077/798 780/1103/798
f 849/362/799 853/310/799 779/311/799 1173/1079/799 1170/1076/799
f 780/1104/800 1171/1106/800 1172/1101/800 783/1102/800 782/1105/800
f 878/421/802 800/422/802 1175/1113/802 1176/1112/802 877/1111/802
f 877/1111/803 1176/1112/803 1177/1116/803 755/1115/803 774/1114/803
f 1185/284/805 1180/287/805 1181/286/805 1200/285/805
f 1221/288/806 1230/291/806 1200/290/806 1181/289/806
f 1238/292/807 1242/295/807 1198/294/807 1199/293/807
f 1242/295/808 1245/297/808 1197/296/808 1198/294/808
f 1249/298/809 1252/301/809 1195/300/809 1196/299/809
f 1252/301/810 1256/303/810 1194/302/810 1195/300/810
f 1256/303/811 1260/305/811 1193/304/811 1194/302/811
f 1217/306/812 1268/309/812 1208/308/812 1184/307/812
f 1280/310/813 1284/313/813 1205/312/813 1206/311/813
f 1288/314/814 1292/317/814 1203/316/814 1204/315/814
f 1206/318/815 1205/321/815 1212/320/815 1211/319/815
f 1204/322/816 1203/325/816 1214/324/816 1213/323/816
f 1178/326/817 1191/329/817 1192/328/817 1179/327/817
f 1190/330/818 1189/333/818 1195/332/818 1194/331/818
f 1189/333/819 1188/335/819 1196/334/819 1195/332/819
f 1299/336/820 1303/339/820 1302/338/820 1298/337/820
f 1298/337/821 1302/338/821 1301/341/821 1297/340/821
f 1297/340/822 1301/341/822 1300/343/822 1296/342/822
f 1189/344/823 1190/346/823 1299/336/823 1295/345/823
f 1295/345/824 1299/336/824 1298/337/824 1294/347/824
f 1294/347/825 1298/337/825 1297/340/825 1293/348/825
f 1293/348/826 1297/340/826 1296/342/826 1292/317/826
f 1188/349/827 1189/344/827 1295/345/827 1291/350/827
f 1291/350/828 1295/345/828 1294/347/828 1290/351/828
f 1290/351/829 1294/347/829 1293/348/829 1289/352/829
f 1289/352/830 1293/348/830 1292/317/830 1288/314/830
f 1283/353/831 1287/356/831 1286/355/831 1282/354/831
f 1282/354/832 1286/355/832 1285/358/832 1281/357/832
f 1281/357/833 1285/358/833 1284/313/833 1280/310/833
f 1279/359/834 1283/353/834 1282/354/834 1278/360/834
f 1278/360/835 1282/354/835 1281/357/835 1277/361/835
f 1277/361/836 1281/357/836 1280/310/836 1276/362/836
f 1186/363/837 1187/365/837 1279/359/837 1275/364/837
f 1275/364/838 1279/359/838 1278/360/838 1274/366/838
f 1274/366/839 1278/360/839 1277/361/839 1273/367/839
f 1273/367/840 1277/361/840 1276/362/840 1272/368/840
f 1180/369/841 1185/372/841 1271/371/841 1220/370/841
f 1220/370/842 1271/371/842 1270/374/842 1219/373/842
f 1219/373/843 1270/374/843 1269/376/843 1218/375/843
f 1218/375/844 1269/376/844 1268/309/844 1217/306/844
f 1215/377/845 1216/380/845 1263/379/845 1259/378/845
f 1259/378/846 1263/379/846 1262/382/846 1258/381/846
f 1258/381/847 1262/382/847 1261/384/847 1257/383/847
f 1257/383/848 1261/384/848 1260/305/848 1256/303/848
f 1214/385/849 1215/377/849 1259/378/849 1255/386/849
f 1255/386/850 1259/378/850 1258/381/850 1254/387/850
f 1254/387/851 1258/381/851 1257/383/851 1253/388/851
f 1253/388/852 1257/383/852 1256/303/852 1252/301/852
f 1213/389/853 1214/385/853 1255/386/853 1251/390/853
f 1251/390/854 1255/386/854 1254/387/854 1250/391/854
f 1244/392/855 1247/395/855 1246/394/855 1243/393/855
f 1243/393/856 1246/394/856 1245/297/856 1242/295/856
f 1240/396/857 1244/392/857 1243/393/857 1239/397/857
f 1239/397/858 1243/393/858 1242/295/858 1238/292/858
f 1209/398/859 1210/401/859 1241/400/859 1237/399/859
f 1237/399/860 1241/400/860 1240/396/860 1236/402/860
f 1236/402/861 1240/396/861 1239/397/861 1235/403/861
f 1235/403/862 1239/397/862 1238/292/862 1234/404/862
f 1224/405/863 1233/408/863 1232/407/863 1223/406/863
f 1223/406/864 1232/407/864 1231/410/864 1222/409/864
f 1222/409/865 1231/410/865 1230/291/865 1221/288/865
f 1266/411/866 1228/414/866 1229/413/866 1265/412/866
f 1191/415/867 1178/418/867 1225/417/867 1307/416/867
f 1307/416/868 1225/417/868 1226/420/868 1306/419/868
f 1306/419/869 1226/420/869 1227/422/869 1305/421/869
f 1308/437/875 1310/439/875 1309/438/875
f 1314/440/876 1317/443/876 1316/442/876 1315/441/876
f 1321/444/877 1324/447/877 1323/446/877 1322/445/877
f 1328/448/878 1327/450/878 1325/449/878
f 1333/455/880 1336/458/880 1335/457/880 1334/456/880
f 1337/459/881 1340/462/881 1339/461/881 1338/460/881
f 1341/463/882 1344/466/882 1343/465/882 1342/464/882
f 1308/467/883 1321/470/883 1322/469/883 1233/408/883 1224/405/883 1310/468/883
f 1184/472/885 1208/477/885 1324/476/885 1321/475/885 1308/474/885 1309/473/885
f 1190/346/886 1314/479/886 1315/478/886 1303/339/886 1299/336/886
f 1314/484/887 1190/330/887 1194/331/887 1193/486/887 1317/485/887
f 1187/487/888 1186/491/888 1320/490/888 1319/489/888 1199/488/888
f 1234/404/889 1238/292/889 1199/293/889 1319/493/889 1318/492/889
f 1328/494/890 1183/497/890 1329/451/890 1330/452/890 1267/496/890 1327/495/890
f 1201/498/891 1182/502/891 1183/501/891 1328/500/891 1325/499/891
f 1267/496/892 1330/452/892 1331/453/892 1228/414/892 1266/411/892
f 1264/503/893 1335/457/893 1336/458/893 1179/505/893 1192/504/893
f 1265/412/896 1229/413/896 1334/456/896 1335/457/896 1264/503/896
f 1210/401/897 1211/512/897 1340/462/897 1337/459/897 1241/400/897
f 1339/461/898 1248/513/898 1247/395/898 1244/392/898 1338/460/898
f 1211/512/899 1212/514/899 1248/513/899 1339/461/899 1340/462/899
f 1241/400/900 1337/459/900 1338/460/900 1244/392/900 1240/396/900
f 1342/515/901 1253/388/901 1252/301/901 1249/298/901 1341/516/901
f 1250/391/902 1254/387/902 1253/388/902 1342/515/902 1343/517/902
f 1345/534/903 1352/536/903 1192/535/903
f 1384/607/905 1387/610/905 1354/609/905 1355/608/905
f 1380/663/926 1364/666/926 1383/665/926 1379/664/926
f 1379/664/927 1383/665/927 1382/668/927 1378/667/927
f 1378/667/928 1382/668/928 1381/670/928 1377/669/928
f 1377/669/932 1381/670/932 1421/684/932 1422/683/932 1376/682/932
f 1425/695/935 1365/697/935 1364/666/935 1380/663/935 1424/696/935
f 1385/706/938 1430/708/938 1431/707/938 1387/610/938 1384/607/938
f 1386/661/939 1388/662/939 1432/709/939 1430/708/939 1385/706/939
f 1267/722/903 1395/725/903 1429/724/903 1327/723/903
f 1192/535/903 1352/536/903 1392/770/903 1264/769/903
f 1264/769/903 1392/770/903 1393/775/903 1265/774/903
f 1265/774/903 1393/775/903 1394/779/903 1266/778/903
f 1266/778/903 1394/779/903 1395/725/903 1267/722/903
f 1193/547/878 1353/739/878 1346/550/878
f 1326/786/903 1325/743/903 1327/723/903
s 1
f 1445/837/961 1435/798/948 1446/828/962
f 1493/927/1017 1485/883/994 1494/925/1018
f 1547/1020/1067 1538/978/1049 1548/1015/1068
f 1545/1016/1069 1537/1001/1046 1546/1021/1070
f 1543/1019/1071 1541/1004/1058 1544/1006/1062
s 0
f 1187/365/1102 1589/1068/1102 1590/1069/1102 1283/353/1102 1279/359/1102
f 1591/1070/1103 1311/1085/1103 1312/1084/1103 1287/356/1103 1283/353/1103 1590/1069/1103
f 1589/1086/1104 1187/487/1104 1199/488/1104 1198/1088/1104 1592/1087/1104
f 1311/1089/1105 1591/1092/1105 1592/1087/1105 1198/1088/1105 1197/1091/1105 1313/1090/1105
f 1596/1093/1106 1202/1097/1106 1216/1096/1106 1215/1095/1106 1595/1094/1106
f 1292/317/1107 1296/342/1107 1593/1072/1107 1594/1073/1107 1203/316/1107
f 1296/342/1108 1300/343/1108 1202/1098/1108 1596/1075/1108 1593/1072/1108
f 1203/325/1109 1594/1099/1109 1595/1094/1109 1215/1095/1109 1214/324/1109
f 1600/1100/1110 1206/318/1110 1211/319/1110 1210/1102/1110 1599/1101/1110
f 1272/368/1111 1276/362/1111 1597/1076/1111 1598/1077/1111 1207/1103/1111
f 1276/362/1112 1280/310/1112 1206/311/1112 1600/1079/1112 1597/1076/1112
f 1207/1104/1113 1598/1106/1113 1599/1101/1113 1210/1102/1113 1209/1105/1113
f 1305/421/1115 1227/422/1115 1602/1113/1115 1603/1112/1115 1304/1111/1115
f 1304/1111/1116 1603/1112/1116 1604/1116/1116 1182/1115/1116 1201/1114/1116
f 1688/1118/1118 1620/1119/1118 1607/1120/1118 1635/1121/1118
f 1638/1122/1119 1619/1123/1119 1618/1124/1119 1641/1125/1119
f 1645/1126/1120 1617/1127/1120 1616/1128/1120 1648/1129/1120
f 1648/1129/1121 1616/1128/1121 1615/1130/1121 1652/1131/1121
f 1652/1131/1122 1615/1130/1122 1614/1132/1122 1656/1133/1122
f 1664/1134/1123 1625/1135/1123 1624/1136/1123 1668/1137/1123
f 1672/1138/1124 1623/1139/1124 1622/1140/1124 1676/1141/1124
f 1625/1135/1125 1626/1142/1125 1627/1143/1125 1624/1136/1125
f 1623/1139/1126 1628/1144/1126 1629/1145/1126 1622/1140/1126
f 1605/88/1127 1606/1146/1127 1613/1147/1127 1612/1148/1127
f 1683/1149/1128 1682/1150/1128 1686/1151/1128 1687/1152/1128
f 1682/1150/1129 1681/1153/1129 1685/1154/1129 1686/1151/1129
f 1681/1153/1130 1680/1155/1130 1684/1156/1130 1685/1154/1130
f 1679/1157/1131 1678/1158/1131 1682/1150/1131 1683/1149/1131
f 1678/1158/1132 1677/1159/1132 1681/1153/1132 1682/1150/1132
f 1677/1159/1133 1676/1141/1133 1680/1155/1133 1681/1153/1133
f 1675/1160/1134 1674/1161/1134 1678/1158/1134 1679/1157/1134
f 1674/1161/1135 1673/1162/1135 1677/1159/1135 1678/1158/1135
f 1673/1162/1136 1672/1138/1136 1676/1141/1136 1677/1159/1136
f 1667/1163/1137 1666/1164/1137 1670/1165/1137 1671/1166/1137
f 1666/1164/1138 1665/1167/1138 1669/1168/1138 1670/1165/1138
f 1665/1167/1139 1664/1134/1139 1668/1137/1139 1669/1168/1139
f 1630/1169/1140 1655/1170/1140 1659/1171/1140 1631/1172/1140
f 1655/1170/1141 1654/1173/1141 1658/1174/1141 1659/1171/1141
f 1654/1173/1142 1653/1175/1142 1657/1176/1142 1658/1174/1142
f 1653/1175/1143 1652/1131/1143 1656/1133/1143 1657/1176/1143
f 1629/1145/1144 1651/1177/1144 1655/1170/1144 1630/1169/1144
f 1651/1177/1145 1650/1178/1145 1654/1173/1145 1655/1170/1145
f 1650/1178/1146 1649/1179/1146 1653/1175/1146 1654/1173/1146
f 1649/1179/1147 1648/1129/1147 1652/1131/1147 1653/1175/1147
f 1628/1144/1148 1647/1180/1148 1651/1177/1148 1629/1145/1148
f 1647/1180/1149 1646/1181/1149 1650/1178/1149 1651/1177/1149
f 1640/1182/1150 1639/1183/1150 1642/1184/1150 1643/1185/1150
f 1639/1183/1151 1638/1122/1151 1641/1125/1151 1642/1184/1151
f 1662/1186/1152 1661/1187/1152 1637/1188/1152 1636/1189/1152
f 1612/1190/1153 1691/1191/1153 1632/1192/1153 1605/86/1153
f 1691/1191/1154 1690/1193/1154 1633/1194/1154 1632/1192/1154
f 1690/1193/1155 1689/1195/1155 1634/1196/1155 1633/1194/1155
f 1689/1195/1156 1688/1118/1156 1635/1121/1156 1634/1196/1156
f 1695/1201/1158 1696/1202/1158 1697/1203/1158 1698/1204/1158
f 1702/1205/1159 1699/1206/1159 1701/1207/1159
f 1711/1216/1162 1712/1217/1162 1713/1218/1162 1714/1219/1162
f 1715/1220/1163 1716/1221/1163 1717/1222/1163 1718/1223/1163
f 1609/1224/1164 1667/1163/1164 1671/1166/1164 1693/1225/1164 1692/1226/1164
f 1692/1227/1165 1694/1228/1165 1618/1229/1165 1619/1230/1165 1609/1231/1165
f 1611/1232/1166 1683/1149/1166 1687/1152/1166 1696/1202/1166 1695/1201/1166
f 1695/1233/1167 1698/1234/1167 1614/1235/1167 1615/1236/1167 1611/1237/1167
f 1702/1205/1168 1701/1207/1168 1663/1238/1168 1704/1239/1168 1703/1240/1168 1608/1241/1168
f 1620/1119/1169 1699/1206/1169 1702/1205/1169 1608/1241/1169 1607/1120/1169
f 1663/1238/1172 1662/1186/1172 1636/1189/1172 1705/1243/1172 1704/1239/1172
f 1660/1244/1173 1613/1245/1173 1606/1246/1173 1710/1247/1173 1709/1248/1173
f 1661/1187/1176 1660/1244/1176 1709/1248/1176 1708/1251/1176 1637/1188/1176
f 1713/1218/1177 1712/1217/1177 1640/1182/1177 1643/1185/1177 1644/1252/1177
f 1626/1142/1178 1714/1219/1178 1713/1218/1178 1644/1252/1178 1627/1143/1178
f 1716/1221/1179 1715/1220/1179 1645/1126/1179 1648/1129/1179 1649/1179/1179
f 1646/1181/1180 1717/1222/1180 1716/1221/1180 1649/1179/1180 1650/1178/1180
f 1742/1125/1183 1727/1124/1183 1726/1127/1183 1745/1126/1183
f 1747/1133/1184 1725/1132/1184 1724/1245/1184 1750/1244/1184
f 1736/1171/1194 1749/1174/1194 1752/1186/1194 1753/1238/1194
f 1749/1174/1195 1748/1176/1195 1751/1187/1195 1752/1186/1195
f 1748/1176/1196 1747/1133/1196 1750/1244/1196 1751/1187/1196
f 1732/1143/1197 1734/1252/1197 1735/1180/1197 1733/1144/1197
f 1734/1252/1198 1744/1185/1198 1746/1181/1198 1735/1180/1198
f 1737/1172/1203 1736/1171/1203 1753/1238/1203 1775/1207/1203 1774/1260/1203
f 1743/1184/1145 1742/1125/1145 1745/1126/1145 1777/1220/1145 1776/1223/1145
f 1744/1185/1204 1743/1184/1204 1776/1223/1204 1778/1222/1204 1746/1181/1204
f 1724/1245/1205 1725/1132/1205 1720/1235/1205 1719/1147/1205
f 1700/1260/1181 1701/1207/1181 1699/1206/1181
s 1
f 1791/1291/1226 1792/1292/1227 1781/1268/1213
s 0
f 1610/1259/1319 1675/1160/1319 1679/1157/1319 1884/1300/1319 1883/1299/1319
f 1611/1237/1320 1615/1236/1320 1616/1307/1320 1886/1308/1320 1885/1309/1320
f 1885/1301/1321 1884/1300/1321 1679/1157/1321 1683/1149/1321 1611/1232/1321
f 1883/1310/1322 1886/1308/1322 1616/1307/1322 1617/1254/1322 1610/1253/1322
f 1890/1306/1323 1889/1305/1323 1630/1169/1323 1631/1172/1323 1621/1256/1323
f 1676/1141/1324 1622/1140/1324 1888/1304/1324 1887/1303/1324 1680/1155/1324
f 1680/1155/1325 1887/1303/1325 1890/1306/1325 1621/1256/1325 1684/1156/1325
f 1622/1140/1326 1629/1145/1326 1630/1169/1326 1889/1305/1326 1888/1304/1326
f 1974/1118/1327 1921/1121/1327 1893/1120/1327 1906/1119/1327
f 1924/1122/1328 1927/1125/1328 1904/1124/1328 1905/1123/1328
f 1931/1126/1329 1934/1129/1329 1902/1128/1329 1903/1127/1329
f 1934/1129/1330 1938/1131/1330 1901/1130/1330 1902/1128/1330
f 1938/1131/1331 1942/1133/1331 1900/1132/1331 1901/1130/1331
f 1950/1134/1332 1954/1137/1332 1910/1136/1332 1911/1135/1332
f 1958/1138/1333 1962/1141/1333 1908/1140/1333 1909/1139/1333
f 1911/1135/1334 1910/1136/1334 1913/1143/1334 1912/1142/1334
f 1909/1139/1335 1908/1140/1335 1915/1145/1335 1914/1144/1335
f 1891/88/1336 1898/1148/1336 1899/1147/1336 1892/1146/1336
f 1969/1149/1337 1973/1152/1337 1972/1151/1337 1968/1150/1337
f 1968/1150/1338 1972/1151/1338 1971/1154/1338 1967/1153/1338
f 1967/1153/1339 1971/1154/1339 1970/1156/1339 1966/1155/1339
f 1965/1157/1340 1969/1149/1340 1968/1150/1340 1964/1158/1340
f 1964/1158/1341 1968/1150/1341 1967/1153/1341 1963/1159/1341
f 1963/1159/1342 1967/1153/1342 1966/1155/1342 1962/1141/1342
f 1961/1160/1343 1965/1157/1343 1964/1158/1343 1960/1161/1343
f 1960/1161/1344 1964/1158/1344 1963/1159/1344 1959/1162/1344
f 1959/1162/1345 1963/1159/1345 1962/1141/1345 1958/1138/1345
f 1953/1163/1346 1957/1166/1346 1956/1165/1346 1952/1164/1346
f 1952/1164/1347 1956/1165/1347 1955/1168/1347 1951/1167/1347
f 1951/1167/1348 1955/1168/1348 1954/1137/1348 1950/1134/1348
f 1916/1169/1349 1917/1172/1349 1945/1171/1349 1941/1170/1349
f 1941/1170/1350 1945/1171/1350 1944/1174/1350 1940/1173/1350
f 1940/1173/1351 1944/1174/1351 1943/1176/1351 1939/1175/1351
f 1939/1175/1352 1943/1176/1352 1942/1133/1352 1938/1131/1352
f 1915/1145/1353 1916/1169/1353 1941/1170/1353 1937/1177/1353
f 1937/1177/1354 1941/1170/1354 1940/1173/1354 1936/1178/1354
f 1936/1178/1355 1940/1173/1355 1939/1175/1355 1935/1179/1355
f 1935/1179/1356 1939/1175/1356 1938/1131/1356 1934/1129/1356
f 1914/1144/1357 1915/1145/1357 1937/1177/1357 1933/1180/1357
f 1933/1180/1358 1937/1177/1358 1936/1178/1358 1932/1181/1358
f 1926/1182/1359 1929/1185/1359 1928/1184/1359 1925/1183/1359
f 1925/1183/1360 1928/1184/1360 1927/1125/1360 1924/1122/1360
f 1948/1186/1361 1922/1189/1361 1923/1188/1361 1947/1187/1361
f 1898/1190/1362 1891/86/1362 1918/1192/1362 1977/1191/1362
f 1977/1191/1363 1918/1192/1363 1919/1194/1363 1976/1193/1363
f 1976/1193/1364 1919/1194/1364 1920/1196/1364 1975/1195/1364
f 1975/1195/1365 1920/1196/1365 1921/1121/1365 1974/1118/1365
f 1981/1201/1367 1984/1204/1367 1983/1203/1367 1982/1202/1367
f 1988/1205/1368 1987/1207/1368 1985/1206/1368
f 1997/1216/1371 2000/1219/1371 1999/1218/1371 1998/1217/1371
f 2001/1220/1372 2004/1223/1372 2003/1222/1372 2002/1221/1372
f 1895/1224/1373 1978/1226/1373 1979/1225/1373 1957/1166/1373 1953/1163/1373
f 1978/1227/1374 1895/1231/1374 1905/1230/1374 1904/1229/1374 1980/1228/1374
f 1897/1232/1375 1981/1201/1375 1982/1202/1375 1973/1152/1375 1969/1149/1375
f 1981/1233/1376 1897/1237/1376 1901/1236/1376 1900/1235/1376 1984/1234/1376
f 1988/1205/1377 1894/1241/1377 1989/1240/1377 1990/1239/1377 1949/1238/1377 1987/1207/1377
f 1906/1119/1378 1893/1120/1378 1894/1241/1378 1988/1205/1378 1985/1206/1378
f 1949/1238/1381 1990/1239/1381 1991/1243/1381 1922/1189/1381 1948/1186/1381
f 1946/1244/1382 1995/1248/1382 1996/1247/1382 1892/1246/1382 1899/1245/1382
f 1947/1187/1385 1923/1188/1385 1994/1251/1385 1995/1248/1385 1946/1244/1385
f 1999/1218/1386 1930/1252/1386 1929/1185/1386 1926/1182/1386 1998/1217/1386
f 1912/1142/1387 1913/1143/1387 1930/1252/1387 1999/1218/1387 2000/1219/1387
f 2002/1221/1388 1935/1179/1388 1934/1129/1388 1931/1126/1388 2001/1220/1388
f 1932/1181/1389 1936/1178/1389 1935/1179/1389 2002/1221/1389 2003/1222/1389
f 2028/1125/1392 2031/1126/1392 2012/1127/1392 2013/1124/1392
f 2033/1133/1393 2036/1244/1393 2010/1245/1393 2011/1132/1393
f 2022/1171/1403 2039/1238/1403 2038/1186/1403 2035/1174/1403
f 2035/1174/1404 2038/1186/1404 2037/1187/1404 2034/1176/1404
f 2034/1176/1405 2037/1187/1405 2036/1244/1405 2033/1133/1405
f 2018/1143/1406 2019/1144/1406 2021/1180/1406 2020/1252/1406
f 2020/1252/1407 2021/1180/1407 2032/1181/1407 2030/1185/1407
f 2023/1172/1412 2060/1260/1412 2061/1207/1412 2039/1238/1412 2022/1171/1412
f 2029/1184/1354 2062/1223/1354 2063/1220/1354 2031/1126/1354 2028/1125/1354
f 2030/1185/1413 2032/1181/1413 2064/1222/1413 2062/1223/1413 2029/1184/1413
f 2010/1245/1414 2005/1147/1414 2006/1235/1414 2011/1132/1414
f 1986/1260/1390 1985/1206/1390 1987/1207/1390
s 1
f 2077/1291/1435 2067/1268/1422 2078/1292/1436
s 0
f 1896/1259/1528 2169/1299/1528 2170/1300/1528 1965/1157/1528 1961/1160/1528
f 1897/1237/1529 2171/1309/1529 2172/1308/1529 1902/1307/1529 1901/1236/1529
f 2171/1301/1530 1897/1232/1530 1969/1149/1530 1965/1157/1530 2170/1300/1530
f 2169/1310/1531 1896/1253/1531 1903/1254/1531 1902/1307/1531 2172/1308/1531
f 2176/1306/1532 1907/1256/1532 1917/1172/1532 1916/1169/1532 2175/1305/1532
f 1962/1141/1533 1966/1155/1533 2173/1303/1533 2174/1304/1533 1908/1140/1533
f 1966/1155/1534 1970/1156/1534 1907/1256/1534 2176/1306/1534 2173/1303/1534
f 1908/1140/1535 2174/1304/1535 2175/1305/1535 1916/1169/1535 1915/1145/1535
f 2260/1118/1536 2192/1119/1536 2179/1120/1536 2207/1121/1536
f 2210/1122/1537 2191/1123/1537 2190/1124/1537 2213/1125/1537
f 2217/1126/1538 2189/1127/1538 2188/1128/1538 2220/1129/1538
f 2220/1129/1539 2188/1128/1539 2187/1130/1539 2224/1131/1539
f 2224/1131/1540 2187/1130/1540 2186/1132/1540 2228/1133/1540
f 2236/1134/1541 2197/1135/1541 2196/1136/1541 2240/1137/1541
f 2244/1138/1542 2195/1139/1542 2194/1140/1542 2248/1141/1542
f 2197/1135/1543 2198/1142/1543 2199/1143/1543 2196/1136/1543
f 2195/1139/1544 2200/1144/1544 2201/1145/1544 2194/1140/1544
f 2177/88/1545 2178/1146/1545 2185/1147/1545 2184/1148/1545
f 2255/1149/1546 2254/1150/1546 2258/1151/1546 2259/1152/1546
f 2254/1150/1547 2253/1153/1547 2257/1154/1547 2258/1151/1547
f 2253/1153/1548 2252/1155/1548 2256/1156/1548 2257/1154/1548
f 2251/1157/1549 2250/1158/1549 2254/1150/1549 2255/1149/1549
f 2250/1158/1550 2249/1159/1550 2253/1153/1550 2254/1150/1550
f 2249/1159/1551 2248/1141/1551 2252/1155/1551 2253/1153/1551
f 2247/1160/1552 2246/1161/1552 2250/1158/1552 2251/1157/1552
f 2246/1161/1553 2245/1162/1553 2249/1159/1553 2250/1158/1553
f 2245/1162/1554 2244/1138/1554 2248/1141/1554 2249/1159/1554
f 2239/1163/1555 2238/1164/1555 2242/1165/1555 2243/1166/1555
f 2238/1164/1556 2237/1167/1556 2241/1168/1556 2242/1165/1556
f 2237/1167/1557 2236/1134/1557 2240/1137/1557 2241/1168/1557
f 2202/1169/1558 2227/1170/1558 2231/1171/1558 2203/1172/1558
f 2227/1170/1559 2226/1173/1559 2230/1174/1559 2231/1171/1559
f 2226/1173/1560 2225/1175/1560 2229/1176/1560 2230/1174/1560
f 2225/1175/1561 2224/1131/1561 2228/1133/1561 2229/1176/1561
f 2201/1145/1562 2223/1177/1562 2227/1170/1562 2202/1169/1562
f 2223/1177/1563 2222/1178/1563 2226/1173/1563 2227/1170/1563
f 2222/1178/1564 2221/1179/1564 2225/1175/1564 2226/1173/1564
f 2221/1179/1565 2220/1129/1565 2224/1131/1565 2225/1175/1565
f 2200/1144/1566 2219/1180/1566 2223/1177/1566 2201/1145/1566
f 2219/1180/1567 2218/1181/1567 2222/1178/1567 2223/1177/1567
f 2212/1182/1568 2211/1183/1568 2214/1184/1568 2215/1185/1568
f 2211/1183/1569 2210/1122/1569 2213/1125/1569 2214/1184/1569
f 2234/1186/1570 2233/1187/1570 2209/1188/1570 2208/1189/1570
f 2184/1190/1571 2263/1191/1571 2204/1192/1571 2177/86/1571
f 2263/1191/1572 2262/1193/1572 2205/1194/1572 2204/1192/1572
f 2262/1193/1573 2261/1195/1573 2206/1196/1573 2205/1194/1573
f 2261/1195/1574 2260/1118/1574 2207/1121/1574 2206/1196/1574
f 2267/1201/1576 2268/1202/1576 2269/1203/1576 2270/1204/1576
f 2274/1205/1181 2271/1206/1181 2273/1207/1181
f 2283/1216/1579 2284/1217/1579 2285/1218/1579 2286/1219/1579
f 2287/1220/1580 2288/1221/1580 2289/1222/1580 2290/1223/1580
f 2181/1224/1581 2239/1163/1581 2243/1166/1581 2265/1225/1581 2264/1226/1581
f 2264/1227/1582 2266/1228/1582 2190/1229/1582 2191/1230/1582 2181/1231/1582
f 2183/1232/1583 2255/1149/1583 2259/1152/1583 2268/1202/1583 2267/1201/1583
f 2267/1233/1584 2270/1234/1584 2186/1235/1584 2187/1236/1584 2183/1237/1584
f 2274/1205/1585 2273/1207/1585 2235/1238/1585 2276/1239/1585 2275/1240/1585 2180/1241/1585
f 2192/1119/1586 2271/1206/1586 2274/1205/1586 2180/1241/1586 2179/1120/1586
f 2235/1238/1589 2234/1186/1589 2208/1189/1589 2277/1243/1589 2276/1239/1589
f 2232/1244/1590 2185/1245/1590 2178/1246/1590 2282/1247/1590 2281/1248/1590
f 2233/1187/1593 2232/1244/1593 2281/1248/1593 2280/1251/1593 2209/1188/1593
f 2285/1218/1594 2284/1217/1594 2212/1182/1594 2215/1185/1594 2216/1252/1594
f 2198/1142/1595 2286/1219/1595 2285/1218/1595 2216/1252/1595 2199/1143/1595
f 2288/1221/1596 2287/1220/1596 2217/1126/1596 2220/1129/1596 2221/1179/1596
f 2218/1181/1597 2289/1222/1597 2288/1221/1597 2221/1179/1597 2222/1178/1597
f 2314/1125/1599 2299/1124/1599 2298/1127/1599 2317/1126/1599
f 2319/1133/1600 2297/1132/1600 2296/1245/1600 2322/1244/1600
f 2308/1171/1194 2321/1174/1194 2324/1186/1194 2325/1238/1194
f 2321/1174/1610 2320/1176/1610 2323/1187/1610 2324/1186/1610
f 2320/1176/1611 2319/1133/1611 2322/1244/1611 2323/1187/1611
f 2304/1143/1612 2306/1252/1612 2307/1180/1612 2305/1144/1612
f 2306/1252/1613 2316/1185/1613 2318/1181/1613 2307/1180/1613
f 2309/1172/1618 2308/1171/1618 2325/1238/1618 2347/1207/1618 2346/1260/1618
f 2315/1184/1619 2314/1125/1619 2317/1126/1619 2349/1220/1619 2348/1223/1619
f 2316/1185/1620 2315/1184/1620 2348/1223/1620 2350/1222/1620 2318/1181/1620
f 2296/1245/1621 2297/1132/1621 2292/1235/1621 2291/1147/1621
f 2272/1260/1159 2273/1207/1159 2271/1206/1159
s 1
f 2363/1291/1642 2364/1292/1643 2353/1268/1629
s 0
f 2182/1259/1735 2247/1160/1735 2251/1157/1735 2456/1300/1735 2455/1299/1735
f 2183/1237/1736 2187/1236/1736 2188/1307/1736 2458/1308/1736 2457/1309/1736
f 2457/1301/1737 2456/1300/1737 2251/1157/1737 2255/1149/1737 2183/1232/1737
f 2455/1310/1738 2458/1308/1738 2188/1307/1738 2189/1254/1738 2182/1253/1738
f 2462/1306/1739 2461/1305/1739 2202/1169/1739 2203/1172/1739 2193/1256/1739
f 2248/1141/1740 2194/1140/1740 2460/1304/1740 2459/1303/1740 2252/1155/1740
f 2252/1155/1741 2459/1303/1741 2462/1306/1741 2193/1256/1741 2256/1156/1741
f 2194/1140/1742 2201/1145/1742 2202/1169/1742 2461/1305/1742 2460/1304/1742
f 2546/1118/1743 2493/1121/1743 2465/1120/1743 2478/1119/1743
f 2496/1122/1744 2499/1125/1744 2476/1124/1744 2477/1123/1744
f 2503/1126/1745 2506/1129/1745 2474/1128/1745 2475/1127/1745
f 2506/1129/1746 2510/1131/1746 2473/1130/1746 2474/1128/1746
f 2510/1131/1747 2514/1133/1747 2472/1132/1747 2473/1130/1747
f 2522/1134/1748 2526/1137/1748 2482/1136/1748 2483/1135/1748
f 2530/1138/1749 2534/1141/1749 2480/1140/1749 2481/1139/1749
f 2483/1135/1750 2482/1136/1750 2485/1143/1750 2484/1142/1750
f 2481/1139/1751 2480/1140/1751 2487/1145/1751 2486/1144/1751
f 2463/88/1752 2470/1148/1752 2471/1147/1752 2464/1146/1752
f 2541/1149/1753 2545/1152/1753 2544/1151/1753 2540/1150/1753
f 2540/1150/1754 2544/1151/1754 2543/1154/1754 2539/1153/1754
f 2539/1153/1755 2543/1154/1755 2542/1156/1755 2538/1155/1755
f 2537/1157/1756 2541/1149/1756 2540/1150/1756 2536/1158/1756
f 2536/1158/1757 2540/1150/1757 2539/1153/1757 2535/1159/1757
f 2535/1159/1758 2539/1153/1758 2538/1155/1758 2534/1141/1758
f 2533/1160/1759 2537/1157/1759 2536/1158/1759 2532/1161/1759
f 2532/1161/1760 2536/1158/1760 2535/1159/1760 2531/1162/1760
f 2531/1162/1761 2535/1159/1761 2534/1141/1761 2530/1138/1761
f 2525/1163/1762 2529/1166/1762 2528/1165/1762 2524/1164/1762
f 2524/1164/1763 2528/1165/1763 2527/1168/1763 2523/1167/1763
f 2523/1167/1764 2527/1168/1764 2526/1137/1764 2522/1134/1764
f 2488/1169/1765 2489/1172/1765 2517/1171/1765 2513/1170/1765
f 2513/1170/1766 2517/1171/1766 2516/1174/1766 2512/1173/1766
f 2512/1173/1767 2516/1174/1767 2515/1176/1767 2511/1175/1767
f 2511/1175/1768 2515/1176/1768 2514/1133/1768 2510/1131/1768
f 2487/1145/1769 2488/1169/1769 2513/1170/1769 2509/1177/1769
f 2509/1177/1770 2513/1170/1770 2512/1173/1770 2508/1178/1770
f 2508/1178/1771 2512/1173/1771 2511/1175/1771 2507/1179/1771
f 2507/1179/1772 2511/1175/1772 2510/1131/1772 2506/1129/1772
f 2486/1144/1773 2487/1145/1773 2509/1177/1773 2505/1180/1773
f 2505/1180/1774 2509/1177/1774 2508/1178/1774 2504/1181/1774
f 2498/1182/1775 2501/1185/1775 2500/1184/1775 2497/1183/1775
f 2497/1183/1776 2500/1184/1776 2499/1125/1776 2496/1122/1776
f 2520/1186/1777 2494/1189/1777 2495/1188/1777 2519/1187/1777
f 2470/1190/1778 2463/86/1778 2490/1192/1778 2549/1191/1778
f 2549/1191/1779 2490/1192/1779 2491/1194/1779 2548/1193/1779
f 2548/1193/1780 2491/1194/1780 2492/1196/1780 2547/1195/1780
f 2547/1195/1781 2492/1196/1781 2493/1121/1781 2546/1118/1781
f 2553/1201/1783 2556/1204/1783 2555/1203/1783 2554/1202/1783
f 2560/1205/1390 2559/1207/1390 2557/1206/1390
f 2569/1216/1786 2572/1219/1786 2571/1218/1786 2570/1217/1786
f 2573/1220/1787 2576/1223/1787 2575/1222/1787 2574/1221/1787
f 2467/1224/1788 2550/1226/1788 2551/1225/1788 2529/1166/1788 2525/1163/1788
f 2550/1227/1789 2467/1231/1789 2477/1230/1789 2476/1229/1789 2552/1228/1789
f 2469/1232/1790 2553/1201/1790 2554/1202/1790 2545/1152/1790 2541/1149/1790
f 2553/1233/1791 2469/1237/1791 2473/1236/1791 2472/1235/1791 2556/1234/1791
f 2560/1205/1792 2466/1241/1792 2561/1240/1792 2562/1239/1792 2521/1238/1792 2559/1207/1792
f 2478/1119/1793 2465/1120/1793 2466/1241/1793 2560/1205/1793 2557/1206/1793
f 2521/1238/1796 2562/1239/1796 2563/1243/1796 2494/1189/1796 2520/1186/1796
f 2518/1244/1797 2567/1248/1797 2568/1247/1797 2464/1246/1797 2471/1245/1797
f 2519/1187/1800 2495/1188/1800 2566/1251/1800 2567/1248/1800 2518/1244/1800
f 2571/1218/1801 2502/1252/1801 2501/1185/1801 2498/1182/1801 2570/1217/1801
f 2484/1142/1802 2485/1143/1802 2502/1252/1802 2571/1218/1802 2572/1219/1802
f 2574/1221/1803 2507/1179/1803 2506/1129/1803 2503/1126/1803 2573/1220/1803
f 2504/1181/1804 2508/1178/1804 2507/1179/1804 2574/1221/1804 2575/1222/1804
f 2600/1125/1806 2603/1126/1806 2584/1127/1806 2585/1124/1806
f 2605/1133/1807 2608/1244/1807 2582/1245/1807 2583/1132/1807
f 2594/1171/1403 2611/1238/1403 2610/1186/1403 2607/1174/1403
f 2607/1174/1817 2610/1186/1817 2609/1187/1817 2606/1176/1817
f 2606/1176/1818 2609/1187/1818 2608/1244/1818 2605/1133/1818
f 2590/1143/1819 2591/1144/1819 2593/1180/1819 2592/1252/1819
f 2592/1252/1820 2593/1180/1820 2604/1181/1820 2602/1185/1820
f 2595/1172/1825 2632/1260/1825 2633/1207/1825 2611/1238/1825 2594/1171/1825
f 2601/1184/1826 2634/1223/1826 2635/1220/1826 2603/1126/1826 2600/1125/1826
f 2602/1185/1827 2604/1181/1827 2636/1222/1827 2634/1223/1827 2601/1184/1827
f 2582/1245/1828 2577/1147/1828 2578/1235/1828 2583/1132/1828
f 2558/1260/1368 2557/1206/1368 2559/1207/1368
s 1
f 2649/1291/1849 2639/1268/1836 2650/1292/1850
s 0
f 2468/1259/1942 2741/1299/1942 2742/1300/1942 2537/1157/1942 2533/1160/1942
f 2469/1237/1943 2743/1309/1943 2744/1308/1943 2474/1307/1943 2473/1236/1943
f 2743/1301/1944 2469/1232/1944 2541/1149/1944 2537/1157/1944 2742/1300/1944
f 2741/1310/1945 2468/1253/1945 2475/1254/1945 2474/1307/1945 2744/1308/1945
f 2748/1306/1946 2479/1256/1946 2489/1172/1946 2488/1169/1946 2747/1305/1946
f 2534/1141/1947 2538/1155/1947 2745/1303/1947 2746/1304/1947 2480/1140/1947
f 2538/1155/1948 2542/1156/1948 2479/1256/1948 2748/1306/1948 2745/1303/1948
f 2480/1140/1949 2746/1304/1949 2747/1305/1949 2488/1169/1949 2487/1145/1949
f 2767/1122/1950 2757/1123/1950 2901/1311/1950 2756/1124/1950 2770/1125/1950
f 2774/1126/1951 2755/1127/1951 2754/1128/1951 2777/1129/1951
f 2777/1129/1952 2754/1128/1952 2753/1130/1952 2781/1131/1952
f 2752/1237/1955 2753/1236/1955 2754/1307/1955 2751/1318/1955
f 2751/1318/1956 2754/1307/1956 2755/1254/1956 2750/1253/1956
f 2751/1319/1957 2800/1157/1957 2804/1149/1957 2752/1232/1957
f 2800/1157/1958 2799/1158/1958 2803/1150/1958 2804/1149/1958
f 2799/1158/1959 2798/1159/1959 2802/1153/1959 2803/1150/1959
f 2798/1159/1960 2797/1141/1960 2801/1155/1960 2802/1153/1960
f 2750/1259/1961 2796/1160/1961 2800/1157/1961 2751/1319/1961
f 2796/1160/1962 2795/1161/1962 2799/1158/1962 2800/1157/1962
f 2795/1161/1963 2794/1162/1963 2798/1159/1963 2799/1158/1963
f 2794/1162/1964 2793/1138/1964 2797/1141/1964 2798/1159/1964
f 2897/1320/1965 2898/1321/1965 2791/1165/1965 2792/1166/1965
f 2898/1321/1966 2899/1322/1966 2790/1168/1966 2791/1165/1966
f 2899/1322/1967 2900/1323/1967 2789/1137/1967 2790/1168/1967
f 2765/1145/1968 2780/1177/1968 2784/1170/1968 2766/1169/1968
f 2780/1177/1969 2779/1178/1969 2783/1173/1969 2784/1170/1969
f 2779/1178/1970 2778/1179/1970 2782/1175/1970 2783/1173/1970
f 2778/1179/1971 2777/1129/1971 2781/1131/1971 2782/1175/1971
f 2764/1144/1972 2776/1180/1972 2780/1177/1972 2765/1145/1972
f 2776/1180/1973 2775/1181/1973 2779/1178/1973 2780/1177/1973
f 2769/1182/1974 2768/1183/1974 2771/1184/1974 2772/1185/1974
f 2768/1183/1975 2767/1122/1975 2770/1125/1975 2771/1184/1975
f 2808/1216/1976 2809/1217/1976 2810/1218/1976 2811/1219/1976
f 2812/1220/1977 2813/1221/1977 2814/1222/1977 2815/1223/1977
f 2810/1218/1979 2809/1217/1979 2769/1182/1979 2772/1185/1979 2773/1252/1979
f 2762/1142/1980 2811/1219/1980 2810/1218/1980 2773/1252/1980 2763/1143/1980 2896/1324/1980
f 2813/1221/1981 2812/1220/1981 2774/1126/1981 2777/1129/1981 2778/1179/1981
f 2775/1181/1982 2814/1222/1982 2813/1221/1982 2778/1179/1982 2779/1178/1982
f 2826/1125/1984 2817/1124/1984 2816/1127/1984 2829/1126/1984
f 2820/1143/1990 2822/1252/1990 2823/1180/1990 2821/1144/1990
f 2822/1252/1991 2828/1185/1991 2830/1181/1991 2823/1180/1991
f 2827/1184/1969 2826/1125/1969 2829/1126/1969 2842/1220/1969 2841/1223/1969
f 2828/1185/1994 2827/1184/1994 2841/1223/1994 2843/1222/1994 2830/1181/1994
s 1
f 2856/1291/2014 2857/1292/2015 2846/1268/2001
s 0
f 2786/1167/2058 2785/1134/2058 2900/1323/2058 2899/1322/2058
f 2787/1164/2059 2786/1167/2059 2899/1322/2059 2898/1321/2059
f 2788/1163/2060 2787/1164/2060 2898/1321/2060 2897/1320/2060
f 2905/1326/2063 2904/1328/2063 2901/1330/2063 2757/1230/2063 2749/1231/2063
f 2903/1331/2064 2902/1332/2064 2897/1320/2064 2792/1166/2064 2806/1225/2064 2805/1226/2064
f 2749/1224/2065 2788/1163/2065 2897/1320/2065 2902/1332/2065 2905/1333/2065
f 2805/1227/2066 2807/1228/2066 2756/1229/2066 2901/1330/2066 2904/1328/2066 2903/1329/2066
f 2909/1312/2069 2908/1314/2069 2765/1145/2069 2766/1169/2069 2758/1325/2069
f 2793/1138/2070 2759/1139/2070 2907/1334/2070 2906/1313/2070 2797/1141/2070
f 2797/1141/2071 2906/1313/2071 2909/1312/2071 2758/1325/2071 2801/1155/2071
f 2759/1139/2072 2764/1144/2072 2765/1145/2072 2908/1314/2072 2907/1334/2072
f 2785/1134/2073 2761/1135/2073 2910/1315/2073 2913/1317/2073 2900/1323/2073
f 2761/1135/2074 2762/1142/2074 2896/1324/2074 2911/1316/2074 2910/1315/2074
f 2900/1323/2075 2913/1317/2075 2912/1335/2075 2760/1136/2075 2789/1137/2075
f 2912/1335/2076 2911/1316/2076 2896/1324/2076 2763/1143/2076 2760/1136/2076
f 2932/1122/2077 2922/1123/2077 3066/1311/2077 2921/1124/2077 2935/1125/2077
f 2939/1126/2078 2920/1127/2078 2919/1128/2078 2942/1129/2078
f 2942/1129/2079 2919/1128/2079 2918/1130/2079 2946/1131/2079
f 2917/1237/2082 2918/1236/2082 2919/1307/2082 2916/1318/2082
f 2916/1318/2083 2919/1307/2083 2920/1254/2083 2915/1253/2083
f 2916/1319/2084 2965/1157/2084 2969/1149/2084 2917/1232/2084
f 2965/1157/2085 2964/1158/2085 2968/1150/2085 2969/1149/2085
f 2964/1158/2086 2963/1159/2086 2967/1153/2086 2968/1150/2086
f 2963/1159/2087 2962/1141/2087 2966/1155/2087 2967/1153/2087
f 2915/1259/2088 2961/1160/2088 2965/1157/2088 2916/1319/2088
f 2961/1160/2089 2960/1161/2089 2964/1158/2089 2965/1157/2089
f 2960/1161/2090 2959/1162/2090 2963/1159/2090 2964/1158/2090
f 2959/1162/2091 2958/1138/2091 2962/1141/2091 2963/1159/2091
f 3062/1320/2092 3063/1321/2092 2956/1165/2092 2957/1166/2092
f 3063/1321/2093 3064/1322/2093 2955/1168/2093 2956/1165/2093
f 3064/1322/2094 3065/1323/2094 2954/1137/2094 2955/1168/2094
f 2930/1145/2095 2945/1177/2095 2949/1170/2095 2931/1169/2095
f 2945/1177/2096 2944/1178/2096 2948/1173/2096 2949/1170/2096
f 2944/1178/2097 2943/1179/2097 2947/1175/2097 2948/1173/2097
f 2943/1179/2098 2942/1129/2098 2946/1131/2098 2947/1175/2098
f 2929/1144/2099 2941/1180/2099 2945/1177/2099 2930/1145/2099
f 2941/1180/2100 2940/1181/2100 2944/1178/2100 2945/1177/2100
f 2934/1182/2101 2933/1183/2101 2936/1184/2101 2937/1185/2101
f 2933/1183/2102 2932/1122/2102 2935/1125/2102 2936/1184/2102
f 2973/1216/2103 2974/1217/2103 2975/1218/2103 2976/1219/2103
f 2977/1220/2104 2978/1221/2104 2979/1222/2104 2980/1223/2104
f 2975/1218/2105 2974/1217/2105 2934/1182/2105 2937/1185/2105 2938/1252/2105
f 2927/1142/2106 2976/1219/2106 2975/1218/2106 2938/1252/2106 2928/1143/2106 3061/1324/2106
f 2978/1221/2107 2977/1220/2107 2939/1126/2107 2942/1129/2107 2943/1179/2107
f 2940/1181/2108 2979/1222/2108 2978/1221/2108 2943/1179/2108 2944/1178/2108
f 2991/1125/2109 2982/1124/2109 2981/1127/2109 2994/1126/2109
f 2985/1143/2115 2987/1252/2115 2988/1180/2115 2986/1144/2115
f 2987/1252/2116 2993/1185/2116 2995/1181/2116 2988/1180/2116
f 2992/1184/2119 2991/1125/2119 2994/1126/2119 3007/1220/2119 3006/1223/2119
f 2993/1185/2120 2992/1184/2120 3006/1223/2120 3008/1222/2120 2995/1181/2120
s 1
f 3021/1291/2140 3022/1292/2141 3011/1268/2127
s 0
f 2951/1167/2184 2950/1134/2184 3065/1323/2184 3064/1322/2184
f 2952/1164/2185 2951/1167/2185 3064/1322/2185 3063/1321/2185
f 2953/1163/2186 2952/1164/2186 3063/1321/2186 3062/1320/2186
f 3070/1326/2189 3069/1328/2189 3066/1330/2189 2922/1230/2189 2914/1231/2189
f 3068/1331/2190 3067/1332/2190 3062/1320/2190 2957/1166/2190 2971/1225/2190 2970/1226/2190
f 2914/1224/2191 2953/1163/2191 3062/1320/2191 3067/1332/2191 3070/1333/2191
f 2970/1227/2192 2972/1228/2192 2921/1229/2192 3066/1330/2192 3069/1328/2192 3068/1329/2192
f 3074/1312/2195 3073/1314/2195 2930/1145/2195 2931/1169/2195 2923/1325/2195
f 2958/1138/2196 2924/1139/2196 3072/1334/2196 3071/1313/2196 2962/1141/2196
f 2962/1141/2197 3071/1313/2197 3074/1312/2197 2923/1325/2197 2966/1155/2197
f 2924/1139/2198 2929/1144/2198 2930/1145/2198 3073/1314/2198 3072/1334/2198
f 2950/1134/2199 2926/1135/2199 3075/1315/2199 3078/1317/2199 3065/1323/2199
f 2926/1135/2200 2927/1142/2200 3061/1324/2200 3076/1316/2200 3075/1315/2200
f 3065/1323/2201 3078/1317/2201 3077/1335/2201 2925/1136/2201 2954/1137/2201
f 3077/1335/2202 3076/1316/2202 3061/1324/2202 2928/1143/2202 2925/1136/2202
f 3086/284/2203 3101/285/2203 3082/286/2203 3081/287/2203
f 3122/288/2204 3082/289/2204 3101/290/2204 3131/291/2204
f 3139/292/2205 3100/293/2205 3099/294/2205 3143/295/2205
f 3143/295/2206 3099/294/2206 3098/296/2206 3146/297/2206
f 3150/298/2207 3097/299/2207 3096/300/2207 3153/301/2207
f 3153/301/2208 3096/300/2208 3095/302/2208 3157/303/2208
f 3157/303/2209 3095/302/2209 3094/304/2209 3161/305/2209
f 3118/306/2210 3085/307/2210 3109/308/2210 3169/309/2210
f 3181/310/2211 3107/311/2211 3106/312/2211 3185/313/2211
f 3189/314/2212 3105/315/2212 3104/316/2212 3193/317/2212
f 3107/318/2213 3112/319/2213 3113/320/2213 3106/321/2213
f 3105/322/2214 3114/323/2214 3115/324/2214 3104/325/2214
f 3079/326/2215 3080/327/2215 3093/328/2215 3092/329/2215
f 3091/330/2216 3095/331/2216 3096/332/2216 3090/333/2216
f 3090/333/2217 3096/332/2217 3097/334/2217 3089/335/2217
f 3200/336/2218 3199/337/2218 3203/338/2218 3204/339/2218
f 3199/337/2219 3198/340/2219 3202/341/2219 3203/338/2219
f 3198/340/2220 3197/342/2220 3201/343/2220 3202/341/2220
f 3090/344/2221 3196/345/2221 3200/336/2221 3091/346/2221
f 3196/345/2222 3195/347/2222 3199/337/2222 3200/336/2222
f 3195/347/2223 3194/348/2223 3198/340/2223 3199/337/2223
f 3194/348/2224 3193/317/2224 3197/342/2224 3198/340/2224
f 3089/349/2225 3192/350/2225 3196/345/2225 3090/344/2225
f 3192/350/2226 3191/351/2226 3195/347/2226 3196/345/2226
f 3191/351/2227 3190/352/2227 3194/348/2227 3195/347/2227
f 3190/352/2228 3189/314/2228 3193/317/2228 3194/348/2228
f 3184/353/2229 3183/354/2229 3187/355/2229 3188/356/2229
f 3183/354/2230 3182/357/2230 3186/358/2230 3187/355/2230
f 3182/357/2231 3181/310/2231 3185/313/2231 3186/358/2231
f 3180/359/2232 3179/360/2232 3183/354/2232 3184/353/2232
f 3179/360/2233 3178/361/2233 3182/357/2233 3183/354/2233
f 3178/361/2234 3177/362/2234 3181/310/2234 3182/357/2234
f 3087/363/2235 3176/364/2235 3180/359/2235 3088/365/2235
f 3176/364/2236 3175/366/2236 3179/360/2236 3180/359/2236
f 3175/366/2237 3174/367/2237 3178/361/2237 3179/360/2237
f 3174/367/2238 3173/368/2238 3177/362/2238 3178/361/2238
f 3081/369/2239 3121/370/2239 3172/371/2239 3086/372/2239
f 3121/370/2240 3120/373/2240 3171/374/2240 3172/371/2240
f 3120/373/2241 3119/375/2241 3170/376/2241 3171/374/2241
f 3119/375/2242 3118/306/2242 3169/309/2242 3170/376/2242
f 3116/377/2243 3160/378/2243 3164/379/2243 3117/380/2243
f 3160/378/2244 3159/381/2244 3163/382/2244 3164/379/2244
f 3159/381/2245 3158/383/2245 3162/384/2245 3163/382/2245
f 3158/383/2246 3157/303/2246 3161/305/2246 3162/384/2246
f 3115/385/2247 3156/386/2247 3160/378/2247 3116/377/2247
f 3156/386/2248 3155/387/2248 3159/381/2248 3160/378/2248
f 3155/387/2249 3154/388/2249 3158/383/2249 3159/381/2249
f 3154/388/2250 3153/301/2250 3157/303/2250 3158/383/2250
f 3114/389/2251 3152/390/2251 3156/386/2251 3115/385/2251
f 3152/390/2252 3151/391/2252 3155/387/2252 3156/386/2252
f 3145/392/2253 3144/393/2253 3147/394/2253 3148/395/2253
f 3144/393/2254 3143/295/2254 3146/297/2254 3147/394/2254
f 3141/396/2255 3140/397/2255 3144/393/2255 3145/392/2255
f 3140/397/2256 3139/292/2256 3143/295/2256 3144/393/2256
f 3110/398/2257 3138/399/2257 3142/400/2257 3111/401/2257
f 3138/399/2258 3137/402/2258 3141/396/2258 3142/400/2258
f 3137/402/2259 3136/403/2259 3140/397/2259 3141/396/2259
f 3136/403/2260 3135/404/2260 3139/292/2260 3140/397/2260
f 3125/405/2261 3124/406/2261 3133/407/2261 3134/408/2261
f 3124/406/2262 3123/409/2262 3132/410/2262 3133/407/2262
f 3123/409/2263 3122/288/2263 3131/291/2263 3132/410/2263
f 3167/411/2264 3166/412/2264 3130/413/2264 3129/414/2264
f 3092/415/2265 3208/416/2265 3126/417/2265 3079/418/2265
f 3208/416/2266 3207/419/2266 3127/420/2266 3126/417/2266
f 3207/419/2267 3206/421/2267 3128/422/2267 3127/420/2267
f 3209/437/2273 3210/438/2273 3211/439/2273
f 3215/440/2274 3216/441/2274 3217/442/2274 3218/443/2274
f 3222/444/2275 3223/445/2275 3224/446/2275 3225/447/2275
f 3229/448/2275 3226/449/2275 3228/450/2275
f 3234/455/2277 3235/456/2277 3236/457/2277 3237/458/2277
f 3238/459/2278 3239/460/2278 3240/461/2278 3241/462/2278
f 3242/463/2279 3243/464/2279 3244/465/2279 3245/466/2279
f 3209/467/2280 3211/468/2280 3125/405/2280 3134/408/2280 3223/469/2280 3222/470/2280
f 3085/472/2282 3210/473/2282 3209/474/2282 3222/475/2282 3225/476/2282 3109/477/2282
f 3091/346/2283 3200/336/2283 3204/339/2283 3216/478/2283 3215/479/2283
f 3215/484/2284 3218/485/2284 3094/486/2284 3095/331/2284 3091/330/2284
f 3088/487/2285 3100/488/2285 3220/489/2285 3221/490/2285 3087/491/2285
f 3135/404/2286 3219/492/2286 3220/493/2286 3100/293/2286 3139/292/2286
f 3229/494/2287 3228/495/2287 3168/496/2287 3231/452/2287 3230/451/2287 3084/497/2287
f 3102/498/2288 3226/499/2288 3229/500/2288 3084/501/2288 3083/502/2288
f 3168/496/2289 3167/411/2289 3129/414/2289 3232/453/2289 3231/452/2289
f 3165/503/2290 3093/504/2290 3080/505/2290 3237/458/2290 3236/457/2290
f 3166/412/2293 3165/503/2293 3236/457/2293 3235/456/2293 3130/413/2293
f 3111/401/2294 3142/400/2294 3238/459/2294 3241/462/2294 3112/512/2294
f 3240/461/2295 3239/460/2295 3145/392/2295 3148/395/2295 3149/513/2295
f 3112/512/2296 3241/462/2296 3240/461/2296 3149/513/2296 3113/514/2296
f 3142/400/2297 3141/396/2297 3145/392/2297 3239/460/2297 3238/459/2297
f 3243/515/2298 3242/516/2298 3150/298/2298 3153/301/2298 3154/388/2298
f 3151/391/2299 3244/517/2299 3243/515/2299 3154/388/2299 3155/387/2299
f 3246/534/2300 3093/535/2300 3253/536/2300
f 3285/607/2302 3256/608/2302 3255/609/2302 3288/610/2302
f 3281/663/2323 3280/664/2323 3284/665/2323 3265/666/2323
f 3280/664/2324 3279/667/2324 3283/668/2324 3284/665/2324
f 3279/667/2325 3278/669/2325 3282/670/2325 3283/668/2325
f 3278/669/2329 3277/682/2329 3323/683/2329 3322/684/2329 3282/670/2329
f 3326/695/2332 3325/696/2332 3281/663/2332 3265/666/2332 3266/697/2332
f 3286/706/2248 3285/607/2248 3288/610/2248 3332/707/2248 3331/708/2248
f 3287/661/2335 3286/706/2335 3331/708/2335 3333/709/2335 3289/662/2335
f 3168/722/2300 3228/723/2300 3330/724/2300 3296/725/2300
f 3093/535/2300 3165/769/2300 3293/770/2300 3253/536/2300
f 3165/769/2300 3166/774/2300 3294/775/2300 3293/770/2300
f 3166/774/2300 3167/778/2300 3295/779/2300 3294/775/2300
f 3167/778/2300 3168/722/2300 3296/725/2300 3295/779/2300
f 3094/547/2275 3247/550/2275 3254/739/2275
f 3227/786/2300 3228/723/2300 3226/743/2300
s 1
f 3346/837/2357 3347/828/2358 3336/798/2344
f 3394/927/2413 3395/925/2414 3386/883/2390
f 3448/1020/2463 3449/1015/2464 3439/978/2445
f 3446/1016/2465 3447/1021/2466 3438/1001/2442
f 3444/1019/2467 3445/1006/2458 3442/1004/2454
s 0
f 3088/365/2498 3180/359/2498 3184/353/2498 3491/1069/2498 3490/1068/2498
f 3492/1070/2499 3491/1069/2499 3184/353/2499 3188/356/2499 3213/1084/2499 3212/1085/2499
f 3490/1086/2500 3493/1087/2500 3099/1088/2500 3100/488/2500 3088/487/2500
f 3212/1089/2501 3214/1090/2501 3098/1091/2501 3099/1088/2501 3493/1087/2501 3492/1092/2501
f 3497/1093/2502 3496/1094/2502 3116/1095/2502 3117/1096/2502 3103/1097/2502
f 3193/317/2503 3104/316/2503 3495/1073/2503 3494/1072/2503 3197/342/2503
f 3197/342/2504 3494/1072/2504 3497/1075/2504 3103/1098/2504 3201/343/2504
f 3104/325/2505 3115/324/2505 3116/1095/2505 3496/1094/2505 3495/1099/2505
f 3501/1100/2506 3500/1101/2506 3111/1102/2506 3112/319/2506 3107/318/2506
f 3173/368/2507 3108/1103/2507 3499/1077/2507 3498/1076/2507 3177/362/2507
f 3177/362/2508 3498/1076/2508 3501/1079/2508 3107/311/2508 3181/310/2508
f 3108/1104/2509 3110/1105/2509 3111/1102/2509 3500/1101/2509 3499/1106/2509
f 3206/421/2511 3205/1111/2511 3504/1112/2511 3503/1113/2511 3128/422/2511
f 3205/1111/2512 3102/1114/2512 3083/1115/2512 3505/1116/2512 3504/1112/2512
usemtl Helles_Metall
f 393/480/248 392/481/248 531/482/248 532/483/248
f 435/518/273 436/519/273 554/520/273 553/521/273
f 392/481/274 391/522/274 530/523/274 531/482/274
f 434/524/275 435/518/275 553/521/275 552/525/275
f 332/526/273 466/527/273 569/528/273 497/529/273
f 391/522/248 343/530/248 501/531/248 530/523/248
f 350/532/273 434/524/273 552/525/273 504/533/273
f 337/537/273 338/535/273 491/534/273 493/538/273
f 382/539/275 383/540/275 510/541/275 529/542/275
f 433/543/274 432/544/274 550/545/274 551/546/274
f 339/547/274 463/548/274 495/549/274 492/550/274
f 461/551/274 449/552/274 558/553/274 565/554/274
f 381/555/275 382/539/275 529/542/275 528/556/275
f 432/544/274 431/557/274 549/558/274 550/545/274
f 343/530/274 459/559/274 564/560/274 501/531/274
f 380/561/273 381/555/273 528/556/273 527/562/273
f 431/557/248 430/563/248 548/564/248 549/558/248
f 379/565/248 378/566/248 525/567/248 526/568/248
f 430/563/274 351/569/274 505/570/274 548/564/274
f 458/571/274 433/543/274 551/546/274 562/572/274
f 378/566/274 377/573/274 524/574/274 525/567/274
f 420/575/273 421/576/273 517/577/273 547/578/273
f 354/579/274 470/447/274 572/580/274 507/581/274
f 377/573/248 376/582/248 523/583/248 524/574/248
f 419/584/275 420/575/275 547/578/275 546/585/275
f 468/445/248 379/565/248 526/568/248 570/586/248
f 376/582/274 346/587/274 522/588/274 523/583/274
f 418/589/273 419/584/273 546/585/273 545/590/273
f 490/466/273 489/465/273 578/591/273 576/592/273
f 346/587/274 331/593/274 496/594/274 522/588/274
f 353/595/275 418/589/275 545/590/275 506/596/275
f 487/463/275 490/466/275 576/592/275 577/597/275
f 334/598/275 342/599/275 500/600/275 519/601/275
f 493/602/276 491/603/276 492/604/276 495/605/276 494/606/276
f 535/611/278 499/612/278 498/613/278 538/614/278
f 542/615/279 507/616/279 506/617/279 545/618/279
f 548/619/280 505/620/280 504/621/280 552/622/280
f 555/623/281 503/624/281 502/625/281 559/626/281
f 505/627/282 508/628/282 509/629/282 504/630/282
f 558/631/283 557/632/283 561/633/283 520/634/283
f 557/632/284 556/635/284 560/636/284 561/633/284
f 556/635/285 555/623/285 559/626/285 560/636/285
f 551/637/286 550/638/286 554/639/286 518/640/286
f 550/638/287 549/641/287 553/642/287 554/639/287
f 549/641/288 548/619/288 552/622/288 553/642/288
f 496/643/289 516/644/289 517/645/289 497/646/289
f 516/644/290 544/647/290 547/648/290 517/645/290
f 544/647/291 543/649/291 546/650/291 547/648/291
f 543/649/292 542/615/292 545/618/292 546/650/292
f 514/651/293 537/652/293 540/653/293 541/654/293
f 537/652/294 536/655/294 539/656/294 540/653/294
f 536/655/295 535/611/295 538/614/295 539/656/295
f 508/657/296 512/658/296 513/659/296 509/660/296
f 512/658/297 532/661/297 534/662/297 513/659/297
f 519/671/301 500/672/301 501/673/301 564/674/301 563/675/301
f 563/676/302 562/677/302 551/637/302 518/640/302 519/678/302
f 566/679/303 565/680/303 558/631/303 520/634/303 521/681/303
f 497/685/305 569/686/305 568/687/305 522/688/305 496/689/305
f 507/690/306 572/691/306 571/692/306 511/693/306 506/694/306
f 503/698/308 515/699/308 574/700/308 573/701/308 502/702/308
f 515/703/309 514/651/309 541/654/309 575/704/309 574/705/309
f 464/710/273 380/561/273 527/562/273 567/711/273
f 436/519/273 437/712/273 518/713/273 554/520/273
f 394/714/274 393/480/274 532/483/274 512/715/274
f 446/716/274 348/717/274 503/718/274 555/719/274
f 342/599/275 395/720/275 533/721/275 500/600/275
f 498/613/312 499/612/312 492/726/312 491/727/312
f 447/728/274 446/716/274 555/719/274 556/729/274
f 396/730/273 397/731/273 513/732/273 534/733/273
f 383/540/273 355/734/273 511/735/273 510/541/273
f 448/736/248 447/728/248 556/729/248 557/737/248
f 406/738/248 339/547/248 499/739/248 535/740/248
f 358/741/274 394/714/274 512/715/274 508/742/274
f 471/743/273 347/744/273 502/745/273 573/746/273
f 449/552/248 448/736/248 557/737/248 558/553/248
f 407/747/248 406/738/248 535/740/248 536/748/248
f 397/731/275 359/749/275 509/750/275 513/732/275
f 347/744/275 450/751/275 559/752/275 502/745/275
f 408/753/274 407/747/274 536/748/274 537/754/274
f 362/755/248 409/756/248 514/757/248 515/758/248
f 395/720/275 487/463/275 577/597/275 533/721/275
f 457/759/274 458/571/274 562/572/274 563/760/274
f 450/751/275 451/761/275 560/762/275 559/752/275
f 409/756/274 408/753/274 537/754/274 514/757/274
f 331/593/274 417/763/274 516/764/274 496/594/274
f 489/465/273 396/730/273 534/733/273 578/591/273
f 459/559/274 457/759/274 563/760/274 564/560/274
f 451/761/273 452/765/273 561/766/273 560/762/273
f 463/548/274 462/767/274 494/768/274 495/549/274
f 421/576/273 332/526/273 497/529/273 517/577/273
f 462/767/274 461/551/274 565/554/274 566/771/274
f 452/765/275 453/772/275 520/773/275 561/766/275
f 437/712/273 334/598/273 519/601/273 518/713/273
f 465/776/275 464/710/275 567/711/275 568/777/275
f 453/772/275 337/537/275 521/780/275 520/773/275
f 466/527/273 465/776/273 568/777/273 569/528/273
f 355/734/273 353/595/273 506/596/273 511/735/273
f 469/446/248 468/445/248 570/586/248 571/781/248
f 414/782/274 354/579/274 507/581/274 542/783/274
f 351/569/274 358/741/274 508/742/274 505/570/274
f 470/447/248 469/446/248 571/781/248 572/580/248
f 415/784/248 414/782/248 542/783/248 543/785/248
f 359/749/273 350/532/273 504/533/273 509/750/273
f 472/786/275 471/743/275 573/746/275 574/787/275
f 416/788/274 415/784/274 543/785/274 544/789/274
f 348/717/274 362/755/274 515/758/274 503/718/274
f 473/723/275 472/786/275 574/787/275 575/724/275
f 417/763/274 416/788/274 544/789/274 516/764/274
f 493/602/313 494/606/313 566/790/313 521/791/313
f 337/537/273 493/538/273 521/780/273
f 462/767/274 566/771/274 494/768/274
f 820/480/572 959/483/572 958/482/572 819/481/572
f 862/518/589 980/521/589 981/520/589 863/519/589
f 819/481/563 958/482/563 957/523/563 818/522/563
f 861/524/590 979/525/590 980/521/590 862/518/590
f 759/526/589 924/529/589 996/528/589 893/527/589
f 818/522/563 957/523/563 928/531/563 770/530/563
f 777/532/589 931/533/589 979/525/589 861/524/589
f 764/537/589 920/538/589 918/534/589 765/535/589
f 809/539/589 956/542/589 937/541/589 810/540/589
f 860/543/572 978/546/572 977/545/572 859/544/572
f 766/547/563 919/550/563 922/549/563 890/548/563
f 888/551/572 992/554/572 985/553/572 876/552/572
f 808/555/589 955/556/589 956/542/589 809/539/589
f 859/544/572 977/545/572 976/558/572 858/557/572
f 770/530/563 928/531/563 991/560/563 886/559/563
f 807/561/590 954/562/590 955/556/590 808/555/590
f 858/557/572 976/558/572 975/564/572 857/563/572
f 806/565/572 953/568/572 952/567/572 805/566/572
f 857/563/572 975/564/572 932/570/572 778/569/572
f 885/571/563 989/572/563 978/546/563 860/543/563
f 805/566/563 952/567/563 951/574/563 804/573/563
f 847/575/589 974/578/589 944/577/589 848/576/589
f 781/579/563 934/581/563 999/580/563 897/447/563
f 804/573/572 951/574/572 950/583/572 803/582/572
f 846/584/590 973/585/590 974/578/590 847/575/590
f 895/445/563 997/586/563 953/568/563 806/565/563
f 803/582/563 950/583/563 949/588/563 773/587/563
f 845/589/590 972/590/590 973/585/590 846/584/590
f 917/466/589 1003/592/589 1005/591/589 916/465/589
f 773/587/563 949/588/563 923/594/563 758/593/563
f 780/595/589 933/596/589 972/590/589 845/589/589
f 914/463/590 1004/597/590 1003/592/590 917/466/590
f 761/598/589 946/601/589 927/600/589 769/599/589
f 920/602/591 921/606/591 922/605/591 919/604/591 918/603/591
f 962/611/593 965/614/593 925/613/593 926/612/593
f 969/615/594 972/618/594 933/617/594 934/616/594
f 975/619/595 979/622/595 931/621/595 932/620/595
f 982/623/596 986/626/596 929/625/596 930/624/596
f 932/627/597 931/630/597 936/629/597 935/628/597
f 985/631/598 947/634/598 988/633/598 984/632/598
f 984/632/599 988/633/599 987/636/599 983/635/599
f 983/635/600 987/636/600 986/626/600 982/623/600
f 978/637/601 945/640/601 981/639/601 977/638/601
f 977/638/602 981/639/602 980/642/602 976/641/602
f 976/641/603 980/642/603 979/622/603 975/619/603
f 923/643/604 924/646/604 944/645/604 943/644/604
f 943/644/605 944/645/605 974/648/605 971/647/605
f 971/647/606 974/648/606 973/650/606 970/649/606
f 970/649/607 973/650/607 972/618/607 969/615/607
f 941/651/608 968/654/608 967/653/608 964/652/608
f 964/652/609 967/653/609 966/656/609 963/655/609
f 963/655/610 966/656/610 965/614/610 962/611/610
f 935/657/611 936/660/611 940/659/611 939/658/611
f 939/658/612 940/659/612 961/662/612 959/661/612
f 946/671/616 990/675/616 991/674/616 928/673/616 927/672/616
f 990/676/617 946/678/617 945/640/617 978/637/617 989/677/617
f 993/679/618 948/681/618 947/634/618 985/631/618 992/680/618
f 924/685/620 923/689/620 949/688/620 995/687/620 996/686/620
f 934/690/621 933/694/621 938/693/621 998/692/621 999/691/621
f 930/698/623 929/702/623 1000/701/623 1001/700/623 942/699/623
f 942/703/624 1001/705/624 1002/704/624 968/654/624 941/651/624
f 891/710/589 994/711/589 954/562/589 807/561/589
f 863/519/589 981/520/589 945/713/589 864/712/589
f 821/714/563 939/715/563 959/483/563 820/480/563
f 873/716/572 982/719/572 930/718/572 775/717/572
f 769/599/589 927/600/589 960/721/589 822/720/589
f 925/613/627 918/727/627 919/726/627 926/612/627
f 874/728/563 983/729/563 982/719/563 873/716/563
f 823/730/589 961/733/589 940/732/589 824/731/589
f 810/540/590 937/541/590 938/735/590 782/734/590
f 875/736/563 984/737/563 983/729/563 874/728/563
f 833/738/572 962/740/572 926/739/572 766/547/572
f 785/741/563 935/742/563 939/715/563 821/714/563
f 898/743/589 1000/746/589 929/745/589 774/744/589
f 876/552/563 985/553/563 984/737/563 875/736/563
f 834/747/563 963/748/563 962/740/563 833/738/563
f 824/731/590 940/732/590 936/750/590 786/749/590
f 774/744/590 929/745/590 986/752/590 877/751/590
f 835/753/563 964/754/563 963/748/563 834/747/563
f 789/755/572 942/758/572 941/757/572 836/756/572
f 822/720/590 960/721/590 1004/597/590 914/463/590
f 884/759/572 990/760/572 989/572/572 885/571/572
f 877/751/590 986/752/590 987/762/590 878/761/590
f 836/756/563 941/757/563 964/754/563 835/753/563
f 758/593/563 923/594/563 943/764/563 844/763/563
f 916/465/589 1005/591/589 961/733/589 823/730/589
f 886/559/563 991/560/563 990/760/563 884/759/563
f 878/761/590 987/762/590 988/766/590 879/765/590
f 890/548/563 922/549/563 921/768/563 889/767/563
f 848/576/589 944/577/589 924/529/589 759/526/589
f 889/767/563 993/771/563 992/554/563 888/551/563
f 879/765/589 988/766/589 947/773/589 880/772/589
f 864/712/589 945/713/589 946/601/589 761/598/589
f 892/776/589 995/777/589 994/711/589 891/710/589
f 880/772/589 947/773/589 948/780/589 764/537/589
f 893/527/589 996/528/589 995/777/589 892/776/589
f 782/734/589 938/735/589 933/596/589 780/595/589
f 896/446/563 998/781/563 997/586/563 895/445/563
f 841/782/563 969/783/563 934/581/563 781/579/563
f 778/569/563 932/570/563 935/742/563 785/741/563
f 897/447/572 999/580/572 998/781/572 896/446/572
f 842/784/563 970/785/563 969/783/563 841/782/563
f 786/749/589 936/750/589 931/533/589 777/532/589
f 899/786/589 1001/787/589 1000/746/589 898/743/589
f 843/788/563 971/789/563 970/785/563 842/784/563
f 775/717/563 930/718/563 942/758/563 789/755/563
f 900/723/589 1002/724/589 1001/787/589 899/786/589
f 844/763/572 943/764/572 971/789/572 843/788/572
f 920/602/628 948/791/628 993/790/628 921/606/628
f 764/537/589 948/780/589 920/538/589
f 889/767/563 921/768/563 993/771/563
f 1247/480/878 1386/483/878 1385/482/878 1246/481/878
f 1289/518/903 1407/521/903 1408/520/903 1290/519/903
f 1246/481/878 1385/482/878 1384/523/878 1245/522/878
f 1288/524/903 1406/525/903 1407/521/903 1289/518/903
f 1186/526/903 1351/529/903 1423/528/903 1320/527/903
f 1245/522/878 1384/523/878 1355/531/878 1197/530/878
f 1204/532/903 1358/533/903 1406/525/903 1288/524/903
f 1191/537/903 1347/538/903 1345/534/903 1192/535/903
f 1236/539/903 1383/542/903 1364/541/903 1237/540/903
f 1287/543/878 1405/546/878 1404/545/878 1286/544/878
f 1193/547/878 1346/550/878 1349/549/878 1317/548/878
f 1315/551/878 1419/554/878 1412/553/878 1303/552/878
f 1235/555/903 1382/556/903 1383/542/903 1236/539/903
f 1286/544/878 1404/545/878 1403/558/878 1285/557/878
f 1197/530/878 1355/531/878 1418/560/878 1313/559/878
f 1234/561/903 1381/562/903 1382/556/903 1235/555/903
f 1285/557/878 1403/558/878 1402/564/878 1284/563/878
f 1233/565/878 1380/568/878 1379/567/878 1232/566/878
f 1284/563/878 1402/564/878 1359/570/878 1205/569/878
f 1312/571/878 1416/572/878 1405/546/878 1287/543/878
f 1232/566/878 1379/567/878 1378/574/878 1231/573/878
f 1274/575/903 1401/578/903 1371/577/903 1275/576/903
f 1208/579/878 1361/581/878 1426/580/878 1324/447/878
f 1231/573/878 1378/574/878 1377/583/878 1230/582/878
f 1273/584/903 1400/585/903 1401/578/903 1274/575/903
f 1322/445/878 1424/586/878 1380/568/878 1233/565/878
f 1230/582/878 1377/583/878 1376/588/878 1200/587/878
f 1272/589/903 1399/590/903 1400/585/903 1273/584/903
f 1344/466/903 1430/592/903 1432/591/903 1343/465/903
f 1200/587/878 1376/588/878 1350/594/878 1185/593/878
f 1207/595/903 1360/596/903 1399/590/903 1272/589/903
f 1341/463/903 1431/597/903 1430/592/903 1344/466/903
f 1188/598/903 1373/601/903 1354/600/903 1196/599/903
f 1347/602/904 1348/606/904 1349/605/904 1346/604/904 1345/603/904
f 1389/611/906 1392/614/906 1352/613/906 1353/612/906
f 1396/615/907 1399/618/907 1360/617/907 1361/616/907
f 1402/619/908 1406/622/908 1358/621/908 1359/620/908
f 1409/623/909 1413/626/909 1356/625/909 1357/624/909
f 1359/627/910 1358/630/910 1363/629/910 1362/628/910
f 1412/631/911 1374/634/911 1415/633/911 1411/632/911
f 1411/632/912 1415/633/912 1414/636/912 1410/635/912
f 1410/635/913 1414/636/913 1413/626/913 1409/623/913
f 1405/637/914 1372/640/914 1408/639/914 1404/638/914
f 1404/638/915 1408/639/915 1407/642/915 1403/641/915
f 1403/641/916 1407/642/916 1406/622/916 1402/619/916
f 1350/643/917 1351/646/917 1371/645/917 1370/644/917
f 1370/644/918 1371/645/918 1401/648/918 1398/647/918
f 1398/647/919 1401/648/919 1400/650/919 1397/649/919
f 1397/649/920 1400/650/920 1399/618/920 1396/615/920
f 1368/651/921 1395/654/921 1394/653/921 1391/652/921
f 1391/652/922 1394/653/922 1393/656/922 1390/655/922
f 1390/655/923 1393/656/923 1392/614/923 1389/611/923
f 1362/657/924 1363/660/924 1367/659/924 1366/658/924
f 1366/658/925 1367/659/925 1388/662/925 1386/661/925
f 1373/671/929 1417/675/929 1418/674/929 1355/673/929 1354/672/929
f 1417/676/930 1373/678/930 1372/640/930 1405/637/930 1416/677/930
f 1420/679/931 1375/681/931 1374/634/931 1412/631/931 1419/680/931
f 1351/685/933 1350/689/933 1376/688/933 1422/687/933 1423/686/933
f 1361/690/934 1360/694/934 1365/693/934 1425/692/934 1426/691/934
f 1357/698/936 1356/702/936 1427/701/936 1428/700/936 1369/699/936
f 1369/703/937 1428/705/937 1429/704/937 1395/654/937 1368/651/937
f 1318/710/903 1421/711/903 1381/562/903 1234/561/903
f 1290/519/903 1408/520/903 1372/713/903 1291/712/903
f 1248/714/878 1366/715/878 1386/483/878 1247/480/878
f 1300/716/878 1409/719/878 1357/718/878 1202/717/878
f 1196/599/903 1354/600/903 1387/721/903 1249/720/903
f 1352/613/940 1345/727/940 1346/726/940 1353/612/940
f 1301/728/878 1410/729/878 1409/719/878 1300/716/878
f 1250/730/903 1388/733/903 1367/732/903 1251/731/903
f 1237/540/903 1364/541/903 1365/735/903 1209/734/903
f 1302/736/878 1411/737/878 1410/729/878 1301/728/878
f 1260/738/878 1389/740/878 1353/739/878 1193/547/878
f 1212/741/878 1362/742/878 1366/715/878 1248/714/878
f 1325/743/903 1427/746/903 1356/745/903 1201/744/903
f 1303/552/878 1412/553/878 1411/737/878 1302/736/878
f 1261/747/878 1390/748/878 1389/740/878 1260/738/878
f 1251/731/903 1367/732/903 1363/750/903 1213/749/903
f 1201/744/903 1356/745/903 1413/752/903 1304/751/903
f 1262/753/878 1391/754/878 1390/748/878 1261/747/878
f 1216/755/878 1369/758/878 1368/757/878 1263/756/878
f 1249/720/903 1387/721/903 1431/597/903 1341/463/903
f 1311/759/878 1417/760/878 1416/572/878 1312/571/878
f 1304/751/903 1413/752/903 1414/762/903 1305/761/903
f 1263/756/878 1368/757/878 1391/754/878 1262/753/878
f 1185/593/878 1350/594/878 1370/764/878 1271/763/878
f 1343/465/903 1432/591/903 1388/733/903 1250/730/903
f 1313/559/878 1418/560/878 1417/760/878 1311/759/878
f 1305/761/903 1414/762/903 1415/766/903 1306/765/903
f 1317/548/878 1349/549/878 1348/768/878 1316/767/878
f 1275/576/903 1371/577/903 1351/529/903 1186/526/903
f 1316/767/878 1420/771/878 1419/554/878 1315/551/878
f 1306/765/903 1415/766/903 1374/773/903 1307/772/903
f 1291/712/903 1372/713/903 1373/601/903 1188/598/903
f 1319/776/903 1422/777/903 1421/711/903 1318/710/903
f 1307/772/903 1374/773/903 1375/780/903 1191/537/903
f 1320/527/903 1423/528/903 1422/777/903 1319/776/903
f 1209/734/903 1365/735/903 1360/596/903 1207/595/903
f 1323/446/878 1425/781/878 1424/586/878 1322/445/878
f 1268/782/878 1396/783/878 1361/581/878 1208/579/878
f 1205/569/878 1359/570/878 1362/742/878 1212/741/878
f 1324/447/878 1426/580/878 1425/781/878 1323/446/878
f 1269/784/878 1397/785/878 1396/783/878 1268/782/878
f 1213/749/903 1363/750/903 1358/533/903 1204/532/903
f 1326/786/903 1428/787/903 1427/746/903 1325/743/903
f 1270/788/878 1398/789/878 1397/785/878 1269/784/878
f 1202/717/878 1357/718/878 1369/758/878 1216/755/878
f 1327/723/903 1429/724/903 1428/787/903 1326/786/903
f 1271/763/878 1370/764/878 1398/789/878 1270/788/878
f 1347/602/941 1375/791/941 1420/790/941 1348/606/941
f 1191/537/903 1375/780/903 1347/538/903
f 1316/767/878 1348/768/878 1420/771/878
f 1643/1185/1159 1642/1184/1159 1743/1184/1159 1744/1185/1159
f 1673/1162/1181 1674/1161/1181 1760/1161/1181 1759/1162/1181
f 1642/1184/1159 1641/1125/1159 1742/1125/1159 1743/1184/1159
f 1672/1138/1181 1673/1162/1181 1759/1162/1181 1758/1138/1181
f 1641/1125/1159 1618/1124/1159 1727/1124/1159 1742/1125/1159
f 1623/1139/1181 1672/1138/1181 1758/1138/1181 1730/1139/1181
f 1719/1147/1181 1613/1147/1181 1724/1245/1181
f 1612/1148/1181 1613/1147/1181 1719/1147/1181 1721/1148/1181
f 1671/1166/1159 1670/1165/1159 1756/1165/1159 1757/1166/1159
f 1614/1235/1159 1698/1234/1159 1723/1234/1159 1720/1235/1159
f 1696/1202/1159 1687/1152/1159 1764/1152/1159 1771/1202/1159
f 1670/1165/1159 1669/1168/1159 1755/1168/1159 1756/1165/1159
f 1618/1229/1159 1694/1228/1159 1770/1228/1159 1727/1229/1159
f 1669/1168/1159 1668/1137/1159 1754/1137/1159 1755/1168/1159
f 1668/1137/1159 1624/1136/1159 1731/1136/1159 1754/1137/1159
f 1693/1225/1159 1671/1166/1159 1757/1166/1159 1768/1225/1159
f 1718/1223/1181 1717/1222/1181 1778/1222/1181 1776/1223/1181
f 1715/1220/1181 1718/1223/1181 1776/1223/1181 1777/1220/1181
f 1610/1253/1181 1617/1254/1181 1726/1254/1181 1739/1253/1181
f 1721/1148/1182 1719/1147/1182 1720/1235/1182 1723/1234/1182 1722/1255/1182
f 1754/1137/1185 1731/1136/1185 1730/1139/1185 1758/1138/1185
f 1761/1156/1186 1729/1256/1186 1728/1119/1186 1765/1118/1186
f 1731/1136/1187 1732/1143/1187 1733/1144/1187 1730/1139/1187
f 1764/1152/1188 1763/1151/1188 1767/1193/1188 1740/1191/1188
f 1763/1151/1189 1762/1154/1189 1766/1195/1189 1767/1193/1189
f 1762/1154/1190 1761/1156/1190 1765/1118/1190 1766/1195/1190
f 1757/1166/1191 1756/1165/1191 1760/1161/1191 1738/1160/1191
f 1756/1165/1192 1755/1168/1192 1759/1162/1192 1760/1161/1192
f 1755/1168/1193 1754/1137/1193 1758/1138/1193 1759/1162/1193
f 1739/1253/1199 1726/1254/1199 1727/1229/1199 1770/1228/1199 1769/1257/1199
f 1769/1258/1200 1768/1225/1200 1757/1166/1200 1738/1160/1200 1739/1259/1200
f 1772/1203/1201 1771/1202/1201 1764/1152/1201 1740/1191/1201 1741/1190/1201
f 1729/1256/1202 1737/1172/1202 1774/1260/1202 1773/1206/1202 1728/1119/1202
f 1674/1161/1181 1675/1160/1181 1738/1160/1181 1760/1161/1181
f 1644/1252/1159 1643/1185/1159 1744/1185/1159 1734/1252/1159
f 1684/1156/1159 1621/1256/1159 1729/1256/1159 1761/1156/1159
f 1617/1127/1181 1645/1126/1181 1745/1126/1181 1726/1127/1181
f 1663/1238/1181 1701/1207/1181 1775/1207/1181 1753/1238/1181
f 1685/1154/1159 1684/1156/1159 1761/1156/1159 1762/1154/1159
f 1646/1181/1181 1647/1180/1181 1735/1180/1181 1746/1181/1181
f 1686/1151/1159 1685/1154/1159 1762/1154/1159 1763/1151/1159
f 1656/1133/1159 1614/1132/1159 1725/1132/1159 1747/1133/1159
f 1627/1143/1159 1644/1252/1159 1734/1252/1159 1732/1143/1159
f 1699/1206/1181 1620/1119/1181 1728/1119/1181 1773/1206/1181
f 1687/1152/1159 1686/1151/1159 1763/1151/1159 1764/1152/1159
f 1657/1176/1159 1656/1133/1159 1747/1133/1159 1748/1176/1159
f 1647/1180/1181 1628/1144/1181 1733/1144/1181 1735/1180/1181
f 1620/1119/1181 1688/1118/1181 1765/1118/1181 1728/1119/1181
f 1658/1174/1159 1657/1176/1159 1748/1176/1159 1749/1174/1159
f 1631/1172/1159 1659/1171/1159 1736/1171/1159 1737/1172/1159
f 1645/1126/1181 1715/1220/1181 1777/1220/1181 1745/1126/1181
f 1692/1258/1159 1693/1225/1159 1768/1225/1159 1769/1258/1159
f 1688/1118/1181 1689/1195/1181 1766/1195/1181 1765/1118/1181
f 1659/1171/1159 1658/1174/1159 1749/1174/1159 1736/1171/1159
f 1717/1222/1181 1646/1181/1181 1746/1181/1181 1778/1222/1181
f 1694/1261/1159 1692/1258/1159 1769/1258/1159 1770/1261/1159
f 1689/1195/1181 1690/1193/1181 1767/1193/1181 1766/1195/1181
f 1698/1204/1159 1697/1203/1159 1722/1203/1159 1723/1204/1159
f 1613/1245/1181 1660/1244/1181 1750/1244/1181 1724/1245/1181
f 1697/1203/1159 1696/1202/1159 1771/1202/1159 1772/1203/1159
f 1690/1193/1181 1691/1191/1181 1740/1191/1181 1767/1193/1181
f 1660/1244/1181 1661/1187/1181 1751/1187/1181 1750/1244/1181
f 1675/1160/1181 1610/1259/1181 1739/1259/1181 1738/1160/1181
f 1661/1187/1181 1662/1186/1181 1752/1186/1181 1751/1187/1181
f 1691/1191/1181 1612/1190/1181 1741/1190/1181 1740/1191/1181
f 1662/1186/1181 1663/1238/1181 1753/1238/1181 1752/1186/1181
f 1624/1136/1159 1627/1143/1159 1732/1143/1159 1731/1136/1159
f 1628/1144/1181 1623/1139/1181 1730/1139/1181 1733/1144/1181
f 1700/1260/1181 1699/1206/1181 1773/1206/1181 1774/1260/1181
f 1621/1256/1159 1631/1172/1159 1737/1172/1159 1729/1256/1159
f 1701/1207/1181 1700/1260/1181 1774/1260/1181 1775/1207/1181
f 1721/1148/1206 1722/1255/1206 1772/1203/1206 1741/1190/1206
f 1612/1190/1181 1721/1148/1181 1741/1190/1181
f 1697/1203/1159 1772/1203/1159 1722/1255/1159
f 1614/1132/1159 1720/1235/1159 1725/1132/1159
f 1929/1185/1368 2030/1185/1368 2029/1184/1368 1928/1184/1368
f 1959/1162/1390 2045/1162/1390 2046/1161/1390 1960/1161/1390
f 1928/1184/1368 2029/1184/1368 2028/1125/1368 1927/1125/1368
f 1958/1138/1390 2044/1138/1390 2045/1162/1390 1959/1162/1390
f 1927/1125/1368 2028/1125/1368 2013/1124/1368 1904/1124/1368
f 1909/1139/1390 2016/1139/1390 2044/1138/1390 1958/1138/1390
f 2005/1147/1390 2010/1245/1390 1899/1147/1390
f 1898/1148/1390 2007/1148/1390 2005/1147/1390 1899/1147/1390
f 1957/1166/1368 2043/1166/1368 2042/1165/1368 1956/1165/1368
f 1900/1235/1368 2006/1235/1368 2009/1234/1368 1984/1234/1368
f 1982/1202/1368 2057/1202/1368 2050/1152/1368 1973/1152/1368
f 1956/1165/1368 2042/1165/1368 2041/1168/1368 1955/1168/1368
f 1904/1229/1368 2013/1229/1368 2056/1228/1368 1980/1228/1368
f 1955/1168/1368 2041/1168/1368 2040/1137/1368 1954/1137/1368
f 1954/1137/1368 2040/1137/1368 2017/1136/1368 1910/1136/1368
f 1979/1225/1368 2054/1225/1368 2043/1166/1368 1957/1166/1368
f 2004/1223/1390 2062/1223/1390 2064/1222/1390 2003/1222/1390
f 2001/1220/1390 2063/1220/1390 2062/1223/1390 2004/1223/1390
f 1896/1253/1390 2025/1253/1390 2012/1254/1390 1903/1254/1390
f 2007/1148/1391 2008/1255/1391 2009/1234/1391 2006/1235/1391 2005/1147/1391
f 2040/1137/1394 2044/1138/1394 2016/1139/1394 2017/1136/1394
f 2047/1156/1395 2051/1118/1395 2014/1119/1395 2015/1256/1395
f 2017/1136/1396 2016/1139/1396 2019/1144/1396 2018/1143/1396
f 2050/1152/1397 2026/1191/1397 2053/1193/1397 2049/1151/1397
f 2049/1151/1398 2053/1193/1398 2052/1195/1398 2048/1154/1398
f 2048/1154/1399 2052/1195/1399 2051/1118/1399 2047/1156/1399
f 2043/1166/1400 2024/1160/1400 2046/1161/1400 2042/1165/1400
f 2042/1165/1401 2046/1161/1401 2045/1162/1401 2041/1168/1401
f 2041/1168/1402 2045/1162/1402 2044/1138/1402 2040/1137/1402
f 2025/1253/1408 2055/1257/1408 2056/1228/1408 2013/1229/1408 2012/1254/1408
f 2055/1258/1409 2025/1259/1409 2024/1160/1409 2043/1166/1409 2054/1225/1409
f 2058/1203/1410 2027/1190/1410 2026/1191/1410 2050/1152/1410 2057/1202/1410
f 2015/1256/1411 2014/1119/1411 2059/1206/1411 2060/1260/1411 2023/1172/1411
f 1960/1161/1390 2046/1161/1390 2024/1160/1390 1961/1160/1390
f 1930/1252/1368 2020/1252/1368 2030/1185/1368 1929/1185/1368
f 1970/1156/1368 2047/1156/1368 2015/1256/1368 1907/1256/1368
f 1903/1127/1390 2012/1127/1390 2031/1126/1390 1931/1126/1390
f 1949/1238/1390 2039/1238/1390 2061/1207/1390 1987/1207/1390
f 1971/1154/1368 2048/1154/1368 2047/1156/1368 1970/1156/1368
f 1932/1181/1390 2032/1181/1390 2021/1180/1390 1933/1180/1390
f 1972/1151/1368 2049/1151/1368 2048/1154/1368 1971/1154/1368
f 1942/1133/1368 2033/1133/1368 2011/1132/1368 1900/1132/1368
f 1913/1143/1368 2018/1143/1368 2020/1252/1368 1930/1252/1368
f 1985/1206/1390 2059/1206/1390 2014/1119/1390 1906/1119/1390
f 1973/1152/1368 2050/1152/1368 2049/1151/1368 1972/1151/1368
f 1943/1176/1368 2034/1176/1368 2033/1133/1368 1942/1133/1368
f 1933/1180/1390 2021/1180/1390 2019/1144/1390 1914/1144/1390
f 1906/1119/1390 2014/1119/1390 2051/1118/1390 1974/1118/1390
f 1944/1174/1368 2035/1174/1368 2034/1176/1368 1943/1176/1368
f 1917/1172/1368 2023/1172/1368 2022/1171/1368 1945/1171/1368
f 1931/1126/1390 2031/1126/1390 2063/1220/1390 2001/1220/1390
f 1978/1258/1368 2055/1258/1368 2054/1225/1368 1979/1225/1368
f 1974/1118/1390 2051/1118/1390 2052/1195/1390 1975/1195/1390
f 1945/1171/1368 2022/1171/1368 2035/1174/1368 1944/1174/1368
f 2003/1222/1390 2064/1222/1390 2032/1181/1390 1932/1181/1390
f 1980/1261/1368 2056/1261/1368 2055/1258/1368 1978/1258/1368
f 1975/1195/1390 2052/1195/1390 2053/1193/1390 1976/1193/1390
f 1984/1204/1368 2009/1204/1368 2008/1203/1368 1983/1203/1368
f 1899/1245/1390 2010/1245/1390 2036/1244/1390 1946/1244/1390
f 1983/1203/1368 2058/1203/1368 2057/1202/1368 1982/1202/1368
f 1976/1193/1390 2053/1193/1390 2026/1191/1390 1977/1191/1390
f 1946/1244/1390 2036/1244/1390 2037/1187/1390 1947/1187/1390
f 1961/1160/1390 2024/1160/1390 2025/1259/1390 1896/1259/1390
f 1947/1187/1390 2037/1187/1390 2038/1186/1390 1948/1186/1390
f 1977/1191/1390 2026/1191/1390 2027/1190/1390 1898/1190/1390
f 1948/1186/1390 2038/1186/1390 2039/1238/1390 1949/1238/1390
f 1910/1136/1368 2017/1136/1368 2018/1143/1368 1913/1143/1368
f 1914/1144/1390 2019/1144/1390 2016/1139/1390 1909/1139/1390
f 1986/1260/1390 2060/1260/1390 2059/1206/1390 1985/1206/1390
f 1907/1256/1368 2015/1256/1368 2023/1172/1368 1917/1172/1368
f 1987/1207/1390 2061/1207/1390 2060/1260/1390 1986/1260/1390
f 2007/1148/1415 2027/1190/1415 2058/1203/1415 2008/1255/1415
f 1898/1190/1390 2027/1190/1390 2007/1148/1390
f 1983/1203/1368 2008/1255/1368 2058/1203/1368
f 1900/1132/1368 2011/1132/1368 2006/1235/1368
f 2215/1185/1181 2214/1184/1181 2315/1184/1181 2316/1185/1181
f 2245/1162/1159 2246/1161/1159 2332/1161/1159 2331/1162/1159
f 2214/1184/1181 2213/1125/1181 2314/1125/1181 2315/1184/1181
f 2244/1138/1159 2245/1162/1159 2331/1162/1159 2330/1138/1159
f 2213/1125/1181 2190/1124/1181 2299/1124/1181 2314/1125/1181
f 2195/1139/1159 2244/1138/1159 2330/1138/1159 2302/1139/1159
f 2291/1147/1159 2185/1147/1159 2296/1245/1159
f 2184/1148/1159 2185/1147/1159 2291/1147/1159 2293/1148/1159
f 2243/1166/1181 2242/1165/1181 2328/1165/1181 2329/1166/1181
f 2186/1235/1181 2270/1234/1181 2295/1234/1181 2292/1235/1181
f 2268/1202/1181 2259/1152/1181 2336/1152/1181 2343/1202/1181
f 2242/1165/1181 2241/1168/1181 2327/1168/1181 2328/1165/1181
f 2190/1229/1181 2266/1228/1181 2342/1228/1181 2299/1229/1181
f 2241/1168/1181 2240/1137/1181 2326/1137/1181 2327/1168/1181
f 2240/1137/1181 2196/1136/1181 2303/1136/1181 2326/1137/1181
f 2265/1225/1181 2243/1166/1181 2329/1166/1181 2340/1225/1181
f 2290/1223/1159 2289/1222/1159 2350/1222/1159 2348/1223/1159
f 2287/1220/1159 2290/1223/1159 2348/1223/1159 2349/1220/1159
f 2182/1253/1159 2189/1254/1159 2298/1254/1159 2311/1253/1159
f 2293/1148/1598 2291/1147/1598 2292/1235/1598 2295/1234/1598 2294/1255/1598
f 2326/1137/1601 2303/1136/1601 2302/1139/1601 2330/1138/1601
f 2333/1156/1602 2301/1256/1602 2300/1119/1602 2337/1118/1602
f 2303/1136/1603 2304/1143/1603 2305/1144/1603 2302/1139/1603
f 2336/1152/1604 2335/1151/1604 2339/1193/1604 2312/1191/1604
f 2335/1151/1605 2334/1154/1605 2338/1195/1605 2339/1193/1605
f 2334/1154/1606 2333/1156/1606 2337/1118/1606 2338/1195/1606
f 2329/1166/1607 2328/1165/1607 2332/1161/1607 2310/1160/1607
f 2328/1165/1608 2327/1168/1608 2331/1162/1608 2332/1161/1608
f 2327/1168/1609 2326/1137/1609 2330/1138/1609 2331/1162/1609
f 2311/1253/1614 2298/1254/1614 2299/1229/1614 2342/1228/1614 2341/1257/1614
f 2341/1258/1615 2340/1225/1615 2329/1166/1615 2310/1160/1615 2311/1259/1615
f 2344/1203/1616 2343/1202/1616 2336/1152/1616 2312/1191/1616 2313/1190/1616
f 2301/1256/1617 2309/1172/1617 2346/1260/1617 2345/1206/1617 2300/1119/1617
f 2246/1161/1159 2247/1160/1159 2310/1160/1159 2332/1161/1159
f 2216/1252/1181 2215/1185/1181 2316/1185/1181 2306/1252/1181
f 2256/1156/1181 2193/1256/1181 2301/1256/1181 2333/1156/1181
f 2189/1127/1159 2217/1126/1159 2317/1126/1159 2298/1127/1159
f 2235/1238/1159 2273/1207/1159 2347/1207/1159 2325/1238/1159
f 2257/1154/1181 2256/1156/1181 2333/1156/1181 2334/1154/1181
f 2218/1181/1159 2219/1180/1159 2307/1180/1159 2318/1181/1159
f 2258/1151/1181 2257/1154/1181 2334/1154/1181 2335/1151/1181
f 2228/1133/1181 2186/1132/1181 2297/1132/1181 2319/1133/1181
f 2199/1143/1181 2216/1252/1181 2306/1252/1181 2304/1143/1181
f 2271/1206/1159 2192/1119/1159 2300/1119/1159 2345/1206/1159
f 2259/1152/1181 2258/1151/1181 2335/1151/1181 2336/1152/1181
f 2229/1176/1181 2228/1133/1181 2319/1133/1181 2320/1176/1181
f 2219/1180/1159 2200/1144/1159 2305/1144/1159 2307/1180/1159
f 2192/1119/1159 2260/1118/1159 2337/1118/1159 2300/1119/1159
f 2230/1174/1181 2229/1176/1181 2320/1176/1181 2321/1174/1181
f 2203/1172/1181 2231/1171/1181 2308/1171/1181 2309/1172/1181
f 2217/1126/1159 2287/1220/1159 2349/1220/1159 2317/1126/1159
f 2264/1258/1181 2265/1225/1181 2340/1225/1181 2341/1258/1181
f 2260/1118/1159 2261/1195/1159 2338/1195/1159 2337/1118/1159
f 2231/1171/1181 2230/1174/1181 2321/1174/1181 2308/1171/1181
f 2289/1222/1159 2218/1181/1159 2318/1181/1159 2350/1222/1159
f 2266/1261/1181 2264/1258/1181 2341/1258/1181 2342/1261/1181
f 2261/1195/1159 2262/1193/1159 2339/1193/1159 2338/1195/1159
f 2270/1204/1181 2269/1203/1181 2294/1203/1181 2295/1204/1181
f 2185/1245/1159 2232/1244/1159 2322/1244/1159 2296/1245/1159
f 2269/1203/1181 2268/1202/1181 2343/1202/1181 2344/1203/1181
f 2262/1193/1159 2263/1191/1159 2312/1191/1159 2339/1193/1159
f 2232/1244/1159 2233/1187/1159 2323/1187/1159 2322/1244/1159
f 2247/1160/1159 2182/1259/1159 2311/1259/1159 2310/1160/1159
f 2233/1187/1159 2234/1186/1159 2324/1186/1159 2323/1187/1159
f 2263/1191/1159 2184/1190/1159 2313/1190/1159 2312/1191/1159
f 2234/1186/1159 2235/1238/1159 2325/1238/1159 2324/1186/1159
f 2196/1136/1181 2199/1143/1181 2304/1143/1181 2303/1136/1181
f 2200/1144/1159 2195/1139/1159 2302/1139/1159 2305/1144/1159
f 2272/1260/1159 2271/1206/1159 2345/1206/1159 2346/1260/1159
f 2193/1256/1181 2203/1172/1181 2309/1172/1181 2301/1256/1181
f 2273/1207/1159 2272/1260/1159 2346/1260/1159 2347/1207/1159
f 2293/1148/1622 2294/1255/1622 2344/1203/1622 2313/1190/1622
f 2184/1190/1159 2293/1148/1159 2313/1190/1159
f 2269/1203/1181 2344/1203/1181 2294/1255/1181
f 2186/1132/1181 2292/1235/1181 2297/1132/1181
f 2501/1185/1390 2602/1185/1390 2601/1184/1390 2500/1184/1390
f 2531/1162/1368 2617/1162/1368 2618/1161/1368 2532/1161/1368
f 2500/1184/1390 2601/1184/1390 2600/1125/1390 2499/1125/1390
f 2530/1138/1368 2616/1138/1368 2617/1162/1368 2531/1162/1368
f 2499/1125/1390 2600/1125/1390 2585/1124/1390 2476/1124/1390
f 2481/1139/1368 2588/1139/1368 2616/1138/1368 2530/1138/1368
f 2577/1147/1368 2582/1245/1368 2471/1147/1368
f 2470/1148/1368 2579/1148/1368 2577/1147/1368 2471/1147/1368
f 2529/1166/1390 2615/1166/1390 2614/1165/1390 2528/1165/1390
f 2472/1235/1390 2578/1235/1390 2581/1234/1390 2556/1234/1390
f 2554/1202/1390 2629/1202/1390 2622/1152/1390 2545/1152/1390
f 2528/1165/1390 2614/1165/1390 2613/1168/1390 2527/1168/1390
f 2476/1229/1390 2585/1229/1390 2628/1228/1390 2552/1228/1390
f 2527/1168/1390 2613/1168/1390 2612/1137/1390 2526/1137/1390
f 2526/1137/1390 2612/1137/1390 2589/1136/1390 2482/1136/1390
f 2551/1225/1390 2626/1225/1390 2615/1166/1390 2529/1166/1390
f 2576/1223/1368 2634/1223/1368 2636/1222/1368 2575/1222/1368
f 2573/1220/1368 2635/1220/1368 2634/1223/1368 2576/1223/1368
f 2468/1253/1368 2597/1253/1368 2584/1254/1368 2475/1254/1368
f 2579/1148/1805 2580/1255/1805 2581/1234/1805 2578/1235/1805 2577/1147/1805
f 2612/1137/1808 2616/1138/1808 2588/1139/1808 2589/1136/1808
f 2619/1156/1809 2623/1118/1809 2586/1119/1809 2587/1256/1809
f 2589/1136/1810 2588/1139/1810 2591/1144/1810 2590/1143/1810
f 2622/1152/1811 2598/1191/1811 2625/1193/1811 2621/1151/1811
f 2621/1151/1812 2625/1193/1812 2624/1195/1812 2620/1154/1812
f 2620/1154/1813 2624/1195/1813 2623/1118/1813 2619/1156/1813
f 2615/1166/1814 2596/1160/1814 2618/1161/1814 2614/1165/1814
f 2614/1165/1815 2618/1161/1815 2617/1162/1815 2613/1168/1815
f 2613/1168/1816 2617/1162/1816 2616/1138/1816 2612/1137/1816
f 2597/1253/1821 2627/1257/1821 2628/1228/1821 2585/1229/1821 2584/1254/1821
f 2627/1258/1822 2597/1259/1822 2596/1160/1822 2615/1166/1822 2626/1225/1822
f 2630/1203/1823 2599/1190/1823 2598/1191/1823 2622/1152/1823 2629/1202/1823
f 2587/1256/1824 2586/1119/1824 2631/1206/1824 2632/1260/1824 2595/1172/1824
f 2532/1161/1368 2618/1161/1368 2596/1160/1368 2533/1160/1368
f 2502/1252/1390 2592/1252/1390 2602/1185/1390 2501/1185/1390
f 2542/1156/1390 2619/1156/1390 2587/1256/1390 2479/1256/1390
f 2475/1127/1368 2584/1127/1368 2603/1126/1368 2503/1126/1368
f 2521/1238/1368 2611/1238/1368 2633/1207/1368 2559/1207/1368
f 2543/1154/1390 2620/1154/1390 2619/1156/1390 2542/1156/1390
f 2504/1181/1368 2604/1181/1368 2593/1180/1368 2505/1180/1368
f 2544/1151/1390 2621/1151/1390 2620/1154/1390 2543/1154/1390
f 2514/1133/1390 2605/1133/1390 2583/1132/1390 2472/1132/1390
f 2485/1143/1390 2590/1143/1390 2592/1252/1390 2502/1252/1390
f 2557/1206/1368 2631/1206/1368 2586/1119/1368 2478/1119/1368
f 2545/1152/1390 2622/1152/1390 2621/1151/1390 2544/1151/1390
f 2515/1176/1390 2606/1176/1390 2605/1133/1390 2514/1133/1390
f 2505/1180/1368 2593/1180/1368 2591/1144/1368 2486/1144/1368
f 2478/1119/1368 2586/1119/1368 2623/1118/1368 2546/1118/1368
f 2516/1174/1390 2607/1174/1390 2606/1176/1390 2515/1176/1390
f 2489/1172/1390 2595/1172/1390 2594/1171/1390 2517/1171/1390
f 2503/1126/1368 2603/1126/1368 2635/1220/1368 2573/1220/1368
f 2550/1258/1390 2627/1258/1390 2626/1225/1390 2551/1225/1390
f 2546/1118/1368 2623/1118/1368 2624/1195/1368 2547/1195/1368
f 2517/1171/1390 2594/1171/1390 2607/1174/1390 2516/1174/1390
f 2575/1222/1368 2636/1222/1368 2604/1181/1368 2504/1181/1368
f 2552/1261/1390 2628/1261/1390 2627/1258/1390 2550/1258/1390
f 2547/1195/1368 2624/1195/1368 2625/1193/1368 2548/1193/1368
f 2556/1204/1390 2581/1204/1390 2580/1203/1390 2555/1203/1390
f 2471/1245/1368 2582/1245/1368 2608/1244/1368 2518/1244/1368
f 2555/1203/1390 2630/1203/1390 2629/1202/1390 2554/1202/1390
f 2548/1193/1368 2625/1193/1368 2598/1191/1368 2549/1191/1368
f 2518/1244/1368 2608/1244/1368 2609/1187/1368 2519/1187/1368
f 2533/1160/1368 2596/1160/1368 2597/1259/1368 2468/1259/1368
f 2519/1187/1368 2609/1187/1368 2610/1186/1368 2520/1186/1368
f 2549/1191/1368 2598/1191/1368 2599/1190/1368 2470/1190/1368
f 2520/1186/1368 2610/1186/1368 2611/1238/1368 2521/1238/1368
f 2482/1136/1390 2589/1136/1390 2590/1143/1390 2485/1143/1390
f 2486/1144/1368 2591/1144/1368 2588/1139/1368 2481/1139/1368
f 2558/1260/1368 2632/1260/1368 2631/1206/1368 2557/1206/1368
f 2479/1256/1390 2587/1256/1390 2595/1172/1390 2489/1172/1390
f 2559/1207/1368 2633/1207/1368 2632/1260/1368 2558/1260/1368
f 2579/1148/1829 2599/1190/1829 2630/1203/1829 2580/1255/1829
f 2470/1190/1368 2599/1190/1368 2579/1148/1368
f 2555/1203/1390 2580/1255/1390 2630/1203/1390
f 2472/1132/1390 2583/1132/1390 2578/1235/1390
f 2772/1185/1978 2771/1184/1978 2827/1184/1978 2828/1185/1978
f 2794/1162/1983 2795/1161/1983 2837/1161/1983 2836/1162/1983
f 2771/1184/1978 2770/1125/1978 2826/1125/1978 2827/1184/1978
f 2793/1138/1983 2794/1162/1983 2836/1162/1983 2835/1138/1983
f 2770/1125/1978 2756/1124/1978 2817/1124/1978 2826/1125/1978
f 2759/1139/1983 2793/1138/1983 2835/1138/1983 2818/1139/1983
f 2792/1166/1978 2791/1165/1978 2833/1165/1978 2834/1166/1978
f 2791/1165/1978 2790/1168/1978 2832/1168/1978 2833/1165/1978
f 2756/1229/1978 2807/1228/1978 2840/1228/1978 2817/1229/1978
f 2790/1168/1978 2789/1137/1978 2831/1137/1978 2832/1168/1978
f 2789/1137/1978 2760/1136/1978 2819/1136/1978 2831/1137/1978
f 2806/1225/1978 2792/1166/1978 2834/1166/1978 2838/1225/1978
f 2815/1223/1983 2814/1222/1983 2843/1222/1983 2841/1223/1983
f 2812/1220/1983 2815/1223/1983 2841/1223/1983 2842/1220/1983
f 2750/1253/1983 2755/1254/1983 2816/1254/1983 2825/1253/1983
f 2831/1137/1985 2819/1136/1985 2818/1139/1985 2835/1138/1985
f 2819/1136/1986 2820/1143/1986 2821/1144/1986 2818/1139/1986
f 2834/1166/1987 2833/1165/1987 2837/1161/1987 2824/1160/1987
f 2833/1165/1988 2832/1168/1988 2836/1162/1988 2837/1161/1988
f 2832/1168/1989 2831/1137/1989 2835/1138/1989 2836/1162/1989
f 2825/1253/1992 2816/1254/1992 2817/1229/1992 2840/1228/1992 2839/1257/1992
f 2839/1258/1993 2838/1225/1993 2834/1166/1993 2824/1160/1993 2825/1259/1993
f 2795/1161/1983 2796/1160/1983 2824/1160/1983 2837/1161/1983
f 2773/1252/1978 2772/1185/1978 2828/1185/1978 2822/1252/1978
f 2755/1127/1983 2774/1126/1983 2829/1126/1983 2816/1127/1983
f 2775/1181/1983 2776/1180/1983 2823/1180/1983 2830/1181/1983
f 2763/1143/1978 2773/1252/1978 2822/1252/1978 2820/1143/1978
f 2776/1180/1983 2764/1144/1983 2821/1144/1983 2823/1180/1983
f 2774/1126/1983 2812/1220/1983 2842/1220/1983 2829/1126/1983
f 2805/1258/1978 2806/1225/1978 2838/1225/1978 2839/1258/1978
f 2814/1222/1983 2775/1181/1983 2830/1181/1983 2843/1222/1983
f 2807/1261/1978 2805/1258/1978 2839/1258/1978 2840/1261/1978
f 2796/1160/1983 2750/1259/1983 2825/1259/1983 2824/1160/1983
f 2760/1136/1978 2763/1143/1978 2820/1143/1978 2819/1136/1978
f 2764/1144/1983 2759/1139/1983 2818/1139/1983 2821/1144/1983
f 2937/1185/34 2936/1184/34 2992/1184/34 2993/1185/34
f 2959/1162/35 2960/1161/35 3002/1161/35 3001/1162/35
f 2936/1184/34 2935/1125/34 2991/1125/34 2992/1184/34
f 2958/1138/35 2959/1162/35 3001/1162/35 3000/1138/35
f 2935/1125/34 2921/1124/34 2982/1124/34 2991/1125/34
f 2924/1139/35 2958/1138/35 3000/1138/35 2983/1139/35
f 2957/1166/34 2956/1165/34 2998/1165/34 2999/1166/34
f 2956/1165/34 2955/1168/34 2997/1168/34 2998/1165/34
f 2921/1229/34 2972/1228/34 3005/1228/34 2982/1229/34
f 2955/1168/34 2954/1137/34 2996/1137/34 2997/1168/34
f 2954/1137/34 2925/1136/34 2984/1136/34 2996/1137/34
f 2971/1225/34 2957/1166/34 2999/1166/34 3003/1225/34
f 2980/1223/35 2979/1222/35 3008/1222/35 3006/1223/35
f 2977/1220/35 2980/1223/35 3006/1223/35 3007/1220/35
f 2915/1253/35 2920/1254/35 2981/1254/35 2990/1253/35
f 2996/1137/2110 2984/1136/2110 2983/1139/2110 3000/1138/2110
f 2984/1136/2111 2985/1143/2111 2986/1144/2111 2983/1139/2111
f 2999/1166/2112 2998/1165/2112 3002/1161/2112 2989/1160/2112
f 2998/1165/2113 2997/1168/2113 3001/1162/2113 3002/1161/2113
f 2997/1168/2114 2996/1137/2114 3000/1138/2114 3001/1162/2114
f 2990/1253/2117 2981/1254/2117 2982/1229/2117 3005/1228/2117 3004/1257/2117
f 3004/1258/2118 3003/1225/2118 2999/1166/2118 2989/1160/2118 2990/1259/2118
f 2960/1161/35 2961/1160/35 2989/1160/35 3002/1161/35
f 2938/1252/34 2937/1185/34 2993/1185/34 2987/1252/34
f 2920/1127/35 2939/1126/35 2994/1126/35 2981/1127/35
f 2940/1181/35 2941/1180/35 2988/1180/35 2995/1181/35
f 2928/1143/34 2938/1252/34 2987/1252/34 2985/1143/34
f 2941/1180/35 2929/1144/35 2986/1144/35 2988/1180/35
f 2939/1126/35 2977/1220/35 3007/1220/35 2994/1126/35
f 2970/1258/34 2971/1225/34 3003/1225/34 3004/1258/34
f 2979/1222/35 2940/1181/35 2995/1181/35 3008/1222/35
f 2972/1261/34 2970/1258/34 3004/1258/34 3005/1261/34
f 2961/1160/35 2915/1259/35 2990/1259/35 2989/1160/35
f 2925/1136/34 2928/1143/34 2985/1143/34 2984/1136/34
f 2929/1144/35 2924/1139/35 2983/1139/35 2986/1144/35
f 3148/480/2275 3147/481/2275 3286/482/2275 3287/483/2275
f 3190/518/2300 3191/519/2300 3309/520/2300 3308/521/2300
f 3147/481/2275 3146/522/2275 3285/523/2275 3286/482/2275
f 3189/524/2300 3190/518/2300 3308/521/2300 3307/525/2300
f 3087/526/2300 3221/527/2300 3324/528/2300 3252/529/2300
f 3146/522/2275 3098/530/2275 3256/531/2275 3285/523/2275
f 3105/532/2300 3189/524/2300 3307/525/2300 3259/533/2300
f 3092/537/2300 3093/535/2300 3246/534/2300 3248/538/2300
f 3137/539/2300 3138/540/2300 3265/541/2300 3284/542/2300
f 3188/543/2275 3187/544/2275 3305/545/2275 3306/546/2275
f 3094/547/2275 3218/548/2275 3250/549/2275 3247/550/2275
f 3216/551/2275 3204/552/2275 3313/553/2275 3320/554/2275
f 3136/555/2300 3137/539/2300 3284/542/2300 3283/556/2300
f 3187/544/2275 3186/557/2275 3304/558/2275 3305/545/2275
f 3098/530/2275 3214/559/2275 3319/560/2275 3256/531/2275
f 3135/561/2300 3136/555/2300 3283/556/2300 3282/562/2300
f 3186/557/2275 3185/563/2275 3303/564/2275 3304/558/2275
f 3134/565/2275 3133/566/2275 3280/567/2275 3281/568/2275
f 3185/563/2275 3106/569/2275 3260/570/2275 3303/564/2275
f 3213/571/2275 3188/543/2275 3306/546/2275 3317/572/2275
f 3133/566/2275 3132/573/2275 3279/574/2275 3280/567/2275
f 3175/575/2300 3176/576/2300 3272/577/2300 3302/578/2300
f 3109/579/2275 3225/447/2275 3327/580/2275 3262/581/2275
f 3132/573/2275 3131/582/2275 3278/583/2275 3279/574/2275
f 3174/584/2300 3175/575/2300 3302/578/2300 3301/585/2300
f 3223/445/2275 3134/565/2275 3281/568/2275 3325/586/2275
f 3131/582/2275 3101/587/2275 3277/588/2275 3278/583/2275
f 3173/589/2300 3174/584/2300 3301/585/2300 3300/590/2300
f 3245/466/2300 3244/465/2300 3333/591/2300 3331/592/2300
f 3101/587/2275 3086/593/2275 3251/594/2275 3277/588/2275
f 3108/595/2300 3173/589/2300 3300/590/2300 3261/596/2300
f 3242/463/2300 3245/466/2300 3331/592/2300 3332/597/2300
f 3089/598/2300 3097/599/2300 3255/600/2300 3274/601/2300
f 3248/602/2301 3246/603/2301 3247/604/2301 3250/605/2301 3249/606/2301
f 3290/611/2303 3254/612/2303 3253/613/2303 3293/614/2303
f 3297/615/2304 3262/616/2304 3261/617/2304 3300/618/2304
f 3303/619/2305 3260/620/2305 3259/621/2305 3307/622/2305
f 3310/623/2306 3258/624/2306 3257/625/2306 3314/626/2306
f 3260/627/2307 3263/628/2307 3264/629/2307 3259/630/2307
f 3313/631/2308 3312/632/2308 3316/633/2308 3275/634/2308
f 3312/632/2309 3311/635/2309 3315/636/2309 3316/633/2309
f 3311/635/2310 3310/623/2310 3314/626/2310 3315/636/2310
f 3306/637/2311 3305/638/2311 3309/639/2311 3273/640/2311
f 3305/638/2312 3304/641/2312 3308/642/2312 3309/639/2312
f 3304/641/2313 3303/619/2313 3307/622/2313 3308/642/2313
f 3251/643/2314 3271/644/2314 3272/645/2314 3252/646/2314
f 3271/644/2315 3299/647/2315 3302/648/2315 3272/645/2315
f 3299/647/2316 3298/649/2316 3301/650/2316 3302/648/2316
f 3298/649/2317 3297/615/2317 3300/618/2317 3301/650/2317
f 3269/651/2318 3292/652/2318 3295/653/2318 3296/654/2318
f 3292/652/2319 3291/655/2319 3294/656/2319 3295/653/2319
f 3291/655/2320 3290/611/2320 3293/614/2320 3294/656/2320
f 3263/657/2321 3267/658/2321 3268/659/2321 3264/660/2321
f 3267/658/2322 3287/661/2322 3289/662/2322 3268/659/2322
f 3274/671/2326 3255/672/2326 3256/673/2326 3319/674/2326 3318/675/2326
f 3318/676/2327 3317/677/2327 3306/637/2327 3273/640/2327 3274/678/2327
f 3321/679/2328 3320/680/2328 3313/631/2328 3275/634/2328 3276/681/2328
f 3252/685/2330 3324/686/2330 3323/687/2330 3277/688/2330 3251/689/2330
f 3262/690/2331 3327/691/2331 3326/692/2331 3266/693/2331 3261/694/2331
f 3258/698/2333 3270/699/2333 3329/700/2333 3328/701/2333 3257/702/2333
f 3270/703/2334 3269/651/2334 3296/654/2334 3330/704/2334 3329/705/2334
f 3219/710/2300 3135/561/2300 3282/562/2300 3322/711/2300
f 3191/519/2300 3192/712/2300 3273/713/2300 3309/520/2300
f 3149/714/2275 3148/480/2275 3287/483/2275 3267/715/2275
f 3201/716/2275 3103/717/2275 3258/718/2275 3310/719/2275
f 3097/599/2300 3150/720/2300 3288/721/2300 3255/600/2300
f 3253/613/2336 3254/612/2336 3247/726/2336 3246/727/2336
f 3202/728/2275 3201/716/2275 3310/719/2275 3311/729/2275
f 3151/730/2300 3152/731/2300 3268/732/2300 3289/733/2300
f 3138/540/2300 3110/734/2300 3266/735/2300 3265/541/2300
f 3203/736/2275 3202/728/2275 3311/729/2275 3312/737/2275
f 3161/738/2275 3094/547/2275 3254/739/2275 3290/740/2275
f 3113/741/2275 3149/714/2275 3267/715/2275 3263/742/2275
f 3226/743/2300 3102/744/2300 3257/745/2300 3328/746/2300
f 3204/552/2275 3203/736/2275 3312/737/2275 3313/553/2275
f 3162/747/2275 3161/738/2275 3290/740/2275 3291/748/2275
f 3152/731/2300 3114/749/2300 3264/750/2300 3268/732/2300
f 3102/744/2300 3205/751/2300 3314/752/2300 3257/745/2300
f 3163/753/2275 3162/747/2275 3291/748/2275 3292/754/2275
f 3117/755/2275 3164/756/2275 3269/757/2275 3270/758/2275
f 3150/720/2300 3242/463/2300 3332/597/2300 3288/721/2300
f 3212/759/2275 3213/571/2275 3317/572/2275 3318/760/2275
f 3205/751/2300 3206/761/2300 3315/762/2300 3314/752/2300
f 3164/756/2275 3163/753/2275 3292/754/2275 3269/757/2275
f 3086/593/2275 3172/763/2275 3271/764/2275 3251/594/2275
f 3244/465/2300 3151/730/2300 3289/733/2300 3333/591/2300
f 3214/559/2275 3212/759/2275 3318/760/2275 3319/560/2275
f 3206/761/2300 3207/765/2300 3316/766/2300 3315/762/2300
f 3218/548/2275 3217/767/2275 3249/768/2275 3250/549/2275
f 3176/576/2300 3087/526/2300 3252/529/2300 3272/577/2300
f 3217/767/2275 3216/551/2275 3320/554/2275 3321/771/2275
f 3207/765/2300 3208/772/2300 3275/773/2300 3316/766/2300
f 3192/712/2300 3089/598/2300 3274/601/2300 3273/713/2300
f 3220/776/2300 3219/710/2300 3322/711/2300 3323/777/2300
f 3208/772/2300 3092/537/2300 3276/780/2300 3275/773/2300
f 3221/527/2300 3220/776/2300 3323/777/2300 3324/528/2300
f 3110/734/2300 3108/595/2300 3261/596/2300 3266/735/2300
f 3224/446/2275 3223/445/2275 3325/586/2275 3326/781/2275
f 3169/782/2275 3109/579/2275 3262/581/2275 3297/783/2275
f 3106/569/2275 3113/741/2275 3263/742/2275 3260/570/2275
f 3225/447/2275 3224/446/2275 3326/781/2275 3327/580/2275
f 3170/784/2275 3169/782/2275 3297/783/2275 3298/785/2275
f 3114/749/2300 3105/532/2300 3259/533/2300 3264/750/2300
f 3227/786/2300 3226/743/2300 3328/746/2300 3329/787/2300
f 3171/788/2275 3170/784/2275 3298/785/2275 3299/789/2275
f 3103/717/2275 3117/755/2275 3270/758/2275 3258/718/2275
f 3228/723/2300 3227/786/2300 3329/787/2300 3330/724/2300
f 3172/763/2275 3171/788/2275 3299/789/2275 3271/764/2275
f 3248/602/2337 3249/606/2337 3321/790/2337 3276/791/2337
f 3092/537/2300 3248/538/2300 3276/780/2300
f 3217/767/2275 3321/771/2275 3249/768/2275
s 1
usemtl Dunkles_Metall
f 579/792/314 595/793/315 600/794/316
f 580/795/317 596/796/318 602/797/319
f 581/798/320 597/799/321 603/800/322
f 582/801/323 598/802/324 604/803/325
f 583/804/326 599/805/327 601/806/328
f 601/807/328 604/808/325 584/809/329
f 601/807/328 599/810/327 604/808/325
f 599/810/327 582/811/323 604/808/325
f 604/808/325 603/812/322 584/809/329
f 604/808/325 598/813/324 603/812/322
f 598/813/324 581/814/320 603/812/322
f 603/812/322 602/797/319 584/809/329
f 603/800/322 597/799/321 602/815/319
f 597/799/321 580/816/317 602/815/319
f 602/797/319 600/794/316 584/809/329
f 602/797/319 596/796/318 600/794/316
f 596/817/318 579/818/314 600/819/316
f 600/794/316 601/807/328 584/809/329
f 600/794/316 595/793/315 601/807/328
f 595/820/315 583/804/326 601/806/328
f 586/821/330 599/805/327 583/804/326
f 586/821/330 593/822/331 599/805/327
f 593/823/331 582/801/323 599/824/327
f 594/825/332 598/802/324 582/801/323
f 594/825/332 591/826/333 598/802/324
f 591/826/333 581/827/320 598/802/324
f 592/828/334 597/799/321 581/798/320
f 592/828/334 589/829/335 597/799/321
f 589/829/335 580/816/317 597/799/321
f 590/830/336 596/817/318 580/831/317
f 590/830/336 587/832/337 596/817/318
f 587/832/337 579/818/314 596/817/318
f 588/833/338 595/834/315 579/818/314
f 588/835/338 585/836/339 595/820/315
f 585/836/339 583/804/326 595/820/315
f 593/823/331 594/825/332 582/801/323
f 589/829/335 590/838/336 580/816/317
f 587/832/337 588/833/338 579/818/314
f 585/836/339 586/821/330 583/804/326
f 605/839/340 621/840/341 626/841/342
f 606/842/343 622/843/344 628/844/345
f 607/845/346 623/846/347 629/847/348
f 608/848/349 624/849/350 630/850/351
f 609/851/352 625/852/353 627/853/354
f 627/854/354 630/855/351 610/856/355
f 627/854/354 625/857/353 630/855/351
f 625/858/353 608/848/349 630/850/351
f 630/855/351 629/847/348 610/856/355
f 630/855/351 624/859/350 629/847/348
f 624/859/350 607/845/346 629/847/348
f 629/847/348 628/844/345 610/856/355
f 629/847/348 623/846/347 628/844/345
f 623/846/347 606/842/343 628/844/345
f 628/844/345 626/860/342 610/856/355
f 628/844/345 622/843/344 626/860/342
f 622/861/344 605/839/340 626/841/342
f 626/860/342 627/854/354 610/856/355
f 626/860/342 621/862/341 627/854/354
f 621/863/341 609/851/352 627/853/354
f 612/864/356 625/852/353 609/851/352
f 612/864/356 619/865/357 625/852/353
f 619/866/357 608/848/349 625/858/353
f 620/867/358 624/849/350 608/848/349
f 620/867/358 617/868/359 624/849/350
f 617/868/359 607/869/346 624/849/350
f 618/870/360 623/871/347 607/872/346
f 618/870/360 615/873/361 623/871/347
f 615/873/361 606/874/343 623/871/347
f 616/875/362 622/861/344 606/876/343
f 616/875/362 613/877/363 622/861/344
f 613/877/363 605/839/340 622/861/344
f 614/878/364 621/840/341 605/839/340
f 614/879/364 611/880/365 621/863/341
f 611/880/365 609/851/352 621/863/341
f 619/866/357 620/867/358 608/848/349
f 617/881/359 618/870/360 607/872/346
f 615/873/361 616/882/362 606/874/343
f 613/877/363 614/878/364 605/839/340
f 611/880/365 612/864/356 609/851/352
f 631/883/366 647/884/367 652/885/368
f 632/886/369 648/887/370 654/888/371
f 633/889/372 649/890/373 655/891/374
f 634/892/375 650/893/376 656/894/377
f 635/895/378 651/896/379 653/897/380
f 653/897/380 656/898/377 636/899/381
f 653/897/380 651/896/379 656/898/377
f 651/900/379 634/892/375 656/894/377
f 656/898/377 655/901/374 636/899/381
f 656/898/377 650/902/376 655/901/374
f 650/903/376 633/889/372 655/891/374
f 655/901/374 654/904/371 636/899/381
f 655/901/374 649/905/373 654/904/371
f 649/906/373 632/886/369 654/888/371
f 654/904/371 652/907/368 636/899/381
f 654/904/371 648/908/370 652/907/368
f 648/887/370 631/909/366 652/910/368
f 652/907/368 653/897/380 636/899/381
f 652/907/368 647/911/367 653/897/380
f 647/884/367 635/912/378 653/913/380
f 638/914/382 651/900/379 635/915/378
f 638/914/382 645/916/383 651/900/379
f 645/916/383 634/892/375 651/900/379
f 646/917/384 650/893/376 634/892/375
f 646/918/384 643/919/385 650/903/376
f 643/919/385 633/889/372 650/903/376
f 644/920/386 649/890/373 633/889/372
f 644/920/386 641/921/387 649/890/373
f 641/922/387 632/886/369 649/906/373
f 642/923/388 648/887/370 632/886/369
f 642/923/388 639/924/389 648/887/370
f 639/924/389 631/909/366 648/887/370
f 640/925/390 647/884/367 631/883/366
f 640/925/390 637/926/391 647/884/367
f 637/926/391 635/912/378 647/884/367
f 645/916/383 646/917/384 634/892/375
f 643/919/385 644/920/386 633/889/372
f 641/922/387 642/923/388 632/886/369
f 637/926/391 638/928/382 635/912/378
f 657/929/392 673/930/393 678/931/394
f 658/932/395 674/933/396 680/934/397
f 659/935/398 675/936/399 681/937/400
f 660/938/401 676/939/402 682/940/403
f 661/941/404 677/942/405 679/943/406
f 679/944/406 682/945/403 662/946/407
f 679/944/406 677/947/405 682/945/403
f 677/948/405 660/938/401 682/940/403
f 682/945/403 681/949/400 662/946/407
f 682/945/403 676/950/402 681/949/400
f 676/951/402 659/935/398 681/937/400
f 681/949/400 680/952/397 662/946/407
f 681/949/400 675/953/399 680/952/397
f 675/953/399 658/954/395 680/952/397
f 680/952/397 678/955/394 662/946/407
f 680/952/397 674/956/396 678/955/394
f 674/956/396 657/957/392 678/955/394
f 678/955/394 679/944/406 662/946/407
f 678/931/394 673/930/393 679/943/406
f 673/930/393 661/941/404 679/943/406
f 664/958/408 677/948/405 661/959/404
f 664/958/408 671/960/409 677/948/405
f 671/960/409 660/938/401 677/948/405
f 672/961/410 676/939/402 660/938/401
f 672/962/410 669/963/411 676/951/402
f 669/963/411 659/935/398 676/951/402
f 670/964/412 675/936/399 659/935/398
f 670/964/412 667/965/413 675/936/399
f 667/966/413 658/932/395 675/967/399
f 668/968/414 674/933/396 658/932/395
f 668/968/414 665/969/415 674/933/396
f 665/969/415 657/970/392 674/933/396
f 666/971/416 673/930/393 657/929/392
f 666/971/416 663/972/417 673/930/393
f 663/972/417 661/941/404 673/930/393
f 671/960/409 672/961/410 660/938/401
f 669/963/411 670/964/412 659/935/398
f 667/966/413 668/968/414 658/932/395
f 665/973/415 666/971/416 657/929/392
f 663/972/417 664/974/408 661/941/404
f 683/975/418 699/976/419 704/977/420
f 684/978/421 700/979/422 706/980/423
f 685/981/424 701/982/425 707/983/426
f 686/984/427 702/985/428 708/986/429
f 687/987/430 703/988/431 705/989/432
f 705/989/432 708/990/429 688/991/433
f 705/989/432 703/988/431 708/990/429
f 703/992/431 686/984/427 708/986/429
f 708/990/429 707/993/426 688/991/433
f 708/990/429 702/994/428 707/993/426
f 702/995/428 685/981/424 707/983/426
f 707/993/426 706/996/423 688/991/433
f 707/993/426 701/997/425 706/996/423
f 701/982/425 684/998/421 706/999/423
f 706/996/423 704/977/420 688/991/433
f 706/996/423 700/1000/422 704/977/420
f 700/979/422 683/1001/418 704/1002/420
f 704/977/420 705/989/432 688/991/433
f 704/977/420 699/976/419 705/989/432
f 699/1003/419 687/1004/430 705/1005/432
f 690/1006/434 703/1007/431 687/1004/430
f 690/1008/434 697/1009/435 703/992/431
f 697/1009/435 686/984/427 703/992/431
f 698/1010/436 702/985/428 686/984/427
f 698/1010/436 695/1011/437 702/985/428
f 695/1012/437 685/981/424 702/995/428
f 696/1013/438 701/982/425 685/981/424
f 696/1013/438 693/1014/439 701/982/425
f 693/1014/439 684/998/421 701/982/425
f 694/1015/440 700/979/422 684/978/421
f 694/1015/440 691/1016/441 700/979/422
f 691/1016/441 683/1001/418 700/979/422
f 692/1017/442 699/1003/419 683/1018/418
f 692/1017/442 689/1019/443 699/1003/419
f 689/1019/443 687/1004/430 699/1003/419
f 697/1009/435 698/1010/436 686/984/427
f 695/1012/437 696/1013/438 685/981/424
f 709/1022/444 725/1023/445 730/1024/446
f 710/1025/447 726/1026/448 732/1027/449
f 711/1028/450 727/1029/451 733/1030/452
f 712/1031/453 728/1032/454 734/1033/455
f 713/1034/456 729/1035/457 731/1036/458
f 731/1037/458 734/1038/455 714/1039/459
f 731/1037/458 729/1040/457 734/1038/455
f 729/1041/457 712/1031/453 734/1033/455
f 734/1038/455 733/1042/452 714/1039/459
f 734/1038/455 728/1043/454 733/1042/452
f 728/1043/454 711/1044/450 733/1042/452
f 733/1042/452 732/1045/449 714/1039/459
f 733/1042/452 727/1046/451 732/1045/449
f 727/1046/451 710/1047/447 732/1045/449
f 732/1045/449 730/1048/446 714/1039/459
f 732/1045/449 726/1049/448 730/1048/446
f 726/1026/448 709/1050/444 730/1051/446
f 730/1048/446 731/1037/458 714/1039/459
f 730/1024/446 725/1023/445 731/1036/458
f 725/1023/445 713/1034/456 731/1036/458
f 716/1052/460 729/1035/457 713/1034/456
f 716/1053/460 723/1054/461 729/1041/457
f 723/1054/461 712/1031/453 729/1041/457
f 724/1055/462 728/1032/454 712/1031/453
f 724/1055/462 721/1056/463 728/1032/454
f 721/1057/463 711/1028/450 728/1058/454
f 722/1059/464 727/1029/451 711/1028/450
f 722/1059/464 719/1060/465 727/1029/451
f 719/1060/465 710/1061/447 727/1029/451
f 720/1062/466 726/1026/448 710/1025/447
f 720/1062/466 717/1063/467 726/1026/448
f 717/1063/467 709/1050/444 726/1026/448
f 718/1064/468 725/1023/445 709/1022/444
f 718/1064/468 715/1065/469 725/1023/445
f 715/1065/469 713/1034/456 725/1023/445
f 723/1054/461 724/1055/462 712/1031/453
f 721/1057/463 722/1059/464 711/1028/450
f 719/1066/465 720/1062/466 710/1025/447
f 717/1063/467 718/1067/468 709/1050/444
f 715/1065/469 716/1052/460 713/1034/456
f 1006/792/629 1027/794/630 1022/793/631
f 1007/795/632 1029/797/633 1023/796/634
f 1008/798/635 1030/800/636 1024/799/637
f 1009/801/638 1031/803/639 1025/802/640
f 1010/804/641 1028/806/642 1026/805/643
f 1028/807/642 1011/809/644 1031/808/639
f 1028/807/642 1031/808/639 1026/810/643
f 1026/810/643 1031/808/639 1009/811/638
f 1031/808/639 1011/809/644 1030/812/636
f 1031/808/639 1030/812/636 1025/813/640
f 1025/813/640 1030/812/636 1008/814/635
f 1030/812/636 1011/809/644 1029/797/633
f 1030/800/636 1029/815/633 1024/799/637
f 1024/799/637 1029/815/633 1007/816/632
f 1029/797/633 1011/809/644 1027/794/630
f 1029/797/633 1027/794/630 1023/796/634
f 1023/817/634 1027/819/630 1006/818/629
f 1027/794/630 1011/809/644 1028/807/642
f 1027/794/630 1028/807/642 1022/793/631
f 1022/820/631 1028/806/642 1010/804/641
f 1013/821/645 1010/804/641 1026/805/643
f 1013/821/645 1026/805/643 1020/822/646
f 1020/823/646 1026/824/643 1009/801/638
f 1021/825/647 1009/801/638 1025/802/640
f 1021/825/647 1025/802/640 1018/826/648
f 1018/826/648 1025/802/640 1008/827/635
f 1019/828/649 1008/798/635 1024/799/637
f 1019/828/649 1024/799/637 1016/829/650
f 1016/829/650 1024/799/637 1007/816/632
f 1017/830/651 1007/831/632 1023/817/634
f 1017/830/651 1023/817/634 1014/832/652
f 1014/832/652 1023/817/634 1006/818/629
f 1015/833/653 1006/818/629 1022/834/631
f 1015/835/653 1022/820/631 1012/836/654
f 1012/836/654 1022/820/631 1010/804/641
f 1020/823/646 1009/801/638 1021/825/647
f 1016/829/650 1007/816/632 1017/838/651
f 1014/832/652 1006/818/629 1015/833/653
f 1012/836/654 1010/804/641 1013/821/645
f 1032/839/655 1053/841/656 1048/840/657
f 1033/842/658 1055/844/659 1049/843/660
f 1034/845/661 1056/847/662 1050/846/663
f 1035/848/664 1057/850/665 1051/849/666
f 1036/851/667 1054/853/668 1052/852/669
f 1054/854/668 1037/856/670 1057/855/665
f 1054/854/668 1057/855/665 1052/857/669
f 1052/858/669 1057/850/665 1035/848/664
f 1057/855/665 1037/856/670 1056/847/662
f 1057/855/665 1056/847/662 1051/859/666
f 1051/859/666 1056/847/662 1034/845/661
f 1056/847/662 1037/856/670 1055/844/659
f 1056/847/662 1055/844/659 1050/846/663
f 1050/846/663 1055/844/659 1033/842/658
f 1055/844/659 1037/856/670 1053/860/656
f 1055/844/659 1053/860/656 1049/843/660
f 1049/861/660 1053/841/656 1032/839/655
f 1053/860/656 1037/856/670 1054/854/668
f 1053/860/656 1054/854/668 1048/862/657
f 1048/863/657 1054/853/668 1036/851/667
f 1039/864/671 1036/851/667 1052/852/669
f 1039/864/671 1052/852/669 1046/865/672
f 1046/866/672 1052/858/669 1035/848/664
f 1047/867/673 1035/848/664 1051/849/666
f 1047/867/673 1051/849/666 1044/868/674
f 1044/868/674 1051/849/666 1034/869/661
f 1045/870/675 1034/872/661 1050/871/663
f 1045/870/675 1050/871/663 1042/873/676
f 1042/873/676 1050/871/663 1033/874/658
f 1043/875/677 1033/876/658 1049/861/660
f 1043/875/677 1049/861/660 1040/877/678
f 1040/877/678 1049/861/660 1032/839/655
f 1041/878/679 1032/839/655 1048/840/657
f 1041/879/679 1048/863/657 1038/880/680
f 1038/880/680 1048/863/657 1036/851/667
f 1046/866/672 1035/848/664 1047/867/673
f 1044/881/674 1034/872/661 1045/870/675
f 1042/873/676 1033/874/658 1043/882/677
f 1040/877/678 1032/839/655 1041/878/679
f 1038/880/680 1036/851/667 1039/864/671
f 1058/883/681 1079/885/682 1074/884/683
f 1059/886/684 1081/888/685 1075/887/686
f 1060/889/687 1082/891/688 1076/890/689
f 1061/892/690 1083/894/691 1077/893/692
f 1062/895/693 1080/897/694 1078/896/695
f 1080/897/694 1063/899/696 1083/898/691
f 1080/897/694 1083/898/691 1078/896/695
f 1078/900/695 1083/894/691 1061/892/690
f 1083/898/691 1063/899/696 1082/901/688
f 1083/898/691 1082/901/688 1077/902/692
f 1077/903/692 1082/891/688 1060/889/687
f 1082/901/688 1063/899/696 1081/904/685
f 1082/901/688 1081/904/685 1076/905/689
f 1076/906/689 1081/888/685 1059/886/684
f 1081/904/685 1063/899/696 1079/907/682
f 1081/904/685 1079/907/682 1075/908/686
f 1075/887/686 1079/910/682 1058/909/681
f 1079/907/682 1063/899/696 1080/897/694
f 1079/907/682 1080/897/694 1074/911/683
f 1074/884/683 1080/913/694 1062/912/693
f 1065/914/697 1062/915/693 1078/900/695
f 1065/914/697 1078/900/695 1072/916/698
f 1072/916/698 1078/900/695 1061/892/690
f 1073/917/699 1061/892/690 1077/893/692
f 1073/918/699 1077/903/692 1070/919/700
f 1070/919/700 1077/903/692 1060/889/687
f 1071/920/701 1060/889/687 1076/890/689
f 1071/920/701 1076/890/689 1068/921/702
f 1068/922/702 1076/906/689 1059/886/684
f 1069/923/703 1059/886/684 1075/887/686
f 1069/923/703 1075/887/686 1066/924/704
f 1066/924/704 1075/887/686 1058/909/681
f 1067/925/705 1058/883/681 1074/884/683
f 1067/925/705 1074/884/683 1064/926/706
f 1064/926/706 1074/884/683 1062/912/693
f 1072/916/698 1061/892/690 1073/917/699
f 1070/919/700 1060/889/687 1071/920/701
f 1068/922/702 1059/886/684 1069/923/703
f 1064/926/706 1062/912/693 1065/928/697
f 1084/929/707 1105/931/708 1100/930/709
f 1085/932/710 1107/934/711 1101/933/712
f 1086/935/713 1108/937/714 1102/936/715
f 1087/938/716 1109/940/717 1103/939/718
f 1088/941/719 1106/943/720 1104/942/721
f 1106/944/720 1089/946/722 1109/945/717
f 1106/944/720 1109/945/717 1104/947/721
f 1104/948/721 1109/940/717 1087/938/716
f 1109/945/717 1089/946/722 1108/949/714
f 1109/945/717 1108/949/714 1103/950/718
f 1103/951/718 1108/937/714 1086/935/713
f 1108/949/714 1089/946/722 1107/952/711
f 1108/949/714 1107/952/711 1102/953/715
f 1102/953/715 1107/952/711 1085/954/710
f 1107/952/711 1089/946/722 1105/955/708
f 1107/952/711 1105/955/708 1101/956/712
f 1101/956/712 1105/955/708 1084/957/707
f 1105/955/708 1089/946/722 1106/944/720
f 1105/931/708 1106/943/720 1100/930/709
f 1100/930/709 1106/943/720 1088/941/719
f 1091/958/723 1088/959/719 1104/948/721
f 1091/958/723 1104/948/721 1098/960/724
f 1098/960/724 1104/948/721 1087/938/716
f 1099/961/725 1087/938/716 1103/939/718
f 1099/962/725 1103/951/718 1096/963/726
f 1096/963/726 1103/951/718 1086/935/713
f 1097/964/727 1086/935/713 1102/936/715
f 1097/964/727 1102/936/715 1094/965/728
f 1094/966/728 1102/967/715 1085/932/710
f 1095/968/729 1085/932/710 1101/933/712
f 1095/968/729 1101/933/712 1092/969/730
f 1092/969/730 1101/933/712 1084/970/707
f 1093/971/731 1084/929/707 1100/930/709
f 1093/971/731 1100/930/709 1090/972/732
f 1090/972/732 1100/930/709 1088/941/719
f 1098/960/724 1087/938/716 1099/961/725
f 1096/963/726 1086/935/713 1097/964/727
f 1094/966/728 1085/932/710 1095/968/729
f 1092/973/730 1084/929/707 1093/971/731
f 1090/972/732 1088/941/719 1091/974/723
f 1110/975/733 1131/977/734 1126/976/735
f 1111/978/736 1133/980/737 1127/979/738
f 1112/981/739 1134/983/740 1128/982/741
f 1113/984/742 1135/986/743 1129/985/744
f 1114/987/745 1132/989/746 1130/988/747
f 1132/989/746 1115/991/748 1135/990/743
f 1132/989/746 1135/990/743 1130/988/747
f 1130/992/747 1135/986/743 1113/984/742
f 1135/990/743 1115/991/748 1134/993/740
f 1135/990/743 1134/993/740 1129/994/744
f 1129/995/744 1134/983/740 1112/981/739
f 1134/993/740 1115/991/748 1133/996/737
f 1134/993/740 1133/996/737 1128/997/741
f 1128/982/741 1133/999/737 1111/998/736
f 1133/996/737 1115/991/748 1131/977/734
f 1133/996/737 1131/977/734 1127/1000/738
f 1127/979/738 1131/1002/734 1110/1001/733
f 1131/977/734 1115/991/748 1132/989/746
f 1131/977/734 1132/989/746 1126/976/735
f 1126/1003/735 1132/1005/746 1114/1004/745
f 1117/1006/749 1114/1004/745 1130/1007/747
f 1117/1008/749 1130/992/747 1124/1009/750
f 1124/1009/750 1130/992/747 1113/984/742
f 1125/1010/751 1113/984/742 1129/985/744
f 1125/1010/751 1129/985/744 1122/1011/752
f 1122/1012/752 1129/995/744 1112/981/739
f 1123/1013/753 1112/981/739 1128/982/741
f 1123/1013/753 1128/982/741 1120/1014/754
f 1120/1014/754 1128/982/741 1111/998/736
f 1121/1015/755 1111/978/736 1127/979/738
f 1121/1015/755 1127/979/738 1118/1016/756
f 1118/1016/756 1127/979/738 1110/1001/733
f 1119/1017/757 1110/1018/733 1126/1003/735
f 1119/1017/757 1126/1003/735 1116/1019/758
f 1116/1019/758 1126/1003/735 1114/1004/745
f 1124/1009/750 1113/984/742 1125/1010/751
f 1122/1012/752 1112/981/739 1123/1013/753
f 1136/1022/759 1157/1024/760 1152/1023/761
f 1137/1025/762 1159/1027/763 1153/1026/764
f 1138/1028/765 1160/1030/766 1154/1029/767
f 1139/1031/768 1161/1033/769 1155/1032/770
f 1140/1034/771 1158/1036/772 1156/1035/773
f 1158/1037/772 1141/1039/774 1161/1038/769
f 1158/1037/772 1161/1038/769 1156/1040/773
f 1156/1041/773 1161/1033/769 1139/1031/768
f 1161/1038/769 1141/1039/774 1160/1042/766
f 1161/1038/769 1160/1042/766 1155/1043/770
f 1155/1043/770 1160/1042/766 1138/1044/765
f 1160/1042/766 1141/1039/774 1159/1045/763
f 1160/1042/766 1159/1045/763 1154/1046/767
f 1154/1046/767 1159/1045/763 1137/1047/762
f 1159/1045/763 1141/1039/774 1157/1048/760
f 1159/1045/763 1157/1048/760 1153/1049/764
f 1153/1026/764 1157/1051/760 1136/1050/759
f 1157/1048/760 1141/1039/774 1158/1037/772
f 1157/1024/760 1158/1036/772 1152/1023/761
f 1152/1023/761 1158/1036/772 1140/1034/771
f 1143/1052/775 1140/1034/771 1156/1035/773
f 1143/1053/775 1156/1041/773 1150/1054/776
f 1150/1054/776 1156/1041/773 1139/1031/768
f 1151/1055/777 1139/1031/768 1155/1032/770
f 1151/1055/777 1155/1032/770 1148/1056/778
f 1148/1057/778 1155/1058/770 1138/1028/765
f 1149/1059/779 1138/1028/765 1154/1029/767
f 1149/1059/779 1154/1029/767 1146/1060/780
f 1146/1060/780 1154/1029/767 1137/1061/762
f 1147/1062/781 1137/1025/762 1153/1026/764
f 1147/1062/781 1153/1026/764 1144/1063/782
f 1144/1063/782 1153/1026/764 1136/1050/759
f 1145/1064/783 1136/1022/759 1152/1023/761
f 1145/1064/783 1152/1023/761 1142/1065/784
f 1142/1065/784 1152/1023/761 1140/1034/771
f 1150/1054/776 1139/1031/768 1151/1055/777
f 1148/1057/778 1138/1028/765 1149/1059/779
f 1146/1066/780 1137/1025/762 1147/1062/781
f 1144/1063/782 1136/1050/759 1145/1067/783
f 1142/1065/784 1140/1034/771 1143/1052/775
f 1433/792/942 1454/794/943 1449/793/944
f 1434/795/945 1456/797/946 1450/796/947
f 1435/798/948 1457/800/949 1451/799/950
f 1436/801/951 1458/803/952 1452/802/953
f 1437/804/954 1455/806/955 1453/805/956
f 1455/807/955 1438/809/957 1458/808/952
f 1455/807/955 1458/808/952 1453/810/956
f 1453/810/956 1458/808/952 1436/811/951
f 1458/808/952 1438/809/957 1457/812/949
f 1458/808/952 1457/812/949 1452/813/953
f 1452/813/953 1457/812/949 1435/814/948
f 1457/812/949 1438/809/957 1456/797/946
f 1457/800/949 1456/815/946 1451/799/950
f 1451/799/950 1456/815/946 1434/816/945
f 1456/797/946 1438/809/957 1454/794/943
f 1456/797/946 1454/794/943 1450/796/947
f 1450/817/947 1454/819/943 1433/818/942
f 1454/794/943 1438/809/957 1455/807/955
f 1454/794/943 1455/807/955 1449/793/944
f 1449/820/944 1455/806/955 1437/804/954
f 1440/821/958 1437/804/954 1453/805/956
f 1440/821/958 1453/805/956 1447/822/959
f 1447/823/959 1453/824/956 1436/801/951
f 1448/825/960 1436/801/951 1452/802/953
f 1448/825/960 1452/802/953 1445/826/961
f 1445/826/961 1452/802/953 1435/827/948
f 1446/828/962 1435/798/948 1451/799/950
f 1446/828/962 1451/799/950 1443/829/963
f 1443/829/963 1451/799/950 1434/816/945
f 1444/830/964 1434/831/945 1450/817/947
f 1444/830/964 1450/817/947 1441/832/965
f 1441/832/965 1450/817/947 1433/818/942
f 1442/833/966 1433/818/942 1449/834/944
f 1442/835/966 1449/820/944 1439/836/967
f 1439/836/967 1449/820/944 1437/804/954
f 1447/823/959 1436/801/951 1448/825/960
f 1443/829/963 1434/816/945 1444/838/964
f 1441/832/965 1433/818/942 1442/833/966
f 1439/836/967 1437/804/954 1440/821/958
f 1459/839/968 1480/841/969 1475/840/970
f 1460/842/971 1482/844/972 1476/843/973
f 1461/845/974 1483/847/975 1477/846/976
f 1462/848/977 1484/850/978 1478/849/979
f 1463/851/980 1481/853/981 1479/852/982
f 1481/854/981 1464/856/983 1484/855/978
f 1481/854/981 1484/855/978 1479/857/982
f 1479/858/982 1484/850/978 1462/848/977
f 1484/855/978 1464/856/983 1483/847/975
f 1484/855/978 1483/847/975 1478/859/979
f 1478/859/979 1483/847/975 1461/845/974
f 1483/847/975 1464/856/983 1482/844/972
f 1483/847/975 1482/844/972 1477/846/976
f 1477/846/976 1482/844/972 1460/842/971
f 1482/844/972 1464/856/983 1480/860/969
f 1482/844/972 1480/860/969 1476/843/973
f 1476/861/973 1480/841/969 1459/839/968
f 1480/860/969 1464/856/983 1481/854/981
f 1480/860/969 1481/854/981 1475/862/970
f 1475/863/970 1481/853/981 1463/851/980
f 1466/864/984 1463/851/980 1479/852/982
f 1466/864/984 1479/852/982 1473/865/985
f 1473/866/985 1479/858/982 1462/848/977
f 1474/867/986 1462/848/977 1478/849/979
f 1474/867/986 1478/849/979 1471/868/987
f 1471/868/987 1478/849/979 1461/869/974
f 1472/870/988 1461/872/974 1477/871/976
f 1472/870/988 1477/871/976 1469/873/989
f 1469/873/989 1477/871/976 1460/874/971
f 1470/875/990 1460/876/971 1476/861/973
f 1470/875/990 1476/861/973 1467/877/991
f 1467/877/991 1476/861/973 1459/839/968
f 1468/878/992 1459/839/968 1475/840/970
f 1468/879/992 1475/863/970 1465/880/993
f 1465/880/993 1475/863/970 1463/851/980
f 1473/866/985 1462/848/977 1474/867/986
f 1471/881/987 1461/872/974 1472/870/988
f 1469/873/989 1460/874/971 1470/882/990
f 1467/877/991 1459/839/968 1468/878/992
f 1465/880/993 1463/851/980 1466/864/984
f 1485/883/994 1506/885/995 1501/884/996
f 1486/886/997 1508/888/998 1502/887/999
f 1487/889/1000 1509/891/1001 1503/890/1002
f 1488/892/1003 1510/894/1004 1504/893/1005
f 1489/895/1006 1507/897/1007 1505/896/1008
f 1507/897/1007 1490/899/1009 1510/898/1004
f 1507/897/1007 1510/898/1004 1505/896/1008
f 1505/900/1008 1510/894/1004 1488/892/1003
f 1510/898/1004 1490/899/1009 1509/901/1001
f 1510/898/1004 1509/901/1001 1504/902/1005
f 1504/903/1005 1509/891/1001 1487/889/1000
f 1509/901/1001 1490/899/1009 1508/904/998
f 1509/901/1001 1508/904/998 1503/905/1002
f 1503/906/1002 1508/888/998 1486/886/997
f 1508/904/998 1490/899/1009 1506/907/995
f 1508/904/998 1506/907/995 1502/908/999
f 1502/887/999 1506/910/995 1485/909/994
f 1506/907/995 1490/899/1009 1507/897/1007
f 1506/907/995 1507/897/1007 1501/911/996
f 1501/884/996 1507/913/1007 1489/912/1006
f 1492/914/1010 1489/915/1006 1505/900/1008
f 1492/914/1010 1505/900/1008 1499/916/1011
f 1499/916/1011 1505/900/1008 1488/892/1003
f 1500/917/1012 1488/892/1003 1504/893/1005
f 1500/918/1012 1504/903/1005 1497/919/1013
f 1497/919/1013 1504/903/1005 1487/889/1000
f 1498/920/1014 1487/889/1000 1503/890/1002
f 1498/920/1014 1503/890/1002 1495/921/1015
f 1495/922/1015 1503/906/1002 1486/886/997
f 1496/923/1016 1486/886/997 1502/887/999
f 1496/923/1016 1502/887/999 1493/924/1017
f 1493/924/1017 1502/887/999 1485/909/994
f 1494/925/1018 1485/883/994 1501/884/996
f 1494/925/1018 1501/884/996 1491/926/1019
f 1491/926/1019 1501/884/996 1489/912/1006
f 1499/916/1011 1488/892/1003 1500/917/1012
f 1497/919/1013 1487/889/1000 1498/920/1014
f 1495/922/1015 1486/886/997 1496/923/1016
f 1491/926/1019 1489/912/1006 1492/928/1010
f 1511/929/1020 1532/931/1021 1527/930/1022
f 1512/932/1023 1534/934/1024 1528/933/1025
f 1513/935/1026 1535/937/1027 1529/936/1028
f 1514/938/1029 1536/940/1030 1530/939/1031
f 1515/941/1032 1533/943/1033 1531/942/1034
f 1533/944/1033 1516/946/1035 1536/945/1030
f 1533/944/1033 1536/945/1030 1531/947/1034
f 1531/948/1034 1536/940/1030 1514/938/1029
f 1536/945/1030 1516/946/1035 1535/949/1027
f 1536/945/1030 1535/949/1027 1530/950/1031
f 1530/951/1031 1535/937/1027 1513/935/1026
f 1535/949/1027 1516/946/1035 1534/952/1024
f 1535/949/1027 1534/952/1024 1529/953/1028
f 1529/953/1028 1534/952/1024 1512/954/1023
f 1534/952/1024 1516/946/1035 1532/955/1021
f 1534/952/1024 1532/955/1021 1528/956/1025
f 1528/956/1025 1532/955/1021 1511/957/1020
f 1532/955/1021 1516/946/1035 1533/944/1033
f 1532/931/1021 1533/943/1033 1527/930/1022
f 1527/930/1022 1533/943/1033 1515/941/1032
f 1518/958/1036 1515/959/1032 1531/948/1034
f 1518/958/1036 1531/948/1034 1525/960/1037
f 1525/960/1037 1531/948/1034 1514/938/1029
f 1526/961/1038 1514/938/1029 1530/939/1031
f 1526/962/1038 1530/951/1031 1523/963/1039
f 1523/963/1039 1530/951/1031 1513/935/1026
f 1524/964/1040 1513/935/1026 1529/936/1028
f 1524/964/1040 1529/936/1028 1521/965/1041
f 1521/966/1041 1529/967/1028 1512/932/1023
f 1522/968/1042 1512/932/1023 1528/933/1025
f 1522/968/1042 1528/933/1025 1519/969/1043
f 1519/969/1043 1528/933/1025 1511/970/1020
f 1520/971/1044 1511/929/1020 1527/930/1022
f 1520/971/1044 1527/930/1022 1517/972/1045
f 1517/972/1045 1527/930/1022 1515/941/1032
f 1525/960/1037 1514/938/1029 1526/961/1038
f 1523/963/1039 1513/935/1026 1524/964/1040
f 1521/966/1041 1512/932/1023 1522/968/1042
f 1519/973/1043 1511/929/1020 1520/971/1044
f 1517/972/1045 1515/941/1032 1518/974/1036
f 1537/975/1046 1558/977/1047 1553/976/1048
f 1538/978/1049 1560/980/1050 1554/979/1051
f 1539/981/1052 1561/983/1053 1555/982/1054
f 1540/984/1055 1562/986/1056 1556/985/1057
f 1541/987/1058 1559/989/1059 1557/988/1060
f 1559/989/1059 1542/991/1061 1562/990/1056
f 1559/989/1059 1562/990/1056 1557/988/1060
f 1557/992/1060 1562/986/1056 1540/984/1055
f 1562/990/1056 1542/991/1061 1561/993/1053
f 1562/990/1056 1561/993/1053 1556/994/1057
f 1556/995/1057 1561/983/1053 1539/981/1052
f 1561/993/1053 1542/991/1061 1560/996/1050
f 1561/993/1053 1560/996/1050 1555/997/1054
f 1555/982/1054 1560/999/1050 1538/998/1049
f 1560/996/1050 1542/991/1061 1558/977/1047
f 1560/996/1050 1558/977/1047 1554/1000/1051
f 1554/979/1051 1558/1002/1047 1537/1001/1046
f 1558/977/1047 1542/991/1061 1559/989/1059
f 1558/977/1047 1559/989/1059 1553/976/1048
f 1553/1003/1048 1559/1005/1059 1541/1004/1058
f 1544/1006/1062 1541/1004/1058 1557/1007/1060
f 1544/1008/1062 1557/992/1060 1551/1009/1063
f 1551/1009/1063 1557/992/1060 1540/984/1055
f 1552/1010/1064 1540/984/1055 1556/985/1057
f 1552/1010/1064 1556/985/1057 1549/1011/1065
f 1549/1012/1065 1556/995/1057 1539/981/1052
f 1550/1013/1066 1539/981/1052 1555/982/1054
f 1550/1013/1066 1555/982/1054 1547/1014/1067
f 1547/1014/1067 1555/982/1054 1538/998/1049
f 1548/1015/1068 1538/978/1049 1554/979/1051
f 1548/1015/1068 1554/979/1051 1545/1016/1069
f 1545/1016/1069 1554/979/1051 1537/1001/1046
f 1546/1017/1070 1537/1018/1046 1553/1003/1048
f 1546/1017/1070 1553/1003/1048 1543/1019/1071
f 1543/1019/1071 1553/1003/1048 1541/1004/1058
f 1551/1009/1063 1540/984/1055 1552/1010/1064
f 1549/1012/1065 1539/981/1052 1550/1013/1066
f 1563/1022/1072 1584/1024/1073 1579/1023/1074
f 1564/1025/1075 1586/1027/1076 1580/1026/1077
f 1565/1028/1078 1587/1030/1079 1581/1029/1080
f 1566/1031/1081 1588/1033/1082 1582/1032/1083
f 1567/1034/1084 1585/1036/1085 1583/1035/1086
f 1585/1037/1085 1568/1039/1087 1588/1038/1082
f 1585/1037/1085 1588/1038/1082 1583/1040/1086
f 1583/1041/1086 1588/1033/1082 1566/1031/1081
f 1588/1038/1082 1568/1039/1087 1587/1042/1079
f 1588/1038/1082 1587/1042/1079 1582/1043/1083
f 1582/1043/1083 1587/1042/1079 1565/1044/1078
f 1587/1042/1079 1568/1039/1087 1586/1045/1076
f 1587/1042/1079 1586/1045/1076 1581/1046/1080
f 1581/1046/1080 1586/1045/1076 1564/1047/1075
f 1586/1045/1076 1568/1039/1087 1584/1048/1073
f 1586/1045/1076 1584/1048/1073 1580/1049/1077
f 1580/1026/1077 1584/1051/1073 1563/1050/1072
f 1584/1048/1073 1568/1039/1087 1585/1037/1085
f 1584/1024/1073 1585/1036/1085 1579/1023/1074
f 1579/1023/1074 1585/1036/1085 1567/1034/1084
f 1570/1052/1088 1567/1034/1084 1583/1035/1086
f 1570/1053/1088 1583/1041/1086 1577/1054/1089
f 1577/1054/1089 1583/1041/1086 1566/1031/1081
f 1578/1055/1090 1566/1031/1081 1582/1032/1083
f 1578/1055/1090 1582/1032/1083 1575/1056/1091
f 1575/1057/1091 1582/1058/1083 1565/1028/1078
f 1576/1059/1092 1565/1028/1078 1581/1029/1080
f 1576/1059/1092 1581/1029/1080 1573/1060/1093
f 1573/1060/1093 1581/1029/1080 1564/1061/1075
f 1574/1062/1094 1564/1025/1075 1580/1026/1077
f 1574/1062/1094 1580/1026/1077 1571/1063/1095
f 1571/1063/1095 1580/1026/1077 1563/1050/1072
f 1572/1064/1096 1563/1022/1072 1579/1023/1074
f 1572/1064/1096 1579/1023/1074 1569/1065/1097
f 1569/1065/1097 1579/1023/1074 1567/1034/1084
f 1577/1054/1089 1566/1031/1081 1578/1055/1090
f 1575/1057/1091 1565/1028/1078 1576/1059/1092
f 1573/1066/1093 1564/1025/1075 1574/1062/1094
f 1571/1063/1095 1563/1050/1072 1572/1067/1096
f 1569/1065/1097 1567/1034/1084 1570/1052/1088
f 1779/1262/1207 1795/1263/1208 1800/1264/1209
f 1780/1265/1210 1796/1266/1211 1802/1267/1212
f 1781/1268/1213 1797/1269/1214 1803/1270/1215
f 1782/1271/1216 1798/1272/1217 1804/1273/1218
f 1783/1274/1219 1799/1275/1220 1801/1276/1221
f 1801/1276/1221 1804/1277/1218 1784/1278/1222
f 1801/1276/1221 1799/1275/1220 1804/1277/1218
f 1799/1275/1220 1782/1271/1216 1804/1277/1218
f 1804/1273/1218 1803/1279/1215 1784/1280/1222
f 1804/1273/1218 1798/1272/1217 1803/1279/1215
f 1798/1272/1217 1781/1268/1213 1803/1279/1215
f 1803/1270/1215 1802/1281/1212 1784/1282/1222
f 1803/1270/1215 1797/1269/1214 1802/1281/1212
f 1797/1269/1214 1780/1283/1210 1802/1281/1212
f 1802/1267/1212 1800/1284/1209 1784/1285/1222
f 1802/1267/1212 1796/1266/1211 1800/1284/1209
f 1796/1266/1211 1779/1262/1207 1800/1284/1209
f 1800/1264/1209 1801/1286/1221 1784/1287/1222
f 1800/1264/1209 1795/1263/1208 1801/1286/1221
f 1795/1263/1208 1783/1274/1219 1801/1286/1221
f 1786/1288/1223 1799/1275/1220 1783/1274/1219
f 1786/1288/1223 1793/1289/1224 1799/1275/1220
f 1793/1289/1224 1782/1271/1216 1799/1275/1220
f 1794/1290/1225 1798/1272/1217 1782/1271/1216
f 1794/1290/1225 1791/1291/1226 1798/1272/1217
f 1791/1291/1226 1781/1268/1213 1798/1272/1217
f 1792/1292/1227 1797/1269/1214 1781/1268/1213
f 1792/1292/1227 1789/1293/1228 1797/1269/1214
f 1789/1293/1228 1780/1283/1210 1797/1269/1214
f 1790/1294/1229 1796/1266/1211 1780/1265/1210
f 1790/1294/1229 1787/1295/1230 1796/1266/1211
f 1787/1295/1230 1779/1262/1207 1796/1266/1211
f 1788/1296/1231 1795/1263/1208 1779/1262/1207
f 1788/1296/1231 1785/1297/1232 1795/1263/1208
f 1785/1297/1232 1783/1274/1219 1795/1263/1208
f 1793/1289/1224 1794/1290/1225 1782/1271/1216
f 1789/1293/1228 1790/1298/1229 1780/1283/1210
f 1787/1295/1230 1788/1296/1231 1779/1262/1207
f 1785/1297/1232 1786/1288/1223 1783/1274/1219
f 1805/1262/1233 1821/1263/1234 1826/1264/1235
f 1806/1265/1236 1822/1266/1237 1828/1267/1238
f 1807/1268/1239 1823/1269/1240 1829/1270/1241
f 1808/1271/1242 1824/1272/1243 1830/1273/1244
f 1809/1274/1245 1825/1275/1246 1827/1276/1247
f 1827/1276/1247 1830/1277/1244 1810/1278/1248
f 1827/1276/1247 1825/1275/1246 1830/1277/1244
f 1825/1275/1246 1808/1271/1242 1830/1277/1244
f 1830/1273/1244 1829/1279/1241 1810/1280/1248
f 1830/1273/1244 1824/1272/1243 1829/1279/1241
f 1824/1272/1243 1807/1268/1239 1829/1279/1241
f 1829/1270/1241 1828/1281/1238 1810/1282/1248
f 1829/1270/1241 1823/1269/1240 1828/1281/1238
f 1823/1269/1240 1806/1283/1236 1828/1281/1238
f 1828/1267/1238 1826/1284/1235 1810/1285/1248
f 1828/1267/1238 1822/1266/1237 1826/1284/1235
f 1822/1266/1237 1805/1262/1233 1826/1284/1235
f 1826/1264/1235 1827/1286/1247 1810/1287/1248
f 1826/1264/1235 1821/1263/1234 1827/1286/1247
f 1821/1263/1234 1809/1274/1245 1827/1286/1247
f 1812/1288/1249 1825/1275/1246 1809/1274/1245
f 1812/1288/1249 1819/1289/1250 1825/1275/1246
f 1819/1289/1250 1808/1271/1242 1825/1275/1246
f 1820/1290/1251 1824/1272/1243 1808/1271/1242
f 1820/1290/1251 1817/1291/1252 1824/1272/1243
f 1817/1291/1252 1807/1268/1239 1824/1272/1243
f 1818/1292/1253 1823/1269/1240 1807/1268/1239
f 1818/1292/1253 1815/1293/1254 1823/1269/1240
f 1815/1293/1254 1806/1283/1236 1823/1269/1240
f 1816/1294/1255 1822/1266/1237 1806/1265/1236
f 1816/1294/1255 1813/1295/1256 1822/1266/1237
f 1813/1295/1256 1805/1262/1233 1822/1266/1237
f 1814/1296/1257 1821/1263/1234 1805/1262/1233
f 1814/1296/1257 1811/1297/1258 1821/1263/1234
f 1811/1297/1258 1809/1274/1245 1821/1263/1234
f 1819/1289/1250 1820/1290/1251 1808/1271/1242
f 1817/1291/1252 1818/1292/1253 1807/1268/1239
f 1815/1293/1254 1816/1298/1255 1806/1283/1236
f 1813/1295/1256 1814/1296/1257 1805/1262/1233
f 1811/1297/1258 1812/1288/1249 1809/1274/1245
f 1831/1262/1259 1847/1263/1260 1852/1264/1261
f 1832/1265/1262 1848/1266/1263 1854/1267/1264
f 1833/1268/1265 1849/1269/1266 1855/1270/1267
f 1834/1271/1268 1850/1272/1269 1856/1273/1270
f 1835/1274/1271 1851/1275/1272 1853/1276/1273
f 1853/1276/1273 1856/1277/1270 1836/1278/1274
f 1853/1276/1273 1851/1275/1272 1856/1277/1270
f 1851/1275/1272 1834/1271/1268 1856/1277/1270
f 1856/1273/1270 1855/1279/1267 1836/1280/1274
f 1856/1273/1270 1850/1272/1269 1855/1279/1267
f 1850/1272/1269 1833/1268/1265 1855/1279/1267
f 1855/1270/1267 1854/1281/1264 1836/1282/1274
f 1855/1270/1267 1849/1269/1266 1854/1281/1264
f 1849/1269/1266 1832/1283/1262 1854/1281/1264
f 1854/1267/1264 1852/1284/1261 1836/1285/1274
f 1854/1267/1264 1848/1266/1263 1852/1284/1261
f 1848/1266/1263 1831/1262/1259 1852/1284/1261
f 1852/1264/1261 1853/1286/1273 1836/1287/1274
f 1852/1264/1261 1847/1263/1260 1853/1286/1273
f 1847/1263/1260 1835/1274/1271 1853/1286/1273
f 1838/1288/1275 1851/1275/1272 1835/1274/1271
f 1838/1288/1275 1845/1289/1276 1851/1275/1272
f 1845/1289/1276 1834/1271/1268 1851/1275/1272
f 1846/1290/1277 1850/1272/1269 1834/1271/1268
f 1846/1290/1277 1843/1291/1278 1850/1272/1269
f 1843/1291/1278 1833/1268/1265 1850/1272/1269
f 1844/1292/1279 1849/1269/1266 1833/1268/1265
f 1844/1292/1279 1841/1293/1280 1849/1269/1266
f 1841/1293/1280 1832/1283/1262 1849/1269/1266
f 1842/1294/1281 1848/1266/1263 1832/1265/1262
f 1842/1294/1281 1839/1295/1282 1848/1266/1263
f 1839/1295/1282 1831/1262/1259 1848/1266/1263
f 1840/1296/1283 1847/1263/1260 1831/1262/1259
f 1840/1296/1283 1837/1297/1284 1847/1263/1260
f 1837/1297/1284 1835/1274/1271 1847/1263/1260
f 1845/1289/1276 1846/1290/1277 1834/1271/1268
f 1843/1291/1278 1844/1292/1279 1833/1268/1265
f 1841/1293/1280 1842/1298/1281 1832/1283/1262
f 1839/1295/1282 1840/1296/1283 1831/1262/1259
f 1837/1297/1284 1838/1288/1275 1835/1274/1271
f 1857/1262/1285 1873/1263/1286 1878/1264/1287
f 1858/1265/1288 1874/1266/1289 1880/1267/1290
f 1859/1268/1291 1875/1269/1292 1881/1270/1293
f 1860/1271/1294 1876/1272/1295 1882/1273/1296
f 1861/1274/1297 1877/1275/1298 1879/1276/1299
f 1879/1276/1299 1882/1277/1296 1862/1278/1300
f 1879/1276/1299 1877/1275/1298 1882/1277/1296
f 1877/1275/1298 1860/1271/1294 1882/1277/1296
f 1882/1273/1296 1881/1279/1293 1862/1280/1300
f 1882/1273/1296 1876/1272/1295 1881/1279/1293
f 1876/1272/1295 1859/1268/1291 1881/1279/1293
f 1881/1270/1293 1880/1281/1290 1862/1282/1300
f 1881/1270/1293 1875/1269/1292 1880/1281/1290
f 1875/1269/1292 1858/1283/1288 1880/1281/1290
f 1880/1267/1290 1878/1284/1287 1862/1285/1300
f 1880/1267/1290 1874/1266/1289 1878/1284/1287
f 1874/1266/1289 1857/1262/1285 1878/1284/1287
f 1878/1264/1287 1879/1286/1299 1862/1287/1300
f 1878/1264/1287 1873/1263/1286 1879/1286/1299
f 1873/1263/1286 1861/1274/1297 1879/1286/1299
f 1864/1288/1301 1877/1275/1298 1861/1274/1297
f 1864/1288/1301 1871/1289/1302 1877/1275/1298
f 1871/1289/1302 1860/1271/1294 1877/1275/1298
f 1872/1290/1303 1876/1272/1295 1860/1271/1294
f 1872/1290/1303 1869/1291/1304 1876/1272/1295
f 1869/1291/1304 1859/1268/1291 1876/1272/1295
f 1870/1292/1305 1875/1269/1292 1859/1268/1291
f 1870/1292/1305 1867/1293/1306 1875/1269/1292
f 1867/1293/1306 1858/1283/1288 1875/1269/1292
f 1868/1294/1307 1874/1266/1289 1858/1265/1288
f 1868/1294/1307 1865/1295/1308 1874/1266/1289
f 1865/1295/1308 1857/1262/1285 1874/1266/1289
f 1866/1296/1309 1873/1263/1286 1857/1262/1285
f 1866/1296/1309 1863/1297/1310 1873/1263/1286
f 1863/1297/1310 1861/1274/1297 1873/1263/1286
f 1871/1289/1302 1872/1290/1303 1860/1271/1294
f 1869/1291/1304 1870/1292/1305 1859/1268/1291
f 1867/1293/1306 1868/1298/1307 1858/1283/1288
f 1865/1295/1308 1866/1296/1309 1857/1262/1285
f 1863/1297/1310 1864/1288/1301 1861/1274/1297
f 2065/1262/1416 2086/1264/1417 2081/1263/1418
f 2066/1265/1419 2088/1267/1420 2082/1266/1421
f 2067/1268/1422 2089/1270/1423 2083/1269/1424
f 2068/1271/1425 2090/1273/1426 2084/1272/1427
f 2069/1274/1428 2087/1276/1429 2085/1275/1430
f 2087/1276/1429 2070/1278/1431 2090/1277/1426
f 2087/1276/1429 2090/1277/1426 2085/1275/1430
f 2085/1275/1430 2090/1277/1426 2068/1271/1425
f 2090/1273/1426 2070/1280/1431 2089/1279/1423
f 2090/1273/1426 2089/1279/1423 2084/1272/1427
f 2084/1272/1427 2089/1279/1423 2067/1268/1422
f 2089/1270/1423 2070/1282/1431 2088/1281/1420
f 2089/1270/1423 2088/1281/1420 2083/1269/1424
f 2083/1269/1424 2088/1281/1420 2066/1283/1419
f 2088/1267/1420 2070/1285/1431 2086/1284/1417
f 2088/1267/1420 2086/1284/1417 2082/1266/1421
f 2082/1266/1421 2086/1284/1417 2065/1262/1416
f 2086/1264/1417 2070/1287/1431 2087/1286/1429
f 2086/1264/1417 2087/1286/1429 2081/1263/1418
f 2081/1263/1418 2087/1286/1429 2069/1274/1428
f 2072/1288/1432 2069/1274/1428 2085/1275/1430
f 2072/1288/1432 2085/1275/1430 2079/1289/1433
f 2079/1289/1433 2085/1275/1430 2068/1271/1425
f 2080/1290/1434 2068/1271/1425 2084/1272/1427
f 2080/1290/1434 2084/1272/1427 2077/1291/1435
f 2077/1291/1435 2084/1272/1427 2067/1268/1422
f 2078/1292/1436 2067/1268/1422 2083/1269/1424
f 2078/1292/1436 2083/1269/1424 2075/1293/1437
f 2075/1293/1437 2083/1269/1424 2066/1283/1419
f 2076/1294/1438 2066/1265/1419 2082/1266/1421
f 2076/1294/1438 2082/1266/1421 2073/1295/1439
f 2073/1295/1439 2082/1266/1421 2065/1262/1416
f 2074/1296/1440 2065/1262/1416 2081/1263/1418
f 2074/1296/1440 2081/1263/1418 2071/1297/1441
f 2071/1297/1441 2081/1263/1418 2069/1274/1428
f 2079/1289/1433 2068/1271/1425 2080/1290/1434
f 2075/1293/1437 2066/1283/1419 2076/1298/1438
f 2073/1295/1439 2065/1262/1416 2074/1296/1440
f 2071/1297/1441 2069/1274/1428 2072/1288/1432
f 2091/1262/1442 2112/1264/1443 2107/1263/1444
f 2092/1265/1445 2114/1267/1446 2108/1266/1447
f 2093/1268/1448 2115/1270/1449 2109/1269/1450
f 2094/1271/1451 2116/1273/1452 2110/1272/1453
f 2095/1274/1454 2113/1276/1455 2111/1275/1456
f 2113/1276/1455 2096/1278/1457 2116/1277/1452
f 2113/1276/1455 2116/1277/1452 2111/1275/1456
f 2111/1275/1456 2116/1277/1452 2094/1271/1451
f 2116/1273/1452 2096/1280/1457 2115/1279/1449
f 2116/1273/1452 2115/1279/1449 2110/1272/1453
f 2110/1272/1453 2115/1279/1449 2093/1268/1448
f 2115/1270/1449 2096/1282/1457 2114/1281/1446
f 2115/1270/1449 2114/1281/1446 2109/1269/1450
f 2109/1269/1450 2114/1281/1446 2092/1283/1445
f 2114/1267/1446 2096/1285/1457 2112/1284/1443
f 2114/1267/1446 2112/1284/1443 2108/1266/1447
f 2108/1266/1447 2112/1284/1443 2091/1262/1442
f 2112/1264/1443 2096/1287/1457 2113/1286/1455
f 2112/1264/1443 2113/1286/1455 2107/1263/1444
f 2107/1263/1444 2113/1286/1455 2095/1274/1454
f 2098/1288/1458 2095/1274/1454 2111/1275/1456
f 2098/1288/1458 2111/1275/1456 2105/1289/1459
f 2105/1289/1459 2111/1275/1456 2094/1271/1451
f 2106/1290/1460 2094/1271/1451 2110/1272/1453
f 2106/1290/1460 2110/1272/1453 2103/1291/1461
f 2103/1291/1461 2110/1272/1453 2093/1268/1448
f 2104/1292/1462 2093/1268/1448 2109/1269/1450
f 2104/1292/1462 2109/1269/1450 2101/1293/1463
f 2101/1293/1463 2109/1269/1450 2092/1283/1445
f 2102/1294/1464 2092/1265/1445 2108/1266/1447
f 2102/1294/1464 2108/1266/1447 2099/1295/1465
f 2099/1295/1465 2108/1266/1447 2091/1262/1442
f 2100/1296/1466 2091/1262/1442 2107/1263/1444
f 2100/1296/1466 2107/1263/1444 2097/1297/1467
f 2097/1297/1467 2107/1263/1444 2095/1274/1454
f 2105/1289/1459 2094/1271/1451 2106/1290/1460
f 2103/1291/1461 2093/1268/1448 2104/1292/1462
f 2101/1293/1463 2092/1283/1445 2102/1298/1464
f 2099/1295/1465 2091/1262/1442 2100/1296/1466
f 2097/1297/1467 2095/1274/1454 2098/1288/1458
f 2117/1262/1468 2138/1264/1469 2133/1263/1470
f 2118/1265/1471 2140/1267/1472 2134/1266/1473
f 2119/1268/1474 2141/1270/1475 2135/1269/1476
f 2120/1271/1477 2142/1273/1478 2136/1272/1479
f 2121/1274/1480 2139/1276/1481 2137/1275/1482
f 2139/1276/1481 2122/1278/1483 2142/1277/1478
f 2139/1276/1481 2142/1277/1478 2137/1275/1482
f 2137/1275/1482 2142/1277/1478 2120/1271/1477
f 2142/1273/1478 2122/1280/1483 2141/1279/1475
f 2142/1273/1478 2141/1279/1475 2136/1272/1479
f 2136/1272/1479 2141/1279/1475 2119/1268/1474
f 2141/1270/1475 2122/1282/1483 2140/1281/1472
f 2141/1270/1475 2140/1281/1472 2135/1269/1476
f 2135/1269/1476 2140/1281/1472 2118/1283/1471
f 2140/1267/1472 2122/1285/1483 2138/1284/1469
f 2140/1267/1472 2138/1284/1469 2134/1266/1473
f 2134/1266/1473 2138/1284/1469 2117/1262/1468
f 2138/1264/1469 2122/1287/1483 2139/1286/1481
f 2138/1264/1469 2139/1286/1481 2133/1263/1470
f 2133/1263/1470 2139/1286/1481 2121/1274/1480
f 2124/1288/1484 2121/1274/1480 2137/1275/1482
f 2124/1288/1484 2137/1275/1482 2131/1289/1485
f 2131/1289/1485 2137/1275/1482 2120/1271/1477
f 2132/1290/1486 2120/1271/1477 2136/1272/1479
f 2132/1290/1486 2136/1272/1479 2129/1291/1487
f 2129/1291/1487 2136/1272/1479 2119/1268/1474
f 2130/1292/1488 2119/1268/1474 2135/1269/1476
f 2130/1292/1488 2135/1269/1476 2127/1293/1489
f 2127/1293/1489 2135/1269/1476 2118/1283/1471
f 2128/1294/1490 2118/1265/1471 2134/1266/1473
f 2128/1294/1490 2134/1266/1473 2125/1295/1491
f 2125/1295/1491 2134/1266/1473 2117/1262/1468
f 2126/1296/1492 2117/1262/1468 2133/1263/1470
f 2126/1296/1492 2133/1263/1470 2123/1297/1493
f 2123/1297/1493 2133/1263/1470 2121/1274/1480
f 2131/1289/1485 2120/1271/1477 2132/1290/1486
f 2129/1291/1487 2119/1268/1474 2130/1292/1488
f 2127/1293/1489 2118/1283/1471 2128/1298/1490
f 2125/1295/1491 2117/1262/1468 2126/1296/1492
f 2123/1297/1493 2121/1274/1480 2124/1288/1484
f 2143/1262/1494 2164/1264/1495 2159/1263/1496
f 2144/1265/1497 2166/1267/1498 2160/1266/1499
f 2145/1268/1500 2167/1270/1501 2161/1269/1502
f 2146/1271/1503 2168/1273/1504 2162/1272/1505
f 2147/1274/1506 2165/1276/1507 2163/1275/1508
f 2165/1276/1507 2148/1278/1509 2168/1277/1504
f 2165/1276/1507 2168/1277/1504 2163/1275/1508
f 2163/1275/1508 2168/1277/1504 2146/1271/1503
f 2168/1273/1504 2148/1280/1509 2167/1279/1501
f 2168/1273/1504 2167/1279/1501 2162/1272/1505
f 2162/1272/1505 2167/1279/1501 2145/1268/1500
f 2167/1270/1501 2148/1282/1509 2166/1281/1498
f 2167/1270/1501 2166/1281/1498 2161/1269/1502
f 2161/1269/1502 2166/1281/1498 2144/1283/1497
f 2166/1267/1498 2148/1285/1509 2164/1284/1495
f 2166/1267/1498 2164/1284/1495 2160/1266/1499
f 2160/1266/1499 2164/1284/1495 2143/1262/1494
f 2164/1264/1495 2148/1287/1509 2165/1286/1507
f 2164/1264/1495 2165/1286/1507 2159/1263/1496
f 2159/1263/1496 2165/1286/1507 2147/1274/1506
f 2150/1288/1510 2147/1274/1506 2163/1275/1508
f 2150/1288/1510 2163/1275/1508 2157/1289/1511
f 2157/1289/1511 2163/1275/1508 2146/1271/1503
f 2158/1290/1512 2146/1271/1503 2162/1272/1505
f 2158/1290/1512 2162/1272/1505 2155/1291/1513
f 2155/1291/1513 2162/1272/1505 2145/1268/1500
f 2156/1292/1514 2145/1268/1500 2161/1269/1502
f 2156/1292/1514 2161/1269/1502 2153/1293/1515
f 2153/1293/1515 2161/1269/1502 2144/1283/1497
f 2154/1294/1516 2144/1265/1497 2160/1266/1499
f 2154/1294/1516 2160/1266/1499 2151/1295/1517
f 2151/1295/1517 2160/1266/1499 2143/1262/1494
f 2152/1296/1518 2143/1262/1494 2159/1263/1496
f 2152/1296/1518 2159/1263/1496 2149/1297/1519
f 2149/1297/1519 2159/1263/1496 2147/1274/1506
f 2157/1289/1511 2146/1271/1503 2158/1290/1512
f 2155/1291/1513 2145/1268/1500 2156/1292/1514
f 2153/1293/1515 2144/1283/1497 2154/1298/1516
f 2151/1295/1517 2143/1262/1494 2152/1296/1518
f 2149/1297/1519 2147/1274/1506 2150/1288/1510
f 2351/1262/1623 2367/1263/1624 2372/1264/1625
f 2352/1265/1626 2368/1266/1627 2374/1267/1628
f 2353/1268/1629 2369/1269/1630 2375/1270/1631
f 2354/1271/1632 2370/1272/1633 2376/1273/1634
f 2355/1274/1635 2371/1275/1636 2373/1276/1637
f 2373/1276/1637 2376/1277/1634 2356/1278/1638
f 2373/1276/1637 2371/1275/1636 2376/1277/1634
f 2371/1275/1636 2354/1271/1632 2376/1277/1634
f 2376/1273/1634 2375/1279/1631 2356/1280/1638
f 2376/1273/1634 2370/1272/1633 2375/1279/1631
f 2370/1272/1633 2353/1268/1629 2375/1279/1631
f 2375/1270/1631 2374/1281/1628 2356/1282/1638
f 2375/1270/1631 2369/1269/1630 2374/1281/1628
f 2369/1269/1630 2352/1283/1626 2374/1281/1628
f 2374/1267/1628 2372/1284/1625 2356/1285/1638
f 2374/1267/1628 2368/1266/1627 2372/1284/1625
f 2368/1266/1627 2351/1262/1623 2372/1284/1625
f 2372/1264/1625 2373/1286/1637 2356/1287/1638
f 2372/1264/1625 2367/1263/1624 2373/1286/1637
f 2367/1263/1624 2355/1274/1635 2373/1286/1637
f 2358/1288/1639 2371/1275/1636 2355/1274/1635
f 2358/1288/1639 2365/1289/1640 2371/1275/1636
f 2365/1289/1640 2354/1271/1632 2371/1275/1636
f 2366/1290/1641 2370/1272/1633 2354/1271/1632
f 2366/1290/1641 2363/1291/1642 2370/1272/1633
f 2363/1291/1642 2353/1268/1629 2370/1272/1633
f 2364/1292/1643 2369/1269/1630 2353/1268/1629
f 2364/1292/1643 2361/1293/1644 2369/1269/1630
f 2361/1293/1644 2352/1283/1626 2369/1269/1630
f 2362/1294/1645 2368/1266/1627 2352/1265/1626
f 2362/1294/1645 2359/1295/1646 2368/1266/1627
f 2359/1295/1646 2351/1262/1623 2368/1266/1627
f 2360/1296/1647 2367/1263/1624 2351/1262/1623
f 2360/1296/1647 2357/1297/1648 2367/1263/1624
f 2357/1297/1648 2355/1274/1635 2367/1263/1624
f 2365/1289/1640 2366/1290/1641 2354/1271/1632
f 2361/1293/1644 2362/1298/1645 2352/1283/1626
f 2359/1295/1646 2360/1296/1647 2351/1262/1623
f 2357/1297/1648 2358/1288/1639 2355/1274/1635
f 2377/1262/1649 2393/1263/1650 2398/1264/1651
f 2378/1265/1652 2394/1266/1653 2400/1267/1654
f 2379/1268/1655 2395/1269/1656 2401/1270/1657
f 2380/1271/1658 2396/1272/1659 2402/1273/1660
f 2381/1274/1661 2397/1275/1662 2399/1276/1663
f 2399/1276/1663 2402/1277/1660 2382/1278/1664
f 2399/1276/1663 2397/1275/1662 2402/1277/1660
f 2397/1275/1662 2380/1271/1658 2402/1277/1660
f 2402/1273/1660 2401/1279/1657 2382/1280/1664
f 2402/1273/1660 2396/1272/1659 2401/1279/1657
f 2396/1272/1659 2379/1268/1655 2401/1279/1657
f 2401/1270/1657 2400/1281/1654 2382/1282/1664
f 2401/1270/1657 2395/1269/1656 2400/1281/1654
f 2395/1269/1656 2378/1283/1652 2400/1281/1654
f 2400/1267/1654 2398/1284/1651 2382/1285/1664
f 2400/1267/1654 2394/1266/1653 2398/1284/1651
f 2394/1266/1653 2377/1262/1649 2398/1284/1651
f 2398/1264/1651 2399/1286/1663 2382/1287/1664
f 2398/1264/1651 2393/1263/1650 2399/1286/1663
f 2393/1263/1650 2381/1274/1661 2399/1286/1663
f 2384/1288/1665 2397/1275/1662 2381/1274/1661
f 2384/1288/1665 2391/1289/1666 2397/1275/1662
f 2391/1289/1666 2380/1271/1658 2397/1275/1662
f 2392/1290/1667 2396/1272/1659 2380/1271/1658
f 2392/1290/1667 2389/1291/1668 2396/1272/1659
f 2389/1291/1668 2379/1268/1655 2396/1272/1659
f 2390/1292/1669 2395/1269/1656 2379/1268/1655
f 2390/1292/1669 2387/1293/1670 2395/1269/1656
f 2387/1293/1670 2378/1283/1652 2395/1269/1656
f 2388/1294/1671 2394/1266/1653 2378/1265/1652
f 2388/1294/1671 2385/1295/1672 2394/1266/1653
f 2385/1295/1672 2377/1262/1649 2394/1266/1653
f 2386/1296/1673 2393/1263/1650 2377/1262/1649
f 2386/1296/1673 2383/1297/1674 2393/1263/1650
f 2383/1297/1674 2381/1274/1661 2393/1263/1650
f 2391/1289/1666 2392/1290/1667 2380/1271/1658
f 2389/1291/1668 2390/1292/1669 2379/1268/1655
f 2387/1293/1670 2388/1298/1671 2378/1283/1652
f 2385/1295/1672 2386/1296/1673 2377/1262/1649
f 2383/1297/1674 2384/1288/1665 2381/1274/1661
f 2403/1262/1675 2419/1263/1676 2424/1264/1677
f 2404/1265/1678 2420/1266/1679 2426/1267/1680
f 2405/1268/1681 2421/1269/1682 2427/1270/1683
f 2406/1271/1684 2422/1272/1685 2428/1273/1686
f 2407/1274/1687 2423/1275/1688 2425/1276/1689
f 2425/1276/1689 2428/1277/1686 2408/1278/1690
f 2425/1276/1689 2423/1275/1688 2428/1277/1686
f 2423/1275/1688 2406/1271/1684 2428/1277/1686
f 2428/1273/1686 2427/1279/1683 2408/1280/1690
f 2428/1273/1686 2422/1272/1685 2427/1279/1683
f 2422/1272/1685 2405/1268/1681 2427/1279/1683
f 2427/1270/1683 2426/1281/1680 2408/1282/1690
f 2427/1270/1683 2421/1269/1682 2426/1281/1680
f 2421/1269/1682 2404/1283/1678 2426/1281/1680
f 2426/1267/1680 2424/1284/1677 2408/1285/1690
f 2426/1267/1680 2420/1266/1679 2424/1284/1677
f 2420/1266/1679 2403/1262/1675 2424/1284/1677
f 2424/1264/1677 2425/1286/1689 2408/1287/1690
f 2424/1264/1677 2419/1263/1676 2425/1286/1689
f 2419/1263/1676 2407/1274/1687 2425/1286/1689
f 2410/1288/1691 2423/1275/1688 2407/1274/1687
f 2410/1288/1691 2417/1289/1692 2423/1275/1688
f 2417/1289/1692 2406/1271/1684 2423/1275/1688
f 2418/1290/1693 2422/1272/1685 2406/1271/1684
f 2418/1290/1693 2415/1291/1694 2422/1272/1685
f 2415/1291/1694 2405/1268/1681 2422/1272/1685
f 2416/1292/1695 2421/1269/1682 2405/1268/1681
f 2416/1292/1695 2413/1293/1696 2421/1269/1682
f 2413/1293/1696 2404/1283/1678 2421/1269/1682
f 2414/1294/1697 2420/1266/1679 2404/1265/1678
f 2414/1294/1697 2411/1295/1698 2420/1266/1679
f 2411/1295/1698 2403/1262/1675 2420/1266/1679
f 2412/1296/1699 2419/1263/1676 2403/1262/1675
f 2412/1296/1699 2409/1297/1700 2419/1263/1676
f 2409/1297/1700 2407/1274/1687 2419/1263/1676
f 2417/1289/1692 2418/1290/1693 2406/1271/1684
f 2415/1291/1694 2416/1292/1695 2405/1268/1681
f 2413/1293/1696 2414/1298/1697 2404/1283/1678
f 2411/1295/1698 2412/1296/1699 2403/1262/1675
f 2409/1297/1700 2410/1288/1691 2407/1274/1687
f 2429/1262/1701 2445/1263/1702 2450/1264/1703
f 2430/1265/1704 2446/1266/1705 2452/1267/1706
f 2431/1268/1707 2447/1269/1708 2453/1270/1709
f 2432/1271/1710 2448/1272/1711 2454/1273/1712
f 2433/1274/1713 2449/1275/1714 2451/1276/1715
f 2451/1276/1715 2454/1277/1712 2434/1278/1716
f 2451/1276/1715 2449/1275/1714 2454/1277/1712
f 2449/1275/1714 2432/1271/1710 2454/1277/1712
f 2454/1273/1712 2453/1279/1709 2434/1280/1716
f 2454/1273/1712 2448/1272/1711 2453/1279/1709
f 2448/1272/1711 2431/1268/1707 2453/1279/1709
f 2453/1270/1709 2452/1281/1706 2434/1282/1716
f 2453/1270/1709 2447/1269/1708 2452/1281/1706
f 2447/1269/1708 2430/1283/1704 2452/1281/1706
f 2452/1267/1706 2450/1284/1703 2434/1285/1716
f 2452/1267/1706 2446/1266/1705 2450/1284/1703
f 2446/1266/1705 2429/1262/1701 2450/1284/1703
f 2450/1264/1703 2451/1286/1715 2434/1287/1716
f 2450/1264/1703 2445/1263/1702 2451/1286/1715
f 2445/1263/1702 2433/1274/1713 2451/1286/1715
f 2436/1288/1717 2449/1275/1714 2433/1274/1713
f 2436/1288/1717 2443/1289/1718 2449/1275/1714
f 2443/1289/1718 2432/1271/1710 2449/1275/1714
f 2444/1290/1719 2448/1272/1711 2432/1271/1710
f 2444/1290/1719 2441/1291/1720 2448/1272/1711
f 2441/1291/1720 2431/1268/1707 2448/1272/1711
f 2442/1292/1721 2447/1269/1708 2431/1268/1707
f 2442/1292/1721 2439/1293/1722 2447/1269/1708
f 2439/1293/1722 2430/1283/1704 2447/1269/1708
f 2440/1294/1723 2446/1266/1705 2430/1265/1704
f 2440/1294/1723 2437/1295/1724 2446/1266/1705
f 2437/1295/1724 2429/1262/1701 2446/1266/1705
f 2438/1296/1725 2445/1263/1702 2429/1262/1701
f 2438/1296/1725 2435/1297/1726 2445/1263/1702
f 2435/1297/1726 2433/1274/1713 2445/1263/1702
f 2443/1289/1718 2444/1290/1719 2432/1271/1710
f 2441/1291/1720 2442/1292/1721 2431/1268/1707
f 2439/1293/1722 2440/1298/1723 2430/1283/1704
f 2437/1295/1724 2438/1296/1725 2429/1262/1701
f 2435/1297/1726 2436/1288/1717 2433/1274/1713
f 2637/1262/1830 2658/1264/1831 2653/1263/1832
f 2638/1265/1833 2660/1267/1834 2654/1266/1835
f 2639/1268/1836 2661/1270/1837 2655/1269/1838
f 2640/1271/1839 2662/1273/1840 2656/1272/1841
f 2641/1274/1842 2659/1276/1843 2657/1275/1844
f 2659/1276/1843 2642/1278/1845 2662/1277/1840
f 2659/1276/1843 2662/1277/1840 2657/1275/1844
f 2657/1275/1844 2662/1277/1840 2640/1271/1839
f 2662/1273/1840 2642/1280/1845 2661/1279/1837
f 2662/1273/1840 2661/1279/1837 2656/1272/1841
f 2656/1272/1841 2661/1279/1837 2639/1268/1836
f 2661/1270/1837 2642/1282/1845 2660/1281/1834
f 2661/1270/1837 2660/1281/1834 2655/1269/1838
f 2655/1269/1838 2660/1281/1834 2638/1283/1833
f 2660/1267/1834 2642/1285/1845 2658/1284/1831
f 2660/1267/1834 2658/1284/1831 2654/1266/1835
f 2654/1266/1835 2658/1284/1831 2637/1262/1830
f 2658/1264/1831 2642/1287/1845 2659/1286/1843
f 2658/1264/1831 2659/1286/1843 2653/1263/1832
f 2653/1263/1832 2659/1286/1843 2641/1274/1842
f 2644/1288/1846 2641/1274/1842 2657/1275/1844
f 2644/1288/1846 2657/1275/1844 2651/1289/1847
f 2651/1289/1847 2657/1275/1844 2640/1271/1839
f 2652/1290/1848 2640/1271/1839 2656/1272/1841
f 2652/1290/1848 2656/1272/1841 2649/1291/1849
f 2649/1291/1849 2656/1272/1841 2639/1268/1836
f 2650/1292/1850 2639/1268/1836 2655/1269/1838
f 2650/1292/1850 2655/1269/1838 2647/1293/1851
f 2647/1293/1851 2655/1269/1838 2638/1283/1833
f 2648/1294/1852 2638/1265/1833 2654/1266/1835
f 2648/1294/1852 2654/1266/1835 2645/1295/1853
f 2645/1295/1853 2654/1266/1835 2637/1262/1830
f 2646/1296/1854 2637/1262/1830 2653/1263/1832
f 2646/1296/1854 2653/1263/1832 2643/1297/1855
f 2643/1297/1855 2653/1263/1832 2641/1274/1842
f 2651/1289/1847 2640/1271/1839 2652/1290/1848
f 2647/1293/1851 2638/1283/1833 2648/1298/1852
f 2645/1295/1853 2637/1262/1830 2646/1296/1854
f 2643/1297/1855 2641/1274/1842 2644/1288/1846
f 2663/1262/1856 2684/1264/1857 2679/1263/1858
f 2664/1265/1859 2686/1267/1860 2680/1266/1861
f 2665/1268/1862 2687/1270/1863 2681/1269/1864
f 2666/1271/1865 2688/1273/1866 2682/1272/1867
f 2667/1274/1868 2685/1276/1869 2683/1275/1870
f 2685/1276/1869 2668/1278/1871 2688/1277/1866
f 2685/1276/1869 2688/1277/1866 2683/1275/1870
f 2683/1275/1870 2688/1277/1866 2666/1271/1865
f 2688/1273/1866 2668/1280/1871 2687/1279/1863
f 2688/1273/1866 2687/1279/1863 2682/1272/1867
f 2682/1272/1867 2687/1279/1863 2665/1268/1862
f 2687/1270/1863 2668/1282/1871 2686/1281/1860
f 2687/1270/1863 2686/1281/1860 2681/1269/1864
f 2681/1269/1864 2686/1281/1860 2664/1283/1859
f 2686/1267/1860 2668/1285/1871 2684/1284/1857
f 2686/1267/1860 2684/1284/1857 2680/1266/1861
f 2680/1266/1861 2684/1284/1857 2663/1262/1856
f 2684/1264/1857 2668/1287/1871 2685/1286/1869
f 2684/1264/1857 2685/1286/1869 2679/1263/1858
f 2679/1263/1858 2685/1286/1869 2667/1274/1868
f 2670/1288/1872 2667/1274/1868 2683/1275/1870
f 2670/1288/1872 2683/1275/1870 2677/1289/1873
f 2677/1289/1873 2683/1275/1870 2666/1271/1865
f 2678/1290/1874 2666/1271/1865 2682/1272/1867
f 2678/1290/1874 2682/1272/1867 2675/1291/1875
f 2675/1291/1875 2682/1272/1867 2665/1268/1862
f 2676/1292/1876 2665/1268/1862 2681/1269/1864
f 2676/1292/1876 2681/1269/1864 2673/1293/1877
f 2673/1293/1877 2681/1269/1864 2664/1283/1859
f 2674/1294/1878 2664/1265/1859 2680/1266/1861
f 2674/1294/1878 2680/1266/1861 2671/1295/1879
f 2671/1295/1879 2680/1266/1861 2663/1262/1856
f 2672/1296/1880 2663/1262/1856 2679/1263/1858
f 2672/1296/1880 2679/1263/1858 2669/1297/1881
f 2669/1297/1881 2679/1263/1858 2667/1274/1868
f 2677/1289/1873 2666/1271/1865 2678/1290/1874
f 2675/1291/1875 2665/1268/1862 2676/1292/1876
f 2673/1293/1877 2664/1283/1859 2674/1298/1878
f 2671/1295/1879 2663/1262/1856 2672/1296/1880
f 2669/1297/1881 2667/1274/1868 2670/1288/1872
f 2689/1262/1882 2710/1264/1883 2705/1263/1884
f 2690/1265/1885 2712/1267/1886 2706/1266/1887
f 2691/1268/1888 2713/1270/1889 2707/1269/1890
f 2692/1271/1891 2714/1273/1892 2708/1272/1893
f 2693/1274/1894 2711/1276/1895 2709/1275/1896
f 2711/1276/1895 2694/1278/1897 2714/1277/1892
f 2711/1276/1895 2714/1277/1892 2709/1275/1896
f 2709/1275/1896 2714/1277/1892 2692/1271/1891
f 2714/1273/1892 2694/1280/1897 2713/1279/1889
f 2714/1273/1892 2713/1279/1889 2708/1272/1893
f 2708/1272/1893 2713/1279/1889 2691/1268/1888
f 2713/1270/1889 2694/1282/1897 2712/1281/1886
f 2713/1270/1889 2712/1281/1886 2707/1269/1890
f 2707/1269/1890 2712/1281/1886 2690/1283/1885
f 2712/1267/1886 2694/1285/1897 2710/1284/1883
f 2712/1267/1886 2710/1284/1883 2706/1266/1887
f 2706/1266/1887 2710/1284/1883 2689/1262/1882
f 2710/1264/1883 2694/1287/1897 2711/1286/1895
f 2710/1264/1883 2711/1286/1895 2705/1263/1884
f 2705/1263/1884 2711/1286/1895 2693/1274/1894
f 2696/1288/1898 2693/1274/1894 2709/1275/1896
f 2696/1288/1898 2709/1275/1896 2703/1289/1899
f 2703/1289/1899 2709/1275/1896 2692/1271/1891
f 2704/1290/1900 2692/1271/1891 2708/1272/1893
f 2704/1290/1900 2708/1272/1893 2701/1291/1901
f 2701/1291/1901 2708/1272/1893 2691/1268/1888
f 2702/1292/1902 2691/1268/1888 2707/1269/1890
f 2702/1292/1902 2707/1269/1890 2699/1293/1903
f 2699/1293/1903 2707/1269/1890 2690/1283/1885
f 2700/1294/1904 2690/1265/1885 2706/1266/1887
f 2700/1294/1904 2706/1266/1887 2697/1295/1905
f 2697/1295/1905 2706/1266/1887 2689/1262/1882
f 2698/1296/1906 2689/1262/1882 2705/1263/1884
f 2698/1296/1906 2705/1263/1884 2695/1297/1907
f 2695/1297/1907 2705/1263/1884 2693/1274/1894
f 2703/1289/1899 2692/1271/1891 2704/1290/1900
f 2701/1291/1901 2691/1268/1888 2702/1292/1902
f 2699/1293/1903 2690/1283/1885 2700/1298/1904
f 2697/1295/1905 2689/1262/1882 2698/1296/1906
f 2695/1297/1907 2693/1274/1894 2696/1288/1898
f 2715/1262/1908 2736/1264/1909 2731/1263/1910
f 2716/1265/1911 2738/1267/1912 2732/1266/1913
f 2717/1268/1914 2739/1270/1915 2733/1269/1916
f 2718/1271/1917 2740/1273/1918 2734/1272/1919
f 2719/1274/1920 2737/1276/1921 2735/1275/1922
f 2737/1276/1921 2720/1278/1923 2740/1277/1918
f 2737/1276/1921 2740/1277/1918 2735/1275/1922
f 2735/1275/1922 2740/1277/1918 2718/1271/1917
f 2740/1273/1918 2720/1280/1923 2739/1279/1915
f 2740/1273/1918 2739/1279/1915 2734/1272/1919
f 2734/1272/1919 2739/1279/1915 2717/1268/1914
f 2739/1270/1915 2720/1282/1923 2738/1281/1912
f 2739/1270/1915 2738/1281/1912 2733/1269/1916
f 2733/1269/1916 2738/1281/1912 2716/1283/1911
f 2738/1267/1912 2720/1285/1923 2736/1284/1909
f 2738/1267/1912 2736/1284/1909 2732/1266/1913
f 2732/1266/1913 2736/1284/1909 2715/1262/1908
f 2736/1264/1909 2720/1287/1923 2737/1286/1921
f 2736/1264/1909 2737/1286/1921 2731/1263/1910
f 2731/1263/1910 2737/1286/1921 2719/1274/1920
f 2722/1288/1924 2719/1274/1920 2735/1275/1922
f 2722/1288/1924 2735/1275/1922 2729/1289/1925
f 2729/1289/1925 2735/1275/1922 2718/1271/1917
f 2730/1290/1926 2718/1271/1917 2734/1272/1919
f 2730/1290/1926 2734/1272/1919 2727/1291/1927
f 2727/1291/1927 2734/1272/1919 2717/1268/1914
f 2728/1292/1928 2717/1268/1914 2733/1269/1916
f 2728/1292/1928 2733/1269/1916 2725/1293/1929
f 2725/1293/1929 2733/1269/1916 2716/1283/1911
f 2726/1294/1930 2716/1265/1911 2732/1266/1913
f 2726/1294/1930 2732/1266/1913 2723/1295/1931
f 2723/1295/1931 2732/1266/1913 2715/1262/1908
f 2724/1296/1932 2715/1262/1908 2731/1263/1910
f 2724/1296/1932 2731/1263/1910 2721/1297/1933
f 2721/1297/1933 2731/1263/1910 2719/1274/1920
f 2729/1289/1925 2718/1271/1917 2730/1290/1926
f 2727/1291/1927 2717/1268/1914 2728/1292/1928
f 2725/1293/1929 2716/1283/1911 2726/1298/1930
f 2723/1295/1931 2715/1262/1908 2724/1296/1932
f 2721/1297/1933 2719/1274/1920 2722/1288/1924
f 2844/1262/1995 2860/1263/1996 2865/1264/1997
f 2845/1265/1998 2861/1266/1999 2867/1267/2000
f 2846/1268/2001 2862/1269/2002 2868/1270/2003
f 2847/1271/2004 2863/1272/2005 2869/1273/2006
f 2848/1274/2007 2864/1275/2008 2866/1276/2009
f 2866/1276/2009 2869/1277/2006 2849/1278/2010
f 2866/1276/2009 2864/1275/2008 2869/1277/2006
f 2864/1275/2008 2847/1271/2004 2869/1277/2006
f 2869/1273/2006 2868/1279/2003 2849/1280/2010
f 2869/1273/2006 2863/1272/2005 2868/1279/2003
f 2863/1272/2005 2846/1268/2001 2868/1279/2003
f 2868/1270/2003 2867/1281/2000 2849/1282/2010
f 2868/1270/2003 2862/1269/2002 2867/1281/2000
f 2862/1269/2002 2845/1283/1998 2867/1281/2000
f 2867/1267/2000 2865/1284/1997 2849/1285/2010
f 2867/1267/2000 2861/1266/1999 2865/1284/1997
f 2861/1266/1999 2844/1262/1995 2865/1284/1997
f 2865/1264/1997 2866/1286/2009 2849/1287/2010
f 2865/1264/1997 2860/1263/1996 2866/1286/2009
f 2860/1263/1996 2848/1274/2007 2866/1286/2009
f 2851/1288/2011 2864/1275/2008 2848/1274/2007
f 2851/1288/2011 2858/1289/2012 2864/1275/2008
f 2858/1289/2012 2847/1271/2004 2864/1275/2008
f 2859/1290/2013 2863/1272/2005 2847/1271/2004
f 2859/1290/2013 2856/1291/2014 2863/1272/2005
f 2856/1291/2014 2846/1268/2001 2863/1272/2005
f 2857/1292/2015 2862/1269/2002 2846/1268/2001
f 2857/1292/2015 2854/1293/2016 2862/1269/2002
f 2854/1293/2016 2845/1283/1998 2862/1269/2002
f 2855/1294/2017 2861/1266/1999 2845/1265/1998
f 2855/1294/2017 2852/1295/2018 2861/1266/1999
f 2852/1295/2018 2844/1262/1995 2861/1266/1999
f 2853/1296/2019 2860/1263/1996 2844/1262/1995
f 2853/1296/2019 2850/1297/2020 2860/1263/1996
f 2850/1297/2020 2848/1274/2007 2860/1263/1996
f 2858/1289/2012 2859/1290/2013 2847/1271/2004
f 2854/1293/2016 2855/1298/2017 2845/1283/1998
f 2852/1295/2018 2853/1296/2019 2844/1262/1995
f 2850/1297/2020 2851/1288/2011 2848/1274/2007
f 2870/1262/2021 2886/1263/2022 2891/1264/2023
f 2871/1265/2024 2887/1266/2025 2893/1267/2026
f 2872/1268/2027 2888/1269/2028 2894/1270/2029
f 2873/1271/2030 2889/1272/2031 2895/1273/2032
f 2874/1274/2033 2890/1275/2034 2892/1276/2035
f 2892/1276/2035 2895/1277/2032 2875/1278/2036
f 2892/1276/2035 2890/1275/2034 2895/1277/2032
f 2890/1275/2034 2873/1271/2030 2895/1277/2032
f 2895/1273/2032 2894/1279/2029 2875/1280/2036
f 2895/1273/2032 2889/1272/2031 2894/1279/2029
f 2889/1272/2031 2872/1268/2027 2894/1279/2029
f 2894/1270/2029 2893/1281/2026 2875/1282/2036
f 2894/1270/2029 2888/1269/2028 2893/1281/2026
f 2888/1269/2028 2871/1283/2024 2893/1281/2026
f 2893/1267/2026 2891/1284/2023 2875/1285/2036
f 2893/1267/2026 2887/1266/2025 2891/1284/2023
f 2887/1266/2025 2870/1262/2021 2891/1284/2023
f 2891/1264/2023 2892/1286/2035 2875/1287/2036
f 2891/1264/2023 2886/1263/2022 2892/1286/2035
f 2886/1263/2022 2874/1274/2033 2892/1286/2035
f 2877/1288/2037 2890/1275/2034 2874/1274/2033
f 2877/1288/2037 2884/1289/2038 2890/1275/2034
f 2884/1289/2038 2873/1271/2030 2890/1275/2034
f 2885/1290/2039 2889/1272/2031 2873/1271/2030
f 2885/1290/2039 2882/1291/2040 2889/1272/2031
f 2882/1291/2040 2872/1268/2027 2889/1272/2031
f 2883/1292/2041 2888/1269/2028 2872/1268/2027
f 2883/1292/2041 2880/1293/2042 2888/1269/2028
f 2880/1293/2042 2871/1283/2024 2888/1269/2028
f 2881/1294/2043 2887/1266/2025 2871/1265/2024
f 2881/1294/2043 2878/1295/2044 2887/1266/2025
f 2878/1295/2044 2870/1262/2021 2887/1266/2025
f 2879/1296/2045 2886/1263/2022 2870/1262/2021
f 2879/1296/2045 2876/1297/2046 2886/1263/2022
f 2876/1297/2046 2874/1274/2033 2886/1263/2022
f 2884/1289/2038 2885/1290/2039 2873/1271/2030
f 2882/1291/2040 2883/1292/2041 2872/1268/2027
f 2880/1293/2042 2881/1298/2043 2871/1283/2024
f 2878/1295/2044 2879/1296/2045 2870/1262/2021
f 2876/1297/2046 2877/1288/2037 2874/1274/2033
f 3009/1262/2121 3025/1263/2122 3030/1264/2123
f 3010/1265/2124 3026/1266/2125 3032/1267/2126
f 3011/1268/2127 3027/1269/2128 3033/1270/2129
f 3012/1271/2130 3028/1272/2131 3034/1273/2132
f 3013/1274/2133 3029/1275/2134 3031/1276/2135
f 3031/1276/2135 3034/1277/2132 3014/1278/2136
f 3031/1276/2135 3029/1275/2134 3034/1277/2132
f 3029/1275/2134 3012/1271/2130 3034/1277/2132
f 3034/1273/2132 3033/1279/2129 3014/1280/2136
f 3034/1273/2132 3028/1272/2131 3033/1279/2129
f 3028/1272/2131 3011/1268/2127 3033/1279/2129
f 3033/1270/2129 3032/1281/2126 3014/1282/2136
f 3033/1270/2129 3027/1269/2128 3032/1281/2126
f 3027/1269/2128 3010/1283/2124 3032/1281/2126
f 3032/1267/2126 3030/1284/2123 3014/1285/2136
f 3032/1267/2126 3026/1266/2125 3030/1284/2123
f 3026/1266/2125 3009/1262/2121 3030/1284/2123
f 3030/1264/2123 3031/1286/2135 3014/1287/2136
f 3030/1264/2123 3025/1263/2122 3031/1286/2135
f 3025/1263/2122 3013/1274/2133 3031/1286/2135
f 3016/1288/2137 3029/1275/2134 3013/1274/2133
f 3016/1288/2137 3023/1289/2138 3029/1275/2134
f 3023/1289/2138 3012/1271/2130 3029/1275/2134
f 3024/1290/2139 3028/1272/2131 3012/1271/2130
f 3024/1290/2139 3021/1291/2140 3028/1272/2131
f 3021/1291/2140 3011/1268/2127 3028/1272/2131
f 3022/1292/2141 3027/1269/2128 3011/1268/2127
f 3022/1292/2141 3019/1293/2142 3027/1269/2128
f 3019/1293/2142 3010/1283/2124 3027/1269/2128
f 3020/1294/2143 3026/1266/2125 3010/1265/2124
f 3020/1294/2143 3017/1295/2144 3026/1266/2125
f 3017/1295/2144 3009/1262/2121 3026/1266/2125
f 3018/1296/2145 3025/1263/2122 3009/1262/2121
f 3018/1296/2145 3015/1297/2146 3025/1263/2122
f 3015/1297/2146 3013/1274/2133 3025/1263/2122
f 3023/1289/2138 3024/1290/2139 3012/1271/2130
f 3019/1293/2142 3020/1298/2143 3010/1283/2124
f 3017/1295/2144 3018/1296/2145 3009/1262/2121
f 3015/1297/2146 3016/1288/2137 3013/1274/2133
f 3035/1262/2147 3051/1263/2148 3056/1264/2149
f 3036/1265/2150 3052/1266/2151 3058/1267/2152
f 3037/1268/2153 3053/1269/2154 3059/1270/2155
f 3038/1271/2156 3054/1272/2157 3060/1273/2158
f 3039/1274/2159 3055/1275/2160 3057/1276/2161
f 3057/1276/2161 3060/1277/2158 3040/1278/2162
f 3057/1276/2161 3055/1275/2160 3060/1277/2158
f 3055/1275/2160 3038/1271/2156 3060/1277/2158
f 3060/1273/2158 3059/1279/2155 3040/1280/2162
f 3060/1273/2158 3054/1272/2157 3059/1279/2155
f 3054/1272/2157 3037/1268/2153 3059/1279/2155
f 3059/1270/2155 3058/1281/2152 3040/1282/2162
f 3059/1270/2155 3053/1269/2154 3058/1281/2152
f 3053/1269/2154 3036/1283/2150 3058/1281/2152
f 3058/1267/2152 3056/1284/2149 3040/1285/2162
f 3058/1267/2152 3052/1266/2151 3056/1284/2149
f 3052/1266/2151 3035/1262/2147 3056/1284/2149
f 3056/1264/2149 3057/1286/2161 3040/1287/2162
f 3056/1264/2149 3051/1263/2148 3057/1286/2161
f 3051/1263/2148 3039/1274/2159 3057/1286/2161
f 3042/1288/2163 3055/1275/2160 3039/1274/2159
f 3042/1288/2163 3049/1289/2164 3055/1275/2160
f 3049/1289/2164 3038/1271/2156 3055/1275/2160
f 3050/1290/2165 3054/1272/2157 3038/1271/2156
f 3050/1290/2165 3047/1291/2166 3054/1272/2157
f 3047/1291/2166 3037/1268/2153 3054/1272/2157
f 3048/1292/2167 3053/1269/2154 3037/1268/2153
f 3048/1292/2167 3045/1293/2168 3053/1269/2154
f 3045/1293/2168 3036/1283/2150 3053/1269/2154
f 3046/1294/2169 3052/1266/2151 3036/1265/2150
f 3046/1294/2169 3043/1295/2170 3052/1266/2151
f 3043/1295/2170 3035/1262/2147 3052/1266/2151
f 3044/1296/2171 3051/1263/2148 3035/1262/2147
f 3044/1296/2171 3041/1297/2172 3051/1263/2148
f 3041/1297/2172 3039/1274/2159 3051/1263/2148
f 3049/1289/2164 3050/1290/2165 3038/1271/2156
f 3047/1291/2166 3048/1292/2167 3037/1268/2153
f 3045/1293/2168 3046/1298/2169 3036/1283/2150
f 3043/1295/2170 3044/1296/2171 3035/1262/2147
f 3041/1297/2172 3042/1288/2163 3039/1274/2159
f 3334/792/2338 3350/793/2339 3355/794/2340
f 3335/795/2341 3351/796/2342 3357/797/2343
f 3336/798/2344 3352/799/2345 3358/800/2346
f 3337/801/2347 3353/802/2348 3359/803/2349
f 3338/804/2350 3354/805/2351 3356/806/2352
f 3356/807/2352 3359/808/2349 3339/809/2353
f 3356/807/2352 3354/810/2351 3359/808/2349
f 3354/810/2351 3337/811/2347 3359/808/2349
f 3359/808/2349 3358/812/2346 3339/809/2353
f 3359/808/2349 3353/813/2348 3358/812/2346
f 3353/813/2348 3336/814/2344 3358/812/2346
f 3358/812/2346 3357/797/2343 3339/809/2353
f 3358/800/2346 3352/799/2345 3357/815/2343
f 3352/799/2345 3335/816/2341 3357/815/2343
f 3357/797/2343 3355/794/2340 3339/809/2353
f 3357/797/2343 3351/796/2342 3355/794/2340
f 3351/817/2342 3334/818/2338 3355/819/2340
f 3355/794/2340 3356/807/2352 3339/809/2353
f 3355/794/2340 3350/793/2339 3356/807/2352
f 3350/820/2339 3338/804/2350 3356/806/2352
f 3341/821/2354 3354/805/2351 3338/804/2350
f 3341/821/2354 3348/822/2355 3354/805/2351
f 3348/823/2355 3337/801/2347 3354/824/2351
f 3349/825/2356 3353/802/2348 3337/801/2347
f 3349/825/2356 3346/826/2357 3353/802/2348
f 3346/826/2357 3336/827/2344 3353/802/2348
f 3347/828/2358 3352/799/2345 3336/798/2344
f 3347/828/2358 3344/829/2359 3352/799/2345
f 3344/829/2359 3335/816/2341 3352/799/2345
f 3345/830/2360 3351/817/2342 3335/831/2341
f 3345/830/2360 3342/832/2361 3351/817/2342
f 3342/832/2361 3334/818/2338 3351/817/2342
f 3343/833/2362 3350/834/2339 3334/818/2338
f 3343/835/2362 3340/836/2363 3350/820/2339
f 3340/836/2363 3338/804/2350 3350/820/2339
f 3348/823/2355 3349/825/2356 3337/801/2347
f 3344/829/2359 3345/838/2360 3335/816/2341
f 3342/832/2361 3343/833/2362 3334/818/2338
f 3340/836/2363 3341/821/2354 3338/804/2350
f 3360/839/2364 3376/840/2365 3381/841/2366
f 3361/842/2367 3377/843/2368 3383/844/2369
f 3362/845/2370 3378/846/2371 3384/847/2372
f 3363/848/2373 3379/849/2374 3385/850/2375
f 3364/851/2376 3380/852/2377 3382/853/2378
f 3382/854/2378 3385/855/2375 3365/856/2379
f 3382/854/2378 3380/857/2377 3385/855/2375
f 3380/858/2377 3363/848/2373 3385/850/2375
f 3385/855/2375 3384/847/2372 3365/856/2379
f 3385/855/2375 3379/859/2374 3384/847/2372
f 3379/859/2374 3362/845/2370 3384/847/2372
f 3384/847/2372 3383/844/2369 3365/856/2379
f 3384/847/2372 3378/846/2371 3383/844/2369
f 3378/846/2371 3361/842/2367 3383/844/2369
f 3383/844/2369 3381/860/2366 3365/856/2379
f 3383/844/2369 3377/843/2368 3381/860/2366
f 3377/861/2368 3360/839/2364 3381/841/2366
f 3381/860/2366 3382/854/2378 3365/856/2379
f 3381/860/2366 3376/862/2365 3382/854/2378
f 3376/863/2365 3364/851/2376 3382/853/2378
f 3367/864/2380 3380/852/2377 3364/851/2376
f 3367/864/2380 3374/865/2381 3380/852/2377
f 3374/866/2381 3363/848/2373 3380/858/2377
f 3375/867/2382 3379/849/2374 3363/848/2373
f 3375/867/2382 3372/868/2383 3379/849/2374
f 3372/868/2383 3362/869/2370 3379/849/2374
f 3373/870/2384 3378/871/2371 3362/872/2370
f 3373/870/2384 3370/873/2385 3378/871/2371
f 3370/873/2385 3361/874/2367 3378/871/2371
f 3371/875/2386 3377/861/2368 3361/876/2367
f 3371/875/2386 3368/877/2387 3377/861/2368
f 3368/877/2387 3360/839/2364 3377/861/2368
f 3369/878/2388 3376/840/2365 3360/839/2364
f 3369/879/2388 3366/880/2389 3376/863/2365
f 3366/880/2389 3364/851/2376 3376/863/2365
f 3374/866/2381 3375/867/2382 3363/848/2373
f 3372/881/2383 3373/870/2384 3362/872/2370
f 3370/873/2385 3371/882/2386 3361/874/2367
f 3368/877/2387 3369/878/2388 3360/839/2364
f 3366/880/2389 3367/864/2380 3364/851/2376
f 3386/883/2390 3402/884/2391 3407/885/2392
f 3387/886/2393 3403/887/2394 3409/888/2395
f 3388/889/2396 3404/890/2397 3410/891/2398
f 3389/892/2399 3405/893/2400 3411/894/2401
f 3390/895/2402 3406/896/2403 3408/897/2404
f 3408/897/2404 3411/898/2401 3391/899/2405
f 3408/897/2404 3406/896/2403 3411/898/2401
f 3406/900/2403 3389/892/2399 3411/894/2401
f 3411/898/2401 3410/901/2398 3391/899/2405
f 3411/898/2401 3405/902/2400 3410/901/2398
f 3405/903/2400 3388/889/2396 3410/891/2398
f 3410/901/2398 3409/904/2395 3391/899/2405
f 3410/901/2398 3404/905/2397 3409/904/2395
f 3404/906/2397 3387/886/2393 3409/888/2395
f 3409/904/2395 3407/907/2392 3391/899/2405
f 3409/904/2395 3403/908/2394 3407/907/2392
f 3403/887/2394 3386/909/2390 3407/910/2392
f 3407/907/2392 3408/897/2404 3391/899/2405
f 3407/907/2392 3402/911/2391 3408/897/2404
f 3402/884/2391 3390/912/2402 3408/913/2404
f 3393/914/2406 3406/900/2403 3390/915/2402
f 3393/914/2406 3400/916/2407 3406/900/2403
f 3400/916/2407 3389/892/2399 3406/900/2403
f 3401/917/2408 3405/893/2400 3389/892/2399
f 3401/918/2408 3398/919/2409 3405/903/2400
f 3398/919/2409 3388/889/2396 3405/903/2400
f 3399/920/2410 3404/890/2397 3388/889/2396
f 3399/920/2410 3396/921/2411 3404/890/2397
f 3396/922/2411 3387/886/2393 3404/906/2397
f 3397/923/2412 3403/887/2394 3387/886/2393
f 3397/923/2412 3394/924/2413 3403/887/2394
f 3394/924/2413 3386/909/2390 3403/887/2394
f 3395/925/2414 3402/884/2391 3386/883/2390
f 3395/925/2414 3392/926/2415 3402/884/2391
f 3392/926/2415 3390/912/2402 3402/884/2391
f 3400/916/2407 3401/917/2408 3389/892/2399
f 3398/919/2409 3399/920/2410 3388/889/2396
f 3396/922/2411 3397/923/2412 3387/886/2393
f 3392/926/2415 3393/928/2406 3390/912/2402
f 3412/929/2416 3428/930/2417 3433/931/2418
f 3413/932/2419 3429/933/2420 3435/934/2421
f 3414/935/2422 3430/936/2423 3436/937/2424
f 3415/938/2425 3431/939/2426 3437/940/2427
f 3416/941/2428 3432/942/2429 3434/943/2430
f 3434/944/2430 3437/945/2427 3417/946/2431
f 3434/944/2430 3432/947/2429 3437/945/2427
f 3432/948/2429 3415/938/2425 3437/940/2427
f 3437/945/2427 3436/949/2424 3417/946/2431
f 3437/945/2427 3431/950/2426 3436/949/2424
f 3431/951/2426 3414/935/2422 3436/937/2424
f 3436/949/2424 3435/952/2421 3417/946/2431
f 3436/949/2424 3430/953/2423 3435/952/2421
f 3430/953/2423 3413/954/2419 3435/952/2421
f 3435/952/2421 3433/955/2418 3417/946/2431
f 3435/952/2421 3429/956/2420 3433/955/2418
f 3429/956/2420 3412/957/2416 3433/955/2418
f 3433/955/2418 3434/944/2430 3417/946/2431
f 3433/931/2418 3428/930/2417 3434/943/2430
f 3428/930/2417 3416/941/2428 3434/943/2430
f 3419/958/2432 3432/948/2429 3416/959/2428
f 3419/958/2432 3426/960/2433 3432/948/2429
f 3426/960/2433 3415/938/2425 3432/948/2429
f 3427/961/2434 3431/939/2426 3415/938/2425
f 3427/962/2434 3424/963/2435 3431/951/2426
f 3424/963/2435 3414/935/2422 3431/951/2426
f 3425/964/2436 3430/936/2423 3414/935/2422
f 3425/964/2436 3422/965/2437 3430/936/2423
f 3422/966/2437 3413/932/2419 3430/967/2423
f 3423/968/2438 3429/933/2420 3413/932/2419
f 3423/968/2438 3420/969/2439 3429/933/2420
f 3420/969/2439 3412/970/2416 3429/933/2420
f 3421/971/2440 3428/930/2417 3412/929/2416
f 3421/971/2440 3418/972/2441 3428/930/2417
f 3418/972/2441 3416/941/2428 3428/930/2417
f 3426/960/2433 3427/961/2434 3415/938/2425
f 3424/963/2435 3425/964/2436 3414/935/2422
f 3422/966/2437 3423/968/2438 3413/932/2419
f 3420/973/2439 3421/971/2440 3412/929/2416
f 3418/972/2441 3419/974/2432 3416/941/2428
f 3438/975/2442 3454/976/2443 3459/977/2444
f 3439/978/2445 3455/979/2446 3461/980/2447
f 3440/981/2448 3456/982/2449 3462/983/2450
f 3441/984/2451 3457/985/2452 3463/986/2453
f 3442/987/2454 3458/988/2455 3460/989/2456
f 3460/989/2456 3463/990/2453 3443/991/2457
f 3460/989/2456 3458/988/2455 3463/990/2453
f 3458/992/2455 3441/984/2451 3463/986/2453
f 3463/990/2453 3462/993/2450 3443/991/2457
f 3463/990/2453 3457/994/2452 3462/993/2450
f 3457/995/2452 3440/981/2448 3462/983/2450
f 3462/993/2450 3461/996/2447 3443/991/2457
f 3462/993/2450 3456/997/2449 3461/996/2447
f 3456/982/2449 3439/998/2445 3461/999/2447
f 3461/996/2447 3459/977/2444 3443/991/2457
f 3461/996/2447 3455/1000/2446 3459/977/2444
f 3455/979/2446 3438/1001/2442 3459/1002/2444
f 3459/977/2444 3460/989/2456 3443/991/2457
f 3459/977/2444 3454/976/2443 3460/989/2456
f 3454/1003/2443 3442/1004/2454 3460/1005/2456
f 3445/1006/2458 3458/1007/2455 3442/1004/2454
f 3445/1008/2458 3452/1009/2459 3458/992/2455
f 3452/1009/2459 3441/984/2451 3458/992/2455
f 3453/1010/2460 3457/985/2452 3441/984/2451
f 3453/1010/2460 3450/1011/2461 3457/985/2452
f 3450/1012/2461 3440/981/2448 3457/995/2452
f 3451/1013/2462 3456/982/2449 3440/981/2448
f 3451/1013/2462 3448/1014/2463 3456/982/2449
f 3448/1014/2463 3439/998/2445 3456/982/2449
f 3449/1015/2464 3455/979/2446 3439/978/2445
f 3449/1015/2464 3446/1016/2465 3455/979/2446
f 3446/1016/2465 3438/1001/2442 3455/979/2446
f 3447/1017/2466 3454/1003/2443 3438/1018/2442
f 3447/1017/2466 3444/1019/2467 3454/1003/2443
f 3444/1019/2467 3442/1004/2454 3454/1003/2443
f 3452/1009/2459 3453/1010/2460 3441/984/2451
f 3450/1012/2461 3451/1013/2462 3440/981/2448
f 3464/1022/2468 3480/1023/2469 3485/1024/2470
f 3465/1025/2471 3481/1026/2472 3487/1027/2473
f 3466/1028/2474 3482/1029/2475 3488/1030/2476
f 3467/1031/2477 3483/1032/2478 3489/1033/2479
f 3468/1034/2480 3484/1035/2481 3486/1036/2482
f 3486/1037/2482 3489/1038/2479 3469/1039/2483
f 3486/1037/2482 3484/1040/2481 3489/1038/2479
f 3484/1041/2481 3467/1031/2477 3489/1033/2479
f 3489/1038/2479 3488/1042/2476 3469/1039/2483
f 3489/1038/2479 3483/1043/2478 3488/1042/2476
f 3483/1043/2478 3466/1044/2474 3488/1042/2476
f 3488/1042/2476 3487/1045/2473 3469/1039/2483
f 3488/1042/2476 3482/1046/2475 3487/1045/2473
f 3482/1046/2475 3465/1047/2471 3487/1045/2473
f 3487/1045/2473 3485/1048/2470 3469/1039/2483
f 3487/1045/2473 3481/1049/2472 3485/1048/2470
f 3481/1026/2472 3464/1050/2468 3485/1051/2470
f 3485/1048/2470 3486/1037/2482 3469/1039/2483
f 3485/1024/2470 3480/1023/2469 3486/1036/2482
f 3480/1023/2469 3468/1034/2480 3486/1036/2482
f 3471/1052/2484 3484/1035/2481 3468/1034/2480
f 3471/1053/2484 3478/1054/2485 3484/1041/2481
f 3478/1054/2485 3467/1031/2477 3484/1041/2481
f 3479/1055/2486 3483/1032/2478 3467/1031/2477
f 3479/1055/2486 3476/1056/2487 3483/1032/2478
f 3476/1057/2487 3466/1028/2474 3483/1058/2478
f 3477/1059/2488 3482/1029/2475 3466/1028/2474
f 3477/1059/2488 3474/1060/2489 3482/1029/2475
f 3474/1060/2489 3465/1061/2471 3482/1029/2475
f 3475/1062/2490 3481/1026/2472 3465/1025/2471
f 3475/1062/2490 3472/1063/2491 3481/1026/2472
f 3472/1063/2491 3464/1050/2468 3481/1026/2472
f 3473/1064/2492 3480/1023/2469 3464/1022/2468
f 3473/1064/2492 3470/1065/2493 3480/1023/2469
f 3470/1065/2493 3468/1034/2480 3480/1023/2469
f 3478/1054/2485 3479/1055/2486 3467/1031/2477
f 3476/1057/2487 3477/1059/2488 3466/1028/2474
f 3474/1066/2489 3475/1062/2490 3465/1025/2471
f 3472/1063/2491 3473/1067/2492 3464/1050/2468
f 3470/1065/2493 3471/1052/2484 3468/1034/2480
