# Blender 5.1.1
# www.blender.org
mtllib Sarg_2_Deckel.mtl
o Sarg_2_Lid
v -3.611454 2.428679 -6.205884
v -3.590750 2.435629 -6.200505
v -3.590750 2.458122 -6.200505
v -3.611454 2.465072 -6.205884
v -3.624251 2.446876 -6.209208
v -3.602759 2.446876 -6.215842
v -3.627829 2.440265 -6.200253
v -3.627829 2.453486 -6.200253
v -3.608137 2.425484 -6.195138
v -3.620307 2.429569 -6.198299
v -3.588446 2.440265 -6.190022
v -3.595968 2.429569 -6.191977
v -3.595968 2.464182 -6.191977
v -3.588446 2.453486 -6.190022
v -3.620307 2.464182 -6.198299
v -3.608137 2.468267 -6.195138
v -3.619558 2.436180 -6.209724
v -3.599867 2.429569 -6.204609
v -3.587698 2.446876 -6.201448
v -3.599867 2.464182 -6.204609
v -3.619558 2.457571 -6.209724
v -3.606926 2.436180 -6.213624
v -3.614447 2.446876 -6.215578
v -3.594756 2.440265 -6.210463
v -3.594756 2.453486 -6.210463
v -3.606926 2.457571 -6.213624
v -4.031051 2.509829 -5.297043
v -4.031051 -0.002184 -5.297043
v -3.810001 2.509829 -6.148005
v -3.810001 -0.002184 -6.148005
v -3.689845 -0.002184 -6.116793
v -3.910894 2.509829 -5.265831
v -3.910894 -0.002184 -5.265831
v -3.689845 2.509829 -6.116793
v -3.879110 2.386483 -5.257574
v -3.658060 2.386483 -6.108537
v -3.658061 0.101389 -6.108537
v -3.658060 1.193531 -6.108537
v -3.658060 1.318804 -6.108537
v -3.879110 1.318804 -5.257574
v -3.879110 1.193532 -5.257574
v -3.879110 0.101389 -5.257574
v -4.007651 -0.002184 -5.387121
v -4.126224 -0.002184 -5.775957
v -3.833400 -0.002184 -6.057928
v -3.833400 2.509829 -6.057928
v -4.126224 2.509829 -5.775957
v -4.007651 2.509829 -5.387121
v -3.833400 2.386483 -6.057928
v -4.007651 2.386483 -5.387121
v -3.833400 1.318804 -6.057928
v -4.007651 1.318804 -5.387121
v -3.833400 1.193532 -6.057928
v -4.007651 1.193531 -5.387121
v -3.833400 0.101389 -6.057928
v -4.007651 0.101389 -5.387121
v -3.713244 2.509829 -6.026714
v -3.800370 2.509829 -5.691312
v -3.887495 2.509829 -5.355908
v -3.887495 -0.002184 -5.355908
v -3.800370 -0.002184 -5.691312
v -3.713244 -0.002184 -6.026714
v -4.014141 -0.002184 -5.962523
v -4.014141 2.509829 -5.962522
v -3.747885 2.509829 -5.893359
v -3.747885 -0.002184 -5.893359
v -4.119110 -0.002184 -5.558429
v -4.119109 2.509829 -5.558429
v -3.852854 2.509829 -5.489265
v -3.852854 -0.002184 -5.489265
v -4.136358 -0.002184 -5.659622
v -3.826612 -0.002184 -5.590289
v -4.136357 2.509829 -5.659622
v -3.826612 2.509829 -5.590288
v -4.078458 2.509829 -5.882516
v -3.774127 2.509829 -5.792336
v -4.078458 -0.002184 -5.882516
v -3.774127 -0.002184 -5.792336
v -3.923292 -0.002184 -6.028998
v -3.725966 -0.002184 -5.977740
v -3.923292 2.509829 -6.028998
v -3.725966 2.509829 -5.977740
v -4.072099 2.509829 -5.456141
v -3.874773 2.509829 -5.404883
v -4.072100 -0.002184 -5.456141
v -3.874773 -0.002184 -5.404883
v -3.810884 2.509829 -5.239851
v -3.810884 -0.002184 -5.239851
v -3.589835 2.509829 -6.090814
v -3.823144 2.386483 -5.192656
v -3.577575 2.386483 -6.138011
v -3.577575 0.101389 -6.138011
v -3.577575 1.193531 -6.138011
v -3.577575 1.318804 -6.138011
v -3.823144 1.318804 -5.192656
v -3.823144 1.193532 -5.192656
v -3.823144 0.101389 -5.192656
v -3.589835 -0.002184 -6.090814
v -3.787485 -0.002184 -5.329930
v -3.700360 -0.002184 -5.665333
v -3.613234 -0.002184 -6.000736
v -3.613234 2.509829 -6.000736
v -3.700360 2.509829 -5.665333
v -3.787485 2.509829 -5.329930
v -3.647875 2.509829 -5.867380
v -3.647876 -0.002184 -5.867380
v -3.752844 2.509829 -5.463286
v -3.752844 -0.002184 -5.463286
v -3.726602 2.509829 -5.564309
v -3.726602 -0.002184 -5.564310
v -3.674118 -0.002184 -5.766356
v -3.674118 2.509829 -5.766356
v -3.625956 2.509829 -5.951761
v -3.625956 -0.002184 -5.951761
v -3.774764 -0.002184 -5.378904
v -3.774763 2.509829 -5.378904
v -3.836253 -0.002184 -5.142190
v -3.836253 2.386483 -5.142190
v -3.564466 2.386483 -6.188476
v -3.564466 0.101389 -6.188476
v -3.564466 1.193531 -6.188476
v -3.564466 1.318804 -6.188476
v -3.836253 1.318804 -5.142190
v -3.836253 1.193532 -5.142190
v -3.836253 0.101389 -5.142190
v -3.564466 -0.002184 -6.188476
v -3.645308 -0.002184 -6.105224
v -3.619939 -0.002184 -6.202886
v -3.866357 2.509829 -5.254261
v -3.866358 -0.002184 -5.254261
v -3.645308 2.509829 -6.105224
v -3.878617 2.386483 -5.207066
v -3.633049 2.386483 -6.152420
v -3.633049 0.101389 -6.152420
v -3.633049 1.193531 -6.152420
v -3.633049 1.318804 -6.152420
v -3.878617 1.318804 -5.207066
v -3.878617 1.193532 -5.207066
v -3.878617 0.101389 -5.207066
v -3.842958 -0.002184 -5.344340
v -3.755833 -0.002184 -5.679743
v -3.668707 -0.002184 -6.015146
v -3.668707 2.509829 -6.015146
v -3.755833 2.509829 -5.679743
v -3.842958 2.509829 -5.344340
v -3.703348 2.509829 -5.881790
v -3.703348 -0.002184 -5.881790
v -3.808317 2.509829 -5.477696
v -3.808317 -0.002184 -5.477696
v -3.782075 2.509829 -5.578720
v -3.782075 -0.002184 -5.578720
v -3.729591 -0.002184 -5.780766
v -3.729591 2.509829 -5.780766
v -3.681429 2.509829 -5.966172
v -3.681429 -0.002184 -5.966172
v -3.830237 -0.002184 -5.393315
v -3.830236 2.509829 -5.393314
v -3.891726 -0.002184 -5.156600
v -3.891726 2.386483 -5.156600
v -3.619939 2.386483 -6.202886
v -3.619939 0.101389 -6.202886
v -3.619939 1.193531 -6.202886
v -3.619939 1.318804 -6.202886
v -3.891726 1.318804 -5.156600
v -3.891726 1.193532 -5.156600
v -3.891726 0.101389 -5.156600
v -4.021197 2.386483 -5.334974
v -3.993119 2.386483 -5.287189
v -3.772070 2.386483 -6.138152
v -3.819854 2.386483 -6.110074
v -3.993119 1.318804 -5.287189
v -4.021197 1.318804 -5.334974
v -4.021197 1.193531 -5.334974
v -3.993119 1.193532 -5.287189
v -3.993119 0.101389 -5.287189
v -4.021197 0.101389 -5.334974
v -3.819854 0.101389 -6.110074
v -3.772070 0.101389 -6.138153
v -3.772070 1.193532 -6.138153
v -3.819854 1.193532 -6.110074
v -3.819854 1.318804 -6.110074
v -3.772070 1.318804 -6.138153
v -3.810001 -0.002184 -6.148005
v -4.031051 -0.002184 -5.297043
v -3.810001 2.509829 -6.148005
v -4.031051 2.509829 -5.297043
v -4.086921 2.386483 -5.367007
v -4.105454 2.403596 -5.362304
v -4.096188 2.388775 -5.364655
v -4.102972 2.395039 -5.362934
v -4.105455 1.301691 -5.362304
v -4.086921 1.318804 -5.367007
v -4.102972 1.310247 -5.362934
v -4.096188 1.316511 -5.364655
v -4.086921 1.193531 -5.367007
v -4.105455 1.210645 -5.362304
v -4.096188 1.195824 -5.364655
v -4.102972 1.202088 -5.362934
v -4.105455 0.084276 -5.362304
v -4.086921 0.101389 -5.367007
v -4.102972 0.092833 -5.362934
v -4.096188 0.099096 -5.364655
v -3.936263 2.403596 -5.168169
v -3.931806 2.386483 -5.185326
v -3.919699 2.386483 -5.163866
v -3.935666 2.395040 -5.170467
v -3.934035 2.388776 -5.176747
v -3.668933 2.386483 -6.197298
v -3.664476 2.403596 -6.214455
v -3.647912 2.386483 -6.210153
v -3.666704 2.388776 -6.205876
v -3.665073 2.395040 -6.212156
v -3.664476 0.084276 -6.214455
v -3.668933 0.101389 -6.197298
v -3.647913 0.101389 -6.210153
v -3.665073 0.092833 -6.212157
v -3.666704 0.099097 -6.205876
v -3.668933 1.193532 -6.197298
v -3.664476 1.210645 -6.214455
v -3.647912 1.193532 -6.210153
v -3.666704 1.195824 -6.205876
v -3.665073 1.202088 -6.212156
v -3.664476 1.301691 -6.214455
v -3.668933 1.318804 -6.197298
v -3.647912 1.318804 -6.210153
v -3.665073 1.310247 -6.212156
v -3.666704 1.316511 -6.205876
v -3.931806 1.318804 -5.185326
v -3.936263 1.301691 -5.168169
v -3.919700 1.318804 -5.163866
v -3.934035 1.316511 -5.176747
v -3.935666 1.310247 -5.170467
v -3.936263 1.210645 -5.168169
v -3.931806 1.193532 -5.185326
v -3.919700 1.193532 -5.163866
v -3.935666 1.202088 -5.170467
v -3.934035 1.195824 -5.176747
v -3.931807 0.101389 -5.185326
v -3.936263 0.084276 -5.168169
v -3.919700 0.101389 -5.163866
v -3.934035 0.099097 -5.176747
v -3.935666 0.092833 -5.170467
v -3.906761 2.403596 -6.127207
v -3.892859 2.386483 -6.114079
v -3.904898 2.395039 -6.125448
v -3.899810 2.388775 -6.120643
v -4.164519 2.403596 -5.935194
v -4.150585 2.386483 -5.926665
v -4.162652 2.395040 -5.934051
v -4.157552 2.388776 -5.930929
v -4.207965 2.386483 -5.797191
v -4.223886 2.403596 -5.801326
v -4.215925 2.388776 -5.799258
v -4.221753 2.395040 -5.800772
v -4.155889 2.403596 -5.399921
v -4.142524 2.386483 -5.408889
v -4.154098 2.395039 -5.401123
v -4.149206 2.388775 -5.404406
v -3.892859 1.318804 -6.114079
v -3.906761 1.301691 -6.127207
v -3.899810 1.316511 -6.120643
v -3.904898 1.310247 -6.125448
v -4.150586 1.318804 -5.926665
v -4.164519 1.301691 -5.935194
v -4.157552 1.316511 -5.930929
v -4.162652 1.310247 -5.934051
v -4.223886 1.301691 -5.801326
v -4.207965 1.318804 -5.797191
v -4.221753 1.310247 -5.800772
v -4.215926 1.316511 -5.799258
v -4.142524 1.318804 -5.408889
v -4.155889 1.301691 -5.399921
v -4.149207 1.316511 -5.404406
v -4.154099 1.310247 -5.401123
v -3.906761 1.210645 -6.127207
v -3.892859 1.193532 -6.114079
v -3.904898 1.202088 -6.125448
v -3.899810 1.195824 -6.120643
v -4.164519 1.210645 -5.935194
v -4.150586 1.193532 -5.926665
v -4.162652 1.202088 -5.934051
v -4.157552 1.195824 -5.930929
v -4.207965 1.193532 -5.797191
v -4.223886 1.210645 -5.801326
v -4.215926 1.195824 -5.799258
v -4.221753 1.202088 -5.800772
v -4.155889 1.210645 -5.399921
v -4.142524 1.193532 -5.408889
v -4.154099 1.202088 -5.401123
v -4.149207 1.195824 -5.404406
v -3.892859 0.101389 -6.114079
v -3.906761 0.084276 -6.127207
v -3.899810 0.099096 -6.120643
v -3.904898 0.092833 -6.125448
v -4.150586 0.101389 -5.926665
v -4.164519 0.084276 -5.935194
v -4.157552 0.099096 -5.930929
v -4.162652 0.092833 -5.934051
v -4.223886 0.084276 -5.801326
v -4.207966 0.101389 -5.797191
v -4.221753 0.092833 -5.800772
v -4.215926 0.099096 -5.799259
v -4.142524 0.101389 -5.408889
v -4.155889 0.084276 -5.399921
v -4.149207 0.099096 -5.404406
v -4.154099 0.092833 -5.401123
v -3.969127 2.403596 -6.118890
v -3.961816 2.386483 -6.104552
v -3.968147 2.395039 -6.116969
v -3.965471 2.388775 -6.111722
v -4.072637 2.386483 -6.023737
v -4.083851 2.403596 -6.035472
v -4.078244 2.388776 -6.029605
v -4.082349 2.395040 -6.033900
v -3.961816 1.318804 -6.104552
v -3.969127 1.301691 -6.118891
v -3.965472 1.316511 -6.111722
v -3.968147 1.310247 -6.116969
v -4.083851 1.301691 -6.035472
v -4.072637 1.318804 -6.023737
v -4.082349 1.310247 -6.033900
v -4.078244 1.316511 -6.029605
v -3.969127 1.210645 -6.118891
v -3.961816 1.193532 -6.104552
v -3.968147 1.202088 -6.116969
v -3.965472 1.195824 -6.111722
v -4.072637 1.193532 -6.023737
v -4.083851 1.210645 -6.035472
v -4.078244 1.195824 -6.029605
v -4.082349 1.202088 -6.033900
v -3.961816 0.101389 -6.104552
v -3.969127 0.084276 -6.118891
v -3.965472 0.099097 -6.111722
v -3.968148 0.092833 -6.116969
v -4.083851 0.084276 -6.035472
v -4.072637 0.101389 -6.023737
v -4.082349 0.092833 -6.033900
v -4.078244 0.099096 -6.029605
v -4.237175 2.403596 -5.655489
v -4.220853 2.386483 -5.656158
v -4.234989 2.395040 -5.655580
v -4.229014 2.388776 -5.655824
v -4.200003 2.386483 -5.533422
v -4.215511 2.403596 -5.528628
v -4.207757 2.388776 -5.531024
v -4.213433 2.395040 -5.529270
v -4.220853 1.318804 -5.656158
v -4.237176 1.301691 -5.655489
v -4.229014 1.316511 -5.655824
v -4.234989 1.310247 -5.655580
v -4.215511 1.301691 -5.528628
v -4.200003 1.318804 -5.533422
v -4.213433 1.310247 -5.529270
v -4.207757 1.316511 -5.531024
v -4.237176 1.210645 -5.655489
v -4.220853 1.193532 -5.656158
v -4.234989 1.202088 -5.655580
v -4.229014 1.195824 -5.655824
v -4.200003 1.193532 -5.533422
v -4.215511 1.210645 -5.528628
v -4.207757 1.195824 -5.531024
v -4.213433 1.202088 -5.529270
v -4.220853 0.101389 -5.656158
v -4.237176 0.084276 -5.655489
v -4.229014 0.099096 -5.655824
v -4.234989 0.092833 -5.655580
v -4.215511 0.084276 -5.528628
v -4.200003 0.101389 -5.533422
v -4.213433 0.092833 -5.529270
v -4.207757 0.099096 -5.531025
v -4.094071 0.101389 -5.303839
v -4.112638 0.084276 -5.295906
v -4.103355 0.099096 -5.299872
v -4.110151 0.092833 -5.296968
v -4.071974 0.084276 -5.225806
v -4.056126 0.101389 -5.238143
v -4.069850 0.092833 -5.227459
v -4.064050 0.099096 -5.231975
v -3.868362 2.386483 -6.172740
v -3.880721 2.403596 -6.188707
v -3.874542 2.388775 -6.180723
v -3.879065 2.395039 -6.186568
v -3.811081 2.403596 -6.230153
v -3.803240 2.386483 -6.211663
v -3.810030 2.395039 -6.227675
v -3.807161 2.388775 -6.220908
v -4.056125 2.386483 -5.238143
v -4.071974 2.403596 -5.225806
v -4.064049 2.388775 -5.231975
v -4.069850 2.395039 -5.227459
v -4.112638 2.403596 -5.295905
v -4.094071 2.386483 -5.303839
v -4.110151 2.395039 -5.296968
v -4.103355 2.388775 -5.299872
v -4.094071 1.318804 -5.303839
v -4.112638 1.301691 -5.295906
v -4.103355 1.316511 -5.299872
v -4.110151 1.310247 -5.296968
v -4.071974 1.301691 -5.225806
v -4.056125 1.318804 -5.238143
v -4.069850 1.310247 -5.227459
v -4.064050 1.316511 -5.231975
v -4.056125 1.193531 -5.238143
v -4.071974 1.210645 -5.225806
v -4.064050 1.195824 -5.231975
v -4.069850 1.202088 -5.227459
v -4.112638 1.210645 -5.295906
v -4.094071 1.193531 -5.303839
v -4.110151 1.202088 -5.296968
v -4.103355 1.195824 -5.299872
v -3.803241 0.101389 -6.211663
v -3.811081 0.084276 -6.230153
v -3.807161 0.099096 -6.220908
v -3.810031 0.092833 -6.227676
v -3.880721 0.084276 -6.188707
v -3.868362 0.101389 -6.172740
v -3.879066 0.092833 -6.186568
v -3.874542 0.099096 -6.180723
v -3.868362 1.193532 -6.172740
v -3.880721 1.210645 -6.188707
v -3.874542 1.195824 -6.180723
v -3.879065 1.202088 -6.186568
v -3.811081 1.210645 -6.230153
v -3.803241 1.193532 -6.211663
v -3.810030 1.202088 -6.227675
v -3.807161 1.195824 -6.220908
v -3.803240 1.318804 -6.211663
v -3.811081 1.301691 -6.230153
v -3.807161 1.316511 -6.220908
v -3.810030 1.310247 -6.227675
v -3.880721 1.301691 -6.188707
v -3.868362 1.318804 -6.172740
v -3.879065 1.310247 -6.186568
v -3.874542 1.316511 -6.180723
v -3.670388 -0.002184 -6.191696
v -3.664476 0.019196 -6.214455
v -3.643783 -0.002184 -6.209080
v -3.667432 0.000680 -6.203076
v -3.665268 0.008506 -6.211406
v -3.906761 0.019196 -6.127207
v -3.888540 -0.002184 -6.109999
v -3.904320 0.008506 -6.124901
v -3.897650 0.000680 -6.118603
v -4.105454 2.488449 -5.362303
v -4.081336 2.509829 -5.368424
v -4.102223 2.499139 -5.363123
v -4.093395 2.506965 -5.365364
v -3.930437 2.509829 -5.190598
v -3.936263 2.488449 -5.168169
v -3.933350 2.506965 -5.179384
v -3.935483 2.499139 -5.171174
v -3.936263 0.019196 -5.168169
v -3.930351 -0.002184 -5.190928
v -3.915570 -0.002184 -5.162794
v -3.935471 0.008506 -5.171218
v -3.933307 0.000680 -5.179548
v -3.664476 2.488449 -6.214455
v -3.670302 2.509829 -6.192025
v -3.665257 2.499139 -6.211450
v -3.667389 2.506965 -6.203240
v -4.081162 -0.002184 -5.368468
v -4.105455 0.019196 -5.362304
v -4.093308 0.000680 -5.365386
v -4.102200 0.008506 -5.363130
v -4.216207 -0.002184 -5.656349
v -4.237176 0.019196 -5.655489
v -4.226691 0.000680 -5.655920
v -4.234366 0.008506 -5.655605
v -4.223886 0.019196 -5.801326
v -4.203456 -0.002184 -5.796019
v -4.221148 0.008506 -5.800615
v -4.213671 0.000680 -5.798673
v -3.959644 -0.002184 -6.100292
v -3.969127 0.019196 -6.118891
v -3.964385 0.000680 -6.109591
v -3.967856 0.008506 -6.116398
v -3.888670 2.509829 -6.110122
v -3.906761 2.488449 -6.127207
v -3.897715 2.506965 -6.118664
v -3.904337 2.499139 -6.124918
v -4.146694 2.509829 -5.924283
v -4.164519 2.488449 -5.935194
v -4.155606 2.506965 -5.929738
v -4.162131 2.499139 -5.933731
v -4.223886 2.488449 -5.801326
v -4.203538 2.509829 -5.796041
v -4.221159 2.499139 -5.800618
v -4.213712 2.506965 -5.798683
v -4.138650 2.509829 -5.411488
v -4.155889 2.488449 -5.399921
v -4.147270 2.506965 -5.405704
v -4.153579 2.499139 -5.401471
v -4.146619 -0.002184 -5.924237
v -4.164519 0.019196 -5.935194
v -4.155569 0.000680 -5.929716
v -4.162121 0.008506 -5.933726
v -4.083851 0.019196 -6.035472
v -4.069394 -0.002184 -6.020344
v -4.081914 0.008506 -6.033446
v -4.076623 0.000680 -6.027908
v -3.959697 2.509829 -6.100396
v -3.969127 2.488449 -6.118890
v -3.964412 2.506965 -6.109643
v -3.967864 2.499139 -6.116412
v -4.083851 2.488449 -6.035472
v -4.069462 2.509829 -6.020415
v -4.081923 2.499139 -6.033456
v -4.076656 2.506965 -6.027945
v -4.138553 -0.002184 -5.411553
v -4.155889 0.019196 -5.399921
v -4.147221 0.000680 -5.405737
v -4.153566 0.008506 -5.401480
v -4.215511 0.019196 -5.528628
v -4.195519 -0.002184 -5.534808
v -4.212833 0.008506 -5.529456
v -4.205515 0.000680 -5.531718
v -4.216294 2.509829 -5.656346
v -4.237175 2.488449 -5.655489
v -4.226735 2.506965 -5.655918
v -4.234378 2.499139 -5.655604
v -4.215511 2.488449 -5.528628
v -4.195613 2.509829 -5.534779
v -4.212845 2.499139 -5.529452
v -4.205562 2.506965 -5.531703
v -3.830395 2.509829 -5.164742
v -3.836253 2.488449 -5.142190
v -3.833324 2.506965 -5.153465
v -3.835468 2.499139 -5.145211
v -3.564466 2.488449 -6.188476
v -3.570324 2.509829 -6.165925
v -3.565251 2.499139 -6.185454
v -3.567395 2.506965 -6.177200
v -3.885902 2.509829 -5.179021
v -3.891726 2.488449 -5.156600
v -3.888814 2.506965 -5.167811
v -3.890946 2.499139 -5.159604
v -3.619939 2.488449 -6.202886
v -3.625763 2.509829 -6.180464
v -3.620719 2.499139 -6.199882
v -3.622851 2.506965 -6.191675
v -3.860356 -0.002184 -6.176986
v -3.880721 0.019196 -6.188707
v -3.870539 0.000680 -6.182847
v -3.877993 0.008506 -6.187137
v -3.811081 0.019196 -6.230153
v -3.810772 -0.002184 -6.206652
v -3.811040 0.008506 -6.227005
v -3.810927 0.000680 -6.218402
v -4.060266 -0.002184 -5.246185
v -4.071974 0.019196 -5.225806
v -4.066120 0.000680 -5.235996
v -4.070405 0.008506 -5.228537
v -4.112638 0.019196 -5.295906
v -4.089144 -0.002184 -5.296233
v -4.109491 0.008506 -5.295949
v -4.100891 0.000680 -5.296070
v -3.810776 2.509829 -6.206923
v -3.811081 2.488449 -6.230153
v -3.810928 2.506965 -6.218538
v -3.811040 2.499139 -6.227041
v -3.880721 2.488449 -6.188707
v -3.860533 2.509829 -6.177088
v -3.878016 2.499139 -6.187150
v -3.870627 2.506965 -6.182898
v -4.089348 2.509829 -5.296230
v -4.112638 2.488449 -5.295905
v -4.100993 2.506965 -5.296068
v -4.109518 2.499139 -5.295949
v -4.071974 2.488449 -5.225806
v -4.060401 2.509829 -5.245951
v -4.070423 2.499139 -5.228505
v -4.066187 2.506965 -5.235878
v -4.110074 2.386483 -5.811985
v -4.129650 2.386483 -5.736624
v -4.164438 2.386483 -5.785884
v -4.122497 2.386483 -5.774989
v -4.129650 1.318804 -5.736624
v -4.110074 1.318804 -5.811985
v -4.164438 1.318804 -5.785884
v -4.122498 1.318804 -5.774989
v -4.110074 1.193532 -5.811985
v -4.129650 1.193532 -5.736624
v -4.164438 1.193532 -5.785884
v -4.122498 1.193532 -5.774989
v -4.129651 0.101389 -5.736624
v -4.110074 0.101389 -5.811985
v -4.164438 0.101389 -5.785884
v -4.122498 0.101389 -5.774989
v -3.982277 2.386483 -5.985837
v -4.038878 2.386483 -5.931751
v -4.041418 2.386483 -5.991067
v -4.012053 2.386483 -5.960338
v -4.038878 1.318804 -5.931751
v -3.982277 1.318804 -5.985837
v -4.041418 1.318804 -5.991067
v -4.012053 1.318804 -5.960338
v -3.982277 1.193532 -5.985837
v -4.038878 1.193532 -5.931751
v -4.041418 1.193532 -5.991067
v -4.012053 1.193532 -5.960338
v -4.038878 0.101389 -5.931751
v -3.982277 0.101389 -5.985837
v -4.041418 0.101389 -5.991067
v -4.012053 0.101389 -5.960338
v -4.125743 2.386483 -5.597350
v -4.102622 2.386483 -5.522553
v -4.156830 2.386483 -5.546767
v -4.116223 2.386483 -5.559321
v -4.102622 1.318804 -5.522553
v -4.125743 1.318804 -5.597350
v -4.156831 1.318804 -5.546768
v -4.116223 1.318804 -5.559321
v -4.125743 1.193532 -5.597350
v -4.102622 1.193532 -5.522553
v -4.156831 1.193532 -5.546768
v -4.116223 1.193532 -5.559321
v -4.102622 0.101389 -5.522553
v -4.125743 0.101389 -5.597350
v -4.156831 0.101389 -5.546768
v -4.116223 0.101389 -5.559321
v -4.132931 2.386483 -5.698956
v -4.129724 2.386483 -5.620701
v -4.175807 2.386483 -5.658005
v -4.133411 2.386483 -5.659743
v -4.129724 1.318804 -5.620701
v -4.132931 1.318804 -5.698956
v -4.175807 1.318804 -5.658005
v -4.133411 1.318804 -5.659743
v -4.132931 1.193532 -5.698956
v -4.129724 1.193532 -5.620701
v -4.175807 1.193532 -5.658005
v -4.133411 1.193532 -5.659743
v -4.129724 0.101389 -5.620701
v -4.132932 0.101389 -5.698956
v -4.175807 0.101389 -5.658005
v -4.133411 0.101389 -5.659743
v -4.053720 2.386483 -5.913288
v -4.094608 2.386483 -5.846488
v -4.112133 2.386483 -5.903128
v -4.075943 2.386483 -5.880977
v -4.094608 1.318804 -5.846488
v -4.053720 1.318804 -5.913288
v -4.112133 1.318804 -5.903128
v -4.075943 1.318804 -5.880977
v -4.053720 1.193532 -5.913288
v -4.094608 1.193532 -5.846488
v -4.112133 1.193532 -5.903128
v -4.075943 1.193532 -5.880977
v -4.094608 0.101389 -5.846488
v -4.053720 0.101389 -5.913288
v -4.112133 0.101389 -5.903128
v -4.075943 0.101389 -5.880977
v -3.885708 2.386483 -6.041094
v -3.955155 2.386483 -6.005683
v -3.941227 2.386483 -6.064172
v -3.921616 2.386483 -6.025712
v -3.955155 1.318804 -6.005683
v -3.885708 1.318804 -6.041094
v -3.941227 1.318804 -6.064172
v -3.921616 1.318804 -6.025712
v -3.885708 1.193532 -6.041094
v -3.955155 1.193532 -6.005683
v -3.941227 1.193532 -6.064172
v -3.921616 1.193532 -6.025712
v -3.955155 0.101389 -6.005683
v -3.885708 0.101389 -6.041094
v -3.941227 0.101389 -6.064172
v -3.921617 0.101389 -6.025712
v -4.088587 2.386483 -5.492017
v -4.045153 2.386483 -5.427284
v -4.104886 2.386483 -5.434143
v -4.069036 2.386483 -5.458197
v -4.045153 1.318804 -5.427284
v -4.088587 1.318804 -5.492017
v -4.104886 1.318804 -5.434143
v -4.069036 1.318804 -5.458197
v -4.088587 1.193532 -5.492017
v -4.045153 1.193531 -5.427284
v -4.104886 1.193532 -5.434143
v -4.069036 1.193531 -5.458197
v -4.045154 0.101389 -5.427284
v -4.088587 0.101389 -5.492017
v -4.104886 0.101389 -5.434143
v -4.069036 0.101389 -5.458197
v -3.879110 1.852643 -5.257574
v -3.658060 1.852643 -6.108537
v -4.007651 1.852643 -5.387121
v -3.833400 1.852643 -6.057928
v -3.823144 1.852643 -5.192656
v -3.633049 1.852643 -6.152420
v -3.878617 1.852643 -5.207066
v -3.819854 1.852643 -6.110074
v -3.772070 1.852643 -6.138153
v -3.993119 1.852643 -5.287189
v -4.110074 1.852643 -5.811985
v -4.122498 1.852643 -5.774989
v -4.129650 1.852643 -5.736624
v -3.982277 1.852643 -5.985837
v -4.012053 1.852643 -5.960338
v -4.038878 1.852643 -5.931751
v -4.125743 1.852643 -5.597350
v -4.116223 1.852643 -5.559321
v -4.102622 1.852643 -5.522553
v -4.132931 1.852643 -5.698956
v -4.133411 1.852643 -5.659743
v -4.129724 1.852643 -5.620701
v -4.053720 1.852643 -5.913288
v -4.075943 1.852643 -5.880977
v -4.094608 1.852643 -5.846488
v -3.885708 1.852643 -6.041094
v -3.921616 1.852643 -6.025712
v -3.955155 1.852643 -6.005683
v -4.088587 1.852643 -5.492017
v -4.069036 1.852643 -5.458197
v -4.045153 1.852643 -5.427284
v -3.658060 2.119563 -6.108537
v -3.577575 2.119563 -6.138011
v -3.633049 2.119563 -6.152420
v -3.819854 2.119563 -6.110074
v -4.122497 2.119563 -5.774989
v -4.129650 2.119563 -5.736624
v -4.012053 2.119563 -5.960338
v -4.038878 2.119563 -5.931751
v -4.116223 2.119563 -5.559321
v -4.102622 2.119563 -5.522553
v -4.133411 2.119563 -5.659743
v -4.129724 2.119563 -5.620701
v -4.075943 2.119563 -5.880977
v -4.094608 2.119563 -5.846488
v -3.921616 2.119563 -6.025712
v -3.955155 2.119563 -6.005683
v -4.069036 2.119563 -5.458197
v -4.045153 2.119563 -5.427284
v -3.879110 2.119563 -5.257574
v -4.007651 2.119563 -5.387121
v -3.833400 2.119563 -6.057928
v -3.823144 2.119563 -5.192656
v -3.878617 2.119563 -5.207066
v -4.021197 2.119563 -5.334974
v -4.110074 2.119563 -5.811985
v -3.982277 2.119563 -5.985837
v -4.125743 2.119563 -5.597350
v -4.132931 2.119563 -5.698956
v -4.053720 2.119563 -5.913288
v -3.885708 2.119563 -6.041094
v -4.088587 2.119563 -5.492017
v -3.879110 1.585724 -5.257574
v -4.007651 1.585724 -5.387121
v -3.833400 1.585724 -6.057928
v -3.823144 1.585724 -5.192656
v -3.878617 1.585724 -5.207066
v -3.772070 1.585724 -6.138153
v -4.110074 1.585724 -5.811985
v -3.982277 1.585724 -5.985837
v -4.125743 1.585724 -5.597350
v -4.132931 1.585724 -5.698956
v -4.053720 1.585724 -5.913288
v -3.885708 1.585724 -6.041094
v -4.088587 1.585724 -5.492017
v -3.658060 1.585724 -6.108537
v -3.577575 1.585724 -6.138011
v -3.633049 1.585724 -6.152420
v -3.819854 1.585724 -6.110074
v -3.993119 1.585724 -5.287189
v -4.122497 1.585724 -5.774989
v -4.129650 1.585724 -5.736624
v -4.012053 1.585724 -5.960338
v -4.038878 1.585724 -5.931751
v -4.116223 1.585724 -5.559321
v -4.102622 1.585724 -5.522553
v -4.133411 1.585724 -5.659743
v -4.129724 1.585724 -5.620701
v -4.075943 1.585724 -5.880977
v -4.094608 1.585724 -5.846488
v -3.921617 1.585724 -6.025712
v -3.955155 1.585724 -6.005683
v -4.069036 1.585724 -5.458197
v -4.045153 1.585724 -5.427284
v -3.879110 0.920496 -5.257574
v -3.879110 0.647460 -5.257574
v -3.879110 0.374425 -5.257574
v -3.658060 0.374425 -6.108537
v -3.658061 0.647460 -6.108537
v -3.658060 0.920496 -6.108537
v -4.007651 0.920496 -5.387121
v -4.007651 0.647460 -5.387121
v -4.007651 0.374425 -5.387121
v -3.833400 0.920496 -6.057928
v -3.833400 0.647460 -6.057928
v -3.833400 0.374425 -6.057928
v -3.577575 0.374425 -6.138011
v -3.577575 0.647460 -6.138011
v -3.577575 0.920496 -6.138011
v -3.823144 0.920496 -5.192656
v -3.823144 0.647460 -5.192656
v -3.823144 0.374425 -5.192656
v -3.633049 0.374425 -6.152420
v -3.633049 0.920496 -6.152420
v -3.878617 0.647460 -5.207066
v -4.021197 0.647460 -5.334974
v -4.021197 0.374425 -5.334974
v -3.993119 0.374425 -5.287189
v -3.993119 0.647460 -5.287189
v -3.993119 0.920496 -5.287189
v -3.819854 0.647460 -6.110074
v -3.819854 0.920496 -6.110074
v -3.772070 0.374425 -6.138153
v -4.110074 0.920496 -5.811985
v -4.110074 0.647460 -5.811985
v -4.110074 0.374425 -5.811985
v -4.122498 0.374425 -5.774989
v -4.122498 0.647460 -5.774989
v -4.122498 0.920496 -5.774989
v -4.129650 0.374425 -5.736624
v -4.129650 0.647460 -5.736624
v -4.129650 0.920496 -5.736624
v -3.982277 0.920496 -5.985837
v -3.982277 0.647460 -5.985837
v -3.982277 0.374425 -5.985837
v -4.012053 0.374425 -5.960338
v -4.012053 0.647460 -5.960338
v -4.012053 0.920496 -5.960338
v -4.038878 0.374425 -5.931751
v -4.038878 0.647460 -5.931751
v -4.038878 0.920496 -5.931751
v -4.125743 0.920496 -5.597350
v -4.125743 0.647460 -5.597350
v -4.125743 0.374425 -5.597350
v -4.116223 0.374425 -5.559321
v -4.116223 0.647460 -5.559321
v -4.116223 0.920496 -5.559321
v -4.102622 0.374425 -5.522553
v -4.102622 0.647460 -5.522553
v -4.102622 0.920496 -5.522553
v -4.132932 0.920496 -5.698956
v -4.132931 0.647460 -5.698956
v -4.132932 0.374425 -5.698956
v -4.133411 0.374425 -5.659743
v -4.133411 0.647460 -5.659743
v -4.133411 0.920496 -5.659743
v -4.129724 0.374425 -5.620701
v -4.129724 0.647460 -5.620701
v -4.129724 0.920496 -5.620701
v -4.053720 0.920496 -5.913288
v -4.053720 0.647460 -5.913288
v -4.053720 0.374425 -5.913288
v -4.075943 0.374425 -5.880977
v -4.075943 0.647460 -5.880977
v -4.075943 0.920496 -5.880977
v -4.094608 0.374425 -5.846488
v -4.094608 0.647460 -5.846488
v -4.094608 0.920496 -5.846488
v -3.885708 0.920496 -6.041094
v -3.885708 0.647460 -6.041094
v -3.885708 0.374425 -6.041094
v -3.921617 0.374425 -6.025712
v -3.921617 0.647460 -6.025712
v -3.921616 0.920496 -6.025712
v -3.955155 0.374425 -6.005683
v -3.955155 0.647460 -6.005683
v -3.955155 0.920496 -6.005683
v -4.088587 0.920496 -5.492017
v -4.088587 0.647460 -5.492017
v -4.088587 0.374425 -5.492017
v -4.069036 0.374425 -5.458197
v -4.069036 0.647460 -5.458197
v -4.069036 0.920496 -5.458197
v -4.045154 0.374425 -5.427284
v -4.045154 0.647460 -5.427284
v -4.045153 0.920496 -5.427284
v -3.577575 1.829167 -6.138011
v -3.600297 1.852643 -6.143912
v -3.577575 1.876119 -6.138011
v -4.021197 1.876119 -5.334974
v -4.015295 1.852643 -5.357696
v -4.021197 1.829167 -5.334974
v -4.009304 1.852643 -5.314734
v -3.993119 2.143039 -5.287189
v -4.005012 2.119563 -5.307430
v -3.993119 2.096087 -5.287189
v -3.970397 2.119563 -5.281287
v -3.792310 2.119563 -6.126259
v -3.772070 2.143039 -6.138153
v -3.749348 2.119563 -6.132250
v -3.772070 2.096087 -6.138153
v -4.009304 1.585724 -5.314734
v -4.021197 1.609200 -5.334974
v -4.015295 1.585724 -5.357696
v -4.021197 1.562248 -5.334974
v -3.644673 0.647460 -6.132024
v -3.633049 0.670936 -6.152420
v -3.610327 0.647460 -6.146517
v -3.633049 0.623984 -6.152420
v -3.878846 0.920496 -5.230541
v -3.878617 0.897020 -5.207066
v -3.855895 0.920496 -5.201163
v -3.878617 0.943972 -5.207066
v -3.878617 0.350949 -5.207066
v -3.855895 0.374425 -5.201164
v -3.878617 0.397901 -5.207066
v -3.878846 0.374425 -5.230541
v -4.021197 0.943972 -5.334974
v -4.015295 0.920496 -5.357696
v -4.021197 0.897020 -5.334974
v -4.009304 0.920496 -5.314734
v -3.819854 0.350949 -6.110074
v -3.825757 0.374425 -6.087352
v -3.819854 0.397901 -6.110074
v -3.799614 0.374425 -6.121968
v -3.772070 0.943972 -6.138153
v -3.749348 0.920496 -6.132250
v -3.772070 0.897020 -6.138153
v -3.792310 0.920496 -6.126259
v -3.772070 0.670936 -6.138153
v -3.749348 0.647460 -6.132250
v -3.772070 0.623984 -6.138153
v -3.792310 0.647460 -6.126259
v -4.126048 1.965749 -5.824324
v -4.110513 1.928928 -5.857695
v -4.126508 1.892040 -5.823298
v -4.087984 1.892040 -5.813291
v -4.071988 1.928928 -5.847688
v -4.087524 1.965749 -5.814317
v -4.148447 1.892040 -5.744123
v -4.151973 1.929003 -5.706488
v -4.148651 1.965749 -5.743031
v -4.110126 1.965749 -5.733024
v -4.113449 1.929003 -5.696481
v -4.109923 1.892040 -5.734116
v -4.118382 1.956946 -5.841425
v -4.092422 1.929913 -5.890027
v -4.118382 1.903075 -5.841425
v -4.079858 1.903075 -5.831419
v -4.053897 1.929913 -5.880020
v -4.079858 1.956946 -5.831419
v -4.150414 1.903075 -5.724396
v -4.152614 1.929913 -5.669623
v -4.150414 1.956946 -5.724396
v -4.111889 1.956946 -5.714388
v -4.114089 1.929913 -5.659616
v -4.111889 1.903075 -5.714388
v -4.042726 1.958022 -5.953181
v -4.042726 1.928928 -5.953181
v -4.042726 1.899835 -5.953181
v -4.004201 1.899835 -5.943175
v -4.004201 1.928928 -5.943175
v -4.004201 1.958022 -5.943175
v -4.142122 1.899835 -5.590834
v -4.142122 1.928928 -5.590834
v -4.142122 1.958022 -5.590834
v -4.103598 1.958022 -5.580827
v -4.103598 1.928928 -5.580827
v -4.103598 1.899835 -5.580827
v -4.002945 1.963729 -5.989637
v -3.996550 1.928903 -5.994493
v -4.002945 1.894077 -5.989637
v -3.964421 1.894077 -5.979630
v -3.958025 1.928903 -5.984485
v -3.964421 1.963729 -5.979630
v -4.126480 1.894077 -5.539982
v -4.123813 1.928903 -5.532773
v -4.126480 1.963729 -5.539982
v -4.087956 1.963729 -5.529974
v -4.085289 1.928903 -5.522766
v -4.087956 1.894077 -5.529974
v -4.149600 1.957420 -5.733731
v -4.152388 1.929420 -5.688080
v -4.149551 1.901559 -5.734291
v -4.111027 1.901559 -5.724284
v -4.113863 1.929420 -5.678073
v -4.111076 1.957421 -5.723724
v -4.122445 1.901559 -5.832362
v -4.101727 1.929420 -5.873929
v -4.122215 1.957421 -5.832875
v -4.083691 1.957420 -5.822867
v -4.063203 1.929420 -5.863921
v -4.083920 1.901559 -5.822355
v -4.143728 2.002604 -5.769435
v -4.140267 2.002604 -5.784436
v -4.135357 2.002604 -5.799058
v -4.096833 2.002604 -5.789051
v -4.101743 2.002604 -5.774428
v -4.105204 2.002604 -5.759428
v -4.135612 1.855186 -5.798300
v -4.140267 1.855186 -5.784436
v -4.143581 1.855186 -5.770222
v -4.105057 1.855186 -5.760214
v -4.101743 1.855186 -5.774428
v -4.097088 1.855186 -5.788292
v -4.145866 2.113983 -5.757967
v -4.140267 2.113983 -5.784436
v -4.131643 2.113983 -5.810118
v -4.093119 2.113983 -5.800111
v -4.101743 2.113983 -5.774428
v -4.107342 2.113983 -5.747960
v -4.147817 2.168690 -5.747502
v -4.140267 2.171805 -5.784436
v -4.127930 2.168690 -5.820125
v -4.089406 2.168690 -5.810118
v -4.101743 2.171805 -5.774428
v -4.109293 2.168690 -5.737495
v -4.133771 1.711338 -5.803782
v -4.140267 1.711338 -5.784436
v -4.144641 1.711338 -5.764538
v -4.106116 1.711338 -5.754531
v -4.101743 1.711338 -5.774428
v -4.095247 1.711338 -5.793775
v -4.131278 1.654971 -5.811206
v -4.140267 1.654971 -5.784436
v -4.146076 1.654971 -5.756839
v -4.107552 1.654971 -5.746832
v -4.101743 1.654971 -5.774428
v -4.092754 1.654971 -5.801199
v -4.125589 1.600607 -5.825349
v -4.140267 1.596384 -5.784436
v -4.148854 1.600607 -5.741941
v -4.110330 1.600607 -5.731933
v -4.101743 1.596384 -5.774428
v -4.087065 1.600607 -5.815341
v -4.135255 2.035710 -5.799363
v -4.140267 2.035710 -5.784436
v -4.143786 2.035710 -5.769120
v -4.105262 2.035711 -5.759112
v -4.101743 2.035711 -5.774428
v -4.096731 2.035711 -5.789356
v -4.104981 2.019157 -5.760618
v -4.101743 2.019157 -5.774428
v -4.097218 2.019157 -5.787903
v -4.135743 2.019157 -5.797911
v -4.140267 2.019157 -5.784436
v -4.143506 2.019157 -5.770626
v -4.095013 1.965749 -5.794471
v -4.101743 1.965749 -5.774428
v -4.106251 1.965749 -5.753808
v -4.088764 1.928895 -5.811552
v -4.109577 1.928895 -5.735970
v -4.095190 1.892040 -5.793944
v -4.101743 1.892040 -5.774428
v -4.106150 1.892040 -5.754354
v -4.146475 1.976743 -5.757757
v -4.140622 1.976743 -5.784528
v -4.131885 1.976743 -5.810549
v -4.150793 1.928895 -5.734596
v -4.123771 1.928895 -5.832725
v -4.146343 1.881046 -5.758465
v -4.140622 1.881046 -5.784528
v -4.132114 1.881046 -5.809865
v -4.095263 1.928895 -5.793726
v -4.101743 1.906261 -5.774428
v -4.106107 1.928895 -5.754582
v -4.101743 1.951528 -5.774428
v -4.101743 1.959480 -5.774428
v -4.092987 1.928895 -5.800506
v -4.101743 1.898309 -5.774428
v -4.107418 1.928895 -5.747551
v -4.101743 1.959480 -5.774428
v -4.092987 1.928895 -5.800506
v -4.101743 1.898309 -5.774428
v -4.107418 1.928895 -5.747551
v -4.101743 1.951528 -5.774428
v -4.095263 1.928895 -5.793726
v -4.101743 1.906261 -5.774428
v -4.106107 1.928895 -5.754582
v -4.098892 1.928895 -5.782919
v -4.101743 1.918936 -5.774428
v -4.104018 1.928895 -5.765788
v -4.101743 1.938853 -5.774428
v -4.131540 1.863397 -5.810426
v -4.130956 1.860793 -5.812165
v -4.131127 1.861556 -5.811656
v -4.093020 1.863374 -5.800406
v -4.092432 1.860793 -5.802157
v -4.092604 1.861549 -5.801644
v -4.130742 1.998382 -5.812801
v -4.130447 2.002604 -5.813682
v -4.130533 2.001367 -5.813424
v -4.091922 2.002604 -5.803674
v -4.092218 1.998382 -5.802794
v -4.092009 2.001367 -5.803417
v -4.145926 1.863397 -5.757647
v -4.146262 1.860793 -5.755844
v -4.146163 1.861556 -5.756372
v -4.107738 1.860793 -5.745837
v -4.107399 1.863374 -5.747653
v -4.107638 1.861549 -5.746369
v -4.146385 1.998382 -5.755183
v -4.146555 2.002604 -5.754271
v -4.146505 2.001367 -5.754539
v -4.108031 2.002604 -5.744264
v -4.107861 1.998382 -5.745176
v -4.107981 2.001367 -5.744531
v -4.082600 2.113983 -5.825301
v -4.084494 2.113983 -5.821076
v -4.083155 2.113983 -5.824064
v -4.123018 2.113983 -5.831083
v -4.121124 2.113983 -5.835309
v -4.121679 2.113983 -5.834071
v -4.149430 2.113983 -5.735687
v -4.149831 2.113983 -5.731075
v -4.149714 2.113983 -5.732426
v -4.111307 2.113983 -5.721068
v -4.110906 2.113983 -5.725680
v -4.111190 2.113983 -5.722419
v -4.118382 1.978578 -5.841425
v -4.118382 1.983881 -5.841425
v -4.118382 1.982328 -5.841425
v -4.118382 1.881463 -5.841425
v -4.118382 1.876140 -5.841425
v -4.118382 1.877699 -5.841425
v -4.079858 1.881465 -5.831419
v -4.079858 1.876140 -5.831419
v -4.079858 1.877700 -5.831419
v -4.079858 1.978578 -5.831419
v -4.079858 1.983881 -5.831419
v -4.079858 1.982328 -5.831419
v -4.111889 1.983881 -5.714388
v -4.111889 1.978578 -5.714388
v -4.111889 1.982328 -5.714388
v -4.150414 1.978578 -5.724396
v -4.150414 1.983881 -5.724396
v -4.150414 1.982328 -5.724396
v -4.150414 1.881463 -5.724396
v -4.150414 1.876140 -5.724396
v -4.150414 1.877699 -5.724396
v -4.111889 1.876140 -5.714388
v -4.111889 1.881465 -5.714388
v -4.111889 1.877700 -5.714388
v -4.042726 1.975136 -5.953181
v -4.042726 1.979749 -5.953181
v -4.042726 1.978398 -5.953181
v -4.042726 1.878108 -5.953181
v -4.042726 1.882735 -5.953181
v -4.042726 1.879463 -5.953181
v -4.004201 1.882737 -5.943175
v -4.004201 1.878108 -5.943175
v -4.004201 1.879464 -5.943175
v -4.004201 1.979749 -5.943175
v -4.004201 1.975136 -5.943175
v -4.004201 1.978398 -5.943175
v -4.103598 1.975136 -5.580827
v -4.103598 1.979749 -5.580827
v -4.103598 1.978398 -5.580827
v -4.142122 1.979749 -5.590834
v -4.142122 1.975136 -5.590834
v -4.142122 1.978398 -5.590834
v -4.142122 1.882735 -5.590834
v -4.142122 1.878108 -5.590834
v -4.142122 1.879463 -5.590834
v -4.103598 1.878108 -5.580827
v -4.103598 1.882737 -5.580827
v -4.103598 1.879464 -5.580827
v -4.013287 1.990756 -5.980781
v -4.015229 1.995834 -5.979117
v -4.014660 1.994346 -5.979605
v -4.015229 1.861972 -5.979117
v -4.013281 1.867064 -5.980786
v -4.014658 1.863464 -5.979607
v -3.974756 1.867067 -5.970779
v -3.976705 1.861972 -5.969111
v -3.976134 1.863464 -5.969599
v -3.976705 1.995834 -5.969111
v -3.974762 1.990756 -5.970774
v -3.976136 1.994346 -5.969598
v -4.092680 1.990756 -5.542744
v -4.093567 1.995834 -5.545143
v -4.093307 1.994346 -5.544440
v -4.132092 1.995834 -5.555150
v -4.131204 1.990756 -5.552751
v -4.131831 1.994346 -5.554447
v -4.131201 1.867064 -5.552744
v -4.132092 1.861972 -5.555150
v -4.131831 1.863464 -5.554445
v -4.093567 1.861972 -5.545143
v -4.092677 1.867067 -5.542736
v -4.093307 1.863464 -5.544437
v -4.075821 2.158301 -5.840424
v -4.073506 2.156748 -5.844882
v -4.074210 2.157203 -5.843583
v -4.112031 2.156748 -5.854890
v -4.114346 2.158301 -5.850430
v -4.112734 2.157203 -5.853590
v -4.151270 2.158301 -5.714565
v -4.151700 2.156748 -5.709618
v -4.151574 2.157203 -5.711066
v -4.113176 2.156748 -5.699610
v -4.112745 2.158301 -5.704558
v -4.113050 2.157203 -5.701059
v -4.128242 1.711338 -5.819430
v -4.126657 1.711338 -5.822967
v -4.127121 1.711338 -5.821931
v -4.088132 1.711338 -5.812960
v -4.089719 1.711338 -5.809419
v -4.088597 1.711338 -5.811923
v -4.109154 1.711338 -5.738240
v -4.109857 1.711338 -5.734469
v -4.109651 1.711338 -5.735574
v -4.148381 1.711338 -5.744476
v -4.147679 1.711338 -5.748243
v -4.148175 1.711338 -5.745580
v -4.122010 1.654971 -5.833333
v -4.120174 1.654971 -5.837427
v -4.120712 1.654971 -5.836228
v -4.081650 1.654971 -5.827420
v -4.083488 1.654971 -5.823321
v -4.082189 1.654971 -5.826219
v -4.111119 1.654971 -5.723229
v -4.111509 1.654971 -5.718755
v -4.111394 1.654971 -5.720066
v -4.150033 1.654971 -5.728762
v -4.149644 1.654971 -5.733232
v -4.149919 1.654971 -5.730071
v -4.112427 1.613155 -5.854158
v -4.110080 1.615081 -5.858495
v -4.110767 1.614517 -5.857224
v -4.071556 1.615081 -5.848488
v -4.073906 1.613153 -5.844145
v -4.072244 1.614516 -5.847216
v -4.113105 1.613153 -5.700433
v -4.113527 1.615081 -5.695589
v -4.113403 1.614516 -5.697008
v -4.152051 1.615081 -5.705596
v -4.151629 1.613155 -5.710433
v -4.151927 1.614517 -5.707013
v -4.107545 2.035711 -5.746868
v -4.108149 2.035711 -5.743632
v -4.107972 2.035711 -5.744580
v -4.091718 2.035711 -5.804284
v -4.092766 2.035711 -5.801163
v -4.092025 2.035711 -5.803370
v -4.131290 2.035710 -5.811171
v -4.130242 2.035710 -5.814291
v -4.130549 2.035710 -5.813377
v -4.146673 2.035710 -5.753639
v -4.146070 2.035710 -5.756876
v -4.146496 2.035710 -5.754587
v -4.081389 2.176492 -5.828003
v -4.081992 2.182086 -5.826658
v -4.081815 2.180448 -5.827052
v -4.119913 2.176492 -5.838010
v -4.120516 2.182086 -5.836665
v -4.120339 2.180448 -5.837059
v -4.150088 2.176492 -5.728126
v -4.149961 2.182086 -5.729594
v -4.149998 2.180448 -5.729164
v -4.111564 2.176492 -5.718119
v -4.111436 2.182086 -5.719587
v -4.111474 2.180448 -5.719157
v -4.008062 1.986129 -5.985255
v -4.003557 1.985744 -5.989113
v -4.004877 1.985856 -5.987983
v -4.008055 1.871693 -5.985261
v -4.003557 1.872062 -5.989113
v -4.004874 1.871954 -5.987985
v -3.969530 1.871695 -5.975255
v -3.965033 1.872062 -5.979105
v -3.966350 1.871955 -5.977978
v -3.969538 1.986129 -5.975248
v -3.965033 1.985744 -5.979105
v -3.966352 1.985856 -5.977975
v -4.090293 1.986129 -5.536293
v -4.088235 1.985744 -5.530730
v -4.088838 1.985856 -5.532360
v -4.128818 1.986129 -5.546300
v -4.126760 1.985744 -5.540737
v -4.127362 1.985856 -5.542367
v -4.128814 1.871693 -5.546291
v -4.126760 1.872062 -5.540737
v -4.127361 1.871954 -5.542364
v -4.090290 1.871695 -5.536283
v -4.088235 1.872062 -5.530730
v -4.088837 1.871955 -5.532356
v -4.114811 1.604798 -5.849393
v -4.114386 1.600486 -5.850342
v -4.114510 1.601749 -5.850063
v -4.076238 1.605013 -5.839494
v -4.075861 1.600486 -5.840334
v -4.075972 1.601812 -5.840088
v -4.112657 1.605013 -5.705573
v -4.112737 1.600486 -5.704656
v -4.112713 1.601812 -5.704924
v -4.151171 1.604798 -5.715699
v -4.151261 1.600486 -5.714663
v -4.151235 1.601749 -5.714966
v -4.093573 2.019157 -5.798759
v -4.092693 2.019157 -5.801379
v -4.092951 2.019157 -5.800612
v -4.131217 2.019157 -5.811387
v -4.132097 2.019157 -5.808766
v -4.131475 2.019157 -5.810619
v -4.107080 2.019157 -5.749361
v -4.107587 2.019157 -5.746644
v -4.107439 2.019157 -5.747440
v -4.146111 2.019157 -5.756651
v -4.145605 2.019157 -5.759368
v -4.145963 2.019157 -5.757447
v -4.111008 1.878932 -5.724510
v -4.111003 1.873628 -5.724563
v -4.111004 1.875181 -5.724548
v -4.111096 1.980098 -5.723496
v -4.111100 1.985351 -5.723444
v -4.111099 1.983813 -5.723459
v -4.149625 1.985351 -5.733451
v -4.149620 1.980098 -5.733504
v -4.149623 1.983813 -5.733466
v -4.149527 1.873628 -5.734571
v -4.149532 1.878928 -5.734518
v -4.149529 1.875180 -5.734555
v -4.122100 1.985351 -5.833131
v -4.122122 1.980098 -5.833083
v -4.122107 1.983813 -5.833117
v -4.083576 1.985351 -5.823124
v -4.083598 1.980098 -5.823076
v -4.083582 1.983813 -5.823110
v -4.084036 1.873628 -5.822098
v -4.084014 1.878932 -5.822147
v -4.084029 1.875181 -5.822113
v -4.122560 1.873628 -5.832105
v -4.122538 1.878928 -5.832154
v -4.122553 1.875180 -5.832120
v -3.995535 1.960241 -5.995234
v -3.989189 1.957323 -5.999877
v -3.991048 1.958178 -5.998518
v -3.987852 1.928903 -6.000856
v -3.982240 1.928903 -6.004963
v -3.983884 1.928903 -6.003760
v -3.989189 1.900483 -5.999877
v -3.995535 1.897565 -5.995234
v -3.991048 1.899628 -5.998518
v -3.957011 1.897565 -5.985228
v -3.950665 1.900483 -5.989871
v -3.952524 1.899628 -5.988510
v -3.949328 1.928903 -5.990849
v -3.943716 1.928903 -5.994956
v -3.945360 1.928903 -5.993752
v -3.950665 1.957323 -5.989871
v -3.957011 1.960241 -5.985228
v -3.952524 1.958178 -5.988510
v -4.123402 1.897565 -5.531660
v -4.120536 1.900483 -5.524624
v -4.121498 1.899628 -5.526717
v -4.119844 1.928903 -5.523118
v -4.116940 1.928903 -5.516800
v -4.117790 1.928903 -5.518651
v -4.120536 1.957323 -5.524624
v -4.123402 1.960241 -5.531660
v -4.121498 1.958178 -5.526717
v -4.084877 1.960241 -5.521653
v -4.082011 1.957323 -5.514617
v -4.082973 1.958178 -5.516709
v -4.081319 1.928903 -5.513112
v -4.078415 1.928903 -5.506793
v -4.079266 1.928903 -5.508643
v -4.082011 1.900483 -5.514617
v -4.084877 1.897565 -5.521653
v -4.082973 1.899628 -5.516709
v -4.146538 2.187830 -5.754364
v -4.146000 2.194029 -5.757246
v -4.146158 2.192213 -5.756402
v -4.140267 2.191294 -5.784436
v -4.140267 2.197144 -5.784436
v -4.140267 2.195431 -5.784436
v -4.131410 2.194029 -5.810815
v -4.130476 2.187830 -5.813593
v -4.131136 2.192213 -5.811628
v -4.091952 2.187830 -5.803586
v -4.092885 2.194029 -5.800807
v -4.092612 2.192213 -5.801621
v -4.101743 2.191294 -5.774428
v -4.101743 2.197144 -5.774428
v -4.101743 2.195431 -5.774428
v -4.107476 2.194029 -5.747238
v -4.108013 2.187830 -5.744358
v -4.107634 2.192213 -5.746395
v -4.127548 1.592140 -5.820978
v -4.128966 1.586012 -5.817814
v -4.128551 1.587807 -5.818741
v -4.140267 1.587505 -5.784436
v -4.140267 1.581789 -5.784436
v -4.140267 1.583463 -5.784436
v -4.147358 1.586012 -5.749963
v -4.147986 1.592140 -5.746595
v -4.147542 1.587807 -5.748977
v -4.109482 1.592336 -5.736481
v -4.108834 1.586012 -5.739956
v -4.109024 1.587864 -5.738938
v -4.101743 1.587667 -5.774428
v -4.101743 1.581789 -5.774428
v -4.101743 1.583511 -5.774428
v -4.090442 1.586012 -5.807807
v -4.088979 1.592336 -5.811071
v -4.090013 1.587864 -5.808764
v -4.084170 1.953383 -5.902024
v -4.067330 1.929421 -5.925323
v -4.084170 1.905458 -5.902024
v -4.045646 1.905458 -5.892017
v -4.028806 1.929421 -5.915315
v -4.045646 1.953383 -5.892017
v -4.084170 1.969767 -5.902024
v -4.084170 1.972743 -5.902024
v -4.084170 1.973975 -5.902024
v -4.045646 1.969767 -5.892017
v -4.045646 1.972743 -5.892017
v -4.045646 1.973975 -5.892017
v -4.045646 1.889091 -5.892017
v -4.045646 1.886104 -5.892017
v -4.045646 1.884867 -5.892017
v -4.084170 1.889089 -5.902024
v -4.084170 1.886103 -5.902024
v -4.084170 1.884867 -5.902024
v -4.113254 1.953383 -5.645257
v -4.110574 1.929421 -5.616889
v -4.113253 1.905458 -5.645257
v -4.151778 1.905458 -5.655265
v -4.149098 1.929421 -5.626897
v -4.151778 1.953383 -5.655265
v -4.151778 1.889089 -5.655265
v -4.151778 1.886103 -5.655265
v -4.151778 1.884867 -5.655265
v -4.113254 1.889091 -5.645257
v -4.113254 1.886104 -5.645257
v -4.113254 1.884867 -5.645257
v -4.151778 1.973975 -5.655265
v -4.151778 1.972743 -5.655265
v -4.151778 1.969767 -5.655265
v -4.113254 1.973975 -5.645257
v -4.113254 1.972743 -5.645257
v -4.113254 1.969767 -5.645257
v -4.144371 2.065426 -5.765985
v -4.140267 2.065426 -5.784436
v -4.134240 2.065426 -5.802386
v -4.095716 2.065426 -5.792379
v -4.101743 2.065426 -5.774428
v -4.105847 2.065426 -5.755978
v -4.109317 2.065426 -5.737362
v -4.109131 2.065426 -5.738364
v -4.108680 2.065426 -5.740782
v -4.147204 2.065426 -5.750789
v -4.147655 2.065426 -5.748371
v -4.147841 2.065426 -5.747370
v -4.089350 2.065426 -5.810243
v -4.089772 2.065426 -5.809302
v -4.090789 2.065426 -5.807032
v -4.129313 2.065426 -5.817039
v -4.128296 2.065426 -5.819309
v -4.127874 2.065426 -5.820250
v -4.105555 1.775963 -5.757545
v -4.101743 1.775963 -5.774428
v -4.096222 1.775963 -5.790869
v -4.134747 1.775963 -5.800876
v -4.140267 1.775963 -5.784436
v -4.144079 1.775963 -5.767551
v -4.130156 1.776774 -5.814548
v -4.129498 1.776200 -5.816505
v -4.129193 1.775963 -5.817308
v -4.091634 1.776767 -5.804533
v -4.090975 1.776198 -5.806496
v -4.090669 1.775963 -5.807300
v -4.147258 1.775963 -5.750503
v -4.147101 1.776200 -5.751343
v -4.146722 1.776774 -5.753374
v -4.108733 1.775963 -5.740496
v -4.108576 1.776198 -5.741339
v -4.108197 1.776767 -5.743374
v -4.146092 1.928895 -5.754838
v -4.140574 1.895310 -5.784516
v -4.130118 1.928895 -5.812856
v -4.140574 1.962479 -5.784516
v -4.140574 1.970167 -5.784515
v -4.147921 1.928895 -5.748197
v -4.140574 1.887622 -5.784515
v -4.128289 1.928895 -5.819498
v -4.148533 1.970167 -5.786707
v -4.155881 1.928895 -5.750388
v -4.148533 1.887622 -5.786707
v -4.136250 1.928895 -5.821689
v -4.148533 1.962479 -5.786707
v -4.154053 1.928895 -5.757029
v -4.148533 1.895310 -5.786707
v -4.138078 1.928895 -5.815048
v -4.167388 1.928895 -5.773865
v -4.163274 1.909123 -5.790564
v -4.158451 1.928895 -5.806971
v -4.163274 1.948666 -5.790564
v -4.227794 0.032581 -5.796215
v -4.222415 0.039532 -5.816919
v -4.222415 0.062024 -5.816919
v -4.227794 0.068975 -5.796215
v -4.231117 0.050778 -5.783419
v -4.237752 0.050778 -5.804911
v -4.222163 0.044168 -5.779841
v -4.222163 0.057388 -5.779841
v -4.217048 0.029386 -5.799532
v -4.220209 0.033472 -5.787362
v -4.211933 0.044168 -5.819223
v -4.213886 0.033472 -5.811702
v -4.213886 0.068084 -5.811702
v -4.211933 0.057388 -5.819223
v -4.220209 0.068084 -5.787362
v -4.217048 0.072170 -5.799532
v -4.231634 0.040082 -5.788111
v -4.226519 0.033472 -5.807802
v -4.223358 0.050778 -5.819972
v -4.226519 0.068084 -5.807802
v -4.231634 0.061474 -5.788111
v -4.235534 0.040082 -5.800744
v -4.237487 0.050778 -5.793222
v -4.232372 0.044168 -5.812913
v -4.232372 0.057388 -5.812913
v -4.235534 0.061474 -5.800744
v -3.971912 0.032581 -6.119677
v -3.952131 0.039532 -6.127818
v -3.952131 0.062024 -6.127818
v -3.971912 0.068975 -6.119677
v -3.984138 0.050778 -6.114645
v -3.970945 0.050778 -6.132862
v -3.981618 0.044168 -6.105337
v -3.981618 0.057388 -6.105337
v -3.962804 0.029386 -6.113080
v -3.974432 0.033472 -6.108295
v -3.943990 0.044168 -6.120822
v -3.951176 0.033472 -6.117865
v -3.951176 0.068084 -6.117865
v -3.943990 0.057388 -6.120822
v -3.974432 0.068084 -6.108295
v -3.962804 0.072170 -6.113080
v -3.980698 0.040082 -6.117877
v -3.961884 0.033472 -6.125620
v -3.950257 0.050778 -6.130405
v -3.961884 0.068084 -6.125620
v -3.980698 0.061474 -6.117877
v -3.972943 0.040082 -6.128584
v -3.980129 0.050778 -6.125628
v -3.961315 0.044168 -6.133370
v -3.961315 0.057388 -6.133370
v -3.972943 0.061474 -6.128584
v -4.152271 0.032581 -5.393656
v -4.165206 0.039532 -5.410695
v -4.165206 0.062024 -5.410695
v -4.152271 0.068975 -5.393656
v -4.144278 0.050778 -5.383126
v -4.165265 0.050778 -5.391216
v -4.135925 0.044168 -5.387946
v -4.135925 0.057388 -5.387946
v -4.148226 0.029386 -5.404150
v -4.140624 0.033472 -5.394135
v -4.160528 0.044168 -5.420355
v -4.155829 0.033472 -5.414165
v -4.155829 0.068084 -5.414165
v -4.160528 0.057388 -5.420355
v -4.140624 0.068084 -5.394135
v -4.148226 0.072170 -5.404150
v -4.148283 0.040082 -5.385625
v -4.160584 0.033472 -5.401829
v -4.168187 0.050778 -5.411844
v -4.160584 0.068084 -5.401829
v -4.148283 0.061474 -5.385625
v -4.160619 0.040082 -5.390379
v -4.155920 0.050778 -5.384190
v -4.168221 0.044168 -5.400394
v -4.168221 0.057388 -5.400394
v -4.160619 0.061474 -5.390379
v -4.128975 0.032581 -5.987343
v -4.115367 0.039532 -6.003847
v -4.115367 0.062024 -6.003847
v -4.128975 0.068975 -5.987343
v -4.137386 0.050778 -5.977142
v -4.134337 0.050778 -5.999427
v -4.130775 0.044168 -5.970121
v -4.130775 0.057388 -5.970121
v -4.117833 0.029386 -5.985819
v -4.125832 0.033472 -5.976118
v -4.104890 0.044168 -6.001515
v -4.109834 0.033472 -5.995520
v -4.109834 0.068084 -5.995520
v -4.104890 0.057388 -6.001515
v -4.125832 0.068084 -5.976118
v -4.117833 0.072170 -5.985819
v -4.135875 0.040082 -5.981615
v -4.122933 0.033472 -5.997312
v -4.114934 0.050778 -6.007013
v -4.122933 0.068084 -5.997312
v -4.135875 0.061474 -5.981615
v -4.134083 0.040082 -5.994713
v -4.139027 0.050778 -5.988718
v -4.126085 0.044168 -6.004414
v -4.126085 0.057388 -6.004414
v -4.134083 0.061474 -5.994713
v -4.228197 0.032581 -5.572198
v -4.231276 0.039532 -5.593367
v -4.231276 0.062024 -5.593367
v -4.228197 0.068975 -5.572198
v -4.226295 0.050778 -5.559115
v -4.240750 0.050778 -5.576347
v -4.216653 0.044168 -5.559293
v -4.216653 0.057388 -5.559293
v -4.219581 0.029386 -5.579426
v -4.217772 0.033472 -5.566983
v -4.222508 0.044168 -5.599559
v -4.221390 0.033472 -5.591869
v -4.221390 0.068084 -5.591869
v -4.222508 0.057388 -5.599559
v -4.217772 0.068084 -5.566983
v -4.219581 0.072170 -5.579426
v -4.228592 0.040082 -5.563240
v -4.231520 0.033472 -5.583372
v -4.233329 0.050778 -5.595815
v -4.231520 0.068084 -5.583372
v -4.228592 0.061474 -5.563240
v -4.237088 0.040082 -5.573368
v -4.235970 0.050778 -5.565678
v -4.238898 0.044168 -5.585811
v -4.238898 0.057388 -5.585811
v -4.237088 0.061474 -5.573368
v -3.813929 0.032581 -6.229850
v -3.792827 0.039532 -6.233358
v -3.792827 0.062024 -6.233358
v -3.813929 0.068974 -6.229850
v -3.826971 0.050778 -6.227682
v -3.810036 0.050778 -6.242484
v -3.826596 0.044168 -6.218045
v -3.826596 0.057388 -6.218045
v -3.806527 0.029386 -6.221383
v -3.818931 0.033472 -6.219320
v -3.786458 0.044168 -6.224719
v -3.794124 0.033472 -6.223444
v -3.794124 0.068084 -6.223444
v -3.786458 0.057388 -6.224719
v -3.818931 0.068084 -6.219320
v -3.806527 0.072169 -6.221383
v -3.822894 0.040082 -6.230062
v -3.802825 0.033472 -6.233398
v -3.790421 0.050778 -6.235461
v -3.802825 0.068084 -6.233398
v -3.822894 0.061474 -6.230062
v -3.812940 0.040082 -6.238763
v -3.820606 0.050778 -6.237488
v -3.800537 0.044168 -6.240825
v -3.800537 0.057388 -6.240825
v -3.812940 0.061473 -6.238763
v -4.066890 0.032581 -5.219543
v -4.082116 0.039532 -5.234568
v -4.082116 0.062024 -5.234568
v -4.066890 0.068974 -5.219543
v -4.057479 0.050778 -5.210257
v -4.079404 0.050778 -5.215279
v -4.049897 0.044168 -5.216215
v -4.049897 0.057388 -5.216215
v -4.064378 0.029386 -5.230505
v -4.055429 0.033472 -5.221673
v -4.078859 0.044168 -5.244795
v -4.073328 0.033472 -5.239337
v -4.073328 0.068084 -5.239337
v -4.078859 0.057388 -5.244795
v -4.055429 0.068084 -5.221673
v -4.064378 0.072169 -5.230505
v -4.061799 0.040082 -5.212160
v -4.076280 0.033472 -5.226450
v -4.085230 0.050778 -5.235281
v -4.076280 0.068084 -5.226450
v -4.061799 0.061474 -5.212160
v -4.074686 0.040082 -5.215112
v -4.069155 0.050778 -5.209653
v -4.083636 0.044168 -5.223944
v -4.083636 0.057388 -5.223944
v -4.074686 0.061473 -5.215112
v -3.611455 0.032581 -6.205884
v -3.590750 0.039532 -6.200505
v -3.590750 0.062024 -6.200505
v -3.611455 0.068974 -6.205884
v -3.624251 0.050778 -6.209208
v -3.602759 0.050778 -6.215842
v -3.627829 0.044168 -6.200253
v -3.627829 0.057388 -6.200253
v -3.608138 0.029386 -6.195138
v -3.620307 0.033472 -6.198299
v -3.588446 0.044168 -6.190022
v -3.595968 0.033472 -6.191977
v -3.595968 0.068084 -6.191977
v -3.588446 0.057388 -6.190022
v -3.620307 0.068084 -6.198299
v -3.608138 0.072169 -6.195138
v -3.619559 0.040082 -6.209724
v -3.599867 0.033472 -6.204609
v -3.587698 0.050778 -6.201448
v -3.599867 0.068084 -6.204609
v -3.619559 0.061474 -6.209724
v -3.606926 0.040082 -6.213624
v -3.614447 0.050778 -6.215578
v -3.594756 0.044168 -6.210463
v -3.594756 0.057388 -6.210463
v -3.606926 0.061473 -6.213624
v -3.867115 0.032581 -5.145188
v -3.887819 0.039532 -5.150567
v -3.887819 0.062024 -5.150567
v -3.867115 0.068974 -5.145188
v -3.854318 0.050778 -5.141864
v -3.875810 0.050778 -5.135230
v -3.850740 0.044168 -5.150819
v -3.850740 0.057388 -5.150819
v -3.870432 0.029386 -5.155934
v -3.858262 0.033472 -5.152773
v -3.890123 0.044168 -5.161049
v -3.882601 0.033472 -5.159096
v -3.882601 0.068084 -5.159096
v -3.890123 0.057388 -5.161049
v -3.858262 0.068084 -5.152773
v -3.870432 0.072169 -5.155934
v -3.859010 0.040082 -5.141348
v -3.878702 0.033472 -5.146462
v -3.890872 0.050778 -5.149624
v -3.878702 0.068084 -5.146462
v -3.859010 0.061474 -5.141348
v -3.871643 0.040082 -5.137448
v -3.864122 0.050778 -5.135494
v -3.883813 0.044168 -5.140609
v -3.883813 0.057388 -5.140609
v -3.871643 0.061473 -5.137448
v -4.227794 1.236986 -5.796215
v -4.222415 1.243936 -5.816919
v -4.222415 1.266429 -5.816919
v -4.227794 1.273379 -5.796215
v -4.231117 1.255183 -5.783419
v -4.237752 1.255183 -5.804911
v -4.222163 1.248572 -5.779841
v -4.222163 1.261793 -5.779841
v -4.217048 1.233791 -5.799532
v -4.220209 1.237876 -5.787362
v -4.211932 1.248572 -5.819223
v -4.213886 1.237876 -5.811702
v -4.213886 1.272489 -5.811702
v -4.211932 1.261793 -5.819223
v -4.220209 1.272489 -5.787362
v -4.217048 1.276574 -5.799532
v -4.231634 1.244487 -5.788111
v -4.226519 1.237876 -5.807802
v -4.223358 1.255183 -5.819972
v -4.226519 1.272489 -5.807802
v -4.231634 1.265878 -5.788111
v -4.235534 1.244487 -5.800744
v -4.237487 1.255183 -5.793222
v -4.232372 1.248572 -5.812913
v -4.232372 1.261793 -5.812913
v -4.235534 1.265878 -5.800744
v -3.971912 1.236986 -6.119677
v -3.952130 1.243936 -6.127818
v -3.952130 1.266429 -6.127818
v -3.971912 1.273379 -6.119677
v -3.984138 1.255182 -6.114645
v -3.970945 1.255182 -6.132862
v -3.981618 1.248572 -6.105337
v -3.981618 1.261793 -6.105337
v -3.962804 1.233791 -6.113080
v -3.974432 1.237876 -6.108295
v -3.943990 1.248572 -6.120822
v -3.951176 1.237876 -6.117865
v -3.951176 1.272489 -6.117865
v -3.943990 1.261793 -6.120822
v -3.974432 1.272489 -6.108295
v -3.962804 1.276574 -6.113080
v -3.980698 1.244487 -6.117877
v -3.961884 1.237876 -6.125620
v -3.950257 1.255182 -6.130405
v -3.961884 1.272489 -6.125620
v -3.980698 1.265878 -6.117877
v -3.972943 1.244487 -6.128584
v -3.980129 1.255182 -6.125628
v -3.961315 1.248572 -6.133370
v -3.961315 1.261793 -6.133370
v -3.972943 1.265878 -6.128584
v -4.152271 1.236986 -5.393656
v -4.165205 1.243936 -5.410695
v -4.165205 1.266429 -5.410695
v -4.152271 1.273379 -5.393656
v -4.144278 1.255183 -5.383126
v -4.165265 1.255183 -5.391216
v -4.135925 1.248572 -5.387946
v -4.135925 1.261793 -5.387946
v -4.148226 1.233791 -5.404150
v -4.140624 1.237876 -5.394135
v -4.160528 1.248572 -5.420355
v -4.155829 1.237876 -5.414165
v -4.155829 1.272489 -5.414165
v -4.160528 1.261793 -5.420355
v -4.140624 1.272489 -5.394135
v -4.148226 1.276574 -5.404150
v -4.148283 1.244487 -5.385625
v -4.160584 1.237876 -5.401829
v -4.168187 1.255183 -5.411844
v -4.160584 1.272489 -5.401829
v -4.148283 1.265878 -5.385625
v -4.160619 1.244487 -5.390379
v -4.155920 1.255183 -5.384190
v -4.168221 1.248572 -5.400394
v -4.168221 1.261793 -5.400394
v -4.160619 1.265878 -5.390379
v -4.128975 1.236986 -5.987343
v -4.115367 1.243936 -6.003847
v -4.115367 1.266429 -6.003847
v -4.128975 1.273379 -5.987343
v -4.137386 1.255182 -5.977142
v -4.134337 1.255182 -5.999427
v -4.130775 1.248572 -5.970121
v -4.130775 1.261793 -5.970121
v -4.117833 1.233791 -5.985819
v -4.125832 1.237876 -5.976118
v -4.104890 1.248572 -6.001515
v -4.109834 1.237876 -5.995520
v -4.109834 1.272489 -5.995520
v -4.104890 1.261793 -6.001515
v -4.125832 1.272489 -5.976118
v -4.117833 1.276574 -5.985819
v -4.135875 1.244487 -5.981615
v -4.122932 1.237876 -5.997312
v -4.114934 1.255182 -6.007013
v -4.122932 1.272489 -5.997312
v -4.135875 1.265878 -5.981615
v -4.134083 1.244487 -5.994713
v -4.139027 1.255182 -5.988718
v -4.126085 1.248572 -6.004414
v -4.126085 1.261793 -6.004414
v -4.134083 1.265878 -5.994713
v -4.228197 1.236986 -5.572198
v -4.231276 1.243936 -5.593367
v -4.231276 1.266429 -5.593367
v -4.228197 1.273379 -5.572198
v -4.226295 1.255182 -5.559115
v -4.240750 1.255182 -5.576347
v -4.216653 1.248572 -5.559293
v -4.216653 1.261793 -5.559293
v -4.219581 1.233791 -5.579426
v -4.217772 1.237876 -5.566983
v -4.222508 1.248572 -5.599559
v -4.221390 1.237876 -5.591869
v -4.221390 1.272489 -5.591869
v -4.222508 1.261793 -5.599559
v -4.217772 1.272489 -5.566983
v -4.219581 1.276574 -5.579426
v -4.228591 1.244487 -5.563240
v -4.231519 1.237876 -5.583372
v -4.233329 1.255182 -5.595815
v -4.231519 1.272489 -5.583372
v -4.228591 1.265878 -5.563240
v -4.237088 1.244487 -5.573368
v -4.235970 1.255182 -5.565678
v -4.238897 1.248572 -5.585811
v -4.238897 1.261793 -5.585811
v -4.237088 1.265878 -5.573368
v -3.813929 1.236986 -6.229850
v -3.792827 1.243936 -6.233358
v -3.792827 1.266429 -6.233358
v -3.813929 1.273379 -6.229850
v -3.826970 1.255183 -6.227682
v -3.810035 1.255183 -6.242484
v -3.826596 1.248572 -6.218045
v -3.826596 1.261793 -6.218045
v -3.806527 1.233791 -6.221383
v -3.818931 1.237876 -6.219320
v -3.786458 1.248572 -6.224719
v -3.794124 1.237876 -6.223444
v -3.794124 1.272489 -6.223444
v -3.786458 1.261793 -6.224719
v -3.818931 1.272489 -6.219320
v -3.806527 1.276574 -6.221383
v -3.822894 1.244487 -6.230062
v -3.802824 1.237876 -6.233398
v -3.790421 1.255183 -6.235461
v -3.802824 1.272489 -6.233398
v -3.822894 1.265878 -6.230062
v -3.812940 1.244487 -6.238763
v -3.820606 1.255183 -6.237488
v -3.800536 1.248572 -6.240825
v -3.800536 1.261793 -6.240825
v -3.812940 1.265878 -6.238763
v -4.066889 1.236986 -5.219543
v -4.082116 1.243936 -5.234568
v -4.082116 1.266429 -5.234568
v -4.066889 1.273379 -5.219543
v -4.057479 1.255183 -5.210257
v -4.079403 1.255183 -5.215279
v -4.049897 1.248572 -5.216215
v -4.049897 1.261793 -5.216215
v -4.064378 1.233791 -5.230505
v -4.055429 1.237876 -5.221673
v -4.078859 1.248572 -5.244795
v -4.073328 1.237876 -5.239337
v -4.073328 1.272489 -5.239337
v -4.078859 1.261793 -5.244795
v -4.055429 1.272489 -5.221673
v -4.064378 1.276574 -5.230505
v -4.061799 1.244487 -5.212160
v -4.076280 1.237876 -5.226450
v -4.085230 1.255183 -5.235281
v -4.076280 1.272489 -5.226450
v -4.061799 1.265878 -5.212160
v -4.074686 1.244487 -5.215112
v -4.069155 1.255183 -5.209653
v -4.083636 1.248572 -5.223944
v -4.083636 1.261793 -5.223944
v -4.074686 1.265878 -5.215112
v -3.611455 1.236986 -6.205884
v -3.590750 1.243936 -6.200505
v -3.590750 1.266429 -6.200505
v -3.611455 1.273379 -6.205884
v -3.624251 1.255183 -6.209208
v -3.602759 1.255183 -6.215842
v -3.627829 1.248572 -6.200253
v -3.627829 1.261793 -6.200253
v -3.608137 1.233791 -6.195138
v -3.620307 1.237876 -6.198299
v -3.588446 1.248572 -6.190022
v -3.595968 1.237876 -6.191977
v -3.595968 1.272489 -6.191977
v -3.588446 1.261793 -6.190022
v -3.620307 1.272489 -6.198299
v -3.608137 1.276574 -6.195138
v -3.619559 1.244487 -6.209724
v -3.599867 1.237876 -6.204609
v -3.587698 1.255183 -6.201448
v -3.599867 1.272489 -6.204609
v -3.619559 1.265878 -6.209724
v -3.606926 1.244487 -6.213624
v -3.614447 1.255183 -6.215578
v -3.594756 1.248572 -6.210463
v -3.594756 1.261793 -6.210463
v -3.606926 1.265878 -6.213624
v -3.867114 1.236986 -5.145188
v -3.887819 1.243936 -5.150566
v -3.887819 1.266429 -5.150566
v -3.867114 1.273379 -5.145188
v -3.854318 1.255182 -5.141864
v -3.875810 1.255182 -5.135230
v -3.850740 1.248572 -5.150819
v -3.850740 1.261793 -5.150819
v -3.870431 1.233791 -5.155934
v -3.858262 1.237876 -5.152773
v -3.890123 1.248572 -5.161049
v -3.882601 1.237876 -5.159096
v -3.882601 1.272489 -5.159096
v -3.890123 1.261793 -5.161049
v -3.858262 1.272489 -5.152773
v -3.870431 1.276574 -5.155934
v -3.859010 1.244487 -5.141348
v -3.878702 1.237876 -5.146462
v -3.890871 1.255182 -5.149624
v -3.878702 1.272489 -5.146462
v -3.859010 1.265878 -5.141348
v -3.871643 1.244487 -5.137448
v -3.864122 1.255182 -5.135494
v -3.883813 1.248572 -5.140609
v -3.883813 1.261793 -5.140609
v -3.871643 1.265878 -5.137448
v -4.227793 2.428679 -5.796215
v -4.222415 2.435629 -5.816919
v -4.222415 2.458122 -5.816919
v -4.227793 2.465072 -5.796215
v -4.231117 2.446876 -5.783419
v -4.237752 2.446876 -5.804911
v -4.222162 2.440265 -5.779841
v -4.222162 2.453486 -5.779841
v -4.217048 2.425484 -5.799532
v -4.220209 2.429569 -5.787362
v -4.211932 2.440265 -5.819223
v -4.213886 2.429569 -5.811702
v -4.213886 2.464182 -5.811702
v -4.211932 2.453486 -5.819223
v -4.220209 2.464182 -5.787362
v -4.217048 2.468267 -5.799532
v -4.231634 2.436180 -5.788111
v -4.226519 2.429570 -5.807802
v -4.223357 2.446876 -5.819972
v -4.226519 2.464182 -5.807802
v -4.231634 2.457572 -5.788111
v -4.235534 2.436180 -5.800744
v -4.237487 2.446876 -5.793222
v -4.232372 2.440265 -5.812913
v -4.232372 2.453486 -5.812913
v -4.235534 2.457572 -5.800744
v -3.971912 2.428679 -6.119677
v -3.952130 2.435629 -6.127818
v -3.952130 2.458122 -6.127818
v -3.971912 2.465072 -6.119677
v -3.984138 2.446876 -6.114645
v -3.970945 2.446876 -6.132862
v -3.981618 2.440265 -6.105337
v -3.981618 2.453486 -6.105337
v -3.962804 2.425484 -6.113080
v -3.974432 2.429569 -6.108295
v -3.943990 2.440265 -6.120822
v -3.951176 2.429569 -6.117865
v -3.951176 2.464182 -6.117865
v -3.943990 2.453486 -6.120822
v -3.974432 2.464182 -6.108295
v -3.962804 2.468267 -6.113080
v -3.980698 2.436180 -6.117877
v -3.961884 2.429569 -6.125620
v -3.950256 2.446876 -6.130405
v -3.961884 2.464182 -6.125620
v -3.980698 2.457571 -6.117877
v -3.972943 2.436180 -6.128584
v -3.980129 2.446876 -6.125628
v -3.961315 2.440265 -6.133370
v -3.961315 2.453486 -6.133370
v -3.972943 2.457571 -6.128584
v -4.152271 2.428679 -5.393656
v -4.165205 2.435629 -5.410695
v -4.165205 2.458122 -5.410695
v -4.152271 2.465072 -5.393656
v -4.144278 2.446876 -5.383126
v -4.165265 2.446876 -5.391216
v -4.135925 2.440265 -5.387946
v -4.135925 2.453486 -5.387946
v -4.148226 2.425484 -5.404150
v -4.140624 2.429569 -5.394135
v -4.160528 2.440265 -5.420355
v -4.155829 2.429569 -5.414165
v -4.155829 2.464182 -5.414165
v -4.160528 2.453486 -5.420355
v -4.140624 2.464182 -5.394135
v -4.148226 2.468267 -5.404150
v -4.148283 2.436180 -5.385625
v -4.160584 2.429569 -5.401829
v -4.168186 2.446876 -5.411844
v -4.160584 2.464182 -5.401829
v -4.148283 2.457571 -5.385625
v -4.160619 2.436180 -5.390379
v -4.155920 2.446876 -5.384190
v -4.168221 2.440265 -5.400394
v -4.168221 2.453486 -5.400394
v -4.160619 2.457571 -5.390379
v -4.128975 2.428679 -5.987343
v -4.115367 2.435629 -6.003847
v -4.115367 2.458122 -6.003847
v -4.128975 2.465072 -5.987343
v -4.137386 2.446876 -5.977142
v -4.134337 2.446876 -5.999427
v -4.130775 2.440265 -5.970121
v -4.130775 2.453486 -5.970121
v -4.117833 2.425484 -5.985819
v -4.125832 2.429569 -5.976118
v -4.104890 2.440265 -6.001515
v -4.109834 2.429569 -5.995520
v -4.109834 2.464182 -5.995520
v -4.104890 2.453486 -6.001515
v -4.125832 2.464182 -5.976118
v -4.117833 2.468267 -5.985819
v -4.135875 2.436180 -5.981615
v -4.122932 2.429570 -5.997312
v -4.114934 2.446876 -6.007013
v -4.122932 2.464182 -5.997312
v -4.135875 2.457572 -5.981615
v -4.134083 2.436180 -5.994713
v -4.139027 2.446876 -5.988718
v -4.126084 2.440265 -6.004414
v -4.126084 2.453486 -6.004414
v -4.134083 2.457572 -5.994713
v -4.228197 2.428679 -5.572198
v -4.231276 2.435629 -5.593367
v -4.231276 2.458122 -5.593367
v -4.228197 2.465072 -5.572198
v -4.226295 2.446876 -5.559115
v -4.240750 2.446876 -5.576347
v -4.216653 2.440265 -5.559293
v -4.216653 2.453486 -5.559293
v -4.219581 2.425484 -5.579426
v -4.217772 2.429569 -5.566983
v -4.222508 2.440265 -5.599558
v -4.221390 2.429569 -5.591869
v -4.221390 2.464182 -5.591869
v -4.222508 2.453486 -5.599558
v -4.217772 2.464182 -5.566983
v -4.219581 2.468267 -5.579426
v -4.228591 2.436180 -5.563240
v -4.231519 2.429570 -5.583372
v -4.233329 2.446876 -5.595815
v -4.231519 2.464182 -5.583372
v -4.228591 2.457572 -5.563240
v -4.237088 2.436180 -5.573368
v -4.235970 2.446876 -5.565678
v -4.238897 2.440265 -5.585811
v -4.238897 2.453486 -5.585811
v -4.237088 2.457572 -5.573368
v -3.813929 2.428679 -6.229850
v -3.792827 2.435629 -6.233358
v -3.792827 2.458122 -6.233358
v -3.813929 2.465072 -6.229850
v -3.826970 2.446876 -6.227681
v -3.810035 2.446876 -6.242484
v -3.826596 2.440265 -6.218045
v -3.826596 2.453486 -6.218045
v -3.806527 2.425484 -6.221383
v -3.818931 2.429569 -6.219320
v -3.786458 2.440265 -6.224719
v -3.794124 2.429569 -6.223444
v -3.794124 2.464182 -6.223444
v -3.786458 2.453486 -6.224719
v -3.818931 2.464182 -6.219320
v -3.806527 2.468267 -6.221382
v -3.822894 2.436180 -6.230062
v -3.802824 2.429569 -6.233398
v -3.790421 2.446876 -6.235461
v -3.802824 2.464182 -6.233398
v -3.822894 2.457571 -6.230062
v -3.812940 2.436180 -6.238763
v -3.820606 2.446876 -6.237488
v -3.800536 2.440265 -6.240825
v -3.800536 2.453486 -6.240825
v -3.812940 2.457571 -6.238763
v -4.066889 2.428679 -5.219543
v -4.082116 2.435629 -5.234568
v -4.082116 2.458122 -5.234568
v -4.066889 2.465072 -5.219543
v -4.057479 2.446876 -5.210257
v -4.079403 2.446876 -5.215279
v -4.049897 2.440265 -5.216215
v -4.049897 2.453486 -5.216215
v -4.064378 2.425484 -5.230505
v -4.055429 2.429569 -5.221673
v -4.078859 2.440265 -5.244795
v -4.073328 2.429569 -5.239337
v -4.073328 2.464182 -5.239337
v -4.078859 2.453486 -5.244795
v -4.055429 2.464182 -5.221673
v -4.064378 2.468267 -5.230505
v -4.061799 2.436180 -5.212160
v -4.076280 2.429569 -5.226450
v -4.085230 2.446876 -5.235281
v -4.076280 2.464182 -5.226450
v -4.061799 2.457571 -5.212160
v -4.074686 2.436180 -5.215112
v -4.069155 2.446876 -5.209653
v -4.083636 2.440265 -5.223944
v -4.083636 2.453486 -5.223944
v -4.074686 2.457571 -5.215112
v -3.867114 2.428679 -5.145188
v -3.887819 2.435629 -5.150566
v -3.887819 2.458122 -5.150566
v -3.867114 2.465072 -5.145188
v -3.854318 2.446876 -5.141864
v -3.875810 2.446876 -5.135230
v -3.850740 2.440265 -5.150819
v -3.850740 2.453486 -5.150819
v -3.870431 2.425484 -5.155934
v -3.858262 2.429569 -5.152773
v -3.890123 2.440265 -5.161049
v -3.882601 2.429569 -5.159096
v -3.882601 2.464182 -5.159096
v -3.890123 2.453486 -5.161049
v -3.858262 2.464182 -5.152773
v -3.870431 2.468267 -5.155934
v -3.859010 2.436180 -5.141348
v -3.878702 2.429569 -5.146462
v -3.890871 2.446876 -5.149624
v -3.878702 2.464182 -5.146462
v -3.859010 2.457572 -5.141348
v -3.871643 2.436180 -5.137448
v -3.864121 2.446876 -5.135494
v -3.883813 2.440265 -5.140609
v -3.883813 2.453486 -5.140609
v -3.871643 2.457571 -5.137448
v -3.710409 0.491065 -5.982073
v -3.710409 0.769815 -5.982073
v -3.567954 0.491065 -5.945068
v -3.567954 0.769815 -5.945068
v -3.669433 0.491065 -6.139817
v -3.630465 0.491065 -6.172089
v -3.630465 0.769815 -6.172089
v -3.669433 0.769815 -6.139817
v -3.545313 0.491065 -6.149969
v -3.526978 0.491065 -6.102812
v -3.526978 0.769815 -6.102812
v -3.545313 0.769815 -6.149969
v -3.710409 1.713684 -5.982073
v -3.710409 1.992434 -5.982073
v -3.567954 1.713684 -5.945068
v -3.567954 1.992434 -5.945068
v -3.669433 1.713684 -6.139817
v -3.630465 1.713684 -6.172089
v -3.630465 1.992434 -6.172089
v -3.669433 1.992434 -6.139817
v -3.545313 1.713684 -6.149969
v -3.526978 1.713684 -6.102812
v -3.526978 1.992434 -6.102812
v -3.545313 1.992434 -6.149969
vn -0.1551 -0.8506 -0.5023
vn -0.5339 -0.5000 -0.6819
vn 0.0566 -0.5000 -0.8642
vn 0.8128 -0.5257 -0.2509
vn 0.3866 -0.8090 -0.4427
vn 0.6255 -0.3090 -0.7164
vn 0.8128 0.5257 -0.2509
vn 0.9555 -0.0000 -0.2950
vn 0.6255 0.3090 -0.7164
vn -0.1551 0.8506 -0.5023
vn 0.3866 0.8090 -0.4427
vn 0.0566 0.5000 -0.8642
vn -0.7533 -0.0000 -0.6577
vn -0.5339 0.5000 -0.6819
vn -0.2950 -0.0000 -0.9555
vn 0.2514 -0.0000 -0.9679
vn -0.8371 0.3160 -0.4466
vn -0.5110 0.7797 -0.3618
vn 0.0707 0.9750 -0.2107
vn 0.5983 0.7979 -0.0737
vn 0.9579 0.2866 0.0197
vn 0.9579 -0.2866 0.0197
vn 0.5983 -0.7979 -0.0737
vn 0.0707 -0.9750 -0.2107
vn -0.5110 -0.7797 -0.3618
vn -0.8371 -0.3160 -0.4466
vn -0.0000 -1.0000 -0.0000
vn -0.0000 1.0000 -0.0000
vn -1.0000 -0.0000 0.0097
vn -0.8688 -0.0000 -0.4952
vn -0.2514 -0.0000 0.9679
vn -0.8622 -0.0000 0.5066
vn -0.9679 -0.0000 -0.2514
vn -0.4841 -0.2584 0.8360
vn -0.5605 -0.6546 0.5073
vn -0.3040 -0.9371 0.1715
vn -0.1821 -0.9371 -0.2978
vn -0.2428 -0.6546 -0.7160
vn -0.0161 -0.2584 -0.9659
vn -0.0160 0.2583 -0.9659
vn -0.2428 0.6546 -0.7159
vn -0.1821 0.9371 -0.2978
vn -0.0161 0.2584 -0.9659
vn -0.2428 0.6546 -0.7160
vn -0.3040 0.9371 0.1715
vn -0.5605 0.6546 0.5073
vn -0.4841 0.2584 0.8360
vn -0.2488 -0.9622 -0.1103
vn -0.6637 -0.6877 -0.2943
vn -0.8860 -0.2460 -0.3929
vn -0.1751 -0.9566 0.2330
vn -0.4502 -0.6599 0.6016
vn -0.5823 -0.2289 0.7801
vn -0.8860 0.2460 -0.3929
vn -0.6637 0.6877 -0.2943
vn -0.2488 0.9623 -0.1103
vn -0.5823 0.2289 0.7801
vn -0.4502 0.6599 0.6016
vn -0.1752 0.9566 0.2331
vn -0.2488 -0.9623 -0.1103
vn -0.1751 -0.9566 0.2331
vn -0.6636 0.6877 -0.2943
vn -0.2488 0.9622 -0.1103
vn -0.1623 -0.9613 -0.2228
vn -0.4300 -0.6827 -0.5908
vn -0.5706 -0.2429 -0.7845
vn -0.5705 0.2429 -0.7845
vn -0.4300 0.6827 -0.5908
vn -0.1623 0.9613 -0.2228
vn -0.5705 -0.2429 -0.7845
vn -0.2693 -0.9620 0.0458
vn -0.7170 -0.6863 0.1222
vn -0.9557 -0.2451 0.1631
vn -0.9557 0.2451 0.1631
vn -0.7170 0.6863 0.1222
vn -0.2693 0.9620 0.0458
vn -0.2711 -0.9622 -0.0248
vn -0.7230 -0.6877 -0.0659
vn -0.9653 -0.2460 -0.0880
vn -0.9653 0.2460 -0.0880
vn -0.7230 0.6877 -0.0659
vn -0.2710 0.9623 -0.0248
vn -0.2710 -0.9623 -0.0247
vn -0.2711 0.9622 -0.0248
vn -0.2130 -0.9620 -0.1711
vn -0.5669 -0.6863 -0.4557
vn -0.7554 -0.2451 -0.6076
vn -0.7554 0.2451 -0.6076
vn -0.5669 0.6863 -0.4557
vn -0.2130 0.9620 -0.1711
vn -0.2129 -0.9620 -0.1711
vn -0.5668 0.6863 -0.4557
vn -0.0396 -0.9566 -0.2888
vn -0.1005 -0.6598 -0.7447
vn -0.1290 -0.2289 -0.9649
vn -0.1290 0.2289 -0.9649
vn -0.1005 0.6598 -0.7447
vn -0.0396 0.9566 -0.2888
vn -0.2502 -0.9613 0.1156
vn -0.6631 -0.6827 0.3068
vn -0.8802 -0.2429 0.4077
vn -0.8802 0.2429 0.4077
vn -0.6631 0.6827 0.3068
vn -0.2502 0.9613 0.1156
vn -0.6631 -0.6828 0.3068
vn -0.6631 0.6828 0.3068
vn -0.8256 0.2984 0.4788
vn -0.5630 0.7593 0.3262
vn -0.1937 0.9746 0.1120
vn -0.4882 -0.2984 -0.8201
vn -0.3331 -0.7593 -0.5590
vn -0.1147 -0.9746 -0.1921
vn -0.8256 -0.2984 0.4788
vn -0.5630 -0.7593 0.3262
vn -0.1937 -0.9746 0.1120
vn -0.4882 0.2984 -0.8201
vn -0.3331 0.7594 -0.5590
vn -0.1147 0.9746 -0.1922
vn -0.3331 0.7593 -0.5590
vn -0.2309 0.9682 -0.0968
vn -0.6395 0.7199 -0.2696
vn -0.8873 0.2679 -0.3754
vn 0.0269 0.9675 -0.2515
vn 0.0743 0.7158 -0.6943
vn 0.1027 0.2648 -0.9588
vn -0.2488 0.9682 -0.0278
vn -0.6899 0.7199 -0.0757
vn -0.9578 0.2679 -0.1039
vn -0.3770 0.2649 0.8876
vn -0.2730 0.7158 0.6427
vn -0.0989 0.9675 0.2328
vn -0.2309 -0.9682 -0.0968
vn -0.6395 -0.7199 -0.2696
vn -0.8873 -0.2679 -0.3754
vn 0.0269 -0.9675 -0.2515
vn 0.0743 -0.7158 -0.6944
vn 0.1027 -0.2649 -0.9588
vn -0.2488 -0.9682 -0.0278
vn -0.6899 -0.7199 -0.0757
vn -0.9578 -0.2679 -0.1039
vn -0.0989 -0.9675 0.2328
vn -0.2730 -0.7158 0.6427
vn -0.3770 -0.2649 0.8876
vn 0.0743 -0.7158 -0.6943
vn 0.1027 0.2649 -0.9588
vn -0.5979 -0.0000 0.8016
vn -0.9942 -0.0000 -0.1076
vn 0.1065 -0.0000 -0.9943
vn -0.3909 -0.0000 0.9204
vn -0.1322 -0.0000 -0.9912
vn -0.9209 -0.0000 -0.3899
vn -0.7792 -0.0000 -0.6268
vn -0.9141 -0.0000 -0.4054
vn -0.9959 -0.0000 -0.0908
vn -0.9074 -0.0000 0.4203
vn -0.5881 -0.0000 -0.8088
vn -0.9857 -0.0000 0.1683
vn -0.8650 -0.0000 0.5018
vn -0.5114 -0.0000 -0.8593
vn -0.1862 -0.9403 -0.2850
vn -0.2579 -0.6698 -0.6963
vn -0.0312 -0.2720 -0.9618
vn -0.4954 -0.2720 0.8250
vn -0.5642 -0.6698 0.4827
vn -0.3014 -0.9402 0.1584
vn -0.9636 -0.2524 -0.0878
vn -0.7135 -0.6976 -0.0651
vn -0.2642 -0.9642 -0.0241
vn -0.1286 -0.2384 -0.9626
vn -0.0982 -0.6755 -0.7308
vn -0.0377 -0.9599 -0.2779
vn -0.8848 0.2515 -0.3924
vn -0.6563 0.6961 -0.2910
vn -0.2435 0.9639 -0.1080
vn -0.5811 0.2369 0.7786
vn -0.4428 0.6732 0.5922
vn -0.1693 0.9594 0.2257
vn -0.7541 -0.2520 -0.6065
vn -0.5588 -0.6970 -0.4494
vn -0.2071 -0.9640 -0.1665
vn -0.5695 0.2496 -0.7832
vn -0.4239 0.6934 -0.5827
vn -0.1579 0.9633 -0.2168
vn -0.8784 -0.2509 0.4068
vn -0.6523 -0.6952 0.3020
vn -0.2423 -0.9637 0.1121
vn -0.9542 0.2510 0.1629
vn -0.7084 0.6954 0.1208
vn -0.2631 0.9637 0.0448
vn -0.9539 -0.2520 0.1629
vn -0.7069 -0.6970 0.1206
vn -0.2620 -0.9640 0.0446
vn -0.9639 0.2514 -0.0878
vn -0.7150 0.6961 -0.0652
vn -0.2653 0.9639 -0.0242
vn -0.7543 0.2510 -0.6067
vn -0.5600 0.6954 -0.4503
vn -0.2080 0.9637 -0.1672
vn -0.8845 -0.2524 -0.3923
vn -0.6550 -0.6976 -0.2904
vn -0.2426 -0.9642 -0.1075
vn -0.5693 -0.2509 -0.7829
vn -0.4229 -0.6952 -0.5812
vn -0.1571 -0.9637 -0.2158
vn -0.1287 0.2369 -0.9630
vn -0.0986 0.6732 -0.7328
vn -0.0380 0.9594 -0.2795
vn -0.8787 0.2496 0.4070
vn -0.6539 0.6934 0.3027
vn -0.2435 0.9633 0.1126
vn -0.5808 -0.2383 0.7784
vn -0.4415 -0.6756 0.5905
vn -0.1682 -0.9599 0.2244
vn -0.2413 0.2796 0.9293
vn -0.1698 0.7358 0.6555
vn -0.0598 0.9709 0.2318
vn 0.0606 0.9709 -0.2316
vn 0.1707 0.7358 -0.6553
vn 0.2415 0.2796 -0.9292
vn -0.2415 0.2788 0.9295
vn -0.1705 0.7349 0.6564
vn -0.0604 0.9708 0.2323
vn 0.0603 0.9708 -0.2323
vn 0.1705 0.7349 -0.6564
vn 0.2414 0.2789 -0.9295
vn -0.4956 -0.2479 -0.8324
vn -0.3702 -0.6907 -0.6212
vn -0.1385 -0.9628 -0.2319
vn -0.8380 -0.2479 0.4860
vn -0.6257 -0.6907 0.3625
vn -0.2339 -0.9628 0.1352
vn -0.4959 0.2456 -0.8329
vn -0.3721 0.6870 -0.6241
vn -0.1400 0.9621 -0.2340
vn -0.8386 0.2456 0.4863
vn -0.6288 0.6870 0.3641
vn -0.2362 0.9621 0.1363
vn 0.1022 -0.2803 -0.9545
vn 0.0719 -0.7367 -0.6723
vn 0.0253 -0.9711 -0.2374
vn -0.2192 -0.9713 -0.0923
vn -0.6213 -0.7383 -0.2625
vn -0.8837 -0.2815 -0.3740
vn -0.2364 -0.9713 -0.0260
vn -0.6705 -0.7383 -0.0731
vn -0.9540 -0.2815 -0.1034
vn -0.0934 -0.9711 0.2198
vn -0.2644 -0.7368 0.6223
vn -0.3753 -0.2803 0.8835
vn -0.2209 0.9709 -0.0930
vn -0.6241 0.7356 -0.2636
vn -0.8843 0.2794 -0.3742
vn 0.0256 0.9703 -0.2404
vn 0.0723 0.7323 -0.6771
vn 0.1022 0.2769 -0.9554
vn -0.3757 0.2769 0.8844
vn -0.2664 0.7324 0.6267
vn -0.0947 0.9703 0.2224
vn -0.9546 0.2794 -0.1035
vn -0.6734 0.7356 -0.0735
vn -0.2382 0.9709 -0.0263
vn -0.9480 -0.0000 -0.3183
vn -0.9831 -0.0000 -0.1833
vn -0.6504 -0.0000 -0.7596
vn -0.7292 -0.0000 -0.6843
vn -0.9701 -0.0000 0.2428
vn -0.9379 -0.0000 0.3470
vn -0.9999 -0.0000 -0.0122
vn -0.9956 -0.0000 0.0940
vn -0.8239 -0.0000 -0.5667
vn -0.8795 -0.0000 -0.4760
vn -0.3937 -0.0000 -0.9192
vn -0.5127 -0.0000 -0.8586
vn -0.8657 -0.0000 0.5005
vn -0.7913 -0.0000 0.6114
vn -0.9125 -0.0000 -0.4090
vn -0.9962 -0.0000 -0.0868
vn -0.5905 -0.0000 -0.8070
vn -0.7794 -0.0000 -0.6265
vn -0.9858 -0.0000 0.1680
vn -0.9086 -0.0000 0.4176
vn -0.3063 -0.0000 -0.9519
vn -0.3064 -0.0000 -0.9519
vn -0.7309 -0.0000 0.6825
vn -0.5066 -0.0000 -0.8622
vn -0.9904 -0.0000 0.1381
vn -0.6027 -0.0000 0.7980
vn -0.1381 -0.0000 -0.9904
vn -0.3888 -0.0000 -0.9213
vn -0.7880 -0.0000 0.6156
vn -0.7980 -0.0000 -0.6027
vn -0.8829 -0.0476 -0.4672
vn -0.8852 0.0401 -0.4634
vn -0.9981 0.0499 -0.0349
vn -0.9980 -0.0524 -0.0353
vn -0.9980 -0.0524 -0.0352
vn -0.9546 -0.0062 0.2979
vn -0.9546 0.0062 0.2979
vn -0.7677 0.0373 -0.6397
vn -0.7681 -0.0369 -0.6392
vn -0.9862 0.0367 0.1617
vn -0.9863 -0.0363 0.1610
vn -0.6705 0.0107 -0.7419
vn -0.6705 -0.0107 -0.7419
vn -0.9990 -0.0244 -0.0366
vn -0.9991 0.0224 -0.0374
vn -0.8823 0.0214 -0.4703
vn -0.8821 -0.0228 -0.4705
vn -0.9175 0.0010 -0.3977
vn -0.9179 -0.0007 -0.3968
vn -0.9968 0.0425 -0.0673
vn -0.9968 -0.0467 -0.0649
vn -0.8908 -0.0494 -0.4517
vn -0.8905 0.0481 -0.4525
vn -0.9479 0.0141 -0.3183
vn -0.9760 0.0098 -0.2176
vn -0.9919 0.0029 -0.1270
vn -0.9918 -0.0046 -0.1275
vn -0.9759 -0.0028 -0.2183
vn -0.9740 -0.0016 -0.2265
vn -0.9741 0.0020 -0.2260
vn -0.9438 -0.0062 -0.3304
vn -0.9796 -0.0024 -0.2010
vn -0.9778 -0.0019 -0.2096
vn 0.9796 0.0024 0.2010
vn 0.9438 0.0062 0.3304
vn -0.9761 -0.0008 -0.2172
vn -0.9792 0.0019 -0.2030
vn -0.9463 0.0025 -0.3233
vn -0.9775 0.0024 -0.2111
vn -0.9756 0.0030 -0.2197
vn -0.9479 -0.0141 -0.3183
vn -0.9757 -0.0094 -0.2189
vn -0.9438 0.0022 -0.3306
vn -0.9437 -0.0025 -0.3308
vn -0.9791 -0.0030 -0.2032
vn -0.9791 0.0033 -0.2035
vn -0.9804 -0.0123 -0.1967
vn -0.9804 0.0123 -0.1967
vn -0.9580 -0.0000 -0.2866
vn -0.9785 0.0200 -0.2051
vn -0.9785 -0.0200 -0.2051
vn -0.9917 0.0013 -0.1283
vn -0.9917 -0.0027 -0.1283
vn -0.9480 -0.0000 -0.3184
vn -0.9479 -0.0000 -0.3185
vn -0.9125 0.0001 -0.4090
vn -0.9221 -0.0071 -0.3869
vn -0.9214 -0.0072 -0.3885
vn -0.9125 -0.0001 -0.4091
vn -0.9265 0.0145 -0.3759
vn -0.9254 0.0151 -0.3787
vn -0.9889 -0.0031 -0.1486
vn -0.9888 -0.0030 -0.1494
vn -0.9888 -0.0030 -0.1495
vn -0.9890 -0.0000 0.1482
vn -0.9998 -0.0000 -0.0197
vn -0.7770 -0.0000 -0.6295
vn -0.8708 -0.0000 -0.4916
vn -0.6823 -0.0113 -0.7310
vn -0.6814 -0.0111 -0.7318
vn -0.6823 0.0114 -0.7310
vn -0.6814 0.0110 -0.7318
vn -0.6824 0.0112 -0.7309
vn -0.6815 -0.0110 -0.7318
vn -0.9595 0.0183 0.2810
vn -0.9601 0.0188 0.2791
vn -0.9595 0.0183 0.2811
vn -0.9601 -0.0188 0.2791
vn -0.9595 -0.0183 0.2810
vn -0.9601 -0.0189 0.2791
vn -0.8968 -0.0130 -0.4423
vn -0.9022 -0.0099 -0.4313
vn -0.9289 -0.0013 -0.3704
vn -0.9225 -0.0020 -0.3860
vn -0.9397 0.0014 -0.3421
vn -0.9831 -0.0000 -0.1832
vn -0.9830 -0.0000 -0.1834
vn -0.9913 -0.0065 -0.1314
vn -0.9913 -0.0030 -0.1314
vn -0.9125 -0.0000 -0.4091
vn 0.8966 -0.0082 0.4428
vn 0.8968 -0.0119 0.4422
vn 0.9962 -0.0000 0.0868
vn -0.8966 0.0082 -0.4429
vn -0.8968 0.0119 -0.4422
vn -0.9308 -0.0008 -0.3655
vn -0.9307 -0.0064 -0.3656
vn -0.9308 -0.0008 -0.3656
vn -0.9153 0.0214 -0.4021
vn -0.9176 0.0193 -0.3970
vn -0.9909 0.0064 -0.1342
vn -0.9903 0.0046 -0.1387
vn -0.9962 -0.0001 -0.0869
vn -0.8850 0.0387 -0.4639
vn -0.8949 0.0268 -0.4455
vn -0.8850 0.0388 -0.4640
vn -0.6171 0.0023 -0.7869
vn -0.6190 0.0130 -0.7853
vn -0.6170 -0.0022 -0.7869
vn -0.6192 -0.0132 -0.7851
vn -0.9349 0.0037 0.3548
vn -0.9193 0.0242 0.3928
vn -0.9349 -0.0037 0.3548
vn -0.9193 -0.0243 0.3928
vn -0.9379 0.0001 0.3469
vn -0.9379 -0.0002 0.3469
vn -0.9379 -0.0000 0.3469
vn -0.6505 -0.0000 -0.7595
vn -0.6504 -0.0001 -0.7596
vn -0.6503 -0.0003 -0.7597
vn -0.6504 -0.0000 -0.7595
vn -0.9952 -0.0305 -0.0929
vn -0.9949 -0.0296 -0.0969
vn -0.9962 -0.0000 -0.0867
vn 0.8855 -0.0005 0.4646
vn -0.8863 -0.0043 -0.4630
vn -0.8859 -0.0045 -0.4638
vn -0.8851 -0.0001 -0.4655
vn -0.9479 -0.0000 -0.3184
vn -0.9877 0.0070 -0.1563
vn -0.9875 0.0066 -0.1575
vn -0.9875 0.0066 -0.1574
vn -0.9877 0.0069 -0.1562
vn -0.9266 0.0146 -0.3758
vn -0.9254 0.0152 -0.3787
vn -0.6172 -0.0023 -0.7868
vn -0.6191 -0.0130 -0.7852
vn -0.6190 0.0130 -0.7852
vn -0.5905 -0.0000 -0.8071
vn -0.5907 0.0001 -0.8069
vn -0.5907 -0.0001 -0.8069
vn -0.9193 -0.0242 0.3927
vn -0.9222 0.0045 0.3868
vn -0.9222 -0.0045 0.3868
vn -0.9193 0.0243 0.3927
vn -0.9222 -0.0046 0.3867
vn -0.9222 0.0046 0.3867
vn -0.9903 0.0047 -0.1387
vn -0.9787 -0.0055 -0.2055
vn -0.9784 -0.0057 -0.2066
vn -0.9787 -0.0055 -0.2054
vn -0.9461 0.0270 -0.3229
vn -0.9475 0.0283 -0.3186
vn -0.9796 0.0052 -0.2010
vn -0.9794 0.0055 -0.2019
vn -0.9952 -0.0302 -0.0928
vn -0.9949 -0.0292 -0.0970
vn -0.9460 0.0270 -0.3230
vn -0.9474 0.0284 -0.3187
vn -0.9303 -0.0186 -0.3663
vn 0.1293 -0.8577 -0.4976
vn -0.9177 -0.0096 -0.3972
vn 0.2503 0.0942 -0.9636
vn -0.9453 -0.0015 -0.3263
vn -0.9417 0.0045 -0.3363
vn 0.1599 0.7715 -0.6157
vn -0.9160 0.0058 -0.4011
vn 0.2488 0.1444 -0.9577
vn -0.9326 0.0117 -0.3607
vn -0.9410 -0.0057 -0.3384
vn -0.1293 -0.8577 0.4976
vn -0.9913 -0.0140 -0.1310
vn -0.2503 0.0942 0.9636
vn -0.9894 -0.0300 -0.1421
vn -0.1600 0.7715 0.6157
vn -0.9880 0.0223 -0.1530
vn -0.9924 0.0140 -0.1220
vn -0.2488 0.1444 0.9577
vn 0.2252 -0.4448 -0.8669
vn -0.9346 0.0058 -0.3556
vn -0.9178 -0.0029 -0.3970
vn 0.2384 -0.3177 -0.9177
vn -0.2252 -0.4448 0.8669
vn -0.9921 0.0021 -0.1257
vn -0.2384 -0.3177 0.9177
vn -0.9857 0.0023 -0.1683
vn -0.0241 0.9954 0.0928
vn 0.0407 0.9868 -0.1567
vn 0.0609 -0.9703 -0.2343
vn -0.0282 -0.9937 0.1085
vn 0.0241 0.9954 -0.0928
vn -0.0407 0.9868 0.1567
vn -0.0609 -0.9703 0.2343
vn 0.0282 -0.9937 -0.1085
vn -0.1129 0.8936 0.4345
vn -0.6773 -0.0111 -0.7356
vn -0.1131 -0.8930 0.4356
vn -0.6773 0.0111 -0.7356
vn 0.1129 0.8936 -0.4345
vn -0.9568 -0.0185 0.2902
vn 0.1132 -0.8930 -0.4356
vn -0.9568 0.0184 0.2902
vn 0.1571 0.7808 -0.6047
vn -0.6184 0.0125 -0.7858
vn -0.6184 -0.0124 -0.7858
vn 0.1571 -0.7808 -0.6047
vn -0.6184 -0.0125 -0.7858
vn -0.1571 0.7808 0.6047
vn -0.1571 -0.7808 0.6047
vn 0.1982 0.6152 -0.7630
vn -0.9137 0.0077 -0.4063
vn -0.1982 0.6152 0.7631
vn -0.9931 0.0015 -0.1170
vn 0.2423 0.2671 -0.9327
vn -0.9311 -0.0031 -0.3647
vn -0.2423 0.2671 0.9327
vn -0.9866 -0.0031 -0.1633
vn 0.2180 0.4984 -0.8391
vn -0.9153 0.0011 -0.4028
vn 0.9153 -0.0011 0.4028
vn -0.2180 0.4984 0.8391
vn 0.9933 -0.0040 0.1152
vn -0.9933 0.0040 -0.1152
vn 0.2142 -0.5238 -0.8245
vn -0.9134 0.0149 -0.4068
vn -0.9134 0.0153 -0.4067
vn -0.2142 -0.5238 0.8245
vn -0.9961 -0.0297 -0.0830
vn -0.9961 -0.0295 -0.0832
vn -0.2472 -0.1816 0.9518
vn 0.2472 -0.1816 -0.9518
vn 0.0994 0.9186 -0.3825
vn -0.0994 0.9186 0.3825
vn 0.2254 0.4427 -0.8679
vn 0.2254 -0.4427 -0.8679
vn -0.2254 0.4427 0.8679
vn -0.2254 -0.4427 0.8679
vn 0.0957 -0.9247 -0.3685
vn -0.0957 -0.9247 0.3685
vn 0.2448 0.2285 -0.9423
vn -0.5961 0.0003 -0.8029
vn 0.2448 -0.2284 -0.9423
vn -0.5961 -0.0003 -0.8029
vn -0.2448 -0.2284 0.9423
vn -0.9310 0.0007 0.3649
vn -0.2448 0.2284 0.9423
vn -0.9310 -0.0007 0.3649
vn -0.0280 0.9938 0.1079
vn -0.9793 -0.0035 -0.2023
vn 0.0280 0.9938 -0.1079
vn -0.9466 -0.0079 -0.3222
vn 0.0300 -0.9929 -0.1155
vn -0.9433 0.0231 -0.3310
vn -0.0300 -0.9929 0.1155
vn -0.9799 0.0045 -0.1994
vn -0.9433 0.0230 -0.3311
vn 0.0324 -0.9917 -0.1245
vn 0.0366 0.9893 -0.1410
vn -0.8496 0.0295 -0.5266
vn -0.8499 -0.0286 -0.5262
vn -0.0324 -0.9917 0.1245
vn -0.0366 0.9893 0.1410
vn -0.9998 -0.0001 -0.0197
vn -0.9995 0.0233 0.0201
vn -0.9996 -0.0227 0.0196
vn -0.2458 -0.2094 0.9464
vn -0.9479 0.0001 -0.3185
vn 0.2458 -0.2094 -0.9464
vn -0.9126 -0.0000 -0.4090
vn -0.9126 -0.0000 -0.4089
vn -0.9755 0.0020 -0.2202
vn -0.2509 0.0638 0.9659
vn 0.2509 0.0638 -0.9659
vn -0.9226 -0.0020 -0.3859
vn -0.9289 -0.0013 -0.3703
vn -0.9396 0.0014 -0.3422
vn -0.9747 -0.0007 -0.2233
vn -0.9775 -0.0121 -0.2107
vn -0.9774 0.0126 -0.2112
vn -0.9472 -0.0109 -0.3203
vn -0.9472 0.0109 -0.3204
vn 0.1977 -0.6672 -0.7182
vn -0.1977 0.6674 0.7180
vn -0.1977 -0.6672 0.7182
vn 0.1977 0.6674 -0.7180
vn -0.9730 -0.0341 -0.2284
vn -0.9730 0.0341 -0.2284
vn -0.9528 0.0341 -0.3018
vn -0.9528 -0.0341 -0.3018
vn 0.1977 -0.6674 -0.7180
vn -0.1977 -0.6674 0.7180
vn -0.1977 0.6672 0.7182
vn 0.1977 0.6672 -0.7182
vn -0.9654 -0.0000 -0.2606
vn -0.1617 0.6065 -0.7784
vn -0.1617 -0.6065 -0.7784
vn -0.5283 -0.6093 0.5913
vn -0.5283 0.6093 0.5913
vn -0.5023 -0.8506 0.1551
vn -0.6819 -0.5000 0.5339
vn -0.8642 -0.5000 -0.0566
vn -0.2509 -0.5257 -0.8128
vn -0.4428 -0.8090 -0.3866
vn -0.7164 -0.3090 -0.6255
vn -0.2509 0.5257 -0.8128
vn -0.7164 0.3090 -0.6255
vn -0.5023 0.8506 0.1551
vn -0.4428 0.8090 -0.3866
vn -0.8642 0.5000 -0.0566
vn -0.6577 -0.0000 0.7533
vn -0.6819 0.5000 0.5339
vn -0.9555 -0.0000 0.2950
vn -0.4465 0.3160 0.8371
vn -0.3619 0.7797 0.5110
vn -0.2107 0.9750 -0.0707
vn -0.0737 0.7979 -0.5983
vn 0.0197 0.2866 -0.9578
vn 0.0197 -0.2866 -0.9579
vn -0.0737 -0.7979 -0.5983
vn -0.2107 -0.9750 -0.0707
vn -0.3618 -0.7797 0.5110
vn -0.4465 -0.3160 0.8371
vn -0.4258 -0.8507 -0.3084
vn -0.8365 -0.5000 -0.2243
vn -0.4740 -0.5000 -0.7248
vn 0.4990 -0.5257 -0.6889
vn 0.0430 -0.8090 -0.5862
vn 0.0696 -0.3090 -0.9485
vn 0.4990 0.5257 -0.6889
vn 0.5866 -0.0000 -0.8099
vn 0.0696 0.3090 -0.9485
vn -0.4258 0.8506 -0.3084
vn 0.0430 0.8090 -0.5862
vn -0.4740 0.5000 -0.7248
vn -0.9973 -0.0000 -0.0732
vn -0.8365 0.5000 -0.2243
vn -0.8099 -0.0000 -0.5866
vn -0.3806 -0.0000 -0.9247
vn -0.9375 0.3160 0.1460
vn -0.6259 0.7797 0.0178
vn -0.0701 0.9750 -0.2109
vn 0.4340 0.7979 -0.4184
vn 0.7775 0.2866 -0.5598
vn 0.7775 -0.2866 -0.5598
vn 0.4340 -0.7979 -0.4184
vn -0.0701 -0.9750 -0.2109
vn -0.6259 -0.7797 0.0178
vn -0.9375 -0.3160 0.1460
vn -0.1891 -0.8506 0.4906
vn -0.0026 -0.5000 0.8660
vn -0.5793 -0.5000 0.6437
vn -0.7937 -0.5257 -0.3059
vn -0.5777 -0.8090 0.1085
vn -0.9347 -0.3090 0.1756
vn -0.7937 0.5257 -0.3059
vn -0.9331 -0.0000 -0.3597
vn -0.9347 0.3090 0.1756
vn -0.1891 0.8506 0.4906
vn -0.5777 0.8090 0.1085
vn -0.5793 0.5000 0.6437
vn 0.1846 -0.0000 0.9828
vn -0.0026 0.5000 0.8660
vn -0.3597 -0.0000 0.9331
vn -0.7965 -0.0000 0.6046
vn 0.3812 0.3160 0.8688
vn 0.1775 0.7797 0.6005
vn -0.1860 0.9750 0.1218
vn -0.5156 0.7979 -0.3124
vn -0.7402 0.2866 -0.6083
vn -0.7402 -0.2866 -0.6083
vn -0.5156 -0.7979 -0.3124
vn -0.1860 -0.9750 0.1218
vn 0.1775 -0.7797 0.6005
vn 0.3812 -0.3160 0.8688
vn -0.5209 -0.8506 -0.0713
vn -0.8434 -0.5000 0.1965
vn -0.7597 -0.5000 -0.4158
vn 0.1153 -0.5257 -0.8428
vn -0.2384 -0.8090 -0.5373
vn -0.3858 -0.3090 -0.8693
vn 0.1153 0.5257 -0.8428
vn 0.1355 -0.0000 -0.9908
vn -0.3858 0.3090 -0.8693
vn -0.5209 0.8506 -0.0712
vn -0.2384 0.8090 -0.5373
vn -0.7597 0.5000 -0.4158
vn -0.9141 -0.0000 0.4056
vn -0.8434 0.5000 0.1965
vn -0.9908 -0.0000 -0.1355
vn -0.7716 -0.0000 -0.6362
vn -0.7579 0.3160 0.5707
vn -0.5436 0.7797 0.3108
vn -0.1613 0.9750 -0.1530
vn 0.1855 0.7978 -0.5736
vn 0.4219 0.2866 -0.8602
vn 0.4219 -0.2866 -0.8602
vn 0.1856 -0.7978 -0.5736
vn -0.1613 -0.9750 -0.1530
vn -0.5436 -0.7797 0.3108
vn -0.7579 -0.3160 0.5707
vn -0.4028 -0.8506 0.3379
vn -0.4212 -0.5000 0.7567
vn -0.8184 -0.5000 0.2832
vn -0.5467 -0.5257 -0.6517
vn -0.5581 -0.8090 -0.1845
vn -0.9030 -0.3090 -0.2985
vn -0.5467 0.5257 -0.6517
vn -0.6427 -0.0000 -0.7661
vn -0.9030 0.3090 -0.2985
vn -0.4028 0.8506 0.3379
vn -0.5581 0.8090 -0.1845
vn -0.8184 0.5000 0.2832
vn -0.3139 -0.0000 0.9495
vn -0.4212 0.5000 0.7567
vn -0.7661 -0.0000 0.6427
vn -0.9896 -0.0000 0.1439
vn -0.0867 0.3160 0.9448
vn -0.1352 0.7797 0.6114
vn -0.2217 0.9750 0.0166
vn -0.3001 0.7979 -0.5228
vn -0.3536 0.2866 -0.8904
vn -0.3536 -0.2866 -0.8904
vn -0.3001 -0.7979 -0.5228
vn -0.2217 -0.9750 0.0166
vn -0.1352 -0.7797 0.6114
vn -0.0867 -0.3160 0.9448
vn -0.3460 -0.8507 -0.3958
vn -0.7651 -0.5000 -0.4058
vn -0.2998 -0.5000 -0.8125
vn 0.6405 -0.5257 -0.5598
vn 0.1731 -0.8090 -0.5617
vn 0.2801 -0.3090 -0.9089
vn 0.6405 0.5257 -0.5598
vn 0.7529 -0.0000 -0.6581
vn 0.2801 0.3090 -0.9089
vn -0.3460 0.8507 -0.3958
vn 0.1731 0.8090 -0.5617
vn -0.2998 0.5000 -0.8125
vn -0.9557 -0.0000 -0.2945
vn -0.7651 0.5000 -0.4058
vn -0.6581 -0.0000 -0.7529
vn -0.1640 -0.0000 -0.9865
vn -0.9464 0.3160 -0.0674
vn -0.6140 0.7797 -0.1227
vn -0.0211 0.9750 -0.2213
vn 0.5166 0.7979 -0.3107
vn 0.8831 0.2866 -0.3716
vn 0.8831 -0.2866 -0.3716
vn 0.5166 -0.7979 -0.3107
vn -0.0211 -0.9750 -0.2213
vn -0.6140 -0.7797 -0.1227
vn -0.9464 -0.3160 -0.0674
vn -0.1174 -0.8506 0.5125
vn 0.1206 -0.5000 0.8576
vn -0.4819 -0.5000 0.7196
vn -0.8292 -0.5257 -0.1899
vn -0.5564 -0.8090 0.1896
vn -0.9002 -0.3090 0.3067
vn -0.8292 0.5257 -0.1899
vn -0.9748 -0.0000 -0.2233
vn -0.9002 0.3090 0.3067
vn -0.1174 0.8506 0.5125
vn -0.5564 0.8090 0.1896
vn -0.4819 0.5000 0.7196
vn 0.3225 -0.0000 0.9466
vn 0.1206 0.5000 0.8576
vn -0.2233 -0.0000 0.9748
vn -0.7024 -0.0000 0.7118
vn 0.5009 0.3160 0.8058
vn 0.2611 0.7797 0.5691
vn -0.1667 0.9750 0.1470
vn -0.5548 0.7979 -0.2359
vn -0.8192 0.2866 -0.4968
vn -0.8192 -0.2866 -0.4968
vn -0.5548 -0.7979 -0.2359
vn -0.1667 -0.9750 0.1470
vn 0.2611 -0.7797 0.5691
vn 0.5009 -0.3160 0.8058
vn -0.1551 -0.8507 -0.5023
vn 0.1551 -0.8506 0.5023
vn 0.5339 -0.5000 0.6819
vn -0.0566 -0.5000 0.8642
vn -0.8128 -0.5257 0.2509
vn -0.3866 -0.8090 0.4428
vn -0.6255 -0.3090 0.7164
vn -0.8128 0.5257 0.2509
vn -0.6255 0.3090 0.7164
vn 0.1551 0.8506 0.5023
vn -0.3866 0.8090 0.4428
vn -0.0566 0.5000 0.8642
vn 0.7533 -0.0000 0.6577
vn 0.5339 0.5000 0.6819
vn 0.2950 -0.0000 0.9555
vn 0.8371 0.3160 0.4465
vn 0.5110 0.7797 0.3618
vn -0.0707 0.9750 0.2107
vn -0.5983 0.7979 0.0737
vn -0.9578 0.2866 -0.0197
vn -0.9579 -0.2866 -0.0197
vn -0.5983 -0.7979 0.0737
vn -0.0707 -0.9750 0.2107
vn 0.5110 -0.7797 0.3619
vn 0.8371 -0.3160 0.4465
vn -0.4466 0.3160 0.8371
vn 0.0197 0.2866 -0.9579
vn -0.3619 -0.7797 0.5110
vn -0.4466 -0.3160 0.8371
vn -0.4258 0.8507 -0.3084
vn -0.3596 -0.0000 0.9331
vn -0.5209 -0.8506 -0.0712
vn -0.7715 -0.0000 -0.6362
vn 0.1855 -0.7978 -0.5736
vn -0.5436 -0.7797 0.3107
vn -0.2216 0.9750 0.0166
vn 0.8830 0.2866 -0.3716
vn 0.2611 0.7797 0.5692
vn -0.9578 -0.2866 -0.0197
vn -0.5024 -0.8506 0.1551
vn -0.5023 0.8507 0.1551
vn -0.2108 -0.9750 -0.0707
vn -0.4258 -0.8506 -0.3084
vn 0.3811 0.3160 0.8688
vn 0.1774 0.7797 0.6005
vn 0.1774 -0.7797 0.6005
vn 0.3811 -0.3160 0.8688
vn -0.5209 0.8507 -0.0712
vn -0.5436 0.7797 0.3107
vn -0.1612 0.9750 -0.1530
vn -0.3535 0.2866 -0.8904
vn -0.3535 -0.2866 -0.8904
vn -0.9557 -0.0000 -0.2944
vn 0.8830 -0.2866 -0.3716
vn -0.1174 -0.8507 0.5125
vn -0.1174 0.8507 0.5124
vn -0.1668 0.9750 0.1470
vn -0.1668 -0.9750 0.1470
vn 0.2610 -0.7797 0.5691
vn 0.1551 -0.8506 0.5024
vn 0.7532 -0.0000 0.6577
vn 0.5110 0.7797 0.3619
vn -0.9579 0.2866 -0.0197
vn -0.6378 -0.0000 -0.7702
vn 0.9320 -0.0000 -0.3624
vn 0.9679 -0.0000 0.2514
vt 0.181819 0.314921
vt 0.272728 0.314921
vt 0.227273 0.393651
vt 0.000000 0.314921
vt 0.090910 0.314921
vt 0.045455 0.393651
vt 0.727273 0.314921
vt 0.818182 0.314921
vt 0.772727 0.393651
vt 0.545455 0.314921
vt 0.636364 0.314921
vt 0.590909 0.393651
vt 0.363637 0.314921
vt 0.454546 0.314921
vt 0.409092 0.393651
vt 0.500000 0.393651
vt 0.454546 0.472382
vt 0.681818 0.393651
vt 0.636364 0.472382
vt 0.863636 0.393651
vt 0.818182 0.472382
vt 0.909091 0.314921
vt 0.136365 0.393651
vt 0.090910 0.472382
vt 0.318182 0.393651
vt 0.272728 0.472382
vt 0.409092 0.236191
vt 0.500000 0.236191
vt 0.590909 0.236191
vt 0.681818 0.236191
vt 0.772727 0.236191
vt 0.863636 0.236191
vt 0.045455 0.236191
vt 0.136365 0.236191
vt 0.227273 0.236191
vt 0.318182 0.236191
vt 0.954545 0.236191
vt 0.583114 0.937500
vt 0.625000 0.937500
vt 0.625000 1.000000
vt 0.583114 1.000000
vt 0.583114 0.437500
vt 0.625000 0.437500
vt 0.625000 0.500000
vt 0.583114 0.500000
vt 0.573106 0.619653
vt 0.583114 0.619653
vt 0.583114 0.629679
vt 0.573106 0.629679
vt 0.573106 0.070187
vt 0.583114 0.070187
vt 0.583114 0.080214
vt 0.573106 0.080214
vt 0.573106 0.150401
vt 0.583114 0.150401
vt 0.583114 0.160428
vt 0.573106 0.160428
vt 0.573106 0.437500
vt 0.573106 0.500000
vt 0.573106 0.937500
vt 0.573106 1.000000
vt 0.573106 0.750000
vt 0.583114 0.750000
vt 0.583114 0.812500
vt 0.573106 0.812500
vt 0.573106 0.859375
vt 0.583114 0.859375
vt 0.583114 0.875000
vt 0.573106 0.875000
vt 0.573106 0.921875
vt 0.583114 0.921875
vt 0.573106 0.250000
vt 0.583114 0.250000
vt 0.583114 0.312500
vt 0.573107 0.312500
vt 0.573106 0.359375
vt 0.583114 0.359375
vt 0.583114 0.375000
vt 0.573106 0.375000
vt 0.573106 0.421875
vt 0.583114 0.421875
vt 0.625000 0.250000
vt 0.625000 0.312500
vt 0.625000 0.359375
vt 0.625000 0.375000
vt 0.625000 0.421875
vt 0.625000 0.750000
vt 0.625000 0.812500
vt 0.625000 0.859375
vt 0.625000 0.875000
vt 0.625000 0.921875
vt 0.583114 0.890625
vt 0.625000 0.890625
vt 0.625000 0.906250
vt 0.583114 0.906250
vt 0.583114 0.328125
vt 0.625000 0.328125
vt 0.625000 0.343750
vt 0.583114 0.343750
vt 0.573106 0.328125
vt 0.573106 0.343750
vt 0.573106 0.890625
vt 0.573106 0.906250
vt 0.583114 0.828125
vt 0.625000 0.828125
vt 0.625000 0.843750
vt 0.583114 0.843750
vt 0.583114 0.390625
vt 0.625000 0.390625
vt 0.625000 0.406250
vt 0.583114 0.406250
vt 0.573106 0.390625
vt 0.573106 0.406250
vt 0.573106 0.828125
vt 0.573106 0.843750
vt 0.569257 0.750000
vt 0.569257 0.750000
vt 0.573106 0.750000
vt 0.573106 0.589572
vt 0.569257 0.589572
vt 0.569257 0.589572
vt 0.573106 0.040107
vt 0.569257 0.040107
vt 0.573106 0.120321
vt 0.569257 0.120321
vt 0.569257 0.120321
vt 0.573106 0.669786
vt 0.569257 0.669786
vt 0.569257 0.669786
vt 0.569257 1.000000
vt 0.569257 0.709893
vt 0.573106 0.709893
vt 0.569257 0.000000
vt 0.573106 0.000000
vt 0.569257 0.080214
vt 0.569257 0.629679
vt 0.569257 0.406250
vt 0.569257 0.421875
vt 0.569257 0.812500
vt 0.569257 0.828125
vt 0.569257 0.906250
vt 0.569257 0.921875
vt 0.569258 0.312500
vt 0.569257 0.328125
vt 0.569257 0.343750
vt 0.569257 0.359375
vt 0.569257 0.875000
vt 0.569257 0.890625
vt 0.569257 0.843750
vt 0.569257 0.859375
vt 0.569257 0.375000
vt 0.569257 0.390625
vt 0.569257 0.160428
vt 0.569257 0.437500
vt 0.569257 0.250000
vt 0.569257 0.937500
vt 0.569257 0.500000
vt 0.569257 0.150401
vt 0.569257 0.070187
vt 0.569257 0.619653
vt 0.646384 0.699866
vt 0.644739 0.709893
vt 0.612833 0.709893
vt 0.613594 0.699866
vt 0.613594 0.619653
vt 0.612833 0.629679
vt 0.812500 0.619653
vt 0.848682 0.619653
vt 0.848682 0.629679
vt 0.812500 0.629679
vt 0.687500 0.699866
vt 0.687500 0.709893
vt 0.583114 0.699866
vt 0.583114 0.709893
vt 0.583114 0.577145
vt 0.583186 0.583359
vt 0.579392 0.589572
vt 0.583385 0.587907
vt 0.583656 0.589572
vt 0.579392 0.160428
vt 0.583114 0.160428
vt 0.583114 0.033480
vt 0.583186 0.036794
vt 0.579392 0.040107
vt 0.583385 0.039219
vt 0.579392 0.040107
vt 0.583656 0.040107
vt 0.579392 0.080214
vt 0.583114 0.080214
vt 0.583114 0.114842
vt 0.583186 0.117581
vt 0.579392 0.120321
vt 0.583385 0.119587
vt 0.583656 0.120321
vt 0.579392 0.629679
vt 0.583114 0.664307
vt 0.583187 0.667047
vt 0.579392 0.669786
vt 0.583387 0.669052
vt 0.579392 0.669786
vt 0.583656 0.669786
vt 0.579392 0.709893
vt 0.765625 0.589572
vt 0.750000 0.589572
vt 0.750000 0.583359
vt 0.765627 0.583359
vt 0.750000 0.577145
vt 0.765625 0.577145
vt 0.703125 0.589572
vt 0.687500 0.589572
vt 0.687590 0.583370
vt 0.703055 0.583359
vt 0.687500 0.577145
vt 0.703125 0.577145
vt 0.765625 0.635158
vt 0.750000 0.635158
vt 0.750000 0.632419
vt 0.765627 0.632419
vt 0.750000 0.629679
vt 0.765625 0.629679
vt 0.703125 0.635158
vt 0.687500 0.635158
vt 0.687548 0.632419
vt 0.703055 0.632419
vt 0.687500 0.629679
vt 0.703125 0.629679
vt 0.765625 0.669786
vt 0.750000 0.669786
vt 0.750000 0.667047
vt 0.765627 0.667047
vt 0.750000 0.664307
vt 0.765625 0.664307
vt 0.703125 0.669786
vt 0.687500 0.669786
vt 0.687568 0.667047
vt 0.703055 0.667047
vt 0.687500 0.664307
vt 0.703125 0.664307
vt 0.765625 0.716520
vt 0.750000 0.716520
vt 0.750000 0.713206
vt 0.765627 0.713206
vt 0.750000 0.709893
vt 0.765625 0.709893
vt 0.703125 0.716520
vt 0.687500 0.716520
vt 0.687563 0.713194
vt 0.703055 0.713206
vt 0.687500 0.709893
vt 0.703125 0.709893
vt 0.796875 0.589572
vt 0.781250 0.589572
vt 0.781249 0.583359
vt 0.796945 0.583359
vt 0.781250 0.577145
vt 0.796875 0.577145
vt 0.796875 0.635158
vt 0.781250 0.635158
vt 0.781249 0.632419
vt 0.796945 0.632419
vt 0.781250 0.629679
vt 0.796875 0.629679
vt 0.796875 0.669786
vt 0.781250 0.669786
vt 0.781249 0.667047
vt 0.796945 0.667047
vt 0.781250 0.664307
vt 0.796875 0.664307
vt 0.796875 0.716520
vt 0.781250 0.716520
vt 0.781249 0.713206
vt 0.796945 0.713207
vt 0.781250 0.709893
vt 0.796875 0.709893
vt 0.734375 0.589572
vt 0.718750 0.589572
vt 0.718751 0.583359
vt 0.734373 0.583359
vt 0.718750 0.577145
vt 0.734375 0.577145
vt 0.734375 0.635158
vt 0.718750 0.635158
vt 0.718751 0.632419
vt 0.734373 0.632419
vt 0.718750 0.629679
vt 0.734375 0.629679
vt 0.734375 0.669786
vt 0.718750 0.669786
vt 0.718751 0.667047
vt 0.734373 0.667047
vt 0.718750 0.664307
vt 0.734375 0.664307
vt 0.734375 0.716520
vt 0.718750 0.716520
vt 0.718751 0.713206
vt 0.734373 0.713206
vt 0.718750 0.709893
vt 0.734375 0.709893
vt 0.812500 0.589572
vt 0.812462 0.583359
vt 0.812500 0.577145
vt 0.812500 0.635158
vt 0.812462 0.632419
vt 0.812500 0.669786
vt 0.812462 0.667047
vt 0.812500 0.664307
vt 0.812500 0.716520
vt 0.812462 0.713207
vt 0.812500 0.709893
vt 0.649624 0.717629
vt 0.614477 0.716520
vt 0.614479 0.713211
vt 0.651051 0.713740
vt 0.614429 0.709893
vt 0.651121 0.709893
vt 0.614251 0.709893
vt 0.650400 0.709893
vt 0.625000 0.174096
vt 0.613820 0.172855
vt 0.613709 0.166647
vt 0.624955 0.167253
vt 0.613721 0.160428
vt 0.647709 0.203997
vt 0.613622 0.160428
vt 0.670419 0.247566
vt 0.613820 0.577145
vt 0.644921 0.576214
vt 0.645811 0.582911
vt 0.613752 0.583355
vt 0.646511 0.589572
vt 0.614027 0.589572
vt 0.647054 0.589572
vt 0.614233 0.589572
vt 0.651039 0.635158
vt 0.614500 0.635158
vt 0.614495 0.632419
vt 0.651734 0.632419
vt 0.614429 0.629679
vt 0.651121 0.629679
vt 0.614251 0.629679
vt 0.650400 0.629679
vt 0.613928 0.664307
vt 0.646770 0.664307
vt 0.646700 0.667047
vt 0.613812 0.667047
vt 0.646511 0.669786
vt 0.614027 0.669786
vt 0.647054 0.669786
vt 0.614233 0.669786
vt 0.613820 0.033480
vt 0.625000 0.033480
vt 0.624955 0.040107
vt 0.613960 0.039203
vt 0.847370 0.711196
vt 0.848211 0.709893
vt 0.613721 0.040107
vt 0.848264 0.709893
vt 0.613622 0.040107
vt 0.625000 0.085693
vt 0.613820 0.085693
vt 0.613709 0.082953
vt 0.624955 0.082953
vt 0.613721 0.080214
vt 0.647709 0.140071
vt 0.613622 0.080214
vt 0.670419 0.199927
vt 0.613820 0.114842
vt 0.625000 0.114842
vt 0.624955 0.120321
vt 0.613960 0.119523
vt 0.847370 0.630816
vt 0.848211 0.629679
vt 0.613721 0.120321
vt 0.848264 0.629679
vt 0.613622 0.120321
vt 0.848158 0.716520
vt 0.583114 0.040107
vt 0.583114 0.716520
vt 0.583188 0.713206
vt 0.848264 0.589572
vt 0.848211 0.589572
vt 0.847451 0.583359
vt 0.848158 0.577145
vt 0.583186 0.166641
vt 0.583114 0.172855
vt 0.583114 0.589572
vt 0.583114 0.635158
vt 0.583188 0.632419
vt 0.583114 0.669786
vt 0.583114 0.669786
vt 0.848158 0.635158
vt 0.848264 0.669786
vt 0.848211 0.669786
vt 0.847451 0.667047
vt 0.848158 0.664307
vt 0.583186 0.082953
vt 0.583114 0.085693
vt 0.583114 0.120321
vt 0.651318 0.589572
vt 0.644739 0.629679
vt 0.651318 0.669786
vt 0.615875 0.589572
vt 0.612833 0.160428
vt 0.612833 0.040107
vt 0.612833 0.080214
vt 0.612833 0.120321
vt 0.615875 0.669786
vt 0.848682 0.589572
vt 0.848682 0.669786
vt 0.848682 0.709893
vt 0.583114 0.000000
vt 0.583114 0.001109
vt 0.578464 0.000000
vt 0.583114 0.004140
vt 0.583114 0.008279
vt 0.583114 0.741721
vt 0.583211 0.745861
vt 0.578464 0.750000
vt 0.583476 0.748891
vt 0.583833 0.750000
vt 0.734375 0.741721
vt 0.750000 0.741721
vt 0.750000 0.750000
vt 0.734373 0.750000
vt 0.625000 0.859373
vt 0.625000 0.859375
vt 0.796875 0.741721
vt 0.812500 0.741721
vt 0.812500 0.750000
vt 0.796966 0.750000
vt 0.625000 0.921966
vt 0.765625 0.515526
vt 0.750000 0.515526
vt 0.750000 0.500000
vt 0.765627 0.500000
vt 0.625000 0.359373
vt 0.703125 0.515526
vt 0.687500 0.515526
vt 0.687500 0.500000
vt 0.703034 0.500000
vt 0.625000 0.421966
vt 0.765625 0.741721
vt 0.781250 0.741721
vt 0.781248 0.750000
vt 0.765627 0.750000
vt 0.625000 0.890627
vt 0.625000 0.906248
vt 0.796875 0.515526
vt 0.781250 0.515526
vt 0.781248 0.500000
vt 0.796966 0.500000
vt 0.625000 0.328034
vt 0.625000 0.343752
vt 0.703125 0.741721
vt 0.718750 0.741721
vt 0.718751 0.750000
vt 0.703034 0.750000
vt 0.625000 0.828034
vt 0.625000 0.843752
vt 0.625000 0.828125
vt 0.734375 0.515526
vt 0.718750 0.515526
vt 0.718752 0.500000
vt 0.734373 0.500000
vt 0.625000 0.390627
vt 0.625000 0.406248
vt 0.812500 0.515526
vt 0.812500 0.500000
vt 0.687500 0.741721
vt 0.687500 0.750000
vt 0.573106 0.515526
vt 0.569257 0.515526
vt 0.569077 0.507763
vt 0.573106 0.507763
vt 0.569077 0.242237
vt 0.573106 0.242237
vt 0.569257 0.234474
vt 0.573106 0.234474
vt 0.583114 0.515526
vt 0.583161 0.507763
vt 0.583114 0.250000
vt 0.583161 0.242237
vt 0.583114 0.234474
vt 0.625000 0.008279
vt 0.613820 0.008279
vt 0.613840 0.002760
vt 0.624787 0.000000
vt 0.624894 0.986566
vt 0.614038 0.999739
vt 0.614789 1.000000
vt 0.625000 0.988512
vt 0.617019 1.000000
vt 0.625000 0.990444
vt 0.613983 0.741721
vt 0.641191 0.747046
vt 0.638899 0.754317
vt 0.614133 0.745909
vt 0.636489 0.755744
vt 0.615419 0.750000
vt 0.634556 0.754778
vt 0.617019 0.750000
vt 0.613820 0.234474
vt 0.625000 0.241871
vt 0.624860 0.253271
vt 0.613889 0.242303
vt 0.625000 0.257670
vt 0.615401 0.250000
vt 0.625000 0.256393
vt 0.616982 0.250000
vt 0.639729 0.509979
vt 0.613820 0.515526
vt 0.614035 0.507714
vt 0.638550 0.497440
vt 0.615401 0.500000
vt 0.636505 0.494247
vt 0.616982 0.500000
vt 0.634590 0.495205
vt 0.583210 0.004140
vt 0.583473 0.000000
vt 0.613528 0.000000
vt 0.583474 1.000000
vt 0.583114 1.000000
vt 0.847954 0.750000
vt 0.848158 0.741721
vt 0.847956 0.500000
vt 0.848158 0.515526
vt 0.578464 1.000000
vt 0.755283 0.589572
vt 0.750086 0.589572
vt 0.745010 0.589572
vt 0.744717 0.629679
vt 0.749914 0.629679
vt 0.754990 0.629679
vt 0.755283 0.669786
vt 0.750086 0.669786
vt 0.750000 0.669786
vt 0.745010 0.669786
vt 0.744717 0.709893
vt 0.749914 0.709893
vt 0.754990 0.709893
vt 0.786730 0.589572
vt 0.781305 0.589572
vt 0.775957 0.589572
vt 0.775240 0.629679
vt 0.781190 0.629679
vt 0.787055 0.629679
vt 0.786730 0.669786
vt 0.781305 0.669786
vt 0.781250 0.669786
vt 0.775957 0.669786
vt 0.775240 0.709893
vt 0.781190 0.709893
vt 0.781250 0.709893
vt 0.787055 0.709893
vt 0.724760 0.589572
vt 0.718810 0.589572
vt 0.712946 0.589572
vt 0.713270 0.629679
vt 0.718695 0.629679
vt 0.724043 0.629679
vt 0.724760 0.669786
vt 0.718810 0.669786
vt 0.718750 0.669786
vt 0.712945 0.669786
vt 0.713270 0.709893
vt 0.718695 0.709893
vt 0.718750 0.709893
vt 0.724043 0.709893
vt 0.739658 0.589572
vt 0.734425 0.589572
vt 0.729264 0.589572
vt 0.728365 0.629679
vt 0.734318 0.629679
vt 0.740189 0.629679
vt 0.739658 0.669786
vt 0.734425 0.669786
vt 0.734375 0.669786
vt 0.729264 0.669786
vt 0.728365 0.709893
vt 0.734318 0.709893
vt 0.740189 0.709893
vt 0.771635 0.589572
vt 0.765682 0.589572
vt 0.759811 0.589572
vt 0.760342 0.629679
vt 0.765575 0.629679
vt 0.770736 0.629679
vt 0.771635 0.669786
vt 0.765682 0.669786
vt 0.765625 0.669786
vt 0.759811 0.669786
vt 0.760342 0.709893
vt 0.765575 0.709893
vt 0.770736 0.709893
vt 0.803408 0.589572
vt 0.796972 0.589572
vt 0.790674 0.589572
vt 0.791395 0.629679
vt 0.796793 0.629679
vt 0.802076 0.629679
vt 0.803408 0.669786
vt 0.796972 0.669786
vt 0.796875 0.669786
vt 0.790675 0.669786
vt 0.791395 0.709893
vt 0.796793 0.709893
vt 0.796875 0.709893
vt 0.802076 0.709893
vt 0.708605 0.589572
vt 0.703207 0.589572
vt 0.697924 0.589572
vt 0.696592 0.629679
vt 0.703028 0.629679
vt 0.709326 0.629679
vt 0.708605 0.669786
vt 0.703207 0.669786
vt 0.703125 0.669786
vt 0.697924 0.669786
vt 0.696592 0.709893
vt 0.703028 0.709893
vt 0.703125 0.709893
vt 0.709326 0.709893
vt 0.755283 0.699866
vt 0.755283 0.709893
vt 0.750000 0.699866
vt 0.744717 0.699866
vt 0.755283 0.619653
vt 0.755283 0.629679
vt 0.750000 0.619653
vt 0.744717 0.619653
vt 0.786730 0.619653
vt 0.786730 0.629679
vt 0.781250 0.619653
vt 0.775240 0.619653
vt 0.786730 0.699866
vt 0.786730 0.709893
vt 0.781250 0.699866
vt 0.775240 0.699866
vt 0.724760 0.619653
vt 0.724760 0.629679
vt 0.718750 0.619653
vt 0.713270 0.619653
vt 0.724760 0.699866
vt 0.724760 0.709893
vt 0.718750 0.699866
vt 0.713270 0.699866
vt 0.739658 0.619653
vt 0.739658 0.629679
vt 0.734375 0.619653
vt 0.728365 0.619653
vt 0.739658 0.699866
vt 0.739658 0.709893
vt 0.734375 0.699866
vt 0.728365 0.699866
vt 0.771635 0.699866
vt 0.771635 0.709893
vt 0.765625 0.699866
vt 0.760342 0.699866
vt 0.771635 0.619653
vt 0.771635 0.629679
vt 0.765625 0.619653
vt 0.760342 0.619653
vt 0.803408 0.619652
vt 0.803408 0.629679
vt 0.796875 0.619653
vt 0.791395 0.619652
vt 0.803408 0.699866
vt 0.803408 0.709893
vt 0.796875 0.699866
vt 0.791395 0.699866
vt 0.708605 0.699866
vt 0.708605 0.709893
vt 0.703125 0.699866
vt 0.696592 0.699866
vt 0.708605 0.619652
vt 0.708605 0.629679
vt 0.703125 0.619653
vt 0.696592 0.619652
vt 0.760342 0.589572
vt 0.744717 0.589572
vt 0.760342 0.669786
vt 0.744717 0.669786
vt 0.791395 0.589572
vt 0.775240 0.589572
vt 0.791395 0.669786
vt 0.775240 0.669786
vt 0.728365 0.589572
vt 0.713270 0.589572
vt 0.728365 0.669786
vt 0.713270 0.669786
vt 0.812500 0.699866
vt 0.696592 0.589572
vt 0.687500 0.619653
vt 0.696592 0.669786
vt 0.687500 0.599599
vt 0.696592 0.599599
vt 0.696592 0.609626
vt 0.687500 0.609626
vt 0.803408 0.599599
vt 0.812500 0.599599
vt 0.812500 0.609626
vt 0.803408 0.609626
vt 0.708605 0.599599
vt 0.713270 0.599599
vt 0.713270 0.609626
vt 0.708605 0.609626
vt 0.724760 0.599599
vt 0.728365 0.599599
vt 0.728365 0.609626
vt 0.724760 0.609626
vt 0.771635 0.599599
vt 0.775240 0.599599
vt 0.775240 0.609626
vt 0.771635 0.609626
vt 0.786730 0.599599
vt 0.791395 0.599599
vt 0.791395 0.609626
vt 0.786730 0.609626
vt 0.739658 0.599599
vt 0.744717 0.599599
vt 0.744717 0.609626
vt 0.739658 0.609626
vt 0.755283 0.599599
vt 0.760342 0.599599
vt 0.760342 0.609626
vt 0.755283 0.609626
vt 0.703125 0.599599
vt 0.703125 0.609626
vt 0.796875 0.599599
vt 0.796875 0.609626
vt 0.765625 0.599599
vt 0.765625 0.609626
vt 0.734375 0.599599
vt 0.734375 0.609626
vt 0.718750 0.599599
vt 0.718750 0.609626
vt 0.781250 0.599599
vt 0.781250 0.609626
vt 0.750000 0.599599
vt 0.750000 0.609626
vt 0.583114 0.130348
vt 0.612833 0.130348
vt 0.612833 0.140374
vt 0.583114 0.140374
vt 0.848682 0.599599
vt 0.848682 0.609626
vt 0.625000 0.130348
vt 0.625000 0.140374
vt 0.569257 0.599599
vt 0.573106 0.599599
vt 0.573106 0.609626
vt 0.569257 0.609626
vt 0.573106 0.130348
vt 0.573106 0.140374
vt 0.583114 0.599599
vt 0.583114 0.609626
vt 0.649674 0.599599
vt 0.569257 0.130348
vt 0.625000 0.120321
vt 0.614354 0.609626
vt 0.696592 0.679813
vt 0.687500 0.679813
vt 0.696592 0.689840
vt 0.687500 0.689840
vt 0.812500 0.679813
vt 0.803408 0.679813
vt 0.812500 0.689840
vt 0.803408 0.689840
vt 0.713270 0.679813
vt 0.708605 0.679813
vt 0.713270 0.689840
vt 0.708605 0.689840
vt 0.728365 0.679813
vt 0.724760 0.679813
vt 0.728365 0.689840
vt 0.724760 0.689840
vt 0.775240 0.679813
vt 0.771635 0.679813
vt 0.775240 0.689840
vt 0.771635 0.689840
vt 0.791395 0.679813
vt 0.786730 0.679813
vt 0.791395 0.689840
vt 0.786730 0.689840
vt 0.744717 0.679813
vt 0.739658 0.679813
vt 0.744717 0.689840
vt 0.739658 0.689840
vt 0.760342 0.679813
vt 0.755283 0.679813
vt 0.760342 0.689840
vt 0.755283 0.689840
vt 0.703125 0.679813
vt 0.703125 0.689839
vt 0.796875 0.679813
vt 0.796875 0.689839
vt 0.765625 0.679813
vt 0.765625 0.689840
vt 0.734375 0.679813
vt 0.734375 0.689840
vt 0.718750 0.679813
vt 0.718750 0.689839
vt 0.781250 0.679813
vt 0.781250 0.689839
vt 0.750000 0.679813
vt 0.750000 0.689839
vt 0.612833 0.050134
vt 0.583114 0.050134
vt 0.848682 0.679813
vt 0.848682 0.689840
vt 0.615115 0.679813
vt 0.583114 0.679813
vt 0.614354 0.689840
vt 0.583114 0.689840
vt 0.648029 0.689840
vt 0.573106 0.050134
vt 0.569257 0.050134
vt 0.648173 0.608744
vt 0.665228 0.609626
vt 0.647884 0.610508
vt 0.633765 0.609626
vt 0.615181 0.598717
vt 0.629753 0.599599
vt 0.615048 0.600481
vt 0.608737 0.599599
vt 0.617987 0.150401
vt 0.612833 0.151283
vt 0.606910 0.150401
vt 0.612833 0.149519
vt 0.632495 0.619653
vt 0.646528 0.618771
vt 0.664299 0.619653
vt 0.646239 0.620534
vt 0.577757 0.060160
vt 0.573106 0.061023
vt 0.571530 0.060160
vt 0.573106 0.059298
vt 0.577757 0.679813
vt 0.573106 0.680675
vt 0.571530 0.679813
vt 0.573106 0.678951
vt 0.573106 0.700728
vt 0.571530 0.699866
vt 0.573106 0.699004
vt 0.577757 0.699866
vt 0.649815 0.678951
vt 0.666156 0.679813
vt 0.649532 0.680675
vt 0.635035 0.679813
vt 0.625000 0.049272
vt 0.625000 0.050134
vt 0.625000 0.050565
vt 0.619846 0.050134
vt 0.612833 0.071049
vt 0.606910 0.070187
vt 0.612833 0.069325
vt 0.617987 0.070187
vt 0.612833 0.061023
vt 0.606910 0.060160
vt 0.612833 0.059298
vt 0.617987 0.060160
vt 0.570834 0.140374
vt 0.569257 0.139492
vt 0.569257 0.141256
vt 0.625000 0.150401
vt 0.625000 0.160428
vt 0.583114 0.060160
vt 0.569257 0.060160
vt 0.569257 0.679813
vt 0.573106 0.689840
vt 0.569257 0.689839
vt 0.569257 0.699866
vt 0.625000 0.040107
vt 0.832916 0.699866
vt 0.848682 0.700728
vt 0.625000 0.060160
vt 0.848682 0.699004
vt 0.625000 0.070187
vt 0.625000 0.080214
vt 0.875000 0.687500
vt 0.875000 0.625000
vt 0.875000 0.625000
vt 0.875000 0.687500
vt 0.875000 0.562500
vt 0.875000 0.562500
vt 0.125000 0.562500
vt 0.125000 0.625000
vt 0.125000 0.687500
vt 0.625000 0.562500
vt 0.625000 0.625000
vt 0.625000 0.562500
vt 0.625000 0.687500
vt 0.375000 0.687500
vt 0.375000 0.687500
vt 0.375000 0.625000
vt 0.375000 0.562500
vt 0.375000 0.562500
vt 0.625000 0.687500
vt 0.375000 0.687500
vt 0.375000 0.625000
vt 0.125000 0.562500
vt 0.125000 0.562500
vt 0.875000 0.625000
vt 0.875000 0.562500
vt 0.875000 0.687500
vt 0.375000 0.562500
vt 0.125000 0.687500
vt 0.625000 0.687500
vt 0.375000 0.625000
vt 0.812500 0.562500
vt 0.812500 0.625000
vt 0.812500 0.687500
vt 0.312500 0.562500
vt 0.312500 0.625000
vt 0.312500 0.687500
vt 0.187500 0.687500
vt 0.187500 0.625000
vt 0.187500 0.562500
vt 0.187500 0.500000
vt 0.250000 0.562500
vt 0.250000 0.500000
vt 0.312500 0.500000
vt 0.687500 0.625000
vt 0.687500 0.687500
vt 0.687500 0.562500
vt 0.687500 0.500000
vt 0.750000 0.562500
vt 0.250000 0.500000
vt 0.187500 0.500000
vt 0.750000 0.500000
vt 0.687500 0.500000
vt 0.187500 0.500000
vt 0.187500 0.750000
vt 0.250000 0.750000
vt 0.250000 0.750000
vt 0.312500 0.750000
vt 0.750000 0.750000
vt 0.812500 0.750000
vt 0.187500 0.750000
vt 0.250000 0.750000
vt 0.312500 0.500000
vt 0.250000 0.500000
vt 0.187500 0.500000
vt 0.812500 0.500000
vt 0.750000 0.687500
vt 0.687500 0.750000
vt 0.187500 0.750000
vt 0.250000 0.687500
vt 0.812500 0.500000
vt 0.750000 0.500000
vt 0.687500 0.500000
vt 0.793759 0.625000
vt 0.750000 0.573132
vt 0.750000 0.676868
vt 0.706241 0.625000
vt 0.750000 0.586617
vt 0.717618 0.625000
vt 0.782382 0.625000
vt 0.750000 0.663383
vt 0.768134 0.641889
vt 0.775535 0.633115
vt 0.731866 0.608111
vt 0.735752 0.646494
vt 0.750000 0.663383
vt 0.764248 0.603506
vt 0.600108 0.500000
vt 0.600108 0.500000
vt 0.635558 0.500000
vt 0.636811 0.500000
vt 0.600108 0.250000
vt 0.600109 0.250000
vt 0.875000 0.500000
vt 0.869461 0.505219
vt 0.862849 0.500000
vt 0.137151 0.500000
vt 0.125000 0.500000
vt 0.130539 0.505219
vt 0.375000 0.250000
vt 0.399892 0.250000
vt 0.399893 0.250000
vt 0.363189 0.500000
vt 0.375000 0.500000
vt 0.364442 0.500000
vt 0.399892 0.500000
vt 0.399892 0.500000
vt 0.125000 0.511756
vt 0.125000 0.512306
vt 0.399893 0.250000
vt 0.399894 0.250000
vt 0.875000 0.511756
vt 0.875000 0.738132
vt 0.875000 0.737644
vt 0.875000 0.750000
vt 0.600108 1.000000
vt 0.125000 0.738140
vt 0.125000 0.750000
vt 0.129884 0.745399
vt 0.375000 1.000000
vt 0.399935 1.000000
vt 0.401505 1.000000
vt 0.600108 0.750000
vt 0.600108 0.750000
vt 0.625000 0.737644
vt 0.625000 0.738132
vt 0.600109 0.500000
vt 0.625000 0.500000
vt 0.630539 0.505219
vt 0.625000 0.511756
vt 0.375000 0.511756
vt 0.369461 0.505219
vt 0.399893 0.500000
vt 0.399893 0.500000
vt 0.375000 0.738140
vt 0.375000 0.750000
vt 0.375000 0.737651
vt 0.399935 0.750000
vt 0.399925 0.750000
vt 0.375000 0.737170
vt 0.375000 0.750000
vt 0.375000 0.736689
vt 0.399920 0.750000
vt 0.399916 0.750000
vt 0.625000 0.737163
vt 0.600108 0.750000
vt 0.399894 0.500000
vt 0.375000 0.500000
vt 0.399894 0.500000
vt 0.375000 0.512788
vt 0.375000 0.513269
vt 0.125000 0.512788
vt 0.125000 0.513269
vt 0.399894 0.250000
vt 0.399894 0.250000
vt 0.875000 0.512788
vt 0.875000 0.512306
vt 0.875000 0.737163
vt 0.875000 0.736683
vt 0.600108 1.000000
vt 0.125000 0.737170
vt 0.125000 0.737651
vt 0.399920 1.000000
vt 0.399925 1.000000
vt 0.625000 0.500000
vt 0.625000 0.512306
vt 0.625000 0.512788
vt 0.600108 0.250000
vt 0.875000 0.509884
vt 0.875000 0.513269
vt 0.600108 1.000000
vt 0.875000 0.740083
vt 0.399916 1.000000
vt 0.399910 1.000000
vt 0.125000 0.736689
vt 0.125000 0.740087
vt 0.399895 0.250000
vt 0.125000 0.509884
vt 0.375000 0.740087
vt 0.399910 0.750000
vt 0.625000 0.740083
vt 0.625000 0.736683
vt 0.399895 0.500000
vt 0.375000 0.509884
vt 0.625000 0.513269
vt 0.625000 0.509884
vt 0.633131 0.500000
vt 0.864442 0.500000
vt 0.866869 0.500000
vt 0.133131 0.500000
vt 0.135558 0.500000
vt 0.399892 0.250000
vt 0.399892 0.250000
vt 0.366869 0.500000
vt 0.399892 0.500000
vt 0.134600 0.748566
vt 0.125000 0.750000
vt 0.136734 0.750000
vt 0.375000 1.000000
vt 0.401507 1.000000
vt 0.401508 1.000000
vt 0.865380 0.748571
vt 0.870082 0.745414
vt 0.598548 1.000000
vt 0.401507 0.750000
vt 0.401508 0.750000
vt 0.365400 0.748566
vt 0.363266 0.750000
vt 0.598548 0.750000
vt 0.629918 0.745414
vt 0.634619 0.748571
vt 0.401515 0.750000
vt 0.365186 0.750000
vt 0.401515 1.000000
vt 0.134814 0.750000
vt 0.865173 0.750000
vt 0.863252 0.750000
vt 0.598548 1.000000
vt 0.636748 0.750000
vt 0.634827 0.750000
vt 0.866671 0.750000
vt 0.598548 0.750000
vt 0.633329 0.750000
vt 0.366684 0.750000
vt 0.401527 0.750000
vt 0.401527 1.000000
vt 0.133316 0.750000
vt 0.638064 0.500000
vt 0.637151 0.500000
vt 0.861936 0.500000
vt 0.863189 0.500000
vt 0.136811 0.500000
vt 0.138064 0.500000
vt 0.399892 0.250000
vt 0.399892 0.250000
vt 0.362849 0.500000
vt 0.375000 0.500000
vt 0.361936 0.500000
vt 0.399892 0.500000
vt 0.399892 0.500000
vt 0.186045 0.500000
vt 0.134112 0.500000
vt 0.249730 0.500000
vt 0.199676 0.500000
vt 0.634112 0.500000
vt 0.686045 0.500000
vt 0.650163 0.500000
vt 0.365888 0.500000
vt 0.399892 0.500000
vt 0.399892 0.250000
vt 0.865888 0.500000
vt 0.125000 0.689085
vt 0.125000 0.739586
vt 0.375000 0.060915
vt 0.399902 0.062500
vt 0.399906 0.000000
vt 0.375000 0.000000
vt 0.875000 0.510386
vt 0.875000 0.560915
vt 0.625000 0.189085
vt 0.600108 0.187500
vt 0.375000 0.560915
vt 0.375000 0.510386
vt 0.399898 0.562500
vt 0.399896 0.500000
vt 0.625000 0.739581
vt 0.625000 0.689085
vt 0.600108 0.687500
vt 0.625000 0.510386
vt 0.875000 0.739581
vt 0.375000 1.000000
vt 0.399906 1.000000
vt 0.399896 0.250000
vt 0.125000 0.510386
vt 0.375000 0.739585
vt 0.399906 0.750000
vt 0.313749 0.750000
vt 0.366462 0.750000
vt 0.375000 0.811251
vt 0.399956 0.812500
vt 0.399964 0.750000
vt 0.866438 0.750000
vt 0.813788 0.750000
vt 0.625000 0.938788
vt 0.600108 0.937500
vt 0.633562 0.750000
vt 0.399964 1.000000
vt 0.133538 0.750000
vt 0.375000 0.512306
vt 0.399894 0.500000
vt 0.370116 0.745399
vt 0.401505 0.750000
vt 0.125000 0.560915
vt 0.399898 0.187500
vt 0.375000 0.189085
vt 0.399900 0.125000
vt 0.375000 0.125000
vt 0.875000 0.689085
vt 0.625000 0.000000
vt 0.625000 0.060915
vt 0.600108 0.062500
vt 0.600108 0.000000
vt 0.625000 0.125000
vt 0.600108 0.125000
vt 0.375000 0.689085
vt 0.399902 0.687500
vt 0.399900 0.625000
vt 0.625000 0.560915
vt 0.600108 0.562500
vt 0.600108 0.625000
vt 0.313955 0.500000
vt 0.349838 0.500000
vt 0.250000 0.500000
vt 0.299784 0.500000
vt 0.813955 0.500000
vt 0.750271 0.500000
vt 0.800325 0.500000
vt 0.700217 0.500000
vt 0.186251 0.750000
vt 0.399956 0.937500
vt 0.375000 0.938749
vt 0.399954 0.875000
vt 0.375000 0.875000
vt 0.686211 0.750000
vt 0.625000 0.811211
vt 0.600108 0.812500
vt 0.600108 0.875000
vt 0.250000 0.571089
vt 0.295445 0.625000
vt 0.250000 0.678911
vt 0.204619 0.625000
vt 0.286980 0.625000
vt 0.250005 0.581132
vt 0.213074 0.625000
vt 0.250005 0.668868
vt 0.234215 0.650113
vt 0.229013 0.643933
vt 0.234815 0.599175
vt 0.265213 0.650825
vt 0.271128 0.606193
vt 0.625000 0.050282
vt 0.375000 0.050282
vt 0.625000 0.300282
vt 0.375000 0.300282
vt 0.375000 0.199718
vt 0.625000 0.199718
vt 0.125000 0.550282
vt 0.175282 0.500000
vt 0.175282 0.750000
vt 0.125000 0.699718
vt 0.625000 0.949718
vt 0.375000 0.949718
vt 0.824718 0.500000
vt 0.875000 0.550282
vt 0.875000 0.699718
vt 0.824718 0.750000
s 1
usemtl Dunkles_Metall
f 1/1/1 17/2/2 22/3/3
f 2/4/4 18/5/5 24/6/6
f 3/7/7 19/8/8 25/9/9
f 4/10/10 20/11/11 26/12/12
f 5/13/13 21/14/14 23/15/15
f 23/15/15 26/16/12 6/17/16
f 23/15/15 21/14/14 26/16/12
f 21/14/14 4/10/10 26/16/12
f 26/12/12 25/18/9 6/19/16
f 26/12/12 20/11/11 25/18/9
f 20/11/11 3/7/7 25/18/9
f 25/9/9 24/20/6 6/21/16
f 25/9/9 19/8/8 24/20/6
f 19/8/8 2/22/4 24/20/6
f 24/6/6 22/23/3 6/24/16
f 24/6/6 18/5/5 22/23/3
f 18/5/5 1/1/1 22/23/3
f 22/3/3 23/25/15 6/26/16
f 22/3/3 17/2/2 23/25/15
f 17/2/2 5/13/13 23/25/15
f 8/27/17 21/14/14 5/13/13
f 8/27/17 15/28/18 21/14/14
f 15/28/18 4/10/10 21/14/14
f 16/29/19 20/11/11 4/10/10
f 16/29/19 13/30/20 20/11/11
f 13/30/20 3/7/7 20/11/11
f 14/31/21 19/8/8 3/7/7
f 14/31/21 11/32/22 19/8/8
f 11/32/22 2/22/4 19/8/8
f 12/33/23 18/5/5 2/4/4
f 12/33/23 9/34/24 18/5/5
f 9/34/24 1/1/1 18/5/5
f 10/35/25 17/2/2 1/1/1
f 10/35/25 7/36/26 17/2/2
f 7/36/26 5/13/13 17/2/2
f 15/28/18 16/29/19 4/10/10
f 13/30/20 14/31/21 3/7/7
f 11/32/22 12/37/23 2/22/4
f 9/34/24 10/35/25 1/1/1
f 7/36/26 8/27/17 5/13/13
f 1484/1/590 1500/2/591 1505/3/592
f 1485/4/593 1501/5/594 1507/6/595
f 1486/7/596 1502/8/15 1508/9/597
f 1487/10/598 1503/11/599 1509/12/600
f 1488/13/601 1504/14/602 1506/15/603
f 1506/15/603 1509/16/600 1489/17/33
f 1506/15/603 1504/14/602 1509/16/600
f 1504/14/602 1487/10/598 1509/16/600
f 1509/12/600 1508/18/597 1489/19/33
f 1509/12/600 1503/11/599 1508/18/597
f 1503/11/599 1486/7/596 1508/18/597
f 1508/9/597 1507/20/595 1489/21/33
f 1508/9/597 1502/8/15 1507/20/595
f 1502/8/15 1485/22/593 1507/20/595
f 1507/6/595 1505/23/592 1489/24/33
f 1507/6/595 1501/5/594 1505/23/592
f 1501/5/594 1484/1/590 1505/23/592
f 1505/3/592 1506/25/603 1489/26/33
f 1505/3/592 1500/2/591 1506/25/603
f 1500/2/591 1488/13/601 1506/25/603
f 1491/27/604 1504/14/602 1488/13/601
f 1491/27/604 1498/28/605 1504/14/602
f 1498/28/605 1487/10/598 1504/14/602
f 1499/29/606 1503/11/599 1487/10/598
f 1499/29/606 1496/30/607 1503/11/599
f 1496/30/607 1486/7/596 1503/11/599
f 1497/31/608 1502/8/15 1486/7/596
f 1497/31/608 1494/32/609 1502/8/15
f 1494/32/609 1485/22/593 1502/8/15
f 1495/33/610 1501/5/594 1485/4/593
f 1495/33/610 1492/34/611 1501/5/594
f 1492/34/611 1484/1/590 1501/5/594
f 1493/35/612 1500/2/591 1484/1/590
f 1493/35/612 1490/36/613 1500/2/591
f 1490/36/613 1488/13/601 1500/2/591
f 1498/28/605 1499/29/606 1487/10/598
f 1496/30/607 1497/31/608 1486/7/596
f 1494/32/609 1495/37/610 1485/22/593
f 1492/34/611 1493/35/612 1484/1/590
f 1490/36/613 1491/27/604 1488/13/601
f 1510/1/614 1526/2/615 1531/3/616
f 1511/4/617 1527/5/618 1533/6/619
f 1512/7/620 1528/8/621 1534/9/622
f 1513/10/623 1529/11/624 1535/12/625
f 1514/13/626 1530/14/627 1532/15/628
f 1532/15/628 1535/16/625 1515/17/629
f 1532/15/628 1530/14/627 1535/16/625
f 1530/14/627 1513/10/623 1535/16/625
f 1535/12/625 1534/18/622 1515/19/629
f 1535/12/625 1529/11/624 1534/18/622
f 1529/11/624 1512/7/620 1534/18/622
f 1534/9/622 1533/20/619 1515/21/629
f 1534/9/622 1528/8/621 1533/20/619
f 1528/8/621 1511/22/617 1533/20/619
f 1533/6/619 1531/23/616 1515/24/629
f 1533/6/619 1527/5/618 1531/23/616
f 1527/5/618 1510/1/614 1531/23/616
f 1531/3/616 1532/25/628 1515/26/629
f 1531/3/616 1526/2/615 1532/25/628
f 1526/2/615 1514/13/626 1532/25/628
f 1517/27/630 1530/14/627 1514/13/626
f 1517/27/630 1524/28/631 1530/14/627
f 1524/28/631 1513/10/623 1530/14/627
f 1525/29/632 1529/11/624 1513/10/623
f 1525/29/632 1522/30/633 1529/11/624
f 1522/30/633 1512/7/620 1529/11/624
f 1523/31/634 1528/8/621 1512/7/620
f 1523/31/634 1520/32/635 1528/8/621
f 1520/32/635 1511/22/617 1528/8/621
f 1521/33/636 1527/5/618 1511/4/617
f 1521/33/636 1518/34/637 1527/5/618
f 1518/34/637 1510/1/614 1527/5/618
f 1519/35/638 1526/2/615 1510/1/614
f 1519/35/638 1516/36/639 1526/2/615
f 1516/36/639 1514/13/626 1526/2/615
f 1524/28/631 1525/29/632 1513/10/623
f 1522/30/633 1523/31/634 1512/7/620
f 1520/32/635 1521/37/636 1511/22/617
f 1518/34/637 1519/35/638 1510/1/614
f 1516/36/639 1517/27/630 1514/13/626
f 1536/1/640 1552/2/641 1557/3/642
f 1537/4/643 1553/5/644 1559/6/645
f 1538/7/646 1554/8/647 1560/9/648
f 1539/10/649 1555/11/650 1561/12/651
f 1540/13/652 1556/14/653 1558/15/654
f 1558/15/654 1561/16/651 1541/17/655
f 1558/15/654 1556/14/653 1561/16/651
f 1556/14/653 1539/10/649 1561/16/651
f 1561/12/651 1560/18/648 1541/19/655
f 1561/12/651 1555/11/650 1560/18/648
f 1555/11/650 1538/7/646 1560/18/648
f 1560/9/648 1559/20/645 1541/21/655
f 1560/9/648 1554/8/647 1559/20/645
f 1554/8/647 1537/22/643 1559/20/645
f 1559/6/645 1557/23/642 1541/24/655
f 1559/6/645 1553/5/644 1557/23/642
f 1553/5/644 1536/1/640 1557/23/642
f 1557/3/642 1558/25/654 1541/26/655
f 1557/3/642 1552/2/641 1558/25/654
f 1552/2/641 1540/13/652 1558/25/654
f 1543/27/656 1556/14/653 1540/13/652
f 1543/27/656 1550/28/657 1556/14/653
f 1550/28/657 1539/10/649 1556/14/653
f 1551/29/658 1555/11/650 1539/10/649
f 1551/29/658 1548/30/659 1555/11/650
f 1548/30/659 1538/7/646 1555/11/650
f 1549/31/660 1554/8/647 1538/7/646
f 1549/31/660 1546/32/661 1554/8/647
f 1546/32/661 1537/22/643 1554/8/647
f 1547/33/662 1553/5/644 1537/4/643
f 1547/33/662 1544/34/663 1553/5/644
f 1544/34/663 1536/1/640 1553/5/644
f 1545/35/664 1552/2/641 1536/1/640
f 1545/35/664 1542/36/665 1552/2/641
f 1542/36/665 1540/13/652 1552/2/641
f 1550/28/657 1551/29/658 1539/10/649
f 1548/30/659 1549/31/660 1538/7/646
f 1546/32/661 1547/37/662 1537/22/643
f 1544/34/663 1545/35/664 1536/1/640
f 1542/36/665 1543/27/656 1540/13/652
f 1562/1/666 1578/2/667 1583/3/668
f 1563/4/669 1579/5/670 1585/6/671
f 1564/7/672 1580/8/673 1586/9/674
f 1565/10/675 1581/11/676 1587/12/677
f 1566/13/678 1582/14/679 1584/15/680
f 1584/15/680 1587/16/677 1567/17/681
f 1584/15/680 1582/14/679 1587/16/677
f 1582/14/679 1565/10/675 1587/16/677
f 1587/12/677 1586/18/674 1567/19/681
f 1587/12/677 1581/11/676 1586/18/674
f 1581/11/676 1564/7/672 1586/18/674
f 1586/9/674 1585/20/671 1567/21/681
f 1586/9/674 1580/8/673 1585/20/671
f 1580/8/673 1563/22/669 1585/20/671
f 1585/6/671 1583/23/668 1567/24/681
f 1585/6/671 1579/5/670 1583/23/668
f 1579/5/670 1562/1/666 1583/23/668
f 1583/3/668 1584/25/680 1567/26/681
f 1583/3/668 1578/2/667 1584/25/680
f 1578/2/667 1566/13/678 1584/25/680
f 1569/27/682 1582/14/679 1566/13/678
f 1569/27/682 1576/28/683 1582/14/679
f 1576/28/683 1565/10/675 1582/14/679
f 1577/29/684 1581/11/676 1565/10/675
f 1577/29/684 1574/30/685 1581/11/676
f 1574/30/685 1564/7/672 1581/11/676
f 1575/31/686 1580/8/673 1564/7/672
f 1575/31/686 1572/32/687 1580/8/673
f 1572/32/687 1563/22/669 1580/8/673
f 1573/33/688 1579/5/670 1563/4/669
f 1573/33/688 1570/34/689 1579/5/670
f 1570/34/689 1562/1/666 1579/5/670
f 1571/35/690 1578/2/667 1562/1/666
f 1571/35/690 1568/36/691 1578/2/667
f 1568/36/691 1566/13/678 1578/2/667
f 1576/28/683 1577/29/684 1565/10/675
f 1574/30/685 1575/31/686 1564/7/672
f 1572/32/687 1573/37/688 1563/22/669
f 1570/34/689 1571/35/690 1562/1/666
f 1568/36/691 1569/27/682 1566/13/678
f 1588/1/692 1604/2/693 1609/3/694
f 1589/4/695 1605/5/696 1611/6/697
f 1590/7/698 1606/8/699 1612/9/700
f 1591/10/701 1607/11/702 1613/12/703
f 1592/13/704 1608/14/705 1610/15/706
f 1610/15/706 1613/16/703 1593/17/707
f 1610/15/706 1608/14/705 1613/16/703
f 1608/14/705 1591/10/701 1613/16/703
f 1613/12/703 1612/18/700 1593/19/707
f 1613/12/703 1607/11/702 1612/18/700
f 1607/11/702 1590/7/698 1612/18/700
f 1612/9/700 1611/20/697 1593/21/707
f 1612/9/700 1606/8/699 1611/20/697
f 1606/8/699 1589/22/695 1611/20/697
f 1611/6/697 1609/23/694 1593/24/707
f 1611/6/697 1605/5/696 1609/23/694
f 1605/5/696 1588/1/692 1609/23/694
f 1609/3/694 1610/25/706 1593/26/707
f 1609/3/694 1604/2/693 1610/25/706
f 1604/2/693 1592/13/704 1610/25/706
f 1595/27/708 1608/14/705 1592/13/704
f 1595/27/708 1602/28/709 1608/14/705
f 1602/28/709 1591/10/701 1608/14/705
f 1603/29/710 1607/11/702 1591/10/701
f 1603/29/710 1600/30/711 1607/11/702
f 1600/30/711 1590/7/698 1607/11/702
f 1601/31/712 1606/8/699 1590/7/698
f 1601/31/712 1598/32/713 1606/8/699
f 1598/32/713 1589/22/695 1606/8/699
f 1599/33/714 1605/5/696 1589/4/695
f 1599/33/714 1596/34/715 1605/5/696
f 1596/34/715 1588/1/692 1605/5/696
f 1597/35/716 1604/2/693 1588/1/692
f 1597/35/716 1594/36/717 1604/2/693
f 1594/36/717 1592/13/704 1604/2/693
f 1602/28/709 1603/29/710 1591/10/701
f 1600/30/711 1601/31/712 1590/7/698
f 1598/32/713 1599/37/714 1589/22/695
f 1596/34/715 1597/35/716 1588/1/692
f 1594/36/717 1595/27/708 1592/13/704
f 1614/1/718 1630/2/719 1635/3/720
f 1615/4/721 1631/5/722 1637/6/723
f 1616/7/724 1632/8/725 1638/9/726
f 1617/10/727 1633/11/728 1639/12/729
f 1618/13/730 1634/14/731 1636/15/732
f 1636/15/732 1639/16/729 1619/17/733
f 1636/15/732 1634/14/731 1639/16/729
f 1634/14/731 1617/10/727 1639/16/729
f 1639/12/729 1638/18/726 1619/19/733
f 1639/12/729 1633/11/728 1638/18/726
f 1633/11/728 1616/7/724 1638/18/726
f 1638/9/726 1637/20/723 1619/21/733
f 1638/9/726 1632/8/725 1637/20/723
f 1632/8/725 1615/22/721 1637/20/723
f 1637/6/723 1635/23/720 1619/24/733
f 1637/6/723 1631/5/722 1635/23/720
f 1631/5/722 1614/1/718 1635/23/720
f 1635/3/720 1636/25/732 1619/26/733
f 1635/3/720 1630/2/719 1636/25/732
f 1630/2/719 1618/13/730 1636/25/732
f 1621/27/734 1634/14/731 1618/13/730
f 1621/27/734 1628/28/735 1634/14/731
f 1628/28/735 1617/10/727 1634/14/731
f 1629/29/736 1633/11/728 1617/10/727
f 1629/29/736 1626/30/737 1633/11/728
f 1626/30/737 1616/7/724 1633/11/728
f 1627/31/738 1632/8/725 1616/7/724
f 1627/31/738 1624/32/739 1632/8/725
f 1624/32/739 1615/22/721 1632/8/725
f 1625/33/740 1631/5/722 1615/4/721
f 1625/33/740 1622/34/741 1631/5/722
f 1622/34/741 1614/1/718 1631/5/722
f 1623/35/742 1630/2/719 1614/1/718
f 1623/35/742 1620/36/743 1630/2/719
f 1620/36/743 1618/13/730 1630/2/719
f 1628/28/735 1629/29/736 1617/10/727
f 1626/30/737 1627/31/738 1616/7/724
f 1624/32/739 1625/37/740 1615/22/721
f 1622/34/741 1623/35/742 1614/1/718
f 1620/36/743 1621/27/734 1618/13/730
f 1640/1/744 1656/2/745 1661/3/746
f 1641/4/747 1657/5/748 1663/6/749
f 1642/7/750 1658/8/751 1664/9/752
f 1643/10/753 1659/11/754 1665/12/755
f 1644/13/756 1660/14/757 1662/15/758
f 1662/15/758 1665/16/755 1645/17/759
f 1662/15/758 1660/14/757 1665/16/755
f 1660/14/757 1643/10/753 1665/16/755
f 1665/12/755 1664/18/752 1645/19/759
f 1665/12/755 1659/11/754 1664/18/752
f 1659/11/754 1642/7/750 1664/18/752
f 1664/9/752 1663/20/749 1645/21/759
f 1664/9/752 1658/8/751 1663/20/749
f 1658/8/751 1641/22/747 1663/20/749
f 1663/6/749 1661/23/746 1645/24/759
f 1663/6/749 1657/5/748 1661/23/746
f 1657/5/748 1640/1/744 1661/23/746
f 1661/3/746 1662/25/758 1645/26/759
f 1661/3/746 1656/2/745 1662/25/758
f 1656/2/745 1644/13/756 1662/25/758
f 1647/27/760 1660/14/757 1644/13/756
f 1647/27/760 1654/28/761 1660/14/757
f 1654/28/761 1643/10/753 1660/14/757
f 1655/29/762 1659/11/754 1643/10/753
f 1655/29/762 1652/30/763 1659/11/754
f 1652/30/763 1642/7/750 1659/11/754
f 1653/31/764 1658/8/751 1642/7/750
f 1653/31/764 1650/32/765 1658/8/751
f 1650/32/765 1641/22/747 1658/8/751
f 1651/33/766 1657/5/748 1641/4/747
f 1651/33/766 1648/34/767 1657/5/748
f 1648/34/767 1640/1/744 1657/5/748
f 1649/35/768 1656/2/745 1640/1/744
f 1649/35/768 1646/36/769 1656/2/745
f 1646/36/769 1644/13/756 1656/2/745
f 1654/28/761 1655/29/762 1643/10/753
f 1652/30/763 1653/31/764 1642/7/750
f 1650/32/765 1651/37/766 1641/22/747
f 1648/34/767 1649/35/768 1640/1/744
f 1646/36/769 1647/27/760 1644/13/756
f 1666/1/770 1682/2/2 1687/3/3
f 1667/4/4 1683/5/5 1689/6/6
f 1668/7/7 1684/8/8 1690/9/9
f 1669/10/10 1685/11/11 1691/12/12
f 1670/13/13 1686/14/14 1688/15/15
f 1688/15/15 1691/16/12 1671/17/16
f 1688/15/15 1686/14/14 1691/16/12
f 1686/14/14 1669/10/10 1691/16/12
f 1691/12/12 1690/18/9 1671/19/16
f 1691/12/12 1685/11/11 1690/18/9
f 1685/11/11 1668/7/7 1690/18/9
f 1690/9/9 1689/20/6 1671/21/16
f 1690/9/9 1684/8/8 1689/20/6
f 1684/8/8 1667/22/4 1689/20/6
f 1689/6/6 1687/23/3 1671/24/16
f 1689/6/6 1683/5/5 1687/23/3
f 1683/5/5 1666/1/770 1687/23/3
f 1687/3/3 1688/25/15 1671/26/16
f 1687/3/3 1682/2/2 1688/25/15
f 1682/2/2 1670/13/13 1688/25/15
f 1673/27/17 1686/14/14 1670/13/13
f 1673/27/17 1680/28/18 1686/14/14
f 1680/28/18 1669/10/10 1686/14/14
f 1681/29/19 1685/11/11 1669/10/10
f 1681/29/19 1678/30/20 1685/11/11
f 1678/30/20 1668/7/7 1685/11/11
f 1679/31/21 1684/8/8 1668/7/7
f 1679/31/21 1676/32/22 1684/8/8
f 1676/32/22 1667/22/4 1684/8/8
f 1677/33/23 1683/5/5 1667/4/4
f 1677/33/23 1674/34/24 1683/5/5
f 1674/34/24 1666/1/770 1683/5/5
f 1675/35/25 1682/2/2 1666/1/770
f 1675/35/25 1672/36/26 1682/2/2
f 1672/36/26 1670/13/13 1682/2/2
f 1680/28/18 1681/29/19 1669/10/10
f 1678/30/20 1679/31/21 1668/7/7
f 1676/32/22 1677/37/23 1667/22/4
f 1674/34/24 1675/35/25 1666/1/770
f 1672/36/26 1673/27/17 1670/13/13
f 1692/1/771 1708/2/772 1713/3/773
f 1693/4/774 1709/5/775 1715/6/776
f 1694/7/777 1710/8/603 1716/9/778
f 1695/10/779 1711/11/780 1717/12/781
f 1696/13/782 1712/14/783 1714/15/784
f 1714/15/784 1717/16/781 1697/17/31
f 1714/15/784 1712/14/783 1717/16/781
f 1712/14/783 1695/10/779 1717/16/781
f 1717/12/781 1716/18/778 1697/19/31
f 1717/12/781 1711/11/780 1716/18/778
f 1711/11/780 1694/7/777 1716/18/778
f 1716/9/778 1715/20/776 1697/21/31
f 1716/9/778 1710/8/603 1715/20/776
f 1710/8/603 1693/22/774 1715/20/776
f 1715/6/776 1713/23/773 1697/24/31
f 1715/6/776 1709/5/775 1713/23/773
f 1709/5/775 1692/1/771 1713/23/773
f 1713/3/773 1714/25/784 1697/26/31
f 1713/3/773 1708/2/772 1714/25/784
f 1708/2/772 1696/13/782 1714/25/784
f 1699/27/785 1712/14/783 1696/13/782
f 1699/27/785 1706/28/786 1712/14/783
f 1706/28/786 1695/10/779 1712/14/783
f 1707/29/787 1711/11/780 1695/10/779
f 1707/29/787 1704/30/788 1711/11/780
f 1704/30/788 1694/7/777 1711/11/780
f 1705/31/789 1710/8/603 1694/7/777
f 1705/31/789 1702/32/790 1710/8/603
f 1702/32/790 1693/22/774 1710/8/603
f 1703/33/791 1709/5/775 1693/4/774
f 1703/33/791 1700/34/792 1709/5/775
f 1700/34/792 1692/1/771 1709/5/775
f 1701/35/793 1708/2/772 1692/1/771
f 1701/35/793 1698/36/794 1708/2/772
f 1698/36/794 1696/13/782 1708/2/772
f 1706/28/786 1707/29/787 1695/10/779
f 1704/30/788 1705/31/789 1694/7/777
f 1702/32/790 1703/37/791 1693/22/774
f 1700/34/792 1701/35/793 1692/1/771
f 1698/36/794 1699/27/785 1696/13/782
f 1718/1/590 1734/2/591 1739/3/592
f 1719/4/593 1735/5/594 1741/6/595
f 1720/7/596 1736/8/15 1742/9/597
f 1721/10/598 1737/11/599 1743/12/600
f 1722/13/601 1738/14/602 1740/15/603
f 1740/15/603 1743/16/600 1723/17/33
f 1740/15/603 1738/14/602 1743/16/600
f 1738/14/602 1721/10/598 1743/16/600
f 1743/12/600 1742/18/597 1723/19/33
f 1743/12/600 1737/11/599 1742/18/597
f 1737/11/599 1720/7/596 1742/18/597
f 1742/9/597 1741/20/595 1723/21/33
f 1742/9/597 1736/8/15 1741/20/595
f 1736/8/15 1719/22/593 1741/20/595
f 1741/6/595 1739/23/592 1723/24/33
f 1741/6/595 1735/5/594 1739/23/592
f 1735/5/594 1718/1/590 1739/23/592
f 1739/3/592 1740/25/603 1723/26/33
f 1739/3/592 1734/2/591 1740/25/603
f 1734/2/591 1722/13/601 1740/25/603
f 1725/27/795 1738/14/602 1722/13/601
f 1725/27/795 1732/28/605 1738/14/602
f 1732/28/605 1721/10/598 1738/14/602
f 1733/29/606 1737/11/599 1721/10/598
f 1733/29/606 1730/30/607 1737/11/599
f 1730/30/607 1720/7/596 1737/11/599
f 1731/31/796 1736/8/15 1720/7/596
f 1731/31/796 1728/32/609 1736/8/15
f 1728/32/609 1719/22/593 1736/8/15
f 1729/33/610 1735/5/594 1719/4/593
f 1729/33/610 1726/34/611 1735/5/594
f 1726/34/611 1718/1/590 1735/5/594
f 1727/35/797 1734/2/591 1718/1/590
f 1727/35/797 1724/36/798 1734/2/591
f 1724/36/798 1722/13/601 1734/2/591
f 1732/28/605 1733/29/606 1721/10/598
f 1730/30/607 1731/31/796 1720/7/596
f 1728/32/609 1729/37/610 1719/22/593
f 1726/34/611 1727/35/797 1718/1/590
f 1724/36/798 1725/27/795 1722/13/601
f 1744/1/614 1760/2/615 1765/3/616
f 1745/4/617 1761/5/618 1767/6/619
f 1746/7/620 1762/8/621 1768/9/622
f 1747/10/799 1763/11/624 1769/12/625
f 1748/13/626 1764/14/627 1766/15/628
f 1766/15/628 1769/16/625 1749/17/629
f 1766/15/628 1764/14/627 1769/16/625
f 1764/14/627 1747/10/799 1769/16/625
f 1769/12/625 1768/18/622 1749/19/629
f 1769/12/625 1763/11/624 1768/18/622
f 1763/11/624 1746/7/620 1768/18/622
f 1768/9/622 1767/20/619 1749/21/629
f 1768/9/622 1762/8/621 1767/20/619
f 1762/8/621 1745/22/617 1767/20/619
f 1767/6/619 1765/23/616 1749/24/629
f 1767/6/619 1761/5/618 1765/23/616
f 1761/5/618 1744/1/614 1765/23/616
f 1765/3/616 1766/25/628 1749/26/629
f 1765/3/616 1760/2/615 1766/25/628
f 1760/2/615 1748/13/626 1766/25/628
f 1751/27/630 1764/14/627 1748/13/626
f 1751/27/630 1758/28/631 1764/14/627
f 1758/28/631 1747/10/799 1764/14/627
f 1759/29/632 1763/11/624 1747/10/799
f 1759/29/632 1756/30/633 1763/11/624
f 1756/30/633 1746/7/620 1763/11/624
f 1757/31/634 1762/8/621 1746/7/620
f 1757/31/634 1754/32/635 1762/8/621
f 1754/32/635 1745/22/617 1762/8/621
f 1755/33/636 1761/5/618 1745/4/617
f 1755/33/636 1752/34/637 1761/5/618
f 1752/34/637 1744/1/614 1761/5/618
f 1753/35/638 1760/2/615 1744/1/614
f 1753/35/638 1750/36/639 1760/2/615
f 1750/36/639 1748/13/626 1760/2/615
f 1758/28/631 1759/29/632 1747/10/799
f 1756/30/633 1757/31/634 1746/7/620
f 1754/32/635 1755/37/636 1745/22/617
f 1752/34/637 1753/35/638 1744/1/614
f 1750/36/639 1751/27/630 1748/13/626
f 1770/1/640 1786/2/641 1791/3/642
f 1771/4/643 1787/5/644 1793/6/645
f 1772/7/646 1788/8/647 1794/9/648
f 1773/10/649 1789/11/650 1795/12/651
f 1774/13/652 1790/14/653 1792/15/800
f 1792/15/800 1795/16/651 1775/17/655
f 1792/15/800 1790/14/653 1795/16/651
f 1790/14/653 1773/10/649 1795/16/651
f 1795/12/651 1794/18/648 1775/19/655
f 1795/12/651 1789/11/650 1794/18/648
f 1789/11/650 1772/7/646 1794/18/648
f 1794/9/648 1793/20/645 1775/21/655
f 1794/9/648 1788/8/647 1793/20/645
f 1788/8/647 1771/22/643 1793/20/645
f 1793/6/645 1791/23/642 1775/24/655
f 1793/6/645 1787/5/644 1791/23/642
f 1787/5/644 1770/1/640 1791/23/642
f 1791/3/642 1792/25/800 1775/26/655
f 1791/3/642 1786/2/641 1792/25/800
f 1786/2/641 1774/13/652 1792/25/800
f 1777/27/656 1790/14/653 1774/13/652
f 1777/27/656 1784/28/657 1790/14/653
f 1784/28/657 1773/10/649 1790/14/653
f 1785/29/658 1789/11/650 1773/10/649
f 1785/29/658 1782/30/659 1789/11/650
f 1782/30/659 1772/7/646 1789/11/650
f 1783/31/660 1788/8/647 1772/7/646
f 1783/31/660 1780/32/661 1788/8/647
f 1780/32/661 1771/22/643 1788/8/647
f 1781/33/662 1787/5/644 1771/4/643
f 1781/33/662 1778/34/663 1787/5/644
f 1778/34/663 1770/1/640 1787/5/644
f 1779/35/664 1786/2/641 1770/1/640
f 1779/35/664 1776/36/665 1786/2/641
f 1776/36/665 1774/13/652 1786/2/641
f 1784/28/657 1785/29/658 1773/10/649
f 1782/30/659 1783/31/660 1772/7/646
f 1780/32/661 1781/37/662 1771/22/643
f 1778/34/663 1779/35/664 1770/1/640
f 1776/36/665 1777/27/656 1774/13/652
f 1796/1/801 1812/2/667 1817/3/668
f 1797/4/669 1813/5/670 1819/6/671
f 1798/7/672 1814/8/673 1820/9/674
f 1799/10/675 1815/11/676 1821/12/677
f 1800/13/678 1816/14/679 1818/15/680
f 1818/15/680 1821/16/677 1801/17/802
f 1818/15/680 1816/14/679 1821/16/677
f 1816/14/679 1799/10/675 1821/16/677
f 1821/12/677 1820/18/674 1801/19/802
f 1821/12/677 1815/11/676 1820/18/674
f 1815/11/676 1798/7/672 1820/18/674
f 1820/9/674 1819/20/671 1801/21/802
f 1820/9/674 1814/8/673 1819/20/671
f 1814/8/673 1797/22/669 1819/20/671
f 1819/6/671 1817/23/668 1801/24/802
f 1819/6/671 1813/5/670 1817/23/668
f 1813/5/670 1796/1/801 1817/23/668
f 1817/3/668 1818/25/680 1801/26/802
f 1817/3/668 1812/2/667 1818/25/680
f 1812/2/667 1800/13/678 1818/25/680
f 1803/27/682 1816/14/679 1800/13/678
f 1803/27/682 1810/28/683 1816/14/679
f 1810/28/683 1799/10/675 1816/14/679
f 1811/29/684 1815/11/676 1799/10/675
f 1811/29/684 1808/30/685 1815/11/676
f 1808/30/685 1798/7/672 1815/11/676
f 1809/31/686 1814/8/673 1798/7/672
f 1809/31/686 1806/32/687 1814/8/673
f 1806/32/687 1797/22/669 1814/8/673
f 1807/33/803 1813/5/670 1797/4/669
f 1807/33/803 1804/34/689 1813/5/670
f 1804/34/689 1796/1/801 1813/5/670
f 1805/35/804 1812/2/667 1796/1/801
f 1805/35/804 1802/36/691 1812/2/667
f 1802/36/691 1800/13/678 1812/2/667
f 1810/28/683 1811/29/684 1799/10/675
f 1808/30/685 1809/31/686 1798/7/672
f 1806/32/687 1807/37/803 1797/22/669
f 1804/34/689 1805/35/804 1796/1/801
f 1802/36/691 1803/27/682 1800/13/678
f 1822/1/692 1838/2/693 1843/3/694
f 1823/4/695 1839/5/696 1845/6/697
f 1824/7/698 1840/8/699 1846/9/700
f 1825/10/701 1841/11/702 1847/12/703
f 1826/13/704 1842/14/705 1844/15/706
f 1844/15/706 1847/16/703 1827/17/707
f 1844/15/706 1842/14/705 1847/16/703
f 1842/14/705 1825/10/701 1847/16/703
f 1847/12/703 1846/18/700 1827/19/707
f 1847/12/703 1841/11/702 1846/18/700
f 1841/11/702 1824/7/698 1846/18/700
f 1846/9/700 1845/20/697 1827/21/707
f 1846/9/700 1840/8/699 1845/20/697
f 1840/8/699 1823/22/695 1845/20/697
f 1845/6/697 1843/23/694 1827/24/707
f 1845/6/697 1839/5/696 1843/23/694
f 1839/5/696 1822/1/692 1843/23/694
f 1843/3/694 1844/25/706 1827/26/707
f 1843/3/694 1838/2/693 1844/25/706
f 1838/2/693 1826/13/704 1844/25/706
f 1829/27/708 1842/14/705 1826/13/704
f 1829/27/708 1836/28/709 1842/14/705
f 1836/28/709 1825/10/701 1842/14/705
f 1837/29/805 1841/11/702 1825/10/701
f 1837/29/805 1834/30/711 1841/11/702
f 1834/30/711 1824/7/698 1841/11/702
f 1835/31/712 1840/8/699 1824/7/698
f 1835/31/712 1832/32/713 1840/8/699
f 1832/32/713 1823/22/695 1840/8/699
f 1833/33/714 1839/5/696 1823/4/695
f 1833/33/714 1830/34/715 1839/5/696
f 1830/34/715 1822/1/692 1839/5/696
f 1831/35/716 1838/2/693 1822/1/692
f 1831/35/716 1828/36/717 1838/2/693
f 1828/36/717 1826/13/704 1838/2/693
f 1836/28/709 1837/29/805 1825/10/701
f 1834/30/711 1835/31/712 1824/7/698
f 1832/32/713 1833/37/714 1823/22/695
f 1830/34/715 1831/35/716 1822/1/692
f 1828/36/717 1829/27/708 1826/13/704
f 1848/1/718 1864/2/719 1869/3/720
f 1849/4/721 1865/5/722 1871/6/723
f 1850/7/724 1866/8/725 1872/9/726
f 1851/10/727 1867/11/728 1873/12/729
f 1852/13/730 1868/14/731 1870/15/732
f 1870/15/732 1873/16/729 1853/17/733
f 1870/15/732 1868/14/731 1873/16/729
f 1868/14/731 1851/10/727 1873/16/729
f 1873/12/729 1872/18/726 1853/19/733
f 1873/12/729 1867/11/728 1872/18/726
f 1867/11/728 1850/7/724 1872/18/726
f 1872/9/726 1871/20/723 1853/21/733
f 1872/9/726 1866/8/725 1871/20/723
f 1866/8/725 1849/22/721 1871/20/723
f 1871/6/723 1869/23/720 1853/24/733
f 1871/6/723 1865/5/722 1869/23/720
f 1865/5/722 1848/1/718 1869/23/720
f 1869/3/720 1870/25/732 1853/26/733
f 1869/3/720 1864/2/719 1870/25/732
f 1864/2/719 1852/13/730 1870/25/732
f 1855/27/734 1868/14/731 1852/13/730
f 1855/27/734 1862/28/735 1868/14/731
f 1862/28/735 1851/10/727 1868/14/731
f 1863/29/736 1867/11/728 1851/10/727
f 1863/29/736 1860/30/737 1867/11/728
f 1860/30/737 1850/7/724 1867/11/728
f 1861/31/806 1866/8/725 1850/7/724
f 1861/31/806 1858/32/739 1866/8/725
f 1858/32/739 1849/22/721 1866/8/725
f 1859/33/740 1865/5/722 1849/4/721
f 1859/33/740 1856/34/741 1865/5/722
f 1856/34/741 1848/1/718 1865/5/722
f 1857/35/742 1864/2/719 1848/1/718
f 1857/35/742 1854/36/743 1864/2/719
f 1854/36/743 1852/13/730 1864/2/719
f 1862/28/735 1863/29/736 1851/10/727
f 1860/30/737 1861/31/806 1850/7/724
f 1858/32/739 1859/37/740 1849/22/721
f 1856/34/741 1857/35/742 1848/1/718
f 1854/36/743 1855/27/734 1852/13/730
f 1874/1/744 1890/2/745 1895/3/746
f 1875/4/747 1891/5/748 1897/6/749
f 1876/7/750 1892/8/751 1898/9/752
f 1877/10/753 1893/11/754 1899/12/755
f 1878/13/756 1894/14/757 1896/15/758
f 1896/15/758 1899/16/755 1879/17/759
f 1896/15/758 1894/14/757 1899/16/755
f 1894/14/757 1877/10/753 1899/16/755
f 1899/12/755 1898/18/752 1879/19/759
f 1899/12/755 1893/11/754 1898/18/752
f 1893/11/754 1876/7/750 1898/18/752
f 1898/9/752 1897/20/749 1879/21/759
f 1898/9/752 1892/8/751 1897/20/749
f 1892/8/751 1875/22/747 1897/20/749
f 1897/6/749 1895/23/746 1879/24/759
f 1897/6/749 1891/5/748 1895/23/746
f 1891/5/748 1874/1/744 1895/23/746
f 1895/3/746 1896/25/758 1879/26/759
f 1895/3/746 1890/2/745 1896/25/758
f 1890/2/745 1878/13/756 1896/25/758
f 1881/27/760 1894/14/757 1878/13/756
f 1881/27/760 1888/28/807 1894/14/757
f 1888/28/807 1877/10/753 1894/14/757
f 1889/29/762 1893/11/754 1877/10/753
f 1889/29/762 1886/30/763 1893/11/754
f 1886/30/763 1876/7/750 1893/11/754
f 1887/31/764 1892/8/751 1876/7/750
f 1887/31/764 1884/32/765 1892/8/751
f 1884/32/765 1875/22/747 1892/8/751
f 1885/33/766 1891/5/748 1875/4/747
f 1885/33/766 1882/34/767 1891/5/748
f 1882/34/767 1874/1/744 1891/5/748
f 1883/35/768 1890/2/745 1874/1/744
f 1883/35/768 1880/36/769 1890/2/745
f 1880/36/769 1878/13/756 1890/2/745
f 1888/28/807 1889/29/762 1877/10/753
f 1886/30/763 1887/31/764 1876/7/750
f 1884/32/765 1885/37/766 1875/22/747
f 1882/34/767 1883/35/768 1874/1/744
f 1880/36/769 1881/27/760 1878/13/756
f 1900/1/770 1916/2/2 1921/3/3
f 1901/4/4 1917/5/5 1923/6/6
f 1902/7/7 1918/8/8 1924/9/9
f 1903/10/10 1919/11/11 1925/12/12
f 1904/13/13 1920/14/14 1922/15/15
f 1922/15/15 1925/16/12 1905/17/16
f 1922/15/15 1920/14/14 1925/16/12
f 1920/14/14 1903/10/10 1925/16/12
f 1925/12/12 1924/18/9 1905/19/16
f 1925/12/12 1919/11/11 1924/18/9
f 1919/11/11 1902/7/7 1924/18/9
f 1924/9/9 1923/20/6 1905/21/16
f 1924/9/9 1918/8/8 1923/20/6
f 1918/8/8 1901/22/4 1923/20/6
f 1923/6/6 1921/23/3 1905/24/16
f 1923/6/6 1917/5/5 1921/23/3
f 1917/5/5 1900/1/770 1921/23/3
f 1921/3/3 1922/25/15 1905/26/16
f 1921/3/3 1916/2/2 1922/25/15
f 1916/2/2 1904/13/13 1922/25/15
f 1907/27/17 1920/14/14 1904/13/13
f 1907/27/17 1914/28/18 1920/14/14
f 1914/28/18 1903/10/10 1920/14/14
f 1915/29/19 1919/11/11 1903/10/10
f 1915/29/19 1912/30/20 1919/11/11
f 1912/30/20 1902/7/7 1919/11/11
f 1913/31/21 1918/8/8 1902/7/7
f 1913/31/21 1910/32/22 1918/8/8
f 1910/32/22 1901/22/4 1918/8/8
f 1911/33/23 1917/5/5 1901/4/4
f 1911/33/23 1908/34/24 1917/5/5
f 1908/34/24 1900/1/770 1917/5/5
f 1909/35/25 1916/2/2 1900/1/770
f 1909/35/25 1906/36/26 1916/2/2
f 1906/36/26 1904/13/13 1916/2/2
f 1914/28/18 1915/29/19 1903/10/10
f 1912/30/20 1913/31/21 1902/7/7
f 1910/32/22 1911/37/23 1901/22/4
f 1908/34/24 1909/35/25 1900/1/770
f 1906/36/26 1907/27/17 1904/13/13
f 1926/1/771 1942/2/772 1947/3/773
f 1927/4/774 1943/5/775 1949/6/776
f 1928/7/777 1944/8/603 1950/9/778
f 1929/10/779 1945/11/780 1951/12/781
f 1930/13/782 1946/14/783 1948/15/784
f 1948/15/784 1951/16/781 1931/17/31
f 1948/15/784 1946/14/783 1951/16/781
f 1946/14/783 1929/10/779 1951/16/781
f 1951/12/781 1950/18/778 1931/19/31
f 1951/12/781 1945/11/780 1950/18/778
f 1945/11/780 1928/7/777 1950/18/778
f 1950/9/778 1949/20/776 1931/21/31
f 1950/9/778 1944/8/603 1949/20/776
f 1944/8/603 1927/22/774 1949/20/776
f 1949/6/776 1947/23/773 1931/24/31
f 1949/6/776 1943/5/775 1947/23/773
f 1943/5/775 1926/1/771 1947/23/773
f 1947/3/773 1948/25/784 1931/26/31
f 1947/3/773 1942/2/772 1948/25/784
f 1942/2/772 1930/13/782 1948/25/784
f 1933/27/785 1946/14/783 1930/13/782
f 1933/27/785 1940/28/786 1946/14/783
f 1940/28/786 1929/10/779 1946/14/783
f 1941/29/787 1945/11/780 1929/10/779
f 1941/29/787 1938/30/788 1945/11/780
f 1938/30/788 1928/7/777 1945/11/780
f 1939/31/789 1944/8/603 1928/7/777
f 1939/31/789 1936/32/808 1944/8/603
f 1936/32/808 1927/22/774 1944/8/603
f 1937/33/791 1943/5/775 1927/4/774
f 1937/33/791 1934/34/792 1943/5/775
f 1934/34/792 1926/1/771 1943/5/775
f 1935/35/793 1942/2/772 1926/1/771
f 1935/35/793 1932/36/794 1942/2/772
f 1932/36/794 1930/13/782 1942/2/772
f 1940/28/786 1941/29/787 1929/10/779
f 1938/30/788 1939/31/789 1928/7/777
f 1936/32/808 1937/37/791 1927/22/774
f 1934/34/792 1935/35/793 1926/1/771
f 1932/36/794 1933/27/785 1930/13/782
f 1952/1/809 1968/2/591 1973/3/592
f 1953/4/593 1969/5/594 1975/6/595
f 1954/7/596 1970/8/15 1976/9/597
f 1955/10/810 1971/11/599 1977/12/600
f 1956/13/601 1972/14/602 1974/15/603
f 1974/15/603 1977/16/600 1957/17/33
f 1974/15/603 1972/14/602 1977/16/600
f 1972/14/602 1955/10/810 1977/16/600
f 1977/12/600 1976/18/597 1957/19/33
f 1977/12/600 1971/11/599 1976/18/597
f 1971/11/599 1954/7/596 1976/18/597
f 1976/9/597 1975/20/595 1957/21/33
f 1976/9/597 1970/8/15 1975/20/595
f 1970/8/15 1953/22/593 1975/20/595
f 1975/6/595 1973/23/592 1957/24/33
f 1975/6/595 1969/5/594 1973/23/592
f 1969/5/594 1952/1/809 1973/23/592
f 1973/3/592 1974/25/603 1957/26/33
f 1973/3/592 1968/2/591 1974/25/603
f 1968/2/591 1956/13/601 1974/25/603
f 1959/27/604 1972/14/602 1956/13/601
f 1959/27/604 1966/28/605 1972/14/602
f 1966/28/605 1955/10/810 1972/14/602
f 1967/29/606 1971/11/599 1955/10/810
f 1967/29/606 1964/30/607 1971/11/599
f 1964/30/607 1954/7/596 1971/11/599
f 1965/31/608 1970/8/15 1954/7/596
f 1965/31/608 1962/32/609 1970/8/15
f 1962/32/609 1953/22/593 1970/8/15
f 1963/33/610 1969/5/594 1953/4/593
f 1963/33/610 1960/34/811 1969/5/594
f 1960/34/811 1952/1/809 1969/5/594
f 1961/35/797 1968/2/591 1952/1/809
f 1961/35/797 1958/36/798 1968/2/591
f 1958/36/798 1956/13/601 1968/2/591
f 1966/28/605 1967/29/606 1955/10/810
f 1964/30/607 1965/31/608 1954/7/596
f 1962/32/609 1963/37/610 1953/22/593
f 1960/34/811 1961/35/797 1952/1/809
f 1958/36/798 1959/27/604 1956/13/601
f 1978/1/812 1994/2/615 1999/3/616
f 1979/4/617 1995/5/618 2001/6/619
f 1980/7/620 1996/8/621 2002/9/622
f 1981/10/799 1997/11/624 2003/12/625
f 1982/13/626 1998/14/627 2000/15/628
f 2000/15/628 2003/16/625 1983/17/629
f 2000/15/628 1998/14/627 2003/16/625
f 1998/14/627 1981/10/799 2003/16/625
f 2003/12/625 2002/18/622 1983/19/629
f 2003/12/625 1997/11/624 2002/18/622
f 1997/11/624 1980/7/620 2002/18/622
f 2002/9/622 2001/20/619 1983/21/629
f 2002/9/622 1996/8/621 2001/20/619
f 1996/8/621 1979/22/617 2001/20/619
f 2001/6/619 1999/23/616 1983/24/629
f 2001/6/619 1995/5/618 1999/23/616
f 1995/5/618 1978/1/812 1999/23/616
f 1999/3/616 2000/25/628 1983/26/629
f 1999/3/616 1994/2/615 2000/25/628
f 1994/2/615 1982/13/626 2000/25/628
f 1985/27/630 1998/14/627 1982/13/626
f 1985/27/630 1992/28/631 1998/14/627
f 1992/28/631 1981/10/799 1998/14/627
f 1993/29/632 1997/11/624 1981/10/799
f 1993/29/632 1990/30/633 1997/11/624
f 1990/30/633 1980/7/620 1997/11/624
f 1991/31/634 1996/8/621 1980/7/620
f 1991/31/634 1988/32/635 1996/8/621
f 1988/32/635 1979/22/617 1996/8/621
f 1989/33/636 1995/5/618 1979/4/617
f 1989/33/636 1986/34/637 1995/5/618
f 1986/34/637 1978/1/812 1995/5/618
f 1987/35/638 1994/2/615 1978/1/812
f 1987/35/638 1984/36/639 1994/2/615
f 1984/36/639 1982/13/626 1994/2/615
f 1992/28/631 1993/29/632 1981/10/799
f 1990/30/633 1991/31/634 1980/7/620
f 1988/32/635 1989/37/636 1979/22/617
f 1986/34/637 1987/35/638 1978/1/812
f 1984/36/639 1985/27/630 1982/13/626
f 2004/1/640 2020/2/641 2025/3/642
f 2005/4/643 2021/5/644 2027/6/645
f 2006/7/646 2022/8/647 2028/9/648
f 2007/10/649 2023/11/650 2029/12/651
f 2008/13/652 2024/14/653 2026/15/800
f 2026/15/800 2029/16/651 2009/17/655
f 2026/15/800 2024/14/653 2029/16/651
f 2024/14/653 2007/10/649 2029/16/651
f 2029/12/651 2028/18/648 2009/19/655
f 2029/12/651 2023/11/650 2028/18/648
f 2023/11/650 2006/7/646 2028/18/648
f 2028/9/648 2027/20/645 2009/21/655
f 2028/9/648 2022/8/647 2027/20/645
f 2022/8/647 2005/22/643 2027/20/645
f 2027/6/645 2025/23/642 2009/24/655
f 2027/6/645 2021/5/644 2025/23/642
f 2021/5/644 2004/1/640 2025/23/642
f 2025/3/642 2026/25/800 2009/26/655
f 2025/3/642 2020/2/641 2026/25/800
f 2020/2/641 2008/13/652 2026/25/800
f 2011/27/813 2024/14/653 2008/13/652
f 2011/27/813 2018/28/814 2024/14/653
f 2018/28/814 2007/10/649 2024/14/653
f 2019/29/658 2023/11/650 2007/10/649
f 2019/29/658 2016/30/659 2023/11/650
f 2016/30/659 2006/7/646 2023/11/650
f 2017/31/660 2022/8/647 2006/7/646
f 2017/31/660 2014/32/661 2022/8/647
f 2014/32/661 2005/22/643 2022/8/647
f 2015/33/662 2021/5/644 2005/4/643
f 2015/33/662 2012/34/663 2021/5/644
f 2012/34/663 2004/1/640 2021/5/644
f 2013/35/815 2020/2/641 2004/1/640
f 2013/35/815 2010/36/816 2020/2/641
f 2010/36/816 2008/13/652 2020/2/641
f 2018/28/814 2019/29/658 2007/10/649
f 2016/30/659 2017/31/660 2006/7/646
f 2014/32/661 2015/37/662 2005/22/643
f 2012/34/663 2013/35/815 2004/1/640
f 2010/36/816 2011/27/813 2008/13/652
f 2030/1/666 2046/2/667 2051/3/668
f 2031/4/669 2047/5/670 2053/6/671
f 2032/7/672 2048/8/673 2054/9/674
f 2033/10/817 2049/11/676 2055/12/677
f 2034/13/678 2050/14/679 2052/15/680
f 2052/15/680 2055/16/677 2035/17/802
f 2052/15/680 2050/14/679 2055/16/677
f 2050/14/679 2033/10/817 2055/16/677
f 2055/12/677 2054/18/674 2035/19/802
f 2055/12/677 2049/11/676 2054/18/674
f 2049/11/676 2032/7/672 2054/18/674
f 2054/9/674 2053/20/671 2035/21/802
f 2054/9/674 2048/8/673 2053/20/671
f 2048/8/673 2031/22/669 2053/20/671
f 2053/6/671 2051/23/668 2035/24/802
f 2053/6/671 2047/5/670 2051/23/668
f 2047/5/670 2030/1/666 2051/23/668
f 2051/3/668 2052/25/680 2035/26/802
f 2051/3/668 2046/2/667 2052/25/680
f 2046/2/667 2034/13/678 2052/25/680
f 2037/27/682 2050/14/679 2034/13/678
f 2037/27/682 2044/28/818 2050/14/679
f 2044/28/818 2033/10/817 2050/14/679
f 2045/29/819 2049/11/676 2033/10/817
f 2045/29/819 2042/30/685 2049/11/676
f 2042/30/685 2032/7/672 2049/11/676
f 2043/31/686 2048/8/673 2032/7/672
f 2043/31/686 2040/32/687 2048/8/673
f 2040/32/687 2031/22/669 2048/8/673
f 2041/33/803 2047/5/670 2031/4/669
f 2041/33/803 2038/34/689 2047/5/670
f 2038/34/689 2030/1/666 2047/5/670
f 2039/35/804 2046/2/667 2030/1/666
f 2039/35/804 2036/36/691 2046/2/667
f 2036/36/691 2034/13/678 2046/2/667
f 2044/28/818 2045/29/819 2033/10/817
f 2042/30/685 2043/31/686 2032/7/672
f 2040/32/687 2041/37/803 2031/22/669
f 2038/34/689 2039/35/804 2030/1/666
f 2036/36/691 2037/27/682 2034/13/678
f 2056/1/692 2072/2/693 2077/3/694
f 2057/4/695 2073/5/696 2079/6/697
f 2058/7/698 2074/8/699 2080/9/700
f 2059/10/701 2075/11/702 2081/12/703
f 2060/13/704 2076/14/705 2078/15/706
f 2078/15/706 2081/16/703 2061/17/707
f 2078/15/706 2076/14/705 2081/16/703
f 2076/14/705 2059/10/701 2081/16/703
f 2081/12/703 2080/18/700 2061/19/707
f 2081/12/703 2075/11/702 2080/18/700
f 2075/11/702 2058/7/698 2080/18/700
f 2080/9/700 2079/20/697 2061/21/707
f 2080/9/700 2074/8/699 2079/20/697
f 2074/8/699 2057/22/695 2079/20/697
f 2079/6/697 2077/23/694 2061/24/707
f 2079/6/697 2073/5/696 2077/23/694
f 2073/5/696 2056/1/692 2077/23/694
f 2077/3/694 2078/25/706 2061/26/707
f 2077/3/694 2072/2/693 2078/25/706
f 2072/2/693 2060/13/704 2078/25/706
f 2063/27/708 2076/14/705 2060/13/704
f 2063/27/708 2070/28/709 2076/14/705
f 2070/28/709 2059/10/701 2076/14/705
f 2071/29/805 2075/11/702 2059/10/701
f 2071/29/805 2068/30/711 2075/11/702
f 2068/30/711 2058/7/698 2075/11/702
f 2069/31/820 2074/8/699 2058/7/698
f 2069/31/820 2066/32/821 2074/8/699
f 2066/32/821 2057/22/695 2074/8/699
f 2067/33/714 2073/5/696 2057/4/695
f 2067/33/714 2064/34/715 2073/5/696
f 2064/34/715 2056/1/692 2073/5/696
f 2065/35/716 2072/2/693 2056/1/692
f 2065/35/716 2062/36/717 2072/2/693
f 2062/36/717 2060/13/704 2072/2/693
f 2070/28/709 2071/29/805 2059/10/701
f 2068/30/711 2069/31/820 2058/7/698
f 2066/32/821 2067/37/714 2057/22/695
f 2064/34/715 2065/35/716 2056/1/692
f 2062/36/717 2063/27/708 2060/13/704
f 2082/1/718 2098/2/719 2103/3/720
f 2083/4/721 2099/5/722 2105/6/723
f 2084/7/724 2100/8/725 2106/9/726
f 2085/10/727 2101/11/728 2107/12/729
f 2086/13/822 2102/14/731 2104/15/732
f 2104/15/732 2107/16/729 2087/17/733
f 2104/15/732 2102/14/731 2107/16/729
f 2102/14/731 2085/10/727 2107/16/729
f 2107/12/729 2106/18/726 2087/19/733
f 2107/12/729 2101/11/728 2106/18/726
f 2101/11/728 2084/7/724 2106/18/726
f 2106/9/726 2105/20/723 2087/21/733
f 2106/9/726 2100/8/725 2105/20/723
f 2100/8/725 2083/22/721 2105/20/723
f 2105/6/723 2103/23/720 2087/24/733
f 2105/6/723 2099/5/722 2103/23/720
f 2099/5/722 2082/1/718 2103/23/720
f 2103/3/720 2104/25/732 2087/26/733
f 2103/3/720 2098/2/719 2104/25/732
f 2098/2/719 2086/13/822 2104/25/732
f 2089/27/734 2102/14/731 2086/13/822
f 2089/27/734 2096/28/735 2102/14/731
f 2096/28/735 2085/10/727 2102/14/731
f 2097/29/736 2101/11/728 2085/10/727
f 2097/29/736 2094/30/737 2101/11/728
f 2094/30/737 2084/7/724 2101/11/728
f 2095/31/806 2100/8/725 2084/7/724
f 2095/31/806 2092/32/823 2100/8/725
f 2092/32/823 2083/22/721 2100/8/725
f 2093/33/740 2099/5/722 2083/4/721
f 2093/33/740 2090/34/741 2099/5/722
f 2090/34/741 2082/1/718 2099/5/722
f 2091/35/742 2098/2/719 2082/1/718
f 2091/35/742 2088/36/743 2098/2/719
f 2088/36/743 2086/13/822 2098/2/719
f 2096/28/735 2097/29/736 2085/10/727
f 2094/30/737 2095/31/806 2084/7/724
f 2092/32/823 2093/37/740 2083/22/721
f 2090/34/741 2091/35/742 2082/1/718
f 2088/36/743 2089/27/734 2086/13/822
f 2108/1/824 2124/2/745 2129/3/746
f 2109/4/747 2125/5/748 2131/6/749
f 2110/7/750 2126/8/751 2132/9/752
f 2111/10/825 2127/11/754 2133/12/755
f 2112/13/756 2128/14/757 2130/15/758
f 2130/15/758 2133/16/755 2113/17/759
f 2130/15/758 2128/14/757 2133/16/755
f 2128/14/757 2111/10/825 2133/16/755
f 2133/12/755 2132/18/752 2113/19/759
f 2133/12/755 2127/11/754 2132/18/752
f 2127/11/754 2110/7/750 2132/18/752
f 2132/9/752 2131/20/749 2113/21/759
f 2132/9/752 2126/8/751 2131/20/749
f 2126/8/751 2109/22/747 2131/20/749
f 2131/6/749 2129/23/746 2113/24/759
f 2131/6/749 2125/5/748 2129/23/746
f 2125/5/748 2108/1/824 2129/23/746
f 2129/3/746 2130/25/758 2113/26/759
f 2129/3/746 2124/2/745 2130/25/758
f 2124/2/745 2112/13/756 2130/25/758
f 2115/27/760 2128/14/757 2112/13/756
f 2115/27/760 2122/28/761 2128/14/757
f 2122/28/761 2111/10/825 2128/14/757
f 2123/29/826 2127/11/754 2111/10/825
f 2123/29/826 2120/30/763 2127/11/754
f 2120/30/763 2110/7/750 2127/11/754
f 2121/31/764 2126/8/751 2110/7/750
f 2121/31/764 2118/32/765 2126/8/751
f 2118/32/765 2109/22/747 2126/8/751
f 2119/33/766 2125/5/748 2109/4/747
f 2119/33/766 2116/34/827 2125/5/748
f 2116/34/827 2108/1/824 2125/5/748
f 2117/35/828 2124/2/745 2108/1/824
f 2117/35/828 2114/36/769 2124/2/745
f 2114/36/769 2112/13/756 2124/2/745
f 2122/28/761 2123/29/826 2111/10/825
f 2120/30/763 2121/31/764 2110/7/750
f 2118/32/765 2119/37/766 2109/22/747
f 2116/34/827 2117/35/828 2108/1/824
f 2114/36/769 2115/27/760 2112/13/756
f 2134/1/829 2150/2/772 2155/3/773
f 2135/4/774 2151/5/775 2157/6/776
f 2136/7/777 2152/8/603 2158/9/778
f 2137/10/779 2153/11/780 2159/12/781
f 2138/13/830 2154/14/783 2156/15/784
f 2156/15/784 2159/16/781 2139/17/31
f 2156/15/784 2154/14/783 2159/16/781
f 2154/14/783 2137/10/779 2159/16/781
f 2159/12/781 2158/18/778 2139/19/31
f 2159/12/781 2153/11/780 2158/18/778
f 2153/11/780 2136/7/777 2158/18/778
f 2158/9/778 2157/20/776 2139/21/31
f 2158/9/778 2152/8/603 2157/20/776
f 2152/8/603 2135/22/774 2157/20/776
f 2157/6/776 2155/23/773 2139/24/31
f 2157/6/776 2151/5/775 2155/23/773
f 2151/5/775 2134/1/829 2155/23/773
f 2155/3/773 2156/25/784 2139/26/31
f 2155/3/773 2150/2/772 2156/25/784
f 2150/2/772 2138/13/830 2156/25/784
f 2141/27/785 2154/14/783 2138/13/830
f 2141/27/785 2148/28/831 2154/14/783
f 2148/28/831 2137/10/779 2154/14/783
f 2149/29/787 2153/11/780 2137/10/779
f 2149/29/787 2146/30/788 2153/11/780
f 2146/30/788 2136/7/777 2153/11/780
f 2147/31/832 2152/8/603 2136/7/777
f 2147/31/832 2144/32/790 2152/8/603
f 2144/32/790 2135/22/774 2152/8/603
f 2145/33/791 2151/5/775 2135/4/774
f 2145/33/791 2142/34/792 2151/5/775
f 2142/34/792 2134/1/829 2151/5/775
f 2143/35/793 2150/2/772 2134/1/829
f 2143/35/793 2140/36/794 2150/2/772
f 2140/36/794 2138/13/830 2150/2/772
f 2148/28/831 2149/29/787 2137/10/779
f 2146/30/788 2147/31/832 2136/7/777
f 2144/32/790 2145/37/791 2135/22/774
f 2142/34/792 2143/35/793 2134/1/829
f 2140/36/794 2141/27/785 2138/13/830
s 0
usemtl Dunkles_Holz_Sarg
f 751/46/29 747/47/29 40/48/29 137/49/29
f 798/50/30 784/51/30 38/52/30 135/53/30
f 718/54/30 716/55/30 36/56/30 133/57/30
f 717/158/16 718/54/16 133/57/16 91/153/16
f 793/159/16 798/50/16 135/53/16 93/135/16
f 750/160/31 751/46/31 137/49/31 95/136/31
f 801/161/32 176/162/32 175/163/32 802/164/32
f 747/47/31 764/165/31 171/166/31 40/48/31
f 749/167/33 763/168/33 181/169/33 51/170/33
f 801/161/33 787/171/33 56/172/33 176/162/33
f 781/173/31 802/164/31 175/163/31 42/174/31
f 810/623/262 586/624/262 588/243/262 811/625/262
f 811/625/263 588/243/263 585/538/263 814/626/263
f 753/627/262 578/628/262 580/219/262 765/629/262
f 765/629/263 580/219/263 577/531/263 766/630/263
f 754/631/264 594/632/264 596/261/264 767/633/264
f 767/633/265 596/261/265 593/544/265 768/634/265
f 819/635/264 602/636/264 604/273/264 820/637/264
f 820/637/265 604/273/265 601/551/265 823/638/265
f 755/639/266 610/640/266 612/285/266 769/641/266
f 769/641/267 612/285/267 609/558/267 770/642/267
f 828/643/266 618/644/266 620/297/266 829/645/266
f 829/645/267 620/297/267 617/565/267 832/646/267
f 756/647/268 626/648/268 628/286/268 771/649/268
f 771/649/269 628/286/269 625/572/269 772/650/269
f 837/651/268 634/652/268 636/298/268 838/653/268
f 838/653/269 636/298/269 633/579/269 841/654/269
f 846/655/270 650/656/270 652/244/270 847/657/270
f 847/657/271 652/244/271 649/592/271 850/658/271
f 757/659/270 642/660/270 644/220/270 773/661/270
f 773/661/271 644/220/271 641/585/271 774/662/271
f 758/663/272 658/664/272 660/262/272 775/665/272
f 775/665/273 660/262/273 657/598/273 776/666/273
f 855/667/272 666/668/272 668/274/272 856/669/272
f 856/669/273 668/274/273 665/605/273 859/670/273
f 864/671/274 682/672/274 684/250/274 865/673/274
f 865/673/275 684/250/275 681/619/275 868/674/275
f 759/675/274 674/676/274 676/226/274 777/677/274
f 777/677/275 676/226/275 673/612/275 778/678/275
f 753/627/276 774/662/276 641/585/276 578/628/276
f 756/647/277 766/630/277 577/531/277 626/648/277
f 810/623/276 850/658/276 649/592/276 586/624/276
f 837/651/277 814/626/277 585/538/277 634/652/277
f 754/631/278 776/666/278 657/598/278 594/632/278
f 757/659/279 768/634/279 593/544/279 642/660/279
f 819/635/278 859/670/278 665/605/278 602/636/278
f 846/655/279 823/638/279 601/551/279 650/656/279
f 755/639/280 772/650/280 625/572/280 610/640/280
f 759/675/281 770/642/281 609/558/281 674/676/281
f 828/643/280 841/654/280 633/579/280 618/644/280
f 864/671/281 832/646/281 617/565/281 682/672/281
f 758/663/282 749/167/282 51/170/282 658/664/282
f 855/667/283 790/691/283 55/309/283 666/668/283
f 748/693/284 778/678/284 673/612/284 52/225/284
f 787/171/284 868/674/284 681/619/284 56/172/284
f 735/695/284 733/696/284 715/697/284 687/698/284
f 745/699/282 736/700/282 688/701/282 710/702/282
f 746/703/281 725/704/281 703/705/281 713/706/281
f 742/707/280 727/708/280 706/709/280 701/710/280
f 744/711/279 723/712/279 700/713/279 707/714/279
f 741/715/278 731/716/278 712/717/278 698/718/278
f 743/719/277 721/720/277 697/721/277 704/722/277
f 740/723/276 729/724/276 709/725/276 695/726/276
f 732/727/275 714/728/275 715/697/275 733/696/275
f 746/703/274 713/706/274 714/728/274 732/727/274
f 730/729/273 711/730/273 712/717/273 731/716/273
f 745/699/272 710/702/272 711/730/272 730/729/272
f 728/731/271 708/732/271 709/725/271 729/724/271
f 744/711/270 707/714/270 708/732/270 728/731/270
f 726/733/269 705/734/269 706/709/269 727/708/269
f 743/719/268 704/722/268 705/734/268 726/733/268
f 724/735/267 702/736/267 703/705/267 725/704/267
f 742/707/266 701/710/266 702/736/266 724/735/266
f 722/737/265 699/738/265 700/713/265 723/712/265
f 741/715/264 698/718/264 699/738/264 722/737/264
f 720/739/263 696/740/263 697/721/263 721/720/263
f 740/723/262 695/726/262 696/740/262 720/739/262
f 760/741/16 752/742/16 693/743/16 686/744/16
f 736/700/33 719/745/33 692/746/33 688/701/33
f 763/747/285 692/748/285 693/743/285 752/742/285
f 737/749/31 738/750/31 691/751/31 689/752/31
f 762/753/30 760/741/30 686/744/30 690/754/30
f 738/750/29 734/755/29 685/756/29 691/751/29
f 132/119/29 35/386/29 734/755/29 738/750/29
f 90/120/31 132/119/31 738/750/31 737/749/31
f 167/399/33 50/210/33 735/695/33 739/757/33
f 49/299/33 170/408/33 719/745/33 736/700/33
f 573/528/262 740/723/262 720/739/262 576/204/262
f 576/204/263 720/739/263 721/720/263 574/680/263
f 589/541/264 741/715/264 722/737/264 592/252/264
f 592/252/265 722/737/265 723/712/265 590/684/265
f 605/555/266 742/707/266 724/735/266 608/276/266
f 608/276/267 724/735/267 725/704/267 606/688/267
f 621/569/268 743/719/268 726/733/268 624/275/268
f 624/275/269 726/733/269 727/708/269 622/687/269
f 637/582/270 744/711/270 728/731/270 640/203/270
f 640/203/271 728/731/271 729/724/271 638/679/271
f 653/595/272 745/699/272 730/729/272 656/251/272
f 656/251/273 730/729/273 731/716/273 654/683/273
f 669/609/274 746/703/274 732/727/274 672/209/274
f 672/209/275 732/727/275 733/696/275 670/692/275
f 573/528/276 638/679/276 729/724/276 740/723/276
f 621/569/277 574/680/277 721/720/277 743/719/277
f 589/541/278 654/683/278 731/716/278 741/715/278
f 637/582/279 590/684/279 723/712/279 744/711/279
f 605/555/280 622/687/280 727/708/280 742/707/280
f 669/609/281 606/688/281 725/704/281 746/703/281
f 653/595/282 49/299/282 736/700/282 745/699/282
f 50/210/284 670/692/284 733/696/284 735/695/284
f 690/754/30 686/744/30 716/55/30 718/54/30
f 136/124/30 39/398/30 760/741/30 762/753/30
f 94/125/16 136/124/16 762/753/16 761/758/16
f 181/759/285 763/747/285 752/742/285 182/406/285
f 39/398/16 182/406/16 752/742/16 760/741/16
f 687/698/284 715/697/284 778/678/284 748/693/284
f 710/702/282 688/701/282 749/167/282 758/663/282
f 713/706/281 703/705/281 770/642/281 759/675/281
f 701/710/280 706/709/280 772/650/280 755/639/280
f 707/714/279 700/713/279 768/634/279 757/659/279
f 698/718/278 712/717/278 776/666/278 754/631/278
f 704/722/277 697/721/277 766/630/277 756/647/277
f 695/726/276 709/725/276 774/662/276 753/627/276
f 714/728/275 777/677/275 778/678/275 715/697/275
f 713/706/274 759/675/274 777/677/274 714/728/274
f 711/730/273 775/665/273 776/666/273 712/717/273
f 710/702/272 758/663/272 775/665/272 711/730/272
f 708/732/271 773/661/271 774/662/271 709/725/271
f 707/714/270 757/659/270 773/661/270 708/732/270
f 705/734/269 771/649/269 772/650/269 706/709/269
f 704/722/268 756/647/268 771/649/268 705/734/268
f 702/736/267 769/641/267 770/642/267 703/705/267
f 701/710/266 755/639/266 769/641/266 702/736/266
f 699/738/265 767/633/265 768/634/265 700/713/265
f 698/718/264 754/631/264 767/633/264 699/738/264
f 696/740/263 765/629/263 766/630/263 697/721/263
f 695/726/262 753/627/262 765/629/262 696/740/262
f 688/701/33 692/746/33 763/168/33 749/167/33
f 685/756/31 694/760/31 764/165/31 747/47/31
f 689/752/31 691/751/31 751/46/31 750/160/31
f 691/751/29 685/756/29 747/47/29 751/46/29
f 54/234/284 678/694/284 870/761/284 785/762/284
f 785/762/284 870/761/284 869/763/284 786/764/284
f 786/764/284 869/763/284 868/674/284 787/171/284
f 661/601/282 53/304/282 788/765/282 853/766/282
f 853/766/282 788/765/282 789/767/282 854/768/282
f 854/768/282 789/767/282 790/691/282 855/667/282
f 677/615/281 614/690/281 834/769/281 862/770/281
f 862/770/281 834/769/281 833/771/281 863/772/281
f 863/772/281 833/771/281 832/646/281 864/671/281
f 613/561/280 630/689/280 843/773/280 826/774/280
f 826/774/280 843/773/280 842/775/280 827/776/280
f 827/776/280 842/775/280 841/654/280 828/643/280
f 645/588/279 598/686/279 825/777/279 844/778/279
f 844/778/279 825/777/279 824/779/279 845/780/279
f 845/780/279 824/779/279 823/638/279 846/655/279
f 597/547/278 662/685/278 861/781/278 817/782/278
f 817/782/278 861/781/278 860/783/278 818/784/278
f 818/784/278 860/783/278 859/670/278 819/635/278
f 629/575/277 582/682/277 816/785/277 835/786/277
f 835/786/277 816/785/277 815/787/277 836/788/277
f 836/788/277 815/787/277 814/626/277 837/651/277
f 581/534/276 646/681/276 852/789/276 808/790/276
f 808/790/276 852/789/276 851/791/276 809/792/276
f 809/792/276 851/791/276 850/658/276 810/623/276
f 680/233/275 867/793/275 870/761/275 678/694/275
f 867/793/275 866/794/275 869/763/275 870/761/275
f 866/794/275 865/673/275 868/674/275 869/763/275
f 677/615/274 862/770/274 867/793/274 680/233/274
f 862/770/274 863/772/274 866/794/274 867/793/274
f 863/772/274 864/671/274 865/673/274 866/794/274
f 664/263/273 858/795/273 861/781/273 662/685/273
f 858/795/273 857/796/273 860/783/273 861/781/273
f 857/796/273 856/669/273 859/670/273 860/783/273
f 661/601/272 853/766/272 858/795/272 664/263/272
f 853/766/272 854/768/272 857/796/272 858/795/272
f 854/768/272 855/667/272 856/669/272 857/796/272
f 648/227/271 849/797/271 852/789/271 646/681/271
f 849/797/271 848/798/271 851/791/271 852/789/271
f 848/798/271 847/657/271 850/658/271 851/791/271
f 645/588/270 844/778/270 849/797/270 648/227/270
f 844/778/270 845/780/270 848/798/270 849/797/270
f 845/780/270 846/655/270 847/657/270 848/798/270
f 632/287/269 840/799/269 843/773/269 630/689/269
f 840/799/269 839/800/269 842/775/269 843/773/269
f 839/800/269 838/653/269 841/654/269 842/775/269
f 629/575/268 835/786/268 840/799/268 632/287/268
f 835/786/268 836/788/268 839/800/268 840/799/268
f 836/788/268 837/651/268 838/653/268 839/800/268
f 616/288/267 831/801/267 834/769/267 614/690/267
f 831/801/267 830/802/267 833/771/267 834/769/267
f 830/802/267 829/645/267 832/646/267 833/771/267
f 613/561/266 826/774/266 831/801/266 616/288/266
f 826/774/266 827/776/266 830/802/266 831/801/266
f 827/776/266 828/643/266 829/645/266 830/802/266
f 600/264/265 822/803/265 825/777/265 598/686/265
f 822/803/265 821/804/265 824/779/265 825/777/265
f 821/804/265 820/637/265 823/638/265 824/779/265
f 597/547/264 817/782/264 822/803/264 600/264/264
f 817/782/264 818/784/264 821/804/264 822/803/264
f 818/784/264 819/635/264 820/637/264 821/804/264
f 584/228/263 813/805/263 816/785/263 582/682/263
f 813/805/263 812/806/263 815/787/263 816/785/263
f 812/806/263 811/625/263 814/626/263 815/787/263
f 581/534/262 808/790/262 813/805/262 584/228/262
f 808/790/262 809/792/262 812/806/262 813/805/262
f 809/792/262 810/623/262 811/625/262 812/806/262
f 37/377/16 178/404/16 807/807/16 782/808/16
f 53/304/33 180/409/33 806/809/33 788/765/33
f 788/765/33 806/809/33 805/810/33 789/767/33
f 41/390/31 174/407/31 804/811/31 779/812/31
f 779/812/31 804/811/31 803/813/31 780/814/31
f 780/814/31 803/813/31 802/164/31 781/173/31
f 800/815/33 786/764/33 787/171/33 801/161/33
f 800/815/32 801/161/32 802/164/32 803/813/32
f 92/123/16 134/122/16 797/816/16 791/817/16
f 134/122/30 37/377/30 782/808/30 797/816/30
f 890/834/289 891/835/289 892/836/289 893/837/289
f 761/758/16 762/753/16 690/754/16 872/862/16 871/863/16
f 873/864/16 872/862/16 690/754/16 718/54/16 717/158/16
f 739/757/32 874/818/32 877/821/32 694/760/32 880/824/32 879/823/32
f 877/821/32 876/820/32 887/831/32 886/830/32 764/165/32 694/760/32
f 739/757/33 735/695/33 687/698/33 875/819/33 874/818/33
f 876/820/33 875/819/33 687/698/33 748/693/33 888/832/33 887/831/33
f 35/386/31 168/402/31 878/822/31 881/825/31 734/755/31
f 167/399/32 739/757/32 879/823/32 878/822/32 168/402/32
f 734/755/31 881/825/31 880/824/31 694/760/31 685/756/31
f 692/748/285 719/865/285 882/826/285 885/829/285 693/743/285
f 716/55/16 884/828/16 883/827/16 169/403/16 36/56/16
f 686/744/16 693/743/16 885/829/16 884/828/16 716/55/16
f 719/865/285 170/866/285 169/403/285 883/827/285 882/826/285
f 889/833/33 888/832/33 748/693/33 52/225/33 172/400/33
f 886/830/32 889/833/32 172/400/32 171/166/32 764/165/32
f 797/816/30 782/808/30 783/867/30 890/834/30 893/837/30
f 792/868/16 892/836/16 891/835/16 798/50/16 793/159/16
f 791/817/16 797/816/16 893/837/16 892/836/16 792/868/16
f 891/835/30 890/834/30 783/867/30 784/51/30 798/50/30
f 138/127/29 41/390/29 779/812/29 894/838/29 897/841/29
f 794/869/31 896/840/31 895/839/31 799/870/31 795/871/31
f 96/128/31 138/127/31 897/841/31 896/840/31 794/869/31
f 895/839/29 894/838/29 779/812/29 780/814/29 799/870/29
f 796/872/31 899/843/31 898/842/31 139/132/31 97/131/31
f 799/870/29 780/814/29 781/173/29 901/845/29 900/844/29
f 795/871/31 799/870/31 900/844/31 899/843/31 796/872/31
f 898/842/29 901/845/29 781/173/29 42/174/29 139/132/29
f 173/401/32 902/846/32 905/849/32 804/811/32 174/407/32
f 173/401/33 54/234/33 785/762/33 903/847/33 902/846/33
f 905/849/32 904/848/32 800/815/32 803/813/32 804/811/32
f 904/848/33 903/847/33 785/762/33 786/764/33 800/815/33
f 177/873/285 906/850/285 909/853/285 807/807/285 178/404/285
f 790/691/33 907/874/33 906/875/33 177/410/33 55/309/33
f 909/853/285 908/852/285 805/876/285 917/861/285 916/860/285 807/807/285
f 789/767/33 805/810/33 908/877/33 907/874/33 790/691/33
f 784/51/16 911/855/16 910/854/16 179/405/16 38/52/16
f 805/876/285 806/878/285 913/857/285 912/856/285 914/858/285 917/861/285
f 783/867/16 915/859/16 914/858/16 912/856/16 911/855/16 784/51/16
f 806/878/285 180/879/285 179/405/285 910/854/285 913/857/285
f 782/808/16 807/807/16 916/860/16 915/859/16 783/867/16
usemtl Helles_Metall
f 62/38/27 45/39/27 30/40/27 31/41/27
f 59/42/28 48/43/28 27/44/28 32/45/28
f 145/58/28 59/42/28 32/45/28 129/59/28
f 142/60/27 62/38/27 31/41/27 127/61/27
f 130/62/27 33/63/27 60/64/27 140/65/27
f 151/66/27 72/67/27 61/68/27 141/69/27
f 155/70/27 80/71/27 62/38/27 142/60/27
f 131/72/28 34/73/28 57/74/28 143/75/28
f 153/76/28 76/77/28 58/78/28 144/79/28
f 157/80/28 84/81/28 59/42/28 145/58/28
f 34/73/28 29/82/28 46/83/28 57/74/28
f 76/77/28 75/84/28 47/85/28 58/78/28
f 84/81/28 83/86/28 48/43/28 59/42/28
f 33/63/27 28/87/27 43/88/27 60/64/27
f 72/67/27 71/89/27 44/90/27 61/68/27
f 80/71/27 79/91/27 45/39/27 62/38/27
f 78/92/27 77/93/27 63/94/27 66/95/27
f 82/96/28 81/97/28 64/98/28 65/99/28
f 154/100/28 82/96/28 65/99/28 146/101/28
f 152/102/27 78/92/27 66/95/27 147/103/27
f 86/104/27 85/105/27 67/106/27 70/107/27
f 74/108/28 73/109/28 68/110/28 69/111/28
f 150/112/28 74/108/28 69/111/28 148/113/28
f 156/114/27 86/104/27 70/107/27 149/115/27
f 144/79/28 58/78/28 74/108/28 150/112/28
f 58/78/28 47/85/28 73/109/28 74/108/28
f 70/107/27 67/106/27 71/89/27 72/67/27
f 149/115/27 70/107/27 72/67/27 151/66/27
f 141/69/27 61/68/27 78/92/27 152/102/27
f 61/68/27 44/90/27 77/93/27 78/92/27
f 65/99/28 64/98/28 75/84/28 76/77/28
f 146/101/28 65/99/28 76/77/28 153/76/28
f 143/75/28 57/74/28 82/96/28 154/100/28
f 57/74/28 46/83/28 81/97/28 82/96/28
f 66/95/27 63/94/27 79/91/27 80/71/27
f 147/103/27 66/95/27 80/71/27 155/70/27
f 140/65/27 60/64/27 86/104/27 156/114/27
f 60/64/27 43/88/27 85/105/27 86/104/27
f 69/111/28 68/110/28 83/86/28 84/81/28
f 148/113/28 69/111/28 84/81/28 157/80/28
f 130/62/27 88/116/27 117/117/27 158/118/27
f 132/119/27 90/120/27 118/121/27 159/119/27
f 134/122/28 92/123/28 120/123/28 161/122/28
f 136/124/28 94/125/28 122/126/28 163/124/28
f 138/127/27 96/128/27 124/129/27 165/127/27
f 98/130/27 127/61/27 128/61/27 126/130/27
f 125/131/31 166/132/31 158/118/31 117/117/31
f 126/133/16 128/134/16 161/122/16 120/123/16
f 121/135/16 162/53/16 163/124/16 122/126/16
f 123/136/31 164/49/31 165/127/31 124/129/31
f 107/137/28 148/113/28 157/80/28 116/138/28
f 99/139/27 140/65/27 156/114/27 115/140/27
f 106/141/27 147/103/27 155/70/27 114/142/27
f 102/143/28 143/75/28 154/100/28 113/144/28
f 105/145/28 146/101/28 153/76/28 112/146/28
f 100/147/27 141/69/27 152/102/27 111/148/27
f 108/149/27 149/115/27 151/66/27 110/150/27
f 103/151/28 144/79/28 150/112/28 109/152/28
f 115/140/27 156/114/27 149/115/27 108/149/27
f 109/152/28 150/112/28 148/113/28 107/137/28
f 111/148/27 152/102/27 147/103/27 106/141/27
f 113/144/28 154/100/28 146/101/28 105/145/28
f 91/153/27 133/57/27 160/57/27 119/153/27
f 116/138/28 157/80/28 145/58/28 104/154/28
f 112/146/28 153/76/28 144/79/28 103/151/28
f 89/155/28 131/72/28 143/75/28 102/143/28
f 114/142/27 155/70/27 142/60/27 101/156/27
f 110/150/27 151/66/27 141/69/27 100/147/27
f 88/116/27 130/62/27 140/65/27 99/139/27
f 101/156/27 142/60/27 127/61/27 98/130/27
f 104/154/28 145/58/28 129/59/28 87/157/28
f 93/135/27 135/53/27 162/53/27 121/135/27
f 95/136/28 137/49/28 164/49/28 123/136/28
f 97/131/28 139/132/28 166/132/28 125/131/28
f 203/175/34 206/176/34 205/177/34
f 206/176/35 207/178/35 205/177/35
f 207/178/36 204/179/36 205/177/36
f 208/56/37 211/56/37 210/180/37
f 211/56/38 212/181/38 210/180/38
f 212/181/39 209/56/39 210/180/39
f 213/182/40 216/183/40 215/184/40
f 216/183/41 217/185/41 215/186/41
f 217/185/42 214/187/42 215/186/42
f 218/52/37 221/52/37 220/188/37
f 221/52/38 222/189/38 220/188/38
f 222/189/39 219/52/39 220/188/39
f 223/190/43 226/191/43 225/192/43
f 226/191/44 227/193/44 225/192/44
f 227/193/42 224/194/42 225/192/42
f 228/48/45 231/48/45 230/195/45
f 231/48/46 232/48/46 230/195/46
f 232/48/47 229/48/47 230/195/47
f 233/196/34 236/197/34 235/198/34
f 236/197/35 237/199/35 235/200/35
f 237/199/36 234/201/36 235/200/36
f 238/174/45 241/174/45 240/202/45
f 241/174/46 242/174/46 240/202/46
f 242/174/47 239/174/47 240/202/47
f 248/203/48 251/204/48 253/204/48 250/203/48
f 250/203/49 253/204/49 254/205/49 249/206/49
f 249/206/50 254/205/50 252/207/50 247/208/50
f 256/209/51 187/210/51 189/210/51 258/209/51
f 258/209/52 189/210/52 190/211/52 257/212/52
f 257/212/53 190/211/53 188/213/53 255/214/53
f 264/215/54 267/216/54 269/217/54 266/218/54
f 266/218/55 269/217/55 270/219/55 265/220/55
f 265/220/56 270/219/56 268/219/56 263/220/56
f 272/221/57 191/222/57 193/223/57 274/224/57
f 274/224/58 193/223/58 194/225/58 273/226/58
f 273/226/59 194/225/59 192/225/59 271/226/59
f 280/227/60 283/228/60 285/228/60 282/227/60
f 282/227/49 285/228/49 286/229/49 281/230/49
f 281/230/50 286/229/50 284/231/50 279/232/50
f 288/233/61 195/234/61 197/234/61 290/233/61
f 290/233/52 197/234/52 198/235/52 289/236/52
f 289/236/53 198/235/53 196/237/53 287/238/53
f 296/239/54 299/240/54 301/241/54 298/242/54
f 298/242/62 301/241/62 302/243/62 297/244/62
f 297/244/63 302/243/63 300/243/63 295/244/63
f 304/245/57 199/246/57 201/247/57 306/248/57
f 306/248/58 201/247/58 202/249/58 305/250/58
f 305/250/59 202/249/59 200/172/59 303/250/59
f 308/251/64 311/252/64 313/252/64 310/251/64
f 310/251/65 313/252/65 314/253/65 309/254/65
f 309/254/66 314/253/66 312/255/66 307/256/66
f 316/257/67 319/258/67 321/259/67 318/260/67
f 318/260/68 321/259/68 322/261/68 317/262/68
f 317/262/69 322/261/69 320/261/69 315/262/69
f 324/263/64 327/264/64 329/264/64 326/263/64
f 326/263/65 329/264/65 330/265/65 325/266/65
f 325/266/70 330/265/70 328/267/70 323/268/70
f 332/269/67 335/270/67 337/271/67 334/272/67
f 334/272/68 337/271/68 338/273/68 333/274/68
f 333/274/69 338/273/69 336/273/69 331/274/69
f 340/275/71 343/276/71 345/276/71 342/275/71
f 342/275/72 345/276/72 346/277/72 341/278/72
f 341/278/73 346/277/73 344/279/73 339/280/73
f 348/281/74 351/282/74 353/283/74 350/284/74
f 350/284/75 353/283/75 354/285/75 349/286/75
f 349/286/76 354/285/76 352/285/76 347/286/76
f 356/287/71 359/288/71 361/288/71 358/287/71
f 358/287/72 361/288/72 362/289/72 357/290/72
f 357/290/73 362/289/73 360/291/73 355/292/73
f 364/293/74 367/294/74 369/295/74 366/296/74
f 366/296/75 369/295/75 370/297/75 365/298/75
f 365/298/76 370/297/76 368/297/76 363/298/76
f 251/204/77 340/275/77 342/275/77 253/204/77
f 253/204/78 342/275/78 341/278/78 254/205/78
f 254/205/79 341/278/79 339/280/79 252/207/79
f 267/216/80 348/281/80 350/284/80 269/217/80
f 269/217/81 350/284/81 349/286/81 270/219/81
f 270/219/82 349/286/82 347/286/82 268/219/82
f 283/228/83 356/287/83 358/287/83 285/228/83
f 285/228/78 358/287/78 357/290/78 286/229/78
f 286/229/79 357/290/79 355/292/79 284/231/79
f 299/240/80 364/293/80 366/296/80 301/241/80
f 301/241/81 366/296/81 365/298/81 302/243/81
f 302/243/84 365/298/84 363/298/84 300/243/84
f 311/252/85 248/203/85 250/203/85 313/252/85
f 313/252/86 250/203/86 249/206/86 314/253/86
f 314/253/87 249/206/87 247/208/87 312/255/87
f 319/258/88 264/215/88 266/218/88 321/259/88
f 321/259/89 266/218/89 265/220/89 322/261/89
f 322/261/90 265/220/90 263/220/90 320/261/90
f 327/264/91 280/227/91 282/227/91 329/264/91
f 329/264/86 282/227/86 281/230/86 330/265/86
f 330/265/87 281/230/87 279/232/87 328/267/87
f 335/270/88 296/239/88 298/242/88 337/271/88
f 337/271/92 298/242/92 297/244/92 338/273/92
f 338/273/90 297/244/90 295/244/90 336/273/90
f 244/299/93 308/251/93 310/251/93 246/299/93
f 246/299/94 310/251/94 309/254/94 245/300/94
f 245/300/95 309/254/95 307/256/95 243/301/95
f 260/302/96 316/257/96 318/260/96 262/303/96
f 262/303/97 318/260/97 317/262/97 261/170/97
f 261/170/98 317/262/98 315/262/98 259/170/98
f 276/304/93 324/263/93 326/263/93 278/304/93
f 278/304/94 326/263/94 325/266/94 277/305/94
f 277/305/95 325/266/95 323/268/95 275/306/95
f 292/307/96 332/269/96 334/272/96 294/308/96
f 294/308/97 334/272/97 333/274/97 293/309/97
f 293/309/98 333/274/98 331/274/98 291/309/98
f 343/276/99 256/209/99 258/209/99 345/276/99
f 345/276/100 258/209/100 257/212/100 346/277/100
f 346/277/101 257/212/101 255/214/101 344/279/101
f 351/282/102 272/221/102 274/224/102 353/283/102
f 353/283/103 274/224/103 273/226/103 354/285/103
f 354/285/104 273/226/104 271/226/104 352/285/104
f 359/288/99 288/233/99 290/233/99 361/288/99
f 361/288/105 290/233/105 289/236/105 362/289/105
f 362/289/101 289/236/101 287/238/101 360/291/101
f 367/294/102 304/245/102 306/248/102 369/295/102
f 369/295/106 306/248/106 305/250/106 370/297/106
f 370/297/104 305/250/104 303/250/104 368/297/104
f 372/310/107 375/311/107 377/312/107 374/313/107
f 374/313/108 377/312/108 378/314/108 373/315/108
f 373/315/109 378/314/109 376/316/109 371/317/109
f 380/318/110 383/319/110 385/320/110 382/321/110
f 382/321/111 385/320/111 386/322/111 381/323/111
f 381/323/112 386/322/112 384/324/112 379/325/112
f 388/326/113 391/327/113 393/328/113 390/329/113
f 390/329/114 393/328/114 394/330/114 389/331/114
f 389/331/115 394/330/115 392/332/115 387/333/115
f 396/334/107 399/335/107 401/336/107 398/337/107
f 398/337/108 401/336/108 402/338/108 397/339/108
f 397/339/109 402/338/109 400/340/109 395/341/109
f 404/342/113 407/343/113 409/344/113 406/345/113
f 406/345/114 409/344/114 410/346/114 405/347/114
f 405/347/115 410/346/115 408/348/115 403/349/115
f 412/350/116 415/351/116 417/352/116 414/353/116
f 414/353/117 417/354/117 418/355/117 413/356/117
f 413/356/118 418/355/118 416/357/118 411/358/118
f 420/359/110 423/360/110 425/361/110 422/362/110
f 422/362/111 425/361/111 426/363/111 421/364/111
f 421/364/112 426/363/112 424/365/112 419/366/112
f 428/367/116 431/368/116 433/369/116 430/370/116
f 430/370/119 433/371/119 434/372/119 429/373/119
f 429/373/118 434/372/118 432/374/118 427/375/118
f 291/309/120 416/357/120 418/355/120 293/309/120
f 293/309/121 418/355/121 417/354/121 294/308/121
f 294/308/122 417/354/122 415/376/122 292/307/122
f 411/358/123 214/377/123 217/377/123 413/356/123
f 413/356/124 217/377/124 216/183/124 414/353/124
f 414/353/125 216/183/125 213/182/125 412/350/125
f 371/317/126 200/172/126 202/249/126 373/315/126
f 373/315/127 202/249/127 201/247/127 374/313/127
f 374/313/128 201/247/128 199/246/128 372/310/128
f 375/311/129 239/378/129 242/379/129 377/312/129
f 377/312/130 242/379/130 241/174/130 378/314/130
f 378/314/131 241/174/131 238/174/131 376/316/131
f 379/380/132 244/299/132 246/299/132 381/381/132
f 381/381/133 246/299/133 245/300/133 382/382/133
f 382/382/134 245/300/134 243/301/134 380/383/134
f 208/56/135 384/324/135 386/322/135 211/56/135
f 211/56/136 386/322/136 385/320/136 212/384/136
f 212/384/137 385/320/137 383/319/137 209/385/137
f 187/210/138 392/332/138 394/330/138 189/210/138
f 189/210/139 394/330/139 393/328/139 190/211/139
f 190/211/140 393/328/140 391/327/140 188/213/140
f 387/333/141 204/386/141 207/386/141 389/331/141
f 389/331/142 207/386/142 206/176/142 390/329/142
f 390/329/143 206/176/143 203/175/143 388/326/143
f 395/341/126 192/225/126 194/225/126 397/339/126
f 397/339/127 194/225/127 193/223/127 398/337/127
f 398/337/128 193/223/128 191/222/128 396/334/128
f 195/234/138 408/348/138 410/346/138 197/234/138
f 197/234/139 410/346/139 409/344/139 198/235/139
f 198/235/140 409/344/140 407/343/140 196/237/140
f 399/335/129 229/387/129 232/388/129 401/336/129
f 401/336/130 232/388/130 231/48/130 402/338/130
f 402/338/131 231/48/131 228/48/131 400/340/131
f 403/349/141 234/389/141 237/390/141 405/347/141
f 405/347/142 237/390/142 236/197/142 406/345/142
f 406/345/143 236/197/143 233/196/143 404/342/143
f 259/170/120 432/374/120 434/372/120 261/170/120
f 261/170/121 434/372/121 433/371/121 262/303/121
f 262/303/122 433/371/122 431/391/122 260/302/122
f 419/392/132 276/304/132 278/304/132 421/393/132
f 421/393/133 278/304/133 277/305/133 422/394/133
f 422/394/134 277/305/134 275/306/134 420/395/134
f 218/52/135 424/365/135 426/363/135 221/52/135
f 221/52/144 426/363/144 425/361/144 222/396/144
f 222/396/137 425/361/137 423/360/137 219/397/137
f 427/375/123 224/398/123 227/398/123 429/373/123
f 429/373/124 227/398/124 226/191/124 430/370/124
f 430/370/145 226/191/145 223/190/145 428/367/145
f 187/210/27 50/210/27 167/399/27 392/332/27
f 192/225/28 395/341/28 172/400/28 52/225/28
f 191/222/146 272/221/146 287/238/146 196/237/146
f 396/334/147 191/222/147 196/237/147 407/343/147
f 195/234/27 54/234/27 173/401/27 408/348/27
f 200/172/28 371/317/28 176/162/28 56/172/28
f 204/386/27 387/333/27 168/402/27 35/386/27
f 35/386/27 132/119/27 159/119/27 205/177/27 204/386/27
f 208/56/27 36/56/27 169/403/27 384/324/27
f 133/57/27 36/56/27 208/56/27 210/180/27 160/57/27
f 37/377/28 134/122/28 161/122/28 215/184/28 214/377/28
f 214/377/28 411/358/28 178/404/28 37/377/28
f 219/397/148 423/360/148 428/367/148 223/190/148
f 162/53/16 220/188/16 219/397/16 223/190/16 225/192/16 163/124/16
f 218/52/27 38/52/27 179/405/27 424/365/27
f 135/53/27 38/52/27 218/52/27 220/188/27 162/53/27
f 39/398/28 136/124/28 163/124/28 225/192/28 224/398/28
f 224/398/28 427/375/28 182/406/28 39/398/28
f 229/387/149 399/335/149 404/342/149 233/196/149
f 164/49/31 230/195/31 229/387/31 233/196/31 235/198/31 165/127/31
f 228/48/28 40/48/28 171/166/28 400/340/28
f 137/49/28 40/48/28 228/48/28 230/195/28 164/49/28
f 41/390/27 138/127/27 165/127/27 235/198/27 234/389/27
f 234/389/27 403/349/27 174/407/27 41/390/27
f 238/174/28 42/174/28 175/163/28 376/316/28
f 139/132/28 42/174/28 238/174/28 240/202/28 166/132/28
f 244/299/27 379/380/27 170/408/27 49/299/27
f 259/170/28 51/170/28 181/169/28 432/374/28
f 316/257/150 260/302/150 275/306/150 323/268/150
f 260/302/151 431/391/151 420/395/151 275/306/151
f 264/215/152 319/258/152 328/267/152 279/232/152
f 267/216/153 264/215/153 279/232/153 284/231/153
f 348/281/154 267/216/154 284/231/154 355/292/154
f 272/221/155 351/282/155 360/291/155 287/238/155
f 276/304/27 419/392/27 180/409/27 53/304/27
f 291/309/28 55/309/28 177/410/28 416/357/28
f 319/258/156 316/257/156 323/268/156 328/267/156
f 351/282/157 348/281/157 355/292/157 360/291/157
f 175/163/28 176/162/28 371/317/28 376/316/28
f 169/403/27 170/408/27 379/325/27 384/324/27
f 167/399/27 168/402/27 387/333/27 392/332/27
f 171/166/28 172/400/28 395/341/28 400/340/28
f 396/334/158 407/343/158 404/342/158 399/335/158
f 173/401/27 174/407/27 403/349/27 408/348/27
f 177/410/28 178/404/28 411/358/28 416/357/28
f 179/405/27 180/409/27 419/366/27 424/365/27
f 420/359/159 431/368/159 428/367/159 423/360/159
f 181/169/28 182/406/28 427/375/28 432/374/28
f 435/411/160 438/412/160 437/413/160
f 438/412/161 439/414/161 437/413/161
f 439/414/162 436/415/162 437/413/162
f 452/416/163 455/417/163 454/418/163
f 455/417/164 456/419/164 454/418/164
f 456/419/165 453/420/165 454/418/165
f 466/421/166 469/422/166 471/423/166 468/424/166
f 468/425/167 471/90/167 472/90/167 467/89/167
f 467/89/168 472/90/168 470/90/168 465/426/168
f 474/427/169 440/428/169 442/429/169 476/430/169
f 476/431/170 442/39/170 443/39/170 475/91/170
f 475/91/171 443/39/171 441/39/171 473/91/171
f 482/432/172 485/433/172 487/434/172 484/435/172
f 484/436/173 487/85/173 488/85/173 483/84/173
f 483/84/174 488/85/174 486/85/174 481/84/174
f 490/437/175 444/438/175 446/439/175 492/440/175
f 492/441/176 446/43/176 447/43/176 491/86/176
f 491/86/177 447/43/177 445/43/177 489/86/177
f 494/442/178 497/443/178 499/444/178 496/445/178
f 496/446/179 499/447/179 500/94/179 495/93/179
f 495/93/180 500/94/180 498/94/180 493/93/180
f 502/448/181 505/449/181 507/450/181 504/451/181
f 504/452/182 507/453/182 508/98/182 503/97/182
f 503/97/183 508/98/183 506/98/183 501/97/183
f 510/454/184 513/455/184 515/456/184 512/457/184
f 512/458/185 515/459/185 516/106/185 511/460/185
f 511/460/186 516/106/186 514/106/186 509/460/186
f 518/461/187 521/462/187 523/463/187 520/464/187
f 520/465/188 523/466/188 524/110/188 519/109/188
f 519/109/189 524/110/189 522/110/189 517/109/189
f 513/455/190 466/421/190 468/424/190 515/456/190
f 515/459/191 468/425/191 467/89/191 516/106/191
f 516/106/192 467/89/192 465/426/192 514/106/192
f 485/433/193 518/461/193 520/464/193 487/434/193
f 487/85/194 520/465/194 519/109/194 488/85/194
f 488/85/195 519/109/195 517/109/195 486/85/195
f 505/449/196 482/432/196 484/435/196 507/450/196
f 507/453/197 484/436/197 483/84/197 508/98/197
f 508/98/198 483/84/198 481/84/198 506/98/198
f 469/422/199 494/442/199 496/445/199 471/423/199
f 471/90/200 496/446/200 495/93/200 472/90/200
f 472/90/201 495/93/201 493/93/201 470/90/201
f 497/443/202 474/427/202 476/430/202 499/444/202
f 499/447/203 476/431/203 475/91/203 500/94/203
f 500/94/204 475/91/204 473/91/204 498/94/204
f 478/467/205 502/448/205 504/451/205 480/468/205
f 480/83/206 504/452/206 503/97/206 479/83/206
f 479/83/207 503/97/207 501/97/207 477/83/207
f 521/462/208 490/437/208 492/440/208 523/463/208
f 523/466/209 492/441/209 491/86/209 524/110/209
f 524/110/210 491/86/210 489/86/210 522/110/210
f 462/469/211 510/454/211 512/457/211 464/470/211
f 464/88/212 512/458/212 511/460/212 463/88/212
f 463/88/213 511/460/213 509/460/213 461/88/213
f 534/471/214 526/472/214 528/473/214 536/474/214
f 536/474/215 528/473/215 527/157/215 535/59/215
f 535/59/216 527/157/216 525/157/216 533/59/216
f 538/72/217 530/155/217 532/155/217 540/72/217
f 540/72/218 532/155/218 531/475/218 539/476/218
f 539/476/219 531/475/219 529/477/219 537/478/219
f 449/479/220 534/471/220 536/474/220 451/480/220
f 451/480/221 536/474/221 535/59/221 450/45/221
f 450/45/222 535/59/222 533/59/222 448/45/222
f 458/73/223 538/72/223 540/72/223 460/481/223
f 460/481/224 540/72/224 539/476/224 459/482/224
f 459/482/225 539/476/225 537/478/225 457/483/225
f 542/484/226 545/485/226 547/486/226 544/487/226
f 544/488/227 547/489/227 548/490/227 543/491/227
f 543/491/228 548/490/228 546/492/228 541/493/228
f 550/494/229 553/495/229 555/496/229 552/497/229
f 552/497/230 555/496/230 556/498/230 551/499/230
f 551/499/231 556/498/231 554/500/231 549/501/231
f 558/502/232 561/503/232 563/504/232 560/505/232
f 560/505/233 563/504/233 564/506/233 559/507/233
f 559/507/234 564/506/234 562/508/234 557/509/234
f 566/510/235 569/511/235 571/512/235 568/513/235
f 568/513/236 571/512/236 572/514/236 567/515/236
f 567/515/237 572/514/237 570/516/237 565/517/237
f 545/485/238 436/415/238 439/518/238 547/486/238
f 547/486/239 439/518/239 438/519/239 548/520/239
f 548/490/240 438/521/240 435/522/240 546/492/240
f 541/493/241 441/39/241 443/39/241 543/491/241
f 543/491/242 443/39/242 442/39/242 544/488/242
f 544/523/243 442/429/243 440/428/243 542/524/243
f 461/88/244 554/500/244 556/498/244 463/88/244
f 463/88/245 556/498/245 555/496/245 464/88/245
f 464/470/246 555/496/246 553/495/246 462/469/246
f 549/501/247 453/63/247 456/63/247 551/499/247
f 551/499/248 456/63/248 455/417/248 552/497/248
f 552/497/249 455/417/249 452/416/249 550/494/249
f 477/83/250 562/508/250 564/506/250 479/83/250
f 479/83/251 564/506/251 563/504/251 480/83/251
f 480/468/252 563/525/252 561/526/252 478/467/252
f 557/509/253 458/73/253 460/481/253 559/507/253
f 559/507/254 460/481/254 459/482/254 560/505/254
f 560/505/255 459/482/255 457/483/255 558/502/255
f 569/511/256 449/479/256 451/480/256 571/512/256
f 571/512/257 451/480/257 450/45/257 572/514/257
f 572/514/258 450/45/258 448/45/258 570/516/258
f 444/438/259 566/510/259 568/513/259 446/439/259
f 446/43/260 568/513/260 567/515/260 447/43/260
f 447/43/261 567/515/261 565/517/261 445/43/261
f 128/134/16 437/413/16 436/415/16 213/182/16 215/184/16 161/122/16
f 127/61/27 31/41/27 435/522/27 437/527/27 128/61/27
f 31/41/27 30/40/27 183/40/27 546/492/27 435/522/27
f 436/415/148 545/485/148 412/350/148 213/182/148
f 30/40/27 45/39/27 441/39/27 541/493/27 183/40/27
f 292/307/151 415/376/151 542/524/151 440/428/151
f 45/39/27 79/91/27 473/91/27 441/39/27
f 332/269/150 292/307/150 440/428/150 474/427/150
f 27/44/28 48/43/28 445/43/28 565/517/28 186/44/28
f 566/510/147 444/438/147 188/213/147 391/327/147
f 48/43/28 83/86/28 489/86/28 445/43/28
f 444/438/146 490/437/146 255/214/146 188/213/146
f 32/45/28 27/44/28 186/44/28 570/516/28 448/45/28
f 129/59/28 32/45/28 448/45/28 533/59/28
f 449/479/149 569/511/149 388/326/149 203/175/149
f 534/471/31 449/479/31 203/175/31 205/177/31 159/119/31
f 28/87/27 33/63/27 453/63/27 549/501/27 184/87/27
f 239/378/149 375/311/149 550/494/149 452/416/149
f 33/63/27 130/62/27 158/118/27 454/418/27 453/63/27
f 166/132/31 240/202/31 239/378/31 452/416/31 454/418/31 158/118/31
f 29/82/28 34/73/28 458/73/28 557/509/28 185/82/28
f 209/385/148 383/319/148 558/502/148 457/483/148
f 34/73/28 131/72/28 538/72/28 458/73/28
f 160/57/16 210/180/16 209/385/16 457/483/16 537/478/16
f 43/88/27 28/87/27 184/87/27 554/500/27 461/88/27
f 85/105/27 43/88/27 461/88/27 509/460/27
f 372/310/147 199/246/147 462/469/147 553/495/147
f 199/246/146 304/245/146 510/454/146 462/469/146
f 71/89/27 67/106/27 514/106/27 465/426/27
f 44/90/27 71/89/27 465/426/27 470/90/27
f 367/294/157 364/293/157 466/421/157 513/455/157
f 364/293/154 299/240/154 469/422/154 466/421/154
f 77/93/27 44/90/27 470/90/27 493/93/27
f 299/240/153 296/239/153 494/442/153 469/422/153
f 79/91/27 63/94/27 498/94/27 473/91/27
f 335/270/156 332/269/156 474/427/156 497/443/156
f 46/83/28 29/82/28 185/82/28 562/508/28 477/83/28
f 81/97/28 46/83/28 477/83/28 501/97/28
f 478/467/151 561/526/151 380/383/151 243/301/151
f 502/448/150 478/467/150 243/301/150 307/256/150
f 485/433/153 482/432/153 247/208/153 252/207/153
f 47/85/28 75/84/28 481/84/28 486/85/28
f 482/432/152 505/449/152 312/255/152 247/208/152
f 75/84/28 64/98/28 506/98/28 481/84/28
f 73/109/28 47/85/28 486/85/28 517/109/28
f 518/461/154 485/433/154 252/207/154 339/280/154
f 490/437/155 521/462/155 344/279/155 255/214/155
f 83/86/28 68/110/28 522/110/28 489/86/28
f 63/94/27 77/93/27 493/93/27 498/94/27
f 296/239/152 335/270/152 497/443/152 494/442/152
f 64/98/28 81/97/28 501/97/28 506/98/28
f 505/449/156 502/448/156 307/256/156 312/255/156
f 304/245/155 367/294/155 513/455/155 510/454/155
f 67/106/27 85/105/27 509/460/27 514/106/27
f 521/462/157 518/461/157 339/280/157 344/279/157
f 68/110/28 73/109/28 517/109/28 522/110/28
f 526/472/31 534/471/31 159/119/31 118/121/31
f 87/157/28 129/59/28 533/59/28 525/157/28
f 131/72/28 89/155/28 530/155/28 538/72/28
f 119/153/16 160/57/16 537/478/16 529/477/16
f 541/493/27 546/492/27 183/40/27
f 542/484/159 415/351/159 412/350/159 545/485/159
f 549/501/27 554/500/27 184/87/27
f 372/310/158 553/495/158 550/494/158 375/311/158
f 557/509/28 562/508/28 185/82/28
f 380/318/159 561/503/159 558/502/159 383/319/159
f 565/517/28 570/516/28 186/44/28
f 566/510/158 391/327/158 388/326/158 569/511/158
f 573/528/27 576/529/27 575/204/27
f 576/529/27 574/530/27 575/204/27
f 577/531/28 580/532/28 579/219/28
f 580/532/28 578/533/28 579/219/28
f 581/534/27 584/535/27 583/536/27
f 584/535/27 582/537/27 583/228/27
f 585/538/28 588/539/28 587/243/28
f 588/539/28 586/540/28 587/243/28
f 589/541/27 592/542/27 591/252/27
f 592/542/27 590/543/27 591/252/27
f 593/544/28 596/545/28 595/261/28
f 596/545/28 594/546/28 595/261/28
f 597/547/27 600/548/27 599/549/27
f 600/548/27 598/550/27 599/264/27
f 601/551/28 604/552/28 603/553/28
f 604/552/28 602/554/28 603/273/28
f 605/555/27 608/556/27 607/276/27
f 608/556/27 606/557/27 607/276/27
f 609/558/28 612/559/28 611/285/28
f 612/559/28 610/560/28 611/285/28
f 613/561/27 616/562/27 615/563/27
f 616/562/27 614/564/27 615/288/27
f 617/565/28 620/566/28 619/567/28
f 620/566/28 618/568/28 619/297/28
f 621/569/27 624/570/27 623/275/27
f 624/570/27 622/571/27 623/275/27
f 625/572/28 628/573/28 627/286/28
f 628/573/28 626/574/28 627/286/28
f 629/575/27 632/576/27 631/577/27
f 632/576/27 630/578/27 631/287/27
f 633/579/28 636/580/28 635/298/28
f 636/580/28 634/581/28 635/298/28
f 637/582/27 640/583/27 639/203/27
f 640/583/27 638/584/27 639/203/27
f 641/585/28 644/586/28 643/220/28
f 644/586/28 642/587/28 643/220/28
f 645/588/27 648/589/27 647/590/27
f 648/589/27 646/591/27 647/227/27
f 649/592/28 652/593/28 651/244/28
f 652/593/28 650/594/28 651/244/28
f 653/595/27 656/596/27 655/251/27
f 656/596/27 654/597/27 655/251/27
f 657/598/28 660/599/28 659/262/28
f 660/599/28 658/600/28 659/262/28
f 661/601/27 664/602/27 663/603/27
f 664/602/27 662/604/27 663/263/27
f 665/605/28 668/606/28 667/607/28
f 668/606/28 666/608/28 667/274/28
f 669/609/27 672/610/27 671/209/27
f 672/610/27 670/611/27 671/209/27
f 673/612/28 676/613/28 675/226/28
f 676/613/28 674/614/28 675/226/28
f 677/615/27 680/616/27 679/617/27
f 680/616/27 678/618/27 679/233/27
f 681/619/28 684/620/28 683/621/28
f 684/620/28 682/622/28 683/250/28
f 639/203/27 638/679/27 573/528/27 575/204/27 251/204/27 248/203/27
f 575/204/27 574/680/27 621/569/27 623/275/27 340/275/27 251/204/27
f 579/219/28 578/628/28 641/585/28 643/220/28 263/220/28 268/219/28
f 627/286/28 626/648/28 577/531/28 579/219/28 268/219/28 347/286/28
f 647/590/27 646/681/27 581/534/27 583/536/27 283/228/27 280/227/27
f 583/536/27 582/682/27 629/575/27 631/577/27 356/287/27 283/228/27
f 587/243/28 586/624/28 649/592/28 651/244/28 295/244/28 300/243/28
f 635/298/28 634/652/28 585/538/28 587/243/28 300/243/28 363/298/28
f 655/251/27 654/683/27 589/541/27 591/252/27 311/252/27 308/251/27
f 591/252/27 590/684/27 637/582/27 639/203/27 248/203/27 311/252/27
f 595/261/28 594/632/28 657/598/28 659/262/28 315/262/28 320/261/28
f 643/220/28 642/660/28 593/544/28 595/261/28 320/261/28 263/220/28
f 663/603/27 662/685/27 597/547/27 599/549/27 327/264/27 324/263/27
f 599/549/27 598/686/27 645/588/27 647/590/27 280/227/27 327/264/27
f 603/553/28 602/636/28 665/605/28 667/607/28 331/274/28 336/273/28
f 651/244/28 650/656/28 601/551/28 603/553/28 336/273/28 295/244/28
f 623/275/27 622/687/27 605/555/27 607/276/27 343/276/27 340/275/27
f 607/276/27 606/688/27 669/609/27 671/209/27 256/209/27 343/276/27
f 611/285/28 610/640/28 625/572/28 627/286/28 347/286/28 352/285/28
f 675/226/28 674/676/28 609/558/28 611/285/28 352/285/28 271/226/28
f 631/577/27 630/689/27 613/561/27 615/563/27 359/288/27 356/287/27
f 615/563/27 614/690/27 677/615/27 679/617/27 288/233/27 359/288/27
f 619/567/28 618/644/28 633/579/28 635/298/28 363/298/28 368/297/28
f 683/621/28 682/672/28 617/565/28 619/567/28 368/297/28 303/250/28
f 49/299/27 653/595/27 655/251/27 308/251/27 244/299/27
f 659/262/28 658/664/28 51/170/28 259/170/28 315/262/28
f 53/304/27 661/601/27 663/603/27 324/263/27 276/304/27
f 667/607/28 666/668/28 55/309/28 291/309/28 331/274/28
f 671/209/27 670/692/27 50/210/27 187/210/27 256/209/27
f 52/225/28 673/612/28 675/226/28 271/226/28 192/225/28
f 679/617/27 678/694/27 54/234/27 195/234/27 288/233/27
f 56/172/28 681/619/28 683/621/28 303/250/28 200/172/28
f 2162/982/31 2163/44/31 2161/87/31 2160/1014/31
f 2164/1135/833 2167/1177/833 2166/1219/833 2165/1220/833
f 2170/1221/834 2169/1222/834 2168/1223/834 2171/1224/834
f 2168/1225/27 2169/1226/27 2162/982/27 2160/1014/27 2164/1227/27 2165/1228/27
f 2165/1220/16 2166/1219/16 2171/1224/16 2168/1223/16
f 2160/1014/33 2161/87/33 2167/1229/33 2164/1230/33
f 2163/44/28 2170/1231/28 2171/1232/28 2166/1233/28 2167/1234/28 2161/87/28
f 2169/1222/835 2170/1221/835 2163/44/835 2162/982/835
f 2174/982/31 2175/44/31 2173/87/31 2172/1014/31
f 2176/1135/833 2179/1177/833 2178/1219/833 2177/1220/833
f 2182/1221/834 2181/1222/834 2180/1223/834 2183/1224/834
f 2180/1225/27 2181/1226/27 2174/982/27 2172/1014/27 2176/1227/27 2177/1228/27
f 2177/1220/16 2178/1219/16 2183/1224/16 2180/1223/16
f 2172/1014/33 2173/87/33 2179/1229/33 2176/1230/33
f 2175/44/28 2182/1231/28 2183/1232/28 2178/1233/28 2179/1234/28 2173/87/28
f 2181/1222/835 2182/1221/835 2175/44/835 2174/982/835
f 98/130/835 126/133/835 120/123/835 92/123/835 791/817/835 792/868/835 793/159/835 93/135/835 121/135/835 122/126/835 94/125/835 761/758/835 717/158/835 91/153/835 119/153/835 529/477/835 531/475/835 532/155/835 530/155/835 89/155/835 102/143/835 113/144/835 105/145/835 112/146/835 103/151/835 109/152/835 107/137/835 116/138/835 104/154/835 87/157/835 525/157/835 527/157/835 528/473/835 526/472/835 118/121/835 90/120/835 737/749/835 689/752/835 750/160/835 95/136/835 123/136/835 124/129/835 96/128/835 794/869/835 795/871/835 796/872/835 97/131/835 125/131/835 117/117/835 88/116/835 99/139/835 115/140/835 108/149/835 110/150/835 100/147/835 111/148/835 106/141/835 114/142/835 101/156/835
usemtl Helles_Holz
f 874/818/286 875/819/286 876/820/286 877/821/286
f 878/822/287 879/823/287 880/824/287 881/825/287
f 882/826/288 883/827/288 884/828/288 885/829/288
f 886/830/286 887/831/286 888/832/286 889/833/286
f 894/838/290 895/839/290 896/840/290 897/841/290
f 898/842/290 899/843/290 900/844/290 901/845/290
f 902/846/286 903/847/286 904/848/286 905/849/286
f 906/850/291 907/851/291 908/852/291 909/853/291
f 910/854/288 911/855/288 912/856/288 913/857/288
f 914/858/288 915/859/288 916/860/288 917/861/288
usemtl Gotik_Symbol
f 921/880/292 922/881/292 976/882/292 977/883/292
f 922/881/293 923/884/293 975/885/293 976/882/293
f 918/886/293 974/886/293 973/887/293 919/887/293
f 919/887/292 973/887/292 972/888/292 920/888/292
f 927/889/294 928/890/294 970/890/294 971/891/294
f 928/890/295 929/892/295 969/892/295 970/890/295
f 924/893/296 968/894/296 967/895/296 925/895/296
f 925/895/294 967/895/294 966/896/294 926/897/294
f 951/891/297 952/890/297 964/890/297 963/891/297
f 952/890/298 953/892/298 965/898/298 964/890/298
f 948/899/298 960/893/298 961/895/298 949/900/298
f 949/900/297 961/895/297 962/897/297 950/897/297
f 1392/901/299 942/902/299 943/887/299 1393/887/299
f 1393/887/300 943/887/300 944/888/300 1394/888/300
f 1395/880/300 1396/903/300 946/881/300 945/880/300
f 1396/903/299 1397/904/299 947/884/299 946/881/299
f 1410/891/301 1411/890/301 952/890/301 951/891/301
f 1411/890/302 1412/892/302 953/892/302 952/890/302
f 945/880/303 946/881/303 958/903/303 957/905/303
f 946/881/304 947/884/304 959/884/304 958/903/304
f 942/902/304 954/902/304 955/887/304 943/887/304
f 943/887/303 955/887/303 956/888/303 944/888/303
f 968/894/305 936/893/305 937/895/305 967/895/305
f 967/895/306 937/895/306 938/906/306 966/896/306
f 974/886/307 930/886/307 931/887/307 973/887/307
f 973/887/308 931/887/308 932/907/308 972/888/308
f 977/883/308 976/882/308 934/881/308 933/880/308
f 976/882/307 975/885/307 935/884/307 934/881/307
f 971/891/306 970/890/306 940/890/306 939/891/306
f 970/890/305 969/892/305 941/908/305 940/890/305
f 1413/893/302 948/899/302 949/900/302 1414/909/302
f 1414/909/301 949/900/301 950/897/301 1415/897/301
f 1032/910/309 923/884/309 922/881/309 1035/911/309
f 1035/911/310 922/881/310 921/880/310 1037/912/310
f 1040/913/311 1043/914/311 925/895/311 926/897/311
f 1043/914/312 1045/915/312 924/893/312 925/895/312
f 919/887/313 920/888/313 1047/916/313 1044/917/313
f 918/886/314 919/887/314 1044/917/314 1042/918/314
f 980/919/315 1042/918/315 1041/920/315 979/921/315
f 979/921/316 1041/920/316 1040/913/316 978/922/316
f 928/890/317 1036/923/317 1039/924/317 929/892/317
f 927/889/318 1034/925/318 1036/923/318 928/890/318
f 983/926/319 982/434/319 1033/927/319 1034/925/319
f 982/434/262 981/468/262 1032/910/262 1033/927/262
f 978/922/320 1031/922/320 1030/928/320 979/921/320
f 979/921/262 1030/928/262 1029/929/262 980/919/262
f 981/468/262 982/434/262 1027/930/262 1028/468/262
f 982/434/320 983/926/320 1026/439/320 1027/930/320
f 1028/468/262 1027/930/262 1024/434/262 1025/468/262
f 1027/930/321 1026/439/321 1023/931/321 1024/434/321
f 1031/922/321 1022/922/321 1021/921/321 1030/928/321
f 1030/928/262 1021/921/262 1020/932/262 1029/929/262
f 1008/933/322 1014/933/322 1015/934/322 1009/935/322
f 1009/935/323 1015/934/323 1016/936/323 1010/936/323
f 1005/470/324 1006/423/324 1012/423/324 1011/470/324
f 1006/423/262 1007/429/262 1013/429/262 1012/423/262
f 1011/470/325 1017/470/325 1018/937/325 1012/423/325
f 1012/423/326 1018/937/326 1019/429/326 1013/429/326
f 1446/470/327 1447/423/327 1006/423/327 1005/470/327
f 1447/423/262 1448/938/262 1007/429/262 1006/423/262
f 1449/933/262 1002/939/262 1003/935/262 1450/940/262
f 1450/940/327 1003/935/327 1004/936/327 1451/936/327
f 1002/939/262 1008/933/262 1009/935/262 1003/935/262
f 1003/935/324 1009/935/324 1010/936/324 1004/936/324
f 990/941/328 996/922/328 997/921/328 991/942/328
f 991/942/329 997/921/329 998/919/329 992/919/329
f 1428/922/330 990/941/330 991/942/330 1429/921/330
f 1429/921/262 991/942/262 992/919/262 1430/943/262
f 993/944/329 994/434/329 1000/434/329 999/468/329
f 994/434/328 995/439/328 1001/439/328 1000/434/328
f 1039/924/331 1038/945/331 988/423/331 987/946/331
f 1038/945/262 1037/912/262 989/429/262 988/423/262
f 1047/916/332 984/947/332 985/935/332 1046/948/332
f 1046/948/333 985/935/333 986/936/333 1045/915/333
f 1431/949/262 1432/950/262 994/434/262 993/944/262
f 1432/950/330 1433/951/330 995/439/330 994/434/330
f 1033/927/334 1032/910/334 1035/911/334 1053/952/334 1052/953/334
f 1054/954/335 1053/952/335 1035/911/335 1037/912/335 1038/945/335
f 1034/925/336 1033/927/336 1052/953/336 1055/955/336 1036/923/336
f 1036/923/337 1055/955/337 1054/954/337 1038/945/337 1039/924/337
f 1052/953/28 1053/952/28 1057/952/28 1056/953/28
f 1051/956/28 1050/957/28 1063/957/28 1060/956/28
f 1054/954/28 1055/955/28 1059/955/28 1058/954/28
f 1048/958/28 1051/956/28 1060/956/28 1061/958/28
f 1061/958/262 1060/956/262 1056/953/262 1057/952/262
f 1062/959/262 1061/958/262 1057/952/262 1058/954/262
f 1063/957/338 1062/959/338 1058/954/338 1059/955/338
f 1060/956/339 1063/957/339 1059/955/339 1056/953/339
f 1049/959/28 1048/958/28 1061/958/28 1062/959/28
f 1055/955/28 1052/953/28 1056/953/28 1059/955/28
f 1053/952/28 1054/954/28 1058/954/28 1057/952/28
f 1050/957/28 1049/959/28 1062/959/28 1063/957/28
f 1064/958/340 1065/960/340 1066/961/340 1067/958/340
f 1050/957/341 1051/956/341 1067/962/341 1066/957/341
f 1049/959/342 1050/957/342 1066/963/342 1065/964/342
f 1048/958/262 1049/959/262 1065/960/262 1064/958/262
f 1051/956/262 1048/958/262 1064/965/262 1067/956/262
f 1434/966/343 1101/967/343 1103/44/343 1435/44/343
f 1435/44/344 1103/44/344 1102/968/344 1436/969/344
f 1285/970/345 1077/971/345 1079/82/345 1286/82/345
f 1286/972/262 1079/972/262 1078/973/262 1284/974/262
f 1288/975/262 1289/976/262 1076/976/262 1074/977/262
f 1289/978/346 1287/979/346 1075/980/346 1076/978/346
f 1437/981/344 1438/982/344 1100/982/344 1098/983/344
f 1438/982/343 1439/984/343 1099/985/343 1100/982/343
f 1309/986/276 1310/976/276 1106/976/276 1104/987/276
f 1310/978/347 1308/988/347 1105/989/347 1106/978/347
f 1312/990/348 1078/973/348 1079/972/348 1313/972/348
f 1313/82/349 1079/82/349 1077/971/349 1311/970/349
f 1315/991/276 1110/992/276 1112/993/276 1316/993/276
f 1316/40/350 1112/40/350 1111/994/350 1314/994/350
f 1318/995/351 1319/996/351 1070/996/351 1068/997/351
f 1319/998/352 1317/999/352 1069/1000/352 1070/998/352
f 1297/1001/277 1125/1002/277 1127/87/277 1298/87/277
f 1298/87/277 1127/87/277 1126/1003/277 1296/1004/277
f 1300/1005/353 1089/966/353 1091/44/353 1301/1006/353
f 1301/1006/354 1091/44/354 1090/1007/354 1299/1008/354
f 1303/1009/355 1304/982/355 1088/982/355 1086/1010/355
f 1304/982/353 1302/1011/353 1087/1012/353 1088/982/353
f 1306/1013/277 1307/1014/277 1124/1014/277 1122/1015/277
f 1307/1014/277 1305/1016/277 1123/1017/277 1124/1014/277
f 1416/1018/356 1417/1019/356 1148/1014/356 1146/1020/356
f 1417/1019/356 1418/1021/356 1147/1022/356 1148/1014/356
f 1419/1023/357 1126/1003/357 1127/87/357 1420/87/357
f 1420/87/357 1127/87/357 1125/1002/357 1421/1024/357
f 1422/1025/356 1423/1026/356 1145/982/356 1143/1027/356
f 1423/1026/356 1424/1028/356 1144/1029/356 1145/982/356
f 1398/1030/358 1399/976/358 1130/976/358 1128/1031/358
f 1399/978/358 1400/1032/358 1129/1033/358 1130/978/358
f 1401/1034/359 1113/1035/359 1115/972/359 1402/972/359
f 1402/82/359 1115/82/359 1114/970/359 1403/970/359
f 1404/1036/358 1134/1037/358 1136/993/358 1405/993/358
f 1405/40/358 1136/40/358 1135/994/358 1406/1038/358
f 1407/1039/359 1408/996/359 1109/996/359 1107/1040/359
f 1408/998/359 1409/1041/359 1108/1042/359 1109/998/359
f 1425/967/357 1116/1005/357 1118/44/357 1426/1043/357
f 1426/1043/357 1118/44/357 1117/1044/357 1427/1045/357
f 1137/1046/360 1161/970/360 1163/82/360 1139/82/360
f 1139/972/361 1163/972/361 1162/1047/361 1138/1048/361
f 1159/1049/362 1135/994/362 1136/40/362 1160/40/362
f 1160/993/363 1136/993/363 1134/1037/363 1158/1050/363
f 1131/1051/364 1133/998/364 1157/998/364 1155/1052/364
f 1133/996/363 1132/1053/363 1156/1054/363 1157/996/363
f 1153/1055/360 1154/978/360 1130/978/360 1129/1033/360
f 1154/976/365 1152/1056/365 1128/1031/365 1130/976/365
f 1146/1020/366 1148/1014/366 1172/1014/366 1170/1057/366
f 1148/1014/367 1147/1022/367 1171/1058/367 1172/1014/367
f 1174/1059/368 1150/1060/368 1151/87/368 1175/87/368
f 1175/87/367 1151/87/367 1149/1002/367 1173/1002/367
f 1143/1027/369 1145/982/369 1169/982/369 1167/1061/369
f 1145/982/370 1144/1029/370 1168/1062/370 1169/982/370
f 1165/967/371 1141/966/371 1142/44/371 1166/44/371
f 1166/44/370 1142/44/370 1140/1063/370 1164/1064/370
f 1101/967/277 1185/1005/277 1187/44/277 1103/44/277
f 1103/44/277 1187/44/277 1186/1065/277 1102/968/277
f 1177/970/372 1092/971/372 1094/82/372 1178/82/372
f 1178/972/373 1094/972/373 1093/1066/373 1176/1067/373
f 1180/1068/373 1181/976/373 1097/976/373 1095/1069/373
f 1181/978/372 1179/1070/372 1096/1071/372 1097/978/372
f 1098/983/277 1100/982/277 1184/982/277 1182/1072/277
f 1100/982/277 1099/985/277 1183/1073/277 1184/982/277
f 1452/1074/374 1453/1075/374 1190/996/374 1188/1076/374
f 1453/1077/375 1454/1078/375 1189/1079/375 1190/998/375
f 1455/1080/262 1071/1081/262 1073/993/262 1456/993/262
f 1456/40/376 1073/40/376 1072/1082/376 1457/1082/376
f 1458/1083/263 1459/1014/263 1199/1014/263 1197/1084/263
f 1459/1014/377 1460/1085/377 1198/1086/377 1199/1014/377
f 1461/1087/378 1083/1087/378 1085/87/378 1462/87/378
f 1462/87/263 1085/87/263 1084/1088/263 1463/1089/263
f 1197/1084/379 1199/1014/379 1211/1014/379 1209/1090/379
f 1199/1014/380 1198/1086/380 1210/1091/380 1211/1014/380
f 1201/1092/381 1202/998/381 1190/998/381 1189/1079/381
f 1202/996/276 1200/1093/276 1188/1076/276 1190/996/276
f 1204/1094/276 1192/1095/276 1193/993/276 1205/993/276
f 1205/40/276 1193/40/276 1191/1082/276 1203/1096/276
f 1207/1087/379 1195/1087/379 1196/87/379 1208/87/379
f 1208/87/380 1196/87/380 1194/1097/380 1206/1098/380
f 1203/1096/382 1205/40/382 1217/40/382 1215/1082/382
f 1205/993/383 1204/1094/383 1216/1099/383 1217/993/383
f 1219/1100/384 1220/87/384 1208/87/384 1207/1087/384
f 1220/87/384 1218/1101/384 1206/1098/384 1208/87/384
f 1222/1102/277 1223/1014/277 1211/1014/277 1210/1091/277
f 1223/1014/277 1221/1103/277 1209/1090/277 1211/1014/277
f 1213/1104/385 1214/998/385 1202/998/385 1201/1092/385
f 1214/996/386 1212/1105/386 1200/1093/386 1202/996/386
f 1291/966/378 1225/966/378 1226/44/378 1292/44/378
f 1292/44/263 1226/44/263 1224/1106/263 1290/1107/263
f 1440/1046/387 1227/970/387 1229/82/387 1441/82/387
f 1441/972/388 1229/972/388 1228/1108/388 1442/1109/388
f 1443/1110/388 1444/976/388 1232/976/388 1230/1111/388
f 1444/978/389 1445/1112/389 1231/1113/389 1232/978/389
f 1294/1114/263 1295/1115/263 1235/982/263 1234/1116/263
f 1295/1115/263 1293/1117/263 1233/1118/263 1235/982/263
f 1363/929/390 1364/1119/390 1241/976/390 1239/1120/390
f 1364/1119/391 1362/1121/391 1240/1122/391 1241/976/391
f 1372/439/392 1245/1123/392 1247/44/392 1373/1124/392
f 1373/1124/393 1247/44/393 1246/967/393 1371/1125/393
f 1182/1072/277 1184/982/277 1244/982/277 1242/1126/277
f 1184/982/394 1183/1073/394 1243/1127/394 1244/982/394
f 1245/1123/277 1186/1065/277 1187/44/277 1247/44/277
f 1247/44/277 1187/44/277 1185/1005/277 1246/967/277
f 1179/1070/395 1181/978/395 1241/978/395 1240/1128/395
f 1181/976/396 1180/1068/396 1239/1120/396 1241/976/396
f 1237/1046/397 1177/970/397 1178/82/397 1238/82/397
f 1238/972/396 1178/972/396 1176/1067/396 1236/1129/396
f 1327/888/398 1328/1130/398 1253/996/398 1251/1131/398
f 1328/1132/399 1326/1133/399 1252/1134/399 1253/1135/399
f 1336/884/400 1257/1136/400 1259/972/400 1337/1137/400
f 1337/1138/401 1259/82/401 1258/1046/401 1335/1139/401
f 1345/897/402 1346/1140/402 1265/982/402 1263/1141/402
f 1346/1140/403 1344/1142/403 1264/1143/403 1265/982/403
f 1354/892/404 1269/1144/404 1271/87/404 1355/1145/404
f 1355/1145/405 1271/87/405 1270/1001/405 1353/1146/405
f 1173/1002/267 1270/1001/267 1271/87/267 1175/87/267
f 1175/87/406 1271/87/406 1269/1144/406 1174/1059/406
f 1261/966/407 1165/967/407 1166/44/407 1262/44/407
f 1262/44/267 1166/44/267 1164/1064/267 1260/1147/267
f 1263/1141/408 1265/982/408 1169/982/408 1168/1062/408
f 1265/982/267 1264/1143/267 1167/1061/267 1169/982/267
f 1161/970/264 1258/1046/264 1259/82/264 1163/82/264
f 1163/972/409 1259/972/409 1257/1136/409 1162/1047/409
f 1255/994/410 1159/1049/410 1160/40/410 1256/40/410
f 1256/993/409 1160/993/409 1158/1050/409 1254/1148/409
f 1155/1052/411 1157/998/411 1253/1149/411 1252/1150/411
f 1157/996/409 1156/1054/409 1251/1131/409 1253/996/409
f 1249/1151/409 1250/978/409 1154/978/409 1153/1055/409
f 1250/976/412 1248/1152/412 1152/1056/412 1154/976/412
f 1170/1057/267 1172/1014/267 1268/1014/267 1266/1153/267
f 1172/1014/267 1171/1058/267 1267/1154/267 1268/1014/267
f 1381/936/413 1382/1155/413 1283/1014/413 1281/1156/413
f 1382/1157/414 1380/1158/414 1282/1159/414 1283/1014/414
f 1390/429/276 1275/1160/276 1277/993/276 1391/1161/276
f 1391/1162/276 1277/40/276 1276/994/276 1389/1163/276
f 1218/1101/415 1278/1164/415 1280/87/415 1220/87/415
f 1220/87/277 1280/87/277 1279/1002/277 1219/1100/277
f 1281/1156/277 1283/1014/277 1223/1014/277 1222/1102/277
f 1283/1014/384 1223/1014/384 1221/1103/384 1282/1159/384
f 1273/1165/416 1213/1104/416 1214/998/416 1274/998/416
f 1274/996/417 1272/1166/417 1212/1105/417 1214/996/417
f 1275/1160/418 1216/1099/418 1217/993/418 1277/993/418
f 1277/40/419 1217/40/419 1215/1082/419 1276/994/419
f 1227/970/262 1285/970/262 1286/82/262 1229/82/262
f 1229/972/262 1286/972/262 1284/974/262 1228/1108/262
f 1230/1111/262 1232/976/262 1289/976/262 1288/975/262
f 1232/978/420 1231/1113/420 1287/979/420 1289/978/420
f 1089/966/378 1291/966/378 1292/44/378 1091/44/378
f 1091/44/377 1292/44/377 1290/1107/377 1090/1007/377
f 1086/1010/263 1088/982/263 1295/1115/263 1294/1114/263
f 1088/982/378 1087/1012/378 1293/1117/378 1295/1115/378
f 1083/1087/421 1297/1001/421 1298/87/421 1085/87/421
f 1085/87/422 1298/87/422 1296/1004/422 1084/1088/422
f 1116/1005/277 1300/1005/277 1301/1006/277 1118/44/277
f 1118/44/277 1301/1006/277 1299/1008/277 1117/1044/277
f 1119/1167/277 1121/982/277 1304/982/277 1303/1009/277
f 1121/982/277 1120/1168/277 1302/1011/277 1304/982/277
f 1080/1169/423 1082/1014/423 1307/1014/423 1306/1013/423
f 1082/1014/424 1081/1170/424 1305/1016/424 1307/1014/424
f 1074/977/348 1076/976/348 1310/976/348 1309/986/348
f 1076/978/349 1075/980/349 1308/988/349 1310/978/349
f 1113/1035/381 1312/990/381 1313/972/381 1115/972/381
f 1115/82/276 1313/82/276 1311/970/276 1114/970/276
f 1071/1081/425 1315/991/425 1316/993/425 1073/993/425
f 1073/40/426 1316/40/426 1314/994/426 1072/1082/426
f 1107/1040/276 1109/996/276 1319/996/276 1318/995/276
f 1109/998/381 1108/1042/381 1317/999/381 1319/998/381
f 1248/1152/427 1250/976/427 1322/1171/427 1320/902/427
f 1250/978/428 1249/1151/428 1321/1172/428 1322/1173/428
f 1320/902/278 1322/1171/278 1325/887/278 1323/887/278
f 1322/1173/278 1321/1172/278 1324/1174/278 1325/1175/278
f 1323/887/278 1325/887/278 1328/1130/278 1327/888/278
f 1325/1175/278 1324/1174/278 1326/1133/278 1328/1132/278
f 1254/1148/398 1329/880/398 1331/1176/398 1256/993/398
f 1256/1177/429 1331/1178/429 1330/1179/429 1255/1180/429
f 1329/880/430 1332/881/430 1334/881/430 1331/1176/430
f 1331/1178/431 1334/1181/431 1333/1182/431 1330/1179/431
f 1332/881/430 1336/884/430 1337/1137/430 1334/881/430
f 1334/1181/432 1337/1138/432 1335/1139/432 1333/1182/432
f 1266/1153/404 1268/1014/404 1340/1183/404 1338/893/404
f 1268/1014/433 1267/1154/433 1339/1184/433 1340/1183/433
f 1338/893/434 1340/1183/434 1343/895/434 1341/895/434
f 1340/1183/281 1339/1184/281 1342/1185/281 1343/895/281
f 1341/895/435 1343/895/435 1346/1140/435 1345/897/435
f 1343/895/281 1342/1185/281 1344/1142/281 1346/1140/281
f 1260/1147/402 1347/891/402 1349/1186/402 1262/44/402
f 1262/44/436 1349/1186/436 1348/1187/436 1261/966/436
f 1347/891/437 1350/890/437 1352/890/437 1349/1186/437
f 1349/1186/281 1352/890/281 1351/1188/281 1348/1187/281
f 1350/890/438 1354/892/438 1355/1145/438 1352/890/438
f 1352/890/281 1355/1145/281 1353/1146/281 1351/1188/281
f 1242/1126/392 1244/982/392 1358/1189/392 1356/922/392
f 1244/982/439 1243/1127/439 1357/1190/439 1358/1189/439
f 1356/922/440 1358/1189/440 1361/1191/440 1359/1191/440
f 1358/1189/441 1357/1190/441 1360/1192/441 1361/1191/441
f 1359/1191/262 1361/1191/262 1364/1119/262 1363/929/262
f 1361/1191/262 1360/1192/262 1362/1121/262 1364/1119/262
f 1236/1129/390 1365/468/390 1367/1193/390 1238/972/390
f 1238/972/391 1367/1193/391 1366/1194/391 1237/1195/391
f 1365/468/262 1368/434/262 1370/434/262 1367/1193/262
f 1367/1193/262 1370/434/262 1369/1196/262 1366/1194/262
f 1368/434/442 1372/439/442 1373/1124/442 1370/434/442
f 1370/434/441 1373/1124/441 1371/1125/441 1369/1196/441
f 1272/1166/381 1274/996/381 1376/1197/381 1374/933/381
f 1274/998/276 1273/1165/276 1375/1198/276 1376/1199/276
f 1374/933/443 1376/1197/443 1379/935/443 1377/935/443
f 1376/1199/444 1375/1198/444 1378/1200/444 1379/1201/444
f 1377/935/445 1379/935/445 1382/1155/445 1381/936/445
f 1379/1201/446 1378/1200/446 1380/1158/446 1382/1157/446
f 1278/1164/447 1383/470/447 1385/1202/447 1280/87/447
f 1280/87/448 1385/1203/448 1384/1204/448 1279/1002/448
f 1383/470/445 1386/423/445 1388/423/445 1385/1202/445
f 1385/1203/446 1388/90/446 1387/1205/446 1384/1204/446
f 1386/423/449 1390/429/449 1391/1161/449 1388/423/449
f 1388/90/450 1391/1162/450 1389/1163/450 1387/1205/450
f 920/888/451 1068/997/451 984/947/451 1047/916/451
f 1069/1000/452 1317/999/452 1314/994/452 1072/1082/452
f 920/888/453 972/888/453 1318/995/453 1068/997/453
f 1457/1082/454 1191/1082/454 1189/1079/454 1454/1078/454
f 1452/1074/455 1188/1076/455 1002/939/455 1449/933/455
f 1071/1081/453 921/880/453 977/883/453 1315/991/453
f 1037/912/456 921/880/456 1071/1081/456 989/429/456
f 1448/938/455 1455/1080/455 1192/1095/455 1007/429/455
f 1077/971/457 1311/970/457 1308/988/457 1075/980/457
f 1074/977/458 1309/986/458 974/886/458 918/886/458
f 1075/980/459 1287/979/459 1285/970/459 1077/971/459
f 1074/977/460 918/886/460 1042/918/460 980/919/460
f 980/919/262 1029/929/262 1288/975/262 1074/977/262
f 981/468/461 1078/973/461 923/884/461 1032/910/461
f 923/884/458 1078/973/458 1312/990/458 975/885/458
f 1078/973/262 981/468/262 1028/468/262 1284/974/262
f 1083/1087/462 1297/1001/462 1305/1016/462 1081/1170/462
f 1080/1169/463 1306/1013/463 968/894/463 924/893/463
f 1458/1083/464 1197/1084/464 1195/1087/464 1461/1087/464
f 1045/915/465 986/936/465 1080/1169/465 924/893/465
f 1451/936/263 1004/936/263 1198/1086/263 1460/1085/263
f 929/892/263 1039/924/263 987/946/263 1084/1088/263
f 929/892/463 1084/1088/463 1296/1004/463 969/892/463
f 1463/1089/263 1446/470/263 1005/470/263 1194/1097/263
f 1087/1012/466 1302/1011/466 1300/1005/466 1089/966/466
f 978/922/467 1040/913/467 926/897/467 1086/1010/467
f 926/897/468 966/896/468 1303/1009/468 1086/1010/468
f 1089/966/469 1291/966/469 1293/1117/469 1087/1012/469
f 1086/1010/263 1294/1114/263 1031/922/263 978/922/263
f 1090/1007/263 983/926/263 1034/925/263 927/889/263
f 983/926/263 1090/1007/263 1290/1107/263 1026/439/263
f 1090/1007/468 927/889/468 971/891/468 1299/1008/468
f 1096/1071/470 1179/1070/470 1177/970/470 1092/971/470
f 1442/1109/471 1431/949/471 993/944/471 1093/1066/471
f 1093/1066/472 993/944/472 999/468/472 1176/1067/472
f 1445/1112/473 1096/1071/473 1092/971/473 1440/1046/473
f 1430/943/471 992/919/471 1095/1069/471 1443/1110/471
f 992/919/472 998/919/472 1180/1068/472 1095/1069/472
f 1101/967/474 1185/1005/474 1183/1073/474 1099/985/474
f 1098/983/475 1182/1072/475 996/922/475 990/941/475
f 1434/966/476 1101/967/476 1099/985/476 1439/984/476
f 1437/981/477 1098/983/477 990/941/477 1428/922/477
f 995/439/475 1102/968/475 1186/1065/475 1001/439/475
f 1433/951/477 1436/969/477 1102/968/477 995/439/477
f 1403/970/478 1137/1046/478 1129/1033/478 1400/1032/478
f 1398/1030/358 1128/1031/358 942/902/358 1392/901/358
f 1311/970/479 1114/970/479 1105/989/479 1308/988/479
f 1309/986/276 1104/987/276 930/886/276 974/886/276
f 1394/888/358 944/888/358 1132/1053/358 1407/1039/358
f 1317/999/480 1108/1042/480 1111/994/480 1314/994/480
f 972/888/276 932/907/276 1107/1040/276 1318/995/276
f 1409/1041/481 1131/1051/481 1135/994/481 1406/1038/481
f 1404/1036/358 1395/880/358 945/880/358 1134/1037/358
f 1315/991/276 977/883/276 933/880/276 1110/992/276
f 1397/904/358 1401/1034/358 1138/1048/358 947/884/358
f 975/885/276 1312/990/276 1113/1035/276 935/884/276
f 1422/1025/482 1143/1027/482 1141/966/482 1425/967/482
f 1299/1008/277 971/891/277 939/891/277 1117/1044/277
f 1427/1045/356 1410/891/356 951/891/356 1140/1063/356
f 1302/1011/483 1120/1168/483 1116/1005/483 1300/1005/483
f 966/896/277 938/906/277 1119/1167/277 1303/1009/277
f 1415/897/356 950/897/356 1144/1029/356 1424/1028/356
f 1297/1001/484 1125/1002/484 1123/1017/484 1305/1016/484
f 1306/1013/277 1122/1015/277 936/893/277 968/894/277
f 1421/1024/485 1149/1002/485 1147/1022/485 1418/1021/485
f 1416/1018/356 1146/1020/356 948/899/356 1413/893/356
f 1412/892/356 1419/1023/356 1150/1060/356 953/892/356
f 969/892/277 1296/1004/277 1126/1003/277 941/908/277
f 1137/1046/486 1161/970/486 1153/1055/486 1129/1033/486
f 1128/1031/487 1152/1056/487 954/902/487 942/902/487
f 1131/1051/488 1155/1052/488 1159/1049/488 1135/994/488
f 944/888/489 956/888/489 1156/1054/489 1132/1053/489
f 1134/1037/489 945/880/489 957/905/489 1158/1050/489
f 947/884/487 1138/1048/487 1162/1047/487 959/884/487
f 1143/1027/490 1167/1061/490 1165/967/490 1141/966/490
f 1140/1063/491 951/891/491 963/891/491 1164/1064/491
f 950/897/491 962/897/491 1168/1062/491 1144/1029/491
f 1149/1002/492 1173/1002/492 1171/1058/492 1147/1022/492
f 1146/1020/493 1170/1057/493 960/893/493 948/899/493
f 953/892/493 1150/1060/493 1174/1059/493 965/898/493
f 1161/970/494 1258/1046/494 1249/1151/494 1153/1055/494
f 1152/1056/495 1248/1152/495 1320/902/495 954/902/495
f 956/888/496 1327/888/496 1251/1131/496 1156/1054/496
f 1155/1052/497 1252/1150/497 1255/994/497 1159/1049/497
f 1158/1050/498 957/905/498 1329/880/498 1254/1148/498
f 959/884/495 1162/1047/495 1257/1136/495 1336/884/495
f 1167/1061/499 1264/1143/499 1261/966/499 1165/967/499
f 1164/1064/267 963/891/267 1347/891/267 1260/1147/267
f 962/897/267 1345/897/267 1263/1141/267 1168/1062/267
f 1173/1002/500 1270/1001/500 1267/1154/500 1171/1058/500
f 1170/1057/267 1266/1153/267 1338/893/267 960/893/267
f 965/898/267 1174/1059/267 1269/1144/267 1354/892/267
f 1179/1070/501 1240/1128/501 1237/1046/501 1177/970/501
f 1176/1067/502 999/468/502 1365/468/502 1236/1129/502
f 998/919/502 1363/929/502 1239/1120/502 1180/1068/502
f 1185/1005/503 1246/967/503 1243/1127/503 1183/1073/503
f 1182/1072/504 1242/1126/504 1356/922/504 996/922/504
f 1001/439/504 1186/1065/504 1245/1123/504 1372/439/504
f 1191/1082/505 1203/1096/505 1201/1092/505 1189/1079/505
f 1188/1076/506 1200/1093/506 1008/933/506 1002/939/506
f 1007/429/506 1192/1095/506 1204/1094/506 1013/429/506
f 1197/1084/507 1209/1090/507 1207/1087/507 1195/1087/507
f 1194/1097/508 1005/470/508 1011/470/508 1206/1098/508
f 1004/936/508 1010/936/508 1210/1091/508 1198/1086/508
f 1203/1096/509 1215/1082/509 1213/1104/509 1201/1092/509
f 1200/1093/510 1212/1105/510 1014/933/510 1008/933/510
f 1013/429/511 1019/429/511 1216/1099/511 1204/1094/511
f 1209/1090/512 1221/1103/512 1219/1100/512 1207/1087/512
f 1206/1098/513 1218/1101/513 1017/470/513 1011/470/513
f 1010/936/514 1016/936/514 1222/1102/514 1210/1091/514
f 1215/1082/515 1276/994/515 1273/1165/515 1213/1104/515
f 1212/1105/516 1272/1166/516 1374/933/516 1014/933/516
f 1019/429/517 1216/1099/517 1275/1160/517 1390/429/517
f 1221/1103/518 1282/1159/518 1279/1002/518 1219/1100/518
f 1218/1101/519 1017/470/519 1383/470/519 1278/1164/519
f 1016/936/520 1381/936/520 1281/1156/520 1222/1102/520
f 1026/439/263 1290/1107/263 1224/1106/263 1023/931/263
f 1291/966/521 1225/966/521 1233/1118/521 1293/1117/521
f 1284/974/262 1028/468/262 1025/468/262 1228/1108/262
f 1287/979/522 1231/1113/522 1227/970/522 1285/970/522
f 1029/929/262 1020/932/262 1230/1111/262 1288/975/262
f 1294/1114/263 1234/1116/263 1022/922/263 1031/922/263
f 1237/1195/523 1240/1122/523 1362/1121/523 1366/1194/523
f 1371/1125/524 1357/1190/524 1243/1127/524 1246/967/524
f 1321/1172/525 1249/1151/525 1258/1046/525 1335/1139/525
f 1252/1134/526 1326/1133/526 1330/1179/526 1255/1180/526
f 1264/1143/527 1344/1142/527 1348/1187/527 1261/966/527
f 1339/1184/528 1267/1154/528 1270/1001/528 1353/1146/528
f 1375/1198/529 1273/1165/529 1276/994/529 1389/1163/529
f 1282/1159/530 1380/1158/530 1384/1204/530 1279/1002/530
f 1324/1174/531 1321/1172/531 1335/1139/531 1333/1182/531
f 954/902/532 1320/902/532 1323/887/532 955/887/532
f 1326/1133/533 1324/1174/533 1333/1182/533 1330/1179/533
f 955/887/534 1323/887/534 1327/888/534 956/888/534
f 957/905/534 958/903/534 1332/881/534 1329/880/534
f 958/903/532 959/884/532 1336/884/532 1332/881/532
f 1342/1185/535 1339/1184/535 1353/1146/535 1351/1188/535
f 960/893/536 1338/893/536 1341/895/536 961/895/536
f 1344/1142/537 1342/1185/537 1351/1188/537 1348/1187/537
f 961/895/538 1341/895/538 1345/897/538 962/897/538
f 963/891/538 964/890/538 1350/890/538 1347/891/538
f 964/890/536 965/898/536 1354/892/536 1350/890/536
f 1357/1190/539 1371/1125/539 1369/1196/539 1360/1192/539
f 996/922/540 1356/922/540 1359/1191/540 997/921/540
f 1360/1192/541 1369/1196/541 1366/1194/541 1362/1121/541
f 997/921/542 1359/1191/542 1363/929/542 998/919/542
f 999/468/542 1000/434/542 1368/434/542 1365/468/542
f 1000/434/540 1001/439/540 1372/439/540 1368/434/540
f 1378/1200/543 1375/1198/543 1389/1163/543 1387/1205/543
f 1014/933/544 1374/933/544 1377/935/544 1015/934/544
f 1380/1158/545 1378/1200/545 1387/1205/545 1384/1204/545
f 1015/934/546 1377/935/546 1381/936/546 1016/936/546
f 1017/470/546 1018/937/546 1386/423/546 1383/470/546
f 1018/937/547 1019/429/547 1390/429/547 1386/423/547
f 935/884/359 1113/1035/359 1401/1034/359 1397/904/359
f 1110/992/359 933/880/359 1395/880/359 1404/1036/359
f 1108/1042/548 1409/1041/548 1406/1038/548 1111/994/548
f 932/907/359 1394/888/359 1407/1039/359 1107/1040/359
f 1104/987/359 1398/1030/359 1392/901/359 930/886/359
f 1114/970/549 1403/970/549 1400/1032/549 1105/989/549
f 1133/998/358 1131/1051/358 1409/1041/358 1408/998/358
f 1132/1053/358 1133/996/358 1408/996/358 1407/1039/358
f 1112/40/359 1405/40/359 1406/1038/359 1111/994/359
f 1110/992/359 1404/1036/359 1405/993/359 1112/993/359
f 1139/82/358 1402/82/358 1403/970/358 1137/1046/358
f 1138/1048/358 1401/1034/358 1402/972/358 1139/972/358
f 1106/978/359 1105/989/359 1400/1032/359 1399/978/359
f 1104/987/359 1106/976/359 1399/976/359 1398/1030/359
f 934/881/550 935/884/550 1397/904/550 1396/903/550
f 933/880/551 934/881/551 1396/903/551 1395/880/551
f 931/887/551 1393/887/551 1394/888/551 932/907/551
f 930/886/550 1392/901/550 1393/887/550 931/887/550
f 941/908/357 1126/1003/357 1419/1023/357 1412/892/357
f 1122/1015/357 1416/1018/357 1413/893/357 936/893/357
f 1125/1002/552 1421/1024/552 1418/1021/552 1123/1017/552
f 938/906/357 1415/897/357 1424/1028/357 1119/1167/357
f 1117/1044/357 939/891/357 1410/891/357 1427/1045/357
f 1120/1168/553 1422/1025/553 1425/967/553 1116/1005/553
f 1142/44/356 1426/1043/356 1427/1045/356 1140/1063/356
f 1141/966/356 1425/967/356 1426/1043/356 1142/44/356
f 1121/982/357 1119/1167/357 1424/1028/357 1423/1026/357
f 1120/1168/554 1121/982/554 1423/1026/554 1422/1025/554
f 1151/87/356 1420/87/356 1421/1024/356 1149/1002/356
f 1150/1060/356 1419/1023/356 1420/87/356 1151/87/356
f 1124/1014/357 1123/1017/357 1418/1021/357 1417/1019/357
f 1122/1015/357 1124/1014/357 1417/1019/357 1416/1018/357
f 937/895/555 1414/909/555 1415/897/555 938/906/555
f 936/893/556 1413/893/556 1414/909/556 937/895/556
f 940/890/556 941/908/556 1412/892/556 1411/890/556
f 939/891/555 940/890/555 1411/890/555 1410/891/555
f 1023/931/263 1224/1106/263 1436/969/263 1433/951/263
f 1234/1116/263 1437/981/263 1428/922/263 1022/922/263
f 1225/966/557 1434/966/557 1439/984/557 1233/1118/557
f 1020/932/558 1430/943/558 1443/1110/558 1230/1111/558
f 1231/1113/559 1445/1112/559 1440/1046/559 1227/970/559
f 1228/1108/558 1025/468/558 1431/949/558 1442/1109/558
f 1097/978/560 1096/1071/560 1445/1112/560 1444/978/560
f 1095/1069/381 1097/976/381 1444/976/381 1443/1110/381
f 1094/972/381 1441/972/381 1442/1109/381 1093/1066/381
f 1092/971/561 1440/1046/561 1441/82/561 1094/82/561
f 1235/982/263 1233/1118/263 1439/984/263 1438/982/263
f 1234/1116/263 1235/982/263 1438/982/263 1437/981/263
f 1226/44/263 1435/44/263 1436/969/263 1224/1106/263
f 1225/966/263 1434/966/263 1435/44/263 1226/44/263
f 1024/434/562 1023/931/562 1433/951/562 1432/950/562
f 1025/468/262 1024/434/262 1432/950/262 1431/949/262
f 1021/921/262 1429/921/262 1430/943/262 1020/932/262
f 1022/922/562 1428/922/562 1429/921/562 1021/921/562
f 1084/1088/263 987/946/263 1446/470/263 1463/1089/263
f 986/936/263 1451/936/263 1460/1085/263 1080/1169/263
f 1081/1170/563 1458/1083/563 1461/1087/563 1083/1087/563
f 989/429/262 1071/1081/262 1455/1080/262 1448/938/262
f 1068/997/262 1452/1074/262 1449/933/262 984/947/262
f 1072/1082/564 1457/1082/564 1454/1078/564 1069/1000/564
f 1196/87/263 1462/87/263 1463/1089/263 1194/1097/263
f 1195/1087/377 1461/1087/377 1462/87/377 1196/87/377
f 1082/1014/377 1080/1169/377 1460/1085/377 1459/1014/377
f 1081/1170/378 1082/1014/378 1459/1014/378 1458/1083/378
f 1193/40/565 1456/40/565 1457/1082/565 1191/1082/565
f 1192/1095/566 1455/1080/566 1456/993/566 1193/993/566
f 1070/998/567 1069/1000/567 1454/1078/567 1453/1077/567
f 1068/997/262 1070/996/262 1453/1075/262 1452/1074/262
f 985/935/568 1450/940/568 1451/936/568 986/936/568
f 984/947/262 1449/933/262 1450/940/262 985/935/262
f 988/423/262 989/429/262 1448/938/262 1447/423/262
f 987/946/568 988/423/568 1447/423/568 1446/470/568
f 1041/920/569 1468/1206/569 1469/1207/569 1043/914/569 1040/913/569
f 1470/1208/570 1046/948/570 1045/915/570 1043/914/570 1469/1207/570
f 1042/918/571 1044/917/571 1471/1209/571 1468/1206/571 1041/920/571
f 1044/917/572 1047/916/572 1046/948/572 1470/1208/572 1471/1209/572
f 1464/1210/573 1477/1210/573 1476/1211/573 1467/1211/573
f 1466/1212/574 1479/1212/574 1478/1213/574 1465/1213/574
f 1469/1207/575 1473/1207/575 1474/1208/575 1470/1208/575
f 1471/1209/576 1475/1209/576 1472/1206/576 1468/1206/576
f 1477/1210/577 1473/1207/577 1472/1206/577 1476/1211/577
f 1478/1213/578 1474/1208/578 1473/1207/578 1477/1210/578
f 1479/1212/579 1475/1209/579 1474/1208/579 1478/1213/579
f 1476/1211/580 1472/1206/580 1475/1209/580 1479/1212/580
f 1470/1208/581 1474/1208/581 1475/1209/581 1471/1209/581
f 1467/1211/582 1476/1211/582 1479/1212/582 1466/1212/582
f 1468/1206/583 1472/1206/583 1473/1207/583 1469/1207/583
f 1465/1213/584 1478/1213/584 1477/1210/584 1464/1210/584
usemtl Sarg_Gem
f 1480/1213/585 1483/1214/585 1482/1215/585 1481/1213/585
f 1466/1212/586 1482/1212/586 1483/1216/586 1467/1211/586
f 1465/1213/587 1481/1213/587 1482/1215/587 1466/1212/587
f 1464/1210/588 1480/1210/588 1481/1217/588 1465/1213/588
f 1467/1211/589 1483/1211/589 1480/1218/589 1464/1210/589
