# Blender 5.1.1
# www.blender.org
mtllib Teppich_Kreuz_var2.mtl
o Teppich_var1
v 11.781742 0.069164 -3.183136
v 13.775681 0.032445 -3.053893
v 11.809128 0.031919 -4.939297
v 13.806627 0.032020 -5.055137
v 11.843682 0.069087 -3.174768
v 11.905620 0.069047 -3.166328
v 11.967590 0.068969 -3.157903
v 12.029657 0.069528 -3.149678
v 12.091580 0.065735 -3.141543
v 12.151823 0.049704 -3.133999
v 12.213209 0.039107 -3.127693
v 12.275345 0.033804 -3.121948
v 12.337745 0.033116 -3.116554
v 12.400186 0.032845 -3.111340
v 12.462663 0.032776 -3.106272
v 12.525182 0.032746 -3.101343
v 12.587762 0.032781 -3.096644
v 12.650407 0.032793 -3.092381
v 12.713093 0.032725 -3.088665
v 12.775790 0.032675 -3.085434
v 12.838461 0.032699 -3.082904
v 12.901072 0.032757 -3.080760
v 12.963628 0.032881 -3.078768
v 13.026135 0.032950 -3.076878
v 13.088601 0.032961 -3.075014
v 13.151036 0.032940 -3.073112
v 13.213453 0.032927 -3.071123
v 13.275865 0.032918 -3.069005
v 13.338266 0.032895 -3.066632
v 13.400678 0.032799 -3.064095
v 13.463141 0.032707 -3.061611
v 13.525671 0.032660 -3.059632
v 13.588199 0.032658 -3.058037
v 13.650709 0.032677 -3.056610
v 13.713199 0.032676 -3.055252
v 13.744131 0.032090 -5.055398
v 13.681634 0.032075 -5.055744
v 13.619134 0.032064 -5.056177
v 13.556616 0.032079 -5.056645
v 13.494076 0.032066 -5.057114
v 13.431509 0.032044 -5.057550
v 13.368910 0.032050 -5.057920
v 13.306279 0.032084 -5.058188
v 13.243624 0.032178 -5.058333
v 13.180949 0.032227 -5.058354
v 13.118261 0.032257 -5.058259
v 13.055557 0.032269 -5.058053
v 12.992837 0.032276 -5.057727
v 12.930087 0.032259 -5.057233
v 12.867302 0.032167 -5.056463
v 12.804493 0.032730 -5.055184
v 12.741778 0.032891 -5.051733
v 12.679143 0.032093 -5.047557
v 12.616684 0.031616 -5.041609
v 12.554304 0.031654 -5.035338
v 12.491959 0.031633 -5.028942
v 12.429613 0.031611 -5.022431
v 12.367267 0.031607 -5.015626
v 12.304971 0.031926 -5.008242
v 12.242740 0.031991 -5.000403
v 12.180644 0.032041 -4.991930
v 12.118645 0.032043 -4.983198
v 12.056693 0.031787 -4.974415
v 11.994772 0.031966 -4.965621
v 11.932878 0.031978 -4.956808
v 11.871010 0.031960 -4.947991
v 11.817250 0.031971 -4.881037
v 11.825382 0.032019 -4.822766
v 11.833537 0.032060 -4.764482
v 11.841770 0.032088 -4.706199
v 11.850175 0.032132 -4.647941
v 11.858688 0.032414 -4.589717
v 11.867249 0.039218 -4.531952
v 11.873993 0.094741 -4.513710
v 11.904235 0.129007 -4.477432
v 11.881640 0.184558 -4.479702
v 11.879003 0.207022 -4.425339
v 11.878118 0.198051 -4.366657
v 11.877581 0.197968 -4.307849
v 11.876987 0.197974 -4.249070
v 11.876237 0.197961 -4.190303
v 11.875339 0.197993 -4.131538
v 11.874393 0.197945 -4.072773
v 11.873314 0.197930 -4.013993
v 11.872170 0.197194 -3.955207
v 11.871273 0.200824 -3.895297
v 11.869848 0.155498 -3.857807
v 11.880507 0.114439 -3.817191
v 11.867448 0.057290 -3.812339
v 11.860389 0.032638 -3.759631
v 11.852661 0.032532 -3.701324
v 11.845028 0.033122 -3.643004
v 11.840195 0.058194 -3.590142
v 11.828970 0.067213 -3.533380
v 11.821064 0.068816 -3.474687
v 11.813189 0.068983 -3.416355
v 11.805275 0.069012 -3.358051
v 11.797384 0.069094 -3.299741
v 11.789598 0.069504 -3.241415
v 13.777034 0.032701 -3.112701
v 13.778270 0.032729 -3.171519
v 13.779341 0.032784 -3.230328
v 13.780354 0.032818 -3.289117
v 13.781422 0.032857 -3.347890
v 13.782527 0.032870 -3.406653
v 13.783715 0.032885 -3.465413
v 13.785051 0.032767 -3.524171
v 13.786391 0.032903 -3.582929
v 13.787839 0.032901 -3.641685
v 13.789375 0.032902 -3.700442
v 13.790935 0.032830 -3.759212
v 13.792585 0.032864 -3.817997
v 13.794269 0.032836 -3.876812
v 13.795878 0.032814 -3.935670
v 13.797406 0.032789 -3.994565
v 13.798747 0.032736 -4.053508
v 13.799891 0.032686 -4.112475
v 13.800889 0.032631 -4.171443
v 13.801785 0.032583 -4.230415
v 13.802596 0.032543 -4.289385
v 13.803339 0.032506 -4.348348
v 13.804013 0.032454 -4.407317
v 13.804618 0.032396 -4.466287
v 13.805124 0.032372 -4.525248
v 13.805530 0.032350 -4.584218
v 13.805737 0.032376 -4.643167
v 13.805844 0.032376 -4.702220
v 13.805969 0.032297 -4.760980
v 13.806017 0.032251 -4.819847
v 13.806084 0.032212 -4.878683
v 13.806185 0.032131 -4.937505
v 13.806361 0.032097 -4.996321
v 11.921210 0.069137 -3.282915
v 11.929145 0.069218 -3.341200
v 11.937016 0.069532 -3.399528
v 11.944939 0.069799 -3.457766
v 11.952799 0.071780 -3.516245
v 11.960911 0.051686 -3.570932
v 11.968970 0.035071 -3.626774
v 11.976537 0.032922 -3.685080
v 11.984291 0.034729 -3.743364
v 11.990995 0.051564 -3.799301
v 11.992793 0.103460 -3.826900
v 11.994729 0.156184 -3.853105
v 11.996242 0.198335 -3.894162
v 11.997165 0.198118 -3.953580
v 11.998275 0.198174 -4.012359
v 11.999336 0.198126 -4.071148
v 12.000331 0.198092 -4.129941
v 12.001240 0.198106 -4.188739
v 12.001873 0.198129 -4.247645
v 12.002604 0.198130 -4.306350
v 12.003051 0.198055 -4.365133
v 12.003159 0.204423 -4.423531
v 12.002728 0.197580 -4.481799
v 11.998538 0.140349 -4.494776
v 11.994488 0.084434 -4.512466
v 11.990817 0.038975 -4.549592
v 11.982330 0.032719 -4.607403
v 11.973857 0.032282 -4.665596
v 11.965471 0.032227 -4.723815
v 11.957238 0.032175 -4.782063
v 11.949098 0.032130 -4.840316
v 11.983119 0.069020 -3.274460
v 11.991081 0.069894 -3.332720
v 11.998976 0.070931 -3.390987
v 12.006842 0.071608 -3.449273
v 12.014677 0.073959 -3.507710
v 12.022726 0.055823 -3.563107
v 12.030846 0.039505 -3.618999
v 12.038432 0.033485 -3.677004
v 12.046183 0.037825 -3.735137
v 12.052639 0.056543 -3.790525
v 12.055002 0.099648 -3.830505
v 12.057146 0.153941 -3.853474
v 12.058678 0.197405 -3.893193
v 12.059651 0.197881 -3.952749
v 12.060748 0.198251 -4.011569
v 12.061803 0.198201 -4.070389
v 12.062809 0.198152 -4.129212
v 12.063730 0.198134 -4.188036
v 12.064494 0.198120 -4.246886
v 12.065042 0.198290 -4.305786
v 12.065522 0.198916 -4.364522
v 12.065696 0.205059 -4.423129
v 12.064811 0.193263 -4.480609
v 12.060667 0.138304 -4.501002
v 12.056805 0.081086 -4.514055
v 12.052458 0.043221 -4.558862
v 12.044149 0.033306 -4.616182
v 12.035691 0.032561 -4.674379
v 12.027303 0.032263 -4.732601
v 12.019080 0.032214 -4.790855
v 12.010939 0.032148 -4.849114
v 12.044785 0.074735 -3.265942
v 12.052653 0.079772 -3.324159
v 12.060444 0.082885 -3.382496
v 12.068844 0.080210 -3.440796
v 12.076997 0.075820 -3.499075
v 12.083939 0.066496 -3.556877
v 12.091266 0.054627 -3.614068
v 12.100271 0.034971 -3.668759
v 12.107938 0.042500 -3.726585
v 12.114142 0.062789 -3.781473
v 12.117371 0.098737 -3.827950
v 12.119491 0.151267 -3.854722
v 12.121113 0.197097 -3.891780
v 12.122132 0.196696 -3.951842
v 12.123222 0.198559 -4.010682
v 12.124283 0.198896 -4.069555
v 12.125291 0.198964 -4.128449
v 12.126209 0.198862 -4.187360
v 12.127007 0.198611 -4.246282
v 12.127648 0.198209 -4.305222
v 12.127920 0.198891 -4.364264
v 12.128284 0.203446 -4.423433
v 12.126894 0.191185 -4.480744
v 12.121809 0.132110 -4.490147
v 12.118910 0.081618 -4.520243
v 12.113967 0.048435 -4.568577
v 12.105969 0.033946 -4.624962
v 12.097522 0.032664 -4.683161
v 12.089115 0.032514 -4.741385
v 12.080910 0.032223 -4.799641
v 12.072771 0.032185 -4.857902
v 12.106114 0.066042 -3.258240
v 12.112295 0.063290 -3.316657
v 12.111438 0.048239 -3.373398
v 12.114165 0.038408 -3.431311
v 12.118550 0.031746 -3.489374
v 12.134445 0.032405 -3.545830
v 12.148915 0.033776 -3.602754
v 12.161966 0.037802 -3.659945
v 12.169093 0.050848 -3.716846
v 12.174688 0.073785 -3.770721
v 12.179605 0.099628 -3.823344
v 12.181859 0.148189 -3.856579
v 12.183708 0.197843 -3.890021
v 12.184748 0.199960 -3.950634
v 12.185734 0.203249 -4.009528
v 12.186696 0.205086 -4.068502
v 12.187619 0.206208 -4.127522
v 12.188588 0.206858 -4.186582
v 12.189450 0.206709 -4.245671
v 12.190350 0.206174 -4.304768
v 12.191270 0.205179 -4.363824
v 12.192309 0.205291 -4.424175
v 12.188901 0.188180 -4.480774
v 12.183890 0.126741 -4.486854
v 12.180493 0.086151 -4.529408
v 12.175350 0.054369 -4.578713
v 12.167809 0.035041 -4.633795
v 12.159340 0.032349 -4.691951
v 12.150909 0.032429 -4.750172
v 12.142734 0.032256 -4.808424
v 12.134604 0.032175 -4.866670
v 12.161150 0.037546 -3.250482
v 12.165573 0.032248 -3.308705
v 12.170536 0.031627 -3.367217
v 12.175415 0.031383 -3.425754
v 12.180406 0.032721 -3.484294
v 12.184528 0.065975 -3.531941
v 12.200129 0.066473 -3.588600
v 12.212971 0.071082 -3.645801
v 12.220766 0.082995 -3.702828
v 12.210361 0.119607 -3.747654
v 12.227259 0.133975 -3.802162
v 12.244067 0.144922 -3.857504
v 12.246380 0.194715 -3.889188
v 12.246915 0.194438 -3.949968
v 12.247235 0.192449 -4.008995
v 12.247378 0.190370 -4.067937
v 12.247674 0.189095 -4.126842
v 12.248130 0.188021 -4.185743
v 12.248784 0.187180 -4.244658
v 12.249762 0.186785 -4.303581
v 12.250959 0.186704 -4.362517
v 12.252325 0.186522 -4.421238
v 12.252526 0.183485 -4.481510
v 12.245852 0.122072 -4.489446
v 12.241845 0.091678 -4.539684
v 12.235730 0.064273 -4.591366
v 12.229614 0.036579 -4.642858
v 12.221148 0.032075 -4.700819
v 12.212695 0.032310 -4.758972
v 12.204555 0.032236 -4.817194
v 12.196438 0.032165 -4.875422
v 12.222928 0.031317 -3.244551
v 12.227765 0.032342 -3.303098
v 12.232697 0.032636 -3.361670
v 12.237585 0.032548 -3.420226
v 12.242548 0.031629 -3.478778
v 12.246714 0.064816 -3.526102
v 12.252131 0.097942 -3.574202
v 12.260332 0.109077 -3.631325
v 12.272650 0.114683 -3.688535
v 12.267559 0.094957 -3.743676
v 12.286999 0.133156 -3.783947
v 12.301329 0.156923 -3.835885
v 12.287150 0.146240 -3.892124
v 12.274297 0.136126 -3.948755
v 12.272522 0.133754 -4.007627
v 12.271870 0.132007 -4.066553
v 12.271764 0.130559 -4.125469
v 12.271959 0.129287 -4.184362
v 12.272238 0.128035 -4.243257
v 12.272749 0.126881 -4.302146
v 12.273576 0.125847 -4.361024
v 12.275221 0.125058 -4.419818
v 12.305181 0.153779 -4.461686
v 12.304995 0.116396 -4.506869
v 12.290602 0.122563 -4.563448
v 12.276939 0.103309 -4.617424
v 12.268829 0.077244 -4.669620
v 12.282814 0.036361 -4.709562
v 12.274480 0.031451 -4.767506
v 12.266385 0.031435 -4.825728
v 12.258312 0.031564 -4.883929
v 12.285130 0.032820 -3.239069
v 12.289961 0.032703 -3.297640
v 12.294864 0.032625 -3.356205
v 12.299764 0.032638 -3.414764
v 12.304685 0.031607 -3.473289
v 12.308876 0.058754 -3.524200
v 12.313823 0.101011 -3.564610
v 12.317304 0.085530 -3.621181
v 12.320966 0.076202 -3.679059
v 12.324915 0.071196 -3.737466
v 12.326778 0.087101 -3.794199
v 12.345995 0.114718 -3.842375
v 12.318078 0.092038 -3.889397
v 12.316092 0.089678 -3.948128
v 12.314678 0.087600 -4.006878
v 12.313104 0.085041 -4.065619
v 12.315255 0.085670 -4.124418
v 12.317145 0.086112 -4.183219
v 12.318828 0.086365 -4.242019
v 12.320514 0.086529 -4.300808
v 12.322240 0.086543 -4.359602
v 12.325276 0.087813 -4.418291
v 12.338597 0.102484 -4.473680
v 12.364571 0.128388 -4.519768
v 12.351380 0.114181 -4.575498
v 12.332169 0.074667 -4.614486
v 12.328702 0.059865 -4.671151
v 12.331308 0.070637 -4.728860
v 12.335673 0.037673 -4.777373
v 12.325541 0.048622 -4.834304
v 12.318842 0.043923 -4.892555
v 12.347352 0.032766 -3.233700
v 12.352156 0.032730 -3.292269
v 12.357049 0.032677 -3.350830
v 12.361956 0.032614 -3.409389
v 12.366855 0.031472 -3.467930
v 12.371094 0.053677 -3.521183
v 12.376029 0.097565 -3.560058
v 12.379271 0.079423 -3.615963
v 12.383194 0.073433 -3.674338
v 12.380385 0.098103 -3.727661
v 12.385153 0.071842 -3.779147
v 12.381671 0.069448 -3.837338
v 12.380356 0.088632 -3.891082
v 12.377524 0.078284 -3.949078
v 12.374983 0.071238 -4.007411
v 12.374594 0.074662 -4.066057
v 12.372454 0.060717 -4.123036
v 12.372705 0.057471 -4.181701
v 12.373684 0.056412 -4.240468
v 12.374552 0.055109 -4.299237
v 12.375434 0.053727 -4.358030
v 12.376840 0.052618 -4.416816
v 12.381113 0.057222 -4.475368
v 12.408177 0.083987 -4.520255
v 12.386597 0.062930 -4.570794
v 12.390322 0.058243 -4.629094
v 12.385571 0.083340 -4.681937
v 12.390327 0.050072 -4.730207
v 12.392926 0.060146 -4.788052
v 12.385939 0.034456 -4.840314
v 12.379753 0.031977 -4.898743
v 12.409592 0.032806 -3.228552
v 12.414374 0.032750 -3.287172
v 12.419250 0.032716 -3.345769
v 12.424166 0.032539 -3.404351
v 12.429053 0.031399 -3.462909
v 12.433334 0.048820 -3.518003
v 12.438168 0.094326 -3.555098
v 12.441596 0.077317 -3.611360
v 12.442044 0.093376 -3.667913
v 12.439341 0.077594 -3.724442
v 12.443089 0.093535 -3.780933
v 12.443631 0.072039 -3.835070
v 12.440151 0.071804 -3.893654
v 12.439975 0.078446 -3.951767
v 12.433341 0.042174 -4.180328
v 12.433671 0.038864 -4.239031
v 12.433964 0.035752 -4.297743
v 12.434830 0.034631 -4.356527
v 12.436997 0.035793 -4.415217
v 12.443259 0.052832 -4.471253
v 12.437820 0.032030 -4.524925
v 12.440381 0.035239 -4.583372
v 12.451226 0.071256 -4.627733
v 12.447206 0.074092 -4.686421
v 12.444077 0.078248 -4.745014
v 12.452203 0.040396 -4.789290
v 12.447865 0.031513 -4.847086
v 12.441827 0.031955 -4.905500
v 12.471838 0.032827 -3.223534
v 12.476604 0.032797 -3.282166
v 12.481451 0.032725 -3.340774
v 12.486366 0.032500 -3.399355
v 12.491257 0.031458 -3.457923
v 12.495646 0.044671 -3.514580
v 12.500282 0.091500 -3.549903
v 12.502597 0.090664 -3.608681
v 12.500256 0.071080 -3.663970
v 12.501078 0.068772 -3.722661
v 12.501862 0.072331 -3.781301
v 12.503570 0.087810 -3.838010
v 12.502365 0.069356 -3.893358
v 12.501330 0.067603 -3.952021
v 12.499798 0.068696 -4.010671
v 12.497013 0.064051 -4.127020
v 12.495740 0.037700 -4.179605
v 12.495841 0.032687 -4.238148
v 12.496307 0.032086 -4.296937
v 12.497170 0.031493 -4.355707
v 12.498965 0.043721 -4.413032
v 12.501580 0.031721 -4.470032
v 12.500061 0.031984 -4.528821
v 12.499260 0.055362 -4.582246
v 12.500801 0.035090 -4.637371
v 12.506800 0.056296 -4.691636
v 12.502052 0.055654 -4.750221
v 12.503698 0.071011 -4.806939
v 12.509734 0.035403 -4.853358
v 12.503942 0.032577 -4.911854
v 12.534084 0.032784 -3.218612
v 12.538829 0.032741 -3.277232
v 12.543641 0.032698 -3.335843
v 12.548568 0.032567 -3.394421
v 12.553470 0.032044 -3.452995
v 12.558024 0.041391 -3.510759
v 12.562524 0.087344 -3.547165
v 12.562189 0.072441 -3.604125
v 12.562699 0.068699 -3.662727
v 12.563489 0.068580 -3.721507
v 12.564189 0.069010 -3.780267
v 12.565800 0.082076 -3.837497
v 12.564676 0.068784 -3.894529
v 12.563767 0.068466 -3.953260
v 12.562191 0.068721 -4.011929
v 12.559522 0.064755 -4.128515
v 12.558184 0.034496 -4.178868
v 12.558338 0.032073 -4.237578
v 12.558756 0.031965 -4.296333
v 12.559601 0.031976 -4.355076
v 12.560322 0.032495 -4.413842
v 12.562402 0.043808 -4.471380
v 12.562274 0.035012 -4.529471
v 12.561632 0.056161 -4.584234
v 12.559903 0.054012 -4.642965
v 12.563101 0.031698 -4.696378
v 12.560562 0.035010 -4.755026
v 12.559896 0.044354 -4.813027
v 12.563439 0.063480 -4.868506
v 12.566045 0.032597 -4.918268
v 12.596332 0.032675 -3.213840
v 12.601034 0.031885 -3.272391
v 12.605818 0.032638 -3.330948
v 12.610767 0.032534 -3.389502
v 12.615692 0.032061 -3.448078
v 12.620431 0.038988 -3.506188
v 12.624742 0.082174 -3.545851
v 12.624589 0.069064 -3.603009
v 12.625166 0.068540 -3.661733
v 12.625910 0.068428 -3.720404
v 12.626608 0.067941 -3.779005
v 12.626729 0.068760 -3.837596
v 12.626926 0.068380 -3.896201
v 12.625968 0.073640 -3.954527
v 12.624553 0.067898 -4.012887
v 12.622037 0.064578 -4.129507
v 12.620671 0.032602 -4.178484
v 12.620838 0.032011 -4.237262
v 12.621179 0.031917 -4.296022
v 12.621730 0.037705 -4.354433
v 12.622787 0.032008 -4.412823
v 12.623494 0.031570 -4.471574
v 12.624651 0.034605 -4.530192
v 12.623753 0.050474 -4.586806
v 12.620338 0.038247 -4.644229
v 12.621880 0.050263 -4.701776
v 12.622901 0.032531 -4.757530
v 12.620734 0.031356 -4.816285
v 12.619884 0.037417 -4.874703
v 12.622624 0.055781 -4.930479
v 12.658586 0.032683 -3.209584
v 12.662801 0.039398 -3.267807
v 12.667974 0.032203 -3.325868
v 12.672974 0.032490 -3.384411
v 12.677945 0.031741 -3.442970
v 12.682848 0.038346 -3.500816
v 12.687038 0.077303 -3.544563
v 12.687064 0.069676 -3.602752
v 12.687570 0.070214 -3.661438
v 12.688316 0.069634 -3.720110
v 12.689037 0.068385 -3.778830
v 12.689195 0.068431 -3.837598
v 12.689240 0.067597 -3.896346
v 12.688178 0.068714 -3.955011
v 12.686755 0.071729 -4.013591
v 12.684488 0.062185 -4.129079
v 12.683086 0.031559 -4.178434
v 12.683318 0.032006 -4.237173
v 12.683613 0.031938 -4.295924
v 12.683845 0.031856 -4.354689
v 12.684713 0.039154 -4.412868
v 12.685903 0.031869 -4.471121
v 12.686400 0.043652 -4.528586
v 12.683314 0.032300 -4.586092
v 12.682359 0.032191 -4.644889
v 12.682384 0.035077 -4.703626
v 12.683447 0.046587 -4.761285
v 12.683153 0.031348 -4.817881
v 12.682044 0.032066 -4.876644
v 12.681335 0.034996 -4.935308
v 12.719906 0.043282 -3.204810
v 12.724429 0.031966 -3.262188
v 12.730084 0.031547 -3.320592
v 12.735129 0.031483 -3.379124
v 12.745107 0.038971 -3.495393
v 12.749856 0.073375 -3.543112
v 12.749230 0.077419 -3.602444
v 12.749295 0.079947 -3.661184
v 12.749296 0.082734 -3.719940
v 12.749249 0.084634 -3.778755
v 12.749101 0.085804 -3.837588
v 12.749420 0.083934 -3.896399
v 12.749276 0.081651 -3.955142
v 12.748899 0.079232 -4.013843
v 12.746369 0.054671 -4.125420
v 12.745514 0.031886 -4.178397
v 12.745787 0.032197 -4.237082
v 12.746059 0.032011 -4.295825
v 12.746304 0.031976 -4.354593
v 12.747673 0.040320 -4.471012
v 12.747497 0.031474 -4.529035
v 12.745240 0.039941 -4.586993
v 12.744745 0.031467 -4.645057
v 12.744637 0.031376 -4.703832
v 12.745774 0.042988 -4.761217
v 12.745507 0.033664 -4.819173
v 12.744479 0.032475 -4.877953
v 12.743748 0.032438 -4.936708
v 12.781303 0.033064 -3.201726
v 12.785935 0.040541 -3.259629
v 12.786895 0.055945 -3.316305
v 12.795814 0.042831 -3.372885
v 12.809392 0.031353 -4.471714
v 12.808551 0.043704 -4.529037
v 12.807109 0.031957 -4.586538
v 12.807145 0.031980 -4.645307
v 12.807057 0.032002 -4.704081
v 12.806973 0.031480 -4.762866
v 12.807559 0.040090 -4.820889
v 12.806875 0.032742 -4.879149
v 12.806231 0.032430 -4.937873
v 12.843578 0.033767 -3.200196
v 12.845234 0.059029 -3.253262
v 12.846380 0.073896 -3.310247
v 12.848162 0.076642 -3.369222
v 12.852040 0.077862 -3.485997
v 12.852844 0.078703 -3.544783
v 12.854077 0.079348 -3.603601
v 12.855525 0.079434 -3.662410
v 12.856771 0.078211 -3.721217
v 12.857878 0.076991 -3.780026
v 12.858471 0.074985 -3.839470
v 12.860840 0.058353 -3.895801
v 12.861005 0.034353 -3.949368
v 12.861947 0.031797 -4.008021
v 12.863646 0.031560 -4.125937
v 12.866711 0.050645 -4.180547
v 12.870574 0.032476 -4.236187
v 12.870748 0.032205 -4.294959
v 12.871030 0.031982 -4.353722
v 12.870903 0.041152 -4.470033
v 12.869734 0.031755 -4.527992
v 12.869554 0.031988 -4.586768
v 12.869554 0.031994 -4.645514
v 12.869496 0.032039 -4.704253
v 12.869426 0.032070 -4.762971
v 12.869359 0.031888 -4.821673
v 12.869224 0.032478 -4.880305
v 12.868694 0.032430 -4.939015
v 12.905879 0.032995 -3.198213
v 12.907609 0.052910 -3.253386
v 12.909269 0.073088 -3.308579
v 12.910799 0.070406 -3.367407
v 12.912428 0.068557 -3.426085
v 12.913894 0.069535 -3.484796
v 12.915162 0.069916 -3.543545
v 12.916449 0.069992 -3.602318
v 12.917735 0.070034 -3.661103
v 12.919016 0.069946 -3.719900
v 12.920251 0.069788 -3.778698
v 12.921548 0.072029 -3.837574
v 12.922497 0.048843 -3.891564
v 12.923431 0.032268 -3.947825
v 12.924365 0.032096 -4.006608
v 12.926264 0.032622 -4.123927
v 12.926865 0.034468 -4.182612
v 12.929947 0.051406 -4.238639
v 12.933173 0.033412 -4.294345
v 12.933421 0.031396 -4.353054
v 12.933407 0.038443 -4.411263
v 12.932520 0.031555 -4.469594
v 12.932180 0.031996 -4.528358
v 12.931966 0.031981 -4.587128
v 12.931944 0.032002 -4.645879
v 12.931904 0.032066 -4.704634
v 12.931846 0.032124 -4.763389
v 12.931767 0.032187 -4.822143
v 12.931614 0.032340 -4.880907
v 12.931193 0.032362 -4.939696
v 12.968224 0.033814 -3.196213
v 12.970055 0.051657 -3.252100
v 12.971775 0.072807 -3.306935
v 12.973269 0.069672 -3.365839
v 12.974888 0.069439 -3.424577
v 12.976340 0.069167 -3.483385
v 12.977633 0.069175 -3.542169
v 12.978933 0.069207 -3.600947
v 12.980227 0.069212 -3.659727
v 12.981502 0.069178 -3.718511
v 12.982752 0.069605 -3.777298
v 12.984036 0.071274 -3.836200
v 12.984987 0.047031 -3.889753
v 12.985913 0.032288 -3.946557
v 12.986820 0.032210 -4.005335
v 12.988622 0.032491 -4.122792
v 12.989269 0.032651 -4.181471
v 12.989919 0.034152 -4.240266
v 12.993040 0.050647 -4.296535
v 12.995820 0.033097 -4.352449
v 12.995354 0.031364 -4.411178
v 12.994959 0.032057 -4.469914
v 12.994624 0.032030 -4.528685
v 12.994365 0.032016 -4.587455
v 12.994338 0.032008 -4.646218
v 12.994312 0.032078 -4.704983
v 12.994266 0.032107 -4.763756
v 12.994184 0.032165 -4.822539
v 12.994038 0.032217 -4.881335
v 12.993691 0.032294 -4.940148
v 13.030602 0.034112 -3.194330
v 13.032503 0.051650 -3.250329
v 13.034277 0.072190 -3.305391
v 13.035752 0.069711 -3.364370
v 13.037323 0.069258 -3.423142
v 13.038866 0.069256 -3.481863
v 13.040119 0.069199 -3.540733
v 13.041430 0.069204 -3.599530
v 13.042729 0.069218 -3.658324
v 13.044005 0.069246 -3.717119
v 13.045258 0.069633 -3.775910
v 13.046518 0.071459 -3.834934
v 13.047496 0.048103 -3.888877
v 13.048410 0.032470 -3.945410
v 13.049278 0.032374 -4.004202
v 13.051008 0.032428 -4.121809
v 13.051682 0.032523 -4.180591
v 13.052290 0.032956 -4.239472
v 13.053104 0.033857 -4.298139
v 13.056067 0.048997 -4.354790
v 13.057754 0.033320 -4.411335
v 13.057388 0.032312 -4.470113
v 13.057064 0.032144 -4.528890
v 13.056755 0.032055 -4.587678
v 13.056739 0.032062 -4.646465
v 13.056728 0.032044 -4.705251
v 13.056692 0.032086 -4.764041
v 13.056618 0.032132 -4.822839
v 13.056484 0.032199 -4.881649
v 13.056192 0.032251 -4.940468
v 13.093002 0.034311 -3.192482
v 13.094950 0.051595 -3.248576
v 13.096767 0.071363 -3.303915
v 13.098243 0.069636 -3.362921
v 13.099788 0.069226 -3.421705
v 13.101255 0.069187 -3.480502
v 13.102695 0.069195 -3.539239
v 13.103932 0.069205 -3.598118
v 13.105234 0.069225 -3.656926
v 13.106513 0.069258 -3.715730
v 13.107768 0.069640 -3.774528
v 13.109015 0.071496 -3.833554
v 13.109990 0.049699 -3.888145
v 13.110912 0.033028 -3.944401
v 13.111731 0.032498 -4.003201
v 13.113415 0.032368 -4.120864
v 13.114100 0.032474 -4.179657
v 13.114799 0.032538 -4.238454
v 13.115536 0.032549 -4.297250
v 13.116288 0.033038 -4.356043
v 13.118712 0.046361 -4.413128
v 13.119819 0.033027 -4.470298
v 13.119491 0.032205 -4.529082
v 13.119137 0.032104 -4.587865
v 13.119141 0.032092 -4.646660
v 13.119148 0.032090 -4.705454
v 13.119124 0.032070 -4.764253
v 13.119061 0.032117 -4.823059
v 13.118940 0.032137 -4.881873
v 13.118701 0.032174 -4.940683
v 13.155420 0.034663 -3.190600
v 13.157401 0.051481 -3.246848
v 13.159255 0.070630 -3.302403
v 13.160748 0.069540 -3.361458
v 13.162268 0.069226 -3.420257
v 13.163728 0.069157 -3.479067
v 13.165099 0.069151 -3.537888
v 13.166434 0.069196 -3.596707
v 13.167743 0.069218 -3.655525
v 13.169029 0.069258 -3.714340
v 13.170287 0.069626 -3.773148
v 13.171522 0.071364 -3.832167
v 13.172474 0.051437 -3.887479
v 13.173410 0.033695 -3.943455
v 13.176520 0.032447 -4.178790
v 13.177252 0.032549 -4.237578
v 13.177993 0.032987 -4.296304
v 13.178729 0.032471 -4.355160
v 13.179429 0.032326 -4.413957
v 13.181306 0.043424 -4.471547
v 13.181918 0.032489 -4.529251
v 13.181500 0.032165 -4.588034
v 13.181540 0.032173 -4.646817
v 13.181573 0.032141 -4.705606
v 13.181565 0.032102 -4.764401
v 13.181514 0.032061 -4.823202
v 13.181404 0.032102 -4.882002
v 13.181216 0.032160 -4.940795
v 13.217848 0.035214 -3.188633
v 13.219861 0.051419 -3.245108
v 13.221744 0.069921 -3.300877
v 13.223265 0.069362 -3.359962
v 13.224766 0.069193 -3.418781
v 13.226211 0.069150 -3.477609
v 13.227590 0.069120 -3.536449
v 13.228932 0.069153 -3.595287
v 13.230247 0.069233 -3.654126
v 13.231539 0.069443 -3.712961
v 13.232811 0.069628 -3.771786
v 13.234042 0.071193 -3.830832
v 13.234950 0.053076 -3.886771
v 13.235890 0.034998 -3.942719
v 13.236451 0.032585 -4.001483
v 13.237207 0.032516 -4.060300
v 13.238065 0.032433 -4.119099
v 13.238941 0.032414 -4.177889
v 13.239703 0.032451 -4.236680
v 13.240441 0.032579 -4.295474
v 13.241111 0.032639 -4.354351
v 13.241875 0.032444 -4.413036
v 13.242573 0.031982 -4.471817
v 13.243809 0.040423 -4.529879
v 13.243872 0.032417 -4.588069
v 13.243948 0.032270 -4.646856
v 13.244004 0.032232 -4.705645
v 13.244012 0.032147 -4.764433
v 13.243968 0.032081 -4.823221
v 13.243873 0.032062 -4.882005
v 13.243732 0.032082 -4.940783
v 13.280233 0.036996 -3.186401
v 13.282342 0.051526 -3.243328
v 13.284257 0.069545 -3.299348
v 13.285791 0.069012 -3.358422
v 13.287277 0.069283 -3.417268
v 13.288704 0.069313 -3.476127
v 13.290083 0.069331 -3.534995
v 13.291430 0.069369 -3.593864
v 13.292752 0.069481 -3.652730
v 13.294047 0.070190 -3.711598
v 13.295360 0.070496 -3.770446
v 13.296579 0.070962 -3.829528
v 13.297413 0.054538 -3.885988
v 13.298346 0.036999 -3.942132
v 13.298881 0.032820 -4.000795
v 13.299636 0.032527 -4.059608
v 13.300493 0.032476 -4.118389
v 13.301365 0.032409 -4.177154
v 13.302156 0.032429 -4.235913
v 13.302905 0.032472 -4.294656
v 13.303622 0.032556 -4.353392
v 13.304319 0.032539 -4.412116
v 13.305003 0.032513 -4.470821
v 13.305581 0.031990 -4.529536
v 13.306231 0.032349 -4.588226
v 13.306355 0.032292 -4.646939
v 13.306441 0.032250 -4.705655
v 13.306465 0.032191 -4.764380
v 13.306428 0.032111 -4.823123
v 13.306349 0.032076 -4.881879
v 13.306248 0.032049 -4.940641
v 13.342531 0.040160 -3.183761
v 13.344655 0.057540 -3.239975
v 13.346925 0.070513 -3.297390
v 13.348391 0.070007 -3.356834
v 13.349843 0.070604 -3.415746
v 13.351254 0.071038 -3.474651
v 13.352624 0.071356 -3.533546
v 13.353987 0.071636 -3.592446
v 13.355318 0.071618 -3.651337
v 13.356639 0.071437 -3.710233
v 13.357965 0.071047 -3.769162
v 13.359385 0.071768 -3.828468
v 13.359712 0.058798 -3.885911
v 13.360113 0.046134 -3.943388
v 13.361264 0.031871 -4.000286
v 13.362038 0.032445 -4.059051
v 13.362909 0.032426 -4.117810
v 13.363785 0.032411 -4.176566
v 13.364597 0.032445 -4.235324
v 13.365357 0.032491 -4.294080
v 13.366076 0.032524 -4.352835
v 13.366772 0.033548 -4.411520
v 13.367435 0.032535 -4.470316
v 13.368020 0.032451 -4.529070
v 13.368598 0.032375 -4.587821
v 13.368760 0.032339 -4.646573
v 13.368863 0.032287 -4.705324
v 13.368896 0.032227 -4.764078
v 13.368874 0.032149 -4.822835
v 13.368816 0.032120 -4.881597
v 13.368754 0.032109 -4.940361
v 13.404704 0.044814 -3.180182
v 13.406929 0.053779 -3.238316
v 13.409676 0.065380 -3.295676
v 13.410720 0.065107 -3.355350
v 13.412081 0.064939 -3.414343
v 13.413373 0.064350 -3.473275
v 13.414650 0.063874 -3.532178
v 13.415905 0.063268 -3.591067
v 13.417170 0.062769 -3.649932
v 13.418466 0.062371 -3.708791
v 13.419844 0.062301 -3.767642
v 13.421380 0.063062 -3.826494
v 13.422326 0.057682 -3.885321
v 13.422214 0.040369 -3.941573
v 13.423655 0.032610 -3.999743
v 13.424422 0.032406 -4.058519
v 13.425322 0.032432 -4.117269
v 13.426207 0.032418 -4.176017
v 13.427037 0.032458 -4.234771
v 13.427810 0.032477 -4.293530
v 13.428531 0.032501 -4.352293
v 13.429208 0.032581 -4.411064
v 13.429811 0.032586 -4.469916
v 13.430458 0.032501 -4.528608
v 13.430969 0.032420 -4.587388
v 13.431165 0.032375 -4.646158
v 13.431280 0.032309 -4.704924
v 13.431323 0.032267 -4.763690
v 13.431315 0.032214 -4.822453
v 13.431282 0.032186 -4.881217
v 13.431253 0.032131 -4.939983
v 13.466197 0.034401 -3.179002
v 13.467527 0.038691 -3.237538
v 13.469546 0.046987 -3.295690
v 13.469494 0.042440 -3.354309
v 13.470633 0.042137 -3.413140
v 13.471826 0.041659 -3.471983
v 13.473108 0.041254 -3.530830
v 13.474484 0.041043 -3.589685
v 13.475956 0.041100 -3.648531
v 13.477529 0.041481 -3.707366
v 13.479237 0.042326 -3.766172
v 13.482435 0.049061 -3.824482
v 13.482721 0.041302 -3.882696
v 13.484300 0.034921 -3.940986
v 13.485773 0.038652 -3.999603
v 13.486785 0.032422 -4.057991
v 13.487730 0.032486 -4.116727
v 13.488635 0.032456 -4.175468
v 13.489480 0.032451 -4.234219
v 13.490264 0.032476 -4.292979
v 13.490991 0.032488 -4.351748
v 13.491667 0.032506 -4.410527
v 13.492307 0.032566 -4.469312
v 13.492898 0.032543 -4.528109
v 13.493351 0.032500 -4.586905
v 13.493574 0.032388 -4.645683
v 13.493699 0.032306 -4.704459
v 13.493752 0.032271 -4.763232
v 13.493755 0.032244 -4.822000
v 13.493743 0.032205 -4.880769
v 13.493746 0.032171 -4.939538
v 13.528543 0.032984 -3.177124
v 13.529692 0.034049 -3.235808
v 13.530555 0.033699 -3.294507
v 13.531516 0.034456 -3.353216
v 13.532603 0.034089 -3.411965
v 13.533797 0.033864 -3.470748
v 13.535109 0.033788 -3.529535
v 13.536505 0.033764 -3.588321
v 13.537975 0.033799 -3.647101
v 13.539521 0.033908 -3.705867
v 13.541154 0.034126 -3.764607
v 13.542844 0.033517 -3.823316
v 13.544600 0.033696 -3.882008
v 13.546586 0.039140 -3.940445
v 13.547787 0.032199 -3.998731
v 13.549140 0.032419 -4.057420
v 13.550142 0.032509 -4.116146
v 13.551071 0.032501 -4.174882
v 13.551931 0.032483 -4.233633
v 13.552723 0.032441 -4.292397
v 13.553455 0.032451 -4.351174
v 13.554132 0.032499 -4.409964
v 13.554763 0.032538 -4.468761
v 13.555339 0.033375 -4.527501
v 13.555755 0.032522 -4.586366
v 13.555991 0.032378 -4.645159
v 13.556122 0.032335 -4.703948
v 13.556180 0.032268 -4.762730
v 13.556197 0.032243 -4.821508
v 13.556204 0.032196 -4.880283
v 13.556233 0.032164 -4.939059
v 13.590955 0.032738 -3.175600
v 13.592043 0.032341 -3.234378
v 13.592990 0.032921 -3.293140
v 13.593986 0.033071 -3.351898
v 13.595093 0.033071 -3.410668
v 13.596280 0.033059 -3.469450
v 13.597589 0.033079 -3.528231
v 13.598976 0.033018 -3.587003
v 13.600440 0.033086 -3.645768
v 13.601979 0.033049 -3.704522
v 13.603596 0.033020 -3.763258
v 13.605283 0.032991 -3.821973
v 13.606998 0.032767 -3.880669
v 13.608623 0.032736 -3.939358
v 13.610185 0.032505 -3.998018
v 13.611489 0.032608 -4.056705
v 13.612568 0.032587 -4.115442
v 13.613521 0.032546 -4.174197
v 13.614392 0.032541 -4.232967
v 13.615191 0.032493 -4.291750
v 13.615928 0.032457 -4.350546
v 13.616606 0.032424 -4.409353
v 13.617229 0.032466 -4.468172
v 13.617780 0.032494 -4.526996
v 13.618117 0.032505 -4.585907
v 13.618414 0.032482 -4.644619
v 13.618551 0.032360 -4.703419
v 13.618613 0.032294 -4.762212
v 13.618642 0.032261 -4.821002
v 13.618665 0.032227 -4.879789
v 13.618715 0.032169 -4.938574
v 13.653382 0.032778 -3.174202
v 13.654460 0.032838 -3.232993
v 13.655442 0.032886 -3.291774
v 13.656466 0.032950 -3.350550
v 13.657578 0.032962 -3.409329
v 13.658765 0.032972 -3.468117
v 13.660076 0.033018 -3.526907
v 13.661450 0.033003 -3.585689
v 13.662908 0.032989 -3.644464
v 13.664440 0.033014 -3.703230
v 13.666041 0.032983 -3.761990
v 13.667713 0.032954 -3.820739
v 13.669412 0.032907 -3.879483
v 13.671036 0.032804 -3.938233
v 13.672570 0.032790 -3.996989
v 13.673899 0.032696 -4.055767
v 13.675012 0.032655 -4.114565
v 13.675984 0.032589 -4.173376
v 13.676865 0.032568 -4.232194
v 13.677670 0.032544 -4.291019
v 13.678410 0.032487 -4.349849
v 13.679088 0.032442 -4.408686
v 13.679703 0.032417 -4.467530
v 13.680229 0.032453 -4.526380
v 13.680615 0.032477 -4.585225
v 13.680843 0.032457 -4.644056
v 13.680988 0.032422 -4.702881
v 13.681051 0.032306 -4.761697
v 13.681087 0.032244 -4.820509
v 13.681125 0.032206 -4.879315
v 13.681195 0.032187 -4.938115
v 11.690787 0.069039 -3.195365
v 11.718238 0.031895 -4.926682
v 11.726343 0.031860 -4.868424
v 11.742670 0.031635 -4.751646
v 11.750894 0.031498 -4.693405
v 11.767911 0.032120 -4.576294
v 11.776823 0.031959 -4.518148
v 11.842457 0.099820 -4.537877
v 11.844115 0.099503 -4.479595
v 11.786337 0.197882 -4.367481
v 11.785809 0.197839 -4.308658
v 11.784472 0.197923 -4.191695
v 11.783577 0.197879 -4.132885
v 11.781557 0.198506 -4.015814
v 11.780416 0.196994 -3.957034
v 11.805035 0.091183 -3.871314
v 11.846062 0.049050 -3.871372
v 11.769427 0.032467 -3.771718
v 11.761683 0.032438 -3.713408
v 11.752605 0.035177 -3.604297
v 11.739663 0.054631 -3.550782
v 11.722248 0.068791 -3.428699
v 11.714337 0.068621 -3.370414
v 11.698627 0.069080 -3.253662
v 11.647676 0.068903 -3.219049
v 11.675234 0.031840 -4.902808
v 11.678446 0.031786 -4.879656
v 11.699707 0.031329 -4.727679
v 11.702985 0.031289 -4.704555
v 11.725243 0.031742 -4.551826
v 11.728771 0.031711 -4.528721
v 11.833099 0.055113 -4.519599
v 11.838686 0.053967 -4.496922
v 11.740287 0.197827 -4.350168
v 11.740078 0.197802 -4.326795
v 11.738317 0.197860 -4.174684
v 11.737967 0.197845 -4.151312
v 11.735338 0.196987 -3.999036
v 11.734818 0.197796 -3.975745
v 11.784738 0.046993 -3.863986
v 11.800228 0.031796 -3.871326
v 11.721606 0.032425 -3.760195
v 11.718528 0.032381 -3.737024
v 11.704530 0.032584 -3.594082
v 11.700734 0.032420 -3.571017
v 11.674388 0.068570 -3.417311
v 11.671248 0.068512 -3.394149
v 11.650788 0.068960 -3.242214
v 11.622869 0.068643 -3.222387
v 11.650438 0.031728 -4.899385
v 11.653645 0.031711 -4.876235
v 11.705509 0.036990 -4.704022
v 11.727780 0.031176 -4.708027
v 11.700490 0.031679 -4.548060
v 11.704022 0.031669 -4.524957
v 11.843205 0.033075 -4.523384
v 11.850886 0.032782 -4.501307
v 11.715252 0.197776 -4.350384
v 11.715039 0.197764 -4.327011
v 11.713289 0.197829 -4.175061
v 11.712934 0.197825 -4.151693
v 11.710309 0.196983 -3.999502
v 11.709869 0.197065 -3.976127
v 11.777214 0.031392 -3.846057
v 11.800560 0.031310 -3.846381
v 11.696793 0.032327 -3.763505
v 11.693711 0.032192 -3.740333
v 11.679855 0.032277 -3.598204
v 11.676019 0.032260 -3.575153
v 11.649578 0.068460 -3.420680
v 11.646441 0.068360 -3.397517
v 11.625980 0.068835 -3.245553
v 11.565531 0.068534 -3.202870
v 11.593039 0.031665 -4.918712
v 11.603604 0.031644 -4.842110
v 11.688784 0.031192 -4.646102
v 11.764830 0.031239 -4.660133
v 11.642828 0.031604 -4.566593
v 11.654455 0.031555 -4.490147
v 11.885575 0.032574 -4.566683
v 11.910957 0.032301 -4.493656
v 11.661283 0.195812 -4.377853
v 11.660583 0.195740 -4.300535
v 11.659524 0.195686 -4.202858
v 11.658353 0.195582 -4.125532
v 11.656597 0.195987 -4.027486
v 11.655150 0.195726 -3.950171
v 11.751042 0.031202 -3.791430
v 11.828368 0.031096 -3.792570
v 11.646597 0.032159 -3.797407
v 11.636387 0.032017 -3.720759
v 11.630904 0.032187 -3.633863
v 11.618061 0.032153 -3.557756
v 11.599463 0.068295 -3.454700
v 11.589076 0.068259 -3.378076
v 11.575826 0.068596 -3.279510
v 13.846582 0.032357 -3.052262
v 13.877547 0.031974 -5.054804
v 13.847931 0.032323 -3.111070
v 13.850247 0.032682 -3.229117
v 13.851256 0.032555 -3.287932
v 13.853422 0.032841 -3.405146
v 13.854612 0.032805 -3.463961
v 13.857280 0.032683 -3.581153
v 13.858727 0.032609 -3.639963
v 13.861816 0.032552 -3.757182
v 13.863468 0.032490 -3.815984
v 13.866766 0.032697 -3.933874
v 13.868294 0.032625 -3.992675
v 13.870790 0.032592 -4.111351
v 13.871787 0.032567 -4.170158
v 13.873500 0.032493 -4.288563
v 13.874244 0.032474 -4.347373
v 13.875528 0.032274 -4.465757
v 13.876030 0.032247 -4.524570
v 13.876655 0.032334 -4.642971
v 13.876844 0.032295 -4.701794
v 13.876933 0.032183 -4.819767
v 13.877002 0.032147 -4.878591
v 13.877279 0.031996 -4.995979
v 13.888777 0.032316 -3.073134
v 13.919142 0.031958 -5.032786
v 13.889132 0.032359 -3.088296
v 13.892317 0.032538 -3.250232
v 13.892592 0.032570 -3.265395
v 13.895553 0.032787 -3.426138
v 13.895875 0.032775 -3.441300
v 13.899504 0.032602 -3.601960
v 13.899890 0.032595 -3.617119
v 13.904112 0.032470 -3.777842
v 13.904552 0.032546 -3.793001
v 13.909037 0.032646 -3.954602
v 13.909426 0.032636 -3.969764
v 13.912875 0.032548 -4.132461
v 13.913130 0.032503 -4.147624
v 13.915492 0.032460 -4.309857
v 13.915686 0.032475 -4.325025
v 13.917431 0.032248 -4.487227
v 13.917564 0.032279 -4.502395
v 13.918437 0.032285 -4.664663
v 13.918480 0.032262 -4.679830
v 13.918668 0.032135 -4.841545
v 13.918677 0.032118 -4.856713
v 13.919078 0.031953 -5.017618
v 13.910948 0.031191 -3.072618
v 13.941330 0.030998 -5.032687
v 13.911314 0.031012 -3.087783
v 13.914484 0.031098 -3.249846
v 13.914750 0.031160 -3.265011
v 13.917692 0.031168 -3.425677
v 13.918020 0.031258 -3.440843
v 13.921659 0.031160 -3.601413
v 13.922041 0.031232 -3.616576
v 13.926270 0.031143 -3.777214
v 13.926702 0.031090 -3.792381
v 13.931186 0.031174 -3.954036
v 13.931579 0.031196 -3.969200
v 13.935034 0.031123 -4.132089
v 13.935297 0.031188 -4.147261
v 13.937662 0.031258 -4.309572
v 13.937859 0.030997 -4.324745
v 13.939615 0.031088 -4.487037
v 13.939754 0.031221 -4.502204
v 13.940611 0.031190 -4.664585
v 13.940657 0.031032 -4.679761
v 13.940852 0.031218 -4.841527
v 13.940862 0.031258 -4.856695
v 13.941262 0.031151 -5.017516
v 13.972839 0.031193 -3.041913
v 14.004062 0.031188 -5.061627
v 13.974569 0.031189 -3.115550
v 13.976549 0.031075 -3.219512
v 13.977838 0.031191 -3.293160
v 13.979660 0.031191 -3.395130
v 13.981203 0.031208 -3.468772
v 13.983510 0.031235 -3.570645
v 13.985320 0.031215 -3.644283
v 13.987975 0.031200 -3.746161
v 13.990110 0.031041 -3.819788
v 13.993020 0.031109 -3.923205
v 13.994886 0.031190 -3.996840
v 13.997128 0.031120 -4.101788
v 13.998377 0.030967 -4.175435
v 13.999874 0.031173 -4.279525
v 14.000827 0.031161 -4.353175
v 14.001944 0.031236 -4.457238
v 14.002596 0.031205 -4.530894
v 14.003118 0.031214 -4.635152
v 14.003338 0.031203 -4.708812
v 14.003272 0.034838 -4.812189
v 14.003551 0.031206 -4.885742
v 14.003708 0.031195 -4.987969
v 12.805752 0.058593 -4.010325
v 12.863807 0.032091 -4.066757
v 12.808667 0.054838 -4.127830
v 12.747281 0.073813 -4.071278
v 12.437863 0.068060 -3.989632
v 12.456666 0.068961 -4.009267
v 12.436937 0.067925 -4.027896
v 12.418105 0.069044 -4.008302
v 12.436781 0.068095 -4.048089
v 12.455159 0.071504 -4.067925
v 12.435737 0.067936 -4.086608
v 12.417645 0.072438 -4.066842
v 12.435063 0.066361 -4.106797
v 12.453936 0.060897 -4.125579
v 12.434502 0.050418 -4.141662
v 12.415528 0.056671 -4.123176
v 12.498785 0.069041 -4.050113
v 12.517612 0.069032 -4.069754
v 12.497896 0.071792 -4.088326
v 12.479008 0.069576 -4.068758
v 12.561287 0.068809 -4.051368
v 12.580173 0.068837 -4.070904
v 12.560444 0.070866 -4.089519
v 12.541537 0.068873 -4.070068
v 12.623740 0.069043 -4.052305
v 12.642654 0.069447 -4.071805
v 12.622953 0.070809 -4.090552
v 12.604073 0.068853 -4.071088
v 12.686265 0.069999 -4.053020
v 12.704630 0.075502 -4.072288
v 12.685086 0.073263 -4.091190
v 12.666536 0.069577 -4.071762
v 12.738293 0.033486 -3.418406
v 12.759352 0.033585 -3.435599
v 12.741975 0.033140 -3.456626
v 12.720955 0.033046 -3.439361
v 12.747445 0.074162 -4.071367
v 12.747254 0.073229 -4.090657
v 12.728115 0.071205 -4.071469
v 12.747784 0.071713 -4.052436
v 12.746448 0.031884 -4.394110
v 12.765809 0.031831 -4.413219
v 12.746630 0.031826 -4.432523
v 12.727253 0.031874 -4.413408
v 12.798279 0.042920 -3.412260
v 12.814086 0.055283 -3.430366
v 12.803267 0.040462 -3.450446
v 12.783143 0.034543 -3.433112
v 12.805384 0.040290 -3.470619
v 12.812201 0.061083 -3.487187
v 12.808597 0.044642 -3.508776
v 12.788201 0.039329 -3.491573
v 12.799880 0.044991 -3.526725
v 12.814810 0.057683 -3.545644
v 12.800977 0.045159 -3.565441
v 12.791528 0.062305 -3.545810
v 12.801763 0.046237 -3.585621
v 12.815293 0.060480 -3.604405
v 12.802486 0.045552 -3.623469
v 12.788189 0.059106 -3.604597
v 12.802176 0.047144 -3.643696
v 12.816816 0.059895 -3.662685
v 12.802121 0.047687 -3.682068
v 12.785604 0.056235 -3.662356
v 12.801701 0.049002 -3.702332
v 12.817294 0.060293 -3.721482
v 12.801556 0.049431 -3.740834
v 12.785096 0.058369 -3.721160
v 12.801753 0.050748 -3.761083
v 12.816718 0.064000 -3.779934
v 12.801494 0.050773 -3.798768
v 12.784353 0.059330 -3.779599
v 12.801542 0.052596 -3.818944
v 12.816716 0.063511 -3.838971
v 12.800412 0.049249 -3.855460
v 12.783670 0.059737 -3.837001
v 12.799823 0.047951 -3.875637
v 12.818672 0.049464 -3.895159
v 12.799466 0.045880 -3.914124
v 12.784693 0.058874 -3.895394
v 12.798933 0.045121 -3.934312
v 12.818468 0.040746 -3.952617
v 12.801033 0.046011 -3.972854
v 12.785670 0.058216 -3.954102
v 12.803274 0.052821 -3.991813
v 12.823397 0.050537 -4.009933
v 12.805779 0.058376 -4.010275
v 12.787086 0.059284 -4.012715
v 12.789461 0.056371 -4.127749
v 12.808596 0.054884 -4.127858
v 12.825104 0.048300 -4.120499
v 12.807173 0.038643 -4.138591
v 12.807572 0.035006 -4.158544
v 12.827017 0.033862 -4.177574
v 12.808039 0.032465 -4.197024
v 12.788674 0.032396 -4.177910
v 12.808038 0.032273 -4.217275
v 12.827380 0.032161 -4.236412
v 12.808303 0.032084 -4.255826
v 12.788965 0.032050 -4.236691
v 12.808275 0.032061 -4.276074
v 12.827581 0.032045 -4.295226
v 12.808540 0.031994 -4.314652
v 12.789229 0.031992 -4.295499
v 12.808529 0.031977 -4.334906
v 12.827845 0.031923 -4.354049
v 12.808803 0.031896 -4.373484
v 12.789481 0.031913 -4.354326
v 12.808908 0.031861 -4.393744
v 12.828288 0.031864 -4.412848
v 12.809138 0.031785 -4.432190
v 12.789751 0.031791 -4.413078
v 12.849708 0.070903 -3.408392
v 12.869285 0.069909 -3.427244
v 12.851377 0.076838 -3.446473
v 12.831288 0.072019 -3.428607
v 12.862552 0.032048 -4.047517
v 12.882196 0.031579 -4.066319
v 12.863317 0.032144 -4.085999
v 12.863879 0.030986 -4.066720
v 12.871351 0.031891 -4.393251
v 12.890767 0.031637 -4.412324
v 12.871648 0.031726 -4.431717
v 12.852232 0.031859 -4.412631
v 12.925004 0.032224 -4.046096
v 12.944621 0.032307 -4.064934
v 12.925659 0.032302 -4.084450
v 12.906065 0.031604 -4.065638
v 12.987485 0.032288 -4.044846
v 13.007059 0.032332 -4.063753
v 12.988106 0.032315 -4.083282
v 12.968539 0.032286 -4.064376
v 13.049880 0.032369 -4.043732
v 13.069407 0.032345 -4.062694
v 13.050515 0.032356 -4.082281
v 13.030990 0.032323 -4.063326
v 13.112239 0.032408 -4.042735
v 13.131719 0.032424 -4.061735
v 13.112822 0.032380 -4.081324
v 13.093340 0.032399 -4.062317
v 13.173829 0.032329 -3.982969
v 13.193272 0.032560 -4.001997
v 13.174373 0.032311 -4.021564
v 13.154918 0.032450 -4.002551
v 13.174566 0.032475 -4.041827
v 13.194025 0.032438 -4.060846
v 13.175102 0.032411 -4.080396
v 13.155644 0.032386 -4.061381
v 13.175460 0.032400 -4.100653
v 13.194893 0.032370 -4.119679
v 13.176009 0.032394 -4.139260
v 13.156574 0.032419 -4.120222
v 11.833952 0.069189 -3.219672
v 11.869009 0.069151 -3.246426
v 11.874760 0.069192 -3.289262
v 11.843875 0.069454 -3.293416
v 11.882605 0.069399 -3.347616
v 11.851751 0.069183 -3.351748
v 11.890587 0.069258 -3.405841
v 11.859660 0.069137 -3.410047
v 11.898458 0.069499 -3.464129
v 11.867537 0.069055 -3.468340
v 11.906341 0.070458 -3.522792
v 11.875441 0.069191 -3.526918
v 11.914553 0.047435 -3.576316
v 11.883718 0.044610 -3.579835
v 11.922467 0.033676 -3.632833
v 11.891526 0.033271 -3.636873
v 11.930071 0.032723 -3.691160
v 11.899154 0.032660 -3.695206
v 11.937809 0.033281 -3.749471
v 11.906893 0.032565 -3.753513
v 11.944510 0.050466 -3.805248
v 11.913605 0.049578 -3.809288
v 11.947497 0.099220 -3.838041
v 11.916626 0.098180 -3.842275
v 11.947891 0.155780 -3.854916
v 11.916711 0.155755 -3.855898
v 11.949369 0.198962 -3.894802
v 11.918171 0.200032 -3.894575
v 11.950273 0.198023 -3.954176
v 11.919079 0.197447 -3.954529
v 11.951391 0.198067 -4.012936
v 11.920197 0.198000 -4.013301
v 11.952463 0.198069 -4.071703
v 11.921278 0.198031 -4.072081
v 11.953444 0.198079 -4.130473
v 11.922238 0.198056 -4.130862
v 11.954311 0.198586 -4.189276
v 11.923142 0.198046 -4.189639
v 11.955074 0.198086 -4.248016
v 11.923874 0.198053 -4.248419
v 11.955688 0.198056 -4.306783
v 11.924469 0.198020 -4.307170
v 11.956162 0.198164 -4.365540
v 11.924984 0.198084 -4.365871
v 11.956473 0.200030 -4.424256
v 11.925318 0.198914 -4.424578
v 11.956086 0.201026 -4.482915
v 11.924892 0.201290 -4.483329
v 11.952087 0.144679 -4.499205
v 11.924747 0.150392 -4.513023
v 11.947760 0.087848 -4.513594
v 11.919370 0.093154 -4.525352
v 11.944472 0.036926 -4.542812
v 11.913611 0.036121 -4.538342
v 11.935950 0.032119 -4.600780
v 11.905080 0.032590 -4.596409
v 11.927458 0.032172 -4.658987
v 11.896585 0.032151 -4.654600
v 11.919067 0.032155 -4.717212
v 11.888194 0.032151 -4.712823
v 11.910829 0.032147 -4.775462
v 11.879956 0.032111 -4.771069
v 11.902687 0.032094 -4.833711
v 11.871809 0.032067 -4.829325
v 11.896747 0.032054 -4.876504
v 11.861523 0.032025 -4.903038
v 11.915443 0.069121 -3.240082
v 11.911338 0.069113 -3.209158
v 11.938863 0.032020 -4.914015
v 11.943160 0.032076 -4.883118
v 11.977329 0.069047 -3.231646
v 11.973262 0.069030 -3.200733
v 12.000745 0.032072 -4.922826
v 12.005009 0.032106 -4.891924
v 12.039265 0.068802 -3.223474
v 12.035249 0.068984 -3.192532
v 12.062624 0.032088 -4.931621
v 12.066851 0.032115 -4.900715
v 12.101144 0.066937 -3.215318
v 12.097176 0.066642 -3.184373
v 12.124499 0.032096 -4.940399
v 12.128682 0.032144 -4.909485
v 12.157866 0.041859 -3.207678
v 12.155428 0.044966 -3.176781
v 12.186362 0.032111 -4.949123
v 12.190500 0.032134 -4.918214
v 12.219382 0.033346 -3.201573
v 12.216789 0.034914 -3.170546
v 12.248240 0.031993 -4.957581
v 12.252343 0.031402 -4.926712
v 12.281618 0.032892 -3.196036
v 12.279043 0.033394 -3.164980
v 12.310194 0.031656 -4.965334
v 12.313741 0.038396 -4.935121
v 12.343884 0.032949 -3.190661
v 12.341359 0.033192 -3.159598
v 12.372187 0.031727 -4.972727
v 12.375409 0.031747 -4.941740
v 12.406165 0.032872 -3.185482
v 12.403691 0.032862 -3.154394
v 12.434262 0.031651 -4.979483
v 12.437465 0.031781 -4.948457
v 12.468456 0.032849 -3.180439
v 12.466046 0.032841 -3.149336
v 12.496425 0.031685 -4.985957
v 12.499594 0.031796 -4.954889
v 12.530737 0.032804 -3.175514
v 12.528412 0.032783 -3.144410
v 12.558610 0.031729 -4.992344
v 12.561715 0.031919 -4.961287
v 12.593019 0.032749 -3.170806
v 12.590777 0.032776 -3.139714
v 12.620791 0.031691 -4.998622
v 12.623787 0.034258 -4.967702
v 12.655276 0.032778 -3.166539
v 12.653151 0.032826 -3.135467
v 12.681904 0.041842 -5.005708
v 12.683576 0.050132 -4.975698
v 12.717603 0.032875 -3.162912
v 12.715518 0.032835 -3.131788
v 12.744209 0.041780 -5.009625
v 12.743343 0.032929 -4.979869
v 12.779730 0.038056 -3.158943
v 12.777890 0.032088 -3.128537
v 12.805568 0.031392 -5.012104
v 12.805825 0.032314 -4.980993
v 12.841719 0.031710 -3.157134
v 12.840320 0.032792 -3.126036
v 12.868017 0.032282 -5.013300
v 12.868317 0.032361 -4.982154
v 12.904100 0.032860 -3.155057
v 12.902761 0.032866 -3.123910
v 12.930572 0.032310 -5.014058
v 12.930854 0.032344 -4.982884
v 12.966497 0.032901 -3.153071
v 12.965215 0.032905 -3.121926
v 12.993173 0.032323 -5.014544
v 12.993405 0.032333 -4.983360
v 13.028903 0.032931 -3.151196
v 13.027662 0.032953 -3.120045
v 13.055782 0.032295 -5.014868
v 13.055959 0.032280 -4.983683
v 13.091312 0.032990 -3.149351
v 13.090100 0.033021 -3.118191
v 13.118400 0.032243 -5.015074
v 13.118520 0.032219 -4.983892
v 13.153718 0.033110 -3.147471
v 13.152528 0.033053 -3.116300
v 13.181007 0.032208 -5.015168
v 13.181080 0.032177 -4.983992
v 13.216112 0.033292 -3.145504
v 13.214952 0.032996 -3.114320
v 13.243608 0.032158 -5.015145
v 13.243640 0.032137 -4.983971
v 13.278491 0.033210 -3.143394
v 13.277380 0.032974 -3.112202
v 13.306192 0.032121 -5.014996
v 13.306193 0.032103 -4.983823
v 13.340845 0.034074 -3.140987
v 13.339785 0.032994 -3.109818
v 13.368762 0.032081 -5.014722
v 13.368735 0.032077 -4.983546
v 13.403152 0.033850 -3.138410
v 13.402149 0.032910 -3.107265
v 13.431316 0.032083 -5.014348
v 13.431266 0.032099 -4.983170
v 13.465401 0.032953 -3.135902
v 13.464511 0.032748 -3.104775
v 13.493856 0.032103 -5.013909
v 13.493786 0.032129 -4.982728
v 13.527714 0.032761 -3.133984
v 13.526920 0.032718 -3.102818
v 13.556383 0.032114 -5.013438
v 13.556295 0.032146 -4.982254
v 13.590109 0.032723 -3.132410
v 13.589341 0.032674 -3.101228
v 13.618899 0.032114 -5.012965
v 13.618796 0.032137 -4.981776
v 13.652542 0.032769 -3.130997
v 13.651787 0.032712 -3.099808
v 13.681409 0.032119 -5.012524
v 13.681291 0.032165 -4.981326
v 13.699396 0.032741 -3.129981
v 13.729842 0.032746 -3.098072
v 13.731394 0.032825 -3.172485
v 13.700231 0.032792 -3.173182
v 13.732472 0.032857 -3.231284
v 13.701306 0.032836 -3.231972
v 13.733485 0.032863 -3.290074
v 13.702309 0.032873 -3.290756
v 13.734541 0.032883 -3.348861
v 13.703351 0.032907 -3.349537
v 13.735648 0.032897 -3.407643
v 13.704464 0.032915 -3.408320
v 13.736835 0.032924 -3.466431
v 13.705649 0.032933 -3.467108
v 13.738161 0.032958 -3.525218
v 13.706966 0.032984 -3.525898
v 13.739513 0.032933 -3.584002
v 13.708329 0.032992 -3.584684
v 13.740965 0.032935 -3.642782
v 13.709783 0.032948 -3.643464
v 13.742497 0.032923 -3.701561
v 13.711314 0.032961 -3.702240
v 13.744073 0.032918 -3.760346
v 13.712900 0.032950 -3.761016
v 13.745729 0.032895 -3.819135
v 13.714561 0.032923 -3.819790
v 13.747414 0.032869 -3.877929
v 13.716249 0.032886 -3.878566
v 13.749029 0.032817 -3.936744
v 13.717871 0.032848 -3.937355
v 13.750552 0.032768 -3.995577
v 13.719396 0.032806 -3.996160
v 13.751890 0.032718 -4.054432
v 13.720734 0.032762 -4.054986
v 13.753033 0.032658 -4.113308
v 13.721867 0.032681 -4.113832
v 13.754028 0.032602 -4.172201
v 13.722857 0.032629 -4.172688
v 13.754923 0.032569 -4.231101
v 13.723747 0.032574 -4.231548
v 13.755732 0.032523 -4.290007
v 13.724554 0.032555 -4.290417
v 13.756473 0.032495 -4.348916
v 13.725295 0.032511 -4.349290
v 13.757148 0.032443 -4.407826
v 13.725970 0.032467 -4.408168
v 13.757751 0.032403 -4.466736
v 13.726577 0.032437 -4.467048
v 13.758260 0.032385 -4.525646
v 13.727090 0.032399 -4.525929
v 13.758658 0.032411 -4.584536
v 13.727482 0.032417 -4.584805
v 13.758949 0.032410 -4.643286
v 13.727706 0.033265 -4.643687
v 13.759043 0.032363 -4.702298
v 13.727853 0.032395 -4.702510
v 13.759092 0.032285 -4.761156
v 13.727912 0.032287 -4.761352
v 13.759136 0.032246 -4.820007
v 13.727952 0.032253 -4.820186
v 13.759194 0.032197 -4.878842
v 13.728003 0.032222 -4.879008
v 13.759287 0.032158 -4.937671
v 13.728086 0.032176 -4.937822
v 13.759521 0.032126 -5.012099
v 13.728188 0.032138 -4.981037
vn -0.0005 1.0000 0.0035
vn 0.0031 1.0000 0.0029
vn -0.0010 1.0000 -0.0006
vn 0.0011 1.0000 -0.0011
vn 0.0013 1.0000 0.0028
vn 0.0008 1.0000 0.0017
vn -0.0011 1.0000 -0.0022
vn 0.0224 0.9997 0.0022
vn 0.1778 0.9841 0.0003
vn 0.2397 0.9696 -0.0491
vn 0.1167 0.9908 -0.0682
vn 0.0332 0.9991 -0.0258
vn 0.0061 1.0000 -0.0009
vn 0.0027 1.0000 0.0012
vn 0.0006 1.0000 0.0011
vn 0.0002 1.0000 0.0008
vn -0.0004 1.0000 0.0003
vn -0.0001 1.0000 0.0010
vn 0.0035 1.0000 -0.0017
vn 0.0005 1.0000 -0.0056
vn -0.0034 1.0000 -0.0019
vn -0.0012 1.0000 0.0019
vn -0.0011 1.0000 0.0009
vn -0.0008 1.0000 0.0005
vn -0.0004 1.0000 0.0014
vn 0.0002 1.0000 0.0021
vn 0.0003 1.0000 0.0018
vn 0.0001 1.0000 0.0016
vn 0.0007 1.0000 0.0021
vn 0.0017 1.0000 0.0021
vn 0.0013 1.0000 0.0015
vn 0.0005 1.0000 0.0010
vn -0.0001 1.0000 0.0007
vn -0.0004 1.0000 0.0009
vn 0.0010 1.0000 0.0022
vn 0.0003 1.0000 -0.0010
vn -0.0001 1.0000 -0.0010
vn -0.0000 1.0000 -0.0010
vn -0.0000 1.0000 -0.0009
vn -0.0003 1.0000 -0.0009
vn -0.0002 1.0000 -0.0008
vn 0.0003 1.0000 -0.0008
vn 0.0008 1.0000 -0.0005
vn 0.0009 1.0000 0.0001
vn 0.0007 1.0000 0.0004
vn 0.0005 1.0000 0.0001
vn 0.0004 1.0000 -0.0005
vn -0.0006 1.0000 -0.0015
vn -0.0017 1.0000 0.0062
vn 0.0386 0.9985 -0.0382
vn 0.0303 0.9876 -0.1538
vn -0.0579 0.9851 -0.1620
vn -0.0482 0.9974 -0.0545
vn -0.0001 1.0000 -0.0016
vn -0.0006 1.0000 -0.0012
vn -0.0001 1.0000 -0.0015
vn 0.0013 1.0000 -0.0002
vn 0.0029 1.0000 0.0021
vn 0.0024 1.0000 0.0008
vn 0.0005 1.0000 -0.0012
vn -0.0015 1.0000 -0.0026
vn -0.0010 1.0000 -0.0043
vn -0.0000 1.0000 -0.0032
vn -0.0004 1.0000 -0.0014
vn -0.0011 1.0000 -0.0005
vn -0.0012 1.0000 -0.0005
vn -0.0026 1.0000 0.0002
vn -0.0025 1.0000 0.0003
vn -0.0019 1.0000 -0.0030
vn -0.0112 0.9987 -0.0490
vn -0.0796 0.9002 -0.4282
vn -0.3731 0.4169 -0.8288
vn -0.4924 0.4644 -0.7362
vn -0.3817 0.6583 -0.6488
vn -0.0056 0.9990 -0.0437
vn 0.0275 0.9992 0.0288
vn -0.0013 1.0000 0.0007
vn -0.0016 1.0000 -0.0001
vn -0.0014 1.0000 -0.0000
vn -0.0013 1.0000 0.0001
vn -0.0016 1.0000 0.0005
vn -0.0012 0.9999 0.0101
vn 0.0015 1.0000 -0.0072
vn -0.0062 0.9182 0.3962
vn -0.0951 0.4514 0.8872
vn 0.0094 0.2965 0.9550
vn 0.2019 0.6797 0.7051
vn 0.0136 0.9923 0.1231
vn -0.0013 1.0000 -0.0032
vn 0.0958 0.9840 -0.1501
vn 0.0747 0.9575 -0.2785
vn 0.0013 0.9825 -0.1862
vn -0.0128 0.9999 -0.0091
vn -0.0035 1.0000 -0.0010
vn -0.0039 1.0000 -0.0014
vn -0.0027 1.0000 -0.0024
vn -0.0005 1.0000 0.0016
vn 0.0025 1.0000 0.0020
vn 0.0017 1.0000 0.0008
vn 0.0019 1.0000 0.0001
vn 0.0015 1.0000 -0.0000
vn 0.0006 1.0000 0.0004
vn 0.0007 1.0000 0.0001
vn 0.0024 1.0000 0.0002
vn 0.0022 1.0000 0.0002
vn 0.0016 1.0000 -0.0002
vn 0.0009 1.0000 -0.0003
vn 0.0024 1.0000 -0.0002
vn 0.0022 1.0000 -0.0001
vn 0.0005 1.0000 -0.0005
vn 0.0007 1.0000 -0.0007
vn 0.0005 1.0000 -0.0008
vn -0.0004 1.0000 -0.0009
vn -0.0000 1.0000 -0.0008
vn -0.0004 1.0000 -0.0007
vn -0.0000 1.0000 -0.0006
vn -0.0001 1.0000 -0.0009
vn 0.0006 1.0000 -0.0005
vn 0.0009 1.0000 -0.0002
vn 0.0007 1.0000 -0.0002
vn 0.0003 1.0000 -0.0007
vn -0.0002 1.0000 -0.0010
vn 0.0002 1.0000 -0.0007
vn 0.0004 1.0000 -0.0008
vn 0.0009 1.0000 -0.0008
vn -0.0003 1.0000 0.0028
vn -0.0056 1.0000 0.0052
vn -0.0131 0.9999 0.0046
vn -0.0226 0.9996 0.0156
vn -0.0178 0.9862 -0.1643
vn -0.0173 0.9496 -0.3130
vn -0.0253 0.9861 -0.1643
vn -0.0250 0.9996 -0.0092
vn -0.0558 0.9853 0.1616
vn -0.1042 0.8000 0.5909
vn -0.0818 0.4725 0.8775
vn -0.0255 0.5496 0.8351
vn 0.0032 0.9193 0.3935
vn 0.0035 1.0000 -0.0007
vn -0.0010 1.0000 0.0008
vn -0.0012 1.0000 -0.0006
vn 0.0006 1.0000 0.0009
vn 0.0022 1.0000 0.0001
vn 0.0005 1.0000 -0.0007
vn -0.0026 1.0000 0.0015
vn -0.0168 0.9988 0.0454
vn -0.0093 0.9999 -0.0084
vn 0.0227 0.7628 -0.6463
vn 0.0211 0.2661 -0.9637
vn -0.0199 0.4628 -0.8862
vn -0.0561 0.8798 -0.4720
vn -0.0289 0.9979 -0.0577
vn -0.0053 1.0000 -0.0035
vn -0.0017 1.0000 -0.0010
vn -0.0008 1.0000 -0.0007
vn -0.0007 1.0000 -0.0009
vn -0.0467 0.9986 0.0256
vn -0.0827 0.9965 0.0152
vn -0.0952 0.9955 -0.0035
vn -0.0756 0.9971 -0.0077
vn -0.0481 0.9884 -0.1438
vn -0.0706 0.9572 -0.2808
vn -0.0863 0.9727 -0.2154
vn -0.0591 0.9974 -0.0423
vn -0.0829 0.9784 0.1892
vn -0.0948 0.8342 0.5433
vn -0.0207 0.5471 0.8368
vn 0.0203 0.5501 0.8349
vn 0.0136 0.9132 0.4072
vn 0.0073 1.0000 0.0065
vn -0.0003 1.0000 0.0061
vn -0.0056 1.0000 0.0002
vn -0.0065 1.0000 -0.0005
vn -0.0057 1.0000 -0.0009
vn -0.0036 1.0000 -0.0007
vn -0.0030 1.0000 0.0038
vn -0.0018 0.9986 0.0531
vn 0.0150 0.9990 -0.0420
vn 0.0406 0.7357 -0.6761
vn 0.0195 0.2923 -0.9561
vn -0.0470 0.5553 -0.8304
vn -0.0819 0.9015 -0.4250
vn -0.0378 0.9953 -0.0889
vn -0.0057 1.0000 -0.0078
vn -0.0024 1.0000 -0.0023
vn -0.0011 1.0000 -0.0013
vn -0.0005 1.0000 -0.0010
vn 0.0232 0.9984 0.0518
vn 0.0828 0.9966 0.0048
vn 0.1902 0.9812 -0.0318
vn 0.2981 0.9543 -0.0229
vn 0.3246 0.9443 -0.0536
vn 0.2270 0.9668 -0.1171
vn 0.0862 0.9841 -0.1555
vn -0.0292 0.9994 -0.0209
vn -0.1279 0.9646 0.2305
vn -0.1452 0.8721 0.4672
vn -0.0639 0.6477 0.7592
vn 0.0047 0.5476 0.8367
vn 0.0016 0.8991 0.4377
vn -0.0195 0.9996 0.0190
vn -0.0382 0.9991 0.0202
vn -0.0537 0.9985 0.0069
vn -0.0633 0.9980 0.0024
vn -0.0679 0.9977 -0.0015
vn -0.0672 0.9977 -0.0048
vn -0.0607 0.9982 -0.0011
vn -0.0405 0.9986 0.0341
vn -0.0040 0.9966 -0.0828
vn 0.0504 0.6922 -0.7199
vn 0.0394 0.3480 -0.9367
vn -0.0644 0.6764 -0.7337
vn -0.1124 0.9055 -0.4091
vn -0.0485 0.9901 -0.1319
vn -0.0049 0.9999 -0.0133
vn -0.0007 1.0000 -0.0027
vn -0.0009 1.0000 -0.0021
vn -0.0004 1.0000 -0.0010
vn 0.3028 0.9528 0.0208
vn 0.3793 0.9245 -0.0377
vn 0.4179 0.9059 -0.0691
vn 0.4137 0.9098 -0.0338
vn 0.3227 0.9439 0.0700
vn 0.0670 0.9963 0.0540
vn -0.1237 0.9892 -0.0782
vn -0.2797 0.9596 0.0306
vn -0.4085 0.8743 0.2623
vn -0.4665 0.8068 0.3625
vn -0.3264 0.7764 0.5392
vn -0.0747 0.6362 0.7679
vn 0.0217 0.8836 0.4678
vn 0.0259 0.9994 0.0212
vn 0.0463 0.9988 0.0181
vn 0.0672 0.9977 0.0067
vn 0.0800 0.9968 0.0031
vn 0.0885 0.9961 -0.0017
vn 0.0931 0.9956 -0.0054
vn 0.0959 0.9954 -0.0049
vn 0.1082 0.9941 0.0094
vn 0.1097 0.9893 -0.0962
vn 0.0638 0.6725 -0.7373
vn -0.0222 0.4390 -0.8982
vn -0.1150 0.7860 -0.6074
vn -0.1520 0.8940 -0.4216
vn -0.0710 0.9792 -0.1903
vn -0.0058 0.9997 -0.0226
vn 0.0018 1.0000 -0.0013
vn 0.0001 1.0000 -0.0021
vn 0.2785 0.9599 -0.0319
vn 0.2374 0.9706 -0.0409
vn 0.1461 0.9881 -0.0481
vn 0.0588 0.9979 -0.0286
vn -0.0812 0.9760 0.2022
vn -0.3072 0.9206 0.2412
vn -0.4860 0.8738 0.0172
vn -0.5608 0.8277 0.0205
vn -0.5049 0.8431 0.1851
vn -0.4214 0.8429 0.3347
vn -0.2973 0.8831 0.3630
vn -0.0407 0.8543 0.5182
vn 0.3584 0.8773 0.3192
vn 0.5506 0.8339 -0.0375
vn 0.6162 0.7876 -0.0088
vn 0.6469 0.7626 -0.0064
vn 0.6650 0.7468 -0.0023
vn 0.6774 0.7357 -0.0016
vn 0.6849 0.7287 0.0003
vn 0.6877 0.7260 0.0039
vn 0.6872 0.7264 0.0100
vn 0.5818 0.8112 0.0595
vn 0.3226 0.7446 -0.5844
vn -0.0476 0.6372 -0.7693
vn -0.3188 0.8698 -0.3766
vn -0.4676 0.8181 -0.3349
vn -0.3719 0.8870 -0.2736
vn -0.1381 0.9825 -0.1249
vn -0.0038 0.9999 -0.0095
vn 0.0063 1.0000 -0.0018
vn 0.0054 1.0000 -0.0017
vn 0.0390 0.9988 -0.0286
vn 0.0064 1.0000 -0.0070
vn -0.0073 1.0000 -0.0017
vn -0.0044 1.0000 -0.0045
vn -0.0069 0.9594 0.2820
vn -0.0913 0.8583 0.5049
vn -0.1953 0.9517 0.2370
vn -0.1411 0.9899 0.0154
vn 0.1136 0.9935 0.0006
vn 0.2806 0.9187 0.2780
vn 0.2978 0.8260 0.4786
vn 0.4473 0.8761 0.1802
vn 0.7090 0.6964 -0.1111
vn 0.8289 0.5516 -0.0931
vn 0.8402 0.5413 -0.0322
vn 0.8431 0.5375 -0.0138
vn 0.8371 0.5471 0.0015
vn 0.8277 0.5611 0.0028
vn 0.8206 0.5715 0.0048
vn 0.8155 0.5787 0.0085
vn 0.8096 0.5868 0.0178
vn 0.7572 0.6094 0.2351
vn 0.6197 0.7848 -0.0019
vn 0.0582 0.9585 -0.2789
vn -0.2126 0.9370 -0.2771
vn -0.2651 0.8807 -0.3925
vn -0.3098 0.8800 -0.3601
vn -0.2756 0.9253 -0.2604
vn -0.1517 0.9869 -0.0554
vn -0.0977 0.9948 0.0275
vn -0.0962 0.9953 -0.0143
vn -0.0053 1.0000 -0.0057
vn -0.0047 1.0000 0.0014
vn -0.0011 1.0000 -0.0002
vn 0.0008 1.0000 -0.0090
vn 0.0060 0.9714 0.2372
vn -0.0051 0.8073 0.5901
vn 0.0625 0.9491 0.3087
vn 0.2155 0.9715 -0.0991
vn 0.2328 0.9722 -0.0259
vn 0.2059 0.9743 0.0911
vn 0.4561 0.8227 0.3393
vn 0.6322 0.7742 0.0294
vn 0.5519 0.7975 -0.2437
vn 0.5036 0.8571 -0.1087
vn 0.5043 0.8625 -0.0428
vn 0.5190 0.8540 -0.0352
vn 0.5527 0.8329 -0.0278
vn 0.5769 0.8168 0.0009
vn 0.5775 0.8164 0.0045
vn 0.5767 0.8169 0.0042
vn 0.5778 0.8160 0.0145
vn 0.6272 0.7507 0.2074
vn 0.5869 0.7251 0.3602
vn 0.4910 0.8694 0.0547
vn 0.3658 0.8436 -0.3931
vn 0.2829 0.8924 -0.3515
vn 0.0152 0.9786 -0.2051
vn -0.1789 0.9488 -0.2604
vn -0.1732 0.9768 -0.1255
vn -0.0755 0.9969 -0.0214
vn -0.0150 0.9984 -0.0552
vn 0.0002 1.0000 -0.0020
vn -0.0003 1.0000 -0.0010
vn -0.0002 1.0000 -0.0011
vn 0.0015 0.9999 -0.0100
vn 0.0074 0.9822 0.1876
vn 0.0045 0.8127 0.5827
vn 0.0456 0.9609 0.2731
vn 0.0220 0.9873 -0.1572
vn -0.0694 0.9964 0.0484
vn -0.0833 0.9963 0.0194
vn 0.0281 0.9984 -0.0493
vn 0.2205 0.9746 0.0396
vn 0.2081 0.9773 -0.0398
vn 0.1292 0.9868 -0.0978
vn 0.1397 0.9891 -0.0464
vn 0.1493 0.9859 -0.0755
vn 0.2306 0.9647 -0.1270
vn 0.3375 0.9403 -0.0436
vn 0.3820 0.9240 -0.0149
vn 0.4048 0.9144 -0.0113
vn 0.4171 0.9088 0.0042
vn 0.4180 0.9010 0.1157
vn 0.4903 0.8060 0.3317
vn 0.6779 0.7336 0.0473
vn 0.5595 0.7953 -0.2336
vn 0.1362 0.9867 0.0892
vn -0.0766 0.9965 -0.0338
vn -0.1005 0.9659 -0.2388
vn -0.0193 0.9723 -0.2330
vn 0.0758 0.9879 -0.1350
vn 0.0914 0.9947 -0.0474
vn -0.0001 1.0000 -0.0014
vn -0.0004 1.0000 -0.0008
vn -0.0000 1.0000 -0.0018
vn 0.0013 0.9999 -0.0108
vn 0.0082 0.9894 0.1449
vn 0.0002 0.8268 0.5625
vn -0.0113 0.9462 0.3234
vn -0.0203 0.9943 -0.1045
vn 0.0462 0.9989 -0.0094
vn 0.1230 0.9924 0.0028
vn 0.0227 0.9989 -0.0418
vn -0.0410 0.9969 -0.0678
vn 0.0640 0.9979 0.0044
vn 0.0862 0.9945 -0.0589
vn 0.1258 0.9803 -0.1521
vn 0.1820 0.9824 -0.0420
vn 0.1860 0.9823 -0.0235
vn 0.1552 0.9876 0.0232
vn 0.1295 0.9870 0.0948
vn 0.2383 0.9696 0.0561
vn 0.3177 0.9479 -0.0243
vn 0.1966 0.9703 0.1406
vn 0.1901 0.9542 0.2310
vn 0.1474 0.9879 0.0485
vn -0.0111 0.9822 -0.1877
vn -0.0993 0.9486 -0.3006
vn -0.0544 0.9811 -0.1856
vn -0.0058 0.9999 -0.0128
vn 0.0002 1.0000 -0.0008
vn 0.0002 1.0000 -0.0021
vn -0.0006 1.0000 -0.0097
vn 0.0047 0.9942 0.1076
vn -0.0009 0.8420 0.5395
vn 0.0263 0.9249 0.3792
vn 0.0908 0.9869 -0.1332
vn 0.1313 0.9861 -0.1017
vn 0.1366 0.9906 0.0071
vn 0.0954 0.9902 0.1017
vn 0.0127 0.9981 -0.0602
vn 0.0098 0.9946 -0.1032
vn 0.0390 0.9992 -0.0110
vn 0.0124 0.9999 -0.0098
vn -0.0141 0.9601 -0.2792
vn 0.0255 0.9678 -0.2504
vn 0.0506 0.9978 -0.0426
vn 0.0343 0.9993 -0.0140
vn 0.0240 0.9984 0.0513
vn 0.0372 0.9969 0.0688
vn 0.0338 0.9980 -0.0538
vn -0.0359 0.9950 0.0927
vn -0.0486 0.9868 0.1543
vn 0.1312 0.9906 0.0382
vn 0.3013 0.9524 0.0468
vn 0.2482 0.9687 -0.0074
vn -0.0216 0.9895 -0.1431
vn -0.1717 0.9633 -0.2066
vn -0.0818 0.9933 -0.0818
vn 0.0028 1.0000 -0.0021
vn 0.0042 1.0000 -0.0003
vn 0.0021 1.0000 0.0002
vn -0.0006 1.0000 -0.0068
vn 0.0032 0.9969 0.0783
vn 0.0038 0.8636 0.5042
vn 0.0741 0.9346 0.3480
vn 0.1149 0.9818 -0.1511
vn 0.0567 0.9963 -0.0653
vn 0.0152 0.9999 0.0029
vn 0.0549 0.9935 0.1001
vn 0.0858 0.9963 -0.0061
vn 0.0294 0.9953 -0.0922
vn -0.0207 0.9998 -0.0023
vn -0.0092 0.9999 -0.0047
vn 0.0072 0.9510 -0.3091
vn 0.0188 0.9587 -0.2838
vn 0.0135 0.9996 -0.0242
vn -0.0104 0.9999 0.0090
vn -0.0010 0.9996 0.0276
vn 0.0344 0.9987 0.0383
vn 0.0185 0.9998 -0.0073
vn 0.0035 0.9889 0.1482
vn 0.0081 0.9952 0.0973
vn 0.0071 0.9945 -0.1049
vn 0.0666 0.9961 -0.0586
vn 0.1926 0.9806 0.0365
vn 0.2030 0.9760 0.0784
vn 0.0069 0.9966 -0.0823
vn -0.1247 0.9785 -0.1641
vn -0.0134 0.9999 0.0090
vn -0.0252 0.9997 -0.0033
vn -0.0102 0.9999 -0.0133
vn 0.0023 1.0000 -0.0047
vn 0.0027 0.9982 0.0594
vn 0.0010 0.8896 0.4567
vn 0.0300 0.9530 0.3015
vn 0.0296 0.9931 -0.1136
vn -0.0024 0.9999 -0.0111
vn -0.0060 1.0000 -0.0059
vn 0.0271 0.9992 0.0277
vn 0.0579 0.9983 -0.0003
vn 0.0311 0.9995 -0.0072
vn -0.0046 1.0000 0.0066
vn -0.0142 0.9998 -0.0160
vn 0.0074 0.9432 -0.3321
vn 0.0158 0.9585 -0.2846
vn 0.0062 1.0000 -0.0075
vn 0.0003 0.9997 0.0237
vn -0.0127 0.9998 0.0167
vn -0.0024 1.0000 -0.0006
vn 0.0169 0.9995 0.0259
vn 0.0386 0.9933 0.1089
vn 0.1258 0.9917 0.0282
vn 0.1270 0.9905 -0.0518
vn 0.0037 0.9994 -0.0340
vn -0.0293 0.9977 -0.0616
vn 0.0975 0.9939 0.0511
vn 0.1487 0.9854 0.0829
vn 0.0026 0.9979 -0.0642
vn -0.0451 0.9986 0.0293
vn -0.0171 0.9994 -0.0285
vn 0.0088 0.9996 -0.0283
vn 0.0022 1.0000 0.0015
vn -0.0050 0.9984 0.0565
vn -0.0083 0.9137 0.4064
vn -0.0040 0.9518 0.3068
vn -0.0382 0.9982 -0.0459
vn -0.0912 0.9958 0.0091
vn -0.1142 0.9935 0.0001
vn -0.1310 0.9914 0.0016
vn -0.1344 0.9909 -0.0040
vn -0.1143 0.9934 0.0032
vn -0.0865 0.9962 0.0079
vn -0.0586 0.9981 -0.0192
vn 0.0372 0.9320 -0.3606
vn 0.0243 0.9659 -0.2577
vn 0.0005 1.0000 0.0004
vn 0.0108 0.9999 0.0111
vn 0.0238 0.9994 0.0265
vn 0.0013 1.0000 0.0055
vn -0.0231 0.9993 0.0292
vn 0.0154 0.9991 0.0402
vn 0.0623 0.9971 -0.0433
vn 0.0878 0.9961 -0.0079
vn 0.0681 0.9949 0.0738
vn -0.0119 0.9986 -0.0511
vn -0.0217 0.9970 -0.0738
vn 0.0654 0.9957 0.0658
vn 0.1078 0.9912 0.0765
vn -0.0163 0.9995 0.0270
vn -0.0510 0.9987 -0.0069
vn -0.1190 0.9927 -0.0220
vn -0.1077 0.9932 -0.0442
vn 0.0107 0.9440 0.3297
vn 0.1510 0.9485 0.2783
vn 0.2075 0.9782 -0.0096
vn 0.1941 0.9809 0.0151
vn 0.1806 0.9834 0.0193
vn 0.1635 0.9865 0.0115
vn 0.1628 0.9867 -0.0046
vn 0.1856 0.9825 -0.0164
vn 0.1881 0.9822 0.0015
vn 0.1486 0.9889 -0.0056
vn 0.0728 0.9282 -0.3650
vn 0.0342 0.9749 -0.2202
vn 0.0151 0.9998 0.0102
vn 0.0184 0.9990 0.0415
vn 0.0011 1.0000 0.0005
vn 0.0020 0.9988 -0.0499
vn 0.0075 0.9995 -0.0304
vn 0.0432 0.9959 0.0795
vn 0.0495 0.9986 0.0196
vn -0.0070 0.9973 -0.0728
vn -0.0154 0.9998 -0.0135
vn 0.0470 0.9975 0.0533
vn -0.0160 0.9977 0.0665
vn -0.1880 0.9705 0.1508
vn -0.3217 0.9466 0.0214
vn -0.3452 0.9356 -0.0737
vn -0.0035 0.9985 0.0544
vn 0.0138 0.9997 -0.0184
vn 0.0301 0.9983 -0.0496
vn 0.0125 0.9998 -0.0180
vn 0.0186 0.9996 0.0229
vn 0.0464 0.9982 0.0390
vn 0.0284 0.9995 -0.0159
vn 0.0031 0.9994 -0.0340
vn 0.0012 1.0000 -0.0010
vn -0.0207 0.9859 0.1663
vn -0.0957 0.9482 0.3028
vn -0.1569 0.9813 0.1114
vn -0.2088 0.9769 -0.0450
vn -0.2327 0.9724 0.0186
vn -0.2062 0.9785 0.0068
vn -0.1961 0.9806 0.0058
vn -0.1833 0.9830 -0.0057
vn -0.1654 0.9862 0.0009
vn -0.1500 0.9887 0.0017
vn -0.1167 0.9813 -0.1528
vn -0.0179 0.9546 -0.2973
vn 0.0940 0.9870 -0.1302
vn 0.1810 0.9832 0.0250
vn 0.1079 0.9933 0.0403
vn -0.0306 0.9995 0.0022
vn -0.0883 0.9930 -0.0782
vn -0.0437 0.9980 -0.0463
vn -0.0149 0.9999 0.0047
vn 0.0074 0.9998 0.0186
vn 0.0464 0.9982 -0.0371
vn 0.0235 0.9994 -0.0243
vn -0.0003 1.0000 0.0005
vn -0.0016 1.0000 -0.0005
vn 0.0133 0.9998 0.0170
vn 0.0312 0.9995 0.0046
vn 0.0172 0.9998 -0.0136
vn 0.0010 1.0000 -0.0016
vn 0.0073 0.9820 0.1888
vn 0.0231 0.9402 0.3399
vn 0.0299 0.9877 0.1535
vn 0.0300 0.9990 -0.0334
vn 0.0420 0.9991 -0.0052
vn 0.0646 0.9977 0.0205
vn 0.0754 0.9971 0.0066
vn 0.0796 0.9968 0.0039
vn 0.0789 0.9969 -0.0009
vn 0.0712 0.9975 -0.0039
vn 0.0546 0.9985 0.0075
vn 0.0579 0.9822 -0.1788
vn 0.0656 0.9390 -0.3376
vn 0.0348 0.9864 -0.1608
vn 0.0023 1.0000 -0.0066
vn 0.0318 0.9981 0.0526
vn 0.0659 0.9940 0.0873
vn -0.0086 0.9999 -0.0059
vn -0.0800 0.9927 -0.0905
vn -0.0417 0.9988 -0.0257
vn 0.0102 0.9998 0.0188
vn 0.0300 0.9993 -0.0209
vn 0.0171 0.9997 -0.0180
vn -0.0007 1.0000 0.0005
vn -0.0002 1.0000 0.0006
vn -0.0003 1.0000 0.0009
vn -0.0008 1.0000 0.0004
vn -0.0006 1.0000 0.0020
vn 0.0008 1.0000 0.0022
vn 0.0011 1.0000 -0.0000
vn -0.0068 0.9860 0.1666
vn -0.0044 0.9431 0.3324
vn 0.0035 0.9878 0.1557
vn 0.0039 0.9995 -0.0300
vn -0.0007 1.0000 -0.0050
vn 0.0011 1.0000 0.0017
vn 0.0050 1.0000 0.0011
vn 0.0062 1.0000 0.0006
vn 0.0062 1.0000 -0.0000
vn 0.0047 1.0000 0.0021
vn 0.0028 0.9998 0.0181
vn 0.0080 0.9815 -0.1911
vn 0.0104 0.9424 -0.3343
vn 0.0028 0.9910 -0.1335
vn -0.0017 1.0000 -0.0001
vn 0.0043 1.0000 0.0067
vn 0.0450 0.9978 0.0494
vn 0.0766 0.9939 0.0791
vn -0.0006 0.9999 -0.0128
vn -0.0622 0.9953 -0.0740
vn -0.0169 0.9991 -0.0400
vn 0.0069 0.9999 -0.0135
vn -0.0023 1.0000 0.0002
vn -0.0007 1.0000 -0.0003
vn -0.0003 1.0000 0.0004
vn -0.0000 1.0000 0.0007
vn 0.0003 1.0000 0.0008
vn 0.0006 1.0000 0.0012
vn 0.0009 1.0000 0.0012
vn 0.0009 1.0000 0.0007
vn -0.0068 0.9864 0.1642
vn -0.0069 0.9461 0.3239
vn 0.0017 0.9876 0.1568
vn 0.0040 0.9997 -0.0240
vn 0.0010 1.0000 -0.0039
vn 0.0003 1.0000 -0.0009
vn -0.0001 1.0000 -0.0001
vn -0.0001 1.0000 0.0002
vn -0.0002 1.0000 0.0002
vn -0.0011 0.9998 0.0185
vn -0.0029 0.9824 -0.1866
vn -0.0065 0.9434 -0.3317
vn -0.0066 0.9906 -0.1366
vn -0.0028 1.0000 -0.0019
vn 0.0006 1.0000 0.0017
vn 0.0041 1.0000 0.0062
vn 0.0433 0.9980 0.0456
vn 0.0755 0.9948 0.0688
vn 0.0057 0.9999 -0.0129
vn -0.0627 0.9953 -0.0735
vn -0.0347 0.9988 -0.0338
vn -0.0028 1.0000 -0.0031
vn -0.0009 1.0000 -0.0006
vn -0.0005 1.0000 0.0001
vn -0.0001 1.0000 0.0003
vn 0.0002 1.0000 0.0006
vn 0.0004 1.0000 0.0009
vn 0.0007 1.0000 0.0009
vn 0.0009 1.0000 0.0009
vn -0.0070 0.9865 0.1636
vn -0.0061 0.9490 0.3152
vn 0.0028 0.9877 0.1564
vn 0.0043 0.9998 -0.0181
vn 0.0008 1.0000 -0.0037
vn 0.0006 1.0000 -0.0004
vn 0.0004 1.0000 0.0001
vn 0.0001 1.0000 0.0003
vn -0.0000 1.0000 0.0004
vn -0.0001 1.0000 0.0035
vn -0.0002 0.9998 0.0186
vn -0.0031 0.9849 -0.1730
vn -0.0098 0.9448 -0.3274
vn -0.0084 0.9888 -0.1491
vn -0.0016 1.0000 -0.0059
vn 0.0001 1.0000 0.0008
vn 0.0012 1.0000 0.0021
vn 0.0035 1.0000 0.0043
vn 0.0375 0.9986 0.0373
vn 0.0698 0.9959 0.0577
vn 0.0143 0.9998 -0.0112
vn -0.0437 0.9971 -0.0625
vn -0.0241 0.9993 -0.0285
vn -0.0014 1.0000 -0.0013
vn -0.0009 1.0000 -0.0001
vn -0.0006 1.0000 -0.0002
vn -0.0001 1.0000 0.0001
vn 0.0004 1.0000 0.0005
vn 0.0007 1.0000 0.0007
vn 0.0008 1.0000 0.0008
vn -0.0086 0.9867 0.1623
vn -0.0068 0.9521 0.3056
vn 0.0025 0.9878 0.1559
vn 0.0043 0.9999 -0.0119
vn 0.0008 1.0000 -0.0030
vn 0.0005 1.0000 0.0002
vn 0.0003 1.0000 0.0006
vn -0.0003 1.0000 0.0010
vn -0.0008 1.0000 0.0034
vn -0.0001 0.9998 0.0174
vn -0.0027 0.9875 -0.1578
vn -0.0114 0.9476 -0.3194
vn -0.0126 0.9865 -0.1635
vn 0.0002 1.0000 0.0011
vn 0.0004 1.0000 0.0028
vn 0.0008 1.0000 0.0011
vn 0.0295 0.9992 0.0271
vn 0.0584 0.9972 0.0463
vn 0.0152 0.9998 -0.0117
vn -0.0317 0.9983 -0.0489
vn -0.0181 0.9997 -0.0188
vn -0.0011 1.0000 -0.0006
vn -0.0005 1.0000 -0.0006
vn 0.0001 1.0000 -0.0000
vn 0.0006 1.0000 0.0005
vn 0.0007 1.0000 0.0008
vn -0.0146 0.9865 0.1628
vn -0.0110 0.9560 0.2931
vn 0.0012 0.9881 0.1541
vn 0.0043 1.0000 -0.0065
vn 0.0005 1.0000 -0.0011
vn -0.0011 1.0000 -0.0004
vn -0.0014 1.0000 0.0002
vn -0.0016 1.0000 0.0009
vn -0.0033 1.0000 0.0030
vn -0.0061 1.0000 0.0046
vn -0.0048 0.9999 0.0134
vn -0.0038 0.9894 -0.1451
vn -0.0131 0.9518 -0.3064
vn -0.0190 0.9842 -0.1758
vn -0.0093 0.9997 -0.0233
vn -0.0014 1.0000 -0.0017
vn -0.0006 1.0000 -0.0006
vn 0.0002 1.0000 0.0004
vn 0.0016 1.0000 0.0020
vn 0.0021 1.0000 0.0009
vn 0.0003 1.0000 -0.0018
vn 0.0207 0.9996 0.0209
vn 0.0440 0.9985 0.0339
vn 0.0233 0.9995 -0.0220
vn -0.0000 0.9994 -0.0347
vn -0.0011 1.0000 -0.0011
vn -0.0009 1.0000 -0.0009
vn -0.0007 1.0000 -0.0011
vn -0.0003 1.0000 -0.0006
vn 0.0002 1.0000 0.0001
vn 0.0006 1.0000 0.0007
vn -0.0399 0.9833 0.1776
vn -0.0444 0.9604 0.2751
vn -0.0204 0.9900 0.1396
vn -0.0065 1.0000 -0.0026
vn -0.0108 0.9999 0.0028
vn -0.0149 0.9999 0.0013
vn -0.0177 0.9998 0.0011
vn -0.0192 0.9998 0.0010
vn -0.0185 0.9998 0.0033
vn -0.0156 0.9999 0.0036
vn -0.0110 0.9999 0.0074
vn -0.0147 0.9913 -0.1305
vn -0.0428 0.9602 -0.2762
vn -0.0533 0.9794 -0.1947
vn -0.0193 0.9984 -0.0539
vn 0.0017 1.0000 -0.0006
vn -0.0000 1.0000 -0.0001
vn -0.0016 1.0000 0.0022
vn -0.0053 1.0000 -0.0016
vn 0.0114 0.9999 0.0125
vn 0.0308 0.9995 0.0001
vn 0.0159 0.9997 -0.0161
vn -0.0005 1.0000 -0.0009
vn -0.0004 1.0000 -0.0003
vn -0.0455 0.9786 0.2006
vn -0.0253 0.9701 0.2414
vn 0.0162 0.9932 0.1154
vn 0.0326 0.9995 -0.0004
vn 0.0351 0.9994 0.0042
vn 0.0395 0.9992 0.0019
vn 0.0441 0.9990 0.0013
vn 0.0490 0.9988 0.0002
vn 0.0549 0.9985 0.0002
vn 0.0613 0.9981 0.0001
vn 0.0642 0.9979 0.0060
vn 0.0434 0.9945 -0.0955
vn -0.0009 0.9733 -0.2297
vn -0.0180 0.9765 -0.2148
vn -0.0048 0.9964 -0.0852
vn 0.0010 1.0000 0.0013
vn 0.0004 1.0000 -0.0004
vn -0.0000 1.0000 -0.0000
vn 0.0001 1.0000 0.0049
vn -0.0002 1.0000 0.0001
vn -0.0013 1.0000 -0.0060
vn -0.0023 1.0000 -0.0014
vn -0.0015 1.0000 -0.0001
vn -0.0006 1.0000 -0.0008
vn -0.0006 1.0000 -0.0011
vn -0.0008 1.0000 -0.0009
vn -0.0008 1.0000 -0.0005
vn -0.0005 1.0000 -0.0003
vn 0.0569 0.9835 0.1717
vn 0.1288 0.9746 0.1830
vn 0.1854 0.9788 0.0877
vn 0.2150 0.9766 -0.0078
vn 0.2289 0.9734 0.0025
vn 0.2361 0.9717 0.0006
vn 0.2417 0.9704 0.0009
vn 0.2448 0.9696 0.0012
vn 0.2441 0.9698 0.0025
vn 0.2389 0.9710 0.0052
vn 0.2199 0.9752 0.0257
vn 0.1846 0.9819 -0.0433
vn 0.1408 0.9738 -0.1786
vn 0.0694 0.9830 -0.1699
vn -0.0039 0.9977 -0.0683
vn -0.0136 0.9998 -0.0129
vn -0.0003 1.0000 -0.0000
vn -0.0003 1.0000 0.0001
vn -0.0001 1.0000 0.0005
vn 0.0001 1.0000 0.0004
vn 0.0022 1.0000 0.0028
vn 0.0042 1.0000 0.0006
vn 0.0018 1.0000 -0.0026
vn -0.0007 1.0000 -0.0012
vn -0.0008 1.0000 -0.0011
vn -0.0005 1.0000 -0.0011
vn -0.0006 1.0000 -0.0007
vn -0.0005 1.0000 -0.0007
vn 0.0869 0.9928 0.0827
vn 0.1641 0.9811 0.1024
vn 0.2277 0.9727 0.0448
vn 0.2483 0.9685 -0.0164
vn 0.2466 0.9691 -0.0009
vn 0.2451 0.9695 -0.0012
vn 0.2417 0.9703 0.0005
vn 0.2375 0.9714 0.0027
vn 0.2329 0.9725 0.0060
vn 0.2289 0.9734 0.0107
vn 0.2282 0.9728 0.0398
vn 0.2233 0.9747 -0.0084
vn 0.1606 0.9826 -0.0937
vn 0.0543 0.9963 -0.0663
vn 0.0044 0.9991 -0.0419
vn 0.0010 0.9997 -0.0259
vn -0.0005 1.0000 0.0003
vn -0.0005 1.0000 -0.0002
vn 0.0002 1.0000 0.0002
vn 0.0005 1.0000 0.0007
vn -0.0014 1.0000 0.0018
vn -0.0021 1.0000 -0.0031
vn -0.0003 1.0000 -0.0015
vn -0.0001 1.0000 -0.0007
vn -0.0001 1.0000 -0.0006
vn -0.0002 1.0000 -0.0007
vn 0.0193 0.9996 0.0187
vn 0.0561 0.9979 0.0313
vn 0.0877 0.9961 0.0127
vn 0.0842 0.9964 -0.0072
vn 0.0724 0.9974 -0.0028
vn 0.0691 0.9976 -0.0017
vn 0.0661 0.9978 -0.0003
vn 0.0646 0.9979 0.0013
vn 0.0651 0.9979 0.0033
vn 0.0684 0.9976 0.0057
vn 0.0863 0.9961 0.0173
vn 0.1005 0.9949 -0.0018
vn 0.0706 0.9975 -0.0049
vn 0.0384 0.9992 -0.0114
vn 0.0293 0.9990 -0.0338
vn 0.0114 0.9999 -0.0113
vn -0.0010 1.0000 0.0003
vn -0.0006 1.0000 -0.0003
vn -0.0002 1.0000 -0.0002
vn 0.0003 1.0000 0.0002
vn 0.0006 1.0000 0.0006
vn 0.0006 1.0000 0.0040
vn 0.0004 1.0000 -0.0001
vn -0.0001 1.0000 -0.0046
vn -0.0005 1.0000 -0.0015
vn -0.0004 1.0000 -0.0011
vn -0.0002 1.0000 -0.0006
vn 0.0032 1.0000 0.0015
vn 0.0068 1.0000 0.0027
vn 0.0086 1.0000 0.0043
vn 0.0099 0.9999 0.0018
vn 0.0093 1.0000 -0.0011
vn 0.0074 1.0000 -0.0003
vn 0.0064 1.0000 -0.0002
vn 0.0062 1.0000 0.0001
vn 0.0065 1.0000 0.0006
vn 0.0075 1.0000 0.0006
vn 0.0075 1.0000 -0.0010
vn 0.0062 1.0000 -0.0020
vn 0.0168 0.9998 0.0111
vn 0.0258 0.9997 -0.0040
vn 0.0099 0.9998 -0.0147
vn -0.0026 1.0000 0.0007
vn -0.0013 1.0000 -0.0003
vn -0.0008 1.0000 -0.0004
vn -0.0007 1.0000 -0.0005
vn -0.0002 1.0000 -0.0004
vn 0.0024 1.0000 0.0022
vn 0.0040 1.0000 0.0003
vn 0.0019 1.0000 -0.0021
vn -0.0006 1.0000 -0.0014
vn -0.0012 1.0000 -0.0003
vn -0.0020 1.0000 0.0010
vn -0.0005 1.0000 0.0022
vn 0.0011 1.0000 0.0008
vn 0.0013 1.0000 0.0002
vn 0.0011 1.0000 0.0004
vn 0.0008 1.0000 0.0002
vn 0.0006 1.0000 -0.0002
vn 0.0009 1.0000 -0.0001
vn 0.0007 1.0000 -0.0004
vn -0.0005 1.0000 -0.0014
vn -0.0013 1.0000 -0.0013
vn -0.0018 1.0000 -0.0010
vn -0.0015 1.0000 -0.0007
vn -0.0007 1.0000 -0.0007
vn -0.0005 1.0000 -0.0005
vn -0.0005 1.0000 -0.0008
vn -0.0003 1.0000 -0.0004
vn 0.0007 1.0000 0.0003
vn -0.0015 1.0000 0.0018
vn -0.0040 1.0000 -0.0006
vn -0.0022 1.0000 -0.0031
vn -0.0000 1.0000 -0.0013
vn 0.0001 1.0000 -0.0007
vn -0.0032 1.0000 0.0019
vn -0.0010 1.0000 0.0005
vn -0.0053 1.0000 0.0022
vn -0.0305 0.9992 -0.0267
vn -0.0306 0.9992 -0.0268
vn -0.8519 0.4314 -0.2969
vn -0.7208 0.5229 -0.4551
vn -0.0014 1.0000 0.0010
vn -0.0009 1.0000 0.0004
vn -0.0025 0.9999 0.0145
vn -0.3022 0.0127 0.9531
vn -0.2762 0.0113 0.9610
vn -0.0014 1.0000 0.0008
vn -0.1809 0.9427 -0.2805
vn -0.1814 0.9426 -0.2805
vn -0.0036 1.0000 0.0014
vn -0.0053 1.0000 0.0024
vn -0.0022 1.0000 0.0016
vn 0.0686 0.9923 -0.1028
vn 0.3867 0.7348 -0.5572
vn -0.0044 1.0000 0.0024
vn -0.9771 -0.1341 0.1651
vn -0.9769 -0.1353 0.1654
vn -0.0010 1.0000 0.0006
vn -0.0108 0.9999 -0.0040
vn -0.0108 0.9999 -0.0041
vn 0.2976 0.4513 0.8413
vn 0.2708 0.3751 0.8866
vn -0.0034 1.0000 0.0018
vn -0.1351 0.9780 -0.1592
vn -0.1325 0.9789 -0.1558
vn -0.0047 1.0000 0.0024
vn -0.0056 1.0000 0.0030
vn -0.0022 1.0000 0.0012
vn 0.4401 0.7369 -0.5132
vn 0.1372 0.9888 -0.0586
vn -0.0018 1.0000 0.0010
vn -0.4327 -0.8939 0.1170
vn -0.4317 -0.8945 0.1167
vn -0.0215 0.9998 0.0006
vn -0.0233 0.9997 0.0004
vn -0.0184 0.9998 -0.0077
vn 0.1614 0.9749 0.1536
vn 0.1842 0.9672 0.1750
vn -0.0047 1.0000 0.0026
vn -0.0053 1.0000 0.0011
vn -0.0039 1.0000 0.0017
vn -0.0035 1.0000 0.0021
vn -0.0011 1.0000 0.0005
vn 0.0661 0.9970 0.0413
vn -0.0016 1.0000 0.0008
vn -0.0104 -0.9999 -0.0023
vn -0.0368 0.9993 0.0005
vn -0.0405 0.9992 0.0004
vn -0.0215 0.9998 0.0014
vn 0.0019 1.0000 0.0037
vn -0.0035 1.0000 0.0023
vn -0.0019 1.0000 0.0002
vn -0.0026 1.0000 0.0010
vn 0.0019 1.0000 0.0012
vn 0.0009 1.0000 -0.0006
vn 0.0022 1.0000 -0.0010
vn 0.0009 1.0000 -0.0004
vn 0.0026 1.0000 -0.0008
vn 0.0028 1.0000 -0.0000
vn 0.0014 1.0000 -0.0009
vn 0.0012 1.0000 -0.0008
vn 0.0005 1.0000 -0.0003
vn 0.0010 1.0000 -0.0002
vn 0.0009 1.0000 -0.0005
vn 0.0009 1.0000 -0.0007
vn 0.0242 0.9997 -0.0013
vn 0.0176 0.9998 -0.0022
vn 0.0287 0.9996 0.0011
vn 0.0312 0.9995 0.0014
vn 0.0280 0.9996 0.0010
vn 0.0273 0.9996 0.0012
vn 0.0287 0.9996 0.0003
vn 0.0275 0.9996 0.0002
vn 0.0264 0.9996 -0.0032
vn 0.0216 0.9998 0.0026
vn 0.0233 0.9997 -0.0030
vn 0.0179 0.9998 -0.0001
vn 0.0237 0.9997 -0.0026
vn 0.0164 0.9999 -0.0031
vn 0.0281 0.9996 0.0030
vn 0.0311 0.9995 0.0025
vn 0.0274 0.9996 0.0020
vn 0.0275 0.9996 -0.0002
vn 0.0291 0.9996 0.0016
vn 0.0281 0.9996 0.0002
vn 0.0262 0.9996 -0.0049
vn 0.0213 0.9998 0.0032
vn 0.0221 0.9997 -0.0036
vn 0.0016 0.9997 -0.0224
vn 0.0017 0.9997 -0.0224
vn -0.0014 1.0000 -0.0021
vn -0.0019 1.0000 -0.0018
vn -0.0001 1.0000 0.0020
vn 0.0002 1.0000 0.0012
vn -0.0005 1.0000 0.0006
vn -0.0000 1.0000 -0.0024
vn 0.0005 1.0000 0.0012
vn 0.0018 1.0000 -0.0010
vn -0.0006 1.0000 -0.0031
vn -0.0011 1.0000 0.0011
vn -0.0016 1.0000 -0.0019
vn -0.0284 0.9988 -0.0405
vn 0.3435 0.9392 -0.0016
vn 0.3944 0.9189 -0.0023
vn 0.3194 0.9450 -0.0704
vn 0.2457 0.9644 -0.0980
vn 0.0395 0.9951 -0.0906
vn 0.0209 0.9995 -0.0219
vn 0.0265 0.9992 0.0288
vn 0.0455 0.9981 -0.0406
vn 0.0319 0.9991 0.0286
vn -0.0107 0.9988 -0.0483
vn -0.0030 0.9883 -0.1522
vn 0.0406 0.9965 -0.0734
vn -0.0413 0.9662 -0.2546
vn -0.0588 0.9521 -0.3000
vn 0.0228 0.9552 -0.2950
vn 0.0425 0.9680 -0.2472
vn 0.0033 0.9996 0.0288
vn 0.0057 0.9998 -0.0188
vn -0.0105 0.9971 -0.0759
vn -0.0132 0.9995 -0.0298
vn 0.0026 0.9998 0.0192
vn 0.0016 0.9998 -0.0173
vn 0.0013 0.9983 -0.0583
vn 0.0023 0.9997 -0.0229
vn -0.0145 0.9998 0.0137
vn -0.0186 0.9990 -0.0407
vn -0.0067 0.9974 -0.0721
vn -0.0025 0.9998 -0.0187
vn -0.0684 0.9977 0.0001
vn -0.0314 0.9934 -0.1100
vn -0.0171 0.9904 -0.1373
vn -0.0533 0.9982 -0.0290
vn -0.0647 0.9978 -0.0162
vn -0.0930 0.9956 0.0105
vn -0.0392 0.9969 0.0689
vn -0.0114 0.9990 0.0427
vn 0.0078 0.9975 -0.0702
vn 0.0432 0.9666 -0.2525
vn -0.0328 0.9925 -0.1182
vn 0.0961 0.9953 -0.0143
vn 0.0234 0.9996 0.0157
vn 0.0209 0.9994 0.0280
vn 0.0258 0.9989 0.0402
vn 0.0283 0.9992 0.0282
vn -0.3949 0.9177 -0.0432
vn -0.5553 0.8314 -0.0203
vn -0.4025 0.9154 0.0061
vn -0.2336 0.9721 -0.0192
vn -0.4250 0.9040 0.0458
vn -0.5958 0.8031 0.0069
vn -0.3743 0.9128 0.1632
vn -0.1578 0.9615 0.2252
vn -0.1034 0.9688 0.2252
vn -0.3625 0.9320 0.0041
vn 0.0065 1.0000 0.0050
vn 0.2879 0.9437 0.1631
vn -0.0415 0.9991 -0.0006
vn -0.4082 0.9129 -0.0017
vn -0.0122 0.9998 -0.0179
vn 0.3609 0.9325 -0.0172
vn -0.0251 0.9996 -0.0102
vn -0.4043 0.9146 -0.0032
vn 0.0004 0.9999 0.0151
vn 0.3778 0.9258 0.0094
vn 0.0159 0.9998 0.0145
vn -0.3562 0.9344 0.0107
vn 0.0451 0.9987 0.0220
vn 0.4059 0.9137 0.0224
vn 0.0192 0.9996 0.0197
vn -0.3342 0.9425 0.0052
vn 0.0513 0.9987 -0.0009
vn 0.3988 0.9170 0.0115
vn 0.0451 0.9987 -0.0226
vn -0.2736 0.9540 -0.1229
vn 0.1066 0.9855 -0.1318
vn 0.4225 0.9061 -0.0235
vn 0.1993 0.9723 -0.1225
vn -0.0403 0.9783 -0.2034
vn 0.2958 0.9479 -0.1186
vn 0.5124 0.8584 -0.0247
vn 0.3546 0.9307 -0.0899
vn 0.2218 0.9743 -0.0390
vn 0.4052 0.9121 0.0619
vn 0.5275 0.8495 0.0136
vn 0.3465 0.9296 0.1255
vn 0.3467 0.9338 0.0882
vn 0.3038 0.9418 0.1439
vn 0.3636 0.9301 0.0529
vn 0.1096 0.9016 -0.4185
vn 0.2054 0.7872 -0.5814
vn 0.2324 0.9619 -0.1438
vn 0.0833 0.9176 -0.3887
vn -0.0008 0.9835 -0.1811
vn -0.0908 0.9927 -0.0790
vn -0.0737 0.9948 -0.0702
vn 0.0183 0.9851 -0.1710
vn -0.0646 0.9964 -0.0545
vn -0.0646 0.9964 -0.0551
vn -0.0021 1.0000 -0.0030
vn -0.0022 1.0000 -0.0026
vn -0.0017 1.0000 -0.0022
vn -0.0028 1.0000 -0.0025
vn -0.0009 1.0000 -0.0018
vn 0.0001 1.0000 -0.0015
vn -0.0006 1.0000 -0.0019
vn -0.0010 1.0000 -0.0021
vn 0.0003 1.0000 -0.0017
vn -0.0004 1.0000 -0.0018
vn -0.0230 0.9993 0.0307
vn -0.0024 0.9982 0.0603
vn 0.0202 0.9994 0.0278
vn -0.1698 0.9853 0.0195
vn 0.0772 0.9964 0.0360
vn -0.1741 0.9822 0.0710
vn -0.4133 0.9089 0.0547
vn 0.2187 0.9758 0.0060
vn -0.0123 0.9999 0.0012
vn 0.1933 0.9811 0.0009
vn 0.1987 0.9801 0.0039
vn -0.0183 0.9997 0.0140
vn -0.0190 0.9994 0.0305
vn -0.0216 0.9987 0.0463
vn -0.0211 0.9993 0.0301
vn -0.0063 1.0000 -0.0000
vn -0.0048 1.0000 0.0032
vn -0.0073 1.0000 0.0044
vn -0.0088 1.0000 0.0012
vn -0.0014 1.0000 0.0013
vn -0.0009 1.0000 0.0013
vn -0.0001 1.0000 0.0029
vn -0.0005 1.0000 0.0029
vn -0.0008 1.0000 0.0011
vn -0.0003 1.0000 -0.0008
vn -0.0000 1.0000 -0.0004
vn -0.0006 1.0000 -0.0004
vn -0.0069 0.9998 -0.0185
vn -0.0075 0.9999 -0.0128
vn -0.0012 1.0000 -0.0008
vn -0.0006 1.0000 -0.0065
vn -0.0009 1.0000 -0.0011
vn -0.0016 1.0000 -0.0013
vn -0.0003 1.0000 -0.0005
vn -0.0002 1.0000 -0.0003
vn 0.0018 1.0000 0.0021
vn 0.0027 1.0000 0.0015
vn 0.0024 1.0000 0.0016
vn 0.0003 1.0000 -0.0005
vn -0.0008 1.0000 0.0003
vn -0.0032 1.0000 -0.0019
vn -0.0055 1.0000 0.0007
vn -0.0054 1.0000 -0.0015
vn -0.0162 0.9998 0.0079
vn -0.0158 0.9999 -0.0031
vn -0.0170 0.9811 -0.1927
vn 0.0283 0.9845 -0.1731
vn -0.0171 0.9483 -0.3170
vn 0.0818 0.9513 -0.2971
vn -0.0175 0.9911 -0.1322
vn 0.0406 0.9901 -0.1346
vn -0.0130 0.9999 -0.0057
vn -0.0052 1.0000 -0.0056
vn -0.0399 0.9881 0.1488
vn -0.0086 0.9863 0.1648
vn -0.1168 0.7961 0.5937
vn 0.0425 0.7603 0.6482
vn -0.1377 0.4281 0.8932
vn 0.1017 0.4058 0.9083
vn -0.0637 0.5075 0.8593
vn 0.0569 0.5301 0.8460
vn -0.0004 0.9205 0.3906
vn -0.0003 0.9180 0.3966
vn 0.0003 1.0000 -0.0083
vn 0.0001 0.9999 -0.0163
vn -0.0040 1.0000 0.0014
vn -0.0043 1.0000 0.0041
vn -0.0013 1.0000 -0.0000
vn -0.0015 1.0000 0.0004
vn -0.0015 1.0000 0.0022
vn -0.0033 1.0000 0.0011
vn -0.0021 1.0000 0.0001
vn -0.0054 1.0000 -0.0001
vn -0.0017 1.0000 -0.0023
vn -0.0033 1.0000 -0.0013
vn -0.0010 1.0000 0.0002
vn -0.0013 1.0000 0.0004
vn -0.0169 0.9996 0.0236
vn 0.0155 0.9995 0.0272
vn -0.0222 0.9996 0.0176
vn -0.0116 0.9999 -0.0091
vn 0.0938 0.8112 -0.5773
vn -0.1076 0.8056 -0.5826
vn 0.2160 0.2672 -0.9391
vn -0.1083 0.3252 -0.9394
vn 0.1587 0.3491 -0.9235
vn -0.0502 0.3728 -0.9265
vn 0.0125 0.8370 -0.5471
vn -0.0110 0.7960 -0.6051
vn -0.0145 0.9990 -0.0412
vn 0.0017 0.9991 -0.0428
vn -0.0009 1.0000 -0.0017
vn 0.0006 1.0000 -0.0026
vn -0.0011 1.0000 -0.0003
vn -0.0008 1.0000 -0.0003
vn -0.0009 1.0000 -0.0005
vn -0.0008 1.0000 -0.0008
vn -0.0006 1.0000 -0.0010
vn -0.0009 1.0000 -0.0010
vn 0.0009 1.0000 0.0010
vn -0.0118 0.9998 0.0151
vn 0.0004 1.0000 -0.0016
vn -0.0003 1.0000 -0.0022
vn 0.0150 0.9993 0.0336
vn 0.0201 0.9998 0.0021
vn 0.2344 0.9720 0.0146
vn 0.1931 0.9812 0.0009
vn -0.0009 1.0000 -0.0019
vn 0.2752 0.9607 -0.0357
vn 0.2536 0.9664 -0.0409
vn 0.0022 1.0000 0.0012
vn 0.0045 1.0000 0.0006
vn 0.0732 0.9963 -0.0455
vn 0.1019 0.9931 -0.0576
vn -0.0132 0.9997 -0.0204
vn -0.0526 0.9981 -0.0330
vn 0.0037 0.9998 -0.0179
vn 0.0219 0.9995 -0.0238
vn -0.0049 0.9987 -0.0504
vn -0.0119 0.9964 -0.0836
vn 0.0016 1.0000 -0.0053
vn 0.0045 1.0000 -0.0043
vn 0.0105 0.9995 -0.0290
vn 0.0451 0.9977 -0.0509
vn 0.0011 1.0000 -0.0018
vn 0.0023 1.0000 -0.0002
vn -0.0002 1.0000 -0.0023
vn -0.0019 1.0000 -0.0053
vn 0.0005 1.0000 -0.0001
vn 0.0006 1.0000 0.0008
vn -0.0010 1.0000 -0.0027
vn -0.0029 1.0000 -0.0089
vn -0.0062 0.9999 -0.0125
vn -0.0679 0.9945 -0.0793
vn 0.0003 1.0000 -0.0011
vn -0.0868 0.9933 -0.0766
vn -0.1131 0.9849 -0.1311
vn -0.0235 0.9994 0.0273
vn -0.0004 1.0000 0.0001
vn -0.0505 0.9917 -0.1185
vn 0.0269 0.9996 -0.0075
vn -0.0247 0.9973 0.0687
vn -0.0086 0.9997 0.0225
vn 0.0728 0.9964 -0.0431
vn 0.1005 0.9917 0.0804
vn 0.0212 0.9984 0.0525
vn 0.0004 0.9992 0.0411
vn 0.0402 0.9992 0.0083
vn 0.0223 0.9993 0.0292
vn 0.0189 0.9997 0.0138
vn 0.0067 0.9999 0.0151
vn -0.0028 1.0000 -0.0014
vn -0.0052 1.0000 0.0048
vn -0.0031 1.0000 -0.0036
vn -0.0003 1.0000 -0.0014
vn -0.0030 1.0000 0.0088
vn -0.0009 1.0000 0.0003
vn 0.0002 1.0000 -0.0006
vn -0.0020 0.9999 0.0129
vn -0.0008 1.0000 -0.0001
vn 0.0006 1.0000 -0.0001
vn 0.0009 1.0000 0.0006
vn -0.0025 0.9999 0.0154
vn -0.0036 0.9998 0.0198
vn -0.0005 1.0000 0.0025
vn 0.0007 1.0000 0.0006
vn -0.0059 0.9995 0.0299
vn -0.0000 1.0000 0.0044
vn 0.0008 1.0000 0.0004
vn -0.0150 0.9985 0.0520
vn -0.0018 1.0000 0.0082
vn 0.0007 1.0000 -0.0000
vn -0.0221 0.9956 0.0908
vn -0.0014 0.9999 0.0144
vn 0.0002 1.0000 -0.0004
vn 0.0127 0.9950 0.0987
vn 0.0031 0.9999 0.0138
vn -0.0004 1.0000 -0.0006
vn 0.0267 0.9985 0.0469
vn 0.0030 1.0000 0.0064
vn 0.0042 1.0000 0.0070
vn 0.0008 1.0000 0.0019
vn 0.0004 1.0000 0.0016
vn -0.0001 1.0000 0.0012
vn -0.0001 1.0000 -0.0008
vn -0.0004 1.0000 0.0011
vn 0.0012 1.0000 0.0020
vn -0.0005 1.0000 0.0008
vn 0.0005 1.0000 0.0005
vn -0.0003 1.0000 0.0006
vn 0.0006 1.0000 0.0003
vn 0.0010 1.0000 0.0002
vn 0.0017 1.0000 0.0002
vn 0.0014 1.0000 0.0001
vn 0.0008 1.0000 -0.0001
vn 0.0010 1.0000 -0.0000
vn 0.0011 1.0000 -0.0002
vn 0.0007 1.0000 -0.0005
vn 0.0007 1.0000 -0.0006
vn 0.0004 1.0000 -0.0009
vn 0.0001 1.0000 -0.0010
vn 0.0002 1.0000 -0.0010
vn 0.0001 1.0000 -0.0008
vn 0.0001 1.0000 -0.0006
vn 0.0005 1.0000 -0.0006
vn 0.0040 1.0000 0.0020
vn 0.0018 1.0000 0.0037
vn 0.0073 1.0000 -0.0001
vn 0.0029 1.0000 -0.0003
vn 0.0037 1.0000 -0.0028
vn 0.0017 1.0000 -0.0047
vn 0.0001 1.0000 -0.0011
vn 0.0003 1.0000 -0.0012
vn 0.0004 1.0000 -0.0007
vn 0.0003 1.0000 -0.0006
vn 0.0005 1.0000 -0.0009
vt 0.906250 0.058824
vt 0.937500 0.058824
vt 0.937500 0.088235
vt 0.906250 0.088235
vt 0.937500 0.117647
vt 0.906250 0.117647
vt 0.937500 0.147059
vt 0.906250 0.147059
vt 0.937500 0.176471
vt 0.906250 0.176471
vt 0.937500 0.205882
vt 0.906250 0.205882
vt 0.937500 0.235294
vt 0.906250 0.235294
vt 0.937500 0.264706
vt 0.906250 0.264706
vt 0.937500 0.294118
vt 0.906250 0.294118
vt 0.937500 0.323529
vt 0.906250 0.323529
vt 0.937500 0.352941
vt 0.906250 0.352941
vt 0.937500 0.382353
vt 0.906250 0.382353
vt 0.937500 0.411765
vt 0.906250 0.411765
vt 0.937500 0.441176
vt 0.906250 0.441176
vt 0.937500 0.470588
vt 0.906250 0.470588
vt 0.937500 0.500000
vt 0.906250 0.500000
vt 0.937500 0.529412
vt 0.906250 0.529412
vt 0.937500 0.558824
vt 0.906250 0.558824
vt 0.937500 0.588235
vt 0.906250 0.588235
vt 0.937500 0.617647
vt 0.906250 0.617647
vt 0.937500 0.647059
vt 0.906250 0.647059
vt 0.937500 0.676471
vt 0.906250 0.676471
vt 0.937500 0.705882
vt 0.906250 0.705882
vt 0.937500 0.735294
vt 0.906250 0.735294
vt 0.937500 0.764706
vt 0.906250 0.764706
vt 0.937500 0.794118
vt 0.906250 0.794118
vt 0.937500 0.823529
vt 0.906250 0.823529
vt 0.937500 0.852941
vt 0.906250 0.852941
vt 0.937500 0.882353
vt 0.906250 0.882353
vt 0.937500 0.911765
vt 0.906250 0.911765
vt 0.937500 0.941176
vt 0.906250 0.941176
vt 0.875000 0.058824
vt 0.875000 0.088235
vt 0.875000 0.117647
vt 0.875000 0.147059
vt 0.875000 0.176471
vt 0.875000 0.205882
vt 0.875000 0.235294
vt 0.875000 0.264706
vt 0.875000 0.294118
vt 0.875000 0.323529
vt 0.875000 0.352941
vt 0.875000 0.382353
vt 0.875000 0.411765
vt 0.875000 0.441176
vt 0.875000 0.470588
vt 0.875000 0.500000
vt 0.875000 0.529412
vt 0.875000 0.558824
vt 0.875000 0.588235
vt 0.875000 0.617647
vt 0.875000 0.647059
vt 0.875000 0.676471
vt 0.875000 0.705882
vt 0.875000 0.735294
vt 0.875000 0.764706
vt 0.875000 0.794118
vt 0.875000 0.823529
vt 0.875000 0.852941
vt 0.875000 0.882353
vt 0.875000 0.911765
vt 0.875000 0.941176
vt 0.843750 0.058824
vt 0.843750 0.088235
vt 0.843750 0.117647
vt 0.843750 0.147059
vt 0.843750 0.176471
vt 0.843750 0.205882
vt 0.843750 0.235294
vt 0.843750 0.264706
vt 0.843750 0.294118
vt 0.843750 0.323529
vt 0.843750 0.352941
vt 0.843750 0.382353
vt 0.843750 0.411765
vt 0.843750 0.441176
vt 0.843750 0.470588
vt 0.843750 0.500000
vt 0.843750 0.529412
vt 0.843750 0.558824
vt 0.843750 0.588235
vt 0.843750 0.617647
vt 0.843750 0.647059
vt 0.843750 0.676471
vt 0.843750 0.705882
vt 0.843750 0.735294
vt 0.843750 0.764706
vt 0.843750 0.794118
vt 0.843750 0.823529
vt 0.843750 0.852941
vt 0.843750 0.882353
vt 0.843750 0.911765
vt 0.843750 0.941176
vt 0.812500 0.058824
vt 0.812500 0.088235
vt 0.812500 0.117647
vt 0.812500 0.147059
vt 0.812500 0.176471
vt 0.812500 0.205882
vt 0.812500 0.235294
vt 0.812500 0.264706
vt 0.812500 0.294118
vt 0.812500 0.323529
vt 0.812500 0.352941
vt 0.812500 0.382353
vt 0.812500 0.411765
vt 0.812500 0.441176
vt 0.812500 0.470588
vt 0.812500 0.500000
vt 0.812500 0.529412
vt 0.812500 0.558824
vt 0.812500 0.588235
vt 0.812500 0.617647
vt 0.812500 0.647059
vt 0.812500 0.676471
vt 0.812500 0.705882
vt 0.812500 0.735294
vt 0.812500 0.764706
vt 0.812500 0.794118
vt 0.812500 0.823529
vt 0.812500 0.852941
vt 0.812500 0.882353
vt 0.812500 0.911765
vt 0.812500 0.941176
vt 0.781250 0.058824
vt 0.781250 0.088235
vt 0.781250 0.117647
vt 0.781250 0.147059
vt 0.781250 0.176471
vt 0.781250 0.205882
vt 0.781250 0.235294
vt 0.781250 0.264706
vt 0.781250 0.294118
vt 0.781250 0.323529
vt 0.781250 0.352941
vt 0.781250 0.382353
vt 0.781250 0.411765
vt 0.781250 0.441176
vt 0.781250 0.470588
vt 0.781250 0.500000
vt 0.781250 0.529412
vt 0.781250 0.558824
vt 0.781250 0.588235
vt 0.781250 0.617647
vt 0.781250 0.647059
vt 0.781250 0.676471
vt 0.781250 0.705882
vt 0.781250 0.735294
vt 0.781250 0.764706
vt 0.781250 0.794118
vt 0.781250 0.823529
vt 0.781250 0.852941
vt 0.781250 0.882353
vt 0.781250 0.911765
vt 0.781250 0.941176
vt 0.750000 0.058824
vt 0.750000 0.088235
vt 0.750000 0.117647
vt 0.750000 0.147059
vt 0.750000 0.176471
vt 0.750000 0.205882
vt 0.750000 0.235294
vt 0.750000 0.264706
vt 0.750000 0.294118
vt 0.750000 0.323529
vt 0.750000 0.352941
vt 0.750000 0.382353
vt 0.750000 0.411765
vt 0.750000 0.441176
vt 0.750000 0.470588
vt 0.750000 0.500000
vt 0.750000 0.529412
vt 0.750000 0.558824
vt 0.750000 0.588235
vt 0.750000 0.617647
vt 0.750000 0.647059
vt 0.750000 0.676471
vt 0.750000 0.705882
vt 0.750000 0.735294
vt 0.750000 0.764706
vt 0.750000 0.794118
vt 0.750000 0.823529
vt 0.750000 0.852941
vt 0.750000 0.882353
vt 0.750000 0.911765
vt 0.750000 0.941176
vt 0.718750 0.058824
vt 0.718750 0.088235
vt 0.718750 0.117647
vt 0.718750 0.147059
vt 0.718750 0.176471
vt 0.718750 0.205882
vt 0.718750 0.235294
vt 0.718750 0.264706
vt 0.718750 0.294118
vt 0.718750 0.323529
vt 0.718750 0.352941
vt 0.718750 0.382353
vt 0.718750 0.411765
vt 0.718750 0.441176
vt 0.718750 0.470588
vt 0.718750 0.500000
vt 0.718750 0.529412
vt 0.718750 0.558824
vt 0.718750 0.588235
vt 0.718750 0.617647
vt 0.718750 0.647059
vt 0.718750 0.676471
vt 0.718750 0.705882
vt 0.718750 0.735294
vt 0.718750 0.764706
vt 0.718750 0.794118
vt 0.718750 0.823529
vt 0.718750 0.852941
vt 0.718750 0.882353
vt 0.718750 0.911765
vt 0.718750 0.941176
vt 0.687500 0.058824
vt 0.687500 0.088235
vt 0.687500 0.117647
vt 0.687500 0.147059
vt 0.687500 0.176471
vt 0.687500 0.205882
vt 0.687500 0.235294
vt 0.687500 0.264706
vt 0.687500 0.294118
vt 0.687500 0.323529
vt 0.687500 0.352941
vt 0.687500 0.382353
vt 0.687500 0.411765
vt 0.687500 0.441176
vt 0.687500 0.558824
vt 0.687500 0.588235
vt 0.687500 0.617647
vt 0.687500 0.647059
vt 0.687500 0.676471
vt 0.687500 0.705882
vt 0.687500 0.735294
vt 0.687500 0.764706
vt 0.687500 0.794118
vt 0.687500 0.823529
vt 0.687500 0.852941
vt 0.687500 0.882353
vt 0.687500 0.911765
vt 0.687500 0.941176
vt 0.656250 0.058824
vt 0.656250 0.088235
vt 0.656250 0.117647
vt 0.656250 0.147059
vt 0.656250 0.176471
vt 0.656250 0.205882
vt 0.656250 0.235294
vt 0.656250 0.264706
vt 0.656250 0.294118
vt 0.656250 0.323529
vt 0.656250 0.352941
vt 0.656250 0.382353
vt 0.656250 0.411765
vt 0.656250 0.441176
vt 0.656250 0.558824
vt 0.656250 0.588235
vt 0.656250 0.617647
vt 0.656250 0.647059
vt 0.656250 0.676471
vt 0.656250 0.705882
vt 0.656250 0.735294
vt 0.656250 0.764706
vt 0.656250 0.794118
vt 0.656250 0.823529
vt 0.656250 0.852941
vt 0.656250 0.882353
vt 0.656250 0.911765
vt 0.656250 0.941176
vt 0.625000 0.058824
vt 0.625000 0.088235
vt 0.625000 0.117647
vt 0.625000 0.147059
vt 0.625000 0.176471
vt 0.625000 0.205882
vt 0.625000 0.235294
vt 0.625000 0.264706
vt 0.625000 0.294118
vt 0.625000 0.323529
vt 0.625000 0.352941
vt 0.625000 0.382353
vt 0.625000 0.411765
vt 0.625000 0.441176
vt 0.656250 0.470588
vt 0.625000 0.470588
vt 0.625000 0.529412
vt 0.656250 0.529412
vt 0.625000 0.558824
vt 0.625000 0.588235
vt 0.625000 0.617647
vt 0.625000 0.647059
vt 0.625000 0.676471
vt 0.625000 0.705882
vt 0.625000 0.735294
vt 0.625000 0.764706
vt 0.625000 0.794118
vt 0.625000 0.823529
vt 0.625000 0.852941
vt 0.625000 0.882353
vt 0.625000 0.911765
vt 0.625000 0.941176
vt 0.593750 0.058824
vt 0.593750 0.088235
vt 0.593750 0.117647
vt 0.593750 0.147059
vt 0.593750 0.176471
vt 0.593750 0.205882
vt 0.593750 0.235294
vt 0.593750 0.264706
vt 0.593750 0.294118
vt 0.593750 0.323529
vt 0.593750 0.352941
vt 0.593750 0.382353
vt 0.593750 0.411765
vt 0.593750 0.441176
vt 0.593750 0.470588
vt 0.593750 0.529412
vt 0.593750 0.558824
vt 0.593750 0.588235
vt 0.593750 0.617647
vt 0.593750 0.647059
vt 0.593750 0.676471
vt 0.593750 0.705882
vt 0.593750 0.735294
vt 0.593750 0.764706
vt 0.593750 0.794118
vt 0.593750 0.823529
vt 0.593750 0.852941
vt 0.593750 0.882353
vt 0.593750 0.911765
vt 0.593750 0.941176
vt 0.562500 0.058824
vt 0.562500 0.088235
vt 0.562500 0.117647
vt 0.562500 0.147059
vt 0.562500 0.176471
vt 0.562500 0.205882
vt 0.562500 0.235294
vt 0.562500 0.264706
vt 0.562500 0.294118
vt 0.562500 0.323529
vt 0.562500 0.352941
vt 0.562500 0.382353
vt 0.562500 0.411765
vt 0.562500 0.441176
vt 0.562500 0.470588
vt 0.562500 0.529412
vt 0.562500 0.558824
vt 0.562500 0.588235
vt 0.562500 0.617647
vt 0.562500 0.647059
vt 0.562500 0.676471
vt 0.562500 0.705882
vt 0.562500 0.735294
vt 0.562500 0.764706
vt 0.562500 0.794118
vt 0.562500 0.823529
vt 0.562500 0.852941
vt 0.562500 0.882353
vt 0.562500 0.911765
vt 0.562500 0.941176
vt 0.531250 0.058824
vt 0.531250 0.088235
vt 0.531250 0.117647
vt 0.531250 0.147059
vt 0.531250 0.205882
vt 0.531250 0.235294
vt 0.531250 0.264706
vt 0.531250 0.294118
vt 0.531250 0.323529
vt 0.531250 0.352941
vt 0.531250 0.382353
vt 0.531250 0.411765
vt 0.531250 0.441176
vt 0.531250 0.470588
vt 0.531250 0.529412
vt 0.531250 0.558824
vt 0.531250 0.588235
vt 0.531250 0.617647
vt 0.531250 0.647059
vt 0.531250 0.705882
vt 0.531250 0.735294
vt 0.531250 0.764706
vt 0.531250 0.794118
vt 0.531250 0.823529
vt 0.531250 0.852941
vt 0.531250 0.882353
vt 0.531250 0.911765
vt 0.531250 0.941176
vt 0.500000 0.058824
vt 0.500000 0.088235
vt 0.500000 0.117647
vt 0.500000 0.147059
vt 0.500000 0.705882
vt 0.500000 0.735294
vt 0.500000 0.764706
vt 0.500000 0.794118
vt 0.500000 0.823529
vt 0.500000 0.852941
vt 0.500000 0.882353
vt 0.500000 0.911765
vt 0.500000 0.941176
vt 0.468750 0.058824
vt 0.468750 0.088235
vt 0.468750 0.117647
vt 0.468750 0.147059
vt 0.468750 0.705882
vt 0.468750 0.735294
vt 0.468750 0.764706
vt 0.468750 0.794118
vt 0.468750 0.823529
vt 0.468750 0.852941
vt 0.468750 0.882353
vt 0.468750 0.911765
vt 0.468750 0.941176
vt 0.437500 0.058824
vt 0.437500 0.088235
vt 0.437500 0.117647
vt 0.437500 0.147059
vt 0.437500 0.205882
vt 0.468750 0.205882
vt 0.468750 0.235294
vt 0.437500 0.235294
vt 0.468750 0.264706
vt 0.437500 0.264706
vt 0.468750 0.294118
vt 0.437500 0.294118
vt 0.468750 0.323529
vt 0.437500 0.323529
vt 0.468750 0.352941
vt 0.437500 0.352941
vt 0.468750 0.382353
vt 0.437500 0.382353
vt 0.468750 0.411765
vt 0.437500 0.411765
vt 0.468750 0.441176
vt 0.437500 0.441176
vt 0.468750 0.470588
vt 0.437500 0.470588
vt 0.437500 0.529412
vt 0.468750 0.529412
vt 0.468750 0.558824
vt 0.437500 0.558824
vt 0.468750 0.588235
vt 0.437500 0.588235
vt 0.468750 0.617647
vt 0.437500 0.617647
vt 0.468750 0.647059
vt 0.437500 0.647059
vt 0.437500 0.705882
vt 0.437500 0.735294
vt 0.437500 0.764706
vt 0.437500 0.794118
vt 0.437500 0.823529
vt 0.437500 0.852941
vt 0.437500 0.882353
vt 0.437500 0.911765
vt 0.437500 0.941176
vt 0.406250 0.058824
vt 0.406250 0.088235
vt 0.406250 0.117647
vt 0.406250 0.147059
vt 0.437500 0.176471
vt 0.406250 0.176471
vt 0.406250 0.205882
vt 0.406250 0.235294
vt 0.406250 0.264706
vt 0.406250 0.294118
vt 0.406250 0.323529
vt 0.406250 0.352941
vt 0.406250 0.382353
vt 0.406250 0.411765
vt 0.406250 0.441176
vt 0.406250 0.470588
vt 0.406250 0.529412
vt 0.406250 0.558824
vt 0.406250 0.588235
vt 0.406250 0.617647
vt 0.406250 0.647059
vt 0.437500 0.676471
vt 0.406250 0.676471
vt 0.406250 0.705882
vt 0.406250 0.735294
vt 0.406250 0.764706
vt 0.406250 0.794118
vt 0.406250 0.823529
vt 0.406250 0.852941
vt 0.406250 0.882353
vt 0.406250 0.911765
vt 0.406250 0.941176
vt 0.375000 0.058824
vt 0.375000 0.088235
vt 0.375000 0.117647
vt 0.375000 0.147059
vt 0.375000 0.176471
vt 0.375000 0.205882
vt 0.375000 0.235294
vt 0.375000 0.264706
vt 0.375000 0.294118
vt 0.375000 0.323529
vt 0.375000 0.352941
vt 0.375000 0.382353
vt 0.375000 0.411765
vt 0.375000 0.441176
vt 0.375000 0.470588
vt 0.375000 0.529412
vt 0.375000 0.558824
vt 0.375000 0.588235
vt 0.375000 0.617647
vt 0.375000 0.647059
vt 0.375000 0.676471
vt 0.375000 0.705882
vt 0.375000 0.735294
vt 0.375000 0.764706
vt 0.375000 0.794118
vt 0.375000 0.823529
vt 0.375000 0.852941
vt 0.375000 0.882353
vt 0.375000 0.911765
vt 0.375000 0.941176
vt 0.343750 0.058824
vt 0.343750 0.088235
vt 0.343750 0.117647
vt 0.343750 0.147059
vt 0.343750 0.176471
vt 0.343750 0.205882
vt 0.343750 0.235294
vt 0.343750 0.264706
vt 0.343750 0.294118
vt 0.343750 0.323529
vt 0.343750 0.352941
vt 0.343750 0.382353
vt 0.343750 0.411765
vt 0.343750 0.441176
vt 0.343750 0.470588
vt 0.343750 0.529412
vt 0.343750 0.558824
vt 0.343750 0.588235
vt 0.343750 0.617647
vt 0.343750 0.647059
vt 0.343750 0.676471
vt 0.343750 0.705882
vt 0.343750 0.735294
vt 0.343750 0.764706
vt 0.343750 0.794118
vt 0.343750 0.823529
vt 0.343750 0.852941
vt 0.343750 0.882353
vt 0.343750 0.911765
vt 0.343750 0.941176
vt 0.312500 0.058824
vt 0.312500 0.088235
vt 0.312500 0.117647
vt 0.312500 0.147059
vt 0.312500 0.176471
vt 0.312500 0.205882
vt 0.312500 0.235294
vt 0.312500 0.264706
vt 0.312500 0.294118
vt 0.312500 0.323529
vt 0.312500 0.352941
vt 0.312500 0.382353
vt 0.312500 0.411765
vt 0.312500 0.441176
vt 0.312500 0.558824
vt 0.312500 0.588235
vt 0.312500 0.617647
vt 0.312500 0.647059
vt 0.312500 0.676471
vt 0.312500 0.705882
vt 0.312500 0.735294
vt 0.312500 0.764706
vt 0.312500 0.794118
vt 0.312500 0.823529
vt 0.312500 0.852941
vt 0.312500 0.882353
vt 0.312500 0.911765
vt 0.312500 0.941176
vt 0.281250 0.058824
vt 0.281250 0.088235
vt 0.281250 0.117647
vt 0.281250 0.147059
vt 0.281250 0.176471
vt 0.281250 0.205882
vt 0.281250 0.235294
vt 0.281250 0.264706
vt 0.281250 0.294118
vt 0.281250 0.323529
vt 0.281250 0.352941
vt 0.281250 0.382353
vt 0.281250 0.411765
vt 0.281250 0.441176
vt 0.281250 0.558824
vt 0.281250 0.588235
vt 0.281250 0.617647
vt 0.281250 0.647059
vt 0.281250 0.676471
vt 0.281250 0.705882
vt 0.281250 0.735294
vt 0.281250 0.764706
vt 0.281250 0.794118
vt 0.281250 0.823529
vt 0.281250 0.852941
vt 0.281250 0.882353
vt 0.281250 0.911765
vt 0.281250 0.941176
vt 0.250000 0.058824
vt 0.250000 0.088235
vt 0.250000 0.117647
vt 0.250000 0.147059
vt 0.250000 0.176471
vt 0.250000 0.205882
vt 0.250000 0.235294
vt 0.250000 0.264706
vt 0.250000 0.294118
vt 0.250000 0.323529
vt 0.250000 0.352941
vt 0.250000 0.382353
vt 0.250000 0.411765
vt 0.250000 0.441176
vt 0.281250 0.470588
vt 0.250000 0.470588
vt 0.281250 0.500000
vt 0.250000 0.500000
vt 0.281250 0.529412
vt 0.250000 0.529412
vt 0.250000 0.558824
vt 0.250000 0.588235
vt 0.250000 0.617647
vt 0.250000 0.647059
vt 0.250000 0.676471
vt 0.250000 0.705882
vt 0.250000 0.735294
vt 0.250000 0.764706
vt 0.250000 0.794118
vt 0.250000 0.823529
vt 0.250000 0.852941
vt 0.250000 0.882353
vt 0.250000 0.911765
vt 0.250000 0.941176
vt 0.218750 0.058824
vt 0.218750 0.088235
vt 0.218750 0.117647
vt 0.218750 0.147059
vt 0.218750 0.176471
vt 0.218750 0.205882
vt 0.218750 0.235294
vt 0.218750 0.264706
vt 0.218750 0.294118
vt 0.218750 0.323529
vt 0.218750 0.352941
vt 0.218750 0.382353
vt 0.218750 0.411765
vt 0.218750 0.441176
vt 0.218750 0.470588
vt 0.218750 0.500000
vt 0.218750 0.529412
vt 0.218750 0.558824
vt 0.218750 0.588235
vt 0.218750 0.617647
vt 0.218750 0.647059
vt 0.218750 0.676471
vt 0.218750 0.705882
vt 0.218750 0.735294
vt 0.218750 0.764706
vt 0.218750 0.794118
vt 0.218750 0.823529
vt 0.218750 0.852941
vt 0.218750 0.882353
vt 0.218750 0.911765
vt 0.218750 0.941176
vt 0.187500 0.058824
vt 0.187500 0.088235
vt 0.187500 0.117647
vt 0.187500 0.147059
vt 0.187500 0.176471
vt 0.187500 0.205882
vt 0.187500 0.235294
vt 0.187500 0.264706
vt 0.187500 0.294118
vt 0.187500 0.323529
vt 0.187500 0.352941
vt 0.187500 0.382353
vt 0.187500 0.411765
vt 0.187500 0.441176
vt 0.187500 0.470588
vt 0.187500 0.500000
vt 0.187500 0.529412
vt 0.187500 0.558824
vt 0.187500 0.588235
vt 0.187500 0.617647
vt 0.187500 0.647059
vt 0.187500 0.676471
vt 0.187500 0.705882
vt 0.187500 0.735294
vt 0.187500 0.764706
vt 0.187500 0.794118
vt 0.187500 0.823529
vt 0.187500 0.852941
vt 0.187500 0.882353
vt 0.187500 0.911765
vt 0.187500 0.941176
vt 0.156250 0.058824
vt 0.156250 0.088235
vt 0.156250 0.117647
vt 0.156250 0.147059
vt 0.156250 0.176471
vt 0.156250 0.205882
vt 0.156250 0.235294
vt 0.156250 0.264706
vt 0.156250 0.294118
vt 0.156250 0.323529
vt 0.156250 0.352941
vt 0.156250 0.382353
vt 0.156250 0.411765
vt 0.156250 0.441176
vt 0.156250 0.470588
vt 0.156250 0.500000
vt 0.156250 0.529412
vt 0.156250 0.558824
vt 0.156250 0.588235
vt 0.156250 0.617647
vt 0.156250 0.647059
vt 0.156250 0.676471
vt 0.156250 0.705882
vt 0.156250 0.735294
vt 0.156250 0.764706
vt 0.156250 0.794118
vt 0.156250 0.823529
vt 0.156250 0.852941
vt 0.156250 0.882353
vt 0.156250 0.911765
vt 0.156250 0.941176
vt 0.125000 0.058824
vt 0.125000 0.088235
vt 0.125000 0.117647
vt 0.125000 0.147059
vt 0.125000 0.176471
vt 0.125000 0.205882
vt 0.125000 0.235294
vt 0.125000 0.264706
vt 0.125000 0.294118
vt 0.125000 0.323529
vt 0.125000 0.352941
vt 0.125000 0.382353
vt 0.125000 0.411765
vt 0.125000 0.441176
vt 0.125000 0.470588
vt 0.125000 0.500000
vt 0.125000 0.529412
vt 0.125000 0.558824
vt 0.125000 0.588235
vt 0.125000 0.617647
vt 0.125000 0.647059
vt 0.125000 0.676471
vt 0.125000 0.705882
vt 0.125000 0.735294
vt 0.125000 0.764706
vt 0.125000 0.794118
vt 0.125000 0.823529
vt 0.125000 0.852941
vt 0.125000 0.882353
vt 0.125000 0.911765
vt 0.125000 0.941176
vt 0.093750 0.058824
vt 0.093750 0.088235
vt 0.093750 0.117647
vt 0.093750 0.147059
vt 0.093750 0.176471
vt 0.093750 0.205882
vt 0.093750 0.235294
vt 0.093750 0.264706
vt 0.093750 0.294118
vt 0.093750 0.323529
vt 0.093750 0.352941
vt 0.093750 0.382353
vt 0.093750 0.411765
vt 0.093750 0.441176
vt 0.093750 0.470588
vt 0.093750 0.500000
vt 0.093750 0.529412
vt 0.093750 0.558824
vt 0.093750 0.588235
vt 0.093750 0.617647
vt 0.093750 0.647059
vt 0.093750 0.676471
vt 0.093750 0.705882
vt 0.093750 0.735294
vt 0.093750 0.764706
vt 0.093750 0.794118
vt 0.093750 0.823529
vt 0.093750 0.852941
vt 0.093750 0.882353
vt 0.093750 0.911765
vt 0.093750 0.941176
vt 0.062500 0.058824
vt 0.062500 0.088235
vt 0.062500 0.117647
vt 0.062500 0.147059
vt 0.062500 0.176471
vt 0.062500 0.205882
vt 0.062500 0.235294
vt 0.062500 0.264706
vt 0.062500 0.294118
vt 0.062500 0.323529
vt 0.062500 0.352941
vt 0.062500 0.382353
vt 0.062500 0.411765
vt 0.062500 0.441176
vt 0.062500 0.470588
vt 0.062500 0.500000
vt 0.062500 0.529412
vt 0.062500 0.558824
vt 0.062500 0.588235
vt 0.062500 0.617647
vt 0.062500 0.647059
vt 0.062500 0.676471
vt 0.062500 0.705882
vt 0.062500 0.735294
vt 0.062500 0.764706
vt 0.062500 0.794118
vt 0.062500 0.823529
vt 0.062500 0.852941
vt 0.062500 0.882353
vt 0.062500 0.911765
vt 0.062500 0.941176
vt 0.000000 0.176471
vt 0.000000 0.205882
vt 0.000000 0.970588
vt 0.000000 1.000000
vt 0.000000 0.264706
vt 0.000000 0.294118
vt 0.000000 0.352941
vt 0.000000 0.382353
vt 0.000000 0.441176
vt 0.000000 0.470588
vt 0.000000 0.529412
vt 0.000000 0.558823
vt 0.000000 0.000000
vt 0.000000 0.029412
vt 0.000000 0.617647
vt 0.000000 0.647059
vt 0.000000 0.705882
vt 0.000000 0.735294
vt 0.000000 0.794118
vt 0.000000 0.823529
vt 0.000000 0.088235
vt 0.000000 0.117647
vt 0.000000 0.882353
vt 0.000000 0.911765
vt 1.000000 0.558824
vt 1.000000 0.529412
vt 1.000000 1.000000
vt 1.000000 0.970588
vt 1.000000 0.470588
vt 1.000000 0.441176
vt 1.000000 0.382353
vt 1.000000 0.352941
vt 1.000000 0.294118
vt 1.000000 0.264706
vt 1.000000 0.205882
vt 1.000000 0.176471
vt 1.000000 0.911765
vt 1.000000 0.882353
vt 1.000000 0.117647
vt 1.000000 0.088235
vt 1.000000 0.823529
vt 1.000000 0.794118
vt 1.000000 0.029412
vt 1.000000 0.000000
vt 1.000000 0.735294
vt 1.000000 0.705882
vt 1.000000 0.647059
vt 1.000000 0.617647
vt 0.500000 0.470613
vt 0.531225 0.500000
vt 0.500000 0.529387
vt 0.468775 0.500000
vt 0.312500 0.460957
vt 0.322131 0.470588
vt 0.312500 0.480220
vt 0.302869 0.470588
vt 0.312500 0.490369
vt 0.322131 0.500000
vt 0.312500 0.509632
vt 0.302869 0.500000
vt 0.312500 0.519780
vt 0.322131 0.529412
vt 0.312500 0.539043
vt 0.302869 0.529412
vt 0.343750 0.490369
vt 0.353381 0.500000
vt 0.343750 0.509632
vt 0.334118 0.500000
vt 0.375000 0.490369
vt 0.384631 0.500000
vt 0.375000 0.509632
vt 0.365369 0.500000
vt 0.406250 0.490369
vt 0.415881 0.500000
vt 0.406250 0.509632
vt 0.396619 0.500000
vt 0.437500 0.490369
vt 0.447131 0.500000
vt 0.437500 0.509632
vt 0.427869 0.500000
vt 0.468750 0.166839
vt 0.478381 0.176471
vt 0.468750 0.186102
vt 0.459119 0.176471
vt 0.468750 0.500000
vt 0.468750 0.509632
vt 0.459118 0.500000
vt 0.468750 0.490369
vt 0.468750 0.666839
vt 0.478381 0.676471
vt 0.468750 0.686102
vt 0.459119 0.676471
vt 0.500000 0.166839
vt 0.509632 0.176471
vt 0.500000 0.186102
vt 0.490369 0.176471
vt 0.500000 0.196251
vt 0.509632 0.205882
vt 0.500000 0.215514
vt 0.490369 0.205882
vt 0.500000 0.225663
vt 0.509632 0.235294
vt 0.500000 0.244926
vt 0.490369 0.235294
vt 0.500000 0.255074
vt 0.509632 0.264706
vt 0.500000 0.274337
vt 0.490369 0.264706
vt 0.500000 0.284486
vt 0.509632 0.294118
vt 0.500000 0.303749
vt 0.490369 0.294118
vt 0.500000 0.313898
vt 0.509632 0.323529
vt 0.500000 0.333161
vt 0.490369 0.323529
vt 0.500000 0.343310
vt 0.509632 0.352941
vt 0.500000 0.362573
vt 0.490369 0.352941
vt 0.500000 0.372722
vt 0.509632 0.382353
vt 0.500000 0.391984
vt 0.490369 0.382353
vt 0.500000 0.402133
vt 0.509632 0.411765
vt 0.500000 0.421396
vt 0.490369 0.411765
vt 0.500000 0.431545
vt 0.509632 0.441177
vt 0.500000 0.450808
vt 0.490369 0.441177
vt 0.500000 0.460957
vt 0.509632 0.470588
vt 0.500000 0.470588
vt 0.490369 0.470588
vt 0.490369 0.529412
vt 0.500000 0.529412
vt 0.509632 0.529412
vt 0.500000 0.539043
vt 0.500000 0.549192
vt 0.509632 0.558824
vt 0.500000 0.568455
vt 0.490369 0.558824
vt 0.500000 0.578604
vt 0.509632 0.588235
vt 0.500000 0.597867
vt 0.490369 0.588235
vt 0.500000 0.608016
vt 0.509632 0.617647
vt 0.500000 0.627279
vt 0.490369 0.617647
vt 0.500000 0.637427
vt 0.509632 0.647059
vt 0.500000 0.656690
vt 0.490369 0.647059
vt 0.500000 0.666839
vt 0.509632 0.676471
vt 0.500000 0.686102
vt 0.490369 0.676471
vt 0.531250 0.166839
vt 0.540882 0.176471
vt 0.531250 0.186102
vt 0.521619 0.176471
vt 0.531250 0.490369
vt 0.540882 0.500000
vt 0.531250 0.509632
vt 0.531250 0.500000
vt 0.531250 0.666839
vt 0.540882 0.676471
vt 0.531250 0.686102
vt 0.521619 0.676471
vt 0.562500 0.490369
vt 0.572131 0.500000
vt 0.562500 0.509632
vt 0.552869 0.500000
vt 0.593750 0.490369
vt 0.603381 0.500000
vt 0.593750 0.509632
vt 0.584119 0.500000
vt 0.625000 0.490369
vt 0.634631 0.500000
vt 0.625000 0.509632
vt 0.615368 0.500000
vt 0.656250 0.490369
vt 0.665881 0.500000
vt 0.656250 0.509632
vt 0.646618 0.500000
vt 0.687500 0.460957
vt 0.697131 0.470588
vt 0.687500 0.480220
vt 0.677869 0.470588
vt 0.687500 0.490369
vt 0.697131 0.500000
vt 0.687500 0.509632
vt 0.677868 0.500000
vt 0.687500 0.519780
vt 0.697131 0.529412
vt 0.687500 0.539043
vt 0.677868 0.529412
vt 0.039050 0.037212
vt 0.039050 0.058824
vt 0.023450 0.058824
vt 0.023450 0.021612
vt 0.039050 0.088235
vt 0.023450 0.088235
vt 0.039050 0.117647
vt 0.023450 0.117647
vt 0.039050 0.147059
vt 0.023450 0.147059
vt 0.039050 0.176471
vt 0.023450 0.176471
vt 0.039050 0.205882
vt 0.023450 0.205882
vt 0.039050 0.235294
vt 0.023450 0.235294
vt 0.039050 0.264706
vt 0.023450 0.264706
vt 0.039050 0.294118
vt 0.023450 0.294118
vt 0.039050 0.323529
vt 0.023450 0.323529
vt 0.039050 0.352941
vt 0.023450 0.352941
vt 0.039050 0.382353
vt 0.023450 0.382353
vt 0.039050 0.411765
vt 0.023450 0.411765
vt 0.039050 0.441176
vt 0.023450 0.441176
vt 0.039050 0.470588
vt 0.023450 0.470588
vt 0.039050 0.500000
vt 0.023450 0.500000
vt 0.039050 0.529412
vt 0.023450 0.529412
vt 0.039050 0.558824
vt 0.023450 0.558824
vt 0.039050 0.588235
vt 0.023450 0.588235
vt 0.039050 0.617647
vt 0.023450 0.617647
vt 0.039050 0.647059
vt 0.023450 0.647059
vt 0.039050 0.676471
vt 0.023450 0.676471
vt 0.039050 0.705882
vt 0.023450 0.705882
vt 0.039050 0.735294
vt 0.023450 0.735294
vt 0.039050 0.764706
vt 0.023450 0.764706
vt 0.039050 0.794118
vt 0.023450 0.794118
vt 0.039050 0.823529
vt 0.023450 0.823529
vt 0.039050 0.852941
vt 0.023450 0.852941
vt 0.039050 0.882353
vt 0.023450 0.882353
vt 0.039050 0.911765
vt 0.023450 0.911765
vt 0.039050 0.941176
vt 0.023450 0.941176
vt 0.039050 0.962788
vt 0.023450 0.978388
vt 0.976550 0.021612
vt 0.976550 0.058824
vt 0.960950 0.058824
vt 0.960950 0.037212
vt 0.976550 0.088235
vt 0.960950 0.088235
vt 0.976550 0.117647
vt 0.960950 0.117647
vt 0.976550 0.147059
vt 0.960950 0.147059
vt 0.976550 0.176471
vt 0.960950 0.176471
vt 0.976550 0.205882
vt 0.960950 0.205882
vt 0.976550 0.235294
vt 0.960950 0.235294
vt 0.976550 0.264706
vt 0.960950 0.264706
vt 0.976550 0.294118
vt 0.960950 0.294118
vt 0.976550 0.323529
vt 0.960950 0.323529
vt 0.976550 0.352941
vt 0.960950 0.352941
vt 0.976550 0.382353
vt 0.960950 0.382353
vt 0.976550 0.411765
vt 0.960950 0.411765
vt 0.976550 0.441176
vt 0.960950 0.441176
vt 0.976550 0.470588
vt 0.960950 0.470588
vt 0.976550 0.500000
vt 0.960950 0.500000
vt 0.976550 0.529412
vt 0.960950 0.529412
vt 0.976550 0.558824
vt 0.960950 0.558824
vt 0.976550 0.588235
vt 0.960950 0.588235
vt 0.976550 0.617647
vt 0.960950 0.617647
vt 0.976550 0.647059
vt 0.960950 0.647059
vt 0.976550 0.676471
vt 0.960950 0.676471
vt 0.976550 0.705882
vt 0.960950 0.705882
vt 0.976550 0.735294
vt 0.960950 0.735294
vt 0.976550 0.764706
vt 0.960950 0.764706
vt 0.976550 0.794118
vt 0.960950 0.794118
vt 0.976550 0.823529
vt 0.960950 0.823529
vt 0.976550 0.852941
vt 0.960950 0.852941
vt 0.976550 0.882353
vt 0.960950 0.882353
vt 0.976550 0.911765
vt 0.960950 0.911765
vt 0.976550 0.941176
vt 0.960950 0.941176
vt 0.976550 0.978388
vt 0.960950 0.962788
vt 0.937500 0.037212
vt 0.937500 0.021612
vt 0.937500 0.978388
vt 0.937500 0.962788
vt 0.906250 0.037212
vt 0.906250 0.021612
vt 0.906250 0.978388
vt 0.906250 0.962788
vt 0.875000 0.037212
vt 0.875000 0.021612
vt 0.875000 0.978388
vt 0.875000 0.962788
vt 0.843750 0.037212
vt 0.843750 0.021612
vt 0.843750 0.978388
vt 0.843750 0.962788
vt 0.812500 0.037212
vt 0.812500 0.021612
vt 0.812500 0.978388
vt 0.812500 0.962788
vt 0.781250 0.037212
vt 0.781250 0.021612
vt 0.781250 0.978388
vt 0.781250 0.962788
vt 0.750000 0.037212
vt 0.750000 0.021612
vt 0.750000 0.978388
vt 0.750000 0.962788
vt 0.718750 0.037212
vt 0.718750 0.021612
vt 0.718750 0.978388
vt 0.718750 0.962788
vt 0.687500 0.037212
vt 0.687500 0.021612
vt 0.687500 0.978388
vt 0.687500 0.962788
vt 0.656250 0.037212
vt 0.656250 0.021612
vt 0.656250 0.978388
vt 0.656250 0.962788
vt 0.625000 0.037212
vt 0.625000 0.021612
vt 0.625000 0.978388
vt 0.625000 0.962788
vt 0.593750 0.037212
vt 0.593750 0.021612
vt 0.593750 0.978388
vt 0.593750 0.962788
vt 0.562500 0.037212
vt 0.562500 0.021612
vt 0.562500 0.978388
vt 0.562500 0.962788
vt 0.531250 0.037212
vt 0.531250 0.021612
vt 0.531250 0.978388
vt 0.531250 0.962788
vt 0.500000 0.037212
vt 0.500000 0.021612
vt 0.500000 0.978388
vt 0.500000 0.962788
vt 0.468750 0.037212
vt 0.468750 0.021612
vt 0.468750 0.978388
vt 0.468750 0.962788
vt 0.437500 0.037212
vt 0.437500 0.021612
vt 0.437500 0.978388
vt 0.437500 0.962788
vt 0.406250 0.037212
vt 0.406250 0.021612
vt 0.406250 0.978388
vt 0.406250 0.962788
vt 0.375000 0.037212
vt 0.375000 0.021612
vt 0.375000 0.978388
vt 0.375000 0.962788
vt 0.343750 0.037212
vt 0.343750 0.021612
vt 0.343750 0.978388
vt 0.343750 0.962788
vt 0.312500 0.037212
vt 0.312500 0.021612
vt 0.312500 0.978388
vt 0.312500 0.962788
vt 0.281250 0.037212
vt 0.281250 0.021612
vt 0.281250 0.978388
vt 0.281250 0.962788
vt 0.250000 0.037212
vt 0.250000 0.021612
vt 0.250000 0.978388
vt 0.250000 0.962788
vt 0.218750 0.037212
vt 0.218750 0.021612
vt 0.218750 0.978388
vt 0.218750 0.962788
vt 0.187500 0.037212
vt 0.187500 0.021612
vt 0.187500 0.978388
vt 0.187500 0.962788
vt 0.156250 0.037212
vt 0.156250 0.021612
vt 0.156250 0.978388
vt 0.156250 0.962788
vt 0.125000 0.037212
vt 0.125000 0.021612
vt 0.125000 0.978388
vt 0.125000 0.962788
vt 0.093750 0.037212
vt 0.093750 0.021612
vt 0.093750 0.978388
vt 0.093750 0.962788
vt 0.062500 0.037212
vt 0.062500 0.021612
vt 0.062500 0.978388
vt 0.062500 0.962788
vt 0.031250 0.000000
vt 0.062500 0.000000
vt 0.000000 0.058824
vt 0.000000 0.147059
vt 0.000000 0.235294
vt 0.000000 0.323529
vt 0.000000 0.411765
vt 0.000000 0.500000
vt 0.000000 0.588235
vt 0.000000 0.676471
vt 0.000000 0.764706
vt 0.000000 0.852941
vt 0.000000 0.941176
vt 0.062500 1.000000
vt 0.031250 1.000000
vt 0.093750 0.000000
vt 0.093750 1.000000
vt 0.125000 0.000000
vt 0.125000 1.000000
vt 0.156250 0.000000
vt 0.156250 1.000000
vt 0.187500 0.000000
vt 0.187500 1.000000
vt 0.218750 0.000000
vt 0.218750 1.000000
vt 0.250000 0.000000
vt 0.250000 1.000000
vt 0.281250 0.000000
vt 0.281250 1.000000
vt 0.312500 0.000000
vt 0.312500 1.000000
vt 0.343750 0.000000
vt 0.343750 1.000000
vt 0.375000 0.000000
vt 0.375000 1.000000
vt 0.406250 0.000000
vt 0.406250 1.000000
vt 0.437500 0.000000
vt 0.437500 1.000000
vt 0.468750 0.000000
vt 0.468750 1.000000
vt 0.500000 0.000000
vt 0.500000 1.000000
vt 0.531250 0.000000
vt 0.531250 1.000000
vt 0.562500 0.000000
vt 0.562500 1.000000
vt 0.593750 0.000000
vt 0.593750 1.000000
vt 0.625000 0.000000
vt 0.625000 1.000000
vt 0.656250 0.000000
vt 0.656250 1.000000
vt 0.687500 0.000000
vt 0.687500 1.000000
vt 0.718750 0.000000
vt 0.718750 1.000000
vt 0.750000 0.000000
vt 0.750000 1.000000
vt 0.781250 0.000000
vt 0.781250 1.000000
vt 0.812500 0.000000
vt 0.812500 1.000000
vt 0.843750 0.000000
vt 0.843750 1.000000
vt 0.875000 0.000000
vt 0.875000 1.000000
vt 0.906250 0.000000
vt 0.906250 1.000000
vt 0.937500 0.000000
vt 0.937500 1.000000
vt 0.968750 0.000000
vt 0.968750 1.000000
vt 1.000000 0.058824
vt 1.000000 0.147059
vt 1.000000 0.235294
vt 1.000000 0.323529
vt 1.000000 0.411765
vt 1.000000 0.500000
vt 1.000000 0.588235
vt 1.000000 0.676471
vt 1.000000 0.764706
vt 1.000000 0.852941
vt 1.000000 0.941176
s 1
usemtl Sarg_innen_Samt
f 932/1/896 963/2/920 964/3/921 933/4/897
f 933/4/897 964/3/921 965/5/922 934/6/898
f 934/6/898 965/5/922 966/7/923 935/8/899
f 935/8/899 966/7/923 967/9/924 936/10/900
f 936/10/900 967/9/924 968/11/925 937/12/901
f 937/12/901 968/11/925 969/13/926 938/14/902
f 938/14/902 969/13/926 970/15/927 939/16/903
f 939/16/903 970/15/927 971/17/44 940/18/904
f 940/18/904 971/17/44 972/19/928 941/20/905
f 941/20/905 972/19/928 973/21/929 942/22/906
f 942/22/906 973/21/929 974/23/36 943/24/907
f 943/24/907 974/23/36 975/25/930 944/26/908
f 944/26/908 975/25/930 976/27/931 945/28/909
f 945/28/909 976/27/931 977/29/932 946/30/910
f 946/30/910 977/29/932 978/31/933 947/32/911
f 947/32/911 978/31/933 979/33/758 948/34/912
f 948/34/912 979/33/758 980/35/934 949/36/913
f 949/36/913 980/35/934 981/37/935 950/38/914
f 950/38/914 981/37/935 982/39/115 951/40/748
f 951/40/748 982/39/115 983/41/936 952/42/915
f 952/42/915 983/41/936 984/43/937 953/44/682
f 953/44/682 984/43/937 985/45/761 954/46/916
f 954/46/916 985/45/761 986/47/938 955/48/917
f 955/48/917 986/47/938 987/49/939 956/50/918
f 956/50/918 987/49/939 988/51/940 957/52/894
f 957/52/894 988/51/940 989/53/941 958/54/919
f 958/54/919 989/53/941 990/55/942 959/56/343
f 959/56/343 990/55/942 991/57/943 960/58/867
f 960/58/867 991/57/943 992/59/116 961/60/866
f 961/60/866 992/59/116 993/61/116 962/62/866
f 901/63/869 932/1/896 933/4/897 902/64/870
f 902/64/870 933/4/897 934/6/898 903/65/871
f 903/65/871 934/6/898 935/8/899 904/66/872
f 904/66/872 935/8/899 936/10/900 905/67/873
f 905/67/873 936/10/900 937/12/901 906/68/874
f 906/68/874 937/12/901 938/14/902 907/69/875
f 907/69/875 938/14/902 939/16/903 908/70/876
f 908/70/876 939/16/903 940/18/904 909/71/877
f 909/71/877 940/18/904 941/20/905 910/72/878
f 910/72/878 941/20/905 942/22/906 911/73/879
f 911/73/879 942/22/906 943/24/907 912/74/880
f 912/74/880 943/24/907 944/26/908 913/75/881
f 913/75/881 944/26/908 945/28/909 914/76/882
f 914/76/882 945/28/909 946/30/910 915/77/883
f 915/77/883 946/30/910 947/32/911 916/78/884
f 916/78/884 947/32/911 948/34/912 917/79/885
f 917/79/885 948/34/912 949/36/913 918/80/640
f 918/80/640 949/36/913 950/38/914 919/81/886
f 919/81/886 950/38/914 951/40/748 920/82/887
f 920/82/887 951/40/748 952/42/915 921/83/888
f 921/83/888 952/42/915 953/44/682 922/84/889
f 922/84/889 953/44/682 954/46/916 923/85/890
f 923/85/890 954/46/916 955/48/917 924/86/891
f 924/86/891 955/48/917 956/50/918 925/87/892
f 925/87/892 956/50/918 957/52/894 926/88/893
f 926/88/893 957/52/894 958/54/919 927/89/894
f 927/89/894 958/54/919 959/56/343 928/90/868
f 928/90/868 959/56/343 960/58/867 929/91/895
f 929/91/895 960/58/867 961/60/866 930/92/866
f 930/92/866 961/60/866 962/62/866 931/93/116
f 870/94/843 901/63/869 902/64/870 871/95/844
f 871/95/844 902/64/870 903/65/871 872/96/845
f 872/96/845 903/65/871 904/66/872 873/97/846
f 873/97/846 904/66/872 905/67/873 874/98/847
f 874/98/847 905/67/873 906/68/874 875/99/848
f 875/99/848 906/68/874 907/69/875 876/100/849
f 876/100/849 907/69/875 908/70/876 877/101/850
f 877/101/850 908/70/876 909/71/877 878/102/851
f 878/102/851 909/71/877 910/72/878 879/103/852
f 879/103/852 910/72/878 911/73/879 880/104/853
f 880/104/853 911/73/879 912/74/880 881/105/854
f 881/105/854 912/74/880 913/75/881 882/106/855
f 882/106/855 913/75/881 914/76/882 883/107/856
f 883/107/856 914/76/882 915/77/883 884/108/857
f 884/108/857 915/77/883 916/78/884 885/109/858
f 885/109/858 916/78/884 917/79/885 886/110/859
f 886/110/859 917/79/885 918/80/640 887/111/860
f 887/111/860 918/80/640 919/81/886 888/112/806
f 888/112/806 919/81/886 920/82/887 889/113/861
f 889/113/861 920/82/887 921/83/888 890/114/703
f 890/114/703 921/83/888 922/84/889 891/115/862
f 891/115/862 922/84/889 923/85/890 892/116/863
f 892/116/863 923/85/890 924/86/891 893/117/175
f 893/117/175 924/86/891 925/87/892 894/118/864
f 894/118/864 925/87/892 926/88/893 895/119/865
f 895/119/865 926/88/893 927/89/894 896/120/37
f 896/120/37 927/89/894 928/90/868 897/121/866
f 897/121/866 928/90/868 929/91/895 898/122/867
f 898/122/867 929/91/895 930/92/866 899/123/868
f 899/123/868 930/92/866 931/93/116 900/124/868
f 839/125/815 870/94/843 871/95/844 840/126/816
f 840/126/816 871/95/844 872/96/845 841/127/817
f 841/127/817 872/96/845 873/97/846 842/128/818
f 842/128/818 873/97/846 874/98/847 843/129/819
f 843/129/819 874/98/847 875/99/848 844/130/820
f 844/130/820 875/99/848 876/100/849 845/131/821
f 845/131/821 876/100/849 877/101/850 846/132/822
f 846/132/822 877/101/850 878/102/851 847/133/823
f 847/133/823 878/102/851 879/103/852 848/134/824
f 848/134/824 879/103/852 880/104/853 849/135/825
f 849/135/825 880/104/853 881/105/854 850/136/826
f 850/136/826 881/105/854 882/106/855 851/137/827
f 851/137/827 882/106/855 883/107/856 852/138/828
f 852/138/828 883/107/856 884/108/857 853/139/829
f 853/139/829 884/108/857 885/109/858 854/140/830
f 854/140/830 885/109/858 886/110/859 855/141/831
f 855/141/831 886/110/859 887/111/860 856/142/832
f 856/142/832 887/111/860 888/112/806 857/143/833
f 857/143/833 888/112/806 889/113/861 858/144/834
f 858/144/834 889/113/861 890/114/703 859/145/835
f 859/145/835 890/114/703 891/115/862 860/146/836
f 860/146/836 891/115/862 892/116/863 861/147/837
f 861/147/837 892/116/863 893/117/175 862/148/838
f 862/148/838 893/117/175 894/118/864 863/149/839
f 863/149/839 894/118/864 895/119/865 864/150/840
f 864/150/840 895/119/865 896/120/37 865/151/40
f 865/151/40 896/120/37 897/121/866 866/152/374
f 866/152/374 897/121/866 898/122/867 867/153/841
f 867/153/841 898/122/867 899/123/868 868/154/748
f 868/154/748 899/123/868 900/124/868 869/155/842
f 808/156/787 839/125/815 840/126/816 809/157/788
f 809/157/788 840/126/816 841/127/817 810/158/789
f 810/158/789 841/127/817 842/128/818 811/159/790
f 811/159/790 842/128/818 843/129/819 812/160/791
f 812/160/791 843/129/819 844/130/820 813/161/792
f 813/161/792 844/130/820 845/131/821 814/162/793
f 814/162/793 845/131/821 846/132/822 815/163/794
f 815/163/794 846/132/822 847/133/823 816/164/795
f 816/164/795 847/133/823 848/134/824 817/165/796
f 817/165/796 848/134/824 849/135/825 818/166/797
f 818/166/797 849/135/825 850/136/826 819/167/798
f 819/167/798 850/136/826 851/137/827 820/168/799
f 820/168/799 851/137/827 852/138/828 821/169/800
f 821/169/800 852/138/828 853/139/829 822/170/801
f 822/170/801 853/139/829 854/140/830 823/171/802
f 823/171/802 854/140/830 855/141/831 824/172/803
f 824/172/803 855/141/831 856/142/832 825/173/804
f 825/173/804 856/142/832 857/143/833 826/174/611
f 826/174/611 857/143/833 858/144/834 827/175/642
f 827/175/642 858/144/834 859/145/835 828/176/805
f 828/176/805 859/145/835 860/146/836 829/177/806
f 829/177/806 860/146/836 861/147/837 830/178/807
f 830/178/807 861/147/837 862/148/838 831/179/808
f 831/179/808 862/148/838 863/149/839 832/180/809
f 832/180/809 863/149/839 864/150/840 833/181/810
f 833/181/810 864/150/840 865/151/40 834/182/785
f 834/182/785 865/151/40 866/152/374 835/183/811
f 835/183/811 866/152/374 867/153/841 836/184/812
f 836/184/812 867/153/841 868/154/748 837/185/813
f 837/185/813 868/154/748 869/155/842 838/186/814
f 777/187/763 808/156/787 809/157/788 778/188/764
f 778/188/764 809/157/788 810/158/789 779/189/765
f 779/189/765 810/158/789 811/159/790 780/190/766
f 780/190/766 811/159/790 812/160/791 781/191/767
f 781/191/767 812/160/791 813/161/792 782/192/768
f 782/192/768 813/161/792 814/162/793 783/193/769
f 783/193/769 814/162/793 815/163/794 784/194/770
f 784/194/770 815/163/794 816/164/795 785/195/771
f 785/195/771 816/164/795 817/165/796 786/196/772
f 786/196/772 817/165/796 818/166/797 787/197/773
f 787/197/773 818/166/797 819/167/798 788/198/774
f 788/198/774 819/167/798 820/168/799 789/199/775
f 789/199/775 820/168/799 821/169/800 790/200/776
f 790/200/776 821/169/800 822/170/801 791/201/777
f 791/201/777 822/170/801 823/171/802 792/202/778
f 792/202/778 823/171/802 824/172/803 793/203/401
f 793/203/401 824/172/803 825/173/804 794/204/779
f 794/204/779 825/173/804 826/174/611 795/205/16
f 795/205/16 826/174/611 827/175/642 796/206/15
f 796/206/15 827/175/642 828/176/805 797/207/780
f 797/207/780 828/176/805 829/177/806 798/208/781
f 798/208/781 829/177/806 830/178/807 799/209/782
f 799/209/782 830/178/807 831/179/808 800/210/783
f 800/210/783 831/179/808 832/180/809 801/211/784
f 801/211/784 832/180/809 833/181/810 802/212/343
f 802/212/343 833/181/810 834/182/785 803/213/785
f 803/213/785 834/182/785 835/183/811 804/214/55
f 804/214/55 835/183/811 836/184/812 805/215/785
f 805/215/785 836/184/812 837/185/813 806/216/786
f 806/216/786 837/185/813 838/186/814 807/217/671
f 746/218/732 777/187/763 778/188/764 747/219/733
f 747/219/733 778/188/764 779/189/765 748/220/734
f 748/220/734 779/189/765 780/190/766 749/221/735
f 749/221/735 780/190/766 781/191/767 750/222/736
f 750/222/736 781/191/767 782/192/768 751/223/737
f 751/223/737 782/192/768 783/193/769 752/224/738
f 752/224/738 783/193/769 784/194/770 753/225/739
f 753/225/739 784/194/770 785/195/771 754/226/740
f 754/226/740 785/195/771 786/196/772 755/227/741
f 755/227/741 786/196/772 787/197/773 756/228/742
f 756/228/742 787/197/773 788/198/774 757/229/743
f 757/229/743 788/198/774 789/199/775 758/230/744
f 758/230/744 789/199/775 790/200/776 759/231/745
f 759/231/745 790/200/776 791/201/777 760/232/746
f 760/232/746 791/201/777 792/202/778 761/233/747
f 761/233/747 792/202/778 793/203/401 762/234/748
f 762/234/748 793/203/401 794/204/779 763/235/749
f 763/235/749 794/204/779 795/205/16 764/236/750
f 764/236/750 795/205/16 796/206/15 765/237/751
f 765/237/751 796/206/15 797/207/780 766/238/752
f 766/238/752 797/207/780 798/208/781 767/239/753
f 767/239/753 798/208/781 799/209/782 768/240/754
f 768/240/754 799/209/782 800/210/783 769/241/755
f 769/241/755 800/210/783 801/211/784 770/242/756
f 770/242/756 801/211/784 802/212/343 771/243/757
f 771/243/757 802/212/343 803/213/785 772/244/758
f 772/244/758 803/213/785 804/214/55 773/245/759
f 773/245/759 804/214/55 805/215/785 774/246/760
f 774/246/760 805/215/785 806/216/786 775/247/761
f 775/247/761 806/216/786 807/217/671 776/248/762
f 718/249/706 746/218/732 747/219/733 719/250/707
f 719/250/707 747/219/733 748/220/734 720/251/708
f 720/251/708 748/220/734 749/221/735 721/252/709
f 721/252/709 749/221/735 750/222/736 722/253/710
f 722/253/710 750/222/736 751/223/737 723/254/47
f 723/254/47 751/223/737 752/224/738 724/255/711
f 724/255/711 752/224/738 753/225/739 725/256/712
f 725/256/712 753/225/739 754/226/740 726/257/713
f 726/257/713 754/226/740 755/227/741 727/258/714
f 727/258/714 755/227/741 756/228/742 728/259/715
f 728/259/715 756/228/742 757/229/743 729/260/716
f 729/260/716 757/229/743 758/230/744 730/261/717
f 730/261/717 758/230/744 759/231/745 731/262/718
f 732/263/719 763/235/749 764/236/750 733/264/720
f 733/264/720 764/236/750 765/237/751 734/265/721
f 734/265/721 765/237/751 766/238/752 735/266/722
f 735/266/722 766/238/752 767/239/753 736/267/723
f 736/267/723 767/239/753 768/240/754 737/268/724
f 737/268/724 768/240/754 769/241/755 738/269/725
f 738/269/725 769/241/755 770/242/756 739/270/726
f 739/270/726 770/242/756 771/243/757 740/271/582
f 740/271/582 771/243/757 772/244/758 741/272/727
f 741/272/727 772/244/758 773/245/759 742/273/728
f 742/273/728 773/245/759 774/246/760 743/274/729
f 743/274/729 774/246/760 775/247/761 744/275/730
f 744/275/730 775/247/761 776/248/762 745/276/731
f 688/277/676 718/249/706 719/250/707 689/278/677
f 689/278/677 719/250/707 720/251/708 690/279/678
f 690/279/678 720/251/708 721/252/709 691/280/679
f 691/280/679 721/252/709 722/253/710 692/281/680
f 692/281/680 722/253/710 723/254/47 693/282/681
f 693/282/681 723/254/47 724/255/711 694/283/682
f 694/283/682 724/255/711 725/256/712 695/284/683
f 695/284/683 725/256/712 726/257/713 696/285/684
f 696/285/684 726/257/713 727/258/714 697/286/685
f 697/286/685 727/258/714 728/259/715 698/287/686
f 698/287/686 728/259/715 729/260/716 699/288/687
f 699/288/687 729/260/716 730/261/717 700/289/688
f 700/289/688 730/261/717 731/262/718 701/290/689
f 704/291/692 732/263/719 733/264/720 705/292/693
f 705/292/693 733/264/720 734/265/721 706/293/694
f 706/293/694 734/265/721 735/266/722 707/294/695
f 707/294/695 735/266/722 736/267/723 708/295/696
f 708/295/696 736/267/723 737/268/724 709/296/697
f 709/296/697 737/268/724 738/269/725 710/297/698
f 710/297/698 738/269/725 739/270/726 711/298/699
f 711/298/699 739/270/726 740/271/582 712/299/700
f 712/299/700 740/271/582 741/272/727 713/300/701
f 713/300/701 741/272/727 742/273/728 714/301/702
f 714/301/702 742/273/728 743/274/729 715/302/703
f 715/302/703 743/274/729 744/275/730 716/303/704
f 716/303/704 744/275/730 745/276/731 717/304/705
f 658/305/647 688/277/676 689/278/677 659/306/648
f 659/306/648 689/278/677 690/279/678 660/307/649
f 660/307/649 690/279/678 691/280/679 661/308/650
f 661/308/650 691/280/679 692/281/680 662/309/651
f 662/309/651 692/281/680 693/282/681 663/310/652
f 663/310/652 693/282/681 694/283/682 664/311/653
f 664/311/653 694/283/682 695/284/683 665/312/654
f 665/312/654 695/284/683 696/285/684 666/313/655
f 666/313/655 696/285/684 697/286/685 667/314/1
f 667/314/1 697/286/685 698/287/686 668/315/656
f 668/315/656 698/287/686 699/288/687 669/316/657
f 669/316/657 699/288/687 700/289/688 670/317/658
f 670/317/658 700/289/688 701/290/689 671/318/659
f 671/318/659 701/290/689 702/319/690 672/320/660
f 673/321/661 703/322/691 704/291/692 674/323/662
f 674/323/662 704/291/692 705/292/693 675/324/663
f 675/324/663 705/292/693 706/293/694 676/325/664
f 676/325/664 706/293/694 707/294/695 677/326/665
f 677/326/665 707/294/695 708/295/696 678/327/666
f 678/327/666 708/295/696 709/296/697 679/328/667
f 679/328/667 709/296/697 710/297/698 680/329/668
f 680/329/668 710/297/698 711/298/699 681/330/669
f 681/330/669 711/298/699 712/299/700 682/331/670
f 682/331/670 712/299/700 713/300/701 683/332/671
f 683/332/671 713/300/701 714/301/702 684/333/672
f 684/333/672 714/301/702 715/302/703 685/334/673
f 685/334/673 715/302/703 716/303/704 686/335/674
f 686/335/674 716/303/704 717/304/705 687/336/675
f 628/337/617 658/305/647 659/306/648 629/338/618
f 629/338/618 659/306/648 660/307/649 630/339/619
f 630/339/619 660/307/649 661/308/650 631/340/620
f 631/340/620 661/308/650 662/309/651 632/341/621
f 632/341/621 662/309/651 663/310/652 633/342/622
f 633/342/622 663/310/652 664/311/653 634/343/623
f 634/343/623 664/311/653 665/312/654 635/344/624
f 635/344/624 665/312/654 666/313/655 636/345/625
f 636/345/625 666/313/655 667/314/1 637/346/626
f 637/346/626 667/314/1 668/315/656 638/347/627
f 638/347/627 668/315/656 669/316/657 639/348/628
f 639/348/628 669/316/657 670/317/658 640/349/629
f 640/349/629 670/317/658 671/318/659 641/350/630
f 641/350/630 671/318/659 672/320/660 642/351/631
f 643/352/632 673/321/661 674/323/662 644/353/633
f 644/353/633 674/323/662 675/324/663 645/354/634
f 645/354/634 675/324/663 676/325/664 646/355/635
f 646/355/635 676/325/664 677/326/665 647/356/636
f 647/356/636 677/326/665 678/327/666 648/357/637
f 648/357/637 678/327/666 679/328/667 649/358/638
f 649/358/638 679/328/667 680/329/668 650/359/639
f 650/359/639 680/329/668 681/330/669 651/360/640
f 651/360/640 681/330/669 682/331/670 652/361/641
f 652/361/641 682/331/670 683/332/671 653/362/642
f 653/362/642 683/332/671 684/333/672 654/363/643
f 654/363/643 684/333/672 685/334/673 655/364/644
f 655/364/644 685/334/673 686/335/674 656/365/645
f 656/365/645 686/335/674 687/336/675 657/366/646
f 598/367/587 628/337/617 629/338/618 599/368/588
f 599/368/588 629/338/618 630/339/619 600/369/589
f 600/369/589 630/339/619 631/340/620 601/370/590
f 601/370/590 631/340/620 632/341/621 602/371/591
f 602/371/591 632/341/621 633/342/622 603/372/592
f 603/372/592 633/342/622 634/343/623 604/373/593
f 604/373/593 634/343/623 635/344/624 605/374/594
f 605/374/594 635/344/624 636/345/625 606/375/595
f 606/375/595 636/345/625 637/346/626 607/376/596
f 607/376/596 637/346/626 638/347/627 608/377/597
f 608/377/597 638/347/627 639/348/628 609/378/598
f 609/378/598 639/348/628 640/349/629 610/379/599
f 610/379/599 640/349/629 641/350/630 611/380/600
f 611/380/600 641/350/630 642/351/631 612/381/601
f 613/382/602 643/352/632 644/353/633 614/383/603
f 614/383/603 644/353/633 645/354/634 615/384/604
f 615/384/604 645/354/634 646/355/635 616/385/605
f 616/385/605 646/355/635 647/356/636 617/386/606
f 617/386/606 647/356/636 648/357/637 618/387/607
f 618/387/607 648/357/637 649/358/638 619/388/608
f 619/388/608 649/358/638 650/359/639 620/389/609
f 620/389/609 650/359/639 651/360/640 621/390/610
f 621/390/610 651/360/640 652/361/641 622/391/611
f 622/391/611 652/361/641 653/362/642 623/392/612
f 623/392/612 653/362/642 654/363/643 624/393/613
f 624/393/613 654/363/643 655/364/644 625/394/614
f 625/394/614 655/364/644 656/365/645 626/395/615
f 626/395/615 656/365/645 657/366/646 627/396/616
f 570/397/559 598/367/587 599/368/588 571/398/560
f 571/398/560 599/368/588 600/369/589 572/399/561
f 572/399/561 600/369/589 601/370/590 573/400/562
f 574/401/563 603/372/592 604/373/593 575/402/564
f 575/402/564 604/373/593 605/374/594 576/403/565
f 576/403/565 605/374/594 606/375/595 577/404/566
f 577/404/566 606/375/595 607/376/596 578/405/567
f 578/405/567 607/376/596 608/377/597 579/406/568
f 579/406/568 608/377/597 609/378/598 580/407/569
f 580/407/569 609/378/598 610/379/599 581/408/570
f 581/408/570 610/379/599 611/380/600 582/409/571
f 582/409/571 611/380/600 612/381/601 583/410/572
f 584/411/573 613/382/602 614/383/603 585/412/574
f 585/412/574 614/383/603 615/384/604 586/413/575
f 586/413/575 615/384/604 616/385/605 587/414/576
f 587/414/576 616/385/605 617/386/606 588/415/577
f 589/416/578 619/388/608 620/389/609 590/417/579
f 590/417/579 620/389/609 621/390/610 591/418/580
f 591/418/580 621/390/610 622/391/611 592/419/581
f 592/419/581 622/391/611 623/392/612 593/420/582
f 593/420/582 623/392/612 624/393/613 594/421/583
f 594/421/583 624/393/613 625/394/614 595/422/584
f 595/422/584 625/394/614 626/395/615 596/423/585
f 596/423/585 626/395/615 627/396/616 597/424/586
f 557/425/546 570/397/559 571/398/560 558/426/547
f 558/426/547 571/398/560 572/399/561 559/427/548
f 559/427/548 572/399/561 573/400/562 560/428/549
f 561/429/550 589/416/578 590/417/579 562/430/551
f 562/430/551 590/417/579 591/418/580 563/431/552
f 563/431/552 591/418/580 592/419/581 564/432/553
f 564/432/553 592/419/581 593/420/582 565/433/554
f 565/433/554 593/420/582 594/421/583 566/434/555
f 566/434/555 594/421/583 595/422/584 567/435/556
f 567/435/556 595/422/584 596/423/585 568/436/557
f 568/436/557 596/423/585 597/424/586 569/437/558
f 529/438/520 557/425/546 558/426/547 530/439/521
f 530/439/521 558/426/547 559/427/548 531/440/522
f 531/440/522 559/427/548 560/428/549 532/441/523
f 548/442/537 561/429/550 562/430/551 549/443/538
f 549/443/538 562/430/551 563/431/552 550/444/539
f 550/444/539 563/431/552 564/432/553 551/445/540
f 551/445/540 564/432/553 565/433/554 552/446/541
f 552/446/541 565/433/554 566/434/555 553/447/542
f 553/447/542 566/434/555 567/435/556 554/448/543
f 554/448/543 567/435/556 568/436/557 555/449/544
f 555/449/544 568/436/557 569/437/558 556/450/545
f 499/451/490 529/438/520 530/439/521 500/452/491
f 500/452/491 530/439/521 531/440/522 501/453/492
f 501/453/492 531/440/522 532/441/523 502/454/493
f 504/455/495 533/456/524 534/457/525 505/458/496
f 505/458/496 534/457/525 535/459/526 506/460/497
f 506/460/497 535/459/526 536/461/527 507/462/498
f 507/462/498 536/461/527 537/463/528 508/464/499
f 508/464/499 537/463/528 538/465/529 509/466/500
f 509/466/500 538/465/529 539/467/530 510/468/501
f 510/468/501 539/467/530 540/469/531 511/470/502
f 511/470/502 540/469/531 541/471/532 512/472/503
f 512/472/503 541/471/532 542/473/533 513/474/504
f 514/475/505 543/476/534 544/477/535 515/478/506
f 515/478/506 544/477/535 545/479/67 516/480/507
f 516/480/507 545/479/67 546/481/48 517/482/508
f 517/482/508 546/481/48 547/483/536 518/484/509
f 520/485/511 548/442/537 549/443/538 521/486/512
f 521/486/512 549/443/538 550/444/539 522/487/513
f 522/487/513 550/444/539 551/445/540 523/488/514
f 523/488/514 551/445/540 552/446/541 524/489/515
f 524/489/515 552/446/541 553/447/542 525/490/516
f 525/490/516 553/447/542 554/448/543 526/491/517
f 526/491/517 554/448/543 555/449/544 527/492/518
f 527/492/518 555/449/544 556/450/545 528/493/519
f 469/494/460 499/451/490 500/452/491 470/495/461
f 470/495/461 500/452/491 501/453/492 471/496/462
f 471/496/462 501/453/492 502/454/493 472/497/463
f 472/497/463 502/454/493 503/498/494 473/499/464
f 473/499/464 503/498/494 504/455/495 474/500/465
f 474/500/465 504/455/495 505/458/496 475/501/466
f 475/501/466 505/458/496 506/460/497 476/502/467
f 476/502/467 506/460/497 507/462/498 477/503/468
f 477/503/468 507/462/498 508/464/499 478/504/469
f 478/504/469 508/464/499 509/466/500 479/505/470
f 479/505/470 509/466/500 510/468/501 480/506/471
f 480/506/471 510/468/501 511/470/502 481/507/472
f 481/507/472 511/470/502 512/472/503 482/508/473
f 482/508/473 512/472/503 513/474/504 483/509/474
f 484/510/475 514/475/505 515/478/506 485/511/476
f 485/511/476 515/478/506 516/480/507 486/512/477
f 486/512/477 516/480/507 517/482/508 487/513/478
f 487/513/478 517/482/508 518/484/509 488/514/479
f 488/514/479 518/484/509 519/515/510 489/516/480
f 489/516/480 519/515/510 520/485/511 490/517/481
f 490/517/481 520/485/511 521/486/512 491/518/482
f 491/518/482 521/486/512 522/487/513 492/519/483
f 492/519/483 522/487/513 523/488/514 493/520/484
f 493/520/484 523/488/514 524/489/515 494/521/485
f 494/521/485 524/489/515 525/490/516 495/522/486
f 495/522/486 525/490/516 526/491/517 496/523/487
f 496/523/487 526/491/517 527/492/518 497/524/488
f 497/524/488 527/492/518 528/493/519 498/525/489
f 439/526/430 469/494/460 470/495/461 440/527/431
f 440/527/431 470/495/461 471/496/462 441/528/432
f 441/528/432 471/496/462 472/497/463 442/529/433
f 442/529/433 472/497/463 473/499/464 443/530/434
f 443/530/434 473/499/464 474/500/465 444/531/435
f 444/531/435 474/500/465 475/501/466 445/532/436
f 445/532/436 475/501/466 476/502/467 446/533/437
f 446/533/437 476/502/467 477/503/468 447/534/438
f 447/534/438 477/503/468 478/504/469 448/535/439
f 448/535/439 478/504/469 479/505/470 449/536/440
f 449/536/440 479/505/470 480/506/471 450/537/441
f 450/537/441 480/506/471 481/507/472 451/538/442
f 451/538/442 481/507/472 482/508/473 452/539/443
f 452/539/443 482/508/473 483/509/474 453/540/444
f 454/541/445 484/510/475 485/511/476 455/542/446
f 455/542/446 485/511/476 486/512/477 456/543/447
f 456/543/447 486/512/477 487/513/478 457/544/448
f 457/544/448 487/513/478 488/514/479 458/545/449
f 458/545/449 488/514/479 489/516/480 459/546/450
f 459/546/450 489/516/480 490/517/481 460/547/451
f 460/547/451 490/517/481 491/518/482 461/548/452
f 461/548/452 491/518/482 492/519/483 462/549/453
f 462/549/453 492/519/483 493/520/484 463/550/454
f 463/550/454 493/520/484 494/521/485 464/551/455
f 464/551/455 494/521/485 495/522/486 465/552/456
f 465/552/456 495/522/486 496/523/487 466/553/457
f 466/553/457 496/523/487 497/524/488 467/554/458
f 467/554/458 497/524/488 498/525/489 468/555/459
f 409/556/121 439/526/430 440/527/431 410/557/401
f 410/557/401 440/527/431 441/528/432 411/558/402
f 411/558/402 441/528/432 442/529/433 412/559/403
f 412/559/403 442/529/433 443/530/434 413/560/404
f 413/560/404 443/530/434 444/531/435 414/561/405
f 414/561/405 444/531/435 445/532/436 415/562/406
f 415/562/406 445/532/436 446/533/437 416/563/407
f 416/563/407 446/533/437 447/534/438 417/564/408
f 417/564/408 447/534/438 448/535/439 418/565/409
f 418/565/409 448/535/439 449/536/440 419/566/410
f 419/566/410 449/536/440 450/537/441 420/567/411
f 420/567/411 450/537/441 451/538/442 421/568/412
f 421/568/412 451/538/442 452/539/443 422/569/413
f 422/569/413 452/539/443 453/540/444 423/570/414
f 424/571/415 454/541/445 455/542/446 425/572/416
f 425/572/416 455/542/446 456/543/447 426/573/417
f 426/573/417 456/543/447 457/544/448 427/574/418
f 427/574/418 457/544/448 458/545/449 428/575/419
f 428/575/419 458/545/449 459/546/450 429/576/420
f 429/576/420 459/546/450 460/547/451 430/577/421
f 430/577/421 460/547/451 461/548/452 431/578/422
f 431/578/422 461/548/452 462/549/453 432/579/423
f 432/579/423 462/549/453 463/550/454 433/580/424
f 433/580/424 463/550/454 464/551/455 434/581/425
f 434/581/425 464/551/455 465/552/456 435/582/426
f 435/582/426 465/552/456 466/553/457 436/583/427
f 436/583/427 466/553/457 467/554/458 437/584/428
f 437/584/428 467/554/458 468/555/459 438/585/429
f 381/586/373 409/556/121 410/557/401 382/587/374
f 382/587/374 410/557/401 411/558/402 383/588/375
f 383/588/375 411/558/402 412/559/403 384/589/376
f 384/589/376 412/559/403 413/560/404 385/590/377
f 385/590/377 413/560/404 414/561/405 386/591/378
f 386/591/378 414/561/405 415/562/406 387/592/379
f 387/592/379 415/562/406 416/563/407 388/593/380
f 388/593/380 416/563/407 417/564/408 389/594/381
f 389/594/381 417/564/408 418/565/409 390/595/382
f 390/595/382 418/565/409 419/566/410 391/596/383
f 391/596/383 419/566/410 420/567/411 392/597/384
f 392/597/384 420/567/411 421/568/412 393/598/385
f 393/598/385 421/568/412 422/569/413 394/599/386
f 395/600/387 425/572/416 426/573/417 396/601/388
f 396/601/388 426/573/417 427/574/418 397/602/389
f 397/602/389 427/574/418 428/575/419 398/603/390
f 398/603/390 428/575/419 429/576/420 399/604/391
f 399/604/391 429/576/420 430/577/421 400/605/392
f 400/605/392 430/577/421 431/578/422 401/606/393
f 401/606/393 431/578/422 432/579/423 402/607/394
f 402/607/394 432/579/423 433/580/424 403/608/395
f 403/608/395 433/580/424 434/581/425 404/609/396
f 404/609/396 434/581/425 435/582/426 405/610/397
f 405/610/397 435/582/426 436/583/427 406/611/398
f 406/611/398 436/583/427 437/584/428 407/612/399
f 407/612/399 437/584/428 438/585/429 408/613/400
f 350/614/342 381/586/373 382/587/374 351/615/343
f 351/615/343 382/587/374 383/588/375 352/616/344
f 352/616/344 383/588/375 384/589/376 353/617/345
f 353/617/345 384/589/376 385/590/377 354/618/346
f 354/618/346 385/590/377 386/591/378 355/619/347
f 355/619/347 386/591/378 387/592/379 356/620/348
f 356/620/348 387/592/379 388/593/380 357/621/349
f 357/621/349 388/593/380 389/594/381 358/622/350
f 358/622/350 389/594/381 390/595/382 359/623/351
f 359/623/351 390/595/382 391/596/383 360/624/352
f 360/624/352 391/596/383 392/597/384 361/625/353
f 361/625/353 392/597/384 393/598/385 362/626/354
f 362/626/354 393/598/385 394/599/386 363/627/355
f 367/628/359 395/600/387 396/601/388 368/629/360
f 368/629/360 396/601/388 397/602/389 369/630/361
f 369/630/361 397/602/389 398/603/390 370/631/362
f 370/631/362 398/603/390 399/604/391 371/632/363
f 371/632/363 399/604/391 400/605/392 372/633/364
f 372/633/364 400/605/392 401/606/393 373/634/365
f 373/634/365 401/606/393 402/607/394 374/635/366
f 374/635/366 402/607/394 403/608/395 375/636/367
f 375/636/367 403/608/395 404/609/396 376/637/368
f 376/637/368 404/609/396 405/610/397 377/638/369
f 377/638/369 405/610/397 406/611/398 378/639/370
f 378/639/370 406/611/398 407/612/399 379/640/371
f 379/640/371 407/612/399 408/613/400 380/641/372
f 319/642/311 350/614/342 351/615/343 320/643/312
f 320/643/312 351/615/343 352/616/344 321/644/313
f 321/644/313 352/616/344 353/617/345 322/645/314
f 322/645/314 353/617/345 354/618/346 323/646/315
f 323/646/315 354/618/346 355/619/347 324/647/316
f 324/647/316 355/619/347 356/620/348 325/648/317
f 325/648/317 356/620/348 357/621/349 326/649/318
f 326/649/318 357/621/349 358/622/350 327/650/319
f 327/650/319 358/622/350 359/623/351 328/651/320
f 328/651/320 359/623/351 360/624/352 329/652/321
f 329/652/321 360/624/352 361/625/353 330/653/322
f 330/653/322 361/625/353 362/626/354 331/654/323
f 331/654/323 362/626/354 363/627/355 332/655/324
f 332/655/324 363/627/355 364/656/356 333/657/325
f 333/657/325 364/656/356 365/658/357 334/659/326
f 334/659/326 365/658/357 366/660/358 335/661/327
f 335/661/327 366/660/358 367/628/359 336/662/328
f 336/662/328 367/628/359 368/629/360 337/663/329
f 337/663/329 368/629/360 369/630/361 338/664/330
f 338/664/330 369/630/361 370/631/362 339/665/331
f 339/665/331 370/631/362 371/632/363 340/666/332
f 340/666/332 371/632/363 372/633/364 341/667/333
f 341/667/333 372/633/364 373/634/365 342/668/334
f 342/668/334 373/634/365 374/635/366 343/669/335
f 343/669/335 374/635/366 375/636/367 344/670/336
f 344/670/336 375/636/367 376/637/368 345/671/337
f 345/671/337 376/637/368 377/638/369 346/672/338
f 346/672/338 377/638/369 378/639/370 347/673/339
f 347/673/339 378/639/370 379/640/371 348/674/340
f 348/674/340 379/640/371 380/641/372 349/675/341
f 288/676/280 319/642/311 320/643/312 289/677/281
f 289/677/281 320/643/312 321/644/313 290/678/282
f 290/678/282 321/644/313 322/645/314 291/679/283
f 291/679/283 322/645/314 323/646/315 292/680/284
f 292/680/284 323/646/315 324/647/316 293/681/285
f 293/681/285 324/647/316 325/648/317 294/682/286
f 294/682/286 325/648/317 326/649/318 295/683/287
f 295/683/287 326/649/318 327/650/319 296/684/288
f 296/684/288 327/650/319 328/651/320 297/685/289
f 297/685/289 328/651/320 329/652/321 298/686/290
f 298/686/290 329/652/321 330/653/322 299/687/291
f 299/687/291 330/653/322 331/654/323 300/688/292
f 300/688/292 331/654/323 332/655/324 301/689/293
f 301/689/293 332/655/324 333/657/325 302/690/294
f 302/690/294 333/657/325 334/659/326 303/691/295
f 303/691/295 334/659/326 335/661/327 304/692/296
f 304/692/296 335/661/327 336/662/328 305/693/297
f 305/693/297 336/662/328 337/663/329 306/694/298
f 306/694/298 337/663/329 338/664/330 307/695/299
f 307/695/299 338/664/330 339/665/331 308/696/300
f 308/696/300 339/665/331 340/666/332 309/697/301
f 309/697/301 340/666/332 341/667/333 310/698/302
f 310/698/302 341/667/333 342/668/334 311/699/303
f 311/699/303 342/668/334 343/669/335 312/700/304
f 312/700/304 343/669/335 344/670/336 313/701/305
f 313/701/305 344/670/336 345/671/337 314/702/306
f 314/702/306 345/671/337 346/672/338 315/703/307
f 315/703/307 346/672/338 347/673/339 316/704/308
f 316/704/308 347/673/339 348/674/340 317/705/309
f 317/705/309 348/674/340 349/675/341 318/706/310
f 257/707/249 288/676/280 289/677/281 258/708/250
f 258/708/250 289/677/281 290/678/282 259/709/251
f 259/709/251 290/678/282 291/679/283 260/710/252
f 260/710/252 291/679/283 292/680/284 261/711/253
f 261/711/253 292/680/284 293/681/285 262/712/254
f 262/712/254 293/681/285 294/682/286 263/713/255
f 263/713/255 294/682/286 295/683/287 264/714/256
f 264/714/256 295/683/287 296/684/288 265/715/257
f 265/715/257 296/684/288 297/685/289 266/716/258
f 266/716/258 297/685/289 298/686/290 267/717/259
f 267/717/259 298/686/290 299/687/291 268/718/260
f 268/718/260 299/687/291 300/688/292 269/719/261
f 269/719/261 300/688/292 301/689/293 270/720/262
f 270/720/262 301/689/293 302/690/294 271/721/263
f 271/721/263 302/690/294 303/691/295 272/722/264
f 272/722/264 303/691/295 304/692/296 273/723/265
f 273/723/265 304/692/296 305/693/297 274/724/266
f 274/724/266 305/693/297 306/694/298 275/725/267
f 275/725/267 306/694/298 307/695/299 276/726/268
f 276/726/268 307/695/299 308/696/300 277/727/269
f 277/727/269 308/696/300 309/697/301 278/728/270
f 278/728/270 309/697/301 310/698/302 279/729/271
f 279/729/271 310/698/302 311/699/303 280/730/272
f 280/730/272 311/699/303 312/700/304 281/731/273
f 281/731/273 312/700/304 313/701/305 282/732/274
f 282/732/274 313/701/305 314/702/306 283/733/275
f 283/733/275 314/702/306 315/703/307 284/734/276
f 284/734/276 315/703/307 316/704/308 285/735/277
f 285/735/277 316/704/308 317/705/309 286/736/278
f 286/736/278 317/705/309 318/706/310 287/737/279
f 226/738/219 257/707/249 258/708/250 227/739/220
f 227/739/220 258/708/250 259/709/251 228/740/221
f 228/740/221 259/709/251 260/710/252 229/741/222
f 229/741/222 260/710/252 261/711/253 230/742/223
f 230/742/223 261/711/253 262/712/254 231/743/224
f 231/743/224 262/712/254 263/713/255 232/744/225
f 232/744/225 263/713/255 264/714/256 233/745/226
f 233/745/226 264/714/256 265/715/257 234/746/227
f 234/746/227 265/715/257 266/716/258 235/747/228
f 235/747/228 266/716/258 267/717/259 236/748/229
f 236/748/229 267/717/259 268/718/260 237/749/230
f 237/749/230 268/718/260 269/719/261 238/750/231
f 238/750/231 269/719/261 270/720/262 239/751/232
f 239/751/232 270/720/262 271/721/263 240/752/233
f 240/752/233 271/721/263 272/722/264 241/753/234
f 241/753/234 272/722/264 273/723/265 242/754/235
f 242/754/235 273/723/265 274/724/266 243/755/236
f 243/755/236 274/724/266 275/725/267 244/756/237
f 244/756/237 275/725/267 276/726/268 245/757/238
f 245/757/238 276/726/268 277/727/269 246/758/239
f 246/758/239 277/727/269 278/728/270 247/759/240
f 247/759/240 278/728/270 279/729/271 248/760/241
f 248/760/241 279/729/271 280/730/272 249/761/242
f 249/761/242 280/730/272 281/731/273 250/762/243
f 250/762/243 281/731/273 282/732/274 251/763/244
f 251/763/244 282/732/274 283/733/275 252/764/245
f 252/764/245 283/733/275 284/734/276 253/765/246
f 253/765/246 284/734/276 285/735/277 254/766/247
f 254/766/247 285/735/277 286/736/278 255/767/248
f 255/767/248 286/736/278 287/737/279 256/768/37
f 195/769/188 226/738/219 227/739/220 196/770/189
f 196/770/189 227/739/220 228/740/221 197/771/190
f 197/771/190 228/740/221 229/741/222 198/772/191
f 198/772/191 229/741/222 230/742/223 199/773/192
f 199/773/192 230/742/223 231/743/224 200/774/193
f 200/774/193 231/743/224 232/744/225 201/775/194
f 201/775/194 232/744/225 233/745/226 202/776/195
f 202/776/195 233/745/226 234/746/227 203/777/196
f 203/777/196 234/746/227 235/747/228 204/778/197
f 204/778/197 235/747/228 236/748/229 205/779/198
f 205/779/198 236/748/229 237/749/230 206/780/199
f 206/780/199 237/749/230 238/750/231 207/781/200
f 207/781/200 238/750/231 239/751/232 208/782/201
f 208/782/201 239/751/232 240/752/233 209/783/202
f 209/783/202 240/752/233 241/753/234 210/784/203
f 210/784/203 241/753/234 242/754/235 211/785/204
f 211/785/204 242/754/235 243/755/236 212/786/205
f 212/786/205 243/755/236 244/756/237 213/787/206
f 213/787/206 244/756/237 245/757/238 214/788/207
f 214/788/207 245/757/238 246/758/239 215/789/208
f 215/789/208 246/758/239 247/759/240 216/790/209
f 216/790/209 247/759/240 248/760/241 217/791/210
f 217/791/210 248/760/241 249/761/242 218/792/211
f 218/792/211 249/761/242 250/762/243 219/793/212
f 219/793/212 250/762/243 251/763/244 220/794/213
f 220/794/213 251/763/244 252/764/245 221/795/214
f 221/795/214 252/764/245 253/765/246 222/796/215
f 222/796/215 253/765/246 254/766/247 223/797/216
f 223/797/216 254/766/247 255/767/248 224/798/217
f 224/798/217 255/767/248 256/768/37 225/799/218
f 164/800/157 195/769/188 196/770/189 165/801/158
f 165/801/158 196/770/189 197/771/190 166/802/159
f 166/802/159 197/771/190 198/772/191 167/803/160
f 167/803/160 198/772/191 199/773/192 168/804/161
f 168/804/161 199/773/192 200/774/193 169/805/162
f 169/805/162 200/774/193 201/775/194 170/806/163
f 170/806/163 201/775/194 202/776/195 171/807/164
f 171/807/164 202/776/195 203/777/196 172/808/165
f 172/808/165 203/777/196 204/778/197 173/809/166
f 173/809/166 204/778/197 205/779/198 174/810/167
f 174/810/167 205/779/198 206/780/199 175/811/168
f 175/811/168 206/780/199 207/781/200 176/812/169
f 176/812/169 207/781/200 208/782/201 177/813/170
f 177/813/170 208/782/201 209/783/202 178/814/171
f 178/814/171 209/783/202 210/784/203 179/815/172
f 179/815/172 210/784/203 211/785/204 180/816/173
f 180/816/173 211/785/204 212/786/205 181/817/174
f 181/817/174 212/786/205 213/787/206 182/818/175
f 182/818/175 213/787/206 214/788/207 183/819/176
f 183/819/176 214/788/207 215/789/208 184/820/177
f 184/820/177 215/789/208 216/790/209 185/821/178
f 185/821/178 216/790/209 217/791/210 186/822/179
f 186/822/179 217/791/210 218/792/211 187/823/180
f 187/823/180 218/792/211 219/793/212 188/824/181
f 188/824/181 219/793/212 220/794/213 189/825/182
f 189/825/182 220/794/213 221/795/214 190/826/183
f 190/826/183 221/795/214 222/796/215 191/827/184
f 191/827/184 222/796/215 223/797/216 192/828/185
f 192/828/185 223/797/216 224/798/217 193/829/186
f 193/829/186 224/798/217 225/799/218 194/830/187
f 133/831/126 164/800/157 165/801/158 134/832/127
f 134/832/127 165/801/158 166/802/159 135/833/128
f 135/833/128 166/802/159 167/803/160 136/834/129
f 136/834/129 167/803/160 168/804/161 137/835/130
f 137/835/130 168/804/161 169/805/162 138/836/131
f 138/836/131 169/805/162 170/806/163 139/837/132
f 139/837/132 170/806/163 171/807/164 140/838/133
f 140/838/133 171/807/164 172/808/165 141/839/134
f 141/839/134 172/808/165 173/809/166 142/840/135
f 142/840/135 173/809/166 174/810/167 143/841/136
f 143/841/136 174/810/167 175/811/168 144/842/137
f 144/842/137 175/811/168 176/812/169 145/843/138
f 145/843/138 176/812/169 177/813/170 146/844/139
f 146/844/139 177/813/170 178/814/171 147/845/140
f 147/845/140 178/814/171 179/815/172 148/846/141
f 148/846/141 179/815/172 180/816/173 149/847/142
f 149/847/142 180/816/173 181/817/174 150/848/143
f 150/848/143 181/817/174 182/818/175 151/849/144
f 151/849/144 182/818/175 183/819/176 152/850/145
f 152/850/145 183/819/176 184/820/177 153/851/146
f 153/851/146 184/820/177 185/821/178 154/852/147
f 154/852/147 185/821/178 186/822/179 155/853/148
f 155/853/148 186/822/179 187/823/180 156/854/149
f 156/854/149 187/823/180 188/824/181 157/855/150
f 157/855/150 188/824/181 189/825/182 158/856/151
f 158/856/151 189/825/182 190/826/183 159/857/152
f 159/857/152 190/826/183 191/827/184 160/858/153
f 160/858/153 191/827/184 192/828/185 161/859/154
f 161/859/154 192/828/185 193/829/186 162/860/155
f 162/860/155 193/829/186 194/830/187 163/861/156
f 94/862/92 93/863/91 1013/863/957 1014/862/958
f 67/864/65 3/865/3 995/865/945 996/864/945
f 91/866/89 90/867/88 1011/867/956 1012/866/956
f 88/868/86 87/869/85 1009/869/954 1010/868/955
f 85/870/83 84/871/82 1007/871/953 1008/870/953
f 82/872/80 81/873/79 1005/873/952 1006/872/952
f 1/874/1 99/875/97 1017/875/944 994/874/944
f 79/876/77 78/877/76 1003/877/951 1004/876/951
f 76/878/74 75/879/73 1001/879/949 1002/878/950
f 73/880/71 72/881/70 999/881/947 1000/880/948
f 97/882/95 96/883/94 1015/883/959 1016/882/959
f 70/884/68 69/885/67 997/885/946 998/884/946
f 1000/880/948 999/881/947 1023/881/964 1024/880/964
f 1014/862/958 1013/863/957 1037/863/973 1038/862/974
f 994/874/944 1017/875/944 1041/875/960 1018/874/960
f 1008/870/953 1007/871/953 1031/871/968 1032/870/969
f 1002/878/950 1001/879/949 1025/879/965 1026/878/966
f 1016/882/959 1015/883/959 1039/883/975 1040/882/975
f 996/864/945 995/865/945 1019/865/961 1020/864/961
f 1010/868/955 1009/869/954 1033/869/970 1034/868/971
f 1004/876/951 1003/877/951 1027/877/956 1028/876/956
f 998/884/946 997/885/946 1021/885/962 1022/884/963
f 1012/866/956 1011/867/956 1035/867/972 1036/866/972
f 1006/872/952 1005/873/952 1029/873/967 1030/872/967
f 1054/872/984 1053/873/984 1077/873/997 1078/872/997
f 1048/880/980 1047/881/980 1071/881/994 1072/880/994
f 1062/862/989 1061/863/989 1085/863/1001 1086/862/1001
f 1042/874/976 1065/875/976 1089/875/991 1066/874/991
f 1056/870/985 1055/871/985 1079/871/998 1080/870/998
f 1050/878/982 1049/879/981 1073/879/995 1074/878/995
f 1064/882/990 1063/883/990 1087/883/1002 1088/882/1002
f 1044/864/977 1043/865/977 1067/865/992 1068/864/992
f 1058/868/987 1057/869/986 1081/869/999 1082/868/999
f 1052/876/983 1051/877/983 1075/877/996 1076/876/996
f 1046/884/979 1045/885/978 1069/885/993 1070/884/993
f 1060/866/988 1059/867/988 1083/867/1000 1084/866/1000
f 118/886/114 117/887/114 1103/887/1010 1104/886/1010
f 4/888/4 132/889/125 1113/889/1004 1091/888/1004
f 115/890/112 114/891/111 1101/891/1009 1102/890/1009
f 112/892/109 111/893/108 1099/893/1008 1100/892/1008
f 109/894/106 108/895/105 1097/895/1007 1098/894/1007
f 106/896/57 105/897/103 1095/897/1006 1096/896/1006
f 130/898/42 129/899/123 1111/899/1014 1112/898/1014
f 103/900/101 102/901/100 1093/901/1005 1094/900/1005
f 127/902/121 126/903/120 1109/903/1013 1110/902/1013
f 100/904/98 2/905/2 1090/905/1003 1092/904/1003
f 124/906/119 123/907/118 1107/907/1012 1108/906/1012
f 121/908/116 120/909/116 1105/909/1011 1106/908/1011
f 1094/900/1005 1093/901/1005 1117/901/1017 1118/900/1017
f 1108/906/1012 1107/907/1012 1131/907/1024 1132/906/1024
f 1102/890/1009 1101/891/1009 1125/891/1021 1126/890/1021
f 1096/896/1006 1095/897/1006 1119/897/1018 1120/896/1018
f 1110/902/1013 1109/903/1013 1133/903/1025 1134/902/1025
f 1091/888/1004 1113/889/1004 1137/889/1016 1115/888/1016
f 1104/886/1010 1103/887/1010 1127/887/1022 1128/886/1022
f 1098/894/1007 1097/895/1007 1121/895/1019 1122/894/1019
f 1112/898/1014 1111/899/1014 1135/899/1026 1136/898/1026
f 1092/904/1003 1090/905/1003 1114/905/1015 1116/904/1015
f 1106/908/1011 1105/909/1011 1129/909/1023 1130/908/1023
f 1100/892/1008 1099/893/1008 1123/893/1020 1124/892/1020
f 1154/908/1035 1153/909/1035 1177/909/1048 1178/908/1048
f 1148/892/1032 1147/893/1032 1171/893/1045 1172/892/1045
f 1142/900/1029 1141/901/1029 1165/901/1042 1166/900/1042
f 1156/906/1036 1155/907/1036 1179/907/1049 1180/906/1049
f 1150/890/1033 1149/891/1033 1173/891/1046 1174/890/1046
f 1144/896/1030 1143/897/1030 1167/897/1043 1168/896/1043
f 1158/902/1037 1157/903/1037 1181/903/1050 1182/902/1050
f 1139/888/1028 1161/889/1028 1185/889/1041 1163/888/1041
f 1152/886/1034 1151/887/1034 1175/887/1047 1176/886/1047
f 1146/894/1031 1145/895/1031 1169/895/1044 1170/894/1044
f 1160/898/1039 1159/899/1038 1183/899/1051 1184/898/1051
f 1140/904/1027 1138/905/1027 1162/905/1040 1164/904/1040
f 363/627/355 394/599/386 1190/914/1056 1193/917/1059 364/656/356
f 394/599/386 422/569/413 423/570/414 1191/915/1057 1190/914/1056
f 364/656/356 1193/917/1059 1192/916/1058 1194/918/1060 1197/921/1063 365/658/357
f 1192/916/1058 1191/915/1057 423/570/414 1202/926/1068 1205/929/1071 1195/919/1061 1194/918/1060
f 365/658/357 1197/921/1063 1196/920/1062 1198/922/1064 1201/925/1067 366/660/358
f 1196/920/1062 1195/919/1061 1205/929/1071 1204/928/1070 424/571/415 1199/923/1065 1198/922/1064
f 366/660/358 1201/925/1067 1200/924/1066 395/600/387 367/628/359
f 1200/924/1066 1199/923/1065 424/571/415 425/572/416 395/600/387
f 423/570/414 453/540/444 1206/930/1072 1209/933/1075 1203/927/1069 1202/926/1068
f 1204/928/1070 1203/927/1069 1209/933/1075 1208/932/1074 454/541/445 424/571/415
f 453/540/444 483/509/474 1210/934/1076 1213/937/1079 1207/931/1073 1206/930/1072
f 1208/932/1074 1207/931/1073 1213/937/1079 1212/936/1078 484/510/475 454/541/445
f 483/509/474 513/474/504 1214/938/1080 1217/941/1083 1211/935/1077 1210/934/1076
f 1212/936/1078 1211/935/1077 1217/941/1083 1216/940/1082 514/475/505 484/510/475
f 513/474/504 542/473/533 1225/949/1091 1224/948/1090 1215/939/1081 1214/938/1080
f 1216/940/1082 1215/939/1081 1224/948/1090 1223/947/1089 543/476/534 514/475/505
f 502/454/493 532/441/523 1218/942/1084 1221/945/1087 503/498/494
f 532/441/523 560/428/549 1230/954/1096 1233/957/1099 1219/943/1085 1218/942/1084
f 503/498/494 1221/945/1087 1220/944/1086 533/456/524 504/455/495
f 1220/944/1086 1219/943/1085 1233/957/1099 1232/956/1098 1234/958/1100 1237/961/1103 533/456/524
f 542/473/533 1273/997/1139 1272/996/1138 1186/910/1052 1189/913/1055 1222/946/1088 1225/949/1091
f 1223/947/1089 1222/946/1088 1189/913/1055 1188/912/1054 1275/999/1141 1274/998/1140 543/476/534
f 518/484/509 547/483/536 1226/950/1092 1229/953/1095 519/515/510
f 547/483/536 1293/1017/1158 1292/1016/375 1294/1018/1159 1297/1021/1162 1227/951/1093 1226/950/1092
f 519/515/510 1229/953/1095 1228/952/1094 548/442/537 520/485/511
f 1228/952/1094 1227/951/1093 1297/1021/1162 1296/1020/1161 561/429/550 548/442/537
f 560/428/549 573/400/562 1298/1022/1163 1301/1025/1166 1231/955/1097 1230/954/1096
f 1232/956/1098 1231/955/1097 1301/1025/1166 1300/1024/1165 574/401/563 1235/959/1101 1234/958/1100
f 533/456/524 1237/961/1103 1236/960/1102 1238/962/1104 1241/965/1107 534/457/525
f 1236/960/1102 1235/959/1101 574/401/563 575/402/564 1239/963/1105 1238/962/1104
f 534/457/525 1241/965/1107 1240/964/1106 1242/966/1108 1245/969/1111 535/459/526
f 1240/964/1106 1239/963/1105 575/402/564 576/403/565 1243/967/1109 1242/966/1108
f 535/459/526 1245/969/1111 1244/968/1110 1246/970/1112 1249/973/1115 536/461/527
f 1244/968/1110 1243/967/1109 576/403/565 577/404/566 1247/971/1113 1246/970/1112
f 536/461/527 1249/973/1115 1248/972/1114 1250/974/1116 1253/977/1119 537/463/528
f 1248/972/1114 1247/971/1113 577/404/566 578/405/567 1251/975/1117 1250/974/1116
f 537/463/528 1253/977/1119 1252/976/1118 1254/978/1120 1257/981/1123 538/465/529
f 1252/976/1118 1251/975/1117 578/405/567 579/406/568 1255/979/1121 1254/978/1120
f 538/465/529 1257/981/1123 1256/980/1122 1258/982/1124 1261/985/1127 539/467/530
f 1256/980/1122 1255/979/1121 579/406/568 580/407/569 1259/983/1125 1258/982/1124
f 539/467/530 1261/985/1127 1260/984/1126 1262/986/1128 1265/989/1131 540/469/531
f 1260/984/1126 1259/983/1125 580/407/569 581/408/570 1263/987/1129 1262/986/1128
f 540/469/531 1265/989/1131 1264/988/1130 1266/990/1132 1269/993/1135 541/471/532
f 1264/988/1130 1263/987/1129 581/408/570 582/409/571 1267/991/1133 1266/990/1132
f 541/471/532 1269/993/1135 1268/992/1134 1270/994/1136 1273/997/1139 542/473/533
f 1268/992/1134 1267/991/1133 582/409/571 583/410/572 1271/995/1137 1270/994/1136
f 1272/996/1138 1271/995/1137 583/410/572 1302/1026/1167 1305/1029/1170 1187/911/1053 1186/910/1052
f 543/476/534 1274/998/1140 1277/1001/1143 1278/1002/1144 1281/1005/1147 544/477/535
f 1277/1001/1143 1276/1000/1142 584/411/573 585/412/574 1279/1003/1145 1278/1002/1144
f 1188/912/1054 1187/911/1053 1305/1029/1170 1304/1028/1169 584/411/573 1276/1000/1142 1275/999/1141
f 544/477/535 1281/1005/1147 1280/1004/1146 1282/1006/1148 1285/1009/1151 545/479/67
f 1280/1004/1146 1279/1003/1145 585/412/574 586/413/575 1283/1007/1149 1282/1006/1148
f 545/479/67 1285/1009/1151 1284/1008/1150 1286/1010/1152 1289/1013/1155 546/481/48
f 1284/1008/1150 1283/1007/1149 586/413/575 587/414/576 1287/1011/1153 1286/1010/1152
f 546/481/48 1289/1013/1155 1288/1012/1154 1290/1014/1156 1293/1017/1158 547/483/536
f 1288/1012/1154 1287/1011/1153 587/414/576 588/415/577 1291/1015/1157 1290/1014/1156
f 1292/1016/375 1291/1015/1157 588/415/577 1306/1030/1171 1309/1033/1174 1295/1019/1160 1294/1018/1159
f 1296/1020/1161 1295/1019/1160 1309/1033/1174 1308/1032/1173 589/416/578 561/429/550
f 573/400/562 601/370/590 602/371/591 1299/1023/1164 1298/1022/1163
f 1300/1024/1165 1299/1023/1164 602/371/591 603/372/592 574/401/563
f 583/410/572 612/381/601 1310/1034/1175 1313/1037/1178 1303/1027/1168 1302/1026/1167
f 1304/1028/1169 1303/1027/1168 1313/1037/1178 1312/1036/1177 613/382/602 584/411/573
f 588/415/577 617/386/606 618/387/607 1307/1031/1172 1306/1030/1171
f 1308/1032/1173 1307/1031/1172 618/387/607 619/388/608 589/416/578
f 612/381/601 642/351/631 1314/1038/1179 1317/1041/1182 1311/1035/1176 1310/1034/1175
f 1312/1036/1177 1311/1035/1176 1317/1041/1182 1316/1040/1181 643/352/632 613/382/602
f 642/351/631 672/320/660 1318/1042/920 1321/1045/1183 1315/1039/1180 1314/1038/1179
f 1316/1040/1181 1315/1039/1180 1321/1045/1183 1320/1044/18 673/321/661 643/352/632
f 672/320/660 702/319/690 1322/1046/1184 1325/1049/1186 1319/1043/886 1318/1042/920
f 1320/1044/18 1319/1043/886 1325/1049/1186 1324/1048/831 703/322/691 673/321/661
f 702/319/690 1329/1053/1190 1328/1052/1189 1330/1054/1191 1333/1057/868 1323/1047/1185 1322/1046/1184
f 1324/1048/831 1323/1047/1185 1333/1057/868 1332/1056/758 1334/1058/1193 1337/1061/749 703/322/691
f 701/290/689 731/262/718 1326/1050/1187 1329/1053/1190 702/319/690
f 731/262/718 759/231/745 760/232/746 1327/1051/1188 1326/1050/1187
f 1328/1052/1189 1327/1051/1188 760/232/746 761/233/747 1331/1055/1192 1330/1054/1191
f 1332/1056/758 1331/1055/1192 761/233/747 762/234/748 1335/1059/1194 1334/1058/1193
f 703/322/691 1337/1061/749 1336/1060/672 732/263/719 704/291/692
f 1336/1060/672 1335/1059/1194 762/234/748 763/235/749 732/263/719
f 1/874/1 5/1310/5 1338/1065/1195 99/875/97
f 5/1310/5 6/1311/6 1405/1307/1259 1338/1065/1195
f 99/875/97 1338/1065/1195 1341/1064/1198 98/1312/96
f 1339/1062/1196 1404/1306/925 133/831/126 1340/1063/1197
f 98/1312/96 1341/1064/1198 1343/1067/1200 97/882/95
f 1340/1063/1197 133/831/126 134/832/127 1342/1066/1199
f 97/882/95 1343/1067/1200 1345/1069/1202 96/883/94
f 1342/1066/1199 134/832/127 135/833/128 1344/1068/1201
f 96/883/94 1345/1069/1202 1347/1071/1204 95/1313/93
f 1344/1068/1201 135/833/128 136/834/129 1346/1070/1203
f 95/1313/93 1347/1071/1204 1349/1073/1206 94/862/92
f 1346/1070/1203 136/834/129 137/835/130 1348/1072/1205
f 94/862/92 1349/1073/1206 1351/1075/1208 93/863/91
f 1348/1072/1205 137/835/130 138/836/131 1350/1074/1207
f 93/863/91 1351/1075/1208 1353/1077/1210 92/1314/90
f 1350/1074/1207 138/836/131 139/837/132 1352/1076/1209
f 92/1314/90 1353/1077/1210 1355/1079/1212 91/866/89
f 1352/1076/1209 139/837/132 140/838/133 1354/1078/1211
f 91/866/89 1355/1079/1212 1357/1081/1214 90/867/88
f 1354/1078/1211 140/838/133 141/839/134 1356/1080/1213
f 90/867/88 1357/1081/1214 1359/1083/1216 89/1315/87
f 1356/1080/1213 141/839/134 142/840/135 1358/1082/1215
f 89/1315/87 1359/1083/1216 1361/1085/1218 88/868/86
f 1358/1082/1215 142/840/135 143/841/136 1360/1084/1217
f 88/868/86 1361/1085/1218 1363/1087/1220 87/869/85
f 1360/1084/1217 143/841/136 144/842/137 1362/1086/1219
f 87/869/85 1363/1087/1220 1365/1089/1222 86/1316/84
f 1362/1086/1219 144/842/137 145/843/138 1364/1088/1221
f 86/1316/84 1365/1089/1222 1367/1091/1224 85/870/83
f 1364/1088/1221 145/843/138 146/844/139 1366/1090/1223
f 85/870/83 1367/1091/1224 1369/1093/1226 84/871/82
f 1366/1090/1223 146/844/139 147/845/140 1368/1092/1225
f 84/871/82 1369/1093/1226 1371/1095/1228 83/1317/81
f 1368/1092/1225 147/845/140 148/846/141 1370/1094/1227
f 83/1317/81 1371/1095/1228 1373/1097/1230 82/872/80
f 1370/1094/1227 148/846/141 149/847/142 1372/1096/1229
f 82/872/80 1373/1097/1230 1375/1099/1232 81/873/79
f 1372/1096/1229 149/847/142 150/848/143 1374/1098/1231
f 81/873/79 1375/1099/1232 1377/1101/1234 80/1318/78
f 1374/1098/1231 150/848/143 151/849/144 1376/1100/1233
f 80/1318/78 1377/1101/1234 1379/1103/1236 79/876/77
f 1376/1100/1233 151/849/144 152/850/145 1378/1102/1235
f 79/876/77 1379/1103/1236 1381/1105/1238 78/877/76
f 1378/1102/1235 152/850/145 153/851/146 1380/1104/1237
f 78/877/76 1381/1105/1238 1383/1107/1240 77/1319/75
f 1380/1104/1237 153/851/146 154/852/147 1382/1106/1239
f 77/1319/75 1383/1107/1240 1385/1109/1242 76/878/74
f 1382/1106/1239 154/852/147 155/853/148 1384/1108/1241
f 76/878/74 1385/1109/1242 1387/1111/1244 75/879/73
f 1384/1108/1241 155/853/148 156/854/149 1386/1110/1243
f 75/879/73 1387/1111/1244 1389/1113/1246 74/1320/72
f 1386/1110/1243 156/854/149 157/855/150 1388/1112/1245
f 74/1320/72 1389/1113/1246 1391/1115/1248 73/880/71
f 1388/1112/1245 157/855/150 158/856/151 1390/1114/1247
f 73/880/71 1391/1115/1248 1393/1117/1250 72/881/70
f 1390/1114/1247 158/856/151 159/857/152 1392/1116/1249
f 72/881/70 1393/1117/1250 1395/1119/1252 71/1321/69
f 1392/1116/1249 159/857/152 160/858/153 1394/1118/1251
f 71/1321/69 1395/1119/1252 1397/1121/1254 70/884/68
f 1394/1118/1251 160/858/153 161/859/154 1396/1120/1253
f 70/884/68 1397/1121/1254 1399/1123/65 69/885/67
f 1396/1120/1253 161/859/154 162/860/155 1398/1122/1255
f 69/885/67 1399/1123/65 1401/1125/3 68/1322/66
f 1398/1122/1255 162/860/155 163/861/156 1400/1124/1256
f 68/1322/66 1401/1125/3 1403/1127/1258 67/864/65
f 1400/1124/1256 163/861/156 1407/1309/55 1402/1126/1257
f 1403/1127/1258 1406/1308/930 65/1323/64 66/1324/55
f 67/864/65 1403/1127/1258 66/1324/55 3/865/3
f 6/1311/6 7/1325/7 1409/1303/1261 1405/1307/1259
f 1404/1306/925 1408/1302/1260 164/800/157 133/831/126
f 1406/1308/930 1410/1304/1262 64/1326/63 65/1323/64
f 163/861/156 194/830/187 1411/1305/811 1407/1309/55
f 7/1325/7 8/1327/8 1413/1299/1264 1409/1303/1261
f 1408/1302/1260 1412/1298/1263 195/769/188 164/800/157
f 1410/1304/1262 1414/1300/216 63/1328/62 64/1326/63
f 194/830/187 225/799/218 1415/1301/894 1411/1305/811
f 8/1327/8 9/1329/9 1417/1295/1266 1413/1299/1264
f 1412/1298/1263 1416/1294/1265 226/738/219 195/769/188
f 1414/1300/216 1418/1296/1267 62/1330/61 63/1328/62
f 225/799/218 256/768/37 1419/1297/122 1415/1301/894
f 9/1329/9 10/1331/10 1421/1291/1269 1417/1295/1266
f 1416/1294/1265 1420/1290/1268 257/707/249 226/738/219
f 1418/1296/1267 1422/1292/1270 61/1332/60 62/1330/61
f 256/768/37 287/737/279 1423/1293/1271 1419/1297/122
f 10/1331/10 11/1333/11 1425/1287/1273 1421/1291/1269
f 1420/1290/1268 1424/1286/1272 288/676/280 257/707/249
f 1422/1292/1270 1426/1288/1274 60/1334/59 61/1332/60
f 287/737/279 318/706/310 1427/1289/1275 1423/1293/1271
f 11/1333/11 12/1335/12 1429/1283/1277 1425/1287/1273
f 1424/1286/1272 1428/1282/1276 319/642/311 288/676/280
f 1426/1288/1274 1430/1284/1278 59/1336/58 60/1334/59
f 318/706/310 349/675/341 1431/1285/1279 1427/1289/1275
f 12/1335/12 13/1337/13 1433/1279/1281 1429/1283/1277
f 1428/1282/1276 1432/1278/1280 350/614/342 319/642/311
f 1430/1284/1278 1434/1280/1282 58/1338/57 59/1336/58
f 349/675/341 380/641/372 1435/1281/1283 1431/1285/1279
f 13/1337/13 14/1339/14 1437/1275/1285 1433/1279/1281
f 1432/1278/1280 1436/1274/1284 381/586/373 350/614/342
f 1434/1280/1282 1438/1276/1286 57/1340/56 58/1338/57
f 380/641/372 408/613/400 1439/1277/1287 1435/1281/1283
f 14/1339/14 15/1341/15 1441/1271/1289 1437/1275/1285
f 1436/1274/1284 1440/1270/1288 409/556/121 381/586/373
f 1438/1276/1286 1442/1272/1290 56/1342/55 57/1340/56
f 408/613/400 438/585/429 1443/1273/1291 1439/1277/1287
f 15/1341/15 16/1343/16 1445/1267/703 1441/1271/1289
f 1440/1270/1288 1444/1266/119 439/526/430 409/556/121
f 1442/1272/1290 1446/1268/1292 55/1344/54 56/1342/55
f 438/585/429 468/555/459 1447/1269/1293 1443/1273/1291
f 16/1343/16 17/1345/17 1449/1263/887 1445/1267/703
f 1444/1266/119 1448/1262/1294 469/494/460 439/526/430
f 1446/1268/1292 1450/1264/1295 54/1346/53 55/1344/54
f 468/555/459 498/525/489 1451/1265/1296 1447/1269/1293
f 17/1345/17 18/1347/18 1453/1259/1298 1449/1263/887
f 1448/1262/1294 1452/1258/1297 499/451/490 469/494/460
f 1450/1264/1295 1454/1260/1299 53/1348/52 54/1346/53
f 498/525/489 528/493/519 1455/1261/1300 1451/1265/1296
f 18/1347/18 19/1349/19 1457/1255/1302 1453/1259/1298
f 1452/1258/1297 1456/1254/1301 529/438/520 499/451/490
f 1454/1260/1299 1458/1256/1303 52/1350/51 53/1348/52
f 528/493/519 556/450/545 1459/1257/1304 1455/1261/1300
f 19/1349/19 20/1351/20 1461/1251/1306 1457/1255/1302
f 1456/1254/1301 1460/1250/1305 557/425/546 529/438/520
f 1458/1256/1303 1462/1252/1307 51/1352/50 52/1350/51
f 556/450/545 569/437/558 1463/1253/1308 1459/1257/1304
f 20/1351/20 21/1353/21 1465/1247/1310 1461/1251/1306
f 1460/1250/1305 1464/1246/1309 570/397/559 557/425/546
f 1462/1252/1307 1466/1248/1311 50/1354/49 51/1352/50
f 569/437/558 597/424/586 1467/1249/1287 1463/1253/1308
f 21/1353/21 22/1355/22 1469/1243/1313 1465/1247/1310
f 1464/1246/1309 1468/1242/1312 598/367/587 570/397/559
f 1466/1248/1311 1470/1244/1314 49/1356/48 50/1354/49
f 597/424/586 627/396/616 1471/1245/42 1467/1249/1287
f 22/1355/22 23/1357/23 1473/1239/1316 1469/1243/1313
f 1468/1242/1312 1472/1238/1315 628/337/617 598/367/587
f 1470/1244/1314 1474/1240/1317 48/1358/38 49/1356/48
f 627/396/616 657/366/646 1475/1241/46 1471/1245/42
f 23/1357/23 24/1359/24 1477/1235/1319 1473/1239/1316
f 1472/1238/1315 1476/1234/1318 658/305/647 628/337/617
f 1474/1240/1317 1478/1236/1320 47/1360/47 48/1358/38
f 657/366/646 687/336/675 1479/1237/1321 1475/1241/46
f 24/1359/24 25/1361/25 1481/1231/24 1477/1235/1319
f 1476/1234/1318 1480/1230/1322 688/277/676 658/305/647
f 1478/1236/1320 1482/1232/102 46/1362/46 47/1360/47
f 687/336/675 717/304/705 1483/1233/705 1479/1237/1321
f 25/1361/25 26/1363/26 1485/1227/1324 1481/1231/24
f 1480/1230/1322 1484/1226/1323 718/249/706 688/277/676
f 1482/1232/102 1486/1228/1325 45/1364/45 46/1362/46
f 717/304/705 745/276/731 1487/1229/731 1483/1233/705
f 26/1363/26 27/1365/27 1489/1223/1327 1485/1227/1324
f 1484/1226/1323 1488/1222/1326 746/218/732 718/249/706
f 1486/1228/1325 1490/1224/1328 44/1366/44 45/1364/45
f 745/276/731 776/248/762 1491/1225/674 1487/1229/731
f 27/1365/27 28/1367/28 1493/1219/1330 1489/1223/1327
f 1488/1222/1326 1492/1218/1329 777/187/763 746/218/732
f 1490/1224/1328 1494/1220/1331 43/1368/43 44/1366/44
f 776/248/762 807/217/671 1495/1221/712 1491/1225/674
f 28/1367/28 29/1369/29 1497/1215/1333 1493/1219/1330
f 1492/1218/1329 1496/1214/1332 808/156/787 777/187/763
f 1494/1220/1331 1498/1216/1334 42/1370/42 43/1368/43
f 807/217/671 838/186/814 1499/1217/653 1495/1221/712
f 29/1369/29 30/1371/30 1501/1211/1336 1497/1215/1333
f 1496/1214/1332 1500/1210/1335 839/125/815 808/156/787
f 1498/1216/1334 1502/1212/895 41/1372/41 42/1370/42
f 838/186/814 869/155/842 1503/1213/1337 1499/1217/653
f 30/1371/30 31/1373/31 1505/1207/1339 1501/1211/1336
f 1500/1210/1335 1504/1206/1338 870/94/843 839/125/815
f 1502/1212/895 1506/1208/1184 40/1374/40 41/1372/41
f 869/155/842 900/124/868 1507/1209/1184 1503/1213/1337
f 31/1373/31 32/1375/32 1509/1203/1341 1505/1207/1339
f 1504/1206/1338 1508/1202/1340 901/63/869 870/94/843
f 1506/1208/1184 1510/1204/39 39/1376/39 40/1374/40
f 900/124/868 931/93/116 1511/1205/114 1507/1209/1184
f 32/1375/32 33/1377/33 1513/1199/1343 1509/1203/1341
f 1508/1202/1340 1512/1198/1342 932/1/896 901/63/869
f 1510/1204/39 1514/1200/38 38/1378/38 39/1376/39
f 931/93/116 962/62/866 1515/1201/1344 1511/1205/114
f 33/1377/33 34/1379/34 1517/1195/1345 1513/1199/1343
f 1512/1198/1342 1516/1194/612 963/2/920 932/1/896
f 1514/1200/38 1518/1196/37 37/1380/37 38/1378/38
f 962/62/866 993/61/116 1519/1197/114 1515/1201/1344
f 34/1379/34 35/1381/35 1521/1128/1346 1517/1195/1345
f 1516/1194/612 1520/1131/34 1523/1130/1347 963/2/920
f 1518/1196/37 1584/1192/1375 36/1382/36 37/1380/37
f 993/61/116 1583/1191/1374 1585/1193/123 1519/1197/114
f 35/1381/35 2/905/2 100/904/98 1521/1128/1346
f 1521/1128/1346 100/904/98 101/1383/99 1522/1129/643
f 963/2/920 1523/1130/1347 1525/1133/1349 964/3/921
f 1522/1129/643 101/1383/99 102/901/100 1524/1132/1348
f 964/3/921 1525/1133/1349 1527/1135/712 965/5/922
f 1524/1132/1348 102/901/100 103/900/101 1526/1134/102
f 965/5/922 1527/1135/712 1529/1137/45 966/7/923
f 1526/1134/102 103/900/101 104/1384/102 1528/1136/102
f 966/7/923 1529/1137/45 1531/1139/938 967/9/924
f 1528/1136/102 104/1384/102 105/897/103 1530/1138/1350
f 967/9/924 1531/1139/938 1533/1141/1325 968/11/925
f 1530/1138/1350 105/897/103 106/896/57 1532/1140/1351
f 968/11/925 1533/1141/1325 1535/1143/1328 969/13/926
f 1532/1140/1351 106/896/57 107/1385/104 1534/1142/1352
f 969/13/926 1535/1143/1328 1537/1145/119 970/15/927
f 1534/1142/1352 107/1385/104 108/895/105 1536/1144/1353
f 970/15/927 1537/1145/119 1539/1147/928 971/17/44
f 1536/1144/1353 108/895/105 109/894/106 1538/1146/1354
f 971/17/44 1539/1147/928 1541/1149/1355 972/19/928
f 1538/1146/1354 109/894/106 110/1386/107 1540/1148/119
f 972/19/928 1541/1149/1355 1543/1151/107 973/21/929
f 1540/1148/119 110/1386/107 111/893/108 1542/1150/1356
f 973/21/929 1543/1151/107 1545/1153/1357 974/23/36
f 1542/1150/1356 111/893/108 112/892/109 1544/1152/107
f 974/23/36 1545/1153/1357 1547/1155/112 975/25/930
f 1544/1152/107 112/892/109 113/1387/110 1546/1154/1358
f 975/25/930 1547/1155/112 1549/1157/42 976/27/931
f 1546/1154/1358 113/1387/110 114/891/111 1548/1156/144
f 976/27/931 1549/1157/42 1551/1159/401 977/29/932
f 1548/1156/144 114/891/111 115/890/112 1550/1158/112
f 977/29/932 1551/1159/401 1553/1161/1360 978/31/933
f 1550/1158/112 115/890/112 116/1388/113 1552/1160/1359
f 978/31/933 1553/1161/1360 1555/1163/1360 979/33/758
f 1552/1160/1359 116/1388/113 117/887/114 1554/1162/1361
f 979/33/758 1555/1163/1360 1557/1165/114 980/35/934
f 1554/1162/1361 117/887/114 118/886/114 1556/1164/1362
f 980/35/934 1557/1165/114 1559/1167/1363 981/37/935
f 1556/1164/1362 118/886/114 119/1389/115 1558/1166/943
f 981/37/935 1559/1167/1363 1561/1169/1317 982/39/115
f 1558/1166/943 119/1389/115 120/909/116 1560/1168/1317
f 982/39/115 1561/1169/1317 1563/1171/1362 983/41/936
f 1560/1168/1317 120/909/116 121/908/116 1562/1170/123
f 983/41/936 1563/1171/1362 1565/1173/123 984/43/937
f 1562/1170/123 121/908/116 122/1390/117 1564/1172/42
f 984/43/937 1565/1173/123 1567/1175/803 985/45/761
f 1564/1172/42 122/1390/117 123/907/118 1566/1174/1364
f 985/45/761 1567/1175/803 1569/1177/103 986/47/938
f 1566/1174/1364 123/907/118 124/906/119 1568/1176/1288
f 986/47/938 1569/1177/103 1571/1179/1366 987/49/939
f 1568/1176/1288 124/906/119 125/1391/44 1570/1178/1365
f 987/49/939 1571/1179/1366 1573/1181/1368 988/51/940
f 1570/1178/1365 125/1391/44 126/903/120 1572/1180/1367
f 988/51/940 1573/1181/1368 1575/1183/1370 989/53/941
f 1572/1180/1367 126/903/120 127/902/121 1574/1182/1369
f 989/53/941 1575/1183/1370 1577/1185/1372 990/55/942
f 1574/1182/1369 127/902/121 128/1392/122 1576/1184/1371
f 990/55/942 1577/1185/1372 1579/1187/943 991/57/943
f 1576/1184/1371 128/1392/122 129/899/123 1578/1186/943
f 991/57/943 1579/1187/943 1581/1189/1317 992/59/116
f 1578/1186/943 129/899/123 130/898/42 1580/1188/42
f 992/59/116 1581/1189/1317 1583/1191/1374 993/61/116
f 1580/1188/42 130/898/42 131/1393/124 1582/1190/1373
f 1582/1190/1373 131/1393/124 132/889/125 1584/1192/1375
f 1584/1192/1375 132/889/125 4/888/4 36/1382/36
usemtl Gotik_Symbol
f 1020/864/961 1019/865/961 1043/865/977 1044/864/977
f 1034/868/971 1033/869/970 1057/869/986 1058/868/987
f 1028/876/956 1027/877/956 1051/877/983 1052/876/983
f 1022/884/963 1021/885/962 1045/885/978 1046/884/979
f 1036/866/972 1035/867/972 1059/867/988 1060/866/988
f 1030/872/967 1029/873/967 1053/873/984 1054/872/984
f 1024/880/964 1023/881/964 1047/881/980 1048/880/980
f 1038/862/974 1037/863/973 1061/863/989 1062/862/989
f 1018/874/960 1041/875/960 1065/875/976 1042/874/976
f 1032/870/969 1031/871/968 1055/871/985 1056/870/985
f 1026/878/966 1025/879/965 1049/879/981 1050/878/982
f 1040/882/975 1039/883/975 1063/883/990 1064/882/990
f 1134/902/1025 1133/903/1025 1157/903/1037 1158/902/1037
f 1115/888/1016 1137/889/1016 1161/889/1028 1139/888/1028
f 1128/886/1022 1127/887/1022 1151/887/1034 1152/886/1034
f 1122/894/1019 1121/895/1019 1145/895/1031 1146/894/1031
f 1136/898/1026 1135/899/1026 1159/899/1038 1160/898/1039
f 1116/904/1015 1114/905/1015 1138/905/1027 1140/904/1027
f 1130/908/1023 1129/909/1023 1153/909/1035 1154/908/1035
f 1124/892/1020 1123/893/1020 1147/893/1032 1148/892/1032
f 1118/900/1017 1117/901/1017 1141/901/1029 1142/900/1029
f 1132/906/1024 1131/907/1024 1155/907/1036 1156/906/1036
f 1126/890/1021 1125/891/1021 1149/891/1033 1150/890/1033
f 1120/896/1018 1119/897/1018 1143/897/1030 1144/896/1030
f 1186/910/1052 1187/911/1053 1188/912/1054 1189/913/1055
f 1190/914/1056 1191/915/1057 1192/916/1058 1193/917/1059
f 1194/918/1060 1195/919/1061 1196/920/1062 1197/921/1063
f 1198/922/1064 1199/923/1065 1200/924/1066 1201/925/1067
f 1202/926/1068 1203/927/1069 1204/928/1070 1205/929/1071
f 1206/930/1072 1207/931/1073 1208/932/1074 1209/933/1075
f 1210/934/1076 1211/935/1077 1212/936/1078 1213/937/1079
f 1214/938/1080 1215/939/1081 1216/940/1082 1217/941/1083
f 1218/942/1084 1219/943/1085 1220/944/1086 1221/945/1087
f 1222/946/1088 1223/947/1089 1224/948/1090 1225/949/1091
f 1226/950/1092 1227/951/1093 1228/952/1094 1229/953/1095
f 1230/954/1096 1231/955/1097 1232/956/1098 1233/957/1099
f 1234/958/1100 1235/959/1101 1236/960/1102 1237/961/1103
f 1238/962/1104 1239/963/1105 1240/964/1106 1241/965/1107
f 1242/966/1108 1243/967/1109 1244/968/1110 1245/969/1111
f 1246/970/1112 1247/971/1113 1248/972/1114 1249/973/1115
f 1250/974/1116 1251/975/1117 1252/976/1118 1253/977/1119
f 1254/978/1120 1255/979/1121 1256/980/1122 1257/981/1123
f 1258/982/1124 1259/983/1125 1260/984/1126 1261/985/1127
f 1262/986/1128 1263/987/1129 1264/988/1130 1265/989/1131
f 1266/990/1132 1267/991/1133 1268/992/1134 1269/993/1135
f 1270/994/1136 1271/995/1137 1272/996/1138 1273/997/1139
f 1274/998/1140 1275/999/1141 1276/1000/1142 1277/1001/1143
f 1278/1002/1144 1279/1003/1145 1280/1004/1146 1281/1005/1147
f 1282/1006/1148 1283/1007/1149 1284/1008/1150 1285/1009/1151
f 1286/1010/1152 1287/1011/1153 1288/1012/1154 1289/1013/1155
f 1290/1014/1156 1291/1015/1157 1292/1016/375 1293/1017/1158
f 1294/1018/1159 1295/1019/1160 1296/1020/1161 1297/1021/1162
f 1298/1022/1163 1299/1023/1164 1300/1024/1165 1301/1025/1166
f 1302/1026/1167 1303/1027/1168 1304/1028/1169 1305/1029/1170
f 1306/1030/1171 1307/1031/1172 1308/1032/1173 1309/1033/1174
f 1310/1034/1175 1311/1035/1176 1312/1036/1177 1313/1037/1178
f 1314/1038/1179 1315/1039/1180 1316/1040/1181 1317/1041/1182
f 1318/1042/920 1319/1043/886 1320/1044/18 1321/1045/1183
f 1322/1046/1184 1323/1047/1185 1324/1048/831 1325/1049/1186
f 1326/1050/1187 1327/1051/1188 1328/1052/1189 1329/1053/1190
f 1330/1054/1191 1331/1055/1192 1332/1056/758 1333/1057/868
f 1334/1058/1193 1335/1059/1194 1336/1060/672 1337/1061/749
f 1339/1062/1196 1340/1063/1197 1341/1064/1198 1338/1065/1195
f 1340/1063/1197 1342/1066/1199 1343/1067/1200 1341/1064/1198
f 1342/1066/1199 1344/1068/1201 1345/1069/1202 1343/1067/1200
f 1344/1068/1201 1346/1070/1203 1347/1071/1204 1345/1069/1202
f 1346/1070/1203 1348/1072/1205 1349/1073/1206 1347/1071/1204
f 1348/1072/1205 1350/1074/1207 1351/1075/1208 1349/1073/1206
f 1350/1074/1207 1352/1076/1209 1353/1077/1210 1351/1075/1208
f 1352/1076/1209 1354/1078/1211 1355/1079/1212 1353/1077/1210
f 1354/1078/1211 1356/1080/1213 1357/1081/1214 1355/1079/1212
f 1356/1080/1213 1358/1082/1215 1359/1083/1216 1357/1081/1214
f 1358/1082/1215 1360/1084/1217 1361/1085/1218 1359/1083/1216
f 1360/1084/1217 1362/1086/1219 1363/1087/1220 1361/1085/1218
f 1362/1086/1219 1364/1088/1221 1365/1089/1222 1363/1087/1220
f 1364/1088/1221 1366/1090/1223 1367/1091/1224 1365/1089/1222
f 1366/1090/1223 1368/1092/1225 1369/1093/1226 1367/1091/1224
f 1368/1092/1225 1370/1094/1227 1371/1095/1228 1369/1093/1226
f 1370/1094/1227 1372/1096/1229 1373/1097/1230 1371/1095/1228
f 1372/1096/1229 1374/1098/1231 1375/1099/1232 1373/1097/1230
f 1374/1098/1231 1376/1100/1233 1377/1101/1234 1375/1099/1232
f 1376/1100/1233 1378/1102/1235 1379/1103/1236 1377/1101/1234
f 1378/1102/1235 1380/1104/1237 1381/1105/1238 1379/1103/1236
f 1380/1104/1237 1382/1106/1239 1383/1107/1240 1381/1105/1238
f 1382/1106/1239 1384/1108/1241 1385/1109/1242 1383/1107/1240
f 1384/1108/1241 1386/1110/1243 1387/1111/1244 1385/1109/1242
f 1386/1110/1243 1388/1112/1245 1389/1113/1246 1387/1111/1244
f 1388/1112/1245 1390/1114/1247 1391/1115/1248 1389/1113/1246
f 1390/1114/1247 1392/1116/1249 1393/1117/1250 1391/1115/1248
f 1392/1116/1249 1394/1118/1251 1395/1119/1252 1393/1117/1250
f 1394/1118/1251 1396/1120/1253 1397/1121/1254 1395/1119/1252
f 1396/1120/1253 1398/1122/1255 1399/1123/65 1397/1121/1254
f 1398/1122/1255 1400/1124/1256 1401/1125/3 1399/1123/65
f 1400/1124/1256 1402/1126/1257 1403/1127/1258 1401/1125/3
f 1521/1128/1346 1522/1129/643 1523/1130/1347 1520/1131/34
f 1522/1129/643 1524/1132/1348 1525/1133/1349 1523/1130/1347
f 1524/1132/1348 1526/1134/102 1527/1135/712 1525/1133/1349
f 1526/1134/102 1528/1136/102 1529/1137/45 1527/1135/712
f 1528/1136/102 1530/1138/1350 1531/1139/938 1529/1137/45
f 1530/1138/1350 1532/1140/1351 1533/1141/1325 1531/1139/938
f 1532/1140/1351 1534/1142/1352 1535/1143/1328 1533/1141/1325
f 1534/1142/1352 1536/1144/1353 1537/1145/119 1535/1143/1328
f 1536/1144/1353 1538/1146/1354 1539/1147/928 1537/1145/119
f 1538/1146/1354 1540/1148/119 1541/1149/1355 1539/1147/928
f 1540/1148/119 1542/1150/1356 1543/1151/107 1541/1149/1355
f 1542/1150/1356 1544/1152/107 1545/1153/1357 1543/1151/107
f 1544/1152/107 1546/1154/1358 1547/1155/112 1545/1153/1357
f 1546/1154/1358 1548/1156/144 1549/1157/42 1547/1155/112
f 1548/1156/144 1550/1158/112 1551/1159/401 1549/1157/42
f 1550/1158/112 1552/1160/1359 1553/1161/1360 1551/1159/401
f 1552/1160/1359 1554/1162/1361 1555/1163/1360 1553/1161/1360
f 1554/1162/1361 1556/1164/1362 1557/1165/114 1555/1163/1360
f 1556/1164/1362 1558/1166/943 1559/1167/1363 1557/1165/114
f 1558/1166/943 1560/1168/1317 1561/1169/1317 1559/1167/1363
f 1560/1168/1317 1562/1170/123 1563/1171/1362 1561/1169/1317
f 1562/1170/123 1564/1172/42 1565/1173/123 1563/1171/1362
f 1564/1172/42 1566/1174/1364 1567/1175/803 1565/1173/123
f 1566/1174/1364 1568/1176/1288 1569/1177/103 1567/1175/803
f 1568/1176/1288 1570/1178/1365 1571/1179/1366 1569/1177/103
f 1570/1178/1365 1572/1180/1367 1573/1181/1368 1571/1179/1366
f 1572/1180/1367 1574/1182/1369 1575/1183/1370 1573/1181/1368
f 1574/1182/1369 1576/1184/1371 1577/1185/1372 1575/1183/1370
f 1576/1184/1371 1578/1186/943 1579/1187/943 1577/1185/1372
f 1578/1186/943 1580/1188/42 1581/1189/1317 1579/1187/943
f 1580/1188/42 1582/1190/1373 1583/1191/1374 1581/1189/1317
f 1582/1190/1373 1584/1192/1375 1585/1193/123 1583/1191/1374
f 1520/1131/34 1516/1194/612 1517/1195/1345 1521/1128/1346
f 1584/1192/1375 1518/1196/37 1519/1197/114 1585/1193/123
f 1516/1194/612 1512/1198/1342 1513/1199/1343 1517/1195/1345
f 1518/1196/37 1514/1200/38 1515/1201/1344 1519/1197/114
f 1512/1198/1342 1508/1202/1340 1509/1203/1341 1513/1199/1343
f 1514/1200/38 1510/1204/39 1511/1205/114 1515/1201/1344
f 1508/1202/1340 1504/1206/1338 1505/1207/1339 1509/1203/1341
f 1510/1204/39 1506/1208/1184 1507/1209/1184 1511/1205/114
f 1504/1206/1338 1500/1210/1335 1501/1211/1336 1505/1207/1339
f 1506/1208/1184 1502/1212/895 1503/1213/1337 1507/1209/1184
f 1500/1210/1335 1496/1214/1332 1497/1215/1333 1501/1211/1336
f 1502/1212/895 1498/1216/1334 1499/1217/653 1503/1213/1337
f 1496/1214/1332 1492/1218/1329 1493/1219/1330 1497/1215/1333
f 1498/1216/1334 1494/1220/1331 1495/1221/712 1499/1217/653
f 1492/1218/1329 1488/1222/1326 1489/1223/1327 1493/1219/1330
f 1494/1220/1331 1490/1224/1328 1491/1225/674 1495/1221/712
f 1488/1222/1326 1484/1226/1323 1485/1227/1324 1489/1223/1327
f 1490/1224/1328 1486/1228/1325 1487/1229/731 1491/1225/674
f 1484/1226/1323 1480/1230/1322 1481/1231/24 1485/1227/1324
f 1486/1228/1325 1482/1232/102 1483/1233/705 1487/1229/731
f 1480/1230/1322 1476/1234/1318 1477/1235/1319 1481/1231/24
f 1482/1232/102 1478/1236/1320 1479/1237/1321 1483/1233/705
f 1476/1234/1318 1472/1238/1315 1473/1239/1316 1477/1235/1319
f 1478/1236/1320 1474/1240/1317 1475/1241/46 1479/1237/1321
f 1472/1238/1315 1468/1242/1312 1469/1243/1313 1473/1239/1316
f 1474/1240/1317 1470/1244/1314 1471/1245/42 1475/1241/46
f 1468/1242/1312 1464/1246/1309 1465/1247/1310 1469/1243/1313
f 1470/1244/1314 1466/1248/1311 1467/1249/1287 1471/1245/42
f 1464/1246/1309 1460/1250/1305 1461/1251/1306 1465/1247/1310
f 1466/1248/1311 1462/1252/1307 1463/1253/1308 1467/1249/1287
f 1460/1250/1305 1456/1254/1301 1457/1255/1302 1461/1251/1306
f 1462/1252/1307 1458/1256/1303 1459/1257/1304 1463/1253/1308
f 1456/1254/1301 1452/1258/1297 1453/1259/1298 1457/1255/1302
f 1458/1256/1303 1454/1260/1299 1455/1261/1300 1459/1257/1304
f 1452/1258/1297 1448/1262/1294 1449/1263/887 1453/1259/1298
f 1454/1260/1299 1450/1264/1295 1451/1265/1296 1455/1261/1300
f 1448/1262/1294 1444/1266/119 1445/1267/703 1449/1263/887
f 1450/1264/1295 1446/1268/1292 1447/1269/1293 1451/1265/1296
f 1444/1266/119 1440/1270/1288 1441/1271/1289 1445/1267/703
f 1446/1268/1292 1442/1272/1290 1443/1273/1291 1447/1269/1293
f 1440/1270/1288 1436/1274/1284 1437/1275/1285 1441/1271/1289
f 1442/1272/1290 1438/1276/1286 1439/1277/1287 1443/1273/1291
f 1436/1274/1284 1432/1278/1280 1433/1279/1281 1437/1275/1285
f 1438/1276/1286 1434/1280/1282 1435/1281/1283 1439/1277/1287
f 1432/1278/1280 1428/1282/1276 1429/1283/1277 1433/1279/1281
f 1434/1280/1282 1430/1284/1278 1431/1285/1279 1435/1281/1283
f 1428/1282/1276 1424/1286/1272 1425/1287/1273 1429/1283/1277
f 1430/1284/1278 1426/1288/1274 1427/1289/1275 1431/1285/1279
f 1424/1286/1272 1420/1290/1268 1421/1291/1269 1425/1287/1273
f 1426/1288/1274 1422/1292/1270 1423/1293/1271 1427/1289/1275
f 1420/1290/1268 1416/1294/1265 1417/1295/1266 1421/1291/1269
f 1422/1292/1270 1418/1296/1267 1419/1297/122 1423/1293/1271
f 1416/1294/1265 1412/1298/1263 1413/1299/1264 1417/1295/1266
f 1418/1296/1267 1414/1300/216 1415/1301/894 1419/1297/122
f 1412/1298/1263 1408/1302/1260 1409/1303/1261 1413/1299/1264
f 1414/1300/216 1410/1304/1262 1411/1305/811 1415/1301/894
f 1408/1302/1260 1404/1306/925 1405/1307/1259 1409/1303/1261
f 1410/1304/1262 1406/1308/930 1407/1309/55 1411/1305/811
f 1404/1306/925 1339/1062/1196 1338/1065/1195 1405/1307/1259
f 1406/1308/930 1403/1127/1258 1402/1126/1257 1407/1309/55
