# Blender 5.1.1
# www.blender.org
mtllib Teppich_Symbol_var1.mtl
o Teppich_var3
v 9.249893 -0.015468 -1.834704
v 11.152781 0.033016 -2.001881
v 9.236397 -0.015457 -2.508517
v 11.190930 -0.014523 -2.572814
v 9.294479 -0.015479 -1.835531
v 9.339089 -0.015492 -1.836391
v 9.383751 -0.015477 -1.837228
v 9.428487 -0.014806 -1.838039
v 9.473197 -0.010670 -1.838842
v 9.517529 -0.002977 -1.839713
v 9.561728 0.005984 -1.840811
v 9.606236 0.013944 -1.842117
v 9.650974 0.019316 -1.843019
v 9.696931 0.020590 -1.844991
v 9.742270 0.021284 -1.847322
v 9.787587 0.020749 -1.849864
v 9.832892 0.020306 -1.852629
v 9.878145 0.020633 -1.855601
v 9.923393 0.021810 -1.858801
v 9.968566 0.024097 -1.862278
v 10.013707 0.027658 -1.866192
v 10.058649 0.032377 -1.871010
v 10.103361 0.037230 -1.877426
v 10.147331 0.038465 -1.887566
v 10.188525 0.032684 -1.904279
v 10.227500 0.022288 -1.923521
v 10.267392 0.024968 -1.936501
v 10.298493 0.013584 -1.974250
v 10.300152 -0.024131 -1.991764
v 10.336662 -0.034931 -2.007216
v 10.378925 -0.046922 -2.014508
v 10.419290 -0.054115 -2.021967
v 10.462705 -0.052984 -2.025802
v 10.505535 -0.050164 -2.029387
v 10.549340 -0.050480 -2.026789
v 10.593248 -0.048041 -2.026675
v 10.636904 -0.044977 -2.025653
v 10.681034 -0.040807 -2.024229
v 10.725253 -0.036837 -2.022601
v 10.769380 -0.036860 -2.021947
v 10.813860 -0.036294 -2.017766
v 10.860206 -0.034226 -2.009607
v 10.904358 -0.030024 -2.006691
v 10.948027 -0.025248 -2.004582
v 10.991706 -0.015709 -2.004070
v 11.030402 0.000541 -2.008559
v 11.067125 0.019077 -2.012114
v 11.109915 0.026855 -2.007541
v 11.149617 -0.013368 -2.589670
v 11.106664 -0.013989 -2.601670
v 11.064535 -0.009331 -2.615948
v 11.024523 0.001836 -2.633193
v 10.979775 0.002302 -2.631145
v 10.935202 0.000610 -2.626557
v 10.890947 -0.002666 -2.621561
v 10.847040 -0.007638 -2.616186
v 10.803318 -0.012626 -2.610312
v 10.759504 -0.015379 -2.604501
v 10.715606 -0.015405 -2.599026
v 10.671638 -0.015441 -2.594017
v 10.627590 -0.015449 -2.589272
v 10.583493 -0.015493 -2.584847
v 10.539368 -0.015509 -2.580671
v 10.495226 -0.015522 -2.576600
v 10.451029 -0.015500 -2.572698
v 10.406776 -0.015454 -2.568895
v 10.362465 -0.015398 -2.565203
v 10.318118 -0.013238 -2.561571
v 10.274822 -0.003021 -2.558261
v 10.232944 0.012751 -2.554891
v 10.189866 0.024564 -2.551512
v 10.144930 0.020714 -2.548232
v 10.100405 0.020150 -2.544930
v 10.055917 0.020541 -2.541571
v 10.011446 0.020571 -2.538233
v 9.966995 0.020112 -2.534913
v 9.922579 0.021369 -2.531532
v 9.878222 0.024329 -2.527878
v 9.851991 -0.007077 -2.510417
v 9.808462 -0.015331 -2.509246
v 9.764019 -0.015575 -2.509209
v 9.719583 -0.015431 -2.508998
v 9.679901 0.004341 -2.509366
v 9.635600 0.008162 -2.510494
v 9.591082 0.004817 -2.510790
v 9.546689 0.001474 -2.510657
v 9.502326 -0.001874 -2.510337
v 9.457981 -0.005132 -2.509970
v 9.413658 -0.008384 -2.509598
v 9.369358 -0.011636 -2.509239
v 9.325082 -0.014866 -2.508913
v 9.280739 -0.015359 -2.508643
v 9.236249 -0.015368 -2.468927
v 9.236606 -0.015390 -2.429267
v 9.236522 -0.015367 -2.389600
v 9.236961 -0.015383 -2.349860
v 9.237108 -0.015372 -2.310115
v 9.237845 -0.015385 -2.270334
v 9.238286 -0.015355 -2.230559
v 9.239441 -0.015431 -2.190805
v 9.240206 -0.015389 -2.151070
v 9.241702 -0.015374 -2.111400
v 9.242765 -0.015364 -2.071756
v 9.244473 -0.015378 -2.032194
v 9.245700 -0.015385 -1.992661
v 9.247291 -0.015393 -1.953186
v 9.248186 -0.015410 -1.913697
v 9.249334 -0.015424 -1.874213
v 11.160517 0.033689 -2.040377
v 11.164202 0.020129 -2.077870
v 11.174432 0.015526 -2.115423
v 11.180612 0.004223 -2.155162
v 11.190794 0.003890 -2.195898
v 11.202821 -0.010496 -2.237021
v 11.208487 -0.018729 -2.277493
v 11.208990 -0.033277 -2.314538
v 11.208100 -0.032525 -2.354525
v 11.200842 -0.014636 -2.391107
v 11.196266 0.000032 -2.427665
v 11.189667 0.009649 -2.464339
v 11.187307 0.014188 -2.503540
v 11.151989 0.031997 -2.505727
v 11.146786 0.005336 -2.534550
v 11.182817 0.015471 -2.548949
v 9.293766 -0.015440 -1.875081
v 9.292744 -0.015391 -1.914608
v 9.291673 -0.015375 -1.954155
v 9.290194 -0.015357 -1.993649
v 9.288793 -0.015356 -2.033190
v 9.287243 -0.015343 -2.072712
v 9.286019 -0.015347 -2.112315
v 9.284697 -0.015355 -2.151892
v 9.283763 -0.015416 -2.191545
v 9.282769 -0.015349 -2.231168
v 9.282175 -0.015338 -2.270852
v 9.281591 -0.015342 -2.310518
v 9.281304 -0.015358 -2.350198
v 9.281009 -0.015350 -2.389857
v 9.280945 -0.015353 -2.429470
v 9.280731 -0.015344 -2.469074
v 9.338303 -0.015460 -1.875927
v 9.337300 -0.015426 -1.915458
v 9.336134 -0.015366 -1.954979
v 9.334651 -0.015278 -1.994460
v 9.333084 -0.014123 -2.033945
v 9.331651 -0.014372 -2.073438
v 9.330360 -0.014482 -2.112976
v 9.329111 -0.014570 -2.152515
v 9.328104 -0.014624 -2.192098
v 9.327181 -0.014623 -2.231683
v 9.326537 -0.014764 -2.271302
v 9.326010 -0.014808 -2.310921
v 9.325694 -0.014832 -2.350550
v 9.325441 -0.014844 -2.390166
v 9.325327 -0.014856 -2.429757
v 9.325167 -0.014862 -2.469342
v 9.382924 -0.015443 -1.876746
v 9.381894 -0.015427 -1.916260
v 9.380658 -0.015349 -1.955760
v 9.379107 -0.014669 -1.995185
v 9.377333 -0.010603 -2.034447
v 9.375933 -0.011176 -2.073996
v 9.374619 -0.011224 -2.113509
v 9.373395 -0.011332 -2.153032
v 9.372364 -0.011387 -2.192580
v 9.371479 -0.011460 -2.232142
v 9.370813 -0.011482 -2.271721
v 9.370311 -0.011555 -2.311330
v 9.369996 -0.011579 -2.350937
v 9.369760 -0.011595 -2.390531
v 9.369624 -0.011596 -2.430107
v 9.369487 -0.011609 -2.469677
v 9.427624 -0.014744 -1.877540
v 9.426543 -0.014867 -1.917038
v 9.425251 -0.014943 -1.956526
v 9.423535 -0.011979 -1.995854
v 9.421605 -0.007039 -2.035002
v 9.420222 -0.007861 -2.074545
v 9.418902 -0.007997 -2.114040
v 9.417681 -0.008073 -2.153545
v 9.416637 -0.008147 -2.193071
v 9.415770 -0.008203 -2.232614
v 9.415098 -0.008247 -2.272180
v 9.414601 -0.008283 -2.311768
v 9.414295 -0.008308 -2.351348
v 9.414069 -0.008339 -2.390922
v 9.413929 -0.008351 -2.430485
v 9.413805 -0.008354 -2.470042
v 9.472269 -0.010855 -1.878321
v 9.471139 -0.011474 -1.917794
v 9.469802 -0.011794 -1.957260
v 9.467963 -0.008577 -1.996581
v 9.465916 -0.003615 -2.035693
v 9.464543 -0.004566 -2.075178
v 9.463203 -0.004720 -2.114635
v 9.461972 -0.004820 -2.154106
v 9.460918 -0.004891 -2.193601
v 9.460061 -0.004942 -2.233117
v 9.459381 -0.004982 -2.272651
v 9.458898 -0.005037 -2.312211
v 9.458594 -0.005016 -2.351770
v 9.458369 -0.005036 -2.391315
v 9.458241 -0.005088 -2.430871
v 9.458126 -0.005111 -2.470418
v 9.516563 -0.003784 -1.879152
v 9.515424 -0.005006 -1.918585
v 9.514102 -0.005823 -1.958018
v 9.512329 -0.004157 -1.997421
v 9.510188 0.000562 -2.036531
v 9.508902 -0.001287 -2.075892
v 9.507518 -0.001420 -2.115293
v 9.506269 -0.001558 -2.154724
v 9.505206 -0.001649 -2.194182
v 9.504357 -0.001691 -2.233665
v 9.503655 -0.001737 -2.273161
v 9.503195 -0.001765 -2.312676
v 9.502899 -0.001778 -2.352195
v 9.502674 -0.001755 -2.391716
v 9.502525 -0.001769 -2.431245
v 9.502432 -0.001800 -2.470787
v 9.560632 0.004842 -1.880201
v 9.559402 0.003480 -1.919617
v 9.558143 0.002122 -1.959033
v 9.556540 0.002056 -1.998458
v 9.554210 0.007188 -2.037529
v 9.553298 0.002194 -2.076638
v 9.551856 0.001858 -2.116020
v 9.550578 0.001724 -2.155423
v 9.549494 0.001616 -2.194834
v 9.548665 0.001571 -2.234267
v 9.547928 0.001560 -2.273698
v 9.547496 0.001558 -2.313153
v 9.547207 0.001531 -2.352618
v 9.546988 0.001497 -2.392095
v 9.546828 0.001489 -2.431591
v 9.546734 0.001499 -2.471115
v 9.604804 0.013249 -1.881579
v 9.603341 0.012298 -1.921004
v 9.602092 0.010814 -1.960366
v 9.600486 0.009902 -1.999808
v 9.598169 0.014638 -2.038912
v 9.597554 0.007590 -2.077662
v 9.596035 0.007020 -2.117003
v 9.594851 0.005909 -2.156317
v 9.593811 0.004808 -2.195602
v 9.593005 0.004885 -2.234896
v 9.592206 0.004784 -2.274187
v 9.591821 0.004838 -2.313513
v 9.591530 0.004848 -2.352884
v 9.591315 0.004815 -2.392304
v 9.591147 0.004761 -2.431764
v 9.591044 0.004765 -2.471261
v 9.649219 0.019281 -1.882442
v 9.647260 0.019074 -1.921850
v 9.645614 0.018639 -1.961156
v 9.643741 0.018169 -2.000470
v 9.642721 0.018601 -2.039834
v 9.640903 0.018372 -2.079175
v 9.639278 0.017823 -2.118582
v 9.637917 0.016790 -2.158007
v 9.636643 0.016293 -2.197495
v 9.637330 0.008296 -2.236189
v 9.634014 0.019516 -2.273918
v 9.634404 0.017386 -2.313349
v 9.634765 0.015238 -2.352746
v 9.635015 0.013859 -2.392155
v 9.635130 0.012065 -2.431594
v 9.635216 0.009673 -2.471051
v 9.695081 0.021231 -1.884349
v 9.693221 0.021417 -1.923728
v 9.691397 0.021323 -1.963110
v 9.689438 0.020889 -2.002500
v 9.687364 0.022325 -2.041809
v 9.685354 0.023693 -2.081109
v 9.683332 0.025212 -2.120414
v 9.681352 0.027018 -2.159727
v 9.679417 0.028667 -2.199086
v 9.676922 0.028612 -2.238451
v 9.677724 0.011202 -2.273917
v 9.676064 0.001883 -2.312253
v 9.675669 -0.002148 -2.351563
v 9.676753 -0.001347 -2.391036
v 9.677761 -0.000361 -2.430510
v 9.678994 0.002346 -2.469899
v 9.740303 0.020636 -1.886652
v 9.738313 0.020834 -1.926018
v 9.736311 0.020837 -1.965401
v 9.734259 0.020838 -2.004780
v 9.732157 0.020811 -2.044143
v 9.730024 0.020451 -2.083506
v 9.727821 0.020454 -2.122873
v 9.725574 0.020817 -2.162251
v 9.723151 0.020187 -2.201625
v 9.720624 0.020878 -2.240973
v 9.718405 0.028331 -2.279610
v 9.718554 0.014185 -2.316449
v 9.720077 -0.002733 -2.352135
v 9.719747 -0.012549 -2.390427
v 9.719680 -0.015157 -2.429905
v 9.719709 -0.015351 -2.469461
v 9.785352 0.020793 -1.889176
v 9.783175 0.020929 -1.928527
v 9.781074 0.020819 -1.967916
v 9.778984 0.020778 -2.007316
v 9.776849 0.020201 -2.046691
v 9.774640 0.020679 -2.086057
v 9.772380 0.020706 -2.125424
v 9.770058 0.020665 -2.164802
v 9.767597 0.020523 -2.204158
v 9.765050 0.020147 -2.243501
v 9.762355 0.021712 -2.282842
v 9.760306 0.028574 -2.321736
v 9.756847 0.020963 -2.360375
v 9.761840 0.001322 -2.394283
v 9.764156 -0.015050 -2.430158
v 9.764162 -0.015353 -2.469655
v 9.830523 0.020700 -1.891931
v 9.828209 0.020760 -1.931278
v 9.825964 0.020805 -1.970640
v 9.823769 0.020892 -2.010032
v 9.821470 0.021055 -2.049429
v 9.819287 0.020774 -2.088777
v 9.816965 0.020750 -2.128140
v 9.814574 0.020722 -2.167509
v 9.812072 0.020274 -2.206864
v 9.809464 0.020441 -2.246207
v 9.806782 0.020630 -2.285531
v 9.804049 0.020941 -2.324871
v 9.801129 0.020861 -2.364183
v 9.798287 0.025195 -2.403250
v 9.797413 0.012569 -2.440702
v 9.808425 -0.011583 -2.469979
v 9.875525 0.020697 -1.894894
v 9.873062 0.020742 -1.934247
v 9.870747 0.020751 -1.973598
v 9.868505 0.020770 -2.012963
v 9.866250 0.020783 -2.052334
v 9.863930 0.020779 -2.091712
v 9.861538 0.020930 -2.131076
v 9.859105 0.020814 -2.170444
v 9.856569 0.020734 -2.209823
v 9.853937 0.020232 -2.249199
v 9.851223 0.020456 -2.288568
v 9.848441 0.020485 -2.327932
v 9.845530 0.020121 -2.367297
v 9.842549 0.021341 -2.406660
v 9.839845 0.024917 -2.445944
v 9.836889 0.019205 -2.484955
v 9.920597 0.021005 -1.898083
v 9.917976 0.020726 -1.937426
v 9.915592 0.020737 -1.976784
v 9.913292 0.020695 -2.016123
v 9.910972 0.020220 -2.055473
v 9.908595 0.020704 -2.094838
v 9.906141 0.020751 -2.134203
v 9.903646 0.020821 -2.173568
v 9.901069 0.020867 -2.212947
v 9.898400 0.020772 -2.252342
v 9.895658 0.020749 -2.291742
v 9.892849 0.020281 -2.331143
v 9.889931 0.020207 -2.370547
v 9.886967 0.020140 -2.409937
v 9.884102 0.021097 -2.449322
v 9.881180 0.020784 -2.488666
v 9.965488 0.021946 -1.901508
v 9.962755 0.020705 -1.940832
v 9.960359 0.020723 -1.980142
v 9.958037 0.020714 -2.019461
v 9.955649 0.020717 -2.058774
v 9.953244 0.020735 -2.098110
v 9.950750 0.020741 -2.137472
v 9.948199 0.020747 -2.176834
v 9.945585 0.020764 -2.216204
v 9.942883 0.020769 -2.255597
v 9.940110 0.020797 -2.295005
v 9.937270 0.020818 -2.334416
v 9.934355 0.020765 -2.373838
v 9.931405 0.020160 -2.413260
v 9.928491 0.020134 -2.452685
v 9.925569 0.020114 -2.492106
v 10.010253 0.024004 -1.905281
v 10.007581 0.020709 -1.944440
v 10.005152 0.020709 -1.983698
v 10.002785 0.020705 -2.022963
v 10.000358 0.020717 -2.062258
v 9.997890 0.020730 -2.101553
v 9.995377 0.020743 -2.140871
v 9.992777 0.020746 -2.180216
v 9.990118 0.020756 -2.219567
v 9.987382 0.020767 -2.258939
v 9.984581 0.020750 -2.298339
v 9.981720 0.020760 -2.337751
v 9.978797 0.020835 -2.377169
v 9.975842 0.020810 -2.416591
v 9.972906 0.020775 -2.456023
v 9.969973 0.020164 -2.495467
v 10.054461 0.029315 -1.910019
v 10.052297 0.020725 -1.948303
v 10.049931 0.020725 -1.987461
v 10.047529 0.020716 -2.026644
v 10.045046 0.020709 -2.065865
v 10.042526 0.020730 -2.105131
v 10.039992 0.020747 -2.144402
v 10.037380 0.020741 -2.183705
v 10.034681 0.020738 -2.223037
v 10.031911 0.020747 -2.262377
v 10.029081 0.020753 -2.301738
v 10.026196 0.020769 -2.341127
v 10.023264 0.020762 -2.380535
v 10.020306 0.020791 -2.419950
v 10.017350 0.020800 -2.459374
v 10.014415 0.020999 -2.498793
v 10.097584 0.039843 -1.916272
v 10.097042 0.022933 -1.952067
v 10.094779 0.020714 -1.991224
v 10.092382 0.020700 -2.030394
v 10.089772 0.020729 -2.069580
v 10.087176 0.020725 -2.108803
v 10.084599 0.020742 -2.148052
v 10.081989 0.020736 -2.187301
v 10.079273 0.020755 -2.226584
v 10.076467 0.020759 -2.265898
v 10.073606 0.020760 -2.305227
v 10.070700 0.020761 -2.344573
v 10.067751 0.020755 -2.383944
v 10.064790 0.020749 -2.423334
v 10.061822 0.020758 -2.462742
v 10.058874 0.020218 -2.502154
v 10.139883 0.053024 -1.923449
v 10.140769 0.032420 -1.957147
v 10.139618 0.021741 -1.995164
v 10.137316 0.020694 -2.034274
v 10.134590 0.020656 -2.073401
v 10.131868 0.020690 -2.112553
v 10.129224 0.020736 -2.151742
v 10.126592 0.020758 -2.190963
v 10.123888 0.020767 -2.230192
v 10.121058 0.020781 -2.269450
v 10.118154 0.020762 -2.308754
v 10.115227 0.020774 -2.348074
v 10.112265 0.020786 -2.387410
v 10.109303 0.020781 -2.426756
v 10.106331 0.020755 -2.466131
v 10.103370 0.020147 -2.505524
v 10.183498 0.061284 -1.931174
v 10.178354 0.053893 -1.969580
v 10.183812 0.029934 -2.000219
v 10.182204 0.022116 -2.038567
v 10.179398 0.021094 -2.077460
v 10.176552 0.021171 -2.116447
v 10.173869 0.021043 -2.155502
v 10.171180 0.021075 -2.194624
v 10.168502 0.021257 -2.233785
v 10.165667 0.021025 -2.272952
v 10.162725 0.021051 -2.312176
v 10.159770 0.020901 -2.351433
v 10.156807 0.021088 -2.390746
v 10.153829 0.021023 -2.430075
v 10.150847 0.020961 -2.469425
v 10.147893 0.020877 -2.508810
v 10.224374 0.053241 -1.948317
v 10.216617 0.072624 -1.982341
v 10.216098 0.056211 -2.018075
v 10.227300 0.027770 -2.042498
v 10.224352 0.022622 -2.081359
v 10.221307 0.019427 -2.120245
v 10.218671 0.019572 -2.159204
v 10.215866 0.019689 -2.198221
v 10.213186 0.020510 -2.237357
v 10.210418 0.020691 -2.276507
v 10.207824 0.020819 -2.315664
v 10.204829 0.020888 -2.354859
v 10.201951 0.021584 -2.394095
v 10.198991 0.022560 -2.433379
v 10.195934 0.023306 -2.472722
v 10.192909 0.024132 -2.512100
v 10.261811 0.039880 -1.969197
v 10.256206 0.063177 -1.999808
v 10.251256 0.079669 -2.034566
v 10.264796 0.050203 -2.056025
v 10.269483 0.025327 -2.085923
v 10.266351 0.014836 -2.123606
v 10.263060 0.010538 -2.162496
v 10.259834 0.009077 -2.201588
v 10.256639 0.007477 -2.240695
v 10.253815 0.007489 -2.279906
v 10.250748 0.006994 -2.319118
v 10.247761 0.007394 -2.358360
v 10.244741 0.008268 -2.397621
v 10.241681 0.009195 -2.436887
v 10.238483 0.009567 -2.476176
v 10.235565 0.010870 -2.515510
v 10.269132 0.009223 -2.000340
v 10.279290 0.036491 -2.027444
v 10.294834 0.069145 -2.042770
v 10.293087 0.076098 -2.080726
v 10.308702 0.044792 -2.098071
v 10.310820 0.021027 -2.129207
v 10.308016 0.009073 -2.166388
v 10.304571 0.005399 -2.205269
v 10.301081 0.001407 -2.244136
v 10.298064 0.000803 -2.283303
v 10.294879 -0.000350 -2.322507
v 10.291723 -0.000628 -2.361763
v 10.288508 -0.000584 -2.401031
v 10.285097 -0.001011 -2.440291
v 10.281644 -0.001553 -2.479569
v 10.278191 -0.002263 -2.518884
v 10.296405 -0.014404 -2.027678
v 10.304122 0.011958 -2.055253
v 10.322174 0.043911 -2.069330
v 10.338620 0.076139 -2.084234
v 10.337934 0.069360 -2.122671
v 10.351856 0.036945 -2.139651
v 10.352624 0.014067 -2.171551
v 10.349366 0.003228 -2.209147
v 10.345672 -0.003463 -2.247695
v 10.342353 -0.005902 -2.286740
v 10.339058 -0.007299 -2.325891
v 10.335766 -0.008027 -2.365135
v 10.332376 -0.008668 -2.404411
v 10.328829 -0.009515 -2.443681
v 10.325270 -0.010338 -2.482956
v 10.321712 -0.011391 -2.522254
v 10.335666 -0.025970 -2.041282
v 10.341442 -0.006098 -2.071159
v 10.346777 0.020912 -2.099534
v 10.370638 0.051511 -2.104859
v 10.381721 0.080857 -2.128170
v 10.384400 0.059834 -2.161217
v 10.394773 0.027413 -2.180717
v 10.393950 0.006920 -2.214197
v 10.390513 -0.005240 -2.251445
v 10.386922 -0.011018 -2.290203
v 10.383553 -0.012338 -2.329374
v 10.380140 -0.013144 -2.368610
v 10.376683 -0.013736 -2.407905
v 10.373124 -0.014285 -2.447209
v 10.369539 -0.014798 -2.486506
v 10.365980 -0.015245 -2.525838
v 10.378175 -0.030771 -2.049428
v 10.382634 -0.015208 -2.081439
v 10.382343 -0.000752 -2.117242
v 10.395803 0.030980 -2.136219
v 10.421163 0.060882 -2.138175
v 10.424121 0.078257 -2.173145
v 10.431373 0.047984 -2.197452
v 10.436820 0.017882 -2.222244
v 10.435118 -0.001769 -2.256349
v 10.431743 -0.013180 -2.293893
v 10.428240 -0.014725 -2.333049
v 10.424745 -0.015246 -2.372283
v 10.421211 -0.015406 -2.411553
v 10.417607 -0.015414 -2.450853
v 10.413974 -0.015443 -2.490168
v 10.410350 -0.015450 -2.529512
v 10.419918 -0.052929 -2.056304
v 10.421942 -0.028540 -2.092030
v 10.423326 -0.016906 -2.127157
v 10.429361 0.008140 -2.156626
v 10.447693 0.040727 -2.168737
v 10.468990 0.072967 -2.175575
v 10.468225 0.067889 -2.214597
v 10.476325 0.035168 -2.235237
v 10.478604 0.007537 -2.263358
v 10.476665 -0.011472 -2.297949
v 10.472989 -0.015204 -2.336936
v 10.469401 -0.015412 -2.376126
v 10.465775 -0.015444 -2.415383
v 10.462087 -0.015452 -2.454653
v 10.458394 -0.015474 -2.493967
v 10.454695 -0.015483 -2.533315
v 10.461979 -0.056138 -2.063637
v 10.463854 -0.038105 -2.098842
v 10.466242 -0.025381 -2.133111
v 10.469880 -0.009143 -2.166647
v 10.478817 0.018354 -2.193157
v 10.502946 0.049665 -2.194439
v 10.512066 0.077626 -2.220509
v 10.514085 0.053546 -2.251720
v 10.520183 0.021375 -2.273717
v 10.521120 -0.005378 -2.302880
v 10.517744 -0.015280 -2.340946
v 10.514032 -0.015338 -2.380116
v 10.510343 -0.015453 -2.419361
v 10.506565 -0.015458 -2.458618
v 10.502776 -0.015479 -2.497906
v 10.498999 -0.015489 -2.537237
v 10.505716 -0.056176 -2.066902
v 10.508374 -0.052138 -2.100867
v 10.510052 -0.029746 -2.137206
v 10.513486 -0.017190 -2.171217
v 10.517033 -0.002384 -2.206232
v 10.532387 0.029789 -2.222776
v 10.554353 0.062345 -2.225947
v 10.554523 0.068972 -2.264695
v 10.559846 0.037446 -2.287911
v 10.564557 0.004824 -2.309848
v 10.562466 -0.013250 -2.345079
v 10.558654 -0.015127 -2.384245
v 10.554906 -0.015385 -2.423491
v 10.551046 -0.015430 -2.462723
v 10.547134 -0.015454 -2.501981
v 10.543263 -0.015491 -2.541304
v 10.549818 -0.053463 -2.066175
v 10.550763 -0.051499 -2.104979
v 10.553578 -0.044454 -2.139990
v 10.557221 -0.026965 -2.174128
v 10.560710 -0.014548 -2.209527
v 10.567149 0.007298 -2.241597
v 10.588718 0.040316 -2.245056
v 10.599612 0.070239 -2.267837
v 10.599435 0.052735 -2.303233
v 10.606552 0.017691 -2.320047
v 10.606926 -0.008525 -2.349777
v 10.603257 -0.015415 -2.388456
v 10.599415 -0.015305 -2.427729
v 10.595515 -0.015407 -2.466997
v 10.591470 -0.015437 -2.506234
v 10.587495 -0.015444 -2.545511
v 10.593832 -0.048776 -2.066159
v 10.595214 -0.053617 -2.104968
v 10.597300 -0.053324 -2.141782
v 10.599891 -0.037512 -2.178123
v 10.604967 -0.022480 -2.209951
v 10.608950 -0.009857 -2.246574
v 10.620530 0.019467 -2.269853
v 10.640862 0.053166 -2.274754
v 10.642288 0.064305 -2.312339
v 10.646852 0.031889 -2.334409
v 10.650922 -0.001156 -2.355796
v 10.647895 -0.014900 -2.392831
v 10.643892 -0.015269 -2.432093
v 10.639936 -0.015387 -2.471428
v 10.635792 -0.015408 -2.510710
v 10.631705 -0.015431 -2.549976
v 10.638357 -0.048963 -2.064647
v 10.639913 -0.050671 -2.103935
v 10.640950 -0.050492 -2.143189
v 10.644340 -0.053245 -2.177173
v 10.648383 -0.026636 -2.211820
v 10.653404 -0.016328 -2.246995
v 10.658128 -0.002308 -2.282523
v 10.674907 0.031209 -2.294749
v 10.687578 0.062770 -2.313992
v 10.687249 0.045306 -2.349334
v 10.693636 0.009537 -2.364895
v 10.692439 -0.012828 -2.397561
v 10.688339 -0.015391 -2.436743
v 10.684300 -0.015253 -2.476034
v 10.680110 -0.015382 -2.515368
v 10.675886 -0.015411 -2.554679
v 10.682890 -0.044567 -2.063115
v 10.684578 -0.045122 -2.102370
v 10.685859 -0.047985 -2.141458
v 10.682427 -0.052248 -2.172052
v 10.690476 -0.050784 -2.213869
v 10.696532 -0.027621 -2.249413
v 10.700235 -0.016578 -2.286168
v 10.711325 0.010000 -2.311056
v 10.728368 0.044342 -2.320535
v 10.730451 0.055865 -2.357860
v 10.734979 0.021755 -2.377532
v 10.736702 -0.008480 -2.403055
v 10.732735 -0.015420 -2.441881
v 10.728605 -0.014876 -2.481045
v 10.724332 -0.015319 -2.520442
v 10.719983 -0.015377 -2.559743
v 10.726893 -0.038763 -2.061988
v 10.729191 -0.043766 -2.100951
v 10.730811 -0.045730 -2.139986
v 10.720788 -0.050167 -2.168490
v 10.717931 -0.050137 -2.204942
v 10.738916 -0.038434 -2.252585
v 10.744445 -0.025141 -2.286428
v 10.751196 -0.009418 -2.320288
v 10.763398 0.022497 -2.338903
v 10.775741 0.053964 -2.358460
v 10.775249 0.034456 -2.392758
v 10.780266 -0.000792 -2.410265
v 10.776969 -0.013913 -2.447526
v 10.772749 -0.015424 -2.486742
v 10.768462 -0.015250 -2.525946
v 10.763975 -0.015325 -2.565219
v 10.771134 -0.036161 -2.061055
v 10.773397 -0.035667 -2.100176
v 10.775962 -0.043090 -2.138076
v 10.778002 -0.045101 -2.176996
v 10.779337 -0.050630 -2.214514
v 10.781786 -0.050105 -2.248506
v 10.787853 -0.034763 -2.288584
v 10.795141 -0.020083 -2.321527
v 10.800810 0.001360 -2.352935
v 10.817032 0.035925 -2.363173
v 10.818196 0.044703 -2.401351
v 10.822921 0.009548 -2.419601
v 10.821017 -0.010863 -2.453712
v 10.816784 -0.014329 -2.492828
v 10.812481 -0.014935 -2.531942
v 10.807872 -0.014507 -2.571153
v 10.815537 -0.036318 -2.058190
v 10.818101 -0.039554 -2.097536
v 10.820886 -0.041706 -2.136356
v 10.823336 -0.041776 -2.175004
v 10.826022 -0.046420 -2.213096
v 10.826866 -0.045931 -2.248023
v 10.830719 -0.045307 -2.283493
v 10.839865 -0.024552 -2.321353
v 10.842226 -0.014439 -2.358206
v 10.852946 0.014591 -2.380414
v 10.863407 0.045597 -2.401782
v 10.862662 0.023340 -2.434606
v 10.864796 -0.006432 -2.460766
v 10.860006 -0.007166 -2.500036
v 10.856465 -0.015023 -2.538182
v 10.851740 -0.013029 -2.577329
v 10.862612 -0.034554 -2.048924
v 10.862875 -0.042124 -2.094403
v 10.865928 -0.037835 -2.134081
v 10.868544 -0.046042 -2.173071
v 10.871118 -0.042800 -2.212240
v 10.872962 -0.044973 -2.251905
v 10.875906 -0.045171 -2.289375
v 10.882566 -0.035598 -2.324136
v 10.886125 -0.023427 -2.359175
v 10.891230 -0.006146 -2.392550
v 10.904679 0.027901 -2.407414
v 10.903959 0.036785 -2.445646
v 10.899192 0.015877 -2.479206
v 10.903546 -0.012073 -2.507305
v 10.899149 -0.006644 -2.546035
v 10.895454 -0.015325 -2.584343
v 10.907035 -0.036683 -2.045960
v 10.910049 -0.035258 -2.085432
v 10.911475 -0.040836 -2.130011
v 10.913708 -0.039934 -2.170171
v 10.916381 -0.042513 -2.209412
v 10.918509 -0.042178 -2.248618
v 10.920754 -0.043627 -2.287237
v 10.926737 -0.044439 -2.322208
v 10.930418 -0.027103 -2.357551
v 10.935269 -0.016582 -2.392385
v 10.937991 0.003537 -2.425458
v 10.948129 0.032871 -2.449720
v 10.940423 0.031381 -2.488567
v 10.939625 0.010118 -2.522868
v 10.941956 -0.015508 -2.550480
v 10.939399 -0.013729 -2.589969
v 10.950939 -0.031937 -2.043627
v 10.954559 -0.036818 -2.083097
v 10.958885 -0.036494 -2.122159
v 10.959418 -0.039930 -2.166548
v 10.961625 -0.042420 -2.206694
v 10.964231 -0.043339 -2.245890
v 10.966751 -0.034699 -2.284544
v 10.970256 -0.043919 -2.321146
v 10.976026 -0.038819 -2.354122
v 10.979219 -0.024007 -2.391029
v 10.977653 -0.016792 -2.427904
v 10.978608 0.002647 -2.460591
v 10.977738 0.009856 -2.498431
v 10.980601 0.025905 -2.533793
v 10.985630 -0.008979 -2.553262
v 10.982186 -0.001869 -2.591944
v 10.993676 -0.020390 -2.043887
v 10.997628 -0.028051 -2.082102
v 11.004316 -0.034007 -2.119595
v 11.006719 -0.037679 -2.158683
v 11.007648 -0.040666 -2.202969
v 11.009858 -0.041343 -2.242907
v 11.012505 -0.040540 -2.281901
v 11.015604 -0.042509 -2.320358
v 11.018404 -0.047666 -2.357879
v 11.022840 -0.032777 -2.391487
v 11.021747 -0.023457 -2.427495
v 11.021652 -0.007479 -2.462301
v 11.019492 -0.005750 -2.501545
v 11.024728 0.025645 -2.525109
v 11.014823 0.023358 -2.563584
v 11.026512 0.000390 -2.593765
v 11.035546 -0.009016 -2.046426
v 11.040805 -0.024195 -2.083231
v 11.058554 -0.028987 -2.126601
v 11.064226 -0.032456 -2.168098
v 11.071863 -0.039098 -2.208701
v 11.075587 -0.039082 -2.247933
v 11.079415 -0.039985 -2.289163
v 11.082643 -0.045380 -2.328079
v 11.086164 -0.045039 -2.367276
v 11.077715 -0.045369 -2.400277
v 11.066247 -0.025500 -2.435056
v 11.065857 -0.009441 -2.463983
v 11.063087 0.002863 -2.500737
v 11.059464 0.001430 -2.539884
v 11.057068 0.036797 -2.557281
v 11.064338 0.023879 -2.594257
v 11.079475 0.010612 -2.052006
v 11.087455 -0.005337 -2.088168
v 11.100006 -0.014695 -2.125628
v 11.105385 -0.023525 -2.165721
v 11.115934 -0.025859 -2.207645
v 11.122604 -0.036541 -2.246117
v 11.125711 -0.038697 -2.285742
v 11.128875 -0.040843 -2.327243
v 11.132196 -0.043864 -2.367616
v 11.130282 -0.039098 -2.406024
v 11.118535 -0.039621 -2.439498
v 11.110434 -0.002913 -2.463437
v 11.107129 -0.001967 -2.502778
v 11.104050 0.004547 -2.541670
v 11.100755 0.043071 -2.551161
v 11.098248 0.008327 -2.569974
v 11.116961 0.024716 -2.046240
v 11.121384 0.013516 -2.083956
v 11.137065 0.004505 -2.124233
v 11.143085 -0.004425 -2.164424
v 11.152091 -0.009318 -2.204209
v 11.168918 -0.026665 -2.244416
v 11.169930 -0.035117 -2.283046
v 11.173577 -0.036949 -2.323358
v 11.176293 -0.040141 -2.364348
v 11.166092 -0.043053 -2.398291
v 11.162014 -0.031442 -2.435117
v 11.153502 -0.014141 -2.469423
v 11.150569 -0.010531 -2.507784
v 11.148455 0.007287 -2.542842
v 11.144733 0.043658 -2.557423
v 11.140107 0.004236 -2.555246
v 9.147544 -0.015746 -1.834150
v 9.134232 -0.017892 -2.510010
v 9.133981 -0.017916 -2.470448
v 9.134415 -0.015749 -2.430642
v 9.134248 -0.017882 -2.391141
v 9.134769 -0.015401 -2.350676
v 9.134790 -0.015614 -2.311116
v 9.135645 -0.015480 -2.270362
v 9.135959 -0.015497 -2.230802
v 9.137234 -0.015443 -2.190020
v 9.137870 -0.015571 -2.150464
v 9.139494 -0.015425 -2.109837
v 9.140437 -0.015599 -2.070284
v 9.142259 -0.015407 -2.030214
v 9.143377 -0.015409 -1.990664
v 9.145051 -0.015434 -1.952005
v 9.145844 -0.015620 -1.912447
v 9.147072 -0.015729 -1.873714
v 11.263947 0.044178 -1.971776
v 11.294366 -0.017239 -2.519300
v 11.271834 0.044334 -2.010613
v 11.272741 0.030835 -2.039723
v 11.282779 0.032331 -2.077654
v 11.288066 0.017015 -2.121586
v 11.295514 0.021167 -2.160300
v 11.314558 -0.010174 -2.233582
v 11.319170 -0.013437 -2.272870
v 11.318796 -0.010355 -2.308795
v 11.316313 -0.006579 -2.346505
v 11.310437 -0.014393 -2.379581
v 11.292367 0.020890 -2.369579
v 11.305003 -0.000788 -2.477882
v 11.300211 -0.010697 -2.515910
v 11.255215 -0.014843 -2.478430
v 11.260477 -0.015298 -2.517784
v 11.276567 -0.010962 -2.484478
vn -0.0013 1.0000 0.0009
vn -0.1307 0.9910 -0.0296
vn -0.0129 0.9999 -0.0011
vn 0.2130 0.8342 -0.5087
vn 0.0004 1.0000 0.0010
vn -0.0000 1.0000 0.0009
vn -0.0078 1.0000 0.0012
vn -0.0525 0.9986 0.0010
vn -0.1272 0.9919 -0.0040
vn -0.1802 0.9835 -0.0138
vn -0.1889 0.9818 -0.0181
vn -0.1543 0.9880 -0.0105
vn -0.0805 0.9967 0.0027
vn -0.0179 0.9998 0.0046
vn 0.0013 1.0000 -0.0040
vn 0.0050 1.0000 -0.0013
vn 0.0015 1.0000 0.0056
vn -0.0101 0.9999 -0.0011
vn -0.0277 0.9994 -0.0215
vn -0.0533 0.9973 -0.0514
vn -0.0937 0.9931 -0.0708
vn -0.1448 0.9890 -0.0290
vn -0.1432 0.9816 0.1266
vn 0.0040 0.9193 0.3935
vn 0.2883 0.7413 0.6061
vn 0.3975 0.6892 0.6059
vn 0.4592 0.8386 0.2932
vn 0.6384 0.7267 -0.2538
vn 0.6073 0.7881 -0.1004
vn 0.3031 0.9144 0.2682
vn 0.3008 0.9121 0.2785
vn 0.2126 0.9705 0.1136
vn -0.0091 0.9974 -0.0721
vn -0.0321 0.9925 -0.1184
vn -0.0521 0.9953 -0.0818
vn -0.0557 0.9970 -0.0544
vn -0.0616 0.9948 -0.0817
vn -0.0998 0.9910 -0.0897
vn -0.0686 0.9965 -0.0472
vn -0.0170 0.9998 -0.0042
vn -0.0235 0.9997 0.0005
vn -0.0282 0.9984 -0.0497
vn -0.0578 0.9895 -0.1322
vn -0.1655 0.9725 -0.1640
vn -0.2822 0.9432 -0.1756
vn -0.3822 0.8911 -0.2447
vn -0.3510 0.9025 -0.2496
vn -0.2026 0.9717 -0.1213
vn 0.1323 0.8285 -0.5441
vn 0.3361 0.7687 -0.5442
vn 0.2194 0.8055 -0.5505
vn -0.0281 0.9876 -0.1544
vn -0.0736 0.9845 0.1592
vn -0.0712 0.9526 0.2957
vn -0.0039 0.9573 0.2890
vn -0.0280 0.9856 0.1665
vn -0.0485 0.9968 0.0641
vn -0.0192 0.9997 0.0134
vn -0.0009 1.0000 -0.0008
vn -0.0006 1.0000 -0.0006
vn -0.0006 1.0000 -0.0007
vn -0.0008 1.0000 -0.0008
vn -0.0005 1.0000 -0.0007
vn -0.0000 1.0000 -0.0007
vn 0.0006 1.0000 -0.0005
vn 0.0018 1.0000 -0.0013
vn 0.0341 0.9993 -0.0168
vn 0.1400 0.9893 -0.0414
vn 0.2687 0.9627 -0.0312
vn 0.3021 0.9533 -0.0015
vn 0.1030 0.9946 0.0088
vn -0.0463 0.9989 0.0042
vn -0.0046 1.0000 0.0014
vn 0.0072 1.0000 0.0009
vn -0.0030 1.0000 -0.0035
vn -0.0001 1.0000 0.0046
vn 0.0300 0.9989 0.0358
vn -0.1896 0.9730 -0.1313
vn -0.4915 0.7683 -0.4101
vn -0.2905 0.9180 -0.2701
vn -0.0219 0.9994 -0.0270
vn 0.2176 0.9760 0.0115
vn 0.2762 0.9609 0.0173
vn 0.0161 0.9999 -0.0055
vn -0.0834 0.9965 -0.0093
vn -0.0745 0.9972 -0.0004
vn -0.0743 0.9972 -0.0010
vn -0.0735 0.9973 -0.0007
vn -0.0732 0.9973 -0.0004
vn -0.0731 0.9973 -0.0003
vn -0.0421 0.9991 -0.0002
vn -0.0062 1.0000 -0.0008
vn -0.0088 1.0000 -0.0006
vn -0.0053 0.9999 0.0089
vn -0.0052 0.9999 0.0088
vn -0.0008 1.0000 0.0008
vn -0.0009 1.0000 0.0008
vn -0.0009 1.0000 -0.0001
vn -0.0007 1.0000 0.0005
vn -0.0006 1.0000 0.0005
vn -0.0007 1.0000 -0.0002
vn -0.0009 1.0000 0.0006
vn -0.0004 1.0000 0.0002
vn -0.0007 1.0000 0.0011
vn -0.0005 1.0000 0.0013
vn -0.0008 1.0000 0.0009
vn -0.1299 0.9834 -0.1268
vn -0.1330 0.9694 -0.2065
vn -0.1523 0.9705 -0.1871
vn -0.1930 0.9728 -0.1280
vn -0.2220 0.9575 -0.1841
vn -0.2189 0.9354 -0.2775
vn -0.2021 0.9599 -0.1942
vn -0.2038 0.9766 -0.0683
vn -0.2802 0.9557 0.0903
vn -0.5323 0.6359 0.5588
vn -0.5868 0.6219 0.5185
vn -0.3837 0.9080 0.1685
vn -0.4316 0.8684 0.2440
vn -0.3470 0.8849 0.3108
vn 0.6764 0.4493 -0.5836
vn 0.2816 0.8365 -0.4701
vn 0.0003 1.0000 0.0009
vn 0.0001 1.0000 0.0008
vn -0.0004 1.0000 0.0008
vn -0.0042 1.0000 0.0043
vn -0.0102 0.9999 0.0033
vn -0.0116 0.9999 -0.0007
vn -0.0101 0.9999 -0.0005
vn -0.0094 1.0000 -0.0008
vn -0.0089 1.0000 0.0002
vn -0.0081 1.0000 0.0004
vn -0.0072 1.0000 -0.0005
vn -0.0065 1.0000 -0.0003
vn -0.0062 1.0000 -0.0001
vn -0.0060 1.0000 -0.0000
vn -0.0059 1.0000 -0.0000
vn -0.0060 1.0000 -0.0003
vn 0.0002 1.0000 0.0011
vn -0.0019 1.0000 0.0035
vn -0.0170 0.9996 0.0238
vn -0.0402 0.9990 0.0181
vn -0.0485 0.9988 -0.0025
vn -0.0463 0.9989 -0.0003
vn -0.0456 0.9990 -0.0003
vn -0.0450 0.9990 0.0004
vn -0.0441 0.9990 -0.0001
vn -0.0433 0.9991 -0.0008
vn -0.0428 0.9991 -0.0003
vn -0.0425 0.9991 -0.0001
vn -0.0423 0.9991 -0.0000
vn -0.0422 0.9991 -0.0000
vn -0.0421 0.9991 -0.0001
vn -0.0075 1.0000 0.0005
vn -0.0063 1.0000 0.0004
vn -0.0130 0.9998 0.0151
vn -0.0386 0.9974 0.0608
vn -0.0668 0.9969 0.0405
vn -0.0749 0.9972 -0.0055
vn -0.0731 0.9973 0.0001
vn -0.0728 0.9973 0.0004
vn -0.0727 0.9974 0.0001
vn -0.0731 0.9973 -0.0004
vn -0.0734 0.9973 -0.0003
vn -0.0734 0.9973 -0.0000
vn -0.0733 0.9973 -0.0000
vn -0.0732 0.9973 0.0001
vn -0.0732 0.9973 -0.0001
vn -0.0502 0.9987 -0.0015
vn -0.0450 0.9990 -0.0026
vn -0.0475 0.9984 0.0318
vn -0.0619 0.9937 0.0937
vn -0.0741 0.9958 0.0530
vn -0.0753 0.9971 -0.0089
vn -0.0735 0.9973 -0.0003
vn -0.0733 0.9973 0.0001
vn -0.0733 0.9973 0.0002
vn -0.0735 0.9973 -0.0001
vn -0.0737 0.9973 -0.0000
vn -0.0737 0.9973 -0.0002
vn -0.0734 0.9973 -0.0001
vn -0.0732 0.9973 -0.0002
vn -0.1218 0.9925 -0.0085
vn -0.1114 0.9937 -0.0095
vn -0.0999 0.9944 0.0340
vn -0.0885 0.9909 0.1011
vn -0.0821 0.9953 0.0512
vn -0.0770 0.9969 -0.0136
vn -0.0738 0.9973 -0.0007
vn -0.0735 0.9973 -0.0002
vn -0.0732 0.9973 0.0002
vn -0.0733 0.9973 0.0003
vn -0.0734 0.9973 0.0002
vn -0.0736 0.9973 0.0004
vn -0.0739 0.9973 -0.0002
vn -0.0740 0.9973 -0.0004
vn -0.0737 0.9973 -0.0005
vn -0.1758 0.9843 -0.0182
vn -0.1665 0.9859 -0.0190
vn -0.1491 0.9887 0.0156
vn -0.1266 0.9880 0.0882
vn -0.1085 0.9934 0.0360
vn -0.0873 0.9957 -0.0298
vn -0.0744 0.9972 -0.0015
vn -0.0737 0.9973 -0.0006
vn -0.0734 0.9973 0.0001
vn -0.0734 0.9973 0.0004
vn -0.0737 0.9973 0.0003
vn -0.0740 0.9973 0.0003
vn -0.0738 0.9973 0.0004
vn -0.0740 0.9973 -0.0003
vn -0.0743 0.9972 -0.0007
vn -0.1904 0.9815 -0.0212
vn -0.1910 0.9813 -0.0247
vn -0.1808 0.9835 -0.0071
vn -0.1625 0.9841 0.0718
vn -0.1430 0.9897 0.0086
vn -0.1143 0.9916 -0.0604
vn -0.0934 0.9956 -0.0059
vn -0.0840 0.9964 -0.0068
vn -0.0759 0.9971 -0.0028
vn -0.0735 0.9973 0.0008
vn -0.0738 0.9973 0.0006
vn -0.0741 0.9972 0.0006
vn -0.0743 0.9972 0.0001
vn -0.0740 0.9973 -0.0002
vn -0.0741 0.9972 -0.0001
vn -0.1614 0.9868 -0.0129
vn -0.1745 0.9845 -0.0194
vn -0.1823 0.9831 -0.0152
vn -0.1676 0.9847 0.0478
vn -0.1551 0.9879 -0.0077
vn -0.1692 0.9836 -0.0618
vn -0.1779 0.9840 -0.0105
vn -0.1718 0.9850 -0.0141
vn -0.1455 0.9889 -0.0305
vn -0.1307 0.9913 0.0130
vn -0.1653 0.9857 0.0313
vn -0.1791 0.9838 -0.0125
vn -0.1567 0.9876 -0.0111
vn -0.1377 0.9904 -0.0104
vn -0.1170 0.9930 -0.0132
vn -0.0943 0.9955 -0.0120
vn -0.0879 0.9961 -0.0003
vn -0.1027 0.9947 -0.0071
vn -0.1154 0.9933 -0.0101
vn -0.1127 0.9934 0.0197
vn -0.1183 0.9929 0.0081
vn -0.1630 0.9865 -0.0133
vn -0.2063 0.9785 0.0035
vn -0.2366 0.9716 0.0029
vn -0.2629 0.9638 -0.0438
vn -0.2253 0.9739 -0.0283
vn -0.0990 0.9948 -0.0238
vn 0.0191 0.9973 -0.0707
vn 0.0691 0.9971 -0.0308
vn 0.0721 0.9973 -0.0120
vn 0.0546 0.9984 -0.0129
vn 0.0294 0.9995 -0.0084
vn -0.0173 0.9998 0.0039
vn -0.0191 0.9998 0.0001
vn -0.0242 0.9997 -0.0051
vn -0.0263 0.9996 0.0072
vn -0.0246 0.9995 0.0182
vn -0.0245 0.9996 0.0157
vn -0.0314 0.9993 0.0181
vn -0.0410 0.9990 0.0170
vn -0.0700 0.9974 -0.0158
vn -0.1160 0.9904 -0.0750
vn -0.0886 0.9827 -0.1627
vn 0.0402 0.9793 -0.1985
vn 0.1868 0.9754 -0.1172
vn 0.2773 0.9602 -0.0340
vn 0.2988 0.9543 0.0054
vn 0.2863 0.9579 0.0195
vn 0.0033 1.0000 0.0002
vn 0.0054 1.0000 0.0014
vn 0.0043 1.0000 -0.0023
vn 0.0080 1.0000 0.0006
vn 0.0208 0.9998 0.0050
vn 0.0357 0.9993 0.0066
vn 0.0520 0.9986 0.0100
vn 0.0714 0.9974 0.0047
vn 0.0874 0.9962 -0.0015
vn 0.0400 0.9992 -0.0046
vn -0.1235 0.9875 -0.0982
vn -0.2663 0.9363 -0.2290
vn -0.2349 0.9362 -0.2616
vn -0.0488 0.9797 -0.1943
vn 0.1259 0.9902 -0.0603
vn 0.2008 0.9796 0.0131
vn 0.0026 1.0000 0.0010
vn 0.0004 1.0000 0.0011
vn 0.0002 1.0000 -0.0005
vn -0.0011 1.0000 -0.0032
vn -0.0025 1.0000 -0.0021
vn -0.0033 1.0000 0.0013
vn -0.0022 1.0000 0.0010
vn -0.0008 1.0000 -0.0035
vn 0.0008 1.0000 -0.0040
vn 0.0258 0.9991 0.0328
vn 0.0263 0.9992 0.0308
vn -0.0960 0.9905 -0.0982
vn -0.2910 0.9252 -0.2435
vn -0.3913 0.8757 -0.2829
vn -0.3059 0.9231 -0.2333
vn -0.1130 0.9876 -0.1093
vn 0.0016 1.0000 0.0037
vn 0.0015 1.0000 0.0008
vn 0.0009 1.0000 0.0004
vn -0.0014 1.0000 -0.0002
vn -0.0036 1.0000 -0.0008
vn -0.0028 1.0000 0.0003
vn -0.0020 1.0000 -0.0001
vn -0.0023 1.0000 -0.0041
vn -0.0022 1.0000 -0.0051
vn 0.0028 1.0000 0.0049
vn 0.0313 0.9991 0.0287
vn 0.0508 0.9987 -0.0056
vn -0.0409 0.9971 -0.0635
vn -0.2572 0.9558 -0.1425
vn -0.4286 0.8534 -0.2968
vn -0.3832 0.8669 -0.3189
vn -0.0058 1.0000 -0.0009
vn -0.0005 1.0000 -0.0001
vn 0.0011 1.0000 0.0004
vn 0.0036 1.0000 -0.0008
vn 0.0054 1.0000 -0.0006
vn 0.0028 1.0000 0.0015
vn -0.0001 1.0000 0.0004
vn -0.0024 1.0000 -0.0022
vn -0.0048 1.0000 -0.0044
vn -0.0039 1.0000 -0.0007
vn 0.0004 1.0000 0.0016
vn 0.0050 1.0000 -0.0035
vn 0.0210 0.9996 0.0169
vn 0.0056 1.0000 0.0054
vn -0.1556 0.9781 -0.1385
vn -0.3854 0.8604 -0.3335
vn -0.0177 0.9997 -0.0161
vn -0.0036 1.0000 -0.0052
vn 0.0004 1.0000 -0.0001
vn 0.0004 1.0000 -0.0032
vn 0.0007 1.0000 0.0001
vn 0.0012 1.0000 0.0038
vn 0.0014 1.0000 0.0008
vn 0.0008 1.0000 0.0001
vn -0.0016 1.0000 -0.0020
vn -0.0041 1.0000 -0.0012
vn -0.0045 1.0000 -0.0018
vn -0.0050 1.0000 -0.0042
vn -0.0013 1.0000 -0.0002
vn 0.0196 0.9997 0.0175
vn 0.0272 0.9996 -0.0049
vn -0.1054 0.9890 -0.1039
vn -0.0365 0.9984 -0.0443
vn -0.0097 0.9998 -0.0185
vn 0.0002 1.0000 -0.0001
vn -0.0015 1.0000 -0.0016
vn -0.0029 1.0000 0.0004
vn -0.0014 1.0000 0.0020
vn 0.0002 1.0000 0.0005
vn 0.0008 1.0000 0.0005
vn 0.0008 1.0000 -0.0000
vn 0.0003 1.0000 -0.0002
vn -0.0014 1.0000 -0.0012
vn -0.0046 1.0000 -0.0013
vn -0.0071 1.0000 -0.0039
vn -0.0047 1.0000 -0.0010
vn 0.0016 1.0000 -0.0004
vn 0.0174 0.9997 0.0147
vn -0.0721 0.9937 -0.0858
vn -0.0255 0.9984 -0.0510
vn -0.0001 1.0000 -0.0000
vn -0.0000 1.0000 -0.0000
vn 0.0001 1.0000 0.0003
vn 0.0001 1.0000 0.0004
vn -0.0000 1.0000 0.0002
vn 0.0001 1.0000 0.0001
vn 0.0002 1.0000 0.0002
vn 0.0003 1.0000 0.0001
vn 0.0005 1.0000 0.0001
vn 0.0004 1.0000 0.0004
vn -0.0017 1.0000 -0.0016
vn -0.0056 1.0000 -0.0019
vn -0.0082 1.0000 -0.0030
vn -0.0047 1.0000 -0.0007
vn -0.1343 0.9824 -0.1296
vn -0.0687 0.9899 -0.1237
vn -0.0069 1.0000 -0.0069
vn -0.0000 1.0000 0.0003
vn -0.0000 1.0000 0.0004
vn 0.0001 1.0000 0.0002
vn 0.0001 1.0000 -0.0000
vn -0.0000 1.0000 0.0001
vn 0.0002 1.0000 0.0003
vn 0.0006 1.0000 0.0002
vn 0.0006 1.0000 -0.0000
vn -0.0001 1.0000 -0.0024
vn -0.0018 1.0000 -0.0041
vn -0.1928 0.9723 -0.1320
vn -0.1569 0.9573 -0.2429
vn -0.0434 0.9978 -0.0501
vn -0.0029 1.0000 -0.0033
vn 0.0005 1.0000 0.0002
vn -0.0001 1.0000 0.0002
vn -0.0003 1.0000 0.0003
vn -0.0003 1.0000 0.0001
vn -0.0002 1.0000 0.0001
vn -0.0001 1.0000 0.0001
vn 0.0023 1.0000 -0.0049
vn 0.0058 1.0000 -0.0045
vn -0.1817 0.9833 0.0092
vn -0.3026 0.8894 -0.3427
vn -0.1679 0.9685 -0.1839
vn -0.0384 0.9987 -0.0336
vn -0.0075 1.0000 -0.0025
vn -0.0043 1.0000 0.0007
vn -0.0039 1.0000 0.0004
vn -0.0041 1.0000 0.0012
vn -0.0045 1.0000 0.0004
vn -0.0038 1.0000 -0.0004
vn -0.0028 1.0000 -0.0002
vn -0.0025 1.0000 0.0004
vn -0.0030 1.0000 0.0006
vn -0.0031 1.0000 -0.0004
vn -0.0042 1.0000 -0.0059
vn -0.0051 1.0000 -0.0049
vn 0.0357 0.9515 0.3055
vn -0.3803 0.8870 -0.2619
vn -0.4043 0.8329 -0.3779
vn -0.1757 0.9678 -0.1804
vn -0.0298 0.9991 -0.0307
vn 0.0038 0.9999 -0.0102
vn 0.0130 0.9999 -0.0005
vn 0.0102 0.9999 0.0037
vn 0.0049 1.0000 0.0026
vn 0.0010 1.0000 -0.0004
vn -0.0004 1.0000 -0.0001
vn -0.0028 1.0000 0.0030
vn -0.0092 0.9999 0.0068
vn -0.0187 0.9998 0.0060
vn -0.0298 0.9995 0.0043
vn -0.0412 0.9991 0.0036
vn 0.2992 0.8304 0.4700
vn -0.1182 0.9920 0.0435
vn -0.4750 0.7587 -0.4457
vn -0.3847 0.7964 -0.4667
vn -0.1097 0.9789 -0.1721
vn 0.0464 0.9964 -0.0708
vn 0.1074 0.9939 -0.0250
vn 0.1332 0.9910 -0.0130
vn 0.1471 0.9891 -0.0095
vn 0.1521 0.9883 -0.0111
vn 0.1541 0.9880 -0.0109
vn 0.1513 0.9885 -0.0026
vn 0.1445 0.9895 0.0055
vn 0.1362 0.9907 0.0038
vn 0.1274 0.9918 0.0047
vn 0.1130 0.9936 0.0087
vn 0.6303 0.7306 0.2625
vn 0.5273 0.7616 0.3766
vn -0.1511 0.9686 -0.1973
vn -0.4873 0.6537 -0.5790
vn -0.3547 0.8172 -0.4542
vn -0.0692 0.9730 -0.2203
vn 0.0850 0.9920 -0.0934
vn 0.1573 0.9861 -0.0532
vn 0.1981 0.9795 -0.0364
vn 0.2205 0.9751 -0.0239
vn 0.2315 0.9726 -0.0221
vn 0.2403 0.9706 -0.0090
vn 0.2497 0.9683 -0.0045
vn 0.2628 0.9648 -0.0109
vn 0.2784 0.9604 -0.0111
vn 0.2945 0.9557 -0.0037
vn 0.8596 0.5048 0.0793
vn 0.7930 0.2457 0.5575
vn 0.4807 0.7114 0.5127
vn -0.3044 0.8936 -0.3299
vn -0.5110 0.6046 -0.6110
vn -0.3435 0.8190 -0.4596
vn -0.0915 0.9703 -0.2240
vn 0.0425 0.9920 -0.1189
vn 0.1087 0.9914 -0.0724
vn 0.1424 0.9892 -0.0361
vn 0.1582 0.9870 -0.0288
vn 0.1725 0.9849 -0.0157
vn 0.1892 0.9818 -0.0173
vn 0.2063 0.9782 -0.0250
vn 0.2247 0.9740 -0.0277
vn 0.2518 0.9673 -0.0292
vn 0.6646 0.6720 0.3266
vn 0.6854 0.2920 0.6671
vn 0.6459 0.1924 0.7387
vn 0.3427 0.8265 0.4466
vn -0.3662 0.8004 -0.4747
vn -0.4813 0.5990 -0.6399
vn -0.2900 0.8519 -0.4360
vn -0.0672 0.9689 -0.2383
vn 0.0540 0.9893 -0.1352
vn 0.1130 0.9917 -0.0620
vn 0.1322 0.9906 -0.0357
vn 0.1384 0.9900 -0.0255
vn 0.1439 0.9892 -0.0267
vn 0.1463 0.9888 -0.0300
vn 0.1458 0.9888 -0.0318
vn 0.1423 0.9891 -0.0374
vn 0.3461 0.8292 0.4389
vn 0.4850 0.6275 0.6091
vn 0.6291 0.2183 0.7461
vn 0.5761 0.2218 0.7867
vn 0.1387 0.9730 0.1845
vn -0.4095 0.6852 -0.6024
vn -0.4412 0.6401 -0.6290
vn -0.2411 0.8779 -0.4138
vn -0.0548 0.9692 -0.2400
vn 0.0476 0.9935 -0.1033
vn 0.0792 0.9963 -0.0336
vn 0.0783 0.9967 -0.0222
vn 0.0730 0.9971 -0.0190
vn 0.0649 0.9977 -0.0180
vn 0.0553 0.9983 -0.0172
vn 0.0421 0.9990 -0.0168
vn 0.3235 0.8574 0.4003
vn 0.4008 0.7911 0.4621
vn 0.5503 0.5316 0.6438
vn 0.5727 0.0653 0.8172
vn 0.5118 0.4165 0.7514
vn -0.0845 0.9795 -0.1827
vn -0.4389 0.5987 -0.6700
vn -0.3946 0.7014 -0.5936
vn -0.1969 0.8986 -0.3922
vn -0.0423 0.9835 -0.1760
vn 0.0207 0.9992 -0.0343
vn 0.0245 0.9996 -0.0117
vn 0.0187 0.9998 -0.0065
vn 0.0129 0.9999 -0.0049
vn 0.0074 1.0000 -0.0041
vn 0.0033 1.0000 -0.0024
vn 0.2577 0.9199 0.2956
vn 0.3272 0.8483 0.4163
vn 0.3921 0.7687 0.5054
vn 0.5244 0.3421 0.7797
vn 0.5260 0.0852 0.8462
vn 0.3451 0.7465 0.5690
vn -0.2634 0.8424 -0.4701
vn -0.4366 0.5763 -0.6909
vn -0.3252 0.7584 -0.5648
vn -0.1392 0.9444 -0.2979
vn -0.0241 0.9978 -0.0614
vn 0.0018 1.0000 -0.0044
vn 0.0005 1.0000 -0.0012
vn 0.0004 1.0000 -0.0004
vn 0.0005 1.0000 -0.0004
vn 0.0965 0.9780 0.1848
vn 0.2111 0.8923 0.3990
vn 0.2459 0.8631 0.4412
vn 0.3735 0.6953 0.6140
vn 0.4976 0.2062 0.8425
vn 0.4826 0.2446 0.8410
vn 0.1134 0.9882 0.1027
vn -0.3546 0.6811 -0.6406
vn -0.3925 0.5982 -0.6986
vn -0.2352 0.8536 -0.4649
vn -0.0711 0.9884 -0.1344
vn -0.0079 0.9999 -0.0079
vn -0.0013 1.0000 -0.0017
vn -0.0004 1.0000 -0.0004
vn -0.0002 1.0000 -0.0005
vn -0.0000 1.0000 -0.0005
vn 0.0226 0.9986 0.0479
vn 0.1256 0.9457 0.2999
vn 0.2067 0.8879 0.4110
vn 0.2738 0.8514 0.4474
vn 0.4298 0.5592 0.7089
vn 0.4667 0.1249 0.8755
vn 0.3920 0.6045 0.6935
vn -0.1301 0.9313 -0.3402
vn -0.3755 0.5530 -0.7438
vn -0.3118 0.7077 -0.6340
vn -0.1323 0.9567 -0.2592
vn -0.0222 0.9992 -0.0337
vn -0.0010 1.0000 -0.0022
vn -0.0006 1.0000 -0.0005
vn -0.0005 1.0000 -0.0006
vn -0.0421 0.9986 -0.0304
vn 0.0653 0.9873 0.1446
vn 0.2016 0.9206 0.3345
vn 0.2396 0.8837 0.4021
vn 0.3028 0.8029 0.5135
vn 0.4211 0.3674 0.8293
vn 0.4412 0.2602 0.8588
vn 0.2051 0.9478 0.2441
vn -0.2708 0.7084 -0.6518
vn -0.3445 0.5675 -0.7478
vn -0.2001 0.8818 -0.4272
vn -0.0452 0.9948 -0.0913
vn -0.0016 1.0000 -0.0023
vn -0.0008 1.0000 -0.0014
vn -0.0007 1.0000 -0.0006
vn -0.0421 0.9974 -0.0578
vn 0.0023 1.0000 -0.0013
vn 0.1062 0.9765 0.1875
vn 0.1951 0.8972 0.3962
vn 0.2024 0.8769 0.4359
vn 0.3185 0.7143 0.6232
vn 0.4329 0.2751 0.8584
vn 0.3976 0.5833 0.7083
vn -0.0520 0.9490 -0.3108
vn -0.3236 0.5462 -0.7726
vn -0.2664 0.7527 -0.6020
vn -0.0882 0.9784 -0.1868
vn -0.0083 0.9999 -0.0100
vn -0.0009 1.0000 -0.0012
vn -0.0653 0.9954 -0.0703
vn -0.0730 0.9966 -0.0376
vn -0.0070 0.9998 0.0179
vn 0.1415 0.9568 0.2542
vn 0.2295 0.8788 0.4185
vn 0.2892 0.8489 0.4425
vn 0.3929 0.5385 0.7454
vn 0.4022 0.3391 0.8504
vn 0.2087 0.9387 0.2746
vn -0.2277 0.7023 -0.6744
vn -0.2999 0.6165 -0.7280
vn -0.1467 0.9346 -0.3240
vn -0.0228 0.9991 -0.0352
vn -0.0027 1.0000 0.0002
vn -0.0024 1.0000 -0.0025
vn -0.0008 1.0000 -0.0007
vn -0.0970 0.9927 -0.0717
vn -0.0785 0.9956 -0.0520
vn -0.0511 0.9949 -0.0866
vn 0.0352 0.9986 0.0397
vn 0.1672 0.9316 0.3228
vn 0.2432 0.8889 0.3883
vn 0.3170 0.7543 0.5749
vn 0.3847 0.3903 0.8365
vn 0.3665 0.6311 0.6837
vn -0.0317 0.9397 -0.3404
vn -0.2897 0.5788 -0.7623
vn -0.2168 0.8474 -0.4847
vn -0.0539 0.9945 -0.0903
vn -0.0041 1.0000 -0.0032
vn -0.0009 1.0000 -0.0033
vn -0.0012 1.0000 -0.0010
vn -0.0830 0.9949 -0.0580
vn -0.0875 0.9928 -0.0820
vn -0.0714 0.9924 -0.0998
vn -0.0532 0.9957 -0.0760
vn 0.0196 0.9917 0.1274
vn 0.1682 0.9320 0.3211
vn 0.2440 0.8574 0.4531
vn 0.3464 0.6200 0.7039
vn 0.3830 0.4485 0.8076
vn 0.1928 0.9511 0.2414
vn -0.2055 0.7023 -0.6816
vn -0.2574 0.7392 -0.6223
vn -0.1052 0.9777 -0.1817
vn -0.0198 0.9996 -0.0193
vn -0.0064 1.0000 -0.0008
vn -0.0128 0.9999 0.0077
vn -0.0270 0.9993 -0.0266
vn -0.0382 0.9955 -0.0865
vn -0.0527 0.9944 -0.0911
vn -0.0633 0.9947 -0.0811
vn -0.0169 0.9998 0.0044
vn 0.0749 0.9777 0.1963
vn 0.1556 0.9109 0.3821
vn 0.2366 0.8124 0.5330
vn 0.3482 0.5281 0.7745
vn 0.3316 0.6817 0.6521
vn -0.0446 0.9210 -0.3871
vn -0.2707 0.6863 -0.6750
vn -0.1886 0.9383 -0.2900
vn -0.0765 0.9959 -0.0486
vn -0.0343 0.9993 -0.0167
vn -0.0299 0.9987 0.0411
vn 0.0085 0.9991 -0.0414
vn 0.0227 0.9977 -0.0637
vn -0.0065 0.9984 -0.0570
vn -0.0276 0.9969 -0.0733
vn -0.0521 0.9978 -0.0417
vn -0.0237 0.9983 0.0542
vn 0.0741 0.9624 0.2612
vn 0.1843 0.8962 0.4036
vn 0.3192 0.7279 0.6068
vn 0.3637 0.5375 0.7608
vn 0.1586 0.9696 0.1861
vn -0.2822 0.7933 -0.5394
vn -0.3365 0.8523 -0.4004
vn -0.1540 0.9782 -0.1392
vn -0.0580 0.9975 -0.0414
vn -0.0387 0.9968 0.0705
vn -0.0204 0.9973 -0.0709
vn -0.0171 0.9987 -0.0471
vn -0.0182 0.9987 -0.0482
vn -0.0202 0.9984 -0.0528
vn -0.0370 0.9992 -0.0158
vn -0.0343 0.9993 -0.0166
vn 0.0492 0.9872 0.1517
vn 0.1426 0.9403 0.3090
vn 0.2116 0.8682 0.4487
vn 0.3250 0.6457 0.6910
vn 0.3422 0.7579 0.5554
vn -0.0716 0.9896 -0.1245
vn -0.3916 0.8050 -0.4456
vn -0.2839 0.9051 -0.3166
vn -0.0724 0.9901 -0.1203
vn -0.0034 0.9945 0.1043
vn -0.0478 0.9942 -0.0963
vn -0.0344 0.9981 -0.0518
vn -0.0335 0.9982 -0.0505
vn -0.0342 0.9983 -0.0464
vn -0.0218 0.9995 -0.0229
vn -0.0390 0.9992 0.0076
vn -0.0367 0.9992 0.0175
vn 0.0444 0.9843 0.1710
vn 0.1335 0.9216 0.3644
vn 0.2643 0.8429 0.4686
vn 0.4306 0.7012 0.5683
vn 0.3939 0.8896 0.2312
vn 0.0023 0.9639 -0.2661
vn -0.2562 0.8537 -0.4534
vn -0.1681 0.9457 -0.2781
vn -0.0691 0.9844 0.1616
vn -0.1476 0.9794 -0.1376
vn -0.1018 0.9902 -0.0955
vn -0.0578 0.9959 -0.0693
vn -0.0289 0.9977 -0.0609
vn -0.0145 0.9991 -0.0395
vn -0.0207 0.9988 0.0452
vn -0.0254 0.9995 -0.0209
vn 0.0385 0.9991 0.0177
vn 0.1411 0.9551 0.2606
vn 0.2114 0.9211 0.3269
vn 0.2983 0.8585 0.4171
vn 0.4356 0.8465 0.3061
vn 0.2739 0.9455 0.1763
vn -0.1677 0.9577 -0.2340
vn -0.3373 0.8670 -0.3668
vn -0.2024 0.9779 0.0520
vn -0.2461 0.9467 -0.2078
vn -0.1594 0.9696 -0.1857
vn -0.0925 0.9894 -0.1122
vn -0.0643 0.9936 -0.0925
vn -0.0443 0.9974 -0.0571
vn -0.0144 0.9997 0.0216
vn 0.0177 0.9995 -0.0274
vn 0.0354 0.9967 -0.0724
vn 0.0982 0.9853 0.1399
vn 0.1672 0.9426 0.2890
vn 0.1588 0.9181 0.3630
vn 0.1228 0.9438 0.3069
vn 0.1464 0.9293 0.3392
vn 0.0725 0.9334 0.3514
vn -0.2960 0.9177 -0.2649
vn -0.2048 0.9304 -0.3041
vn -0.3389 0.8888 -0.3086
vn -0.2477 0.9240 -0.2912
vn -0.2165 0.9583 -0.1864
vn -0.1677 0.9759 -0.1399
vn -0.1286 0.9857 -0.1084
vn -0.0647 0.9965 -0.0536
vn -0.0271 0.9977 -0.0618
vn -0.0301 0.9969 -0.0731
vn -0.0128 0.9989 0.0451
vn 0.0822 0.9728 0.2165
vn 0.1190 0.8840 0.4522
vn 0.0223 0.9201 0.3911
vn 0.0425 0.9768 0.2099
vn 0.0869 0.8406 0.5346
vn 0.0302 0.9940 0.1052
vn 0.1155 0.8051 -0.5818
vn -0.3516 0.8782 -0.3242
vn -0.3768 0.8560 -0.3540
vn -0.3691 0.8895 -0.2693
vn -0.3359 0.9221 -0.1923
vn -0.2761 0.9344 -0.2250
vn -0.1523 0.9705 -0.1869
vn -0.0791 0.9933 -0.0838
vn -0.0695 0.9953 -0.0679
vn -0.0518 0.9986 -0.0052
vn -0.0233 0.9908 0.1335
vn 0.0446 0.8849 0.4636
vn 0.0915 0.9055 0.4143
vn 0.0808 0.9858 0.1470
vn 0.0267 0.7534 0.6570
vn 0.2332 0.9422 0.2407
vn 0.2889 0.6602 -0.6933
vn -0.2164 0.9480 -0.2335
vn -0.2768 0.9040 -0.3259
vn -0.2972 0.9148 -0.2736
vn -0.3277 0.9224 -0.2044
vn -0.2976 0.9108 -0.2861
vn -0.2638 0.9189 -0.2934
vn -0.1962 0.9679 -0.1569
vn -0.1323 0.9870 -0.0915
vn -0.2394 0.9673 0.0834
vn -0.3072 0.9309 0.1978
vn -0.3597 0.8407 0.4048
vn -0.2467 0.9033 0.3510
vn -0.2913 0.8828 0.3685
vn -0.1890 0.2484 0.9500
vn 0.4901 0.8711 -0.0305
vn 0.2446 0.7126 -0.6575
vn -0.0028 1.0000 0.0008
vn -0.0244 0.9997 -0.0009
vn -0.0144 0.9995 0.0266
vn -0.0013 1.0000 0.0025
vn -0.0012 1.0000 -0.0002
vn -0.0009 1.0000 0.0011
vn -0.0014 1.0000 0.0021
vn -0.0012 1.0000 0.0026
vn -0.0953 0.9954 -0.0086
vn 0.3513 0.8579 -0.3751
vn -0.1020 0.9924 -0.0682
vn -0.1452 0.9893 0.0153
vn -0.0197 0.9892 -0.1451
vn -0.2222 0.9727 0.0663
vn -0.3330 0.3205 0.8868
vn 0.1433 0.9863 -0.0819
vn 0.3421 0.8732 -0.3470
vt 0.977778 0.941176
vt 1.000000 0.941176
vt 1.000000 1.000000
vt 0.977778 1.000000
vt 0.000000 0.941176
vt 0.022222 0.941176
vt 0.022222 1.000000
vt 0.000000 1.000000
vt 0.044444 0.941176
vt 0.044444 1.000000
vt 0.066667 0.941176
vt 0.066667 1.000000
vt 0.088889 0.941176
vt 0.088889 1.000000
vt 0.111111 0.941176
vt 0.111111 1.000000
vt 0.133333 0.941176
vt 0.133333 1.000000
vt 0.155556 0.941176
vt 0.155556 1.000000
vt 0.177778 0.941176
vt 0.177778 1.000000
vt 0.200000 0.941176
vt 0.200000 1.000000
vt 0.222222 0.941176
vt 0.222222 1.000000
vt 0.244444 0.941176
vt 0.244444 1.000000
vt 0.266667 0.941177
vt 0.266667 1.000000
vt 0.288889 0.941177
vt 0.288889 1.000000
vt 0.311111 0.941177
vt 0.311111 1.000000
vt 0.333333 0.941177
vt 0.333333 1.000000
vt 0.355556 0.941177
vt 0.355556 1.000000
vt 0.377778 0.941176
vt 0.377778 1.000000
vt 0.400000 0.941176
vt 0.400000 1.000000
vt 0.422222 0.941176
vt 0.422222 1.000000
vt 0.444444 0.941176
vt 0.444444 1.000000
vt 0.466667 0.941176
vt 0.466667 1.000000
vt 0.488889 0.941177
vt 0.488889 1.000000
vt 0.511111 0.941177
vt 0.511111 1.000000
vt 0.533333 0.941176
vt 0.533333 1.000000
vt 0.555556 0.941176
vt 0.555556 1.000000
vt 0.577778 0.941177
vt 0.577778 1.000000
vt 0.600000 0.941177
vt 0.600000 1.000000
vt 0.622222 0.941177
vt 0.622222 1.000000
vt 0.644445 0.941177
vt 0.644444 1.000000
vt 0.666667 0.941177
vt 0.666667 1.000000
vt 0.688889 0.941177
vt 0.688889 1.000000
vt 0.711111 0.941177
vt 0.711111 1.000000
vt 0.733333 0.941177
vt 0.733333 1.000000
vt 0.755556 0.941177
vt 0.755556 1.000000
vt 0.777778 0.941177
vt 0.777778 1.000000
vt 0.800000 0.941177
vt 0.800000 1.000000
vt 0.822222 0.941177
vt 0.822222 1.000000
vt 0.844445 0.941177
vt 0.844445 1.000000
vt 0.866667 0.941177
vt 0.866667 1.000000
vt 0.888889 0.941177
vt 0.888889 1.000000
vt 0.911111 0.941177
vt 0.911111 1.000000
vt 0.933333 0.941177
vt 0.933333 1.000000
vt 0.955556 0.941177
vt 0.955556 1.000000
vt 0.955555 0.000000
vt 0.977778 0.000000
vt 0.977778 0.058824
vt 0.955555 0.058824
vt 0.977778 0.117647
vt 0.955555 0.117647
vt 0.977778 0.176471
vt 0.955555 0.176471
vt 0.977778 0.235294
vt 0.955555 0.235294
vt 0.977778 0.294118
vt 0.955555 0.294118
vt 0.977778 0.352941
vt 0.955556 0.352941
vt 0.977778 0.411765
vt 0.955556 0.411765
vt 0.977778 0.470588
vt 0.955555 0.470588
vt 0.977778 0.529412
vt 0.955556 0.529412
vt 0.977778 0.588235
vt 0.955556 0.588235
vt 0.977778 0.647059
vt 0.955556 0.647059
vt 0.977778 0.705882
vt 0.955556 0.705882
vt 0.977778 0.764706
vt 0.955556 0.764706
vt 0.977778 0.823529
vt 0.955556 0.823529
vt 0.977778 0.882353
vt 0.955556 0.882353
vt 0.933333 0.000000
vt 0.933333 0.058824
vt 0.933333 0.117647
vt 0.933333 0.176471
vt 0.933333 0.235294
vt 0.933333 0.294118
vt 0.933333 0.352941
vt 0.933333 0.411765
vt 0.933333 0.470588
vt 0.933333 0.529412
vt 0.933333 0.588235
vt 0.933333 0.647059
vt 0.933333 0.705882
vt 0.933333 0.764706
vt 0.933333 0.823529
vt 0.933333 0.882353
vt 0.911111 0.000000
vt 0.911111 0.058824
vt 0.911111 0.117647
vt 0.911111 0.176471
vt 0.911111 0.235294
vt 0.911111 0.294118
vt 0.911111 0.352941
vt 0.911111 0.411765
vt 0.911111 0.470588
vt 0.911111 0.529412
vt 0.911111 0.588235
vt 0.911111 0.647059
vt 0.911111 0.705882
vt 0.911111 0.764706
vt 0.911111 0.823529
vt 0.911111 0.882353
vt 0.888889 0.000000
vt 0.888889 0.058824
vt 0.888889 0.117647
vt 0.888889 0.176471
vt 0.888889 0.235294
vt 0.888889 0.294118
vt 0.888889 0.352941
vt 0.888889 0.411765
vt 0.888889 0.470588
vt 0.888889 0.529412
vt 0.888889 0.588235
vt 0.888889 0.647059
vt 0.888889 0.705882
vt 0.888889 0.764706
vt 0.888889 0.823529
vt 0.888889 0.882353
vt 0.866667 0.000000
vt 0.866667 0.058824
vt 0.866667 0.117647
vt 0.866667 0.176471
vt 0.866667 0.235294
vt 0.866667 0.294118
vt 0.866667 0.352941
vt 0.866667 0.411765
vt 0.866666 0.470588
vt 0.866667 0.529412
vt 0.866667 0.588235
vt 0.866667 0.647059
vt 0.866667 0.705882
vt 0.866667 0.764706
vt 0.866667 0.823529
vt 0.866667 0.882353
vt 0.844444 0.000000
vt 0.844444 0.058824
vt 0.844444 0.117647
vt 0.844444 0.176471
vt 0.844444 0.235294
vt 0.844444 0.294118
vt 0.844444 0.352941
vt 0.844444 0.411765
vt 0.844444 0.470588
vt 0.844444 0.529412
vt 0.844445 0.588235
vt 0.844445 0.647059
vt 0.844445 0.705882
vt 0.844445 0.764706
vt 0.844445 0.823529
vt 0.844445 0.882353
vt 0.822222 0.000000
vt 0.822222 0.058824
vt 0.822222 0.117647
vt 0.822222 0.176471
vt 0.822222 0.235294
vt 0.822222 0.294118
vt 0.822222 0.352941
vt 0.822222 0.411765
vt 0.822222 0.470588
vt 0.822222 0.529412
vt 0.822222 0.588235
vt 0.822222 0.647059
vt 0.822222 0.705882
vt 0.822222 0.764706
vt 0.822222 0.823529
vt 0.822222 0.882353
vt 0.800000 0.000000
vt 0.800000 0.058824
vt 0.800000 0.117647
vt 0.800000 0.176471
vt 0.800000 0.235294
vt 0.800000 0.294118
vt 0.800000 0.352941
vt 0.800000 0.411765
vt 0.800000 0.470588
vt 0.800000 0.529412
vt 0.800000 0.588235
vt 0.800000 0.647059
vt 0.800000 0.705882
vt 0.800000 0.764706
vt 0.800000 0.823529
vt 0.800000 0.882353
vt 0.777778 0.000000
vt 0.777778 0.058824
vt 0.777778 0.117647
vt 0.777778 0.176471
vt 0.777778 0.235294
vt 0.777778 0.294118
vt 0.777778 0.352941
vt 0.777778 0.411765
vt 0.777778 0.470588
vt 0.777778 0.529412
vt 0.777778 0.588235
vt 0.777778 0.647059
vt 0.777778 0.705882
vt 0.777778 0.764706
vt 0.777778 0.823529
vt 0.777778 0.882353
vt 0.755556 0.000000
vt 0.755556 0.058824
vt 0.755556 0.117647
vt 0.755556 0.176471
vt 0.755556 0.235294
vt 0.755556 0.294118
vt 0.755556 0.352941
vt 0.755556 0.411765
vt 0.755556 0.470588
vt 0.755556 0.529412
vt 0.755556 0.588235
vt 0.755556 0.647059
vt 0.755556 0.705882
vt 0.755556 0.764706
vt 0.755556 0.823529
vt 0.755556 0.882353
vt 0.733333 0.000000
vt 0.733333 0.058824
vt 0.733333 0.117647
vt 0.733333 0.176471
vt 0.733333 0.235294
vt 0.733333 0.294118
vt 0.733333 0.352941
vt 0.733333 0.411765
vt 0.733333 0.470588
vt 0.733333 0.529412
vt 0.733333 0.588235
vt 0.733333 0.647059
vt 0.733333 0.705882
vt 0.733333 0.764706
vt 0.733333 0.823529
vt 0.733333 0.882353
vt 0.711111 0.000000
vt 0.711111 0.058824
vt 0.711111 0.117647
vt 0.711111 0.176471
vt 0.711111 0.235294
vt 0.711111 0.294118
vt 0.711111 0.352941
vt 0.711111 0.411765
vt 0.711111 0.470588
vt 0.711111 0.529412
vt 0.711111 0.588235
vt 0.711111 0.647059
vt 0.711111 0.705882
vt 0.711111 0.764706
vt 0.711111 0.823529
vt 0.711111 0.882353
vt 0.688889 0.000000
vt 0.688889 0.058824
vt 0.688889 0.117647
vt 0.688889 0.176471
vt 0.688889 0.235294
vt 0.688889 0.294118
vt 0.688889 0.352941
vt 0.688889 0.411765
vt 0.688889 0.470588
vt 0.688889 0.529412
vt 0.688889 0.588235
vt 0.688889 0.647059
vt 0.688889 0.705882
vt 0.688889 0.764706
vt 0.688889 0.823529
vt 0.688889 0.882353
vt 0.666667 0.000000
vt 0.666667 0.058824
vt 0.666667 0.117647
vt 0.666667 0.176471
vt 0.666667 0.235294
vt 0.666667 0.294118
vt 0.666667 0.352941
vt 0.666667 0.411765
vt 0.666667 0.470588
vt 0.666667 0.529412
vt 0.666667 0.588235
vt 0.666667 0.647059
vt 0.666667 0.705882
vt 0.666667 0.764706
vt 0.666667 0.823529
vt 0.666667 0.882353
vt 0.644444 0.000000
vt 0.644444 0.058824
vt 0.644444 0.117647
vt 0.644444 0.176471
vt 0.644444 0.235294
vt 0.644444 0.294118
vt 0.644444 0.352941
vt 0.644444 0.411765
vt 0.644444 0.470588
vt 0.644444 0.529412
vt 0.644444 0.588235
vt 0.644444 0.647059
vt 0.644444 0.705882
vt 0.644444 0.764706
vt 0.644445 0.823529
vt 0.644444 0.882353
vt 0.622222 0.000000
vt 0.622222 0.058824
vt 0.622222 0.117647
vt 0.622222 0.176471
vt 0.622222 0.235294
vt 0.622222 0.294118
vt 0.622222 0.352941
vt 0.622222 0.411765
vt 0.622222 0.470588
vt 0.622222 0.529412
vt 0.622222 0.588235
vt 0.622222 0.647059
vt 0.622222 0.705882
vt 0.622222 0.764706
vt 0.622222 0.823529
vt 0.622222 0.882353
vt 0.600000 0.000000
vt 0.600000 0.058824
vt 0.600000 0.117647
vt 0.600000 0.176471
vt 0.600000 0.235294
vt 0.600000 0.294118
vt 0.600000 0.352941
vt 0.600000 0.411765
vt 0.600000 0.470588
vt 0.600000 0.529412
vt 0.600000 0.588235
vt 0.600000 0.647059
vt 0.600000 0.705882
vt 0.600000 0.764706
vt 0.600000 0.823529
vt 0.600000 0.882353
vt 0.577778 0.000000
vt 0.577778 0.058824
vt 0.577778 0.117647
vt 0.577778 0.176471
vt 0.577778 0.235294
vt 0.577778 0.294118
vt 0.577778 0.352941
vt 0.577778 0.411765
vt 0.577778 0.470588
vt 0.577778 0.529412
vt 0.577778 0.588235
vt 0.577778 0.647059
vt 0.577778 0.705882
vt 0.577778 0.764706
vt 0.577778 0.823529
vt 0.577778 0.882353
vt 0.555556 0.000000
vt 0.555556 0.058824
vt 0.555555 0.117647
vt 0.555556 0.176471
vt 0.555556 0.235294
vt 0.555556 0.294118
vt 0.555555 0.352941
vt 0.555556 0.411765
vt 0.555556 0.470588
vt 0.555555 0.529412
vt 0.555555 0.588235
vt 0.555556 0.647059
vt 0.555556 0.705882
vt 0.555556 0.764706
vt 0.555555 0.823529
vt 0.555556 0.882353
vt 0.533333 0.000000
vt 0.533333 0.058824
vt 0.533333 0.117647
vt 0.533333 0.176471
vt 0.533333 0.235294
vt 0.533333 0.294118
vt 0.533333 0.352941
vt 0.533333 0.411765
vt 0.533333 0.470588
vt 0.533333 0.529412
vt 0.533333 0.588235
vt 0.533333 0.647059
vt 0.533333 0.705882
vt 0.533333 0.764706
vt 0.533333 0.823529
vt 0.533333 0.882353
vt 0.511111 0.000000
vt 0.511111 0.058824
vt 0.511111 0.117647
vt 0.511111 0.176471
vt 0.511111 0.235294
vt 0.511111 0.294118
vt 0.511111 0.352941
vt 0.511111 0.411765
vt 0.511111 0.470588
vt 0.511111 0.529412
vt 0.511111 0.588235
vt 0.511111 0.647059
vt 0.511111 0.705882
vt 0.511111 0.764706
vt 0.511111 0.823529
vt 0.511111 0.882353
vt 0.488889 0.000000
vt 0.488889 0.058824
vt 0.488889 0.117647
vt 0.488889 0.176471
vt 0.488889 0.235294
vt 0.488889 0.294118
vt 0.488889 0.352941
vt 0.488889 0.411765
vt 0.488889 0.470588
vt 0.488889 0.529412
vt 0.488889 0.588235
vt 0.488889 0.647059
vt 0.488889 0.705882
vt 0.488889 0.764706
vt 0.488889 0.823529
vt 0.488889 0.882353
vt 0.466667 0.000000
vt 0.466667 0.058824
vt 0.466667 0.117647
vt 0.466667 0.176471
vt 0.466667 0.235294
vt 0.466667 0.294118
vt 0.466667 0.352941
vt 0.466667 0.411765
vt 0.466667 0.470588
vt 0.466667 0.529412
vt 0.466667 0.588235
vt 0.466667 0.647059
vt 0.466667 0.705882
vt 0.466667 0.764706
vt 0.466667 0.823529
vt 0.466667 0.882353
vt 0.444444 0.000000
vt 0.444444 0.058824
vt 0.444444 0.117647
vt 0.444444 0.176471
vt 0.444444 0.235294
vt 0.444444 0.294118
vt 0.444444 0.352941
vt 0.444444 0.411765
vt 0.444444 0.470588
vt 0.444444 0.529412
vt 0.444444 0.588235
vt 0.444444 0.647059
vt 0.444444 0.705882
vt 0.444444 0.764706
vt 0.444444 0.823529
vt 0.444444 0.882353
vt 0.422222 0.000000
vt 0.422222 0.058824
vt 0.422222 0.117647
vt 0.422222 0.176471
vt 0.422222 0.235294
vt 0.422222 0.294118
vt 0.422222 0.352941
vt 0.422222 0.411765
vt 0.422222 0.470588
vt 0.422222 0.529412
vt 0.422222 0.588235
vt 0.422222 0.647059
vt 0.422222 0.705882
vt 0.422222 0.764706
vt 0.422222 0.823529
vt 0.422222 0.882353
vt 0.400000 0.000000
vt 0.400000 0.058824
vt 0.400000 0.117647
vt 0.400000 0.176471
vt 0.400000 0.235294
vt 0.400000 0.294118
vt 0.400000 0.352941
vt 0.400000 0.411765
vt 0.400000 0.470588
vt 0.400000 0.529412
vt 0.400000 0.588235
vt 0.400000 0.647059
vt 0.400000 0.705882
vt 0.400000 0.764706
vt 0.400000 0.823529
vt 0.400000 0.882353
vt 0.377778 0.000000
vt 0.377778 0.058824
vt 0.377778 0.117647
vt 0.377778 0.176471
vt 0.377778 0.235294
vt 0.377778 0.294118
vt 0.377778 0.352941
vt 0.377778 0.411765
vt 0.377778 0.470588
vt 0.377778 0.529412
vt 0.377778 0.588235
vt 0.377778 0.647059
vt 0.377778 0.705882
vt 0.377778 0.764706
vt 0.377778 0.823529
vt 0.377778 0.882353
vt 0.355556 0.000000
vt 0.355556 0.058824
vt 0.355556 0.117647
vt 0.355556 0.176471
vt 0.355556 0.235294
vt 0.355556 0.294118
vt 0.355556 0.352941
vt 0.355556 0.411765
vt 0.355556 0.470588
vt 0.355556 0.529412
vt 0.355556 0.588235
vt 0.355556 0.647059
vt 0.355556 0.705882
vt 0.355556 0.764706
vt 0.355556 0.823529
vt 0.355556 0.882353
vt 0.333333 0.000000
vt 0.333333 0.058824
vt 0.333333 0.117647
vt 0.333333 0.176471
vt 0.333333 0.235294
vt 0.333333 0.294118
vt 0.333333 0.352941
vt 0.333333 0.411765
vt 0.333333 0.470588
vt 0.333333 0.529412
vt 0.333333 0.588235
vt 0.333333 0.647059
vt 0.333333 0.705882
vt 0.333333 0.764706
vt 0.333333 0.823529
vt 0.333333 0.882353
vt 0.311111 0.000000
vt 0.311111 0.058824
vt 0.311111 0.117647
vt 0.311111 0.176471
vt 0.311111 0.235294
vt 0.311111 0.294118
vt 0.311111 0.352941
vt 0.311111 0.411765
vt 0.311111 0.470588
vt 0.311111 0.529412
vt 0.311111 0.588235
vt 0.311111 0.647059
vt 0.311111 0.705882
vt 0.311111 0.764706
vt 0.311111 0.823529
vt 0.311111 0.882353
vt 0.288889 0.000000
vt 0.288889 0.058824
vt 0.288889 0.117647
vt 0.288889 0.176471
vt 0.288889 0.235294
vt 0.288889 0.294118
vt 0.288889 0.352941
vt 0.288889 0.411765
vt 0.288889 0.470588
vt 0.288889 0.529412
vt 0.288889 0.588235
vt 0.288889 0.647059
vt 0.288889 0.705882
vt 0.288889 0.764706
vt 0.288889 0.823529
vt 0.288889 0.882353
vt 0.266667 0.000000
vt 0.266667 0.058824
vt 0.266667 0.117647
vt 0.266667 0.176471
vt 0.266667 0.235294
vt 0.266667 0.294118
vt 0.266667 0.352941
vt 0.266667 0.411765
vt 0.266667 0.470588
vt 0.266667 0.529412
vt 0.266667 0.588235
vt 0.266667 0.647059
vt 0.266667 0.705882
vt 0.266667 0.764706
vt 0.266667 0.823529
vt 0.266667 0.882353
vt 0.244444 0.000000
vt 0.244444 0.058824
vt 0.244444 0.117647
vt 0.244444 0.176471
vt 0.244444 0.235294
vt 0.244444 0.294118
vt 0.244444 0.352941
vt 0.244444 0.411765
vt 0.244444 0.470588
vt 0.244444 0.529412
vt 0.244444 0.588235
vt 0.244444 0.647059
vt 0.244444 0.705882
vt 0.244444 0.764706
vt 0.244444 0.823529
vt 0.244444 0.882353
vt 0.222222 0.000000
vt 0.222222 0.058824
vt 0.222222 0.117647
vt 0.222222 0.176471
vt 0.222222 0.235294
vt 0.222222 0.294118
vt 0.222222 0.352941
vt 0.222222 0.411765
vt 0.222222 0.470588
vt 0.222222 0.529412
vt 0.222222 0.588235
vt 0.222222 0.647059
vt 0.222222 0.705882
vt 0.222222 0.764706
vt 0.222222 0.823529
vt 0.222222 0.882353
vt 0.200000 0.000000
vt 0.200000 0.058824
vt 0.200000 0.117647
vt 0.200000 0.176471
vt 0.200000 0.235294
vt 0.200000 0.294118
vt 0.200000 0.352941
vt 0.200000 0.411765
vt 0.200000 0.470588
vt 0.200000 0.529412
vt 0.200000 0.588235
vt 0.200000 0.647059
vt 0.200000 0.705882
vt 0.200000 0.764706
vt 0.200000 0.823529
vt 0.200000 0.882353
vt 0.177778 0.000000
vt 0.177778 0.058824
vt 0.177778 0.117647
vt 0.177778 0.176471
vt 0.177778 0.235294
vt 0.177778 0.294118
vt 0.177778 0.352941
vt 0.177778 0.411765
vt 0.177778 0.470588
vt 0.177778 0.529412
vt 0.177778 0.588235
vt 0.177778 0.647059
vt 0.177778 0.705882
vt 0.177778 0.764706
vt 0.177778 0.823529
vt 0.177778 0.882353
vt 0.155556 0.000000
vt 0.155556 0.058824
vt 0.155556 0.117647
vt 0.155556 0.176471
vt 0.155556 0.235294
vt 0.155556 0.294118
vt 0.155556 0.352941
vt 0.155556 0.411765
vt 0.155556 0.470588
vt 0.155556 0.529412
vt 0.155556 0.588235
vt 0.155556 0.647059
vt 0.155556 0.705882
vt 0.155556 0.764706
vt 0.155556 0.823529
vt 0.155556 0.882353
vt 0.133333 0.000000
vt 0.133333 0.058824
vt 0.133333 0.117647
vt 0.133333 0.176471
vt 0.133333 0.235294
vt 0.133333 0.294118
vt 0.133333 0.352941
vt 0.133333 0.411765
vt 0.133333 0.470588
vt 0.133333 0.529412
vt 0.133333 0.588235
vt 0.133333 0.647059
vt 0.133333 0.705882
vt 0.133333 0.764706
vt 0.133333 0.823529
vt 0.133333 0.882353
vt 0.111111 0.000000
vt 0.111111 0.058824
vt 0.111111 0.117647
vt 0.111111 0.176471
vt 0.111111 0.235294
vt 0.111111 0.294118
vt 0.111111 0.352941
vt 0.111111 0.411765
vt 0.111111 0.470588
vt 0.111111 0.529412
vt 0.111111 0.588235
vt 0.111111 0.647059
vt 0.111111 0.705882
vt 0.111111 0.764706
vt 0.111111 0.823529
vt 0.111111 0.882353
vt 0.088889 0.000000
vt 0.088889 0.058824
vt 0.088889 0.117647
vt 0.088889 0.176471
vt 0.088889 0.235294
vt 0.088889 0.294118
vt 0.088889 0.352941
vt 0.088889 0.411765
vt 0.088889 0.470588
vt 0.088889 0.529412
vt 0.088889 0.588235
vt 0.088889 0.647059
vt 0.088889 0.705882
vt 0.088889 0.764706
vt 0.088889 0.823529
vt 0.088889 0.882353
vt 0.066667 0.000000
vt 0.066667 0.058824
vt 0.066667 0.117647
vt 0.066667 0.176471
vt 0.066667 0.235294
vt 0.066667 0.294118
vt 0.066667 0.352941
vt 0.066667 0.411765
vt 0.066667 0.470588
vt 0.066667 0.529412
vt 0.066667 0.588235
vt 0.066667 0.647059
vt 0.066667 0.705882
vt 0.066667 0.764706
vt 0.066667 0.823529
vt 0.066667 0.882353
vt 0.044444 0.000000
vt 0.044444 0.058824
vt 0.044444 0.117647
vt 0.044444 0.176471
vt 0.044444 0.235294
vt 0.044444 0.294118
vt 0.044444 0.352941
vt 0.044444 0.411765
vt 0.044444 0.470588
vt 0.044444 0.529412
vt 0.044444 0.588235
vt 0.044444 0.647059
vt 0.044444 0.705882
vt 0.044444 0.764706
vt 0.044444 0.823529
vt 0.044444 0.882353
vt 0.022222 0.000000
vt 0.022222 0.058824
vt 0.022222 0.117647
vt 0.022222 0.176471
vt 0.022222 0.235294
vt 0.022222 0.294118
vt 0.022222 0.352941
vt 0.022222 0.411765
vt 0.022222 0.470588
vt 0.022222 0.529412
vt 0.022222 0.588235
vt 0.022222 0.647059
vt 0.022222 0.705882
vt 0.022222 0.764706
vt 0.022222 0.823529
vt 0.022222 0.882353
vt 0.000000 0.000000
vt 0.000000 0.058824
vt 0.000000 0.117647
vt 0.000000 0.176471
vt 0.000000 0.235294
vt 0.000000 0.294118
vt 0.000000 0.352941
vt 0.000000 0.411765
vt 0.000000 0.470588
vt 0.000000 0.529412
vt 0.000000 0.588235
vt 0.000000 0.647059
vt 0.000000 0.705882
vt 0.000000 0.764706
vt 0.000000 0.823529
vt 0.000000 0.882353
vt 1.000000 0.000000
vt 1.000000 0.058824
vt 1.000000 0.117647
vt 1.000000 0.176471
vt 1.000000 0.235294
vt 1.000000 0.294118
vt 1.000000 0.352941
vt 1.000000 0.411765
vt 1.000000 0.470588
vt 1.000000 0.529412
vt 1.000000 0.588235
vt 1.000000 0.647059
vt 1.000000 0.705882
vt 1.000000 0.764706
vt 1.000000 0.823529
vt 1.000000 0.882353
s 1
usemtl Sarg_Fenster_dunkelblau
f 828/1/807 124/2/122 4/3/4 49/4/49
f 93/5/93 140/6/138 92/7/92 3/8/3
f 140/6/138 156/9/153 91/10/91 92/7/92
f 156/9/153 172/11/168 90/12/90 91/10/91
f 172/11/168 188/13/182 89/14/89 90/12/90
f 188/13/182 204/15/197 88/16/88 89/14/89
f 204/15/197 220/17/212 87/18/87 88/16/88
f 220/17/212 236/19/227 86/20/86 87/18/87
f 236/19/227 252/21/243 85/22/85 86/20/86
f 252/21/243 268/23/259 84/24/84 85/22/85
f 268/23/259 284/25/275 83/26/83 84/24/84
f 284/25/275 300/27/291 82/28/82 83/26/83
f 300/27/291 316/29/307 81/30/81 82/28/82
f 316/29/307 332/31/323 80/32/80 81/30/81
f 332/31/323 348/33/339 79/34/79 80/32/80
f 348/33/339 364/35/355 78/36/78 79/34/79
f 364/35/355 380/37/371 77/38/77 78/36/78
f 380/37/371 396/39/387 76/40/76 77/38/77
f 396/39/387 412/41/400 75/42/75 76/40/76
f 412/41/400 428/43/412 74/44/74 75/42/75
f 428/43/412 444/45/428 73/46/73 74/44/74
f 444/45/428 460/47/444 72/48/72 73/46/73
f 460/47/444 476/49/460 71/50/71 72/48/72
f 476/49/460 492/51/476 70/52/70 71/50/71
f 492/51/476 508/53/492 69/54/69 70/52/70
f 508/53/492 524/55/508 68/56/68 69/54/69
f 524/55/508 540/57/524 67/58/67 68/56/68
f 540/57/524 556/59/540 66/60/66 67/58/67
f 556/59/540 572/61/555 65/62/65 66/60/66
f 572/61/555 588/63/571 64/64/64 65/62/65
f 588/63/571 604/65/586 63/66/63 64/64/64
f 604/65/586 620/67/601 62/68/62 63/66/63
f 620/67/601 636/69/586 61/70/61 62/68/62
f 636/69/586 652/71/631 60/72/60 61/70/61
f 652/71/631 668/73/647 59/74/59 60/72/60
f 668/73/647 684/75/663 58/76/58 59/74/59
f 684/75/663 700/77/679 57/78/57 58/76/58
f 700/77/679 716/79/695 56/80/56 57/78/57
f 716/79/695 732/81/711 55/82/55 56/80/56
f 732/81/711 748/83/727 54/84/54 55/82/55
f 748/83/727 764/85/743 53/86/53 54/84/54
f 764/85/743 780/87/759 52/88/52 53/86/53
f 780/87/759 796/89/775 51/90/51 52/88/52
f 796/89/775 812/91/791 50/92/50 51/90/51
f 812/91/791 828/1/807 49/4/49 50/92/50
f 47/93/47 48/94/48 813/95/792 797/96/776
f 797/96/776 813/95/792 814/97/793 798/98/777
f 798/98/777 814/97/793 815/99/794 799/100/778
f 799/100/778 815/99/794 816/101/795 800/102/779
f 800/102/779 816/101/795 817/103/796 801/104/780
f 801/104/780 817/103/796 818/105/797 802/106/781
f 802/106/781 818/105/797 819/107/798 803/108/782
f 803/108/782 819/107/798 820/109/799 804/110/783
f 805/112/784 821/111/800 822/113/801 806/114/785
f 806/114/785 822/113/801 823/115/802 807/116/786
f 807/116/786 823/115/802 824/117/803 808/118/787
f 808/118/787 824/117/803 825/119/804 809/120/788
f 809/120/788 825/119/804 826/121/805 810/122/789
f 810/122/789 826/121/805 827/123/806 811/124/790
f 811/124/790 827/123/806 828/1/807 812/91/791
f 46/125/46 47/93/47 797/96/776 781/126/760
f 781/126/760 797/96/776 798/98/777 782/127/761
f 782/127/761 798/98/777 799/100/778 783/128/762
f 783/128/762 799/100/778 800/102/779 784/129/763
f 784/129/763 800/102/779 801/104/780 785/130/764
f 785/130/764 801/104/780 802/106/781 786/131/765
f 786/131/765 802/106/781 803/108/782 787/132/766
f 788/133/767 804/110/783 805/112/784 789/134/768
f 790/135/769 806/114/785 807/116/786 791/136/770
f 791/136/770 807/116/786 808/118/787 792/137/771
f 792/137/771 808/118/787 809/120/788 793/138/772
f 793/138/772 809/120/788 810/122/789 794/139/773
f 794/139/773 810/122/789 811/124/790 795/140/774
f 795/140/774 811/124/790 812/91/791 796/89/775
f 45/141/45 46/125/46 781/126/760 765/142/744
f 765/142/744 781/126/760 782/127/761 766/143/745
f 766/143/745 782/127/761 783/128/762 767/144/746
f 767/144/746 783/128/762 784/129/763 768/145/747
f 768/145/747 784/129/763 785/130/764 769/146/748
f 769/146/748 785/130/764 786/131/765 770/147/749
f 771/148/750 787/132/766 788/133/767 772/149/751
f 772/149/751 788/133/767 789/134/768 773/150/752
f 773/150/752 789/134/768 790/135/769 774/151/753
f 775/152/754 791/136/770 792/137/771 776/153/755
f 776/153/755 792/137/771 793/138/772 777/154/756
f 777/154/756 793/138/772 794/139/773 778/155/757
f 778/155/757 794/139/773 795/140/774 779/156/758
f 779/156/758 795/140/774 796/89/775 780/87/759
f 44/157/44 45/141/45 765/142/744 749/158/728
f 749/158/728 765/142/744 766/143/745 750/159/729
f 750/159/729 766/143/745 767/144/746 751/160/730
f 751/160/730 767/144/746 768/145/747 752/161/731
f 752/161/731 768/145/747 769/146/748 753/162/732
f 754/163/733 770/147/749 771/148/750 755/164/734
f 755/164/734 771/148/750 772/149/751 756/165/735
f 756/165/735 772/149/751 773/150/752 757/166/736
f 757/166/736 773/150/752 774/151/753 758/167/737
f 758/167/737 774/151/753 775/152/754 759/168/738
f 760/169/739 776/153/755 777/154/756 761/170/740
f 761/170/740 777/154/756 778/155/757 762/171/741
f 762/171/741 778/155/757 779/156/758 763/172/742
f 763/172/742 779/156/758 780/87/759 764/85/743
f 43/173/43 44/157/44 749/158/728 733/174/712
f 733/174/712 749/158/728 750/159/729 734/175/713
f 734/175/713 750/159/729 751/160/730 735/176/714
f 735/176/714 751/160/730 752/161/731 736/177/715
f 737/178/716 753/162/732 754/163/733 738/179/717
f 738/179/717 754/163/733 755/164/734 739/180/718
f 739/180/718 755/164/734 756/165/735 740/181/719
f 740/181/719 756/165/735 757/166/736 741/182/720
f 741/182/720 757/166/736 758/167/737 742/183/721
f 742/183/721 758/167/737 759/168/738 743/184/722
f 743/184/722 759/168/738 760/169/739 744/185/723
f 745/186/724 761/170/740 762/171/741 746/187/725
f 746/187/725 762/171/741 763/172/742 747/188/726
f 747/188/726 763/172/742 764/85/743 748/83/727
f 42/189/42 43/173/43 733/174/712 717/190/696
f 717/190/696 733/174/712 734/175/713 718/191/697
f 718/191/697 734/175/713 735/176/714 719/192/698
f 720/193/699 736/177/715 737/178/716 721/194/700
f 721/194/700 737/178/716 738/179/717 722/195/701
f 722/195/701 738/179/717 739/180/718 723/196/702
f 723/196/702 739/180/718 740/181/719 724/197/703
f 724/197/703 740/181/719 741/182/720 725/198/704
f 725/198/704 741/182/720 742/183/721 726/199/705
f 726/199/705 742/183/721 743/184/722 727/200/706
f 727/200/706 743/184/722 744/185/723 728/201/707
f 728/201/707 744/185/723 745/186/724 729/202/708
f 730/203/709 746/187/725 747/188/726 731/204/710
f 731/204/710 747/188/726 748/83/727 732/81/711
f 41/205/41 42/189/42 717/190/696 701/206/680
f 701/206/680 717/190/696 718/191/697 702/207/681
f 703/208/682 719/192/698 720/193/699 704/209/683
f 704/209/683 720/193/699 721/194/700 705/210/684
f 705/210/684 721/194/700 722/195/701 706/211/685
f 706/211/685 722/195/701 723/196/702 707/212/686
f 707/212/686 723/196/702 724/197/703 708/213/687
f 708/213/687 724/197/703 725/198/704 709/214/688
f 709/214/688 725/198/704 726/199/705 710/215/689
f 710/215/689 726/199/705 727/200/706 711/216/690
f 711/216/690 727/200/706 728/201/707 712/217/691
f 712/217/691 728/201/707 729/202/708 713/218/692
f 713/218/692 729/202/708 730/203/709 714/219/693
f 715/220/694 731/204/710 732/81/711 716/79/695
f 40/221/40 41/205/41 701/206/680 685/222/664
f 686/223/665 702/207/681 703/208/682 687/224/666
f 687/224/666 703/208/682 704/209/683 688/225/667
f 688/225/667 704/209/683 705/210/684 689/226/668
f 689/226/668 705/210/684 706/211/685 690/227/669
f 690/227/669 706/211/685 707/212/686 691/228/670
f 691/228/670 707/212/686 708/213/687 692/229/671
f 692/229/671 708/213/687 709/214/688 693/230/672
f 693/230/672 709/214/688 710/215/689 694/231/673
f 694/231/673 710/215/689 711/216/690 695/232/674
f 695/232/674 711/216/690 712/217/691 696/233/675
f 696/233/675 712/217/691 713/218/692 697/234/676
f 697/234/676 713/218/692 714/219/693 698/235/677
f 698/235/677 714/219/693 715/220/694 699/236/678
f 39/237/39 40/221/40 685/222/664 669/238/648
f 669/238/648 685/222/664 686/223/665 670/239/649
f 670/239/649 686/223/665 687/224/666 671/240/650
f 671/240/650 687/224/666 688/225/667 672/241/651
f 672/241/651 688/225/667 689/226/668 673/242/652
f 673/242/652 689/226/668 690/227/669 674/243/653
f 674/243/653 690/227/669 691/228/670 675/244/654
f 675/244/654 691/228/670 692/229/671 676/245/655
f 676/245/655 692/229/671 693/230/672 677/246/656
f 677/246/656 693/230/672 694/231/673 678/247/657
f 678/247/657 694/231/673 695/232/674 679/248/658
f 679/248/658 695/232/674 696/233/675 680/249/659
f 680/249/659 696/233/675 697/234/676 681/250/660
f 681/250/660 697/234/676 698/235/677 682/251/661
f 682/251/661 698/235/677 699/236/678 683/252/662
f 683/252/662 699/236/678 700/77/679 684/75/663
f 38/253/38 39/237/39 669/238/648 653/254/632
f 653/254/632 669/238/648 670/239/649 654/255/633
f 654/255/633 670/239/649 671/240/650 655/256/634
f 655/256/634 671/240/650 672/241/651 656/257/635
f 656/257/635 672/241/651 673/242/652 657/258/636
f 657/258/636 673/242/652 674/243/653 658/259/637
f 658/259/637 674/243/653 675/244/654 659/260/638
f 659/260/638 675/244/654 676/245/655 660/261/639
f 660/261/639 676/245/655 677/246/656 661/262/640
f 661/262/640 677/246/656 678/247/657 662/263/641
f 662/263/641 678/247/657 679/248/658 663/264/642
f 663/264/642 679/248/658 680/249/659 664/265/643
f 664/265/643 680/249/659 681/250/660 665/266/644
f 665/266/644 681/250/660 682/251/661 666/267/645
f 666/267/645 682/251/661 683/252/662 667/268/646
f 667/268/646 683/252/662 684/75/663 668/73/647
f 37/269/37 38/253/38 653/254/632 637/270/616
f 637/270/616 653/254/632 654/255/633 638/271/617
f 638/271/617 654/255/633 655/256/634 639/272/618
f 639/272/618 655/256/634 656/257/635 640/273/619
f 640/273/619 656/257/635 657/258/636 641/274/620
f 641/274/620 657/258/636 658/259/637 642/275/621
f 642/275/621 658/259/637 659/260/638 643/276/622
f 643/276/622 659/260/638 660/261/639 644/277/623
f 644/277/623 660/261/639 661/262/640 645/278/624
f 645/278/624 661/262/640 662/263/641 646/279/625
f 646/279/625 662/263/641 663/264/642 647/280/626
f 647/280/626 663/264/642 664/265/643 648/281/627
f 648/281/627 664/265/643 665/266/644 649/282/628
f 649/282/628 665/266/644 666/267/645 650/283/629
f 650/283/629 666/267/645 667/268/646 651/284/630
f 651/284/630 667/268/646 668/73/647 652/71/631
f 36/285/36 37/269/37 637/270/616 621/286/602
f 621/286/602 637/270/616 638/271/617 622/287/603
f 622/287/603 638/271/617 639/272/618 623/288/604
f 623/288/604 639/272/618 640/273/619 624/289/605
f 624/289/605 640/273/619 641/274/620 625/290/606
f 625/290/606 641/274/620 642/275/621 626/291/607
f 626/291/607 642/275/621 643/276/622 627/292/608
f 627/292/608 643/276/622 644/277/623 628/293/609
f 628/293/609 644/277/623 645/278/624 629/294/610
f 629/294/610 645/278/624 646/279/625 630/295/611
f 630/295/611 646/279/625 647/280/626 631/296/612
f 631/296/612 647/280/626 648/281/627 632/297/613
f 632/297/613 648/281/627 649/282/628 633/298/614
f 633/298/614 649/282/628 650/283/629 634/299/615
f 634/299/615 650/283/629 651/284/630 635/300/59
f 635/300/59 651/284/630 652/71/631 636/69/586
f 35/301/35 36/285/36 621/286/602 605/302/587
f 605/302/587 621/286/602 622/287/603 606/303/588
f 606/303/588 622/287/603 623/288/604 607/304/589
f 608/305/590 624/289/605 625/290/606 609/306/591
f 609/306/591 625/290/606 626/291/607 610/307/592
f 610/307/592 626/291/607 627/292/608 611/308/593
f 612/309/594 628/293/609 629/294/610 613/310/595
f 613/310/595 629/294/610 630/295/611 614/311/596
f 614/311/596 630/295/611 631/296/612 615/312/597
f 615/312/597 631/296/612 632/297/613 616/313/598
f 616/313/598 632/297/613 633/298/614 617/314/599
f 617/314/599 633/298/614 634/299/615 618/315/600
f 618/315/600 634/299/615 635/300/59 619/316/585
f 619/316/585 635/300/59 636/69/586 620/67/601
f 34/317/34 35/301/35 605/302/587 589/318/572
f 589/318/572 605/302/587 606/303/588 590/319/573
f 590/319/573 606/303/588 607/304/589 591/320/574
f 591/320/574 607/304/589 608/305/590 592/321/575
f 593/322/576 609/306/591 610/307/592 594/323/577
f 595/324/578 611/308/593 612/309/594 596/325/579
f 596/325/579 612/309/594 613/310/595 597/326/580
f 597/326/580 613/310/595 614/311/596 598/327/581
f 598/327/581 614/311/596 615/312/597 599/328/582
f 599/328/582 615/312/597 616/313/598 600/329/583
f 600/329/583 616/313/598 617/314/599 601/330/584
f 601/330/584 617/314/599 618/315/600 602/331/59
f 602/331/59 618/315/600 619/316/585 603/332/585
f 603/332/585 619/316/585 620/67/601 604/65/586
f 33/333/33 34/317/34 589/318/572 573/334/556
f 573/334/556 589/318/572 590/319/573 574/335/557
f 574/335/557 590/319/573 591/320/574 575/336/558
f 575/336/558 591/320/574 592/321/575 576/337/559
f 576/337/559 592/321/575 593/322/576 577/338/560
f 578/339/561 594/323/577 595/324/578 579/340/562
f 579/340/562 595/324/578 596/325/579 580/341/563
f 580/341/563 596/325/579 597/326/580 581/342/564
f 581/342/564 597/326/580 598/327/581 582/343/565
f 585/346/568 601/330/584 602/331/59 586/347/569
f 586/347/569 602/331/59 603/332/585 587/348/570
f 587/348/570 603/332/585 604/65/586 588/63/571
f 32/349/32 33/333/33 573/334/556 557/350/541
f 557/350/541 573/334/556 574/335/557 558/351/542
f 558/351/542 574/335/557 575/336/558 559/352/543
f 559/352/543 575/336/558 576/337/559 560/353/544
f 560/353/544 576/337/559 577/338/560 561/354/545
f 562/355/546 578/339/561 579/340/562 563/356/547
f 563/356/547 579/340/562 580/341/563 564/357/548
f 564/357/548 580/341/563 581/342/564 565/358/549
f 566/359/550 582/343/565 583/344/566 567/360/551
f 567/360/551 583/344/566 584/345/567 568/361/552
f 568/361/552 584/345/567 585/346/568 569/362/553
f 570/363/554 586/347/569 587/348/570 571/364/554
f 571/364/554 587/348/570 588/63/571 572/61/555
f 31/365/31 32/349/32 557/350/541 541/366/525
f 544/369/528 560/353/544 561/354/545 545/370/529
f 545/370/529 561/354/545 562/355/546 546/371/530
f 546/371/530 562/355/546 563/356/547 547/372/531
f 547/372/531 563/356/547 564/357/548 548/373/532
f 549/374/533 565/358/549 566/359/550 550/375/534
f 550/375/534 566/359/550 567/360/551 551/376/535
f 551/376/535 567/360/551 568/361/552 552/377/536
f 552/377/536 568/361/552 569/362/553 553/378/537
f 553/378/537 569/362/553 570/363/554 554/379/538
f 555/380/539 571/364/554 572/61/555 556/59/540
f 30/381/30 31/365/31 541/366/525 525/382/509
f 526/383/510 542/367/526 543/368/527 527/384/511
f 527/384/511 543/368/527 544/369/528 528/385/512
f 529/386/513 545/370/529 546/371/530 530/387/514
f 530/387/514 546/371/530 547/372/531 531/388/515
f 532/389/516 548/373/532 549/374/533 533/390/517
f 533/390/517 549/374/533 550/375/534 534/391/518
f 534/391/518 550/375/534 551/376/535 535/392/519
f 535/392/519 551/376/535 552/377/536 536/393/520
f 536/393/520 552/377/536 553/378/537 537/394/521
f 537/394/521 553/378/537 554/379/538 538/395/522
f 538/395/522 554/379/538 555/380/539 539/396/523
f 29/397/29 30/381/30 525/382/509 509/398/493
f 509/398/493 525/382/509 526/383/510 510/399/494
f 510/399/494 526/383/510 527/384/511 511/400/495
f 511/400/495 527/384/511 528/385/512 512/401/496
f 512/401/496 528/385/512 529/386/513 513/402/497
f 513/402/497 529/386/513 530/387/514 514/403/498
f 514/403/498 530/387/514 531/388/515 515/404/499
f 515/404/499 531/388/515 532/389/516 516/405/500
f 516/405/500 532/389/516 533/390/517 517/406/501
f 517/406/501 533/390/517 534/391/518 518/407/502
f 521/410/505 537/394/521 538/395/522 522/411/506
f 522/411/506 538/395/522 539/396/523 523/412/507
f 523/412/507 539/396/523 540/57/524 524/55/508
f 28/413/28 29/397/29 509/398/493 493/414/477
f 493/414/477 509/398/493 510/399/494 494/415/478
f 494/415/478 510/399/494 511/400/495 495/416/479
f 495/416/479 511/400/495 512/401/496 496/417/480
f 496/417/480 512/401/496 513/402/497 497/418/481
f 499/420/483 515/404/499 516/405/500 500/421/484
f 500/421/484 516/405/500 517/406/501 501/422/485
f 502/423/486 518/407/502 519/408/503 503/424/487
f 503/424/487 519/408/503 520/409/504 504/425/488
f 504/425/488 520/409/504 521/410/505 505/426/489
f 506/427/490 522/411/506 523/412/507 507/428/491
f 507/428/491 523/412/507 524/55/508 508/53/492
f 27/429/27 28/413/28 493/414/477 477/430/461
f 477/430/461 493/414/477 494/415/478 478/431/462
f 478/431/462 494/415/478 495/416/479 479/432/463
f 485/438/469 501/422/485 502/423/486 486/439/470
f 486/439/470 502/423/486 503/424/487 487/440/471
f 487/440/471 503/424/487 504/425/488 488/441/472
f 488/441/472 504/425/488 505/426/489 489/442/473
f 489/442/473 505/426/489 506/427/490 490/443/474
f 490/443/474 506/427/490 507/428/491 491/444/475
f 491/444/475 507/428/491 508/53/492 492/51/476
f 26/445/26 27/429/27 477/430/461 461/446/445
f 461/446/445 477/430/461 478/431/462 462/447/446
f 469/454/453 485/438/469 486/439/470 470/455/454
f 470/455/454 486/439/470 487/440/471 471/456/455
f 471/456/455 487/440/471 488/441/472 472/457/456
f 472/457/456 488/441/472 489/442/473 473/458/457
f 473/458/457 489/442/473 490/443/474 474/459/458
f 474/459/458 490/443/474 491/444/475 475/460/459
f 475/460/459 491/444/475 492/51/476 476/49/460
f 25/461/25 26/445/26 461/446/445 445/462/429
f 445/462/429 461/446/445 462/447/446 446/463/430
f 446/463/430 462/447/446 463/448/447 447/464/431
f 453/470/437 469/454/453 470/455/454 454/471/438
f 454/471/438 470/455/454 471/456/455 455/472/439
f 455/472/439 471/456/455 472/457/456 456/473/440
f 456/473/440 472/457/456 473/458/457 457/474/441
f 457/474/441 473/458/457 474/459/458 458/475/442
f 458/475/442 474/459/458 475/460/459 459/476/443
f 459/476/443 475/460/459 476/49/460 460/47/444
f 24/477/24 25/461/25 445/462/429 429/478/413
f 429/478/413 445/462/429 446/463/430 430/479/414
f 430/479/414 446/463/430 447/464/431 431/480/415
f 431/480/415 447/464/431 448/465/432 432/481/416
f 432/481/416 448/465/432 449/466/433 433/482/417
f 435/484/419 451/468/435 452/469/436 436/485/420
f 436/485/420 452/469/436 453/470/437 437/486/421
f 438/487/422 454/471/438 455/472/439 439/488/423
f 439/488/423 455/472/439 456/473/440 440/489/424
f 440/489/424 456/473/440 457/474/441 441/490/425
f 442/491/426 458/475/442 459/476/443 443/492/427
f 443/492/427 459/476/443 460/47/444 444/45/428
f 23/493/23 24/477/24 429/478/413 413/494/401
f 413/494/401 429/478/413 430/479/414 414/495/402
f 414/495/402 430/479/414 431/480/415 415/496/403
f 415/496/403 431/480/415 432/481/416 416/497/404
f 416/497/404 432/481/416 433/482/417 417/498/405
f 417/498/405 433/482/417 434/483/418 418/499/383
f 418/499/383 434/483/418 435/484/419 419/500/396
f 419/500/396 435/484/419 436/485/420 420/501/406
f 420/501/406 436/485/420 437/486/421 421/502/407
f 421/502/407 437/486/421 438/487/422 422/503/408
f 425/506/374 441/490/425 442/491/426 426/507/394
f 426/507/394 442/491/426 443/492/427 427/508/411
f 427/508/411 443/492/427 444/45/428 428/43/412
f 22/509/22 23/493/23 413/494/401 397/510/388
f 398/511/389 414/495/402 415/496/403 399/512/390
f 399/512/390 415/496/403 416/497/404 400/513/375
f 401/514/391 417/498/405 418/499/383 402/515/392
f 402/515/392 418/499/383 419/500/396 403/516/393
f 404/517/394 420/501/406 421/502/407 405/518/393
f 405/518/393 421/502/407 422/503/408 406/519/395
f 406/519/395 422/503/408 423/504/409 407/520/395
f 407/520/395 423/504/409 424/505/410 408/521/396
f 408/521/396 424/505/410 425/506/374 409/522/397
f 409/522/397 425/506/374 426/507/394 410/523/398
f 410/523/398 426/507/394 427/508/411 411/524/399
f 21/525/21 22/509/22 397/510/388 381/526/372
f 384/529/375 400/513/375 401/514/391 385/530/376
f 385/530/376 401/514/391 402/515/392 386/531/377
f 386/531/377 402/515/392 403/516/393 387/532/378
f 387/532/378 403/516/393 404/517/394 388/533/379
f 389/534/380 405/518/393 406/519/395 390/535/381
f 390/535/381 406/519/395 407/520/395 391/536/382
f 391/536/382 407/520/395 408/521/396 392/537/383
f 392/537/383 408/521/396 409/522/397 393/538/384
f 393/538/384 409/522/397 410/523/398 394/539/385
f 395/540/386 411/524/399 412/41/400 396/39/387
f 20/541/20 21/525/21 381/526/372 365/542/356
f 365/542/356 381/526/372 382/527/373 366/543/357
f 366/543/357 382/527/373 383/528/374 367/544/358
f 367/544/358 383/528/374 384/529/375 368/545/359
f 368/545/359 384/529/375 385/530/376 369/546/360
f 370/547/361 386/531/377 387/532/378 371/548/362
f 371/548/362 387/532/378 388/533/379 372/549/363
f 372/549/363 388/533/379 389/534/380 373/550/364
f 374/551/365 390/535/381 391/536/382 375/552/366
f 375/552/366 391/536/382 392/537/383 376/553/367
f 376/553/367 392/537/383 393/538/384 377/554/368
f 378/555/369 394/539/385 395/540/386 379/556/370
f 379/556/370 395/540/386 396/39/387 380/37/371
f 19/557/19 20/541/20 365/542/356 349/558/340
f 349/558/340 365/542/356 366/543/357 350/559/341
f 350/559/341 366/543/357 367/544/358 351/560/342
f 351/560/342 367/544/358 368/545/359 352/561/343
f 352/561/343 368/545/359 369/546/360 353/562/344
f 354/563/345 370/547/361 371/548/362 355/564/346
f 355/564/346 371/548/362 372/549/363 356/565/347
f 356/565/347 372/549/363 373/550/364 357/566/348
f 357/566/348 373/550/364 374/551/365 358/567/349
f 361/570/352 377/554/368 378/555/369 362/571/353
f 362/571/353 378/555/369 379/556/370 363/572/354
f 363/572/354 379/556/370 380/37/371 364/35/355
f 18/573/18 19/557/19 349/558/340 333/574/324
f 333/574/324 349/558/340 350/559/341 334/575/325
f 334/575/325 350/559/341 351/560/342 335/576/326
f 335/576/326 351/560/342 352/561/343 336/577/327
f 337/578/328 353/562/344 354/563/345 338/579/329
f 339/580/330 355/564/346 356/565/347 340/581/331
f 340/581/331 356/565/347 357/566/348 341/582/332
f 341/582/332 357/566/348 358/567/349 342/583/333
f 342/583/333 358/567/349 359/568/350 343/584/334
f 343/584/334 359/568/350 360/569/351 344/585/335
f 344/585/335 360/569/351 361/570/352 345/586/336
f 345/586/336 361/570/352 362/571/353 346/587/337
f 346/587/337 362/571/353 363/572/354 347/588/338
f 347/588/338 363/572/354 364/35/355 348/33/339
f 17/589/17 18/573/18 333/574/324 317/590/308
f 317/590/308 333/574/324 334/575/325 318/591/309
f 318/591/309 334/575/325 335/576/326 319/592/310
f 320/593/311 336/577/327 337/578/328 321/594/312
f 321/594/312 337/578/328 338/579/329 322/595/313
f 322/595/313 338/579/329 339/580/330 323/596/314
f 324/597/315 340/581/331 341/582/332 325/598/316
f 325/598/316 341/582/332 342/583/333 326/599/317
f 326/599/317 342/583/333 343/584/334 327/600/318
f 327/600/318 343/584/334 344/585/335 328/601/319
f 328/601/319 344/585/335 345/586/336 329/602/320
f 329/602/320 345/586/336 346/587/337 330/603/321
f 330/603/321 346/587/337 347/588/338 331/604/322
f 331/604/322 347/588/338 348/33/339 332/31/323
f 16/605/16 17/589/17 317/590/308 301/606/292
f 301/606/292 317/590/308 318/591/309 302/607/293
f 302/607/293 318/591/309 319/592/310 303/608/294
f 303/608/294 319/592/310 320/593/311 304/609/295
f 304/609/295 320/593/311 321/594/312 305/610/296
f 305/610/296 321/594/312 322/595/313 306/611/297
f 306/611/297 322/595/313 323/596/314 307/612/298
f 307/612/298 323/596/314 324/597/315 308/613/299
f 308/613/299 324/597/315 325/598/316 309/614/300
f 309/614/300 325/598/316 326/599/317 310/615/301
f 310/615/301 326/599/317 327/600/318 311/616/302
f 311/616/302 327/600/318 328/601/319 312/617/303
f 312/617/303 328/601/319 329/602/320 313/618/304
f 313/618/304 329/602/320 330/603/321 314/619/305
f 314/619/305 330/603/321 331/604/322 315/620/306
f 315/620/306 331/604/322 332/31/323 316/29/307
f 15/621/15 16/605/16 301/606/292 285/622/276
f 285/622/276 301/606/292 302/607/293 286/623/277
f 286/623/277 302/607/293 303/608/294 287/624/278
f 287/624/278 303/608/294 304/609/295 288/625/279
f 288/625/279 304/609/295 305/610/296 289/626/280
f 289/626/280 305/610/296 306/611/297 290/627/281
f 290/627/281 306/611/297 307/612/298 291/628/282
f 291/628/282 307/612/298 308/613/299 292/629/283
f 292/629/283 308/613/299 309/614/300 293/630/284
f 293/630/284 309/614/300 310/615/301 294/631/285
f 294/631/285 310/615/301 311/616/302 295/632/286
f 295/632/286 311/616/302 312/617/303 296/633/287
f 296/633/287 312/617/303 313/618/304 297/634/288
f 297/634/288 313/618/304 314/619/305 298/635/289
f 298/635/289 314/619/305 315/620/306 299/636/290
f 299/636/290 315/620/306 316/29/307 300/27/291
f 14/637/14 15/621/15 285/622/276 269/638/260
f 269/638/260 285/622/276 286/623/277 270/639/261
f 270/639/261 286/623/277 287/624/278 271/640/262
f 271/640/262 287/624/278 288/625/279 272/641/263
f 272/641/263 288/625/279 289/626/280 273/642/264
f 273/642/264 289/626/280 290/627/281 274/643/265
f 274/643/265 290/627/281 291/628/282 275/644/266
f 275/644/266 291/628/282 292/629/283 276/645/267
f 276/645/267 292/629/283 293/630/284 277/646/268
f 277/646/268 293/630/284 294/631/285 278/647/269
f 278/647/269 294/631/285 295/632/286 279/648/270
f 279/648/270 295/632/286 296/633/287 280/649/271
f 280/649/271 296/633/287 297/634/288 281/650/272
f 281/650/272 297/634/288 298/635/289 282/651/273
f 282/651/273 298/635/289 299/636/290 283/652/274
f 283/652/274 299/636/290 300/27/291 284/25/275
f 13/653/13 14/637/14 269/638/260 253/654/244
f 253/654/244 269/638/260 270/639/261 254/655/245
f 254/655/245 270/639/261 271/640/262 255/656/246
f 255/656/246 271/640/262 272/641/263 256/657/247
f 256/657/247 272/641/263 273/642/264 257/658/248
f 257/658/248 273/642/264 274/643/265 258/659/249
f 258/659/249 274/643/265 275/644/266 259/660/250
f 259/660/250 275/644/266 276/645/267 260/661/251
f 260/661/251 276/645/267 277/646/268 261/662/252
f 261/662/252 277/646/268 278/647/269 262/663/253
f 262/663/253 278/647/269 279/648/270 263/664/254
f 263/664/254 279/648/270 280/649/271 264/665/255
f 264/665/255 280/649/271 281/650/272 265/666/256
f 265/666/256 281/650/272 282/651/273 266/667/257
f 266/667/257 282/651/273 283/652/274 267/668/258
f 267/668/258 283/652/274 284/25/275 268/23/259
f 12/669/12 13/653/13 253/654/244 237/670/228
f 238/671/229 254/655/245 255/656/246 239/672/230
f 239/672/230 255/656/246 256/657/247 240/673/231
f 240/673/231 256/657/247 257/658/248 241/674/232
f 241/674/232 257/658/248 258/659/249 242/675/233
f 242/675/233 258/659/249 259/660/250 243/676/234
f 243/676/234 259/660/250 260/661/251 244/677/235
f 244/677/235 260/661/251 261/662/252 245/678/236
f 245/678/236 261/662/252 262/663/253 246/679/237
f 246/679/237 262/663/253 263/664/254 247/680/238
f 247/680/238 263/664/254 264/665/255 248/681/239
f 248/681/239 264/665/255 265/666/256 249/682/240
f 249/682/240 265/666/256 266/667/257 250/683/241
f 250/683/241 266/667/257 267/668/258 251/684/242
f 11/685/11 12/669/12 237/670/228 221/686/213
f 221/686/213 237/670/228 238/671/229 222/687/214
f 223/688/215 239/672/230 240/673/231 224/689/216
f 224/689/216 240/673/231 241/674/232 225/690/217
f 225/690/217 241/674/232 242/675/233 226/691/218
f 226/691/218 242/675/233 243/676/234 227/692/219
f 227/692/219 243/676/234 244/677/235 228/693/220
f 228/693/220 244/677/235 245/678/236 229/694/221
f 229/694/221 245/678/236 246/679/237 230/695/222
f 230/695/222 246/679/237 247/680/238 231/696/223
f 231/696/223 247/680/238 248/681/239 232/697/224
f 232/697/224 248/681/239 249/682/240 233/698/225
f 233/698/225 249/682/240 250/683/241 234/699/226
f 235/700/179 251/684/242 252/21/243 236/19/227
f 10/701/10 11/685/11 221/686/213 205/702/198
f 205/702/198 221/686/213 222/687/214 206/703/199
f 206/703/199 222/687/214 223/688/215 207/704/200
f 208/705/201 224/689/216 225/690/217 209/706/202
f 209/706/202 225/690/217 226/691/218 210/707/203
f 210/707/203 226/691/218 227/692/219 211/708/204
f 211/708/204 227/692/219 228/693/220 212/709/205
f 212/709/205 228/693/220 229/694/221 213/710/206
f 213/710/206 229/694/221 230/695/222 214/711/207
f 214/711/207 230/695/222 231/696/223 215/712/208
f 215/712/208 231/696/223 232/697/224 216/713/209
f 216/713/209 232/697/224 233/698/225 217/714/210
f 218/715/179 234/699/226 235/700/179 219/716/211
f 219/716/211 235/700/179 236/19/227 220/17/212
f 9/717/9 10/701/10 205/702/198 189/718/183
f 189/718/183 205/702/198 206/703/199 190/719/184
f 190/719/184 206/703/199 207/704/200 191/720/185
f 191/720/185 207/704/200 208/705/201 192/721/186
f 193/722/187 209/706/202 210/707/203 194/723/188
f 194/723/188 210/707/203 211/708/204 195/724/189
f 195/724/189 211/708/204 212/709/205 196/725/190
f 196/725/190 212/709/205 213/710/206 197/726/191
f 197/726/191 213/710/206 214/711/207 198/727/192
f 198/727/192 214/711/207 215/712/208 199/728/166
f 199/728/166 215/712/208 216/713/209 200/729/193
f 201/730/194 217/714/210 218/715/179 202/731/195
f 202/731/195 218/715/179 219/716/211 203/732/196
f 203/732/196 219/716/211 220/17/212 204/15/197
f 8/733/8 9/717/9 189/718/183 173/734/169
f 173/734/169 189/718/183 190/719/184 174/735/170
f 174/735/170 190/719/184 191/720/185 175/736/171
f 175/736/171 191/720/185 192/721/186 176/737/172
f 176/737/172 192/721/186 193/722/187 177/738/173
f 178/739/174 194/723/188 195/724/189 179/740/175
f 179/740/175 195/724/189 196/725/190 180/741/176
f 180/741/176 196/725/190 197/726/191 181/742/177
f 181/742/177 197/726/191 198/727/192 182/743/177
f 182/743/177 198/727/192 199/728/166 183/744/166
f 184/745/178 200/729/193 201/730/194 185/746/179
f 185/746/179 201/730/194 202/731/195 186/747/180
f 186/747/180 202/731/195 203/732/196 187/748/181
f 187/748/181 203/732/196 204/15/197 188/13/182
f 7/749/7 8/733/8 173/734/169 157/750/154
f 157/750/154 173/734/169 174/735/170 158/751/155
f 158/751/155 174/735/170 175/736/171 159/752/156
f 159/752/156 175/736/171 176/737/172 160/753/157
f 160/753/157 176/737/172 177/738/173 161/754/158
f 161/754/158 177/738/173 178/739/174 162/755/159
f 163/756/160 179/740/175 180/741/176 164/757/160
f 164/757/160 180/741/176 181/742/177 165/758/161
f 165/758/161 181/742/177 182/743/177 166/759/162
f 167/760/163 183/744/166 184/745/178 168/761/164
f 168/761/164 184/745/178 185/746/179 169/762/165
f 169/762/165 185/746/179 186/747/180 170/763/166
f 170/763/166 186/747/180 187/748/181 171/764/167
f 171/764/167 187/748/181 188/13/182 172/11/168
f 6/765/6 7/749/7 157/750/154 141/766/124
f 141/766/124 157/750/154 158/751/155 142/767/139
f 142/767/139 158/751/155 159/752/156 143/768/140
f 143/768/140 159/752/156 160/753/157 144/769/141
f 144/769/141 160/753/157 161/754/158 145/770/142
f 145/770/142 161/754/158 162/755/159 146/771/143
f 146/771/143 162/755/159 163/756/160 147/772/144
f 148/773/145 164/757/160 165/758/161 149/774/146
f 150/775/147 166/759/162 167/760/163 151/776/148
f 151/776/148 167/760/163 168/761/164 152/777/149
f 152/777/149 168/761/164 169/762/165 153/778/150
f 153/778/150 169/762/165 170/763/166 154/779/151
f 154/779/151 170/763/166 171/764/167 155/780/152
f 155/780/152 171/764/167 172/11/168 156/9/153
f 5/781/5 6/765/6 141/766/124 125/782/123
f 125/782/123 141/766/124 142/767/139 126/783/124
f 126/783/124 142/767/139 143/768/140 127/784/125
f 127/784/125 143/768/140 144/769/141 128/785/126
f 128/785/126 144/769/141 145/770/142 129/786/127
f 129/786/127 145/770/142 146/771/143 130/787/128
f 130/787/128 146/771/143 147/772/144 131/788/129
f 131/788/129 147/772/144 148/773/145 132/789/130
f 133/790/131 149/774/146 150/775/147 134/791/132
f 134/791/132 150/775/147 151/776/148 135/792/133
f 135/792/133 151/776/148 152/777/149 136/793/134
f 136/793/134 152/777/149 153/778/150 137/794/135
f 137/794/135 153/778/150 154/779/151 138/795/136
f 138/795/136 154/779/151 155/780/152 139/796/137
f 139/796/137 155/780/152 156/9/153 140/6/138
f 1/797/1 5/781/5 125/782/123 108/798/106
f 108/798/106 125/782/123 126/783/124 107/799/105
f 107/799/105 126/783/124 127/784/125 106/800/104
f 106/800/104 127/784/125 128/785/126 105/801/103
f 105/801/103 128/785/126 129/786/127 104/802/103
f 104/802/103 129/786/127 130/787/128 103/803/96
f 103/803/96 130/787/128 131/788/129 102/804/102
f 102/804/102 131/788/129 132/789/130 101/805/101
f 101/805/101 132/789/130 133/790/131 100/806/100
f 100/806/100 133/790/131 134/791/132 99/807/99
f 99/807/99 134/791/132 135/792/133 98/808/98
f 98/808/98 135/792/133 136/793/134 97/809/97
f 97/809/97 136/793/134 137/794/135 96/810/96
f 96/810/96 137/794/135 138/795/136 95/811/95
f 95/811/95 138/795/136 139/796/137 94/812/94
f 94/812/94 139/796/137 140/6/138 93/5/93
f 48/94/48 2/813/2 109/814/107 813/95/792
f 813/95/792 109/814/107 110/815/108 814/97/793
f 814/97/793 110/815/108 111/816/109 815/99/794
f 815/99/794 111/816/109 112/817/110 816/101/795
f 816/101/795 112/817/110 113/818/111 817/103/796
f 817/103/796 113/818/111 114/819/112 818/105/797
f 818/105/797 114/819/112 115/820/113 819/107/798
f 819/107/798 115/820/113 116/821/114 820/109/799
f 820/109/799 116/821/114 117/822/115 821/111/800
f 821/111/800 117/822/115 118/823/116 822/113/801
f 822/113/801 118/823/116 119/824/117 823/115/802
f 823/115/802 119/824/117 120/825/118 824/117/803
f 824/117/803 120/825/118 121/826/119 825/119/804
f 825/119/804 121/826/119 122/827/120 826/121/805
f 826/121/805 122/827/120 123/828/121 827/123/806
f 827/123/806 123/828/121 124/2/122 828/1/807
usemtl Gotik_Symbol
f 804/110/783 820/109/799 821/111/800 805/112/784
f 787/132/766 803/108/782 804/110/783 788/133/767
f 789/134/768 805/112/784 806/114/785 790/135/769
f 770/147/749 786/131/765 787/132/766 771/148/750
f 774/151/753 790/135/769 791/136/770 775/152/754
f 753/162/732 769/146/748 770/147/749 754/163/733
f 759/168/738 775/152/754 776/153/755 760/169/739
f 736/177/715 752/161/731 753/162/732 737/178/716
f 744/185/723 760/169/739 761/170/740 745/186/724
f 719/192/698 735/176/714 736/177/715 720/193/699
f 729/202/708 745/186/724 746/187/725 730/203/709
f 702/207/681 718/191/697 719/192/698 703/208/682
f 714/219/693 730/203/709 731/204/710 715/220/694
f 685/222/664 701/206/680 702/207/681 686/223/665
f 699/236/678 715/220/694 716/79/695 700/77/679
f 607/304/589 623/288/604 624/289/605 608/305/590
f 611/308/593 627/292/608 628/293/609 612/309/594
f 592/321/575 608/305/590 609/306/591 593/322/576
f 594/323/577 610/307/592 611/308/593 595/324/578
f 577/338/560 593/322/576 594/323/577 578/339/561
f 582/343/565 598/327/581 599/328/582 583/344/566
f 583/344/566 599/328/582 600/329/583 584/345/567
f 584/345/567 600/329/583 601/330/584 585/346/568
f 561/354/545 577/338/560 578/339/561 562/355/546
f 565/358/549 581/342/564 582/343/565 566/359/550
f 569/362/553 585/346/568 586/347/569 570/363/554
f 541/366/525 557/350/541 558/351/542 542/367/526
f 542/367/526 558/351/542 559/352/543 543/368/527
f 543/368/527 559/352/543 560/353/544 544/369/528
f 548/373/532 564/357/548 565/358/549 549/374/533
f 554/379/538 570/363/554 571/364/554 555/380/539
f 525/382/509 541/366/525 542/367/526 526/383/510
f 528/385/512 544/369/528 545/370/529 529/386/513
f 531/388/515 547/372/531 548/373/532 532/389/516
f 539/396/523 555/380/539 556/59/540 540/57/524
f 518/407/502 534/391/518 535/392/519 519/408/503
f 519/408/503 535/392/519 536/393/520 520/409/504
f 520/409/504 536/393/520 537/394/521 521/410/505
f 497/418/481 513/402/497 514/403/498 498/419/482
f 498/419/482 514/403/498 515/404/499 499/420/483
f 501/422/485 517/406/501 518/407/502 502/423/486
f 505/426/489 521/410/505 522/411/506 506/427/490
f 479/432/463 495/416/479 496/417/480 480/433/464
f 480/433/464 496/417/480 497/418/481 481/434/465
f 481/434/465 497/418/481 498/419/482 482/435/466
f 482/435/466 498/419/482 499/420/483 483/436/467
f 483/436/467 499/420/483 500/421/484 484/437/468
f 484/437/468 500/421/484 501/422/485 485/438/469
f 462/447/446 478/431/462 479/432/463 463/448/447
f 463/448/447 479/432/463 480/433/464 464/449/448
f 464/449/448 480/433/464 481/434/465 465/450/449
f 465/450/449 481/434/465 482/435/466 466/451/450
f 466/451/450 482/435/466 483/436/467 467/452/451
f 467/452/451 483/436/467 484/437/468 468/453/452
f 468/453/452 484/437/468 485/438/469 469/454/453
f 447/464/431 463/448/447 464/449/448 448/465/432
f 448/465/432 464/449/448 465/450/449 449/466/433
f 449/466/433 465/450/449 466/451/450 450/467/434
f 450/467/434 466/451/450 467/452/451 451/468/435
f 451/468/435 467/452/451 468/453/452 452/469/436
f 452/469/436 468/453/452 469/454/453 453/470/437
f 433/482/417 449/466/433 450/467/434 434/483/418
f 434/483/418 450/467/434 451/468/435 435/484/419
f 437/486/421 453/470/437 454/471/438 438/487/422
f 441/490/425 457/474/441 458/475/442 442/491/426
f 422/503/408 438/487/422 439/488/423 423/504/409
f 423/504/409 439/488/423 440/489/424 424/505/410
f 424/505/410 440/489/424 441/490/425 425/506/374
f 397/510/388 413/494/401 414/495/402 398/511/389
f 400/513/375 416/497/404 417/498/405 401/514/391
f 403/516/393 419/500/396 420/501/406 404/517/394
f 411/524/399 427/508/411 428/43/412 412/41/400
f 381/526/372 397/510/388 398/511/389 382/527/373
f 382/527/373 398/511/389 399/512/390 383/528/374
f 383/528/374 399/512/390 400/513/375 384/529/375
f 388/533/379 404/517/394 405/518/393 389/534/380
f 394/539/385 410/523/398 411/524/399 395/540/386
f 369/546/360 385/530/376 386/531/377 370/547/361
f 373/550/364 389/534/380 390/535/381 374/551/365
f 377/554/368 393/538/384 394/539/385 378/555/369
f 353/562/344 369/546/360 370/547/361 354/563/345
f 358/567/349 374/551/365 375/552/366 359/568/350
f 359/568/350 375/552/366 376/553/367 360/569/351
f 360/569/351 376/553/367 377/554/368 361/570/352
f 336/577/327 352/561/343 353/562/344 337/578/328
f 338/579/329 354/563/345 355/564/346 339/580/330
f 319/592/310 335/576/326 336/577/327 320/593/311
f 323/596/314 339/580/330 340/581/331 324/597/315
f 237/670/228 253/654/244 254/655/245 238/671/229
f 251/684/242 267/668/258 268/23/259 252/21/243
f 222/687/214 238/671/229 239/672/230 223/688/215
f 234/699/226 250/683/241 251/684/242 235/700/179
f 207/704/200 223/688/215 224/689/216 208/705/201
f 217/714/210 233/698/225 234/699/226 218/715/179
f 192/721/186 208/705/201 209/706/202 193/722/187
f 200/729/193 216/713/209 217/714/210 201/730/194
f 177/738/173 193/722/187 194/723/188 178/739/174
f 183/744/166 199/728/166 200/729/193 184/745/178
f 162/755/159 178/739/174 179/740/175 163/756/160
f 166/759/162 182/743/177 183/744/166 167/760/163
f 147/772/144 163/756/160 164/757/160 148/773/145
f 149/774/146 165/758/161 166/759/162 150/775/147
f 132/789/130 148/773/145 149/774/146 133/790/131
f 101/805/101 100/806/100 838/806/813 839/805/813
f 105/801/103 104/802/103 842/802/408 843/801/408
f 95/811/95 94/812/94 832/812/810 833/811/810
f 99/807/99 98/808/98 836/808/812 837/807/812
f 103/803/96 102/804/102 840/804/814 841/803/814
f 1/797/1 108/798/106 846/798/808 829/797/808
f 93/5/93 3/8/3 830/8/809 831/5/809
f 107/799/105 106/800/104 844/800/815 845/799/815
f 97/809/97 96/810/96 834/810/811 835/809/811
f 111/816/109 110/815/108 850/815/818 851/816/818
f 115/820/113 114/819/112 854/819/820 855/820/820
f 4/3/4 124/2/122 864/2/817 848/3/817
f 119/824/117 118/823/116 858/823/822 859/824/822
f 109/814/107 2/813/2 847/813/816 849/814/816
f 123/828/121 122/827/120 862/827/824 863/828/824
f 113/818/111 112/817/110 852/817/819 853/818/819
f 117/822/115 116/821/114 856/821/821 857/822/821
f 121/826/119 120/825/118 860/825/823 861/826/823
