# Blender 5.1.1
# www.blender.org
mtllib Teppich_Kreuz_var1.mtl
o Teppich_var2
v 9.340048 0.071003 -3.041237
v 11.174726 0.092061 -3.213442
v 9.258929 0.031227 -5.002132
v 11.241235 0.034310 -5.030885
v 9.388269 0.109305 -3.039533
v 9.442249 0.078985 -3.030530
v 9.504370 0.071327 -3.031841
v 9.567001 0.071177 -3.033981
v 9.629736 0.071189 -3.036291
v 9.692538 0.072422 -3.038980
v 9.755512 0.071404 -3.041905
v 9.818485 0.071239 -3.045365
v 9.881345 0.072859 -3.049384
v 9.944104 0.074267 -3.054133
v 10.006415 0.070729 -3.060843
v 10.068201 0.061842 -3.068568
v 10.125267 0.037686 -3.081269
v 10.186183 0.051385 -3.086089
v 10.244590 0.071962 -3.095519
v 10.282599 0.119673 -3.110173
v 10.339825 0.112415 -3.134186
v 10.393564 0.098365 -3.162888
v 10.454622 0.103124 -3.175083
v 10.498301 0.120457 -3.134321
v 10.532767 0.072679 -3.113592
v 10.589447 0.047345 -3.109552
v 10.651870 0.044568 -3.114934
v 10.712215 0.036893 -3.130411
v 10.771373 0.039452 -3.149760
v 10.829877 0.042024 -3.169278
v 10.890096 0.041166 -3.182709
v 10.950677 0.047240 -3.194952
v 11.009804 0.038898 -3.212131
v 11.070783 0.040286 -3.224961
v 11.132241 0.049916 -3.232342
v 11.178918 0.035611 -5.033681
v 11.116510 0.034946 -5.033712
v 11.054040 0.034958 -5.033622
v 10.991518 0.034932 -5.033362
v 10.928932 0.034952 -5.032799
v 10.866324 0.035016 -5.032004
v 10.803758 0.035039 -5.030980
v 10.741272 0.035056 -5.029845
v 10.678706 0.036441 -5.028644
v 10.619985 0.056635 -5.021682
v 10.560224 0.038455 -5.022521
v 10.497967 0.034911 -5.025721
v 10.435500 0.034998 -5.025821
v 10.377658 0.058341 -5.023118
v 10.319561 0.036207 -5.016993
v 10.257297 0.034874 -5.021664
v 10.194842 0.034818 -5.021558
v 10.132326 0.034875 -5.020898
v 10.069840 0.034958 -5.019723
v 10.007359 0.035157 -5.018609
v 9.945312 0.042550 -5.018449
v 9.883313 0.036227 -5.017696
v 9.820682 0.034937 -5.016543
v 9.758106 0.034819 -5.015167
v 9.695559 0.034714 -5.013671
v 9.633031 0.034761 -5.012115
v 9.570513 0.034833 -5.010533
v 9.508000 0.034845 -5.008934
v 9.445495 0.034873 -5.007312
v 9.382993 0.034943 -5.005633
v 9.320733 0.040214 -5.003557
v 9.259659 0.034984 -4.943455
v 9.261099 0.035055 -4.884675
v 9.262672 0.034979 -4.825893
v 9.263933 0.035040 -4.767099
v 9.265732 0.035127 -4.708320
v 9.267521 0.034950 -4.649548
v 9.269443 0.034967 -4.590793
v 9.271152 0.035004 -4.532036
v 9.272959 0.034999 -4.473285
v 9.274910 0.034959 -4.414567
v 9.276567 0.035004 -4.355849
v 9.278268 0.034914 -4.297135
v 9.279644 0.034924 -4.238414
v 9.281034 0.034928 -4.179672
v 9.282489 0.034880 -4.120899
v 9.284153 0.034882 -4.062105
v 9.285861 0.034876 -4.003286
v 9.287646 0.034953 -3.944444
v 9.290151 0.035035 -3.885622
v 9.292417 0.035024 -3.826791
v 9.295738 0.043015 -3.768669
v 9.296964 0.035338 -3.710505
v 9.299176 0.034948 -3.651668
v 9.301411 0.034911 -3.592914
v 9.302178 0.078986 -3.554965
v 9.303046 0.071195 -3.496658
v 9.303354 0.071191 -3.437793
v 9.304400 0.071245 -3.378879
v 9.305969 0.071286 -3.319927
v 9.307819 0.072584 -3.260970
v 9.309555 0.073005 -3.202044
v 9.312784 0.079581 -3.143587
v 9.317650 0.097564 -3.087685
v 11.179831 0.108768 -3.264342
v 11.165609 0.139569 -3.316571
v 11.152188 0.148324 -3.373469
v 11.139542 0.164196 -3.428221
v 11.142591 0.133617 -3.478359
v 11.147462 0.121202 -3.535251
v 11.152566 0.112940 -3.593189
v 11.158343 0.104223 -3.651491
v 11.160992 0.097558 -3.710767
v 11.160575 0.088946 -3.770120
v 11.167832 0.066510 -3.832268
v 11.210432 0.045481 -3.896384
v 11.214523 0.034914 -3.964734
v 11.190310 0.019924 -4.023901
v 11.273513 0.019593 -4.070630
v 11.255967 0.038312 -4.113357
v 11.229924 0.027570 -4.150160
v 11.290924 0.024094 -4.215116
v 11.266829 0.022971 -4.266428
v 11.223444 0.033405 -4.320751
v 11.152605 0.049496 -4.328955
v 11.154284 0.035609 -4.373609
v 11.194595 0.074784 -4.396303
v 11.195731 0.074577 -4.457488
v 11.224103 0.096126 -4.505483
v 11.232891 0.077282 -4.561855
v 11.239438 0.063379 -4.620084
v 11.242164 0.050716 -4.678686
v 11.243213 0.043289 -4.738097
v 11.243957 0.039448 -4.797882
v 11.242647 0.038135 -4.857111
v 11.242432 0.037384 -4.916099
v 11.239113 0.049190 -4.973841
v 9.437085 0.071262 -3.147256
v 9.434724 0.071130 -3.205953
v 9.432711 0.071125 -3.264716
v 9.430717 0.075266 -3.323316
v 9.429435 0.071175 -3.381930
v 9.428302 0.071084 -3.440681
v 9.427318 0.082877 -3.498161
v 9.427260 0.076049 -3.556514
v 9.426281 0.034804 -3.597466
v 9.424069 0.035087 -3.656158
v 9.421815 0.037091 -3.714767
v 9.419766 0.039213 -3.773368
v 9.417180 0.035167 -3.831813
v 9.414855 0.035214 -3.890468
v 9.412614 0.037400 -3.949085
v 9.410731 0.036204 -4.007730
v 9.408862 0.036075 -4.066401
v 9.407254 0.035993 -4.125082
v 9.405815 0.035766 -4.183760
v 9.404416 0.035722 -4.242441
v 9.403008 0.035645 -4.301123
v 9.401440 0.035544 -4.359814
v 9.399497 0.039417 -4.418363
v 9.397876 0.034930 -4.476854
v 9.396064 0.035069 -4.535540
v 9.394261 0.034892 -4.594254
v 9.392430 0.034853 -4.652979
v 9.390676 0.034872 -4.711722
v 9.388987 0.034868 -4.770483
v 9.387510 0.034860 -4.829268
v 9.386024 0.034878 -4.888056
v 9.499556 0.071185 -3.149278
v 9.497189 0.071181 -3.208006
v 9.495161 0.071198 -3.266797
v 9.493092 0.078198 -3.325096
v 9.491903 0.071175 -3.383379
v 9.490775 0.071202 -3.442126
v 9.489750 0.085377 -3.499056
v 9.489706 0.073905 -3.556670
v 9.488770 0.034818 -3.600159
v 9.486505 0.035399 -3.658854
v 9.484220 0.035027 -3.717557
v 9.482121 0.039382 -3.776070
v 9.479553 0.035006 -3.834517
v 9.477112 0.039020 -3.892949
v 9.474476 0.046286 -3.951260
v 9.473045 0.040741 -4.009691
v 9.471083 0.040600 -4.068401
v 9.469481 0.040509 -4.127117
v 9.468018 0.040473 -4.185816
v 9.466628 0.040316 -4.244511
v 9.465235 0.040184 -4.303207
v 9.463704 0.040115 -4.361912
v 9.461701 0.044635 -4.420451
v 9.460333 0.035008 -4.478385
v 9.458475 0.034895 -4.537119
v 9.456664 0.034878 -4.595865
v 9.454864 0.034874 -4.654612
v 9.453131 0.034866 -4.713370
v 9.451472 0.034855 -4.772142
v 9.449964 0.034870 -4.830937
v 9.448477 0.034853 -4.889734
v 9.562026 0.071168 -3.151386
v 9.559596 0.071229 -3.210110
v 9.557452 0.075852 -3.268611
v 9.555447 0.081337 -3.327103
v 9.554357 0.071110 -3.384848
v 9.553249 0.071067 -3.443606
v 9.552217 0.087407 -3.499982
v 9.552135 0.071576 -3.556571
v 9.551281 0.035487 -3.602953
v 9.548957 0.035363 -3.661669
v 9.546637 0.035154 -3.720351
v 9.544446 0.037081 -3.778974
v 9.541915 0.034836 -3.837530
v 9.539239 0.044595 -3.895305
v 9.536654 0.052674 -3.953415
v 9.535352 0.045404 -4.011642
v 9.533290 0.045149 -4.070357
v 9.531677 0.045045 -4.129093
v 9.530231 0.044979 -4.187809
v 9.528835 0.044957 -4.246511
v 9.527465 0.044809 -4.305229
v 9.525972 0.044691 -4.363954
v 9.523959 0.049517 -4.422504
v 9.522715 0.037998 -4.480113
v 9.520870 0.034934 -4.538734
v 9.519066 0.034815 -4.597476
v 9.517289 0.034828 -4.656223
v 9.515578 0.034856 -4.714982
v 9.513947 0.034863 -4.773752
v 9.512425 0.034945 -4.832545
v 9.510940 0.034861 -4.891349
v 9.624519 0.071308 -3.153673
v 9.622040 0.073148 -3.212395
v 9.619706 0.081116 -3.270581
v 9.617857 0.084262 -3.329215
v 9.616819 0.071096 -3.386245
v 9.615741 0.071144 -3.445018
v 9.614733 0.089073 -3.500937
v 9.614597 0.068882 -3.556129
v 9.613730 0.037713 -3.605966
v 9.611390 0.035097 -3.664643
v 9.609056 0.035165 -3.723383
v 9.606793 0.035333 -3.782134
v 9.604228 0.037835 -3.840826
v 9.600533 0.056365 -3.896524
v 9.599172 0.050898 -3.955029
v 9.597671 0.049895 -4.013710
v 9.595469 0.049746 -4.072368
v 9.593848 0.049631 -4.131067
v 9.592430 0.049557 -4.189757
v 9.591047 0.049483 -4.248456
v 9.589725 0.049441 -4.307144
v 9.588252 0.049315 -4.365893
v 9.586322 0.053741 -4.424487
v 9.585049 0.041977 -4.482045
v 9.583255 0.034945 -4.540308
v 9.581464 0.034826 -4.599049
v 9.579708 0.034880 -4.657801
v 9.578019 0.034885 -4.716566
v 9.576407 0.034879 -4.775344
v 9.574884 0.034865 -4.834139
v 9.573410 0.034861 -4.892944
v 9.687055 0.071651 -3.156170
v 9.684256 0.078202 -3.214486
v 9.681967 0.085578 -3.272725
v 9.680279 0.087549 -3.331450
v 9.679351 0.071235 -3.387509
v 9.676706 0.084758 -3.444289
v 9.677276 0.087606 -3.502829
v 9.675226 0.054256 -3.550982
v 9.675794 0.044911 -3.608868
v 9.673340 0.042282 -3.667547
v 9.670963 0.042660 -3.726275
v 9.668549 0.044168 -3.784971
v 9.665983 0.046881 -3.843628
v 9.662585 0.054711 -3.901638
v 9.658854 0.069158 -3.958455
v 9.659784 0.056813 -4.015867
v 9.657630 0.054363 -4.074369
v 9.655996 0.054279 -4.133017
v 9.654634 0.054220 -4.191634
v 9.653260 0.054112 -4.250279
v 9.651969 0.054026 -4.308962
v 9.650548 0.053921 -4.367689
v 9.648781 0.057184 -4.426429
v 9.647298 0.046994 -4.484295
v 9.645621 0.035005 -4.541808
v 9.643847 0.034924 -4.600574
v 9.642117 0.034908 -4.659348
v 9.640450 0.034896 -4.718127
v 9.638857 0.034878 -4.776915
v 9.637341 0.035022 -4.835713
v 9.635881 0.034967 -4.894518
v 9.749498 0.073477 -3.158817
v 9.746628 0.077867 -3.217303
v 9.744291 0.081625 -3.275894
v 9.740523 0.072889 -3.333482
v 9.741260 0.078223 -3.391552
v 9.738396 0.077384 -3.450129
v 9.731367 0.056070 -3.504310
v 9.729023 0.085989 -3.554581
v 9.728912 0.077455 -3.612304
v 9.727606 0.073021 -3.670411
v 9.726009 0.072010 -3.728742
v 9.724911 0.071024 -3.787122
v 9.723818 0.070292 -3.845576
v 9.722025 0.072984 -3.904031
v 9.721045 0.069227 -3.962531
v 9.717940 0.079216 -4.020238
v 9.715147 0.077457 -4.078904
v 9.718171 0.058934 -4.134181
v 9.716449 0.062646 -4.192821
v 9.715383 0.060980 -4.251580
v 9.714246 0.060555 -4.310366
v 9.712951 0.060104 -4.369159
v 9.711784 0.059542 -4.427862
v 9.709663 0.049723 -4.486232
v 9.707957 0.035633 -4.543367
v 9.706224 0.034970 -4.602133
v 9.704522 0.034917 -4.660911
v 9.702877 0.034905 -4.719692
v 9.701303 0.034908 -4.778481
v 9.699795 0.034899 -4.837280
v 9.698352 0.034906 -4.896082
v 9.811680 0.071399 -3.162564
v 9.809174 0.077989 -3.221051
v 9.805866 0.072428 -3.279408
v 9.802697 0.067151 -3.337718
v 9.797925 0.052048 -3.394421
v 9.795329 0.051887 -3.453065
v 9.793364 0.052026 -3.511680
v 9.791501 0.089358 -3.556850
v 9.791118 0.071956 -3.612911
v 9.790299 0.071563 -3.671601
v 9.788990 0.071193 -3.730325
v 9.787643 0.076070 -3.788761
v 9.786084 0.078068 -3.847367
v 9.784256 0.078792 -3.905991
v 9.782295 0.081896 -3.964538
v 9.780353 0.081950 -4.023276
v 9.777327 0.072788 -4.081295
v 9.776276 0.079886 -4.139672
v 9.778674 0.058174 -4.194368
v 9.776569 0.048605 -4.252429
v 9.774870 0.045605 -4.311201
v 9.773859 0.046338 -4.370016
v 9.773534 0.050838 -4.428637
v 9.772315 0.046656 -4.487241
v 9.770314 0.034959 -4.544935
v 9.768604 0.034950 -4.603703
v 9.766923 0.034928 -4.662465
v 9.765295 0.034914 -4.721230
v 9.763738 0.034904 -4.780003
v 9.762246 0.035017 -4.838786
v 9.760827 0.034900 -4.897581
v 9.874101 0.072109 -3.166437
v 9.871254 0.072481 -3.225014
v 9.867521 0.062680 -3.282549
v 9.862257 0.047520 -3.339320
v 9.859618 0.042850 -3.397809
v 9.857429 0.046722 -3.456372
v 9.855844 0.052905 -3.514704
v 9.854101 0.091175 -3.559100
v 9.853645 0.071186 -3.614190
v 9.852814 0.071150 -3.672857
v 9.851540 0.071130 -3.731548
v 9.850009 0.071357 -3.790234
v 9.848207 0.071253 -3.848908
v 9.846233 0.071245 -3.907557
v 9.844268 0.074658 -3.966038
v 9.841796 0.071136 -4.024441
v 9.839697 0.071206 -4.083109
v 9.838055 0.071174 -4.141859
v 9.836674 0.080554 -4.199902
v 9.835895 0.067461 -4.257224
v 9.837326 0.046712 -4.312211
v 9.835964 0.039540 -4.370559
v 9.835085 0.039834 -4.429285
v 9.833860 0.035868 -4.487869
v 9.832687 0.034949 -4.546559
v 9.830994 0.034903 -4.605252
v 9.829317 0.034905 -4.663963
v 9.827703 0.034901 -4.722694
v 9.826162 0.034898 -4.781442
v 9.824689 0.034891 -4.840203
v 9.823297 0.034891 -4.898983
v 9.936290 0.075027 -3.171077
v 9.933329 0.065893 -3.228993
v 9.928137 0.045775 -3.284151
v 9.924193 0.038719 -3.342480
v 9.921993 0.045200 -3.400961
v 9.919547 0.042737 -3.459677
v 9.918276 0.054712 -3.517114
v 9.916718 0.093006 -3.561428
v 9.916294 0.071190 -3.615800
v 9.915409 0.071138 -3.674452
v 9.914140 0.071067 -3.733150
v 9.912576 0.071104 -3.791859
v 9.910725 0.071167 -3.850501
v 9.908754 0.071240 -3.909136
v 9.900399 0.071107 -4.142984
v 9.898344 0.071123 -4.201621
v 9.897124 0.079387 -4.259795
v 9.894780 0.070903 -4.317864
v 9.897334 0.051103 -4.373259
v 9.897552 0.037560 -4.430450
v 9.896385 0.034996 -4.489128
v 9.895068 0.034939 -4.547888
v 9.893365 0.034860 -4.606596
v 9.891693 0.034864 -4.665305
v 9.890095 0.034882 -4.724026
v 9.888576 0.034898 -4.782759
v 9.887118 0.034870 -4.841505
v 9.885767 0.034883 -4.900261
v 9.998577 0.074680 -3.176160
v 9.994593 0.052252 -3.230401
v 9.990393 0.039328 -3.287626
v 9.986462 0.034972 -3.346149
v 9.983349 0.034940 -3.404866
v 9.981690 0.041629 -3.463105
v 9.980584 0.056645 -3.519288
v 9.979321 0.094855 -3.563891
v 9.979009 0.071184 -3.617459
v 9.978079 0.071146 -3.676087
v 9.976823 0.071058 -3.734767
v 9.975209 0.071084 -3.793461
v 9.973300 0.071154 -3.852072
v 9.971276 0.071240 -3.910697
v 9.968834 0.074814 -3.969132
v 9.964216 0.073514 -4.085492
v 9.962441 0.077025 -4.144055
v 9.960628 0.071092 -4.202342
v 9.958936 0.071102 -4.260912
v 9.957232 0.071129 -4.319531
v 9.955667 0.073052 -4.378231
v 9.955832 0.059779 -4.435423
v 9.958641 0.040213 -4.490787
v 9.957496 0.034991 -4.549224
v 9.955727 0.034894 -4.607909
v 9.954062 0.034853 -4.666561
v 9.952472 0.034872 -4.725254
v 9.950976 0.034920 -4.783971
v 9.949535 0.034937 -4.842711
v 9.948245 0.034921 -4.901473
v 10.061108 0.072925 -3.180512
v 10.057035 0.053520 -3.235729
v 10.052895 0.035992 -3.291616
v 10.048753 0.034926 -3.350227
v 10.045521 0.034866 -3.408898
v 10.043560 0.036607 -3.467459
v 10.042874 0.058922 -3.521411
v 10.041842 0.096620 -3.566352
v 10.041697 0.071194 -3.619159
v 10.040746 0.071142 -3.677760
v 10.039484 0.071064 -3.736422
v 10.037909 0.071121 -3.795123
v 10.035873 0.071265 -3.853733
v 10.033668 0.075849 -3.912088
v 10.031135 0.071158 -3.970314
v 10.026361 0.071116 -4.086405
v 10.024520 0.071146 -4.144875
v 10.022964 0.071206 -4.203407
v 10.021278 0.071092 -4.261939
v 10.019622 0.071082 -4.320487
v 10.018155 0.071149 -4.379079
v 10.016836 0.073283 -4.437799
v 10.016192 0.064501 -4.495911
v 10.019318 0.043202 -4.550750
v 10.018100 0.035060 -4.608905
v 10.016393 0.034960 -4.667614
v 10.014825 0.034809 -4.726295
v 10.013355 0.034904 -4.785007
v 10.011923 0.034986 -4.843750
v 10.010693 0.035701 -4.902551
v 10.122333 0.083406 -3.189235
v 10.117296 0.067423 -3.245809
v 10.115622 0.037309 -3.296253
v 10.110931 0.034879 -3.354702
v 10.107513 0.034837 -3.413187
v 10.105566 0.034931 -3.471504
v 10.105072 0.060801 -3.523404
v 10.104486 0.098139 -3.568611
v 10.104448 0.072000 -3.621114
v 10.103484 0.071136 -3.679615
v 10.102188 0.071250 -3.738166
v 10.100653 0.071198 -3.796750
v 10.098289 0.075935 -3.855139
v 10.096048 0.071114 -3.913406
v 10.093645 0.071018 -3.971828
v 10.088555 0.071052 -4.087288
v 10.086822 0.071046 -4.145719
v 10.085265 0.071089 -4.204140
v 10.083608 0.071084 -4.262558
v 10.081970 0.071110 -4.320999
v 10.080491 0.071147 -4.379477
v 10.079299 0.071146 -4.437976
v 10.077790 0.075374 -4.496460
v 10.076443 0.069221 -4.554799
v 10.077545 0.053707 -4.611713
v 10.078645 0.038441 -4.668442
v 10.077155 0.034959 -4.727060
v 10.075701 0.034984 -4.785766
v 10.074255 0.034930 -4.844445
v 10.072779 0.042571 -4.902683
v 10.184747 0.074597 -3.193829
v 10.178085 0.052571 -3.247015
v 10.177527 0.044159 -3.303936
v 10.172841 0.034871 -3.360373
v 10.169236 0.034789 -3.418151
v 10.167590 0.034814 -3.475939
v 10.167209 0.063349 -3.524324
v 10.167278 0.099266 -3.570578
v 10.167143 0.074881 -3.623940
v 10.166267 0.071275 -3.682087
v 10.164822 0.075409 -3.740223
v 10.163363 0.074107 -3.798582
v 10.160941 0.075179 -3.856950
v 10.158682 0.071441 -3.915167
v 10.156207 0.071016 -3.973539
v 10.150639 0.071287 -4.087955
v 10.149143 0.071071 -4.146124
v 10.147570 0.071078 -4.204424
v 10.145913 0.071072 -4.262791
v 10.144273 0.070994 -4.321203
v 10.142807 0.071099 -4.379632
v 10.141596 0.071384 -4.438114
v 10.140096 0.071159 -4.496614
v 10.138806 0.072964 -4.555194
v 10.137584 0.071172 -4.613927
v 10.137054 0.060061 -4.671693
v 10.139053 0.042238 -4.727694
v 10.138046 0.035575 -4.786115
v 10.136496 0.035254 -4.844812
v 10.134695 0.034965 -4.903414
v 10.241679 0.050497 -3.200788
v 10.237982 0.039168 -3.257472
v 10.237923 0.060419 -3.311556
v 10.235257 0.034700 -3.362233
v 10.230239 0.034863 -3.476870
v 10.229506 0.064966 -3.523928
v 10.230132 0.095828 -3.573382
v 10.227885 0.088298 -3.630905
v 10.229122 0.071220 -3.686274
v 10.226877 0.086320 -3.742279
v 10.225686 0.082245 -3.800284
v 10.223394 0.080771 -3.858520
v 10.221024 0.076283 -3.916800
v 10.218679 0.074183 -3.975328
v 10.212764 0.071799 -4.086836
v 10.211294 0.071127 -4.145606
v 10.209786 0.071720 -4.204207
v 10.208143 0.072229 -4.262784
v 10.206517 0.069108 -4.321270
v 10.203854 0.071116 -4.438115
v 10.202354 0.073277 -4.496653
v 10.201159 0.072690 -4.555276
v 10.200050 0.071314 -4.613933
v 10.197871 0.073407 -4.672625
v 10.197233 0.064618 -4.730702
v 10.199113 0.048546 -4.787292
v 10.198601 0.040440 -4.845610
v 10.197027 0.034946 -4.904081
v 10.279696 0.095536 -3.218462
v 10.273221 0.087121 -3.276307
v 10.300501 0.057335 -3.317750
v 10.296903 0.037477 -3.371744
v 10.265288 0.085422 -4.437251
v 10.263944 0.086517 -4.496300
v 10.262328 0.086479 -4.555397
v 10.260933 0.085801 -4.614486
v 10.259431 0.084262 -4.673525
v 10.257321 0.081534 -4.732446
v 10.254985 0.076026 -4.791171
v 10.254846 0.067202 -4.849443
v 10.256448 0.053339 -4.906644
v 10.327365 0.131577 -3.234625
v 10.324939 0.117080 -3.291111
v 10.329849 0.103608 -3.348390
v 10.343107 0.072241 -3.393819
v 10.339458 0.082111 -3.464210
v 10.346465 0.081632 -3.520439
v 10.342972 0.084030 -3.577219
v 10.347876 0.086641 -3.633827
v 10.351002 0.095357 -3.690294
v 10.352330 0.107040 -3.747053
v 10.345257 0.121194 -3.803450
v 10.328960 0.138343 -3.858764
v 10.320002 0.107366 -3.909429
v 10.316102 0.086511 -3.965282
v 10.314372 0.061615 -4.081724
v 10.313954 0.053573 -4.140886
v 10.313542 0.047678 -4.200164
v 10.313269 0.044489 -4.259454
v 10.312716 0.042840 -4.318779
v 10.312394 0.044766 -4.437442
v 10.312248 0.047165 -4.496499
v 10.312264 0.049168 -4.555412
v 10.312299 0.050442 -4.614327
v 10.312607 0.051740 -4.673227
v 10.313481 0.054563 -4.732015
v 10.315748 0.061782 -4.790360
v 10.317219 0.064139 -4.849150
v 10.317647 0.065420 -4.907966
v 10.382577 0.155105 -3.248392
v 10.384197 0.132568 -3.302823
v 10.344486 0.062876 -3.287256
v 10.314356 0.048984 -3.300657
v 10.318746 0.020787 -3.381162
v 10.318651 0.023228 -3.457721
v 10.310567 0.029680 -3.518646
v 10.302380 0.030058 -3.570500
v 10.305676 0.036288 -3.643603
v 10.315906 0.043099 -3.704475
v 10.312337 0.058469 -3.775732
v 10.318771 0.066141 -3.838078
v 10.355428 0.085665 -3.874800
v 10.381443 0.116972 -3.916309
v 10.378197 0.088253 -3.967228
v 10.376781 0.063063 -4.082279
v 10.376247 0.053258 -4.140947
v 10.375656 0.044666 -4.199850
v 10.374820 0.038289 -4.258953
v 10.373785 0.034973 -4.318162
v 10.372932 0.034931 -4.377324
v 10.372718 0.034909 -4.436578
v 10.372375 0.034896 -4.495806
v 10.372345 0.034885 -4.554905
v 10.372262 0.034902 -4.613889
v 10.372185 0.034937 -4.672796
v 10.372005 0.034874 -4.731697
v 10.371662 0.035002 -4.790643
v 10.372072 0.035009 -4.849574
v 10.372429 0.035456 -4.908488
v 10.418510 0.105467 -3.238675
v 10.399009 0.064871 -3.284050
v 10.392690 0.083095 -3.327657
v 10.384023 0.016476 -3.255487
v 10.359878 0.003754 -3.277178
v 10.343558 -0.001859 -3.450106
v 10.334003 -0.001117 -3.519090
v 10.328231 -0.003336 -3.578463
v 10.333586 0.000474 -3.626785
v 10.332301 -0.000105 -3.713271
v 10.312933 -0.001781 -3.807825
v 10.332110 0.021158 -3.880826
v 10.397092 0.049242 -3.898077
v 10.438274 0.096503 -3.906372
v 10.440103 0.088356 -3.965934
v 10.438884 0.069538 -4.083793
v 10.438249 0.060168 -4.142375
v 10.437566 0.051209 -4.200989
v 10.436829 0.044077 -4.259830
v 10.435960 0.038769 -4.318755
v 10.435191 0.035397 -4.377781
v 10.434897 0.034882 -4.436905
v 10.434739 0.034843 -4.495965
v 10.434681 0.034821 -4.554942
v 10.434610 0.034816 -4.613892
v 10.434466 0.034838 -4.672825
v 10.434205 0.034879 -4.731739
v 10.433956 0.034944 -4.790613
v 10.434456 0.034999 -4.849423
v 10.434894 0.035090 -4.908234
v 10.456996 0.058278 -3.226046
v 10.461815 0.070751 -3.276801
v 10.461298 0.070772 -3.319713
v 10.466632 0.034930 -3.266661
v 10.455732 0.026439 -3.278457
v 10.453427 0.015520 -3.458299
v 10.424747 0.005241 -3.521990
v 10.413952 -0.006194 -3.587251
v 10.409769 -0.008363 -3.652872
v 10.413891 -0.011344 -3.717221
v 10.398696 -0.010307 -3.809387
v 10.384815 -0.010732 -3.876602
v 10.439354 0.020098 -3.924946
v 10.472315 0.060445 -3.945841
v 10.499542 0.105952 -3.970551
v 10.500898 0.077131 -4.085742
v 10.500244 0.067087 -4.144130
v 10.499643 0.057153 -4.202473
v 10.498962 0.047966 -4.260920
v 10.498269 0.040709 -4.319634
v 10.497460 0.035954 -4.378548
v 10.497097 0.034902 -4.437534
v 10.497030 0.034860 -4.496479
v 10.497036 0.034809 -4.555383
v 10.496981 0.034796 -4.614256
v 10.496799 0.034807 -4.673073
v 10.496507 0.034845 -4.731872
v 10.496209 0.034981 -4.790651
v 10.496853 0.035008 -4.849381
v 10.497324 0.035029 -4.908141
v 10.516464 0.067217 -3.213615
v 10.514876 0.081792 -3.263179
v 10.517588 0.079012 -3.298374
v 10.527587 0.047969 -3.267403
v 10.526643 0.029387 -3.279644
v 10.521589 0.018162 -3.466318
v 10.513979 0.020161 -3.530486
v 10.511970 0.004610 -3.593621
v 10.509532 0.000272 -3.657094
v 10.507713 -0.006418 -3.719842
v 10.487375 -0.013371 -3.809693
v 10.483598 -0.020355 -3.875313
v 10.494864 -0.007903 -3.935042
v 10.520568 0.031860 -3.967159
v 10.551714 0.077858 -3.985277
v 10.562788 0.086691 -4.088714
v 10.562454 0.073286 -4.146108
v 10.561713 0.062673 -4.204195
v 10.561104 0.051796 -4.262262
v 10.560504 0.042505 -4.320573
v 10.559744 0.036928 -4.379390
v 10.559291 0.034913 -4.438369
v 10.559262 0.034870 -4.497291
v 10.559348 0.034750 -4.556147
v 10.559288 0.034796 -4.614979
v 10.559085 0.034811 -4.673800
v 10.558763 0.034903 -4.732620
v 10.558414 0.034943 -4.791461
v 10.558139 0.046469 -4.849188
v 10.557860 0.050186 -4.907928
v 10.572299 0.042912 -3.223468
v 10.575729 0.071128 -3.264487
v 10.572478 0.060297 -3.296578
v 10.584306 0.044345 -3.265259
v 10.591491 0.037731 -3.285107
v 10.582756 0.012589 -3.472242
v 10.576642 0.008217 -3.537540
v 10.573871 0.006809 -3.601312
v 10.572206 0.007172 -3.663961
v 10.570345 0.002848 -3.726935
v 10.552385 -0.017231 -3.814226
v 10.549850 -0.013482 -3.879788
v 10.557772 -0.012612 -3.937879
v 10.570626 -0.005892 -3.985975
v 10.624564 0.080900 -4.149155
v 10.623607 0.068615 -4.206683
v 10.623045 0.057114 -4.264432
v 10.622484 0.045496 -4.322242
v 10.621929 0.037514 -4.380610
v 10.621475 0.034895 -4.439425
v 10.621472 0.034871 -4.498271
v 10.621647 0.034827 -4.557090
v 10.621593 0.034794 -4.615906
v 10.621366 0.034893 -4.674709
v 10.621038 0.034913 -4.733474
v 10.620569 0.037951 -4.792150
v 10.619393 0.034986 -4.850828
v 10.618276 0.034994 -4.909599
v 10.633239 0.057117 -3.226366
v 10.624393 0.053623 -3.249659
v 10.639030 0.055771 -3.305257
v 10.630574 0.035847 -3.281257
v 10.653975 0.004166 -3.353735
v 10.642271 0.004154 -3.484980
v 10.636903 0.009701 -3.549339
v 10.634809 0.008259 -3.612131
v 10.633685 0.009624 -3.674446
v 10.627667 0.002624 -3.745469
v 10.617372 -0.002008 -3.820885
v 10.616277 -0.012985 -3.884990
v 10.621332 -0.012873 -3.943270
v 10.627823 -0.012046 -4.000629
v 10.645571 0.035980 -4.036943
v 10.678899 0.067154 -4.048228
v 10.688027 0.095221 -4.094699
v 10.686324 0.091414 -4.153255
v 10.685704 0.071284 -4.208661
v 10.685133 0.060278 -4.266444
v 10.684364 0.049196 -4.324288
v 10.683899 0.038753 -4.382234
v 10.683563 0.035296 -4.440873
v 10.683661 0.034879 -4.499553
v 10.683949 0.034838 -4.558261
v 10.683897 0.034826 -4.617018
v 10.683640 0.034896 -4.675804
v 10.683254 0.036831 -4.734582
v 10.682735 0.034973 -4.793347
v 10.681778 0.035064 -4.852166
v 10.680717 0.034975 -4.910980
v 10.695154 0.059916 -3.233066
v 10.674734 0.089510 -3.277417
v 10.687930 0.050870 -3.266395
v 10.706482 0.036002 -3.337335
v 10.696810 0.022908 -3.456590
v 10.697952 0.008086 -3.509374
v 10.695342 0.012318 -3.567121
v 10.694536 0.009888 -3.625376
v 10.695577 0.010505 -3.685402
v 10.689319 0.008871 -3.757184
v 10.683653 0.000249 -3.825813
v 10.682900 -0.003260 -3.889355
v 10.683206 -0.003233 -3.952653
v 10.689404 -0.008515 -4.006382
v 10.698738 -0.006884 -4.059863
v 10.726550 0.046466 -4.080646
v 10.749919 0.084972 -4.102175
v 10.748348 0.101146 -4.158358
v 10.746713 0.081586 -4.213836
v 10.747252 0.056683 -4.267163
v 10.746406 0.047869 -4.325464
v 10.745759 0.039026 -4.383855
v 10.745553 0.034931 -4.442487
v 10.745543 0.040601 -4.500831
v 10.746353 0.034958 -4.559231
v 10.746244 0.034997 -4.618058
v 10.745945 0.034998 -4.676901
v 10.745526 0.035017 -4.735721
v 10.745037 0.035392 -4.794537
v 10.744135 0.035603 -4.853358
v 10.743134 0.035104 -4.912195
v 10.748832 0.086132 -3.250279
v 10.739832 0.100587 -3.298814
v 10.762969 0.056954 -3.257272
v 10.772090 0.043699 -3.312491
v 10.762603 0.024921 -3.453336
v 10.760208 0.018014 -3.513325
v 10.757705 0.015367 -3.573583
v 10.756090 0.016359 -3.632828
v 10.757689 0.007778 -3.691986
v 10.756329 0.008962 -3.757972
v 10.750109 0.007703 -3.829163
v 10.750560 -0.000754 -3.890777
v 10.748677 -0.002164 -3.957182
v 10.750878 -0.006959 -4.018915
v 10.757277 -0.009628 -4.074475
v 10.775881 0.016925 -4.113898
v 10.804921 0.061416 -4.123782
v 10.811036 0.101155 -4.165786
v 10.805013 0.100425 -4.224177
v 10.808888 0.064101 -4.270221
v 10.808443 0.046126 -4.326393
v 10.807642 0.040662 -4.385240
v 10.807458 0.035019 -4.443967
v 10.807409 0.035446 -4.502808
v 10.807893 0.045159 -4.560762
v 10.808548 0.037609 -4.619087
v 10.808354 0.036002 -4.677927
v 10.807911 0.037174 -4.736794
v 10.807334 0.036352 -4.795624
v 10.806529 0.035007 -4.854486
v 10.805559 0.035013 -4.913325
v 10.805162 0.091034 -3.274304
v 10.792769 0.092085 -3.317425
v 10.818722 0.064981 -3.261472
v 10.828279 0.063926 -3.302843
v 10.825328 0.034718 -3.453374
v 10.822331 0.025021 -3.516070
v 10.819477 0.017544 -3.577245
v 10.818141 0.014945 -3.638143
v 10.818985 0.014253 -3.698376
v 10.821645 0.010727 -3.757774
v 10.820766 0.007289 -3.823429
v 10.815483 0.003988 -3.894092
v 10.817604 0.000736 -3.954473
v 10.819905 -0.002634 -4.014615
v 10.821164 -0.004516 -4.076797
v 10.834075 -0.004578 -4.127419
v 10.858372 0.045919 -4.152545
v 10.871673 0.088089 -4.179888
v 10.865201 0.111970 -4.233105
v 10.862567 0.089956 -4.287652
v 10.870378 0.047491 -4.327920
v 10.869365 0.037006 -4.386141
v 10.869286 0.037748 -4.445136
v 10.869530 0.034880 -4.503914
v 10.869401 0.035054 -4.562726
v 10.870544 0.045105 -4.620507
v 10.870039 0.042936 -4.679388
v 10.869918 0.038666 -4.738036
v 10.869596 0.035224 -4.796686
v 10.868933 0.035011 -4.855527
v 10.867997 0.035047 -4.914363
v 10.865804 0.103133 -3.280654
v 10.858603 0.099118 -3.335182
v 10.837318 0.064596 -3.316405
v 10.893423 0.065628 -3.308973
v 10.883862 0.051749 -3.457763
v 10.883236 0.035839 -3.520962
v 10.881296 0.024143 -3.581454
v 10.879545 0.019735 -3.642890
v 10.879858 0.014910 -3.703603
v 10.883583 0.011484 -3.764410
v 10.886603 0.010329 -3.824620
v 10.885551 0.006455 -3.891084
v 10.883784 0.002919 -3.959080
v 10.885114 0.000737 -4.019450
v 10.886719 -0.002619 -4.078430
v 10.895227 0.000495 -4.136089
v 10.913064 0.020640 -4.180826
v 10.929825 0.068373 -4.200193
v 10.926160 0.108729 -4.242667
v 10.919079 0.111641 -4.301205
v 10.929131 0.065146 -4.336633
v 10.931083 0.036574 -4.387296
v 10.931050 0.035035 -4.446270
v 10.931069 0.042819 -4.504670
v 10.931772 0.035070 -4.563136
v 10.932068 0.035577 -4.622113
v 10.932290 0.040426 -4.680432
v 10.932118 0.035983 -4.738870
v 10.931971 0.035158 -4.797645
v 10.931303 0.036243 -4.856381
v 10.930422 0.036091 -4.915217
v 10.923776 0.109778 -3.294896
v 10.914204 0.116877 -3.358293
v 10.892512 0.096124 -3.415677
v 10.899868 0.073544 -3.453686
v 10.926533 0.069494 -3.497986
v 10.933282 0.057930 -3.547559
v 10.935443 0.042312 -3.602937
v 10.938848 0.021344 -3.657526
v 10.938871 0.016129 -3.715739
v 10.944033 -0.000007 -3.773079
v 10.949027 0.013372 -3.831641
v 10.952558 0.010865 -3.890949
v 10.953729 0.005098 -3.957954
v 10.951357 0.005966 -4.022535
v 10.950609 0.005222 -4.082999
v 10.957427 0.006959 -4.141223
v 10.973932 0.007455 -4.195451
v 10.987635 0.055006 -4.224006
v 10.984123 0.093261 -4.254798
v 10.980375 0.115441 -4.310057
v 10.973857 0.096477 -4.366218
v 10.991737 0.044817 -4.389283
v 10.992896 0.035796 -4.446911
v 10.992977 0.036700 -4.505572
v 10.993301 0.045331 -4.563694
v 10.993587 0.043842 -4.622649
v 10.994531 0.042061 -4.681385
v 10.994461 0.036083 -4.739774
v 10.993952 0.040646 -4.798105
v 10.993645 0.039579 -4.857006
v 10.992812 0.035077 -4.915706
v 10.983899 0.115141 -3.297999
v 10.972941 0.110269 -3.358853
v 10.956318 0.119469 -3.413540
v 10.960046 0.087670 -3.465680
v 10.964128 0.089638 -3.521779
v 10.976442 0.070178 -3.575217
v 10.994760 0.052518 -3.617527
v 10.994960 0.035068 -3.675003
v 10.998794 0.020864 -3.730294
v 11.001776 0.018519 -3.788030
v 11.008335 0.015323 -3.843452
v 11.012988 0.013575 -3.902392
v 11.023369 0.018017 -3.958735
v 11.019154 0.014784 -4.024901
v 11.016201 0.013760 -4.086556
v 11.019467 0.013675 -4.145671
v 11.040709 0.014036 -4.200014
v 11.046364 0.027838 -4.244789
v 11.038038 0.076535 -4.270935
v 11.008009 0.060076 -4.319944
v 11.033154 0.104510 -4.350116
v 11.050812 0.062506 -4.389225
v 11.052898 0.046666 -4.446923
v 11.055258 0.037664 -4.505692
v 11.054386 0.036063 -4.564898
v 11.055967 0.042322 -4.622688
v 11.056291 0.035229 -4.681065
v 11.056845 0.035059 -4.740090
v 11.056424 0.039839 -4.798468
v 11.055914 0.035099 -4.857139
v 11.055245 0.034955 -4.915990
v 11.044334 0.121920 -3.301638
v 11.031663 0.126796 -3.360587
v 11.019403 0.126825 -3.416923
v 11.020002 0.109370 -3.472212
v 11.024838 0.104944 -3.529075
v 11.031458 0.090392 -3.586090
v 11.038253 0.076889 -3.640780
v 11.052654 0.052811 -3.688428
v 11.054607 0.038842 -3.744646
v 11.062043 0.027885 -3.799294
v 11.068017 0.019389 -3.857213
v 11.073092 0.008586 -3.911976
v 11.089241 0.017311 -3.966478
v 11.087773 0.018609 -4.025753
v 11.081640 0.016567 -4.092668
v 11.080012 0.017829 -4.156034
v 11.165921 0.023975 -4.216908
v 11.178222 0.026704 -4.278760
v 11.082119 0.029381 -4.282504
v 11.064996 0.083336 -4.318182
v 11.071388 0.065112 -4.376435
v 11.082848 0.103852 -4.420547
v 11.111720 0.063478 -4.452344
v 11.106803 0.069324 -4.510835
v 11.110833 0.056765 -4.568345
v 11.117878 0.035699 -4.622685
v 11.118672 0.035836 -4.681623
v 11.118176 0.044034 -4.739847
v 11.118825 0.042159 -4.798801
v 11.118357 0.034988 -4.857258
v 11.117750 0.034948 -4.916115
v 9.258916 0.074241 -2.998729
v 9.167251 0.034807 -5.000857
v 9.167920 0.034842 -4.942045
v 9.170976 0.035065 -4.824146
v 9.172138 0.035487 -4.765254
v 9.175850 0.035168 -4.645540
v 9.177804 0.035412 -4.586765
v 9.181251 0.035066 -4.469978
v 9.183224 0.034868 -4.411202
v 9.186569 0.034908 -4.295177
v 9.187911 0.035003 -4.236365
v 9.190761 0.034860 -4.118152
v 9.192455 0.034854 -4.059354
v 9.195925 0.034964 -3.940105
v 9.198559 0.035022 -3.881363
v 9.204497 0.035048 -3.768598
v 9.205139 0.034949 -3.709783
v 9.238214 0.077317 -3.643354
v 9.226304 0.046158 -3.594864
v 9.211593 0.071806 -3.436212
v 9.212577 0.071247 -3.377433
v 9.221196 0.102710 -3.259046
v 9.217997 0.071191 -3.210002
v 9.235809 0.100454 -3.046043
v 9.209822 0.071358 -2.999118
v 9.121819 0.034920 -4.982406
v 9.125756 0.046180 -4.964668
v 9.125731 0.035004 -4.805156
v 9.125763 0.036474 -4.782001
v 9.131250 0.043368 -4.626520
v 9.134681 0.050114 -4.604424
v 9.136138 0.034856 -4.450521
v 9.136700 0.034871 -4.427186
v 9.141205 0.034822 -4.276315
v 9.141611 0.034787 -4.252968
v 9.145359 0.034835 -4.099210
v 9.146130 0.034765 -4.075851
v 9.150787 0.034914 -3.920407
v 9.152021 0.034829 -3.897090
v 9.158914 0.034850 -3.750291
v 9.158973 0.034788 -3.726938
v 9.194543 0.057288 -3.632863
v 9.196347 0.035172 -3.631972
v 9.167651 0.080819 -3.415906
v 9.166399 0.071241 -3.394554
v 9.177110 0.081122 -3.255466
v 9.175367 0.071192 -3.234594
v 9.201074 0.087632 -3.013522
v 9.189181 0.073523 -2.984525
v 9.115355 0.050106 -4.997374
v 9.106272 0.056315 -4.976753
v 9.101954 0.041402 -4.806266
v 9.100657 0.036144 -4.783652
v 9.108279 0.035219 -4.620632
v 9.109741 0.051617 -4.604073
v 9.111164 0.034738 -4.450036
v 9.111628 0.034737 -4.426696
v 9.116222 0.034770 -4.276010
v 9.116568 0.034757 -4.252662
v 9.120340 0.034846 -4.098328
v 9.121128 0.034670 -4.074975
v 9.125751 0.034803 -3.918831
v 9.127099 0.034768 -3.895538
v 9.133959 0.034796 -3.750507
v 9.133890 0.034628 -3.727179
v 9.187995 0.055459 -3.657046
v 9.179009 0.035084 -3.650009
v 9.142740 0.083464 -3.416164
v 9.141365 0.071302 -3.396060
v 9.152449 0.085678 -3.255753
v 9.150706 0.071363 -3.239380
v 9.180007 0.088106 -2.999874
v 9.153198 0.052603 -2.940546
v 9.076022 0.040794 -5.042638
v 9.046704 0.046744 -4.971313
v 9.051201 0.038235 -4.839161
v 9.044004 0.035017 -4.762221
v 9.055131 0.035000 -4.649681
v 9.057785 0.075295 -4.584016
v 9.056833 0.034555 -4.476711
v 9.057587 0.032356 -4.399407
v 9.061851 0.034751 -4.302625
v 9.062548 0.033215 -4.225317
v 9.065180 0.034719 -4.123335
v 9.067932 0.033226 -4.046062
v 9.069712 0.034651 -3.941833
v 9.075033 0.033570 -3.864707
v 9.080281 0.034610 -3.778449
v 9.079203 0.034613 -3.701139
v 9.180743 0.069889 -3.715429
v 9.125401 0.031256 -3.677976
v 9.090220 0.098634 -3.442308
v 9.086511 0.071048 -3.370265
v 9.099370 0.112501 -3.267916
v 9.103005 0.071981 -3.202098
v 9.119419 0.088865 -2.999822
v 11.235013 0.054833 -3.215730
v 11.312034 0.034999 -5.027454
v 11.248422 0.089427 -3.259257
v 11.212264 0.185737 -3.373865
v 11.168414 0.147380 -3.365549
v 11.218212 0.117593 -3.529142
v 11.223360 0.113765 -3.587582
v 11.230785 0.111327 -3.715533
v 11.228913 0.106599 -3.773788
v 11.279037 0.055179 -3.907743
v 11.265522 0.061873 -3.959923
v 11.319834 0.049996 -4.075275
v 11.323738 0.046207 -4.138163
v 11.317337 0.062721 -4.219370
v 11.292691 0.059527 -4.273050
v 11.223147 0.063320 -4.336100
v 11.224442 0.038132 -4.389091
v 11.252450 0.038748 -4.442451
v 11.273197 0.045624 -4.496570
v 11.305079 0.036021 -4.616329
v 11.311519 0.035963 -4.674741
v 11.314799 0.035015 -4.801250
v 11.313210 0.034849 -4.860005
v 11.309135 0.039306 -4.968847
v 11.279345 0.070439 -3.220073
v 11.351032 0.035054 -5.001146
v 11.278253 0.064485 -3.234213
v 11.207704 0.166392 -3.330889
v 11.198776 0.154062 -3.329900
v 11.257903 0.126065 -3.553012
v 11.263303 0.115719 -3.562530
v 11.267529 0.116224 -3.744456
v 11.271990 0.104823 -3.753444
v 11.290137 0.086156 -3.916140
v 11.268865 0.087629 -3.915455
v 11.341014 0.062501 -4.092257
v 11.340854 0.064312 -4.111436
v 11.323880 0.048731 -4.261444
v 11.330157 0.035909 -4.255691
v 11.265154 0.051129 -4.354957
v 11.266413 0.050398 -4.370439
v 11.298713 0.035009 -4.449992
v 11.304742 0.034945 -4.463738
v 11.348967 0.033956 -4.633379
v 11.350671 0.034177 -4.648479
v 11.354364 0.045661 -4.824623
v 11.343564 0.035088 -4.824083
v 11.351365 0.044244 -4.989085
v 11.289627 0.052139 -3.212688
v 11.373101 0.035180 -4.998810
v 11.296772 0.055232 -3.225744
v 11.208416 0.164712 -3.308553
v 11.207564 0.149582 -3.309874
v 11.272539 0.114481 -3.541591
v 11.283154 0.115857 -3.552135
v 11.282408 0.105030 -3.733106
v 11.292632 0.106408 -3.744108
v 11.273037 0.097016 -3.895573
v 11.286137 0.096962 -3.902993
v 11.344524 0.073666 -4.110818
v 11.335951 0.080842 -4.095650
v 11.345410 0.054564 -4.261237
v 11.346479 0.041949 -4.269691
v 11.285124 0.040057 -4.356114
v 11.289001 0.048969 -4.367916
v 11.318471 0.035355 -4.440283
v 11.322813 0.041465 -4.453435
v 11.367586 0.045931 -4.630952
v 11.367283 0.031345 -4.634041
v 11.364287 0.034775 -4.808094
v 11.365734 0.034668 -4.823207
v 11.371439 0.036397 -4.983727
v 11.329775 0.037800 -3.158184
v 11.438612 0.034928 -5.020789
v 11.363049 0.035145 -3.223854
v 11.193861 0.140633 -3.244889
v 11.255594 0.113652 -3.274848
v 11.296852 0.119358 -3.477157
v 11.348465 0.119746 -3.529778
v 11.302938 0.109477 -3.667479
v 11.356579 0.110023 -3.717874
v 11.277002 0.100347 -3.826532
v 11.341796 0.100966 -3.861603
v 11.352540 0.115029 -4.054392
v 11.401445 0.081001 -4.098018
v 11.366015 0.039040 -4.197066
v 11.413360 0.034842 -4.253451
v 11.322166 0.042552 -4.297963
v 11.356793 0.036128 -4.362737
v 11.368133 0.034841 -4.392354
v 11.391010 0.034840 -4.462386
v 11.427172 0.067400 -4.603201
v 11.427951 0.031268 -4.667085
v 11.423844 0.034798 -4.773034
v 11.430816 0.034602 -4.846380
v 11.430353 0.035364 -4.947555
v 10.262355 0.117385 -3.972087
v 10.314454 0.072480 -4.023237
v 10.267603 0.101267 -4.089001
v 10.207185 0.086754 -4.030189
v 9.907296 0.071251 -3.948529
v 9.925857 0.071208 -3.968341
v 9.905730 0.071209 -3.986685
v 9.887197 0.071152 -3.966870
v 9.904844 0.071199 -4.006825
v 9.923328 0.071379 -4.026616
v 9.903452 0.071130 -4.045142
v 9.884882 0.071201 -4.025374
v 9.902584 0.071126 -4.065259
v 9.921259 0.071156 -4.084896
v 9.901500 0.071013 -4.103588
v 9.882789 0.071143 -4.083937
v 9.967058 0.071215 -4.008154
v 9.985621 0.071131 -4.027824
v 9.965671 0.071157 -4.046264
v 9.947072 0.071191 -4.026611
v 10.029552 0.071060 -4.009530
v 10.047991 0.071026 -4.029220
v 10.027775 0.071101 -4.047209
v 10.009288 0.071116 -4.027541
v 10.092072 0.070996 -4.010954
v 10.110455 0.071015 -4.030613
v 10.090017 0.071034 -4.048201
v 10.071588 0.071026 -4.028589
v 10.154740 0.070995 -4.012679
v 10.173490 0.071070 -4.032104
v 10.152496 0.070998 -4.049055
v 10.133991 0.070991 -4.029711
v 10.230864 0.034728 -3.400939
v 10.249954 0.038376 -3.419134
v 10.231349 0.034805 -3.438149
v 10.211848 0.034563 -3.419734
v 10.207284 0.086685 -4.030322
v 10.212195 0.080223 -4.047987
v 10.192857 0.084126 -4.029310
v 10.215226 0.079329 -4.014399
v 10.205288 0.072190 -4.360510
v 10.224331 0.071184 -4.379767
v 10.204803 0.071080 -4.398777
v 10.185819 0.071040 -4.379491
v 10.284880 0.035008 -3.407877
v 10.308356 0.035404 -3.417960
v 10.294172 0.037890 -3.439446
v 10.270310 0.034843 -3.428393
v 10.293398 0.035770 -3.458956
v 10.310030 0.053283 -3.470336
v 10.291491 0.046992 -3.488574
v 10.270971 0.044886 -3.470987
v 10.291011 0.050783 -3.508402
v 10.310689 0.059866 -3.524610
v 10.291275 0.068862 -3.541467
v 10.272553 0.065499 -3.522117
v 10.291449 0.077854 -3.559547
v 10.306072 0.063919 -3.577704
v 10.287580 0.073387 -3.594819
v 10.269172 0.076915 -3.575099
v 10.289263 0.074662 -3.614569
v 10.308613 0.072690 -3.633996
v 10.289300 0.079099 -3.651839
v 10.269646 0.077688 -3.632894
v 10.290730 0.079173 -3.671701
v 10.310221 0.084357 -3.690099
v 10.290133 0.087308 -3.708166
v 10.270910 0.081969 -3.689697
v 10.291510 0.084980 -3.728012
v 10.309990 0.094978 -3.745300
v 10.289136 0.094151 -3.762899
v 10.270320 0.088176 -3.744217
v 10.287753 0.096231 -3.783056
v 10.305458 0.103333 -3.802505
v 10.286267 0.096058 -3.820541
v 10.268288 0.090098 -3.801121
v 10.285496 0.092946 -3.840468
v 10.297783 0.108278 -3.859441
v 10.280491 0.098619 -3.878506
v 10.266226 0.086336 -3.858935
v 10.277325 0.102025 -3.898243
v 10.280255 0.124373 -3.913613
v 10.268151 0.111706 -3.934529
v 10.261384 0.091382 -3.917676
v 10.259576 0.116271 -3.952321
v 10.277722 0.105799 -3.969596
v 10.262383 0.117439 -3.971914
v 10.251799 0.101726 -3.974192
v 10.252102 0.089602 -4.087668
v 10.267471 0.101212 -4.089049
v 10.283906 0.091572 -4.086787
v 10.268024 0.098758 -4.107606
v 10.266718 0.095774 -4.127339
v 10.279519 0.078974 -4.144222
v 10.267904 0.091599 -4.165322
v 10.253325 0.080447 -4.145386
v 10.266456 0.089502 -4.185179
v 10.282345 0.076960 -4.203151
v 10.267563 0.086941 -4.223765
v 10.252653 0.075691 -4.204081
v 10.267155 0.085439 -4.243805
v 10.285816 0.077364 -4.261925
v 10.268105 0.082316 -4.282278
v 10.251152 0.073792 -4.262902
v 10.267530 0.083717 -4.302341
v 10.286560 0.076874 -4.320380
v 10.267875 0.074585 -4.340308
v 10.248841 0.076618 -4.321164
v 10.266067 0.077985 -4.360148
v 10.285337 0.075889 -4.379095
v 10.266920 0.074490 -4.399089
v 10.248110 0.071981 -4.379710
v 10.334897 0.065087 -3.433029
v 10.321654 0.042989 -3.431321
v 10.322635 0.042949 -3.460648
v 10.322126 0.041550 -3.434861
v 10.315074 0.076428 -4.004112
v 10.333842 0.070772 -4.023197
v 10.314524 0.068209 -4.042272
v 10.314451 0.072450 -4.023232
v 10.313638 0.045045 -4.358425
v 10.329862 0.035616 -4.377993
v 10.315831 0.047672 -4.398026
v 10.300880 0.057692 -4.378334
v 10.377481 0.076768 -4.005056
v 10.396613 0.074924 -4.024376
v 10.377102 0.069726 -4.043023
v 10.357925 0.071940 -4.023710
v 10.439581 0.083218 -4.005794
v 10.458219 0.082452 -4.025989
v 10.439209 0.076257 -4.044517
v 10.420530 0.077393 -4.024647
v 10.500813 0.095454 -4.009289
v 10.519811 0.093710 -4.028954
v 10.501043 0.085049 -4.046797
v 10.481868 0.086829 -4.027127
v 10.563558 0.102047 -4.012890
v 10.582915 0.101162 -4.032276
v 10.562878 0.095976 -4.050219
v 10.543297 0.098101 -4.030902
v 10.587897 0.030289 -4.004488
v 10.609710 0.034872 -4.021204
v 10.611423 0.057715 -4.010690
v 10.584869 0.054034 -3.999591
v 10.617470 0.070654 -4.023568
v 10.638432 0.074149 -4.041496
v 10.624375 0.092788 -4.054631
v 10.603176 0.089326 -4.037230
v 10.625413 0.099966 -4.073816
v 10.644813 0.093744 -4.092355
v 10.624758 0.089788 -4.110773
v 10.605867 0.091319 -4.090943
v 9.364020 0.088852 -3.072749
v 9.392113 0.072814 -3.102721
v 9.390174 0.071355 -3.145793
v 9.358901 0.072117 -3.144830
v 9.387795 0.071193 -3.204495
v 9.356489 0.071282 -3.203563
v 9.385843 0.071185 -3.263260
v 9.354646 0.071166 -3.262387
v 9.384002 0.071407 -3.322032
v 9.352826 0.071354 -3.321197
v 9.382534 0.071162 -3.380808
v 9.351319 0.071321 -3.380011
v 9.381415 0.071141 -3.439572
v 9.350226 0.071160 -3.438798
v 9.380480 0.080600 -3.497520
v 9.349344 0.078581 -3.497093
v 9.380348 0.077581 -3.556211
v 9.349104 0.078277 -3.555879
v 9.379410 0.034784 -3.595543
v 9.348245 0.034801 -3.594481
v 9.377199 0.035277 -3.654283
v 9.346009 0.034970 -3.653201
v 9.374964 0.039839 -3.712799
v 9.343684 0.039617 -3.711640
v 9.373152 0.035633 -3.771354
v 9.342198 0.037874 -3.770325
v 9.370375 0.035020 -3.830008
v 9.339233 0.035035 -3.828821
v 9.368063 0.035078 -3.888699
v 9.336940 0.035119 -3.887539
v 9.365778 0.034947 -3.947384
v 9.334558 0.034940 -3.946232
v 9.363891 0.034920 -4.006073
v 9.332710 0.034898 -4.004929
v 9.362096 0.034962 -4.064775
v 9.330971 0.034890 -4.063654
v 9.360484 0.034960 -4.123478
v 9.329341 0.034918 -4.122381
v 9.359026 0.034974 -4.182173
v 9.327877 0.034939 -4.181091
v 9.357628 0.034968 -4.240858
v 9.326484 0.034953 -4.239796
v 9.356221 0.034953 -4.299536
v 9.325089 0.034937 -4.298503
v 9.354608 0.034985 -4.358219
v 9.323438 0.034921 -4.357227
v 9.352904 0.034933 -4.416909
v 9.321755 0.034953 -4.415951
v 9.351001 0.034955 -4.475600
v 9.319823 0.034994 -4.474678
v 9.349204 0.034944 -4.534294
v 9.318026 0.034983 -4.533414
v 9.347430 0.035033 -4.593007
v 9.316282 0.034996 -4.592159
v 9.345569 0.034950 -4.651722
v 9.314388 0.034949 -4.650893
v 9.343796 0.034889 -4.710459
v 9.312603 0.034931 -4.709638
v 9.342074 0.034897 -4.769207
v 9.310847 0.034933 -4.768381
v 9.340652 0.034882 -4.827980
v 9.309493 0.034944 -4.827141
v 9.339156 0.034879 -4.886770
v 9.307975 0.035061 -4.885942
v 9.338078 0.034932 -4.929963
v 9.306086 0.034958 -4.960334
v 9.438926 0.071208 -3.104135
v 9.440201 0.071393 -3.072998
v 9.384157 0.034888 -4.962425
v 9.384945 0.034866 -4.931249
v 9.501418 0.071095 -3.106140
v 9.502709 0.071187 -3.074991
v 9.446631 0.034873 -4.964105
v 9.447412 0.034854 -4.932925
v 9.563940 0.071145 -3.108258
v 9.565296 0.071247 -3.077122
v 9.509109 0.034846 -4.965731
v 9.509889 0.034855 -4.934548
v 9.626482 0.071205 -3.110538
v 9.627919 0.071313 -3.079416
v 9.571599 0.034840 -4.967331
v 9.572366 0.034843 -4.936147
v 9.688914 0.072653 -3.113086
v 9.690595 0.072748 -3.082088
v 9.634093 0.034845 -4.968912
v 9.634846 0.034849 -4.937725
v 9.751449 0.073522 -3.115870
v 9.753309 0.073373 -3.084920
v 9.696588 0.034844 -4.970470
v 9.697325 0.034836 -4.939287
v 9.814150 0.072342 -3.119559
v 9.815942 0.071897 -3.088429
v 9.759083 0.034840 -4.971968
v 9.759809 0.034956 -4.940784
v 9.876708 0.071331 -3.123416
v 9.878540 0.071384 -3.092384
v 9.821580 0.034968 -4.973341
v 9.822294 0.034924 -4.942172
v 9.939189 0.071531 -3.128121
v 9.940954 0.074469 -3.097183
v 9.884051 0.035230 -4.974579
v 9.884781 0.034990 -4.943415
v 10.001145 0.080123 -3.133419
v 10.003140 0.080695 -3.102383
v 9.946019 0.043201 -4.975252
v 9.947153 0.037858 -4.944541
v 10.063350 0.085370 -3.139062
v 10.065069 0.075459 -3.109478
v 10.008459 0.041646 -4.975941
v 10.009258 0.044481 -4.944870
v 10.121923 0.065634 -3.149837
v 10.121678 0.051261 -3.122156
v 10.070527 0.035019 -4.976494
v 10.071065 0.035337 -4.945291
v 10.184495 0.066003 -3.151539
v 10.183646 0.044810 -3.128691
v 10.132942 0.034927 -4.977701
v 10.133519 0.034986 -4.946527
v 10.245946 0.057579 -3.158713
v 10.235985 0.078071 -3.137476
v 10.195353 0.034914 -4.978384
v 10.195883 0.034949 -4.947239
v 10.293156 0.093220 -3.177296
v 10.293923 0.099790 -3.146733
v 10.257726 0.035002 -4.978440
v 10.258062 0.039368 -4.947565
v 10.330025 0.140823 -3.192472
v 10.333581 0.145513 -3.161697
v 10.314109 0.061229 -4.982132
v 10.315708 0.063018 -4.951060
v 10.387994 0.159226 -3.205331
v 10.388306 0.132549 -3.188946
v 10.374432 0.045552 -4.981924
v 10.372870 0.037890 -4.951720
v 10.442612 0.129095 -3.211223
v 10.449406 0.144857 -3.184834
v 10.435703 0.034873 -4.982593
v 10.435259 0.034960 -4.951440
v 10.467831 0.076814 -3.187838
v 10.480988 0.094400 -3.164937
v 10.498071 0.035025 -4.982494
v 10.497687 0.035091 -4.951319
v 10.517740 0.041128 -3.179074
v 10.522720 0.050792 -3.149593
v 10.557323 0.054023 -4.982295
v 10.557607 0.052290 -4.951116
v 10.579853 0.040058 -3.181281
v 10.583349 0.036587 -3.150706
v 10.617022 0.035619 -4.984027
v 10.617483 0.035029 -4.952804
v 10.637551 0.063643 -3.185074
v 10.642838 0.056324 -3.155500
v 10.679469 0.035080 -4.985395
v 10.679955 0.035128 -4.954196
v 10.698770 0.074512 -3.193012
v 10.704430 0.057666 -3.167325
v 10.741990 0.035062 -4.986629
v 10.742428 0.035167 -4.955423
v 10.754366 0.061547 -3.217693
v 10.761163 0.048020 -3.190656
v 10.804420 0.034988 -4.987759
v 10.804909 0.035135 -4.956557
v 10.812692 0.069101 -3.238457
v 10.819430 0.057508 -3.208748
v 10.866942 0.034997 -4.988785
v 10.867396 0.034994 -4.957589
v 10.873296 0.086146 -3.241320
v 10.880160 0.066200 -3.217146
v 10.929451 0.034928 -4.989585
v 10.929857 0.034941 -4.958411
v 10.932760 0.086664 -3.257110
v 10.940640 0.067025 -3.232507
v 10.991942 0.034956 -4.990140
v 10.992324 0.034950 -4.958929
v 10.993980 0.088813 -3.257150
v 11.000683 0.062946 -3.246836
v 11.054422 0.034944 -4.990410
v 11.054787 0.034946 -4.959202
v 11.054119 0.099844 -3.266141
v 11.061991 0.070586 -3.253612
v 11.116905 0.035070 -4.990507
v 11.117230 0.034934 -4.959299
v 11.099989 0.108509 -3.265542
v 11.136449 0.094253 -3.248912
v 11.120088 0.132042 -3.310574
v 11.089736 0.128638 -3.306387
v 11.106559 0.142231 -3.367214
v 11.077309 0.133028 -3.364727
v 11.095224 0.148416 -3.424159
v 11.065071 0.139066 -3.421300
v 11.096055 0.127623 -3.478870
v 11.065644 0.119792 -3.476705
v 11.101227 0.114341 -3.535468
v 11.070718 0.108025 -3.533230
v 11.106775 0.106660 -3.592934
v 11.077048 0.101796 -3.590204
v 11.112349 0.099127 -3.650258
v 11.081769 0.098126 -3.647751
v 11.116781 0.084955 -3.705724
v 11.086357 0.082839 -3.703763
v 11.120629 0.062768 -3.761934
v 11.091241 0.060377 -3.757204
v 11.144403 0.044046 -3.828283
v 11.099640 0.044074 -3.812107
v 11.175493 0.033851 -3.888010
v 11.113681 0.030483 -3.866717
v 11.183324 0.026344 -3.950922
v 11.113010 0.016894 -3.925112
v 11.221861 0.017901 -3.997736
v 11.175766 0.018800 -3.990538
v 11.210622 0.021274 -4.057280
v 11.180701 0.018591 -4.055690
v 11.219063 0.019327 -4.124170
v 11.180989 0.019707 -4.118019
v 11.226493 0.024084 -4.192583
v 11.187889 0.020267 -4.183191
v 11.240152 0.021318 -4.238721
v 11.210697 0.023132 -4.233694
v 11.248826 0.030742 -4.307550
v 11.233043 0.027362 -4.294858
v 11.178556 0.035908 -4.329561
v 11.156979 0.036804 -4.321643
v 11.111051 0.041526 -4.300467
v 11.080607 0.043141 -4.306909
v 11.132495 0.068804 -4.348657
v 11.104800 0.081019 -4.349569
v 11.153838 0.097148 -4.397415
v 11.124809 0.103862 -4.401634
v 11.169452 0.113044 -4.453844
v 11.149202 0.090019 -4.454172
v 11.178564 0.088548 -4.508650
v 11.147910 0.090905 -4.513427
v 11.186374 0.075171 -4.566232
v 11.155603 0.070472 -4.568519
v 11.193869 0.052438 -4.620593
v 11.163661 0.044973 -4.621320
v 11.195326 0.048002 -4.679993
v 11.164261 0.045682 -4.680570
v 11.196299 0.044680 -4.739026
v 11.165112 0.044989 -4.739555
v 11.196901 0.037739 -4.797902
v 11.165565 0.036955 -4.798067
v 11.196131 0.035292 -4.856966
v 11.165084 0.035126 -4.857002
v 11.195648 0.035011 -4.915966
v 11.164528 0.034936 -4.915921
v 11.194974 0.035014 -4.990523
v 11.164051 0.034938 -4.959132
vn -0.0525 0.9392 0.3394
vn -0.0651 0.8140 0.5772
vn -0.0320 0.9994 -0.0145
vn -0.0116 0.9895 -0.1442
vn 0.1601 0.9540 -0.2536
vn 0.1992 0.9444 -0.2615
vn 0.0303 0.9985 -0.0464
vn 0.0001 1.0000 0.0007
vn -0.0108 0.9999 0.0042
vn -0.0083 0.9998 0.0163
vn 0.0095 0.9996 0.0281
vn 0.0027 0.9999 0.0104
vn -0.0231 0.9997 -0.0106
vn -0.0236 0.9983 0.0533
vn 0.0650 0.9793 0.1916
vn 0.2862 0.9220 0.2609
vn 0.1989 0.9637 0.1781
vn -0.2431 0.9674 0.0709
vn -0.5162 0.8552 -0.0457
vn -0.5083 0.8602 -0.0399
vn 0.0984 0.8799 0.4648
vn 0.2552 0.5346 0.8057
vn 0.1198 0.7574 0.6419
vn 0.6929 0.5705 -0.4410
vn 0.5373 0.6597 -0.5254
vn 0.0765 0.9781 -0.1938
vn 0.0033 0.9775 0.2109
vn 0.1498 0.9295 0.3371
vn 0.0880 0.9492 0.3022
vn 0.0112 0.9239 0.3824
vn 0.0490 0.8677 0.4947
vn 0.1420 0.8599 0.4903
vn 0.1285 0.8178 0.5610
vn -0.0329 0.6458 0.7628
vn -0.2394 0.5864 0.7738
vn -0.0391 0.9983 -0.0443
vn -0.0026 1.0000 0.0025
vn -0.0005 1.0000 -0.0007
vn -0.0001 1.0000 -0.0001
vn 0.0005 1.0000 0.0002
vn 0.0006 1.0000 0.0006
vn 0.0004 1.0000 0.0007
vn 0.0061 0.9999 0.0080
vn 0.0947 0.9857 0.1392
vn 0.0983 0.9793 0.1767
vn -0.0885 0.9942 -0.0618
vn -0.0864 0.9919 -0.0927
vn 0.1378 0.9874 0.0778
vn 0.1261 0.9920 0.0102
vn -0.1370 0.9613 -0.2390
vn -0.1056 0.9822 -0.1554
vn -0.0003 1.0000 -0.0021
vn 0.0010 1.0000 -0.0015
vn 0.0274 0.9989 -0.0392
vn 0.0622 0.9948 -0.0806
vn -0.0224 0.9990 -0.0391
vn -0.0634 0.9980 0.0087
vn -0.0071 1.0000 0.0054
vn -0.0014 1.0000 -0.0011
vn 0.0004 1.0000 -0.0018
vn 0.0003 1.0000 -0.0006
vn 0.0003 1.0000 -0.0001
vn 0.0006 1.0000 0.0003
vn 0.0203 0.9992 0.0340
vn -0.0072 0.9991 0.0428
vn -0.0154 0.9998 -0.0105
vn 0.0002 1.0000 0.0002
vn 0.0016 1.0000 -0.0010
vn 0.0025 1.0000 -0.0018
vn 0.0027 1.0000 0.0002
vn 0.0018 1.0000 -0.0005
vn 0.0010 1.0000 -0.0010
vn 0.0001 1.0000 -0.0001
vn 0.0001 1.0000 0.0009
vn 0.0003 1.0000 0.0009
vn 0.0008 1.0000 0.0002
vn 0.0002 1.0000 -0.0002
vn -0.0002 1.0000 -0.0003
vn -0.0005 1.0000 0.0003
vn -0.0004 1.0000 0.0003
vn -0.0004 1.0000 0.0001
vn -0.0002 1.0000 -0.0005
vn -0.0004 1.0000 -0.0015
vn -0.0006 1.0000 -0.0008
vn 0.0249 0.9986 -0.0470
vn 0.0055 1.0000 0.0075
vn -0.0264 0.9982 0.0540
vn -0.0219 0.9995 0.0232
vn 0.0494 0.9477 -0.3154
vn 0.0034 0.9475 -0.3198
vn -0.0740 0.9952 0.0641
vn -0.0247 0.9995 0.0219
vn 0.0004 1.0000 0.0006
vn 0.0063 1.0000 -0.0052
vn 0.0638 0.9941 0.0879
vn 0.0902 0.9939 0.0637
vn 0.1511 0.9738 -0.1699
vn 0.1221 0.9894 0.0788
vn -0.0338 0.8318 0.5541
vn -0.1017 0.9223 0.3728
vn 0.0313 0.9907 -0.1326
vn -0.1942 0.9703 -0.1441
vn -0.1799 0.9251 -0.3345
vn -0.0821 0.9838 -0.1596
vn -0.0786 0.9879 -0.1334
vn -0.1651 0.9716 -0.1697
vn -0.2957 0.9379 -0.1814
vn -0.4373 0.8644 -0.2480
vn -0.5602 0.7058 -0.4336
vn -0.3721 0.9091 -0.1872
vn -0.7438 0.6614 -0.0964
vn -0.3102 0.9426 0.1237
vn -0.1883 0.9681 0.1652
vn -0.2672 0.9522 0.1479
vn -0.4201 0.9073 0.0174
vn -0.4093 0.8982 0.1601
vn -0.2851 0.9440 0.1658
vn 0.0211 -0.9894 -0.1437
vn 0.2885 0.8363 0.4663
vn 0.3342 0.9077 0.2538
vn 0.6617 0.5700 0.4870
vn 0.5266 0.8106 0.2561
vn 0.2809 0.9550 0.0957
vn -0.0973 0.9485 -0.3015
vn 0.0119 0.9822 -0.1877
vn 0.0523 0.9928 -0.1075
vn -0.0072 0.9959 -0.0905
vn 0.0009 0.9990 -0.0453
vn -0.0167 0.9997 -0.0178
vn -0.1247 0.9913 0.0417
vn -0.0802 0.9956 -0.0492
vn 0.0053 1.0000 -0.0048
vn 0.0005 1.0000 -0.0009
vn -0.0150 0.9993 0.0335
vn -0.0322 0.9995 0.0010
vn -0.0171 0.9993 -0.0329
vn -0.0092 0.9949 0.1009
vn -0.0124 0.9991 0.0415
vn -0.0059 0.8992 -0.4375
vn -0.0026 0.9254 -0.3790
vn 0.0120 0.9997 0.0205
vn 0.0140 0.9996 0.0262
vn -0.0091 0.9998 -0.0180
vn -0.0189 0.9997 -0.0183
vn -0.0390 0.9986 0.0349
vn -0.0687 0.9976 0.0099
vn -0.0619 0.9980 -0.0158
vn -0.0484 0.9988 0.0001
vn -0.0472 0.9989 -0.0003
vn -0.0461 0.9989 -0.0004
vn -0.0450 0.9990 -0.0001
vn -0.0438 0.9990 -0.0000
vn -0.0538 0.9982 0.0270
vn -0.0559 0.9984 -0.0119
vn -0.0237 0.9990 -0.0386
vn 0.0003 1.0000 -0.0003
vn 0.0009 1.0000 -0.0004
vn 0.0004 1.0000 -0.0001
vn 0.0002 1.0000 -0.0000
vn 0.0004 1.0000 0.0001
vn 0.0003 1.0000 0.0006
vn -0.0094 0.9999 0.0101
vn -0.0293 0.9977 0.0612
vn -0.0337 0.9994 -0.0091
vn -0.0134 0.9981 -0.0605
vn -0.0064 0.9926 0.1212
vn -0.0075 0.9997 0.0241
vn -0.0027 0.8950 -0.4461
vn -0.0038 0.9356 -0.3531
vn 0.0016 1.0000 0.0050
vn 0.0127 0.9995 0.0289
vn 0.0128 0.9999 -0.0053
vn -0.0129 0.9999 0.0064
vn -0.0636 0.9936 0.0935
vn -0.0977 0.9951 0.0145
vn -0.0868 0.9954 -0.0404
vn -0.0729 0.9973 -0.0000
vn -0.0729 0.9973 0.0003
vn -0.0736 0.9973 0.0002
vn -0.0738 0.9973 -0.0001
vn -0.0735 0.9973 -0.0000
vn -0.0739 0.9965 0.0391
vn -0.0658 0.9972 -0.0357
vn -0.0344 0.9961 -0.0810
vn -0.0056 1.0000 -0.0072
vn 0.0006 1.0000 -0.0008
vn 0.0003 1.0000 -0.0000
vn 0.0001 1.0000 -0.0000
vn -0.0001 1.0000 0.0002
vn -0.0003 1.0000 -0.0000
vn -0.0001 1.0000 -0.0003
vn -0.0045 1.0000 0.0051
vn -0.0265 0.9988 0.0418
vn -0.0529 0.9951 0.0834
vn -0.0450 0.9982 -0.0408
vn -0.0140 0.9961 -0.0868
vn -0.0041 0.9902 0.1394
vn -0.0026 1.0000 0.0035
vn -0.0013 0.8945 -0.4471
vn -0.0090 0.9458 -0.3245
vn -0.0052 1.0000 -0.0062
vn 0.0089 0.9998 0.0160
vn 0.0105 0.9999 0.0038
vn -0.0343 0.9964 0.0780
vn -0.0789 0.9881 0.1317
vn -0.0716 0.9974 -0.0045
vn -0.0655 0.9969 -0.0446
vn -0.0733 0.9973 -0.0003
vn -0.0731 0.9973 0.0005
vn -0.0730 0.9973 0.0007
vn -0.0735 0.9973 0.0001
vn -0.0739 0.9973 -0.0001
vn -0.0722 0.9966 0.0408
vn -0.0703 0.9961 -0.0534
vn -0.0494 0.9913 -0.1218
vn -0.0148 0.9995 -0.0286
vn 0.0001 1.0000 -0.0006
vn -0.0000 1.0000 0.0003
vn -0.0001 1.0000 0.0001
vn -0.0001 1.0000 0.0003
vn -0.0000 1.0000 -0.0001
vn -0.0000 1.0000 -0.0005
vn -0.0181 0.9996 0.0205
vn -0.0452 0.9955 0.0831
vn -0.0620 0.9939 0.0908
vn -0.0468 0.9954 -0.0833
vn -0.0435 0.9955 -0.0838
vn -0.0529 0.9875 0.1486
vn 0.0075 0.9971 -0.0761
vn 0.0473 0.9033 -0.4264
vn -0.0210 0.9671 -0.2534
vn -0.0623 0.9980 -0.0138
vn -0.0577 0.9983 0.0110
vn -0.0668 0.9975 0.0223
vn -0.0760 0.9883 0.1325
vn -0.0896 0.9851 0.1471
vn -0.1099 0.9938 -0.0180
vn -0.0995 0.9938 -0.0503
vn -0.0784 0.9969 -0.0047
vn -0.0740 0.9973 0.0004
vn -0.0739 0.9973 0.0006
vn -0.0737 0.9973 0.0004
vn -0.0737 0.9973 0.0001
vn -0.0695 0.9969 0.0370
vn -0.0690 0.9959 -0.0587
vn -0.0557 0.9860 -0.1569
vn -0.0202 0.9978 -0.0624
vn -0.0008 1.0000 -0.0007
vn -0.0006 1.0000 0.0003
vn -0.0004 1.0000 -0.0000
vn -0.0003 1.0000 0.0004
vn -0.0005 1.0000 0.0001
vn -0.0212 0.9991 0.0365
vn -0.0203 0.9949 0.0984
vn 0.0132 0.9985 0.0525
vn 0.0276 0.9953 -0.0927
vn -0.0183 0.9993 -0.0319
vn 0.0239 0.9976 0.0643
vn 0.0926 0.9868 -0.1332
vn -0.0942 0.9595 -0.2655
vn -0.2833 0.9481 -0.1447
vn -0.3114 0.9502 -0.0141
vn -0.2993 0.9541 0.0145
vn -0.2839 0.9584 0.0291
vn -0.2320 0.9673 0.1030
vn -0.1637 0.9782 0.1276
vn -0.1666 0.9859 0.0127
vn -0.2136 0.9761 -0.0410
vn -0.1932 0.9800 -0.0484
vn -0.1212 0.9921 -0.0311
vn -0.0941 0.9956 0.0055
vn -0.0945 0.9955 -0.0034
vn -0.0890 0.9960 -0.0010
vn -0.0762 0.9968 0.0224
vn -0.0620 0.9959 -0.0659
vn -0.0487 0.9818 -0.1837
vn -0.0212 0.9950 -0.0977
vn -0.0021 1.0000 -0.0020
vn -0.0005 1.0000 -0.0001
vn -0.0002 1.0000 -0.0001
vn -0.0002 1.0000 0.0005
vn -0.0003 1.0000 0.0003
vn -0.0003 1.0000 -0.0012
vn 0.0042 0.9992 0.0403
vn 0.0308 0.9974 0.0656
vn 0.0925 0.9953 -0.0289
vn 0.1410 0.9855 -0.0946
vn 0.1884 0.9818 -0.0255
vn 0.2441 0.9670 -0.0727
vn 0.1570 0.9863 0.0502
vn -0.1302 0.9898 0.0581
vn -0.2506 0.9614 -0.1136
vn -0.2394 0.9707 -0.0204
vn -0.2440 0.9697 0.0131
vn -0.2509 0.9677 0.0236
vn -0.2376 0.9704 0.0438
vn -0.1825 0.9815 0.0570
vn -0.1493 0.9879 0.0417
vn -0.1672 0.9859 -0.0095
vn -0.1840 0.9784 -0.0943
vn -0.1546 0.9834 -0.0951
vn -0.0600 0.9965 -0.0586
vn 0.0308 0.9988 -0.0371
vn 0.0609 0.9981 -0.0102
vn 0.0609 0.9981 0.0129
vn 0.0407 0.9974 -0.0587
vn 0.0097 0.9831 -0.1829
vn -0.0020 0.9935 -0.1139
vn -0.0001 1.0000 -0.0033
vn -0.0002 1.0000 -0.0004
vn -0.0001 1.0000 0.0005
vn 0.0001 1.0000 0.0002
vn -0.0000 1.0000 -0.0009
vn 0.0226 0.9992 0.0338
vn 0.0624 0.9981 -0.0014
vn 0.1306 0.9844 -0.1177
vn 0.2031 0.9683 -0.1457
vn 0.2535 0.9649 -0.0681
vn 0.1999 0.9791 -0.0373
vn 0.0833 0.9516 0.2957
vn 0.0151 0.9817 0.1897
vn 0.0148 0.9888 -0.1484
vn 0.0214 0.9997 -0.0154
vn 0.0070 0.9999 0.0153
vn -0.0006 0.9997 0.0258
vn -0.0002 0.9999 0.0154
vn -0.0052 0.9998 0.0213
vn -0.0009 0.9996 0.0264
vn 0.0338 0.9990 -0.0303
vn 0.0127 0.9984 -0.0552
vn -0.0782 0.9940 -0.0766
vn -0.1191 0.9835 -0.1360
vn -0.0398 0.9907 -0.1299
vn 0.0831 0.9938 -0.0741
vn 0.1502 0.9887 0.0030
vn 0.1475 0.9886 -0.0310
vn 0.0939 0.9869 -0.1308
vn 0.0288 0.9960 -0.0845
vn 0.0016 1.0000 -0.0018
vn 0.0002 1.0000 -0.0003
vn 0.0001 1.0000 0.0004
vn 0.0118 0.9999 0.0081
vn 0.0879 0.9904 -0.1062
vn 0.1758 0.9643 -0.1981
vn 0.1742 0.9748 -0.1393
vn 0.1014 0.9943 -0.0316
vn 0.0479 0.9970 0.0611
vn 0.0196 0.9185 0.3948
vn -0.0082 0.9836 0.1804
vn -0.0082 0.9849 -0.1727
vn 0.0034 1.0000 -0.0022
vn 0.0115 0.9999 0.0101
vn 0.0342 0.9993 0.0144
vn 0.0527 0.9986 0.0040
vn 0.0663 0.9976 0.0183
vn 0.0809 0.9967 0.0031
vn 0.0681 0.9971 -0.0350
vn 0.0463 0.9989 -0.0060
vn 0.0115 0.9999 0.0069
vn -0.1033 0.9927 -0.0620
vn -0.2099 0.9637 -0.1652
vn -0.1808 0.9667 -0.1812
vn -0.0472 0.9948 -0.0899
vn 0.0660 0.9965 -0.0508
vn 0.0723 0.9955 -0.0616
vn 0.0230 0.9993 -0.0299
vn 0.0005 1.0000 -0.0004
vn 0.0005 1.0000 -0.0000
vn 0.0006 1.0000 -0.0001
vn 0.0003 1.0000 0.0004
vn 0.0069 0.9968 -0.0795
vn 0.1085 0.9674 -0.2287
vn 0.1457 0.9657 -0.2152
vn 0.1099 0.9921 -0.0607
vn 0.0688 0.9973 0.0267
vn 0.0343 0.9936 0.1075
vn 0.0083 0.8990 0.4378
vn -0.0138 0.9863 0.1646
vn -0.0130 0.9817 -0.1901
vn 0.0001 1.0000 -0.0009
vn 0.0008 1.0000 0.0001
vn 0.0015 1.0000 0.0008
vn 0.0010 1.0000 0.0006
vn 0.0001 0.9999 0.0111
vn -0.0098 0.9998 0.0168
vn 0.0195 0.9997 0.0146
vn -0.0476 0.9963 -0.0722
vn -0.1821 0.9676 -0.1748
vn -0.2318 0.9565 -0.1771
vn -0.1630 0.9760 -0.1446
vn -0.0606 0.9953 -0.0750
vn -0.0092 0.9999 -0.0138
vn -0.0000 1.0000 -0.0007
vn 0.0002 1.0000 0.0003
vn -0.0003 1.0000 -0.0001
vn -0.0059 0.9999 0.0094
vn -0.0102 0.9763 -0.2163
vn 0.0522 0.9537 -0.2962
vn 0.0599 0.9825 -0.1761
vn 0.0542 0.9982 -0.0254
vn 0.0640 0.9972 0.0377
vn 0.0452 0.9853 0.1645
vn 0.0109 0.8806 0.4738
vn -0.0156 0.9893 0.1453
vn -0.0136 0.9783 -0.2067
vn -0.0000 1.0000 -0.0011
vn -0.0000 1.0000 -0.0004
vn -0.0002 1.0000 0.0011
vn -0.0094 0.9999 0.0114
vn -0.0184 0.9997 0.0140
vn -0.0093 0.9999 -0.0114
vn -0.0005 0.9997 0.0264
vn -0.0016 1.0000 -0.0080
vn 0.0157 0.9998 -0.0083
vn 0.0326 0.9995 -0.0013
vn -0.0270 0.9982 -0.0532
vn -0.1596 0.9807 -0.1128
vn -0.2504 0.9504 -0.1846
vn -0.2132 0.9613 -0.1743
vn -0.0958 0.9917 -0.0853
vn -0.0178 0.9997 -0.0177
vn -0.0006 1.0000 -0.0006
vn -0.0001 1.0000 0.0006
vn -0.0021 1.0000 0.0017
vn -0.0219 0.9987 0.0450
vn -0.0527 0.9792 -0.1958
vn -0.1049 0.9403 -0.3237
vn -0.0383 0.9818 -0.1859
vn 0.0033 0.9998 -0.0197
vn 0.0156 0.9997 0.0213
vn 0.0296 0.9779 0.2070
vn 0.0141 0.8583 0.5129
vn -0.0173 0.9918 0.1266
vn -0.0166 0.9749 -0.2222
vn -0.0021 1.0000 -0.0024
vn -0.0010 1.0000 -0.0001
vn -0.0101 0.9999 0.0115
vn -0.0184 0.9996 0.0209
vn -0.0014 1.0000 -0.0032
vn 0.0133 0.9997 -0.0222
vn 0.0210 0.9997 0.0128
vn 0.0290 0.9996 -0.0054
vn 0.0119 0.9998 -0.0132
vn 0.0001 1.0000 -0.0004
vn 0.0040 1.0000 0.0044
vn -0.0155 0.9998 -0.0146
vn -0.1161 0.9893 -0.0888
vn -0.2385 0.9536 -0.1839
vn -0.2509 0.9514 -0.1786
vn -0.1547 0.9831 -0.0975
vn -0.0531 0.9978 -0.0402
vn -0.0077 0.9999 -0.0072
vn -0.0004 1.0000 0.0008
vn -0.0154 0.9997 0.0200
vn -0.0247 0.9980 0.0581
vn 0.0231 0.9975 -0.0666
vn -0.0494 0.9384 -0.3420
vn -0.0500 0.9744 -0.2190
vn -0.0193 0.9993 -0.0320
vn 0.0043 1.0000 0.0036
vn 0.0098 0.9728 0.2314
vn 0.0036 0.8397 0.5431
vn -0.0250 0.9929 0.1161
vn -0.0279 0.9717 -0.2344
vn -0.0166 0.9999 -0.0023
vn -0.0233 0.9997 0.0069
vn -0.0278 0.9994 0.0208
vn -0.0128 0.9999 0.0044
vn 0.0092 0.9995 -0.0304
vn 0.0093 0.9999 -0.0122
vn -0.0002 1.0000 0.0006
vn 0.0002 1.0000 -0.0001
vn 0.0007 1.0000 -0.0000
vn 0.0005 1.0000 0.0004
vn 0.0042 1.0000 0.0056
vn -0.0052 1.0000 0.0043
vn -0.0833 0.9942 -0.0682
vn -0.2094 0.9659 -0.1522
vn -0.2594 0.9507 -0.1702
vn -0.1917 0.9715 -0.1392
vn -0.0826 0.9944 -0.0658
vn -0.0181 0.9997 -0.0141
vn -0.0003 0.9995 0.0327
vn 0.0213 0.9996 0.0161
vn 0.1965 0.9770 -0.0831
vn 0.1192 0.9649 -0.2341
vn -0.0471 0.9874 -0.1512
vn -0.0515 0.9939 -0.0977
vn 0.0011 1.0000 0.0001
vn -0.0010 0.9645 0.2639
vn 0.0021 0.8342 0.5514
vn -0.0365 0.9894 0.1407
vn -0.0730 0.9700 -0.2319
vn -0.0653 0.9979 -0.0051
vn -0.0801 0.9960 0.0388
vn -0.0839 0.9965 -0.0003
vn -0.0522 0.9984 -0.0222
vn -0.0377 0.9985 -0.0409
vn -0.0493 0.9986 0.0173
vn -0.0312 0.9992 -0.0258
vn -0.0031 1.0000 -0.0008
vn -0.0051 1.0000 0.0026
vn -0.0018 1.0000 -0.0060
vn 0.0024 1.0000 -0.0012
vn 0.0010 1.0000 0.0070
vn 0.0044 0.9999 0.0139
vn 0.0016 1.0000 0.0062
vn -0.0452 0.9977 -0.0499
vn -0.1498 0.9819 -0.1162
vn -0.2390 0.9554 -0.1738
vn -0.2194 0.9621 -0.1617
vn -0.1264 0.9888 -0.0791
vn -0.0344 0.9993 -0.0149
vn 0.0201 0.9996 -0.0176
vn -0.2712 0.9597 -0.0737
vn -0.2819 0.9543 -0.0993
vn -0.1794 0.9608 -0.2116
vn -0.0521 0.9817 -0.1830
vn -0.0238 0.9622 0.2714
vn 0.0291 0.8813 0.4716
vn 0.0932 0.9832 0.1568
vn 0.0230 0.9893 -0.1438
vn -0.0768 0.9969 0.0199
vn -0.1258 0.9894 0.0720
vn -0.1539 0.9878 -0.0214
vn -0.1814 0.9833 -0.0150
vn -0.2847 0.9581 0.0324
vn -0.4145 0.8961 0.1590
vn -0.2636 0.9556 -0.1315
vn -0.1729 0.9844 -0.0323
vn -0.1231 0.9923 -0.0098
vn -0.0948 0.9955 -0.0047
vn -0.0640 0.9979 -0.0027
vn -0.0881 0.9952 0.0436
vn -0.1165 0.9931 0.0149
vn -0.1144 0.9934 -0.0071
vn -0.1344 0.9906 -0.0254
vn -0.2062 0.9740 -0.0938
vn -0.2900 0.9421 -0.1681
vn -0.3102 0.9404 -0.1395
vn -0.2528 0.9622 -0.1009
vn -0.1501 0.9844 -0.0919
vn -0.6892 0.7245 0.0044
vn -0.6455 0.7372 -0.1994
vn -0.5449 0.7375 -0.3990
vn -0.4214 0.8725 -0.2474
vn 0.2329 0.9717 0.0387
vn 0.2286 0.9734 0.0144
vn 0.2077 0.9782 -0.0028
vn 0.1902 0.9817 -0.0031
vn 0.1612 0.9866 -0.0240
vn 0.0613 0.9959 -0.0670
vn -0.0899 0.9919 -0.0900
vn -0.1908 0.9750 -0.1138
vn -0.2307 0.9610 -0.1527
vn -0.5079 0.8538 -0.1141
vn -0.3945 0.7606 -0.5157
vn 0.0436 0.4781 -0.8772
vn 0.6872 0.5498 -0.4748
vn 0.5813 0.7929 0.1828
vn 0.7808 0.6248 -0.0023
vn 0.8187 0.5677 0.0862
vn 0.8423 0.5012 0.1983
vn 0.8368 0.5269 0.1486
vn 0.8245 0.5587 0.0899
vn 0.6777 0.6741 0.2939
vn 0.1781 0.9539 0.2415
vn 0.0706 0.9834 -0.1669
vn 0.1912 0.9342 -0.3011
vn 0.3393 0.9287 -0.1496
vn 0.3501 0.9281 -0.1266
vn 0.3767 0.9242 -0.0624
vn 0.4098 0.9116 -0.0331
vn 0.4076 0.9129 -0.0213
vn 0.4060 0.9138 0.0097
vn 0.4263 0.9045 0.0142
vn 0.4231 0.9060 0.0074
vn 0.4139 0.9103 0.0031
vn 0.3982 0.9173 0.0061
vn 0.3718 0.9280 0.0245
vn 0.3267 0.9450 0.0124
vn 0.2558 0.9662 -0.0309
vn 0.1511 0.9857 -0.0740
vn 0.1958 0.8973 -0.3957
vn 0.4130 0.6394 -0.6485
vn 0.4673 -0.2890 -0.8355
vn 0.9293 -0.0395 -0.3672
vn 0.9514 0.3049 -0.0444
vn 0.9635 0.2671 -0.0173
vn 0.9943 0.0482 -0.0954
vn 0.9990 0.0236 -0.0374
vn 0.9975 -0.0395 0.0588
vn 0.9920 -0.1174 -0.0462
vn 0.9746 -0.2159 -0.0587
vn 0.9430 -0.1900 0.2733
vn 0.7291 0.2089 0.6518
vn 0.2427 0.9642 0.1071
vn -0.0058 0.9530 -0.3029
vn -0.0633 0.9855 -0.1573
vn -0.0507 0.9882 -0.1444
vn -0.0274 0.9929 -0.1155
vn 0.0026 0.9970 -0.0773
vn 0.0345 0.9984 -0.0455
vn 0.0676 0.9977 -0.0071
vn 0.0876 0.9961 0.0147
vn 0.1000 0.9950 0.0088
vn 0.1154 0.9933 0.0067
vn 0.1272 0.9919 0.0057
vn 0.1409 0.9900 0.0090
vn 0.1702 0.9851 0.0227
vn 0.2126 0.9769 0.0234
vn 0.2389 0.9710 0.0119
vn 0.2422 0.9702 0.0103
vn 0.7121 0.5323 -0.4579
vn 0.4026 0.8643 -0.3014
vn 0.0326 0.0456 -0.9984
vn 0.0084 0.3527 -0.9357
vn 0.3499 0.8947 -0.2776
vn 0.2743 0.9603 -0.0514
vn 0.4012 0.9115 -0.0903
vn 0.4609 0.8872 -0.0202
vn 0.4925 0.8688 0.0514
vn 0.5993 0.7999 -0.0323
vn 0.7516 0.6539 0.0870
vn 0.6848 0.3168 0.6563
vn 0.4394 0.0790 0.8948
vn 0.5042 0.5784 0.6413
vn 0.0800 0.9951 -0.0573
vn -0.1191 0.9786 -0.1680
vn -0.1112 0.9815 -0.1559
vn -0.0992 0.9855 -0.1379
vn -0.0768 0.9914 -0.1064
vn -0.0454 0.9966 -0.0685
vn -0.0160 0.9995 -0.0287
vn -0.0020 1.0000 -0.0047
vn 0.0003 1.0000 -0.0005
vn 0.0006 1.0000 -0.0002
vn 0.0008 1.0000 0.0003
vn 0.0004 1.0000 0.0010
vn 0.0001 1.0000 0.0011
vn 0.0009 1.0000 0.0017
vn 0.0073 0.9999 0.0079
vn 0.3554 0.9157 -0.1875
vn 0.0092 0.9998 0.0159
vn 0.1100 0.2711 -0.9563
vn -0.0075 -0.0054 -1.0000
vn -0.1627 0.9521 -0.2589
vn -0.1156 0.9924 -0.0412
vn -0.1053 0.9902 -0.0921
vn -0.0475 0.9957 -0.0792
vn 0.0124 0.9994 -0.0327
vn 0.0334 0.9987 -0.0395
vn 0.1098 0.9939 0.0041
vn 0.2947 0.8374 0.4603
vn 0.4344 0.3737 0.8195
vn 0.4723 0.2999 0.8288
vn 0.1893 0.8823 0.4309
vn -0.1416 0.9708 -0.1935
vn -0.1136 0.9786 -0.1716
vn -0.0907 0.9832 -0.1585
vn -0.0637 0.9885 -0.1374
vn -0.0350 0.9944 -0.1001
vn -0.0143 0.9987 -0.0487
vn -0.0034 0.9999 -0.0102
vn 0.0003 1.0000 0.0002
vn 0.0001 1.0000 0.0006
vn -0.0000 1.0000 0.0012
vn -0.0226 0.9994 0.0252
vn -0.0765 0.9965 0.0328
vn -0.1191 0.9928 0.0138
vn 0.1465 0.9533 0.2642
vn 0.0312 0.9916 0.1255
vn 0.1638 0.4290 -0.8883
vn -0.0251 -0.1159 -0.9929
vn -0.0579 0.9144 -0.4008
vn -0.0123 0.9984 -0.0555
vn -0.0188 0.9951 -0.0975
vn -0.0644 0.9928 -0.1011
vn -0.0957 0.9937 -0.0578
vn -0.0710 0.9938 -0.0851
vn -0.0051 0.9981 -0.0617
vn 0.0765 0.9875 0.1378
vn 0.2695 0.7797 0.5652
vn 0.4345 0.3227 0.8409
vn 0.4216 0.5270 0.7379
vn -0.1133 0.9768 -0.1818
vn -0.1178 0.9738 -0.1947
vn -0.0967 0.9789 -0.1799
vn -0.0732 0.9831 -0.1680
vn -0.0434 0.9906 -0.1294
vn -0.0171 0.9976 -0.0668
vn -0.0034 0.9999 -0.0167
vn -0.0001 1.0000 -0.0010
vn -0.0001 1.0000 -0.0006
vn -0.0002 1.0000 0.0004
vn -0.0005 1.0000 0.0008
vn -0.0063 1.0000 0.0074
vn -0.0117 0.9987 0.0497
vn -0.0054 0.9983 0.0580
vn 0.0007 0.9996 0.0267
vn 0.0650 0.9558 0.2867
vn 0.1998 0.9735 0.1114
vn 0.0521 0.1389 -0.9889
vn -0.1751 -0.0189 -0.9844
vn 0.0530 0.9465 -0.3184
vn 0.1160 0.9916 -0.0566
vn 0.0591 0.9971 -0.0472
vn -0.0200 0.9989 -0.0422
vn -0.0707 0.9966 -0.0433
vn -0.0909 0.9903 -0.1052
vn -0.0845 0.9928 -0.0850
vn -0.0409 0.9991 0.0141
vn 0.1305 0.9639 0.2322
vn 0.3370 0.6967 0.6333
vn -0.1156 0.9722 -0.2036
vn -0.0948 0.9729 -0.2109
vn -0.0699 0.9800 -0.1865
vn -0.0518 0.9858 -0.1596
vn -0.0238 0.9956 -0.0906
vn -0.0058 0.9997 -0.0238
vn -0.0010 1.0000 -0.0016
vn -0.0004 1.0000 -0.0006
vn -0.0005 1.0000 0.0005
vn -0.0042 1.0000 0.0050
vn -0.0078 0.9999 0.0135
vn 0.0193 0.9996 0.0209
vn 0.0772 0.9968 0.0187
vn 0.1196 0.9927 0.0127
vn -0.1750 0.9746 0.1401
vn -0.0278 0.9917 0.1258
vn -0.0904 0.6488 -0.7556
vn -0.1926 0.5643 -0.8028
vn -0.1248 0.9751 -0.1832
vn -0.0176 0.9996 -0.0230
vn -0.0110 0.9999 0.0118
vn -0.0306 0.9995 -0.0060
vn -0.0375 0.9989 -0.0267
vn -0.0855 0.9926 -0.0866
vn -0.1116 0.9895 -0.0923
vn -0.0889 0.9952 -0.0398
vn -0.0481 0.9988 0.0129
vn 0.1892 0.8862 0.4229
vn 0.4559 0.2940 0.8401
vn 0.4355 0.4202 0.7961
vn 0.1647 0.9306 0.3269
vn -0.0966 0.9829 -0.1570
vn -0.1036 0.9558 -0.2750
vn -0.0359 0.9759 -0.2153
vn -0.0158 0.9853 -0.1702
vn -0.0136 0.9939 -0.1090
vn -0.0150 0.9997 -0.0190
vn -0.0233 0.9997 -0.0018
vn -0.0128 0.9998 -0.0126
vn -0.0013 1.0000 0.0005
vn -0.0009 1.0000 0.0088
vn 0.0047 1.0000 0.0077
vn 0.0087 0.9999 -0.0063
vn 0.0023 1.0000 -0.0069
vn -0.0020 1.0000 -0.0002
vn -0.1289 0.9735 0.1889
vn -0.2226 0.9237 -0.3117
vn -0.0744 0.5393 -0.8388
vn -0.1882 0.9515 -0.2434
vn -0.2012 0.9717 -0.1235
vn -0.1139 0.9930 -0.0300
vn -0.0636 0.9979 0.0101
vn -0.0440 0.9988 -0.0203
vn -0.0269 0.9992 -0.0301
vn -0.0467 0.9975 -0.0530
vn -0.0776 0.9930 -0.0888
vn -0.0888 0.9945 -0.0547
vn -0.0809 0.9960 -0.0391
vn 0.0871 0.9884 0.1241
vn 0.3676 0.7003 0.6119
vn 0.4695 0.2690 0.8409
vn 0.3508 0.6739 0.6502
vn -0.0080 0.9993 0.0357
vn -0.1658 0.9291 -0.3305
vn -0.0814 0.9472 -0.3102
vn -0.0031 0.9853 -0.1705
vn -0.0033 0.9942 -0.1078
vn -0.0045 0.9999 -0.0126
vn -0.0215 0.9996 0.0202
vn -0.0482 0.9987 -0.0191
vn -0.0347 0.9992 -0.0193
vn -0.0106 0.9999 0.0035
vn -0.0063 1.0000 0.0026
vn -0.0063 1.0000 -0.0058
vn -0.0027 1.0000 -0.0040
vn -0.0001 1.0000 -0.0011
vn 0.0052 0.9322 0.3618
vn -0.1320 0.5962 -0.7919
vn -0.2189 0.2698 -0.9377
vn -0.1443 0.9739 -0.1751
vn -0.1245 0.9817 -0.1443
vn -0.1021 0.9903 -0.0939
vn -0.0664 0.9976 -0.0218
vn -0.0417 0.9982 -0.0425
vn -0.0320 0.9986 -0.0423
vn -0.0273 0.9992 -0.0304
vn -0.0447 0.9964 -0.0717
vn -0.0477 0.9972 -0.0576
vn -0.0412 0.9978 -0.0523
vn -0.0335 0.9982 -0.0488
vn 0.2034 0.8998 0.3859
vn 0.4066 0.4444 0.7982
vn 0.4145 0.4045 0.8152
vn 0.1626 0.9190 0.3592
vn -0.1916 0.9497 -0.2479
vn -0.2378 0.8660 -0.4399
vn -0.0807 0.9625 -0.2588
vn 0.0013 0.9954 -0.0953
vn 0.0042 0.9997 -0.0229
vn 0.0174 0.9992 0.0371
vn -0.0087 0.9998 0.0190
vn -0.0565 0.9982 -0.0215
vn -0.0600 0.9981 -0.0151
vn -0.0307 0.9994 -0.0139
vn -0.0057 0.9999 -0.0157
vn 0.0027 1.0000 -0.0067
vn 0.0017 1.0000 -0.0003
vn -0.0347 0.9582 0.2841
vn -0.4913 0.3043 -0.8161
vn -0.5257 -0.0047 -0.8507
vn -0.3679 0.8761 -0.3117
vn -0.1919 0.9699 -0.1497
vn -0.1504 0.9792 -0.1359
vn -0.0824 0.9939 -0.0739
vn -0.0507 0.9975 -0.0490
vn -0.0459 0.9977 -0.0491
vn -0.0304 0.9988 -0.0379
vn -0.0274 0.9983 -0.0510
vn -0.0406 0.9976 -0.0569
vn -0.0464 0.9976 -0.0515
vn -0.0516 0.9974 -0.0510
vn 0.0109 0.9966 0.0815
vn 0.2294 0.7833 0.5778
vn 0.4075 0.4044 0.8188
vn 0.3334 0.7037 0.6274
vn -0.0612 0.9978 0.0258
vn -0.3017 0.8185 -0.4888
vn -0.1986 0.8658 -0.4592
vn -0.0286 0.9909 -0.1313
vn -0.0067 1.0000 -0.0070
vn -0.0088 0.9999 0.0107
vn 0.0302 0.9990 0.0326
vn 0.0198 0.9995 0.0263
vn -0.0118 0.9996 -0.0271
vn -0.0023 0.9991 -0.0434
vn 0.0044 0.9998 -0.0196
vn -0.0048 1.0000 -0.0015
vn -0.0064 1.0000 -0.0033
vn -0.1125 0.9586 0.2617
vn -0.4921 0.8424 -0.2195
vn -0.4088 -0.8248 -0.3907
vn -0.8491 0.1231 -0.5136
vn -0.4771 0.8627 -0.1677
vn -0.3442 0.9180 -0.1967
vn -0.2391 0.9583 -0.1562
vn -0.1116 0.9883 -0.1035
vn -0.0163 0.9963 -0.0839
vn 0.0216 0.9988 -0.0449
vn -0.0092 0.9999 -0.0040
vn -0.0455 0.9974 -0.0559
vn -0.0456 0.9980 -0.0445
vn -0.0605 0.9976 -0.0338
vn -0.0760 0.9971 -0.0093
vn 0.0952 0.9360 0.3390
vn 0.3294 0.6296 0.7036
vn 0.3827 0.5307 0.7562
vn 0.1587 0.9313 0.3280
vn -0.2230 0.9133 -0.3407
vn -0.3472 0.7228 -0.5974
vn -0.1700 0.9358 -0.3088
vn -0.0122 0.9999 0.0044
vn -0.0238 0.9996 0.0145
vn -0.0420 0.9991 0.0065
vn -0.0136 0.9994 0.0322
vn 0.0104 0.9995 -0.0289
vn 0.0006 0.9991 -0.0420
vn -0.0259 0.9997 0.0011
vn -0.0293 0.9995 -0.0080
vn -0.0093 0.9998 -0.0171
vn -0.0442 0.9646 0.2598
vn -0.2505 0.9649 -0.0792
vn -0.7273 0.3675 -0.5796
vn -0.6555 0.6858 -0.3161
vn -0.4879 0.8487 -0.2039
vn -0.4673 0.8375 -0.2833
vn -0.3159 0.9066 -0.2797
vn -0.1854 0.9622 -0.1994
vn -0.0979 0.9839 -0.1498
vn -0.0651 0.9971 -0.0405
vn -0.0549 0.9982 0.0223
vn -0.0663 0.9967 -0.0459
vn -0.0956 0.9950 -0.0277
vn -0.1106 0.9937 -0.0165
vn -0.1151 0.9933 -0.0027
vn -0.0499 0.9960 0.0745
vn 0.1598 0.8557 0.4923
vn 0.3623 0.5726 0.7354
vn 0.4266 0.8102 0.4019
vn 0.1841 0.9799 -0.0773
vn -0.1625 0.7947 -0.5848
vn -0.1910 0.8451 -0.4993
vn -0.0893 0.9932 -0.0748
vn -0.0048 0.9998 0.0173
vn -0.0073 0.9997 0.0250
vn -0.0187 0.9998 -0.0037
vn 0.0094 0.9988 -0.0481
vn 0.0047 1.0000 -0.0070
vn -0.0146 0.9998 0.0157
vn -0.0026 0.9995 -0.0321
vn 0.0066 0.9997 -0.0239
vn -0.0775 0.9515 0.2979
vn -0.1219 0.9918 0.0389
vn -0.2153 0.9514 -0.2202
vn -0.3087 0.9093 -0.2792
vn -0.3980 0.8905 -0.2207
vn -0.3936 0.8483 -0.3543
vn -0.4014 0.8412 -0.3624
vn -0.3248 0.9036 -0.2793
vn -0.2637 0.9465 -0.1861
vn -0.1970 0.9774 -0.0766
vn -0.0889 0.9945 -0.0550
vn -0.0389 0.9990 -0.0208
vn -0.0516 0.9982 0.0290
vn -0.0909 0.9958 -0.0138
vn -0.0892 0.9960 -0.0048
vn -0.0890 0.9960 -0.0084
vn 0.0272 0.9747 0.2220
vn 0.2442 0.8565 0.4548
vn 0.4541 0.8192 0.3503
vn 0.4364 0.8829 0.1735
vn 0.2240 0.9691 -0.1032
vn -0.2314 0.8630 -0.4490
vn -0.3508 0.9068 -0.2339
vn -0.2245 0.9738 -0.0367
vn -0.1055 0.9937 -0.0388
vn 0.0199 0.9981 -0.0585
vn 0.0257 0.9992 -0.0297
vn -0.0227 0.9993 0.0304
vn -0.0130 0.9998 -0.0117
vn 0.0154 0.9987 -0.0480
vn 0.0097 0.9999 -0.0109
vn -0.1282 0.9409 0.3135
vn -0.1750 0.9805 0.0890
vn -0.2247 0.9662 -0.1261
vn -0.2451 0.9419 -0.2297
vn -0.2400 0.9523 -0.1885
vn -0.3408 0.8987 -0.2760
vn -0.4730 0.8180 -0.3272
vn -0.5112 0.7965 -0.3229
vn -0.4417 0.8663 -0.2333
vn -0.3232 0.9256 -0.1971
vn -0.1953 0.9653 -0.1736
vn -0.0778 0.9961 -0.0407
vn -0.0173 0.9991 0.0386
vn -0.0236 0.9997 -0.0072
vn -0.0367 0.9993 -0.0017
vn -0.0514 0.9987 0.0046
vn 0.0047 0.9950 0.1002
vn 0.0360 0.9863 0.1612
vn 0.3152 0.8827 0.3486
vn 0.2616 0.9155 0.3056
vn -0.0760 0.9705 0.2289
vn -0.4270 0.8584 -0.2842
vn -0.4323 0.8570 -0.2806
vn -0.4391 0.8939 -0.0897
vn -0.2906 0.9246 -0.2464
vn -0.1269 0.9796 -0.1557
vn -0.0884 0.9959 0.0197
vn -0.0598 0.9981 0.0180
vn -0.0017 0.9982 -0.0596
vn 0.0090 0.9989 -0.0453
vn -0.0000 1.0000 -0.0010
vn 0.1571 0.8737 0.4605
vn 0.0690 0.9940 -0.0846
vn 0.0663 0.9944 -0.0818
vn 0.0057 0.9999 -0.0124
vn 0.1111 0.9928 -0.0449
vn 0.1101 0.9929 -0.0445
vn -0.0010 1.0000 0.0021
vn -0.0012 1.0000 -0.0008
vn -0.0007 1.0000 0.0004
vn -0.0012 1.0000 -0.0005
vn -0.0273 0.9989 0.0388
vn -0.0273 0.9989 0.0389
vn -0.1923 0.9439 0.2683
vn -0.1413 0.9674 0.2103
vn 0.0460 0.9974 0.0559
vn 0.0467 0.9973 0.0567
vn -0.0695 0.9245 0.3749
vn -0.0579 0.9272 0.3699
vn 0.1572 0.8737 0.4603
vn 0.2150 0.8082 0.5482
vn 0.5003 0.8479 -0.1756
vn 0.4060 0.8975 -0.1719
vn 0.0584 0.9980 0.0255
vn 0.0574 0.9981 0.0245
vn 0.0539 0.9552 -0.2911
vn 0.0692 0.9584 -0.2771
vn -0.0035 1.0000 0.0012
vn -0.0026 1.0000 0.0001
vn -0.0013 1.0000 0.0029
vn -0.0029 1.0000 0.0015
vn -0.0041 1.0000 0.0033
vn -0.6762 0.4774 0.5611
vn -0.7004 0.4508 0.5534
vn 0.0721 0.9565 0.2827
vn 0.0713 0.9554 0.2866
vn -0.1652 0.8435 0.5111
vn -0.1746 0.8430 0.5088
vn 0.2158 0.8081 0.5482
vn 0.2172 0.8128 0.5405
vn 0.2561 0.9460 -0.1989
vn 0.3165 0.9273 -0.1999
vn 0.0224 0.9963 0.0828
vn 0.0254 0.9962 0.0829
vn 0.0545 0.8389 -0.5416
vn 0.0490 0.8398 -0.5407
vn -0.0155 0.9998 0.0125
vn -0.0154 0.9998 0.0124
vn -0.0088 0.9999 0.0093
vn -0.0088 0.9999 0.0092
vn -0.0085 0.9999 0.0119
vn -0.0080 0.9999 0.0079
vn -0.0029 1.0000 0.0030
vn -0.0030 1.0000 0.0031
vn -0.6532 0.5981 0.4643
vn -0.6709 0.5756 0.4675
vn 0.0844 0.8995 0.4286
vn 0.0841 0.8994 0.4289
vn 0.2055 0.8185 0.5365
vn 0.2060 0.8184 0.5365
vn 0.2212 0.8118 0.5405
vn 0.0680 0.8423 0.5348
vn -0.1152 0.9774 -0.1774
vn -0.0484 0.9956 0.0806
vn 0.2258 0.7967 -0.5606
vn -0.0235 0.9995 0.0221
vn -0.0143 0.9998 0.0155
vn -0.0139 0.9998 0.0171
vn -0.0116 0.9999 0.0119
vn -0.0019 1.0000 0.0016
vn -0.4451 0.7954 0.4114
vn 0.1249 0.9085 0.3988
vn 0.3424 0.7852 0.5160
vn 0.1963 0.8528 0.4840
vn 0.0264 0.9848 -0.1719
vn 0.2108 0.8481 0.4860
vn 0.6776 -0.5837 -0.4475
vn 0.6492 0.0456 -0.7592
vn -0.0298 0.9886 -0.1472
vn -0.0346 0.9879 -0.1511
vn -0.1663 0.9739 -0.1548
vn -0.1601 0.9741 -0.1598
vn -0.7261 0.6033 0.3298
vn -0.5433 0.8214 0.1735
vn -0.4067 0.9088 0.0931
vn -0.4178 0.9044 0.0864
vn -0.5066 0.8541 0.1175
vn -0.4740 0.8756 0.0934
vn -0.1006 0.9254 -0.3653
vn -0.0927 0.9266 -0.3645
vn 0.3676 0.8652 0.3410
vn 0.3586 0.8718 0.3337
vn 0.2000 0.9788 -0.0451
vn 0.1960 0.9796 -0.0438
vn -0.0185 0.9973 -0.0710
vn -0.0002 0.9984 -0.0566
vn 0.0246 0.9847 -0.1723
vn 0.3739 0.8870 0.2711
vn 0.0691 0.9646 -0.2544
vn 0.2897 0.9035 0.3157
vn 0.7688 -0.5646 -0.3002
vn 0.7738 -0.5583 -0.2991
vn 0.0695 0.9803 -0.1849
vn 0.1274 0.9767 -0.1726
vn 0.0992 0.9695 -0.2242
vn 0.1526 0.9637 -0.2193
vn -0.7424 -0.4001 0.5374
vn -0.7620 -0.3560 0.5410
vn -0.6462 0.7495 0.1438
vn -0.6523 0.7048 0.2789
vn 0.0826 0.5245 -0.8474
vn -0.1605 0.2516 -0.9544
vn 0.1113 0.9902 -0.0838
vn 0.1223 0.9909 -0.0556
vn -0.0280 0.9895 0.1416
vn -0.0281 0.9895 0.1416
vn 0.0685 0.9583 -0.2774
vn 0.0628 0.9774 -0.2019
vn 0.3783 0.7101 -0.5938
vn 0.0715 0.9364 -0.3435
vn 0.0818 0.9618 -0.2614
vn 0.4233 0.8994 0.1096
vn 0.1096 0.9808 -0.1615
vn 0.4473 0.8880 0.1065
vn 0.9794 0.1980 -0.0387
vn 0.9315 0.3619 0.0370
vn 0.1381 0.9879 -0.0712
vn 0.1075 0.9920 -0.0659
vn 0.1258 0.9865 -0.1050
vn 0.1064 0.9895 -0.0975
vn -0.1956 0.9772 0.0820
vn -0.4822 0.8149 0.3216
vn -0.3870 0.6693 0.6342
vn -0.1116 0.9400 -0.3224
vn 0.0206 0.7901 -0.6126
vn -0.0135 0.7446 -0.6674
vn 0.1463 0.9735 0.1755
vn 0.1543 0.9704 0.1860
vn -0.0835 0.9913 0.1017
vn -0.0927 0.9903 0.1030
vn -0.0827 0.7911 -0.6060
vn -0.0407 0.7918 -0.6094
vn 0.1750 0.9583 -0.2259
vn 0.2713 0.8971 -0.3487
vn 0.1055 0.9822 -0.1555
vn 0.2423 0.9615 0.1297
vn 0.0123 0.9998 -0.0173
vn 0.6317 0.7388 0.2349
vn -0.0637 0.9974 -0.0349
vn -0.0606 0.9977 -0.0318
vn -0.0335 0.9983 -0.0482
vn 0.0480 0.7596 -0.6487
vn 0.2825 0.9585 -0.0376
vn 0.0604 0.9962 0.0627
vn 0.0326 0.9959 0.0838
vn -0.1660 0.7856 -0.5961
vn 0.0007 1.0000 -0.0034
vn -0.1144 0.9908 0.0728
vn 0.4749 0.8697 -0.1345
vn 0.2680 0.9474 -0.1747
vn -0.4278 0.9001 0.0829
vn -0.0005 0.9999 0.0156
vn -0.0201 0.9998 -0.0004
vn 0.0022 0.9998 -0.0179
vn 0.0219 0.9998 -0.0018
vn 0.0015 0.9998 -0.0181
vn -0.0152 0.9999 -0.0032
vn -0.0065 1.0000 0.0052
vn 0.0103 0.9999 -0.0095
vn -0.0053 1.0000 0.0049
vn -0.0321 0.9993 0.0200
vn -0.0257 0.9996 0.0143
vn 0.0009 1.0000 -0.0008
vn 0.0002 0.9997 -0.0227
vn 0.0146 0.9999 -0.0054
vn 0.0007 0.9999 0.0136
vn -0.0138 0.9999 -0.0036
vn 0.0095 0.9999 -0.0138
vn 0.0015 1.0000 0.0001
vn 0.0067 0.9999 0.0088
vn 0.0150 0.9999 -0.0057
vn 0.0006 1.0000 -0.0003
vn -0.0003 1.0000 0.0014
vn 0.0001 1.0000 0.0017
vn 0.0010 1.0000 0.0001
vn -0.0487 0.9982 0.0343
vn -0.0951 0.9954 -0.0081
vn -0.0457 0.9983 -0.0358
vn -0.0008 1.0000 0.0011
vn -0.0271 0.9996 0.0005
vn -0.0441 0.9986 0.0281
vn -0.0447 0.9984 0.0338
vn -0.0234 0.9997 0.0005
vn -0.4729 0.8794 -0.0549
vn -0.3251 0.9242 -0.2001
vn -0.1373 0.9905 0.0110
vn -0.4660 0.8529 0.2352
vn -0.0334 0.9994 -0.0063
vn -0.0789 0.9964 0.0324
vn -0.0446 0.9982 0.0405
vn 0.0005 1.0000 0.0021
vn -0.1839 0.9829 -0.0117
vn -0.4040 0.9128 0.0605
vn -0.1400 0.9630 0.2305
vn -0.0351 0.9976 0.0603
vn -0.1732 0.9417 0.2886
vn -0.3786 0.8857 0.2686
vn -0.2842 0.9180 0.2765
vn -0.0781 0.9577 0.2770
vn -0.1928 0.9294 0.3146
vn -0.2945 0.9382 0.1818
vn -0.0123 0.9539 0.3000
vn 0.0766 0.9078 0.4124
vn 0.0481 0.9906 0.1283
vn -0.1062 0.9939 0.0289
vn 0.1172 0.9928 -0.0251
vn 0.2486 0.9648 0.0852
vn 0.0461 0.9976 0.0516
vn -0.1435 0.9820 0.1231
vn -0.0440 0.9972 0.0600
vn 0.1477 0.9889 -0.0136
vn -0.0986 0.9908 0.0929
vn -0.1881 0.9660 0.1771
vn -0.1444 0.9734 0.1780
vn -0.0583 0.9942 0.0907
vn -0.1729 0.9663 0.1907
vn -0.2431 0.9488 0.2018
vn -0.2109 0.9666 0.1457
vn -0.1408 0.9823 0.1239
vn -0.2573 0.9631 0.0784
vn -0.4078 0.8976 0.1671
vn -0.3738 0.9245 0.0738
vn -0.2154 0.9764 -0.0142
vn -0.4253 0.8976 0.1161
vn -0.4970 0.8548 0.1492
vn -0.4131 0.9070 0.0811
vn -0.3415 0.9385 0.0503
vn -0.5060 0.8540 0.1206
vn -0.3142 0.9493 -0.0008
vn -0.3723 0.9277 0.0267
vn -0.5925 0.7874 0.1701
vn -0.2227 0.9745 -0.0269
vn 0.3726 0.9055 -0.2030
vn -0.0636 0.9969 0.0465
vn -0.6334 0.7332 0.2475
vn -0.4121 0.8869 -0.2087
vn -0.1697 0.9565 -0.2375
vn 0.5834 0.8020 -0.1282
vn 0.1178 0.9819 -0.1486
vn 0.1187 0.9828 -0.1414
vn 0.5234 0.8453 -0.1074
vn 0.1954 0.9792 -0.0541
vn -0.2375 0.9684 -0.0758
vn 0.1429 0.9886 -0.0470
vn 0.5128 0.8580 -0.0304
vn 0.2119 0.9771 -0.0183
vn -0.1838 0.9823 -0.0362
vn 0.1740 0.9844 -0.0246
vn 0.5150 0.8569 -0.0236
vn 0.2038 0.9789 -0.0161
vn -0.1625 0.9865 -0.0203
vn 0.2068 0.9765 -0.0601
vn 0.5036 0.8612 -0.0686
vn 0.2257 0.9719 -0.0666
vn -0.1003 0.9931 -0.0609
vn 0.1767 0.9838 -0.0298
vn 0.4242 0.9047 -0.0390
vn 0.1610 0.9869 0.0100
vn -0.1036 0.9945 0.0158
vn 0.6279 0.7657 -0.1395
vn 0.9005 -0.4066 0.1543
vn 0.6298 0.6207 0.4670
vn -0.3596 0.8190 0.4471
vn 0.2670 0.9373 -0.2242
vn 0.0032 0.9772 -0.2124
vn 0.3487 0.9271 -0.1376
vn 0.3528 0.9188 -0.1774
vn 0.4478 0.8941 0.0084
vn 0.2838 0.9585 0.0258
vn 0.4377 0.8988 0.0237
vn 0.6000 0.7999 0.0117
vn -0.0520 0.9733 -0.2236
vn -0.0838 0.9794 -0.1838
vn -0.0698 0.9838 -0.1652
vn -0.0381 0.9781 -0.2048
vn -0.1472 0.9693 -0.1970
vn -0.1752 0.9661 -0.1895
vn -0.1269 0.9763 -0.1752
vn -0.0985 0.9783 -0.1822
vn -0.0924 0.9912 -0.0947
vn -0.0694 0.9920 -0.1055
vn -0.1644 0.9611 -0.2221
vn -0.1874 0.9591 -0.2121
vn 0.2436 0.9156 0.3199
vn 0.2028 0.9456 0.2542
vn -0.0941 0.9830 -0.1575
vn -0.0450 0.9957 -0.0804
vn 0.4513 0.1273 0.8833
vn 0.4386 0.1695 0.8826
vn 0.5161 0.1764 0.8382
vn 0.5139 0.1829 0.8381
vn 0.4717 0.4198 0.7754
vn 0.4027 0.5625 0.7221
vn 0.1902 0.9346 0.3007
vn 0.3032 0.8537 0.4234
vn 0.0688 0.9953 0.0677
vn 0.0379 0.9978 0.0551
vn -0.1045 0.9746 -0.1983
vn -0.0732 0.9810 -0.1795
vn 0.0283 0.9955 -0.0902
vn 0.1301 0.9819 -0.1379
vn 0.0558 0.9972 -0.0489
vn 0.1262 0.9836 -0.1290
vn 0.0043 1.0000 -0.0032
vn 0.0361 0.9991 -0.0209
vn -0.0095 0.9999 0.0102
vn 0.0119 0.9999 -0.0032
vn -0.0202 0.9998 0.0009
vn 0.0033 1.0000 -0.0023
vn -0.0093 0.9999 -0.0102
vn 0.0006 1.0000 -0.0016
vn -0.0115 0.9966 0.0810
vn -0.0261 0.9984 0.0511
vn -0.0199 0.9984 0.0538
vn -0.0497 0.9969 0.0614
vn -0.0122 0.9050 -0.4252
vn -0.0316 0.9149 -0.4024
vn -0.0047 0.9176 -0.3974
vn -0.0073 0.9130 -0.4078
vn 0.0064 0.9993 0.0364
vn -0.0134 0.9994 0.0327
vn 0.0123 0.9998 0.0161
vn -0.0024 0.9995 0.0308
vn 0.0035 0.9994 -0.0345
vn 0.0319 0.9990 -0.0320
vn -0.0020 0.9999 -0.0167
vn 0.0215 0.9993 -0.0311
vn -0.0071 1.0000 0.0045
vn -0.0001 1.0000 -0.0007
vn -0.0168 0.9999 0.0015
vn -0.0003 1.0000 -0.0016
vn -0.0169 0.9999 -0.0023
vn -0.0006 1.0000 -0.0003
vn -0.0130 0.9999 0.0001
vn -0.0010 1.0000 0.0002
vn -0.0114 0.9999 -0.0002
vn -0.0010 1.0000 0.0004
vn -0.0095 1.0000 -0.0002
vn -0.0007 1.0000 0.0003
vn -0.0083 1.0000 -0.0001
vn -0.0006 1.0000 -0.0001
vn -0.0077 1.0000 -0.0002
vn -0.0170 0.9998 0.0085
vn -0.0253 0.9997 -0.0005
vn -0.0118 0.9999 -0.0088
vn 0.0007 1.0000 0.0002
vn 0.0001 1.0000 0.0003
vn 0.0005 1.0000 -0.0005
vn -0.0003 1.0000 -0.0002
vn 0.0005 1.0000 -0.0003
vn 0.0009 1.0000 -0.0003
vn 0.0018 1.0000 -0.0000
vn 0.0010 1.0000 -0.0001
vn 0.0019 1.0000 -0.0003
vn 0.0016 1.0000 0.0002
vn 0.0018 1.0000 0.0005
vn 0.0021 1.0000 0.0002
vn 0.0019 1.0000 0.0002
vn 0.0019 1.0000 -0.0000
vn -0.0209 0.9997 0.0141
vn 0.0428 0.9976 -0.0537
vn 0.1401 0.9730 -0.1836
vn 0.0105 0.9998 0.0172
vn 0.0007 1.0000 -0.0012
vn 0.0157 0.9996 -0.0253
vn 0.0004 1.0000 0.0004
vn -0.0010 1.0000 -0.0009
vn -0.0005 1.0000 -0.0012
vn -0.0101 0.9999 -0.0034
vn -0.0115 0.9999 0.0007
vn 0.0002 1.0000 -0.0004
vn -0.0180 0.9998 -0.0054
vn -0.0129 0.9999 0.0080
vn 0.0002 1.0000 -0.0009
vn -0.0001 1.0000 -0.0009
vn 0.0032 1.0000 -0.0035
vn 0.0073 0.9998 0.0165
vn -0.0003 1.0000 -0.0015
vn -0.0003 1.0000 -0.0010
vn 0.0155 0.9999 -0.0002
vn 0.0099 0.9999 0.0087
vn -0.0011 1.0000 -0.0013
vn -0.0006 1.0000 -0.0005
vn -0.0091 1.0000 0.0018
vn -0.0158 0.9998 -0.0154
vn -0.0044 1.0000 0.0036
vn -0.0009 1.0000 0.0015
vn -0.0605 0.9980 -0.0156
vn -0.0496 0.9988 0.0034
vn -0.0536 0.9982 0.0284
vn -0.0278 0.9990 0.0336
vn -0.0547 0.9981 -0.0292
vn 0.0059 0.9925 0.1222
vn -0.0423 0.9990 0.0138
vn -0.0513 0.9957 0.0766
vn 0.1202 0.9883 0.0938
vn 0.2479 0.9336 0.2585
vn 0.0523 0.9977 -0.0430
vn 0.0119 0.9993 0.0363
vn 0.1637 0.9285 0.3334
vn 0.2231 0.9181 0.3277
vn 0.0462 0.9983 -0.0344
vn 0.0524 0.9981 -0.0316
vn 0.0495 0.9736 0.2228
vn -0.1582 0.9667 0.2009
vn 0.0014 1.0000 -0.0027
vn 0.0167 0.9996 -0.0234
vn -0.3127 0.9413 -0.1275
vn -0.4554 0.8775 -0.1505
vn -0.0090 0.9998 -0.0189
vn -0.0550 0.9968 -0.0583
vn -0.6868 0.7223 -0.0813
vn -0.5746 0.8070 -0.1364
vn -0.1661 0.9792 -0.1167
vn -0.2319 0.9648 -0.1241
vn -0.4726 0.8762 0.0948
vn -0.1580 0.9159 0.3690
vn -0.0953 0.9884 -0.1186
vn 0.0210 0.9986 -0.0478
vn 0.1272 0.9912 -0.0379
vn 0.1996 0.7776 0.5962
vn 0.1656 0.9848 0.0522
vn 0.2296 0.9715 0.0590
vn 0.6878 0.6019 -0.4057
vn 0.4909 0.8164 0.3042
vn 0.0961 0.9929 0.0698
vn 0.0333 0.9987 0.0375
vn 0.6835 0.5950 -0.4229
vn 0.6905 0.6080 -0.3918
vn -0.1188 0.9920 -0.0418
vn -0.1394 0.9902 0.0115
vn 0.3497 0.9328 -0.0871
vn 0.4776 0.7619 -0.4374
vn -0.0454 0.9988 -0.0170
vn -0.0004 0.9996 0.0265
vn -0.0806 0.9918 0.0995
vn -0.0070 0.9964 -0.0839
vn 0.1196 0.9884 0.0935
vn 0.1391 0.9902 0.0161
vn -0.2036 0.9739 0.1005
vn -0.0922 0.9618 0.2579
vn 0.0494 0.9961 0.0730
vn 0.0004 1.0000 0.0027
vn 0.0417 0.9797 0.1961
vn 0.1550 0.9146 0.3734
vn 0.0032 1.0000 0.0024
vn 0.0001 1.0000 -0.0005
vn 0.0958 0.9218 0.3756
vn 0.1314 0.9249 0.3569
vn 0.0007 1.0000 -0.0013
vn 0.0009 1.0000 -0.0009
vn -0.0402 0.8677 0.4955
vn -0.0274 0.9036 0.4275
vn 0.0008 1.0000 -0.0003
vn -0.0013 1.0000 -0.0039
vn -0.0244 0.8543 0.5192
vn 0.0292 0.8470 0.5308
vn 0.0004 1.0000 -0.0000
vn 0.0001 1.0000 -0.0072
vn 0.0646 0.8055 0.5890
vn 0.1326 0.7898 0.5989
vn -0.0001 1.0000 -0.0000
vn 0.0022 1.0000 -0.0041
vn 0.0190 0.6899 0.7236
vn 0.1094 0.6828 0.7224
vn -0.0005 1.0000 0.0002
vn 0.0001 1.0000 0.0001
vn -0.0743 0.6667 0.7416
vn -0.0409 0.5415 0.8397
vn -0.0014 1.0000 0.0027
vn -0.0001 1.0000 0.0013
vn -0.0738 0.7296 0.6799
vn -0.2185 0.7118 0.6675
vn -0.0835 0.9334 0.3491
vn -0.1003 0.9410 0.3232
vn -0.1982 0.9620 0.1876
vn -0.1974 0.9715 0.1315
vn -0.2610 0.9602 -0.0998
vn -0.2582 0.9609 -0.0999
vn -0.2213 0.9256 -0.3071
vn -0.2327 0.9387 -0.2543
vn -0.1745 0.9669 -0.1859
vn -0.1904 0.9646 -0.1826
vn -0.1383 0.9812 -0.1347
vn -0.2143 0.9644 -0.1551
vn -0.1234 0.9760 -0.1796
vn -0.2921 0.9261 -0.2388
vn -0.2064 0.9397 -0.2726
vn -0.3630 0.8696 -0.3348
vn -0.3049 0.8938 -0.3289
vn -0.3574 0.8765 -0.3224
vn -0.3452 0.8708 -0.3500
vn -0.2760 0.9215 -0.2734
vn -0.3240 0.8976 -0.2991
vn -0.2137 0.9510 -0.2236
vn -0.3069 0.9359 -0.1729
vn -0.1404 0.9859 -0.0915
vn -0.5168 0.8556 -0.0297
vn -0.0587 0.9969 -0.0530
vn -0.0050 0.9973 0.0734
vn -0.0204 0.9998 0.0047
vn -0.2057 0.9768 0.0597
vn -0.0284 0.9996 0.0077
vn -0.0497 0.9984 -0.0273
vn -0.0143 0.9988 0.0468
vn -0.0068 0.9994 0.0332
vn 0.0007 0.9988 0.0492
vn 0.3192 0.1942 -0.9276
vn 0.0217 0.9903 0.1371
vn 0.1362 0.7339 0.6655
vn 0.0904 0.2085 0.9738
vn 0.2347 -0.2863 0.9289
vn 0.3092 0.8041 0.5078
vn 0.3823 0.7463 0.5449
vn 0.0526 0.8799 0.4723
vn 0.3407 0.8427 0.4169
vn -0.1669 0.9823 0.0845
vn 0.1368 0.9906 0.0050
vn -0.3488 0.9164 -0.1964
vn -0.0058 0.9848 -0.1734
vn -0.3183 0.9294 -0.1869
vn -0.0890 0.9399 -0.3297
vn -0.1887 0.9136 -0.3600
vn -0.1446 0.9613 -0.2347
vn -0.1883 0.9567 -0.2218
vn -0.0856 0.9934 -0.0766
vn -0.1279 0.9918 -0.0002
vn -0.0130 0.9962 -0.0856
vn -0.0271 0.9986 -0.0458
vn -0.0182 0.9973 -0.0711
vn 0.0197 0.9965 -0.0807
vn -0.0309 0.9993 -0.0199
vn 0.0088 0.9995 -0.0298
vn -0.0646 0.9977 0.0204
vn -0.0019 1.0000 -0.0015
vn -0.0739 0.9969 -0.0261
vn -0.0007 1.0000 0.0013
vt 0.906250 0.058824
vt 0.937500 0.058824
vt 0.937500 0.088235
vt 0.906250 0.088235
vt 0.937500 0.117647
vt 0.906250 0.117647
vt 0.937500 0.147059
vt 0.906250 0.147059
vt 0.937500 0.176471
vt 0.906250 0.176471
vt 0.937500 0.205882
vt 0.906250 0.205882
vt 0.937500 0.235294
vt 0.906250 0.235294
vt 0.937500 0.264706
vt 0.906250 0.264706
vt 0.937500 0.294118
vt 0.906250 0.294118
vt 0.937500 0.323529
vt 0.906250 0.323529
vt 0.937500 0.352941
vt 0.906250 0.352941
vt 0.937500 0.382353
vt 0.906250 0.382353
vt 0.937500 0.411765
vt 0.906250 0.411765
vt 0.937500 0.441176
vt 0.906250 0.441176
vt 0.937500 0.470588
vt 0.906250 0.470588
vt 0.937500 0.500000
vt 0.906250 0.500000
vt 0.937500 0.529412
vt 0.906250 0.529412
vt 0.937500 0.558824
vt 0.906250 0.558824
vt 0.937500 0.588235
vt 0.906250 0.588235
vt 0.937500 0.617647
vt 0.906250 0.617647
vt 0.937500 0.647059
vt 0.906250 0.647059
vt 0.937500 0.676471
vt 0.906250 0.676471
vt 0.937500 0.705882
vt 0.906250 0.705882
vt 0.937500 0.735294
vt 0.906250 0.735294
vt 0.937500 0.764706
vt 0.906250 0.764706
vt 0.937500 0.794118
vt 0.906250 0.794118
vt 0.937500 0.823529
vt 0.906250 0.823529
vt 0.937500 0.852941
vt 0.906250 0.852941
vt 0.937500 0.882353
vt 0.906250 0.882353
vt 0.937500 0.911765
vt 0.906250 0.911765
vt 0.937500 0.941176
vt 0.906250 0.941176
vt 0.875000 0.058824
vt 0.875000 0.088235
vt 0.875000 0.117647
vt 0.875000 0.147059
vt 0.875000 0.176471
vt 0.875000 0.205882
vt 0.875000 0.235294
vt 0.875000 0.264706
vt 0.875000 0.294118
vt 0.875000 0.323529
vt 0.875000 0.352941
vt 0.875000 0.382353
vt 0.875000 0.411765
vt 0.875000 0.441176
vt 0.875000 0.470588
vt 0.875000 0.500000
vt 0.875000 0.529412
vt 0.875000 0.558824
vt 0.875000 0.588235
vt 0.875000 0.617647
vt 0.875000 0.647059
vt 0.875000 0.676471
vt 0.875000 0.705882
vt 0.875000 0.735294
vt 0.875000 0.764706
vt 0.875000 0.794118
vt 0.875000 0.823529
vt 0.875000 0.852941
vt 0.875000 0.882353
vt 0.875000 0.911765
vt 0.875000 0.941176
vt 0.843750 0.058824
vt 0.843750 0.088235
vt 0.843750 0.117647
vt 0.843750 0.147059
vt 0.843750 0.176471
vt 0.843750 0.205882
vt 0.843750 0.235294
vt 0.843750 0.264706
vt 0.843750 0.294118
vt 0.843750 0.323529
vt 0.843750 0.352941
vt 0.843750 0.382353
vt 0.843750 0.411765
vt 0.843750 0.441176
vt 0.843750 0.470588
vt 0.843750 0.500000
vt 0.843750 0.529412
vt 0.843750 0.558824
vt 0.843750 0.588235
vt 0.843750 0.617647
vt 0.843750 0.647059
vt 0.843750 0.676471
vt 0.843750 0.705882
vt 0.843750 0.735294
vt 0.843750 0.764706
vt 0.843750 0.794118
vt 0.843750 0.823529
vt 0.843750 0.852941
vt 0.843750 0.882353
vt 0.843750 0.911765
vt 0.843750 0.941176
vt 0.812500 0.058824
vt 0.812500 0.088235
vt 0.812500 0.117647
vt 0.812500 0.147059
vt 0.812500 0.176471
vt 0.812500 0.205882
vt 0.812500 0.235294
vt 0.812500 0.264706
vt 0.812500 0.294118
vt 0.812500 0.323529
vt 0.812500 0.352941
vt 0.812500 0.382353
vt 0.812500 0.411765
vt 0.812500 0.441176
vt 0.812500 0.470588
vt 0.812500 0.500000
vt 0.812500 0.529412
vt 0.812500 0.558824
vt 0.812500 0.588235
vt 0.812500 0.617647
vt 0.812500 0.647059
vt 0.812500 0.676471
vt 0.812500 0.705882
vt 0.812500 0.735294
vt 0.812500 0.764706
vt 0.812500 0.794118
vt 0.812500 0.823529
vt 0.812500 0.852941
vt 0.812500 0.882353
vt 0.812500 0.911765
vt 0.812500 0.941176
vt 0.781250 0.058824
vt 0.781250 0.088235
vt 0.781250 0.117647
vt 0.781250 0.147059
vt 0.781250 0.176471
vt 0.781250 0.205882
vt 0.781250 0.235294
vt 0.781250 0.264706
vt 0.781250 0.294118
vt 0.781250 0.323529
vt 0.781250 0.352941
vt 0.781250 0.382353
vt 0.781250 0.411765
vt 0.781250 0.441176
vt 0.781250 0.470588
vt 0.781250 0.500000
vt 0.781250 0.529412
vt 0.781250 0.558824
vt 0.781250 0.588235
vt 0.781250 0.617647
vt 0.781250 0.647059
vt 0.781250 0.676471
vt 0.781250 0.705882
vt 0.781250 0.735294
vt 0.781250 0.764706
vt 0.781250 0.794118
vt 0.781250 0.823529
vt 0.781250 0.852941
vt 0.781250 0.882353
vt 0.781250 0.911765
vt 0.781250 0.941176
vt 0.750000 0.058824
vt 0.750000 0.088235
vt 0.750000 0.117647
vt 0.750000 0.147059
vt 0.750000 0.176471
vt 0.750000 0.205882
vt 0.750000 0.235294
vt 0.750000 0.264706
vt 0.750000 0.294118
vt 0.750000 0.323529
vt 0.750000 0.352941
vt 0.750000 0.382353
vt 0.750000 0.411765
vt 0.750000 0.441176
vt 0.750000 0.470588
vt 0.750000 0.500000
vt 0.750000 0.529412
vt 0.750000 0.558824
vt 0.750000 0.588235
vt 0.750000 0.617647
vt 0.750000 0.647059
vt 0.750000 0.676471
vt 0.750000 0.705882
vt 0.750000 0.735294
vt 0.750000 0.764706
vt 0.750000 0.794118
vt 0.750000 0.823529
vt 0.750000 0.852941
vt 0.750000 0.882353
vt 0.750000 0.911765
vt 0.750000 0.941176
vt 0.718750 0.058824
vt 0.718750 0.088235
vt 0.718750 0.117647
vt 0.718750 0.147059
vt 0.718750 0.176471
vt 0.718750 0.205882
vt 0.718750 0.235294
vt 0.718750 0.264706
vt 0.718750 0.294118
vt 0.718750 0.323529
vt 0.718750 0.352941
vt 0.718750 0.382353
vt 0.718750 0.411765
vt 0.718750 0.441176
vt 0.718750 0.470588
vt 0.718750 0.500000
vt 0.718750 0.529412
vt 0.718750 0.558824
vt 0.718750 0.588235
vt 0.718750 0.617647
vt 0.718750 0.647059
vt 0.718750 0.676471
vt 0.718750 0.705882
vt 0.718750 0.735294
vt 0.718750 0.764706
vt 0.718750 0.794118
vt 0.718750 0.823529
vt 0.718750 0.852941
vt 0.718750 0.882353
vt 0.718750 0.911765
vt 0.718750 0.941176
vt 0.687500 0.058824
vt 0.687500 0.088235
vt 0.687500 0.117647
vt 0.687500 0.147059
vt 0.687500 0.176471
vt 0.687500 0.205882
vt 0.687500 0.235294
vt 0.687500 0.264706
vt 0.687500 0.294118
vt 0.687500 0.323529
vt 0.687500 0.352941
vt 0.687500 0.382353
vt 0.687500 0.411765
vt 0.687500 0.441176
vt 0.687500 0.558824
vt 0.687500 0.588235
vt 0.687500 0.617647
vt 0.687500 0.647059
vt 0.687500 0.676471
vt 0.687500 0.705882
vt 0.687500 0.735294
vt 0.687500 0.764706
vt 0.687500 0.794118
vt 0.687500 0.823529
vt 0.687500 0.852941
vt 0.687500 0.882353
vt 0.687500 0.911765
vt 0.687500 0.941176
vt 0.656250 0.058824
vt 0.656250 0.088235
vt 0.656250 0.117647
vt 0.656250 0.147059
vt 0.656250 0.176471
vt 0.656250 0.205882
vt 0.656250 0.235294
vt 0.656250 0.264706
vt 0.656250 0.294118
vt 0.656250 0.323529
vt 0.656250 0.352941
vt 0.656250 0.382353
vt 0.656250 0.411765
vt 0.656250 0.441176
vt 0.656250 0.558824
vt 0.656250 0.588235
vt 0.656250 0.617647
vt 0.656250 0.647059
vt 0.656250 0.676471
vt 0.656250 0.705882
vt 0.656250 0.735294
vt 0.656250 0.764706
vt 0.656250 0.794118
vt 0.656250 0.823529
vt 0.656250 0.852941
vt 0.656250 0.882353
vt 0.656250 0.911765
vt 0.656250 0.941176
vt 0.625000 0.058824
vt 0.625000 0.088235
vt 0.625000 0.117647
vt 0.625000 0.147059
vt 0.625000 0.176471
vt 0.625000 0.205882
vt 0.625000 0.235294
vt 0.625000 0.264706
vt 0.625000 0.294118
vt 0.625000 0.323529
vt 0.625000 0.352941
vt 0.625000 0.382353
vt 0.625000 0.411765
vt 0.625000 0.441176
vt 0.656250 0.470588
vt 0.625000 0.470588
vt 0.625000 0.529412
vt 0.656250 0.529412
vt 0.625000 0.558824
vt 0.625000 0.588235
vt 0.625000 0.617647
vt 0.625000 0.647059
vt 0.625000 0.676471
vt 0.625000 0.705882
vt 0.625000 0.735294
vt 0.625000 0.764706
vt 0.625000 0.794118
vt 0.625000 0.823529
vt 0.625000 0.852941
vt 0.625000 0.882353
vt 0.625000 0.911765
vt 0.625000 0.941176
vt 0.593750 0.058824
vt 0.593750 0.088235
vt 0.593750 0.117647
vt 0.593750 0.147059
vt 0.593750 0.176471
vt 0.593750 0.205882
vt 0.593750 0.235294
vt 0.593750 0.264706
vt 0.593750 0.294118
vt 0.593750 0.323529
vt 0.593750 0.352941
vt 0.593750 0.382353
vt 0.593750 0.411765
vt 0.593750 0.441176
vt 0.593750 0.470588
vt 0.593750 0.529412
vt 0.593750 0.558824
vt 0.593750 0.588235
vt 0.593750 0.617647
vt 0.593750 0.647059
vt 0.593750 0.676471
vt 0.593750 0.705882
vt 0.593750 0.735294
vt 0.593750 0.764706
vt 0.593750 0.794118
vt 0.593750 0.823529
vt 0.593750 0.852941
vt 0.593750 0.882353
vt 0.593750 0.911765
vt 0.593750 0.941176
vt 0.562500 0.058824
vt 0.562500 0.088235
vt 0.562500 0.117647
vt 0.562500 0.147059
vt 0.562500 0.176471
vt 0.562500 0.205882
vt 0.562500 0.235294
vt 0.562500 0.264706
vt 0.562500 0.294118
vt 0.562500 0.323529
vt 0.562500 0.352941
vt 0.562500 0.382353
vt 0.562500 0.411765
vt 0.562500 0.441176
vt 0.562500 0.470588
vt 0.562500 0.529412
vt 0.562500 0.558824
vt 0.562500 0.588235
vt 0.562500 0.617647
vt 0.562500 0.647059
vt 0.562500 0.676471
vt 0.562500 0.705882
vt 0.562500 0.735294
vt 0.562500 0.764706
vt 0.562500 0.794118
vt 0.562500 0.823529
vt 0.562500 0.852941
vt 0.562500 0.882353
vt 0.562500 0.911765
vt 0.562500 0.941176
vt 0.531250 0.058824
vt 0.531250 0.088235
vt 0.531250 0.117647
vt 0.531250 0.147059
vt 0.531250 0.205882
vt 0.531250 0.235294
vt 0.531250 0.264706
vt 0.531250 0.294118
vt 0.531250 0.323529
vt 0.531250 0.352941
vt 0.531250 0.382353
vt 0.531250 0.411765
vt 0.531250 0.441176
vt 0.531250 0.470588
vt 0.531250 0.529412
vt 0.531250 0.558824
vt 0.531250 0.588235
vt 0.531250 0.617647
vt 0.531250 0.647059
vt 0.531250 0.705882
vt 0.531250 0.735294
vt 0.531250 0.764706
vt 0.531250 0.794118
vt 0.531250 0.823529
vt 0.531250 0.852941
vt 0.531250 0.882353
vt 0.531250 0.911765
vt 0.531250 0.941176
vt 0.500000 0.058824
vt 0.500000 0.088235
vt 0.500000 0.117647
vt 0.500000 0.147059
vt 0.500000 0.705882
vt 0.500000 0.735294
vt 0.500000 0.764706
vt 0.500000 0.794118
vt 0.500000 0.823529
vt 0.500000 0.852941
vt 0.500000 0.882353
vt 0.500000 0.911765
vt 0.500000 0.941176
vt 0.468750 0.058824
vt 0.468750 0.088235
vt 0.468750 0.117647
vt 0.468750 0.147059
vt 0.468750 0.705882
vt 0.468750 0.735294
vt 0.468750 0.764706
vt 0.468750 0.794118
vt 0.468750 0.823529
vt 0.468750 0.852941
vt 0.468750 0.882353
vt 0.468750 0.911765
vt 0.468750 0.941176
vt 0.437500 0.058824
vt 0.437500 0.088235
vt 0.437500 0.117647
vt 0.437500 0.147059
vt 0.437500 0.205882
vt 0.468750 0.205882
vt 0.468750 0.235294
vt 0.437500 0.235294
vt 0.468750 0.264706
vt 0.437500 0.264706
vt 0.468750 0.294118
vt 0.437500 0.294118
vt 0.468750 0.323529
vt 0.437500 0.323529
vt 0.468750 0.352941
vt 0.437500 0.352941
vt 0.468750 0.382353
vt 0.437500 0.382353
vt 0.468750 0.411765
vt 0.437500 0.411765
vt 0.468750 0.441176
vt 0.437500 0.441176
vt 0.468750 0.470588
vt 0.437500 0.470588
vt 0.437500 0.529412
vt 0.468750 0.529412
vt 0.468750 0.558824
vt 0.437500 0.558824
vt 0.468750 0.588235
vt 0.437500 0.588235
vt 0.468750 0.617647
vt 0.437500 0.617647
vt 0.468750 0.647059
vt 0.437500 0.647059
vt 0.437500 0.705882
vt 0.437500 0.735294
vt 0.437500 0.764706
vt 0.437500 0.794118
vt 0.437500 0.823529
vt 0.437500 0.852941
vt 0.437500 0.882353
vt 0.437500 0.911765
vt 0.437500 0.941176
vt 0.406250 0.058824
vt 0.406250 0.088235
vt 0.406250 0.117647
vt 0.406250 0.147059
vt 0.437500 0.176471
vt 0.406250 0.176471
vt 0.406250 0.205882
vt 0.406250 0.235294
vt 0.406250 0.264706
vt 0.406250 0.294118
vt 0.406250 0.323529
vt 0.406250 0.352941
vt 0.406250 0.382353
vt 0.406250 0.411765
vt 0.406250 0.441176
vt 0.406250 0.470588
vt 0.406250 0.529412
vt 0.406250 0.558824
vt 0.406250 0.588235
vt 0.406250 0.617647
vt 0.406250 0.647059
vt 0.437500 0.676471
vt 0.406250 0.676471
vt 0.406250 0.705882
vt 0.406250 0.735294
vt 0.406250 0.764706
vt 0.406250 0.794118
vt 0.406250 0.823529
vt 0.406250 0.852941
vt 0.406250 0.882353
vt 0.406250 0.911765
vt 0.406250 0.941176
vt 0.375000 0.058824
vt 0.375000 0.088235
vt 0.375000 0.117647
vt 0.375000 0.147059
vt 0.375000 0.176471
vt 0.375000 0.205882
vt 0.375000 0.235294
vt 0.375000 0.264706
vt 0.375000 0.294118
vt 0.375000 0.323529
vt 0.375000 0.352941
vt 0.375000 0.382353
vt 0.375000 0.411765
vt 0.375000 0.441176
vt 0.375000 0.470588
vt 0.375000 0.529412
vt 0.375000 0.558824
vt 0.375000 0.588235
vt 0.375000 0.617647
vt 0.375000 0.647059
vt 0.375000 0.676471
vt 0.375000 0.705882
vt 0.375000 0.735294
vt 0.375000 0.764706
vt 0.375000 0.794118
vt 0.375000 0.823529
vt 0.375000 0.852941
vt 0.375000 0.882353
vt 0.375000 0.911765
vt 0.375000 0.941176
vt 0.343750 0.058824
vt 0.343750 0.088235
vt 0.343750 0.117647
vt 0.343750 0.147059
vt 0.343750 0.176471
vt 0.343750 0.205882
vt 0.343750 0.235294
vt 0.343750 0.264706
vt 0.343750 0.294118
vt 0.343750 0.323529
vt 0.343750 0.352941
vt 0.343750 0.382353
vt 0.343750 0.411765
vt 0.343750 0.441176
vt 0.343750 0.470588
vt 0.343750 0.529412
vt 0.343750 0.558824
vt 0.343750 0.588235
vt 0.343750 0.617647
vt 0.343750 0.647059
vt 0.343750 0.676471
vt 0.343750 0.705882
vt 0.343750 0.735294
vt 0.343750 0.764706
vt 0.343750 0.794118
vt 0.343750 0.823529
vt 0.343750 0.852941
vt 0.343750 0.882353
vt 0.343750 0.911765
vt 0.343750 0.941176
vt 0.312500 0.058824
vt 0.312500 0.088235
vt 0.312500 0.117647
vt 0.312500 0.147059
vt 0.312500 0.176471
vt 0.312500 0.205882
vt 0.312500 0.235294
vt 0.312500 0.264706
vt 0.312500 0.294118
vt 0.312500 0.323529
vt 0.312500 0.352941
vt 0.312500 0.382353
vt 0.312500 0.411765
vt 0.312500 0.441176
vt 0.312500 0.558824
vt 0.312500 0.588235
vt 0.312500 0.617647
vt 0.312500 0.647059
vt 0.312500 0.676471
vt 0.312500 0.705882
vt 0.312500 0.735294
vt 0.312500 0.764706
vt 0.312500 0.794118
vt 0.312500 0.823529
vt 0.312500 0.852941
vt 0.312500 0.882353
vt 0.312500 0.911765
vt 0.312500 0.941176
vt 0.281250 0.058824
vt 0.281250 0.088235
vt 0.281250 0.117647
vt 0.281250 0.147059
vt 0.281250 0.176471
vt 0.281250 0.205882
vt 0.281250 0.235294
vt 0.281250 0.264706
vt 0.281250 0.294118
vt 0.281250 0.323529
vt 0.281250 0.352941
vt 0.281250 0.382353
vt 0.281250 0.411765
vt 0.281250 0.441176
vt 0.281250 0.558824
vt 0.281250 0.588235
vt 0.281250 0.617647
vt 0.281250 0.647059
vt 0.281250 0.676471
vt 0.281250 0.705882
vt 0.281250 0.735294
vt 0.281250 0.764706
vt 0.281250 0.794118
vt 0.281250 0.823529
vt 0.281250 0.852941
vt 0.281250 0.882353
vt 0.281250 0.911765
vt 0.281250 0.941176
vt 0.250000 0.058824
vt 0.250000 0.088235
vt 0.250000 0.117647
vt 0.250000 0.147059
vt 0.250000 0.176471
vt 0.250000 0.205882
vt 0.250000 0.235294
vt 0.250000 0.264706
vt 0.250000 0.294118
vt 0.250000 0.323529
vt 0.250000 0.352941
vt 0.250000 0.382353
vt 0.250000 0.411765
vt 0.250000 0.441176
vt 0.281250 0.470588
vt 0.250000 0.470588
vt 0.281250 0.500000
vt 0.250000 0.500000
vt 0.281250 0.529412
vt 0.250000 0.529412
vt 0.250000 0.558824
vt 0.250000 0.588235
vt 0.250000 0.617647
vt 0.250000 0.647059
vt 0.250000 0.676471
vt 0.250000 0.705882
vt 0.250000 0.735294
vt 0.250000 0.764706
vt 0.250000 0.794118
vt 0.250000 0.823529
vt 0.250000 0.852941
vt 0.250000 0.882353
vt 0.250000 0.911765
vt 0.250000 0.941176
vt 0.218750 0.058824
vt 0.218750 0.088235
vt 0.218750 0.117647
vt 0.218750 0.147059
vt 0.218750 0.176471
vt 0.218750 0.205882
vt 0.218750 0.235294
vt 0.218750 0.264706
vt 0.218750 0.294118
vt 0.218750 0.323529
vt 0.218750 0.352941
vt 0.218750 0.382353
vt 0.218750 0.411765
vt 0.218750 0.441176
vt 0.218750 0.470588
vt 0.218750 0.500000
vt 0.218750 0.529412
vt 0.218750 0.558824
vt 0.218750 0.588235
vt 0.218750 0.617647
vt 0.218750 0.647059
vt 0.218750 0.676471
vt 0.218750 0.705882
vt 0.218750 0.735294
vt 0.218750 0.764706
vt 0.218750 0.794118
vt 0.218750 0.823529
vt 0.218750 0.852941
vt 0.218750 0.882353
vt 0.218750 0.911765
vt 0.218750 0.941176
vt 0.187500 0.058824
vt 0.187500 0.088235
vt 0.187500 0.117647
vt 0.187500 0.147059
vt 0.187500 0.176471
vt 0.187500 0.205882
vt 0.187500 0.235294
vt 0.187500 0.264706
vt 0.187500 0.294118
vt 0.187500 0.323529
vt 0.187500 0.352941
vt 0.187500 0.382353
vt 0.187500 0.411765
vt 0.187500 0.441176
vt 0.187500 0.470588
vt 0.187500 0.500000
vt 0.187500 0.529412
vt 0.187500 0.558824
vt 0.187500 0.588235
vt 0.187500 0.617647
vt 0.187500 0.647059
vt 0.187500 0.676471
vt 0.187500 0.705882
vt 0.187500 0.735294
vt 0.187500 0.764706
vt 0.187500 0.794118
vt 0.187500 0.823529
vt 0.187500 0.852941
vt 0.187500 0.882353
vt 0.187500 0.911765
vt 0.187500 0.941176
vt 0.156250 0.058824
vt 0.156250 0.088235
vt 0.156250 0.117647
vt 0.156250 0.147059
vt 0.156250 0.176471
vt 0.156250 0.205882
vt 0.156250 0.235294
vt 0.156250 0.264706
vt 0.156250 0.294118
vt 0.156250 0.323529
vt 0.156250 0.352941
vt 0.156250 0.382353
vt 0.156250 0.411765
vt 0.156250 0.441176
vt 0.156250 0.470588
vt 0.156250 0.500000
vt 0.156250 0.529412
vt 0.156250 0.558824
vt 0.156250 0.588235
vt 0.156250 0.617647
vt 0.156250 0.647059
vt 0.156250 0.676471
vt 0.156250 0.705882
vt 0.156250 0.735294
vt 0.156250 0.764706
vt 0.156250 0.794118
vt 0.156250 0.823529
vt 0.156250 0.852941
vt 0.156250 0.882353
vt 0.156250 0.911765
vt 0.156250 0.941176
vt 0.125000 0.058824
vt 0.125000 0.088235
vt 0.125000 0.117647
vt 0.125000 0.147059
vt 0.125000 0.176471
vt 0.125000 0.205882
vt 0.125000 0.235294
vt 0.125000 0.264706
vt 0.125000 0.294118
vt 0.125000 0.323529
vt 0.125000 0.352941
vt 0.125000 0.382353
vt 0.125000 0.411765
vt 0.125000 0.441176
vt 0.125000 0.470588
vt 0.125000 0.500000
vt 0.125000 0.529412
vt 0.125000 0.558824
vt 0.125000 0.588235
vt 0.125000 0.617647
vt 0.125000 0.647059
vt 0.125000 0.676471
vt 0.125000 0.705882
vt 0.125000 0.735294
vt 0.125000 0.764706
vt 0.125000 0.794118
vt 0.125000 0.823529
vt 0.125000 0.852941
vt 0.125000 0.882353
vt 0.125000 0.911765
vt 0.125000 0.941176
vt 0.093750 0.058824
vt 0.093750 0.088235
vt 0.093750 0.117647
vt 0.093750 0.147059
vt 0.093750 0.176471
vt 0.093750 0.205882
vt 0.093750 0.235294
vt 0.093750 0.264706
vt 0.093750 0.294118
vt 0.093750 0.323529
vt 0.093750 0.352941
vt 0.093750 0.382353
vt 0.093750 0.411765
vt 0.093750 0.441176
vt 0.093750 0.470588
vt 0.093750 0.500000
vt 0.093750 0.529412
vt 0.093750 0.558824
vt 0.093750 0.588235
vt 0.093750 0.617647
vt 0.093750 0.647059
vt 0.093750 0.676471
vt 0.093750 0.705882
vt 0.093750 0.735294
vt 0.093750 0.764706
vt 0.093750 0.794118
vt 0.093750 0.823529
vt 0.093750 0.852941
vt 0.093750 0.882353
vt 0.093750 0.911765
vt 0.093750 0.941176
vt 0.062500 0.058824
vt 0.062500 0.088235
vt 0.062500 0.117647
vt 0.062500 0.147059
vt 0.062500 0.176471
vt 0.062500 0.205882
vt 0.062500 0.235294
vt 0.062500 0.264706
vt 0.062500 0.294118
vt 0.062500 0.323529
vt 0.062500 0.352941
vt 0.062500 0.382353
vt 0.062500 0.411765
vt 0.062500 0.441176
vt 0.062500 0.470588
vt 0.062500 0.500000
vt 0.062500 0.529412
vt 0.062500 0.558824
vt 0.062500 0.588235
vt 0.062500 0.617647
vt 0.062500 0.647059
vt 0.062500 0.676471
vt 0.062500 0.705882
vt 0.062500 0.735294
vt 0.062500 0.764706
vt 0.062500 0.794118
vt 0.062500 0.823529
vt 0.062500 0.852941
vt 0.062500 0.882353
vt 0.062500 0.911765
vt 0.062500 0.941176
vt 0.000000 0.176471
vt 0.000000 0.205882
vt 0.000000 0.970588
vt 0.000000 1.000000
vt 0.000000 0.264706
vt 0.000000 0.294118
vt 0.000000 0.352941
vt 0.000000 0.382353
vt 0.000000 0.441176
vt 0.000000 0.470588
vt 0.000000 0.529412
vt 0.000000 0.558823
vt 0.000000 0.000000
vt 0.000000 0.029412
vt 0.000000 0.617647
vt 0.000000 0.647059
vt 0.000000 0.705882
vt 0.000000 0.735294
vt 0.000000 0.794118
vt 0.000000 0.823529
vt 0.000000 0.088235
vt 0.000000 0.117647
vt 0.000000 0.882353
vt 0.000000 0.911765
vt 1.000000 0.558824
vt 1.000000 0.529412
vt 1.000000 1.000000
vt 1.000000 0.970588
vt 1.000000 0.470588
vt 1.000000 0.441176
vt 1.000000 0.382353
vt 1.000000 0.352941
vt 1.000000 0.294118
vt 1.000000 0.264706
vt 1.000000 0.205882
vt 1.000000 0.176471
vt 1.000000 0.911765
vt 1.000000 0.882353
vt 1.000000 0.117647
vt 1.000000 0.088235
vt 1.000000 0.823529
vt 1.000000 0.794118
vt 1.000000 0.029412
vt 1.000000 0.000000
vt 1.000000 0.735294
vt 1.000000 0.705882
vt 1.000000 0.647059
vt 1.000000 0.617647
vt 0.500000 0.470613
vt 0.531225 0.500000
vt 0.500000 0.529387
vt 0.468775 0.500000
vt 0.312500 0.460957
vt 0.322131 0.470588
vt 0.312500 0.480220
vt 0.302869 0.470588
vt 0.312500 0.490369
vt 0.322131 0.500000
vt 0.312500 0.509632
vt 0.302869 0.500000
vt 0.312500 0.519780
vt 0.322131 0.529412
vt 0.312500 0.539043
vt 0.302869 0.529412
vt 0.343750 0.490369
vt 0.353381 0.500000
vt 0.343750 0.509632
vt 0.334118 0.500000
vt 0.375000 0.490369
vt 0.384631 0.500000
vt 0.375000 0.509632
vt 0.365369 0.500000
vt 0.406250 0.490369
vt 0.415881 0.500000
vt 0.406250 0.509632
vt 0.396619 0.500000
vt 0.437500 0.490369
vt 0.447131 0.500000
vt 0.437500 0.509632
vt 0.427869 0.500000
vt 0.468750 0.166839
vt 0.478381 0.176471
vt 0.468750 0.186102
vt 0.459119 0.176471
vt 0.468750 0.500000
vt 0.468750 0.509632
vt 0.459118 0.500000
vt 0.468750 0.490369
vt 0.468750 0.666839
vt 0.478381 0.676471
vt 0.468750 0.686102
vt 0.459119 0.676471
vt 0.500000 0.166839
vt 0.509632 0.176471
vt 0.500000 0.186102
vt 0.490369 0.176471
vt 0.500000 0.196251
vt 0.509632 0.205882
vt 0.500000 0.215514
vt 0.490369 0.205882
vt 0.500000 0.225663
vt 0.509632 0.235294
vt 0.500000 0.244926
vt 0.490369 0.235294
vt 0.500000 0.255074
vt 0.509632 0.264706
vt 0.500000 0.274337
vt 0.490369 0.264706
vt 0.500000 0.284486
vt 0.509632 0.294118
vt 0.500000 0.303749
vt 0.490369 0.294118
vt 0.500000 0.313898
vt 0.509632 0.323529
vt 0.500000 0.333161
vt 0.490369 0.323529
vt 0.500000 0.343310
vt 0.509632 0.352941
vt 0.500000 0.362573
vt 0.490369 0.352941
vt 0.500000 0.372722
vt 0.509632 0.382353
vt 0.500000 0.391984
vt 0.490369 0.382353
vt 0.500000 0.402133
vt 0.509632 0.411765
vt 0.500000 0.421396
vt 0.490369 0.411765
vt 0.500000 0.431545
vt 0.509632 0.441177
vt 0.500000 0.450808
vt 0.490369 0.441177
vt 0.500000 0.460957
vt 0.509632 0.470588
vt 0.500000 0.470588
vt 0.490369 0.470588
vt 0.490369 0.529412
vt 0.500000 0.529412
vt 0.509632 0.529412
vt 0.500000 0.539043
vt 0.500000 0.549192
vt 0.509632 0.558824
vt 0.500000 0.568455
vt 0.490369 0.558824
vt 0.500000 0.578604
vt 0.509632 0.588235
vt 0.500000 0.597867
vt 0.490369 0.588235
vt 0.500000 0.608016
vt 0.509632 0.617647
vt 0.500000 0.627279
vt 0.490369 0.617647
vt 0.500000 0.637427
vt 0.509632 0.647059
vt 0.500000 0.656690
vt 0.490369 0.647059
vt 0.500000 0.666839
vt 0.509632 0.676471
vt 0.500000 0.686102
vt 0.490369 0.676471
vt 0.531250 0.166839
vt 0.540882 0.176471
vt 0.531250 0.186102
vt 0.521619 0.176471
vt 0.531250 0.490369
vt 0.540882 0.500000
vt 0.531250 0.509632
vt 0.531250 0.500000
vt 0.531250 0.666839
vt 0.540882 0.676471
vt 0.531250 0.686102
vt 0.521619 0.676471
vt 0.562500 0.490369
vt 0.572131 0.500000
vt 0.562500 0.509632
vt 0.552869 0.500000
vt 0.593750 0.490369
vt 0.603381 0.500000
vt 0.593750 0.509632
vt 0.584119 0.500000
vt 0.625000 0.490369
vt 0.634631 0.500000
vt 0.625000 0.509632
vt 0.615368 0.500000
vt 0.656250 0.490369
vt 0.665881 0.500000
vt 0.656250 0.509632
vt 0.646618 0.500000
vt 0.687500 0.460957
vt 0.697131 0.470588
vt 0.687500 0.480220
vt 0.677869 0.470588
vt 0.687500 0.490369
vt 0.697131 0.500000
vt 0.687500 0.509632
vt 0.677868 0.500000
vt 0.687500 0.519780
vt 0.697131 0.529412
vt 0.687500 0.539043
vt 0.677868 0.529412
vt 0.039050 0.037212
vt 0.039050 0.058824
vt 0.023450 0.058824
vt 0.023450 0.021612
vt 0.039050 0.088235
vt 0.023450 0.088235
vt 0.039050 0.117647
vt 0.023450 0.117647
vt 0.039050 0.147059
vt 0.023450 0.147059
vt 0.039050 0.176471
vt 0.023450 0.176471
vt 0.039050 0.205882
vt 0.023450 0.205882
vt 0.039050 0.235294
vt 0.023450 0.235294
vt 0.039050 0.264706
vt 0.023450 0.264706
vt 0.039050 0.294118
vt 0.023450 0.294118
vt 0.039050 0.323529
vt 0.023450 0.323529
vt 0.039050 0.352941
vt 0.023450 0.352941
vt 0.039050 0.382353
vt 0.023450 0.382353
vt 0.039050 0.411765
vt 0.023450 0.411765
vt 0.039050 0.441176
vt 0.023450 0.441176
vt 0.039050 0.470588
vt 0.023450 0.470588
vt 0.039050 0.500000
vt 0.023450 0.500000
vt 0.039050 0.529412
vt 0.023450 0.529412
vt 0.039050 0.558824
vt 0.023450 0.558824
vt 0.039050 0.588235
vt 0.023450 0.588235
vt 0.039050 0.617647
vt 0.023450 0.617647
vt 0.039050 0.647059
vt 0.023450 0.647059
vt 0.039050 0.676471
vt 0.023450 0.676471
vt 0.039050 0.705882
vt 0.023450 0.705882
vt 0.039050 0.735294
vt 0.023450 0.735294
vt 0.039050 0.764706
vt 0.023450 0.764706
vt 0.039050 0.794118
vt 0.023450 0.794118
vt 0.039050 0.823529
vt 0.023450 0.823529
vt 0.039050 0.852941
vt 0.023450 0.852941
vt 0.039050 0.882353
vt 0.023450 0.882353
vt 0.039050 0.911765
vt 0.023450 0.911765
vt 0.039050 0.941176
vt 0.023450 0.941176
vt 0.039050 0.962788
vt 0.023450 0.978388
vt 0.976550 0.021612
vt 0.976550 0.058824
vt 0.960950 0.058824
vt 0.960950 0.037212
vt 0.976550 0.088235
vt 0.960950 0.088235
vt 0.976550 0.117647
vt 0.960950 0.117647
vt 0.976550 0.147059
vt 0.960950 0.147059
vt 0.976550 0.176471
vt 0.960950 0.176471
vt 0.976550 0.205882
vt 0.960950 0.205882
vt 0.976550 0.235294
vt 0.960950 0.235294
vt 0.976550 0.264706
vt 0.960950 0.264706
vt 0.976550 0.294118
vt 0.960950 0.294118
vt 0.976550 0.323529
vt 0.960950 0.323529
vt 0.976550 0.352941
vt 0.960950 0.352941
vt 0.976550 0.382353
vt 0.960950 0.382353
vt 0.976550 0.411765
vt 0.960950 0.411765
vt 0.976550 0.441176
vt 0.960950 0.441176
vt 0.976550 0.470588
vt 0.960950 0.470588
vt 0.976550 0.500000
vt 0.960950 0.500000
vt 0.976550 0.529412
vt 0.960950 0.529412
vt 0.976550 0.558824
vt 0.960950 0.558824
vt 0.976550 0.588235
vt 0.960950 0.588235
vt 0.976550 0.617647
vt 0.960950 0.617647
vt 0.976550 0.647059
vt 0.960950 0.647059
vt 0.976550 0.676471
vt 0.960950 0.676471
vt 0.976550 0.705882
vt 0.960950 0.705882
vt 0.976550 0.735294
vt 0.960950 0.735294
vt 0.976550 0.764706
vt 0.960950 0.764706
vt 0.976550 0.794118
vt 0.960950 0.794118
vt 0.976550 0.823529
vt 0.960950 0.823529
vt 0.976550 0.852941
vt 0.960950 0.852941
vt 0.976550 0.882353
vt 0.960950 0.882353
vt 0.976550 0.911765
vt 0.960950 0.911765
vt 0.976550 0.941176
vt 0.960950 0.941176
vt 0.976550 0.978388
vt 0.960950 0.962788
vt 0.937500 0.037212
vt 0.937500 0.021612
vt 0.937500 0.978388
vt 0.937500 0.962788
vt 0.906250 0.037212
vt 0.906250 0.021612
vt 0.906250 0.978388
vt 0.906250 0.962788
vt 0.875000 0.037212
vt 0.875000 0.021612
vt 0.875000 0.978388
vt 0.875000 0.962788
vt 0.843750 0.037212
vt 0.843750 0.021612
vt 0.843750 0.978388
vt 0.843750 0.962788
vt 0.812500 0.037212
vt 0.812500 0.021612
vt 0.812500 0.978388
vt 0.812500 0.962788
vt 0.781250 0.037212
vt 0.781250 0.021612
vt 0.781250 0.978388
vt 0.781250 0.962788
vt 0.750000 0.037212
vt 0.750000 0.021612
vt 0.750000 0.978388
vt 0.750000 0.962788
vt 0.718750 0.037212
vt 0.718750 0.021612
vt 0.718750 0.978388
vt 0.718750 0.962788
vt 0.687500 0.037212
vt 0.687500 0.021612
vt 0.687500 0.978388
vt 0.687500 0.962788
vt 0.656250 0.037212
vt 0.656250 0.021612
vt 0.656250 0.978388
vt 0.656250 0.962788
vt 0.625000 0.037212
vt 0.625000 0.021612
vt 0.625000 0.978388
vt 0.625000 0.962788
vt 0.593750 0.037212
vt 0.593750 0.021612
vt 0.593750 0.978388
vt 0.593750 0.962788
vt 0.562500 0.037212
vt 0.562500 0.021612
vt 0.562500 0.978388
vt 0.562500 0.962788
vt 0.531250 0.037212
vt 0.531250 0.021612
vt 0.531250 0.978388
vt 0.531250 0.962788
vt 0.500000 0.037212
vt 0.500000 0.021612
vt 0.500000 0.978388
vt 0.500000 0.962788
vt 0.468750 0.037212
vt 0.468750 0.021612
vt 0.468750 0.978388
vt 0.468750 0.962788
vt 0.437500 0.037212
vt 0.437500 0.021612
vt 0.437500 0.978388
vt 0.437500 0.962788
vt 0.406250 0.037212
vt 0.406250 0.021612
vt 0.406250 0.978388
vt 0.406250 0.962788
vt 0.375000 0.037212
vt 0.375000 0.021612
vt 0.375000 0.978388
vt 0.375000 0.962788
vt 0.343750 0.037212
vt 0.343750 0.021612
vt 0.343750 0.978388
vt 0.343750 0.962788
vt 0.312500 0.037212
vt 0.312500 0.021612
vt 0.312500 0.978388
vt 0.312500 0.962788
vt 0.281250 0.037212
vt 0.281250 0.021612
vt 0.281250 0.978388
vt 0.281250 0.962788
vt 0.250000 0.037212
vt 0.250000 0.021612
vt 0.250000 0.978388
vt 0.250000 0.962788
vt 0.218750 0.037212
vt 0.218750 0.021612
vt 0.218750 0.978388
vt 0.218750 0.962788
vt 0.187500 0.037212
vt 0.187500 0.021612
vt 0.187500 0.978388
vt 0.187500 0.962788
vt 0.156250 0.037212
vt 0.156250 0.021612
vt 0.156250 0.978388
vt 0.156250 0.962788
vt 0.125000 0.037212
vt 0.125000 0.021612
vt 0.125000 0.978388
vt 0.125000 0.962788
vt 0.093750 0.037212
vt 0.093750 0.021612
vt 0.093750 0.978388
vt 0.093750 0.962788
vt 0.062500 0.037212
vt 0.062500 0.021612
vt 0.062500 0.978388
vt 0.062500 0.962788
vt 0.031250 0.000000
vt 0.062500 0.000000
vt 0.000000 0.058824
vt 0.000000 0.147059
vt 0.000000 0.235294
vt 0.000000 0.323529
vt 0.000000 0.411765
vt 0.000000 0.500000
vt 0.000000 0.588235
vt 0.000000 0.676471
vt 0.000000 0.764706
vt 0.000000 0.852941
vt 0.000000 0.941176
vt 0.062500 1.000000
vt 0.031250 1.000000
vt 0.093750 0.000000
vt 0.093750 1.000000
vt 0.125000 0.000000
vt 0.125000 1.000000
vt 0.156250 0.000000
vt 0.156250 1.000000
vt 0.187500 0.000000
vt 0.187500 1.000000
vt 0.218750 0.000000
vt 0.218750 1.000000
vt 0.250000 0.000000
vt 0.250000 1.000000
vt 0.281250 0.000000
vt 0.281250 1.000000
vt 0.312500 0.000000
vt 0.312500 1.000000
vt 0.343750 0.000000
vt 0.343750 1.000000
vt 0.375000 0.000000
vt 0.375000 1.000000
vt 0.406250 0.000000
vt 0.406250 1.000000
vt 0.437500 0.000000
vt 0.437500 1.000000
vt 0.468750 0.000000
vt 0.468750 1.000000
vt 0.500000 0.000000
vt 0.500000 1.000000
vt 0.531250 0.000000
vt 0.531250 1.000000
vt 0.562500 0.000000
vt 0.562500 1.000000
vt 0.593750 0.000000
vt 0.593750 1.000000
vt 0.625000 0.000000
vt 0.625000 1.000000
vt 0.656250 0.000000
vt 0.656250 1.000000
vt 0.687500 0.000000
vt 0.687500 1.000000
vt 0.718750 0.000000
vt 0.718750 1.000000
vt 0.750000 0.000000
vt 0.750000 1.000000
vt 0.781250 0.000000
vt 0.781250 1.000000
vt 0.812500 0.000000
vt 0.812500 1.000000
vt 0.843750 0.000000
vt 0.843750 1.000000
vt 0.875000 0.000000
vt 0.875000 1.000000
vt 0.906250 0.000000
vt 0.906250 1.000000
vt 0.937500 0.000000
vt 0.937500 1.000000
vt 0.968750 0.000000
vt 0.968750 1.000000
vt 1.000000 0.058824
vt 1.000000 0.147059
vt 1.000000 0.235294
vt 1.000000 0.323529
vt 1.000000 0.411765
vt 1.000000 0.500000
vt 1.000000 0.588235
vt 1.000000 0.676471
vt 1.000000 0.764706
vt 1.000000 0.852941
vt 1.000000 0.941176
s 1
usemtl Sarg_innen_Samt
f 932/1/915 963/2/946 964/3/947 933/4/916
f 933/4/916 964/3/947 965/5/948 934/6/917
f 934/6/917 965/5/948 966/7/949 935/8/918
f 935/8/918 966/7/949 967/9/950 936/10/919
f 936/10/919 967/9/950 968/11/951 937/12/920
f 937/12/920 968/11/951 969/13/952 938/14/921
f 938/14/921 969/13/952 970/15/953 939/16/922
f 939/16/922 970/15/953 971/17/954 940/18/923
f 940/18/923 971/17/954 972/19/955 941/20/924
f 941/20/924 972/19/955 973/21/956 942/22/925
f 942/22/925 973/21/956 974/23/957 943/24/926
f 943/24/926 974/23/957 975/25/958 944/26/927
f 944/26/927 975/25/958 976/27/959 945/28/928
f 945/28/928 976/27/959 977/29/960 946/30/929
f 946/30/929 977/29/960 978/31/961 947/32/930
f 947/32/930 978/31/961 979/33/962 948/34/931
f 948/34/931 979/33/962 980/35/963 949/36/932
f 949/36/932 980/35/963 981/37/964 950/38/933
f 950/38/933 981/37/964 982/39/965 951/40/934
f 951/40/934 982/39/965 983/41/966 952/42/935
f 952/42/935 983/41/966 984/43/967 953/44/936
f 953/44/936 984/43/967 985/45/968 954/46/937
f 954/46/937 985/45/968 986/47/969 955/48/938
f 955/48/938 986/47/969 987/49/970 956/50/939
f 956/50/939 987/49/970 988/51/971 957/52/940
f 957/52/940 988/51/971 989/53/972 958/54/941
f 958/54/941 989/53/972 990/55/973 959/56/942
f 959/56/942 990/55/973 991/57/974 960/58/943
f 960/58/943 991/57/974 992/59/975 961/60/944
f 961/60/944 992/59/975 993/61/976 962/62/945
f 901/63/884 932/1/915 933/4/916 902/64/885
f 902/64/885 933/4/916 934/6/917 903/65/886
f 903/65/886 934/6/917 935/8/918 904/66/887
f 904/66/887 935/8/918 936/10/919 905/67/888
f 905/67/888 936/10/919 937/12/920 906/68/889
f 906/68/889 937/12/920 938/14/921 907/69/890
f 907/69/890 938/14/921 939/16/922 908/70/891
f 908/70/891 939/16/922 940/18/923 909/71/892
f 909/71/892 940/18/923 941/20/924 910/72/893
f 910/72/893 941/20/924 942/22/925 911/73/894
f 911/73/894 942/22/925 943/24/926 912/74/895
f 912/74/895 943/24/926 944/26/927 913/75/896
f 913/75/896 944/26/927 945/28/928 914/76/897
f 914/76/897 945/28/928 946/30/929 915/77/898
f 915/77/898 946/30/929 947/32/930 916/78/899
f 916/78/899 947/32/930 948/34/931 917/79/900
f 917/79/900 948/34/931 949/36/932 918/80/901
f 918/80/901 949/36/932 950/38/933 919/81/902
f 919/81/902 950/38/933 951/40/934 920/82/903
f 920/82/903 951/40/934 952/42/935 921/83/904
f 921/83/904 952/42/935 953/44/936 922/84/905
f 922/84/905 953/44/936 954/46/937 923/85/906
f 923/85/906 954/46/937 955/48/938 924/86/907
f 924/86/907 955/48/938 956/50/939 925/87/908
f 925/87/908 956/50/939 957/52/940 926/88/909
f 926/88/909 957/52/940 958/54/941 927/89/910
f 927/89/910 958/54/941 959/56/942 928/90/911
f 928/90/911 959/56/942 960/58/943 929/91/912
f 929/91/912 960/58/943 961/60/944 930/92/913
f 930/92/913 961/60/944 962/62/945 931/93/914
f 870/94/853 901/63/884 902/64/885 871/95/854
f 871/95/854 902/64/885 903/65/886 872/96/855
f 872/96/855 903/65/886 904/66/887 873/97/856
f 873/97/856 904/66/887 905/67/888 874/98/857
f 874/98/857 905/67/888 906/68/889 875/99/858
f 875/99/858 906/68/889 907/69/890 876/100/859
f 876/100/859 907/69/890 908/70/891 877/101/860
f 877/101/860 908/70/891 909/71/892 878/102/861
f 878/102/861 909/71/892 910/72/893 879/103/862
f 879/103/862 910/72/893 911/73/894 880/104/863
f 880/104/863 911/73/894 912/74/895 881/105/864
f 881/105/864 912/74/895 913/75/896 882/106/865
f 882/106/865 913/75/896 914/76/897 883/107/866
f 883/107/866 914/76/897 915/77/898 884/108/867
f 884/108/867 915/77/898 916/78/899 885/109/868
f 885/109/868 916/78/899 917/79/900 886/110/869
f 886/110/869 917/79/900 918/80/901 887/111/870
f 887/111/870 918/80/901 919/81/902 888/112/871
f 888/112/871 919/81/902 920/82/903 889/113/872
f 889/113/872 920/82/903 921/83/904 890/114/873
f 890/114/873 921/83/904 922/84/905 891/115/874
f 891/115/874 922/84/905 923/85/906 892/116/875
f 892/116/875 923/85/906 924/86/907 893/117/876
f 893/117/876 924/86/907 925/87/908 894/118/877
f 894/118/877 925/87/908 926/88/909 895/119/878
f 895/119/878 926/88/909 927/89/910 896/120/879
f 896/120/879 927/89/910 928/90/911 897/121/880
f 897/121/880 928/90/911 929/91/912 898/122/881
f 898/122/881 929/91/912 930/92/913 899/123/882
f 899/123/882 930/92/913 931/93/914 900/124/883
f 839/125/822 870/94/853 871/95/854 840/126/823
f 840/126/823 871/95/854 872/96/855 841/127/824
f 841/127/824 872/96/855 873/97/856 842/128/825
f 842/128/825 873/97/856 874/98/857 843/129/826
f 843/129/826 874/98/857 875/99/858 844/130/827
f 844/130/827 875/99/858 876/100/859 845/131/828
f 845/131/828 876/100/859 877/101/860 846/132/829
f 846/132/829 877/101/860 878/102/861 847/133/830
f 847/133/830 878/102/861 879/103/862 848/134/831
f 848/134/831 879/103/862 880/104/863 849/135/832
f 849/135/832 880/104/863 881/105/864 850/136/833
f 850/136/833 881/105/864 882/106/865 851/137/834
f 851/137/834 882/106/865 883/107/866 852/138/835
f 852/138/835 883/107/866 884/108/867 853/139/836
f 853/139/836 884/108/867 885/109/868 854/140/837
f 854/140/837 885/109/868 886/110/869 855/141/838
f 855/141/838 886/110/869 887/111/870 856/142/839
f 856/142/839 887/111/870 888/112/871 857/143/840
f 857/143/840 888/112/871 889/113/872 858/144/841
f 858/144/841 889/113/872 890/114/873 859/145/842
f 859/145/842 890/114/873 891/115/874 860/146/843
f 860/146/843 891/115/874 892/116/875 861/147/844
f 861/147/844 892/116/875 893/117/876 862/148/845
f 862/148/845 893/117/876 894/118/877 863/149/846
f 863/149/846 894/118/877 895/119/878 864/150/847
f 864/150/847 895/119/878 896/120/879 865/151/848
f 865/151/848 896/120/879 897/121/880 866/152/849
f 866/152/849 897/121/880 898/122/881 867/153/850
f 867/153/850 898/122/881 899/123/882 868/154/851
f 868/154/851 899/123/882 900/124/883 869/155/852
f 808/156/791 839/125/822 840/126/823 809/157/792
f 809/157/792 840/126/823 841/127/824 810/158/793
f 810/158/793 841/127/824 842/128/825 811/159/794
f 811/159/794 842/128/825 843/129/826 812/160/795
f 812/160/795 843/129/826 844/130/827 813/161/796
f 813/161/796 844/130/827 845/131/828 814/162/797
f 814/162/797 845/131/828 846/132/829 815/163/798
f 815/163/798 846/132/829 847/133/830 816/164/799
f 816/164/799 847/133/830 848/134/831 817/165/800
f 817/165/800 848/134/831 849/135/832 818/166/801
f 818/166/801 849/135/832 850/136/833 819/167/802
f 819/167/802 850/136/833 851/137/834 820/168/803
f 820/168/803 851/137/834 852/138/835 821/169/804
f 821/169/804 852/138/835 853/139/836 822/170/805
f 822/170/805 853/139/836 854/140/837 823/171/806
f 823/171/806 854/140/837 855/141/838 824/172/807
f 824/172/807 855/141/838 856/142/839 825/173/808
f 825/173/808 856/142/839 857/143/840 826/174/809
f 826/174/809 857/143/840 858/144/841 827/175/810
f 827/175/810 858/144/841 859/145/842 828/176/811
f 828/176/811 859/145/842 860/146/843 829/177/812
f 829/177/812 860/146/843 861/147/844 830/178/813
f 830/178/813 861/147/844 862/148/845 831/179/814
f 831/179/814 862/148/845 863/149/846 832/180/815
f 832/180/815 863/149/846 864/150/847 833/181/816
f 833/181/816 864/150/847 865/151/848 834/182/817
f 834/182/817 865/151/848 866/152/849 835/183/818
f 835/183/818 866/152/849 867/153/850 836/184/819
f 836/184/819 867/153/850 868/154/851 837/185/820
f 837/185/820 868/154/851 869/155/852 838/186/821
f 777/187/760 808/156/791 809/157/792 778/188/761
f 778/188/761 809/157/792 810/158/793 779/189/762
f 779/189/762 810/158/793 811/159/794 780/190/763
f 780/190/763 811/159/794 812/160/795 781/191/764
f 781/191/764 812/160/795 813/161/796 782/192/765
f 782/192/765 813/161/796 814/162/797 783/193/766
f 783/193/766 814/162/797 815/163/798 784/194/767
f 784/194/767 815/163/798 816/164/799 785/195/768
f 785/195/768 816/164/799 817/165/800 786/196/769
f 786/196/769 817/165/800 818/166/801 787/197/770
f 787/197/770 818/166/801 819/167/802 788/198/771
f 788/198/771 819/167/802 820/168/803 789/199/772
f 789/199/772 820/168/803 821/169/804 790/200/773
f 790/200/773 821/169/804 822/170/805 791/201/774
f 791/201/774 822/170/805 823/171/806 792/202/775
f 792/202/775 823/171/806 824/172/807 793/203/776
f 793/203/776 824/172/807 825/173/808 794/204/777
f 794/204/777 825/173/808 826/174/809 795/205/778
f 795/205/778 826/174/809 827/175/810 796/206/779
f 796/206/779 827/175/810 828/176/811 797/207/780
f 797/207/780 828/176/811 829/177/812 798/208/781
f 798/208/781 829/177/812 830/178/813 799/209/782
f 799/209/782 830/178/813 831/179/814 800/210/783
f 800/210/783 831/179/814 832/180/815 801/211/784
f 801/211/784 832/180/815 833/181/816 802/212/785
f 802/212/785 833/181/816 834/182/817 803/213/786
f 803/213/786 834/182/817 835/183/818 804/214/787
f 804/214/787 835/183/818 836/184/819 805/215/788
f 805/215/788 836/184/819 837/185/820 806/216/789
f 806/216/789 837/185/820 838/186/821 807/217/790
f 746/218/729 777/187/760 778/188/761 747/219/730
f 747/219/730 778/188/761 779/189/762 748/220/731
f 748/220/731 779/189/762 780/190/763 749/221/732
f 749/221/732 780/190/763 781/191/764 750/222/733
f 750/222/733 781/191/764 782/192/765 751/223/734
f 751/223/734 782/192/765 783/193/766 752/224/735
f 752/224/735 783/193/766 784/194/767 753/225/736
f 753/225/736 784/194/767 785/195/768 754/226/737
f 754/226/737 785/195/768 786/196/769 755/227/738
f 755/227/738 786/196/769 787/197/770 756/228/739
f 756/228/739 787/197/770 788/198/771 757/229/740
f 757/229/740 788/198/771 789/199/772 758/230/741
f 758/230/741 789/199/772 790/200/773 759/231/742
f 759/231/742 790/200/773 791/201/774 760/232/743
f 760/232/743 791/201/774 792/202/775 761/233/744
f 761/233/744 792/202/775 793/203/776 762/234/745
f 762/234/745 793/203/776 794/204/777 763/235/746
f 763/235/746 794/204/777 795/205/778 764/236/747
f 764/236/747 795/205/778 796/206/779 765/237/748
f 765/237/748 796/206/779 797/207/780 766/238/749
f 766/238/749 797/207/780 798/208/781 767/239/750
f 767/239/750 798/208/781 799/209/782 768/240/751
f 768/240/751 799/209/782 800/210/783 769/241/752
f 769/241/752 800/210/783 801/211/784 770/242/753
f 770/242/753 801/211/784 802/212/785 771/243/754
f 771/243/754 802/212/785 803/213/786 772/244/755
f 772/244/755 803/213/786 804/214/787 773/245/756
f 773/245/756 804/214/787 805/215/788 774/246/757
f 774/246/757 805/215/788 806/216/789 775/247/758
f 775/247/758 806/216/789 807/217/790 776/248/759
f 718/249/701 746/218/729 747/219/730 719/250/702
f 719/250/702 747/219/730 748/220/731 720/251/703
f 720/251/703 748/220/731 749/221/732 721/252/704
f 721/252/704 749/221/732 750/222/733 722/253/705
f 722/253/705 750/222/733 751/223/734 723/254/706
f 723/254/706 751/223/734 752/224/735 724/255/707
f 724/255/707 752/224/735 753/225/736 725/256/708
f 725/256/708 753/225/736 754/226/737 726/257/709
f 726/257/709 754/226/737 755/227/738 727/258/710
f 727/258/710 755/227/738 756/228/739 728/259/711
f 728/259/711 756/228/739 757/229/740 729/260/712
f 729/260/712 757/229/740 758/230/741 730/261/713
f 730/261/713 758/230/741 759/231/742 731/262/714
f 732/263/715 763/235/746 764/236/747 733/264/716
f 733/264/716 764/236/747 765/237/748 734/265/717
f 734/265/717 765/237/748 766/238/749 735/266/718
f 735/266/718 766/238/749 767/239/750 736/267/719
f 736/267/719 767/239/750 768/240/751 737/268/720
f 737/268/720 768/240/751 769/241/752 738/269/721
f 738/269/721 769/241/752 770/242/753 739/270/722
f 739/270/722 770/242/753 771/243/754 740/271/723
f 740/271/723 771/243/754 772/244/755 741/272/724
f 741/272/724 772/244/755 773/245/756 742/273/725
f 742/273/725 773/245/756 774/246/757 743/274/726
f 743/274/726 774/246/757 775/247/758 744/275/727
f 744/275/727 775/247/758 776/248/759 745/276/728
f 688/277/671 718/249/701 719/250/702 689/278/672
f 689/278/672 719/250/702 720/251/703 690/279/673
f 690/279/673 720/251/703 721/252/704 691/280/674
f 691/280/674 721/252/704 722/253/705 692/281/675
f 692/281/675 722/253/705 723/254/706 693/282/676
f 693/282/676 723/254/706 724/255/707 694/283/677
f 694/283/677 724/255/707 725/256/708 695/284/678
f 695/284/678 725/256/708 726/257/709 696/285/679
f 696/285/679 726/257/709 727/258/710 697/286/680
f 697/286/680 727/258/710 728/259/711 698/287/681
f 698/287/681 728/259/711 729/260/712 699/288/682
f 699/288/682 729/260/712 730/261/713 700/289/683
f 700/289/683 730/261/713 731/262/714 701/290/684
f 704/291/687 732/263/715 733/264/716 705/292/688
f 705/292/688 733/264/716 734/265/717 706/293/689
f 706/293/689 734/265/717 735/266/718 707/294/690
f 707/294/690 735/266/718 736/267/719 708/295/691
f 708/295/691 736/267/719 737/268/720 709/296/692
f 709/296/692 737/268/720 738/269/721 710/297/693
f 710/297/693 738/269/721 739/270/722 711/298/694
f 711/298/694 739/270/722 740/271/723 712/299/695
f 712/299/695 740/271/723 741/272/724 713/300/696
f 713/300/696 741/272/724 742/273/725 714/301/697
f 714/301/697 742/273/725 743/274/726 715/302/698
f 715/302/698 743/274/726 744/275/727 716/303/699
f 716/303/699 744/275/727 745/276/728 717/304/700
f 658/305/643 688/277/671 689/278/672 659/306/644
f 659/306/644 689/278/672 690/279/673 660/307/645
f 660/307/645 690/279/673 691/280/674 661/308/646
f 661/308/646 691/280/674 692/281/675 662/309/647
f 662/309/647 692/281/675 693/282/676 663/310/648
f 663/310/648 693/282/676 694/283/677 664/311/649
f 664/311/649 694/283/677 695/284/678 665/312/650
f 665/312/650 695/284/678 696/285/679 666/313/651
f 666/313/651 696/285/679 697/286/680 667/314/652
f 667/314/652 697/286/680 698/287/681 668/315/653
f 668/315/653 698/287/681 699/288/682 669/316/654
f 669/316/654 699/288/682 700/289/683 670/317/655
f 670/317/655 700/289/683 701/290/684 671/318/656
f 671/318/656 701/290/684 702/319/685 672/320/657
f 673/321/658 703/322/686 704/291/687 674/323/659
f 674/323/659 704/291/687 705/292/688 675/324/660
f 675/324/660 705/292/688 706/293/689 676/325/661
f 676/325/661 706/293/689 707/294/690 677/326/662
f 677/326/662 707/294/690 708/295/691 678/327/663
f 678/327/663 708/295/691 709/296/692 679/328/664
f 679/328/664 709/296/692 710/297/693 680/329/313
f 680/329/313 710/297/693 711/298/694 681/330/636
f 681/330/636 711/298/694 712/299/695 682/331/665
f 682/331/665 712/299/695 713/300/696 683/332/666
f 683/332/666 713/300/696 714/301/697 684/333/667
f 684/333/667 714/301/697 715/302/698 685/334/668
f 685/334/668 715/302/698 716/303/699 686/335/669
f 686/335/669 716/303/699 717/304/700 687/336/670
f 628/337/614 658/305/643 659/306/644 629/338/615
f 629/338/615 659/306/644 660/307/645 630/339/616
f 630/339/616 660/307/645 661/308/646 631/340/617
f 631/340/617 661/308/646 662/309/647 632/341/618
f 632/341/618 662/309/647 663/310/648 633/342/619
f 633/342/619 663/310/648 664/311/649 634/343/620
f 634/343/620 664/311/649 665/312/650 635/344/621
f 635/344/621 665/312/650 666/313/651 636/345/622
f 636/345/622 666/313/651 667/314/652 637/346/623
f 637/346/623 667/314/652 668/315/653 638/347/624
f 638/347/624 668/315/653 669/316/654 639/348/625
f 639/348/625 669/316/654 670/317/655 640/349/626
f 640/349/626 670/317/655 671/318/656 641/350/627
f 641/350/627 671/318/656 672/320/657 642/351/628
f 643/352/629 673/321/658 674/323/659 644/353/630
f 644/353/630 674/323/659 675/324/660 645/354/631
f 645/354/631 675/324/660 676/325/661 646/355/632
f 646/355/632 676/325/661 677/326/662 647/356/633
f 647/356/633 677/326/662 678/327/663 648/357/634
f 648/357/634 678/327/663 679/328/664 649/358/635
f 649/358/635 679/328/664 680/329/313 650/359/636
f 650/359/636 680/329/313 681/330/636 651/360/637
f 651/360/637 681/330/636 682/331/665 652/361/76
f 652/361/76 682/331/665 683/332/666 653/362/638
f 653/362/638 683/332/666 684/333/667 654/363/639
f 654/363/639 684/333/667 685/334/668 655/364/640
f 655/364/640 685/334/668 686/335/669 656/365/641
f 656/365/641 686/335/669 687/336/670 657/366/642
f 598/367/584 628/337/614 629/338/615 599/368/585
f 599/368/585 629/338/615 630/339/616 600/369/586
f 600/369/586 630/339/616 631/340/617 601/370/587
f 601/370/587 631/340/617 632/341/618 602/371/588
f 602/371/588 632/341/618 633/342/619 603/372/589
f 603/372/589 633/342/619 634/343/620 604/373/590
f 604/373/590 634/343/620 635/344/621 605/374/591
f 605/374/591 635/344/621 636/345/622 606/375/592
f 606/375/592 636/345/622 637/346/623 607/376/593
f 607/376/593 637/346/623 638/347/624 608/377/594
f 608/377/594 638/347/624 639/348/625 609/378/595
f 609/378/595 639/348/625 640/349/626 610/379/596
f 610/379/596 640/349/626 641/350/627 611/380/597
f 611/380/597 641/350/627 642/351/628 612/381/598
f 613/382/599 643/352/629 644/353/630 614/383/600
f 614/383/600 644/353/630 645/354/631 615/384/601
f 615/384/601 645/354/631 646/355/632 616/385/602
f 616/385/602 646/355/632 647/356/633 617/386/603
f 617/386/603 647/356/633 648/357/634 618/387/604
f 618/387/604 648/357/634 649/358/635 619/388/605
f 619/388/605 649/358/635 650/359/636 620/389/606
f 620/389/606 650/359/636 651/360/637 621/390/607
f 621/390/607 651/360/637 652/361/76 622/391/608
f 622/391/608 652/361/76 653/362/638 623/392/609
f 623/392/609 653/362/638 654/363/639 624/393/610
f 624/393/610 654/363/639 655/364/640 625/394/611
f 625/394/611 655/364/640 656/365/641 626/395/612
f 626/395/612 656/365/641 657/366/642 627/396/613
f 570/397/556 598/367/584 599/368/585 571/398/557
f 571/398/557 599/368/585 600/369/586 572/399/558
f 572/399/558 600/369/586 601/370/587 573/400/559
f 574/401/560 603/372/589 604/373/590 575/402/561
f 575/402/561 604/373/590 605/374/591 576/403/562
f 576/403/562 605/374/591 606/375/592 577/404/563
f 577/404/563 606/375/592 607/376/593 578/405/564
f 578/405/564 607/376/593 608/377/594 579/406/565
f 579/406/565 608/377/594 609/378/595 580/407/566
f 580/407/566 609/378/595 610/379/596 581/408/567
f 581/408/567 610/379/596 611/380/597 582/409/568
f 582/409/568 611/380/597 612/381/598 583/410/569
f 584/411/570 613/382/599 614/383/600 585/412/571
f 585/412/571 614/383/600 615/384/601 586/413/572
f 586/413/572 615/384/601 616/385/602 587/414/573
f 587/414/573 616/385/602 617/386/603 588/415/574
f 589/416/575 619/388/605 620/389/606 590/417/576
f 590/417/576 620/389/606 621/390/607 591/418/577
f 591/418/577 621/390/607 622/391/608 592/419/578
f 592/419/578 622/391/608 623/392/609 593/420/579
f 593/420/579 623/392/609 624/393/610 594/421/580
f 594/421/580 624/393/610 625/394/611 595/422/581
f 595/422/581 625/394/611 626/395/612 596/423/582
f 596/423/582 626/395/612 627/396/613 597/424/583
f 557/425/543 570/397/556 571/398/557 558/426/544
f 558/426/544 571/398/557 572/399/558 559/427/545
f 559/427/545 572/399/558 573/400/559 560/428/546
f 561/429/547 589/416/575 590/417/576 562/430/548
f 562/430/548 590/417/576 591/418/577 563/431/549
f 563/431/549 591/418/577 592/419/578 564/432/550
f 564/432/550 592/419/578 593/420/579 565/433/551
f 565/433/551 593/420/579 594/421/580 566/434/552
f 566/434/552 594/421/580 595/422/581 567/435/553
f 567/435/553 595/422/581 596/423/582 568/436/554
f 568/436/554 596/423/582 597/424/583 569/437/555
f 529/438/515 557/425/543 558/426/544 530/439/516
f 530/439/516 558/426/544 559/427/545 531/440/517
f 531/440/517 559/427/545 560/428/546 532/441/518
f 548/442/534 561/429/547 562/430/548 549/443/535
f 549/443/535 562/430/548 563/431/549 550/444/536
f 550/444/536 563/431/549 564/432/550 551/445/537
f 551/445/537 564/432/550 565/433/551 552/446/538
f 552/446/538 565/433/551 566/434/552 553/447/539
f 553/447/539 566/434/552 567/435/553 554/448/540
f 554/448/540 567/435/553 568/436/554 555/449/541
f 555/449/541 568/436/554 569/437/555 556/450/542
f 499/451/485 529/438/515 530/439/516 500/452/486
f 500/452/486 530/439/516 531/440/517 501/453/487
f 501/453/487 531/440/517 532/441/518 502/454/488
f 504/455/490 533/456/519 534/457/520 505/458/491
f 505/458/491 534/457/520 535/459/521 506/460/492
f 506/460/492 535/459/521 536/461/522 507/462/493
f 507/462/493 536/461/522 537/463/523 508/464/494
f 508/464/494 537/463/523 538/465/524 509/466/495
f 509/466/495 538/465/524 539/467/525 510/468/496
f 510/468/496 539/467/525 540/469/526 511/470/497
f 511/470/497 540/469/526 541/471/527 512/472/498
f 512/472/498 541/471/527 542/473/528 513/474/499
f 514/475/500 543/476/529 544/477/530 515/478/501
f 515/478/501 544/477/530 545/479/531 516/480/502
f 516/480/502 545/479/531 546/481/532 517/482/503
f 517/482/503 546/481/532 547/483/533 518/484/504
f 520/485/506 548/442/534 549/443/535 521/486/507
f 521/486/507 549/443/535 550/444/536 522/487/508
f 522/487/508 550/444/536 551/445/537 523/488/509
f 523/488/509 551/445/537 552/446/538 524/489/510
f 524/489/510 552/446/538 553/447/539 525/490/511
f 525/490/511 553/447/539 554/448/540 526/491/512
f 526/491/512 554/448/540 555/449/541 527/492/513
f 527/492/513 555/449/541 556/450/542 528/493/514
f 469/494/456 499/451/485 500/452/486 470/495/457
f 470/495/457 500/452/486 501/453/487 471/496/458
f 471/496/458 501/453/487 502/454/488 472/497/459
f 472/497/459 502/454/488 503/498/489 473/499/460
f 473/499/460 503/498/489 504/455/490 474/500/461
f 474/500/461 504/455/490 505/458/491 475/501/462
f 475/501/462 505/458/491 506/460/492 476/502/463
f 476/502/463 506/460/492 507/462/493 477/503/464
f 477/503/464 507/462/493 508/464/494 478/504/465
f 478/504/465 508/464/494 509/466/495 479/505/466
f 479/505/466 509/466/495 510/468/496 480/506/467
f 480/506/467 510/468/496 511/470/497 481/507/468
f 481/507/468 511/470/497 512/472/498 482/508/469
f 482/508/469 512/472/498 513/474/499 483/509/470
f 484/510/471 514/475/500 515/478/501 485/511/472
f 485/511/472 515/478/501 516/480/502 486/512/473
f 486/512/473 516/480/502 517/482/503 487/513/367
f 487/513/367 517/482/503 518/484/504 488/514/474
f 488/514/474 518/484/504 519/515/505 489/516/475
f 489/516/475 519/515/505 520/485/506 490/517/476
f 490/517/476 520/485/506 521/486/507 491/518/477
f 491/518/477 521/486/507 522/487/508 492/519/478
f 492/519/478 522/487/508 523/488/509 493/520/479
f 493/520/479 523/488/509 524/489/510 494/521/480
f 494/521/480 524/489/510 525/490/511 495/522/481
f 495/522/481 525/490/511 526/491/512 496/523/482
f 496/523/482 526/491/512 527/492/513 497/524/483
f 497/524/483 527/492/513 528/493/514 498/525/484
f 439/526/426 469/494/456 470/495/457 440/527/427
f 440/527/427 470/495/457 471/496/458 441/528/428
f 441/528/428 471/496/458 472/497/459 442/529/429
f 442/529/429 472/497/459 473/499/460 443/530/430
f 443/530/430 473/499/460 474/500/461 444/531/431
f 444/531/431 474/500/461 475/501/462 445/532/432
f 445/532/432 475/501/462 476/502/463 446/533/433
f 446/533/433 476/502/463 477/503/464 447/534/434
f 447/534/434 477/503/464 478/504/465 448/535/435
f 448/535/435 478/504/465 479/505/466 449/536/436
f 449/536/436 479/505/466 480/506/467 450/537/437
f 450/537/437 480/506/467 481/507/468 451/538/438
f 451/538/438 481/507/468 482/508/469 452/539/439
f 452/539/439 482/508/469 483/509/470 453/540/440
f 454/541/441 484/510/471 485/511/472 455/542/442
f 455/542/442 485/511/472 486/512/473 456/543/443
f 456/543/443 486/512/473 487/513/367 457/544/444
f 457/544/444 487/513/367 488/514/474 458/545/445
f 458/545/445 488/514/474 489/516/475 459/546/446
f 459/546/446 489/516/475 490/517/476 460/547/447
f 460/547/447 490/517/476 491/518/477 461/548/448
f 461/548/448 491/518/477 492/519/478 462/549/449
f 462/549/449 492/519/478 493/520/479 463/550/450
f 463/550/450 493/520/479 494/521/480 464/551/451
f 464/551/451 494/521/480 495/522/481 465/552/452
f 465/552/452 495/522/481 496/523/482 466/553/453
f 466/553/453 496/523/482 497/524/483 467/554/454
f 467/554/454 497/524/483 498/525/484 468/555/455
f 409/556/397 439/526/426 440/527/427 410/557/398
f 410/557/398 440/527/427 441/528/428 411/558/399
f 411/558/399 441/528/428 442/529/429 412/559/400
f 412/559/400 442/529/429 443/530/430 413/560/401
f 413/560/401 443/530/430 444/531/431 414/561/402
f 414/561/402 444/531/431 445/532/432 415/562/403
f 415/562/403 445/532/432 446/533/433 416/563/404
f 416/563/404 446/533/433 447/534/434 417/564/405
f 417/564/405 447/534/434 448/535/435 418/565/406
f 418/565/406 448/535/435 449/536/436 419/566/407
f 419/566/407 449/536/436 450/537/437 420/567/408
f 420/567/408 450/537/437 451/538/438 421/568/409
f 421/568/409 451/538/438 452/539/439 422/569/410
f 422/569/410 452/539/439 453/540/440 423/570/411
f 424/571/412 454/541/441 455/542/442 425/572/413
f 425/572/413 455/542/442 456/543/443 426/573/414
f 426/573/414 456/543/443 457/544/444 427/574/415
f 427/574/415 457/544/444 458/545/445 428/575/416
f 428/575/416 458/545/445 459/546/446 429/576/417
f 429/576/417 459/546/446 460/547/447 430/577/418
f 430/577/418 460/547/447 461/548/448 431/578/419
f 431/578/419 461/548/448 462/549/449 432/579/420
f 432/579/420 462/549/449 463/550/450 433/580/421
f 433/580/421 463/550/450 464/551/451 434/581/422
f 434/581/422 464/551/451 465/552/452 435/582/312
f 435/582/312 465/552/452 466/553/453 436/583/423
f 436/583/423 466/553/453 467/554/454 437/584/424
f 437/584/424 467/554/454 468/555/455 438/585/425
f 381/586/371 409/556/397 410/557/398 382/587/372
f 382/587/372 410/557/398 411/558/399 383/588/373
f 383/588/373 411/558/399 412/559/400 384/589/374
f 384/589/374 412/559/400 413/560/401 385/590/375
f 385/590/375 413/560/401 414/561/402 386/591/376
f 386/591/376 414/561/402 415/562/403 387/592/377
f 387/592/377 415/562/403 416/563/404 388/593/378
f 388/593/378 416/563/404 417/564/405 389/594/379
f 389/594/379 417/564/405 418/565/406 390/595/380
f 390/595/380 418/565/406 419/566/407 391/596/381
f 391/596/381 419/566/407 420/567/408 392/597/382
f 392/597/382 420/567/408 421/568/409 393/598/383
f 393/598/383 421/568/409 422/569/410 394/599/384
f 395/600/385 425/572/413 426/573/414 396/601/386
f 396/601/386 426/573/414 427/574/415 397/602/387
f 397/602/387 427/574/415 428/575/416 398/603/388
f 398/603/388 428/575/416 429/576/417 399/604/389
f 399/604/389 429/576/417 430/577/418 400/605/390
f 400/605/390 430/577/418 431/578/419 401/606/391
f 401/606/391 431/578/419 432/579/420 402/607/392
f 402/607/392 432/579/420 433/580/421 403/608/393
f 403/608/393 433/580/421 434/581/422 404/609/187
f 404/609/187 434/581/422 435/582/312 405/610/394
f 405/610/394 435/582/312 436/583/423 406/611/219
f 406/611/219 436/583/423 437/584/424 407/612/395
f 407/612/395 437/584/424 438/585/425 408/613/396
f 350/614/342 381/586/371 382/587/372 351/615/343
f 351/615/343 382/587/372 383/588/373 352/616/344
f 352/616/344 383/588/373 384/589/374 353/617/345
f 353/617/345 384/589/374 385/590/375 354/618/346
f 354/618/346 385/590/375 386/591/376 355/619/347
f 355/619/347 386/591/376 387/592/377 356/620/348
f 356/620/348 387/592/377 388/593/378 357/621/349
f 357/621/349 388/593/378 389/594/379 358/622/350
f 358/622/350 389/594/379 390/595/380 359/623/351
f 359/623/351 390/595/380 391/596/381 360/624/352
f 360/624/352 391/596/381 392/597/382 361/625/353
f 361/625/353 392/597/382 393/598/383 362/626/354
f 362/626/354 393/598/383 394/599/384 363/627/355
f 367/628/359 395/600/385 396/601/386 368/629/360
f 368/629/360 396/601/386 397/602/387 369/630/361
f 369/630/361 397/602/387 398/603/388 370/631/362
f 370/631/362 398/603/388 399/604/389 371/632/363
f 371/632/363 399/604/389 400/605/390 372/633/364
f 372/633/364 400/605/390 401/606/391 373/634/365
f 373/634/365 401/606/391 402/607/392 374/635/366
f 374/635/366 402/607/392 403/608/393 375/636/367
f 375/636/367 403/608/393 404/609/187 376/637/368
f 376/637/368 404/609/187 405/610/394 377/638/187
f 377/638/187 405/610/394 406/611/219 378/639/160
f 378/639/160 406/611/219 407/612/395 379/640/369
f 379/640/369 407/612/395 408/613/396 380/641/370
f 319/642/314 350/614/342 351/615/343 320/643/315
f 320/643/315 351/615/343 352/616/344 321/644/316
f 321/644/316 352/616/344 353/617/345 322/645/317
f 322/645/317 353/617/345 354/618/346 323/646/318
f 323/646/318 354/618/346 355/619/347 324/647/319
f 324/647/319 355/619/347 356/620/348 325/648/320
f 325/648/320 356/620/348 357/621/349 326/649/321
f 326/649/321 357/621/349 358/622/350 327/650/322
f 327/650/322 358/622/350 359/623/351 328/651/323
f 328/651/323 359/623/351 360/624/352 329/652/324
f 329/652/324 360/624/352 361/625/353 330/653/325
f 330/653/325 361/625/353 362/626/354 331/654/326
f 331/654/326 362/626/354 363/627/355 332/655/327
f 332/655/327 363/627/355 364/656/356 333/657/328
f 333/657/328 364/656/356 365/658/357 334/659/329
f 334/659/329 365/658/357 366/660/358 335/661/330
f 335/661/330 366/660/358 367/628/359 336/662/331
f 336/662/331 367/628/359 368/629/360 337/663/332
f 337/663/332 368/629/360 369/630/361 338/664/333
f 338/664/333 369/630/361 370/631/362 339/665/334
f 339/665/334 370/631/362 371/632/363 340/666/335
f 340/666/335 371/632/363 372/633/364 341/667/336
f 341/667/336 372/633/364 373/634/365 342/668/337
f 342/668/337 373/634/365 374/635/366 343/669/338
f 343/669/338 374/635/366 375/636/367 344/670/339
f 344/670/339 375/636/367 376/637/368 345/671/340
f 345/671/340 376/637/368 377/638/187 346/672/73
f 346/672/73 377/638/187 378/639/160 347/673/341
f 347/673/341 378/639/160 379/640/369 348/674/188
f 348/674/188 379/640/369 380/641/370 349/675/191
f 288/676/284 319/642/314 320/643/315 289/677/285
f 289/677/285 320/643/315 321/644/316 290/678/286
f 290/678/286 321/644/316 322/645/317 291/679/287
f 291/679/287 322/645/317 323/646/318 292/680/288
f 292/680/288 323/646/318 324/647/319 293/681/289
f 293/681/289 324/647/319 325/648/320 294/682/290
f 294/682/290 325/648/320 326/649/321 295/683/291
f 295/683/291 326/649/321 327/650/322 296/684/292
f 296/684/292 327/650/322 328/651/323 297/685/293
f 297/685/293 328/651/323 329/652/324 298/686/294
f 298/686/294 329/652/324 330/653/325 299/687/295
f 299/687/295 330/653/325 331/654/326 300/688/296
f 300/688/296 331/654/326 332/655/327 301/689/297
f 301/689/297 332/655/327 333/657/328 302/690/298
f 302/690/298 333/657/328 334/659/329 303/691/299
f 303/691/299 334/659/329 335/661/330 304/692/300
f 304/692/300 335/661/330 336/662/331 305/693/301
f 305/693/301 336/662/331 337/663/332 306/694/302
f 306/694/302 337/663/332 338/664/333 307/695/303
f 307/695/303 338/664/333 339/665/334 308/696/304
f 308/696/304 339/665/334 340/666/335 309/697/305
f 309/697/305 340/666/335 341/667/336 310/698/306
f 310/698/306 341/667/336 342/668/337 311/699/307
f 311/699/307 342/668/337 343/669/338 312/700/308
f 312/700/308 343/669/338 344/670/339 313/701/309
f 313/701/309 344/670/339 345/671/340 314/702/310
f 314/702/310 345/671/340 346/672/73 315/703/280
f 315/703/280 346/672/73 347/673/341 316/704/311
f 316/704/311 347/673/341 348/674/188 317/705/312
f 317/705/312 348/674/188 349/675/191 318/706/313
f 257/707/253 288/676/284 289/677/285 258/708/254
f 258/708/254 289/677/285 290/678/286 259/709/255
f 259/709/255 290/678/286 291/679/287 260/710/256
f 260/710/256 291/679/287 292/680/288 261/711/257
f 261/711/257 292/680/288 293/681/289 262/712/258
f 262/712/258 293/681/289 294/682/290 263/713/259
f 263/713/259 294/682/290 295/683/291 264/714/260
f 264/714/260 295/683/291 296/684/292 265/715/261
f 265/715/261 296/684/292 297/685/293 266/716/262
f 266/716/262 297/685/293 298/686/294 267/717/263
f 267/717/263 298/686/294 299/687/295 268/718/264
f 268/718/264 299/687/295 300/688/296 269/719/265
f 269/719/265 300/688/296 301/689/297 270/720/266
f 270/720/266 301/689/297 302/690/298 271/721/267
f 271/721/267 302/690/298 303/691/299 272/722/268
f 272/722/268 303/691/299 304/692/300 273/723/269
f 273/723/269 304/692/300 305/693/301 274/724/270
f 274/724/270 305/693/301 306/694/302 275/725/271
f 275/725/271 306/694/302 307/695/303 276/726/272
f 276/726/272 307/695/303 308/696/304 277/727/273
f 277/727/273 308/696/304 309/697/305 278/728/274
f 278/728/274 309/697/305 310/698/306 279/729/275
f 279/729/275 310/698/306 311/699/307 280/730/276
f 280/730/276 311/699/307 312/700/308 281/731/277
f 281/731/277 312/700/308 313/701/309 282/732/278
f 282/732/278 313/701/309 314/702/310 283/733/279
f 283/733/279 314/702/310 315/703/280 284/734/280
f 284/734/280 315/703/280 316/704/311 285/735/281
f 285/735/281 316/704/311 317/705/312 286/736/282
f 286/736/282 317/705/312 318/706/313 287/737/283
f 226/738/223 257/707/253 258/708/254 227/739/224
f 227/739/224 258/708/254 259/709/255 228/740/225
f 228/740/225 259/709/255 260/710/256 229/741/226
f 229/741/226 260/710/256 261/711/257 230/742/227
f 230/742/227 261/711/257 262/712/258 231/743/228
f 231/743/228 262/712/258 263/713/259 232/744/229
f 232/744/229 263/713/259 264/714/260 233/745/230
f 233/745/230 264/714/260 265/715/261 234/746/231
f 234/746/231 265/715/261 266/716/262 235/747/232
f 235/747/232 266/716/262 267/717/263 236/748/233
f 236/748/233 267/717/263 268/718/264 237/749/234
f 237/749/234 268/718/264 269/719/265 238/750/235
f 238/750/235 269/719/265 270/720/266 239/751/236
f 239/751/236 270/720/266 271/721/267 240/752/237
f 240/752/237 271/721/267 272/722/268 241/753/238
f 241/753/238 272/722/268 273/723/269 242/754/239
f 242/754/239 273/723/269 274/724/270 243/755/240
f 243/755/240 274/724/270 275/725/271 244/756/241
f 244/756/241 275/725/271 276/726/272 245/757/242
f 245/757/242 276/726/272 277/727/273 246/758/243
f 246/758/243 277/727/273 278/728/274 247/759/244
f 247/759/244 278/728/274 279/729/275 248/760/245
f 248/760/245 279/729/275 280/730/276 249/761/246
f 249/761/246 280/730/276 281/731/277 250/762/247
f 250/762/247 281/731/277 282/732/278 251/763/248
f 251/763/248 282/732/278 283/733/279 252/764/249
f 252/764/249 283/733/279 284/734/280 253/765/250
f 253/765/250 284/734/280 285/735/281 254/766/251
f 254/766/251 285/735/281 286/736/282 255/767/252
f 255/767/252 286/736/282 287/737/283 256/768/84
f 195/769/192 226/738/223 227/739/224 196/770/193
f 196/770/193 227/739/224 228/740/225 197/771/194
f 197/771/194 228/740/225 229/741/226 198/772/195
f 198/772/195 229/741/226 230/742/227 199/773/196
f 199/773/196 230/742/227 231/743/228 200/774/197
f 200/774/197 231/743/228 232/744/229 201/775/198
f 201/775/198 232/744/229 233/745/230 202/776/199
f 202/776/199 233/745/230 234/746/231 203/777/200
f 203/777/200 234/746/231 235/747/232 204/778/201
f 204/778/201 235/747/232 236/748/233 205/779/202
f 205/779/202 236/748/233 237/749/234 206/780/203
f 206/780/203 237/749/234 238/750/235 207/781/204
f 207/781/204 238/750/235 239/751/236 208/782/205
f 208/782/205 239/751/236 240/752/237 209/783/206
f 209/783/206 240/752/237 241/753/238 210/784/207
f 210/784/207 241/753/238 242/754/239 211/785/208
f 211/785/208 242/754/239 243/755/240 212/786/209
f 212/786/209 243/755/240 244/756/241 213/787/210
f 213/787/210 244/756/241 245/757/242 214/788/211
f 214/788/211 245/757/242 246/758/243 215/789/212
f 215/789/212 246/758/243 247/759/244 216/790/213
f 216/790/213 247/759/244 248/760/245 217/791/214
f 217/791/214 248/760/245 249/761/246 218/792/215
f 218/792/215 249/761/246 250/762/247 219/793/216
f 219/793/216 250/762/247 251/763/248 220/794/217
f 220/794/217 251/763/248 252/764/249 221/795/218
f 221/795/218 252/764/249 253/765/250 222/796/219
f 222/796/219 253/765/250 254/766/251 223/797/220
f 223/797/220 254/766/251 255/767/252 224/798/221
f 224/798/221 255/767/252 256/768/84 225/799/222
f 164/800/161 195/769/192 196/770/193 165/801/162
f 165/801/162 196/770/193 197/771/194 166/802/163
f 166/802/163 197/771/194 198/772/195 167/803/164
f 167/803/164 198/772/195 199/773/196 168/804/165
f 168/804/165 199/773/196 200/774/197 169/805/166
f 169/805/166 200/774/197 201/775/198 170/806/167
f 170/806/167 201/775/198 202/776/199 171/807/168
f 171/807/168 202/776/199 203/777/200 172/808/169
f 172/808/169 203/777/200 204/778/201 173/809/170
f 173/809/170 204/778/201 205/779/202 174/810/171
f 174/810/171 205/779/202 206/780/203 175/811/172
f 175/811/172 206/780/203 207/781/204 176/812/173
f 176/812/173 207/781/204 208/782/205 177/813/174
f 177/813/174 208/782/205 209/783/206 178/814/175
f 178/814/175 209/783/206 210/784/207 179/815/176
f 179/815/176 210/784/207 211/785/208 180/816/177
f 180/816/177 211/785/208 212/786/209 181/817/178
f 181/817/178 212/786/209 213/787/210 182/818/179
f 182/818/179 213/787/210 214/788/211 183/819/180
f 183/819/180 214/788/211 215/789/212 184/820/181
f 184/820/181 215/789/212 216/790/213 185/821/182
f 185/821/182 216/790/213 217/791/214 186/822/183
f 186/822/183 217/791/214 218/792/215 187/823/184
f 187/823/184 218/792/215 219/793/216 188/824/185
f 188/824/185 219/793/216 220/794/217 189/825/186
f 189/825/186 220/794/217 221/795/218 190/826/187
f 190/826/187 221/795/218 222/796/219 191/827/188
f 191/827/188 222/796/219 223/797/220 192/828/189
f 192/828/189 223/797/220 224/798/221 193/829/190
f 193/829/190 224/798/221 225/799/222 194/830/191
f 133/831/132 164/800/161 165/801/162 134/832/133
f 134/832/133 165/801/162 166/802/163 135/833/134
f 135/833/134 166/802/163 167/803/164 136/834/135
f 136/834/135 167/803/164 168/804/165 137/835/136
f 137/835/136 168/804/165 169/805/166 138/836/137
f 138/836/137 169/805/166 170/806/167 139/837/138
f 139/837/138 170/806/167 171/807/168 140/838/139
f 140/838/139 171/807/168 172/808/169 141/839/140
f 141/839/140 172/808/169 173/809/170 142/840/141
f 142/840/141 173/809/170 174/810/171 143/841/142
f 143/841/142 174/810/171 175/811/172 144/842/143
f 144/842/143 175/811/172 176/812/173 145/843/144
f 145/843/144 176/812/173 177/813/174 146/844/145
f 146/844/145 177/813/174 178/814/175 147/845/146
f 147/845/146 178/814/175 179/815/176 148/846/147
f 148/846/147 179/815/176 180/816/177 149/847/148
f 149/847/148 180/816/177 181/817/178 150/848/149
f 150/848/149 181/817/178 182/818/179 151/849/150
f 151/849/150 182/818/179 183/819/180 152/850/151
f 152/850/151 183/819/180 184/820/181 153/851/152
f 153/851/152 184/820/181 185/821/182 154/852/153
f 154/852/153 185/821/182 186/822/183 155/853/154
f 155/853/154 186/822/183 187/823/184 156/854/155
f 156/854/155 187/823/184 188/824/185 157/855/156
f 157/855/156 188/824/185 189/825/186 158/856/72
f 158/856/72 189/825/186 190/826/187 159/857/157
f 159/857/157 190/826/187 191/827/188 160/858/158
f 160/858/158 191/827/188 192/828/189 161/859/62
f 161/859/62 192/828/189 193/829/190 162/860/159
f 162/860/159 193/829/190 194/830/191 163/861/160
f 94/862/93 93/863/92 1013/863/991 1014/862/992
f 67/864/66 3/865/3 995/865/978 996/864/979
f 91/866/90 90/867/89 1011/867/989 1012/866/990
f 88/868/87 87/869/86 1009/869/987 1010/868/988
f 85/870/84 84/871/83 1007/871/986 1008/870/986
f 82/872/81 81/873/80 1005/873/985 1006/872/985
f 1/874/1 99/875/98 1017/875/995 994/874/977
f 79/876/78 78/877/77 1003/877/984 1004/876/984
f 76/878/75 75/879/74 1001/879/983 1002/878/983
f 73/880/72 72/881/71 999/881/981 1000/880/982
f 97/882/96 96/883/95 1015/883/993 1016/882/994
f 70/884/69 69/885/68 997/885/980 998/884/980
f 1000/880/982 999/881/981 1023/881/1001 1024/880/1002
f 1014/862/992 1013/863/991 1037/863/1010 1038/862/1011
f 994/874/977 1017/875/995 1041/875/1014 1018/874/996
f 1008/870/986 1007/871/986 1031/871/1006 1032/870/1006
f 1002/878/983 1001/879/983 1025/879/1003 1026/878/1003
f 1016/882/994 1015/883/993 1039/883/1012 1040/882/1013
f 996/864/979 995/865/978 1019/865/997 1020/864/998
f 1010/868/988 1009/869/987 1033/869/1007 1034/868/1007
f 1004/876/984 1003/877/984 1027/877/1004 1028/876/1004
f 998/884/980 997/885/980 1021/885/999 1022/884/1000
f 1012/866/990 1011/867/989 1035/867/1008 1036/866/1009
f 1006/872/985 1005/873/985 1029/873/1005 1030/872/1005
f 1054/872/1026 1053/873/1026 1077/873/1043 1078/872/1043
f 1048/880/1021 1047/881/1020 1071/881/1040 1072/880/1040
f 1062/862/1033 1061/863/1032 1085/863/1047 1086/862/1047
f 1042/874/1015 1065/875/1036 1089/875/1037 1066/874/1037
f 1056/870/1027 1055/871/1027 1079/871/1044 1080/870/1044
f 1050/878/1023 1049/879/1022 1073/879/1041 1074/878/1041
f 1064/882/1035 1063/883/1034 1087/883/1048 1088/882/1048
f 1044/864/1017 1043/865/1016 1067/865/1038 1068/864/1038
f 1058/868/1029 1057/869/1028 1081/869/1045 1082/868/1045
f 1052/876/1025 1051/877/1024 1075/877/1042 1076/876/1042
f 1046/884/1019 1045/885/1018 1069/885/1039 1070/884/1039
f 1060/866/1031 1059/867/1030 1083/867/1046 1084/866/1046
f 118/886/117 117/887/116 1103/887/1062 1104/886/1063
f 4/888/4 132/889/131 1113/889/1072 1091/888/1050
f 115/890/114 114/891/113 1101/891/1060 1102/890/1061
f 112/892/111 111/893/110 1099/893/1058 1100/892/1059
f 109/894/108 108/895/107 1097/895/1056 1098/894/1057
f 106/896/105 105/897/104 1095/897/1054 1096/896/1055
f 130/898/129 129/899/128 1111/899/1070 1112/898/1071
f 103/900/102 102/901/101 1093/901/1052 1094/900/1053
f 127/902/126 126/903/125 1109/903/1068 1110/902/1069
f 100/904/99 2/905/2 1090/905/1049 1092/904/1051
f 124/906/123 123/907/122 1107/907/1066 1108/906/1067
f 121/908/120 120/909/119 1105/909/1064 1106/908/1065
f 1094/900/1053 1093/901/1052 1117/901/1076 1118/900/1077
f 1108/906/1067 1107/907/1066 1131/907/1090 1132/906/1091
f 1102/890/1061 1101/891/1060 1125/891/1084 1126/890/1085
f 1096/896/1055 1095/897/1054 1119/897/1078 1120/896/1079
f 1110/902/1069 1109/903/1068 1133/903/1092 1134/902/1093
f 1091/888/1050 1113/889/1072 1137/889/1096 1115/888/1074
f 1104/886/1063 1103/887/1062 1127/887/1086 1128/886/1087
f 1098/894/1057 1097/895/1056 1121/895/1080 1122/894/1081
f 1112/898/1071 1111/899/1070 1135/899/1094 1136/898/1095
f 1092/904/1051 1090/905/1049 1114/905/1073 1116/904/1075
f 1106/908/1065 1105/909/1064 1129/909/1088 1130/908/1089
f 1100/892/1059 1099/893/1058 1123/893/1082 1124/892/1083
f 1154/908/1113 1153/909/1112 1177/909/1129 1178/908/1129
f 1148/892/1107 1147/893/1106 1171/893/1126 1172/892/1126
f 1142/900/1101 1141/901/1100 1165/901/1123 1166/900/1123
f 1156/906/1115 1155/907/1114 1179/907/1130 1180/906/1130
f 1150/890/1109 1149/891/1108 1173/891/1127 1174/890/1127
f 1144/896/1103 1143/897/1102 1167/897/1124 1168/896/1124
f 1158/902/1117 1157/903/1116 1181/903/1131 1182/902/1131
f 1139/888/1098 1161/889/1120 1185/889/1122 1163/888/1122
f 1152/886/1111 1151/887/1110 1175/887/1128 1176/886/1128
f 1146/894/1105 1145/895/1104 1169/895/1125 1170/894/1125
f 1160/898/1119 1159/899/1118 1183/899/1132 1184/898/1132
f 1140/904/1099 1138/905/1097 1162/905/1121 1164/904/1121
f 363/627/355 394/599/384 1190/914/1137 1193/917/1140 364/656/356
f 394/599/384 422/569/410 423/570/411 1191/915/1138 1190/914/1137
f 364/656/356 1193/917/1140 1192/916/1139 1194/918/1141 1197/921/1144 365/658/357
f 1192/916/1139 1191/915/1138 423/570/411 1202/926/1149 1205/929/1152 1195/919/1142 1194/918/1141
f 365/658/357 1197/921/1144 1196/920/1143 1198/922/1145 1201/925/1148 366/660/358
f 1196/920/1143 1195/919/1142 1205/929/1152 1204/928/1151 424/571/412 1199/923/1146 1198/922/1145
f 366/660/358 1201/925/1148 1200/924/1147 395/600/385 367/628/359
f 1200/924/1147 1199/923/1146 424/571/412 425/572/413 395/600/385
f 423/570/411 453/540/440 1206/930/1153 1209/933/1156 1203/927/1150 1202/926/1149
f 1204/928/1151 1203/927/1150 1209/933/1156 1208/932/1155 454/541/441 424/571/412
f 453/540/440 483/509/470 1210/934/1157 1213/937/1160 1207/931/1154 1206/930/1153
f 1208/932/1155 1207/931/1154 1213/937/1160 1212/936/1159 484/510/471 454/541/441
f 483/509/470 513/474/499 1214/938/1161 1217/941/1164 1211/935/1158 1210/934/1157
f 1212/936/1159 1211/935/1158 1217/941/1164 1216/940/1163 514/475/500 484/510/471
f 513/474/499 542/473/528 1225/949/1172 1224/948/1171 1215/939/1162 1214/938/1161
f 1216/940/1163 1215/939/1162 1224/948/1171 1223/947/1170 543/476/529 514/475/500
f 502/454/488 532/441/518 1218/942/1165 1221/945/1168 503/498/489
f 532/441/518 560/428/546 1230/954/1177 1233/957/1180 1219/943/1166 1218/942/1165
f 503/498/489 1221/945/1168 1220/944/1167 533/456/519 504/455/490
f 1220/944/1167 1219/943/1166 1233/957/1180 1232/956/1179 1234/958/1181 1237/961/1184 533/456/519
f 542/473/528 1273/997/1220 1272/996/1219 1186/910/1133 1189/913/1136 1222/946/1169 1225/949/1172
f 1223/947/1170 1222/946/1169 1189/913/1136 1188/912/1135 1275/999/1222 1274/998/1221 543/476/529
f 518/484/504 547/483/533 1226/950/1173 1229/953/1176 519/515/505
f 547/483/533 1293/1017/1240 1292/1016/1239 1294/1018/1241 1297/1021/1244 1227/951/1174 1226/950/1173
f 519/515/505 1229/953/1176 1228/952/1175 548/442/534 520/485/506
f 1228/952/1175 1227/951/1174 1297/1021/1244 1296/1020/1243 561/429/547 548/442/534
f 560/428/546 573/400/559 1298/1022/1245 1301/1025/1248 1231/955/1178 1230/954/1177
f 1232/956/1179 1231/955/1178 1301/1025/1248 1300/1024/1247 574/401/560 1235/959/1182 1234/958/1181
f 533/456/519 1237/961/1184 1236/960/1183 1238/962/1185 1241/965/1188 534/457/520
f 1236/960/1183 1235/959/1182 574/401/560 575/402/561 1239/963/1186 1238/962/1185
f 534/457/520 1241/965/1188 1240/964/1187 1242/966/1189 1245/969/1192 535/459/521
f 1240/964/1187 1239/963/1186 575/402/561 576/403/562 1243/967/1190 1242/966/1189
f 535/459/521 1245/969/1192 1244/968/1191 1246/970/1193 1249/973/1196 536/461/522
f 1244/968/1191 1243/967/1190 576/403/562 577/404/563 1247/971/1194 1246/970/1193
f 536/461/522 1249/973/1196 1248/972/1195 1250/974/1197 1253/977/1200 537/463/523
f 1248/972/1195 1247/971/1194 577/404/563 578/405/564 1251/975/1198 1250/974/1197
f 537/463/523 1253/977/1200 1252/976/1199 1254/978/1201 1257/981/1204 538/465/524
f 1252/976/1199 1251/975/1198 578/405/564 579/406/565 1255/979/1202 1254/978/1201
f 538/465/524 1257/981/1204 1256/980/1203 1258/982/1205 1261/985/1208 539/467/525
f 1256/980/1203 1255/979/1202 579/406/565 580/407/566 1259/983/1206 1258/982/1205
f 539/467/525 1261/985/1208 1260/984/1207 1262/986/1209 1265/989/1212 540/469/526
f 1260/984/1207 1259/983/1206 580/407/566 581/408/567 1263/987/1210 1262/986/1209
f 540/469/526 1265/989/1212 1264/988/1211 1266/990/1213 1269/993/1216 541/471/527
f 1264/988/1211 1263/987/1210 581/408/567 582/409/568 1267/991/1214 1266/990/1213
f 541/471/527 1269/993/1216 1268/992/1215 1270/994/1217 1273/997/1220 542/473/528
f 1268/992/1215 1267/991/1214 582/409/568 583/410/569 1271/995/1218 1270/994/1217
f 1272/996/1219 1271/995/1218 583/410/569 1302/1026/1249 1305/1029/1252 1187/911/1134 1186/910/1133
f 543/476/529 1274/998/1221 1277/1001/1224 1278/1002/1225 1281/1005/1228 544/477/530
f 1277/1001/1224 1276/1000/1223 584/411/570 585/412/571 1279/1003/1226 1278/1002/1225
f 1188/912/1135 1187/911/1134 1305/1029/1252 1304/1028/1251 584/411/570 1276/1000/1223 1275/999/1222
f 544/477/530 1281/1005/1228 1280/1004/1227 1282/1006/1229 1285/1009/1232 545/479/531
f 1280/1004/1227 1279/1003/1226 585/412/571 586/413/572 1283/1007/1230 1282/1006/1229
f 545/479/531 1285/1009/1232 1284/1008/1231 1286/1010/1233 1289/1013/1236 546/481/532
f 1284/1008/1231 1283/1007/1230 586/413/572 587/414/573 1287/1011/1234 1286/1010/1233
f 546/481/532 1289/1013/1236 1288/1012/1235 1290/1014/1237 1293/1017/1240 547/483/533
f 1288/1012/1235 1287/1011/1234 587/414/573 588/415/574 1291/1015/1238 1290/1014/1237
f 1292/1016/1239 1291/1015/1238 588/415/574 1306/1030/1253 1309/1033/1256 1295/1019/1242 1294/1018/1241
f 1296/1020/1243 1295/1019/1242 1309/1033/1256 1308/1032/1255 589/416/575 561/429/547
f 573/400/559 601/370/587 602/371/588 1299/1023/1246 1298/1022/1245
f 1300/1024/1247 1299/1023/1246 602/371/588 603/372/589 574/401/560
f 583/410/569 612/381/598 1310/1034/1257 1313/1037/1260 1303/1027/1250 1302/1026/1249
f 1304/1028/1251 1303/1027/1250 1313/1037/1260 1312/1036/1259 613/382/599 584/411/570
f 588/415/574 617/386/603 618/387/604 1307/1031/1254 1306/1030/1253
f 1308/1032/1255 1307/1031/1254 618/387/604 619/388/605 589/416/575
f 612/381/598 642/351/628 1314/1038/1261 1317/1041/1264 1311/1035/1258 1310/1034/1257
f 1312/1036/1259 1311/1035/1258 1317/1041/1264 1316/1040/1263 643/352/629 613/382/599
f 642/351/628 672/320/657 1318/1042/1265 1321/1045/1268 1315/1039/1262 1314/1038/1261
f 1316/1040/1263 1315/1039/1262 1321/1045/1268 1320/1044/1267 673/321/658 643/352/629
f 672/320/657 702/319/685 1322/1046/1269 1325/1049/1272 1319/1043/1266 1318/1042/1265
f 1320/1044/1267 1319/1043/1266 1325/1049/1272 1324/1048/1271 703/322/686 673/321/658
f 702/319/685 1329/1053/1276 1328/1052/1275 1330/1054/1277 1333/1057/1280 1323/1047/1270 1322/1046/1269
f 1324/1048/1271 1323/1047/1270 1333/1057/1280 1332/1056/1279 1334/1058/1281 1337/1061/1284 703/322/686
f 701/290/684 731/262/714 1326/1050/1273 1329/1053/1276 702/319/685
f 731/262/714 759/231/742 760/232/743 1327/1051/1274 1326/1050/1273
f 1328/1052/1275 1327/1051/1274 760/232/743 761/233/744 1331/1055/1278 1330/1054/1277
f 1332/1056/1279 1331/1055/1278 761/233/744 762/234/745 1335/1059/1282 1334/1058/1281
f 703/322/686 1337/1061/1284 1336/1060/1283 732/263/715 704/291/687
f 1336/1060/1283 1335/1059/1282 762/234/745 763/235/746 732/263/715
f 1/874/1 5/1310/5 1338/1065/1285 99/875/98
f 5/1310/5 6/1311/6 1405/1307/1347 1338/1065/1285
f 99/875/98 1338/1065/1285 1341/1064/1288 98/1312/97
f 1339/1062/1286 1404/1306/1346 133/831/132 1340/1063/1287
f 98/1312/97 1341/1064/1288 1343/1067/1290 97/882/96
f 1340/1063/1287 133/831/132 134/832/133 1342/1066/1289
f 97/882/96 1343/1067/1290 1345/1069/1292 96/883/95
f 1342/1066/1289 134/832/133 135/833/134 1344/1068/1291
f 96/883/95 1345/1069/1292 1347/1071/1294 95/1313/94
f 1344/1068/1291 135/833/134 136/834/135 1346/1070/1293
f 95/1313/94 1347/1071/1294 1349/1073/1296 94/862/93
f 1346/1070/1293 136/834/135 137/835/136 1348/1072/1295
f 94/862/93 1349/1073/1296 1351/1075/1298 93/863/92
f 1348/1072/1295 137/835/136 138/836/137 1350/1074/1297
f 93/863/92 1351/1075/1298 1353/1077/1300 92/1314/91
f 1350/1074/1297 138/836/137 139/837/138 1352/1076/1299
f 92/1314/91 1353/1077/1300 1355/1079/1302 91/866/90
f 1352/1076/1299 139/837/138 140/838/139 1354/1078/1301
f 91/866/90 1355/1079/1302 1357/1081/1304 90/867/89
f 1354/1078/1301 140/838/139 141/839/140 1356/1080/1303
f 90/867/89 1357/1081/1304 1359/1083/1306 89/1315/88
f 1356/1080/1303 141/839/140 142/840/141 1358/1082/1305
f 89/1315/88 1359/1083/1306 1361/1085/1308 88/868/87
f 1358/1082/1305 142/840/141 143/841/142 1360/1084/1307
f 88/868/87 1361/1085/1308 1363/1087/1310 87/869/86
f 1360/1084/1307 143/841/142 144/842/143 1362/1086/1309
f 87/869/86 1363/1087/1310 1365/1089/1312 86/1316/85
f 1362/1086/1309 144/842/143 145/843/144 1364/1088/1311
f 86/1316/85 1365/1089/1312 1367/1091/1314 85/870/84
f 1364/1088/1311 145/843/144 146/844/145 1366/1090/1313
f 85/870/84 1367/1091/1314 1369/1093/1316 84/871/83
f 1366/1090/1313 146/844/145 147/845/146 1368/1092/1315
f 84/871/83 1369/1093/1316 1371/1095/1318 83/1317/82
f 1368/1092/1315 147/845/146 148/846/147 1370/1094/1317
f 83/1317/82 1371/1095/1318 1373/1097/1320 82/872/81
f 1370/1094/1317 148/846/147 149/847/148 1372/1096/1319
f 82/872/81 1373/1097/1320 1375/1099/1322 81/873/80
f 1372/1096/1319 149/847/148 150/848/149 1374/1098/1321
f 81/873/80 1375/1099/1322 1377/1101/1324 80/1318/79
f 1374/1098/1321 150/848/149 151/849/150 1376/1100/1323
f 80/1318/79 1377/1101/1324 1379/1103/1326 79/876/78
f 1376/1100/1323 151/849/150 152/850/151 1378/1102/1325
f 79/876/78 1379/1103/1326 1381/1105/81 78/877/77
f 1378/1102/1325 152/850/151 153/851/152 1380/1104/1327
f 78/877/77 1381/1105/81 1383/1107/219 77/1319/76
f 1380/1104/1327 153/851/152 154/852/153 1382/1106/1328
f 77/1319/76 1383/1107/219 1385/1109/665 76/878/75
f 1382/1106/1328 154/852/153 155/853/154 1384/1108/1329
f 76/878/75 1385/1109/665 1387/1111/1331 75/879/74
f 1384/1108/1329 155/853/154 156/854/155 1386/1110/1330
f 75/879/74 1387/1111/1331 1389/1113/160 74/1320/73
f 1386/1110/1330 156/854/155 157/855/156 1388/1112/1332
f 74/1320/73 1389/1113/160 1391/1115/1334 73/880/72
f 1388/1112/1332 157/855/156 158/856/72 1390/1114/1333
f 73/880/72 1391/1115/1334 1393/1117/1335 72/881/71
f 1390/1114/1333 158/856/72 159/857/157 1392/1116/1148
f 72/881/71 1393/1117/1335 1395/1119/1337 71/1321/70
f 1392/1116/1148 159/857/157 160/858/158 1394/1118/1336
f 71/1321/70 1395/1119/1337 1397/1121/1339 70/884/69
f 1394/1118/1336 160/858/158 161/859/62 1396/1120/1338
f 70/884/69 1397/1121/1339 1399/1123/1341 69/885/68
f 1396/1120/1338 161/859/62 162/860/159 1398/1122/1340
f 69/885/68 1399/1123/1341 1401/1125/1343 68/1322/67
f 1398/1122/1340 162/860/159 163/861/160 1400/1124/1342
f 68/1322/67 1401/1125/1343 1403/1127/1345 67/864/66
f 1400/1124/1342 163/861/160 1407/1309/63 1402/1126/1344
f 1403/1127/1345 1406/1308/1348 65/1323/64 66/1324/65
f 67/864/66 1403/1127/1345 66/1324/65 3/865/3
f 6/1311/6 7/1325/7 1409/1303/1350 1405/1307/1347
f 1404/1306/1346 1408/1302/1349 164/800/161 133/831/132
f 1406/1308/1348 1410/1304/1351 64/1326/63 65/1323/64
f 163/861/160 194/830/191 1411/1305/67 1407/1309/63
f 7/1325/7 8/1327/8 1413/1299/1353 1409/1303/1350
f 1408/1302/1349 1412/1298/1352 195/769/192 164/800/161
f 1410/1304/1351 1414/1300/159 63/1328/62 64/1326/63
f 194/830/191 225/799/222 1415/1301/73 1411/1305/67
f 8/1327/8 9/1329/9 1417/1295/1355 1413/1299/1353
f 1412/1298/1352 1416/1294/1354 226/738/223 195/769/192
f 1414/1300/159 1418/1296/1356 62/1330/61 63/1328/62
f 225/799/222 256/768/84 1419/1297/82 1415/1301/73
f 9/1329/9 10/1331/10 1421/1291/1358 1417/1295/1355
f 1416/1294/1354 1420/1290/1357 257/707/253 226/738/223
f 1418/1296/1356 1422/1292/1359 61/1332/60 62/1330/61
f 256/768/84 287/737/283 1423/1293/1360 1419/1297/82
f 10/1331/10 11/1333/11 1425/1287/1362 1421/1291/1358
f 1420/1290/1357 1424/1286/1361 288/676/284 257/707/253
f 1422/1292/1359 1426/1288/1363 60/1334/52 61/1332/60
f 287/737/283 318/706/313 1427/1289/1364 1423/1293/1360
f 11/1333/11 12/1335/12 1429/1283/1366 1425/1287/1362
f 1424/1286/1361 1428/1282/1365 319/642/314 288/676/284
f 1426/1288/1363 1430/1284/1367 59/1336/59 60/1334/52
f 318/706/313 349/675/191 1431/1285/1368 1427/1289/1364
f 12/1335/12 13/1337/13 1433/1279/1370 1429/1283/1366
f 1428/1282/1365 1432/1278/1369 350/614/342 319/642/314
f 1430/1284/1367 1434/1280/1371 58/1338/58 59/1336/59
f 349/675/191 380/641/370 1435/1281/1372 1431/1285/1368
f 13/1337/13 14/1339/14 1437/1275/1374 1433/1279/1370
f 1432/1278/1369 1436/1274/1373 381/586/371 350/614/342
f 1434/1280/1371 1438/1276/1375 57/1340/57 58/1338/58
f 380/641/370 408/613/396 1439/1277/1376 1435/1281/1372
f 14/1339/14 15/1341/15 1441/1271/1378 1437/1275/1374
f 1436/1274/1373 1440/1270/1377 409/556/397 381/586/371
f 1438/1276/1375 1442/1272/1379 56/1342/56 57/1340/57
f 408/613/396 438/585/425 1443/1273/1380 1439/1277/1376
f 15/1341/15 16/1343/16 1445/1267/1382 1441/1271/1378
f 1440/1270/1377 1444/1266/1381 439/526/426 409/556/397
f 1442/1272/1379 1446/1268/1383 55/1344/55 56/1342/56
f 438/585/425 468/555/455 1447/1269/1384 1443/1273/1380
f 16/1343/16 17/1345/17 1449/1263/1386 1445/1267/1382
f 1444/1266/1381 1448/1262/1385 469/494/456 439/526/426
f 1446/1268/1383 1450/1264/1387 54/1346/54 55/1344/55
f 468/555/455 498/525/484 1451/1265/1388 1447/1269/1384
f 17/1345/17 18/1347/18 1453/1259/1390 1449/1263/1386
f 1448/1262/1385 1452/1258/1389 499/451/485 469/494/456
f 1450/1264/1387 1454/1260/1391 53/1348/53 54/1346/54
f 498/525/484 528/493/514 1455/1261/1392 1451/1265/1388
f 18/1347/18 19/1349/19 1457/1255/1394 1453/1259/1390
f 1452/1258/1389 1456/1254/1393 529/438/515 499/451/485
f 1454/1260/1391 1458/1256/1395 52/1350/52 53/1348/53
f 528/493/514 556/450/542 1459/1257/1396 1455/1261/1392
f 19/1349/19 20/1351/20 1461/1251/1398 1457/1255/1394
f 1456/1254/1393 1460/1250/1397 557/425/543 529/438/515
f 1458/1256/1395 1462/1252/1399 51/1352/51 52/1350/52
f 556/450/542 569/437/555 1463/1253/1400 1459/1257/1396
f 20/1351/20 21/1353/21 1465/1247/1402 1461/1251/1398
f 1460/1250/1397 1464/1246/1401 570/397/556 557/425/543
f 1462/1252/1399 1466/1248/1403 50/1354/50 51/1352/51
f 569/437/555 597/424/583 1467/1249/1404 1463/1253/1400
f 21/1353/21 22/1355/22 1469/1243/1406 1465/1247/1402
f 1464/1246/1401 1468/1242/1405 598/367/584 570/397/556
f 1466/1248/1403 1470/1244/1407 49/1356/49 50/1354/50
f 597/424/583 627/396/613 1471/1245/1408 1467/1249/1404
f 22/1355/22 23/1357/23 1473/1239/1410 1469/1243/1406
f 1468/1242/1405 1472/1238/1409 628/337/614 598/367/584
f 1470/1244/1407 1474/1240/1411 48/1358/48 49/1356/49
f 627/396/613 657/366/642 1475/1241/1412 1471/1245/1408
f 23/1357/23 24/1359/24 1477/1235/1414 1473/1239/1410
f 1472/1238/1409 1476/1234/1413 658/305/643 628/337/614
f 1474/1240/1411 1478/1236/1415 47/1360/47 48/1358/48
f 657/366/642 687/336/670 1479/1237/1416 1475/1241/1412
f 24/1359/24 25/1361/25 1481/1231/1418 1477/1235/1414
f 1476/1234/1413 1480/1230/1417 688/277/671 658/305/643
f 1478/1236/1415 1482/1232/1419 46/1362/46 47/1360/47
f 687/336/670 717/304/700 1483/1233/1420 1479/1237/1416
f 25/1361/25 26/1363/26 1485/1227/1422 1481/1231/1418
f 1480/1230/1417 1484/1226/1421 718/249/701 688/277/671
f 1482/1232/1419 1486/1228/1423 45/1364/45 46/1362/46
f 717/304/700 745/276/728 1487/1229/1424 1483/1233/1420
f 26/1363/26 27/1365/27 1489/1223/1426 1485/1227/1422
f 1484/1226/1421 1488/1222/1425 746/218/729 718/249/701
f 1486/1228/1423 1490/1224/1427 44/1366/44 45/1364/45
f 745/276/728 776/248/759 1491/1225/1428 1487/1229/1424
f 27/1365/27 28/1367/28 1493/1219/1430 1489/1223/1426
f 1488/1222/1425 1492/1218/1429 777/187/760 746/218/729
f 1490/1224/1427 1494/1220/1431 43/1368/43 44/1366/44
f 776/248/759 807/217/790 1495/1221/1432 1491/1225/1428
f 28/1367/28 29/1369/29 1497/1215/1434 1493/1219/1430
f 1492/1218/1429 1496/1214/1433 808/156/791 777/187/760
f 1494/1220/1431 1498/1216/1435 42/1370/42 43/1368/43
f 807/217/790 838/186/821 1499/1217/1436 1495/1221/1432
f 29/1369/29 30/1371/30 1501/1211/1438 1497/1215/1434
f 1496/1214/1433 1500/1210/1437 839/125/822 808/156/791
f 1498/1216/1435 1502/1212/1439 41/1372/41 42/1370/42
f 838/186/821 869/155/852 1503/1213/1440 1499/1217/1436
f 30/1371/30 31/1373/31 1505/1207/1442 1501/1211/1438
f 1500/1210/1437 1504/1206/1441 870/94/853 839/125/822
f 1502/1212/1439 1506/1208/1443 40/1374/40 41/1372/41
f 869/155/852 900/124/883 1507/1209/1444 1503/1213/1440
f 31/1373/31 32/1375/32 1509/1203/1446 1505/1207/1442
f 1504/1206/1441 1508/1202/1445 901/63/884 870/94/853
f 1506/1208/1443 1510/1204/1447 39/1376/39 40/1374/40
f 900/124/883 931/93/914 1511/1205/1448 1507/1209/1444
f 32/1375/32 33/1377/33 1513/1199/1450 1509/1203/1446
f 1508/1202/1445 1512/1198/1449 932/1/915 901/63/884
f 1510/1204/1447 1514/1200/1451 38/1378/38 39/1376/39
f 931/93/914 962/62/945 1515/1201/1452 1511/1205/1448
f 33/1377/33 34/1379/34 1517/1195/1454 1513/1199/1450
f 1512/1198/1449 1516/1194/1453 963/2/946 932/1/915
f 1514/1200/1451 1518/1196/1455 37/1380/37 38/1378/38
f 962/62/945 993/61/976 1519/1197/1456 1515/1201/1452
f 34/1379/34 35/1381/35 1521/1128/1458 1517/1195/1454
f 1516/1194/1453 1520/1131/1457 1523/1130/1460 963/2/946
f 1518/1196/1455 1584/1192/1521 36/1382/36 37/1380/37
f 993/61/976 1583/1191/1520 1585/1193/1522 1519/1197/1456
f 35/1381/35 2/905/2 100/904/99 1521/1128/1458
f 1521/1128/1458 100/904/99 101/1383/100 1522/1129/1459
f 963/2/946 1523/1130/1460 1525/1133/1462 964/3/947
f 1522/1129/1459 101/1383/100 102/901/101 1524/1132/1461
f 964/3/947 1525/1133/1462 1527/1135/1464 965/5/948
f 1524/1132/1461 102/901/101 103/900/102 1526/1134/1463
f 965/5/948 1527/1135/1464 1529/1137/1466 966/7/949
f 1526/1134/1463 103/900/102 104/1384/103 1528/1136/1465
f 966/7/949 1529/1137/1466 1531/1139/1468 967/9/950
f 1528/1136/1465 104/1384/103 105/897/104 1530/1138/1467
f 967/9/950 1531/1139/1468 1533/1141/1470 968/11/951
f 1530/1138/1467 105/897/104 106/896/105 1532/1140/1469
f 968/11/951 1533/1141/1470 1535/1143/1472 969/13/952
f 1532/1140/1469 106/896/105 107/1385/106 1534/1142/1471
f 969/13/952 1535/1143/1472 1537/1145/1474 970/15/953
f 1534/1142/1471 107/1385/106 108/895/107 1536/1144/1473
f 970/15/953 1537/1145/1474 1539/1147/1476 971/17/954
f 1536/1144/1473 108/895/107 109/894/108 1538/1146/1475
f 971/17/954 1539/1147/1476 1541/1149/1478 972/19/955
f 1538/1146/1475 109/894/108 110/1386/109 1540/1148/1477
f 972/19/955 1541/1149/1478 1543/1151/1480 973/21/956
f 1540/1148/1477 110/1386/109 111/893/110 1542/1150/1479
f 973/21/956 1543/1151/1480 1545/1153/1482 974/23/957
f 1542/1150/1479 111/893/110 112/892/111 1544/1152/1481
f 974/23/957 1545/1153/1482 1547/1155/1484 975/25/958
f 1544/1152/1481 112/892/111 113/1387/112 1546/1154/1483
f 975/25/958 1547/1155/1484 1549/1157/1486 976/27/959
f 1546/1154/1483 113/1387/112 114/891/113 1548/1156/1485
f 976/27/959 1549/1157/1486 1551/1159/1488 977/29/960
f 1548/1156/1485 114/891/113 115/890/114 1550/1158/1487
f 977/29/960 1551/1159/1488 1553/1161/1490 978/31/961
f 1550/1158/1487 115/890/114 116/1388/115 1552/1160/1489
f 978/31/961 1553/1161/1490 1555/1163/1492 979/33/962
f 1552/1160/1489 116/1388/115 117/887/116 1554/1162/1491
f 979/33/962 1555/1163/1492 1557/1165/1494 980/35/963
f 1554/1162/1491 117/887/116 118/886/117 1556/1164/1493
f 980/35/963 1557/1165/1494 1559/1167/1496 981/37/964
f 1556/1164/1493 118/886/117 119/1389/118 1558/1166/1495
f 981/37/964 1559/1167/1496 1561/1169/1498 982/39/965
f 1558/1166/1495 119/1389/118 120/909/119 1560/1168/1497
f 982/39/965 1561/1169/1498 1563/1171/1500 983/41/966
f 1560/1168/1497 120/909/119 121/908/120 1562/1170/1499
f 983/41/966 1563/1171/1500 1565/1173/1502 984/43/967
f 1562/1170/1499 121/908/120 122/1390/121 1564/1172/1501
f 984/43/967 1565/1173/1502 1567/1175/1504 985/45/968
f 1564/1172/1501 122/1390/121 123/907/122 1566/1174/1503
f 985/45/968 1567/1175/1504 1569/1177/1506 986/47/969
f 1566/1174/1503 123/907/122 124/906/123 1568/1176/1505
f 986/47/969 1569/1177/1506 1571/1179/1508 987/49/970
f 1568/1176/1505 124/906/123 125/1391/124 1570/1178/1507
f 987/49/970 1571/1179/1508 1573/1181/1510 988/51/971
f 1570/1178/1507 125/1391/124 126/903/125 1572/1180/1509
f 988/51/971 1573/1181/1510 1575/1183/1512 989/53/972
f 1572/1180/1509 126/903/125 127/902/126 1574/1182/1511
f 989/53/972 1575/1183/1512 1577/1185/1514 990/55/973
f 1574/1182/1511 127/902/126 128/1392/127 1576/1184/1513
f 990/55/973 1577/1185/1514 1579/1187/1516 991/57/974
f 1576/1184/1513 128/1392/127 129/899/128 1578/1186/1515
f 991/57/974 1579/1187/1516 1581/1189/1518 992/59/975
f 1578/1186/1515 129/899/128 130/898/129 1580/1188/1517
f 992/59/975 1581/1189/1518 1583/1191/1520 993/61/976
f 1580/1188/1517 130/898/129 131/1393/130 1582/1190/1519
f 1582/1190/1519 131/1393/130 132/889/131 1584/1192/1521
f 1584/1192/1521 132/889/131 4/888/4 36/1382/36
usemtl Gotik_Symbol
f 1020/864/998 1019/865/997 1043/865/1016 1044/864/1017
f 1034/868/1007 1033/869/1007 1057/869/1028 1058/868/1029
f 1028/876/1004 1027/877/1004 1051/877/1024 1052/876/1025
f 1022/884/1000 1021/885/999 1045/885/1018 1046/884/1019
f 1036/866/1009 1035/867/1008 1059/867/1030 1060/866/1031
f 1030/872/1005 1029/873/1005 1053/873/1026 1054/872/1026
f 1024/880/1002 1023/881/1001 1047/881/1020 1048/880/1021
f 1038/862/1011 1037/863/1010 1061/863/1032 1062/862/1033
f 1018/874/996 1041/875/1014 1065/875/1036 1042/874/1015
f 1032/870/1006 1031/871/1006 1055/871/1027 1056/870/1027
f 1026/878/1003 1025/879/1003 1049/879/1022 1050/878/1023
f 1040/882/1013 1039/883/1012 1063/883/1034 1064/882/1035
f 1134/902/1093 1133/903/1092 1157/903/1116 1158/902/1117
f 1115/888/1074 1137/889/1096 1161/889/1120 1139/888/1098
f 1128/886/1087 1127/887/1086 1151/887/1110 1152/886/1111
f 1122/894/1081 1121/895/1080 1145/895/1104 1146/894/1105
f 1136/898/1095 1135/899/1094 1159/899/1118 1160/898/1119
f 1116/904/1075 1114/905/1073 1138/905/1097 1140/904/1099
f 1130/908/1089 1129/909/1088 1153/909/1112 1154/908/1113
f 1124/892/1083 1123/893/1082 1147/893/1106 1148/892/1107
f 1118/900/1077 1117/901/1076 1141/901/1100 1142/900/1101
f 1132/906/1091 1131/907/1090 1155/907/1114 1156/906/1115
f 1126/890/1085 1125/891/1084 1149/891/1108 1150/890/1109
f 1120/896/1079 1119/897/1078 1143/897/1102 1144/896/1103
f 1186/910/1133 1187/911/1134 1188/912/1135 1189/913/1136
f 1190/914/1137 1191/915/1138 1192/916/1139 1193/917/1140
f 1194/918/1141 1195/919/1142 1196/920/1143 1197/921/1144
f 1198/922/1145 1199/923/1146 1200/924/1147 1201/925/1148
f 1202/926/1149 1203/927/1150 1204/928/1151 1205/929/1152
f 1206/930/1153 1207/931/1154 1208/932/1155 1209/933/1156
f 1210/934/1157 1211/935/1158 1212/936/1159 1213/937/1160
f 1214/938/1161 1215/939/1162 1216/940/1163 1217/941/1164
f 1218/942/1165 1219/943/1166 1220/944/1167 1221/945/1168
f 1222/946/1169 1223/947/1170 1224/948/1171 1225/949/1172
f 1226/950/1173 1227/951/1174 1228/952/1175 1229/953/1176
f 1230/954/1177 1231/955/1178 1232/956/1179 1233/957/1180
f 1234/958/1181 1235/959/1182 1236/960/1183 1237/961/1184
f 1238/962/1185 1239/963/1186 1240/964/1187 1241/965/1188
f 1242/966/1189 1243/967/1190 1244/968/1191 1245/969/1192
f 1246/970/1193 1247/971/1194 1248/972/1195 1249/973/1196
f 1250/974/1197 1251/975/1198 1252/976/1199 1253/977/1200
f 1254/978/1201 1255/979/1202 1256/980/1203 1257/981/1204
f 1258/982/1205 1259/983/1206 1260/984/1207 1261/985/1208
f 1262/986/1209 1263/987/1210 1264/988/1211 1265/989/1212
f 1266/990/1213 1267/991/1214 1268/992/1215 1269/993/1216
f 1270/994/1217 1271/995/1218 1272/996/1219 1273/997/1220
f 1274/998/1221 1275/999/1222 1276/1000/1223 1277/1001/1224
f 1278/1002/1225 1279/1003/1226 1280/1004/1227 1281/1005/1228
f 1282/1006/1229 1283/1007/1230 1284/1008/1231 1285/1009/1232
f 1286/1010/1233 1287/1011/1234 1288/1012/1235 1289/1013/1236
f 1290/1014/1237 1291/1015/1238 1292/1016/1239 1293/1017/1240
f 1294/1018/1241 1295/1019/1242 1296/1020/1243 1297/1021/1244
f 1298/1022/1245 1299/1023/1246 1300/1024/1247 1301/1025/1248
f 1302/1026/1249 1303/1027/1250 1304/1028/1251 1305/1029/1252
f 1306/1030/1253 1307/1031/1254 1308/1032/1255 1309/1033/1256
f 1310/1034/1257 1311/1035/1258 1312/1036/1259 1313/1037/1260
f 1314/1038/1261 1315/1039/1262 1316/1040/1263 1317/1041/1264
f 1318/1042/1265 1319/1043/1266 1320/1044/1267 1321/1045/1268
f 1322/1046/1269 1323/1047/1270 1324/1048/1271 1325/1049/1272
f 1326/1050/1273 1327/1051/1274 1328/1052/1275 1329/1053/1276
f 1330/1054/1277 1331/1055/1278 1332/1056/1279 1333/1057/1280
f 1334/1058/1281 1335/1059/1282 1336/1060/1283 1337/1061/1284
f 1339/1062/1286 1340/1063/1287 1341/1064/1288 1338/1065/1285
f 1340/1063/1287 1342/1066/1289 1343/1067/1290 1341/1064/1288
f 1342/1066/1289 1344/1068/1291 1345/1069/1292 1343/1067/1290
f 1344/1068/1291 1346/1070/1293 1347/1071/1294 1345/1069/1292
f 1346/1070/1293 1348/1072/1295 1349/1073/1296 1347/1071/1294
f 1348/1072/1295 1350/1074/1297 1351/1075/1298 1349/1073/1296
f 1350/1074/1297 1352/1076/1299 1353/1077/1300 1351/1075/1298
f 1352/1076/1299 1354/1078/1301 1355/1079/1302 1353/1077/1300
f 1354/1078/1301 1356/1080/1303 1357/1081/1304 1355/1079/1302
f 1356/1080/1303 1358/1082/1305 1359/1083/1306 1357/1081/1304
f 1358/1082/1305 1360/1084/1307 1361/1085/1308 1359/1083/1306
f 1360/1084/1307 1362/1086/1309 1363/1087/1310 1361/1085/1308
f 1362/1086/1309 1364/1088/1311 1365/1089/1312 1363/1087/1310
f 1364/1088/1311 1366/1090/1313 1367/1091/1314 1365/1089/1312
f 1366/1090/1313 1368/1092/1315 1369/1093/1316 1367/1091/1314
f 1368/1092/1315 1370/1094/1317 1371/1095/1318 1369/1093/1316
f 1370/1094/1317 1372/1096/1319 1373/1097/1320 1371/1095/1318
f 1372/1096/1319 1374/1098/1321 1375/1099/1322 1373/1097/1320
f 1374/1098/1321 1376/1100/1323 1377/1101/1324 1375/1099/1322
f 1376/1100/1323 1378/1102/1325 1379/1103/1326 1377/1101/1324
f 1378/1102/1325 1380/1104/1327 1381/1105/81 1379/1103/1326
f 1380/1104/1327 1382/1106/1328 1383/1107/219 1381/1105/81
f 1382/1106/1328 1384/1108/1329 1385/1109/665 1383/1107/219
f 1384/1108/1329 1386/1110/1330 1387/1111/1331 1385/1109/665
f 1386/1110/1330 1388/1112/1332 1389/1113/160 1387/1111/1331
f 1388/1112/1332 1390/1114/1333 1391/1115/1334 1389/1113/160
f 1390/1114/1333 1392/1116/1148 1393/1117/1335 1391/1115/1334
f 1392/1116/1148 1394/1118/1336 1395/1119/1337 1393/1117/1335
f 1394/1118/1336 1396/1120/1338 1397/1121/1339 1395/1119/1337
f 1396/1120/1338 1398/1122/1340 1399/1123/1341 1397/1121/1339
f 1398/1122/1340 1400/1124/1342 1401/1125/1343 1399/1123/1341
f 1400/1124/1342 1402/1126/1344 1403/1127/1345 1401/1125/1343
f 1521/1128/1458 1522/1129/1459 1523/1130/1460 1520/1131/1457
f 1522/1129/1459 1524/1132/1461 1525/1133/1462 1523/1130/1460
f 1524/1132/1461 1526/1134/1463 1527/1135/1464 1525/1133/1462
f 1526/1134/1463 1528/1136/1465 1529/1137/1466 1527/1135/1464
f 1528/1136/1465 1530/1138/1467 1531/1139/1468 1529/1137/1466
f 1530/1138/1467 1532/1140/1469 1533/1141/1470 1531/1139/1468
f 1532/1140/1469 1534/1142/1471 1535/1143/1472 1533/1141/1470
f 1534/1142/1471 1536/1144/1473 1537/1145/1474 1535/1143/1472
f 1536/1144/1473 1538/1146/1475 1539/1147/1476 1537/1145/1474
f 1538/1146/1475 1540/1148/1477 1541/1149/1478 1539/1147/1476
f 1540/1148/1477 1542/1150/1479 1543/1151/1480 1541/1149/1478
f 1542/1150/1479 1544/1152/1481 1545/1153/1482 1543/1151/1480
f 1544/1152/1481 1546/1154/1483 1547/1155/1484 1545/1153/1482
f 1546/1154/1483 1548/1156/1485 1549/1157/1486 1547/1155/1484
f 1548/1156/1485 1550/1158/1487 1551/1159/1488 1549/1157/1486
f 1550/1158/1487 1552/1160/1489 1553/1161/1490 1551/1159/1488
f 1552/1160/1489 1554/1162/1491 1555/1163/1492 1553/1161/1490
f 1554/1162/1491 1556/1164/1493 1557/1165/1494 1555/1163/1492
f 1556/1164/1493 1558/1166/1495 1559/1167/1496 1557/1165/1494
f 1558/1166/1495 1560/1168/1497 1561/1169/1498 1559/1167/1496
f 1560/1168/1497 1562/1170/1499 1563/1171/1500 1561/1169/1498
f 1562/1170/1499 1564/1172/1501 1565/1173/1502 1563/1171/1500
f 1564/1172/1501 1566/1174/1503 1567/1175/1504 1565/1173/1502
f 1566/1174/1503 1568/1176/1505 1569/1177/1506 1567/1175/1504
f 1568/1176/1505 1570/1178/1507 1571/1179/1508 1569/1177/1506
f 1570/1178/1507 1572/1180/1509 1573/1181/1510 1571/1179/1508
f 1572/1180/1509 1574/1182/1511 1575/1183/1512 1573/1181/1510
f 1574/1182/1511 1576/1184/1513 1577/1185/1514 1575/1183/1512
f 1576/1184/1513 1578/1186/1515 1579/1187/1516 1577/1185/1514
f 1578/1186/1515 1580/1188/1517 1581/1189/1518 1579/1187/1516
f 1580/1188/1517 1582/1190/1519 1583/1191/1520 1581/1189/1518
f 1582/1190/1519 1584/1192/1521 1585/1193/1522 1583/1191/1520
f 1520/1131/1457 1516/1194/1453 1517/1195/1454 1521/1128/1458
f 1584/1192/1521 1518/1196/1455 1519/1197/1456 1585/1193/1522
f 1516/1194/1453 1512/1198/1449 1513/1199/1450 1517/1195/1454
f 1518/1196/1455 1514/1200/1451 1515/1201/1452 1519/1197/1456
f 1512/1198/1449 1508/1202/1445 1509/1203/1446 1513/1199/1450
f 1514/1200/1451 1510/1204/1447 1511/1205/1448 1515/1201/1452
f 1508/1202/1445 1504/1206/1441 1505/1207/1442 1509/1203/1446
f 1510/1204/1447 1506/1208/1443 1507/1209/1444 1511/1205/1448
f 1504/1206/1441 1500/1210/1437 1501/1211/1438 1505/1207/1442
f 1506/1208/1443 1502/1212/1439 1503/1213/1440 1507/1209/1444
f 1500/1210/1437 1496/1214/1433 1497/1215/1434 1501/1211/1438
f 1502/1212/1439 1498/1216/1435 1499/1217/1436 1503/1213/1440
f 1496/1214/1433 1492/1218/1429 1493/1219/1430 1497/1215/1434
f 1498/1216/1435 1494/1220/1431 1495/1221/1432 1499/1217/1436
f 1492/1218/1429 1488/1222/1425 1489/1223/1426 1493/1219/1430
f 1494/1220/1431 1490/1224/1427 1491/1225/1428 1495/1221/1432
f 1488/1222/1425 1484/1226/1421 1485/1227/1422 1489/1223/1426
f 1490/1224/1427 1486/1228/1423 1487/1229/1424 1491/1225/1428
f 1484/1226/1421 1480/1230/1417 1481/1231/1418 1485/1227/1422
f 1486/1228/1423 1482/1232/1419 1483/1233/1420 1487/1229/1424
f 1480/1230/1417 1476/1234/1413 1477/1235/1414 1481/1231/1418
f 1482/1232/1419 1478/1236/1415 1479/1237/1416 1483/1233/1420
f 1476/1234/1413 1472/1238/1409 1473/1239/1410 1477/1235/1414
f 1478/1236/1415 1474/1240/1411 1475/1241/1412 1479/1237/1416
f 1472/1238/1409 1468/1242/1405 1469/1243/1406 1473/1239/1410
f 1474/1240/1411 1470/1244/1407 1471/1245/1408 1475/1241/1412
f 1468/1242/1405 1464/1246/1401 1465/1247/1402 1469/1243/1406
f 1470/1244/1407 1466/1248/1403 1467/1249/1404 1471/1245/1408
f 1464/1246/1401 1460/1250/1397 1461/1251/1398 1465/1247/1402
f 1466/1248/1403 1462/1252/1399 1463/1253/1400 1467/1249/1404
f 1460/1250/1397 1456/1254/1393 1457/1255/1394 1461/1251/1398
f 1462/1252/1399 1458/1256/1395 1459/1257/1396 1463/1253/1400
f 1456/1254/1393 1452/1258/1389 1453/1259/1390 1457/1255/1394
f 1458/1256/1395 1454/1260/1391 1455/1261/1392 1459/1257/1396
f 1452/1258/1389 1448/1262/1385 1449/1263/1386 1453/1259/1390
f 1454/1260/1391 1450/1264/1387 1451/1265/1388 1455/1261/1392
f 1448/1262/1385 1444/1266/1381 1445/1267/1382 1449/1263/1386
f 1450/1264/1387 1446/1268/1383 1447/1269/1384 1451/1265/1388
f 1444/1266/1381 1440/1270/1377 1441/1271/1378 1445/1267/1382
f 1446/1268/1383 1442/1272/1379 1443/1273/1380 1447/1269/1384
f 1440/1270/1377 1436/1274/1373 1437/1275/1374 1441/1271/1378
f 1442/1272/1379 1438/1276/1375 1439/1277/1376 1443/1273/1380
f 1436/1274/1373 1432/1278/1369 1433/1279/1370 1437/1275/1374
f 1438/1276/1375 1434/1280/1371 1435/1281/1372 1439/1277/1376
f 1432/1278/1369 1428/1282/1365 1429/1283/1366 1433/1279/1370
f 1434/1280/1371 1430/1284/1367 1431/1285/1368 1435/1281/1372
f 1428/1282/1365 1424/1286/1361 1425/1287/1362 1429/1283/1366
f 1430/1284/1367 1426/1288/1363 1427/1289/1364 1431/1285/1368
f 1424/1286/1361 1420/1290/1357 1421/1291/1358 1425/1287/1362
f 1426/1288/1363 1422/1292/1359 1423/1293/1360 1427/1289/1364
f 1420/1290/1357 1416/1294/1354 1417/1295/1355 1421/1291/1358
f 1422/1292/1359 1418/1296/1356 1419/1297/82 1423/1293/1360
f 1416/1294/1354 1412/1298/1352 1413/1299/1353 1417/1295/1355
f 1418/1296/1356 1414/1300/159 1415/1301/73 1419/1297/82
f 1412/1298/1352 1408/1302/1349 1409/1303/1350 1413/1299/1353
f 1414/1300/159 1410/1304/1351 1411/1305/67 1415/1301/73
f 1408/1302/1349 1404/1306/1346 1405/1307/1347 1409/1303/1350
f 1410/1304/1351 1406/1308/1348 1407/1309/63 1411/1305/67
f 1404/1306/1346 1339/1062/1286 1338/1065/1285 1405/1307/1347
f 1406/1308/1348 1403/1127/1345 1402/1126/1344 1407/1309/63
