# Blender 5.1.1
# www.blender.org
mtllib Teppich_Symbol_var2.mtl
o Teppich_var4
v 11.914645 -0.029865 -1.855107
v 13.806630 -0.102474 -1.949082
v 11.861091 -0.017638 -2.501429
v 13.839112 -0.017356 -2.586470
v 11.952098 -0.006101 -1.854284
v 11.994937 -0.017267 -1.858258
v 12.039167 -0.017688 -1.862686
v 12.083398 -0.017865 -1.866906
v 12.127649 -0.017744 -1.871035
v 12.171907 -0.017654 -1.875250
v 12.212946 -0.000782 -1.877195
v 12.240859 0.033093 -1.870392
v 12.276238 0.059934 -1.869407
v 12.320643 0.059832 -1.871017
v 12.364984 0.058645 -1.873207
v 12.409345 0.058668 -1.875535
v 12.453712 0.058778 -1.877828
v 12.498074 0.058889 -1.880028
v 12.542427 0.059077 -1.882150
v 12.586776 0.059113 -1.884245
v 12.631124 0.059330 -1.886417
v 12.675475 0.059405 -1.888555
v 12.719834 0.059627 -1.890632
v 12.764212 0.059607 -1.892722
v 12.808601 0.059765 -1.894860
v 12.853001 0.059883 -1.897128
v 12.897388 0.060057 -1.899513
v 12.941780 0.060179 -1.901845
v 12.986061 0.062859 -1.904493
v 13.026619 0.044856 -1.906469
v 13.052688 0.009038 -1.910476
v 13.088788 -0.016801 -1.912231
v 13.133268 -0.017735 -1.911932
v 13.177712 -0.017750 -1.912176
v 13.222157 -0.017761 -1.912397
v 13.266598 -0.017779 -1.912574
v 13.311054 -0.017707 -1.912795
v 13.355492 -0.017734 -1.913005
v 13.399916 -0.017760 -1.913185
v 13.444351 -0.017740 -1.913368
v 13.488779 -0.017769 -1.913509
v 13.533201 -0.017738 -1.913643
v 13.577622 -0.017709 -1.913763
v 13.622066 -0.017752 -1.913893
v 13.666514 -0.017729 -1.914055
v 13.711362 -0.018278 -1.913874
v 13.748416 -0.041489 -1.921603
v 13.773945 -0.073993 -1.938668
v 13.794616 -0.017611 -2.586534
v 13.750133 -0.017742 -2.586504
v 13.705659 -0.017714 -2.586462
v 13.661183 -0.017699 -2.586412
v 13.616696 -0.017755 -2.586365
v 13.572199 -0.017766 -2.586295
v 13.527698 -0.017699 -2.586207
v 13.483220 -0.019563 -2.586038
v 13.438716 -0.017750 -2.585895
v 13.394186 -0.017739 -2.585664
v 13.349640 -0.017735 -2.585327
v 13.305088 -0.017746 -2.584836
v 13.260567 -0.017756 -2.583220
v 13.216364 -0.017657 -2.579942
v 13.172182 -0.017731 -2.577395
v 13.127975 -0.017655 -2.576065
v 13.083693 -0.017460 -2.575056
v 13.039308 -0.017736 -2.573378
v 12.994853 -0.017677 -2.572530
v 12.951065 -0.011931 -2.570539
v 12.908413 0.001531 -2.570779
v 12.864419 -0.014219 -2.567917
v 12.819074 -0.013045 -2.562511
v 12.775528 -0.000410 -2.560291
v 12.731827 -0.011373 -2.557446
v 12.687106 -0.012908 -2.554812
v 12.642334 -0.014004 -2.552031
v 12.598007 -0.011572 -2.549850
v 12.554026 -0.007670 -2.548138
v 12.509695 -0.010217 -2.546252
v 12.465076 -0.010527 -2.544145
v 12.420873 -0.014396 -2.541126
v 12.376476 -0.015739 -2.539534
v 12.332308 -0.015044 -2.537118
v 12.288533 -0.009934 -2.534749
v 12.244809 -0.005265 -2.532174
v 12.200502 -0.007669 -2.529826
v 12.155976 -0.007563 -2.527359
v 12.111853 -0.005730 -2.524259
v 12.075529 0.019051 -2.513756
v 12.030899 0.021366 -2.511570
v 11.990267 0.003637 -2.508613
v 11.949768 -0.013848 -2.503947
v 11.905479 -0.017739 -2.502789
v 11.861869 -0.017745 -2.461845
v 11.864942 -0.014688 -2.422426
v 11.863617 0.000672 -2.386228
v 11.862875 0.019441 -2.350693
v 11.862413 0.022704 -2.310353
v 11.860348 -0.000164 -2.276765
v 11.861203 -0.001556 -2.237677
v 11.869382 -0.013367 -2.201536
v 11.873214 -0.017708 -2.162934
v 11.876668 -0.017750 -2.123471
v 11.880890 -0.017773 -2.084055
v 11.885814 -0.017741 -2.044753
v 11.890491 -0.014942 -2.005511
v 11.896144 -0.007069 -1.967069
v 11.900054 -0.007921 -1.927642
v 11.900498 -0.010020 -1.885785
v 13.817231 -0.077835 -1.978410
v 13.831925 -0.050340 -2.003168
v 13.845671 -0.025864 -2.031397
v 13.843208 -0.017465 -2.072578
v 13.841944 -0.010981 -2.111611
v 13.841887 -0.017560 -2.151048
v 13.841921 -0.017709 -2.190747
v 13.841292 -0.017715 -2.230386
v 13.841193 -0.017727 -2.270025
v 13.840553 -0.017721 -2.309605
v 13.840327 -0.017701 -2.349176
v 13.839770 -0.017661 -2.388721
v 13.839647 -0.017687 -2.428273
v 13.839218 -0.017690 -2.467821
v 13.839227 -0.017676 -2.507372
v 13.838973 -0.017745 -2.546924
v 11.947282 -0.009066 -1.893405
v 11.943760 -0.012745 -1.932601
v 11.939074 -0.017613 -1.971511
v 11.934571 -0.017745 -2.010732
v 11.929914 -0.017745 -2.049916
v 11.925072 -0.017868 -2.089094
v 11.920744 -0.017669 -2.128452
v 11.915054 -0.005922 -2.164845
v 11.905242 0.008802 -2.197729
v 11.903903 0.004719 -2.236093
v 11.905822 0.001419 -2.274003
v 11.902753 -0.001833 -2.313191
v 11.907585 0.025048 -2.350698
v 11.904036 0.019581 -2.391144
v 11.904891 0.003707 -2.427639
v 11.905785 -0.012018 -2.463695
v 11.991096 -0.016420 -1.897658
v 11.987480 -0.017697 -1.936981
v 11.983187 -0.017748 -1.976280
v 11.978786 -0.017691 -2.015532
v 11.974011 -0.017771 -2.054714
v 11.969208 -0.017565 -2.094085
v 11.960991 -0.000577 -2.127604
v 11.951783 0.014159 -2.159940
v 11.947698 0.008787 -2.196972
v 11.950315 0.005577 -2.240339
v 11.949893 -0.003839 -2.275327
v 11.947243 -0.004091 -2.311675
v 11.944245 -0.005674 -2.363787
v 11.949577 0.017337 -2.391299
v 11.946359 0.019361 -2.431939
v 11.946654 0.004150 -2.468912
v 12.035300 -0.017745 -1.902155
v 12.031554 -0.017719 -1.941544
v 12.027334 -0.017606 -1.980900
v 12.023012 -0.017741 -2.020287
v 12.018051 -0.017688 -2.059675
v 12.002962 0.008873 -2.086264
v 11.998878 0.019612 -2.122845
v 11.994651 0.015947 -2.160831
v 11.995899 0.005948 -2.202844
v 11.994347 -0.000068 -2.242018
v 11.993863 -0.001384 -2.279347
v 11.991248 -0.004772 -2.314608
v 11.988168 -0.009501 -2.368206
v 11.992277 0.007214 -2.395323
v 11.992112 0.017708 -2.433001
v 11.987511 0.021012 -2.473083
v 12.079534 -0.017735 -1.906356
v 12.075714 -0.017746 -1.945725
v 12.071452 -0.017756 -1.985013
v 12.066637 -0.016026 -2.023582
v 12.049432 0.007533 -2.048162
v 12.045298 0.015299 -2.086548
v 12.042770 0.020370 -2.125967
v 12.042086 0.010370 -2.166357
v 12.040134 0.002189 -2.205072
v 12.038464 -0.000638 -2.244390
v 12.038193 -0.003651 -2.279835
v 12.035483 -0.003227 -2.316653
v 12.032744 -0.008021 -2.368288
v 12.031303 -0.010866 -2.402064
v 12.028948 -0.007320 -2.439998
v 12.032578 0.016707 -2.471752
v 12.123749 -0.017692 -1.910495
v 12.119857 -0.017659 -1.949931
v 12.113054 -0.005400 -1.985938
v 12.094032 0.016126 -2.011718
v 12.090405 0.020856 -2.049700
v 12.089325 0.014237 -2.089170
v 12.088398 0.012243 -2.130105
v 12.086443 0.010444 -2.169250
v 12.084420 0.001438 -2.207915
v 12.082607 -0.001221 -2.247150
v 12.082237 -0.004514 -2.284256
v 12.079578 -0.008589 -2.318811
v 12.076348 -0.009865 -2.372889
v 12.075563 -0.011327 -2.405910
v 12.072880 -0.009403 -2.443271
v 12.069960 -0.004384 -2.482219
v 12.167620 -0.012026 -1.914260
v 12.152097 0.011203 -1.943256
v 12.138975 0.026083 -1.975124
v 12.134293 0.029425 -2.012627
v 12.135002 0.027305 -2.054382
v 12.133944 0.022692 -2.094974
v 12.132333 0.015316 -2.133646
v 12.130362 0.002842 -2.171485
v 12.128656 0.001332 -2.210967
v 12.126709 0.000556 -2.250222
v 12.126673 -0.003765 -2.287747
v 12.123594 -0.004898 -2.322567
v 12.120679 -0.007440 -2.375067
v 12.118914 -0.001257 -2.409151
v 12.117111 -0.010198 -2.445819
v 12.114145 -0.007251 -2.485045
v 12.197646 0.020284 -1.907270
v 12.186388 0.039663 -1.940481
v 12.181658 0.038037 -1.978871
v 12.181888 0.030855 -2.019310
v 12.180114 0.029151 -2.059003
v 12.178166 0.022474 -2.097893
v 12.176470 0.009123 -2.135473
v 12.174551 0.005643 -2.174513
v 12.172802 0.002064 -2.213946
v 12.170918 0.001422 -2.253324
v 12.169930 0.004330 -2.291160
v 12.167650 -0.001672 -2.326709
v 12.164783 -0.003195 -2.375700
v 12.163190 -0.008795 -2.411399
v 12.161290 -0.012914 -2.448713
v 12.158599 -0.008566 -2.487870
v 12.232960 0.047126 -1.906605
v 12.227457 0.055788 -1.944700
v 12.225348 0.053043 -1.984274
v 12.224030 0.045337 -2.023564
v 12.223904 0.033546 -2.061779
v 12.222187 0.026897 -2.100653
v 12.220393 0.014493 -2.138739
v 12.218818 0.005706 -2.177413
v 12.216950 -0.001246 -2.216306
v 12.215044 0.000195 -2.255142
v 12.214111 0.003804 -2.293314
v 12.211725 0.000503 -2.330178
v 12.208873 0.000129 -2.377614
v 12.207741 -0.006059 -2.412771
v 12.205441 -0.011064 -2.451281
v 12.202646 -0.013357 -2.490654
v 12.274761 0.061947 -1.908958
v 12.272397 0.053896 -1.947653
v 12.270302 0.048848 -1.986829
v 12.268938 0.045270 -2.025982
v 12.267909 0.031711 -2.063639
v 12.266220 0.019391 -2.101773
v 12.264655 0.016388 -2.141147
v 12.263168 0.003510 -2.179316
v 12.261212 -0.000803 -2.218632
v 12.259329 -0.004087 -2.257989
v 12.257269 -0.006701 -2.295672
v 12.255642 -0.008223 -2.330600
v 12.253160 -0.000896 -2.381238
v 12.251524 -0.010280 -2.415786
v 12.249603 -0.012755 -2.453657
v 12.246772 -0.011196 -2.493195
v 12.318723 0.055833 -1.910410
v 12.316706 0.052172 -1.949785
v 12.314702 0.048929 -1.989155
v 12.312963 0.046042 -2.028543
v 12.311642 0.037436 -2.067386
v 12.310144 0.023631 -2.104939
v 12.308902 0.011455 -2.142948
v 12.307474 0.002953 -2.181771
v 12.305377 -0.000367 -2.221258
v 12.303558 -0.004307 -2.260415
v 12.301325 -0.007965 -2.298581
v 12.299827 -0.007507 -2.333161
v 12.296766 -0.010198 -2.386745
v 12.295717 -0.011413 -2.420542
v 12.293899 -0.012594 -2.456751
v 12.290536 -0.016630 -2.495851
v 12.363056 0.055485 -1.912665
v 12.361062 0.052224 -1.952087
v 12.359088 0.049034 -1.991456
v 12.357302 0.045665 -2.030771
v 12.355957 0.037604 -2.069616
v 12.354213 0.026764 -2.107929
v 12.352892 0.014937 -2.145434
v 12.351023 0.009445 -2.184635
v 12.349598 0.000443 -2.223557
v 12.347766 -0.003964 -2.262714
v 12.345483 -0.007494 -2.301837
v 12.343670 -0.007096 -2.335938
v 12.340322 -0.009333 -2.388907
v 12.339620 -0.013466 -2.422960
v 12.337232 -0.018973 -2.458422
v 12.334621 -0.015014 -2.497783
v 12.407383 0.055598 -1.914979
v 12.405388 0.052312 -1.954416
v 12.403421 0.049073 -1.993816
v 12.401555 0.047944 -2.033367
v 12.400311 0.037463 -2.071987
v 12.398478 0.024059 -2.109354
v 12.396936 0.018195 -2.148568
v 12.395329 0.006141 -2.186653
v 12.393126 0.000652 -2.225184
v 12.391335 -0.002191 -2.264524
v 12.389187 -0.004614 -2.304009
v 12.387750 -0.007237 -2.338277
v 12.384001 -0.010667 -2.392487
v 12.383788 -0.012980 -2.425710
v 12.381921 -0.016610 -2.464244
v 12.378600 -0.015225 -2.500063
v 12.451724 0.055607 -1.917268
v 12.449736 0.052392 -1.956716
v 12.447751 0.049182 -1.996137
v 12.445827 0.047161 -2.035617
v 12.444448 0.031599 -2.073036
v 12.442273 0.021625 -2.110747
v 12.440637 0.018497 -2.150214
v 12.438549 0.014728 -2.189552
v 12.437215 0.000700 -2.227183
v 12.435180 -0.005381 -2.266344
v 12.433152 -0.001688 -2.305832
v 12.431606 -0.003451 -2.340733
v 12.428893 -0.003730 -2.393121
v 12.428004 -0.012235 -2.426993
v 12.427243 -0.022179 -2.469226
v 12.422759 -0.010418 -2.502089
v 12.496058 0.055690 -1.919495
v 12.494085 0.052495 -1.958927
v 12.492108 0.049300 -1.998331
v 12.490150 0.047771 -2.037854
v 12.488508 0.031538 -2.074863
v 12.486635 0.019219 -2.112146
v 12.484550 0.014536 -2.151531
v 12.482613 0.012456 -2.191036
v 12.481142 0.006787 -2.230071
v 12.479183 -0.001134 -2.269051
v 12.477112 0.001195 -2.308904
v 12.475262 -0.005650 -2.346355
v 12.471351 -0.006969 -2.396760
v 12.472084 -0.008193 -2.432199
v 12.469150 -0.009546 -2.465841
v 12.467167 -0.010756 -2.505124
v 12.540396 0.055793 -1.921607
v 12.538417 0.052607 -1.961011
v 12.536440 0.049451 -2.000419
v 12.534466 0.046460 -2.039802
v 12.532110 0.037361 -2.078138
v 12.530724 0.024929 -2.115737
v 12.528802 0.015155 -2.153949
v 12.526668 0.009318 -2.193095
v 12.525225 0.010959 -2.232702
v 12.523290 0.003116 -2.271390
v 12.521282 -0.001607 -2.310682
v 12.519485 -0.004017 -2.348295
v 12.515875 -0.005824 -2.396585
v 12.516264 -0.012021 -2.432041
v 12.513002 -0.014078 -2.467203
v 12.511290 -0.010234 -2.506305
v 12.584747 0.055876 -1.923703
v 12.582767 0.052729 -1.963107
v 12.580772 0.049501 -2.002485
v 12.578748 0.046299 -2.041833
v 12.576311 0.040209 -2.080602
v 12.574743 0.027732 -2.118453
v 12.572976 0.018545 -2.156818
v 12.570885 0.007411 -2.194661
v 12.568919 0.003902 -2.234004
v 12.567650 0.005224 -2.273673
v 12.565253 -0.000382 -2.312601
v 12.563650 -0.002667 -2.349928
v 12.560532 -0.001472 -2.396153
v 12.560646 -0.010667 -2.432615
v 12.557307 -0.013232 -2.468638
v 12.555632 -0.010654 -2.508278
v 12.629111 0.056159 -1.925873
v 12.627123 0.052838 -1.965274
v 12.625097 0.049610 -2.004685
v 12.623041 0.046419 -2.044102
v 12.620776 0.041468 -2.083131
v 12.618859 0.032176 -2.121614
v 12.617226 0.018986 -2.158948
v 12.615141 0.006571 -2.196509
v 12.613212 0.004868 -2.236285
v 12.611403 -0.000760 -2.275527
v 12.609851 0.002064 -2.315378
v 12.607791 -0.005629 -2.353679
v 12.604564 -0.003293 -2.398710
v 12.603296 0.006601 -2.435628
v 12.601314 -0.005855 -2.471437
v 12.599964 -0.011990 -2.510403
v 12.673476 0.056198 -1.927983
v 12.671468 0.052955 -1.967396
v 12.669416 0.049736 -2.006807
v 12.667336 0.046494 -2.046212
v 12.665067 0.041697 -2.085324
v 12.663167 0.030181 -2.123020
v 12.661428 0.017114 -2.160158
v 12.659355 0.007967 -2.198670
v 12.657385 0.002119 -2.237816
v 12.655617 0.003638 -2.277561
v 12.653948 0.000445 -2.316983
v 12.651682 0.001969 -2.356208
v 12.649140 -0.001203 -2.398533
v 12.647274 -0.003334 -2.436938
v 12.645755 -0.005559 -2.473686
v 12.644046 -0.009397 -2.512877
v 12.717830 0.056298 -1.930050
v 12.715802 0.053084 -1.969462
v 12.713740 0.049859 -2.008840
v 12.711663 0.046632 -2.048187
v 12.709603 0.045178 -2.087673
v 12.707400 0.031748 -2.125471
v 12.705642 0.019863 -2.162991
v 12.703637 0.008123 -2.200828
v 12.701612 0.004763 -2.240244
v 12.699675 0.000751 -2.279614
v 12.698188 -0.002021 -2.319052
v 12.695682 -0.003093 -2.358429
v 12.693850 -0.000734 -2.399642
v 12.691711 -0.005212 -2.438166
v 12.690070 -0.004875 -2.475949
v 12.688627 -0.009557 -2.515759
v 12.762193 0.056392 -1.932133
v 12.760159 0.053179 -1.971534
v 12.758090 0.049980 -2.010907
v 12.756011 0.046739 -2.050265
v 12.753753 0.040943 -2.089255
v 12.751741 0.033558 -2.127963
v 12.749889 0.020152 -2.165074
v 12.747826 0.010566 -2.203438
v 12.745729 0.006645 -2.242817
v 12.743816 0.001504 -2.282146
v 12.742177 0.009900 -2.322212
v 12.739960 -0.003995 -2.360139
v 12.738185 -0.000799 -2.400831
v 12.736023 -0.000122 -2.440207
v 12.734371 -0.007464 -2.477748
v 12.733010 -0.010302 -2.517865
v 12.806553 0.056501 -1.934262
v 12.804515 0.053286 -1.973668
v 12.802445 0.050078 -2.013048
v 12.800363 0.046838 -2.052417
v 12.798077 0.042905 -2.091336
v 12.795835 0.029865 -2.128890
v 12.793908 0.023818 -2.168118
v 12.791919 0.015009 -2.206618
v 12.789955 0.008397 -2.245450
v 12.788016 0.002291 -2.284417
v 12.785996 -0.001096 -2.323713
v 12.784244 -0.004016 -2.363109
v 12.781718 -0.005463 -2.403753
v 12.779604 -0.007953 -2.442143
v 12.778714 -0.005532 -2.480298
v 12.777034 -0.007188 -2.520740
v 12.850916 0.056692 -1.936525
v 12.848886 0.053405 -1.975904
v 12.846805 0.050198 -2.015262
v 12.844703 0.047025 -2.054638
v 12.842529 0.044288 -2.094030
v 12.839903 0.034324 -2.132165
v 12.838082 0.022763 -2.170059
v 12.836113 0.012311 -2.208442
v 12.834215 0.009222 -2.247726
v 12.831861 0.005317 -2.287289
v 12.830318 0.002199 -2.326374
v 12.828521 -0.005590 -2.364767
v 12.826073 -0.002896 -2.405584
v 12.823948 -0.010165 -2.444126
v 12.822474 -0.013205 -2.482234
v 12.821048 -0.011094 -2.522167
v 12.895284 0.056785 -1.938900
v 12.893270 0.053547 -1.978259
v 12.891178 0.050313 -2.017633
v 12.889067 0.047084 -2.057037
v 12.886817 0.044600 -2.096486
v 12.884137 0.037003 -2.135112
v 12.882159 0.023983 -2.172745
v 12.880169 0.017079 -2.211733
v 12.878095 0.015702 -2.251402
v 12.875956 0.003684 -2.289637
v 12.874278 0.013371 -2.329663
v 12.872521 -0.000601 -2.367738
v 12.870124 0.001317 -2.408855
v 12.868262 -0.009015 -2.446950
v 12.866498 -0.011397 -2.485357
v 12.867620 -0.007198 -2.533469
v 12.939663 0.056962 -1.941239
v 12.937641 0.053658 -1.980602
v 12.935562 0.050449 -2.019983
v 12.933438 0.047207 -2.059393
v 12.930831 0.042173 -2.098587
v 12.928412 0.034236 -2.136755
v 12.926182 0.025452 -2.175256
v 12.924335 0.017640 -2.214198
v 12.922359 0.014691 -2.253774
v 12.920084 0.001953 -2.291502
v 12.917712 -0.001579 -2.330779
v 12.916910 0.003349 -2.369421
v 12.914599 0.000509 -2.410742
v 12.912713 -0.007002 -2.449228
v 12.911493 -0.010171 -2.488952
v 12.911012 -0.009311 -2.532361
v 12.983893 0.060090 -1.943929
v 12.982015 0.054044 -1.982995
v 12.979954 0.050542 -2.022402
v 12.977798 0.047544 -2.061847
v 12.975179 0.043529 -2.100988
v 12.972548 0.028213 -2.138082
v 12.970405 0.027184 -2.177639
v 12.968479 0.019100 -2.216678
v 12.966405 0.009188 -2.254833
v 12.963747 0.009394 -2.294245
v 12.961580 0.006793 -2.333730
v 12.961245 0.002698 -2.371168
v 12.959229 0.001819 -2.410707
v 12.957286 -0.006648 -2.451745
v 12.956310 -0.013227 -2.492564
v 12.954521 -0.016031 -2.532630
v 13.027434 0.050104 -1.945655
v 13.026829 0.054176 -1.985128
v 13.024409 0.052035 -2.024850
v 13.022390 0.048892 -2.064248
v 13.019422 0.039785 -2.102892
v 13.016898 0.029475 -2.140999
v 13.014626 0.022986 -2.179906
v 13.012607 0.019544 -2.219365
v 13.010613 0.007222 -2.257118
v 13.007884 0.005271 -2.296463
v 13.006013 0.006766 -2.335996
v 13.005480 0.003086 -2.373712
v 13.003804 0.000300 -2.411532
v 13.001415 -0.003864 -2.454604
v 13.002415 -0.008997 -2.500552
v 12.999053 -0.017940 -2.535893
v 13.055276 0.015681 -1.949404
v 13.060784 0.025653 -1.987386
v 13.064747 0.033382 -2.026079
v 13.066580 0.038333 -2.065215
v 13.064963 0.035589 -2.104533
v 13.061681 0.024442 -2.142437
v 13.058935 0.019569 -2.181963
v 13.056804 0.018555 -2.221570
v 13.054895 0.007703 -2.259753
v 13.052116 0.005007 -2.299006
v 13.050077 0.004324 -2.338274
v 13.049706 0.003329 -2.376356
v 13.047694 0.002745 -2.415373
v 13.045727 -0.001977 -2.456508
v 13.044774 -0.004182 -2.498575
v 13.042401 -0.004595 -2.538532
v 13.089043 -0.013024 -1.951607
v 13.089977 -0.007734 -1.990760
v 13.092669 -0.001057 -2.029590
v 13.095008 0.004105 -2.068690
v 13.100934 0.012674 -2.106863
v 13.105680 0.019598 -2.144963
v 13.105901 0.020682 -2.183728
v 13.103992 0.023555 -2.223182
v 13.099732 0.016977 -2.262764
v 13.096030 0.006323 -2.301632
v 13.094286 0.002529 -2.340614
v 13.093777 0.005191 -2.378925
v 13.092782 0.001660 -2.417084
v 13.091418 -0.001315 -2.461737
v 13.088743 -0.004280 -2.499428
v 13.085531 -0.013437 -2.535832
v 13.133232 -0.017592 -1.951512
v 13.133147 -0.017528 -1.991084
v 13.133039 -0.017656 -2.030626
v 13.132746 -0.017512 -2.070201
v 13.132398 -0.016867 -2.109753
v 13.132360 -0.014531 -2.149268
v 13.133060 -0.010410 -2.188661
v 13.139096 0.002743 -2.225867
v 13.143623 0.009184 -2.264037
v 13.144860 0.007536 -2.302687
v 13.141752 0.004601 -2.341821
v 13.138787 0.004278 -2.381872
v 13.137332 0.011847 -2.419760
v 13.135484 -0.001590 -2.462101
v 13.132938 0.004460 -2.502376
v 13.129761 -0.014893 -2.536643
v 13.177626 -0.017696 -1.951758
v 13.177514 -0.017761 -1.991354
v 13.177353 -0.017733 -2.030957
v 13.177113 -0.017749 -2.070571
v 13.176819 -0.017745 -2.110185
v 13.176600 -0.017716 -2.149803
v 13.176526 -0.017767 -2.189459
v 13.176224 -0.017813 -2.229149
v 13.176075 -0.017740 -2.269147
v 13.176612 -0.017182 -2.309220
v 13.180198 -0.003230 -2.347282
v 13.184222 0.015599 -2.383443
v 13.181922 0.020063 -2.423376
v 13.178843 0.013502 -2.464027
v 13.175872 -0.007768 -2.498920
v 13.174018 -0.015045 -2.537928
v 13.222042 -0.017763 -1.951972
v 13.221922 -0.017755 -1.991556
v 13.221736 -0.017666 -2.031161
v 13.221483 -0.017675 -2.070750
v 13.221208 -0.017735 -2.110326
v 13.220976 -0.017749 -2.149883
v 13.220821 -0.017786 -2.189443
v 13.220452 -0.017794 -2.228981
v 13.220345 -0.017800 -2.268449
v 13.220764 -0.017765 -2.307835
v 13.220285 -0.017757 -2.347204
v 13.218064 -0.015784 -2.386440
v 13.216987 -0.013722 -2.425821
v 13.216958 -0.011870 -2.465357
v 13.219648 -0.002229 -2.503666
v 13.218218 -0.017030 -2.540428
v 13.266474 -0.017626 -1.952167
v 13.266339 -0.017733 -1.991763
v 13.266149 -0.017739 -2.031352
v 13.265894 -0.017677 -2.070909
v 13.265633 -0.017746 -2.110446
v 13.265388 -0.017708 -2.149993
v 13.265166 -0.017705 -2.189550
v 13.264843 -0.017760 -2.229075
v 13.264673 -0.017814 -2.268615
v 13.264937 -0.017653 -2.308151
v 13.264165 -0.017755 -2.347679
v 13.262558 -0.017747 -2.387001
v 13.261604 -0.017325 -2.426371
v 13.261266 -0.017128 -2.465822
v 13.261337 -0.017564 -2.505272
v 13.261978 -0.011571 -2.544325
v 13.310925 -0.017744 -1.952370
v 13.310758 -0.017511 -1.991957
v 13.310557 -0.017686 -2.031540
v 13.310321 -0.017754 -2.071105
v 13.310052 -0.017670 -2.110651
v 13.309797 -0.017737 -2.150198
v 13.309549 -0.017746 -2.189761
v 13.309218 -0.017746 -2.229321
v 13.309008 -0.017756 -2.268873
v 13.309114 -0.017775 -2.308423
v 13.308253 -0.017701 -2.347957
v 13.307075 -0.017761 -2.387358
v 13.306237 -0.017665 -2.426774
v 13.305866 -0.017627 -2.466278
v 13.305768 -0.017735 -2.505770
v 13.305814 -0.017489 -2.545270
v 13.355360 -0.017673 -1.952576
v 13.355180 -0.017614 -1.992158
v 13.354962 -0.017737 -2.031736
v 13.354726 -0.017738 -2.071307
v 13.354460 -0.017633 -2.110868
v 13.354188 -0.017728 -2.150421
v 13.353912 -0.017663 -2.189967
v 13.353595 -0.017731 -2.229527
v 13.353359 -0.017644 -2.269095
v 13.353315 -0.017687 -2.308659
v 13.352487 -0.017716 -2.348196
v 13.351531 -0.017792 -2.387675
v 13.350785 -0.017658 -2.427144
v 13.350389 -0.017655 -2.466666
v 13.350210 -0.017734 -2.506201
v 13.350123 -0.017713 -2.545756
v 13.399786 -0.017728 -1.952763
v 13.399590 -0.017702 -1.992346
v 13.399366 -0.017702 -2.031927
v 13.399125 -0.017725 -2.071499
v 13.398854 -0.017741 -2.111066
v 13.398583 -0.017741 -2.150634
v 13.398278 -0.017713 -2.190193
v 13.397955 -0.017653 -2.229754
v 13.397704 -0.017744 -2.269339
v 13.397491 -0.017735 -2.308920
v 13.396790 -0.017744 -2.348455
v 13.395961 -0.017751 -2.387947
v 13.395304 -0.017744 -2.427437
v 13.394904 -0.017613 -2.466959
v 13.394674 -0.017692 -2.506513
v 13.394511 -0.017724 -2.546090
v 13.444204 -0.017744 -1.952943
v 13.444016 -0.017745 -1.992518
v 13.443773 -0.017763 -2.032085
v 13.443503 -0.017764 -2.071654
v 13.443223 -0.017765 -2.111220
v 13.442945 -0.017739 -2.150786
v 13.442640 -0.017749 -2.190347
v 13.442316 -0.017757 -2.229905
v 13.442059 -0.017730 -2.269475
v 13.441710 -0.017747 -2.309059
v 13.441085 -0.017760 -2.348606
v 13.440376 -0.017760 -2.388125
v 13.439785 -0.017747 -2.427643
v 13.439396 -0.017747 -2.467183
v 13.439151 -0.017736 -2.506743
v 13.438951 -0.017739 -2.546325
v 13.488617 -0.017740 -1.953088
v 13.488437 -0.017759 -1.992665
v 13.488173 -0.017749 -2.032228
v 13.487876 -0.017737 -2.071791
v 13.487596 -0.017765 -2.111357
v 13.487309 -0.017749 -2.150923
v 13.486996 -0.017738 -2.190484
v 13.486671 -0.017739 -2.230048
v 13.486389 -0.017740 -2.269619
v 13.485967 -0.017742 -2.309187
v 13.485392 -0.017743 -2.348734
v 13.484771 -0.017742 -2.388267
v 13.484232 -0.017742 -2.427801
v 13.483857 -0.017743 -2.467357
v 13.483604 -0.017701 -2.506928
v 13.483398 -0.017705 -2.546506
v 13.533042 -0.017727 -1.953220
v 13.532836 -0.017724 -1.992793
v 13.532583 -0.017757 -2.032357
v 13.532274 -0.017739 -2.071912
v 13.531975 -0.017749 -2.111477
v 13.531671 -0.017748 -2.151045
v 13.531350 -0.017748 -2.190606
v 13.531017 -0.017748 -2.230167
v 13.530706 -0.017748 -2.269738
v 13.530249 -0.017748 -2.309294
v 13.529712 -0.017748 -2.348838
v 13.529149 -0.017749 -2.388376
v 13.528661 -0.017737 -2.427918
v 13.528304 -0.017739 -2.467479
v 13.528058 -0.017714 -2.507053
v 13.527867 -0.017757 -2.546630
v 13.577467 -0.017746 -1.953341
v 13.577238 -0.017737 -1.992907
v 13.577010 -0.017683 -2.032474
v 13.576684 -0.017744 -2.072024
v 13.576353 -0.017742 -2.111580
v 13.576030 -0.017748 -2.151148
v 13.575694 -0.017747 -2.190713
v 13.575348 -0.017747 -2.230274
v 13.574999 -0.017747 -2.269839
v 13.574547 -0.017747 -2.309389
v 13.574020 -0.017764 -2.348923
v 13.573508 -0.017738 -2.388461
v 13.573060 -0.017748 -2.428007
v 13.572726 -0.017723 -2.467570
v 13.572500 -0.017668 -2.507145
v 13.572329 -0.017775 -2.546721
v 13.621901 -0.017630 -1.953468
v 13.621654 -0.017695 -1.993028
v 13.621428 -0.017618 -2.032594
v 13.621086 -0.017672 -2.072138
v 13.620722 -0.017738 -2.111682
v 13.620376 -0.017741 -2.151239
v 13.620039 -0.017747 -2.190802
v 13.619686 -0.017746 -2.230360
v 13.619309 -0.017747 -2.269914
v 13.618861 -0.017748 -2.309460
v 13.618352 -0.017748 -2.348989
v 13.617876 -0.017740 -2.388522
v 13.617471 -0.017737 -2.428069
v 13.617167 -0.017698 -2.467633
v 13.616956 -0.017744 -2.507202
v 13.616795 -0.017712 -2.546780
v 13.666341 -0.017747 -1.953626
v 13.666071 -0.017641 -1.993162
v 13.665850 -0.017768 -2.032713
v 13.665481 -0.017599 -2.072242
v 13.665079 -0.017690 -2.111774
v 13.664707 -0.017742 -2.151322
v 13.664367 -0.017747 -2.190877
v 13.663999 -0.017741 -2.230428
v 13.663608 -0.017746 -2.269975
v 13.663155 -0.017740 -2.309512
v 13.662674 -0.017741 -2.349041
v 13.662226 -0.017733 -2.388572
v 13.661869 -0.017743 -2.428119
v 13.661591 -0.017718 -2.467680
v 13.661397 -0.017657 -2.507257
v 13.661252 -0.017655 -2.546837
v 13.710751 -0.015394 -1.953737
v 13.710476 -0.017691 -1.993257
v 13.710288 -0.017707 -2.032796
v 13.709859 -0.017614 -2.072304
v 13.709413 -0.017696 -2.111826
v 13.709019 -0.017751 -2.151372
v 13.708694 -0.017744 -2.190923
v 13.708316 -0.017719 -2.230468
v 13.707938 -0.017736 -2.270010
v 13.707483 -0.017740 -2.309538
v 13.707048 -0.017743 -2.349070
v 13.706629 -0.017745 -2.388600
v 13.706309 -0.017741 -2.428150
v 13.706036 -0.017740 -2.467711
v 13.705853 -0.017737 -2.507290
v 13.705713 -0.017712 -2.546875
v 13.755858 -0.019039 -1.953193
v 13.754930 -0.015259 -1.993293
v 13.754741 -0.017747 -2.032840
v 13.754235 -0.017687 -2.072333
v 13.753735 -0.017714 -2.111863
v 13.753323 -0.017687 -2.151403
v 13.753052 -0.017593 -2.190962
v 13.752648 -0.017707 -2.230471
v 13.752302 -0.017621 -2.270011
v 13.751835 -0.017708 -2.309535
v 13.751440 -0.017694 -2.349073
v 13.751022 -0.017632 -2.388609
v 13.750735 -0.017664 -2.428172
v 13.750451 -0.017713 -2.467734
v 13.750299 -0.017703 -2.507323
v 13.750156 -0.017639 -2.546911
v 13.789844 -0.046172 -1.962678
v 13.799994 -0.021793 -1.992190
v 13.799728 -0.016604 -2.032573
v 13.798594 -0.017673 -2.072430
v 13.798051 -0.017735 -2.111933
v 13.797630 -0.017725 -2.151405
v 13.797477 -0.017636 -2.190934
v 13.797009 -0.017641 -2.230441
v 13.796733 -0.017604 -2.270002
v 13.796225 -0.017631 -2.309527
v 13.795881 -0.017633 -2.349083
v 13.795424 -0.017642 -2.388621
v 13.795184 -0.017604 -2.428201
v 13.794856 -0.017620 -2.467758
v 13.794753 -0.017636 -2.507361
v 13.794586 -0.017656 -2.546935
v 11.838772 -0.098729 -1.861782
v 11.758787 -0.017626 -2.499618
v 11.759569 -0.017752 -2.460029
v 11.762666 -0.017740 -2.422402
v 11.763514 -0.017727 -2.382820
v 11.764744 -0.010141 -2.343071
v 11.770492 -0.017281 -2.304212
v 11.760857 -0.017591 -2.280726
v 11.761077 -0.017598 -2.241270
v 11.768197 -0.017698 -2.194709
v 11.771218 -0.017749 -2.155249
v 11.774978 -0.017716 -2.113706
v 11.779062 -0.019907 -2.074434
v 11.784197 -0.017576 -2.033459
v 11.788897 -0.018772 -1.994195
v 11.797036 -0.029568 -1.955545
v 11.805325 -0.045783 -1.920360
v 11.836056 -0.088384 -1.898981
v 13.916338 -0.140313 -1.938829
v 13.955351 -0.019860 -2.585248
v 13.920424 -0.132215 -1.977389
v 13.923569 -0.119955 -2.012323
v 13.922461 -0.111362 -2.050735
v 13.957676 -0.037023 -2.080696
v 13.956315 -0.029900 -2.119613
v 13.958015 -0.017750 -2.149510
v 13.958179 -0.017742 -2.189089
v 13.957425 -0.017831 -2.229257
v 13.957424 -0.019856 -2.268769
v 13.956731 -0.017744 -2.309234
v 13.956582 -0.017737 -2.348802
v 13.955957 -0.017709 -2.388091
v 13.955894 -0.019856 -2.427606
v 13.955401 -0.017738 -2.466858
v 13.955486 -0.017899 -2.506429
v 13.955176 -0.017714 -2.545732
vn -0.4824 0.7911 0.3762
vn 0.5110 0.6197 0.5957
vn -0.0331 0.9989 -0.0337
vn 0.0045 1.0000 -0.0083
vn -0.0091 0.9932 0.1159
vn 0.1127 0.9934 -0.0205
vn 0.0113 0.9999 0.0044
vn 0.0002 1.0000 0.0016
vn -0.0299 0.9987 0.0404
vn -0.3142 0.9099 0.2708
vn -0.5811 0.6556 0.4822
vn -0.5534 0.7345 0.3927
vn -0.2021 0.9733 0.1092
vn 0.0409 0.9974 -0.0597
vn 0.0035 0.9964 -0.0847
vn -0.0055 0.9969 -0.0785
vn -0.0058 0.9968 -0.0794
vn -0.0067 0.9967 -0.0808
vn -0.0062 0.9966 -0.0818
vn -0.0074 0.9967 -0.0813
vn -0.0073 0.9967 -0.0804
vn -0.0063 0.9967 -0.0813
vn -0.0061 0.9966 -0.0824
vn -0.0058 0.9966 -0.0820
vn -0.0073 0.9967 -0.0814
vn -0.0075 0.9967 -0.0813
vn -0.0075 0.9966 -0.0815
vn -0.0387 0.9963 -0.0768
vn 0.1246 0.9919 -0.0245
vn 0.5819 0.8095 0.0784
vn 0.7097 0.6930 0.1266
vn 0.3534 0.9310 0.0919
vn 0.0315 0.9992 0.0261
vn 0.0011 1.0000 0.0016
vn -0.0002 1.0000 0.0013
vn -0.0004 1.0000 0.0017
vn -0.0000 1.0000 0.0009
vn 0.0002 1.0000 0.0007
vn 0.0004 1.0000 0.0008
vn 0.0001 1.0000 0.0003
vn -0.0001 1.0000 0.0004
vn -0.0003 1.0000 0.0001
vn -0.0005 1.0000 0.0004
vn 0.0001 1.0000 0.0012
vn -0.0096 0.9998 0.0188
vn 0.1476 0.9706 0.1900
vn 0.5254 0.6748 0.5182
vn 0.6599 0.3717 0.6530
vn -0.0016 1.0000 0.0024
vn -0.0009 1.0000 -0.0010
vn 0.0002 1.0000 -0.0010
vn -0.0002 1.0000 -0.0008
vn -0.0011 1.0000 -0.0008
vn 0.0001 1.0000 0.0002
vn -0.0098 0.9999 -0.0109
vn -0.0003 0.9997 -0.0232
vn 0.0101 0.9999 -0.0120
vn 0.0002 1.0000 -0.0004
vn 0.0013 1.0000 -0.0020
vn 0.0332 0.9985 -0.0434
vn -0.0009 0.9965 -0.0837
vn -0.0247 0.9977 -0.0635
vn 0.0098 0.9984 -0.0559
vn 0.0088 0.9969 -0.0779
vn 0.0578 0.9854 -0.1601
vn -0.0330 0.9801 -0.1958
vn -0.0263 0.9984 -0.0506
vn 0.1615 0.9803 0.1135
vn 0.0328 0.9925 0.1181
vn -0.1010 0.9945 -0.0278
vn 0.0660 0.9972 -0.0348
vn 0.0192 0.9977 0.0645
vn -0.0841 0.9964 0.0115
vn -0.0143 0.9969 -0.0779
vn -0.0108 0.9970 -0.0770
vn 0.0283 0.9996 -0.0063
vn 0.0193 0.9990 0.0393
vn -0.0158 0.9997 0.0211
vn -0.0260 0.9994 -0.0210
vn -0.0572 0.9971 -0.0495
vn -0.0305 0.9991 -0.0303
vn 0.0268 0.9989 0.0376
vn 0.0835 0.9895 0.1181
vn 0.0400 0.9877 0.1515
vn 0.0084 0.9933 0.1154
vn 0.0486 0.9973 0.0553
vn 0.1918 0.9660 0.1734
vn 0.3321 0.8784 0.3437
vn 0.0870 0.9899 0.1120
vn -0.2806 0.9079 -0.3115
vn -0.3180 0.8709 -0.3748
vn -0.1555 0.9693 -0.1903
vn -0.1177 0.9883 -0.0970
vn -0.2780 0.9229 -0.2666
vn -0.2770 0.9169 -0.2872
vn -0.1412 0.9896 0.0263
vn 0.0270 0.9777 0.2084
vn -0.0026 0.9965 0.0833
vn -0.1940 0.9802 0.0404
vn -0.2527 0.9530 0.1668
vn -0.1812 0.9665 0.1815
vn -0.0426 0.9969 0.0657
vn -0.0021 0.9999 0.0099
vn 0.0026 0.9998 -0.0196
vn 0.0483 0.9971 -0.0588
vn 0.0149 0.9996 0.0225
vn -0.0184 0.9983 0.0550
vn -0.3332 0.9067 0.2587
vn 0.5728 0.5318 0.6237
vn 0.5996 0.6100 0.5181
vn 0.4170 0.8464 0.3312
vn 0.0663 0.9916 0.1111
vn 0.0072 0.9984 0.0568
vn -0.0259 0.9993 -0.0284
vn 0.0005 1.0000 -0.0009
vn 0.0046 1.0000 -0.0086
vn 0.0048 1.0000 -0.0086
vn 0.0015 1.0000 0.0001
vn 0.0010 1.0000 0.0003
vn 0.0039 1.0000 -0.0090
vn 0.0042 0.9999 -0.0092
vn 0.0014 1.0000 -0.0007
vn 0.0013 1.0000 -0.0010
vn 0.0035 1.0000 -0.0059
vn 0.0339 0.9988 0.0359
vn 0.0979 0.9935 -0.0586
vn 0.0890 0.9939 -0.0644
vn 0.0413 0.9983 -0.0401
vn 0.0062 0.9999 -0.0101
vn -0.0465 0.9968 0.0649
vn -0.1884 0.9586 0.2134
vn -0.2954 0.9187 0.2622
vn -0.2531 0.9579 0.1355
vn -0.1098 0.9934 -0.0320
vn 0.0677 0.9977 -0.0087
vn 0.2428 0.9511 0.1911
vn 0.1889 0.9731 0.1321
vn -0.1334 0.9779 -0.1612
vn -0.3170 0.9040 -0.2869
vn -0.2437 0.9388 -0.2433
vn 0.0931 0.9951 -0.0333
vn 0.0484 0.9980 -0.0397
vn 0.0123 0.9998 -0.0174
vn -0.0003 1.0000 -0.0008
vn -0.0799 0.9904 0.1129
vn -0.2732 0.9218 0.2752
vn -0.3553 0.8810 0.3125
vn -0.2448 0.9578 0.1508
vn -0.0554 0.9973 -0.0482
vn 0.0353 0.9908 -0.1303
vn 0.0308 0.9939 -0.1056
vn 0.1239 0.9921 0.0193
vn 0.2586 0.9310 0.2575
vn 0.1482 0.9625 0.2271
vn -0.1490 0.9792 -0.1376
vn -0.3002 0.8992 -0.3182
vn 0.0091 1.0000 -0.0021
vn 0.0036 1.0000 -0.0037
vn -0.0041 1.0000 0.0059
vn -0.0967 0.9881 0.1193
vn -0.2680 0.8973 0.3507
vn -0.3328 0.8581 0.3909
vn -0.2264 0.9603 0.1632
vn -0.0456 0.9948 -0.0916
vn 0.0530 0.9860 -0.1583
vn 0.0452 0.9931 -0.1081
vn 0.0096 0.9973 -0.0732
vn -0.0018 0.9982 -0.0604
vn 0.1072 0.9753 0.1930
vn 0.2669 0.9210 0.2837
vn 0.2176 0.9673 0.1301
vn -0.1143 0.9859 -0.1220
vn -0.0002 1.0000 0.0010
vn -0.0329 0.9984 0.0455
vn -0.1843 0.9668 0.1770
vn -0.3648 0.8612 0.3538
vn -0.3607 0.8564 0.3694
vn -0.1371 0.9680 0.2100
vn 0.0358 0.9992 -0.0194
vn 0.0476 0.9806 -0.1903
vn 0.0318 0.9873 -0.1556
vn 0.0233 0.9963 -0.0822
vn 0.0279 0.9977 -0.0616
vn 0.0284 0.9977 -0.0617
vn 0.0667 0.9978 0.0007
vn 0.2002 0.9755 0.0917
vn 0.3023 0.9257 0.2273
vn 0.2122 0.9485 0.2353
vn -0.1174 0.9854 0.1230
vn -0.3363 0.9028 0.2679
vn -0.4902 0.7760 0.3969
vn -0.4673 0.8041 0.3676
vn -0.2851 0.9517 0.1142
vn -0.0884 0.9950 -0.0467
vn 0.0180 0.9943 -0.1052
vn 0.0464 0.9840 -0.1721
vn 0.0155 0.9930 -0.1168
vn -0.0092 0.9971 -0.0750
vn -0.0043 0.9969 -0.0786
vn 0.0044 0.9985 -0.0550
vn -0.0274 0.9994 -0.0216
vn -0.0493 0.9988 -0.0004
vn 0.0727 0.9908 0.1143
vn 0.2564 0.9219 0.2905
vn -0.4130 0.8185 0.3993
vn -0.5438 0.7153 0.4389
vn -0.4921 0.8182 0.2971
vn -0.2603 0.9580 0.1206
vn -0.1172 0.9905 -0.0712
vn -0.0730 0.9841 -0.1622
vn -0.0042 0.9813 -0.1924
vn 0.0250 0.9888 -0.1472
vn -0.0023 0.9979 -0.0646
vn -0.0444 0.9980 -0.0454
vn -0.0836 0.9941 -0.0689
vn -0.0872 0.9946 -0.0567
vn -0.0638 0.9980 0.0040
vn -0.0265 0.9986 -0.0468
vn 0.0235 0.9995 -0.0205
vn 0.1248 0.9825 0.1380
vn -0.5516 0.6645 0.5042
vn -0.4728 0.8159 0.3326
vn -0.3261 0.9452 0.0145
vn -0.1893 0.9762 -0.1054
vn -0.1017 0.9864 -0.1289
vn -0.0524 0.9736 -0.2221
vn -0.0293 0.9716 -0.2347
vn -0.0157 0.9903 -0.1384
vn 0.0043 0.9986 -0.0518
vn -0.0126 0.9998 0.0143
vn -0.0598 0.9975 -0.0370
vn -0.0779 0.9947 -0.0667
vn -0.0474 0.9975 -0.0521
vn 0.0029 0.9936 -0.1133
vn 0.0330 0.9984 -0.0454
vn 0.0458 0.9974 0.0560
vn -0.4313 0.8461 0.3131
vn -0.2258 0.9708 0.0808
vn -0.1493 0.9824 -0.1119
vn -0.1318 0.9710 -0.1994
vn -0.0579 0.9729 -0.2238
vn -0.0217 0.9728 -0.2306
vn -0.0388 0.9713 -0.2348
vn -0.0097 0.9844 -0.1759
vn 0.0337 0.9967 -0.0739
vn 0.0706 0.9973 0.0185
vn 0.0954 0.9950 -0.0283
vn 0.0587 0.9976 -0.0378
vn 0.0043 0.9966 -0.0819
vn -0.0066 0.9886 -0.1507
vn 0.0081 0.9987 -0.0508
vn 0.0116 0.9980 0.0614
vn -0.1157 0.9931 0.0197
vn 0.0028 0.9964 -0.0849
vn 0.0248 0.9938 -0.1084
vn -0.0151 0.9786 -0.2053
vn -0.0310 0.9568 -0.2891
vn 0.0030 0.9711 -0.2388
vn 0.0218 0.9724 -0.2324
vn 0.0116 0.9806 -0.1956
vn 0.0107 0.9960 -0.0891
vn 0.0537 0.9974 -0.0485
vn 0.1000 0.9941 -0.0430
vn 0.1085 0.9941 0.0014
vn 0.0885 0.9938 -0.0677
vn 0.0529 0.9898 -0.1321
vn 0.0297 0.9984 -0.0489
vn 0.0328 0.9973 0.0651
vn 0.0405 0.9951 -0.0898
vn 0.0218 0.9940 -0.1067
vn -0.0020 0.9962 -0.0869
vn -0.0289 0.9863 -0.1622
vn -0.0710 0.9581 -0.2776
vn -0.0697 0.9576 -0.2796
vn -0.0420 0.9713 -0.2339
vn -0.0429 0.9842 -0.1719
vn -0.0302 0.9934 -0.1109
vn -0.0073 0.9957 -0.0928
vn -0.0018 0.9990 -0.0446
vn 0.0200 0.9998 -0.0021
vn 0.0484 0.9968 -0.0633
vn 0.0503 0.9942 -0.0946
vn 0.0525 0.9975 -0.0469
vn 0.0696 0.9964 0.0487
vn -0.0002 0.9964 -0.0848
vn -0.0049 0.9965 -0.0830
vn -0.0104 0.9972 -0.0743
vn -0.0187 0.9894 -0.1443
vn -0.0204 0.9644 -0.2637
vn -0.0361 0.9580 -0.2844
vn -0.0606 0.9715 -0.2291
vn -0.0499 0.9820 -0.1821
vn -0.0271 0.9907 -0.1330
vn -0.0291 0.9955 -0.0899
vn -0.0282 0.9986 -0.0452
vn -0.0114 0.9995 -0.0293
vn 0.0021 0.9977 -0.0679
vn 0.0149 0.9950 -0.0983
vn 0.0209 0.9990 -0.0400
vn 0.0227 0.9991 0.0352
vn -0.0057 0.9968 -0.0803
vn -0.0060 0.9966 -0.0816
vn -0.0090 0.9979 -0.0645
vn -0.0006 0.9864 -0.1641
vn 0.0305 0.9561 -0.2915
vn 0.0255 0.9712 -0.2370
vn -0.0301 0.9816 -0.1887
vn -0.0512 0.9761 -0.2111
vn -0.0192 0.9872 -0.1586
vn -0.0120 0.9978 -0.0654
vn -0.0413 0.9985 -0.0370
vn -0.0554 0.9975 -0.0429
vn -0.0472 0.9953 -0.0844
vn -0.0222 0.9905 -0.1356
vn 0.0017 1.0000 -0.0077
vn -0.0145 0.9987 0.0486
vn -0.0061 0.9967 -0.0811
vn -0.0044 0.9981 -0.0616
vn 0.0079 0.9790 -0.2035
vn 0.0330 0.9447 -0.3263
vn 0.0470 0.9784 -0.2015
vn 0.0122 0.9925 -0.1220
vn -0.0515 0.9803 -0.1907
vn -0.0649 0.9790 -0.1934
vn -0.0419 0.9980 -0.0477
vn -0.0428 0.9989 -0.0197
vn -0.0406 0.9975 -0.0573
vn -0.0429 0.9955 -0.0841
vn -0.0636 0.9866 -0.1502
vn -0.0690 0.9975 0.0176
vn -0.0568 0.9965 0.0615
vn -0.0064 0.9967 -0.0807
vn -0.0064 0.9967 -0.0804
vn -0.0033 0.9978 -0.0657
vn -0.0230 0.9785 -0.2047
vn -0.0560 0.9440 -0.3252
vn -0.0365 0.9750 -0.2194
vn 0.0194 0.9932 -0.1150
vn 0.0058 0.9928 -0.1196
vn -0.0747 0.9834 -0.1651
vn -0.0813 0.9936 -0.0779
vn -0.0261 0.9985 -0.0482
vn 0.0050 0.9975 -0.0709
vn 0.0089 0.9972 -0.0747
vn -0.0217 0.9939 -0.1083
vn -0.0514 0.9986 -0.0081
vn -0.0365 0.9987 0.0357
vn -0.0062 0.9967 -0.0809
vn -0.0062 0.9968 -0.0802
vn -0.0011 0.9972 -0.0741
vn -0.0248 0.9866 -0.1611
vn -0.0835 0.9561 -0.2810
vn -0.0981 0.9612 -0.2577
vn -0.0424 0.9822 -0.1827
vn 0.0207 0.9949 -0.0985
vn 0.0087 0.9959 -0.0897
vn -0.0286 0.9936 -0.1096
vn -0.0212 0.9961 -0.0853
vn -0.0301 0.9981 -0.0537
vn -0.0318 0.9957 -0.0871
vn 0.0068 0.9940 -0.1091
vn 0.0291 0.9996 -0.0017
vn 0.0035 0.9992 0.0388
vn -0.0073 0.9967 -0.0809
vn -0.0067 0.9967 -0.0807
vn -0.0053 0.9968 -0.0802
vn -0.0178 0.9924 -0.1222
vn -0.0552 0.9721 -0.2279
vn -0.0777 0.9586 -0.2740
vn -0.0472 0.9652 -0.2572
vn 0.0149 0.9882 -0.1523
vn 0.0507 0.9970 -0.0587
vn 0.0254 0.9967 -0.0767
vn -0.0104 0.9959 -0.0895
vn -0.0107 0.9991 -0.0409
vn -0.0607 0.9973 -0.0409
vn -0.1397 0.9839 -0.1115
vn -0.0940 0.9943 -0.0500
vn -0.0085 0.9995 0.0294
vn -0.0072 0.9967 -0.0812
vn -0.0068 0.9966 -0.0817
vn -0.0065 0.9967 -0.0810
vn -0.0113 0.9943 -0.1060
vn -0.0258 0.9795 -0.1998
vn -0.0273 0.9574 -0.2873
vn -0.0132 0.9551 -0.2961
vn -0.0019 0.9830 -0.1839
vn 0.0101 0.9977 -0.0672
vn 0.0100 0.9993 -0.0370
vn -0.0175 0.9979 -0.0618
vn -0.0319 0.9986 -0.0426
vn -0.0334 0.9988 0.0366
vn -0.0650 0.9955 -0.0688
vn -0.0756 0.9875 -0.1382
vn -0.0133 0.9989 -0.0454
vn -0.0062 0.9966 -0.0816
vn -0.0063 0.9966 -0.0816
vn -0.0065 0.9967 -0.0812
vn -0.0167 0.9957 -0.0906
vn -0.0292 0.9804 -0.1949
vn -0.0239 0.9519 -0.3055
vn -0.0213 0.9551 -0.2956
vn -0.0195 0.9822 -0.1868
vn -0.0114 0.9972 -0.0734
vn 0.0014 0.9992 -0.0409
vn 0.0103 0.9992 -0.0388
vn -0.0109 0.9997 -0.0225
vn 0.0091 1.0000 -0.0018
vn 0.0537 0.9971 -0.0540
vn 0.0148 0.9933 -0.1150
vn -0.0181 0.9952 -0.0963
vn -0.0061 0.9966 -0.0818
vn -0.0063 0.9967 -0.0811
vn -0.0064 0.9967 -0.0813
vn -0.0036 0.9965 -0.0836
vn -0.0145 0.9823 -0.1865
vn -0.0403 0.9525 -0.3017
vn -0.0486 0.9557 -0.2904
vn -0.0456 0.9819 -0.1836
vn -0.0316 0.9957 -0.0873
vn -0.0286 0.9989 -0.0376
vn -0.0328 0.9984 -0.0458
vn 0.0051 0.9995 -0.0308
vn 0.0047 0.9998 -0.0193
vn -0.0159 0.9979 -0.0625
vn 0.0003 0.9968 -0.0798
vn -0.0018 0.9960 -0.0895
vn -0.0060 0.9967 -0.0815
vn -0.0062 0.9967 -0.0813
vn 0.0001 0.9955 -0.0950
vn 0.0097 0.9826 -0.1856
vn -0.0063 0.9622 -0.2721
vn -0.0499 0.9629 -0.2650
vn -0.0703 0.9814 -0.1785
vn -0.0511 0.9917 -0.1181
vn -0.0239 0.9992 -0.0305
vn -0.0095 0.9977 -0.0674
vn 0.0114 0.9968 -0.0797
vn 0.0378 0.9993 0.0029
vn 0.0281 0.9979 -0.0587
vn 0.0014 0.9971 -0.0767
vn -0.0478 0.9983 -0.0326
vn -0.0071 0.9967 -0.0814
vn -0.0067 0.9967 -0.0811
vn -0.0066 0.9967 -0.0810
vn -0.0162 0.9956 -0.0920
vn -0.0312 0.9817 -0.1880
vn -0.0332 0.9669 -0.2528
vn -0.0340 0.9715 -0.2346
vn -0.0344 0.9828 -0.1815
vn -0.0374 0.9909 -0.1293
vn -0.0114 0.9973 -0.0719
vn 0.0318 0.9950 -0.0944
vn 0.0319 0.9964 -0.0789
vn 0.0442 0.9985 -0.0310
vn 0.0765 0.9953 -0.0589
vn 0.0611 0.9976 -0.0328
vn 0.0261 0.9995 0.0196
vn -0.0074 0.9966 -0.0817
vn -0.0071 0.9966 -0.0815
vn -0.0069 0.9967 -0.0809
vn -0.0109 0.9969 -0.0777
vn -0.0398 0.9856 -0.1641
vn -0.0603 0.9642 -0.2581
vn -0.0406 0.9683 -0.2466
vn -0.0413 0.9864 -0.1590
vn -0.0587 0.9906 -0.1233
vn -0.0743 0.9941 -0.0790
vn -0.1005 0.9901 -0.0982
vn -0.0831 0.9932 -0.0810
vn -0.0490 0.9966 -0.0664
vn -0.0024 0.9943 -0.1070
vn 0.0382 0.9993 -0.0028
vn 0.0540 0.9985 0.0076
vn -0.0074 0.9966 -0.0819
vn -0.0072 0.9966 -0.0817
vn -0.0069 0.9967 -0.0811
vn -0.0000 0.9967 -0.0811
vn 0.0042 0.9893 -0.1461
vn -0.0147 0.9679 -0.2511
vn -0.0436 0.9685 -0.2453
vn -0.0610 0.9902 -0.1258
vn -0.0453 0.9870 -0.1541
vn 0.0091 0.9959 -0.0899
vn 0.0024 0.9982 -0.0593
vn -0.0543 0.9951 -0.0829
vn -0.0587 0.9933 -0.0998
vn -0.0443 0.9883 -0.1460
vn -0.0307 0.9995 -0.0028
vn -0.0628 0.9979 0.0146
vn -0.0327 0.9956 -0.0880
vn -0.0177 0.9957 -0.0910
vn -0.0083 0.9967 -0.0813
vn -0.0052 0.9957 -0.0924
vn 0.0209 0.9838 -0.1779
vn 0.0328 0.9737 -0.2257
vn -0.0089 0.9805 -0.1965
vn -0.0097 0.9886 -0.1505
vn 0.0066 0.9849 -0.1731
vn -0.0023 0.9928 -0.1195
vn 0.0111 0.9996 -0.0270
vn -0.0034 0.9992 -0.0405
vn -0.0231 0.9924 -0.1207
vn -0.0169 0.9880 -0.1532
vn 0.0249 0.9989 -0.0399
vn 0.0546 0.9962 0.0683
vn 0.0786 0.9957 -0.0487
vn 0.0080 0.9972 -0.0748
vn -0.0192 0.9968 -0.0771
vn -0.0128 0.9940 -0.1089
vn 0.0098 0.9742 -0.2257
vn 0.0294 0.9768 -0.2122
vn 0.0144 0.9897 -0.1422
vn 0.0067 0.9802 -0.1979
vn 0.0200 0.9872 -0.1585
vn -0.0246 0.9974 -0.0675
vn -0.0588 0.9974 -0.0427
vn -0.0231 0.9986 -0.0468
vn -0.0104 0.9940 -0.1086
vn -0.0282 0.9884 -0.1494
vn -0.0022 0.9942 -0.1072
vn 0.0930 0.9956 0.0072
vn 0.5136 0.8545 0.0773
vn 0.3542 0.9344 0.0372
vn 0.2078 0.9781 -0.0143
vn 0.1180 0.9884 -0.0960
vn 0.0678 0.9703 -0.2324
vn 0.0533 0.9757 -0.2123
vn 0.0489 0.9924 -0.1129
vn 0.0178 0.9805 -0.1956
vn 0.0129 0.9861 -0.1658
vn 0.0348 0.9991 -0.0232
vn 0.0220 0.9988 -0.0433
vn -0.0024 0.9980 -0.0634
vn -0.0244 0.9962 -0.0842
vn -0.0616 0.9912 -0.1170
vn -0.1080 0.9871 -0.1180
vn -0.0792 0.9924 -0.0940
vn 0.7078 0.6894 0.1544
vn 0.6823 0.7145 0.1549
vn 0.6166 0.7807 0.1012
vn 0.5037 0.8636 0.0194
vn 0.3258 0.9402 -0.0997
vn 0.1365 0.9818 -0.1321
vn 0.0272 0.9980 -0.0577
vn -0.0480 0.9898 -0.1344
vn -0.0761 0.9810 -0.1786
vn -0.0247 0.9975 -0.0660
vn 0.0139 0.9996 -0.0227
vn -0.0059 0.9994 -0.0331
vn -0.0257 0.9971 -0.0720
vn -0.0364 0.9957 -0.0850
vn -0.0446 0.9943 -0.0964
vn -0.0392 0.9864 -0.1598
vn 0.4039 0.9075 0.1153
vn 0.5056 0.8513 0.1404
vn 0.5894 0.7988 0.1202
vn 0.6256 0.7728 0.1066
vn 0.5894 0.8042 0.0770
vn 0.4993 0.8662 0.0224
vn 0.3900 0.9189 0.0598
vn 0.2064 0.9784 0.0062
vn 0.0281 0.9905 -0.1346
vn -0.0255 0.9932 -0.1139
vn -0.0110 0.9997 -0.0218
vn -0.0299 0.9995 0.0133
vn -0.0573 0.9961 -0.0664
vn -0.0563 0.9959 -0.0705
vn -0.0252 0.9908 -0.1333
vn 0.0332 0.9788 -0.2019
vn 0.0573 0.9979 0.0303
vn 0.1188 0.9921 0.0395
vn 0.1911 0.9807 0.0410
vn 0.2739 0.9601 0.0570
vn 0.3731 0.9244 0.0796
vn 0.4540 0.8884 0.0688
vn 0.4873 0.8645 0.1235
vn 0.4732 0.8729 0.1188
vn 0.4083 0.9127 -0.0149
vn 0.3006 0.9533 -0.0296
vn 0.0997 0.9919 0.0781
vn -0.0830 0.9893 0.1197
vn -0.1740 0.9838 -0.0426
vn -0.1249 0.9827 -0.1371
vn -0.0164 0.9755 -0.2192
vn 0.0147 0.9754 -0.2201
vn 0.0017 1.0000 0.0006
vn 0.0018 1.0000 -0.0001
vn 0.0012 1.0000 0.0004
vn 0.0034 1.0000 0.0022
vn 0.0145 0.9999 0.0093
vn 0.0419 0.9989 0.0203
vn 0.1143 0.9917 0.0591
vn 0.2363 0.9690 0.0723
vn 0.3198 0.9471 0.0276
vn 0.3149 0.9453 0.0850
vn 0.2770 0.9388 0.2049
vn 0.2751 0.9455 0.1741
vn 0.2328 0.9722 -0.0264
vn 0.1497 0.9744 -0.1676
vn 0.0674 0.9671 -0.2451
vn 0.0251 0.9820 -0.1873
vn -0.0004 1.0000 0.0002
vn -0.0002 1.0000 0.0007
vn -0.0004 1.0000 -0.0005
vn -0.0002 1.0000 -0.0005
vn -0.0002 1.0000 -0.0003
vn -0.0005 1.0000 -0.0008
vn -0.0003 1.0000 -0.0003
vn 0.0016 1.0000 0.0025
vn 0.0429 0.9980 0.0466
vn 0.1779 0.9776 0.1122
vn 0.3439 0.9351 0.0859
vn 0.3912 0.9203 0.0038
vn 0.3047 0.9522 -0.0195
vn 0.1244 0.9865 -0.1061
vn -0.0000 0.9915 -0.1300
vn -0.0009 1.0000 0.0009
vn -0.0014 1.0000 -0.0002
vn -0.0004 1.0000 -0.0002
vn 0.0003 1.0000 -0.0002
vn -0.0002 1.0000 -0.0004
vn -0.0004 1.0000 -0.0001
vn -0.0004 1.0000 0.0007
vn 0.0053 1.0000 0.0054
vn 0.0222 0.9996 0.0150
vn 0.0441 0.9989 0.0162
vn 0.0885 0.9954 0.0364
vn 0.1044 0.9944 0.0190
vn 0.0418 0.9979 -0.0496
vn -0.0002 1.0000 0.0018
vn -0.0005 1.0000 -0.0002
vn -0.0002 1.0000 -0.0017
vn -0.0000 1.0000 0.0004
vn -0.0004 1.0000 -0.0000
vn -0.0003 1.0000 -0.0004
vn -0.0003 1.0000 -0.0002
vn -0.0008 1.0000 -0.0003
vn -0.0009 1.0000 0.0003
vn -0.0004 1.0000 0.0003
vn -0.0000 1.0000 -0.0005
vn 0.0011 1.0000 0.0017
vn 0.0035 1.0000 0.0032
vn 0.0044 1.0000 -0.0015
vn 0.0202 0.9996 0.0186
vn 0.0346 0.9994 -0.0013
vn 0.0006 1.0000 0.0016
vn 0.0011 1.0000 -0.0001
vn 0.0005 1.0000 -0.0016
vn 0.0001 1.0000 0.0006
vn 0.0003 1.0000 0.0001
vn 0.0001 1.0000 -0.0003
vn -0.0006 1.0000 -0.0000
vn -0.0001 1.0000 -0.0003
vn 0.0001 1.0000 -0.0007
vn 0.0003 1.0000 0.0005
vn 0.0004 1.0000 0.0017
vn 0.0004 1.0000 -0.0003
vn 0.0012 1.0000 -0.0002
vn 0.0008 1.0000 0.0007
vn 0.0010 1.0000 -0.0001
vn 0.0006 1.0000 -0.0006
vn 0.0006 1.0000 0.0001
vn 0.0008 1.0000 -0.0000
vn 0.0007 1.0000 0.0001
vn 0.0006 1.0000 0.0005
vn 0.0006 1.0000 -0.0001
vn 0.0007 1.0000 -0.0004
vn 0.0007 1.0000 -0.0003
vn 0.0003 1.0000 -0.0005
vn 0.0002 1.0000 0.0002
vn 0.0007 1.0000 0.0013
vn 0.0008 1.0000 0.0001
vn 0.0003 1.0000 -0.0009
vn 0.0002 1.0000 -0.0003
vn 0.0003 1.0000 0.0002
vn 0.0005 1.0000 -0.0001
vn 0.0002 1.0000 0.0001
vn 0.0002 1.0000 0.0003
vn 0.0004 1.0000 0.0002
vn 0.0005 1.0000 -0.0000
vn 0.0002 1.0000 -0.0002
vn -0.0000 1.0000 -0.0002
vn -0.0000 1.0000 -0.0001
vn -0.0001 1.0000 0.0001
vn 0.0008 1.0000 0.0004
vn 0.0004 1.0000 -0.0002
vn 0.0050 1.0000 -0.0062
vn -0.0002 1.0000 0.0001
vn -0.0002 1.0000 -0.0002
vn -0.0002 1.0000 -0.0000
vn -0.0002 1.0000 -0.0001
vn -0.0001 1.0000 -0.0000
vn -0.0000 1.0000 0.0002
vn -0.0000 1.0000 -0.0000
vn 0.0001 1.0000 -0.0000
vn -0.0001 1.0000 0.0002
vn -0.0001 0.9999 -0.0118
vn -0.0003 1.0000 -0.0000
vn -0.0001 1.0000 -0.0001
vn -0.0000 1.0000 0.0001
vn 0.0001 1.0000 -0.0001
vn 0.0001 1.0000 0.0001
vn -0.0002 1.0000 0.0005
vn -0.0048 1.0000 -0.0061
vn -0.0008 1.0000 0.0003
vn -0.0011 1.0000 -0.0000
vn -0.0008 1.0000 -0.0007
vn -0.0001 1.0000 0.0003
vn -0.0001 1.0000 0.0006
vn -0.0001 1.0000 -0.0004
vn -0.0000 1.0000 -0.0006
vn -0.0003 1.0000 0.0002
vn -0.0002 1.0000 0.0003
vn -0.0007 1.0000 -0.0007
vn -0.0007 1.0000 -0.0009
vn -0.0001 1.0000 0.0005
vn -0.0009 1.0000 -0.0005
vn -0.0111 0.9999 0.0026
vn -0.0061 1.0000 -0.0073
vn 0.0003 1.0000 0.0006
vn -0.0002 1.0000 0.0002
vn -0.0004 1.0000 -0.0016
vn -0.0001 1.0000 -0.0005
vn 0.0002 1.0000 0.0005
vn 0.0001 1.0000 0.0004
vn -0.0001 1.0000 -0.0002
vn 0.0717 0.9931 0.0934
vn -0.0100 0.9999 -0.0107
vn -0.0066 1.0000 -0.0070
vn 0.0005 1.0000 0.0004
vn 0.0002 1.0000 -0.0013
vn -0.0007 1.0000 -0.0001
vn -0.0011 1.0000 0.0001
vn -0.0010 1.0000 -0.0000
vn -0.0009 1.0000 -0.0001
vn -0.0007 1.0000 -0.0003
vn -0.0006 1.0000 0.0002
vn -0.0009 1.0000 0.0001
vn -0.0007 1.0000 -0.0002
vn 0.0002 1.0000 0.0006
vn 0.0002 1.0000 -0.0001
vn 0.3821 0.8435 0.3774
vn 0.1107 0.9886 0.1024
vn 0.0050 1.0000 -0.0023
vn -0.0026 1.0000 -0.0032
vn 0.0003 1.0000 -0.0006
vn -0.0003 1.0000 0.0009
vn -0.0009 1.0000 0.0002
vn -0.0013 1.0000 -0.0000
vn -0.0013 1.0000 -0.0006
vn -0.0012 1.0000 0.0004
vn -0.0013 1.0000 0.0003
vn -0.0014 1.0000 -0.0004
vn -0.0013 1.0000 -0.0003
vn -0.0011 1.0000 0.0005
vn 0.6161 0.5015 0.6074
vn 0.4236 0.8084 0.4088
vn 0.1483 0.9796 0.1358
vn 0.0012 0.9993 0.0386
vn -0.0388 0.9992 -0.0005
vn -0.0190 0.9996 -0.0198
vn 0.0003 1.0000 -0.0000
vn 0.0007 1.0000 -0.0000
vn 0.0002 1.0000 0.0004
vn 0.0001 1.0000 -0.0002
vn -0.0006 1.0000 0.0010
vn -0.6812 0.5909 0.4321
vn 0.0001 1.0000 0.0029
vn -0.1066 0.9743 -0.1983
vn -0.3386 0.9384 0.0685
vn -0.1661 0.9859 0.0198
vn -0.0174 0.9982 0.0577
vn -0.0076 0.9996 0.0289
vn -0.0200 0.9996 -0.0180
vn -0.2647 0.9297 0.2560
vn 0.3305 0.8202 0.4670
vn 0.0109 0.9997 -0.0222
vn 0.6491 0.6252 0.4333
vn 0.1748 0.9709 0.1636
vn 0.0010 1.0000 -0.0018
vn 0.0099 0.9996 -0.0257
vn 0.0003 1.0000 0.0003
vn 0.0097 0.9996 -0.0275
vn 0.0012 1.0000 -0.0019
vt 0.977778 0.941176
vt 1.000000 0.941176
vt 1.000000 1.000000
vt 0.977778 1.000000
vt 0.000000 0.941176
vt 0.022222 0.941176
vt 0.022222 1.000000
vt 0.000000 1.000000
vt 0.044444 0.941176
vt 0.044444 1.000000
vt 0.066667 0.941176
vt 0.066667 1.000000
vt 0.088889 0.941176
vt 0.088889 1.000000
vt 0.111111 0.941176
vt 0.111111 1.000000
vt 0.133333 0.941176
vt 0.133333 1.000000
vt 0.155556 0.941176
vt 0.155556 1.000000
vt 0.177778 0.941176
vt 0.177778 1.000000
vt 0.200000 0.941176
vt 0.200000 1.000000
vt 0.222222 0.941176
vt 0.222222 1.000000
vt 0.244444 0.941176
vt 0.244444 1.000000
vt 0.266667 0.941177
vt 0.266667 1.000000
vt 0.288889 0.941177
vt 0.288889 1.000000
vt 0.311111 0.941177
vt 0.311111 1.000000
vt 0.333333 0.941177
vt 0.333333 1.000000
vt 0.355556 0.941177
vt 0.355556 1.000000
vt 0.377778 0.941176
vt 0.377778 1.000000
vt 0.400000 0.941176
vt 0.400000 1.000000
vt 0.422222 0.941176
vt 0.422222 1.000000
vt 0.444444 0.941176
vt 0.444444 1.000000
vt 0.466667 0.941176
vt 0.466667 1.000000
vt 0.488889 0.941177
vt 0.488889 1.000000
vt 0.511111 0.941177
vt 0.511111 1.000000
vt 0.533333 0.941176
vt 0.533333 1.000000
vt 0.555556 0.941176
vt 0.555556 1.000000
vt 0.577778 0.941177
vt 0.577778 1.000000
vt 0.600000 0.941177
vt 0.600000 1.000000
vt 0.622222 0.941177
vt 0.622222 1.000000
vt 0.644445 0.941177
vt 0.644444 1.000000
vt 0.666667 0.941177
vt 0.666667 1.000000
vt 0.688889 0.941177
vt 0.688889 1.000000
vt 0.711111 0.941177
vt 0.711111 1.000000
vt 0.733333 0.941177
vt 0.733333 1.000000
vt 0.755556 0.941177
vt 0.755556 1.000000
vt 0.777778 0.941177
vt 0.777778 1.000000
vt 0.800000 0.941177
vt 0.800000 1.000000
vt 0.822222 0.941177
vt 0.822222 1.000000
vt 0.844445 0.941177
vt 0.844445 1.000000
vt 0.866667 0.941177
vt 0.866667 1.000000
vt 0.888889 0.941177
vt 0.888889 1.000000
vt 0.911111 0.941177
vt 0.911111 1.000000
vt 0.933333 0.941177
vt 0.933333 1.000000
vt 0.955556 0.941177
vt 0.955556 1.000000
vt 0.955555 0.000000
vt 0.977778 0.000000
vt 0.977778 0.058824
vt 0.955555 0.058824
vt 0.977778 0.117647
vt 0.955555 0.117647
vt 0.977778 0.176471
vt 0.955555 0.176471
vt 0.977778 0.235294
vt 0.955555 0.235294
vt 0.977778 0.294118
vt 0.955555 0.294118
vt 0.977778 0.352941
vt 0.955556 0.352941
vt 0.977778 0.411765
vt 0.955556 0.411765
vt 0.977778 0.470588
vt 0.955555 0.470588
vt 0.977778 0.529412
vt 0.955556 0.529412
vt 0.977778 0.588235
vt 0.955556 0.588235
vt 0.977778 0.647059
vt 0.955556 0.647059
vt 0.977778 0.705882
vt 0.955556 0.705882
vt 0.977778 0.764706
vt 0.955556 0.764706
vt 0.977778 0.823529
vt 0.955556 0.823529
vt 0.977778 0.882353
vt 0.955556 0.882353
vt 0.933333 0.000000
vt 0.933333 0.058824
vt 0.933333 0.117647
vt 0.933333 0.176471
vt 0.933333 0.235294
vt 0.933333 0.294118
vt 0.933333 0.352941
vt 0.933333 0.411765
vt 0.933333 0.470588
vt 0.933333 0.529412
vt 0.933333 0.588235
vt 0.933333 0.647059
vt 0.933333 0.705882
vt 0.933333 0.764706
vt 0.933333 0.823529
vt 0.933333 0.882353
vt 0.911111 0.000000
vt 0.911111 0.058824
vt 0.911111 0.117647
vt 0.911111 0.176471
vt 0.911111 0.235294
vt 0.911111 0.294118
vt 0.911111 0.352941
vt 0.911111 0.411765
vt 0.911111 0.470588
vt 0.911111 0.529412
vt 0.911111 0.588235
vt 0.911111 0.647059
vt 0.911111 0.705882
vt 0.911111 0.764706
vt 0.911111 0.823529
vt 0.911111 0.882353
vt 0.888889 0.000000
vt 0.888889 0.058824
vt 0.888889 0.117647
vt 0.888889 0.176471
vt 0.888889 0.235294
vt 0.888889 0.294118
vt 0.888889 0.352941
vt 0.888889 0.411765
vt 0.888889 0.470588
vt 0.888889 0.529412
vt 0.888889 0.588235
vt 0.888889 0.647059
vt 0.888889 0.705882
vt 0.888889 0.764706
vt 0.888889 0.823529
vt 0.888889 0.882353
vt 0.866667 0.000000
vt 0.866667 0.058824
vt 0.866667 0.117647
vt 0.866667 0.176471
vt 0.866667 0.235294
vt 0.866667 0.294118
vt 0.866667 0.352941
vt 0.866667 0.411765
vt 0.866666 0.470588
vt 0.866667 0.529412
vt 0.866667 0.588235
vt 0.866667 0.647059
vt 0.866667 0.705882
vt 0.866667 0.764706
vt 0.866667 0.823529
vt 0.866667 0.882353
vt 0.844444 0.000000
vt 0.844444 0.058824
vt 0.844444 0.117647
vt 0.844444 0.176471
vt 0.844444 0.235294
vt 0.844444 0.294118
vt 0.844444 0.352941
vt 0.844444 0.411765
vt 0.844444 0.470588
vt 0.844444 0.529412
vt 0.844445 0.588235
vt 0.844445 0.647059
vt 0.844445 0.705882
vt 0.844445 0.764706
vt 0.844445 0.823529
vt 0.844445 0.882353
vt 0.822222 0.000000
vt 0.822222 0.058824
vt 0.822222 0.117647
vt 0.822222 0.176471
vt 0.822222 0.235294
vt 0.822222 0.294118
vt 0.822222 0.352941
vt 0.822222 0.411765
vt 0.822222 0.470588
vt 0.822222 0.529412
vt 0.822222 0.588235
vt 0.822222 0.647059
vt 0.822222 0.705882
vt 0.822222 0.764706
vt 0.822222 0.823529
vt 0.822222 0.882353
vt 0.800000 0.000000
vt 0.800000 0.058824
vt 0.800000 0.117647
vt 0.800000 0.176471
vt 0.800000 0.235294
vt 0.800000 0.294118
vt 0.800000 0.352941
vt 0.800000 0.411765
vt 0.800000 0.470588
vt 0.800000 0.529412
vt 0.800000 0.588235
vt 0.800000 0.647059
vt 0.800000 0.705882
vt 0.800000 0.764706
vt 0.800000 0.823529
vt 0.800000 0.882353
vt 0.777778 0.000000
vt 0.777778 0.058824
vt 0.777778 0.117647
vt 0.777778 0.176471
vt 0.777778 0.235294
vt 0.777778 0.294118
vt 0.777778 0.352941
vt 0.777778 0.411765
vt 0.777778 0.470588
vt 0.777778 0.529412
vt 0.777778 0.588235
vt 0.777778 0.647059
vt 0.777778 0.705882
vt 0.777778 0.764706
vt 0.777778 0.823529
vt 0.777778 0.882353
vt 0.755556 0.000000
vt 0.755556 0.058824
vt 0.755556 0.117647
vt 0.755556 0.176471
vt 0.755556 0.235294
vt 0.755556 0.294118
vt 0.755556 0.352941
vt 0.755556 0.411765
vt 0.755556 0.470588
vt 0.755556 0.529412
vt 0.755556 0.588235
vt 0.755556 0.647059
vt 0.755556 0.705882
vt 0.755556 0.764706
vt 0.755556 0.823529
vt 0.755556 0.882353
vt 0.733333 0.000000
vt 0.733333 0.058824
vt 0.733333 0.117647
vt 0.733333 0.176471
vt 0.733333 0.235294
vt 0.733333 0.294118
vt 0.733333 0.352941
vt 0.733333 0.411765
vt 0.733333 0.470588
vt 0.733333 0.529412
vt 0.733333 0.588235
vt 0.733333 0.647059
vt 0.733333 0.705882
vt 0.733333 0.764706
vt 0.733333 0.823529
vt 0.733333 0.882353
vt 0.711111 0.000000
vt 0.711111 0.058824
vt 0.711111 0.117647
vt 0.711111 0.176471
vt 0.711111 0.235294
vt 0.711111 0.294118
vt 0.711111 0.352941
vt 0.711111 0.411765
vt 0.711111 0.470588
vt 0.711111 0.529412
vt 0.711111 0.588235
vt 0.711111 0.647059
vt 0.711111 0.705882
vt 0.711111 0.764706
vt 0.711111 0.823529
vt 0.711111 0.882353
vt 0.688889 0.000000
vt 0.688889 0.058824
vt 0.688889 0.117647
vt 0.688889 0.176471
vt 0.688889 0.235294
vt 0.688889 0.294118
vt 0.688889 0.352941
vt 0.688889 0.411765
vt 0.688889 0.470588
vt 0.688889 0.529412
vt 0.688889 0.588235
vt 0.688889 0.647059
vt 0.688889 0.705882
vt 0.688889 0.764706
vt 0.688889 0.823529
vt 0.688889 0.882353
vt 0.666667 0.000000
vt 0.666667 0.058824
vt 0.666667 0.117647
vt 0.666667 0.176471
vt 0.666667 0.235294
vt 0.666667 0.294118
vt 0.666667 0.352941
vt 0.666667 0.411765
vt 0.666667 0.470588
vt 0.666667 0.529412
vt 0.666667 0.588235
vt 0.666667 0.647059
vt 0.666667 0.705882
vt 0.666667 0.764706
vt 0.666667 0.823529
vt 0.666667 0.882353
vt 0.644444 0.000000
vt 0.644444 0.058824
vt 0.644444 0.117647
vt 0.644444 0.176471
vt 0.644444 0.235294
vt 0.644444 0.294118
vt 0.644444 0.352941
vt 0.644444 0.411765
vt 0.644444 0.470588
vt 0.644444 0.529412
vt 0.644444 0.588235
vt 0.644444 0.647059
vt 0.644444 0.705882
vt 0.644444 0.764706
vt 0.644445 0.823529
vt 0.644444 0.882353
vt 0.622222 0.000000
vt 0.622222 0.058824
vt 0.622222 0.117647
vt 0.622222 0.176471
vt 0.622222 0.235294
vt 0.622222 0.294118
vt 0.622222 0.352941
vt 0.622222 0.411765
vt 0.622222 0.470588
vt 0.622222 0.529412
vt 0.622222 0.588235
vt 0.622222 0.647059
vt 0.622222 0.705882
vt 0.622222 0.764706
vt 0.622222 0.823529
vt 0.622222 0.882353
vt 0.600000 0.000000
vt 0.600000 0.058824
vt 0.600000 0.117647
vt 0.600000 0.176471
vt 0.600000 0.235294
vt 0.600000 0.294118
vt 0.600000 0.352941
vt 0.600000 0.411765
vt 0.600000 0.470588
vt 0.600000 0.529412
vt 0.600000 0.588235
vt 0.600000 0.647059
vt 0.600000 0.705882
vt 0.600000 0.764706
vt 0.600000 0.823529
vt 0.600000 0.882353
vt 0.577778 0.000000
vt 0.577778 0.058824
vt 0.577778 0.117647
vt 0.577778 0.176471
vt 0.577778 0.235294
vt 0.577778 0.294118
vt 0.577778 0.352941
vt 0.577778 0.411765
vt 0.577778 0.470588
vt 0.577778 0.529412
vt 0.577778 0.588235
vt 0.577778 0.647059
vt 0.577778 0.705882
vt 0.577778 0.764706
vt 0.577778 0.823529
vt 0.577778 0.882353
vt 0.555556 0.000000
vt 0.555556 0.058824
vt 0.555555 0.117647
vt 0.555556 0.176471
vt 0.555556 0.235294
vt 0.555556 0.294118
vt 0.555555 0.352941
vt 0.555556 0.411765
vt 0.555556 0.470588
vt 0.555555 0.529412
vt 0.555555 0.588235
vt 0.555556 0.647059
vt 0.555556 0.705882
vt 0.555556 0.764706
vt 0.555555 0.823529
vt 0.555556 0.882353
vt 0.533333 0.000000
vt 0.533333 0.058824
vt 0.533333 0.117647
vt 0.533333 0.176471
vt 0.533333 0.235294
vt 0.533333 0.294118
vt 0.533333 0.352941
vt 0.533333 0.411765
vt 0.533333 0.470588
vt 0.533333 0.529412
vt 0.533333 0.588235
vt 0.533333 0.647059
vt 0.533333 0.705882
vt 0.533333 0.764706
vt 0.533333 0.823529
vt 0.533333 0.882353
vt 0.511111 0.000000
vt 0.511111 0.058824
vt 0.511111 0.117647
vt 0.511111 0.176471
vt 0.511111 0.235294
vt 0.511111 0.294118
vt 0.511111 0.352941
vt 0.511111 0.411765
vt 0.511111 0.470588
vt 0.511111 0.529412
vt 0.511111 0.588235
vt 0.511111 0.647059
vt 0.511111 0.705882
vt 0.511111 0.764706
vt 0.511111 0.823529
vt 0.511111 0.882353
vt 0.488889 0.000000
vt 0.488889 0.058824
vt 0.488889 0.117647
vt 0.488889 0.176471
vt 0.488889 0.235294
vt 0.488889 0.294118
vt 0.488889 0.352941
vt 0.488889 0.411765
vt 0.488889 0.470588
vt 0.488889 0.529412
vt 0.488889 0.588235
vt 0.488889 0.647059
vt 0.488889 0.705882
vt 0.488889 0.764706
vt 0.488889 0.823529
vt 0.488889 0.882353
vt 0.466667 0.000000
vt 0.466667 0.058824
vt 0.466667 0.117647
vt 0.466667 0.176471
vt 0.466667 0.235294
vt 0.466667 0.294118
vt 0.466667 0.352941
vt 0.466667 0.411765
vt 0.466667 0.470588
vt 0.466667 0.529412
vt 0.466667 0.588235
vt 0.466667 0.647059
vt 0.466667 0.705882
vt 0.466667 0.764706
vt 0.466667 0.823529
vt 0.466667 0.882353
vt 0.444444 0.000000
vt 0.444444 0.058824
vt 0.444444 0.117647
vt 0.444444 0.176471
vt 0.444444 0.235294
vt 0.444444 0.294118
vt 0.444444 0.352941
vt 0.444444 0.411765
vt 0.444444 0.470588
vt 0.444444 0.529412
vt 0.444444 0.588235
vt 0.444444 0.647059
vt 0.444444 0.705882
vt 0.444444 0.764706
vt 0.444444 0.823529
vt 0.444444 0.882353
vt 0.422222 0.000000
vt 0.422222 0.058824
vt 0.422222 0.117647
vt 0.422222 0.176471
vt 0.422222 0.235294
vt 0.422222 0.294118
vt 0.422222 0.352941
vt 0.422222 0.411765
vt 0.422222 0.470588
vt 0.422222 0.529412
vt 0.422222 0.588235
vt 0.422222 0.647059
vt 0.422222 0.705882
vt 0.422222 0.764706
vt 0.422222 0.823529
vt 0.422222 0.882353
vt 0.400000 0.000000
vt 0.400000 0.058824
vt 0.400000 0.117647
vt 0.400000 0.176471
vt 0.400000 0.235294
vt 0.400000 0.294118
vt 0.400000 0.352941
vt 0.400000 0.411765
vt 0.400000 0.470588
vt 0.400000 0.529412
vt 0.400000 0.588235
vt 0.400000 0.647059
vt 0.400000 0.705882
vt 0.400000 0.764706
vt 0.400000 0.823529
vt 0.400000 0.882353
vt 0.377778 0.000000
vt 0.377778 0.058824
vt 0.377778 0.117647
vt 0.377778 0.176471
vt 0.377778 0.235294
vt 0.377778 0.294118
vt 0.377778 0.352941
vt 0.377778 0.411765
vt 0.377778 0.470588
vt 0.377778 0.529412
vt 0.377778 0.588235
vt 0.377778 0.647059
vt 0.377778 0.705882
vt 0.377778 0.764706
vt 0.377778 0.823529
vt 0.377778 0.882353
vt 0.355556 0.000000
vt 0.355556 0.058824
vt 0.355556 0.117647
vt 0.355556 0.176471
vt 0.355556 0.235294
vt 0.355556 0.294118
vt 0.355556 0.352941
vt 0.355556 0.411765
vt 0.355556 0.470588
vt 0.355556 0.529412
vt 0.355556 0.588235
vt 0.355556 0.647059
vt 0.355556 0.705882
vt 0.355556 0.764706
vt 0.355556 0.823529
vt 0.355556 0.882353
vt 0.333333 0.000000
vt 0.333333 0.058824
vt 0.333333 0.117647
vt 0.333333 0.176471
vt 0.333333 0.235294
vt 0.333333 0.294118
vt 0.333333 0.352941
vt 0.333333 0.411765
vt 0.333333 0.470588
vt 0.333333 0.529412
vt 0.333333 0.588235
vt 0.333333 0.647059
vt 0.333333 0.705882
vt 0.333333 0.764706
vt 0.333333 0.823529
vt 0.333333 0.882353
vt 0.311111 0.000000
vt 0.311111 0.058824
vt 0.311111 0.117647
vt 0.311111 0.176471
vt 0.311111 0.235294
vt 0.311111 0.294118
vt 0.311111 0.352941
vt 0.311111 0.411765
vt 0.311111 0.470588
vt 0.311111 0.529412
vt 0.311111 0.588235
vt 0.311111 0.647059
vt 0.311111 0.705882
vt 0.311111 0.764706
vt 0.311111 0.823529
vt 0.311111 0.882353
vt 0.288889 0.000000
vt 0.288889 0.058824
vt 0.288889 0.117647
vt 0.288889 0.176471
vt 0.288889 0.235294
vt 0.288889 0.294118
vt 0.288889 0.352941
vt 0.288889 0.411765
vt 0.288889 0.470588
vt 0.288889 0.529412
vt 0.288889 0.588235
vt 0.288889 0.647059
vt 0.288889 0.705882
vt 0.288889 0.764706
vt 0.288889 0.823529
vt 0.288889 0.882353
vt 0.266667 0.000000
vt 0.266667 0.058824
vt 0.266667 0.117647
vt 0.266667 0.176471
vt 0.266667 0.235294
vt 0.266667 0.294118
vt 0.266667 0.352941
vt 0.266667 0.411765
vt 0.266667 0.470588
vt 0.266667 0.529412
vt 0.266667 0.588235
vt 0.266667 0.647059
vt 0.266667 0.705882
vt 0.266667 0.764706
vt 0.266667 0.823529
vt 0.266667 0.882353
vt 0.244444 0.000000
vt 0.244444 0.058824
vt 0.244444 0.117647
vt 0.244444 0.176471
vt 0.244444 0.235294
vt 0.244444 0.294118
vt 0.244444 0.352941
vt 0.244444 0.411765
vt 0.244444 0.470588
vt 0.244444 0.529412
vt 0.244444 0.588235
vt 0.244444 0.647059
vt 0.244444 0.705882
vt 0.244444 0.764706
vt 0.244444 0.823529
vt 0.244444 0.882353
vt 0.222222 0.000000
vt 0.222222 0.058824
vt 0.222222 0.117647
vt 0.222222 0.176471
vt 0.222222 0.235294
vt 0.222222 0.294118
vt 0.222222 0.352941
vt 0.222222 0.411765
vt 0.222222 0.470588
vt 0.222222 0.529412
vt 0.222222 0.588235
vt 0.222222 0.647059
vt 0.222222 0.705882
vt 0.222222 0.764706
vt 0.222222 0.823529
vt 0.222222 0.882353
vt 0.200000 0.000000
vt 0.200000 0.058824
vt 0.200000 0.117647
vt 0.200000 0.176471
vt 0.200000 0.235294
vt 0.200000 0.294118
vt 0.200000 0.352941
vt 0.200000 0.411765
vt 0.200000 0.470588
vt 0.200000 0.529412
vt 0.200000 0.588235
vt 0.200000 0.647059
vt 0.200000 0.705882
vt 0.200000 0.764706
vt 0.200000 0.823529
vt 0.200000 0.882353
vt 0.177778 0.000000
vt 0.177778 0.058824
vt 0.177778 0.117647
vt 0.177778 0.176471
vt 0.177778 0.235294
vt 0.177778 0.294118
vt 0.177778 0.352941
vt 0.177778 0.411765
vt 0.177778 0.470588
vt 0.177778 0.529412
vt 0.177778 0.588235
vt 0.177778 0.647059
vt 0.177778 0.705882
vt 0.177778 0.764706
vt 0.177778 0.823529
vt 0.177778 0.882353
vt 0.155556 0.000000
vt 0.155556 0.058824
vt 0.155556 0.117647
vt 0.155556 0.176471
vt 0.155556 0.235294
vt 0.155556 0.294118
vt 0.155556 0.352941
vt 0.155556 0.411765
vt 0.155556 0.470588
vt 0.155556 0.529412
vt 0.155556 0.588235
vt 0.155556 0.647059
vt 0.155556 0.705882
vt 0.155556 0.764706
vt 0.155556 0.823529
vt 0.155556 0.882353
vt 0.133333 0.000000
vt 0.133333 0.058824
vt 0.133333 0.117647
vt 0.133333 0.176471
vt 0.133333 0.235294
vt 0.133333 0.294118
vt 0.133333 0.352941
vt 0.133333 0.411765
vt 0.133333 0.470588
vt 0.133333 0.529412
vt 0.133333 0.588235
vt 0.133333 0.647059
vt 0.133333 0.705882
vt 0.133333 0.764706
vt 0.133333 0.823529
vt 0.133333 0.882353
vt 0.111111 0.000000
vt 0.111111 0.058824
vt 0.111111 0.117647
vt 0.111111 0.176471
vt 0.111111 0.235294
vt 0.111111 0.294118
vt 0.111111 0.352941
vt 0.111111 0.411765
vt 0.111111 0.470588
vt 0.111111 0.529412
vt 0.111111 0.588235
vt 0.111111 0.647059
vt 0.111111 0.705882
vt 0.111111 0.764706
vt 0.111111 0.823529
vt 0.111111 0.882353
vt 0.088889 0.000000
vt 0.088889 0.058824
vt 0.088889 0.117647
vt 0.088889 0.176471
vt 0.088889 0.235294
vt 0.088889 0.294118
vt 0.088889 0.352941
vt 0.088889 0.411765
vt 0.088889 0.470588
vt 0.088889 0.529412
vt 0.088889 0.588235
vt 0.088889 0.647059
vt 0.088889 0.705882
vt 0.088889 0.764706
vt 0.088889 0.823529
vt 0.088889 0.882353
vt 0.066667 0.000000
vt 0.066667 0.058824
vt 0.066667 0.117647
vt 0.066667 0.176471
vt 0.066667 0.235294
vt 0.066667 0.294118
vt 0.066667 0.352941
vt 0.066667 0.411765
vt 0.066667 0.470588
vt 0.066667 0.529412
vt 0.066667 0.588235
vt 0.066667 0.647059
vt 0.066667 0.705882
vt 0.066667 0.764706
vt 0.066667 0.823529
vt 0.066667 0.882353
vt 0.044444 0.000000
vt 0.044444 0.058824
vt 0.044444 0.117647
vt 0.044444 0.176471
vt 0.044444 0.235294
vt 0.044444 0.294118
vt 0.044444 0.352941
vt 0.044444 0.411765
vt 0.044444 0.470588
vt 0.044444 0.529412
vt 0.044444 0.588235
vt 0.044444 0.647059
vt 0.044444 0.705882
vt 0.044444 0.764706
vt 0.044444 0.823529
vt 0.044444 0.882353
vt 0.022222 0.000000
vt 0.022222 0.058824
vt 0.022222 0.117647
vt 0.022222 0.176471
vt 0.022222 0.235294
vt 0.022222 0.294118
vt 0.022222 0.352941
vt 0.022222 0.411765
vt 0.022222 0.470588
vt 0.022222 0.529412
vt 0.022222 0.588235
vt 0.022222 0.647059
vt 0.022222 0.705882
vt 0.022222 0.764706
vt 0.022222 0.823529
vt 0.022222 0.882353
vt 0.000000 0.000000
vt 0.000000 0.058824
vt 0.000000 0.117647
vt 0.000000 0.176471
vt 0.000000 0.235294
vt 0.000000 0.294118
vt 0.000000 0.352941
vt 0.000000 0.411765
vt 0.000000 0.470588
vt 0.000000 0.529412
vt 0.000000 0.588235
vt 0.000000 0.647059
vt 0.000000 0.705882
vt 0.000000 0.764706
vt 0.000000 0.823529
vt 0.000000 0.882353
vt 1.000000 0.000000
vt 1.000000 0.058824
vt 1.000000 0.117647
vt 1.000000 0.176471
vt 1.000000 0.235294
vt 1.000000 0.294118
vt 1.000000 0.352941
vt 1.000000 0.411765
vt 1.000000 0.470588
vt 1.000000 0.529412
vt 1.000000 0.588235
vt 1.000000 0.647059
vt 1.000000 0.705882
vt 1.000000 0.764706
vt 1.000000 0.823529
vt 1.000000 0.882353
s 1
usemtl Sarg_Fenster_dunkelblau
f 828/1/767 124/2/124 4/3/4 49/4/49
f 93/5/93 140/6/140 92/7/92 3/8/3
f 140/6/140 156/9/156 91/10/91 92/7/92
f 156/9/156 172/11/172 90/12/90 91/10/91
f 172/11/172 188/13/188 89/14/89 90/12/90
f 188/13/188 204/15/204 88/16/88 89/14/89
f 204/15/204 220/17/220 87/18/87 88/16/88
f 220/17/220 236/19/236 86/20/86 87/18/87
f 236/19/236 252/21/252 85/22/85 86/20/86
f 252/21/252 268/23/268 84/24/84 85/22/85
f 268/23/268 284/25/284 83/26/83 84/24/84
f 284/25/284 300/27/300 82/28/82 83/26/83
f 300/27/300 316/29/316 81/30/81 82/28/82
f 316/29/316 332/31/331 80/32/80 81/30/81
f 332/31/331 348/33/347 79/34/79 80/32/80
f 348/33/347 364/35/363 78/36/78 79/34/79
f 364/35/363 380/37/379 77/38/77 78/36/78
f 380/37/379 396/39/395 76/40/76 77/38/77
f 396/39/395 412/41/411 75/42/75 76/40/76
f 412/41/411 428/43/427 74/44/74 75/42/75
f 428/43/427 444/45/442 73/46/73 74/44/74
f 444/45/442 460/47/458 72/48/72 73/46/73
f 460/47/458 476/49/474 71/50/71 72/48/72
f 476/49/474 492/51/490 70/52/70 71/50/71
f 492/51/490 508/53/506 69/54/69 70/52/70
f 508/53/506 524/55/522 68/56/68 69/54/69
f 524/55/522 540/57/538 67/58/67 68/56/68
f 540/57/538 556/59/554 66/60/66 67/58/67
f 556/59/554 572/61/570 65/62/65 66/60/66
f 572/61/570 588/63/586 64/64/64 65/62/65
f 588/63/586 604/65/602 63/66/63 64/64/64
f 604/65/602 620/67/617 62/68/62 63/66/63
f 620/67/617 636/69/630 61/70/61 62/68/62
f 636/69/630 652/71/646 60/72/60 61/70/61
f 652/71/646 668/73/659 59/74/59 60/72/60
f 668/73/659 684/75/675 58/76/58 59/74/59
f 684/75/675 700/77/688 57/78/57 58/76/58
f 700/77/688 716/79/698 56/80/56 57/78/57
f 716/79/698 732/81/705 55/82/55 56/80/56
f 732/81/705 748/83/712 54/84/54 55/82/55
f 748/83/712 764/85/718 53/86/53 54/84/54
f 764/85/718 780/87/727 52/88/52 53/86/53
f 780/87/727 796/89/742 51/90/51 52/88/52
f 796/89/742 812/91/736 50/92/50 51/90/51
f 812/91/736 828/1/767 49/4/49 50/92/50
f 47/93/47 48/94/48 813/95/757 797/96/743
f 797/96/743 813/95/757 814/97/758 798/98/744
f 798/98/744 814/97/758 815/99/759 799/100/745
f 799/100/745 815/99/759 816/101/760 800/102/746
f 800/102/746 816/101/760 817/103/761 801/104/747
f 801/104/747 817/103/761 818/105/762 802/106/748
f 802/106/748 818/105/762 819/107/763 803/108/749
f 803/108/749 819/107/763 820/109/764 804/110/707
f 805/112/750 821/111/764 822/113/658 806/114/751
f 806/114/751 822/113/658 823/115/765 807/116/752
f 807/116/752 823/115/765 824/117/679 808/118/753
f 808/118/753 824/117/679 825/119/766 809/120/754
f 809/120/754 825/119/766 826/121/654 810/122/755
f 810/122/755 826/121/654 827/123/766 811/124/756
f 811/124/756 827/123/766 828/1/767 812/91/736
f 46/125/46 47/93/47 797/96/743 781/126/728
f 781/126/728 797/96/743 798/98/744 782/127/729
f 782/127/729 798/98/744 799/100/745 783/128/730
f 783/128/730 799/100/745 800/102/746 784/129/731
f 784/129/731 800/102/746 801/104/747 785/130/732
f 785/130/732 801/104/747 802/106/748 786/131/733
f 786/131/733 802/106/748 803/108/749 787/132/734
f 788/133/735 804/110/707 805/112/750 789/134/736
f 790/135/737 806/114/751 807/116/752 791/136/738
f 791/136/738 807/116/752 808/118/753 792/137/739
f 792/137/739 808/118/753 809/120/754 793/138/740
f 793/138/740 809/120/754 810/122/755 794/139/697
f 794/139/697 810/122/755 811/124/756 795/140/741
f 795/140/741 811/124/756 812/91/736 796/89/742
f 45/141/45 46/125/46 781/126/728 765/142/719
f 765/142/719 781/126/728 782/127/729 766/143/720
f 766/143/720 782/127/729 783/128/730 767/144/721
f 767/144/721 783/128/730 784/129/731 768/145/722
f 768/145/722 784/129/731 785/130/732 769/146/723
f 769/146/723 785/130/732 786/131/733 770/147/724
f 771/148/685 787/132/734 788/133/735 772/149/691
f 772/149/691 788/133/735 789/134/736 773/150/692
f 773/150/692 789/134/736 790/135/737 774/151/693
f 775/152/701 791/136/738 792/137/739 776/153/695
f 776/153/695 792/137/739 793/138/740 777/154/671
f 777/154/671 793/138/740 794/139/697 778/155/725
f 778/155/725 794/139/697 795/140/741 779/156/726
f 779/156/726 795/140/741 796/89/742 780/87/727
f 44/157/44 45/141/45 765/142/719 749/158/704
f 749/158/704 765/142/719 766/143/720 750/159/713
f 750/159/713 766/143/720 767/144/721 751/160/714
f 751/160/714 767/144/721 768/145/722 752/161/715
f 752/161/715 768/145/722 769/146/723 753/162/716
f 754/163/607 770/147/724 771/148/685 755/164/695
f 755/164/695 771/148/685 772/149/691 756/165/695
f 756/165/695 772/149/691 773/150/692 757/166/695
f 757/166/695 773/150/692 774/151/693 758/167/693
f 758/167/693 774/151/693 775/152/701 759/168/689
f 760/169/685 776/153/695 777/154/671 761/170/41
f 761/170/41 777/154/671 778/155/725 762/171/717
f 762/171/717 778/155/725 779/156/726 763/172/623
f 763/172/623 779/156/726 780/87/727 764/85/718
f 43/173/43 44/157/44 749/158/704 733/174/653
f 733/174/653 749/158/704 750/159/713 734/175/706
f 734/175/706 750/159/713 751/160/714 735/176/707
f 735/176/707 751/160/714 752/161/715 736/177/708
f 737/178/609 753/162/716 754/163/607 738/179/700
f 738/179/700 754/163/607 755/164/695 739/180/695
f 739/180/695 755/164/695 756/165/695 740/181/695
f 740/181/695 756/165/695 757/166/695 741/182/695
f 741/182/695 757/166/695 758/167/693 742/183/684
f 742/183/684 758/167/693 759/168/689 743/184/701
f 743/184/701 759/168/689 760/169/685 744/185/694
f 745/186/709 761/170/41 762/171/717 746/187/710
f 746/187/710 762/171/717 763/172/623 747/188/711
f 747/188/711 763/172/623 764/85/718 748/83/712
f 42/189/42 43/173/43 733/174/653 717/190/691
f 717/190/691 733/174/653 734/175/706 718/191/699
f 718/191/699 734/175/706 735/176/707 719/192/635
f 720/193/690 736/177/708 737/178/609 721/194/700
f 721/194/700 737/178/609 738/179/700 722/195/701
f 722/195/701 738/179/700 739/180/695 723/196/696
f 723/196/696 739/180/695 740/181/695 724/197/696
f 724/197/696 740/181/695 741/182/695 725/198/696
f 725/198/696 741/182/695 742/183/684 726/199/702
f 726/199/702 742/183/684 743/184/701 727/200/696
f 727/200/696 743/184/701 744/185/694 728/201/703
f 728/201/703 744/185/694 745/186/709 729/202/701
f 730/203/704 746/187/710 747/188/711 731/204/683
f 731/204/683 747/188/711 748/83/712 732/81/705
f 41/205/41 42/189/42 717/190/691 701/206/689
f 701/206/689 717/190/691 718/191/699 702/207/690
f 703/208/691 719/192/635 720/193/690 704/209/692
f 704/209/692 720/193/690 721/194/700 705/210/693
f 705/210/693 721/194/700 722/195/701 706/211/694
f 706/211/694 722/195/701 723/196/696 707/212/695
f 707/212/695 723/196/696 724/197/696 708/213/695
f 708/213/695 724/197/696 725/198/696 709/214/696
f 709/214/696 725/198/696 726/199/702 710/215/684
f 710/215/684 726/199/702 727/200/696 711/216/693
f 711/216/693 727/200/696 728/201/703 712/217/685
f 712/217/685 728/201/703 729/202/701 713/218/685
f 713/218/685 729/202/701 730/203/704 714/219/41
f 715/220/697 731/204/683 732/81/705 716/79/698
f 40/221/40 41/205/41 701/206/689 685/222/676
f 686/223/677 702/207/690 703/208/691 687/224/677
f 687/224/677 703/208/691 704/209/692 688/225/621
f 688/225/621 704/209/692 705/210/693 689/226/678
f 689/226/678 705/210/693 706/211/694 690/227/679
f 690/227/679 706/211/694 707/212/695 691/228/680
f 691/228/680 707/212/695 708/213/695 692/229/681
f 692/229/681 708/213/695 709/214/696 693/230/682
f 693/230/682 709/214/696 710/215/684 694/231/683
f 694/231/683 710/215/684 711/216/693 695/232/684
f 695/232/684 711/216/693 712/217/685 696/233/685
f 696/233/685 712/217/685 713/218/685 697/234/656
f 697/234/656 713/218/685 714/219/41 698/235/686
f 698/235/686 714/219/41 715/220/697 699/236/687
f 39/237/39 40/221/40 685/222/676 669/238/660
f 669/238/660 685/222/676 686/223/677 670/239/661
f 670/239/661 686/223/677 687/224/677 671/240/662
f 671/240/662 687/224/677 688/225/621 672/241/663
f 672/241/663 688/225/621 689/226/678 673/242/664
f 673/242/664 689/226/678 690/227/679 674/243/665
f 674/243/665 690/227/679 691/228/680 675/244/666
f 675/244/666 691/228/680 692/229/681 676/245/667
f 676/245/667 692/229/681 693/230/682 677/246/668
f 677/246/668 693/230/682 694/231/683 678/247/669
f 678/247/669 694/231/683 695/232/684 679/248/670
f 679/248/670 695/232/684 696/233/685 680/249/671
f 680/249/671 696/233/685 697/234/656 681/250/672
f 681/250/672 697/234/656 698/235/686 682/251/673
f 682/251/673 698/235/686 699/236/687 683/252/674
f 683/252/674 699/236/687 700/77/688 684/75/675
f 38/253/38 39/237/39 669/238/660 653/254/647
f 653/254/647 669/238/660 670/239/661 654/255/648
f 654/255/648 670/239/661 671/240/662 655/256/649
f 655/256/649 671/240/662 672/241/663 656/257/650
f 656/257/650 672/241/663 673/242/664 657/258/651
f 657/258/651 673/242/664 674/243/665 658/259/652
f 658/259/652 674/243/665 675/244/666 659/260/603
f 659/260/603 675/244/666 676/245/667 660/261/653
f 660/261/653 676/245/667 677/246/668 661/262/623
f 661/262/623 677/246/668 678/247/669 662/263/654
f 662/263/654 678/247/669 679/248/670 663/264/655
f 663/264/655 679/248/670 680/249/671 664/265/656
f 664/265/656 680/249/671 681/250/672 665/266/657
f 665/266/657 681/250/672 682/251/673 666/267/641
f 666/267/641 682/251/673 683/252/674 667/268/658
f 667/268/658 683/252/674 684/75/675 668/73/659
f 37/269/37 38/253/38 653/254/647 637/270/631
f 637/270/631 653/254/647 654/255/648 638/271/632
f 638/271/632 654/255/648 655/256/649 639/272/633
f 639/272/633 655/256/649 656/257/650 640/273/634
f 640/273/634 656/257/650 657/258/651 641/274/635
f 641/274/635 657/258/651 658/259/652 642/275/636
f 642/275/636 658/259/652 659/260/603 643/276/637
f 643/276/637 659/260/603 660/261/653 644/277/638
f 644/277/638 660/261/653 661/262/623 645/278/639
f 645/278/639 661/262/623 662/263/654 646/279/640
f 646/279/640 662/263/654 663/264/655 647/280/641
f 647/280/641 663/264/655 664/265/656 648/281/642
f 648/281/642 664/265/656 665/266/657 649/282/643
f 649/282/643 665/266/657 666/267/641 650/283/644
f 650/283/644 666/267/641 667/268/658 651/284/645
f 651/284/645 667/268/658 668/73/659 652/71/646
f 36/285/36 37/269/37 637/270/631 621/286/618
f 621/286/618 637/270/631 638/271/632 622/287/619
f 622/287/619 638/271/632 639/272/633 623/288/620
f 623/288/620 639/272/633 640/273/634 624/289/621
f 624/289/621 640/273/634 641/274/635 625/290/622
f 625/290/622 641/274/635 642/275/636 626/291/623
f 626/291/623 642/275/636 643/276/637 627/292/605
f 627/292/605 643/276/637 644/277/638 628/293/608
f 628/293/608 644/277/638 645/278/639 629/294/624
f 629/294/624 645/278/639 646/279/640 630/295/604
f 630/295/604 646/279/640 647/280/641 631/296/625
f 631/296/625 647/280/641 648/281/642 632/297/626
f 632/297/626 648/281/642 649/282/643 633/298/627
f 633/298/627 649/282/643 650/283/644 634/299/628
f 634/299/628 650/283/644 651/284/645 635/300/629
f 635/300/629 651/284/645 652/71/646 636/69/630
f 35/301/35 36/285/36 621/286/618 605/302/603
f 605/302/603 621/286/618 622/287/619 606/303/42
f 606/303/42 622/287/619 623/288/620 607/304/604
f 608/305/605 624/289/621 625/290/622 609/306/606
f 609/306/606 625/290/622 626/291/623 610/307/607
f 610/307/607 626/291/623 627/292/605 611/308/608
f 612/309/609 628/293/608 629/294/624 613/310/610
f 613/310/610 629/294/624 630/295/604 614/311/611
f 614/311/611 630/295/604 631/296/625 615/312/612
f 615/312/612 631/296/625 632/297/626 616/313/613
f 616/313/613 632/297/626 633/298/627 617/314/614
f 617/314/614 633/298/627 634/299/628 618/315/615
f 618/315/615 634/299/628 635/300/629 619/316/616
f 619/316/616 635/300/629 636/69/630 620/67/617
f 34/317/34 35/301/35 605/302/603 589/318/587
f 589/318/587 605/302/603 606/303/42 590/319/588
f 590/319/588 606/303/42 607/304/604 591/320/589
f 591/320/589 607/304/604 608/305/605 592/321/590
f 593/322/591 609/306/606 610/307/607 594/323/592
f 595/324/593 611/308/608 612/309/609 596/325/594
f 596/325/594 612/309/609 613/310/610 597/326/595
f 597/326/595 613/310/610 614/311/611 598/327/596
f 598/327/596 614/311/611 615/312/612 599/328/597
f 599/328/597 615/312/612 616/313/613 600/329/598
f 600/329/598 616/313/613 617/314/614 601/330/599
f 601/330/599 617/314/614 618/315/615 602/331/600
f 602/331/600 618/315/615 619/316/616 603/332/601
f 603/332/601 619/316/616 620/67/617 604/65/602
f 33/333/33 34/317/34 589/318/587 573/334/571
f 573/334/571 589/318/587 590/319/588 574/335/572
f 574/335/572 590/319/588 591/320/589 575/336/573
f 575/336/573 591/320/589 592/321/590 576/337/574
f 576/337/574 592/321/590 593/322/591 577/338/575
f 578/339/576 594/323/592 595/324/593 579/340/577
f 579/340/577 595/324/593 596/325/594 580/341/578
f 580/341/578 596/325/594 597/326/595 581/342/579
f 581/342/579 597/326/595 598/327/596 582/343/580
f 585/346/583 601/330/599 602/331/600 586/347/584
f 586/347/584 602/331/600 603/332/601 587/348/585
f 587/348/585 603/332/601 604/65/602 588/63/586
f 32/349/32 33/333/33 573/334/571 557/350/555
f 557/350/555 573/334/571 574/335/572 558/351/556
f 558/351/556 574/335/572 575/336/573 559/352/557
f 559/352/557 575/336/573 576/337/574 560/353/558
f 560/353/558 576/337/574 577/338/575 561/354/559
f 562/355/560 578/339/576 579/340/577 563/356/561
f 563/356/561 579/340/577 580/341/578 564/357/562
f 564/357/562 580/341/578 581/342/579 565/358/563
f 566/359/564 582/343/580 583/344/581 567/360/565
f 567/360/565 583/344/581 584/345/582 568/361/566
f 568/361/566 584/345/582 585/346/583 569/362/567
f 570/363/568 586/347/584 587/348/585 571/364/569
f 571/364/569 587/348/585 588/63/586 572/61/570
f 31/365/31 32/349/32 557/350/555 541/366/539
f 544/369/542 560/353/558 561/354/559 545/370/543
f 545/370/543 561/354/559 562/355/560 546/371/544
f 546/371/544 562/355/560 563/356/561 547/372/545
f 547/372/545 563/356/561 564/357/562 548/373/546
f 549/374/547 565/358/563 566/359/564 550/375/548
f 550/375/548 566/359/564 567/360/565 551/376/549
f 551/376/549 567/360/565 568/361/566 552/377/550
f 552/377/550 568/361/566 569/362/567 553/378/551
f 553/378/551 569/362/567 570/363/568 554/379/552
f 555/380/553 571/364/569 572/61/570 556/59/554
f 30/381/30 31/365/31 541/366/539 525/382/523
f 526/383/524 542/367/540 543/368/541 527/384/525
f 527/384/525 543/368/541 544/369/542 528/385/526
f 529/386/527 545/370/543 546/371/544 530/387/528
f 530/387/528 546/371/544 547/372/545 531/388/529
f 532/389/530 548/373/546 549/374/547 533/390/531
f 533/390/531 549/374/547 550/375/548 534/391/532
f 534/391/532 550/375/548 551/376/549 535/392/533
f 535/392/533 551/376/549 552/377/550 536/393/534
f 536/393/534 552/377/550 553/378/551 537/394/535
f 537/394/535 553/378/551 554/379/552 538/395/536
f 538/395/536 554/379/552 555/380/553 539/396/537
f 29/397/29 30/381/30 525/382/523 509/398/507
f 509/398/507 525/382/523 526/383/524 510/399/508
f 510/399/508 526/383/524 527/384/525 511/400/509
f 511/400/509 527/384/525 528/385/526 512/401/510
f 512/401/510 528/385/526 529/386/527 513/402/511
f 513/402/511 529/386/527 530/387/528 514/403/512
f 514/403/512 530/387/528 531/388/529 515/404/513
f 515/404/513 531/388/529 532/389/530 516/405/514
f 516/405/514 532/389/530 533/390/531 517/406/515
f 517/406/515 533/390/531 534/391/532 518/407/516
f 521/410/519 537/394/535 538/395/536 522/411/520
f 522/411/520 538/395/536 539/396/537 523/412/521
f 523/412/521 539/396/537 540/57/538 524/55/522
f 28/413/28 29/397/29 509/398/507 493/414/491
f 493/414/491 509/398/507 510/399/508 494/415/492
f 494/415/492 510/399/508 511/400/509 495/416/493
f 495/416/493 511/400/509 512/401/510 496/417/494
f 496/417/494 512/401/510 513/402/511 497/418/495
f 499/420/497 515/404/513 516/405/514 500/421/498
f 500/421/498 516/405/514 517/406/515 501/422/499
f 502/423/500 518/407/516 519/408/517 503/424/501
f 503/424/501 519/408/517 520/409/518 504/425/502
f 504/425/502 520/409/518 521/410/519 505/426/503
f 506/427/504 522/411/520 523/412/521 507/428/505
f 507/428/505 523/412/521 524/55/522 508/53/506
f 27/429/27 28/413/28 493/414/491 477/430/475
f 477/430/475 493/414/491 494/415/492 478/431/476
f 478/431/476 494/415/492 495/416/493 479/432/477
f 485/438/483 501/422/499 502/423/500 486/439/484
f 486/439/484 502/423/500 503/424/501 487/440/485
f 487/440/485 503/424/501 504/425/502 488/441/486
f 488/441/486 504/425/502 505/426/503 489/442/487
f 489/442/487 505/426/503 506/427/504 490/443/488
f 490/443/488 506/427/504 507/428/505 491/444/489
f 491/444/489 507/428/505 508/53/506 492/51/490
f 26/445/26 27/429/27 477/430/475 461/446/459
f 461/446/459 477/430/475 478/431/476 462/447/460
f 469/454/467 485/438/483 486/439/484 470/455/468
f 470/455/468 486/439/484 487/440/485 471/456/469
f 471/456/469 487/440/485 488/441/486 472/457/470
f 472/457/470 488/441/486 489/442/487 473/458/471
f 473/458/471 489/442/487 490/443/488 474/459/472
f 474/459/472 490/443/488 491/444/489 475/460/473
f 475/460/473 491/444/489 492/51/490 476/49/474
f 25/461/25 26/445/26 461/446/459 445/462/443
f 445/462/443 461/446/459 462/447/460 446/463/444
f 446/463/444 462/447/460 463/448/461 447/464/445
f 453/470/451 469/454/467 470/455/468 454/471/452
f 454/471/452 470/455/468 471/456/469 455/472/453
f 455/472/453 471/456/469 472/457/470 456/473/454
f 456/473/454 472/457/470 473/458/471 457/474/455
f 457/474/455 473/458/471 474/459/472 458/475/456
f 458/475/456 474/459/472 475/460/473 459/476/457
f 459/476/457 475/460/473 476/49/474 460/47/458
f 24/477/24 25/461/25 445/462/443 429/478/428
f 429/478/428 445/462/443 446/463/444 430/479/348
f 430/479/348 446/463/444 447/464/445 431/480/429
f 431/480/429 447/464/445 448/465/446 432/481/430
f 432/481/430 448/465/446 449/466/447 433/482/431
f 435/484/433 451/468/449 452/469/450 436/485/434
f 436/485/434 452/469/450 453/470/451 437/486/435
f 438/487/436 454/471/452 455/472/453 439/488/437
f 439/488/437 455/472/453 456/473/454 440/489/438
f 440/489/438 456/473/454 457/474/455 441/490/439
f 442/491/440 458/475/456 459/476/457 443/492/441
f 443/492/441 459/476/457 460/47/458 444/45/442
f 23/493/23 24/477/24 429/478/428 413/494/412
f 413/494/412 429/478/428 430/479/348 414/495/413
f 414/495/413 430/479/348 431/480/429 415/496/414
f 415/496/414 431/480/429 432/481/430 416/497/415
f 416/497/415 432/481/430 433/482/431 417/498/416
f 417/498/416 433/482/431 434/483/432 418/499/417
f 418/499/417 434/483/432 435/484/433 419/500/418
f 419/500/418 435/484/433 436/485/434 420/501/419
f 420/501/419 436/485/434 437/486/435 421/502/420
f 421/502/420 437/486/435 438/487/436 422/503/421
f 425/506/424 441/490/439 442/491/440 426/507/425
f 426/507/425 442/491/440 443/492/441 427/508/426
f 427/508/426 443/492/441 444/45/442 428/43/427
f 22/509/22 23/493/23 413/494/412 397/510/396
f 398/511/397 414/495/413 415/496/414 399/512/398
f 399/512/398 415/496/414 416/497/415 400/513/399
f 401/514/400 417/498/416 418/499/417 402/515/401
f 402/515/401 418/499/417 419/500/418 403/516/402
f 404/517/403 420/501/419 421/502/420 405/518/404
f 405/518/404 421/502/420 422/503/421 406/519/405
f 406/519/405 422/503/421 423/504/422 407/520/406
f 407/520/406 423/504/422 424/505/423 408/521/407
f 408/521/407 424/505/423 425/506/424 409/522/408
f 409/522/408 425/506/424 426/507/425 410/523/409
f 410/523/409 426/507/425 427/508/426 411/524/410
f 21/525/21 22/509/22 397/510/396 381/526/380
f 384/529/383 400/513/399 401/514/400 385/530/384
f 385/530/384 401/514/400 402/515/401 386/531/385
f 386/531/385 402/515/401 403/516/402 387/532/386
f 387/532/386 403/516/402 404/517/403 388/533/387
f 389/534/388 405/518/404 406/519/405 390/535/389
f 390/535/389 406/519/405 407/520/406 391/536/390
f 391/536/390 407/520/406 408/521/407 392/537/391
f 392/537/391 408/521/407 409/522/408 393/538/392
f 393/538/392 409/522/408 410/523/409 394/539/393
f 395/540/394 411/524/410 412/41/411 396/39/395
f 20/541/20 21/525/21 381/526/380 365/542/364
f 365/542/364 381/526/380 382/527/381 366/543/365
f 366/543/365 382/527/381 383/528/382 367/544/366
f 367/544/366 383/528/382 384/529/383 368/545/367
f 368/545/367 384/529/383 385/530/384 369/546/368
f 370/547/369 386/531/385 387/532/386 371/548/370
f 371/548/370 387/532/386 388/533/387 372/549/371
f 372/549/371 388/533/387 389/534/388 373/550/372
f 374/551/373 390/535/389 391/536/390 375/552/374
f 375/552/374 391/536/390 392/537/391 376/553/375
f 376/553/375 392/537/391 393/538/392 377/554/376
f 378/555/377 394/539/393 395/540/394 379/556/378
f 379/556/378 395/540/394 396/39/395 380/37/379
f 19/557/19 20/541/20 365/542/364 349/558/348
f 349/558/348 365/542/364 366/543/365 350/559/349
f 350/559/349 366/543/365 367/544/366 351/560/350
f 351/560/350 367/544/366 368/545/367 352/561/351
f 352/561/351 368/545/367 369/546/368 353/562/352
f 354/563/353 370/547/369 371/548/370 355/564/354
f 355/564/354 371/548/370 372/549/371 356/565/355
f 356/565/355 372/549/371 373/550/372 357/566/356
f 357/566/356 373/550/372 374/551/373 358/567/357
f 361/570/360 377/554/376 378/555/377 362/571/361
f 362/571/361 378/555/377 379/556/378 363/572/362
f 363/572/362 379/556/378 380/37/379 364/35/363
f 18/573/18 19/557/19 349/558/348 333/574/332
f 333/574/332 349/558/348 350/559/349 334/575/333
f 334/575/333 350/559/349 351/560/350 335/576/334
f 335/576/334 351/560/350 352/561/351 336/577/335
f 337/578/336 353/562/352 354/563/353 338/579/337
f 339/580/338 355/564/354 356/565/355 340/581/339
f 340/581/339 356/565/355 357/566/356 341/582/340
f 341/582/340 357/566/356 358/567/357 342/583/341
f 342/583/341 358/567/357 359/568/358 343/584/342
f 343/584/342 359/568/358 360/569/359 344/585/343
f 344/585/343 360/569/359 361/570/360 345/586/344
f 345/586/344 361/570/360 362/571/361 346/587/345
f 346/587/345 362/571/361 363/572/362 347/588/346
f 347/588/346 363/572/362 364/35/363 348/33/347
f 17/589/17 18/573/18 333/574/332 317/590/301
f 317/590/301 333/574/332 334/575/333 318/591/317
f 318/591/317 334/575/333 335/576/334 319/592/318
f 320/593/319 336/577/335 337/578/336 321/594/320
f 321/594/320 337/578/336 338/579/337 322/595/321
f 322/595/321 338/579/337 339/580/338 323/596/322
f 324/597/323 340/581/339 341/582/340 325/598/324
f 325/598/324 341/582/340 342/583/341 326/599/325
f 326/599/325 342/583/341 343/584/342 327/600/326
f 327/600/326 343/584/342 344/585/343 328/601/327
f 328/601/327 344/585/343 345/586/344 329/602/328
f 329/602/328 345/586/344 346/587/345 330/603/329
f 330/603/329 346/587/345 347/588/346 331/604/330
f 331/604/330 347/588/346 348/33/347 332/31/331
f 16/605/16 17/589/17 317/590/301 301/606/301
f 301/606/301 317/590/301 318/591/317 302/607/302
f 302/607/302 318/591/317 319/592/318 303/608/303
f 303/608/303 319/592/318 320/593/319 304/609/304
f 304/609/304 320/593/319 321/594/320 305/610/305
f 305/610/305 321/594/320 322/595/321 306/611/306
f 306/611/306 322/595/321 323/596/322 307/612/307
f 307/612/307 323/596/322 324/597/323 308/613/308
f 308/613/308 324/597/323 325/598/324 309/614/309
f 309/614/309 325/598/324 326/599/325 310/615/310
f 310/615/310 326/599/325 327/600/326 311/616/311
f 311/616/311 327/600/326 328/601/327 312/617/312
f 312/617/312 328/601/327 329/602/328 313/618/313
f 313/618/313 329/602/328 330/603/329 314/619/314
f 314/619/314 330/603/329 331/604/330 315/620/315
f 315/620/315 331/604/330 332/31/331 316/29/316
f 15/621/15 16/605/16 301/606/301 285/622/285
f 285/622/285 301/606/301 302/607/302 286/623/286
f 286/623/286 302/607/302 303/608/303 287/624/287
f 287/624/287 303/608/303 304/609/304 288/625/288
f 288/625/288 304/609/304 305/610/305 289/626/289
f 289/626/289 305/610/305 306/611/306 290/627/290
f 290/627/290 306/611/306 307/612/307 291/628/291
f 291/628/291 307/612/307 308/613/308 292/629/292
f 292/629/292 308/613/308 309/614/309 293/630/293
f 293/630/293 309/614/309 310/615/310 294/631/294
f 294/631/294 310/615/310 311/616/311 295/632/295
f 295/632/295 311/616/311 312/617/312 296/633/296
f 296/633/296 312/617/312 313/618/313 297/634/297
f 297/634/297 313/618/313 314/619/314 298/635/298
f 298/635/298 314/619/314 315/620/315 299/636/299
f 299/636/299 315/620/315 316/29/316 300/27/300
f 14/637/14 15/621/15 285/622/285 269/638/269
f 269/638/269 285/622/285 286/623/286 270/639/270
f 270/639/270 286/623/286 287/624/287 271/640/271
f 271/640/271 287/624/287 288/625/288 272/641/272
f 272/641/272 288/625/288 289/626/289 273/642/273
f 273/642/273 289/626/289 290/627/290 274/643/274
f 274/643/274 290/627/290 291/628/291 275/644/275
f 275/644/275 291/628/291 292/629/292 276/645/276
f 276/645/276 292/629/292 293/630/293 277/646/277
f 277/646/277 293/630/293 294/631/294 278/647/278
f 278/647/278 294/631/294 295/632/295 279/648/279
f 279/648/279 295/632/295 296/633/296 280/649/280
f 280/649/280 296/633/296 297/634/297 281/650/281
f 281/650/281 297/634/297 298/635/298 282/651/282
f 282/651/282 298/635/298 299/636/299 283/652/283
f 283/652/283 299/636/299 300/27/300 284/25/284
f 13/653/13 14/637/14 269/638/269 253/654/253
f 253/654/253 269/638/269 270/639/270 254/655/254
f 254/655/254 270/639/270 271/640/271 255/656/255
f 255/656/255 271/640/271 272/641/272 256/657/256
f 256/657/256 272/641/272 273/642/273 257/658/257
f 257/658/257 273/642/273 274/643/274 258/659/258
f 258/659/258 274/643/274 275/644/275 259/660/259
f 259/660/259 275/644/275 276/645/276 260/661/260
f 260/661/260 276/645/276 277/646/277 261/662/261
f 261/662/261 277/646/277 278/647/278 262/663/262
f 262/663/262 278/647/278 279/648/279 263/664/263
f 263/664/263 279/648/279 280/649/280 264/665/264
f 264/665/264 280/649/280 281/650/281 265/666/265
f 265/666/265 281/650/281 282/651/282 266/667/266
f 266/667/266 282/651/282 283/652/283 267/668/267
f 267/668/267 283/652/283 284/25/284 268/23/268
f 12/669/12 13/653/13 253/654/253 237/670/237
f 238/671/238 254/655/254 255/656/255 239/672/239
f 239/672/239 255/656/255 256/657/256 240/673/240
f 240/673/240 256/657/256 257/658/257 241/674/241
f 241/674/241 257/658/257 258/659/258 242/675/242
f 242/675/242 258/659/258 259/660/259 243/676/243
f 243/676/243 259/660/259 260/661/260 244/677/244
f 244/677/244 260/661/260 261/662/261 245/678/245
f 245/678/245 261/662/261 262/663/262 246/679/246
f 246/679/246 262/663/262 263/664/263 247/680/247
f 247/680/247 263/664/263 264/665/264 248/681/248
f 248/681/248 264/665/264 265/666/265 249/682/249
f 249/682/249 265/666/265 266/667/266 250/683/250
f 250/683/250 266/667/266 267/668/267 251/684/251
f 11/685/11 12/669/12 237/670/237 221/686/221
f 221/686/221 237/670/237 238/671/238 222/687/222
f 223/688/223 239/672/239 240/673/240 224/689/224
f 224/689/224 240/673/240 241/674/241 225/690/225
f 225/690/225 241/674/241 242/675/242 226/691/226
f 226/691/226 242/675/242 243/676/243 227/692/227
f 227/692/227 243/676/243 244/677/244 228/693/228
f 228/693/228 244/677/244 245/678/245 229/694/229
f 229/694/229 245/678/245 246/679/246 230/695/230
f 230/695/230 246/679/246 247/680/247 231/696/231
f 231/696/231 247/680/247 248/681/248 232/697/232
f 232/697/232 248/681/248 249/682/249 233/698/233
f 233/698/233 249/682/249 250/683/250 234/699/234
f 235/700/235 251/684/251 252/21/252 236/19/236
f 10/701/10 11/685/11 221/686/221 205/702/205
f 205/702/205 221/686/221 222/687/222 206/703/206
f 206/703/206 222/687/222 223/688/223 207/704/207
f 208/705/208 224/689/224 225/690/225 209/706/209
f 209/706/209 225/690/225 226/691/226 210/707/210
f 210/707/210 226/691/226 227/692/227 211/708/211
f 211/708/211 227/692/227 228/693/228 212/709/212
f 212/709/212 228/693/228 229/694/229 213/710/213
f 213/710/213 229/694/229 230/695/230 214/711/214
f 214/711/214 230/695/230 231/696/231 215/712/215
f 215/712/215 231/696/231 232/697/232 216/713/216
f 216/713/216 232/697/232 233/698/233 217/714/217
f 218/715/218 234/699/234 235/700/235 219/716/219
f 219/716/219 235/700/235 236/19/236 220/17/220
f 9/717/9 10/701/10 205/702/205 189/718/189
f 189/718/189 205/702/205 206/703/206 190/719/190
f 190/719/190 206/703/206 207/704/207 191/720/191
f 191/720/191 207/704/207 208/705/208 192/721/192
f 193/722/193 209/706/209 210/707/210 194/723/194
f 194/723/194 210/707/210 211/708/211 195/724/195
f 195/724/195 211/708/211 212/709/212 196/725/196
f 196/725/196 212/709/212 213/710/213 197/726/197
f 197/726/197 213/710/213 214/711/214 198/727/198
f 198/727/198 214/711/214 215/712/215 199/728/199
f 199/728/199 215/712/215 216/713/216 200/729/200
f 201/730/201 217/714/217 218/715/218 202/731/202
f 202/731/202 218/715/218 219/716/219 203/732/203
f 203/732/203 219/716/219 220/17/220 204/15/204
f 8/733/8 9/717/9 189/718/189 173/734/173
f 173/734/173 189/718/189 190/719/190 174/735/174
f 174/735/174 190/719/190 191/720/191 175/736/175
f 175/736/175 191/720/191 192/721/192 176/737/176
f 176/737/176 192/721/192 193/722/193 177/738/177
f 178/739/178 194/723/194 195/724/195 179/740/179
f 179/740/179 195/724/195 196/725/196 180/741/180
f 180/741/180 196/725/196 197/726/197 181/742/181
f 181/742/181 197/726/197 198/727/198 182/743/182
f 182/743/182 198/727/198 199/728/199 183/744/183
f 184/745/184 200/729/200 201/730/201 185/746/185
f 185/746/185 201/730/201 202/731/202 186/747/186
f 186/747/186 202/731/202 203/732/203 187/748/187
f 187/748/187 203/732/203 204/15/204 188/13/188
f 7/749/7 8/733/8 173/734/173 157/750/157
f 157/750/157 173/734/173 174/735/174 158/751/158
f 158/751/158 174/735/174 175/736/175 159/752/159
f 159/752/159 175/736/175 176/737/176 160/753/160
f 160/753/160 176/737/176 177/738/177 161/754/161
f 161/754/161 177/738/177 178/739/178 162/755/162
f 163/756/163 179/740/179 180/741/180 164/757/164
f 164/757/164 180/741/180 181/742/181 165/758/165
f 165/758/165 181/742/181 182/743/182 166/759/166
f 167/760/167 183/744/183 184/745/184 168/761/168
f 168/761/168 184/745/184 185/746/185 169/762/169
f 169/762/169 185/746/185 186/747/186 170/763/170
f 170/763/170 186/747/186 187/748/187 171/764/171
f 171/764/171 187/748/187 188/13/188 172/11/172
f 6/765/6 7/749/7 157/750/157 141/766/141
f 141/766/141 157/750/157 158/751/158 142/767/142
f 142/767/142 158/751/158 159/752/159 143/768/143
f 143/768/143 159/752/159 160/753/160 144/769/144
f 144/769/144 160/753/160 161/754/161 145/770/145
f 145/770/145 161/754/161 162/755/162 146/771/146
f 146/771/146 162/755/162 163/756/163 147/772/147
f 148/773/148 164/757/164 165/758/165 149/774/149
f 150/775/150 166/759/166 167/760/167 151/776/151
f 151/776/151 167/760/167 168/761/168 152/777/152
f 152/777/152 168/761/168 169/762/169 153/778/153
f 153/778/153 169/762/169 170/763/170 154/779/154
f 154/779/154 170/763/170 171/764/171 155/780/155
f 155/780/155 171/764/171 172/11/172 156/9/156
f 5/781/5 6/765/6 141/766/141 125/782/125
f 125/782/125 141/766/141 142/767/142 126/783/126
f 126/783/126 142/767/142 143/768/143 127/784/127
f 127/784/127 143/768/143 144/769/144 128/785/128
f 128/785/128 144/769/144 145/770/145 129/786/129
f 129/786/129 145/770/145 146/771/146 130/787/130
f 130/787/130 146/771/146 147/772/147 131/788/131
f 131/788/131 147/772/147 148/773/148 132/789/132
f 133/790/133 149/774/149 150/775/150 134/791/134
f 134/791/134 150/775/150 151/776/151 135/792/135
f 135/792/135 151/776/151 152/777/152 136/793/136
f 136/793/136 152/777/152 153/778/153 137/794/137
f 137/794/137 153/778/153 154/779/154 138/795/138
f 138/795/138 154/779/154 155/780/155 139/796/139
f 139/796/139 155/780/155 156/9/156 140/6/140
f 1/797/1 5/781/5 125/782/125 108/798/108
f 108/798/108 125/782/125 126/783/126 107/799/107
f 107/799/107 126/783/126 127/784/127 106/800/106
f 106/800/106 127/784/127 128/785/128 105/801/105
f 105/801/105 128/785/128 129/786/129 104/802/104
f 104/802/104 129/786/129 130/787/130 103/803/103
f 103/803/103 130/787/130 131/788/131 102/804/102
f 102/804/102 131/788/131 132/789/132 101/805/101
f 101/805/101 132/789/132 133/790/133 100/806/100
f 100/806/100 133/790/133 134/791/134 99/807/99
f 99/807/99 134/791/134 135/792/135 98/808/98
f 98/808/98 135/792/135 136/793/136 97/809/97
f 97/809/97 136/793/136 137/794/137 96/810/96
f 96/810/96 137/794/137 138/795/138 95/811/95
f 95/811/95 138/795/138 139/796/139 94/812/94
f 94/812/94 139/796/139 140/6/140 93/5/93
f 48/94/48 2/813/2 109/814/109 813/95/757
f 813/95/757 109/814/109 110/815/110 814/97/758
f 814/97/758 110/815/110 111/816/111 815/99/759
f 815/99/759 111/816/111 112/817/112 816/101/760
f 816/101/760 112/817/112 113/818/113 817/103/761
f 817/103/761 113/818/113 114/819/114 818/105/762
f 818/105/762 114/819/114 115/820/115 819/107/763
f 819/107/763 115/820/115 116/821/116 820/109/764
f 820/109/764 116/821/116 117/822/117 821/111/764
f 821/111/764 117/822/117 118/823/118 822/113/658
f 822/113/658 118/823/118 119/824/119 823/115/765
f 823/115/765 119/824/119 120/825/120 824/117/679
f 824/117/679 120/825/120 121/826/121 825/119/766
f 825/119/766 121/826/121 122/827/122 826/121/654
f 826/121/654 122/827/122 123/828/123 827/123/766
f 827/123/766 123/828/123 124/2/124 828/1/767
usemtl Gotik_Symbol
f 804/110/707 820/109/764 821/111/764 805/112/750
f 787/132/734 803/108/749 804/110/707 788/133/735
f 789/134/736 805/112/750 806/114/751 790/135/737
f 770/147/724 786/131/733 787/132/734 771/148/685
f 774/151/693 790/135/737 791/136/738 775/152/701
f 753/162/716 769/146/723 770/147/724 754/163/607
f 759/168/689 775/152/701 776/153/695 760/169/685
f 736/177/708 752/161/715 753/162/716 737/178/609
f 744/185/694 760/169/685 761/170/41 745/186/709
f 719/192/635 735/176/707 736/177/708 720/193/690
f 729/202/701 745/186/709 746/187/710 730/203/704
f 702/207/690 718/191/699 719/192/635 703/208/691
f 714/219/41 730/203/704 731/204/683 715/220/697
f 685/222/676 701/206/689 702/207/690 686/223/677
f 699/236/687 715/220/697 716/79/698 700/77/688
f 607/304/604 623/288/620 624/289/621 608/305/605
f 611/308/608 627/292/605 628/293/608 612/309/609
f 592/321/590 608/305/605 609/306/606 593/322/591
f 594/323/592 610/307/607 611/308/608 595/324/593
f 577/338/575 593/322/591 594/323/592 578/339/576
f 582/343/580 598/327/596 599/328/597 583/344/581
f 583/344/581 599/328/597 600/329/598 584/345/582
f 584/345/582 600/329/598 601/330/599 585/346/583
f 561/354/559 577/338/575 578/339/576 562/355/560
f 565/358/563 581/342/579 582/343/580 566/359/564
f 569/362/567 585/346/583 586/347/584 570/363/568
f 541/366/539 557/350/555 558/351/556 542/367/540
f 542/367/540 558/351/556 559/352/557 543/368/541
f 543/368/541 559/352/557 560/353/558 544/369/542
f 548/373/546 564/357/562 565/358/563 549/374/547
f 554/379/552 570/363/568 571/364/569 555/380/553
f 525/382/523 541/366/539 542/367/540 526/383/524
f 528/385/526 544/369/542 545/370/543 529/386/527
f 531/388/529 547/372/545 548/373/546 532/389/530
f 539/396/537 555/380/553 556/59/554 540/57/538
f 518/407/516 534/391/532 535/392/533 519/408/517
f 519/408/517 535/392/533 536/393/534 520/409/518
f 520/409/518 536/393/534 537/394/535 521/410/519
f 497/418/495 513/402/511 514/403/512 498/419/496
f 498/419/496 514/403/512 515/404/513 499/420/497
f 501/422/499 517/406/515 518/407/516 502/423/500
f 505/426/503 521/410/519 522/411/520 506/427/504
f 479/432/477 495/416/493 496/417/494 480/433/478
f 480/433/478 496/417/494 497/418/495 481/434/479
f 481/434/479 497/418/495 498/419/496 482/435/480
f 482/435/480 498/419/496 499/420/497 483/436/481
f 483/436/481 499/420/497 500/421/498 484/437/482
f 484/437/482 500/421/498 501/422/499 485/438/483
f 462/447/460 478/431/476 479/432/477 463/448/461
f 463/448/461 479/432/477 480/433/478 464/449/462
f 464/449/462 480/433/478 481/434/479 465/450/463
f 465/450/463 481/434/479 482/435/480 466/451/464
f 466/451/464 482/435/480 483/436/481 467/452/465
f 467/452/465 483/436/481 484/437/482 468/453/466
f 468/453/466 484/437/482 485/438/483 469/454/467
f 447/464/445 463/448/461 464/449/462 448/465/446
f 448/465/446 464/449/462 465/450/463 449/466/447
f 449/466/447 465/450/463 466/451/464 450/467/448
f 450/467/448 466/451/464 467/452/465 451/468/449
f 451/468/449 467/452/465 468/453/466 452/469/450
f 452/469/450 468/453/466 469/454/467 453/470/451
f 433/482/431 449/466/447 450/467/448 434/483/432
f 434/483/432 450/467/448 451/468/449 435/484/433
f 437/486/435 453/470/451 454/471/452 438/487/436
f 441/490/439 457/474/455 458/475/456 442/491/440
f 422/503/421 438/487/436 439/488/437 423/504/422
f 423/504/422 439/488/437 440/489/438 424/505/423
f 424/505/423 440/489/438 441/490/439 425/506/424
f 397/510/396 413/494/412 414/495/413 398/511/397
f 400/513/399 416/497/415 417/498/416 401/514/400
f 403/516/402 419/500/418 420/501/419 404/517/403
f 411/524/410 427/508/426 428/43/427 412/41/411
f 381/526/380 397/510/396 398/511/397 382/527/381
f 382/527/381 398/511/397 399/512/398 383/528/382
f 383/528/382 399/512/398 400/513/399 384/529/383
f 388/533/387 404/517/403 405/518/404 389/534/388
f 394/539/393 410/523/409 411/524/410 395/540/394
f 369/546/368 385/530/384 386/531/385 370/547/369
f 373/550/372 389/534/388 390/535/389 374/551/373
f 377/554/376 393/538/392 394/539/393 378/555/377
f 353/562/352 369/546/368 370/547/369 354/563/353
f 358/567/357 374/551/373 375/552/374 359/568/358
f 359/568/358 375/552/374 376/553/375 360/569/359
f 360/569/359 376/553/375 377/554/376 361/570/360
f 336/577/335 352/561/351 353/562/352 337/578/336
f 338/579/337 354/563/353 355/564/354 339/580/338
f 319/592/318 335/576/334 336/577/335 320/593/319
f 323/596/322 339/580/338 340/581/339 324/597/323
f 237/670/237 253/654/253 254/655/254 238/671/238
f 251/684/251 267/668/267 268/23/268 252/21/252
f 222/687/222 238/671/238 239/672/239 223/688/223
f 234/699/234 250/683/250 251/684/251 235/700/235
f 207/704/207 223/688/223 224/689/224 208/705/208
f 217/714/217 233/698/233 234/699/234 218/715/218
f 192/721/192 208/705/208 209/706/209 193/722/193
f 200/729/200 216/713/216 217/714/217 201/730/201
f 177/738/177 193/722/193 194/723/194 178/739/178
f 183/744/183 199/728/199 200/729/200 184/745/184
f 162/755/162 178/739/178 179/740/179 163/756/163
f 166/759/166 182/743/182 183/744/183 167/760/167
f 147/772/147 163/756/163 164/757/164 148/773/148
f 149/774/149 165/758/165 166/759/166 150/775/150
f 132/789/132 148/773/148 149/774/149 133/790/133
f 101/805/101 100/806/100 838/806/773 839/805/773
f 105/801/105 104/802/104 842/802/775 843/801/775
f 95/811/95 94/812/94 832/812/770 833/811/770
f 99/807/99 98/808/98 836/808/772 837/807/772
f 103/803/103 102/804/102 840/804/774 841/803/774
f 1/797/1 108/798/108 846/798/768 829/797/768
f 93/5/93 3/8/3 830/8/769 831/5/769
f 107/799/107 106/800/106 844/800/776 845/799/776
f 97/809/97 96/810/96 834/810/771 835/809/771
f 111/816/111 110/815/110 850/815/779 851/816/779
f 115/820/115 114/819/114 854/819/781 855/820/781
f 4/3/4 124/2/124 864/2/778 848/3/778
f 119/824/119 118/823/118 858/823/783 859/824/783
f 109/814/109 2/813/2 847/813/777 849/814/777
f 123/828/123 122/827/122 862/827/785 863/828/785
f 113/818/113 112/817/112 852/817/780 853/818/780
f 117/822/117 116/821/116 856/821/782 857/822/782
f 121/826/121 120/825/120 860/825/784 861/826/784
