# Blender 5.1.1
# www.blender.org
mtllib Sarg_2_Deckel.mtl
o Sarg_2_Lid
v -8.339880 2.428679 -0.082533
v -8.320546 2.435629 -0.091687
v -8.320546 2.458122 -0.091687
v -8.339880 2.465072 -0.082533
v -8.351830 2.446876 -0.076875
v -8.339597 2.446876 -0.095750
v -8.348830 2.440265 -0.067710
v -8.348830 2.453486 -0.067710
v -8.330442 2.425484 -0.076416
v -8.341806 2.429569 -0.071036
v -8.312055 2.440265 -0.085123
v -8.319078 2.429569 -0.081797
v -8.319078 2.464182 -0.081797
v -8.312055 2.453486 -0.085123
v -8.341806 2.464182 -0.071036
v -8.330442 2.468267 -0.076416
v -8.348560 2.436180 -0.080281
v -8.330173 2.429569 -0.088987
v -8.318809 2.446876 -0.094368
v -8.330173 2.464182 -0.088987
v -8.348560 2.457571 -0.080281
v -8.341371 2.436180 -0.091376
v -8.348393 2.446876 -0.088050
v -8.330007 2.440265 -0.096756
v -8.330007 2.453486 -0.096756
v -8.341371 2.457571 -0.091376
v -8.078834 2.509829 0.883856
v -8.078834 -0.002184 0.883856
v -8.455077 2.509829 0.089224
v -8.455077 -0.002184 0.089224
v -8.342875 -0.002184 0.036098
v -7.966631 2.509829 0.830730
v -7.966631 -0.002184 0.830730
v -8.342875 2.509829 0.036098
v -7.936951 2.386483 0.816677
v -8.313194 2.386483 0.022045
v -8.313194 0.101389 0.022045
v -8.313194 1.193531 0.022045
v -8.313194 1.318804 0.022045
v -7.936951 1.318804 0.816677
v -7.936951 1.193532 0.816677
v -7.936951 0.101389 0.816677
v -8.118661 -0.002184 0.799741
v -8.459038 -0.002184 0.577487
v -8.415251 -0.002184 0.173339
v -8.415250 2.509829 0.173339
v -8.459037 2.509829 0.577487
v -8.118661 2.509829 0.799741
v -8.415250 2.386483 0.173339
v -8.118661 2.386483 0.799741
v -8.415251 1.318804 0.173339
v -8.118661 1.318804 0.799741
v -8.415251 1.193532 0.173339
v -8.118661 1.193531 0.799741
v -8.415251 0.101389 0.173339
v -8.118661 0.101389 0.799741
v -8.303048 2.509829 0.120213
v -8.154753 2.509829 0.433414
v -8.006458 2.509829 0.746615
v -8.006458 -0.002184 0.746615
v -8.154753 -0.002184 0.433414
v -8.303048 -0.002184 0.120213
v -8.492717 -0.002184 0.362464
v -8.492716 2.509829 0.362464
v -8.244085 2.509829 0.244742
v -8.244086 -0.002184 0.244742
v -8.314051 -0.002184 0.739808
v -8.314051 2.509829 0.739808
v -8.065420 2.509829 0.622086
v -8.065420 -0.002184 0.622086
v -8.392192 -0.002184 0.673237
v -8.110086 -0.002184 0.527750
v -8.392192 2.509829 0.673237
v -8.110086 2.509829 0.527750
v -8.490742 2.509829 0.465098
v -8.199419 2.509829 0.339078
v -8.490742 -0.002184 0.465098
v -8.199420 -0.002184 0.339078
v -8.465658 -0.002184 0.253192
v -8.281394 -0.002184 0.165946
v -8.465658 2.509829 0.253192
v -8.281394 2.509829 0.165946
v -8.212376 2.509829 0.788128
v -8.028111 2.509829 0.700882
v -8.212376 -0.002184 0.788128
v -8.028112 -0.002184 0.700882
v -7.873241 2.509829 0.786512
v -7.873242 -0.002184 0.786512
v -8.249485 2.509829 -0.008120
v -7.852375 2.386483 0.830584
v -8.270352 2.386483 -0.052192
v -8.270352 0.101389 -0.052192
v -8.270352 1.193531 -0.052192
v -8.270352 1.318804 -0.052192
v -7.852375 1.318804 0.830584
v -7.852375 1.193532 0.830584
v -7.852375 0.101389 0.830584
v -8.249486 -0.002184 -0.008120
v -7.913069 -0.002184 0.702397
v -8.061363 -0.002184 0.389196
v -8.209659 -0.002184 0.075995
v -8.209659 2.509829 0.075995
v -8.061363 2.509829 0.389196
v -7.913069 2.509829 0.702397
v -8.150696 2.509829 0.200524
v -8.150697 -0.002184 0.200524
v -7.972031 2.509829 0.577868
v -7.972031 -0.002184 0.577868
v -8.016697 2.509829 0.483532
v -8.016697 -0.002184 0.483532
v -8.106030 -0.002184 0.294860
v -8.106030 2.509829 0.294860
v -8.188004 2.509829 0.121728
v -8.188004 -0.002184 0.121728
v -7.934722 -0.002184 0.656664
v -7.934722 2.509829 0.656664
v -7.830062 -0.002184 0.877709
v -7.830061 2.386483 0.877709
v -8.292665 2.386483 -0.099317
v -8.292665 0.101389 -0.099317
v -8.292665 1.193531 -0.099317
v -8.292665 1.318804 -0.099317
v -7.830061 1.318804 0.877709
v -7.830062 1.193532 0.877709
v -7.830062 0.101389 0.877709
v -8.292665 -0.002184 -0.099317
v -8.301287 -0.002184 0.016406
v -8.344466 -0.002184 -0.074790
v -7.925043 2.509829 0.811039
v -7.925043 -0.002184 0.811039
v -8.301287 2.509829 0.016406
v -7.904176 2.386483 0.855111
v -8.322153 2.386483 -0.027665
v -8.322153 0.101389 -0.027665
v -8.322153 1.193531 -0.027665
v -8.322153 1.318804 -0.027665
v -7.904176 1.318804 0.855111
v -7.904176 1.193532 0.855111
v -7.904176 0.101389 0.855111
v -7.964870 -0.002184 0.726924
v -8.113165 -0.002184 0.413723
v -8.261459 -0.002184 0.100522
v -8.261459 2.509829 0.100522
v -8.113165 2.509829 0.413723
v -7.964869 2.509829 0.726923
v -8.202497 2.509829 0.225051
v -8.202497 -0.002184 0.225051
v -8.023831 2.509829 0.602395
v -8.023832 -0.002184 0.602395
v -8.068498 2.509829 0.508059
v -8.068499 -0.002184 0.508059
v -8.157831 -0.002184 0.319387
v -8.157831 2.509829 0.319387
v -8.239805 2.509829 0.146255
v -8.239806 -0.002184 0.146255
v -7.986524 -0.002184 0.681191
v -7.986523 2.509829 0.681191
v -7.881863 -0.002184 0.902236
v -7.881863 2.386483 0.902236
v -8.344466 2.386483 -0.074791
v -8.344466 0.101389 -0.074791
v -8.344466 1.193531 -0.074791
v -8.344466 1.318804 -0.074791
v -7.881863 1.318804 0.902236
v -7.881863 1.193532 0.902236
v -7.881863 0.101389 0.902236
v -8.095605 2.386483 0.848436
v -8.043413 2.386483 0.867085
v -8.419657 2.386483 0.072453
v -8.438307 2.386483 0.124644
v -8.043413 1.318804 0.867085
v -8.095605 1.318804 0.848436
v -8.095605 1.193531 0.848436
v -8.043413 1.193532 0.867085
v -8.043413 0.101389 0.867085
v -8.095605 0.101389 0.848436
v -8.438307 0.101389 0.124644
v -8.419657 0.101389 0.072453
v -8.419657 1.193532 0.072453
v -8.438307 1.193532 0.124644
v -8.438307 1.318804 0.124644
v -8.419657 1.318804 0.072453
v -8.455077 -0.002184 0.089224
v -8.078834 -0.002184 0.883856
v -8.455077 2.509829 0.089224
v -8.078834 2.509829 0.883856
v -8.166574 2.386483 0.866018
v -8.177775 2.403596 0.881514
v -8.172174 2.388775 0.873766
v -8.176275 2.395039 0.879438
v -8.177775 1.301691 0.881514
v -8.166574 1.318804 0.866018
v -8.176275 1.310247 0.879438
v -8.172174 1.316511 0.873766
v -8.166574 1.193531 0.866018
v -8.177775 1.210645 0.881514
v -8.172174 1.195824 0.873766
v -8.176275 1.202088 0.879438
v -8.177775 0.084276 0.881514
v -8.166574 0.101389 0.866018
v -8.176275 0.092833 0.879438
v -8.172174 0.099096 0.873766
v -7.923451 2.403596 0.921927
v -7.931037 2.386483 0.905906
v -7.907984 2.386483 0.914604
v -7.924468 2.395040 0.919781
v -7.927244 2.388776 0.913917
v -8.378469 2.386483 -0.039078
v -8.386055 2.403596 -0.055099
v -8.370587 2.386483 -0.062423
v -8.382262 2.388776 -0.047089
v -8.385038 2.395040 -0.052953
v -8.386055 0.084276 -0.055099
v -8.378469 0.101389 -0.039078
v -8.370588 0.101389 -0.062423
v -8.385038 0.092833 -0.052953
v -8.382262 0.099097 -0.047088
v -8.378469 1.193532 -0.039078
v -8.386055 1.210645 -0.055099
v -8.370588 1.193532 -0.062423
v -8.382262 1.195824 -0.047088
v -8.385038 1.202088 -0.052953
v -8.386055 1.301691 -0.055099
v -8.378469 1.318804 -0.039078
v -8.370587 1.318804 -0.062423
v -8.385038 1.310247 -0.052953
v -8.382262 1.316511 -0.047088
v -7.931037 1.318804 0.905906
v -7.923451 1.301691 0.921927
v -7.907984 1.318804 0.914604
v -7.927244 1.316511 0.913917
v -7.924468 1.310247 0.919781
v -7.923451 1.210645 0.921927
v -7.931037 1.193532 0.905906
v -7.907984 1.193532 0.914604
v -7.924468 1.202088 0.919781
v -7.927244 1.195824 0.913917
v -7.931037 0.101389 0.905906
v -7.923451 0.084276 0.921927
v -7.907984 0.101389 0.914604
v -7.927244 0.099097 0.913917
v -7.924468 0.092833 0.919781
v -8.515968 2.403596 0.167244
v -8.496882 2.386483 0.168399
v -8.513412 2.395039 0.167399
v -8.506426 2.388775 0.167822
v -8.590555 2.403596 0.479887
v -8.574395 2.386483 0.477492
v -8.588389 2.395040 0.479566
v -8.582475 2.388776 0.478689
v -8.535368 2.386483 0.613628
v -8.550234 2.403596 0.620667
v -8.542801 2.388776 0.617148
v -8.548243 2.395040 0.619724
v -8.240597 2.403596 0.885004
v -8.236095 2.386483 0.869551
v -8.239994 2.395039 0.882933
v -8.238346 2.388775 0.877278
v -8.496882 1.318804 0.168399
v -8.515969 1.301691 0.167244
v -8.506426 1.316511 0.167822
v -8.513412 1.310247 0.167399
v -8.574395 1.318804 0.477492
v -8.590555 1.301691 0.479887
v -8.582475 1.316511 0.478690
v -8.588389 1.310247 0.479566
v -8.550234 1.301691 0.620667
v -8.535368 1.318804 0.613628
v -8.548243 1.310247 0.619724
v -8.542801 1.316511 0.617148
v -8.236095 1.318804 0.869552
v -8.240597 1.301691 0.885004
v -8.238346 1.316511 0.877278
v -8.239994 1.310247 0.882933
v -8.515969 1.210645 0.167244
v -8.496882 1.193532 0.168399
v -8.513412 1.202088 0.167399
v -8.506426 1.195824 0.167822
v -8.590555 1.210645 0.479887
v -8.574395 1.193532 0.477492
v -8.588389 1.202088 0.479566
v -8.582475 1.195824 0.478690
v -8.535368 1.193532 0.613628
v -8.550234 1.210645 0.620667
v -8.542801 1.195824 0.617148
v -8.548243 1.202088 0.619724
v -8.240597 1.210645 0.885004
v -8.236095 1.193532 0.869551
v -8.239994 1.202088 0.882933
v -8.238346 1.195824 0.877278
v -8.496882 0.101389 0.168399
v -8.515969 0.084276 0.167244
v -8.506426 0.099096 0.167822
v -8.513412 0.092833 0.167399
v -8.574395 0.101389 0.477492
v -8.590555 0.084276 0.479887
v -8.582475 0.099096 0.478690
v -8.588390 0.092833 0.479566
v -8.550235 0.084276 0.620667
v -8.535368 0.101389 0.613628
v -8.548243 0.092833 0.619724
v -8.542801 0.099096 0.617148
v -8.236095 0.101389 0.869552
v -8.240597 0.084276 0.885004
v -8.238346 0.099096 0.877278
v -8.239994 0.092833 0.882934
v -8.558481 2.403596 0.213628
v -8.543675 2.386483 0.219938
v -8.556498 2.395039 0.214473
v -8.551078 2.388775 0.216783
v -8.576859 2.386483 0.353021
v -8.592990 2.403596 0.351211
v -8.584924 2.388776 0.352116
v -8.590829 2.395040 0.351454
v -8.543675 1.318804 0.219938
v -8.558481 1.301691 0.213628
v -8.551078 1.316511 0.216783
v -8.556498 1.310247 0.214473
v -8.592990 1.301691 0.351211
v -8.576859 1.318804 0.353021
v -8.590829 1.310247 0.351454
v -8.584925 1.316511 0.352116
v -8.558481 1.210645 0.213628
v -8.543675 1.193532 0.219938
v -8.556498 1.202088 0.214473
v -8.551078 1.195824 0.216783
v -8.576859 1.193532 0.353021
v -8.592990 1.210645 0.351211
v -8.584925 1.195824 0.352116
v -8.590829 1.202088 0.351454
v -8.543675 0.101389 0.219938
v -8.558481 0.084276 0.213628
v -8.551078 0.099097 0.216783
v -8.556498 0.092833 0.214473
v -8.592990 0.084276 0.351211
v -8.576859 0.101389 0.353022
v -8.590829 0.092833 0.351454
v -8.584925 0.099096 0.352116
v -8.466887 2.403596 0.741075
v -8.454794 2.386483 0.730092
v -8.465266 2.395040 0.739604
v -8.460840 2.388776 0.735584
v -8.360071 2.386483 0.810880
v -8.368894 2.403596 0.824505
v -8.364483 2.388776 0.817693
v -8.367712 2.395040 0.822680
v -8.454794 1.318804 0.730092
v -8.466887 1.301691 0.741075
v -8.460840 1.316511 0.735584
v -8.465267 1.310247 0.739604
v -8.368894 1.301691 0.824505
v -8.360071 1.318804 0.810880
v -8.367712 1.310247 0.822680
v -8.364483 1.316511 0.817693
v -8.466887 1.210645 0.741075
v -8.454794 1.193532 0.730092
v -8.465267 1.202088 0.739604
v -8.460840 1.195824 0.735584
v -8.360071 1.193532 0.810880
v -8.368894 1.210645 0.824505
v -8.364483 1.195824 0.817693
v -8.367712 1.202088 0.822680
v -8.454794 0.101389 0.730092
v -8.466887 0.084276 0.741075
v -8.460840 0.099096 0.735584
v -8.465267 0.092833 0.739604
v -8.368894 0.084276 0.824506
v -8.360071 0.101389 0.810880
v -8.367712 0.092833 0.822680
v -8.364483 0.099096 0.817693
v -8.131541 0.101389 0.919066
v -8.140697 0.084276 0.937061
v -8.136120 0.099096 0.928064
v -8.139471 0.092833 0.934650
v -8.064537 0.084276 0.964757
v -8.060291 0.101389 0.945127
v -8.063968 0.092833 0.962127
v -8.062414 0.099096 0.954942
v -8.515717 2.386483 0.107682
v -8.535439 2.403596 0.103360
v -8.525578 2.388775 0.105521
v -8.532797 2.395039 0.103939
v -8.508597 2.403596 0.026894
v -8.490722 2.386483 0.036050
v -8.506203 2.395039 0.028121
v -8.499660 2.388775 0.031472
v -8.060291 2.386483 0.945127
v -8.064536 2.403596 0.964757
v -8.062414 2.388775 0.954942
v -8.063968 2.395039 0.962127
v -8.140697 2.403596 0.937061
v -8.131541 2.386483 0.919066
v -8.139471 2.395039 0.934650
v -8.136120 2.388775 0.928064
v -8.131541 1.318804 0.919066
v -8.140697 1.301691 0.937061
v -8.136120 1.316511 0.928064
v -8.139471 1.310247 0.934650
v -8.064537 1.301691 0.964757
v -8.060291 1.318804 0.945127
v -8.063968 1.310247 0.962127
v -8.062414 1.316511 0.954942
v -8.060291 1.193531 0.945127
v -8.064537 1.210645 0.964757
v -8.062414 1.195824 0.954942
v -8.063968 1.202088 0.962127
v -8.140697 1.210645 0.937061
v -8.131541 1.193531 0.919066
v -8.139471 1.202088 0.934650
v -8.136120 1.195824 0.928064
v -8.490722 0.101389 0.036051
v -8.508597 0.084276 0.026894
v -8.499660 0.099096 0.031472
v -8.506203 0.092833 0.028121
v -8.535439 0.084276 0.103360
v -8.515717 0.101389 0.107682
v -8.532797 0.092833 0.103939
v -8.525578 0.099096 0.105521
v -8.515717 1.193532 0.107682
v -8.535439 1.210645 0.103360
v -8.525578 1.195824 0.105521
v -8.532797 1.202088 0.103939
v -8.508597 1.210645 0.026894
v -8.490722 1.193532 0.036051
v -8.506203 1.202088 0.028121
v -8.499660 1.195824 0.031472
v -8.490722 1.318804 0.036051
v -8.508597 1.301691 0.026894
v -8.499660 1.316511 0.031472
v -8.506203 1.310247 0.028121
v -8.535439 1.301691 0.103360
v -8.515717 1.318804 0.107682
v -8.532797 1.310247 0.103939
v -8.525578 1.316511 0.105521
v -8.375993 -0.002184 -0.033847
v -8.386055 0.019196 -0.055099
v -8.366732 -0.002184 -0.064248
v -8.381023 0.000680 -0.044473
v -8.384706 0.008506 -0.052252
v -8.515969 0.019196 0.167244
v -8.490952 -0.002184 0.168758
v -8.512617 0.008506 0.167447
v -8.503461 0.000680 0.168001
v -8.177775 2.488449 0.881514
v -8.163198 2.509829 0.861348
v -8.175822 2.499139 0.878812
v -8.170486 2.506965 0.871431
v -7.933368 2.509829 0.900982
v -7.923451 2.488449 0.921927
v -7.928410 2.506965 0.911455
v -7.924780 2.499139 0.919121
v -7.923451 0.019196 0.921927
v -7.933514 -0.002184 0.900675
v -7.904128 -0.002184 0.912778
v -7.924799 0.008506 0.919080
v -7.928483 0.000680 0.911301
v -8.386055 2.488449 -0.055099
v -8.376138 2.509829 -0.034154
v -8.384727 2.499139 -0.052293
v -8.381096 2.506965 -0.044627
v -8.163093 -0.002184 0.861203
v -8.177775 0.019196 0.881514
v -8.170434 0.000680 0.871358
v -8.175809 0.008506 0.878793
v -8.451351 -0.002184 0.726965
v -8.466887 0.019196 0.741075
v -8.459119 0.000680 0.734020
v -8.464806 0.008506 0.739185
v -8.550235 0.019196 0.620667
v -8.531157 -0.002184 0.611634
v -8.547678 0.008506 0.619457
v -8.540696 0.000680 0.616151
v -8.539276 -0.002184 0.221813
v -8.558481 0.019196 0.213628
v -8.548879 0.000680 0.217720
v -8.555908 0.008506 0.214724
v -8.491132 2.509829 0.168747
v -8.515969 2.488449 0.167244
v -8.503551 2.506965 0.167996
v -8.512641 2.499139 0.167446
v -8.569881 2.509829 0.476824
v -8.590555 2.488449 0.479887
v -8.580218 2.506965 0.478355
v -8.587785 2.499139 0.479476
v -8.550234 2.488449 0.620667
v -8.531234 2.509829 0.611671
v -8.547688 2.499139 0.619462
v -8.540734 2.506965 0.616169
v -8.234791 2.509829 0.865073
v -8.240597 2.488449 0.885004
v -8.237694 2.506965 0.875038
v -8.239819 2.499139 0.882334
v -8.569795 -0.002184 0.476811
v -8.590555 0.019196 0.479887
v -8.580174 0.000680 0.478349
v -8.587773 0.008506 0.479475
v -8.592990 0.019196 0.351211
v -8.572195 -0.002184 0.353545
v -8.590204 0.008506 0.351524
v -8.582592 0.000680 0.352378
v -8.539384 2.509829 0.221767
v -8.558481 2.488449 0.213628
v -8.548933 2.506965 0.217697
v -8.555923 2.499139 0.214718
v -8.592990 2.488449 0.351211
v -8.572292 2.509829 0.353534
v -8.590217 2.499139 0.351522
v -8.582641 2.506965 0.352373
v -8.234758 -0.002184 0.864960
v -8.240597 0.019196 0.885004
v -8.237678 0.000680 0.874982
v -8.239815 0.008506 0.882318
v -8.368894 0.019196 0.824505
v -8.357520 -0.002184 0.806941
v -8.367371 0.008506 0.822152
v -8.363207 0.000680 0.815723
v -8.451416 2.509829 0.727025
v -8.466887 2.488449 0.741075
v -8.459151 2.506965 0.734050
v -8.464814 2.499139 0.739193
v -8.368894 2.488449 0.824505
v -8.357574 2.509829 0.807023
v -8.367377 2.499139 0.822163
v -8.363234 2.506965 0.815765
v -7.840033 2.509829 0.856651
v -7.830061 2.488449 0.877709
v -7.835047 2.506965 0.867180
v -7.831398 2.499139 0.874888
v -8.292665 2.488449 -0.099317
v -8.282695 2.509829 -0.078259
v -8.291329 2.499139 -0.096496
v -8.287680 2.506965 -0.088788
v -7.891776 2.509829 0.881299
v -7.881863 2.488449 0.902236
v -7.886819 2.506965 0.891767
v -7.883191 2.499139 0.899431
v -8.344466 2.488449 -0.074791
v -8.334553 2.509829 -0.053853
v -8.343138 2.499139 -0.071986
v -8.339510 2.506965 -0.064322
v -8.512298 -0.002184 0.099289
v -8.535439 0.019196 0.103360
v -8.523869 0.000680 0.101324
v -8.532339 0.008506 0.102814
v -8.508597 0.019196 0.026894
v -8.493286 -0.002184 0.044725
v -8.506546 0.008506 0.029283
v -8.500942 0.000680 0.035810
v -8.068626 -0.002184 0.941613
v -8.064537 0.019196 0.964757
v -8.066582 0.000680 0.953185
v -8.065084 0.008506 0.961656
v -8.140697 0.019196 0.937061
v -8.122883 -0.002184 0.921740
v -8.138310 0.008506 0.935009
v -8.131790 0.000680 0.929401
v -8.493463 2.509829 0.044520
v -8.508597 2.488449 0.026894
v -8.501030 2.506965 0.035707
v -8.506570 2.499139 0.029255
v -8.535439 2.488449 0.103360
v -8.512499 2.509829 0.099324
v -8.532366 2.499139 0.102819
v -8.523970 2.506965 0.101342
v -8.123037 2.509829 0.921873
v -8.140697 2.488449 0.937061
v -8.131867 2.506965 0.929467
v -8.138331 2.499139 0.935027
v -8.064536 2.488449 0.964757
v -8.068580 2.509829 0.941879
v -8.065078 2.499139 0.961692
v -8.066558 2.506965 0.953318
v -8.469757 2.386483 0.539488
v -8.436437 2.386483 0.609861
v -8.494722 2.386483 0.594383
v -8.455557 2.386483 0.575839
v -8.436437 1.318804 0.609861
v -8.469757 1.318804 0.539488
v -8.494722 1.318804 0.594383
v -8.455558 1.318804 0.575839
v -8.469757 1.193532 0.539488
v -8.436437 1.193532 0.609861
v -8.494722 1.193532 0.594383
v -8.455558 1.193532 0.575839
v -8.436437 0.101389 0.609861
v -8.469757 0.101389 0.539488
v -8.494722 0.101389 0.594383
v -8.455558 0.101389 0.575839
v -8.483226 2.386483 0.324139
v -8.491957 2.386483 0.401939
v -8.531952 2.386483 0.358061
v -8.489714 2.386483 0.362801
v -8.491957 1.318804 0.401939
v -8.483226 1.318804 0.324139
v -8.531953 1.318804 0.358061
v -8.489715 1.318804 0.362801
v -8.483226 1.193532 0.324139
v -8.491957 1.193532 0.401939
v -8.531953 1.193532 0.358061
v -8.489715 1.193532 0.362801
v -8.491957 0.101389 0.401939
v -8.483226 0.101389 0.324139
v -8.531953 0.101389 0.358061
v -8.489715 0.101389 0.362801
v -8.344105 2.386483 0.714204
v -8.278390 2.386483 0.756755
v -8.335510 2.386483 0.772950
v -8.312408 2.386483 0.737272
v -8.278391 1.318804 0.756755
v -8.344106 1.318804 0.714204
v -8.335510 1.318804 0.772950
v -8.312408 1.318804 0.737273
v -8.344106 1.193532 0.714204
v -8.278391 1.193532 0.756755
v -8.335510 1.193532 0.772950
v -8.312408 1.193532 0.737273
v -8.278391 0.101389 0.756755
v -8.344106 0.101389 0.714204
v -8.335510 0.101389 0.772950
v -8.312408 0.101389 0.737273
v -8.414793 2.386483 0.640864
v -8.362137 2.386483 0.698842
v -8.421419 2.386483 0.699782
v -8.390009 2.386483 0.671255
v -8.362137 1.318804 0.698842
v -8.414793 1.318804 0.640864
v -8.421419 1.318804 0.699782
v -8.390009 1.318804 0.671255
v -8.414793 1.193532 0.640864
v -8.362137 1.193532 0.698842
v -8.421419 1.193532 0.699782
v -8.390009 1.193532 0.671255
v -8.362137 0.101389 0.698842
v -8.414793 0.101389 0.640864
v -8.421419 0.101389 0.699782
v -8.390009 0.101389 0.671255
v -8.491501 2.386483 0.425623
v -8.480022 2.386483 0.503097
v -8.529798 2.386483 0.470885
v -8.487824 2.386483 0.464666
v -8.480022 1.318804 0.503097
v -8.491501 1.318804 0.425623
v -8.529798 1.318804 0.470885
v -8.487824 1.318804 0.464666
v -8.491501 1.193532 0.425623
v -8.480022 1.193532 0.503097
v -8.529798 1.193532 0.470885
v -8.487824 1.193532 0.464666
v -8.480022 0.101389 0.503097
v -8.491501 0.101389 0.425623
v -8.529798 0.101389 0.470885
v -8.487824 0.101389 0.464666
v -8.444582 2.386483 0.219805
v -8.475148 2.386483 0.291517
v -8.501979 2.386483 0.237711
v -8.462265 2.386483 0.254638
v -8.475148 1.318804 0.291517
v -8.444582 1.318804 0.219805
v -8.501979 1.318804 0.237711
v -8.462265 1.318804 0.254638
v -8.444582 1.193532 0.219805
v -8.475148 1.193532 0.291517
v -8.501979 1.193532 0.237711
v -8.462265 1.193532 0.254638
v -8.475148 0.101389 0.291517
v -8.444583 0.101389 0.219805
v -8.501979 0.101389 0.237711
v -8.462265 0.101389 0.254638
v -8.248036 2.386483 0.771181
v -8.173193 2.386483 0.792983
v -8.223418 2.386483 0.826034
v -8.211345 2.386483 0.784586
v -8.173193 1.318804 0.792983
v -8.248036 1.318804 0.771181
v -8.223418 1.318804 0.826034
v -8.211345 1.318804 0.784586
v -8.248036 1.193532 0.771181
v -8.173193 1.193531 0.792983
v -8.223418 1.193532 0.826034
v -8.211345 1.193531 0.784586
v -8.173193 0.101389 0.792983
v -8.248036 0.101389 0.771181
v -8.223419 0.101389 0.826035
v -8.211345 0.101389 0.784586
v -7.936951 1.852643 0.816677
v -8.313194 1.852643 0.022045
v -8.118661 1.852643 0.799741
v -8.415251 1.852643 0.173339
v -7.852375 1.852643 0.830584
v -8.322153 1.852643 -0.027665
v -7.904176 1.852643 0.855111
v -8.438307 1.852643 0.124644
v -8.419657 1.852643 0.072453
v -8.043413 1.852643 0.867085
v -8.469757 1.852643 0.539488
v -8.455558 1.852643 0.575839
v -8.436437 1.852643 0.609861
v -8.483226 1.852643 0.324139
v -8.489715 1.852643 0.362801
v -8.491957 1.852643 0.401939
v -8.344105 1.852643 0.714204
v -8.312408 1.852643 0.737273
v -8.278390 1.852643 0.756755
v -8.414793 1.852643 0.640864
v -8.390009 1.852643 0.671255
v -8.362137 1.852643 0.698842
v -8.491501 1.852643 0.425623
v -8.487824 1.852643 0.464666
v -8.480022 1.852643 0.503097
v -8.444582 1.852643 0.219805
v -8.462265 1.852643 0.254638
v -8.475148 1.852643 0.291517
v -8.248036 1.852643 0.771181
v -8.211344 1.852643 0.784586
v -8.173193 1.852643 0.792983
v -8.313194 2.119563 0.022045
v -8.270352 2.119563 -0.052192
v -8.322153 2.119563 -0.027665
v -8.438307 2.119563 0.124644
v -8.455558 2.119563 0.575839
v -8.436437 2.119563 0.609861
v -8.489715 2.119563 0.362801
v -8.491957 2.119563 0.401939
v -8.312408 2.119563 0.737272
v -8.278390 2.119563 0.756755
v -8.390009 2.119563 0.671255
v -8.362137 2.119563 0.698842
v -8.487824 2.119563 0.464666
v -8.480022 2.119563 0.503097
v -8.462265 2.119563 0.254638
v -8.475148 2.119563 0.291517
v -8.211345 2.119563 0.784586
v -8.173193 2.119563 0.792983
v -7.936951 2.119563 0.816677
v -8.118661 2.119563 0.799741
v -8.415250 2.119563 0.173339
v -7.852375 2.119563 0.830584
v -7.904176 2.119563 0.855111
v -8.095605 2.119563 0.848436
v -8.469757 2.119563 0.539488
v -8.483226 2.119563 0.324139
v -8.344106 2.119563 0.714204
v -8.414793 2.119563 0.640864
v -8.491501 2.119563 0.425623
v -8.444582 2.119563 0.219805
v -8.248036 2.119563 0.771181
v -7.936951 1.585724 0.816677
v -8.118661 1.585724 0.799741
v -8.415251 1.585724 0.173339
v -7.852375 1.585724 0.830584
v -7.904176 1.585724 0.855111
v -8.419657 1.585724 0.072453
v -8.469757 1.585724 0.539488
v -8.483226 1.585724 0.324139
v -8.344106 1.585724 0.714204
v -8.414793 1.585724 0.640864
v -8.491501 1.585724 0.425623
v -8.444582 1.585724 0.219805
v -8.248036 1.585724 0.771181
v -8.313194 1.585724 0.022045
v -8.270352 1.585724 -0.052192
v -8.322153 1.585724 -0.027665
v -8.438307 1.585724 0.124644
v -8.043413 1.585724 0.867085
v -8.455558 1.585724 0.575839
v -8.436437 1.585724 0.609861
v -8.489715 1.585724 0.362801
v -8.491957 1.585724 0.401939
v -8.312408 1.585724 0.737273
v -8.278390 1.585724 0.756755
v -8.390009 1.585724 0.671255
v -8.362137 1.585724 0.698842
v -8.487824 1.585724 0.464666
v -8.480022 1.585724 0.503097
v -8.462265 1.585724 0.254638
v -8.475148 1.585724 0.291517
v -8.211345 1.585724 0.784586
v -8.173193 1.585724 0.792983
v -7.936951 0.920496 0.816677
v -7.936951 0.647460 0.816677
v -7.936951 0.374425 0.816677
v -8.313194 0.374425 0.022045
v -8.313194 0.647460 0.022045
v -8.313194 0.920496 0.022045
v -8.118661 0.920496 0.799741
v -8.118661 0.647460 0.799741
v -8.118661 0.374425 0.799741
v -8.415251 0.920496 0.173339
v -8.415251 0.647460 0.173339
v -8.415251 0.374425 0.173339
v -8.270352 0.374425 -0.052192
v -8.270352 0.647460 -0.052192
v -8.270352 0.920496 -0.052192
v -7.852375 0.920496 0.830584
v -7.852375 0.647460 0.830584
v -7.852375 0.374425 0.830584
v -8.322153 0.374425 -0.027665
v -8.322153 0.920496 -0.027665
v -7.904176 0.647460 0.855111
v -8.095605 0.647460 0.848436
v -8.095605 0.374425 0.848436
v -8.043413 0.374425 0.867085
v -8.043413 0.647460 0.867085
v -8.043413 0.920496 0.867085
v -8.438307 0.647460 0.124644
v -8.438307 0.920496 0.124644
v -8.419657 0.374425 0.072453
v -8.469757 0.920496 0.539488
v -8.469757 0.647460 0.539488
v -8.469757 0.374425 0.539488
v -8.455558 0.374425 0.575839
v -8.455558 0.647460 0.575839
v -8.455558 0.920496 0.575839
v -8.436437 0.374425 0.609861
v -8.436437 0.647460 0.609861
v -8.436437 0.920496 0.609861
v -8.483226 0.920496 0.324139
v -8.483226 0.647460 0.324139
v -8.483226 0.374425 0.324139
v -8.489715 0.374425 0.362801
v -8.489715 0.647460 0.362801
v -8.489715 0.920496 0.362801
v -8.491957 0.374425 0.401939
v -8.491957 0.647460 0.401939
v -8.491957 0.920496 0.401939
v -8.344106 0.920496 0.714204
v -8.344106 0.647460 0.714204
v -8.344106 0.374425 0.714204
v -8.312408 0.374425 0.737273
v -8.312408 0.647460 0.737273
v -8.312408 0.920496 0.737273
v -8.278391 0.374425 0.756755
v -8.278391 0.647460 0.756755
v -8.278391 0.920496 0.756755
v -8.414793 0.920496 0.640864
v -8.414793 0.647460 0.640864
v -8.414793 0.374425 0.640864
v -8.390009 0.374425 0.671255
v -8.390009 0.647460 0.671255
v -8.390009 0.920496 0.671255
v -8.362137 0.374425 0.698842
v -8.362137 0.647460 0.698842
v -8.362137 0.920496 0.698842
v -8.491501 0.920496 0.425623
v -8.491501 0.647460 0.425623
v -8.491501 0.374425 0.425623
v -8.487824 0.374425 0.464666
v -8.487824 0.647460 0.464666
v -8.487824 0.920496 0.464666
v -8.480022 0.374425 0.503097
v -8.480022 0.647460 0.503098
v -8.480022 0.920496 0.503097
v -8.444582 0.920496 0.219805
v -8.444583 0.647460 0.219805
v -8.444582 0.374425 0.219805
v -8.462265 0.374425 0.254638
v -8.462265 0.647460 0.254638
v -8.462265 0.920496 0.254638
v -8.475148 0.374425 0.291517
v -8.475148 0.647460 0.291517
v -8.475148 0.920496 0.291517
v -8.248036 0.920496 0.771181
v -8.248036 0.647460 0.771181
v -8.248036 0.374425 0.771181
v -8.211345 0.374425 0.784586
v -8.211345 0.647460 0.784586
v -8.211345 0.920496 0.784586
v -8.173193 0.374425 0.792983
v -8.173193 0.647460 0.792983
v -8.173193 0.920496 0.792983
v -8.270352 1.829167 -0.052192
v -8.291571 1.852643 -0.042146
v -8.270352 1.876119 -0.052192
v -8.095605 1.876119 0.848436
v -8.105651 1.852643 0.827218
v -8.095605 1.829167 0.848436
v -8.073498 1.852643 0.856335
v -8.043413 2.143039 0.867085
v -8.065520 2.119563 0.859186
v -8.043413 2.096087 0.867085
v -8.022195 2.119563 0.857039
v -8.427556 2.119563 0.094560
v -8.419657 2.143039 0.072453
v -8.398439 2.119563 0.062406
v -8.419657 2.096087 0.072453
v -8.073498 1.585724 0.856335
v -8.095605 1.609200 0.848436
v -8.105651 1.585724 0.827218
v -8.095605 1.562248 0.848436
v -8.317989 0.647460 -0.004561
v -8.322153 0.670936 -0.027665
v -8.300936 0.647460 -0.037711
v -8.322153 0.623984 -0.027665
v -7.919409 0.920496 0.837248
v -7.904176 0.897020 0.855111
v -7.882958 0.920496 0.845064
v -7.904176 0.943972 0.855111
v -7.904176 0.350949 0.855111
v -7.882958 0.374425 0.845064
v -7.904176 0.397901 0.855111
v -7.919409 0.374425 0.837248
v -8.095605 0.943972 0.848436
v -8.105651 0.920496 0.827218
v -8.095605 0.897020 0.848436
v -8.073498 0.920496 0.856335
v -8.438307 0.350949 0.124644
v -8.428261 0.374425 0.145862
v -8.438307 0.397901 0.124644
v -8.430407 0.374425 0.102537
v -8.419657 0.943972 0.072453
v -8.398439 0.920496 0.062406
v -8.419657 0.897020 0.072453
v -8.427556 0.920496 0.094560
v -8.419657 0.670936 0.072453
v -8.398439 0.647460 0.062406
v -8.419657 0.623984 0.072453
v -8.427556 0.647460 0.094560
v -8.489926 1.965749 0.540268
v -8.499413 1.928928 0.504701
v -8.489621 1.892040 0.541350
v -8.453647 1.892040 0.524317
v -8.463439 1.928928 0.487668
v -8.453952 1.965749 0.523235
v -8.455667 1.892040 0.616164
v -8.434233 1.929003 0.647299
v -8.455123 1.965749 0.617133
v -8.419149 1.965749 0.600100
v -8.398258 1.929003 0.630266
v -8.419693 1.892040 0.599131
v -8.495014 1.956946 0.522231
v -8.506272 1.929913 0.468292
v -8.495014 1.903075 0.522231
v -8.459041 1.903075 0.505197
v -8.470298 1.929913 0.451259
v -8.459041 1.956946 0.505197
v -8.444522 1.903075 0.632560
v -8.411077 1.929913 0.675992
v -8.444522 1.956946 0.632560
v -8.408548 1.956946 0.615527
v -8.375104 1.929913 0.658959
v -8.408548 1.903075 0.615527
v -8.508656 1.958022 0.387965
v -8.508656 1.928928 0.387965
v -8.508656 1.899835 0.387965
v -8.472681 1.899835 0.370932
v -8.472681 1.928928 0.370932
v -8.472681 1.958022 0.370932
v -8.352491 1.899835 0.729708
v -8.352491 1.928928 0.729708
v -8.352491 1.958022 0.729708
v -8.316517 1.958022 0.712675
v -8.316517 1.928928 0.712675
v -8.316517 1.899835 0.712675
v -8.501519 1.963729 0.334481
v -8.499727 1.928903 0.326654
v -8.501519 1.894077 0.334481
v -8.465546 1.894077 0.317448
v -8.463753 1.928903 0.309621
v -8.465546 1.963729 0.317448
v -8.307874 1.894077 0.758688
v -8.301203 1.928903 0.762508
v -8.307874 1.963729 0.758688
v -8.271899 1.963729 0.741655
v -8.265229 1.928903 0.745475
v -8.271899 1.894077 0.741655
v -8.449886 1.957420 0.624876
v -8.422743 1.929420 0.661687
v -8.450208 1.901559 0.624416
v -8.414234 1.901559 0.607382
v -8.386769 1.929420 0.644654
v -8.413912 1.957421 0.607843
v -8.492318 1.901559 0.531790
v -8.503085 1.929420 0.486612
v -8.492471 1.957421 0.531249
v -8.456496 1.957420 0.514216
v -8.467111 1.929420 0.469579
v -8.456344 1.901559 0.514757
v -8.468283 2.002604 0.593718
v -8.475249 2.002604 0.579990
v -8.480862 2.002604 0.565622
v -8.444888 2.002604 0.548589
v -8.439276 2.002604 0.562957
v -8.432308 2.002604 0.576685
v -8.480571 1.855186 0.566368
v -8.475249 1.855186 0.579990
v -8.468675 1.855186 0.593020
v -8.432701 1.855186 0.575987
v -8.439276 1.855186 0.562957
v -8.444597 1.855186 0.549335
v -8.462567 2.113983 0.603887
v -8.475250 2.113983 0.579990
v -8.485106 2.113983 0.554755
v -8.449133 2.113983 0.537722
v -8.439276 2.113983 0.562957
v -8.426593 2.113983 0.586854
v -8.457352 2.168690 0.613167
v -8.475250 2.171805 0.579990
v -8.488677 2.168690 0.544696
v -8.452703 2.168690 0.527663
v -8.439276 2.171805 0.562957
v -8.421378 2.168690 0.596134
v -8.482675 1.711338 0.560981
v -8.475250 1.711338 0.579990
v -8.465842 1.711338 0.598060
v -8.429868 1.711338 0.581027
v -8.439276 1.711338 0.562957
v -8.446701 1.711338 0.543948
v -8.485524 1.654971 0.553686
v -8.475250 1.654971 0.579990
v -8.462006 1.654971 0.604887
v -8.426031 1.654971 0.587854
v -8.439276 1.654971 0.562957
v -8.449551 1.654971 0.536653
v -8.490232 1.600607 0.539187
v -8.475250 1.596384 0.579990
v -8.454579 1.600607 0.618099
v -8.418606 1.600607 0.601066
v -8.439276 1.596384 0.562957
v -8.454257 1.600607 0.522154
v -8.480979 2.035710 0.565323
v -8.475250 2.035710 0.579990
v -8.468125 2.035710 0.593998
v -8.432152 2.035711 0.576965
v -8.439276 2.035711 0.562957
v -8.445004 2.035711 0.548290
v -8.432902 2.019157 0.575629
v -8.439276 2.019157 0.562957
v -8.444448 2.019157 0.549717
v -8.480422 2.019157 0.566750
v -8.475250 2.019157 0.579990
v -8.468876 2.019157 0.592662
v -8.446968 1.965749 0.543264
v -8.439276 1.965749 0.562957
v -8.429508 1.965749 0.581668
v -8.453130 1.928895 0.526152
v -8.420617 1.928895 0.597487
v -8.446766 1.892040 0.543781
v -8.439276 1.892040 0.562957
v -8.429780 1.892040 0.581184
v -8.462899 1.976743 0.604440
v -8.475581 1.976743 0.580147
v -8.485568 1.976743 0.554579
v -8.451357 1.928895 0.624978
v -8.493567 1.928895 0.532362
v -8.463253 1.881046 0.603811
v -8.475581 1.881046 0.580147
v -8.485306 1.881046 0.555251
v -8.446682 1.928895 0.543996
v -8.439276 1.906261 0.562957
v -8.429893 1.928895 0.580982
v -8.439276 1.951528 0.562957
v -8.439276 1.959480 0.562957
v -8.449285 1.928895 0.537334
v -8.439276 1.898309 0.562957
v -8.426390 1.928895 0.587217
v -8.439276 1.959480 0.562957
v -8.449285 1.928895 0.537334
v -8.439276 1.898309 0.562957
v -8.426390 1.928895 0.587217
v -8.439276 1.951528 0.562957
v -8.446682 1.928895 0.543996
v -8.439276 1.906261 0.562957
v -8.429893 1.928895 0.580982
v -8.442534 1.928895 0.554614
v -8.439276 1.918936 0.562957
v -8.435478 1.928895 0.571045
v -8.439276 1.938853 0.562957
v -8.485225 1.863397 0.554453
v -8.485892 1.860793 0.552744
v -8.485697 1.861556 0.553245
v -8.449246 1.863374 0.537432
v -8.449918 1.860793 0.535711
v -8.449721 1.861549 0.536215
v -8.486136 1.998382 0.552118
v -8.486475 2.002604 0.551254
v -8.486376 2.001367 0.551507
v -8.450500 2.002604 0.534221
v -8.450163 1.998382 0.535085
v -8.450401 2.001367 0.534474
v -8.462408 1.863397 0.604172
v -8.461509 1.860793 0.605770
v -8.461772 1.861556 0.605302
v -8.425535 1.860793 0.588737
v -8.426440 1.863374 0.587127
v -8.425800 1.861549 0.588265
v -8.461180 1.998382 0.606356
v -8.460725 2.002604 0.607165
v -8.460858 2.001367 0.606928
v -8.424751 2.002604 0.590132
v -8.425205 1.998382 0.589323
v -8.424884 2.001367 0.589895
v -8.457220 2.113983 0.511649
v -8.455963 2.113983 0.516106
v -8.456852 2.113983 0.512954
v -8.491938 2.113983 0.533139
v -8.493195 2.113983 0.528682
v -8.492826 2.113983 0.529988
v -8.451011 2.113983 0.623266
v -8.448360 2.113983 0.627062
v -8.449137 2.113983 0.625950
v -8.412386 2.113983 0.610029
v -8.415036 2.113983 0.606233
v -8.413162 2.113983 0.608917
v -8.495014 1.978578 0.522231
v -8.495014 1.983881 0.522231
v -8.495014 1.982328 0.522231
v -8.495014 1.881463 0.522231
v -8.495014 1.876140 0.522231
v -8.495014 1.877699 0.522231
v -8.459041 1.881465 0.505197
v -8.459041 1.876140 0.505197
v -8.459041 1.877700 0.505197
v -8.459041 1.978578 0.505197
v -8.459041 1.983881 0.505197
v -8.459041 1.982328 0.505197
v -8.408548 1.983881 0.615527
v -8.408548 1.978578 0.615527
v -8.408548 1.982328 0.615527
v -8.444522 1.978578 0.632560
v -8.444522 1.983881 0.632560
v -8.444522 1.982328 0.632560
v -8.444522 1.881463 0.632560
v -8.444522 1.876140 0.632560
v -8.444522 1.877699 0.632560
v -8.408548 1.876140 0.615527
v -8.408548 1.881465 0.615527
v -8.408548 1.877700 0.615527
v -8.508656 1.975136 0.387965
v -8.508656 1.979749 0.387965
v -8.508656 1.978398 0.387965
v -8.508656 1.878108 0.387965
v -8.508656 1.882735 0.387965
v -8.508656 1.879463 0.387965
v -8.472681 1.882737 0.370932
v -8.472681 1.878108 0.370932
v -8.472681 1.879464 0.370932
v -8.472681 1.979749 0.370932
v -8.472681 1.975136 0.370932
v -8.472681 1.978398 0.370932
v -8.316517 1.975136 0.712675
v -8.316517 1.979749 0.712675
v -8.316517 1.978398 0.712675
v -8.352491 1.979749 0.729708
v -8.352491 1.975136 0.729708
v -8.352491 1.978398 0.729708
v -8.352491 1.882735 0.729708
v -8.352491 1.878108 0.729708
v -8.352491 1.879463 0.729708
v -8.316517 1.878108 0.712675
v -8.316517 1.882737 0.712675
v -8.316517 1.879464 0.712675
v -8.503773 1.990756 0.347908
v -8.504196 1.995834 0.350430
v -8.504072 1.994346 0.349692
v -8.504196 1.861972 0.350430
v -8.503772 1.867064 0.347901
v -8.504072 1.863464 0.349689
v -8.467797 1.867067 0.330866
v -8.468222 1.861972 0.333397
v -8.468098 1.863464 0.332656
v -8.468222 1.995834 0.333397
v -8.467798 1.990756 0.330875
v -8.468098 1.994346 0.332658
v -8.283713 1.990756 0.734889
v -8.285933 1.995834 0.733618
v -8.285283 1.994346 0.733990
v -8.321907 1.995834 0.750651
v -8.319688 1.990756 0.751922
v -8.321258 1.994346 0.751023
v -8.319681 1.867064 0.751925
v -8.321907 1.861972 0.750651
v -8.321256 1.863464 0.751024
v -8.285933 1.861972 0.733618
v -8.283707 1.867067 0.734893
v -8.285281 1.863464 0.733991
v -8.461720 2.158301 0.495700
v -8.462804 2.156748 0.490794
v -8.462510 2.157203 0.492242
v -8.498778 2.156748 0.507827
v -8.497694 2.158301 0.512733
v -8.498484 2.157203 0.509275
v -8.438874 2.158301 0.640651
v -8.436030 2.156748 0.644723
v -8.436863 2.157203 0.643530
v -8.400057 2.156748 0.627690
v -8.402900 2.158301 0.623618
v -8.400889 2.157203 0.626497
v -8.488470 1.711338 0.545430
v -8.489523 1.711338 0.541699
v -8.489214 1.711338 0.542792
v -8.453548 1.711338 0.524666
v -8.452495 1.711338 0.528401
v -8.453239 1.711338 0.525760
v -8.421749 1.711338 0.595474
v -8.419869 1.711338 0.598817
v -8.420420 1.711338 0.597838
v -8.455844 1.711338 0.615851
v -8.457721 1.711338 0.612510
v -8.456393 1.711338 0.614872
v -8.492607 1.654971 0.530766
v -8.493825 1.654971 0.526448
v -8.493468 1.654971 0.527713
v -8.457850 1.654971 0.509415
v -8.456631 1.654971 0.513738
v -8.457494 1.654971 0.510681
v -8.413629 1.654971 0.608250
v -8.411057 1.654971 0.611933
v -8.411810 1.654971 0.610854
v -8.447031 1.654971 0.628966
v -8.449599 1.654971 0.625288
v -8.447783 1.654971 0.627889
v -8.498612 1.613155 0.508643
v -8.499594 1.615081 0.503810
v -8.499307 1.614517 0.505225
v -8.463619 1.615081 0.486777
v -8.462637 1.613153 0.491617
v -8.463332 1.614516 0.488194
v -8.400530 1.613153 0.627013
v -8.397746 1.615081 0.631000
v -8.398561 1.614516 0.629832
v -8.433720 1.615081 0.648033
v -8.436500 1.613155 0.644052
v -8.434534 1.614517 0.646867
v -8.426049 2.035711 0.587823
v -8.424437 2.035711 0.590692
v -8.424909 2.035711 0.589852
v -8.450734 2.035711 0.533622
v -8.449536 2.035711 0.536688
v -8.450383 2.035711 0.534520
v -8.485511 2.035710 0.553721
v -8.486709 2.035710 0.550655
v -8.486358 2.035710 0.551553
v -8.460410 2.035710 0.607725
v -8.462023 2.035710 0.604856
v -8.460882 2.035710 0.606885
v -8.458024 2.176492 0.508800
v -8.457623 2.182086 0.510219
v -8.457741 2.180448 0.509803
v -8.493999 2.176492 0.525833
v -8.493598 2.182086 0.527252
v -8.493715 2.180448 0.526836
v -8.446666 2.176492 0.629490
v -8.447510 2.182086 0.628281
v -8.447263 2.180448 0.628635
v -8.410691 2.176492 0.612457
v -8.411535 2.182086 0.611248
v -8.411288 2.180448 0.611602
v -8.502635 1.986129 0.341125
v -8.501653 1.985744 0.335275
v -8.501941 1.985856 0.336988
v -8.502633 1.871693 0.341115
v -8.501653 1.872062 0.335275
v -8.501940 1.871954 0.336986
v -8.466659 1.871695 0.324081
v -8.465679 1.872062 0.318242
v -8.465966 1.871955 0.319952
v -8.466660 1.986129 0.324092
v -8.465679 1.985744 0.318242
v -8.465966 1.985856 0.319955
v -8.277745 1.986129 0.738307
v -8.272598 1.985744 0.741255
v -8.274106 1.985856 0.740391
v -8.313720 1.986129 0.755340
v -8.308573 1.985744 0.758288
v -8.310080 1.985856 0.757424
v -8.313711 1.871693 0.755345
v -8.308573 1.872062 0.758288
v -8.310078 1.871954 0.757426
v -8.277736 1.871695 0.738312
v -8.272598 1.872062 0.741255
v -8.274103 1.871955 0.740393
v -8.497385 1.604798 0.513828
v -8.497667 1.600486 0.512827
v -8.497584 1.601749 0.513120
v -8.461443 1.605013 0.496680
v -8.461693 1.600486 0.495794
v -8.461619 1.601812 0.496053
v -8.403483 1.605013 0.622782
v -8.402956 1.600486 0.623538
v -8.403111 1.601812 0.623316
v -8.439526 1.604798 0.639718
v -8.438930 1.600486 0.640571
v -8.439104 1.601749 0.640321
v -8.448614 2.019157 0.539050
v -8.449619 2.019157 0.536476
v -8.449325 2.019157 0.537230
v -8.485594 2.019157 0.553509
v -8.484589 2.019157 0.556083
v -8.485299 2.019157 0.554263
v -8.427291 2.019157 0.585612
v -8.425938 2.019157 0.588021
v -8.426333 2.019157 0.587316
v -8.461911 2.019157 0.605054
v -8.463265 2.019157 0.602645
v -8.462308 2.019157 0.604349
v -8.414364 1.878932 0.607196
v -8.414394 1.873628 0.607152
v -8.414386 1.875181 0.607165
v -8.413782 1.980098 0.608030
v -8.413752 1.985351 0.608074
v -8.413760 1.983813 0.608061
v -8.449725 1.985351 0.625107
v -8.449756 1.980098 0.625063
v -8.449735 1.983813 0.625094
v -8.450369 1.873628 0.624185
v -8.450338 1.878928 0.624229
v -8.450360 1.875180 0.624198
v -8.492546 1.985351 0.530979
v -8.492533 1.980098 0.531030
v -8.492542 1.983813 0.530994
v -8.456573 1.985351 0.513946
v -8.456558 1.980098 0.513997
v -8.456569 1.983813 0.513961
v -8.456267 1.873628 0.515028
v -8.456282 1.878932 0.514976
v -8.456271 1.875181 0.515012
v -8.492242 1.873628 0.532061
v -8.492256 1.878928 0.532009
v -8.492246 1.875180 0.532046
v -8.499425 1.960241 0.325434
v -8.497535 1.957323 0.317801
v -8.498089 1.958178 0.320037
v -8.497137 1.928903 0.316193
v -8.495465 1.928903 0.309443
v -8.495955 1.928903 0.311420
v -8.497535 1.900483 0.317801
v -8.499425 1.897565 0.325434
v -8.498089 1.899628 0.320036
v -8.463451 1.897565 0.308401
v -8.461561 1.900483 0.300768
v -8.462114 1.899628 0.303003
v -8.461163 1.928903 0.299160
v -8.459491 1.928903 0.292409
v -8.459981 1.928903 0.294387
v -8.461561 1.957323 0.300768
v -8.463451 1.960241 0.308401
v -8.462114 1.958178 0.303003
v -8.300174 1.897565 0.763098
v -8.293462 1.900483 0.766657
v -8.295542 1.899628 0.765669
v -8.291965 1.928903 0.767369
v -8.285685 1.928903 0.770353
v -8.287524 1.928903 0.769479
v -8.293462 1.957323 0.766657
v -8.300174 1.960241 0.763098
v -8.295542 1.958178 0.765669
v -8.264199 1.960241 0.746065
v -8.257487 1.957323 0.749624
v -8.259568 1.958178 0.748636
v -8.255991 1.928903 0.750336
v -8.249710 1.928903 0.753320
v -8.251550 1.928903 0.752446
v -8.257487 1.900483 0.749624
v -8.264199 1.897565 0.746065
v -8.259568 1.899628 0.748636
v -8.460772 2.187830 0.607082
v -8.462208 2.194029 0.604527
v -8.461787 2.192213 0.605276
v -8.475250 2.191294 0.579990
v -8.475250 2.197144 0.579990
v -8.475250 2.195431 0.579990
v -8.485374 2.194029 0.554071
v -8.486441 2.187830 0.551341
v -8.485686 2.192213 0.553271
v -8.450466 2.187830 0.534308
v -8.449400 2.194029 0.537038
v -8.449713 2.192213 0.536238
v -8.439276 2.191294 0.562957
v -8.439276 2.197144 0.562957
v -8.439276 2.195431 0.562957
v -8.426233 2.194029 0.587494
v -8.424797 2.187830 0.590049
v -8.425813 2.192213 0.588243
v -8.488931 1.592140 0.543797
v -8.487989 1.586012 0.547133
v -8.488265 1.587807 0.546156
v -8.475250 1.587505 0.579990
v -8.475250 1.581789 0.579990
v -8.475250 1.583463 0.579990
v -8.458578 1.586012 0.610985
v -8.456900 1.592140 0.613972
v -8.458086 1.587807 0.611860
v -8.420872 1.592336 0.597034
v -8.422604 1.586012 0.593952
v -8.422096 1.587864 0.594855
v -8.439276 1.587667 0.562957
v -8.439276 1.581789 0.562957
v -8.439276 1.583511 0.562957
v -8.452016 1.586012 0.530100
v -8.452987 1.592336 0.526658
v -8.452300 1.587864 0.529092
v -8.507637 1.953383 0.453796
v -8.509662 1.929421 0.425120
v -8.507637 1.905458 0.453796
v -8.471663 1.905458 0.436763
v -8.473687 1.929421 0.408087
v -8.471663 1.953383 0.436763
v -8.507637 1.969767 0.453796
v -8.507637 1.972743 0.453796
v -8.507637 1.973975 0.453796
v -8.471663 1.969767 0.436763
v -8.471663 1.972743 0.436763
v -8.471663 1.973975 0.436763
v -8.471663 1.889091 0.436763
v -8.471663 1.886104 0.436763
v -8.471663 1.884867 0.436763
v -8.507637 1.889089 0.453796
v -8.507637 1.886103 0.453796
v -8.507637 1.884867 0.453796
v -8.365252 1.953383 0.669438
v -8.345001 1.929421 0.689483
v -8.365252 1.905458 0.669438
v -8.401227 1.905458 0.686471
v -8.380975 1.929421 0.706516
v -8.401227 1.953383 0.686471
v -8.401227 1.889089 0.686471
v -8.401227 1.886103 0.686471
v -8.401227 1.884867 0.686471
v -8.365252 1.889091 0.669438
v -8.365252 1.886104 0.669438
v -8.365252 1.884867 0.669438
v -8.401227 1.973975 0.686471
v -8.401227 1.972743 0.686471
v -8.401227 1.969767 0.686471
v -8.365252 1.973975 0.669438
v -8.365252 1.972743 0.669438
v -8.365252 1.969767 0.669438
v -8.466563 2.065426 0.596777
v -8.475250 2.065426 0.579990
v -8.482140 2.065426 0.562352
v -8.446165 2.065426 0.545319
v -8.439276 2.065426 0.562957
v -8.430589 2.065426 0.579744
v -8.421311 2.065426 0.596252
v -8.421810 2.065426 0.595364
v -8.423016 2.065426 0.593220
v -8.458990 2.065426 0.610253
v -8.457785 2.065426 0.612397
v -8.457286 2.065426 0.613285
v -8.452740 2.065426 0.527532
v -8.452460 2.065426 0.528524
v -8.451785 2.065426 0.530918
v -8.487759 2.065426 0.547952
v -8.488434 2.065426 0.545557
v -8.488714 2.065426 0.544565
v -8.431370 1.775963 0.578355
v -8.439276 1.775963 0.562957
v -8.445585 1.775963 0.546803
v -8.481560 1.775963 0.563836
v -8.475250 1.775963 0.579990
v -8.467344 1.775963 0.595388
v -8.486807 1.776774 0.550403
v -8.487558 1.776200 0.548479
v -8.487839 1.775963 0.547668
v -8.450830 1.776767 0.533377
v -8.451583 1.776198 0.531448
v -8.451864 1.775963 0.530635
v -8.458847 1.775963 0.610507
v -8.459266 1.776200 0.609761
v -8.460278 1.776774 0.607961
v -8.422873 1.775963 0.593473
v -8.423293 1.776198 0.592726
v -8.424308 1.776767 0.590921
v -8.460733 1.928895 0.606434
v -8.475535 1.895310 0.580125
v -8.485693 1.928895 0.551676
v -8.475535 1.962479 0.580125
v -8.475535 1.970167 0.580125
v -8.457876 1.928895 0.612701
v -8.475535 1.887622 0.580125
v -8.488550 1.928895 0.545408
v -8.483048 1.970167 0.583550
v -8.465389 1.928895 0.616126
v -8.483048 1.887622 0.583550
v -8.496062 1.928895 0.548833
v -8.483048 1.962479 0.583549
v -8.468246 1.928895 0.609858
v -8.483048 1.895310 0.583549
v -8.493205 1.928895 0.555101
v -8.489276 1.928895 0.605496
v -8.496831 1.909123 0.590046
v -8.503654 1.928895 0.574364
v -8.496831 1.948666 0.590046
v -8.549954 0.032581 0.627095
v -8.559108 0.039532 0.607761
v -8.559108 0.062024 0.607761
v -8.549954 0.068975 0.627095
v -8.544296 0.050778 0.639044
v -8.563171 0.050778 0.626811
v -8.535131 0.044168 0.636045
v -8.535131 0.057388 0.636045
v -8.543838 0.029386 0.617657
v -8.538457 0.033472 0.629021
v -8.552544 0.044168 0.599269
v -8.549218 0.033472 0.606293
v -8.549218 0.068084 0.606293
v -8.552544 0.057388 0.599269
v -8.538457 0.068084 0.629021
v -8.543838 0.072170 0.617657
v -8.547702 0.040082 0.635775
v -8.556409 0.033472 0.617388
v -8.561790 0.050778 0.606024
v -8.556409 0.068084 0.617388
v -8.547702 0.061474 0.635775
v -8.558797 0.040082 0.628585
v -8.555471 0.050778 0.635609
v -8.564178 0.044168 0.617221
v -8.564178 0.057388 0.617221
v -8.558797 0.061474 0.628585
v -8.561123 0.032581 0.214811
v -8.551167 0.039532 0.195877
v -8.551167 0.062024 0.195877
v -8.561123 0.068975 0.214811
v -8.567275 0.050778 0.226513
v -8.568837 0.050778 0.204075
v -8.559371 0.044168 0.232037
v -8.559371 0.057388 0.232037
v -8.549903 0.029386 0.214030
v -8.555755 0.033472 0.225159
v -8.540436 0.044168 0.196022
v -8.544052 0.033472 0.202900
v -8.544052 0.068084 0.202900
v -8.540436 0.057388 0.196022
v -8.555755 0.068084 0.225159
v -8.549903 0.072170 0.214030
v -8.566709 0.040082 0.221827
v -8.557241 0.033472 0.203819
v -8.551390 0.050778 0.192690
v -8.557241 0.068084 0.203819
v -8.566709 0.061474 0.221827
v -8.567627 0.040082 0.208638
v -8.571243 0.050778 0.215516
v -8.561776 0.044168 0.197509
v -8.561776 0.057388 0.197509
v -8.567627 0.061474 0.208638
v -8.233804 0.032581 0.887490
v -8.254655 0.039532 0.882715
v -8.254655 0.062024 0.882715
v -8.233804 0.068975 0.887490
v -8.220916 0.050778 0.890441
v -8.242207 0.050778 0.897697
v -8.217600 0.044168 0.881386
v -8.217600 0.057388 0.881386
v -8.237431 0.029386 0.876845
v -8.225175 0.033472 0.879651
v -8.257262 0.044168 0.872303
v -8.249687 0.033472 0.874038
v -8.249687 0.068084 0.874038
v -8.257262 0.057388 0.872303
v -8.225175 0.068084 0.879651
v -8.237431 0.072170 0.876845
v -8.225592 0.040082 0.891093
v -8.245422 0.033472 0.886552
v -8.257679 0.050778 0.883745
v -8.245422 0.068084 0.886552
v -8.225592 0.061474 0.891093
v -8.238106 0.040082 0.895358
v -8.230531 0.050778 0.897093
v -8.250361 0.044168 0.892551
v -8.250361 0.057388 0.892551
v -8.238106 0.061474 0.895358
v -8.596736 0.032581 0.417080
v -8.596883 0.039532 0.395689
v -8.596883 0.062024 0.395689
v -8.596736 0.068975 0.417080
v -8.596645 0.050778 0.430300
v -8.608602 0.050778 0.411249
v -8.587071 0.044168 0.431446
v -8.587071 0.057388 0.431446
v -8.587211 0.029386 0.411102
v -8.587124 0.033472 0.423676
v -8.587350 0.044168 0.390758
v -8.587296 0.033472 0.398529
v -8.587296 0.068084 0.398529
v -8.587350 0.057388 0.390758
v -8.587124 0.068084 0.423676
v -8.587211 0.072170 0.411102
v -8.598355 0.040082 0.425900
v -8.598495 0.033472 0.405556
v -8.598581 0.050778 0.392983
v -8.598495 0.068084 0.405556
v -8.598355 0.061474 0.425900
v -8.605383 0.040082 0.414702
v -8.605330 0.050778 0.422473
v -8.605469 0.044168 0.402129
v -8.605469 0.057388 0.402129
v -8.605383 0.061474 0.414702
v -8.406573 0.032581 0.799216
v -8.422514 0.039532 0.784950
v -8.422514 0.062024 0.784950
v -8.406573 0.068975 0.799216
v -8.396722 0.050778 0.808033
v -8.418865 0.050778 0.804084
v -8.389440 0.044168 0.801712
v -8.389440 0.057388 0.801712
v -8.404599 0.029386 0.788144
v -8.395230 0.033472 0.796530
v -8.419759 0.044168 0.774576
v -8.413969 0.033472 0.779759
v -8.413969 0.068084 0.779759
v -8.419759 0.057388 0.774576
v -8.395230 0.068084 0.796530
v -8.404599 0.072170 0.788144
v -8.401130 0.040082 0.806342
v -8.416289 0.033472 0.792774
v -8.425659 0.050778 0.784389
v -8.416289 0.068084 0.792774
v -8.401130 0.061474 0.806342
v -8.414145 0.040082 0.804021
v -8.408355 0.050778 0.809204
v -8.423514 0.044168 0.795636
v -8.423514 0.057388 0.795636
v -8.414145 0.061474 0.804021
v -8.510588 0.032581 0.028953
v -8.496649 0.039532 0.012726
v -8.496649 0.062024 0.012726
v -8.510588 0.068974 0.028953
v -8.519202 0.050778 0.038982
v -8.515705 0.050778 0.016763
v -8.512734 0.044168 0.046135
v -8.512734 0.057388 0.046135
v -8.499478 0.029386 0.030702
v -8.507671 0.033472 0.040240
v -8.486221 0.044168 0.015269
v -8.491285 0.033472 0.021164
v -8.491285 0.068084 0.021164
v -8.486221 0.057388 0.015269
v -8.507671 0.068084 0.040240
v -8.499478 0.072169 0.030702
v -8.517602 0.040082 0.034541
v -8.504345 0.033472 0.019108
v -8.496152 0.050778 0.009570
v -8.504345 0.068084 0.019108
v -8.517602 0.061474 0.034541
v -8.515546 0.040082 0.021481
v -8.520610 0.050778 0.027376
v -8.507353 0.044168 0.011943
v -8.507353 0.057388 0.011943
v -8.515546 0.061473 0.021481
v -8.056619 0.032581 0.966301
v -8.077937 0.039532 0.964541
v -8.077937 0.062024 0.964541
v -8.056619 0.068974 0.966301
v -8.043443 0.050778 0.967389
v -8.063484 0.050778 0.977599
v -8.041448 0.044168 0.957955
v -8.041448 0.057388 0.957955
v -8.061724 0.029386 0.956280
v -8.049192 0.033472 0.957315
v -8.081999 0.044168 0.954606
v -8.074255 0.033472 0.955245
v -8.074255 0.068084 0.955245
v -8.081999 0.057388 0.954606
v -8.049192 0.068084 0.957315
v -8.061724 0.072169 0.956280
v -8.047977 0.040082 0.968700
v -8.068254 0.033472 0.967026
v -8.080784 0.050778 0.965991
v -8.068254 0.068084 0.967026
v -8.047977 0.061474 0.968700
v -8.059757 0.040082 0.974701
v -8.052013 0.050778 0.975341
v -8.072289 0.044168 0.973667
v -8.072289 0.057388 0.973667
v -8.059757 0.061473 0.974701
v -8.339880 0.032581 -0.082533
v -8.320546 0.039532 -0.091687
v -8.320546 0.062024 -0.091687
v -8.339880 0.068974 -0.082533
v -8.351830 0.050778 -0.076875
v -8.339597 0.050778 -0.095750
v -8.348830 0.044168 -0.067710
v -8.348830 0.057388 -0.067710
v -8.330442 0.029386 -0.076416
v -8.341806 0.033472 -0.071036
v -8.312055 0.044168 -0.085123
v -8.319078 0.033472 -0.081797
v -8.319078 0.068084 -0.081797
v -8.312055 0.057388 -0.085123
v -8.341806 0.068084 -0.071036
v -8.330442 0.072169 -0.076416
v -8.348560 0.040082 -0.080281
v -8.330173 0.033472 -0.088987
v -8.318809 0.050778 -0.094368
v -8.330173 0.068084 -0.088987
v -8.348560 0.061474 -0.080281
v -8.341371 0.040082 -0.091376
v -8.348394 0.050778 -0.088050
v -8.330007 0.044168 -0.096756
v -8.330007 0.057388 -0.096756
v -8.341371 0.061473 -0.091376
v -7.855661 0.032581 0.895204
v -7.874995 0.039532 0.904358
v -7.874995 0.062024 0.904358
v -7.855661 0.068974 0.895204
v -7.843712 0.050778 0.889546
v -7.855944 0.050778 0.908421
v -7.846711 0.044168 0.880381
v -7.846711 0.057388 0.880381
v -7.865098 0.029386 0.889087
v -7.853734 0.033472 0.883707
v -7.883486 0.044168 0.897794
v -7.876463 0.033472 0.894468
v -7.876463 0.068084 0.894468
v -7.883486 0.057388 0.897794
v -7.853734 0.068084 0.883707
v -7.865098 0.072169 0.889087
v -7.846981 0.040082 0.892952
v -7.865368 0.033472 0.901658
v -7.876732 0.050778 0.907039
v -7.865368 0.068084 0.901658
v -7.846981 0.061474 0.892952
v -7.854171 0.040082 0.904047
v -7.847147 0.050778 0.900721
v -7.865535 0.044168 0.909428
v -7.865535 0.057388 0.909428
v -7.854171 0.061473 0.904047
v -8.549953 1.236986 0.627095
v -8.559108 1.243936 0.607761
v -8.559108 1.266429 0.607761
v -8.549953 1.273379 0.627095
v -8.544296 1.255183 0.639044
v -8.563171 1.255183 0.626811
v -8.535131 1.248572 0.636045
v -8.535131 1.261793 0.636045
v -8.543838 1.233791 0.617657
v -8.538457 1.237876 0.629021
v -8.552544 1.248572 0.599269
v -8.549218 1.237876 0.606293
v -8.549218 1.272489 0.606293
v -8.552544 1.261793 0.599269
v -8.538457 1.272489 0.629021
v -8.543838 1.276574 0.617657
v -8.547702 1.244487 0.635775
v -8.556409 1.237876 0.617388
v -8.561790 1.255183 0.606023
v -8.556409 1.272489 0.617388
v -8.547702 1.265878 0.635775
v -8.558797 1.244487 0.628585
v -8.555471 1.255183 0.635609
v -8.564178 1.248572 0.617221
v -8.564178 1.261793 0.617221
v -8.558797 1.265878 0.628585
v -8.561122 1.236986 0.214811
v -8.551167 1.243936 0.195877
v -8.551167 1.266429 0.195877
v -8.561122 1.273379 0.214811
v -8.567275 1.255182 0.226513
v -8.568837 1.255182 0.204075
v -8.559371 1.248572 0.232037
v -8.559371 1.261793 0.232037
v -8.549903 1.233791 0.214030
v -8.555755 1.237876 0.225159
v -8.540436 1.248572 0.196022
v -8.544052 1.237876 0.202900
v -8.544052 1.272489 0.202900
v -8.540436 1.261793 0.196022
v -8.555755 1.272489 0.225159
v -8.549903 1.276574 0.214030
v -8.566709 1.244487 0.221827
v -8.557241 1.237876 0.203819
v -8.551390 1.255182 0.192690
v -8.557241 1.272489 0.203819
v -8.566709 1.265878 0.221827
v -8.567627 1.244487 0.208638
v -8.571243 1.255182 0.215516
v -8.561776 1.248572 0.197509
v -8.561776 1.261793 0.197509
v -8.567627 1.265878 0.208638
v -8.233803 1.236986 0.887490
v -8.254655 1.243936 0.882715
v -8.254655 1.266429 0.882715
v -8.233803 1.273379 0.887490
v -8.220916 1.255183 0.890441
v -8.242206 1.255183 0.897696
v -8.217600 1.248572 0.881386
v -8.217600 1.261793 0.881386
v -8.237431 1.233791 0.876845
v -8.225175 1.237876 0.879651
v -8.257262 1.248572 0.872303
v -8.249687 1.237876 0.874038
v -8.249687 1.272489 0.874038
v -8.257262 1.261793 0.872303
v -8.225175 1.272489 0.879651
v -8.237431 1.276574 0.876845
v -8.225592 1.244487 0.891093
v -8.245422 1.237876 0.886552
v -8.257679 1.255183 0.883745
v -8.245422 1.272489 0.886552
v -8.225592 1.265878 0.891093
v -8.238106 1.244487 0.895358
v -8.230531 1.255183 0.897093
v -8.250361 1.248572 0.892551
v -8.250361 1.261793 0.892551
v -8.238106 1.265878 0.895358
v -8.596736 1.236986 0.417080
v -8.596883 1.243936 0.395689
v -8.596883 1.266429 0.395689
v -8.596736 1.273379 0.417080
v -8.596645 1.255182 0.430300
v -8.608602 1.255182 0.411249
v -8.587071 1.248572 0.431446
v -8.587071 1.261793 0.431446
v -8.587211 1.233791 0.411102
v -8.587124 1.237876 0.423676
v -8.587350 1.248572 0.390758
v -8.587296 1.237876 0.398529
v -8.587296 1.272489 0.398529
v -8.587350 1.261793 0.390758
v -8.587124 1.272489 0.423676
v -8.587211 1.276574 0.411102
v -8.598355 1.244487 0.425900
v -8.598495 1.237876 0.405556
v -8.598581 1.255182 0.392983
v -8.598495 1.272489 0.405556
v -8.598355 1.265878 0.425900
v -8.605383 1.244487 0.414702
v -8.605330 1.255182 0.422473
v -8.605469 1.248572 0.402129
v -8.605469 1.261793 0.402129
v -8.605383 1.265878 0.414702
v -8.406573 1.236986 0.799216
v -8.422514 1.243936 0.784950
v -8.422514 1.266429 0.784950
v -8.406573 1.273379 0.799216
v -8.396722 1.255182 0.808033
v -8.418865 1.255182 0.804084
v -8.389440 1.248572 0.801712
v -8.389440 1.261793 0.801712
v -8.404599 1.233791 0.788144
v -8.395230 1.237876 0.796530
v -8.419759 1.248572 0.774576
v -8.413968 1.237876 0.779759
v -8.413968 1.272489 0.779759
v -8.419759 1.261793 0.774576
v -8.395230 1.272489 0.796530
v -8.404599 1.276574 0.788144
v -8.401130 1.244487 0.806342
v -8.416289 1.237876 0.792774
v -8.425658 1.255182 0.784389
v -8.416289 1.272489 0.792774
v -8.401130 1.265878 0.806342
v -8.414145 1.244487 0.804021
v -8.408355 1.255182 0.809204
v -8.423514 1.248572 0.795636
v -8.423514 1.261793 0.795636
v -8.414145 1.265878 0.804021
v -8.510588 1.236986 0.028953
v -8.496649 1.243936 0.012726
v -8.496649 1.266429 0.012726
v -8.510588 1.273379 0.028953
v -8.519202 1.255183 0.038982
v -8.515705 1.255183 0.016763
v -8.512734 1.248572 0.046134
v -8.512734 1.261793 0.046134
v -8.499478 1.233791 0.030702
v -8.507671 1.237876 0.040240
v -8.486221 1.248572 0.015269
v -8.491285 1.237876 0.021164
v -8.491285 1.272489 0.021164
v -8.486221 1.261793 0.015269
v -8.507671 1.272489 0.040240
v -8.499478 1.276574 0.030702
v -8.517602 1.244487 0.034541
v -8.504345 1.237876 0.019108
v -8.496152 1.255183 0.009570
v -8.504345 1.272489 0.019108
v -8.517602 1.265878 0.034541
v -8.515546 1.244487 0.021481
v -8.520609 1.255183 0.027376
v -8.507353 1.248572 0.011943
v -8.507353 1.261793 0.011943
v -8.515546 1.265878 0.021481
v -8.056619 1.236986 0.966301
v -8.077937 1.243936 0.964540
v -8.077937 1.266429 0.964540
v -8.056619 1.273379 0.966301
v -8.043443 1.255183 0.967389
v -8.063484 1.255183 0.977599
v -8.041448 1.248572 0.957955
v -8.041448 1.261793 0.957955
v -8.061724 1.233791 0.956280
v -8.049192 1.237876 0.957315
v -8.081999 1.248572 0.954606
v -8.074254 1.237876 0.955245
v -8.074254 1.272489 0.955245
v -8.081999 1.261793 0.954606
v -8.049192 1.272489 0.957315
v -8.061724 1.276574 0.956280
v -8.047977 1.244487 0.968700
v -8.068254 1.237876 0.967026
v -8.080784 1.255183 0.965991
v -8.068254 1.272489 0.967026
v -8.047977 1.265878 0.968700
v -8.059757 1.244487 0.974701
v -8.052013 1.255183 0.975341
v -8.072289 1.248572 0.973666
v -8.072289 1.261793 0.973666
v -8.059757 1.265878 0.974701
v -8.339880 1.236986 -0.082533
v -8.320546 1.243936 -0.091687
v -8.320546 1.266429 -0.091687
v -8.339880 1.273379 -0.082533
v -8.351830 1.255183 -0.076875
v -8.339597 1.255183 -0.095750
v -8.348830 1.248572 -0.067710
v -8.348830 1.261793 -0.067710
v -8.330442 1.233791 -0.076416
v -8.341806 1.237876 -0.071036
v -8.312055 1.248572 -0.085123
v -8.319078 1.237876 -0.081797
v -8.319078 1.272489 -0.081797
v -8.312055 1.261793 -0.085123
v -8.341806 1.272489 -0.071036
v -8.330442 1.276574 -0.076416
v -8.348560 1.244487 -0.080281
v -8.330173 1.237876 -0.088987
v -8.318809 1.255183 -0.094368
v -8.330173 1.272489 -0.088987
v -8.348560 1.265878 -0.080281
v -8.341371 1.244487 -0.091376
v -8.348394 1.255183 -0.088050
v -8.330007 1.248572 -0.096756
v -8.330007 1.261793 -0.096756
v -8.341371 1.265878 -0.091376
v -7.855661 1.236986 0.895204
v -7.874995 1.243936 0.904358
v -7.874995 1.266429 0.904358
v -7.855661 1.273379 0.895204
v -7.843712 1.255182 0.889546
v -7.855944 1.255182 0.908421
v -7.846711 1.248572 0.880381
v -7.846711 1.261793 0.880381
v -7.865098 1.233791 0.889088
v -7.853734 1.237876 0.883707
v -7.883486 1.248572 0.897794
v -7.876463 1.237876 0.894468
v -7.876463 1.272489 0.894468
v -7.883486 1.261793 0.897794
v -7.853734 1.272489 0.883707
v -7.865098 1.276574 0.889088
v -7.846981 1.244487 0.892952
v -7.865368 1.237876 0.901658
v -7.876732 1.255182 0.907039
v -7.865368 1.272489 0.901658
v -7.846981 1.265878 0.892952
v -7.854170 1.244487 0.904047
v -7.847147 1.255182 0.900721
v -7.865535 1.248572 0.909428
v -7.865535 1.261793 0.909428
v -7.854170 1.265878 0.904047
v -8.549953 2.428679 0.627095
v -8.559108 2.435629 0.607761
v -8.559108 2.458122 0.607761
v -8.549953 2.465072 0.627095
v -8.544296 2.446876 0.639044
v -8.563171 2.446876 0.626811
v -8.535131 2.440265 0.636045
v -8.535131 2.453486 0.636045
v -8.543838 2.425484 0.617657
v -8.538457 2.429569 0.629021
v -8.552544 2.440265 0.599269
v -8.549218 2.429569 0.606293
v -8.549218 2.464182 0.606293
v -8.552544 2.453486 0.599269
v -8.538457 2.464182 0.629021
v -8.543838 2.468267 0.617657
v -8.547702 2.436180 0.635775
v -8.556408 2.429570 0.617388
v -8.561789 2.446876 0.606023
v -8.556408 2.464182 0.617388
v -8.547702 2.457572 0.635775
v -8.558797 2.436180 0.628585
v -8.555471 2.446876 0.635609
v -8.564178 2.440265 0.617221
v -8.564178 2.453486 0.617221
v -8.558797 2.457572 0.628585
v -8.561122 2.428679 0.214811
v -8.551167 2.435629 0.195877
v -8.551167 2.458122 0.195877
v -8.561122 2.465072 0.214811
v -8.567274 2.446876 0.226513
v -8.568837 2.446876 0.204075
v -8.559370 2.440265 0.232037
v -8.559370 2.453486 0.232037
v -8.549903 2.425484 0.214030
v -8.555755 2.429569 0.225159
v -8.540436 2.440265 0.196022
v -8.544052 2.429569 0.202900
v -8.544052 2.464182 0.202900
v -8.540436 2.453486 0.196022
v -8.555755 2.464182 0.225159
v -8.549903 2.468267 0.214030
v -8.566709 2.436180 0.221827
v -8.557240 2.429569 0.203819
v -8.551390 2.446876 0.192690
v -8.557240 2.464182 0.203819
v -8.566709 2.457571 0.221827
v -8.567627 2.436180 0.208638
v -8.571243 2.446876 0.215516
v -8.561776 2.440265 0.197508
v -8.561776 2.453486 0.197508
v -8.567627 2.457571 0.208638
v -8.233803 2.428679 0.887490
v -8.254655 2.435629 0.882715
v -8.254655 2.458122 0.882715
v -8.233803 2.465072 0.887490
v -8.220916 2.446876 0.890441
v -8.242206 2.446876 0.897696
v -8.217600 2.440265 0.881386
v -8.217600 2.453486 0.881386
v -8.237431 2.425484 0.876844
v -8.225174 2.429569 0.879651
v -8.257262 2.440265 0.872303
v -8.249687 2.429569 0.874038
v -8.249687 2.464182 0.874038
v -8.257262 2.453486 0.872303
v -8.225174 2.464182 0.879651
v -8.237431 2.468267 0.876844
v -8.225592 2.436180 0.891093
v -8.245422 2.429569 0.886552
v -8.257679 2.446876 0.883745
v -8.245422 2.464182 0.886552
v -8.225592 2.457571 0.891093
v -8.238106 2.436180 0.895358
v -8.230531 2.446876 0.897093
v -8.250361 2.440265 0.892551
v -8.250361 2.453486 0.892551
v -8.238106 2.457571 0.895358
v -8.596736 2.428679 0.417080
v -8.596883 2.435629 0.395689
v -8.596883 2.458122 0.395689
v -8.596736 2.465072 0.417080
v -8.596645 2.446876 0.430300
v -8.608602 2.446876 0.411249
v -8.587070 2.440265 0.431446
v -8.587070 2.453486 0.431446
v -8.587210 2.425484 0.411102
v -8.587124 2.429569 0.423675
v -8.587349 2.440265 0.390758
v -8.587296 2.429569 0.398529
v -8.587296 2.464182 0.398529
v -8.587349 2.453486 0.390758
v -8.587124 2.464182 0.423675
v -8.587210 2.468267 0.411102
v -8.598355 2.436180 0.425900
v -8.598495 2.429570 0.405556
v -8.598580 2.446876 0.392983
v -8.598495 2.464182 0.405556
v -8.598355 2.457572 0.425900
v -8.605383 2.436180 0.414702
v -8.605330 2.446876 0.422473
v -8.605469 2.440265 0.402129
v -8.605469 2.453486 0.402129
v -8.605383 2.457572 0.414702
v -8.406573 2.428679 0.799216
v -8.422513 2.435629 0.784950
v -8.422513 2.458122 0.784950
v -8.406573 2.465072 0.799216
v -8.396722 2.446876 0.808033
v -8.418865 2.446876 0.804084
v -8.389440 2.440265 0.801712
v -8.389440 2.453486 0.801712
v -8.404599 2.425484 0.788144
v -8.395230 2.429569 0.796530
v -8.419759 2.440265 0.774576
v -8.413968 2.429569 0.779759
v -8.413968 2.464182 0.779759
v -8.419759 2.453486 0.774576
v -8.395230 2.464182 0.796530
v -8.404599 2.468267 0.788144
v -8.401130 2.436180 0.806342
v -8.416289 2.429570 0.792774
v -8.425658 2.446876 0.784389
v -8.416289 2.464182 0.792774
v -8.401130 2.457572 0.806342
v -8.414145 2.436180 0.804021
v -8.408355 2.446876 0.809204
v -8.423514 2.440265 0.795636
v -8.423514 2.453486 0.795636
v -8.414145 2.457572 0.804021
v -8.510588 2.428679 0.028953
v -8.496649 2.435629 0.012726
v -8.496649 2.458122 0.012726
v -8.510588 2.465072 0.028953
v -8.519202 2.446876 0.038982
v -8.515705 2.446876 0.016763
v -8.512734 2.440265 0.046134
v -8.512734 2.453486 0.046134
v -8.499478 2.425484 0.030702
v -8.507671 2.429569 0.040240
v -8.486221 2.440265 0.015269
v -8.491284 2.429569 0.021164
v -8.491284 2.464182 0.021164
v -8.486221 2.453486 0.015269
v -8.507671 2.464182 0.040240
v -8.499477 2.468267 0.030702
v -8.517601 2.436180 0.034541
v -8.504345 2.429569 0.019108
v -8.496152 2.446876 0.009570
v -8.504345 2.464182 0.019108
v -8.517601 2.457571 0.034541
v -8.515546 2.436180 0.021481
v -8.520609 2.446876 0.027376
v -8.507353 2.440265 0.011943
v -8.507353 2.453486 0.011943
v -8.515546 2.457571 0.021481
v -8.056619 2.428679 0.966301
v -8.077937 2.435629 0.964540
v -8.077937 2.458122 0.964540
v -8.056619 2.465072 0.966301
v -8.043443 2.446876 0.967389
v -8.063484 2.446876 0.977599
v -8.041448 2.440265 0.957955
v -8.041448 2.453486 0.957955
v -8.061724 2.425484 0.956280
v -8.049192 2.429569 0.957315
v -8.081999 2.440265 0.954606
v -8.074254 2.429569 0.955245
v -8.074254 2.464182 0.955245
v -8.081999 2.453486 0.954606
v -8.049192 2.464182 0.957315
v -8.061724 2.468267 0.956280
v -8.047977 2.436180 0.968700
v -8.068254 2.429569 0.967025
v -8.080784 2.446876 0.965991
v -8.068254 2.464182 0.967025
v -8.047977 2.457571 0.968700
v -8.059757 2.436180 0.974701
v -8.052013 2.446876 0.975341
v -8.072289 2.440265 0.973666
v -8.072289 2.453486 0.973666
v -8.059757 2.457571 0.974701
v -7.855661 2.428679 0.895204
v -7.874995 2.435629 0.904358
v -7.874995 2.458122 0.904358
v -7.855661 2.465072 0.895204
v -7.843712 2.446876 0.889546
v -7.855944 2.446876 0.908421
v -7.846711 2.440265 0.880381
v -7.846711 2.453486 0.880381
v -7.865098 2.425484 0.889087
v -7.853734 2.429569 0.883707
v -7.883486 2.440265 0.897794
v -7.876463 2.429569 0.894468
v -7.876463 2.464182 0.894468
v -7.883486 2.453486 0.897794
v -7.853734 2.464182 0.883707
v -7.865098 2.468267 0.889087
v -7.846981 2.436180 0.892952
v -7.865368 2.429569 0.901658
v -7.876732 2.446876 0.907039
v -7.865368 2.464182 0.901658
v -7.846981 2.457572 0.892952
v -7.854170 2.436180 0.904047
v -7.847147 2.446876 0.900721
v -7.865535 2.440265 0.909428
v -7.865535 2.453486 0.909428
v -7.854170 2.457571 0.904047
v -8.272238 0.491065 0.152643
v -8.272238 0.769815 0.152643
v -8.139214 0.491065 0.089658
v -8.139214 0.769815 0.089658
v -8.341983 0.491065 0.005342
v -8.332787 0.491065 -0.044412
v -8.332787 0.769815 -0.044412
v -8.341983 0.769815 0.005342
v -8.253272 0.491065 -0.082061
v -8.208958 0.491065 -0.057643
v -8.208958 0.769815 -0.057643
v -8.253272 0.769815 -0.082061
v -8.272238 1.713684 0.152643
v -8.272238 1.992434 0.152643
v -8.139214 1.713684 0.089658
v -8.139214 1.992434 0.089658
v -8.341983 1.713684 0.005342
v -8.332787 1.713684 -0.044412
v -8.332787 1.992434 -0.044412
v -8.341983 1.992434 0.005342
v -8.253272 1.713684 -0.082061
v -8.208958 1.713684 -0.057643
v -8.208958 1.992434 -0.057643
v -8.253272 1.992434 -0.082061
vn -0.4412 -0.8506 -0.2859
vn -0.8470 -0.5000 -0.1807
vn -0.5109 -0.5000 -0.6993
vn 0.4626 -0.5257 -0.7139
vn 0.0126 -0.8090 -0.5877
vn 0.0204 -0.3090 -0.9508
vn 0.4626 0.5257 -0.7139
vn 0.5438 -0.0000 -0.8392
vn 0.0204 0.3090 -0.9508
vn -0.4412 0.8506 -0.2859
vn 0.0126 0.8090 -0.5877
vn -0.5109 0.5000 -0.6993
vn -0.9998 -0.0000 -0.0214
vn -0.8470 0.5000 -0.1807
vn -0.8392 -0.0000 -0.5438
vn -0.4279 -0.0000 -0.9038
vn -0.9286 0.3160 0.1944
vn -0.6241 0.7797 0.0502
vn -0.0809 0.9750 -0.2070
vn 0.4118 0.7979 -0.4403
vn 0.7475 0.2866 -0.5993
vn 0.7475 -0.2866 -0.5993
vn 0.4118 -0.7979 -0.4403
vn -0.0809 -0.9750 -0.2070
vn -0.6241 -0.7797 0.0502
vn -0.9286 -0.3160 0.1944
vn -0.0000 -1.0000 -0.0000
vn -0.0000 1.0000 -0.0000
vn -0.7609 -0.0000 0.6489
vn -0.9841 -0.0000 0.1774
vn 0.4279 -0.0000 0.9038
vn -0.3365 -0.0000 0.9417
vn -0.9038 -0.0000 0.4279
vn 0.1648 -0.2584 0.9519
vn -0.1046 -0.6546 0.7487
vn -0.1232 -0.9371 0.3265
vn -0.3307 -0.9371 -0.1116
vn -0.6455 -0.6546 -0.3936
vn -0.6319 -0.2584 -0.7308
vn -0.6319 0.2584 -0.7307
vn -0.6455 0.6546 -0.3936
vn -0.3307 0.9371 -0.1116
vn -0.6319 0.2584 -0.7308
vn -0.1232 0.9371 0.3265
vn -0.1046 0.6546 0.7487
vn 0.1649 0.2584 0.9519
vn 0.1649 -0.2584 0.9519
vn -0.1046 0.6545 0.7487
vn 0.1648 0.2584 0.9519
vn -0.2616 -0.9623 0.0750
vn -0.6979 -0.6877 0.1999
vn -0.9318 -0.2460 0.2669
vn 0.0151 -0.9566 0.2911
vn 0.0405 -0.6599 0.7503
vn 0.0537 -0.2289 0.9720
vn -0.9318 0.2460 0.2669
vn -0.6979 0.6877 0.1999
vn -0.2616 0.9622 0.0750
vn 0.0537 0.2289 0.9720
vn 0.0405 0.6599 0.7503
vn 0.0151 0.9566 0.2911
vn 0.0151 0.9566 0.2912
vn -0.2674 -0.9613 -0.0668
vn -0.7088 -0.6828 -0.1775
vn -0.9409 -0.2429 -0.2359
vn -0.9409 0.2429 -0.2359
vn -0.7088 0.6828 -0.1775
vn -0.2674 0.9613 -0.0668
vn -0.7088 -0.6827 -0.1775
vn -0.7088 0.6827 -0.1775
vn -0.1772 -0.9620 0.2079
vn -0.4716 -0.6863 0.5537
vn -0.6285 -0.2451 0.7382
vn -0.6285 0.2451 0.7382
vn -0.4716 0.6863 0.5537
vn -0.1772 0.9620 0.2079
vn -0.6285 -0.2451 0.7381
vn -0.2238 -0.9623 0.1549
vn -0.5969 -0.6877 0.4131
vn -0.7970 -0.2460 0.5516
vn -0.7970 0.2460 0.5516
vn -0.5969 0.6877 0.4131
vn -0.2238 0.9622 0.1549
vn -0.2731 -0.9620 0.0053
vn -0.7272 -0.6863 0.0140
vn -0.9693 -0.2451 0.0184
vn -0.9693 0.2451 0.0184
vn -0.7272 0.6863 0.0140
vn -0.2731 0.9620 0.0054
vn -0.2731 0.9620 0.0053
vn -0.2156 -0.9566 -0.1962
vn -0.5547 -0.6599 -0.5068
vn -0.7179 -0.2289 -0.6575
vn -0.7179 0.2289 -0.6575
vn -0.5547 0.6599 -0.5068
vn -0.2156 0.9566 -0.1962
vn -0.1178 -0.9613 0.2492
vn -0.3119 -0.6827 0.6607
vn -0.4138 -0.2429 0.8774
vn -0.4138 0.2429 0.8774
vn -0.3119 0.6828 0.6607
vn -0.1178 0.9613 0.2492
vn -0.3119 -0.6828 0.6607
vn -0.3263 0.2984 0.8969
vn -0.2227 0.7593 0.6114
vn -0.0768 0.9746 0.2102
vn -0.9006 -0.2984 -0.3160
vn -0.6141 -0.7593 -0.2152
vn -0.2113 -0.9746 -0.0738
vn -0.3263 -0.2984 0.8969
vn -0.2227 -0.7593 0.6114
vn -0.0768 -0.9746 0.2102
vn -0.9006 0.2984 -0.3160
vn -0.6141 0.7593 -0.2152
vn -0.2113 0.9746 -0.0738
vn -0.2392 0.9682 0.0739
vn -0.6636 0.7199 0.2033
vn -0.9215 0.2679 0.2812
vn -0.1407 0.9675 -0.2102
vn -0.3883 0.7158 -0.5803
vn -0.5362 0.2649 -0.8014
vn -0.2087 0.9682 0.1382
vn -0.5778 0.7199 0.3845
vn -0.8015 0.2679 0.5346
vn 0.2801 0.2649 0.9227
vn 0.2028 0.7158 0.6682
vn 0.0734 0.9675 0.2420
vn -0.2392 -0.9682 0.0739
vn -0.6636 -0.7199 0.2034
vn -0.9215 -0.2679 0.2812
vn -0.1407 -0.9675 -0.2102
vn -0.3883 -0.7158 -0.5803
vn -0.5362 -0.2649 -0.8014
vn -0.2087 -0.9682 0.1382
vn -0.5779 -0.7199 0.3845
vn -0.8015 -0.2679 0.5346
vn 0.0734 -0.9675 0.2420
vn 0.2028 -0.7158 0.6682
vn 0.2801 -0.2649 0.9227
vn -0.5779 0.7199 0.3845
vn -0.6636 0.7199 0.2034
vn -0.3883 -0.7158 -0.5804
vn 0.0555 -0.0000 0.9985
vn -0.8317 -0.0000 0.5552
vn -0.5561 -0.0000 -0.8311
vn 0.2905 -0.0000 0.9569
vn -0.7372 -0.0000 -0.6757
vn -0.9566 -0.0000 0.2915
vn -0.9998 -0.0000 0.0189
vn -0.9613 -0.0000 0.2753
vn -0.8222 -0.0000 0.5692
vn -0.4265 -0.0000 0.9045
vn -0.9700 -0.0000 -0.2433
vn -0.6483 -0.0000 0.7614
vn -0.3418 -0.0000 0.9398
vn -0.9436 -0.0000 -0.3312
vn -0.3257 -0.9402 -0.0992
vn -0.6445 -0.6699 -0.3687
vn -0.6409 -0.2720 -0.7179
vn 0.1491 -0.2720 0.9507
vn -0.1232 -0.6698 0.7322
vn -0.1297 -0.9402 0.3148
vn -0.7956 -0.2524 0.5507
vn -0.5891 -0.6976 0.4078
vn -0.2182 -0.9642 0.1510
vn -0.7161 -0.2383 -0.6560
vn -0.5441 -0.6755 -0.4976
vn -0.2072 -0.9599 -0.1890
vn -0.9305 0.2515 0.2665
vn -0.6902 0.6961 0.1977
vn -0.2560 0.9639 0.0734
vn 0.0536 0.2369 0.9701
vn 0.0401 0.6732 0.7384
vn 0.0149 0.9594 0.2817
vn -0.9675 -0.2520 0.0183
vn -0.7170 -0.6970 0.0137
vn -0.2657 -0.9640 0.0051
vn -0.9393 0.2496 -0.2355
vn -0.6990 0.6934 -0.1751
vn -0.2602 0.9633 -0.0651
vn -0.4129 -0.2509 0.8755
vn -0.3067 -0.6952 0.6501
vn -0.1140 -0.9637 0.2414
vn -0.6275 0.2510 0.7370
vn -0.4660 0.6954 0.5471
vn -0.1731 0.9637 0.2031
vn -0.6274 -0.2520 0.7368
vn -0.4649 -0.6970 0.5459
vn -0.1724 -0.9640 0.2023
vn -0.7958 0.2515 0.5509
vn -0.5903 0.6961 0.4086
vn -0.2190 0.9639 0.1516
vn -0.9678 0.2510 0.0184
vn -0.7185 0.6954 0.0137
vn -0.2668 0.9637 0.0052
vn -0.9302 -0.2524 0.2664
vn -0.6888 -0.6976 0.1973
vn -0.2551 -0.9642 0.0731
vn -0.9389 -0.2509 -0.2354
vn -0.6972 -0.6952 -0.1747
vn -0.2590 -0.9637 -0.0648
vn -0.7164 0.2369 -0.6563
vn -0.5457 0.6732 -0.4990
vn -0.2085 0.9594 -0.1900
vn -0.4131 0.2496 0.8758
vn -0.3075 0.6933 0.6517
vn -0.1146 0.9633 0.2426
vn 0.0536 -0.2383 0.9697
vn 0.0401 -0.6756 0.7362
vn 0.0149 -0.9599 0.2801
vn 0.4110 0.2796 0.8677
vn 0.2902 0.7358 0.6118
vn 0.1028 0.9709 0.2162
vn -0.1021 0.9709 -0.2166
vn -0.2893 0.7358 -0.6122
vn -0.4107 0.2796 -0.8678
vn 0.4110 0.2789 0.8680
vn 0.2902 0.7349 0.6129
vn 0.1027 0.9708 0.2170
vn -0.1027 0.9708 -0.2169
vn -0.2902 0.7349 -0.6129
vn -0.4110 0.2789 -0.8680
vn -0.9141 -0.2479 -0.3208
vn -0.6825 -0.6907 -0.2391
vn -0.2550 -0.9628 -0.0891
vn -0.3312 -0.2479 0.9104
vn -0.2475 -0.6907 0.6795
vn -0.0927 -0.9628 0.2537
vn -0.9147 0.2456 -0.3209
vn -0.6858 0.6870 -0.2401
vn -0.2575 0.9621 -0.0897
vn -0.3314 0.2456 0.9110
vn -0.2489 0.6870 0.6827
vn -0.0938 0.9621 0.2560
vn -0.5338 -0.2803 -0.7978
vn -0.3761 -0.7368 -0.5619
vn -0.1329 -0.9711 -0.1984
vn -0.2274 -0.9713 0.0697
vn -0.6451 -0.7383 0.1971
vn -0.9178 -0.2815 0.2799
vn -0.1980 -0.9713 0.1317
vn -0.5613 -0.7383 0.3740
vn -0.7982 -0.2815 0.5326
vn 0.0693 -0.9711 0.2285
vn 0.1963 -0.7368 0.6470
vn 0.2788 -0.2803 0.9185
vn -0.2291 0.9709 0.0703
vn -0.6478 0.7356 0.1981
vn -0.9184 0.2794 0.2801
vn -0.1346 0.9703 -0.2008
vn -0.3788 0.7323 -0.5658
vn -0.5344 0.2769 -0.7986
vn 0.2791 0.2769 0.9195
vn 0.1976 0.7323 0.6516
vn 0.0701 0.9703 0.2314
vn -0.7987 0.2794 0.5329
vn -0.5638 0.7356 0.3756
vn -0.1996 0.9709 0.1326
vn -0.9315 -0.0000 0.3638
vn -0.8718 -0.0000 0.4899
vn -0.9862 -0.0000 -0.1655
vn -0.9984 -0.0000 -0.0572
vn -0.5885 -0.0000 0.8085
vn -0.4970 -0.0000 0.8678
vn -0.7750 -0.0000 0.6320
vn -0.7035 -0.0000 0.7107
vn -0.9956 -0.0000 0.0938
vn -0.9800 -0.0000 0.1990
vn -0.8917 -0.0000 -0.4526
vn -0.9440 -0.0000 -0.3298
vn -0.9441 -0.0000 -0.3298
vn -0.3432 -0.0000 0.9393
vn -0.2150 -0.0000 0.9766
vn -0.9624 -0.0000 0.2715
vn -0.8200 -0.0000 0.5724
vn -0.9707 -0.0000 -0.2404
vn -0.9998 -0.0000 0.0192
vn -0.6485 -0.0000 0.7612
vn -0.4292 -0.0000 0.9032
vn -0.8456 -0.0000 -0.5338
vn -0.1230 -0.0000 0.9924
vn -0.8917 -0.0000 -0.4527
vn -0.9417 -0.0000 -0.3365
vn -0.6712 -0.0000 0.7412
vn 0.0495 -0.0000 0.9988
vn -0.7412 -0.0000 -0.6712
vn -0.8892 -0.0000 -0.4575
vn -0.2097 -0.0000 0.9778
vn -0.9988 -0.0000 0.0495
vn -0.9770 -0.0476 0.2078
vn -0.9764 0.0401 0.2123
vn 0.9764 -0.0401 -0.2123
vn 0.9770 0.0476 -0.2078
vn -0.7881 0.0499 0.6135
vn -0.7883 -0.0523 0.6131
vn 0.7883 0.0523 -0.6131
vn 0.7881 -0.0499 -0.6135
vn -0.5413 -0.0062 0.8408
vn -0.5413 0.0062 0.8408
vn 0.5413 -0.0062 -0.8408
vn 0.5413 0.0062 -0.8408
vn 0.9993 -0.0373 -0.0016
vn 0.9993 0.0369 -0.0023
vn -0.9993 -0.0369 0.0023
vn -0.9993 0.0373 0.0016
vn -0.6528 0.0367 0.7566
vn -0.6534 -0.0363 0.7562
vn -0.9902 0.0107 -0.1391
vn -0.9902 -0.0107 -0.1391
vn 0.9902 0.0107 0.1391
vn 0.9902 -0.0107 0.1391
vn 0.7899 0.0244 -0.6127
vn 0.7904 -0.0224 -0.6122
vn 0.9785 -0.0215 -0.2051
vn 0.9785 0.0228 -0.2049
vn -0.9785 -0.0228 0.2049
vn -0.9785 0.0214 0.2051
vn -0.7904 0.0224 0.6122
vn -0.7899 -0.0244 0.6127
vn 0.6534 0.0363 -0.7562
vn 0.6528 -0.0367 -0.7566
vn -0.9590 0.0010 0.2834
vn -0.9587 -0.0007 0.2844
vn 0.8079 -0.0425 -0.5878
vn 0.8064 0.0467 -0.5896
vn 0.9732 0.0494 -0.2248
vn 0.9734 -0.0481 -0.2241
vn 0.9314 -0.0141 -0.3638
vn 0.8883 -0.0098 -0.4591
vn -0.8424 0.0029 0.5388
vn -0.8427 -0.0046 0.5384
vn -0.8887 -0.0028 0.4585
vn 0.8925 0.0016 -0.4510
vn 0.9315 -0.0000 -0.3638
vn -0.8925 -0.0016 0.4510
vn -0.8923 0.0020 0.4514
vn 0.8923 -0.0020 -0.4514
vn 0.9360 0.0062 -0.3519
vn 0.8805 0.0024 -0.4741
vn -0.8846 -0.0019 0.4664
vn -0.8805 -0.0024 0.4741
vn -0.9360 -0.0062 0.3519
vn -0.8882 -0.0008 0.4595
vn 0.8882 0.0008 -0.4595
vn 0.8846 0.0019 -0.4664
vn 0.8814 -0.0019 -0.4724
vn 0.9334 -0.0025 -0.3589
vn 0.8853 -0.0024 -0.4650
vn -0.9334 0.0025 0.3589
vn -0.8814 0.0019 0.4724
vn -0.8893 0.0030 0.4572
vn 0.9314 0.0141 -0.3638
vn 0.8889 0.0094 -0.4579
vn -0.8853 0.0024 0.4650
vn -0.9361 0.0022 0.3518
vn -0.9362 -0.0025 0.3516
vn -0.8815 -0.0030 0.4721
vn -0.8817 0.0033 0.4719
vn -0.8783 -0.0123 0.4780
vn -0.8783 0.0123 0.4780
vn -0.9189 -0.0000 0.3946
vn -0.8823 0.0200 0.4703
vn -0.8823 -0.0200 0.4703
vn -0.8431 0.0013 0.5377
vn -0.8431 -0.0027 0.5377
vn 0.8431 0.0027 -0.5377
vn 0.8432 -0.0013 -0.5377
vn 0.9624 -0.0000 -0.2715
vn -0.9556 -0.0070 0.2946
vn -0.9561 -0.0072 0.2930
vn 0.9520 -0.0145 -0.3059
vn 0.9529 -0.0151 -0.3030
vn -0.8200 0.0001 0.5724
vn -0.8540 -0.0031 0.5203
vn -0.8544 -0.0030 0.5196
vn 0.8544 0.0030 -0.5196
vn 0.8540 0.0031 -0.5203
vn 0.8200 -0.0000 -0.5724
vn 0.6636 -0.0000 -0.7480
vn -0.7797 -0.0000 0.6262
vn 0.9999 -0.0000 -0.0155
vn -0.9834 -0.0000 0.1814
vn -0.9999 -0.0000 0.0155
vn 0.9834 -0.0000 -0.1814
vn -0.9923 -0.0113 -0.1231
vn -0.9922 -0.0110 -0.1243
vn -0.9923 0.0113 -0.1231
vn -0.9922 0.0110 -0.1243
vn 0.9923 -0.0113 0.1232
vn 0.9922 -0.0110 0.1243
vn 0.9923 0.0113 0.1232
vn 0.9922 0.0110 0.1243
vn 0.5559 -0.0183 -0.8311
vn 0.5576 -0.0189 -0.8299
vn -0.5558 0.0183 0.8311
vn -0.5576 0.0188 0.8299
vn 0.5576 0.0189 -0.8299
vn 0.5559 0.0183 -0.8311
vn -0.5575 -0.0189 0.8299
vn -0.5559 -0.0183 0.8311
vn -0.8199 -0.0000 0.5724
vn -0.9717 -0.0130 0.2359
vn -0.9688 -0.0099 0.2478
vn 0.9688 0.0099 -0.2478
vn 0.9717 0.0130 -0.2359
vn 0.8199 -0.0000 -0.5725
vn 0.9502 0.0013 -0.3117
vn 0.9553 0.0020 -0.2956
vn -0.9403 0.0014 0.3402
vn 0.8717 -0.0000 -0.4900
vn 0.8718 -0.0000 -0.4899
vn -0.8717 -0.0000 0.4900
vn 0.8448 0.0065 -0.5350
vn 0.8448 0.0030 -0.5351
vn 0.9625 -0.0000 -0.2714
vn -0.8448 -0.0065 0.5350
vn -0.8448 -0.0030 0.5351
vn -0.9719 0.0082 0.2353
vn -0.9717 0.0119 0.2360
vn 0.9719 -0.0083 -0.2353
vn 0.9717 -0.0119 -0.2360
vn -0.9486 -0.0008 0.3165
vn -0.9486 -0.0064 0.3165
vn 0.9486 0.0064 -0.3165
vn 0.9486 0.0008 -0.3166
vn 0.9602 -0.0214 -0.2786
vn 0.9586 -0.0193 -0.2840
vn -0.8463 0.0064 0.5326
vn -0.8487 0.0047 0.5288
vn 0.8199 -0.0000 -0.5724
vn 0.9766 -0.0388 -0.2117
vn 0.9723 -0.0268 -0.2322
vn -0.9766 0.0388 0.2117
vn -0.9723 0.0268 0.2322
vn 0.9782 -0.0023 0.2078
vn 0.9786 -0.0131 0.2053
vn -0.9782 -0.0023 -0.2078
vn -0.9786 -0.0131 -0.2052
vn 0.4897 -0.0037 -0.8719
vn 0.4534 -0.0243 -0.8910
vn -0.4897 -0.0037 0.8719
vn -0.4534 -0.0243 0.8910
vn -0.4970 -0.0000 0.8677
vn -0.4971 -0.0001 0.8677
vn 0.4970 -0.0000 -0.8678
vn 0.4970 -0.0000 -0.8677
vn -0.9862 -0.0000 -0.1654
vn 0.9862 -0.0000 0.1655
vn 0.4971 -0.0001 -0.8677
vn 0.8231 0.0305 -0.5670
vn 0.8254 0.0296 -0.5638
vn 0.9774 -0.0004 -0.2115
vn 0.9770 0.0043 -0.2134
vn -0.9772 -0.0046 0.2124
vn -0.9776 -0.0002 0.2105
vn -0.9315 -0.0000 0.3639
vn -0.8580 0.0070 0.5137
vn -0.8586 0.0066 0.5126
vn 0.8586 -0.0066 -0.5126
vn 0.8579 -0.0069 -0.5137
vn 0.9556 0.0070 -0.2946
vn 0.9561 0.0072 -0.2930
vn -0.9519 0.0146 0.3060
vn -0.9528 0.0153 0.3031
vn 0.9624 -0.0001 -0.2715
vn 0.9782 0.0023 0.2078
vn 0.9786 0.0131 0.2052
vn 0.9707 -0.0000 0.2404
vn 0.9707 -0.0000 0.2403
vn -0.9782 0.0023 -0.2078
vn -0.9786 0.0130 -0.2053
vn 0.4897 0.0037 -0.8719
vn 0.4534 0.0243 -0.8910
vn 0.4594 -0.0046 -0.8882
vn 0.4292 -0.0000 -0.9032
vn 0.4594 0.0046 -0.8882
vn -0.4897 0.0037 0.8719
vn -0.4534 0.0243 0.8910
vn -0.4594 -0.0046 0.8882
vn -0.4594 0.0046 0.8882
vn 0.8463 -0.0064 -0.5326
vn 0.8487 -0.0047 -0.5288
vn 0.8826 0.0055 -0.4701
vn 0.8831 0.0058 -0.4691
vn -0.9602 0.0214 0.2786
vn -0.9586 0.0193 0.2840
vn -0.8826 -0.0055 0.4701
vn -0.8831 -0.0058 0.4691
vn 0.9329 -0.0270 -0.3591
vn 0.9313 -0.0283 -0.3633
vn 0.8804 -0.0052 -0.4741
vn 0.8809 -0.0055 -0.4733
vn -0.8231 -0.0302 0.5671
vn -0.8255 -0.0292 0.5637
vn -0.8804 0.0052 0.4741
vn -0.8809 0.0055 0.4734
vn -0.9330 0.0270 0.3590
vn -0.9313 0.0284 0.3632
vn 0.9487 0.0186 -0.3157
vn 0.2200 0.8577 0.4647
vn 0.9588 0.0096 -0.2839
vn 0.4260 -0.0942 0.8998
vn 0.9345 0.0015 -0.3560
vn -0.9588 -0.0096 0.2839
vn -0.9382 0.0045 0.3461
vn -0.9345 -0.0015 0.3560
vn 0.2722 -0.7715 0.5750
vn 0.9600 -0.0058 -0.2799
vn 0.4235 -0.1444 0.8943
vn 0.9468 -0.0117 -0.3215
vn -0.9390 -0.0057 0.3440
vn -0.9600 0.0058 0.2799
vn -0.2200 0.8577 -0.4647
vn 0.8445 0.0140 -0.5353
vn -0.4260 -0.0942 -0.8998
vn 0.8502 0.0300 -0.5256
vn -0.8445 -0.0140 0.5353
vn -0.2722 -0.7715 -0.5750
vn 0.8561 -0.0223 -0.5163
vn 0.8397 -0.0140 -0.5429
vn -0.4235 -0.1444 -0.8943
vn -0.8397 0.0140 0.5429
vn 0.3833 0.4448 0.8095
vn -0.9451 0.0058 0.3267
vn -0.9588 -0.0029 0.2841
vn 0.4058 0.3178 0.8570
vn 0.9451 -0.0058 -0.3267
vn 0.9588 0.0029 -0.2841
vn -0.3833 0.4448 -0.8095
vn 0.8417 -0.0021 -0.5399
vn -0.4058 0.3177 -0.8570
vn 0.8642 -0.0023 -0.5032
vn -0.8417 0.0021 0.5399
vn -0.8642 0.0023 0.5032
vn -0.0410 -0.9954 -0.0867
vn 0.0693 -0.9868 0.1463
vn 0.1036 0.9703 0.2187
vn -0.0480 0.9937 -0.1013
vn 0.0410 -0.9954 0.0867
vn -0.6636 -0.0000 0.7480
vn -0.0693 -0.9868 -0.1463
vn -0.1036 0.9703 -0.2187
vn 0.0480 0.9937 0.1013
vn -0.1921 -0.8936 -0.4057
vn 0.9915 0.0111 0.1299
vn -0.1926 0.8930 -0.4068
vn 0.9915 -0.0111 0.1299
vn -0.9915 0.0111 -0.1299
vn -0.9915 -0.0111 -0.1299
vn 0.1921 -0.8936 0.4057
vn -0.5479 -0.0185 0.8363
vn 0.5479 0.0185 -0.8363
vn 0.1926 0.8930 0.4068
vn 0.5479 -0.0185 -0.8363
vn -0.5479 0.0185 0.8363
vn 0.2674 -0.7808 0.5647
vn 0.9784 -0.0125 0.2062
vn 0.9784 0.0124 0.2062
vn 0.2674 0.7808 0.5647
vn -0.9784 -0.0124 -0.2062
vn -0.9784 0.0125 -0.2062
vn -0.2674 -0.7808 -0.5647
vn -0.2674 0.7808 -0.5647
vn 0.3374 -0.6152 0.7125
vn -0.9616 0.0077 0.2744
vn 0.9616 -0.0077 -0.2744
vn -0.3374 -0.6152 -0.7125
vn 0.8370 -0.0015 -0.5473
vn -0.8370 0.0015 0.5473
vn 0.4124 -0.2671 0.8710
vn 0.9483 0.0031 -0.3174
vn -0.9483 -0.0031 0.3174
vn -0.4124 -0.2671 -0.8710
vn -0.8616 -0.0031 0.5075
vn 0.8616 0.0031 -0.5075
vn 0.3710 -0.4984 0.7836
vn 0.9606 -0.0011 -0.2781
vn -0.9606 0.0011 0.2781
vn -0.3710 -0.4984 -0.7836
vn -0.8360 0.0040 0.5487
vn 0.8360 -0.0040 -0.5487
vn 0.3645 0.5238 0.7699
vn 0.9617 -0.0149 -0.2737
vn -0.9616 0.0153 0.2739
vn -0.3645 0.5238 -0.7699
vn -0.8174 -0.0296 0.5753
vn 0.8176 0.0294 -0.5751
vn -0.4208 0.1816 -0.8888
vn 0.4208 0.1816 0.8888
vn 0.8718 -0.0000 -0.4900
vn 0.1691 -0.9186 0.3572
vn -0.1691 -0.9186 -0.3572
vn 0.3837 -0.4427 0.8104
vn 0.3837 0.4427 0.8104
vn -0.3837 -0.4427 -0.8104
vn -0.3837 0.4427 -0.8104
vn 0.1629 0.9247 0.3441
vn -0.1629 0.9247 -0.3441
vn 0.4166 -0.2284 0.8799
vn 0.9723 -0.0003 0.2336
vn 0.4166 0.2284 0.8799
vn 0.9723 0.0003 0.2336
vn -0.9723 -0.0003 -0.2336
vn -0.9723 0.0003 -0.2336
vn -0.4166 0.2284 -0.8799
vn 0.4802 -0.0007 -0.8771
vn -0.4166 -0.2284 -0.8799
vn 0.4802 0.0007 -0.8771
vn -0.4802 -0.0007 0.8771
vn -0.4802 0.0007 0.8771
vn -0.0477 -0.9938 -0.1008
vn 0.8811 0.0035 -0.4729
vn 0.0477 -0.9938 0.1008
vn 0.9329 0.0079 -0.3600
vn -0.9329 -0.0079 0.3600
vn -0.8811 -0.0035 0.4729
vn 0.0511 0.9929 0.1078
vn 0.9360 -0.0231 -0.3511
vn -0.0511 0.9929 -0.1078
vn 0.8797 -0.0045 -0.4756
vn -0.8797 0.0045 0.4756
vn -0.9361 0.0230 0.3510
vn 0.0551 0.9917 0.1163
vn 0.0624 -0.9893 0.1317
vn -0.9896 0.0295 0.1409
vn -0.9895 -0.0286 0.1415
vn 0.9895 0.0286 -0.1415
vn 0.9896 -0.0295 -0.1409
vn 0.7797 -0.0000 -0.6262
vn -0.0551 0.9917 -0.1163
vn -0.0624 -0.9893 -0.1317
vn -0.6636 -0.0000 0.7481
vn 0.7540 -0.0233 -0.6565
vn 0.7543 0.0227 -0.6562
vn -0.7543 -0.0227 0.6562
vn -0.7540 0.0233 0.6565
vn -0.4185 0.2094 -0.8838
vn 0.9315 -0.0001 -0.3637
vn 0.4185 0.2094 0.8838
vn -0.9315 0.0001 0.3637
vn -0.8896 0.0020 0.4567
vn 0.8896 -0.0020 -0.4567
vn -0.4271 -0.0638 -0.9020
vn 0.4271 -0.0638 0.9020
vn -0.9553 -0.0020 0.2957
vn -0.9502 -0.0013 0.3117
vn 0.9404 -0.0014 -0.3401
vn 0.8911 0.0007 -0.4539
vn -0.8911 -0.0007 0.4539
vn 0.8851 0.0121 -0.4653
vn 0.8853 -0.0126 -0.4649
vn 0.9322 0.0109 -0.3618
vn 0.9322 -0.0109 -0.3618
vn 0.3090 0.6672 0.6778
vn -0.3089 -0.6674 -0.6776
vn -0.3090 0.6672 -0.6778
vn 0.3089 -0.6674 0.6776
vn 0.8929 0.0341 -0.4489
vn 0.8929 -0.0341 -0.4489
vn 0.9245 -0.0341 -0.3796
vn 0.9245 0.0341 -0.3796
vn 0.3089 0.6674 0.6776
vn -0.3089 0.6674 -0.6776
vn -0.3090 -0.6672 -0.6778
vn 0.3090 -0.6672 0.6778
vn 0.9079 -0.0000 -0.4193
vn 0.6234 -0.6065 0.4935
vn 0.6234 0.6065 0.4935
vn 0.0260 0.6093 -0.7925
vn 0.0260 -0.6093 -0.7925
vn -0.2859 -0.8507 0.4412
vn -0.1807 -0.5000 0.8470
vn -0.6993 -0.5000 0.5109
vn -0.7139 -0.5257 -0.4626
vn -0.5877 -0.8090 -0.0126
vn -0.9508 -0.3090 -0.0204
vn -0.7139 0.5257 -0.4626
vn -0.9508 0.3090 -0.0204
vn -0.2859 0.8507 0.4412
vn -0.5877 0.8090 -0.0126
vn -0.6993 0.5000 0.5109
vn -0.0214 -0.0000 0.9998
vn -0.1807 0.5000 0.8470
vn -0.5438 -0.0000 0.8392
vn 0.1944 0.3160 0.9286
vn 0.0502 0.7797 0.6241
vn -0.2070 0.9750 0.0809
vn -0.4403 0.7979 -0.4118
vn -0.5993 0.2866 -0.7475
vn -0.5993 -0.2866 -0.7475
vn -0.4403 -0.7979 -0.4118
vn -0.2070 -0.9750 0.0809
vn 0.0502 -0.7797 0.6241
vn 0.1944 -0.3160 0.9286
vn -0.5245 -0.8507 0.0365
vn -0.7856 -0.5000 0.3645
vn -0.8285 -0.5000 -0.2521
vn -0.0591 -0.5257 -0.8486
vn -0.3430 -0.8090 -0.4773
vn -0.5550 -0.3090 -0.7723
vn -0.0591 0.5257 -0.8486
vn -0.0695 -0.0000 -0.9976
vn -0.5550 0.3090 -0.7723
vn -0.5245 0.8507 0.0365
vn -0.3430 0.8090 -0.4773
vn -0.8285 0.5000 -0.2521
vn -0.8121 -0.0000 0.5836
vn -0.7856 0.5000 0.3645
vn -0.9976 -0.0000 0.0695
vn -0.8851 -0.0000 -0.4653
vn -0.6256 0.3160 0.7133
vn -0.4688 0.7797 0.4151
vn -0.1891 0.9750 -0.1169
vn 0.0646 0.7979 -0.5994
vn 0.2375 0.2866 -0.9282
vn 0.2375 -0.2866 -0.9282
vn 0.0646 -0.7979 -0.5994
vn -0.1891 -0.9750 -0.1169
vn -0.4688 -0.7797 0.4151
vn -0.6255 -0.3160 0.7133
vn 0.1696 -0.8506 0.4976
vn 0.5535 -0.5000 0.6661
vn -0.0315 -0.5000 0.8655
vn -0.8052 -0.5257 0.2744
vn -0.3736 -0.8090 0.4538
vn -0.6045 -0.3090 0.7342
vn -0.8052 0.5257 0.2744
vn -0.9465 -0.0000 0.3226
vn -0.6045 0.3090 0.7342
vn 0.1696 0.8507 0.4976
vn -0.3736 0.8090 0.4538
vn -0.0315 0.5000 0.8655
vn 0.7720 -0.0000 0.6356
vn 0.5535 0.5000 0.6661
vn 0.3226 -0.0000 0.9465
vn -0.2232 -0.0000 0.9748
vn 0.8497 0.3160 0.4221
vn 0.5213 0.7797 0.3469
vn -0.0646 0.9750 0.2127
vn -0.5959 0.7979 0.0910
vn -0.9580 0.2866 0.0081
vn -0.9580 -0.2866 0.0081
vn -0.5959 -0.7979 0.0910
vn -0.0646 -0.9750 0.2127
vn 0.5213 -0.7797 0.3469
vn 0.8497 -0.3160 0.4221
vn -0.4453 -0.8507 0.2794
vn -0.5210 -0.5000 0.6918
vn -0.8495 -0.5000 0.1683
vn -0.4522 -0.5257 -0.7205
vn -0.5275 -0.8090 -0.2593
vn -0.8535 -0.3090 -0.4195
vn -0.4522 0.5257 -0.7205
vn -0.5315 -0.0000 -0.8470
vn -0.8535 0.3090 -0.4195
vn -0.4453 0.8507 0.2794
vn -0.5275 0.8090 -0.2593
vn -0.8495 0.5000 0.1683
vn -0.4411 -0.0000 0.8975
vn -0.5210 0.5000 0.6918
vn -0.8470 -0.0000 0.5315
vn -1.0000 -0.0000 0.0068
vn -0.2154 0.3160 0.9240
vn -0.2177 0.7797 0.5871
vn -0.2218 0.9750 -0.0139
vn -0.2256 0.7979 -0.5591
vn -0.2281 0.2866 -0.9305
vn -0.2281 -0.2866 -0.9305
vn -0.2256 -0.7979 -0.5590
vn -0.2218 -0.9750 -0.0139
vn -0.2177 -0.7797 0.5871
vn -0.2154 -0.3160 0.9240
vn -0.0923 -0.8507 0.5176
vn 0.1622 -0.5000 0.8507
vn -0.4462 -0.5000 0.7422
vn -0.8374 -0.5257 -0.1493
vn -0.5465 -0.8090 0.2164
vn -0.8842 -0.3090 0.3502
vn -0.8374 0.5257 -0.1493
vn -0.9845 -0.0000 -0.1755
vn -0.8842 0.3090 0.3502
vn -0.0923 0.8507 0.5176
vn -0.5465 0.8090 0.2164
vn -0.4462 0.5000 0.7422
vn 0.3682 -0.0000 0.9297
vn 0.1622 0.5000 0.8507
vn -0.1755 -0.0000 0.9845
vn -0.6669 -0.0000 0.7452
vn 0.5395 0.3160 0.7804
vn 0.2885 0.7797 0.5558
vn -0.1594 0.9750 0.1549
vn -0.5656 0.7979 -0.2086
vn -0.8424 0.2866 -0.4563
vn -0.8424 -0.2866 -0.4563
vn -0.5656 -0.7979 -0.2086
vn -0.1594 -0.9750 0.1549
vn 0.2885 -0.7797 0.5557
vn 0.5395 -0.3160 0.7804
vn -0.5193 -0.8506 -0.0818
vn -0.8472 -0.5000 0.1795
vn -0.7511 -0.5000 -0.4311
vn 0.1323 -0.5257 -0.8403
vn -0.2275 -0.8090 -0.5420
vn -0.3681 -0.3090 -0.8769
vn 0.1323 0.5257 -0.8403
vn 0.1555 -0.0000 -0.9878
vn -0.3681 0.3090 -0.8769
vn -0.5193 0.8506 -0.0818
vn -0.2275 0.8090 -0.5420
vn -0.7511 0.5000 -0.4311
vn -0.9221 -0.0000 0.3871
vn -0.8472 0.5000 0.1795
vn -0.9878 -0.0000 -0.1555
vn -0.7586 -0.0000 -0.6516
vn -0.7693 0.3160 0.5553
vn -0.5498 0.7797 0.2997
vn -0.1581 0.9750 -0.1562
vn 0.1971 0.7979 -0.5697
vn 0.4391 0.2866 -0.8515
vn 0.4391 -0.2866 -0.8515
vn 0.1971 -0.7979 -0.5697
vn -0.1581 -0.9750 -0.1562
vn -0.5498 -0.7797 0.2997
vn -0.7693 -0.3160 0.5553
vn 0.2386 -0.8507 0.4684
vn 0.6426 -0.5000 0.5806
vn 0.0919 -0.5000 0.8611
vn -0.7580 -0.5257 0.3861
vn -0.3052 -0.8090 0.5023
vn -0.4939 -0.3090 0.8128
vn -0.7580 0.5257 0.3861
vn -0.8910 -0.0000 0.4539
vn -0.4939 0.3090 0.8128
vn 0.2386 0.8506 0.4685
vn -0.3052 0.8090 0.5023
vn 0.0919 0.5000 0.8611
vn 0.8546 -0.0000 0.5193
vn 0.6426 0.5000 0.5806
vn 0.4539 -0.0000 0.8910
vn -0.0823 -0.0000 0.9966
vn 0.9011 0.3160 0.2969
vn 0.5653 0.7797 0.2692
vn -0.0336 0.9750 0.2197
vn -0.5769 0.7979 0.1748
vn -0.9471 0.2866 0.1443
vn -0.9471 -0.2866 0.1443
vn -0.5769 -0.7979 0.1748
vn -0.0336 -0.9750 0.2197
vn 0.5653 -0.7797 0.2692
vn 0.9011 -0.3160 0.2969
vn 0.4412 -0.8506 0.2859
vn 0.8470 -0.5000 0.1807
vn 0.5109 -0.5000 0.6993
vn -0.4626 -0.5257 0.7139
vn -0.0126 -0.8090 0.5877
vn -0.0204 -0.3090 0.9508
vn -0.4626 0.5257 0.7139
vn -0.0204 0.3090 0.9508
vn 0.4412 0.8506 0.2859
vn -0.0126 0.8090 0.5876
vn 0.5109 0.5000 0.6993
vn 0.9998 -0.0000 0.0214
vn 0.8470 0.5000 0.1807
vn 0.8392 -0.0000 0.5438
vn 0.9286 0.3160 -0.1944
vn 0.6242 0.7797 -0.0502
vn 0.0809 0.9750 0.2070
vn -0.4118 0.7979 0.4403
vn -0.7475 0.2866 0.5993
vn -0.7475 -0.2866 0.5993
vn -0.4118 -0.7979 0.4403
vn 0.0809 -0.9750 0.2070
vn 0.6242 -0.7797 -0.0502
vn 0.9286 -0.3160 -0.1944
vn -0.2859 -0.8506 0.4412
vn -0.2859 0.8506 0.4412
vn -0.5245 -0.8506 0.0365
vn -0.5245 0.8506 0.0365
vn -0.8851 -0.0000 -0.4654
vn -0.6255 0.3160 0.7133
vn -0.0923 0.8506 0.5176
vn -0.6669 -0.0000 0.7451
vn 0.2885 -0.7797 0.5558
vn -0.5193 -0.8507 -0.0817
vn -0.5193 0.8506 -0.0817
vn -0.3053 -0.8090 0.5023
vn 0.2386 0.8507 0.4684
vn -0.3053 0.8090 0.5023
vn -0.0337 0.9750 0.2197
vn -0.0337 -0.9750 0.2197
vn -0.4412 -0.8507 -0.2859
vn -0.4412 0.8507 -0.2859
vn 0.4412 -0.8507 0.2859
vn -0.0126 0.8090 0.5877
vn 0.6241 0.7797 -0.0502
vn 0.6241 -0.7797 -0.0502
vn 0.1696 0.8506 0.4976
vn -0.4453 0.8506 0.2794
vn -0.2256 0.7979 -0.5590
vn -0.1756 -0.0000 0.9845
vn -0.9220 -0.0000 0.3871
vn -0.5769 0.7979 0.1749
vn -0.5769 -0.7979 0.1749
vn -0.9833 -0.0000 -0.1817
vn 0.4826 -0.0000 -0.8758
vn 0.9038 -0.0000 -0.4279
vn -0.9833 -0.0000 -0.1818
vt 0.181819 0.314921
vt 0.272728 0.314921
vt 0.227273 0.393651
vt 0.000000 0.314921
vt 0.090910 0.314921
vt 0.045455 0.393651
vt 0.727273 0.314921
vt 0.818182 0.314921
vt 0.772727 0.393651
vt 0.545455 0.314921
vt 0.636364 0.314921
vt 0.590909 0.393651
vt 0.363637 0.314921
vt 0.454546 0.314921
vt 0.409092 0.393651
vt 0.500000 0.393651
vt 0.454546 0.472382
vt 0.681818 0.393651
vt 0.636364 0.472382
vt 0.863636 0.393651
vt 0.818182 0.472382
vt 0.909091 0.314921
vt 0.136365 0.393651
vt 0.090910 0.472382
vt 0.318182 0.393651
vt 0.272728 0.472382
vt 0.409092 0.236191
vt 0.500000 0.236191
vt 0.590909 0.236191
vt 0.681818 0.236191
vt 0.772727 0.236191
vt 0.863636 0.236191
vt 0.045455 0.236191
vt 0.136365 0.236191
vt 0.227273 0.236191
vt 0.318182 0.236191
vt 0.954545 0.236191
vt 0.583114 0.937500
vt 0.625000 0.937500
vt 0.625000 1.000000
vt 0.583114 1.000000
vt 0.583114 0.437500
vt 0.625000 0.437500
vt 0.625000 0.500000
vt 0.583114 0.500000
vt 0.573106 0.619653
vt 0.583114 0.619653
vt 0.583114 0.629679
vt 0.573106 0.629679
vt 0.573106 0.070187
vt 0.583114 0.070187
vt 0.583114 0.080214
vt 0.573106 0.080214
vt 0.573106 0.150401
vt 0.583114 0.150401
vt 0.583114 0.160428
vt 0.573106 0.160428
vt 0.573106 0.437500
vt 0.573106 0.500000
vt 0.573106 0.937500
vt 0.573106 1.000000
vt 0.573106 0.750000
vt 0.583114 0.750000
vt 0.583114 0.812500
vt 0.573106 0.812500
vt 0.573106 0.859375
vt 0.583114 0.859375
vt 0.583114 0.875000
vt 0.573106 0.875000
vt 0.573106 0.921875
vt 0.583114 0.921875
vt 0.573106 0.250000
vt 0.583114 0.250000
vt 0.583114 0.312500
vt 0.573107 0.312500
vt 0.573106 0.359375
vt 0.583114 0.359375
vt 0.583114 0.375000
vt 0.573106 0.375000
vt 0.573106 0.421875
vt 0.583114 0.421875
vt 0.625000 0.250000
vt 0.625000 0.312500
vt 0.625000 0.359375
vt 0.625000 0.375000
vt 0.625000 0.421875
vt 0.625000 0.750000
vt 0.625000 0.812500
vt 0.625000 0.859375
vt 0.625000 0.875000
vt 0.625000 0.921875
vt 0.583114 0.890625
vt 0.625000 0.890625
vt 0.625000 0.906250
vt 0.583114 0.906250
vt 0.583114 0.328125
vt 0.625000 0.328125
vt 0.625000 0.343750
vt 0.583114 0.343750
vt 0.573106 0.328125
vt 0.573106 0.343750
vt 0.573106 0.890625
vt 0.573106 0.906250
vt 0.583114 0.828125
vt 0.625000 0.828125
vt 0.625000 0.843750
vt 0.583114 0.843750
vt 0.583114 0.390625
vt 0.625000 0.390625
vt 0.625000 0.406250
vt 0.583114 0.406250
vt 0.573106 0.390625
vt 0.573106 0.406250
vt 0.573106 0.828125
vt 0.573106 0.843750
vt 0.569257 0.750000
vt 0.569257 0.750000
vt 0.573106 0.750000
vt 0.573106 0.589572
vt 0.569257 0.589572
vt 0.569257 0.589572
vt 0.573106 0.040107
vt 0.569257 0.040107
vt 0.573106 0.120321
vt 0.569257 0.120321
vt 0.569257 0.120321
vt 0.573106 0.669786
vt 0.569257 0.669786
vt 0.569257 0.669786
vt 0.569257 1.000000
vt 0.569257 0.709893
vt 0.573106 0.709893
vt 0.569257 0.000000
vt 0.573106 0.000000
vt 0.569257 0.080214
vt 0.569257 0.629679
vt 0.569257 0.406250
vt 0.569257 0.421875
vt 0.569257 0.812500
vt 0.569257 0.828125
vt 0.569257 0.906250
vt 0.569257 0.921875
vt 0.569258 0.312500
vt 0.569257 0.328125
vt 0.569257 0.343750
vt 0.569257 0.359375
vt 0.569257 0.875000
vt 0.569257 0.890625
vt 0.569257 0.843750
vt 0.569257 0.859375
vt 0.569257 0.375000
vt 0.569257 0.390625
vt 0.569257 0.160428
vt 0.569257 0.437500
vt 0.569257 0.250000
vt 0.569257 0.937500
vt 0.569257 0.500000
vt 0.569257 0.150401
vt 0.569257 0.070187
vt 0.569257 0.619653
vt 0.646384 0.699866
vt 0.644739 0.709893
vt 0.612833 0.709893
vt 0.613594 0.699866
vt 0.613594 0.619653
vt 0.612833 0.629679
vt 0.812500 0.619653
vt 0.848682 0.619653
vt 0.848682 0.629679
vt 0.812500 0.629679
vt 0.687500 0.699866
vt 0.687500 0.709893
vt 0.583114 0.699866
vt 0.583114 0.709893
vt 0.583114 0.577145
vt 0.583186 0.583359
vt 0.579392 0.589572
vt 0.583385 0.587907
vt 0.583656 0.589572
vt 0.579392 0.160428
vt 0.583114 0.160428
vt 0.583114 0.033480
vt 0.583186 0.036794
vt 0.579392 0.040107
vt 0.583385 0.039219
vt 0.579392 0.040107
vt 0.583656 0.040107
vt 0.579392 0.080214
vt 0.583114 0.080214
vt 0.583114 0.114842
vt 0.583186 0.117581
vt 0.579392 0.120321
vt 0.583385 0.119587
vt 0.583656 0.120321
vt 0.579392 0.629679
vt 0.583114 0.664307
vt 0.583187 0.667047
vt 0.579392 0.669786
vt 0.583387 0.669052
vt 0.579392 0.669786
vt 0.583656 0.669786
vt 0.579392 0.709893
vt 0.765625 0.589572
vt 0.750000 0.589572
vt 0.750000 0.583359
vt 0.765627 0.583359
vt 0.750000 0.577145
vt 0.765625 0.577145
vt 0.703125 0.589572
vt 0.687500 0.589572
vt 0.687590 0.583370
vt 0.703055 0.583359
vt 0.687500 0.577145
vt 0.703125 0.577145
vt 0.765625 0.635158
vt 0.750000 0.635158
vt 0.750000 0.632419
vt 0.765627 0.632419
vt 0.750000 0.629679
vt 0.765625 0.629679
vt 0.703125 0.635158
vt 0.687500 0.635158
vt 0.687548 0.632419
vt 0.703055 0.632419
vt 0.687500 0.629679
vt 0.703125 0.629679
vt 0.765625 0.669786
vt 0.750000 0.669786
vt 0.750000 0.667047
vt 0.765627 0.667047
vt 0.750000 0.664307
vt 0.765625 0.664307
vt 0.703125 0.669786
vt 0.687500 0.669786
vt 0.687568 0.667047
vt 0.703055 0.667047
vt 0.687500 0.664307
vt 0.703125 0.664307
vt 0.765625 0.716520
vt 0.750000 0.716520
vt 0.750000 0.713206
vt 0.765627 0.713206
vt 0.750000 0.709893
vt 0.765625 0.709893
vt 0.703125 0.716520
vt 0.687500 0.716520
vt 0.687563 0.713194
vt 0.703055 0.713206
vt 0.687500 0.709893
vt 0.703125 0.709893
vt 0.796875 0.589572
vt 0.781250 0.589572
vt 0.781249 0.583359
vt 0.796945 0.583359
vt 0.781250 0.577145
vt 0.796875 0.577145
vt 0.796875 0.635158
vt 0.781250 0.635158
vt 0.781249 0.632419
vt 0.796945 0.632419
vt 0.781250 0.629679
vt 0.796875 0.629679
vt 0.796875 0.669786
vt 0.781250 0.669786
vt 0.781249 0.667047
vt 0.796945 0.667047
vt 0.781250 0.664307
vt 0.796875 0.664307
vt 0.796875 0.716520
vt 0.781250 0.716520
vt 0.781249 0.713206
vt 0.796945 0.713207
vt 0.781250 0.709893
vt 0.796875 0.709893
vt 0.734375 0.589572
vt 0.718750 0.589572
vt 0.718751 0.583359
vt 0.734373 0.583359
vt 0.718750 0.577145
vt 0.734375 0.577145
vt 0.734375 0.635158
vt 0.718750 0.635158
vt 0.718751 0.632419
vt 0.734373 0.632419
vt 0.718750 0.629679
vt 0.734375 0.629679
vt 0.734375 0.669786
vt 0.718750 0.669786
vt 0.718751 0.667047
vt 0.734373 0.667047
vt 0.718750 0.664307
vt 0.734375 0.664307
vt 0.734375 0.716520
vt 0.718750 0.716520
vt 0.718751 0.713206
vt 0.734373 0.713206
vt 0.718750 0.709893
vt 0.734375 0.709893
vt 0.812500 0.589572
vt 0.812462 0.583359
vt 0.812500 0.577145
vt 0.812500 0.635158
vt 0.812462 0.632419
vt 0.812500 0.669786
vt 0.812462 0.667047
vt 0.812500 0.664307
vt 0.812500 0.716520
vt 0.812462 0.713207
vt 0.812500 0.709893
vt 0.649624 0.717629
vt 0.614477 0.716520
vt 0.614479 0.713211
vt 0.651051 0.713740
vt 0.614429 0.709893
vt 0.651121 0.709893
vt 0.614251 0.709893
vt 0.650400 0.709893
vt 0.625000 0.174096
vt 0.613820 0.172855
vt 0.613709 0.166647
vt 0.624955 0.167253
vt 0.613721 0.160428
vt 0.647709 0.203997
vt 0.613622 0.160428
vt 0.670419 0.247566
vt 0.613820 0.577145
vt 0.644921 0.576214
vt 0.645811 0.582911
vt 0.613752 0.583355
vt 0.646511 0.589572
vt 0.614027 0.589572
vt 0.647054 0.589572
vt 0.614233 0.589572
vt 0.651039 0.635158
vt 0.614500 0.635158
vt 0.614495 0.632419
vt 0.651734 0.632419
vt 0.614429 0.629679
vt 0.651121 0.629679
vt 0.614251 0.629679
vt 0.650400 0.629679
vt 0.613928 0.664307
vt 0.646770 0.664307
vt 0.646700 0.667047
vt 0.613812 0.667047
vt 0.646511 0.669786
vt 0.614027 0.669786
vt 0.647054 0.669786
vt 0.614233 0.669786
vt 0.613820 0.033480
vt 0.625000 0.033480
vt 0.624955 0.040107
vt 0.613960 0.039203
vt 0.847370 0.711196
vt 0.848211 0.709893
vt 0.613721 0.040107
vt 0.848264 0.709893
vt 0.613622 0.040107
vt 0.625000 0.085693
vt 0.613820 0.085693
vt 0.613709 0.082953
vt 0.624955 0.082953
vt 0.613721 0.080214
vt 0.647709 0.140071
vt 0.613622 0.080214
vt 0.670419 0.199927
vt 0.613820 0.114842
vt 0.625000 0.114842
vt 0.624955 0.120321
vt 0.613960 0.119523
vt 0.847370 0.630816
vt 0.848211 0.629679
vt 0.613721 0.120321
vt 0.848264 0.629679
vt 0.613622 0.120321
vt 0.848158 0.716520
vt 0.583114 0.040107
vt 0.583114 0.716520
vt 0.583188 0.713206
vt 0.848264 0.589572
vt 0.848211 0.589572
vt 0.847451 0.583359
vt 0.848158 0.577145
vt 0.583186 0.166641
vt 0.583114 0.172855
vt 0.583114 0.589572
vt 0.583114 0.635158
vt 0.583188 0.632419
vt 0.583114 0.669786
vt 0.583114 0.669786
vt 0.848158 0.635158
vt 0.848264 0.669786
vt 0.848211 0.669786
vt 0.847451 0.667047
vt 0.848158 0.664307
vt 0.583186 0.082953
vt 0.583114 0.085693
vt 0.583114 0.120321
vt 0.651318 0.589572
vt 0.644739 0.629679
vt 0.651318 0.669786
vt 0.615875 0.589572
vt 0.612833 0.160428
vt 0.612833 0.040107
vt 0.612833 0.080214
vt 0.612833 0.120321
vt 0.615875 0.669786
vt 0.848682 0.589572
vt 0.848682 0.669786
vt 0.848682 0.709893
vt 0.583114 0.000000
vt 0.583114 0.001109
vt 0.578464 0.000000
vt 0.583114 0.004140
vt 0.583114 0.008279
vt 0.583114 0.741721
vt 0.583211 0.745861
vt 0.578464 0.750000
vt 0.583476 0.748891
vt 0.583833 0.750000
vt 0.734375 0.741721
vt 0.750000 0.741721
vt 0.750000 0.750000
vt 0.734373 0.750000
vt 0.625000 0.859373
vt 0.625000 0.859375
vt 0.796875 0.741721
vt 0.812500 0.741721
vt 0.812500 0.750000
vt 0.796966 0.750000
vt 0.625000 0.921966
vt 0.765625 0.515526
vt 0.750000 0.515526
vt 0.750000 0.500000
vt 0.765627 0.500000
vt 0.625000 0.359373
vt 0.703125 0.515526
vt 0.687500 0.515526
vt 0.687500 0.500000
vt 0.703034 0.500000
vt 0.625000 0.421966
vt 0.765625 0.741721
vt 0.781250 0.741721
vt 0.781248 0.750000
vt 0.765627 0.750000
vt 0.625000 0.890627
vt 0.625000 0.906248
vt 0.796875 0.515526
vt 0.781250 0.515526
vt 0.781248 0.500000
vt 0.796966 0.500000
vt 0.625000 0.328034
vt 0.625000 0.343752
vt 0.703125 0.741721
vt 0.718750 0.741721
vt 0.718751 0.750000
vt 0.703034 0.750000
vt 0.625000 0.828034
vt 0.625000 0.843752
vt 0.625000 0.828125
vt 0.734375 0.515526
vt 0.718750 0.515526
vt 0.718752 0.500000
vt 0.734373 0.500000
vt 0.625000 0.390627
vt 0.625000 0.406248
vt 0.812500 0.515526
vt 0.812500 0.500000
vt 0.687500 0.741721
vt 0.687500 0.750000
vt 0.573106 0.515526
vt 0.569257 0.515526
vt 0.569077 0.507763
vt 0.573106 0.507763
vt 0.569077 0.242237
vt 0.573106 0.242237
vt 0.569257 0.234474
vt 0.573106 0.234474
vt 0.583114 0.515526
vt 0.583161 0.507763
vt 0.583114 0.250000
vt 0.583161 0.242237
vt 0.583114 0.234474
vt 0.625000 0.008279
vt 0.613820 0.008279
vt 0.613840 0.002760
vt 0.624787 0.000000
vt 0.624894 0.986566
vt 0.614038 0.999739
vt 0.614789 1.000000
vt 0.625000 0.988512
vt 0.617019 1.000000
vt 0.625000 0.990444
vt 0.613983 0.741721
vt 0.641191 0.747046
vt 0.638899 0.754317
vt 0.614133 0.745909
vt 0.636489 0.755744
vt 0.615419 0.750000
vt 0.634556 0.754778
vt 0.617019 0.750000
vt 0.613820 0.234474
vt 0.625000 0.241871
vt 0.624860 0.253271
vt 0.613889 0.242303
vt 0.625000 0.257670
vt 0.615401 0.250000
vt 0.625000 0.256393
vt 0.616982 0.250000
vt 0.639729 0.509979
vt 0.613820 0.515526
vt 0.614035 0.507714
vt 0.638550 0.497440
vt 0.615401 0.500000
vt 0.636505 0.494247
vt 0.616982 0.500000
vt 0.634590 0.495205
vt 0.583210 0.004140
vt 0.583473 0.000000
vt 0.613528 0.000000
vt 0.583474 1.000000
vt 0.583114 1.000000
vt 0.847954 0.750000
vt 0.848158 0.741721
vt 0.847956 0.500000
vt 0.848158 0.515526
vt 0.578464 1.000000
vt 0.755283 0.589572
vt 0.750086 0.589572
vt 0.745010 0.589572
vt 0.744717 0.629679
vt 0.749914 0.629679
vt 0.754990 0.629679
vt 0.755283 0.669786
vt 0.750086 0.669786
vt 0.750000 0.669786
vt 0.745010 0.669786
vt 0.744717 0.709893
vt 0.749914 0.709893
vt 0.754990 0.709893
vt 0.786730 0.589572
vt 0.781305 0.589572
vt 0.775957 0.589572
vt 0.775240 0.629679
vt 0.781190 0.629679
vt 0.787055 0.629679
vt 0.786730 0.669786
vt 0.781305 0.669786
vt 0.781250 0.669786
vt 0.775957 0.669786
vt 0.775240 0.709893
vt 0.781190 0.709893
vt 0.781250 0.709893
vt 0.787055 0.709893
vt 0.724760 0.589572
vt 0.718810 0.589572
vt 0.712946 0.589572
vt 0.713270 0.629679
vt 0.718695 0.629679
vt 0.724043 0.629679
vt 0.724760 0.669786
vt 0.718810 0.669786
vt 0.718750 0.669786
vt 0.712945 0.669786
vt 0.713270 0.709893
vt 0.718695 0.709893
vt 0.718750 0.709893
vt 0.724043 0.709893
vt 0.739658 0.589572
vt 0.734425 0.589572
vt 0.729264 0.589572
vt 0.728365 0.629679
vt 0.734318 0.629679
vt 0.740189 0.629679
vt 0.739658 0.669786
vt 0.734425 0.669786
vt 0.734375 0.669786
vt 0.729264 0.669786
vt 0.728365 0.709893
vt 0.734318 0.709893
vt 0.740189 0.709893
vt 0.771635 0.589572
vt 0.765682 0.589572
vt 0.759811 0.589572
vt 0.760342 0.629679
vt 0.765575 0.629679
vt 0.770736 0.629679
vt 0.771635 0.669786
vt 0.765682 0.669786
vt 0.765625 0.669786
vt 0.759811 0.669786
vt 0.760342 0.709893
vt 0.765575 0.709893
vt 0.770736 0.709893
vt 0.803408 0.589572
vt 0.796972 0.589572
vt 0.790674 0.589572
vt 0.791395 0.629679
vt 0.796793 0.629679
vt 0.802076 0.629679
vt 0.803408 0.669786
vt 0.796972 0.669786
vt 0.796875 0.669786
vt 0.790675 0.669786
vt 0.791395 0.709893
vt 0.796793 0.709893
vt 0.796875 0.709893
vt 0.802076 0.709893
vt 0.708605 0.589572
vt 0.703207 0.589572
vt 0.697924 0.589572
vt 0.696592 0.629679
vt 0.703028 0.629679
vt 0.709326 0.629679
vt 0.708605 0.669786
vt 0.703207 0.669786
vt 0.703125 0.669786
vt 0.697924 0.669786
vt 0.696592 0.709893
vt 0.703028 0.709893
vt 0.703125 0.709893
vt 0.709326 0.709893
vt 0.755283 0.699866
vt 0.755283 0.709893
vt 0.750000 0.699866
vt 0.744717 0.699866
vt 0.755283 0.619653
vt 0.755283 0.629679
vt 0.750000 0.619653
vt 0.744717 0.619653
vt 0.786730 0.619653
vt 0.786730 0.629679
vt 0.781250 0.619653
vt 0.775240 0.619653
vt 0.786730 0.699866
vt 0.786730 0.709893
vt 0.781250 0.699866
vt 0.775240 0.699866
vt 0.724760 0.619653
vt 0.724760 0.629679
vt 0.718750 0.619653
vt 0.713270 0.619653
vt 0.724760 0.699866
vt 0.724760 0.709893
vt 0.718750 0.699866
vt 0.713270 0.699866
vt 0.739658 0.619653
vt 0.739658 0.629679
vt 0.734375 0.619653
vt 0.728365 0.619653
vt 0.739658 0.699866
vt 0.739658 0.709893
vt 0.734375 0.699866
vt 0.728365 0.699866
vt 0.771635 0.699866
vt 0.771635 0.709893
vt 0.765625 0.699866
vt 0.760342 0.699866
vt 0.771635 0.619653
vt 0.771635 0.629679
vt 0.765625 0.619653
vt 0.760342 0.619653
vt 0.803408 0.619652
vt 0.803408 0.629679
vt 0.796875 0.619653
vt 0.791395 0.619652
vt 0.803408 0.699866
vt 0.803408 0.709893
vt 0.796875 0.699866
vt 0.791395 0.699866
vt 0.708605 0.699866
vt 0.708605 0.709893
vt 0.703125 0.699866
vt 0.696592 0.699866
vt 0.708605 0.619652
vt 0.708605 0.629679
vt 0.703125 0.619653
vt 0.696592 0.619652
vt 0.760342 0.589572
vt 0.744717 0.589572
vt 0.760342 0.669786
vt 0.744717 0.669786
vt 0.791395 0.589572
vt 0.775240 0.589572
vt 0.791395 0.669786
vt 0.775240 0.669786
vt 0.728365 0.589572
vt 0.713270 0.589572
vt 0.728365 0.669786
vt 0.713270 0.669786
vt 0.812500 0.699866
vt 0.696592 0.589572
vt 0.687500 0.619653
vt 0.696592 0.669786
vt 0.687500 0.599599
vt 0.696592 0.599599
vt 0.696592 0.609626
vt 0.687500 0.609626
vt 0.803408 0.599599
vt 0.812500 0.599599
vt 0.812500 0.609626
vt 0.803408 0.609626
vt 0.708605 0.599599
vt 0.713270 0.599599
vt 0.713270 0.609626
vt 0.708605 0.609626
vt 0.724760 0.599599
vt 0.728365 0.599599
vt 0.728365 0.609626
vt 0.724760 0.609626
vt 0.771635 0.599599
vt 0.775240 0.599599
vt 0.775240 0.609626
vt 0.771635 0.609626
vt 0.786730 0.599599
vt 0.791395 0.599599
vt 0.791395 0.609626
vt 0.786730 0.609626
vt 0.739658 0.599599
vt 0.744717 0.599599
vt 0.744717 0.609626
vt 0.739658 0.609626
vt 0.755283 0.599599
vt 0.760342 0.599599
vt 0.760342 0.609626
vt 0.755283 0.609626
vt 0.703125 0.599599
vt 0.703125 0.609626
vt 0.796875 0.599599
vt 0.796875 0.609626
vt 0.765625 0.599599
vt 0.765625 0.609626
vt 0.734375 0.599599
vt 0.734375 0.609626
vt 0.718750 0.599599
vt 0.718750 0.609626
vt 0.781250 0.599599
vt 0.781250 0.609626
vt 0.750000 0.599599
vt 0.750000 0.609626
vt 0.583114 0.130348
vt 0.612833 0.130348
vt 0.612833 0.140374
vt 0.583114 0.140374
vt 0.848682 0.599599
vt 0.848682 0.609626
vt 0.625000 0.130348
vt 0.625000 0.140374
vt 0.569257 0.599599
vt 0.573106 0.599599
vt 0.573106 0.609626
vt 0.569257 0.609626
vt 0.573106 0.130348
vt 0.573106 0.140374
vt 0.583114 0.599599
vt 0.583114 0.609626
vt 0.649674 0.599599
vt 0.569257 0.130348
vt 0.625000 0.120321
vt 0.614354 0.609626
vt 0.696592 0.679813
vt 0.687500 0.679813
vt 0.696592 0.689840
vt 0.687500 0.689840
vt 0.812500 0.679813
vt 0.803408 0.679813
vt 0.812500 0.689840
vt 0.803408 0.689840
vt 0.713270 0.679813
vt 0.708605 0.679813
vt 0.713270 0.689840
vt 0.708605 0.689840
vt 0.728365 0.679813
vt 0.724760 0.679813
vt 0.728365 0.689840
vt 0.724760 0.689840
vt 0.775240 0.679813
vt 0.771635 0.679813
vt 0.775240 0.689840
vt 0.771635 0.689840
vt 0.791395 0.679813
vt 0.786730 0.679813
vt 0.791395 0.689840
vt 0.786730 0.689840
vt 0.744717 0.679813
vt 0.739658 0.679813
vt 0.744717 0.689840
vt 0.739658 0.689840
vt 0.760342 0.679813
vt 0.755283 0.679813
vt 0.760342 0.689840
vt 0.755283 0.689840
vt 0.703125 0.679813
vt 0.703125 0.689839
vt 0.796875 0.679813
vt 0.796875 0.689839
vt 0.765625 0.679813
vt 0.765625 0.689840
vt 0.734375 0.679813
vt 0.734375 0.689840
vt 0.718750 0.679813
vt 0.718750 0.689839
vt 0.781250 0.679813
vt 0.781250 0.689839
vt 0.750000 0.679813
vt 0.750000 0.689839
vt 0.612833 0.050134
vt 0.583114 0.050134
vt 0.848682 0.679813
vt 0.848682 0.689840
vt 0.615115 0.679813
vt 0.583114 0.679813
vt 0.614354 0.689840
vt 0.583114 0.689840
vt 0.648029 0.689840
vt 0.573106 0.050134
vt 0.569257 0.050134
vt 0.648173 0.608744
vt 0.665228 0.609626
vt 0.647884 0.610508
vt 0.633765 0.609626
vt 0.615181 0.598717
vt 0.629753 0.599599
vt 0.615048 0.600481
vt 0.608737 0.599599
vt 0.617987 0.150401
vt 0.612833 0.151283
vt 0.606910 0.150401
vt 0.612833 0.149519
vt 0.632495 0.619653
vt 0.646528 0.618771
vt 0.664299 0.619653
vt 0.646239 0.620534
vt 0.577757 0.060160
vt 0.573106 0.061023
vt 0.571530 0.060160
vt 0.573106 0.059298
vt 0.577757 0.679813
vt 0.573106 0.680675
vt 0.571530 0.679813
vt 0.573106 0.678951
vt 0.573106 0.700728
vt 0.571530 0.699866
vt 0.573106 0.699004
vt 0.577757 0.699866
vt 0.649815 0.678951
vt 0.666156 0.679813
vt 0.649532 0.680675
vt 0.635035 0.679813
vt 0.625000 0.049272
vt 0.625000 0.050134
vt 0.625000 0.050565
vt 0.619846 0.050134
vt 0.612833 0.071049
vt 0.606910 0.070187
vt 0.612833 0.069325
vt 0.617987 0.070187
vt 0.612833 0.061023
vt 0.606910 0.060160
vt 0.612833 0.059298
vt 0.617987 0.060160
vt 0.570834 0.140374
vt 0.569257 0.139492
vt 0.569257 0.141256
vt 0.625000 0.150401
vt 0.625000 0.160428
vt 0.583114 0.060160
vt 0.569257 0.060160
vt 0.569257 0.679813
vt 0.573106 0.689840
vt 0.569257 0.689839
vt 0.569257 0.699866
vt 0.625000 0.040107
vt 0.832916 0.699866
vt 0.848682 0.700728
vt 0.625000 0.060160
vt 0.848682 0.699004
vt 0.625000 0.070187
vt 0.625000 0.080214
vt 0.875000 0.687500
vt 0.875000 0.625000
vt 0.875000 0.625000
vt 0.875000 0.687500
vt 0.875000 0.562500
vt 0.875000 0.562500
vt 0.125000 0.562500
vt 0.125000 0.625000
vt 0.125000 0.687500
vt 0.625000 0.562500
vt 0.625000 0.625000
vt 0.625000 0.562500
vt 0.625000 0.687500
vt 0.375000 0.687500
vt 0.375000 0.625000
vt 0.375000 0.687500
vt 0.375000 0.562500
vt 0.375000 0.562500
vt 0.625000 0.687500
vt 0.375000 0.687500
vt 0.375000 0.625000
vt 0.125000 0.562500
vt 0.125000 0.562500
vt 0.875000 0.625000
vt 0.875000 0.562500
vt 0.875000 0.687500
vt 0.375000 0.562500
vt 0.125000 0.687500
vt 0.625000 0.687500
vt 0.375000 0.625000
vt 0.812500 0.562500
vt 0.812500 0.625000
vt 0.812500 0.687500
vt 0.312500 0.562500
vt 0.312500 0.625000
vt 0.312500 0.687500
vt 0.187500 0.625000
vt 0.187500 0.687500
vt 0.187500 0.562500
vt 0.187500 0.500000
vt 0.250000 0.500000
vt 0.250000 0.562500
vt 0.312500 0.500000
vt 0.687500 0.625000
vt 0.687500 0.687500
vt 0.687500 0.562500
vt 0.687500 0.500000
vt 0.750000 0.562500
vt 0.250000 0.500000
vt 0.187500 0.500000
vt 0.750000 0.500000
vt 0.687500 0.500000
vt 0.187500 0.500000
vt 0.187500 0.750000
vt 0.250000 0.750000
vt 0.250000 0.750000
vt 0.312500 0.750000
vt 0.750000 0.750000
vt 0.812500 0.750000
vt 0.250000 0.750000
vt 0.187500 0.750000
vt 0.312500 0.500000
vt 0.250000 0.500000
vt 0.187500 0.500000
vt 0.812500 0.500000
vt 0.750000 0.687500
vt 0.687500 0.750000
vt 0.250000 0.687500
vt 0.187500 0.750000
vt 0.812500 0.500000
vt 0.750000 0.500000
vt 0.687500 0.500000
vt 0.793759 0.625000
vt 0.750000 0.573132
vt 0.750000 0.676868
vt 0.706241 0.625000
vt 0.750000 0.586617
vt 0.717618 0.625000
vt 0.782382 0.625000
vt 0.750000 0.663383
vt 0.768134 0.641889
vt 0.775535 0.633115
vt 0.731866 0.608111
vt 0.735752 0.646494
vt 0.750000 0.663383
vt 0.764248 0.603506
vt 0.600108 0.500000
vt 0.600108 0.500000
vt 0.635558 0.500000
vt 0.636811 0.500000
vt 0.600108 0.250000
vt 0.600109 0.250000
vt 0.875000 0.500000
vt 0.869461 0.505219
vt 0.862849 0.500000
vt 0.137151 0.500000
vt 0.130539 0.505219
vt 0.125000 0.500000
vt 0.375000 0.250000
vt 0.399893 0.250000
vt 0.399892 0.250000
vt 0.363189 0.500000
vt 0.364442 0.500000
vt 0.375000 0.500000
vt 0.399892 0.500000
vt 0.399892 0.500000
vt 0.125000 0.511756
vt 0.125000 0.512306
vt 0.399894 0.250000
vt 0.399893 0.250000
vt 0.875000 0.511756
vt 0.875000 0.738132
vt 0.875000 0.737644
vt 0.875000 0.750000
vt 0.600108 1.000000
vt 0.125000 0.738140
vt 0.129884 0.745399
vt 0.125000 0.750000
vt 0.375000 1.000000
vt 0.401505 1.000000
vt 0.399935 1.000000
vt 0.600108 0.750000
vt 0.600108 0.750000
vt 0.625000 0.737644
vt 0.625000 0.738132
vt 0.600109 0.500000
vt 0.625000 0.500000
vt 0.630539 0.505219
vt 0.625000 0.511756
vt 0.375000 0.511756
vt 0.369461 0.505219
vt 0.399893 0.500000
vt 0.399893 0.500000
vt 0.375000 0.738140
vt 0.375000 0.737651
vt 0.375000 0.750000
vt 0.399925 0.750000
vt 0.399935 0.750000
vt 0.375000 0.737170
vt 0.375000 0.736689
vt 0.375000 0.750000
vt 0.399916 0.750000
vt 0.399920 0.750000
vt 0.625000 0.737163
vt 0.600108 0.750000
vt 0.399894 0.500000
vt 0.399894 0.500000
vt 0.375000 0.500000
vt 0.375000 0.513269
vt 0.375000 0.512788
vt 0.125000 0.512788
vt 0.125000 0.513269
vt 0.399894 0.250000
vt 0.399894 0.250000
vt 0.875000 0.512788
vt 0.875000 0.512306
vt 0.875000 0.737163
vt 0.875000 0.736683
vt 0.600108 1.000000
vt 0.125000 0.737170
vt 0.125000 0.737651
vt 0.399925 1.000000
vt 0.399920 1.000000
vt 0.625000 0.500000
vt 0.625000 0.512306
vt 0.625000 0.512788
vt 0.600108 0.250000
vt 0.875000 0.509884
vt 0.875000 0.513269
vt 0.600108 1.000000
vt 0.875000 0.740083
vt 0.399916 1.000000
vt 0.399910 1.000000
vt 0.125000 0.740087
vt 0.125000 0.736689
vt 0.399895 0.250000
vt 0.125000 0.509884
vt 0.375000 0.740087
vt 0.399910 0.750000
vt 0.625000 0.740083
vt 0.625000 0.736683
vt 0.399895 0.500000
vt 0.375000 0.509884
vt 0.625000 0.513269
vt 0.625000 0.509884
vt 0.633131 0.500000
vt 0.864442 0.500000
vt 0.866869 0.500000
vt 0.133131 0.500000
vt 0.135558 0.500000
vt 0.399892 0.250000
vt 0.399892 0.250000
vt 0.366869 0.500000
vt 0.399892 0.500000
vt 0.134600 0.748566
vt 0.136734 0.750000
vt 0.125000 0.750000
vt 0.375000 1.000000
vt 0.401508 1.000000
vt 0.401507 1.000000
vt 0.865380 0.748571
vt 0.870082 0.745414
vt 0.598548 1.000000
vt 0.401507 0.750000
vt 0.401508 0.750000
vt 0.363266 0.750000
vt 0.365400 0.748566
vt 0.598548 0.750000
vt 0.629918 0.745414
vt 0.634619 0.748571
vt 0.401515 0.750000
vt 0.365186 0.750000
vt 0.401515 1.000000
vt 0.134814 0.750000
vt 0.865173 0.750000
vt 0.863252 0.750000
vt 0.598548 1.000000
vt 0.636748 0.750000
vt 0.634827 0.750000
vt 0.866671 0.750000
vt 0.598548 0.750000
vt 0.633329 0.750000
vt 0.366684 0.750000
vt 0.401527 0.750000
vt 0.401527 1.000000
vt 0.133316 0.750000
vt 0.638064 0.500000
vt 0.637151 0.500000
vt 0.861936 0.500000
vt 0.863189 0.500000
vt 0.136811 0.500000
vt 0.138064 0.500000
vt 0.399892 0.250000
vt 0.399892 0.250000
vt 0.362849 0.500000
vt 0.361936 0.500000
vt 0.375000 0.500000
vt 0.399892 0.500000
vt 0.399892 0.500000
vt 0.134112 0.500000
vt 0.186045 0.500000
vt 0.199676 0.500000
vt 0.249730 0.500000
vt 0.634112 0.500000
vt 0.686045 0.500000
vt 0.650163 0.500000
vt 0.365888 0.500000
vt 0.399892 0.500000
vt 0.399892 0.250000
vt 0.865888 0.500000
vt 0.125000 0.739586
vt 0.125000 0.689085
vt 0.375000 0.060915
vt 0.375000 0.000000
vt 0.399906 0.000000
vt 0.399902 0.062500
vt 0.875000 0.510386
vt 0.875000 0.560915
vt 0.625000 0.189085
vt 0.600108 0.187500
vt 0.375000 0.510386
vt 0.375000 0.560915
vt 0.399896 0.500000
vt 0.399898 0.562500
vt 0.625000 0.739581
vt 0.625000 0.689085
vt 0.600108 0.687500
vt 0.625000 0.510386
vt 0.875000 0.739581
vt 0.399906 1.000000
vt 0.375000 1.000000
vt 0.399896 0.250000
vt 0.125000 0.510386
vt 0.375000 0.739585
vt 0.399906 0.750000
vt 0.366462 0.750000
vt 0.313749 0.750000
vt 0.375000 0.811251
vt 0.399964 0.750000
vt 0.399956 0.812500
vt 0.866438 0.750000
vt 0.813788 0.750000
vt 0.625000 0.938788
vt 0.600108 0.937500
vt 0.633562 0.750000
vt 0.399964 1.000000
vt 0.133538 0.750000
vt 0.375000 0.512306
vt 0.399894 0.500000
vt 0.370116 0.745399
vt 0.401505 0.750000
vt 0.125000 0.560915
vt 0.375000 0.189085
vt 0.399898 0.187500
vt 0.375000 0.125000
vt 0.399900 0.125000
vt 0.875000 0.689085
vt 0.625000 0.000000
vt 0.625000 0.060915
vt 0.600108 0.062500
vt 0.600108 0.000000
vt 0.625000 0.125000
vt 0.600108 0.125000
vt 0.375000 0.689085
vt 0.399902 0.687500
vt 0.399900 0.625000
vt 0.625000 0.560915
vt 0.600108 0.562500
vt 0.600108 0.625000
vt 0.313955 0.500000
vt 0.349838 0.500000
vt 0.250000 0.500000
vt 0.299784 0.500000
vt 0.813955 0.500000
vt 0.750271 0.500000
vt 0.800325 0.500000
vt 0.700217 0.500000
vt 0.186251 0.750000
vt 0.375000 0.938749
vt 0.399956 0.937500
vt 0.375000 0.875000
vt 0.399954 0.875000
vt 0.686211 0.750000
vt 0.625000 0.811211
vt 0.600108 0.812500
vt 0.600108 0.875000
vt 0.295445 0.625000
vt 0.250000 0.571089
vt 0.250000 0.678911
vt 0.204619 0.625000
vt 0.286980 0.625000
vt 0.250005 0.581132
vt 0.213074 0.625000
vt 0.250005 0.668868
vt 0.229013 0.643933
vt 0.234215 0.650113
vt 0.234815 0.599175
vt 0.265213 0.650825
vt 0.271128 0.606193
vt 0.625000 0.050282
vt 0.375000 0.050282
vt 0.625000 0.300282
vt 0.375000 0.300282
vt 0.375000 0.199718
vt 0.625000 0.199718
vt 0.125000 0.550282
vt 0.175282 0.500000
vt 0.175282 0.750000
vt 0.125000 0.699718
vt 0.625000 0.949718
vt 0.375000 0.949718
vt 0.824718 0.500000
vt 0.875000 0.550282
vt 0.875000 0.699718
vt 0.824718 0.750000
s 1
usemtl Dunkles_Metall
f 1/1/1 17/2/2 22/3/3
f 2/4/4 18/5/5 24/6/6
f 3/7/7 19/8/8 25/9/9
f 4/10/10 20/11/11 26/12/12
f 5/13/13 21/14/14 23/15/15
f 23/15/15 26/16/12 6/17/16
f 23/15/15 21/14/14 26/16/12
f 21/14/14 4/10/10 26/16/12
f 26/12/12 25/18/9 6/19/16
f 26/12/12 20/11/11 25/18/9
f 20/11/11 3/7/7 25/18/9
f 25/9/9 24/20/6 6/21/16
f 25/9/9 19/8/8 24/20/6
f 19/8/8 2/22/4 24/20/6
f 24/6/6 22/23/3 6/24/16
f 24/6/6 18/5/5 22/23/3
f 18/5/5 1/1/1 22/23/3
f 22/3/3 23/25/15 6/26/16
f 22/3/3 17/2/2 23/25/15
f 17/2/2 5/13/13 23/25/15
f 8/27/17 21/14/14 5/13/13
f 8/27/17 15/28/18 21/14/14
f 15/28/18 4/10/10 21/14/14
f 16/29/19 20/11/11 4/10/10
f 16/29/19 13/30/20 20/11/11
f 13/30/20 3/7/7 20/11/11
f 14/31/21 19/8/8 3/7/7
f 14/31/21 11/32/22 19/8/8
f 11/32/22 2/22/4 19/8/8
f 12/33/23 18/5/5 2/4/4
f 12/33/23 9/34/24 18/5/5
f 9/34/24 1/1/1 18/5/5
f 10/35/25 17/2/2 1/1/1
f 10/35/25 7/36/26 17/2/2
f 7/36/26 5/13/13 17/2/2
f 15/28/18 16/29/19 4/10/10
f 13/30/20 14/31/21 3/7/7
f 11/32/22 12/37/23 2/22/4
f 9/34/24 10/35/25 1/1/1
f 7/36/26 8/27/17 5/13/13
f 1484/1/671 1500/2/672 1505/3/673
f 1485/4/674 1501/5/675 1507/6/676
f 1486/7/677 1502/8/15 1508/9/678
f 1487/10/679 1503/11/680 1509/12/681
f 1488/13/682 1504/14/683 1506/15/684
f 1506/15/684 1509/16/681 1489/17/33
f 1506/15/684 1504/14/683 1509/16/681
f 1504/14/683 1487/10/679 1509/16/681
f 1509/12/681 1508/18/678 1489/19/33
f 1509/12/681 1503/11/680 1508/18/678
f 1503/11/680 1486/7/677 1508/18/678
f 1508/9/678 1507/20/676 1489/21/33
f 1508/9/678 1502/8/15 1507/20/676
f 1502/8/15 1485/22/674 1507/20/676
f 1507/6/676 1505/23/673 1489/24/33
f 1507/6/676 1501/5/675 1505/23/673
f 1501/5/675 1484/1/671 1505/23/673
f 1505/3/673 1506/25/684 1489/26/33
f 1505/3/673 1500/2/672 1506/25/684
f 1500/2/672 1488/13/682 1506/25/684
f 1491/27/685 1504/14/683 1488/13/682
f 1491/27/685 1498/28/686 1504/14/683
f 1498/28/686 1487/10/679 1504/14/683
f 1499/29/687 1503/11/680 1487/10/679
f 1499/29/687 1496/30/688 1503/11/680
f 1496/30/688 1486/7/677 1503/11/680
f 1497/31/689 1502/8/15 1486/7/677
f 1497/31/689 1494/32/690 1502/8/15
f 1494/32/690 1485/22/674 1502/8/15
f 1495/33/691 1501/5/675 1485/4/674
f 1495/33/691 1492/34/692 1501/5/675
f 1492/34/692 1484/1/671 1501/5/675
f 1493/35/693 1500/2/672 1484/1/671
f 1493/35/693 1490/36/694 1500/2/672
f 1490/36/694 1488/13/682 1500/2/672
f 1498/28/686 1499/29/687 1487/10/679
f 1496/30/688 1497/31/689 1486/7/677
f 1494/32/690 1495/37/691 1485/22/674
f 1492/34/692 1493/35/693 1484/1/671
f 1490/36/694 1491/27/685 1488/13/682
f 1510/1/695 1526/2/696 1531/3/697
f 1511/4/698 1527/5/699 1533/6/700
f 1512/7/701 1528/8/702 1534/9/703
f 1513/10/704 1529/11/705 1535/12/706
f 1514/13/707 1530/14/708 1532/15/709
f 1532/15/709 1535/16/706 1515/17/710
f 1532/15/709 1530/14/708 1535/16/706
f 1530/14/708 1513/10/704 1535/16/706
f 1535/12/706 1534/18/703 1515/19/710
f 1535/12/706 1529/11/705 1534/18/703
f 1529/11/705 1512/7/701 1534/18/703
f 1534/9/703 1533/20/700 1515/21/710
f 1534/9/703 1528/8/702 1533/20/700
f 1528/8/702 1511/22/698 1533/20/700
f 1533/6/700 1531/23/697 1515/24/710
f 1533/6/700 1527/5/699 1531/23/697
f 1527/5/699 1510/1/695 1531/23/697
f 1531/3/697 1532/25/709 1515/26/710
f 1531/3/697 1526/2/696 1532/25/709
f 1526/2/696 1514/13/707 1532/25/709
f 1517/27/711 1530/14/708 1514/13/707
f 1517/27/711 1524/28/712 1530/14/708
f 1524/28/712 1513/10/704 1530/14/708
f 1525/29/713 1529/11/705 1513/10/704
f 1525/29/713 1522/30/714 1529/11/705
f 1522/30/714 1512/7/701 1529/11/705
f 1523/31/715 1528/8/702 1512/7/701
f 1523/31/715 1520/32/716 1528/8/702
f 1520/32/716 1511/22/698 1528/8/702
f 1521/33/717 1527/5/699 1511/4/698
f 1521/33/717 1518/34/718 1527/5/699
f 1518/34/718 1510/1/695 1527/5/699
f 1519/35/719 1526/2/696 1510/1/695
f 1519/35/719 1516/36/720 1526/2/696
f 1516/36/720 1514/13/707 1526/2/696
f 1524/28/712 1525/29/713 1513/10/704
f 1522/30/714 1523/31/715 1512/7/701
f 1520/32/716 1521/37/717 1511/22/698
f 1518/34/718 1519/35/719 1510/1/695
f 1516/36/720 1517/27/711 1514/13/707
f 1536/1/721 1552/2/722 1557/3/723
f 1537/4/724 1553/5/725 1559/6/726
f 1538/7/727 1554/8/728 1560/9/729
f 1539/10/730 1555/11/731 1561/12/732
f 1540/13/733 1556/14/734 1558/15/735
f 1558/15/735 1561/16/732 1541/17/736
f 1558/15/735 1556/14/734 1561/16/732
f 1556/14/734 1539/10/730 1561/16/732
f 1561/12/732 1560/18/729 1541/19/736
f 1561/12/732 1555/11/731 1560/18/729
f 1555/11/731 1538/7/727 1560/18/729
f 1560/9/729 1559/20/726 1541/21/736
f 1560/9/729 1554/8/728 1559/20/726
f 1554/8/728 1537/22/724 1559/20/726
f 1559/6/726 1557/23/723 1541/24/736
f 1559/6/726 1553/5/725 1557/23/723
f 1553/5/725 1536/1/721 1557/23/723
f 1557/3/723 1558/25/735 1541/26/736
f 1557/3/723 1552/2/722 1558/25/735
f 1552/2/722 1540/13/733 1558/25/735
f 1543/27/737 1556/14/734 1540/13/733
f 1543/27/737 1550/28/738 1556/14/734
f 1550/28/738 1539/10/730 1556/14/734
f 1551/29/739 1555/11/731 1539/10/730
f 1551/29/739 1548/30/740 1555/11/731
f 1548/30/740 1538/7/727 1555/11/731
f 1549/31/741 1554/8/728 1538/7/727
f 1549/31/741 1546/32/742 1554/8/728
f 1546/32/742 1537/22/724 1554/8/728
f 1547/33/743 1553/5/725 1537/4/724
f 1547/33/743 1544/34/744 1553/5/725
f 1544/34/744 1536/1/721 1553/5/725
f 1545/35/745 1552/2/722 1536/1/721
f 1545/35/745 1542/36/746 1552/2/722
f 1542/36/746 1540/13/733 1552/2/722
f 1550/28/738 1551/29/739 1539/10/730
f 1548/30/740 1549/31/741 1538/7/727
f 1546/32/742 1547/37/743 1537/22/724
f 1544/34/744 1545/35/745 1536/1/721
f 1542/36/746 1543/27/737 1540/13/733
f 1562/1/747 1578/2/748 1583/3/749
f 1563/4/750 1579/5/751 1585/6/752
f 1564/7/753 1580/8/754 1586/9/755
f 1565/10/756 1581/11/757 1587/12/758
f 1566/13/759 1582/14/760 1584/15/761
f 1584/15/761 1587/16/758 1567/17/762
f 1584/15/761 1582/14/760 1587/16/758
f 1582/14/760 1565/10/756 1587/16/758
f 1587/12/758 1586/18/755 1567/19/762
f 1587/12/758 1581/11/757 1586/18/755
f 1581/11/757 1564/7/753 1586/18/755
f 1586/9/755 1585/20/752 1567/21/762
f 1586/9/755 1580/8/754 1585/20/752
f 1580/8/754 1563/22/750 1585/20/752
f 1585/6/752 1583/23/749 1567/24/762
f 1585/6/752 1579/5/751 1583/23/749
f 1579/5/751 1562/1/747 1583/23/749
f 1583/3/749 1584/25/761 1567/26/762
f 1583/3/749 1578/2/748 1584/25/761
f 1578/2/748 1566/13/759 1584/25/761
f 1569/27/763 1582/14/760 1566/13/759
f 1569/27/763 1576/28/764 1582/14/760
f 1576/28/764 1565/10/756 1582/14/760
f 1577/29/765 1581/11/757 1565/10/756
f 1577/29/765 1574/30/766 1581/11/757
f 1574/30/766 1564/7/753 1581/11/757
f 1575/31/767 1580/8/754 1564/7/753
f 1575/31/767 1572/32/768 1580/8/754
f 1572/32/768 1563/22/750 1580/8/754
f 1573/33/769 1579/5/751 1563/4/750
f 1573/33/769 1570/34/770 1579/5/751
f 1570/34/770 1562/1/747 1579/5/751
f 1571/35/771 1578/2/748 1562/1/747
f 1571/35/771 1568/36/772 1578/2/748
f 1568/36/772 1566/13/759 1578/2/748
f 1576/28/764 1577/29/765 1565/10/756
f 1574/30/766 1575/31/767 1564/7/753
f 1572/32/768 1573/37/769 1563/22/750
f 1570/34/770 1571/35/771 1562/1/747
f 1568/36/772 1569/27/763 1566/13/759
f 1588/1/773 1604/2/774 1609/3/775
f 1589/4/776 1605/5/777 1611/6/778
f 1590/7/779 1606/8/780 1612/9/781
f 1591/10/782 1607/11/783 1613/12/784
f 1592/13/785 1608/14/786 1610/15/787
f 1610/15/787 1613/16/784 1593/17/788
f 1610/15/787 1608/14/786 1613/16/784
f 1608/14/786 1591/10/782 1613/16/784
f 1613/12/784 1612/18/781 1593/19/788
f 1613/12/784 1607/11/783 1612/18/781
f 1607/11/783 1590/7/779 1612/18/781
f 1612/9/781 1611/20/778 1593/21/788
f 1612/9/781 1606/8/780 1611/20/778
f 1606/8/780 1589/22/776 1611/20/778
f 1611/6/778 1609/23/775 1593/24/788
f 1611/6/778 1605/5/777 1609/23/775
f 1605/5/777 1588/1/773 1609/23/775
f 1609/3/775 1610/25/787 1593/26/788
f 1609/3/775 1604/2/774 1610/25/787
f 1604/2/774 1592/13/785 1610/25/787
f 1595/27/789 1608/14/786 1592/13/785
f 1595/27/789 1602/28/790 1608/14/786
f 1602/28/790 1591/10/782 1608/14/786
f 1603/29/791 1607/11/783 1591/10/782
f 1603/29/791 1600/30/792 1607/11/783
f 1600/30/792 1590/7/779 1607/11/783
f 1601/31/793 1606/8/780 1590/7/779
f 1601/31/793 1598/32/794 1606/8/780
f 1598/32/794 1589/22/776 1606/8/780
f 1599/33/795 1605/5/777 1589/4/776
f 1599/33/795 1596/34/796 1605/5/777
f 1596/34/796 1588/1/773 1605/5/777
f 1597/35/797 1604/2/774 1588/1/773
f 1597/35/797 1594/36/798 1604/2/774
f 1594/36/798 1592/13/785 1604/2/774
f 1602/28/790 1603/29/791 1591/10/782
f 1600/30/792 1601/31/793 1590/7/779
f 1598/32/794 1599/37/795 1589/22/776
f 1596/34/796 1597/35/797 1588/1/773
f 1594/36/798 1595/27/789 1592/13/785
f 1614/1/799 1630/2/800 1635/3/801
f 1615/4/802 1631/5/803 1637/6/804
f 1616/7/805 1632/8/806 1638/9/807
f 1617/10/808 1633/11/809 1639/12/810
f 1618/13/811 1634/14/812 1636/15/813
f 1636/15/813 1639/16/810 1619/17/814
f 1636/15/813 1634/14/812 1639/16/810
f 1634/14/812 1617/10/808 1639/16/810
f 1639/12/810 1638/18/807 1619/19/814
f 1639/12/810 1633/11/809 1638/18/807
f 1633/11/809 1616/7/805 1638/18/807
f 1638/9/807 1637/20/804 1619/21/814
f 1638/9/807 1632/8/806 1637/20/804
f 1632/8/806 1615/22/802 1637/20/804
f 1637/6/804 1635/23/801 1619/24/814
f 1637/6/804 1631/5/803 1635/23/801
f 1631/5/803 1614/1/799 1635/23/801
f 1635/3/801 1636/25/813 1619/26/814
f 1635/3/801 1630/2/800 1636/25/813
f 1630/2/800 1618/13/811 1636/25/813
f 1621/27/815 1634/14/812 1618/13/811
f 1621/27/815 1628/28/816 1634/14/812
f 1628/28/816 1617/10/808 1634/14/812
f 1629/29/817 1633/11/809 1617/10/808
f 1629/29/817 1626/30/818 1633/11/809
f 1626/30/818 1616/7/805 1633/11/809
f 1627/31/819 1632/8/806 1616/7/805
f 1627/31/819 1624/32/820 1632/8/806
f 1624/32/820 1615/22/802 1632/8/806
f 1625/33/821 1631/5/803 1615/4/802
f 1625/33/821 1622/34/822 1631/5/803
f 1622/34/822 1614/1/799 1631/5/803
f 1623/35/823 1630/2/800 1614/1/799
f 1623/35/823 1620/36/824 1630/2/800
f 1620/36/824 1618/13/811 1630/2/800
f 1628/28/816 1629/29/817 1617/10/808
f 1626/30/818 1627/31/819 1616/7/805
f 1624/32/820 1625/37/821 1615/22/802
f 1622/34/822 1623/35/823 1614/1/799
f 1620/36/824 1621/27/815 1618/13/811
f 1640/1/825 1656/2/826 1661/3/827
f 1641/4/828 1657/5/829 1663/6/830
f 1642/7/831 1658/8/832 1664/9/833
f 1643/10/834 1659/11/835 1665/12/836
f 1644/13/837 1660/14/838 1662/15/839
f 1662/15/839 1665/16/836 1645/17/840
f 1662/15/839 1660/14/838 1665/16/836
f 1660/14/838 1643/10/834 1665/16/836
f 1665/12/836 1664/18/833 1645/19/840
f 1665/12/836 1659/11/835 1664/18/833
f 1659/11/835 1642/7/831 1664/18/833
f 1664/9/833 1663/20/830 1645/21/840
f 1664/9/833 1658/8/832 1663/20/830
f 1658/8/832 1641/22/828 1663/20/830
f 1663/6/830 1661/23/827 1645/24/840
f 1663/6/830 1657/5/829 1661/23/827
f 1657/5/829 1640/1/825 1661/23/827
f 1661/3/827 1662/25/839 1645/26/840
f 1661/3/827 1656/2/826 1662/25/839
f 1656/2/826 1644/13/837 1662/25/839
f 1647/27/841 1660/14/838 1644/13/837
f 1647/27/841 1654/28/842 1660/14/838
f 1654/28/842 1643/10/834 1660/14/838
f 1655/29/843 1659/11/835 1643/10/834
f 1655/29/843 1652/30/844 1659/11/835
f 1652/30/844 1642/7/831 1659/11/835
f 1653/31/845 1658/8/832 1642/7/831
f 1653/31/845 1650/32/846 1658/8/832
f 1650/32/846 1641/22/828 1658/8/832
f 1651/33/847 1657/5/829 1641/4/828
f 1651/33/847 1648/34/848 1657/5/829
f 1648/34/848 1640/1/825 1657/5/829
f 1649/35/849 1656/2/826 1640/1/825
f 1649/35/849 1646/36/850 1656/2/826
f 1646/36/850 1644/13/837 1656/2/826
f 1654/28/842 1655/29/843 1643/10/834
f 1652/30/844 1653/31/845 1642/7/831
f 1650/32/846 1651/37/847 1641/22/828
f 1648/34/848 1649/35/849 1640/1/825
f 1646/36/850 1647/27/841 1644/13/837
f 1666/1/1 1682/2/2 1687/3/3
f 1667/4/4 1683/5/5 1689/6/6
f 1668/7/7 1684/8/8 1690/9/9
f 1669/10/10 1685/11/11 1691/12/12
f 1670/13/13 1686/14/14 1688/15/15
f 1688/15/15 1691/16/12 1671/17/16
f 1688/15/15 1686/14/14 1691/16/12
f 1686/14/14 1669/10/10 1691/16/12
f 1691/12/12 1690/18/9 1671/19/16
f 1691/12/12 1685/11/11 1690/18/9
f 1685/11/11 1668/7/7 1690/18/9
f 1690/9/9 1689/20/6 1671/21/16
f 1690/9/9 1684/8/8 1689/20/6
f 1684/8/8 1667/22/4 1689/20/6
f 1689/6/6 1687/23/3 1671/24/16
f 1689/6/6 1683/5/5 1687/23/3
f 1683/5/5 1666/1/1 1687/23/3
f 1687/3/3 1688/25/15 1671/26/16
f 1687/3/3 1682/2/2 1688/25/15
f 1682/2/2 1670/13/13 1688/25/15
f 1673/27/17 1686/14/14 1670/13/13
f 1673/27/17 1680/28/18 1686/14/14
f 1680/28/18 1669/10/10 1686/14/14
f 1681/29/19 1685/11/11 1669/10/10
f 1681/29/19 1678/30/20 1685/11/11
f 1678/30/20 1668/7/7 1685/11/11
f 1679/31/21 1684/8/8 1668/7/7
f 1679/31/21 1676/32/22 1684/8/8
f 1676/32/22 1667/22/4 1684/8/8
f 1677/33/23 1683/5/5 1667/4/4
f 1677/33/23 1674/34/24 1683/5/5
f 1674/34/24 1666/1/1 1683/5/5
f 1675/35/25 1682/2/2 1666/1/1
f 1675/35/25 1672/36/26 1682/2/2
f 1672/36/26 1670/13/13 1682/2/2
f 1680/28/18 1681/29/19 1669/10/10
f 1678/30/20 1679/31/21 1668/7/7
f 1676/32/22 1677/37/23 1667/22/4
f 1674/34/24 1675/35/25 1666/1/1
f 1672/36/26 1673/27/17 1670/13/13
f 1692/1/851 1708/2/852 1713/3/853
f 1693/4/854 1709/5/855 1715/6/856
f 1694/7/857 1710/8/684 1716/9/858
f 1695/10/859 1711/11/860 1717/12/861
f 1696/13/862 1712/14/863 1714/15/864
f 1714/15/864 1717/16/861 1697/17/31
f 1714/15/864 1712/14/863 1717/16/861
f 1712/14/863 1695/10/859 1717/16/861
f 1717/12/861 1716/18/858 1697/19/31
f 1717/12/861 1711/11/860 1716/18/858
f 1711/11/860 1694/7/857 1716/18/858
f 1716/9/858 1715/20/856 1697/21/31
f 1716/9/858 1710/8/684 1715/20/856
f 1710/8/684 1693/22/854 1715/20/856
f 1715/6/856 1713/23/853 1697/24/31
f 1715/6/856 1709/5/855 1713/23/853
f 1709/5/855 1692/1/851 1713/23/853
f 1713/3/853 1714/25/864 1697/26/31
f 1713/3/853 1708/2/852 1714/25/864
f 1708/2/852 1696/13/862 1714/25/864
f 1699/27/865 1712/14/863 1696/13/862
f 1699/27/865 1706/28/866 1712/14/863
f 1706/28/866 1695/10/859 1712/14/863
f 1707/29/867 1711/11/860 1695/10/859
f 1707/29/867 1704/30/868 1711/11/860
f 1704/30/868 1694/7/857 1711/11/860
f 1705/31/869 1710/8/684 1694/7/857
f 1705/31/869 1702/32/870 1710/8/684
f 1702/32/870 1693/22/854 1710/8/684
f 1703/33/871 1709/5/855 1693/4/854
f 1703/33/871 1700/34/872 1709/5/855
f 1700/34/872 1692/1/851 1709/5/855
f 1701/35/873 1708/2/852 1692/1/851
f 1701/35/873 1698/36/874 1708/2/852
f 1698/36/874 1696/13/862 1708/2/852
f 1706/28/866 1707/29/867 1695/10/859
f 1704/30/868 1705/31/869 1694/7/857
f 1702/32/870 1703/37/871 1693/22/854
f 1700/34/872 1701/35/873 1692/1/851
f 1698/36/874 1699/27/865 1696/13/862
f 1718/1/875 1734/2/672 1739/3/673
f 1719/4/674 1735/5/675 1741/6/676
f 1720/7/677 1736/8/15 1742/9/678
f 1721/10/876 1737/11/680 1743/12/681
f 1722/13/682 1738/14/683 1740/15/684
f 1740/15/684 1743/16/681 1723/17/33
f 1740/15/684 1738/14/683 1743/16/681
f 1738/14/683 1721/10/876 1743/16/681
f 1743/12/681 1742/18/678 1723/19/33
f 1743/12/681 1737/11/680 1742/18/678
f 1737/11/680 1720/7/677 1742/18/678
f 1742/9/678 1741/20/676 1723/21/33
f 1742/9/678 1736/8/15 1741/20/676
f 1736/8/15 1719/22/674 1741/20/676
f 1741/6/676 1739/23/673 1723/24/33
f 1741/6/676 1735/5/675 1739/23/673
f 1735/5/675 1718/1/875 1739/23/673
f 1739/3/673 1740/25/684 1723/26/33
f 1739/3/673 1734/2/672 1740/25/684
f 1734/2/672 1722/13/682 1740/25/684
f 1725/27/685 1738/14/683 1722/13/682
f 1725/27/685 1732/28/686 1738/14/683
f 1732/28/686 1721/10/876 1738/14/683
f 1733/29/687 1737/11/680 1721/10/876
f 1733/29/687 1730/30/688 1737/11/680
f 1730/30/688 1720/7/677 1737/11/680
f 1731/31/689 1736/8/15 1720/7/677
f 1731/31/689 1728/32/690 1736/8/15
f 1728/32/690 1719/22/674 1736/8/15
f 1729/33/691 1735/5/675 1719/4/674
f 1729/33/691 1726/34/692 1735/5/675
f 1726/34/692 1718/1/875 1735/5/675
f 1727/35/693 1734/2/672 1718/1/875
f 1727/35/693 1724/36/694 1734/2/672
f 1724/36/694 1722/13/682 1734/2/672
f 1732/28/686 1733/29/687 1721/10/876
f 1730/30/688 1731/31/689 1720/7/677
f 1728/32/690 1729/37/691 1719/22/674
f 1726/34/692 1727/35/693 1718/1/875
f 1724/36/694 1725/27/685 1722/13/682
f 1744/1/877 1760/2/696 1765/3/697
f 1745/4/698 1761/5/699 1767/6/700
f 1746/7/701 1762/8/702 1768/9/703
f 1747/10/878 1763/11/705 1769/12/706
f 1748/13/707 1764/14/708 1766/15/709
f 1766/15/709 1769/16/706 1749/17/879
f 1766/15/709 1764/14/708 1769/16/706
f 1764/14/708 1747/10/878 1769/16/706
f 1769/12/706 1768/18/703 1749/19/879
f 1769/12/706 1763/11/705 1768/18/703
f 1763/11/705 1746/7/701 1768/18/703
f 1768/9/703 1767/20/700 1749/21/879
f 1768/9/703 1762/8/702 1767/20/700
f 1762/8/702 1745/22/698 1767/20/700
f 1767/6/700 1765/23/697 1749/24/879
f 1767/6/700 1761/5/699 1765/23/697
f 1761/5/699 1744/1/877 1765/23/697
f 1765/3/697 1766/25/709 1749/26/879
f 1765/3/697 1760/2/696 1766/25/709
f 1760/2/696 1748/13/707 1766/25/709
f 1751/27/880 1764/14/708 1748/13/707
f 1751/27/880 1758/28/712 1764/14/708
f 1758/28/712 1747/10/878 1764/14/708
f 1759/29/713 1763/11/705 1747/10/878
f 1759/29/713 1756/30/714 1763/11/705
f 1756/30/714 1746/7/701 1763/11/705
f 1757/31/715 1762/8/702 1746/7/701
f 1757/31/715 1754/32/716 1762/8/702
f 1754/32/716 1745/22/698 1762/8/702
f 1755/33/717 1761/5/699 1745/4/698
f 1755/33/717 1752/34/718 1761/5/699
f 1752/34/718 1744/1/877 1761/5/699
f 1753/35/719 1760/2/696 1744/1/877
f 1753/35/719 1750/36/720 1760/2/696
f 1750/36/720 1748/13/707 1760/2/696
f 1758/28/712 1759/29/713 1747/10/878
f 1756/30/714 1757/31/715 1746/7/701
f 1754/32/716 1755/37/717 1745/22/698
f 1752/34/718 1753/35/719 1744/1/877
f 1750/36/720 1751/27/880 1748/13/707
f 1770/1/721 1786/2/722 1791/3/723
f 1771/4/724 1787/5/725 1793/6/726
f 1772/7/727 1788/8/728 1794/9/729
f 1773/10/730 1789/11/731 1795/12/732
f 1774/13/733 1790/14/734 1792/15/735
f 1792/15/735 1795/16/732 1775/17/736
f 1792/15/735 1790/14/734 1795/16/732
f 1790/14/734 1773/10/730 1795/16/732
f 1795/12/732 1794/18/729 1775/19/736
f 1795/12/732 1789/11/731 1794/18/729
f 1789/11/731 1772/7/727 1794/18/729
f 1794/9/729 1793/20/726 1775/21/736
f 1794/9/729 1788/8/728 1793/20/726
f 1788/8/728 1771/22/724 1793/20/726
f 1793/6/726 1791/23/723 1775/24/736
f 1793/6/726 1787/5/725 1791/23/723
f 1787/5/725 1770/1/721 1791/23/723
f 1791/3/723 1792/25/735 1775/26/736
f 1791/3/723 1786/2/722 1792/25/735
f 1786/2/722 1774/13/733 1792/25/735
f 1777/27/737 1790/14/734 1774/13/733
f 1777/27/737 1784/28/738 1790/14/734
f 1784/28/738 1773/10/730 1790/14/734
f 1785/29/739 1789/11/731 1773/10/730
f 1785/29/739 1782/30/740 1789/11/731
f 1782/30/740 1772/7/727 1789/11/731
f 1783/31/741 1788/8/728 1772/7/727
f 1783/31/741 1780/32/742 1788/8/728
f 1780/32/742 1771/22/724 1788/8/728
f 1781/33/743 1787/5/725 1771/4/724
f 1781/33/743 1778/34/744 1787/5/725
f 1778/34/744 1770/1/721 1787/5/725
f 1779/35/745 1786/2/722 1770/1/721
f 1779/35/745 1776/36/746 1786/2/722
f 1776/36/746 1774/13/733 1786/2/722
f 1784/28/738 1785/29/739 1773/10/730
f 1782/30/740 1783/31/741 1772/7/727
f 1780/32/742 1781/37/743 1771/22/724
f 1778/34/744 1779/35/745 1770/1/721
f 1776/36/746 1777/27/737 1774/13/733
f 1796/1/747 1812/2/748 1817/3/749
f 1797/4/750 1813/5/751 1819/6/752
f 1798/7/753 1814/8/754 1820/9/755
f 1799/10/756 1815/11/757 1821/12/758
f 1800/13/759 1816/14/760 1818/15/761
f 1818/15/761 1821/16/758 1801/17/762
f 1818/15/761 1816/14/760 1821/16/758
f 1816/14/760 1799/10/756 1821/16/758
f 1821/12/758 1820/18/755 1801/19/762
f 1821/12/758 1815/11/757 1820/18/755
f 1815/11/757 1798/7/753 1820/18/755
f 1820/9/755 1819/20/752 1801/21/762
f 1820/9/755 1814/8/754 1819/20/752
f 1814/8/754 1797/22/750 1819/20/752
f 1819/6/752 1817/23/749 1801/24/762
f 1819/6/752 1813/5/751 1817/23/749
f 1813/5/751 1796/1/747 1817/23/749
f 1817/3/749 1818/25/761 1801/26/762
f 1817/3/749 1812/2/748 1818/25/761
f 1812/2/748 1800/13/759 1818/25/761
f 1803/27/763 1816/14/760 1800/13/759
f 1803/27/763 1810/28/764 1816/14/760
f 1810/28/764 1799/10/756 1816/14/760
f 1811/29/765 1815/11/757 1799/10/756
f 1811/29/765 1808/30/766 1815/11/757
f 1808/30/766 1798/7/753 1815/11/757
f 1809/31/767 1814/8/754 1798/7/753
f 1809/31/767 1806/32/768 1814/8/754
f 1806/32/768 1797/22/750 1814/8/754
f 1807/33/769 1813/5/751 1797/4/750
f 1807/33/769 1804/34/770 1813/5/751
f 1804/34/770 1796/1/747 1813/5/751
f 1805/35/771 1812/2/748 1796/1/747
f 1805/35/771 1802/36/772 1812/2/748
f 1802/36/772 1800/13/759 1812/2/748
f 1810/28/764 1811/29/765 1799/10/756
f 1808/30/766 1809/31/767 1798/7/753
f 1806/32/768 1807/37/769 1797/22/750
f 1804/34/770 1805/35/771 1796/1/747
f 1802/36/772 1803/27/763 1800/13/759
f 1822/1/773 1838/2/774 1843/3/775
f 1823/4/776 1839/5/777 1845/6/778
f 1824/7/779 1840/8/780 1846/9/781
f 1825/10/881 1841/11/783 1847/12/784
f 1826/13/785 1842/14/786 1844/15/787
f 1844/15/787 1847/16/784 1827/17/882
f 1844/15/787 1842/14/786 1847/16/784
f 1842/14/786 1825/10/881 1847/16/784
f 1847/12/784 1846/18/781 1827/19/882
f 1847/12/784 1841/11/783 1846/18/781
f 1841/11/783 1824/7/779 1846/18/781
f 1846/9/781 1845/20/778 1827/21/882
f 1846/9/781 1840/8/780 1845/20/778
f 1840/8/780 1823/22/776 1845/20/778
f 1845/6/778 1843/23/775 1827/24/882
f 1845/6/778 1839/5/777 1843/23/775
f 1839/5/777 1822/1/773 1843/23/775
f 1843/3/775 1844/25/787 1827/26/882
f 1843/3/775 1838/2/774 1844/25/787
f 1838/2/774 1826/13/785 1844/25/787
f 1829/27/789 1842/14/786 1826/13/785
f 1829/27/789 1836/28/790 1842/14/786
f 1836/28/790 1825/10/881 1842/14/786
f 1837/29/791 1841/11/783 1825/10/881
f 1837/29/791 1834/30/792 1841/11/783
f 1834/30/792 1824/7/779 1841/11/783
f 1835/31/793 1840/8/780 1824/7/779
f 1835/31/793 1832/32/794 1840/8/780
f 1832/32/794 1823/22/776 1840/8/780
f 1833/33/795 1839/5/777 1823/4/776
f 1833/33/795 1830/34/796 1839/5/777
f 1830/34/796 1822/1/773 1839/5/777
f 1831/35/883 1838/2/774 1822/1/773
f 1831/35/883 1828/36/798 1838/2/774
f 1828/36/798 1826/13/785 1838/2/774
f 1836/28/790 1837/29/791 1825/10/881
f 1834/30/792 1835/31/793 1824/7/779
f 1832/32/794 1833/37/795 1823/22/776
f 1830/34/796 1831/35/883 1822/1/773
f 1828/36/798 1829/27/789 1826/13/785
f 1848/1/884 1864/2/800 1869/3/801
f 1849/4/802 1865/5/803 1871/6/804
f 1850/7/805 1866/8/806 1872/9/807
f 1851/10/885 1867/11/809 1873/12/810
f 1852/13/811 1868/14/812 1870/15/813
f 1870/15/813 1873/16/810 1853/17/814
f 1870/15/813 1868/14/812 1873/16/810
f 1868/14/812 1851/10/885 1873/16/810
f 1873/12/810 1872/18/807 1853/19/814
f 1873/12/810 1867/11/809 1872/18/807
f 1867/11/809 1850/7/805 1872/18/807
f 1872/9/807 1871/20/804 1853/21/814
f 1872/9/807 1866/8/806 1871/20/804
f 1866/8/806 1849/22/802 1871/20/804
f 1871/6/804 1869/23/801 1853/24/814
f 1871/6/804 1865/5/803 1869/23/801
f 1865/5/803 1848/1/884 1869/23/801
f 1869/3/801 1870/25/813 1853/26/814
f 1869/3/801 1864/2/800 1870/25/813
f 1864/2/800 1852/13/811 1870/25/813
f 1855/27/815 1868/14/812 1852/13/811
f 1855/27/815 1862/28/816 1868/14/812
f 1862/28/816 1851/10/885 1868/14/812
f 1863/29/817 1867/11/809 1851/10/885
f 1863/29/817 1860/30/818 1867/11/809
f 1860/30/818 1850/7/805 1867/11/809
f 1861/31/819 1866/8/806 1850/7/805
f 1861/31/819 1858/32/820 1866/8/806
f 1858/32/820 1849/22/802 1866/8/806
f 1859/33/821 1865/5/803 1849/4/802
f 1859/33/821 1856/34/822 1865/5/803
f 1856/34/822 1848/1/884 1865/5/803
f 1857/35/823 1864/2/800 1848/1/884
f 1857/35/823 1854/36/824 1864/2/800
f 1854/36/824 1852/13/811 1864/2/800
f 1862/28/816 1863/29/817 1851/10/885
f 1860/30/818 1861/31/819 1850/7/805
f 1858/32/820 1859/37/821 1849/22/802
f 1856/34/822 1857/35/823 1848/1/884
f 1854/36/824 1855/27/815 1852/13/811
f 1874/1/825 1890/2/826 1895/3/827
f 1875/4/828 1891/5/886 1897/6/830
f 1876/7/831 1892/8/832 1898/9/833
f 1877/10/887 1893/11/888 1899/12/836
f 1878/13/837 1894/14/838 1896/15/839
f 1896/15/839 1899/16/836 1879/17/840
f 1896/15/839 1894/14/838 1899/16/836
f 1894/14/838 1877/10/887 1899/16/836
f 1899/12/836 1898/18/833 1879/19/840
f 1899/12/836 1893/11/888 1898/18/833
f 1893/11/888 1876/7/831 1898/18/833
f 1898/9/833 1897/20/830 1879/21/840
f 1898/9/833 1892/8/832 1897/20/830
f 1892/8/832 1875/22/828 1897/20/830
f 1897/6/830 1895/23/827 1879/24/840
f 1897/6/830 1891/5/886 1895/23/827
f 1891/5/886 1874/1/825 1895/23/827
f 1895/3/827 1896/25/839 1879/26/840
f 1895/3/827 1890/2/826 1896/25/839
f 1890/2/826 1878/13/837 1896/25/839
f 1881/27/841 1894/14/838 1878/13/837
f 1881/27/841 1888/28/842 1894/14/838
f 1888/28/842 1877/10/887 1894/14/838
f 1889/29/889 1893/11/888 1877/10/887
f 1889/29/889 1886/30/844 1893/11/888
f 1886/30/844 1876/7/831 1893/11/888
f 1887/31/845 1892/8/832 1876/7/831
f 1887/31/845 1884/32/846 1892/8/832
f 1884/32/846 1875/22/828 1892/8/832
f 1885/33/847 1891/5/886 1875/4/828
f 1885/33/847 1882/34/890 1891/5/886
f 1882/34/890 1874/1/825 1891/5/886
f 1883/35/849 1890/2/826 1874/1/825
f 1883/35/849 1880/36/850 1890/2/826
f 1880/36/850 1878/13/837 1890/2/826
f 1888/28/842 1889/29/889 1877/10/887
f 1886/30/844 1887/31/845 1876/7/831
f 1884/32/846 1885/37/847 1875/22/828
f 1882/34/890 1883/35/849 1874/1/825
f 1880/36/850 1881/27/841 1878/13/837
f 1900/1/891 1916/2/2 1921/3/3
f 1901/4/4 1917/5/5 1923/6/6
f 1902/7/7 1918/8/8 1924/9/9
f 1903/10/892 1919/11/11 1925/12/12
f 1904/13/13 1920/14/14 1922/15/15
f 1922/15/15 1925/16/12 1905/17/16
f 1922/15/15 1920/14/14 1925/16/12
f 1920/14/14 1903/10/892 1925/16/12
f 1925/12/12 1924/18/9 1905/19/16
f 1925/12/12 1919/11/11 1924/18/9
f 1919/11/11 1902/7/7 1924/18/9
f 1924/9/9 1923/20/6 1905/21/16
f 1924/9/9 1918/8/8 1923/20/6
f 1918/8/8 1901/22/4 1923/20/6
f 1923/6/6 1921/23/3 1905/24/16
f 1923/6/6 1917/5/5 1921/23/3
f 1917/5/5 1900/1/891 1921/23/3
f 1921/3/3 1922/25/15 1905/26/16
f 1921/3/3 1916/2/2 1922/25/15
f 1916/2/2 1904/13/13 1922/25/15
f 1907/27/17 1920/14/14 1904/13/13
f 1907/27/17 1914/28/18 1920/14/14
f 1914/28/18 1903/10/892 1920/14/14
f 1915/29/19 1919/11/11 1903/10/892
f 1915/29/19 1912/30/20 1919/11/11
f 1912/30/20 1902/7/7 1919/11/11
f 1913/31/21 1918/8/8 1902/7/7
f 1913/31/21 1910/32/22 1918/8/8
f 1910/32/22 1901/22/4 1918/8/8
f 1911/33/23 1917/5/5 1901/4/4
f 1911/33/23 1908/34/24 1917/5/5
f 1908/34/24 1900/1/891 1917/5/5
f 1909/35/25 1916/2/2 1900/1/891
f 1909/35/25 1906/36/26 1916/2/2
f 1906/36/26 1904/13/13 1916/2/2
f 1914/28/18 1915/29/19 1903/10/892
f 1912/30/20 1913/31/21 1902/7/7
f 1910/32/22 1911/37/23 1901/22/4
f 1908/34/24 1909/35/25 1900/1/891
f 1906/36/26 1907/27/17 1904/13/13
f 1926/1/893 1942/2/852 1947/3/853
f 1927/4/854 1943/5/855 1949/6/856
f 1928/7/857 1944/8/684 1950/9/858
f 1929/10/859 1945/11/894 1951/12/861
f 1930/13/862 1946/14/863 1948/15/864
f 1948/15/864 1951/16/861 1931/17/31
f 1948/15/864 1946/14/863 1951/16/861
f 1946/14/863 1929/10/859 1951/16/861
f 1951/12/861 1950/18/858 1931/19/31
f 1951/12/861 1945/11/894 1950/18/858
f 1945/11/894 1928/7/857 1950/18/858
f 1950/9/858 1949/20/856 1931/21/31
f 1950/9/858 1944/8/684 1949/20/856
f 1944/8/684 1927/22/854 1949/20/856
f 1949/6/856 1947/23/853 1931/24/31
f 1949/6/856 1943/5/855 1947/23/853
f 1943/5/855 1926/1/893 1947/23/853
f 1947/3/853 1948/25/864 1931/26/31
f 1947/3/853 1942/2/852 1948/25/864
f 1942/2/852 1930/13/862 1948/25/864
f 1933/27/865 1946/14/863 1930/13/862
f 1933/27/865 1940/28/895 1946/14/863
f 1940/28/895 1929/10/859 1946/14/863
f 1941/29/867 1945/11/894 1929/10/859
f 1941/29/867 1938/30/868 1945/11/894
f 1938/30/868 1928/7/857 1945/11/894
f 1939/31/869 1944/8/684 1928/7/857
f 1939/31/869 1936/32/870 1944/8/684
f 1936/32/870 1927/22/854 1944/8/684
f 1937/33/871 1943/5/855 1927/4/854
f 1937/33/871 1934/34/872 1943/5/855
f 1934/34/872 1926/1/893 1943/5/855
f 1935/35/896 1942/2/852 1926/1/893
f 1935/35/896 1932/36/874 1942/2/852
f 1932/36/874 1930/13/862 1942/2/852
f 1940/28/895 1941/29/867 1929/10/859
f 1938/30/868 1939/31/869 1928/7/857
f 1936/32/870 1937/37/871 1927/22/854
f 1934/34/872 1935/35/896 1926/1/893
f 1932/36/874 1933/27/865 1930/13/862
f 1952/1/875 1968/2/672 1973/3/673
f 1953/4/674 1969/5/675 1975/6/676
f 1954/7/677 1970/8/15 1976/9/678
f 1955/10/876 1971/11/680 1977/12/681
f 1956/13/682 1972/14/683 1974/15/684
f 1974/15/684 1977/16/681 1957/17/33
f 1974/15/684 1972/14/683 1977/16/681
f 1972/14/683 1955/10/876 1977/16/681
f 1977/12/681 1976/18/678 1957/19/33
f 1977/12/681 1971/11/680 1976/18/678
f 1971/11/680 1954/7/677 1976/18/678
f 1976/9/678 1975/20/676 1957/21/33
f 1976/9/678 1970/8/15 1975/20/676
f 1970/8/15 1953/22/674 1975/20/676
f 1975/6/676 1973/23/673 1957/24/33
f 1975/6/676 1969/5/675 1973/23/673
f 1969/5/675 1952/1/875 1973/23/673
f 1973/3/673 1974/25/684 1957/26/33
f 1973/3/673 1968/2/672 1974/25/684
f 1968/2/672 1956/13/682 1974/25/684
f 1959/27/685 1972/14/683 1956/13/682
f 1959/27/685 1966/28/686 1972/14/683
f 1966/28/686 1955/10/876 1972/14/683
f 1967/29/687 1971/11/680 1955/10/876
f 1967/29/687 1964/30/688 1971/11/680
f 1964/30/688 1954/7/677 1971/11/680
f 1965/31/689 1970/8/15 1954/7/677
f 1965/31/689 1962/32/690 1970/8/15
f 1962/32/690 1953/22/674 1970/8/15
f 1963/33/691 1969/5/675 1953/4/674
f 1963/33/691 1960/34/692 1969/5/675
f 1960/34/692 1952/1/875 1969/5/675
f 1961/35/693 1968/2/672 1952/1/875
f 1961/35/693 1958/36/694 1968/2/672
f 1958/36/694 1956/13/682 1968/2/672
f 1966/28/686 1967/29/687 1955/10/876
f 1964/30/688 1965/31/689 1954/7/677
f 1962/32/690 1963/37/691 1953/22/674
f 1960/34/692 1961/35/693 1952/1/875
f 1958/36/694 1959/27/685 1956/13/682
f 1978/1/877 1994/2/696 1999/3/697
f 1979/4/698 1995/5/699 2001/6/700
f 1980/7/701 1996/8/702 2002/9/703
f 1981/10/878 1997/11/705 2003/12/706
f 1982/13/707 1998/14/708 2000/15/709
f 2000/15/709 2003/16/706 1983/17/879
f 2000/15/709 1998/14/708 2003/16/706
f 1998/14/708 1981/10/878 2003/16/706
f 2003/12/706 2002/18/703 1983/19/879
f 2003/12/706 1997/11/705 2002/18/703
f 1997/11/705 1980/7/701 2002/18/703
f 2002/9/703 2001/20/700 1983/21/879
f 2002/9/703 1996/8/702 2001/20/700
f 1996/8/702 1979/22/698 2001/20/700
f 2001/6/700 1999/23/697 1983/24/879
f 2001/6/700 1995/5/699 1999/23/697
f 1995/5/699 1978/1/877 1999/23/697
f 1999/3/697 2000/25/709 1983/26/879
f 1999/3/697 1994/2/696 2000/25/709
f 1994/2/696 1982/13/707 2000/25/709
f 1985/27/880 1998/14/708 1982/13/707
f 1985/27/880 1992/28/712 1998/14/708
f 1992/28/712 1981/10/878 1998/14/708
f 1993/29/713 1997/11/705 1981/10/878
f 1993/29/713 1990/30/714 1997/11/705
f 1990/30/714 1980/7/701 1997/11/705
f 1991/31/715 1996/8/702 1980/7/701
f 1991/31/715 1988/32/716 1996/8/702
f 1988/32/716 1979/22/698 1996/8/702
f 1989/33/717 1995/5/699 1979/4/698
f 1989/33/717 1986/34/718 1995/5/699
f 1986/34/718 1978/1/877 1995/5/699
f 1987/35/719 1994/2/696 1978/1/877
f 1987/35/719 1984/36/720 1994/2/696
f 1984/36/720 1982/13/707 1994/2/696
f 1992/28/712 1993/29/713 1981/10/878
f 1990/30/714 1991/31/715 1980/7/701
f 1988/32/716 1989/37/717 1979/22/698
f 1986/34/718 1987/35/719 1978/1/877
f 1984/36/720 1985/27/880 1982/13/707
f 2004/1/721 2020/2/722 2025/3/723
f 2005/4/724 2021/5/725 2027/6/726
f 2006/7/727 2022/8/728 2028/9/729
f 2007/10/897 2023/11/731 2029/12/732
f 2008/13/733 2024/14/734 2026/15/735
f 2026/15/735 2029/16/732 2009/17/736
f 2026/15/735 2024/14/734 2029/16/732
f 2024/14/734 2007/10/897 2029/16/732
f 2029/12/732 2028/18/729 2009/19/736
f 2029/12/732 2023/11/731 2028/18/729
f 2023/11/731 2006/7/727 2028/18/729
f 2028/9/729 2027/20/726 2009/21/736
f 2028/9/729 2022/8/728 2027/20/726
f 2022/8/728 2005/22/724 2027/20/726
f 2027/6/726 2025/23/723 2009/24/736
f 2027/6/726 2021/5/725 2025/23/723
f 2021/5/725 2004/1/721 2025/23/723
f 2025/3/723 2026/25/735 2009/26/736
f 2025/3/723 2020/2/722 2026/25/735
f 2020/2/722 2008/13/733 2026/25/735
f 2011/27/737 2024/14/734 2008/13/733
f 2011/27/737 2018/28/738 2024/14/734
f 2018/28/738 2007/10/897 2024/14/734
f 2019/29/739 2023/11/731 2007/10/897
f 2019/29/739 2016/30/740 2023/11/731
f 2016/30/740 2006/7/727 2023/11/731
f 2017/31/741 2022/8/728 2006/7/727
f 2017/31/741 2014/32/742 2022/8/728
f 2014/32/742 2005/22/724 2022/8/728
f 2015/33/743 2021/5/725 2005/4/724
f 2015/33/743 2012/34/744 2021/5/725
f 2012/34/744 2004/1/721 2021/5/725
f 2013/35/745 2020/2/722 2004/1/721
f 2013/35/745 2010/36/746 2020/2/722
f 2010/36/746 2008/13/733 2020/2/722
f 2018/28/738 2019/29/739 2007/10/897
f 2016/30/740 2017/31/741 2006/7/727
f 2014/32/742 2015/37/743 2005/22/724
f 2012/34/744 2013/35/745 2004/1/721
f 2010/36/746 2011/27/737 2008/13/733
f 2030/1/747 2046/2/748 2051/3/749
f 2031/4/750 2047/5/751 2053/6/752
f 2032/7/753 2048/8/754 2054/9/755
f 2033/10/898 2049/11/757 2055/12/758
f 2034/13/759 2050/14/760 2052/15/761
f 2052/15/761 2055/16/758 2035/17/762
f 2052/15/761 2050/14/760 2055/16/758
f 2050/14/760 2033/10/898 2055/16/758
f 2055/12/758 2054/18/755 2035/19/762
f 2055/12/758 2049/11/757 2054/18/755
f 2049/11/757 2032/7/753 2054/18/755
f 2054/9/755 2053/20/752 2035/21/762
f 2054/9/755 2048/8/754 2053/20/752
f 2048/8/754 2031/22/750 2053/20/752
f 2053/6/752 2051/23/749 2035/24/762
f 2053/6/752 2047/5/751 2051/23/749
f 2047/5/751 2030/1/747 2051/23/749
f 2051/3/749 2052/25/761 2035/26/762
f 2051/3/749 2046/2/748 2052/25/761
f 2046/2/748 2034/13/759 2052/25/761
f 2037/27/763 2050/14/760 2034/13/759
f 2037/27/763 2044/28/764 2050/14/760
f 2044/28/764 2033/10/898 2050/14/760
f 2045/29/765 2049/11/757 2033/10/898
f 2045/29/765 2042/30/899 2049/11/757
f 2042/30/899 2032/7/753 2049/11/757
f 2043/31/767 2048/8/754 2032/7/753
f 2043/31/767 2040/32/768 2048/8/754
f 2040/32/768 2031/22/750 2048/8/754
f 2041/33/769 2047/5/751 2031/4/750
f 2041/33/769 2038/34/770 2047/5/751
f 2038/34/770 2030/1/747 2047/5/751
f 2039/35/771 2046/2/748 2030/1/747
f 2039/35/771 2036/36/772 2046/2/748
f 2036/36/772 2034/13/759 2046/2/748
f 2044/28/764 2045/29/765 2033/10/898
f 2042/30/899 2043/31/767 2032/7/753
f 2040/32/768 2041/37/769 2031/22/750
f 2038/34/770 2039/35/771 2030/1/747
f 2036/36/772 2037/27/763 2034/13/759
f 2056/1/773 2072/2/774 2077/3/775
f 2057/4/776 2073/5/777 2079/6/778
f 2058/7/779 2074/8/780 2080/9/781
f 2059/10/881 2075/11/783 2081/12/784
f 2060/13/785 2076/14/786 2078/15/900
f 2078/15/900 2081/16/784 2061/17/788
f 2078/15/900 2076/14/786 2081/16/784
f 2076/14/786 2059/10/881 2081/16/784
f 2081/12/784 2080/18/781 2061/19/788
f 2081/12/784 2075/11/783 2080/18/781
f 2075/11/783 2058/7/779 2080/18/781
f 2080/9/781 2079/20/778 2061/21/788
f 2080/9/781 2074/8/780 2079/20/778
f 2074/8/780 2057/22/776 2079/20/778
f 2079/6/778 2077/23/775 2061/24/788
f 2079/6/778 2073/5/777 2077/23/775
f 2073/5/777 2056/1/773 2077/23/775
f 2077/3/775 2078/25/900 2061/26/788
f 2077/3/775 2072/2/774 2078/25/900
f 2072/2/774 2060/13/785 2078/25/900
f 2063/27/789 2076/14/786 2060/13/785
f 2063/27/789 2070/28/790 2076/14/786
f 2070/28/790 2059/10/881 2076/14/786
f 2071/29/791 2075/11/783 2059/10/881
f 2071/29/791 2068/30/792 2075/11/783
f 2068/30/792 2058/7/779 2075/11/783
f 2069/31/793 2074/8/780 2058/7/779
f 2069/31/793 2066/32/794 2074/8/780
f 2066/32/794 2057/22/776 2074/8/780
f 2067/33/795 2073/5/777 2057/4/776
f 2067/33/795 2064/34/796 2073/5/777
f 2064/34/796 2056/1/773 2073/5/777
f 2065/35/883 2072/2/774 2056/1/773
f 2065/35/883 2062/36/798 2072/2/774
f 2062/36/798 2060/13/785 2072/2/774
f 2070/28/790 2071/29/791 2059/10/881
f 2068/30/792 2069/31/793 2058/7/779
f 2066/32/794 2067/37/795 2057/22/776
f 2064/34/796 2065/35/883 2056/1/773
f 2062/36/798 2063/27/789 2060/13/785
f 2082/1/799 2098/2/800 2103/3/801
f 2083/4/802 2099/5/803 2105/6/804
f 2084/7/805 2100/8/806 2106/9/807
f 2085/10/808 2101/11/809 2107/12/810
f 2086/13/901 2102/14/812 2104/15/813
f 2104/15/813 2107/16/810 2087/17/814
f 2104/15/813 2102/14/812 2107/16/810
f 2102/14/812 2085/10/808 2107/16/810
f 2107/12/810 2106/18/807 2087/19/814
f 2107/12/810 2101/11/809 2106/18/807
f 2101/11/809 2084/7/805 2106/18/807
f 2106/9/807 2105/20/804 2087/21/814
f 2106/9/807 2100/8/806 2105/20/804
f 2100/8/806 2083/22/802 2105/20/804
f 2105/6/804 2103/23/801 2087/24/814
f 2105/6/804 2099/5/803 2103/23/801
f 2099/5/803 2082/1/799 2103/23/801
f 2103/3/801 2104/25/813 2087/26/814
f 2103/3/801 2098/2/800 2104/25/813
f 2098/2/800 2086/13/901 2104/25/813
f 2089/27/815 2102/14/812 2086/13/901
f 2089/27/815 2096/28/816 2102/14/812
f 2096/28/816 2085/10/808 2102/14/812
f 2097/29/817 2101/11/809 2085/10/808
f 2097/29/817 2094/30/818 2101/11/809
f 2094/30/818 2084/7/805 2101/11/809
f 2095/31/819 2100/8/806 2084/7/805
f 2095/31/819 2092/32/820 2100/8/806
f 2092/32/820 2083/22/802 2100/8/806
f 2093/33/821 2099/5/803 2083/4/802
f 2093/33/821 2090/34/822 2099/5/803
f 2090/34/822 2082/1/799 2099/5/803
f 2091/35/823 2098/2/800 2082/1/799
f 2091/35/823 2088/36/824 2098/2/800
f 2088/36/824 2086/13/901 2098/2/800
f 2096/28/816 2097/29/817 2085/10/808
f 2094/30/818 2095/31/819 2084/7/805
f 2092/32/820 2093/37/821 2083/22/802
f 2090/34/822 2091/35/823 2082/1/799
f 2088/36/824 2089/27/815 2086/13/901
f 2108/1/825 2124/2/826 2129/3/827
f 2109/4/828 2125/5/829 2131/6/830
f 2110/7/831 2126/8/832 2132/9/833
f 2111/10/887 2127/11/835 2133/12/836
f 2112/13/837 2128/14/838 2130/15/839
f 2130/15/839 2133/16/836 2113/17/840
f 2130/15/839 2128/14/838 2133/16/836
f 2128/14/838 2111/10/887 2133/16/836
f 2133/12/836 2132/18/833 2113/19/840
f 2133/12/836 2127/11/835 2132/18/833
f 2127/11/835 2110/7/831 2132/18/833
f 2132/9/833 2131/20/830 2113/21/840
f 2132/9/833 2126/8/832 2131/20/830
f 2126/8/832 2109/22/828 2131/20/830
f 2131/6/830 2129/23/827 2113/24/840
f 2131/6/830 2125/5/829 2129/23/827
f 2125/5/829 2108/1/825 2129/23/827
f 2129/3/827 2130/25/839 2113/26/840
f 2129/3/827 2124/2/826 2130/25/839
f 2124/2/826 2112/13/837 2130/25/839
f 2115/27/841 2128/14/838 2112/13/837
f 2115/27/841 2122/28/842 2128/14/838
f 2122/28/842 2111/10/887 2128/14/838
f 2123/29/889 2127/11/835 2111/10/887
f 2123/29/889 2120/30/902 2127/11/835
f 2120/30/902 2110/7/831 2127/11/835
f 2121/31/845 2126/8/832 2110/7/831
f 2121/31/845 2118/32/846 2126/8/832
f 2118/32/846 2109/22/828 2126/8/832
f 2119/33/903 2125/5/829 2109/4/828
f 2119/33/903 2116/34/890 2125/5/829
f 2116/34/890 2108/1/825 2125/5/829
f 2117/35/849 2124/2/826 2108/1/825
f 2117/35/849 2114/36/850 2124/2/826
f 2114/36/850 2112/13/837 2124/2/826
f 2122/28/842 2123/29/889 2111/10/887
f 2120/30/902 2121/31/845 2110/7/831
f 2118/32/846 2119/37/903 2109/22/828
f 2116/34/890 2117/35/849 2108/1/825
f 2114/36/850 2115/27/841 2112/13/837
f 2134/1/893 2150/2/852 2155/3/853
f 2135/4/854 2151/5/855 2157/6/856
f 2136/7/857 2152/8/684 2158/9/858
f 2137/10/859 2153/11/894 2159/12/861
f 2138/13/862 2154/14/863 2156/15/864
f 2156/15/864 2159/16/861 2139/17/31
f 2156/15/864 2154/14/863 2159/16/861
f 2154/14/863 2137/10/859 2159/16/861
f 2159/12/861 2158/18/858 2139/19/31
f 2159/12/861 2153/11/894 2158/18/858
f 2153/11/894 2136/7/857 2158/18/858
f 2158/9/858 2157/20/856 2139/21/31
f 2158/9/858 2152/8/684 2157/20/856
f 2152/8/684 2135/22/854 2157/20/856
f 2157/6/856 2155/23/853 2139/24/31
f 2157/6/856 2151/5/855 2155/23/853
f 2151/5/855 2134/1/893 2155/23/853
f 2155/3/853 2156/25/864 2139/26/31
f 2155/3/853 2150/2/852 2156/25/864
f 2150/2/852 2138/13/862 2156/25/864
f 2141/27/865 2154/14/863 2138/13/862
f 2141/27/865 2148/28/895 2154/14/863
f 2148/28/895 2137/10/859 2154/14/863
f 2149/29/867 2153/11/894 2137/10/859
f 2149/29/867 2146/30/868 2153/11/894
f 2146/30/868 2136/7/857 2153/11/894
f 2147/31/869 2152/8/684 2136/7/857
f 2147/31/869 2144/32/870 2152/8/684
f 2144/32/870 2135/22/854 2152/8/684
f 2145/33/871 2151/5/855 2135/4/854
f 2145/33/871 2142/34/872 2151/5/855
f 2142/34/872 2134/1/893 2151/5/855
f 2143/35/896 2150/2/852 2134/1/893
f 2143/35/896 2140/36/874 2150/2/852
f 2140/36/874 2138/13/862 2150/2/852
f 2148/28/895 2149/29/867 2137/10/859
f 2146/30/868 2147/31/869 2136/7/857
f 2144/32/870 2145/37/871 2135/22/854
f 2142/34/872 2143/35/896 2134/1/893
f 2140/36/874 2141/27/865 2138/13/862
s 0
usemtl Dunkles_Holz_Sarg
f 751/46/29 747/47/29 40/48/29 137/49/29
f 798/50/30 784/51/30 38/52/30 135/53/30
f 718/54/30 716/55/30 36/56/30 133/57/30
f 717/158/16 718/54/16 133/57/16 91/153/16
f 793/159/16 798/50/16 135/53/16 93/135/16
f 750/160/31 751/46/31 137/49/31 95/136/31
f 801/161/32 176/162/32 175/163/32 802/164/32
f 747/47/31 764/165/31 171/166/31 40/48/31
f 749/167/33 763/168/33 181/169/33 51/170/33
f 801/161/33 787/171/33 56/172/33 176/162/33
f 781/173/31 802/164/31 175/163/31 42/174/31
f 810/623/259 586/624/259 588/243/259 811/625/259
f 811/625/260 588/243/260 585/538/260 814/626/260
f 753/627/259 578/628/259 580/219/259 765/629/259
f 765/629/260 580/219/260 577/531/260 766/630/260
f 754/631/261 594/632/261 596/261/261 767/633/261
f 767/633/262 596/261/262 593/544/262 768/634/262
f 819/635/261 602/636/261 604/273/261 820/637/261
f 820/637/262 604/273/262 601/551/262 823/638/262
f 755/639/263 610/640/263 612/285/263 769/641/263
f 769/641/264 612/285/264 609/558/264 770/642/264
f 828/643/263 618/644/263 620/297/263 829/645/263
f 829/645/264 620/297/264 617/565/264 832/646/264
f 756/647/265 626/648/265 628/286/265 771/649/265
f 771/649/266 628/286/266 625/572/266 772/650/266
f 837/651/265 634/652/265 636/298/265 838/653/265
f 838/653/266 636/298/266 633/579/266 841/654/266
f 846/655/267 650/656/267 652/244/267 847/657/267
f 847/657/268 652/244/268 649/592/268 850/658/268
f 757/659/267 642/660/267 644/220/267 773/661/267
f 773/661/268 644/220/268 641/585/268 774/662/268
f 758/663/269 658/664/269 660/262/269 775/665/269
f 775/665/270 660/262/270 657/598/270 776/666/270
f 855/667/269 666/668/269 668/274/269 856/669/269
f 856/669/271 668/274/271 665/605/271 859/670/271
f 864/671/272 682/672/272 684/250/272 865/673/272
f 865/673/273 684/250/273 681/619/273 868/674/273
f 759/675/272 674/676/272 676/226/272 777/677/272
f 777/677/273 676/226/273 673/612/273 778/678/273
f 753/627/274 774/662/274 641/585/274 578/628/274
f 756/647/275 766/630/275 577/531/275 626/648/275
f 810/623/274 850/658/274 649/592/274 586/624/274
f 837/651/275 814/626/275 585/538/275 634/652/275
f 754/631/276 776/666/276 657/598/276 594/632/276
f 757/659/277 768/634/277 593/544/277 642/660/277
f 819/635/276 859/670/276 665/605/276 602/636/276
f 846/655/277 823/638/277 601/551/277 650/656/277
f 755/639/278 772/650/278 625/572/278 610/640/278
f 759/675/279 770/642/279 609/558/279 674/676/279
f 828/643/278 841/654/278 633/579/278 618/644/278
f 864/671/279 832/646/279 617/565/279 682/672/279
f 758/663/280 749/167/280 51/170/280 658/664/280
f 855/667/280 790/691/280 55/309/280 666/668/280
f 748/693/281 778/678/281 673/612/281 52/225/281
f 787/171/281 868/674/281 681/619/281 56/172/281
f 735/695/281 733/696/281 715/697/281 687/698/281
f 745/699/280 736/700/280 688/701/280 710/702/280
f 746/703/279 725/704/279 703/705/279 713/706/279
f 742/707/278 727/708/278 706/709/278 701/710/278
f 744/711/277 723/712/277 700/713/277 707/714/277
f 741/715/276 731/716/276 712/717/276 698/718/276
f 743/719/275 721/720/275 697/721/275 704/722/275
f 740/723/274 729/724/274 709/725/274 695/726/274
f 732/727/273 714/728/273 715/697/273 733/696/273
f 746/703/272 713/706/272 714/728/272 732/727/272
f 730/729/271 711/730/271 712/717/271 731/716/271
f 745/699/282 710/702/282 711/730/282 730/729/282
f 728/731/268 708/732/268 709/725/268 729/724/268
f 744/711/267 707/714/267 708/732/267 728/731/267
f 726/733/266 705/734/266 706/709/266 727/708/266
f 743/719/265 704/722/265 705/734/265 726/733/265
f 724/735/264 702/736/264 703/705/264 725/704/264
f 742/707/263 701/710/263 702/736/263 724/735/263
f 722/737/262 699/738/262 700/713/262 723/712/262
f 741/715/261 698/718/261 699/738/261 722/737/261
f 720/739/260 696/740/260 697/721/260 721/720/260
f 740/723/259 695/726/259 696/740/259 720/739/259
f 760/741/16 752/742/16 693/743/16 686/744/16
f 736/700/33 719/745/33 692/746/33 688/701/33
f 763/747/283 692/748/283 693/743/283 752/742/283
f 737/749/31 738/750/31 691/751/31 689/752/31
f 762/753/30 760/741/30 686/744/30 690/754/30
f 738/750/29 734/755/29 685/756/29 691/751/29
f 132/119/29 35/386/29 734/755/29 738/750/29
f 90/120/31 132/119/31 738/750/31 737/749/31
f 167/399/33 50/210/33 735/695/33 739/757/33
f 49/299/33 170/408/33 719/745/33 736/700/33
f 573/528/259 740/723/259 720/739/259 576/204/259
f 576/204/260 720/739/260 721/720/260 574/680/260
f 589/541/261 741/715/261 722/737/261 592/252/261
f 592/252/262 722/737/262 723/712/262 590/684/262
f 605/555/263 742/707/263 724/735/263 608/276/263
f 608/276/264 724/735/264 725/704/264 606/688/264
f 621/569/265 743/719/265 726/733/265 624/275/265
f 624/275/266 726/733/266 727/708/266 622/687/266
f 637/582/267 744/711/267 728/731/267 640/203/267
f 640/203/268 728/731/268 729/724/268 638/679/268
f 653/595/282 745/699/282 730/729/282 656/251/282
f 656/251/271 730/729/271 731/716/271 654/683/271
f 669/609/272 746/703/272 732/727/272 672/209/272
f 672/209/273 732/727/273 733/696/273 670/692/273
f 573/528/274 638/679/274 729/724/274 740/723/274
f 621/569/275 574/680/275 721/720/275 743/719/275
f 589/541/276 654/683/276 731/716/276 741/715/276
f 637/582/277 590/684/277 723/712/277 744/711/277
f 605/555/278 622/687/278 727/708/278 742/707/278
f 669/609/279 606/688/279 725/704/279 746/703/279
f 653/595/280 49/299/280 736/700/280 745/699/280
f 50/210/281 670/692/281 733/696/281 735/695/281
f 690/754/30 686/744/30 716/55/30 718/54/30
f 136/124/30 39/398/30 760/741/30 762/753/30
f 94/125/16 136/124/16 762/753/16 761/758/16
f 181/759/283 763/747/283 752/742/283 182/406/283
f 39/398/16 182/406/16 752/742/16 760/741/16
f 687/698/281 715/697/281 778/678/281 748/693/281
f 710/702/280 688/701/280 749/167/280 758/663/280
f 713/706/279 703/705/279 770/642/279 759/675/279
f 701/710/278 706/709/278 772/650/278 755/639/278
f 707/714/277 700/713/277 768/634/277 757/659/277
f 698/718/276 712/717/276 776/666/276 754/631/276
f 704/722/275 697/721/275 766/630/275 756/647/275
f 695/726/274 709/725/274 774/662/274 753/627/274
f 714/728/273 777/677/273 778/678/273 715/697/273
f 713/706/272 759/675/272 777/677/272 714/728/272
f 711/730/270 775/665/270 776/666/270 712/717/270
f 710/702/282 758/663/282 775/665/282 711/730/282
f 708/732/268 773/661/268 774/662/268 709/725/268
f 707/714/267 757/659/267 773/661/267 708/732/267
f 705/734/266 771/649/266 772/650/266 706/709/266
f 704/722/265 756/647/265 771/649/265 705/734/265
f 702/736/264 769/641/264 770/642/264 703/705/264
f 701/710/263 755/639/263 769/641/263 702/736/263
f 699/738/262 767/633/262 768/634/262 700/713/262
f 698/718/261 754/631/261 767/633/261 699/738/261
f 696/740/260 765/629/260 766/630/260 697/721/260
f 695/726/259 753/627/259 765/629/259 696/740/259
f 688/701/33 692/746/33 763/168/33 749/167/33
f 685/756/31 694/760/31 764/165/31 747/47/31
f 689/752/31 691/751/31 751/46/31 750/160/31
f 691/751/29 685/756/29 747/47/29 751/46/29
f 54/234/281 678/694/281 870/761/281 785/762/281
f 785/762/281 870/761/281 869/763/281 786/764/281
f 786/764/281 869/763/281 868/674/281 787/171/281
f 661/601/280 53/304/280 788/765/280 853/766/280
f 853/766/280 788/765/280 789/767/280 854/768/280
f 854/768/280 789/767/280 790/691/280 855/667/280
f 677/615/279 614/690/279 834/769/279 862/770/279
f 862/770/279 834/769/279 833/771/279 863/772/279
f 863/772/279 833/771/279 832/646/279 864/671/279
f 613/561/278 630/689/278 843/773/278 826/774/278
f 826/774/278 843/773/278 842/775/278 827/776/278
f 827/776/278 842/775/278 841/654/278 828/643/278
f 645/588/277 598/686/277 825/777/277 844/778/277
f 844/778/277 825/777/277 824/779/277 845/780/277
f 845/780/277 824/779/277 823/638/277 846/655/277
f 597/547/276 662/685/276 861/781/276 817/782/276
f 817/782/276 861/781/276 860/783/276 818/784/276
f 818/784/276 860/783/276 859/670/276 819/635/276
f 629/575/275 582/682/275 816/785/275 835/786/275
f 835/786/275 816/785/275 815/787/275 836/788/275
f 836/788/275 815/787/275 814/626/275 837/651/275
f 581/534/274 646/681/274 852/789/274 808/790/274
f 808/790/274 852/789/274 851/791/274 809/792/274
f 809/792/274 851/791/274 850/658/274 810/623/274
f 680/233/273 867/793/273 870/761/273 678/694/273
f 867/793/273 866/794/273 869/763/273 870/761/273
f 866/794/273 865/673/273 868/674/273 869/763/273
f 677/615/272 862/770/272 867/793/272 680/233/272
f 862/770/272 863/772/272 866/794/272 867/793/272
f 863/772/272 864/671/272 865/673/272 866/794/272
f 664/263/271 858/795/271 861/781/271 662/685/271
f 858/795/271 857/796/271 860/783/271 861/781/271
f 857/796/271 856/669/271 859/670/271 860/783/271
f 661/601/282 853/766/282 858/795/282 664/263/282
f 853/766/269 854/768/269 857/796/269 858/795/269
f 854/768/269 855/667/269 856/669/269 857/796/269
f 648/227/268 849/797/268 852/789/268 646/681/268
f 849/797/268 848/798/268 851/791/268 852/789/268
f 848/798/268 847/657/268 850/658/268 851/791/268
f 645/588/267 844/778/267 849/797/267 648/227/267
f 844/778/267 845/780/267 848/798/267 849/797/267
f 845/780/267 846/655/267 847/657/267 848/798/267
f 632/287/266 840/799/266 843/773/266 630/689/266
f 840/799/266 839/800/266 842/775/266 843/773/266
f 839/800/266 838/653/266 841/654/266 842/775/266
f 629/575/265 835/786/265 840/799/265 632/287/265
f 835/786/265 836/788/265 839/800/265 840/799/265
f 836/788/265 837/651/265 838/653/265 839/800/265
f 616/288/264 831/801/264 834/769/264 614/690/264
f 831/801/264 830/802/264 833/771/264 834/769/264
f 830/802/264 829/645/264 832/646/264 833/771/264
f 613/561/263 826/774/263 831/801/263 616/288/263
f 826/774/263 827/776/263 830/802/263 831/801/263
f 827/776/263 828/643/263 829/645/263 830/802/263
f 600/264/262 822/803/262 825/777/262 598/686/262
f 822/803/262 821/804/262 824/779/262 825/777/262
f 821/804/262 820/637/262 823/638/262 824/779/262
f 597/547/261 817/782/261 822/803/261 600/264/261
f 817/782/261 818/784/261 821/804/261 822/803/261
f 818/784/261 819/635/261 820/637/261 821/804/261
f 584/228/260 813/805/260 816/785/260 582/682/260
f 813/805/260 812/806/260 815/787/260 816/785/260
f 812/806/260 811/625/260 814/626/260 815/787/260
f 581/534/259 808/790/259 813/805/259 584/228/259
f 808/790/259 809/792/259 812/806/259 813/805/259
f 809/792/259 810/623/259 811/625/259 812/806/259
f 37/377/16 178/404/16 807/807/16 782/808/16
f 53/304/33 180/409/33 806/809/33 788/765/33
f 788/765/33 806/809/33 805/810/33 789/767/33
f 41/390/31 174/407/31 804/811/31 779/812/31
f 779/812/31 804/811/31 803/813/31 780/814/31
f 780/814/31 803/813/31 802/164/31 781/173/31
f 800/815/33 786/764/33 787/171/33 801/161/33
f 800/815/32 801/161/32 802/164/32 803/813/32
f 92/123/16 134/122/16 797/816/16 791/817/16
f 134/122/30 37/377/30 782/808/30 797/816/30
f 890/834/287 891/835/287 892/836/287 893/837/287
f 761/758/16 762/753/16 690/754/16 872/862/16 871/863/16
f 873/864/16 872/862/16 690/754/16 718/54/16 717/158/16
f 739/757/32 874/818/32 877/821/32 694/760/32 880/824/32 879/823/32
f 877/821/32 876/820/32 887/831/32 886/830/32 764/165/32 694/760/32
f 739/757/33 735/695/33 687/698/33 875/819/33 874/818/33
f 876/820/33 875/819/33 687/698/33 748/693/33 888/832/33 887/831/33
f 35/386/31 168/402/31 878/822/31 881/825/31 734/755/31
f 167/399/32 739/757/32 879/823/32 878/822/32 168/402/32
f 734/755/31 881/825/31 880/824/31 694/760/31 685/756/31
f 692/748/283 719/865/283 882/826/283 885/829/283 693/743/283
f 716/55/16 884/828/16 883/827/16 169/403/16 36/56/16
f 686/744/16 693/743/16 885/829/16 884/828/16 716/55/16
f 719/865/283 170/866/283 169/403/283 883/827/283 882/826/283
f 889/833/33 888/832/33 748/693/33 52/225/33 172/400/33
f 886/830/32 889/833/32 172/400/32 171/166/32 764/165/32
f 797/816/30 782/808/30 783/867/30 890/834/30 893/837/30
f 792/868/16 892/836/16 891/835/16 798/50/16 793/159/16
f 791/817/16 797/816/16 893/837/16 892/836/16 792/868/16
f 891/835/30 890/834/30 783/867/30 784/51/30 798/50/30
f 138/127/29 41/390/29 779/812/29 894/838/29 897/841/29
f 794/869/31 896/840/31 895/839/31 799/870/31 795/871/31
f 96/128/31 138/127/31 897/841/31 896/840/31 794/869/31
f 895/839/29 894/838/29 779/812/29 780/814/29 799/870/29
f 796/872/31 899/843/31 898/842/31 139/132/31 97/131/31
f 799/870/29 780/814/29 781/173/29 901/845/29 900/844/29
f 795/871/31 799/870/31 900/844/31 899/843/31 796/872/31
f 898/842/29 901/845/29 781/173/29 42/174/29 139/132/29
f 173/401/32 902/846/32 905/849/32 804/811/32 174/407/32
f 173/401/33 54/234/33 785/762/33 903/847/33 902/846/33
f 905/849/32 904/848/32 800/815/32 803/813/32 804/811/32
f 904/848/33 903/847/33 785/762/33 786/764/33 800/815/33
f 177/873/283 906/850/283 909/853/283 807/807/283 178/404/283
f 790/691/33 907/874/33 906/875/33 177/410/33 55/309/33
f 909/853/283 908/852/283 805/876/283 917/861/283 916/860/283 807/807/283
f 789/767/33 805/810/33 908/877/33 907/874/33 790/691/33
f 784/51/16 911/855/16 910/854/16 179/405/16 38/52/16
f 805/876/283 806/878/283 913/857/283 912/856/283 914/858/283 917/861/283
f 783/867/16 915/859/16 914/858/16 912/856/16 911/855/16 784/51/16
f 806/878/283 180/879/283 179/405/283 910/854/283 913/857/283
f 782/808/16 807/807/16 916/860/16 915/859/16 783/867/16
usemtl Helles_Metall
f 62/38/27 45/39/27 30/40/27 31/41/27
f 59/42/28 48/43/28 27/44/28 32/45/28
f 145/58/28 59/42/28 32/45/28 129/59/28
f 142/60/27 62/38/27 31/41/27 127/61/27
f 130/62/27 33/63/27 60/64/27 140/65/27
f 151/66/27 72/67/27 61/68/27 141/69/27
f 155/70/27 80/71/27 62/38/27 142/60/27
f 131/72/28 34/73/28 57/74/28 143/75/28
f 153/76/28 76/77/28 58/78/28 144/79/28
f 157/80/28 84/81/28 59/42/28 145/58/28
f 34/73/28 29/82/28 46/83/28 57/74/28
f 76/77/28 75/84/28 47/85/28 58/78/28
f 84/81/28 83/86/28 48/43/28 59/42/28
f 33/63/27 28/87/27 43/88/27 60/64/27
f 72/67/27 71/89/27 44/90/27 61/68/27
f 80/71/27 79/91/27 45/39/27 62/38/27
f 78/92/27 77/93/27 63/94/27 66/95/27
f 82/96/28 81/97/28 64/98/28 65/99/28
f 154/100/28 82/96/28 65/99/28 146/101/28
f 152/102/27 78/92/27 66/95/27 147/103/27
f 86/104/27 85/105/27 67/106/27 70/107/27
f 74/108/28 73/109/28 68/110/28 69/111/28
f 150/112/28 74/108/28 69/111/28 148/113/28
f 156/114/27 86/104/27 70/107/27 149/115/27
f 144/79/28 58/78/28 74/108/28 150/112/28
f 58/78/28 47/85/28 73/109/28 74/108/28
f 70/107/27 67/106/27 71/89/27 72/67/27
f 149/115/27 70/107/27 72/67/27 151/66/27
f 141/69/27 61/68/27 78/92/27 152/102/27
f 61/68/27 44/90/27 77/93/27 78/92/27
f 65/99/28 64/98/28 75/84/28 76/77/28
f 146/101/28 65/99/28 76/77/28 153/76/28
f 143/75/28 57/74/28 82/96/28 154/100/28
f 57/74/28 46/83/28 81/97/28 82/96/28
f 66/95/27 63/94/27 79/91/27 80/71/27
f 147/103/27 66/95/27 80/71/27 155/70/27
f 140/65/27 60/64/27 86/104/27 156/114/27
f 60/64/27 43/88/27 85/105/27 86/104/27
f 69/111/28 68/110/28 83/86/28 84/81/28
f 148/113/28 69/111/28 84/81/28 157/80/28
f 130/62/27 88/116/27 117/117/27 158/118/27
f 132/119/27 90/120/27 118/121/27 159/119/27
f 134/122/28 92/123/28 120/123/28 161/122/28
f 136/124/28 94/125/28 122/126/28 163/124/28
f 138/127/27 96/128/27 124/129/27 165/127/27
f 98/130/27 127/61/27 128/61/27 126/130/27
f 125/131/31 166/132/31 158/118/31 117/117/31
f 126/133/16 128/134/16 161/122/16 120/123/16
f 121/135/16 162/53/16 163/124/16 122/126/16
f 123/136/31 164/49/31 165/127/31 124/129/31
f 107/137/28 148/113/28 157/80/28 116/138/28
f 99/139/27 140/65/27 156/114/27 115/140/27
f 106/141/27 147/103/27 155/70/27 114/142/27
f 102/143/28 143/75/28 154/100/28 113/144/28
f 105/145/28 146/101/28 153/76/28 112/146/28
f 100/147/27 141/69/27 152/102/27 111/148/27
f 108/149/27 149/115/27 151/66/27 110/150/27
f 103/151/28 144/79/28 150/112/28 109/152/28
f 115/140/27 156/114/27 149/115/27 108/149/27
f 109/152/28 150/112/28 148/113/28 107/137/28
f 111/148/27 152/102/27 147/103/27 106/141/27
f 113/144/28 154/100/28 146/101/28 105/145/28
f 91/153/27 133/57/27 160/57/27 119/153/27
f 116/138/28 157/80/28 145/58/28 104/154/28
f 112/146/28 153/76/28 144/79/28 103/151/28
f 89/155/28 131/72/28 143/75/28 102/143/28
f 114/142/27 155/70/27 142/60/27 101/156/27
f 110/150/27 151/66/27 141/69/27 100/147/27
f 88/116/27 130/62/27 140/65/27 99/139/27
f 101/156/27 142/60/27 127/61/27 98/130/27
f 104/154/28 145/58/28 129/59/28 87/157/28
f 93/135/27 135/53/27 162/53/27 121/135/27
f 95/136/28 137/49/28 164/49/28 123/136/28
f 97/131/28 139/132/28 166/132/28 125/131/28
f 203/175/34 206/176/34 205/177/34
f 206/176/35 207/178/35 205/177/35
f 207/178/36 204/179/36 205/177/36
f 208/56/37 211/56/37 210/180/37
f 211/56/38 212/181/38 210/180/38
f 212/181/39 209/56/39 210/180/39
f 213/182/40 216/183/40 215/184/40
f 216/183/41 217/185/41 215/186/41
f 217/185/42 214/187/42 215/186/42
f 218/52/37 221/52/37 220/188/37
f 221/52/38 222/189/38 220/188/38
f 222/189/39 219/52/39 220/188/39
f 223/190/43 226/191/43 225/192/43
f 226/191/41 227/193/41 225/192/41
f 227/193/42 224/194/42 225/192/42
f 228/48/44 231/48/44 230/195/44
f 231/48/45 232/48/45 230/195/45
f 232/48/46 229/48/46 230/195/46
f 233/196/47 236/197/47 235/198/47
f 236/197/35 237/199/35 235/200/35
f 237/199/36 234/201/36 235/200/36
f 238/174/44 241/174/44 240/202/44
f 241/174/48 242/174/48 240/202/48
f 242/174/49 239/174/49 240/202/49
f 248/203/50 251/204/50 253/204/50 250/203/50
f 250/203/51 253/204/51 254/205/51 249/206/51
f 249/206/52 254/205/52 252/207/52 247/208/52
f 256/209/53 187/210/53 189/210/53 258/209/53
f 258/209/54 189/210/54 190/211/54 257/212/54
f 257/212/55 190/211/55 188/213/55 255/214/55
f 264/215/56 267/216/56 269/217/56 266/218/56
f 266/218/57 269/217/57 270/219/57 265/220/57
f 265/220/58 270/219/58 268/219/58 263/220/58
f 272/221/59 191/222/59 193/223/59 274/224/59
f 274/224/60 193/223/60 194/225/60 273/226/60
f 273/226/61 194/225/61 192/225/61 271/226/61
f 280/227/50 283/228/50 285/228/50 282/227/50
f 282/227/51 285/228/51 286/229/51 281/230/51
f 281/230/52 286/229/52 284/231/52 279/232/52
f 288/233/53 195/234/53 197/234/53 290/233/53
f 290/233/54 197/234/54 198/235/54 289/236/54
f 289/236/55 198/235/55 196/237/55 287/238/55
f 296/239/56 299/240/56 301/241/56 298/242/56
f 298/242/57 301/241/57 302/243/57 297/244/57
f 297/244/58 302/243/58 300/243/58 295/244/58
f 304/245/59 199/246/59 201/247/59 306/248/59
f 306/248/60 201/247/60 202/249/60 305/250/60
f 305/250/62 202/249/62 200/172/62 303/250/62
f 308/251/63 311/252/63 313/252/63 310/251/63
f 310/251/64 313/252/64 314/253/64 309/254/64
f 309/254/65 314/253/65 312/255/65 307/256/65
f 316/257/66 319/258/66 321/259/66 318/260/66
f 318/260/67 321/259/67 322/261/67 317/262/67
f 317/262/68 322/261/68 320/261/68 315/262/68
f 324/263/63 327/264/63 329/264/63 326/263/63
f 326/263/69 329/264/69 330/265/69 325/266/69
f 325/266/65 330/265/65 328/267/65 323/268/65
f 332/269/66 335/270/66 337/271/66 334/272/66
f 334/272/70 337/271/70 338/273/70 333/274/70
f 333/274/68 338/273/68 336/273/68 331/274/68
f 340/275/71 343/276/71 345/276/71 342/275/71
f 342/275/72 345/276/72 346/277/72 341/278/72
f 341/278/73 346/277/73 344/279/73 339/280/73
f 348/281/74 351/282/74 353/283/74 350/284/74
f 350/284/75 353/283/75 354/285/75 349/286/75
f 349/286/76 354/285/76 352/285/76 347/286/76
f 356/287/71 359/288/71 361/288/71 358/287/71
f 358/287/72 361/288/72 362/289/72 357/290/72
f 357/290/77 362/289/77 360/291/77 355/292/77
f 364/293/74 367/294/74 369/295/74 366/296/74
f 366/296/75 369/295/75 370/297/75 365/298/75
f 365/298/76 370/297/76 368/297/76 363/298/76
f 251/204/78 340/275/78 342/275/78 253/204/78
f 253/204/79 342/275/79 341/278/79 254/205/79
f 254/205/80 341/278/80 339/280/80 252/207/80
f 267/216/81 348/281/81 350/284/81 269/217/81
f 269/217/82 350/284/82 349/286/82 270/219/82
f 270/219/83 349/286/83 347/286/83 268/219/83
f 283/228/78 356/287/78 358/287/78 285/228/78
f 285/228/79 358/287/79 357/290/79 286/229/79
f 286/229/80 357/290/80 355/292/80 284/231/80
f 299/240/81 364/293/81 366/296/81 301/241/81
f 301/241/82 366/296/82 365/298/82 302/243/82
f 302/243/83 365/298/83 363/298/83 300/243/83
f 311/252/84 248/203/84 250/203/84 313/252/84
f 313/252/85 250/203/85 249/206/85 314/253/85
f 314/253/86 249/206/86 247/208/86 312/255/86
f 319/258/87 264/215/87 266/218/87 321/259/87
f 321/259/88 266/218/88 265/220/88 322/261/88
f 322/261/89 265/220/89 263/220/89 320/261/89
f 327/264/84 280/227/84 282/227/84 329/264/84
f 329/264/85 282/227/85 281/230/85 330/265/85
f 330/265/86 281/230/86 279/232/86 328/267/86
f 335/270/87 296/239/87 298/242/87 337/271/87
f 337/271/88 298/242/88 297/244/88 338/273/88
f 338/273/90 297/244/90 295/244/90 336/273/90
f 244/299/91 308/251/91 310/251/91 246/299/91
f 246/299/92 310/251/92 309/254/92 245/300/92
f 245/300/93 309/254/93 307/256/93 243/301/93
f 260/302/94 316/257/94 318/260/94 262/303/94
f 262/303/95 318/260/95 317/262/95 261/170/95
f 261/170/96 317/262/96 315/262/96 259/170/96
f 276/304/91 324/263/91 326/263/91 278/304/91
f 278/304/92 326/263/92 325/266/92 277/305/92
f 277/305/93 325/266/93 323/268/93 275/306/93
f 292/307/94 332/269/94 334/272/94 294/308/94
f 294/308/95 334/272/95 333/274/95 293/309/95
f 293/309/96 333/274/96 331/274/96 291/309/96
f 343/276/97 256/209/97 258/209/97 345/276/97
f 345/276/98 258/209/98 257/212/98 346/277/98
f 346/277/99 257/212/99 255/214/99 344/279/99
f 351/282/100 272/221/100 274/224/100 353/283/100
f 353/283/101 274/224/101 273/226/101 354/285/101
f 354/285/102 273/226/102 271/226/102 352/285/102
f 359/288/97 288/233/97 290/233/97 361/288/97
f 361/288/103 290/233/103 289/236/103 362/289/103
f 362/289/99 289/236/99 287/238/99 360/291/99
f 367/294/100 304/245/100 306/248/100 369/295/100
f 369/295/101 306/248/101 305/250/101 370/297/101
f 370/297/102 305/250/102 303/250/102 368/297/102
f 372/310/104 375/311/104 377/312/104 374/313/104
f 374/313/105 377/312/105 378/314/105 373/315/105
f 373/315/106 378/314/106 376/316/106 371/317/106
f 380/318/107 383/319/107 385/320/107 382/321/107
f 382/321/108 385/320/108 386/322/108 381/323/108
f 381/323/109 386/322/109 384/324/109 379/325/109
f 388/326/110 391/327/110 393/328/110 390/329/110
f 390/329/111 393/328/111 394/330/111 389/331/111
f 389/331/112 394/330/112 392/332/112 387/333/112
f 396/334/104 399/335/104 401/336/104 398/337/104
f 398/337/105 401/336/105 402/338/105 397/339/105
f 397/339/106 402/338/106 400/340/106 395/341/106
f 404/342/110 407/343/110 409/344/110 406/345/110
f 406/345/111 409/344/111 410/346/111 405/347/111
f 405/347/112 410/346/112 408/348/112 403/349/112
f 412/350/113 415/351/113 417/352/113 414/353/113
f 414/353/114 417/354/114 418/355/114 413/356/114
f 413/356/115 418/355/115 416/357/115 411/358/115
f 420/359/107 423/360/107 425/361/107 422/362/107
f 422/362/108 425/361/108 426/363/108 421/364/108
f 421/364/109 426/363/109 424/365/109 419/366/109
f 428/367/113 431/368/113 433/369/113 430/370/113
f 430/370/114 433/371/114 434/372/114 429/373/114
f 429/373/115 434/372/115 432/374/115 427/375/115
f 291/309/116 416/357/116 418/355/116 293/309/116
f 293/309/117 418/355/117 417/354/117 294/308/117
f 294/308/118 417/354/118 415/376/118 292/307/118
f 411/358/119 214/377/119 217/377/119 413/356/119
f 413/356/120 217/377/120 216/183/120 414/353/120
f 414/353/121 216/183/121 213/182/121 412/350/121
f 371/317/122 200/172/122 202/249/122 373/315/122
f 373/315/123 202/249/123 201/247/123 374/313/123
f 374/313/124 201/247/124 199/246/124 372/310/124
f 375/311/125 239/378/125 242/379/125 377/312/125
f 377/312/126 242/379/126 241/174/126 378/314/126
f 378/314/127 241/174/127 238/174/127 376/316/127
f 379/380/128 244/299/128 246/299/128 381/381/128
f 381/381/129 246/299/129 245/300/129 382/382/129
f 382/382/130 245/300/130 243/301/130 380/383/130
f 208/56/131 384/324/131 386/322/131 211/56/131
f 211/56/132 386/322/132 385/320/132 212/384/132
f 212/384/133 385/320/133 383/319/133 209/385/133
f 187/210/134 392/332/134 394/330/134 189/210/134
f 189/210/135 394/330/135 393/328/135 190/211/135
f 190/211/136 393/328/136 391/327/136 188/213/136
f 387/333/137 204/386/137 207/386/137 389/331/137
f 389/331/138 207/386/138 206/176/138 390/329/138
f 390/329/139 206/176/139 203/175/139 388/326/139
f 395/341/122 192/225/122 194/225/122 397/339/122
f 397/339/140 194/225/140 193/223/140 398/337/140
f 398/337/124 193/223/124 191/222/124 396/334/124
f 195/234/134 408/348/134 410/346/134 197/234/134
f 197/234/135 410/346/135 409/344/135 198/235/135
f 198/235/136 409/344/136 407/343/136 196/237/136
f 399/335/125 229/387/125 232/388/125 401/336/125
f 401/336/126 232/388/126 231/48/126 402/338/126
f 402/338/127 231/48/127 228/48/127 400/340/127
f 403/349/137 234/389/137 237/390/137 405/347/137
f 405/347/138 237/390/138 236/197/138 406/345/138
f 406/345/139 236/197/139 233/196/139 404/342/139
f 259/170/116 432/374/116 434/372/116 261/170/116
f 261/170/141 434/372/141 433/371/141 262/303/141
f 262/303/118 433/371/118 431/391/118 260/302/118
f 419/392/128 276/304/128 278/304/128 421/393/128
f 421/393/129 278/304/129 277/305/129 422/394/129
f 422/394/130 277/305/130 275/306/130 420/395/130
f 218/52/131 424/365/131 426/363/131 221/52/131
f 221/52/142 426/363/142 425/361/142 222/396/142
f 222/396/133 425/361/133 423/360/133 219/397/133
f 427/375/119 224/398/119 227/398/119 429/373/119
f 429/373/120 227/398/120 226/191/120 430/370/120
f 430/370/121 226/191/121 223/190/121 428/367/121
f 187/210/27 50/210/27 167/399/27 392/332/27
f 192/225/28 395/341/28 172/400/28 52/225/28
f 191/222/143 272/221/143 287/238/143 196/237/143
f 396/334/144 191/222/144 196/237/144 407/343/144
f 195/234/27 54/234/27 173/401/27 408/348/27
f 200/172/28 371/317/28 176/162/28 56/172/28
f 204/386/27 387/333/27 168/402/27 35/386/27
f 35/386/27 132/119/27 159/119/27 205/177/27 204/386/27
f 208/56/27 36/56/27 169/403/27 384/324/27
f 133/57/27 36/56/27 208/56/27 210/180/27 160/57/27
f 37/377/28 134/122/28 161/122/28 215/184/28 214/377/28
f 214/377/28 411/358/28 178/404/28 37/377/28
f 219/397/145 423/360/145 428/367/145 223/190/145
f 162/53/16 220/188/16 219/397/16 223/190/16 225/192/16 163/124/16
f 218/52/27 38/52/27 179/405/27 424/365/27
f 135/53/27 38/52/27 218/52/27 220/188/27 162/53/27
f 39/398/28 136/124/28 163/124/28 225/192/28 224/398/28
f 224/398/28 427/375/28 182/406/28 39/398/28
f 229/387/146 399/335/146 404/342/146 233/196/146
f 164/49/31 230/195/31 229/387/31 233/196/31 235/198/31 165/127/31
f 228/48/28 40/48/28 171/166/28 400/340/28
f 137/49/28 40/48/28 228/48/28 230/195/28 164/49/28
f 41/390/27 138/127/27 165/127/27 235/198/27 234/389/27
f 234/389/27 403/349/27 174/407/27 41/390/27
f 238/174/28 42/174/28 175/163/28 376/316/28
f 139/132/28 42/174/28 238/174/28 240/202/28 166/132/28
f 244/299/27 379/380/27 170/408/27 49/299/27
f 259/170/28 51/170/28 181/169/28 432/374/28
f 316/257/147 260/302/147 275/306/147 323/268/147
f 260/302/148 431/391/148 420/395/148 275/306/148
f 264/215/149 319/258/149 328/267/149 279/232/149
f 267/216/150 264/215/150 279/232/150 284/231/150
f 348/281/151 267/216/151 284/231/151 355/292/151
f 272/221/152 351/282/152 360/291/152 287/238/152
f 276/304/27 419/392/27 180/409/27 53/304/27
f 291/309/28 55/309/28 177/410/28 416/357/28
f 319/258/153 316/257/153 323/268/153 328/267/153
f 351/282/154 348/281/154 355/292/154 360/291/154
f 175/163/28 176/162/28 371/317/28 376/316/28
f 169/403/27 170/408/27 379/325/27 384/324/27
f 167/399/27 168/402/27 387/333/27 392/332/27
f 171/166/28 172/400/28 395/341/28 400/340/28
f 396/334/155 407/343/155 404/342/155 399/335/155
f 173/401/27 174/407/27 403/349/27 408/348/27
f 177/410/28 178/404/28 411/358/28 416/357/28
f 179/405/27 180/409/27 419/366/27 424/365/27
f 420/359/156 431/368/156 428/367/156 423/360/156
f 181/169/28 182/406/28 427/375/28 432/374/28
f 435/411/157 438/412/157 437/413/157
f 438/412/158 439/414/158 437/413/158
f 439/414/159 436/415/159 437/413/159
f 452/416/160 455/417/160 454/418/160
f 455/417/161 456/419/161 454/418/161
f 456/419/162 453/420/162 454/418/162
f 466/421/163 469/422/163 471/423/163 468/424/163
f 468/425/164 471/90/164 472/90/164 467/89/164
f 467/89/165 472/90/165 470/90/165 465/426/165
f 474/427/166 440/428/166 442/429/166 476/430/166
f 476/431/167 442/39/167 443/39/167 475/91/167
f 475/91/168 443/39/168 441/39/168 473/91/168
f 482/432/169 485/433/169 487/434/169 484/435/169
f 484/436/170 487/85/170 488/85/170 483/84/170
f 483/84/171 488/85/171 486/85/171 481/84/171
f 490/437/172 444/438/172 446/439/172 492/440/172
f 492/441/173 446/43/173 447/43/173 491/86/173
f 491/86/174 447/43/174 445/43/174 489/86/174
f 494/442/175 497/443/175 499/444/175 496/445/175
f 496/446/176 499/447/176 500/94/176 495/93/176
f 495/93/177 500/94/177 498/94/177 493/93/177
f 502/448/178 505/449/178 507/450/178 504/451/178
f 504/452/179 507/453/179 508/98/179 503/97/179
f 503/97/180 508/98/180 506/98/180 501/97/180
f 510/454/181 513/455/181 515/456/181 512/457/181
f 512/458/182 515/459/182 516/106/182 511/460/182
f 511/460/183 516/106/183 514/106/183 509/460/183
f 518/461/184 521/462/184 523/463/184 520/464/184
f 520/465/185 523/466/185 524/110/185 519/109/185
f 519/109/186 524/110/186 522/110/186 517/109/186
f 513/455/187 466/421/187 468/424/187 515/456/187
f 515/459/188 468/425/188 467/89/188 516/106/188
f 516/106/189 467/89/189 465/426/189 514/106/189
f 485/433/190 518/461/190 520/464/190 487/434/190
f 487/85/191 520/465/191 519/109/191 488/85/191
f 488/85/192 519/109/192 517/109/192 486/85/192
f 505/449/193 482/432/193 484/435/193 507/450/193
f 507/453/194 484/436/194 483/84/194 508/98/194
f 508/98/195 483/84/195 481/84/195 506/98/195
f 469/422/196 494/442/196 496/445/196 471/423/196
f 471/90/197 496/446/197 495/93/197 472/90/197
f 472/90/198 495/93/198 493/93/198 470/90/198
f 497/443/199 474/427/199 476/430/199 499/444/199
f 499/447/200 476/431/200 475/91/200 500/94/200
f 500/94/201 475/91/201 473/91/201 498/94/201
f 478/467/202 502/448/202 504/451/202 480/468/202
f 480/83/203 504/452/203 503/97/203 479/83/203
f 479/83/204 503/97/204 501/97/204 477/83/204
f 521/462/205 490/437/205 492/440/205 523/463/205
f 523/466/206 492/441/206 491/86/206 524/110/206
f 524/110/207 491/86/207 489/86/207 522/110/207
f 462/469/208 510/454/208 512/457/208 464/470/208
f 464/88/209 512/458/209 511/460/209 463/88/209
f 463/88/210 511/460/210 509/460/210 461/88/210
f 534/471/211 526/472/211 528/473/211 536/474/211
f 536/474/212 528/473/212 527/157/212 535/59/212
f 535/59/213 527/157/213 525/157/213 533/59/213
f 538/72/214 530/155/214 532/155/214 540/72/214
f 540/72/215 532/155/215 531/475/215 539/476/215
f 539/476/216 531/475/216 529/477/216 537/478/216
f 449/479/217 534/471/217 536/474/217 451/480/217
f 451/480/218 536/474/218 535/59/218 450/45/218
f 450/45/219 535/59/219 533/59/219 448/45/219
f 458/73/220 538/72/220 540/72/220 460/481/220
f 460/481/221 540/72/221 539/476/221 459/482/221
f 459/482/222 539/476/222 537/478/222 457/483/222
f 542/484/223 545/485/223 547/486/223 544/487/223
f 544/488/224 547/489/224 548/490/224 543/491/224
f 543/491/225 548/490/225 546/492/225 541/493/225
f 550/494/226 553/495/226 555/496/226 552/497/226
f 552/497/227 555/496/227 556/498/227 551/499/227
f 551/499/228 556/498/228 554/500/228 549/501/228
f 558/502/229 561/503/229 563/504/229 560/505/229
f 560/505/230 563/504/230 564/506/230 559/507/230
f 559/507/231 564/506/231 562/508/231 557/509/231
f 566/510/232 569/511/232 571/512/232 568/513/232
f 568/513/233 571/512/233 572/514/233 567/515/233
f 567/515/234 572/514/234 570/516/234 565/517/234
f 545/485/235 436/415/235 439/518/235 547/486/235
f 547/486/236 439/518/236 438/519/236 548/520/236
f 548/490/237 438/521/237 435/522/237 546/492/237
f 541/493/238 441/39/238 443/39/238 543/491/238
f 543/491/239 443/39/239 442/39/239 544/488/239
f 544/523/240 442/429/240 440/428/240 542/524/240
f 461/88/241 554/500/241 556/498/241 463/88/241
f 463/88/242 556/498/242 555/496/242 464/88/242
f 464/470/243 555/496/243 553/495/243 462/469/243
f 549/501/244 453/63/244 456/63/244 551/499/244
f 551/499/245 456/63/245 455/417/245 552/497/245
f 552/497/246 455/417/246 452/416/246 550/494/246
f 477/83/247 562/508/247 564/506/247 479/83/247
f 479/83/248 564/506/248 563/504/248 480/83/248
f 480/468/249 563/525/249 561/526/249 478/467/249
f 557/509/250 458/73/250 460/481/250 559/507/250
f 559/507/251 460/481/251 459/482/251 560/505/251
f 560/505/252 459/482/252 457/483/252 558/502/252
f 569/511/253 449/479/253 451/480/253 571/512/253
f 571/512/254 451/480/254 450/45/254 572/514/254
f 572/514/255 450/45/255 448/45/255 570/516/255
f 444/438/256 566/510/256 568/513/256 446/439/256
f 446/43/257 568/513/257 567/515/257 447/43/257
f 447/43/258 567/515/258 565/517/258 445/43/258
f 128/134/16 437/413/16 436/415/16 213/182/16 215/184/16 161/122/16
f 127/61/27 31/41/27 435/522/27 437/527/27 128/61/27
f 31/41/27 30/40/27 183/40/27 546/492/27 435/522/27
f 436/415/145 545/485/145 412/350/145 213/182/145
f 30/40/27 45/39/27 441/39/27 541/493/27 183/40/27
f 292/307/148 415/376/148 542/524/148 440/428/148
f 45/39/27 79/91/27 473/91/27 441/39/27
f 332/269/147 292/307/147 440/428/147 474/427/147
f 27/44/28 48/43/28 445/43/28 565/517/28 186/44/28
f 566/510/144 444/438/144 188/213/144 391/327/144
f 48/43/28 83/86/28 489/86/28 445/43/28
f 444/438/143 490/437/143 255/214/143 188/213/143
f 32/45/28 27/44/28 186/44/28 570/516/28 448/45/28
f 129/59/28 32/45/28 448/45/28 533/59/28
f 449/479/146 569/511/146 388/326/146 203/175/146
f 534/471/31 449/479/31 203/175/31 205/177/31 159/119/31
f 28/87/27 33/63/27 453/63/27 549/501/27 184/87/27
f 239/378/146 375/311/146 550/494/146 452/416/146
f 33/63/27 130/62/27 158/118/27 454/418/27 453/63/27
f 166/132/31 240/202/31 239/378/31 452/416/31 454/418/31 158/118/31
f 29/82/28 34/73/28 458/73/28 557/509/28 185/82/28
f 209/385/145 383/319/145 558/502/145 457/483/145
f 34/73/28 131/72/28 538/72/28 458/73/28
f 160/57/16 210/180/16 209/385/16 457/483/16 537/478/16
f 43/88/27 28/87/27 184/87/27 554/500/27 461/88/27
f 85/105/27 43/88/27 461/88/27 509/460/27
f 372/310/144 199/246/144 462/469/144 553/495/144
f 199/246/143 304/245/143 510/454/143 462/469/143
f 71/89/27 67/106/27 514/106/27 465/426/27
f 44/90/27 71/89/27 465/426/27 470/90/27
f 367/294/154 364/293/154 466/421/154 513/455/154
f 364/293/151 299/240/151 469/422/151 466/421/151
f 77/93/27 44/90/27 470/90/27 493/93/27
f 299/240/150 296/239/150 494/442/150 469/422/150
f 79/91/27 63/94/27 498/94/27 473/91/27
f 335/270/153 332/269/153 474/427/153 497/443/153
f 46/83/28 29/82/28 185/82/28 562/508/28 477/83/28
f 81/97/28 46/83/28 477/83/28 501/97/28
f 478/467/148 561/526/148 380/383/148 243/301/148
f 502/448/147 478/467/147 243/301/147 307/256/147
f 485/433/150 482/432/150 247/208/150 252/207/150
f 47/85/28 75/84/28 481/84/28 486/85/28
f 482/432/149 505/449/149 312/255/149 247/208/149
f 75/84/28 64/98/28 506/98/28 481/84/28
f 73/109/28 47/85/28 486/85/28 517/109/28
f 518/461/151 485/433/151 252/207/151 339/280/151
f 490/437/152 521/462/152 344/279/152 255/214/152
f 83/86/28 68/110/28 522/110/28 489/86/28
f 63/94/27 77/93/27 493/93/27 498/94/27
f 296/239/149 335/270/149 497/443/149 494/442/149
f 64/98/28 81/97/28 501/97/28 506/98/28
f 505/449/153 502/448/153 307/256/153 312/255/153
f 304/245/152 367/294/152 513/455/152 510/454/152
f 67/106/27 85/105/27 509/460/27 514/106/27
f 521/462/154 518/461/154 339/280/154 344/279/154
f 68/110/28 73/109/28 517/109/28 522/110/28
f 526/472/31 534/471/31 159/119/31 118/121/31
f 87/157/28 129/59/28 533/59/28 525/157/28
f 131/72/28 89/155/28 530/155/28 538/72/28
f 119/153/16 160/57/16 537/478/16 529/477/16
f 541/493/27 546/492/27 183/40/27
f 542/484/156 415/351/156 412/350/156 545/485/156
f 549/501/27 554/500/27 184/87/27
f 372/310/155 553/495/155 550/494/155 375/311/155
f 557/509/28 562/508/28 185/82/28
f 380/318/156 561/503/156 558/502/156 383/319/156
f 565/517/28 570/516/28 186/44/28
f 566/510/155 391/327/155 388/326/155 569/511/155
f 573/528/27 576/529/27 575/204/27
f 576/529/27 574/530/27 575/204/27
f 577/531/28 580/532/28 579/219/28
f 580/532/28 578/533/28 579/219/28
f 581/534/27 584/535/27 583/536/27
f 584/535/27 582/537/27 583/228/27
f 585/538/28 588/539/28 587/243/28
f 588/539/28 586/540/28 587/243/28
f 589/541/27 592/542/27 591/252/27
f 592/542/27 590/543/27 591/252/27
f 593/544/28 596/545/28 595/261/28
f 596/545/28 594/546/28 595/261/28
f 597/547/27 600/548/27 599/549/27
f 600/548/27 598/550/27 599/264/27
f 601/551/28 604/552/28 603/553/28
f 604/552/28 602/554/28 603/273/28
f 605/555/27 608/556/27 607/276/27
f 608/556/27 606/557/27 607/276/27
f 609/558/28 612/559/28 611/285/28
f 612/559/28 610/560/28 611/285/28
f 613/561/27 616/562/27 615/563/27
f 616/562/27 614/564/27 615/288/27
f 617/565/28 620/566/28 619/567/28
f 620/566/28 618/568/28 619/297/28
f 621/569/27 624/570/27 623/275/27
f 624/570/27 622/571/27 623/275/27
f 625/572/28 628/573/28 627/286/28
f 628/573/28 626/574/28 627/286/28
f 629/575/27 632/576/27 631/577/27
f 632/576/27 630/578/27 631/287/27
f 633/579/28 636/580/28 635/298/28
f 636/580/28 634/581/28 635/298/28
f 637/582/27 640/583/27 639/203/27
f 640/583/27 638/584/27 639/203/27
f 641/585/28 644/586/28 643/220/28
f 644/586/28 642/587/28 643/220/28
f 645/588/27 648/589/27 647/590/27
f 648/589/27 646/591/27 647/227/27
f 649/592/28 652/593/28 651/244/28
f 652/593/28 650/594/28 651/244/28
f 653/595/27 656/596/27 655/251/27
f 656/596/27 654/597/27 655/251/27
f 657/598/28 660/599/28 659/262/28
f 660/599/28 658/600/28 659/262/28
f 661/601/27 664/602/27 663/603/27
f 664/602/27 662/604/27 663/263/27
f 665/605/28 668/606/28 667/607/28
f 668/606/28 666/608/28 667/274/28
f 669/609/27 672/610/27 671/209/27
f 672/610/27 670/611/27 671/209/27
f 673/612/28 676/613/28 675/226/28
f 676/613/28 674/614/28 675/226/28
f 677/615/27 680/616/27 679/617/27
f 680/616/27 678/618/27 679/233/27
f 681/619/28 684/620/28 683/621/28
f 684/620/28 682/622/28 683/250/28
f 639/203/27 638/679/27 573/528/27 575/204/27 251/204/27 248/203/27
f 575/204/27 574/680/27 621/569/27 623/275/27 340/275/27 251/204/27
f 579/219/28 578/628/28 641/585/28 643/220/28 263/220/28 268/219/28
f 627/286/28 626/648/28 577/531/28 579/219/28 268/219/28 347/286/28
f 647/590/27 646/681/27 581/534/27 583/536/27 283/228/27 280/227/27
f 583/536/27 582/682/27 629/575/27 631/577/27 356/287/27 283/228/27
f 587/243/28 586/624/28 649/592/28 651/244/28 295/244/28 300/243/28
f 635/298/28 634/652/28 585/538/28 587/243/28 300/243/28 363/298/28
f 655/251/27 654/683/27 589/541/27 591/252/27 311/252/27 308/251/27
f 591/252/27 590/684/27 637/582/27 639/203/27 248/203/27 311/252/27
f 595/261/28 594/632/28 657/598/28 659/262/28 315/262/28 320/261/28
f 643/220/28 642/660/28 593/544/28 595/261/28 320/261/28 263/220/28
f 663/603/27 662/685/27 597/547/27 599/549/27 327/264/27 324/263/27
f 599/549/27 598/686/27 645/588/27 647/590/27 280/227/27 327/264/27
f 603/553/28 602/636/28 665/605/28 667/607/28 331/274/28 336/273/28
f 651/244/28 650/656/28 601/551/28 603/553/28 336/273/28 295/244/28
f 623/275/27 622/687/27 605/555/27 607/276/27 343/276/27 340/275/27
f 607/276/27 606/688/27 669/609/27 671/209/27 256/209/27 343/276/27
f 611/285/28 610/640/28 625/572/28 627/286/28 347/286/28 352/285/28
f 675/226/28 674/676/28 609/558/28 611/285/28 352/285/28 271/226/28
f 631/577/27 630/689/27 613/561/27 615/563/27 359/288/27 356/287/27
f 615/563/27 614/690/27 677/615/27 679/617/27 288/233/27 359/288/27
f 619/567/28 618/644/28 633/579/28 635/298/28 363/298/28 368/297/28
f 683/621/28 682/672/28 617/565/28 619/567/28 368/297/28 303/250/28
f 49/299/27 653/595/27 655/251/27 308/251/27 244/299/27
f 659/262/28 658/664/28 51/170/28 259/170/28 315/262/28
f 53/304/27 661/601/27 663/603/27 324/263/27 276/304/27
f 667/607/28 666/668/28 55/309/28 291/309/28 331/274/28
f 671/209/27 670/692/27 50/210/27 187/210/27 256/209/27
f 52/225/28 673/612/28 675/226/28 271/226/28 192/225/28
f 679/617/27 678/694/27 54/234/27 195/234/27 288/233/27
f 56/172/28 681/619/28 683/621/28 303/250/28 200/172/28
f 2162/983/31 2163/44/31 2161/87/31 2160/1015/31
f 2164/1133/904 2167/1177/904 2166/1219/904 2165/1220/904
f 2170/1221/905 2169/1222/905 2168/1223/905 2171/1224/905
f 2168/1225/27 2169/1226/27 2162/983/27 2160/1015/27 2164/1227/27 2165/1228/27
f 2165/1220/16 2166/1219/16 2171/1224/16 2168/1223/16
f 2160/1015/33 2161/87/33 2167/1229/33 2164/1230/33
f 2163/44/28 2170/1231/28 2171/1232/28 2166/1233/28 2167/1234/28 2161/87/28
f 2169/1222/906 2170/1221/906 2163/44/906 2162/983/906
f 2174/983/31 2175/44/31 2173/87/31 2172/1015/31
f 2176/1133/907 2179/1177/907 2178/1219/907 2177/1220/907
f 2182/1221/905 2181/1222/905 2180/1223/905 2183/1224/905
f 2180/1225/27 2181/1226/27 2174/983/27 2172/1015/27 2176/1227/27 2177/1228/27
f 2177/1220/16 2178/1219/16 2183/1224/16 2180/1223/16
f 2172/1015/33 2173/87/33 2179/1229/33 2176/1230/33
f 2175/44/28 2182/1231/28 2183/1232/28 2178/1233/28 2179/1234/28 2173/87/28
f 2181/1222/906 2182/1221/906 2175/44/906 2174/983/906
usemtl Helles_Holz
f 874/818/284 875/819/284 876/820/284 877/821/284
f 878/822/285 879/823/285 880/824/285 881/825/285
f 882/826/286 883/827/286 884/828/286 885/829/286
f 886/830/284 887/831/284 888/832/284 889/833/284
f 894/838/288 895/839/288 896/840/288 897/841/288
f 898/842/288 899/843/288 900/844/288 901/845/288
f 902/846/284 903/847/284 904/848/284 905/849/284
f 906/850/289 907/851/289 908/852/289 909/853/289
f 910/854/286 911/855/286 912/856/286 913/857/286
f 914/858/286 915/859/286 916/860/286 917/861/286
usemtl Gotik_Symbol
f 921/880/290 922/881/290 976/882/290 977/883/290
f 922/881/291 923/884/291 975/885/291 976/882/291
f 918/886/292 919/887/292 973/887/292 974/886/292
f 919/887/293 920/888/293 972/888/293 973/887/293
f 927/889/294 928/890/294 970/890/294 971/891/294
f 928/890/295 929/892/295 969/892/295 970/890/295
f 924/893/296 925/894/296 967/894/296 968/895/296
f 925/894/297 926/896/297 966/897/297 967/894/297
f 951/891/298 952/890/298 964/890/298 963/891/298
f 952/890/299 953/892/299 965/898/299 964/890/299
f 948/899/300 949/900/300 961/894/300 960/893/300
f 949/900/301 950/896/301 962/896/301 961/894/301
f 1392/901/302 1393/887/302 943/887/302 942/902/302
f 1393/887/303 1394/888/303 944/888/303 943/887/303
f 1395/880/304 1396/903/304 946/881/304 945/880/304
f 1396/903/305 1397/904/305 947/884/305 946/881/305
f 1410/891/306 1411/890/306 952/890/306 951/891/306
f 1411/890/307 1412/892/307 953/892/307 952/890/307
f 945/880/308 946/881/308 958/903/308 957/905/308
f 946/881/309 947/884/309 959/884/309 958/903/309
f 942/902/310 943/887/310 955/887/310 954/902/310
f 943/887/311 944/888/311 956/888/311 955/887/311
f 968/895/312 967/894/312 937/894/312 936/893/312
f 967/894/313 966/897/313 938/906/313 937/894/313
f 974/886/314 973/887/314 931/887/314 930/886/314
f 973/887/315 972/888/315 932/907/315 931/887/315
f 977/883/316 976/882/316 934/881/316 933/880/316
f 976/882/317 975/885/317 935/884/317 934/881/317
f 971/891/318 970/890/318 940/890/318 939/891/318
f 970/890/319 969/892/319 941/908/319 940/890/319
f 1413/893/320 1414/909/320 949/900/320 948/899/320
f 1414/909/321 1415/896/321 950/896/321 949/900/321
f 1032/910/322 923/884/322 922/881/322 1035/911/322
f 1035/911/323 922/881/323 921/880/323 1037/912/323
f 1040/913/324 926/896/324 925/894/324 1043/914/324
f 1043/914/325 925/894/325 924/893/325 1045/915/325
f 919/887/326 1044/916/326 1047/917/326 920/888/326
f 918/886/327 1042/918/327 1044/916/327 919/887/327
f 980/919/328 979/920/328 1041/921/328 1042/918/328
f 979/920/329 978/922/329 1040/913/329 1041/921/329
f 928/890/330 1036/923/330 1039/924/330 929/892/330
f 927/889/331 1034/925/331 1036/923/331 928/890/331
f 983/926/332 982/434/332 1033/927/332 1034/925/332
f 982/434/259 981/468/259 1032/910/259 1033/927/259
f 978/922/333 979/920/333 1030/928/333 1031/922/333
f 979/920/334 980/919/334 1029/929/334 1030/928/334
f 981/468/259 982/434/259 1027/930/259 1028/468/259
f 982/434/335 983/926/335 1026/439/335 1027/930/335
f 1028/468/259 1027/930/259 1024/434/259 1025/468/259
f 1027/930/336 1026/439/336 1023/931/336 1024/434/336
f 1031/922/337 1030/928/337 1021/920/337 1022/922/337
f 1030/928/334 1029/929/334 1020/932/334 1021/920/334
f 1008/933/338 1009/934/338 1015/935/338 1014/933/338
f 1009/934/339 1010/936/339 1016/936/339 1015/935/339
f 1005/470/340 1006/423/340 1012/423/340 1011/470/340
f 1006/423/259 1007/429/259 1013/429/259 1012/423/259
f 1011/470/341 1012/423/341 1018/937/341 1017/470/341
f 1012/423/342 1013/429/342 1019/429/342 1018/937/342
f 1446/470/343 1447/423/343 1006/423/343 1005/470/343
f 1447/423/259 1448/938/259 1007/429/259 1006/423/259
f 1449/933/334 1450/939/334 1003/934/334 1002/940/334
f 1450/939/344 1451/936/344 1004/936/344 1003/934/344
f 1002/940/334 1003/934/334 1009/934/334 1008/933/334
f 1003/934/345 1004/936/345 1010/936/345 1009/934/345
f 990/941/346 991/942/346 997/920/346 996/922/346
f 991/942/347 992/919/347 998/919/347 997/920/347
f 1428/922/348 1429/920/348 991/942/348 990/941/348
f 1429/920/334 1430/943/334 992/919/334 991/942/334
f 993/944/349 994/434/349 1000/434/349 999/468/349
f 994/434/350 995/439/350 1001/439/350 1000/434/350
f 1039/924/351 1038/945/351 988/423/351 987/946/351
f 1038/945/259 1037/912/259 989/429/259 988/423/259
f 1047/917/352 1046/947/352 985/934/352 984/948/352
f 1046/947/353 1045/915/353 986/936/353 985/934/353
f 1431/949/259 1432/950/259 994/434/259 993/944/259
f 1432/950/354 1433/951/354 995/439/354 994/434/354
f 1033/927/355 1032/910/355 1035/911/355 1053/952/355 1052/953/355
f 1054/954/356 1053/952/356 1035/911/356 1037/912/356 1038/945/356
f 1034/925/357 1033/927/357 1052/953/357 1055/955/357 1036/923/357
f 1036/923/358 1055/955/358 1054/954/358 1038/945/358 1039/924/358
f 1052/953/16 1053/952/16 1057/952/16 1056/953/16
f 1051/956/16 1050/957/16 1063/957/16 1060/956/16
f 1054/954/16 1055/955/16 1059/955/16 1058/954/16
f 1048/958/16 1051/956/16 1060/956/16 1061/958/16
f 1061/958/259 1060/956/259 1056/953/259 1057/952/259
f 1062/959/259 1061/958/259 1057/952/259 1058/954/259
f 1063/957/359 1062/959/359 1058/954/359 1059/955/359
f 1060/956/360 1063/957/360 1059/955/360 1056/953/360
f 1049/959/16 1048/958/16 1061/958/16 1062/959/16
f 1055/955/16 1052/953/16 1056/953/16 1059/955/16
f 1053/952/16 1054/954/16 1058/954/16 1057/952/16
f 1050/957/16 1049/959/16 1062/959/16 1063/957/16
f 1064/958/361 1065/960/361 1066/961/361 1067/958/361
f 1050/957/362 1051/956/362 1067/962/362 1066/957/362
f 1049/959/363 1050/957/363 1066/963/363 1065/964/363
f 1048/958/259 1049/959/259 1065/960/259 1064/958/259
f 1051/956/259 1048/958/259 1064/965/259 1067/956/259
f 1434/966/364 1101/967/364 1103/44/364 1435/44/364
f 1435/44/365 1103/44/365 1102/968/365 1436/969/365
f 1285/970/259 1077/971/259 1079/82/259 1286/82/259
f 1286/972/259 1079/972/259 1078/973/259 1284/974/259
f 1288/975/334 1074/976/334 1076/977/334 1289/977/334
f 1289/978/334 1076/978/334 1075/979/334 1287/980/334
f 1437/981/366 1098/982/366 1100/983/366 1438/983/366
f 1438/983/367 1100/983/367 1099/984/367 1439/985/367
f 1309/986/368 1104/987/368 1106/977/368 1310/977/368
f 1310/978/368 1106/978/368 1105/988/368 1308/989/368
f 1312/990/369 1078/973/369 1079/972/369 1313/972/369
f 1313/82/370 1079/82/370 1077/971/370 1311/970/370
f 1315/991/274 1110/992/274 1112/993/274 1316/993/274
f 1316/40/274 1112/40/274 1111/994/274 1314/994/274
f 1318/995/371 1068/996/371 1070/997/371 1319/997/371
f 1319/998/372 1070/998/372 1069/999/372 1317/1000/372
f 1297/1001/373 1125/1002/373 1127/87/373 1298/87/373
f 1298/87/275 1127/87/275 1126/1003/275 1296/1004/275
f 1300/1005/374 1089/966/374 1091/44/374 1301/1006/374
f 1301/1006/375 1091/44/375 1090/1007/375 1299/1008/375
f 1303/1009/376 1086/1010/376 1088/983/376 1304/983/376
f 1304/983/377 1088/983/377 1087/1011/377 1302/1012/377
f 1306/1013/378 1122/1014/378 1124/1015/378 1307/1015/378
f 1307/1015/378 1124/1015/378 1123/1016/378 1305/1017/378
f 1416/1018/379 1146/1019/379 1148/1015/379 1417/1020/379
f 1417/1020/379 1148/1015/379 1147/1021/379 1418/1022/379
f 1419/1023/380 1126/1003/380 1127/87/380 1420/87/380
f 1420/87/380 1127/87/380 1125/1002/380 1421/1024/380
f 1422/1025/379 1143/1026/379 1145/983/379 1423/1027/379
f 1423/1027/379 1145/983/379 1144/1028/379 1424/1029/379
f 1398/1030/381 1128/1031/381 1130/977/381 1399/977/381
f 1399/978/381 1130/978/381 1129/1032/381 1400/1033/381
f 1401/1034/382 1113/1035/382 1115/972/382 1402/972/382
f 1402/82/382 1115/82/382 1114/970/382 1403/970/382
f 1404/1036/383 1134/1037/383 1136/993/383 1405/993/383
f 1405/40/383 1136/40/383 1135/994/383 1406/1038/383
f 1407/1039/384 1107/1040/384 1109/997/384 1408/997/384
f 1408/998/384 1109/998/384 1108/1041/384 1409/1042/384
f 1425/967/380 1116/1005/380 1118/44/380 1426/1043/380
f 1426/1043/380 1118/44/380 1117/1044/380 1427/1045/380
f 1137/1046/385 1161/970/385 1163/82/385 1139/82/385
f 1139/972/386 1163/972/386 1162/1047/386 1138/1048/386
f 1159/1049/387 1135/994/387 1136/40/387 1160/40/387
f 1160/993/388 1136/993/388 1134/1037/388 1158/1050/388
f 1131/1051/389 1155/1052/389 1157/998/389 1133/998/389
f 1133/997/390 1157/997/390 1156/1053/390 1132/1054/390
f 1153/1055/391 1129/1032/391 1130/978/391 1154/978/391
f 1154/977/392 1130/977/392 1128/1031/392 1152/1056/392
f 1146/1019/393 1170/1057/393 1172/1015/393 1148/1015/393
f 1148/1015/394 1172/1015/394 1171/1058/394 1147/1021/394
f 1174/1059/395 1150/1060/395 1151/87/395 1175/87/395
f 1175/87/396 1151/87/396 1149/1002/396 1173/1002/396
f 1143/1026/397 1167/1061/397 1169/983/397 1145/983/397
f 1145/983/398 1169/983/398 1168/1062/398 1144/1028/398
f 1165/967/399 1141/966/399 1142/44/399 1166/44/399
f 1166/44/400 1142/44/400 1140/1063/400 1164/1064/400
f 1101/967/275 1185/1005/275 1187/44/275 1103/44/275
f 1103/44/401 1187/44/401 1186/1065/401 1102/968/401
f 1177/970/402 1092/971/402 1094/82/402 1178/82/402
f 1178/972/403 1094/972/403 1093/1066/403 1176/1067/403
f 1180/1068/404 1095/1069/404 1097/977/404 1181/977/404
f 1181/978/405 1097/978/405 1096/1070/405 1179/1071/405
f 1098/982/406 1182/1072/406 1184/983/406 1100/983/406
f 1100/983/378 1184/983/378 1183/1073/378 1099/984/378
f 1452/1074/407 1188/1075/407 1190/997/407 1453/1076/407
f 1453/1077/408 1190/998/408 1189/1078/408 1454/1079/408
f 1455/1080/259 1071/1081/259 1073/993/259 1456/993/259
f 1456/40/409 1073/40/409 1072/1082/409 1457/1082/409
f 1458/1083/410 1197/1084/410 1199/1015/410 1459/1015/410
f 1459/1015/411 1199/1015/411 1198/1085/411 1460/1086/411
f 1461/1087/260 1083/1087/260 1085/87/260 1462/87/260
f 1462/87/412 1085/87/412 1084/1088/412 1463/1089/412
f 1197/1084/413 1209/1090/413 1211/1015/413 1199/1015/413
f 1199/1015/414 1211/1015/414 1210/1091/414 1198/1085/414
f 1201/1092/415 1189/1078/415 1190/998/415 1202/998/415
f 1202/997/368 1190/997/368 1188/1075/368 1200/1093/368
f 1204/1094/274 1192/1095/274 1193/993/274 1205/993/274
f 1205/40/274 1193/40/274 1191/1082/274 1203/1096/274
f 1207/1087/416 1195/1087/416 1196/87/416 1208/87/416
f 1208/87/417 1196/87/417 1194/1097/417 1206/1098/417
f 1203/1096/418 1215/1082/418 1217/40/418 1205/40/418
f 1205/993/419 1217/993/419 1216/1099/419 1204/1094/419
f 1219/1100/275 1207/1087/275 1208/87/275 1220/87/275
f 1220/87/275 1208/87/275 1206/1098/275 1218/1101/275
f 1222/1102/378 1210/1091/378 1211/1015/378 1223/1015/378
f 1223/1015/378 1211/1015/378 1209/1090/378 1221/1103/378
f 1213/1104/420 1201/1092/420 1202/998/420 1214/998/420
f 1214/997/421 1202/997/421 1200/1093/421 1212/1105/421
f 1291/966/260 1225/966/260 1226/44/260 1292/44/260
f 1292/44/412 1226/44/412 1224/1106/412 1290/1107/412
f 1440/1046/422 1227/970/422 1229/82/422 1441/82/422
f 1441/972/423 1229/972/423 1228/1108/423 1442/1109/423
f 1443/1110/424 1230/1111/424 1232/977/424 1444/977/424
f 1444/978/425 1232/978/425 1231/1112/425 1445/1113/425
f 1294/1114/410 1234/1115/410 1235/983/410 1295/1116/410
f 1295/1116/411 1235/983/411 1233/1117/411 1293/1118/411
f 1363/929/426 1239/1119/426 1241/977/426 1364/1120/426
f 1364/1120/427 1241/977/427 1240/1121/427 1362/1122/427
f 1372/439/428 1245/1123/428 1247/44/428 1373/1124/428
f 1373/1124/429 1247/44/429 1246/967/429 1371/1125/429
f 1182/1072/430 1242/1126/430 1244/983/430 1184/983/430
f 1184/983/378 1244/983/378 1243/1127/378 1183/1073/378
f 1245/1123/275 1186/1065/275 1187/44/275 1247/44/275
f 1247/44/275 1187/44/275 1185/1005/275 1246/967/275
f 1179/1071/431 1240/1128/431 1241/978/431 1181/978/431
f 1181/977/432 1241/977/432 1239/1119/432 1180/1068/432
f 1237/1046/433 1177/970/433 1178/82/433 1238/82/433
f 1238/972/434 1178/972/434 1176/1067/434 1236/1129/434
f 1327/888/435 1251/1130/435 1253/997/435 1328/1131/435
f 1328/1132/436 1253/1133/436 1252/1134/436 1326/1135/436
f 1336/884/437 1257/1136/437 1259/972/437 1337/1137/437
f 1337/1138/438 1259/82/438 1258/1046/438 1335/1139/438
f 1345/896/439 1263/1140/439 1265/983/439 1346/1141/439
f 1346/1141/440 1265/983/440 1264/1142/440 1344/1143/440
f 1354/892/441 1269/1144/441 1271/87/441 1355/1145/441
f 1355/1145/442 1271/87/442 1270/1001/442 1353/1146/442
f 1173/1002/443 1270/1001/443 1271/87/443 1175/87/443
f 1175/87/264 1271/87/264 1269/1144/264 1174/1059/264
f 1261/966/444 1165/967/444 1166/44/444 1262/44/444
f 1262/44/264 1166/44/264 1164/1064/264 1260/1147/264
f 1263/1140/445 1168/1062/445 1169/983/445 1265/983/445
f 1265/983/446 1169/983/446 1167/1061/446 1264/1142/446
f 1161/970/447 1258/1046/447 1259/82/447 1163/82/447
f 1163/972/261 1259/972/261 1257/1136/261 1162/1047/261
f 1255/994/261 1159/1049/261 1160/40/261 1256/40/261
f 1256/993/261 1160/993/261 1158/1050/261 1254/1148/261
f 1155/1052/448 1252/1149/448 1253/1150/448 1157/998/448
f 1157/997/448 1253/997/448 1251/1130/448 1156/1053/448
f 1249/1151/448 1153/1055/448 1154/978/448 1250/978/448
f 1250/977/448 1154/977/448 1152/1056/448 1248/1152/448
f 1170/1057/445 1266/1153/445 1268/1015/445 1172/1015/445
f 1172/1015/449 1268/1015/449 1267/1154/449 1171/1058/449
f 1381/936/450 1281/1155/450 1283/1015/450 1382/1156/450
f 1382/1157/451 1283/1015/451 1282/1158/451 1380/1159/451
f 1390/429/274 1275/1160/274 1277/993/274 1391/1161/274
f 1391/1162/274 1277/40/274 1276/994/274 1389/1163/274
f 1218/1101/401 1278/1164/401 1280/87/401 1220/87/401
f 1220/87/275 1280/87/275 1279/1002/275 1219/1100/275
f 1281/1155/378 1222/1102/378 1223/1015/378 1283/1015/378
f 1283/1015/406 1223/1015/406 1221/1103/406 1282/1158/406
f 1273/1165/452 1213/1104/452 1214/998/452 1274/998/452
f 1274/997/453 1214/997/453 1212/1105/453 1272/1166/453
f 1275/1160/454 1216/1099/454 1217/993/454 1277/993/454
f 1277/40/455 1217/40/455 1215/1082/455 1276/994/455
f 1227/970/259 1285/970/259 1286/82/259 1229/82/259
f 1229/972/456 1286/972/456 1284/974/456 1228/1108/456
f 1230/1111/334 1288/975/334 1289/977/334 1232/977/334
f 1232/978/334 1289/978/334 1287/980/334 1231/1112/334
f 1089/966/260 1291/966/260 1292/44/260 1091/44/260
f 1091/44/412 1292/44/412 1290/1107/412 1090/1007/412
f 1086/1010/411 1294/1114/411 1295/1116/411 1088/983/411
f 1088/983/411 1295/1116/411 1293/1118/411 1087/1011/411
f 1083/1087/457 1297/1001/457 1298/87/457 1085/87/457
f 1085/87/458 1298/87/458 1296/1004/458 1084/1088/458
f 1116/1005/275 1300/1005/275 1301/1006/275 1118/44/275
f 1118/44/275 1301/1006/275 1299/1008/275 1117/1044/275
f 1119/1167/378 1303/1009/378 1304/983/378 1121/983/378
f 1121/983/378 1304/983/378 1302/1012/378 1120/1168/378
f 1080/1169/459 1306/1013/459 1307/1015/459 1082/1015/459
f 1082/1015/460 1307/1015/460 1305/1017/460 1081/1170/460
f 1074/976/461 1309/986/461 1310/977/461 1076/977/461
f 1076/978/462 1310/978/462 1308/989/462 1075/979/462
f 1113/1035/274 1312/990/274 1313/972/274 1115/972/274
f 1115/82/274 1313/82/274 1311/970/274 1114/970/274
f 1071/1081/463 1315/991/463 1316/993/463 1073/993/463
f 1073/40/464 1316/40/464 1314/994/464 1072/1082/464
f 1107/1040/368 1318/995/368 1319/997/368 1109/997/368
f 1109/998/465 1319/998/465 1317/1000/465 1108/1041/465
f 1248/1152/466 1320/902/466 1322/1171/466 1250/977/466
f 1250/978/467 1322/1172/467 1321/1173/467 1249/1151/467
f 1320/902/468 1323/887/468 1325/887/468 1322/1171/468
f 1322/1172/469 1325/1174/469 1324/1175/469 1321/1173/469
f 1323/887/468 1327/888/468 1328/1131/468 1325/887/468
f 1325/1174/468 1328/1132/468 1326/1135/468 1324/1175/468
f 1254/1148/470 1329/880/470 1331/1176/470 1256/993/470
f 1256/1177/471 1331/1178/471 1330/1179/471 1255/1180/471
f 1329/880/276 1332/881/276 1334/881/276 1331/1176/276
f 1331/1178/276 1334/1181/276 1333/1182/276 1330/1179/276
f 1332/881/276 1336/884/276 1337/1137/276 1334/881/276
f 1334/1181/276 1337/1138/276 1335/1139/276 1333/1182/276
f 1266/1153/472 1338/893/472 1340/1183/472 1268/1015/472
f 1268/1015/473 1340/1183/473 1339/1184/473 1267/1154/473
f 1338/893/474 1341/894/474 1343/894/474 1340/1183/474
f 1340/1183/475 1343/894/475 1342/1185/475 1339/1184/475
f 1341/894/476 1345/896/476 1346/1141/476 1343/894/476
f 1343/894/475 1346/1141/475 1344/1143/475 1342/1185/475
f 1260/1147/477 1347/891/477 1349/1186/477 1262/44/477
f 1262/44/478 1349/1186/478 1348/1187/478 1261/966/478
f 1347/891/479 1350/890/479 1352/890/479 1349/1186/479
f 1349/1186/279 1352/890/279 1351/1188/279 1348/1187/279
f 1350/890/480 1354/892/480 1355/1145/480 1352/890/480
f 1352/890/279 1355/1145/279 1353/1146/279 1351/1188/279
f 1242/1126/481 1356/922/481 1358/1189/481 1244/983/481
f 1244/983/482 1358/1189/482 1357/1190/482 1243/1127/482
f 1356/922/483 1359/1191/483 1361/1191/483 1358/1189/483
f 1358/1189/484 1361/1191/484 1360/1192/484 1357/1190/484
f 1359/1191/334 1363/929/334 1364/1120/334 1361/1191/334
f 1361/1191/334 1364/1120/334 1362/1122/334 1360/1192/334
f 1236/1129/485 1365/468/485 1367/1193/485 1238/972/485
f 1238/972/486 1367/1193/486 1366/1194/486 1237/1195/486
f 1365/468/259 1368/434/259 1370/434/259 1367/1193/259
f 1367/1193/259 1370/434/259 1369/1196/259 1366/1194/259
f 1368/434/487 1372/439/487 1373/1124/487 1370/434/487
f 1370/434/488 1373/1124/488 1371/1125/488 1369/1196/488
f 1272/1166/368 1374/933/368 1376/1197/368 1274/997/368
f 1274/998/368 1376/1198/368 1375/1199/368 1273/1165/368
f 1374/933/489 1377/934/489 1379/934/489 1376/1197/489
f 1376/1198/490 1379/1200/490 1378/1201/490 1375/1199/490
f 1377/934/491 1381/936/491 1382/1156/491 1379/934/491
f 1379/1200/492 1382/1157/492 1380/1159/492 1378/1201/492
f 1278/1164/493 1383/470/493 1385/1202/493 1280/87/493
f 1280/87/494 1385/1203/494 1384/1204/494 1279/1002/494
f 1383/470/495 1386/423/495 1388/423/495 1385/1202/495
f 1385/1203/496 1388/90/496 1387/1205/496 1384/1204/496
f 1386/423/497 1390/429/497 1391/1161/497 1388/423/497
f 1388/90/498 1391/1162/498 1389/1163/498 1387/1205/498
f 920/888/499 1047/917/499 984/948/499 1068/996/499
f 1069/999/500 1072/1082/500 1314/994/500 1317/1000/500
f 920/888/501 1068/996/501 1318/995/501 972/888/501
f 1457/1082/502 1454/1079/502 1189/1078/502 1191/1082/502
f 1452/1074/503 1449/933/503 1002/940/503 1188/1075/503
f 1071/1081/504 921/880/504 977/883/504 1315/991/504
f 1037/912/505 921/880/505 1071/1081/505 989/429/505
f 1448/938/506 1455/1080/506 1192/1095/506 1007/429/506
f 1077/971/507 1075/979/507 1308/989/507 1311/970/507
f 1074/976/508 918/886/508 974/886/508 1309/986/508
f 1075/979/509 1077/971/509 1285/970/509 1287/980/509
f 1074/976/510 980/919/510 1042/918/510 918/886/510
f 980/919/334 1074/976/334 1288/975/334 1029/929/334
f 981/468/511 1078/973/511 923/884/511 1032/910/511
f 923/884/512 1078/973/512 1312/990/512 975/885/512
f 1078/973/259 981/468/259 1028/468/259 1284/974/259
f 1083/1087/513 1081/1170/513 1305/1017/513 1297/1001/513
f 1080/1169/514 924/893/514 968/895/514 1306/1013/514
f 1458/1083/515 1461/1087/515 1195/1087/515 1197/1084/515
f 1045/915/516 924/893/516 1080/1169/516 986/936/516
f 1451/936/411 1460/1086/411 1198/1085/411 1004/936/411
f 929/892/260 1039/924/260 987/946/260 1084/1088/260
f 929/892/517 1084/1088/517 1296/1004/517 969/892/517
f 1463/1089/260 1446/470/260 1005/470/260 1194/1097/260
f 1087/1011/518 1089/966/518 1300/1005/518 1302/1012/518
f 978/922/519 1086/1010/519 926/896/519 1040/913/519
f 926/896/520 1086/1010/520 1303/1009/520 966/897/520
f 1089/966/521 1087/1011/521 1293/1118/521 1291/966/521
f 1086/1010/411 978/922/411 1031/922/411 1294/1114/411
f 1090/1007/260 983/926/260 1034/925/260 927/889/260
f 983/926/260 1090/1007/260 1290/1107/260 1026/439/260
f 1090/1007/522 927/889/522 971/891/522 1299/1008/522
f 1096/1070/523 1092/971/523 1177/970/523 1179/1071/523
f 1442/1109/524 1431/949/524 993/944/524 1093/1066/524
f 1093/1066/525 993/944/525 999/468/525 1176/1067/525
f 1445/1113/526 1440/1046/526 1092/971/526 1096/1070/526
f 1430/943/527 1443/1110/527 1095/1069/527 992/919/527
f 992/919/528 1095/1069/528 1180/1068/528 998/919/528
f 1101/967/529 1099/984/529 1183/1073/529 1185/1005/529
f 1098/982/530 990/941/530 996/922/530 1182/1072/530
f 1434/966/531 1439/985/531 1099/984/531 1101/967/531
f 1437/981/532 1428/922/532 990/941/532 1098/982/532
f 995/439/533 1102/968/533 1186/1065/533 1001/439/533
f 1433/951/534 1436/969/534 1102/968/534 995/439/534
f 1403/970/535 1400/1033/535 1129/1032/535 1137/1046/535
f 1398/1030/381 1392/901/381 942/902/381 1128/1031/381
f 1311/970/536 1308/989/536 1105/988/536 1114/970/536
f 1309/986/368 974/886/368 930/886/368 1104/987/368
f 1394/888/381 1407/1039/381 1132/1054/381 944/888/381
f 1317/1000/537 1314/994/537 1111/994/537 1108/1041/537
f 972/888/368 1318/995/368 1107/1040/368 932/907/368
f 1409/1042/538 1406/1038/538 1135/994/538 1131/1051/538
f 1404/1036/383 1395/880/383 945/880/383 1134/1037/383
f 1315/991/274 977/883/274 933/880/274 1110/992/274
f 1397/904/383 1401/1034/383 1138/1048/383 947/884/383
f 975/885/274 1312/990/274 1113/1035/274 935/884/274
f 1422/1025/539 1425/967/539 1141/966/539 1143/1026/539
f 1299/1008/275 971/891/275 939/891/275 1117/1044/275
f 1427/1045/540 1410/891/540 951/891/540 1140/1063/540
f 1302/1012/541 1300/1005/541 1116/1005/541 1120/1168/541
f 966/897/378 1303/1009/378 1119/1167/378 938/906/378
f 1415/896/379 1424/1029/379 1144/1028/379 950/896/379
f 1297/1001/542 1305/1017/542 1123/1016/542 1125/1002/542
f 1306/1013/378 968/895/378 936/893/378 1122/1014/378
f 1421/1024/543 1418/1022/543 1147/1021/543 1149/1002/543
f 1416/1018/379 1413/893/379 948/899/379 1146/1019/379
f 1412/892/540 1419/1023/540 1150/1060/540 953/892/540
f 969/892/275 1296/1004/275 1126/1003/275 941/908/275
f 1137/1046/544 1129/1032/544 1153/1055/544 1161/970/544
f 1128/1031/545 942/902/545 954/902/545 1152/1056/545
f 1131/1051/546 1135/994/546 1159/1049/546 1155/1052/546
f 944/888/547 1132/1054/547 1156/1053/547 956/888/547
f 1134/1037/548 945/880/548 957/905/548 1158/1050/548
f 947/884/549 1138/1048/549 1162/1047/549 959/884/549
f 1143/1026/550 1141/966/550 1165/967/550 1167/1061/550
f 1140/1063/551 951/891/551 963/891/551 1164/1064/551
f 950/896/552 1144/1028/552 1168/1062/552 962/896/552
f 1149/1002/553 1147/1021/553 1171/1058/553 1173/1002/553
f 1146/1019/554 948/899/554 960/893/554 1170/1057/554
f 953/892/555 1150/1060/555 1174/1059/555 965/898/555
f 1161/970/556 1153/1055/556 1249/1151/556 1258/1046/556
f 1152/1056/557 954/902/557 1320/902/557 1248/1152/557
f 956/888/558 1156/1053/558 1251/1130/558 1327/888/558
f 1155/1052/559 1159/1049/559 1255/994/559 1252/1149/559
f 1158/1050/560 957/905/560 1329/880/560 1254/1148/560
f 959/884/561 1162/1047/561 1257/1136/561 1336/884/561
f 1167/1061/562 1165/967/562 1261/966/562 1264/1142/562
f 1164/1064/264 963/891/264 1347/891/264 1260/1147/264
f 962/896/445 1168/1062/445 1263/1140/445 1345/896/445
f 1173/1002/563 1171/1058/563 1267/1154/563 1270/1001/563
f 1170/1057/445 960/893/445 1338/893/445 1266/1153/445
f 965/898/264 1174/1059/264 1269/1144/264 1354/892/264
f 1179/1071/564 1177/970/564 1237/1046/564 1240/1128/564
f 1176/1067/565 999/468/565 1365/468/565 1236/1129/565
f 998/919/566 1180/1068/566 1239/1119/566 1363/929/566
f 1185/1005/567 1183/1073/567 1243/1127/567 1246/967/567
f 1182/1072/568 996/922/568 1356/922/568 1242/1126/568
f 1001/439/569 1186/1065/569 1245/1123/569 1372/439/569
f 1191/1082/570 1189/1078/570 1201/1092/570 1203/1096/570
f 1188/1075/571 1002/940/571 1008/933/571 1200/1093/571
f 1007/429/572 1192/1095/572 1204/1094/572 1013/429/572
f 1197/1084/573 1195/1087/573 1207/1087/573 1209/1090/573
f 1194/1097/574 1005/470/574 1011/470/574 1206/1098/574
f 1004/936/575 1198/1085/575 1210/1091/575 1010/936/575
f 1203/1096/576 1201/1092/576 1213/1104/576 1215/1082/576
f 1200/1093/577 1008/933/577 1014/933/577 1212/1105/577
f 1013/429/578 1204/1094/578 1216/1099/578 1019/429/578
f 1209/1090/579 1207/1087/579 1219/1100/579 1221/1103/579
f 1206/1098/580 1011/470/580 1017/470/580 1218/1101/580
f 1010/936/581 1210/1091/581 1222/1102/581 1016/936/581
f 1215/1082/582 1213/1104/582 1273/1165/582 1276/994/582
f 1212/1105/583 1014/933/583 1374/933/583 1272/1166/583
f 1019/429/584 1216/1099/584 1275/1160/584 1390/429/584
f 1221/1103/585 1219/1100/585 1279/1002/585 1282/1158/585
f 1218/1101/586 1017/470/586 1383/470/586 1278/1164/586
f 1016/936/587 1222/1102/587 1281/1155/587 1381/936/587
f 1026/439/260 1290/1107/260 1224/1106/260 1023/931/260
f 1291/966/588 1293/1118/588 1233/1117/588 1225/966/588
f 1284/974/259 1028/468/259 1025/468/259 1228/1108/259
f 1287/980/589 1285/970/589 1227/970/589 1231/1112/589
f 1029/929/334 1288/975/334 1230/1111/334 1020/932/334
f 1294/1114/590 1031/922/590 1022/922/590 1234/1115/590
f 1237/1195/591 1366/1194/591 1362/1122/591 1240/1121/591
f 1371/1125/592 1246/967/592 1243/1127/592 1357/1190/592
f 1321/1173/593 1335/1139/593 1258/1046/593 1249/1151/593
f 1252/1134/594 1255/1180/594 1330/1179/594 1326/1135/594
f 1264/1142/595 1261/966/595 1348/1187/595 1344/1143/595
f 1339/1184/596 1353/1146/596 1270/1001/596 1267/1154/596
f 1375/1199/597 1389/1163/597 1276/994/597 1273/1165/597
f 1282/1158/598 1279/1002/598 1384/1204/598 1380/1159/598
f 1324/1175/599 1333/1182/599 1335/1139/599 1321/1173/599
f 954/902/600 955/887/600 1323/887/600 1320/902/600
f 1326/1135/601 1330/1179/601 1333/1182/601 1324/1175/601
f 955/887/602 956/888/602 1327/888/602 1323/887/602
f 957/905/603 958/903/603 1332/881/603 1329/880/603
f 958/903/604 959/884/604 1336/884/604 1332/881/604
f 1342/1185/605 1351/1188/605 1353/1146/605 1339/1184/605
f 960/893/606 961/894/606 1341/894/606 1338/893/606
f 1344/1143/607 1348/1187/607 1351/1188/607 1342/1185/607
f 961/894/608 962/896/608 1345/896/608 1341/894/608
f 963/891/609 964/890/609 1350/890/609 1347/891/609
f 964/890/610 965/898/610 1354/892/610 1350/890/610
f 1357/1190/611 1360/1192/611 1369/1196/611 1371/1125/611
f 996/922/612 997/920/612 1359/1191/612 1356/922/612
f 1360/1192/613 1362/1122/613 1366/1194/613 1369/1196/613
f 997/920/614 998/919/614 1363/929/614 1359/1191/614
f 999/468/615 1000/434/615 1368/434/615 1365/468/615
f 1000/434/616 1001/439/616 1372/439/616 1368/434/616
f 1378/1201/617 1387/1205/617 1389/1163/617 1375/1199/617
f 1014/933/618 1015/935/618 1377/934/618 1374/933/618
f 1380/1159/619 1384/1204/619 1387/1205/619 1378/1201/619
f 1015/935/620 1016/936/620 1381/936/620 1377/934/620
f 1017/470/621 1018/937/621 1386/423/621 1383/470/621
f 1018/937/622 1019/429/622 1390/429/622 1386/423/622
f 935/884/382 1113/1035/382 1401/1034/382 1397/904/382
f 1110/992/382 933/880/382 1395/880/382 1404/1036/382
f 1108/1041/623 1111/994/623 1406/1038/623 1409/1042/623
f 932/907/384 1107/1040/384 1407/1039/384 1394/888/384
f 1104/987/384 930/886/384 1392/901/384 1398/1030/384
f 1114/970/624 1105/988/624 1400/1033/624 1403/970/624
f 1133/998/381 1408/998/381 1409/1042/381 1131/1051/381
f 1132/1054/381 1407/1039/381 1408/997/381 1133/997/381
f 1112/40/382 1405/40/382 1406/1038/382 1111/994/382
f 1110/992/382 1404/1036/382 1405/993/382 1112/993/382
f 1139/82/383 1402/82/383 1403/970/383 1137/1046/383
f 1138/1048/383 1401/1034/383 1402/972/383 1139/972/383
f 1106/978/384 1399/978/384 1400/1033/384 1105/988/384
f 1104/987/384 1398/1030/384 1399/977/384 1106/977/384
f 934/881/625 935/884/625 1397/904/625 1396/903/625
f 933/880/626 934/881/626 1396/903/626 1395/880/626
f 931/887/627 932/907/627 1394/888/627 1393/887/627
f 930/886/628 931/887/628 1393/887/628 1392/901/628
f 941/908/380 1126/1003/380 1419/1023/380 1412/892/380
f 1122/1014/629 936/893/629 1413/893/629 1416/1018/629
f 1125/1002/630 1123/1016/630 1418/1022/630 1421/1024/630
f 938/906/629 1119/1167/629 1424/1029/629 1415/896/629
f 1117/1044/380 939/891/380 1410/891/380 1427/1045/380
f 1120/1168/631 1116/1005/631 1425/967/631 1422/1025/631
f 1142/44/540 1426/1043/540 1427/1045/540 1140/1063/540
f 1141/966/540 1425/967/540 1426/1043/540 1142/44/540
f 1121/983/629 1423/1027/629 1424/1029/629 1119/1167/629
f 1120/1168/629 1422/1025/629 1423/1027/629 1121/983/629
f 1151/87/632 1420/87/632 1421/1024/632 1149/1002/632
f 1150/1060/540 1419/1023/540 1420/87/540 1151/87/540
f 1124/1015/629 1417/1020/629 1418/1022/629 1123/1016/629
f 1122/1014/629 1416/1018/629 1417/1020/629 1124/1015/629
f 937/894/633 938/906/633 1415/896/633 1414/909/633
f 936/893/634 937/894/634 1414/909/634 1413/893/634
f 940/890/635 941/908/635 1412/892/635 1411/890/635
f 939/891/636 940/890/636 1411/890/636 1410/891/636
f 1023/931/260 1224/1106/260 1436/969/260 1433/951/260
f 1234/1115/411 1022/922/411 1428/922/411 1437/981/411
f 1225/966/637 1233/1117/637 1439/985/637 1434/966/637
f 1020/932/638 1230/1111/638 1443/1110/638 1430/943/638
f 1231/1112/639 1227/970/639 1440/1046/639 1445/1113/639
f 1228/1108/640 1025/468/640 1431/949/640 1442/1109/640
f 1097/978/368 1444/978/368 1445/1113/368 1096/1070/368
f 1095/1069/368 1443/1110/368 1444/977/368 1097/977/368
f 1094/972/274 1441/972/274 1442/1109/274 1093/1066/274
f 1092/971/274 1440/1046/274 1441/82/274 1094/82/274
f 1235/983/411 1438/983/411 1439/985/411 1233/1117/411
f 1234/1115/410 1437/981/410 1438/983/410 1235/983/410
f 1226/44/260 1435/44/260 1436/969/260 1224/1106/260
f 1225/966/260 1434/966/260 1435/44/260 1226/44/260
f 1024/434/641 1023/931/641 1433/951/641 1432/950/641
f 1025/468/259 1024/434/259 1432/950/259 1431/949/259
f 1021/920/334 1020/932/334 1430/943/334 1429/920/334
f 1022/922/642 1021/920/642 1429/920/642 1428/922/642
f 1084/1088/260 987/946/260 1446/470/260 1463/1089/260
f 986/936/411 1080/1169/411 1460/1086/411 1451/936/411
f 1081/1170/643 1083/1087/643 1461/1087/643 1458/1083/643
f 989/429/259 1071/1081/259 1455/1080/259 1448/938/259
f 1068/996/334 984/948/334 1449/933/334 1452/1074/334
f 1072/1082/644 1069/999/644 1454/1079/644 1457/1082/644
f 1196/87/412 1462/87/412 1463/1089/412 1194/1097/412
f 1195/1087/260 1461/1087/260 1462/87/260 1196/87/260
f 1082/1015/410 1459/1015/410 1460/1086/410 1080/1169/410
f 1081/1170/411 1458/1083/411 1459/1015/411 1082/1015/411
f 1193/40/645 1456/40/645 1457/1082/645 1191/1082/645
f 1192/1095/646 1455/1080/646 1456/993/646 1193/993/646
f 1070/998/647 1453/1077/647 1454/1079/647 1069/999/647
f 1068/996/334 1452/1074/334 1453/1076/334 1070/997/334
f 985/934/648 986/936/648 1451/936/648 1450/939/648
f 984/948/334 985/934/334 1450/939/334 1449/933/334
f 988/423/259 989/429/259 1448/938/259 1447/423/259
f 987/946/649 988/423/649 1447/423/649 1446/470/649
f 1041/921/650 1040/913/650 1043/914/650 1469/1206/650 1468/1207/650
f 1470/1208/651 1469/1206/651 1043/914/651 1045/915/651 1046/947/651
f 1042/918/652 1041/921/652 1468/1207/652 1471/1209/652 1044/916/652
f 1044/916/653 1471/1209/653 1470/1208/653 1046/947/653 1047/917/653
f 1464/1210/654 1467/1211/654 1476/1211/654 1477/1210/654
f 1466/1212/655 1465/1213/655 1478/1213/655 1479/1212/655
f 1469/1206/656 1470/1208/656 1474/1208/656 1473/1206/656
f 1471/1209/657 1468/1207/657 1472/1207/657 1475/1209/657
f 1477/1210/658 1476/1211/658 1472/1207/658 1473/1206/658
f 1478/1213/659 1477/1210/659 1473/1206/659 1474/1208/659
f 1479/1212/660 1478/1213/660 1474/1208/660 1475/1209/660
f 1476/1211/661 1479/1212/661 1475/1209/661 1472/1207/661
f 1470/1208/662 1471/1209/662 1475/1209/662 1474/1208/662
f 1467/1211/663 1466/1212/663 1479/1212/663 1476/1211/663
f 1468/1207/664 1469/1206/664 1473/1206/664 1472/1207/664
f 1465/1213/665 1464/1210/665 1477/1210/665 1478/1213/665
usemtl Sarg_Gem
f 1480/1213/666 1481/1213/666 1482/1214/666 1483/1215/666
f 1466/1212/667 1467/1211/667 1483/1216/667 1482/1212/667
f 1465/1213/668 1466/1212/668 1482/1214/668 1481/1213/668
f 1464/1210/669 1465/1213/669 1481/1217/669 1480/1210/669
f 1467/1211/670 1464/1210/670 1480/1218/670 1483/1211/670
