# Blender 5.1.1
# www.blender.org
mtllib Sarg_2_Korpus.mtl
o Sarg_2_Body
v -7.376344 1.513110 -0.303176
v -7.376344 1.513110 -0.270529
v -7.376344 1.543578 -0.303176
v -7.376344 1.543578 -0.270529
v -7.194554 1.513110 -0.303176
v -7.194554 1.513110 -0.270529
v -7.194554 1.543578 -0.303176
v -7.194554 1.543578 -0.270529
v -7.310572 1.543578 -0.303176
v -7.310572 1.543578 -0.270529
v -7.310572 1.513110 -0.303176
v -7.310572 1.513110 -0.270529
v -7.376344 1.570506 -0.332030
v -7.376344 1.486183 -0.332030
v -7.376344 1.486183 -0.241675
v -7.376344 1.570506 -0.241675
v -7.310572 1.570506 -0.332030
v -7.310572 1.486183 -0.241675
v -7.310572 1.570506 -0.241675
v -7.310572 1.486183 -0.332030
v -7.376344 2.184028 -0.303177
v -7.376344 2.184028 -0.270529
v -7.376344 2.214496 -0.303177
v -7.376344 2.214496 -0.270529
v -7.194554 2.184028 -0.303177
v -7.194554 2.184028 -0.270529
v -7.194554 2.214496 -0.303177
v -7.194554 2.214496 -0.270529
v -7.310572 2.214496 -0.303177
v -7.310572 2.214496 -0.270529
v -7.310572 2.184028 -0.303177
v -7.310572 2.184028 -0.270529
v -7.376344 2.241423 -0.332030
v -7.376344 2.157100 -0.332030
v -7.376344 2.157100 -0.241676
v -7.376344 2.241423 -0.241676
v -7.310572 2.241423 -0.332030
v -7.310572 2.157100 -0.241676
v -7.310572 2.241423 -0.241676
v -7.310572 2.157100 -0.332030
v -7.212157 1.496495 -0.304455
v -7.212157 1.496495 -0.269250
v -7.209238 1.559910 -0.301536
v -7.209238 1.559910 -0.272169
v -7.179871 1.559910 -0.301536
v -7.179871 1.559910 -0.272169
v -7.162847 1.522252 -0.318560
v -7.176952 1.496495 -0.286961
v -7.194446 1.496495 -0.304455
v -7.194446 1.496495 -0.269250
v -7.176952 1.496495 -0.286744
v -7.162847 1.522252 -0.255145
v -7.226262 1.496495 -0.318560
v -7.226262 1.496495 -0.255145
v -7.162847 1.496495 -0.292804
v -7.188603 1.496495 -0.318560
v -7.188603 1.496495 -0.255145
v -7.162847 1.496495 -0.280902
v -7.194518 1.447259 -0.286853
v -7.226262 1.559910 -0.255145
v -7.226262 1.559910 -0.318560
v -7.162847 1.559910 -0.318560
v -7.162847 1.559910 -0.255145
v -7.209238 1.847530 -0.272169
v -7.209238 1.847530 -0.301536
v -7.179871 1.847530 -0.301536
v -7.179871 1.847530 -0.272169
v -7.217859 1.863463 -0.263548
v -7.217859 1.863463 -0.310158
v -7.171249 1.863463 -0.310158
v -7.171249 1.863463 -0.263548
v -7.217859 1.863463 -0.263548
v -7.217859 1.863463 -0.310158
v -7.171249 1.863463 -0.310158
v -7.171249 1.863463 -0.263548
v -7.212157 2.230431 -0.304455
v -7.212157 2.230431 -0.269250
v -7.209238 2.167015 -0.301536
v -7.209238 2.167015 -0.272169
v -7.179871 2.167015 -0.301536
v -7.179871 2.167015 -0.272169
v -7.162847 2.204674 -0.318560
v -7.176952 2.230431 -0.286961
v -7.194446 2.230431 -0.304455
v -7.194446 2.230431 -0.269250
v -7.176952 2.230431 -0.286744
v -7.162847 2.204674 -0.255145
v -7.226262 2.230431 -0.318560
v -7.226262 2.230431 -0.255145
v -7.162847 2.230431 -0.292804
v -7.188603 2.230431 -0.318560
v -7.188603 2.230431 -0.255145
v -7.162847 2.230431 -0.280902
v -7.194518 2.279666 -0.286853
v -7.226262 2.167015 -0.255145
v -7.226262 2.167015 -0.318560
v -7.162847 2.167015 -0.318560
v -7.162847 2.167015 -0.255145
v -7.209238 1.879396 -0.272169
v -7.209238 1.879396 -0.301536
v -7.179871 1.879396 -0.301536
v -7.179871 1.879396 -0.272169
v -8.126803 1.513110 -0.303176
v -8.126803 1.513110 -0.270529
v -8.126803 1.543578 -0.303176
v -8.126803 1.543578 -0.270529
v -8.308593 1.513110 -0.303176
v -8.308593 1.513110 -0.270529
v -8.308593 1.543578 -0.303176
v -8.308593 1.543578 -0.270529
v -8.192575 1.543578 -0.303176
v -8.192575 1.543578 -0.270529
v -8.192575 1.513110 -0.303176
v -8.192575 1.513110 -0.270529
v -8.126803 1.570506 -0.332030
v -8.126803 1.486183 -0.332030
v -8.126803 1.486183 -0.241675
v -8.126803 1.570506 -0.241676
v -8.192575 1.570506 -0.332030
v -8.192575 1.486183 -0.241675
v -8.192575 1.570506 -0.241676
v -8.192575 1.486183 -0.332030
v -8.126803 2.184028 -0.303177
v -8.126803 2.184028 -0.270529
v -8.126803 2.214496 -0.303177
v -8.126803 2.214496 -0.270529
v -8.308593 2.184028 -0.303177
v -8.308593 2.184028 -0.270529
v -8.308593 2.214496 -0.303177
v -8.308593 2.214496 -0.270529
v -8.192575 2.214496 -0.303177
v -8.192575 2.214496 -0.270529
v -8.192575 2.184028 -0.303177
v -8.192575 2.184028 -0.270529
v -8.126803 2.241423 -0.332030
v -8.126803 2.157100 -0.332030
v -8.126803 2.157100 -0.241676
v -8.126803 2.241423 -0.241676
v -8.192575 2.241423 -0.332030
v -8.192575 2.157100 -0.241676
v -8.192575 2.241423 -0.241676
v -8.192575 2.157100 -0.332030
v -8.290991 1.496495 -0.304455
v -8.290991 1.496495 -0.269250
v -8.293910 1.559910 -0.301536
v -8.293910 1.559910 -0.272169
v -8.323277 1.559910 -0.301536
v -8.323277 1.559910 -0.272169
v -8.340301 1.522252 -0.318560
v -8.326196 1.496495 -0.286961
v -8.308702 1.496495 -0.304455
v -8.308702 1.496495 -0.269250
v -8.326196 1.496495 -0.286744
v -8.340301 1.522252 -0.255145
v -8.276885 1.496495 -0.318560
v -8.276885 1.496495 -0.255145
v -8.340301 1.496495 -0.292804
v -8.314544 1.496495 -0.318560
v -8.314544 1.496495 -0.255145
v -8.340301 1.496495 -0.280902
v -8.308629 1.447259 -0.286853
v -8.276885 1.559910 -0.255145
v -8.276885 1.559910 -0.318560
v -8.340301 1.559910 -0.318560
v -8.340301 1.559910 -0.255145
v -8.293910 1.847530 -0.272169
v -8.293910 1.847530 -0.301536
v -8.323277 1.847530 -0.301536
v -8.323277 1.847530 -0.272169
v -8.285288 1.863463 -0.263548
v -8.285288 1.863463 -0.310158
v -8.331898 1.863463 -0.310158
v -8.331898 1.863463 -0.263548
v -8.285288 1.863463 -0.263548
v -8.285288 1.863463 -0.310158
v -8.331898 1.863463 -0.310158
v -8.331898 1.863463 -0.263548
v -8.290991 2.230430 -0.304455
v -8.290991 2.230430 -0.269250
v -8.293910 2.167015 -0.301536
v -8.293910 2.167015 -0.272169
v -8.323277 2.167015 -0.301536
v -8.323277 2.167015 -0.272169
v -8.340301 2.204674 -0.318560
v -8.326196 2.230430 -0.286961
v -8.308702 2.230430 -0.304455
v -8.308702 2.230430 -0.269250
v -8.326196 2.230430 -0.286744
v -8.340301 2.204674 -0.255145
v -8.276885 2.230430 -0.318560
v -8.276885 2.230430 -0.255145
v -8.340301 2.230430 -0.292804
v -8.314544 2.230430 -0.318560
v -8.314544 2.230430 -0.255145
v -8.340301 2.230430 -0.280902
v -8.308629 2.279666 -0.286853
v -8.276885 2.167015 -0.255145
v -8.276885 2.167015 -0.318560
v -8.340301 2.167015 -0.318560
v -8.340301 2.167015 -0.255145
v -8.293910 1.879396 -0.272169
v -8.293910 1.879396 -0.301536
v -8.323277 1.879396 -0.301536
v -8.323277 1.879396 -0.272169
v -7.376344 0.284464 -0.303176
v -7.376344 0.284464 -0.270529
v -7.376344 0.314932 -0.303176
v -7.376344 0.314932 -0.270529
v -7.194554 0.284464 -0.303176
v -7.194554 0.284464 -0.270529
v -7.194554 0.314932 -0.303176
v -7.194554 0.314932 -0.270529
v -7.310572 0.314932 -0.303176
v -7.310572 0.314932 -0.270529
v -7.310572 0.284464 -0.303176
v -7.310572 0.284464 -0.270529
v -7.376344 0.341860 -0.332030
v -7.376344 0.257537 -0.332030
v -7.376344 0.257537 -0.241675
v -7.376344 0.341860 -0.241675
v -7.310572 0.341860 -0.332030
v -7.310572 0.257537 -0.241675
v -7.310572 0.341860 -0.241675
v -7.310572 0.257537 -0.332030
v -7.376344 0.955382 -0.303176
v -7.376344 0.955382 -0.270529
v -7.376344 0.985850 -0.303176
v -7.376344 0.985850 -0.270529
v -7.194554 0.955382 -0.303176
v -7.194554 0.955382 -0.270529
v -7.194554 0.985850 -0.303176
v -7.194554 0.985850 -0.270529
v -7.310572 0.985850 -0.303176
v -7.310572 0.985850 -0.270529
v -7.310572 0.955382 -0.303176
v -7.310572 0.955382 -0.270529
v -7.376344 1.012777 -0.332030
v -7.376344 0.928454 -0.332030
v -7.376344 0.928454 -0.241675
v -7.376344 1.012777 -0.241675
v -7.310572 1.012777 -0.332030
v -7.310572 0.928454 -0.241675
v -7.310572 1.012777 -0.241675
v -7.310572 0.928454 -0.332030
v -7.212157 0.267850 -0.304455
v -7.212157 0.267850 -0.269250
v -7.209238 0.331265 -0.301536
v -7.209238 0.331265 -0.272169
v -7.179871 0.331265 -0.301536
v -7.179871 0.331265 -0.272169
v -7.162847 0.293606 -0.318560
v -7.176952 0.267850 -0.286961
v -7.194446 0.267850 -0.304455
v -7.194446 0.267850 -0.269250
v -7.176952 0.267850 -0.286744
v -7.162847 0.293606 -0.255145
v -7.226262 0.267850 -0.318560
v -7.226262 0.267850 -0.255145
v -7.162847 0.267850 -0.292803
v -7.188603 0.267850 -0.318560
v -7.188603 0.267850 -0.255145
v -7.162847 0.267850 -0.280902
v -7.194518 0.218614 -0.286853
v -7.226262 0.331265 -0.255145
v -7.226262 0.331265 -0.318560
v -7.162847 0.331265 -0.318560
v -7.162847 0.331265 -0.255145
v -7.209238 0.618884 -0.272169
v -7.209238 0.618884 -0.301536
v -7.179871 0.618884 -0.301536
v -7.179871 0.618884 -0.272169
v -7.217859 0.634817 -0.263548
v -7.217859 0.634817 -0.310157
v -7.171249 0.634817 -0.310157
v -7.171249 0.634817 -0.263548
v -7.217859 0.634817 -0.263548
v -7.217859 0.634817 -0.310157
v -7.171249 0.634817 -0.310157
v -7.171249 0.634817 -0.263548
v -7.212157 1.001784 -0.304455
v -7.212157 1.001784 -0.269250
v -7.209238 0.938369 -0.301536
v -7.209238 0.938369 -0.272169
v -7.179871 0.938369 -0.301536
v -7.179871 0.938369 -0.272169
v -7.162847 0.976028 -0.318560
v -7.176952 1.001784 -0.286961
v -7.194446 1.001784 -0.304455
v -7.194446 1.001784 -0.269250
v -7.176952 1.001784 -0.286744
v -7.162847 0.976028 -0.255145
v -7.226262 1.001784 -0.318560
v -7.226262 1.001784 -0.255145
v -7.162847 1.001784 -0.292803
v -7.188603 1.001784 -0.318560
v -7.188603 1.001784 -0.255145
v -7.162847 1.001784 -0.280902
v -7.194518 1.051020 -0.286853
v -7.226262 0.938369 -0.255145
v -7.226262 0.938369 -0.318560
v -7.162847 0.938369 -0.318560
v -7.162847 0.938369 -0.255145
v -7.209238 0.650750 -0.272169
v -7.209238 0.650750 -0.301536
v -7.179871 0.650750 -0.301536
v -7.179871 0.650750 -0.272169
v -8.126803 0.284464 -0.303176
v -8.126803 0.284464 -0.270529
v -8.126803 0.314933 -0.303176
v -8.126803 0.314933 -0.270529
v -8.308593 0.284464 -0.303176
v -8.308593 0.284464 -0.270529
v -8.308593 0.314933 -0.303176
v -8.308593 0.314933 -0.270529
v -8.192575 0.314933 -0.303176
v -8.192575 0.314933 -0.270529
v -8.192575 0.284464 -0.303176
v -8.192575 0.284464 -0.270529
v -8.126803 0.341860 -0.332030
v -8.126803 0.257537 -0.332030
v -8.126803 0.257537 -0.241675
v -8.126803 0.341860 -0.241675
v -8.192575 0.341860 -0.332030
v -8.192575 0.257537 -0.241675
v -8.192575 0.341860 -0.241675
v -8.192575 0.257537 -0.332030
v -8.126803 0.955382 -0.303176
v -8.126803 0.955382 -0.270529
v -8.126803 0.985850 -0.303176
v -8.126803 0.985850 -0.270529
v -8.308593 0.955382 -0.303176
v -8.308593 0.955382 -0.270529
v -8.308593 0.985850 -0.303176
v -8.308593 0.985850 -0.270529
v -8.192575 0.985850 -0.303176
v -8.192575 0.985850 -0.270529
v -8.192575 0.955382 -0.303176
v -8.192575 0.955382 -0.270529
v -8.126803 1.012777 -0.332030
v -8.126803 0.928454 -0.332030
v -8.126803 0.928454 -0.241675
v -8.126803 1.012777 -0.241675
v -8.192575 1.012777 -0.332030
v -8.192575 0.928454 -0.241675
v -8.192575 1.012777 -0.241675
v -8.192575 0.928454 -0.332030
v -8.290991 0.267850 -0.304455
v -8.290991 0.267850 -0.269250
v -8.293910 0.331265 -0.301536
v -8.293910 0.331265 -0.272169
v -8.323277 0.331265 -0.301536
v -8.323277 0.331265 -0.272169
v -8.340301 0.293606 -0.318560
v -8.326196 0.267850 -0.286961
v -8.308702 0.267850 -0.304455
v -8.308702 0.267850 -0.269250
v -8.326196 0.267850 -0.286744
v -8.340301 0.293606 -0.255145
v -8.276885 0.267850 -0.318560
v -8.276885 0.267850 -0.255145
v -8.340301 0.267850 -0.292803
v -8.314544 0.267850 -0.318560
v -8.314544 0.267850 -0.255145
v -8.340301 0.267850 -0.280902
v -8.308629 0.218614 -0.286853
v -8.276885 0.331265 -0.255145
v -8.276885 0.331265 -0.318560
v -8.340301 0.331265 -0.318560
v -8.340301 0.331265 -0.255145
v -8.293910 0.618884 -0.272169
v -8.293910 0.618884 -0.301536
v -8.323277 0.618884 -0.301536
v -8.323277 0.618884 -0.272169
v -8.285288 0.634817 -0.263548
v -8.285288 0.634817 -0.310157
v -8.331898 0.634817 -0.310157
v -8.331898 0.634817 -0.263548
v -8.285288 0.634817 -0.263548
v -8.285288 0.634817 -0.310157
v -8.331898 0.634817 -0.310157
v -8.331898 0.634817 -0.263548
v -8.290991 1.001784 -0.304455
v -8.290991 1.001784 -0.269250
v -8.293910 0.938369 -0.301536
v -8.293910 0.938369 -0.272169
v -8.323277 0.938369 -0.301536
v -8.323277 0.938369 -0.272169
v -8.340301 0.976028 -0.318560
v -8.326196 1.001784 -0.286961
v -8.308702 1.001784 -0.304455
v -8.308702 1.001784 -0.269250
v -8.326196 1.001784 -0.286744
v -8.340301 0.976028 -0.255145
v -8.276885 1.001784 -0.318560
v -8.276885 1.001784 -0.255145
v -8.340301 1.001784 -0.292803
v -8.314544 1.001784 -0.318560
v -8.314544 1.001784 -0.255145
v -8.340301 1.001784 -0.280902
v -8.308629 1.051020 -0.286853
v -8.276885 0.938369 -0.255145
v -8.276885 0.938369 -0.318560
v -8.340301 0.938369 -0.318560
v -8.340301 0.938369 -0.255145
v -8.293910 0.650750 -0.272169
v -8.293910 0.650750 -0.301536
v -8.323277 0.650750 -0.301536
v -8.323277 0.650750 -0.272169
v -8.377410 0.438795 -0.272422
v -8.313519 0.460021 -0.419773
v -8.274535 0.463364 -0.014786
v -8.249671 0.444393 -0.454000
v -8.286551 0.459977 -0.028396
v -8.292658 0.456768 -0.045733
v -8.302979 0.453910 -0.062088
v -8.317364 0.450210 -0.072874
v -8.331248 0.446782 -0.084370
v -8.344525 0.443685 -0.096628
v -8.356884 0.440674 -0.109842
v -8.367356 0.437672 -0.124548
v -8.374458 0.434860 -0.141130
v -8.377787 0.432450 -0.158888
v -8.380613 0.431192 -0.176835
v -8.387186 0.430648 -0.193804
v -8.388637 0.570460 -0.217746
v -8.432262 0.436028 -0.227714
v -8.444615 0.439315 -0.240695
v -8.450095 0.442411 -0.257785
v -8.450727 0.445245 -0.275769
v -8.448900 0.447948 -0.293671
v -8.445398 0.450540 -0.311320
v -8.438478 0.452779 -0.327988
v -8.422787 0.453659 -0.337470
v -8.404659 0.452445 -0.333657
v -8.389637 0.450351 -0.323164
v -8.380337 0.447047 -0.307623
v -8.380702 0.443182 -0.289848
v -8.302957 0.462862 -0.405157
v -8.292011 0.465501 -0.390715
v -8.281481 0.468302 -0.375967
v -8.271363 0.471676 -0.361053
v -8.261861 0.475446 -0.345878
v -8.253337 0.479615 -0.329988
v -8.248807 0.484115 -0.313111
v -8.258135 0.479996 -0.329216
v -8.272633 0.474699 -0.341813
v -8.256583 0.477404 -0.329460
v -8.242888 0.478631 -0.323849
v -8.237817 0.472588 -0.340133
v -8.239236 0.601430 -0.398937
v -8.242452 0.460812 -0.380935
v -8.242994 0.456080 -0.398608
v -8.249097 0.451641 -0.415299
v -8.265122 0.449236 -0.423672
v -8.282034 0.449983 -0.417005
v -8.298663 0.451014 -0.409457
v -8.316934 0.450673 -0.410339
v -8.327659 0.448177 -0.424820
v -8.320213 0.445494 -0.441232
v -8.304075 0.444229 -0.449703
v -8.286037 0.444115 -0.452471
v -8.267847 0.444286 -0.453324
v -8.363550 0.531416 -0.248581
v -8.354356 0.625253 -0.226407
v -8.331203 0.719990 -0.224172
v -8.313977 0.815370 -0.216863
v -8.303522 0.911756 -0.210707
v -8.294219 1.008076 -0.210957
v -8.283589 1.103682 -0.221447
v -8.291918 1.199898 -0.215724
v -8.296183 1.297244 -0.211583
v -8.258330 1.385526 -0.222259
v -8.237077 1.479621 -0.214686
v -8.234750 1.579568 -0.233529
v -8.237355 1.585895 -0.336073
v -8.240580 1.490158 -0.366941
v -8.241287 1.427261 -0.440105
v -8.237155 1.383855 -0.527932
v -8.222203 1.309641 -0.589056
v -8.220713 1.211010 -0.578513
v -8.221902 1.113961 -0.573698
v -8.229925 1.017847 -0.559925
v -8.245421 0.923566 -0.541701
v -8.263702 0.830529 -0.520580
v -8.280509 0.737923 -0.496723
v -8.294001 0.645448 -0.470969
v -8.304569 0.552918 -0.444802
v -8.249893 0.541083 -0.457314
v -8.250734 0.637187 -0.469184
v -8.251097 0.732339 -0.487323
v -8.251398 0.827303 -0.506470
v -8.252233 0.922598 -0.523700
v -8.253511 1.018107 -0.540167
v -8.255010 1.112927 -0.560440
v -8.256978 1.208742 -0.574626
v -8.256215 1.307982 -0.581360
v -8.253088 1.391770 -0.532985
v -8.247687 1.457721 -0.460853
v -8.245115 1.524454 -0.390432
v -8.236094 1.591545 -0.313420
v -8.271615 1.597029 -0.220199
v -8.309039 1.500007 -0.207850
v -8.325656 1.408141 -0.181374
v -8.332305 1.315806 -0.151208
v -8.335876 1.221922 -0.126569
v -8.336221 1.127131 -0.106170
v -8.336731 1.032185 -0.087002
v -8.337882 0.937255 -0.068035
v -8.335729 0.841989 -0.051186
v -8.328506 0.746614 -0.036958
v -8.314335 0.651556 -0.026821
v -8.289536 0.558277 -0.025708
v -8.295159 0.555995 -0.429519
v -8.286502 0.648863 -0.454738
v -8.275698 0.741600 -0.479594
v -8.261841 0.834372 -0.502944
v -8.246628 0.927454 -0.524020
v -8.236014 1.021492 -0.543280
v -8.236575 1.115938 -0.563403
v -8.238750 1.211416 -0.576930
v -8.238636 1.309545 -0.591515
v -8.250360 1.381380 -0.528581
v -8.256272 1.434433 -0.446664
v -8.255804 1.494720 -0.372355
v -8.246504 1.588196 -0.337022
v -8.237317 1.581646 -0.231306
v -8.252024 1.483400 -0.213632
v -8.271219 1.390031 -0.233374
v -8.295796 1.296951 -0.229787
v -8.293644 1.200759 -0.233648
v -8.299762 1.104625 -0.229632
v -8.312140 1.010647 -0.210477
v -8.321527 0.914007 -0.210053
v -8.331484 0.818286 -0.220530
v -8.347533 0.723546 -0.231568
v -8.368428 0.628785 -0.238598
v -8.371458 0.535768 -0.264510
v -8.285743 0.558906 -0.414190
v -8.279171 0.652056 -0.438398
v -8.271317 0.745141 -0.462335
v -8.260638 0.838172 -0.485226
v -8.249745 0.931602 -0.506597
v -8.245679 1.025486 -0.528487
v -8.252982 1.117486 -0.556185
v -8.256774 1.211236 -0.578118
v -8.256103 1.310852 -0.588354
v -8.247112 1.392733 -0.538296
v -8.255476 1.447881 -0.458713
v -8.239167 1.496352 -0.377514
v -8.233201 1.583638 -0.332550
v -8.248845 1.585834 -0.226594
v -8.270635 1.484373 -0.209986
v -8.286373 1.394165 -0.242350
v -8.298635 1.298378 -0.247564
v -8.307593 1.202067 -0.245121
v -8.317037 1.106318 -0.234929
v -8.330359 1.012779 -0.211538
v -8.339535 0.916501 -0.211075
v -8.347086 0.821497 -0.229337
v -8.361144 0.726986 -0.243206
v -8.376970 0.632265 -0.254742
v -8.377812 0.539604 -0.281082
v -8.276782 0.561964 -0.398628
v -8.272393 0.655482 -0.421857
v -8.267262 0.748998 -0.445037
v -8.260479 0.842533 -0.467582
v -8.255858 0.936238 -0.490114
v -8.258661 1.029064 -0.516376
v -8.270552 1.117726 -0.552717
v -8.275322 1.210473 -0.578915
v -8.274460 1.308624 -0.581877
v -8.265696 1.393018 -0.535257
v -8.237263 1.447142 -0.458948
v -8.226576 1.506111 -0.383728
v -8.243088 1.588011 -0.332873
v -8.235679 1.579229 -0.228032
v -8.289890 1.488199 -0.209772
v -8.304195 1.396620 -0.240733
v -8.316362 1.300565 -0.250098
v -8.324873 1.203759 -0.250361
v -8.334120 1.107705 -0.240930
v -8.348554 1.014763 -0.215917
v -8.357767 0.918351 -0.215348
v -8.360206 0.824850 -0.241472
v -8.370190 0.730399 -0.258599
v -8.383477 0.635625 -0.271483
v -8.385763 0.542944 -0.297153
v -8.268770 0.565655 -0.382698
v -8.266446 0.659506 -0.405122
v -8.264469 0.753341 -0.427596
v -8.262650 0.847144 -0.450133
v -8.264483 0.940457 -0.474665
v -8.272590 1.031711 -0.505064
v -8.286460 1.118989 -0.544156
v -8.293764 1.209551 -0.576652
v -8.294187 1.309237 -0.578618
v -8.281977 1.390529 -0.527128
v -8.248573 1.437877 -0.448291
v -8.233882 1.495235 -0.372370
v -8.233333 1.585782 -0.332979
v -8.248196 1.585146 -0.223465
v -8.271969 1.486809 -0.205991
v -8.302048 1.393837 -0.223265
v -8.327866 1.301175 -0.236130
v -8.342371 1.205840 -0.246067
v -8.351830 1.109527 -0.244495
v -8.365912 1.016246 -0.222971
v -8.372818 0.920091 -0.226635
v -8.370843 0.828184 -0.255904
v -8.378872 0.733833 -0.274221
v -8.389770 0.639004 -0.288240
v -8.396796 0.545845 -0.311460
v -8.262320 0.569716 -0.366153
v -8.262909 0.663792 -0.387782
v -8.264841 0.757775 -0.409952
v -8.268467 0.851423 -0.433444
v -8.275451 0.943906 -0.460558
v -8.286350 1.034154 -0.493488
v -8.301417 1.120825 -0.533701
v -8.311483 1.209419 -0.570528
v -8.311271 1.308778 -0.572190
v -8.296114 1.386106 -0.516016
v -8.265044 1.444903 -0.445636
v -8.228096 1.508421 -0.382695
v -8.242042 1.589208 -0.329595
v -8.235590 1.578217 -0.229822
v -8.258470 1.479677 -0.217560
v -8.287583 1.389962 -0.233440
v -8.310633 1.296735 -0.239058
v -8.330215 1.202734 -0.233095
v -8.357483 1.110659 -0.227409
v -8.383850 1.018203 -0.225414
v -8.381831 0.923594 -0.242404
v -8.384021 0.831067 -0.268136
v -8.392689 0.736681 -0.285817
v -8.402495 0.641966 -0.301088
v -8.413260 0.547961 -0.319431
v -8.258432 0.574080 -0.348760
v -8.264601 0.668075 -0.370129
v -8.271571 0.761651 -0.393462
v -8.279961 0.854423 -0.419642
v -8.289643 0.946034 -0.449356
v -8.300939 1.036125 -0.482844
v -8.315126 1.123327 -0.521777
v -8.326647 1.210956 -0.560050
v -8.327173 1.307472 -0.563106
v -8.306565 1.379141 -0.502422
v -8.282043 1.449618 -0.441396
v -8.243548 1.519675 -0.387509
v -8.235132 1.592482 -0.317098
v -8.233504 1.572922 -0.220390
v -8.243808 1.473697 -0.221742
v -8.275395 1.386365 -0.246287
v -8.297085 1.292464 -0.250262
v -8.314429 1.198048 -0.240680
v -8.339998 1.105688 -0.227642
v -8.369314 1.014215 -0.215714
v -8.396411 0.922495 -0.230939
v -8.402046 0.833028 -0.268992
v -8.410898 0.738140 -0.285998
v -8.420725 0.643129 -0.300537
v -8.430888 0.548108 -0.314403
v -8.261209 0.576583 -0.336593
v -8.274564 0.669109 -0.363502
v -8.287328 0.762729 -0.384268
v -8.297568 0.854016 -0.414938
v -8.307686 0.944474 -0.447758
v -8.318925 1.033818 -0.482768
v -8.332681 1.121743 -0.519843
v -8.344290 1.210459 -0.555989
v -8.342688 1.306806 -0.554514
v -8.321830 1.387958 -0.506528
v -8.292893 1.461145 -0.450161
v -8.253386 1.530946 -0.395303
v -8.241331 1.594863 -0.321323
v -8.242241 1.577681 -0.220666
v -8.236992 1.475961 -0.233945
v -8.261289 1.382779 -0.237362
v -8.295188 1.291727 -0.232971
v -8.298411 1.194630 -0.232709
v -8.322472 1.100744 -0.229125
v -8.353436 1.010052 -0.217218
v -8.380611 0.917881 -0.222756
v -8.404011 0.828998 -0.251527
v -8.422387 0.736549 -0.271949
v -8.431986 0.641541 -0.286291
v -8.439651 0.546101 -0.298541
v -8.276073 0.572468 -0.348489
v -8.294608 0.665518 -0.367489
v -8.302896 0.758254 -0.392734
v -8.309768 0.848441 -0.427235
v -8.315116 0.938158 -0.463054
v -8.319862 1.027487 -0.499707
v -8.324614 1.117171 -0.535421
v -8.328100 1.209640 -0.564063
v -8.325744 1.306281 -0.561481
v -8.310034 1.392217 -0.519799
v -8.281283 1.465440 -0.463405
v -8.258229 1.517738 -0.385565
v -8.233787 1.586807 -0.323782
v -8.233665 1.578016 -0.219246
v -8.232355 1.473793 -0.219410
v -8.261462 1.383326 -0.219268
v -8.295919 1.292578 -0.214979
v -8.305457 1.196114 -0.216154
v -8.323382 1.101377 -0.211096
v -8.340919 1.006099 -0.205868
v -8.365922 0.912304 -0.213262
v -8.402211 0.825273 -0.233942
v -8.426963 0.734146 -0.254463
v -8.434649 0.638850 -0.268523
v -8.441938 0.543402 -0.280778
v -8.288180 0.568306 -0.355235
v -8.293024 0.661706 -0.378228
v -8.296655 0.753077 -0.408921
v -8.299274 0.843992 -0.441297
v -8.302069 0.934474 -0.475093
v -8.305062 1.024667 -0.509816
v -8.308086 1.115607 -0.542779
v -8.310932 1.208552 -0.569306
v -8.309532 1.307587 -0.571135
v -8.293215 1.391926 -0.526407
v -8.268288 1.454985 -0.456190
v -8.246624 1.525375 -0.393643
v -8.232384 1.597193 -0.327089
v -8.235151 1.575518 -0.232546
v -8.245268 1.477222 -0.214036
v -8.276772 1.386564 -0.227337
v -8.299371 1.292979 -0.231954
v -8.318216 1.198168 -0.229041
v -8.337688 1.103761 -0.222135
v -8.357396 1.009963 -0.212748
v -8.382863 0.917189 -0.217247
v -8.414645 0.826164 -0.220825
v -8.427864 0.731586 -0.236500
v -8.435462 0.636158 -0.250604
v -8.443190 0.540679 -0.262909
v -8.269468 0.569258 -0.353129
v -8.275763 0.660331 -0.383977
v -8.279064 0.752198 -0.413352
v -8.281270 0.843898 -0.443609
v -8.284060 0.934430 -0.477366
v -8.287214 1.024276 -0.513029
v -8.290403 1.114891 -0.547131
v -8.292903 1.207912 -0.574741
v -8.292487 1.307938 -0.578178
v -8.275618 1.391379 -0.531452
v -8.252947 1.446014 -0.452823
v -8.237067 1.512788 -0.384480
v -8.245022 1.594995 -0.329600
v -8.243705 1.577759 -0.230032
v -8.261515 1.478798 -0.214334
v -8.289726 1.389921 -0.238820
v -8.314993 1.296165 -0.240689
v -8.334414 1.201052 -0.237150
v -8.354181 1.106422 -0.229787
v -8.375257 1.012983 -0.214254
v -8.388446 0.917903 -0.200233
v -8.404230 0.822556 -0.206516
v -8.419741 0.728115 -0.220531
v -8.431809 0.633079 -0.233105
v -8.441384 0.537759 -0.245110
v -8.251657 0.568784 -0.356654
v -8.258069 0.659621 -0.387910
v -8.261086 0.751796 -0.416065
v -8.263222 0.843721 -0.445702
v -8.265929 0.934741 -0.478188
v -8.269087 1.024748 -0.513465
v -8.272148 1.114571 -0.549588
v -8.273457 1.207568 -0.576665
v -8.271729 1.307186 -0.581356
v -8.256382 1.390548 -0.535533
v -8.236402 1.448562 -0.459435
v -8.227632 1.522414 -0.396338
v -8.232438 1.597042 -0.327688
v -8.235861 1.579888 -0.230427
v -8.244488 1.476939 -0.222835
v -8.278797 1.385856 -0.225177
v -8.316355 1.296706 -0.222653
v -8.335356 1.202043 -0.219113
v -8.348136 1.106522 -0.212828
v -8.358255 1.010614 -0.208023
v -8.370983 0.914988 -0.204548
v -8.386437 0.819734 -0.209751
v -8.402079 0.724654 -0.217108
v -8.417252 0.629520 -0.222766
v -8.431239 0.534415 -0.230456
v -8.240978 0.564068 -0.370548
v -8.243945 0.656261 -0.398817
v -8.245880 0.748919 -0.425522
v -8.246892 0.841433 -0.453267
v -8.248301 0.933622 -0.482369
v -8.250994 1.024834 -0.514575
v -8.253797 1.114874 -0.550279
v -8.255716 1.207528 -0.577443
v -8.253929 1.305938 -0.582159
v -8.240336 1.391993 -0.542224
v -8.237173 1.460023 -0.473267
v -8.234228 1.531909 -0.410162
v -8.234872 1.585599 -0.333607
v -8.240880 1.581017 -0.227948
v -8.253980 1.482017 -0.206298
v -8.287789 1.388804 -0.209866
v -8.313212 1.295733 -0.204900
v -8.323244 1.199826 -0.205790
v -8.330235 1.103842 -0.210696
v -8.341846 1.008301 -0.208706
v -8.354782 0.912587 -0.209203
v -8.369735 0.817196 -0.214030
v -8.385116 0.721986 -0.223149
v -8.399378 0.626349 -0.224009
v -8.414479 0.530912 -0.224286
v -8.239842 0.684128 -0.422531
v -8.240297 0.767138 -0.444824
v -8.240959 0.850541 -0.465706
v -8.241253 0.933431 -0.488290
v -8.240886 1.015402 -0.513880
v -8.239460 1.096273 -0.542398
v -8.236558 1.176537 -0.570975
v -8.239086 1.262273 -0.577045
v -8.239189 1.347679 -0.567891
v -8.243616 1.422519 -0.523695
v -8.251223 1.478261 -0.458472
v -8.248043 1.535771 -0.395007
v -8.240146 1.593413 -0.329733
v -8.249222 1.593730 -0.233132
v -8.266747 1.507779 -0.205716
v -8.287354 1.423001 -0.196049
v -8.301010 1.338277 -0.190261
v -8.305796 1.252235 -0.192630
v -8.308119 1.166717 -0.202383
v -8.314192 1.081132 -0.210648
v -8.326571 0.995938 -0.205028
v -8.337321 0.910594 -0.210993
v -8.351484 0.826208 -0.224275
v -8.363719 0.740829 -0.227286
v -8.375168 0.655527 -0.223442
v -8.241157 0.554589 -0.403596
v -8.240053 0.648607 -0.425464
v -8.240092 0.742323 -0.449046
v -8.239350 0.835470 -0.475144
v -8.237534 0.927811 -0.503596
v -8.235435 1.019503 -0.533569
v -8.226707 1.111380 -0.563076
v -8.224373 1.207386 -0.576593
v -8.225327 1.305473 -0.580281
v -8.249291 1.389521 -0.539060
v -8.256361 1.451002 -0.463484
v -8.256818 1.518784 -0.394674
v -8.253428 1.596556 -0.334018
v -8.240046 1.578355 -0.227798
v -8.257446 1.480961 -0.211097
v -8.276969 1.387511 -0.193921
v -8.298192 1.292906 -0.190012
v -8.301446 1.195725 -0.191444
v -8.304105 1.100026 -0.205936
v -8.307864 1.004114 -0.205836
v -8.321966 0.907926 -0.208416
v -8.335156 0.812269 -0.221051
v -8.351885 0.716674 -0.220776
v -8.368679 0.621391 -0.215651
v -8.380578 0.525984 -0.205889
v -8.241379 0.549910 -0.421233
v -8.241295 0.643910 -0.443036
v -8.241096 0.737494 -0.466626
v -8.241165 0.830544 -0.492549
v -8.240915 0.922993 -0.520680
v -8.241261 1.015456 -0.549254
v -8.241942 1.110191 -0.570689
v -8.241833 1.206676 -0.580891
v -8.241405 1.305014 -0.588432
v -8.234547 1.384069 -0.533129
v -8.242133 1.443023 -0.455446
v -8.242619 1.510649 -0.386235
v -8.238131 1.593145 -0.331050
v -8.233868 1.576323 -0.231883
v -8.239926 1.477483 -0.213101
v -8.266853 1.384329 -0.208146
v -8.296221 1.292167 -0.207861
v -8.292187 1.194825 -0.204968
v -8.286611 1.098391 -0.201527
v -8.294823 1.001769 -0.201119
v -8.308619 0.905704 -0.202178
v -8.326463 0.810581 -0.204948
v -8.345223 0.715867 -0.203968
v -8.363873 0.621540 -0.198240
v -8.376358 0.526666 -0.188280
v -8.249948 0.545781 -0.436719
v -8.251040 0.639884 -0.457930
v -8.252117 0.733683 -0.480620
v -8.254490 0.827245 -0.504566
v -8.257439 0.920992 -0.527915
v -8.259341 1.015594 -0.548291
v -8.258988 1.111011 -0.564644
v -8.259363 1.207021 -0.576518
v -8.258206 1.305872 -0.586364
v -8.249376 1.389354 -0.538526
v -8.239550 1.455932 -0.467918
v -8.235810 1.521250 -0.396129
v -8.253267 1.594235 -0.332392
v -8.240459 1.577810 -0.231053
v -8.256408 1.479872 -0.213620
v -8.269849 1.384345 -0.226026
v -8.294783 1.291281 -0.225949
v -8.292627 1.194368 -0.222986
v -8.300664 1.098933 -0.212996
v -8.312960 1.003943 -0.200463
v -8.325722 0.908283 -0.196026
v -8.341557 0.813086 -0.195213
v -8.358009 0.718248 -0.191350
v -8.373486 0.623557 -0.183076
v -8.380996 0.528212 -0.170836
v -8.267229 0.544035 -0.441951
v -8.268818 0.638581 -0.461219
v -8.270262 0.733027 -0.480953
v -8.272237 0.827560 -0.500796
v -8.273532 0.922398 -0.519621
v -8.273896 1.017426 -0.537575
v -8.275393 1.112091 -0.557387
v -8.277397 1.206738 -0.576648
v -8.276402 1.304665 -0.581656
v -8.268374 1.389816 -0.535913
v -8.255293 1.463168 -0.473160
v -8.243828 1.533333 -0.406677
v -8.238664 1.596438 -0.329906
v -8.233906 1.575757 -0.232263
v -8.244416 1.474970 -0.227545
v -8.275530 1.385370 -0.243016
v -8.293088 1.290562 -0.244045
v -8.304012 1.194948 -0.236152
v -8.316139 1.100013 -0.222494
v -8.329653 1.005495 -0.207445
v -8.343561 0.910420 -0.198693
v -8.359343 0.815480 -0.192671
v -8.373789 0.720623 -0.182724
v -8.383553 0.625716 -0.168193
v -8.384018 0.530326 -0.153082
v -8.283547 0.545090 -0.434048
v -8.284249 0.640029 -0.451765
v -8.284821 0.734793 -0.470236
v -8.285376 0.829716 -0.488401
v -8.286233 0.924689 -0.506767
v -8.287872 1.019453 -0.526102
v -8.291972 1.113097 -0.550135
v -8.296036 1.206746 -0.574093
v -8.296188 1.305431 -0.579105
v -8.285564 1.388052 -0.529757
v -8.266876 1.454839 -0.462039
v -8.252093 1.523504 -0.396248
v -8.254720 1.596956 -0.332525
v -8.240066 1.577536 -0.228940
v -8.260679 1.477875 -0.215318
v -8.292139 1.389049 -0.237687
v -8.310117 1.293745 -0.242790
v -8.321905 1.197492 -0.237710
v -8.333896 1.102059 -0.225752
v -8.347191 1.007306 -0.211671
v -8.361650 0.912603 -0.199094
v -8.375530 0.818037 -0.184692
v -8.383802 0.723238 -0.167732
v -8.385762 0.628201 -0.150355
v -8.380000 0.532862 -0.135554
v -8.299633 0.546367 -0.425456
v -8.299792 0.641522 -0.442326
v -8.299659 0.736512 -0.459878
v -8.300009 0.831516 -0.477775
v -8.301266 0.926398 -0.496683
v -8.303463 1.020965 -0.516885
v -8.307899 1.114506 -0.541240
v -8.313394 1.207420 -0.567446
v -8.314180 1.305772 -0.574157
v -8.296504 1.381184 -0.516175
v -8.262494 1.442495 -0.449508
v -8.240287 1.513187 -0.386971
v -8.240038 1.591348 -0.328760
v -8.252994 1.587484 -0.222065
v -8.278534 1.483640 -0.208328
v -8.301567 1.390357 -0.222322
v -8.322015 1.295959 -0.229448
v -8.337904 1.200378 -0.229720
v -8.350413 1.104978 -0.218834
v -8.362597 1.010497 -0.202607
v -8.373757 0.915900 -0.185815
v -8.381098 0.821178 -0.167603
v -8.382751 0.726164 -0.149822
v -8.379750 0.630958 -0.133479
v -8.370857 0.535690 -0.120154
v -8.317881 0.546085 -0.425876
v -8.317982 0.641304 -0.442467
v -8.317786 0.736273 -0.460213
v -8.318147 0.831162 -0.478131
v -8.319411 0.926077 -0.495954
v -8.321298 1.021018 -0.513426
v -8.324254 1.115388 -0.533366
v -8.327914 1.208858 -0.556237
v -8.330383 1.305327 -0.565691
v -8.302121 1.370967 -0.501149
v -8.263457 1.430389 -0.436036
v -8.228935 1.501187 -0.381092
v -8.233054 1.583225 -0.333143
v -8.241744 1.580649 -0.226804
v -8.260443 1.479270 -0.214395
v -8.284224 1.386754 -0.218611
v -8.307250 1.293235 -0.219383
v -8.334166 1.200945 -0.211846
v -8.359404 1.108035 -0.203399
v -8.368877 1.013664 -0.185866
v -8.375142 0.918987 -0.167962
v -8.377066 0.824056 -0.150156
v -8.375603 0.728969 -0.133416
v -8.370684 0.633734 -0.118060
v -8.360172 0.538527 -0.105793
v -8.328776 0.543588 -0.440183
v -8.328757 0.638779 -0.456865
v -8.328249 0.733639 -0.474835
v -8.329031 0.828504 -0.492440
v -8.331393 0.923470 -0.509350
v -8.334641 1.018518 -0.525457
v -8.339789 1.113322 -0.542199
v -8.345652 1.208103 -0.558590
v -8.346136 1.304599 -0.556943
v -8.315975 1.367562 -0.490214
v -8.279295 1.431441 -0.427353
v -8.247397 1.505378 -0.373857
v -8.230008 1.592384 -0.326785
v -8.234808 1.575036 -0.224019
v -8.245296 1.476557 -0.226178
v -8.267592 1.383319 -0.216282
v -8.297510 1.292090 -0.206264
v -8.323927 1.199668 -0.197020
v -8.361276 1.111231 -0.185656
v -8.370463 1.016739 -0.168032
v -8.371987 0.921867 -0.150344
v -8.370446 0.826808 -0.133532
v -8.367576 0.731681 -0.117413
v -8.361753 0.636495 -0.102552
v -8.349409 0.541386 -0.091491
v -8.321464 0.540897 -0.456578
v -8.321586 0.636048 -0.473309
v -8.321286 0.730914 -0.491371
v -8.321974 0.825879 -0.508953
v -8.323582 0.921080 -0.525549
v -8.325439 1.016511 -0.540954
v -8.327491 1.112116 -0.555489
v -8.329558 1.208142 -0.567128
v -8.330222 1.305231 -0.565070
v -8.315702 1.379637 -0.504899
v -8.290954 1.442457 -0.435536
v -8.262606 1.510838 -0.374572
v -8.240136 1.592337 -0.325700
v -8.243040 1.579135 -0.226160
v -8.246029 1.479213 -0.209964
v -8.268355 1.386066 -0.198426
v -8.298082 1.294571 -0.188389
v -8.327157 1.202958 -0.179604
v -8.364086 1.114485 -0.168050
v -8.369230 1.019750 -0.150135
v -8.367460 0.924782 -0.133023
v -8.363901 0.829683 -0.116888
v -8.359981 0.734498 -0.101198
v -8.353326 0.639286 -0.086749
v -8.338644 0.544317 -0.077186
v -8.304172 0.540080 -0.462097
v -8.304302 0.635279 -0.478780
v -8.304344 0.730012 -0.497838
v -8.304969 0.825110 -0.515288
v -8.306155 0.920619 -0.530677
v -8.307697 1.016335 -0.544840
v -8.309527 1.112213 -0.558248
v -8.311423 1.208236 -0.569216
v -8.313625 1.306439 -0.571210
v -8.305309 1.387225 -0.518848
v -8.279181 1.448480 -0.447733
v -8.248423 1.513496 -0.384188
v -8.232253 1.587487 -0.319657
v -8.234241 1.577025 -0.218507
v -8.259003 1.484428 -0.198664
v -8.284176 1.391495 -0.194322
v -8.311036 1.299933 -0.180547
v -8.342042 1.208934 -0.171176
v -8.365913 1.117762 -0.150202
v -8.364391 1.022878 -0.132870
v -8.361159 0.927829 -0.116269
v -8.357182 0.832656 -0.100315
v -8.352610 0.737406 -0.084888
v -8.344528 0.642132 -0.071132
v -8.327125 0.547429 -0.063503
v -8.286082 0.540474 -0.460423
v -8.286317 0.635865 -0.476400
v -8.286244 0.730467 -0.496325
v -8.286820 0.825533 -0.514303
v -8.288019 0.921087 -0.529574
v -8.289573 1.016840 -0.543923
v -8.291498 1.112444 -0.559607
v -8.293795 1.208191 -0.573820
v -8.296538 1.308217 -0.577942
v -8.290409 1.391841 -0.529595
v -8.281348 1.460596 -0.460919
v -8.264512 1.519459 -0.386432
v -8.241435 1.589286 -0.324446
v -8.240727 1.580178 -0.225470
v -8.274809 1.489214 -0.203797
v -8.300836 1.396008 -0.199916
v -8.328268 1.304807 -0.183358
v -8.352318 1.214783 -0.157442
v -8.358886 1.121251 -0.133866
v -8.356010 1.026135 -0.117134
v -8.353264 0.931010 -0.100272
v -8.349993 0.835786 -0.083964
v -8.344996 0.740500 -0.068706
v -8.335039 0.645243 -0.055978
v -8.314751 0.550933 -0.050714
v -8.268037 0.540863 -0.458355
v -8.268608 0.636623 -0.472426
v -8.268641 0.731404 -0.491906
v -8.269046 0.826396 -0.510614
v -8.270099 0.921826 -0.526748
v -8.271531 1.017464 -0.542116
v -8.273346 1.112718 -0.559957
v -8.274612 1.208468 -0.575204
v -8.274513 1.308250 -0.580412
v -8.270369 1.392588 -0.532520
v -8.264188 1.463490 -0.465567
v -8.259280 1.533030 -0.397721
v -8.251753 1.599464 -0.325134
v -8.256202 1.589435 -0.219728
v -8.291651 1.494585 -0.206766
v -8.317516 1.401900 -0.196238
v -8.335971 1.311020 -0.168268
v -8.346840 1.218804 -0.140641
v -8.348169 1.124326 -0.119551
v -8.346353 1.029181 -0.102098
v -8.345279 0.934110 -0.084291
v -8.342788 0.838907 -0.067609
v -8.336979 0.743608 -0.052732
v -8.324913 0.648431 -0.041259
v -8.302716 0.554603 -0.037662
v -7.312558 2.512473 -0.528739
v -7.312558 0.000461 -0.528739
v -8.191762 2.512473 -0.528739
v -8.191762 0.000461 -0.528739
v -8.191762 2.387322 -0.528739
v -7.312558 2.364184 -0.528739
v -8.191762 1.324365 -0.528739
v -8.191762 1.193260 -0.528739
v -8.191762 0.105839 -0.528739
v -7.312558 0.128977 -0.528739
v -7.312557 1.165165 -0.528739
v -7.312557 1.352458 -0.528739
v -7.312558 2.512473 -0.438700
v -8.191762 0.000461 -0.438700
v -7.312558 0.000461 -0.438700
v -8.191762 2.512473 -0.438700
v -7.329412 2.364184 -0.438700
v -8.174907 2.387322 -0.438700
v -8.174907 0.105839 -0.438700
v -8.174907 1.193260 -0.438700
v -8.174907 1.324365 -0.438700
v -7.329412 1.352458 -0.438700
v -7.329412 1.165165 -0.438700
v -7.329412 0.128977 -0.438700
v -8.191762 0.000461 -0.147323
v -7.312558 2.512473 -0.147323
v -7.312558 0.000461 -0.147323
v -8.191762 2.512473 -0.147323
v -7.312558 2.389127 -0.114484
v -8.191762 2.389127 -0.114484
v -8.191762 0.104034 -0.114484
v -8.191762 1.196176 -0.114484
v -8.191762 1.321448 -0.114484
v -7.312557 1.321448 -0.114484
v -7.312557 1.196176 -0.114484
v -7.312558 0.104034 -0.114484
v -7.405625 2.512473 -0.528739
v -7.752160 2.512473 -0.528739
v -8.098694 2.512473 -0.528739
v -8.098694 0.000461 -0.528739
v -7.752160 0.000461 -0.528739
v -7.405625 0.000461 -0.528739
v -7.405625 2.389127 -0.528739
v -7.752160 2.389127 -0.528739
v -8.098694 2.389127 -0.528739
v -7.405625 1.321448 -0.528739
v -7.752160 1.321448 -0.528739
v -8.098694 1.321448 -0.528739
v -7.405625 1.196176 -0.528739
v -7.752160 1.196176 -0.528739
v -8.098694 1.196176 -0.528739
v -7.405625 0.104034 -0.528739
v -7.752160 0.104034 -0.528739
v -8.098694 0.104034 -0.528739
v -8.098694 2.512473 -0.438700
v -7.752160 2.512473 -0.438700
v -7.405625 2.512473 -0.438700
v -7.405625 0.000461 -0.438700
v -7.752160 0.000461 -0.438700
v -8.098694 0.000461 -0.438700
v -8.098694 2.512473 -0.147323
v -7.752160 2.512473 -0.147323
v -7.405625 2.512473 -0.147323
v -7.405625 0.000461 -0.147323
v -7.752160 0.000461 -0.147323
v -8.098694 0.000461 -0.147323
v -7.960912 2.512473 -0.528739
v -7.960912 0.000461 -0.528739
v -7.960912 2.389127 -0.528739
v -7.960912 1.321448 -0.528739
v -7.960912 1.196176 -0.528739
v -7.960912 0.104034 -0.528739
v -7.960912 2.512473 -0.438700
v -7.960912 0.000461 -0.438700
v -7.960912 2.512473 -0.147323
v -7.960912 0.000461 -0.147323
v -7.543407 2.512473 -0.528739
v -7.543407 0.000461 -0.528739
v -7.543407 2.389127 -0.528739
v -7.543407 1.321448 -0.528739
v -7.543407 1.196176 -0.528739
v -7.543407 0.104034 -0.528739
v -7.543407 2.512473 -0.438700
v -7.543407 0.000461 -0.438700
v -7.543407 2.512473 -0.147323
v -7.543407 0.000461 -0.147323
v -7.647783 2.512473 -0.528739
v -7.647783 2.389127 -0.528739
v -7.647783 1.321448 -0.528739
v -7.647783 1.196176 -0.528739
v -7.647783 0.104034 -0.528739
v -7.647783 0.000461 -0.438700
v -7.647783 0.000461 -0.147323
v -7.647783 0.000461 -0.528739
v -7.647783 2.512473 -0.438700
v -7.647783 2.512473 -0.147323
v -7.856536 0.000461 -0.528739
v -7.856536 2.512473 -0.438700
v -7.856536 2.512473 -0.147323
v -7.856536 2.512473 -0.528739
v -7.856536 2.389127 -0.528739
v -7.856536 1.321448 -0.528739
v -7.856536 1.196176 -0.528739
v -7.856536 0.104034 -0.528739
v -7.856536 0.000461 -0.438700
v -7.856536 0.000461 -0.147323
v -8.048094 2.512473 -0.528739
v -8.029803 2.389127 -0.528739
v -8.029803 1.321448 -0.528739
v -8.029803 1.196176 -0.528739
v -8.029803 0.104034 -0.528739
v -8.048094 0.000461 -0.438700
v -8.048094 0.000461 -0.147323
v -8.048094 0.000461 -0.528739
v -8.048094 2.512473 -0.438700
v -8.048094 2.512473 -0.147323
v -7.456225 0.000461 -0.528739
v -7.456225 2.512473 -0.438700
v -7.456225 2.512473 -0.147323
v -7.456225 2.512473 -0.528739
v -7.474516 2.389127 -0.528739
v -7.474516 1.321448 -0.528739
v -7.474516 1.196176 -0.528739
v -7.474516 0.104034 -0.528739
v -7.456225 0.000461 -0.438700
v -7.456225 0.000461 -0.147323
v -7.270136 0.000461 -0.438700
v -7.211655 0.000461 -0.528739
v -7.211655 2.389127 -0.528739
v -7.270136 2.389127 -0.438700
v -7.211655 0.104034 -0.528739
v -7.211655 1.196176 -0.528739
v -7.211655 1.321448 -0.528739
v -7.270136 1.321448 -0.438700
v -7.270136 1.196176 -0.438700
v -7.270136 0.104034 -0.438700
v -7.250918 0.000461 -0.147323
v -7.250918 2.389127 -0.147323
v -7.250918 1.321448 -0.147323
v -7.250918 1.196176 -0.147323
v -7.250918 0.104034 -0.147323
v -7.312558 2.512473 -0.099457
v -7.312558 0.000461 -0.099457
v -8.191762 2.512473 -0.099457
v -7.263795 2.389127 -0.099457
v -8.240523 2.389127 -0.099457
v -8.240523 0.104034 -0.099457
v -8.240523 1.196176 -0.099457
v -8.240523 1.321448 -0.099457
v -7.263795 1.321448 -0.099457
v -7.263795 1.196176 -0.099457
v -7.263795 0.104034 -0.099457
v -8.191762 0.000461 -0.099457
v -7.405625 0.000461 -0.099457
v -7.752160 0.000461 -0.099457
v -8.098694 0.000461 -0.099457
v -8.098694 2.512473 -0.099457
v -7.752160 2.512473 -0.099457
v -7.405625 2.512473 -0.099457
v -7.960912 2.512473 -0.099457
v -7.960912 0.000461 -0.099457
v -7.543407 2.512473 -0.099457
v -7.543407 0.000461 -0.099457
v -7.647783 2.512473 -0.099457
v -7.647783 0.000461 -0.099457
v -7.856536 0.000461 -0.099457
v -7.856536 2.512473 -0.099457
v -8.048094 2.512473 -0.099457
v -8.048094 0.000461 -0.099457
v -7.456225 0.000461 -0.099457
v -7.456225 2.512473 -0.099457
v -7.211655 0.000461 -0.099457
v -7.211655 2.389127 -0.099457
v -8.292665 2.389127 -0.099457
v -8.292665 0.104034 -0.099457
v -8.292665 1.196176 -0.099457
v -8.292665 1.321448 -0.099457
v -7.211655 1.321448 -0.099457
v -7.211655 1.196176 -0.099457
v -7.211655 0.104034 -0.099457
v -8.292665 0.000461 -0.099457
v -7.312558 2.512473 -0.457472
v -7.312558 0.000461 -0.457472
v -8.191762 2.512473 -0.457472
v -7.312558 2.364184 -0.457472
v -8.191762 2.387322 -0.457472
v -8.191762 0.105839 -0.457472
v -8.191762 1.193260 -0.457472
v -8.191762 1.324365 -0.457472
v -7.312557 1.352458 -0.457472
v -7.312557 1.165165 -0.457472
v -7.312558 0.128977 -0.457472
v -8.191762 0.000461 -0.457472
v -7.405625 0.000461 -0.457472
v -7.752160 0.000461 -0.457472
v -8.098694 0.000461 -0.457472
v -8.098694 2.512473 -0.457472
v -7.752160 2.512473 -0.457472
v -7.405625 2.512473 -0.457472
v -7.960912 2.512473 -0.457472
v -7.960912 0.000461 -0.457472
v -7.543407 2.512473 -0.457472
v -7.543407 0.000461 -0.457472
v -7.647783 2.512473 -0.457472
v -7.647783 0.000461 -0.457472
v -7.856536 0.000461 -0.457472
v -7.856536 2.512473 -0.457472
v -8.048094 2.512473 -0.457472
v -8.048094 0.000461 -0.457472
v -7.456225 0.000461 -0.457472
v -7.456225 2.512473 -0.457472
v -7.211655 0.000461 -0.457472
v -7.211655 2.389127 -0.457472
v -7.211655 1.321448 -0.457472
v -7.211655 1.196176 -0.457472
v -7.211655 0.104034 -0.457472
v -7.270136 2.491093 -0.438700
v -7.293704 2.512473 -0.438700
v -7.273293 2.501783 -0.438700
v -7.281920 2.509609 -0.438700
v -7.235147 2.512473 -0.528739
v -7.211655 2.491093 -0.528739
v -7.223401 2.509609 -0.528739
v -7.214802 2.501783 -0.528739
v -8.210615 2.512473 -0.438700
v -8.234183 2.491093 -0.438700
v -8.222399 2.509609 -0.438700
v -8.231026 2.501783 -0.438700
v -8.292665 2.491094 -0.528739
v -8.269172 2.512473 -0.528739
v -8.289517 2.501783 -0.528739
v -8.280918 2.509609 -0.528739
v -7.274397 2.512473 -0.147323
v -7.250918 2.491093 -0.147323
v -7.262657 2.509609 -0.147323
v -7.254064 2.501783 -0.147323
v -8.253402 2.491093 -0.147323
v -8.229922 2.512473 -0.147323
v -8.250256 2.501783 -0.147323
v -8.241662 2.509609 -0.147323
v -7.234954 2.512473 -0.099457
v -7.211655 2.491093 -0.099457
v -7.223305 2.509609 -0.099457
v -7.214776 2.501783 -0.099457
v -8.292665 2.491093 -0.099457
v -8.269365 2.512473 -0.099457
v -8.289543 2.501783 -0.099457
v -8.281014 2.509609 -0.099457
v -7.235232 2.512473 -0.457472
v -7.211655 2.491093 -0.457472
v -7.223444 2.509609 -0.457472
v -7.214813 2.501783 -0.457472
v -8.292665 2.491094 -0.457472
v -8.269087 2.512473 -0.457472
v -8.289506 2.501783 -0.457472
v -8.280876 2.509609 -0.457472
v -8.292665 0.079311 -0.528739
v -8.265442 0.104521 -0.528739
v -8.289018 0.091738 -0.528739
v -8.279053 0.100965 -0.528739
v -8.265467 0.000461 -0.528739
v -8.292665 0.025183 -0.528739
v -8.279066 0.003773 -0.528739
v -8.289021 0.012822 -0.528739
v -8.265442 2.388640 -0.528739
v -8.292665 2.413850 -0.528739
v -8.279053 2.392196 -0.528739
v -8.289018 2.401423 -0.528739
v -8.234183 2.413850 -0.438700
v -8.206903 2.388296 -0.438700
v -8.230529 2.401377 -0.438700
v -8.220544 2.392024 -0.438700
v -8.292665 1.296726 -0.528739
v -8.265402 1.322236 -0.528739
v -8.289012 1.309193 -0.528739
v -8.279034 1.318530 -0.528739
v -8.265402 1.195388 -0.528739
v -8.292665 1.220898 -0.528739
v -8.279033 1.199094 -0.528739
v -8.289012 1.208431 -0.528739
v -8.206903 0.104865 -0.438700
v -8.234183 0.079311 -0.438700
v -8.220544 0.101137 -0.438700
v -8.230529 0.091784 -0.438700
v -8.234183 1.220898 -0.438700
v -8.206963 1.194837 -0.438700
v -8.230536 1.208358 -0.438700
v -8.220572 1.198819 -0.438700
v -8.206963 1.322788 -0.438700
v -8.234183 1.296726 -0.438700
v -8.220572 1.318806 -0.438700
v -8.230536 1.309266 -0.438700
v -8.206867 0.000461 -0.438700
v -8.234183 0.025183 -0.438700
v -8.220525 0.003773 -0.438700
v -8.230523 0.012822 -0.438700
v -8.253402 2.413850 -0.147323
v -8.227129 2.389127 -0.133327
v -8.269080 2.389127 -0.128209
v -8.249882 2.401489 -0.145448
v -8.240265 2.392439 -0.140325
v -8.227129 0.104034 -0.133326
v -8.253402 0.079311 -0.147323
v -8.269080 0.104034 -0.128209
v -8.240265 0.100722 -0.140325
v -8.249882 0.091673 -0.145448
v -8.253402 1.220898 -0.147323
v -8.227164 1.196176 -0.133345
v -8.269080 1.196176 -0.128209
v -8.249887 1.208537 -0.145451
v -8.240283 1.199488 -0.140334
v -8.227164 1.321448 -0.133345
v -8.253402 1.296726 -0.147323
v -8.269080 1.321448 -0.128209
v -8.240283 1.318136 -0.140334
v -8.249887 1.309087 -0.145451
v -8.253402 0.025183 -0.147323
v -8.226183 0.000461 -0.147323
v -8.269080 0.000461 -0.128209
v -8.249755 0.012822 -0.147323
v -8.239792 0.003773 -0.147323
v -8.265341 2.388638 -0.457472
v -8.292665 2.413850 -0.457472
v -8.279003 2.392195 -0.457472
v -8.289004 2.401423 -0.457472
v -8.292665 0.079311 -0.457472
v -8.265341 0.104523 -0.457472
v -8.289004 0.091738 -0.457472
v -8.279003 0.100966 -0.457472
v -8.265300 1.195385 -0.457472
v -8.292665 1.220898 -0.457472
v -8.278982 1.199093 -0.457472
v -8.288999 1.208431 -0.457472
v -8.292665 1.296726 -0.457472
v -8.265300 1.322239 -0.457472
v -8.288999 1.309193 -0.457472
v -8.278982 1.318532 -0.457472
v -8.292665 0.025183 -0.457472
v -8.265368 0.000461 -0.457472
v -8.289007 0.012822 -0.457472
v -8.279016 0.003773 -0.457472
v -7.312557 1.858321 -0.528739
v -8.191762 1.855843 -0.528739
v -7.329412 1.858321 -0.438700
v -8.174907 1.855843 -0.438700
v -7.312557 1.855288 -0.114484
v -8.191762 1.855288 -0.114484
v -8.098694 1.855288 -0.528739
v -7.752160 1.855288 -0.528739
v -7.405625 1.855288 -0.528739
v -7.960912 1.855288 -0.528739
v -7.543407 1.855288 -0.528739
v -7.647783 1.855288 -0.528739
v -7.856536 1.855288 -0.528739
v -8.029803 1.855288 -0.528739
v -7.474516 1.855288 -0.528739
v -7.263795 1.855288 -0.099457
v -8.191762 1.855843 -0.457472
v -7.312557 1.858321 -0.457472
v -7.312557 2.111253 -0.528739
v -8.174907 2.121583 -0.438700
v -8.191762 2.122207 -0.114484
v -8.240523 2.122207 -0.099457
v -8.191762 2.121583 -0.457472
v -8.191762 2.121583 -0.528739
v -7.329412 2.111253 -0.438700
v -7.312557 2.122207 -0.114484
v -8.098694 2.122207 -0.528739
v -7.752160 2.122207 -0.528739
v -7.405625 2.122207 -0.528739
v -7.960912 2.122207 -0.528739
v -7.543407 2.122207 -0.528739
v -7.647783 2.122207 -0.528739
v -7.856536 2.122207 -0.528739
v -8.029803 2.122207 -0.528739
v -7.474516 2.122207 -0.528739
v -7.263795 2.122207 -0.099457
v -7.312557 2.111253 -0.457472
v -8.191762 1.590104 -0.528739
v -7.329412 1.605390 -0.438700
v -7.312557 1.588368 -0.114484
v -8.098694 1.588368 -0.528739
v -7.752160 1.588368 -0.528739
v -7.405625 1.588368 -0.528739
v -7.960912 1.588368 -0.528739
v -7.543407 1.588368 -0.528739
v -7.647783 1.588368 -0.528739
v -7.856536 1.588368 -0.528739
v -8.029803 1.588368 -0.528739
v -7.474516 1.588368 -0.528739
v -7.263795 1.588368 -0.099457
v -7.312557 1.605390 -0.457472
v -7.312557 1.605390 -0.528739
v -8.174907 1.590104 -0.438700
v -8.191762 1.588368 -0.114484
v -8.240523 1.588368 -0.099457
v -8.191762 1.590104 -0.457472
v -8.191762 0.921404 -0.528739
v -8.191762 0.649549 -0.528739
v -8.191762 0.377694 -0.528739
v -7.312558 0.388024 -0.528739
v -7.312558 0.647071 -0.528739
v -7.312558 0.906118 -0.528739
v -7.329412 0.906118 -0.438700
v -7.329412 0.647071 -0.438700
v -7.329412 0.388024 -0.438700
v -8.174907 0.377694 -0.438700
v -8.174907 0.649549 -0.438700
v -8.174907 0.921404 -0.438700
v -7.312557 0.923140 -0.114484
v -7.312558 0.650105 -0.114484
v -7.312558 0.377069 -0.114484
v -8.191762 0.377069 -0.114484
v -8.191762 0.650105 -0.114484
v -8.191762 0.923140 -0.114484
v -8.098694 0.923140 -0.528739
v -8.098694 0.650105 -0.528739
v -8.098694 0.377069 -0.528739
v -7.752160 0.923140 -0.528739
v -7.752160 0.650105 -0.528739
v -7.752160 0.377069 -0.528739
v -7.405625 0.923140 -0.528739
v -7.405625 0.650105 -0.528739
v -7.405625 0.377069 -0.528739
v -7.960912 0.923140 -0.528739
v -7.960912 0.650105 -0.528739
v -7.960912 0.377069 -0.528739
v -7.543407 0.923140 -0.528739
v -7.543407 0.650105 -0.528739
v -7.543407 0.377069 -0.528739
v -7.647783 0.923140 -0.528739
v -7.647783 0.650105 -0.528739
v -7.647783 0.377069 -0.528739
v -7.856536 0.923140 -0.528739
v -7.856536 0.650105 -0.528739
v -7.856536 0.377069 -0.528739
v -8.029803 0.923140 -0.528739
v -8.029803 0.650105 -0.528739
v -8.029803 0.377069 -0.528739
v -7.474516 0.923140 -0.528739
v -7.474516 0.650105 -0.528739
v -7.474516 0.377069 -0.528739
v -8.240523 0.377069 -0.099457
v -8.240523 0.650105 -0.099457
v -8.240523 0.923140 -0.099457
v -7.263795 0.923140 -0.099457
v -7.263795 0.650105 -0.099457
v -7.263795 0.377069 -0.099457
v -8.191762 0.377694 -0.457472
v -8.191762 0.649549 -0.457472
v -8.191762 0.921404 -0.457472
v -7.312558 0.906118 -0.457472
v -7.312558 0.647071 -0.457472
v -7.312558 0.388024 -0.457472
v -8.240523 1.831812 -0.099457
v -8.240523 1.855288 -0.075981
v -8.240523 1.878764 -0.099457
v -8.218089 1.855288 -0.106371
v -7.090634 0.453425 -0.366927
v -7.154524 0.474651 -0.219576
v -7.193508 0.477994 -0.624564
v -7.218372 0.459023 -0.185349
v -7.181492 0.474607 -0.610954
v -7.175385 0.471399 -0.593617
v -7.165065 0.468540 -0.577261
v -7.150680 0.464840 -0.566475
v -7.136795 0.461413 -0.554979
v -7.123518 0.458316 -0.542721
v -7.111159 0.455305 -0.529508
v -7.100688 0.452302 -0.514802
v -7.093585 0.449490 -0.498220
v -7.090257 0.447081 -0.480461
v -7.087430 0.445822 -0.462515
v -7.080857 0.445278 -0.445546
v -7.079407 0.585090 -0.421603
v -7.035780 0.450658 -0.411636
v -7.023428 0.453945 -0.398655
v -7.017948 0.457041 -0.381565
v -7.017317 0.459876 -0.363581
v -7.019143 0.462579 -0.345678
v -7.022645 0.465171 -0.328029
v -7.029566 0.467410 -0.311362
v -7.045257 0.468290 -0.301879
v -7.063384 0.467076 -0.305693
v -7.078406 0.464982 -0.316185
v -7.087707 0.461677 -0.331726
v -7.087341 0.457812 -0.349502
v -7.165087 0.477493 -0.234192
v -7.176032 0.480131 -0.248635
v -7.186563 0.482932 -0.263382
v -7.196680 0.486307 -0.278296
v -7.206182 0.490076 -0.293472
v -7.214707 0.494246 -0.309362
v -7.219236 0.498745 -0.326238
v -7.209909 0.494626 -0.310134
v -7.195411 0.489330 -0.297537
v -7.211460 0.492035 -0.309890
v -7.225155 0.493261 -0.315500
v -7.230227 0.487218 -0.299217
v -7.228807 0.616061 -0.240412
v -7.225592 0.475442 -0.258415
v -7.225049 0.470710 -0.240742
v -7.218946 0.466271 -0.224051
v -7.202921 0.463866 -0.215677
v -7.186009 0.464613 -0.222344
v -7.169380 0.465644 -0.229893
v -7.151110 0.465303 -0.229011
v -7.140385 0.462808 -0.214530
v -7.147830 0.460124 -0.198118
v -7.163968 0.458859 -0.189647
v -7.182006 0.458745 -0.186879
v -7.200196 0.458917 -0.186026
v -7.104493 0.546047 -0.390768
v -7.113688 0.639884 -0.412942
v -7.136840 0.734620 -0.415178
v -7.154067 0.830000 -0.422487
v -7.164521 0.926387 -0.428643
v -7.173824 1.022706 -0.428392
v -7.184454 1.118312 -0.417902
v -7.176126 1.214528 -0.423626
v -7.171861 1.311874 -0.427767
v -7.209713 1.400156 -0.417091
v -7.230967 1.494252 -0.424663
v -7.233294 1.594199 -0.405820
v -7.230689 1.600525 -0.303277
v -7.227464 1.504788 -0.272408
v -7.226756 1.441891 -0.199244
v -7.230889 1.398485 -0.111418
v -7.245840 1.324271 -0.050294
v -7.247331 1.225640 -0.060836
v -7.246142 1.128591 -0.065651
v -7.238118 1.032477 -0.079425
v -7.222622 0.938197 -0.097649
v -7.204340 0.845159 -0.118770
v -7.187535 0.752553 -0.142627
v -7.174043 0.660078 -0.168380
v -7.163474 0.567548 -0.194548
v -7.218151 0.555713 -0.182036
v -7.217309 0.651818 -0.170165
v -7.216947 0.746969 -0.152027
v -7.216646 0.841933 -0.132880
v -7.215811 0.937229 -0.115649
v -7.214531 1.032738 -0.099183
v -7.213034 1.127557 -0.078909
v -7.211065 1.223373 -0.064724
v -7.211828 1.322613 -0.057990
v -7.214956 1.406401 -0.106364
v -7.220356 1.472351 -0.178497
v -7.222928 1.539085 -0.248918
v -7.231949 1.606176 -0.325930
v -7.196428 1.611660 -0.419150
v -7.159004 1.514638 -0.431500
v -7.142387 1.422771 -0.457975
v -7.135738 1.330436 -0.488141
v -7.132167 1.236552 -0.512780
v -7.131823 1.141762 -0.533180
v -7.131312 1.046816 -0.552347
v -7.130161 0.951885 -0.571315
v -7.132315 0.856619 -0.588163
v -7.139537 0.761244 -0.602392
v -7.153709 0.666187 -0.612529
v -7.178508 0.572908 -0.613642
v -7.172884 0.570626 -0.209831
v -7.181542 0.663494 -0.184612
v -7.192346 0.756230 -0.159755
v -7.206203 0.849002 -0.136405
v -7.221416 0.942084 -0.115329
v -7.232029 1.036123 -0.096070
v -7.231469 1.130568 -0.075946
v -7.229293 1.226047 -0.062419
v -7.229407 1.324175 -0.047835
v -7.217684 1.396011 -0.110769
v -7.211771 1.449064 -0.192685
v -7.212239 1.509351 -0.266994
v -7.221540 1.602826 -0.302327
v -7.230727 1.596276 -0.408044
v -7.216020 1.498031 -0.425717
v -7.196825 1.404661 -0.405976
v -7.172247 1.311581 -0.409563
v -7.174399 1.215390 -0.405701
v -7.168282 1.119255 -0.409717
v -7.155904 1.025278 -0.428873
v -7.146516 0.928638 -0.429297
v -7.136560 0.832917 -0.418820
v -7.120510 0.738176 -0.407781
v -7.099615 0.643415 -0.400752
v -7.096586 0.550399 -0.374840
v -7.182301 0.573537 -0.225160
v -7.188872 0.666687 -0.200952
v -7.196726 0.759771 -0.177015
v -7.207406 0.852803 -0.154124
v -7.218298 0.946232 -0.132752
v -7.222365 1.040117 -0.110863
v -7.215061 1.132116 -0.083164
v -7.211269 1.225866 -0.061232
v -7.211941 1.325482 -0.050995
v -7.220932 1.407363 -0.101054
v -7.212568 1.462511 -0.180636
v -7.228877 1.510982 -0.261835
v -7.234843 1.598268 -0.306799
v -7.219199 1.600465 -0.412755
v -7.197409 1.499003 -0.429364
v -7.181671 1.408795 -0.397000
v -7.169408 1.313009 -0.391786
v -7.160450 1.216697 -0.394229
v -7.151007 1.120948 -0.404421
v -7.137684 1.027410 -0.427812
v -7.128509 0.931131 -0.428275
v -7.120957 0.836127 -0.410012
v -7.106899 0.741616 -0.396143
v -7.091074 0.646895 -0.384608
v -7.090231 0.554234 -0.358268
v -7.191262 0.576594 -0.240722
v -7.195651 0.670112 -0.217493
v -7.200782 0.763628 -0.194312
v -7.207565 0.857163 -0.171768
v -7.212185 0.950868 -0.149235
v -7.209383 1.043694 -0.122973
v -7.197492 1.132356 -0.086633
v -7.192721 1.225103 -0.060435
v -7.193583 1.323254 -0.057473
v -7.202348 1.407648 -0.104093
v -7.230781 1.461772 -0.180401
v -7.241468 1.520741 -0.255621
v -7.224956 1.602642 -0.306476
v -7.232364 1.593859 -0.411317
v -7.178154 1.502829 -0.429577
v -7.163848 1.411250 -0.398617
v -7.151681 1.315196 -0.389251
v -7.143171 1.218390 -0.388989
v -7.133924 1.122335 -0.398419
v -7.119490 1.029393 -0.423433
v -7.110276 0.932982 -0.424002
v -7.107839 0.839481 -0.397878
v -7.097854 0.745029 -0.380750
v -7.084566 0.650256 -0.367867
v -7.082280 0.557574 -0.342197
v -7.199274 0.580286 -0.256651
v -7.201598 0.674136 -0.234227
v -7.203575 0.767971 -0.211754
v -7.205393 0.861774 -0.189216
v -7.203560 0.955088 -0.164685
v -7.195454 1.046342 -0.134285
v -7.181584 1.133620 -0.095194
v -7.174279 1.224181 -0.062697
v -7.173857 1.323867 -0.060732
v -7.186067 1.405159 -0.112222
v -7.219470 1.452507 -0.191058
v -7.234161 1.509865 -0.266979
v -7.234711 1.600412 -0.306370
v -7.219848 1.599776 -0.415885
v -7.196075 1.501439 -0.433358
v -7.165996 1.408467 -0.416084
v -7.140178 1.315805 -0.403219
v -7.125672 1.220471 -0.393282
v -7.116213 1.124157 -0.394855
v -7.102131 1.030877 -0.416379
v -7.095226 0.934721 -0.412715
v -7.097201 0.842814 -0.383446
v -7.089171 0.748463 -0.365129
v -7.078274 0.653634 -0.351110
v -7.071248 0.560476 -0.327890
v -7.205724 0.584346 -0.273196
v -7.205135 0.678422 -0.251568
v -7.203202 0.772405 -0.229398
v -7.199576 0.866053 -0.205905
v -7.192593 0.958536 -0.178791
v -7.181694 1.048784 -0.145862
v -7.166626 1.135455 -0.105649
v -7.156560 1.224049 -0.068822
v -7.156773 1.323408 -0.067160
v -7.171929 1.400736 -0.123334
v -7.203000 1.459533 -0.193714
v -7.239947 1.523052 -0.256655
v -7.226002 1.603838 -0.309755
v -7.232454 1.592847 -0.409528
v -7.209574 1.494307 -0.421789
v -7.180460 1.404592 -0.405910
v -7.157410 1.311365 -0.400292
v -7.137829 1.217365 -0.406254
v -7.110560 1.125289 -0.411941
v -7.084193 1.032834 -0.413936
v -7.086212 0.938224 -0.396945
v -7.084023 0.845697 -0.371214
v -7.075355 0.751312 -0.353532
v -7.065548 0.656596 -0.338261
v -7.054784 0.562591 -0.319918
v -7.209611 0.588710 -0.290590
v -7.203443 0.682706 -0.269220
v -7.196473 0.776281 -0.245888
v -7.188083 0.869054 -0.219708
v -7.178401 0.960664 -0.189993
v -7.167105 1.050756 -0.156505
v -7.152917 1.137958 -0.117573
v -7.141397 1.225586 -0.079299
v -7.140871 1.322102 -0.076244
v -7.161478 1.393771 -0.136928
v -7.186000 1.464249 -0.197954
v -7.224495 1.534306 -0.251840
v -7.232911 1.607112 -0.322252
v -7.234539 1.587552 -0.418960
v -7.224236 1.488327 -0.417607
v -7.192648 1.400995 -0.393063
v -7.170959 1.307095 -0.389087
v -7.153615 1.212678 -0.398669
v -7.128046 1.120318 -0.411707
v -7.098729 1.028845 -0.423635
v -7.071632 0.937126 -0.408410
v -7.065998 0.847659 -0.370358
v -7.057145 0.752770 -0.353351
v -7.047319 0.657759 -0.338813
v -7.037156 0.562738 -0.324946
v -7.206835 0.591213 -0.302756
v -7.193480 0.683739 -0.275847
v -7.180716 0.777360 -0.255082
v -7.170475 0.868646 -0.224411
v -7.160357 0.959104 -0.191592
v -7.149118 1.048448 -0.156582
v -7.135363 1.136373 -0.119507
v -7.123754 1.225089 -0.083360
v -7.125356 1.321436 -0.084835
v -7.146214 1.402588 -0.132822
v -7.175150 1.475775 -0.189188
v -7.214658 1.545576 -0.244047
v -7.226712 1.609494 -0.318027
v -7.225802 1.592311 -0.418684
v -7.231052 1.490591 -0.405404
v -7.206755 1.397410 -0.401988
v -7.172855 1.306357 -0.406379
v -7.169632 1.209260 -0.406640
v -7.145572 1.115375 -0.410224
v -7.114607 1.024682 -0.422132
v -7.087432 0.932512 -0.416594
v -7.064033 0.843629 -0.387823
v -7.045657 0.751179 -0.367400
v -7.036057 0.656172 -0.353059
v -7.028393 0.560731 -0.340808
v -7.191971 0.587099 -0.290861
v -7.173435 0.680149 -0.271861
v -7.165148 0.772884 -0.246616
v -7.158276 0.863071 -0.212115
v -7.152927 0.952788 -0.176295
v -7.148181 1.042118 -0.139642
v -7.143430 1.131802 -0.103929
v -7.139943 1.224270 -0.075287
v -7.142300 1.320911 -0.077868
v -7.158010 1.406847 -0.119551
v -7.186760 1.480071 -0.175944
v -7.209814 1.532368 -0.253785
v -7.234257 1.601437 -0.315568
v -7.234378 1.592646 -0.420103
v -7.235688 1.488423 -0.419940
v -7.206582 1.397957 -0.420082
v -7.172124 1.307208 -0.424370
v -7.162587 1.210744 -0.423196
v -7.144661 1.116008 -0.428254
v -7.127125 1.020729 -0.433481
v -7.102121 0.926935 -0.426087
v -7.065833 0.839903 -0.405408
v -7.041081 0.748776 -0.384887
v -7.033394 0.653480 -0.370826
v -7.026105 0.558032 -0.358572
v -7.179863 0.582936 -0.284115
v -7.175020 0.676336 -0.261121
v -7.171389 0.767708 -0.230428
v -7.168769 0.858622 -0.198053
v -7.165975 0.949104 -0.164256
v -7.162981 1.039298 -0.129534
v -7.159957 1.130237 -0.096570
v -7.157112 1.223182 -0.070043
v -7.158511 1.322217 -0.068215
v -7.174829 1.406557 -0.112943
v -7.199756 1.469616 -0.183159
v -7.221420 1.540005 -0.245707
v -7.235660 1.611824 -0.312261
v -7.232892 1.590149 -0.406803
v -7.222776 1.491852 -0.425313
v -7.191270 1.401194 -0.412012
v -7.168673 1.307609 -0.407395
v -7.149827 1.212798 -0.410308
v -7.130355 1.118391 -0.417215
v -7.110647 1.024593 -0.426602
v -7.085181 0.931820 -0.422102
v -7.053398 0.840794 -0.418525
v -7.040180 0.746216 -0.402850
v -7.032582 0.650789 -0.388745
v -7.024853 0.555310 -0.376441
v -7.198575 0.583888 -0.286220
v -7.192281 0.674962 -0.255372
v -7.188979 0.766828 -0.225998
v -7.186773 0.858528 -0.195741
v -7.183983 0.949060 -0.161984
v -7.180829 1.038907 -0.126321
v -7.177641 1.129521 -0.092219
v -7.175140 1.222542 -0.064609
v -7.175557 1.322568 -0.061172
v -7.192426 1.406009 -0.107897
v -7.215097 1.460645 -0.186527
v -7.230976 1.527418 -0.254869
v -7.223022 1.609625 -0.309750
v -7.224339 1.592389 -0.409318
v -7.206529 1.493428 -0.425016
v -7.178317 1.404551 -0.400529
v -7.153050 1.310795 -0.398661
v -7.133629 1.215683 -0.402200
v -7.113862 1.121052 -0.409563
v -7.092786 1.027614 -0.425095
v -7.079597 0.932534 -0.439116
v -7.063813 0.837187 -0.432834
v -7.048303 0.742746 -0.418819
v -7.036234 0.647710 -0.406244
v -7.026659 0.552389 -0.394239
v -7.216387 0.583415 -0.282696
v -7.209974 0.674252 -0.251440
v -7.206957 0.766427 -0.223285
v -7.204822 0.858352 -0.193648
v -7.202115 0.949372 -0.161161
v -7.198957 1.039378 -0.125885
v -7.195896 1.129202 -0.089762
v -7.194587 1.222198 -0.062685
v -7.196315 1.321816 -0.057994
v -7.211661 1.405179 -0.103816
v -7.231642 1.463192 -0.179915
v -7.240412 1.537044 -0.243012
v -7.235605 1.611672 -0.311661
v -7.232183 1.594518 -0.408923
v -7.223556 1.491570 -0.416514
v -7.189247 1.400486 -0.414173
v -7.151689 1.311336 -0.416697
v -7.132688 1.216673 -0.420236
v -7.119908 1.121153 -0.426522
v -7.109788 1.025244 -0.431327
v -7.097060 0.929618 -0.434802
v -7.081606 0.834365 -0.429599
v -7.065965 0.739284 -0.422241
v -7.050792 0.644151 -0.416583
v -7.036805 0.549046 -0.408893
v -7.227065 0.578699 -0.268801
v -7.224099 0.670892 -0.240533
v -7.222163 0.763549 -0.213828
v -7.221152 0.856064 -0.186082
v -7.219743 0.948252 -0.156980
v -7.217050 1.039464 -0.124775
v -7.214247 1.129505 -0.089071
v -7.212327 1.222158 -0.061907
v -7.214114 1.320568 -0.057191
v -7.227707 1.406624 -0.097126
v -7.230871 1.474653 -0.166082
v -7.233815 1.546539 -0.229188
v -7.233171 1.600229 -0.305742
v -7.227164 1.595647 -0.411401
v -7.214064 1.496648 -0.433051
v -7.180254 1.403435 -0.429483
v -7.154831 1.310363 -0.434449
v -7.144800 1.214457 -0.433559
v -7.137808 1.118472 -0.428653
v -7.126198 1.022931 -0.430643
v -7.113261 0.927217 -0.430146
v -7.098309 0.831826 -0.425319
v -7.082928 0.736616 -0.416200
v -7.068666 0.640979 -0.415340
v -7.053564 0.545543 -0.415063
v -7.228201 0.698758 -0.216818
v -7.227746 0.781769 -0.194526
v -7.227084 0.865171 -0.173644
v -7.226790 0.948061 -0.151059
v -7.227158 1.030032 -0.125470
v -7.228584 1.110904 -0.096951
v -7.231485 1.191167 -0.068374
v -7.228957 1.276903 -0.062305
v -7.228855 1.362309 -0.071458
v -7.224428 1.437150 -0.115655
v -7.216821 1.492892 -0.180878
v -7.220000 1.550402 -0.244342
v -7.227898 1.608043 -0.309617
v -7.218822 1.608360 -0.406218
v -7.201297 1.522409 -0.433633
v -7.180689 1.437631 -0.443300
v -7.167033 1.352908 -0.449089
v -7.162248 1.266865 -0.446719
v -7.159925 1.181347 -0.436967
v -7.153852 1.095762 -0.428701
v -7.141472 1.010569 -0.434322
v -7.130723 0.925224 -0.428357
v -7.116560 0.840839 -0.415074
v -7.104325 0.755459 -0.412064
v -7.092875 0.670157 -0.415908
v -7.226887 0.569219 -0.235753
v -7.227990 0.663237 -0.213886
v -7.227952 0.756953 -0.190303
v -7.228693 0.850100 -0.164206
v -7.230510 0.942441 -0.135754
v -7.232609 1.034133 -0.105781
v -7.241336 1.126010 -0.076273
v -7.243671 1.222016 -0.062757
v -7.242717 1.320103 -0.059068
v -7.218752 1.404152 -0.100290
v -7.211683 1.465632 -0.175866
v -7.211226 1.533415 -0.244675
v -7.214615 1.611186 -0.305332
v -7.227998 1.592985 -0.411551
v -7.210597 1.495592 -0.428252
v -7.191074 1.402142 -0.445429
v -7.169851 1.307536 -0.449337
v -7.166598 1.210356 -0.447905
v -7.163939 1.114657 -0.433414
v -7.160179 1.018744 -0.433514
v -7.146078 0.922556 -0.430933
v -7.132887 0.826899 -0.418298
v -7.116159 0.731304 -0.418574
v -7.099364 0.636021 -0.423698
v -7.087466 0.540614 -0.433461
v -7.226665 0.564541 -0.218117
v -7.226748 0.658540 -0.196313
v -7.226948 0.752124 -0.172724
v -7.226878 0.845174 -0.146800
v -7.227129 0.937623 -0.118669
v -7.226783 1.030086 -0.090095
v -7.226101 1.124821 -0.068660
v -7.226211 1.221306 -0.058458
v -7.226639 1.319644 -0.050918
v -7.233497 1.398700 -0.106221
v -7.225910 1.457653 -0.183904
v -7.225425 1.525280 -0.253115
v -7.229913 1.607775 -0.308300
v -7.234176 1.590953 -0.407466
v -7.228117 1.492113 -0.426248
v -7.201190 1.398960 -0.431204
v -7.171823 1.306798 -0.431488
v -7.175857 1.209455 -0.434381
v -7.181433 1.113022 -0.437822
v -7.173221 1.016400 -0.438231
v -7.159425 0.920335 -0.437172
v -7.141581 0.825211 -0.434402
v -7.122820 0.730498 -0.435381
v -7.104172 0.636170 -0.441110
v -7.091686 0.541296 -0.451069
v -7.218096 0.560411 -0.202630
v -7.217004 0.654514 -0.181419
v -7.215926 0.748313 -0.158730
v -7.213554 0.841875 -0.134784
v -7.210605 0.935623 -0.111434
v -7.208702 1.030224 -0.091059
v -7.209055 1.125641 -0.074705
v -7.208681 1.221651 -0.062831
v -7.209837 1.320503 -0.052985
v -7.218668 1.403984 -0.100823
v -7.228494 1.470563 -0.171432
v -7.232234 1.535880 -0.243221
v -7.214776 1.608866 -0.306957
v -7.227584 1.592441 -0.408297
v -7.211636 1.494502 -0.425730
v -7.198195 1.398975 -0.413324
v -7.173261 1.305911 -0.413400
v -7.175416 1.208999 -0.416363
v -7.167379 1.113563 -0.426353
v -7.155084 1.018574 -0.438887
v -7.142322 0.922913 -0.443323
v -7.126487 0.827716 -0.444137
v -7.110034 0.732878 -0.448000
v -7.094558 0.638187 -0.456273
v -7.087048 0.542843 -0.468513
v -7.200814 0.558666 -0.197399
v -7.199226 0.653211 -0.178131
v -7.197782 0.747658 -0.158397
v -7.195807 0.842191 -0.138553
v -7.194511 0.937028 -0.119729
v -7.194147 1.032057 -0.101775
v -7.192651 1.126722 -0.081963
v -7.190647 1.221369 -0.062702
v -7.191641 1.319296 -0.057694
v -7.199669 1.404446 -0.103436
v -7.212750 1.477798 -0.166190
v -7.224216 1.547963 -0.232673
v -7.229380 1.611068 -0.309444
v -7.234138 1.590387 -0.407086
v -7.223628 1.489600 -0.411804
v -7.192513 1.400000 -0.396334
v -7.174955 1.305192 -0.395305
v -7.164032 1.209579 -0.403197
v -7.151904 1.114644 -0.416856
v -7.138391 1.020125 -0.431904
v -7.124482 0.925051 -0.440657
v -7.108701 0.830111 -0.446679
v -7.094254 0.735253 -0.456625
v -7.084491 0.640347 -0.471157
v -7.084026 0.544957 -0.486268
v -7.184496 0.559721 -0.205302
v -7.183795 0.654660 -0.187585
v -7.183223 0.749423 -0.169113
v -7.182668 0.844346 -0.150948
v -7.181811 0.939319 -0.132583
v -7.180171 1.034083 -0.113248
v -7.176071 1.127728 -0.089215
v -7.172008 1.221376 -0.065257
v -7.171855 1.320061 -0.060244
v -7.182479 1.402682 -0.109592
v -7.201168 1.469470 -0.177310
v -7.215950 1.538135 -0.243101
v -7.213324 1.611586 -0.306825
v -7.227978 1.592166 -0.410409
v -7.207365 1.492505 -0.424031
v -7.175904 1.403679 -0.401663
v -7.157927 1.308375 -0.396560
v -7.146139 1.212122 -0.401640
v -7.134148 1.116689 -0.413598
v -7.120852 1.021936 -0.427679
v -7.106393 0.927233 -0.440256
v -7.092513 0.832667 -0.454657
v -7.084241 0.737868 -0.471618
v -7.082282 0.642831 -0.488994
v -7.088044 0.547493 -0.503796
v -7.168411 0.560997 -0.213894
v -7.168252 0.656152 -0.197024
v -7.168385 0.751142 -0.179471
v -7.168035 0.846146 -0.161575
v -7.166778 0.941029 -0.142666
v -7.164581 1.035595 -0.122465
v -7.160145 1.129136 -0.098110
v -7.154650 1.222050 -0.071904
v -7.153863 1.320403 -0.065192
v -7.171540 1.395814 -0.123175
v -7.205549 1.457125 -0.189841
v -7.227757 1.527817 -0.252378
v -7.228005 1.605978 -0.310590
v -7.215050 1.602114 -0.417285
v -7.189509 1.498270 -0.431021
v -7.166476 1.404987 -0.417028
v -7.146029 1.310589 -0.409902
v -7.130139 1.215009 -0.409630
v -7.117630 1.119608 -0.420515
v -7.105447 1.025127 -0.436742
v -7.094286 0.930530 -0.453534
v -7.086946 0.835809 -0.471746
v -7.085292 0.740794 -0.489528
v -7.088294 0.645588 -0.505870
v -7.097187 0.550320 -0.519196
v -7.150163 0.560715 -0.213474
v -7.150062 0.655934 -0.196883
v -7.150258 0.750903 -0.179136
v -7.149897 0.845793 -0.161218
v -7.148633 0.940708 -0.143395
v -7.146746 1.035648 -0.125924
v -7.143790 1.130018 -0.105983
v -7.140130 1.223488 -0.083113
v -7.137660 1.319957 -0.073658
v -7.165922 1.385597 -0.138200
v -7.204586 1.445019 -0.203313
v -7.239109 1.515817 -0.258257
v -7.234990 1.597855 -0.306206
v -7.226300 1.595279 -0.412546
v -7.207601 1.493900 -0.424954
v -7.183820 1.401384 -0.420738
v -7.160793 1.307865 -0.419967
v -7.133878 1.215576 -0.427504
v -7.108640 1.122665 -0.435950
v -7.099166 1.028295 -0.453483
v -7.092901 0.933618 -0.471387
v -7.090978 0.838687 -0.489194
v -7.092441 0.743600 -0.505933
v -7.097360 0.648365 -0.521290
v -7.107872 0.553157 -0.533557
v -7.139267 0.558219 -0.199166
v -7.139286 0.653409 -0.182484
v -7.139795 0.748270 -0.164515
v -7.139013 0.843134 -0.146910
v -7.136650 0.938100 -0.129999
v -7.133403 1.033149 -0.113893
v -7.128254 1.127952 -0.097151
v -7.122392 1.222734 -0.080760
v -7.121907 1.319230 -0.082406
v -7.152069 1.382193 -0.149135
v -7.188748 1.446072 -0.211997
v -7.220646 1.520009 -0.265492
v -7.238036 1.607014 -0.312564
v -7.233235 1.589666 -0.415330
v -7.222748 1.491187 -0.413171
v -7.200451 1.397950 -0.423067
v -7.170534 1.306720 -0.433086
v -7.144117 1.214298 -0.442330
v -7.106768 1.125861 -0.453694
v -7.097580 1.031369 -0.471318
v -7.096056 0.936497 -0.489005
v -7.097597 0.841439 -0.505817
v -7.100468 0.746312 -0.521936
v -7.106290 0.651125 -0.536797
v -7.118635 0.556016 -0.547858
v -7.146580 0.555527 -0.182772
v -7.146458 0.650679 -0.166040
v -7.146758 0.745544 -0.147979
v -7.146070 0.840510 -0.130397
v -7.144463 0.935710 -0.113800
v -7.142604 1.031141 -0.098396
v -7.140553 1.126747 -0.083861
v -7.138485 1.222772 -0.072221
v -7.137822 1.319862 -0.074279
v -7.152341 1.394268 -0.134451
v -7.177090 1.457087 -0.203813
v -7.205438 1.525469 -0.264777
v -7.227908 1.606967 -0.313650
v -7.225004 1.593766 -0.413189
v -7.222015 1.493844 -0.429386
v -7.199688 1.400697 -0.440924
v -7.169961 1.309201 -0.450960
v -7.140887 1.217589 -0.459746
v -7.103958 1.129116 -0.471300
v -7.098813 1.034380 -0.489215
v -7.100583 0.939412 -0.506327
v -7.104143 0.844314 -0.522461
v -7.108063 0.749129 -0.538151
v -7.114718 0.653916 -0.552600
v -7.129399 0.558948 -0.562164
v -7.163872 0.554710 -0.177252
v -7.163742 0.649909 -0.160570
v -7.163699 0.744642 -0.141512
v -7.163075 0.839740 -0.124062
v -7.161888 0.935249 -0.108673
v -7.160347 1.030965 -0.094510
v -7.158516 1.126843 -0.081102
v -7.156621 1.222867 -0.070134
v -7.154418 1.321069 -0.068139
v -7.162735 1.401856 -0.120501
v -7.188863 1.463111 -0.191617
v -7.219621 1.528126 -0.255162
v -7.235791 1.602118 -0.319693
v -7.233802 1.591655 -0.420842
v -7.209041 1.499059 -0.440685
v -7.183867 1.406125 -0.445027
v -7.157007 1.314563 -0.458803
v -7.126002 1.223564 -0.468174
v -7.102130 1.132393 -0.489147
v -7.103652 1.037509 -0.506480
v -7.106884 0.942459 -0.523080
v -7.110862 0.847287 -0.539034
v -7.115434 0.752036 -0.554461
v -7.123515 0.656763 -0.568217
v -7.140919 0.562059 -0.575847
v -7.181962 0.555105 -0.178926
v -7.181727 0.650495 -0.162950
v -7.181799 0.745098 -0.143025
v -7.181223 0.840163 -0.125046
v -7.180024 0.935718 -0.109776
v -7.178471 1.031471 -0.095427
v -7.176546 1.127074 -0.079743
v -7.174249 1.222821 -0.065529
v -7.171505 1.322847 -0.061407
v -7.177635 1.406471 -0.109754
v -7.186696 1.475227 -0.178430
v -7.203531 1.534090 -0.252918
v -7.226609 1.603916 -0.314904
v -7.227316 1.594809 -0.413880
v -7.193235 1.503844 -0.435552
v -7.167208 1.410638 -0.439434
v -7.139775 1.319437 -0.455992
v -7.115726 1.229413 -0.481908
v -7.109158 1.135882 -0.505484
v -7.112033 1.040765 -0.522216
v -7.114780 0.945640 -0.539078
v -7.118051 0.850417 -0.555386
v -7.123047 0.755130 -0.570643
v -7.133004 0.659874 -0.583371
v -7.153293 0.565564 -0.588635
v -7.200006 0.555494 -0.180994
v -7.199436 0.651254 -0.166924
v -7.199402 0.746034 -0.147444
v -7.198997 0.841027 -0.128735
v -7.197945 0.936456 -0.112601
v -7.196513 1.032095 -0.097234
v -7.194697 1.127348 -0.079393
v -7.193430 1.223099 -0.064146
v -7.193531 1.322880 -0.058938
v -7.197675 1.407218 -0.106830
v -7.203856 1.478120 -0.173782
v -7.208763 1.547660 -0.241628
v -7.216290 1.614094 -0.314216
v -7.211841 1.604066 -0.419622
v -7.176393 1.509215 -0.432584
v -7.150527 1.416530 -0.443111
v -7.132072 1.325650 -0.471081
v -7.121203 1.233434 -0.498708
v -7.119874 1.138956 -0.519799
v -7.121691 1.043812 -0.537251
v -7.122765 0.948740 -0.555059
v -7.125256 0.853537 -0.571740
v -7.131065 0.758238 -0.586617
v -7.143131 0.663061 -0.598091
v -7.165327 0.569233 -0.601687
vn -1.0000 -0.0000 -0.0000
vn -0.0000 1.0000 -0.0000
vn 1.0000 -0.0000 -0.0000
vn -0.0000 -0.0000 -1.0000
vn -0.0000 -0.0000 1.0000
vn -0.0000 -1.0000 -0.0000
vn 0.5774 -0.5774 -0.5774
vn 0.5774 -0.5774 0.5774
vn 0.9418 -0.3360 -0.0000
vn 0.6854 -0.2460 0.6854
vn -0.9414 -0.3373 -0.0000
vn -0.0000 -0.3366 0.9416
vn -0.0000 -0.3366 -0.9416
vn 0.6854 -0.2460 -0.6854
vn 0.8795 -0.4759 -0.0000
vn -0.0000 -0.4759 -0.8795
vn -0.0000 -0.4759 0.8795
vn -0.8795 -0.4759 -0.0000
vn 0.5773 0.5773 -0.5774
vn 0.5773 0.5773 0.5774
vn 0.9418 0.3360 -0.0000
vn 0.6854 0.2460 0.6854
vn -0.9414 0.3373 -0.0000
vn -0.0000 0.3366 0.9416
vn -0.0000 0.3366 -0.9416
vn 0.6854 0.2460 -0.6854
vn 0.8795 0.4759 -0.0000
vn -0.0000 0.4759 -0.8795
vn -0.0000 0.4759 0.8795
vn -0.8795 0.4759 -0.0000
vn -0.5774 -0.5773 -0.5774
vn -0.5774 -0.5773 0.5774
vn -0.9419 -0.3360 -0.0000
vn -0.6854 -0.2460 0.6854
vn 0.9414 -0.3373 -0.0000
vn -0.6854 -0.2460 -0.6854
vn -0.5774 0.5774 -0.5773
vn -0.5774 0.5774 0.5773
vn -0.9419 0.3360 -0.0000
vn -0.6854 0.2460 0.6854
vn 0.9414 0.3373 -0.0000
vn -0.6854 0.2460 -0.6854
vn 0.5773 -0.5774 -0.5774
vn 0.5773 -0.5773 0.5774
vn -0.5774 -0.5774 -0.5773
vn -0.5774 -0.5774 0.5773
vn -0.5773 0.5773 -0.5774
vn -0.5773 0.5773 0.5774
vn -0.0761 0.0936 0.9927
vn -0.0228 0.0554 0.9982
vn -0.0104 0.0431 0.9990
vn -0.0620 0.0852 0.9944
vn -0.8562 0.2108 0.4717
vn -0.8316 0.2112 0.5137
vn -0.8287 0.2043 0.5211
vn -0.8554 0.2017 0.4770
vn -0.8348 0.1862 0.5182
vn -0.8633 0.1796 0.4717
vn -0.8552 0.1607 0.4927
vn -0.8836 0.1509 0.4432
vn -0.8828 0.1265 0.4524
vn -0.9147 0.1125 0.3881
vn -0.9193 0.0760 0.3862
vn -0.9577 0.0517 0.2829
vn -0.9749 -0.0115 0.2224
vn -0.9963 -0.0797 -0.0317
vn -0.0245 -0.1415 -0.9896
vn -0.0203 -0.2042 -0.9787
vn 0.6654 -0.0307 -0.7458
vn 0.6636 -0.0630 -0.7454
vn -0.0726 0.2316 0.9701
vn 0.2899 0.3047 0.9073
vn -0.1714 0.2405 0.9554
vn -0.0013 0.2785 0.9604
vn 0.1260 0.3013 0.9452
vn 0.2369 0.3121 0.9200
vn 0.9036 0.1901 0.3838
vn 0.9156 0.1580 0.3698
vn 0.9995 0.0189 0.0245
vn 0.9893 0.0478 0.1377
vn 0.9996 -0.0201 -0.0216
vn 0.9977 -0.0236 -0.0636
vn 0.9728 -0.0617 -0.2233
vn 0.9649 -0.0639 -0.2548
vn 0.5799 -0.1671 -0.7974
vn 0.4993 -0.1793 -0.8477
vn -0.0243 -0.1949 -0.9805
vn -0.0142 -0.1994 -0.9798
vn -0.4242 -0.1669 -0.8901
vn -0.4554 -0.1664 -0.8746
vn -0.0949 -0.1656 -0.9816
vn -0.1087 -0.1699 -0.9795
vn 0.1983 -0.1574 -0.9674
vn 0.1803 -0.1640 -0.9699
vn 0.9909 -0.0105 -0.1345
vn 0.9886 -0.0191 -0.1491
vn 0.5879 0.1238 0.7994
vn 0.5498 0.1372 0.8239
vn 0.1402 0.1159 0.9833
vn 0.0951 0.1419 0.9853
vn -0.0015 0.0869 0.9962
vn -0.0649 0.1195 0.9907
vn 0.7956 0.1506 -0.5867
vn 0.7846 0.1349 -0.6051
vn 0.7512 0.1136 -0.6503
vn 0.7780 0.0862 -0.6224
vn 0.8158 0.0797 -0.5729
vn 0.7907 0.1026 -0.6036
vn 0.8882 0.0042 -0.4594
vn 0.8767 0.0181 -0.4807
vn 0.9083 -0.0291 -0.4173
vn 0.9079 -0.0280 -0.4183
vn 0.8958 -0.0507 -0.4416
vn 0.8955 -0.0634 -0.4406
vn 0.8753 -0.0644 -0.4793
vn 0.8469 -0.0872 -0.5246
vn 0.9324 -0.1037 -0.3463
vn 0.8249 -0.1179 -0.5529
vn 0.8736 -0.0604 0.4828
vn 0.9176 -0.1591 -0.3642
vn 0.1335 0.1556 0.9788
vn 0.9544 -0.0872 0.2857
vn -0.0022 0.1144 0.9934
vn 0.2556 0.0528 0.9653
vn -0.0834 0.1426 0.9863
vn 0.1912 0.1064 0.9758
vn 0.2432 0.7010 0.6704
vn 0.0755 -0.2414 0.9675
vn 0.6421 0.6592 -0.3913
vn 0.1443 -0.9024 0.4060
vn 0.7987 0.2717 -0.5369
vn 0.0131 -0.7648 0.6442
vn 0.6655 -0.5965 0.4486
vn -0.0030 -0.7152 0.6989
vn 0.2905 -0.5916 0.7521
vn 0.0238 -0.5924 0.8053
vn 0.1939 -0.2332 0.9529
vn 0.0562 -0.2341 0.9706
vn 0.1284 0.1010 0.9866
vn 0.0344 0.1037 0.9940
vn 0.0364 0.1535 0.9875
vn -0.0113 0.1684 0.9857
vn -0.0527 0.1548 0.9865
vn -0.0862 0.1710 0.9815
vn -0.1031 0.1526 0.9829
vn -0.1632 0.1584 0.9738
vn -0.1238 0.1699 0.9776
vn -0.2138 0.1732 0.9614
vn -0.1481 0.1912 0.9703
vn -0.2319 0.1897 0.9541
vn -0.1514 0.1796 0.9720
vn -0.1805 0.1648 0.9697
vn 0.7019 0.1491 -0.6964
vn 0.7538 0.1269 -0.6448
vn 0.8375 0.0570 -0.5435
vn 0.9004 -0.0058 -0.4350
vn 0.9185 -0.0256 -0.3946
vn 0.9226 -0.0351 -0.3841
vn 0.9453 -0.0430 -0.3233
vn 0.9918 -0.1069 0.0701
vn 0.6326 -0.0611 0.7721
vn 0.3160 0.0501 0.9474
vn 0.0336 0.1173 0.9925
vn 0.0290 0.1025 0.9943
vn 0.0178 0.3587 0.9333
vn 0.3605 -0.2310 0.9037
vn 0.7384 -0.5170 0.4330
vn 0.8812 -0.4541 0.1316
vn 0.6882 -0.5284 0.4971
vn 0.3861 -0.1741 0.9059
vn 0.1980 0.0802 0.9769
vn 0.1084 0.1376 0.9845
vn 0.0689 0.1494 0.9864
vn 0.0645 0.1558 0.9857
vn 0.0697 0.1722 0.9826
vn 0.0595 0.1904 0.9799
vn 0.0475 0.1837 0.9818
vn 0.6871 0.1190 -0.7168
vn 0.7502 0.1007 -0.6534
vn 0.8593 0.0362 -0.5101
vn 0.9072 -0.0156 -0.4205
vn 0.9318 -0.0266 -0.3621
vn 0.9583 -0.0270 -0.2846
vn 0.9913 -0.0391 -0.1256
vn 0.9613 -0.1692 0.2174
vn 0.8276 -0.2181 0.5173
vn 0.6866 -0.1393 0.7136
vn 0.6559 -0.0993 0.7483
vn 0.7786 -0.0849 0.6217
vn 0.6199 -0.3371 0.7086
vn 0.4041 0.9037 0.1419
vn 0.7334 -0.1039 -0.6718
vn 0.9390 -0.2443 -0.2419
vn 0.8301 -0.4960 0.2549
vn 0.4623 -0.1863 0.8669
vn 0.2837 0.0658 0.9567
vn 0.3008 0.1378 0.9437
vn 0.3894 0.1487 0.9090
vn 0.4765 0.1501 0.8663
vn 0.5399 0.1529 0.8277
vn 0.5494 0.1571 0.8207
vn 0.5250 0.1542 0.8370
vn 0.7203 0.0868 -0.6882
vn 0.7749 0.0696 -0.6283
vn 0.8621 0.0154 -0.5065
vn 0.9033 -0.0288 -0.4281
vn 0.9385 -0.0398 -0.3430
vn 0.9802 -0.0384 -0.1944
vn 0.9985 -0.0547 -0.0070
vn 0.9749 -0.2193 0.0377
vn 0.9361 -0.3299 -0.1219
vn 0.8465 -0.2818 -0.4516
vn 0.5991 -0.2052 -0.7739
vn 0.0517 -0.0258 -0.9983
vn 0.3990 0.3128 -0.8620
vn 0.3597 0.4134 -0.8365
vn -0.0077 0.5131 -0.8583
vn 0.0334 0.6287 -0.7769
vn 0.0321 0.7513 -0.6592
vn 0.0866 0.3180 -0.9441
vn 0.6368 -0.1192 -0.7618
vn 0.9030 -0.0704 -0.4238
vn 0.9687 -0.0203 -0.2475
vn 0.9812 -0.0138 -0.1924
vn 0.9869 -0.0174 -0.1607
vn 0.9891 -0.0258 -0.1450
vn 0.9886 -0.0282 -0.1479
vn 0.7475 0.0615 -0.6614
vn 0.7882 0.0431 -0.6139
vn 0.8606 -0.0041 -0.5093
vn 0.9116 -0.0416 -0.4090
vn 0.9627 -0.0544 -0.2652
vn 0.9980 -0.0527 -0.0363
vn 0.9799 -0.0500 0.1931
vn 0.9780 -0.1588 0.1352
vn 0.9032 -0.2616 -0.3404
vn 0.5919 -0.1687 -0.7881
vn 0.0368 0.0149 -0.9992
vn -0.1844 0.0604 -0.9810
vn -0.2625 -0.6798 -0.6848
vn -0.7985 -0.2325 -0.5553
vn -0.5661 0.5883 -0.5775
vn -0.5887 0.6955 -0.4120
vn -0.5980 0.6935 -0.4019
vn -0.4770 0.2319 -0.8478
vn -0.1940 -0.1254 -0.9730
vn 0.0029 -0.2191 -0.9757
vn 0.0576 -0.1983 -0.9784
vn 0.1185 -0.1857 -0.9754
vn 0.1620 -0.1825 -0.9698
vn 0.1718 -0.1811 -0.9684
vn 0.1694 -0.1755 -0.9698
vn 0.7989 0.0535 -0.5990
vn 0.8329 0.0321 -0.5526
vn 0.9085 -0.0116 -0.4178
vn 0.9754 -0.0387 -0.2168
vn 0.9957 -0.0397 0.0834
vn 0.8955 -0.0149 0.4449
vn 0.7177 0.0278 0.6958
vn 0.6467 0.0134 0.7626
vn 0.8111 -0.0939 0.5773
vn 0.9526 -0.1796 -0.2457
vn 0.3342 -0.0225 -0.9422
vn 0.1623 -0.0045 -0.9867
vn 0.0127 -0.9550 -0.2963
vn -0.3640 -0.8677 0.3385
vn -0.7121 -0.3609 0.6022
vn -0.9486 0.1502 0.2787
vn -0.8014 0.5176 -0.2996
vn -0.5168 0.2142 -0.8289
vn -0.4329 -0.1539 -0.8882
vn -0.4318 -0.2415 -0.8690
vn -0.3067 -0.2139 -0.9275
vn -0.1902 -0.1934 -0.9625
vn -0.1334 -0.1876 -0.9732
vn -0.1233 -0.1836 -0.9752
vn -0.1210 -0.1782 -0.9765
vn 0.8957 0.0635 -0.4402
vn 0.9328 0.0394 -0.3582
vn 0.9959 -0.0005 -0.0904
vn 0.9415 -0.0038 0.3371
vn 0.5627 0.0403 0.8257
vn 0.1628 0.0978 0.9818
vn 0.0543 0.1346 0.9894
vn 0.0533 0.1325 0.9898
vn 0.1127 0.0696 0.9912
vn 0.2657 -0.0471 0.9629
vn 0.4348 -0.2364 0.8689
vn 0.5049 -0.1842 0.8433
vn 0.5892 0.3414 0.7324
vn -0.3110 0.9458 -0.0933
vn -0.9805 0.1954 -0.0189
vn -0.8953 0.4095 -0.1752
vn -0.4862 0.5651 -0.6665
vn -0.2543 0.2180 -0.9422
vn -0.2576 -0.1336 -0.9570
vn -0.4118 -0.2329 -0.8810
vn -0.5556 -0.1984 -0.8074
vn -0.6199 -0.1619 -0.7678
vn -0.6258 -0.1557 -0.7642
vn -0.5846 -0.1599 -0.7954
vn -0.5223 -0.1645 -0.8367
vn 0.9831 0.0689 -0.1697
vn 0.9990 0.0440 -0.0056
vn 0.9111 0.0079 0.4121
vn 0.5828 0.0138 0.8125
vn 0.1771 0.0404 0.9834
vn -0.0226 0.0828 0.9963
vn -0.2172 0.1447 0.9653
vn -0.2764 0.1708 0.9457
vn -0.2320 0.1286 0.9642
vn -0.1454 0.0653 0.9872
vn -0.0641 -0.0475 0.9968
vn -0.0417 -0.2337 0.9714
vn 0.7315 0.6772 0.0794
vn 0.5204 0.5232 -0.6749
vn 0.0160 0.7418 -0.6704
vn -0.0269 0.7066 -0.7071
vn -0.0909 0.5923 -0.8006
vn -0.1594 0.1712 -0.9723
vn -0.1729 -0.1164 -0.9780
vn -0.3363 -0.1904 -0.9223
vn -0.5565 -0.1754 -0.8122
vn -0.5322 -0.1802 -0.8272
vn -0.3195 -0.2113 -0.9237
vn -0.1418 -0.2173 -0.9658
vn -0.0499 -0.2093 -0.9766
vn 0.9993 0.0328 0.0170
vn 0.9773 0.0070 0.2118
vn 0.8242 -0.0333 0.5653
vn 0.5664 -0.0344 0.8234
vn 0.2828 -0.0136 0.9591
vn 0.0679 0.0192 0.9975
vn -0.2130 0.0922 0.9727
vn -0.5219 0.1343 0.8424
vn -0.8888 0.0771 0.4518
vn -0.9852 0.1341 0.1068
vn -0.9495 0.2312 0.2121
vn -0.2776 0.2283 0.9332
vn 0.0929 -0.0508 0.9944
vn 0.9735 -0.2284 -0.0136
vn 0.9743 0.1505 -0.1676
vn 0.5839 0.5445 -0.6022
vn 0.1115 0.5552 -0.8242
vn -0.0518 0.2558 -0.9654
vn -0.1907 -0.1036 -0.9762
vn -0.2710 -0.1592 -0.9493
vn -0.1759 -0.2128 -0.9611
vn -0.0169 -0.2377 -0.9712
vn 0.0597 -0.2332 -0.9706
vn 0.1694 -0.2232 -0.9600
vn 0.3341 -0.2031 -0.9204
vn 0.9916 -0.0450 -0.1211
vn 0.9970 -0.0750 -0.0184
vn 0.9793 -0.1301 0.1551
vn 0.9470 -0.1583 0.2794
vn 0.9156 -0.1420 0.3761
vn 0.8329 -0.0979 0.5447
vn 0.7510 -0.0118 0.6602
vn -0.5484 0.1315 -0.8258
vn -0.8326 0.0321 -0.5529
vn -0.9751 0.1263 -0.1822
vn -0.9586 0.1929 -0.2094
vn -0.9770 0.1804 0.1134
vn -0.2715 0.3161 0.9090
vn -0.2848 0.4770 0.8315
vn 0.0214 -0.6434 0.7652
vn 0.0186 -0.7771 0.6291
vn -0.0422 0.4225 -0.9054
vn -0.0024 0.1325 -0.9912
vn 0.0184 -0.0962 -0.9952
vn 0.0281 -0.1654 -0.9858
vn 0.2152 -0.2297 -0.9492
vn 0.5428 -0.2180 -0.8111
vn 0.8404 -0.1413 -0.5232
vn 0.9185 -0.0964 -0.3836
vn 0.9460 -0.0749 -0.3155
vn 0.9416 -0.0937 -0.3233
vn 0.6997 -0.1422 -0.7002
vn 0.6400 -0.1486 -0.7539
vn 0.5674 -0.1091 -0.8162
vn 0.3855 -0.0027 -0.9227
vn 0.2826 0.0357 -0.9586
vn 0.0872 -0.0162 -0.9961
vn 0.1613 0.0210 -0.9867
vn 0.0192 0.0630 -0.9978
vn -0.0403 0.0440 -0.9982
vn -0.2090 -0.0120 -0.9779
vn -0.3373 -0.0902 -0.9371
vn -0.4264 -0.2857 -0.8582
vn -0.9138 -0.1877 -0.3601
vn -0.9500 -0.1502 0.2738
vn -0.9033 -0.3507 0.2471
vn -0.9495 -0.0931 -0.2998
vn 0.7748 0.4868 0.4034
vn 0.7902 0.0838 0.6071
vn 0.8979 -0.0578 -0.4363
vn 0.9928 -0.0470 -0.1104
vn 0.9998 -0.0068 0.0162
vn 0.9999 -0.0030 0.0112
vn 0.9996 -0.0063 -0.0260
vn 0.9996 -0.0102 -0.0276
vn 0.4114 -0.1014 -0.9058
vn 0.1708 -0.0570 -0.9836
vn 0.0190 0.0022 -0.9998
vn -0.0363 0.0902 -0.9953
vn 0.0252 0.0760 -0.9968
vn 0.0567 -0.0279 -0.9980
vn 0.1508 0.0264 -0.9882
vn 0.4839 0.0612 -0.8730
vn 0.4475 -0.0075 -0.8942
vn 0.1228 -0.0778 -0.9894
vn 0.0602 -0.3791 -0.9234
vn -0.1119 0.3254 0.9389
vn 0.0184 0.9673 0.2530
vn -0.2411 0.8376 -0.4901
vn -0.2222 0.7345 -0.6413
vn -0.3798 0.6548 -0.6535
vn -0.0065 0.7189 -0.6951
vn -0.0276 -0.4941 0.8690
vn -0.0062 -0.0157 0.9999
vn 0.0651 0.1520 0.9862
vn 0.1151 0.3374 0.9343
vn 0.4524 0.2926 0.8425
vn 0.8109 0.1725 0.5592
vn 0.9360 0.0988 0.3380
vn 0.9777 0.0632 0.2003
vn 0.5365 -0.0309 -0.8433
vn 0.3335 -0.0366 -0.9420
vn 0.0597 -0.0021 -0.9982
vn -0.2303 0.0707 -0.9705
vn -0.3659 0.1424 -0.9197
vn -0.1419 0.0645 -0.9878
vn 0.0370 -0.0299 -0.9989
vn 0.0716 -0.0027 -0.9974
vn 0.4583 0.0023 -0.8888
vn 0.9003 -0.1461 -0.4100
vn 0.8992 -0.2638 0.3489
vn 0.5780 -0.0930 0.8107
vn 0.3136 0.2809 0.9070
vn 0.0687 0.8267 -0.5584
vn 0.0584 0.7156 -0.6960
vn 0.8847 0.3105 -0.3476
vn 0.4225 -0.4569 0.7828
vn -0.0533 -0.0860 0.9949
vn 0.0017 0.1720 0.9851
vn -0.0077 0.3361 0.9418
vn 0.1461 0.3489 0.9257
vn 0.3501 0.3122 0.8831
vn 0.5747 0.2541 0.7779
vn 0.7103 0.2124 0.6711
vn 0.8073 0.1932 0.5576
vn 0.6882 -0.0374 -0.7246
vn 0.3989 -0.0011 -0.9170
vn 0.1047 0.0409 -0.9937
vn -0.0197 0.0891 -0.9958
vn -0.1174 0.1042 -0.9876
vn -0.1389 0.0213 -0.9901
vn 0.0513 -0.0649 -0.9966
vn 0.4373 -0.0939 -0.8944
vn 0.8616 -0.1437 -0.4868
vn 0.9591 -0.2521 -0.1289
vn 0.8013 -0.1863 -0.5684
vn 0.3803 -0.0528 -0.9234
vn 0.0919 -0.9777 -0.1886
vn 0.1018 -0.9911 -0.0853
vn 0.9311 -0.2305 0.2827
vn 0.5062 -0.7201 0.4746
vn 0.2621 -0.5725 0.7769
vn 0.1332 -0.2142 0.9677
vn 0.0778 0.1666 0.9829
vn 0.0654 0.3273 0.9427
vn 0.0707 0.3637 0.9288
vn 0.1151 0.3498 0.9297
vn 0.1972 0.3207 0.9264
vn 0.2713 0.2963 0.9157
vn 0.3328 0.3021 0.8933
vn 0.9563 -0.0618 -0.2857
vn 0.9133 -0.0498 -0.4043
vn 0.7175 -0.0108 -0.6964
vn 0.2731 0.0734 -0.9592
vn 0.1074 0.0599 -0.9924
vn 0.2008 -0.0961 -0.9749
vn 0.7666 0.1367 0.6274
vn 0.0554 0.1121 0.9922
vn 0.0327 0.0516 0.9981
vn 0.0285 -0.0352 0.9990
vn -0.2302 0.0314 -0.9726
vn -0.1359 0.3351 0.9323
vn -0.3515 0.7057 -0.6152
vn 0.2551 0.0857 0.9631
vn -0.0063 -0.6267 0.7792
vn 0.0164 -0.7640 0.6450
vn 0.1622 -0.6765 0.7184
vn 0.1986 -0.2704 0.9420
vn 0.1870 0.1621 0.9689
vn 0.1493 0.3223 0.9348
vn 0.1007 0.3622 0.9267
vn 0.0889 0.3567 0.9300
vn 0.1234 0.3330 0.9348
vn 0.1884 0.3108 0.9316
vn 0.1837 0.3047 0.9346
vn 0.9968 -0.0797 -0.0054
vn 0.9964 -0.0782 -0.0327
vn 0.9911 -0.0722 -0.1118
vn 0.9840 -0.1174 -0.1338
vn 0.7665 -0.2742 0.5808
vn 0.1582 -0.0960 0.9827
vn -0.1152 0.0762 0.9904
vn -0.3842 0.1716 0.9072
vn -0.5582 0.1496 0.8161
vn -0.6237 0.1479 0.7675
vn -0.3193 0.0112 0.9476
vn -0.2053 0.0387 0.9779
vn 0.1115 0.6811 0.7237
vn 0.1257 0.9673 0.2203
vn -0.1917 -0.7218 0.6651
vn -0.2350 -0.6734 0.7010
vn 0.0246 -0.6514 0.7583
vn 0.3549 -0.2705 0.8949
vn 0.3345 0.1573 0.9292
vn 0.3029 0.3109 0.9009
vn 0.2903 0.3525 0.8897
vn 0.2745 0.3534 0.8943
vn 0.3185 0.3332 0.8874
vn 0.4331 0.3063 0.8477
vn 0.4203 0.3000 0.8564
vn 0.9903 -0.0854 0.1099
vn 0.9914 -0.0870 0.0974
vn 0.9907 -0.0948 0.0974
vn 0.9710 -0.1775 0.1604
vn 0.8110 -0.2823 0.5125
vn 0.5158 -0.2623 0.8156
vn 0.0571 -0.0530 0.9970
vn 0.0261 0.0306 0.9992
vn 0.0135 0.0710 0.9974
vn 0.0075 0.0041 1.0000
vn 0.0860 -0.0925 0.9920
vn 0.1048 -0.0529 0.9931
vn -0.2586 -0.7426 0.6178
vn 0.0275 -0.9597 0.2798
vn -0.1431 -0.7026 0.6970
vn -0.0361 -0.7121 0.7011
vn 0.1631 -0.6128 0.7732
vn 0.4403 -0.2331 0.8671
vn 0.4457 0.1210 0.8870
vn 0.5871 0.2954 0.7536
vn 0.8116 0.2599 0.5232
vn 0.9605 0.1555 0.2307
vn 0.9893 0.0201 -0.1446
vn 0.7873 -0.0954 -0.6092
vn 0.6520 -0.1023 -0.7512
vn 0.9513 -0.1046 0.2899
vn 0.9391 -0.1165 0.3234
vn 0.9079 -0.1400 0.3950
vn 0.9275 -0.1866 0.3238
vn 0.9735 -0.1410 -0.1801
vn 0.5749 -0.0310 -0.8176
vn 0.3103 -0.0483 -0.9494
vn 0.1466 -0.1491 -0.9779
vn 0.5470 -0.1667 -0.8204
vn 0.9437 -0.2067 -0.2585
vn 0.5349 -0.0703 -0.8420
vn 0.0711 0.1282 -0.9892
vn 0.6176 -0.1602 -0.7700
vn 0.0408 -0.6916 -0.7211
vn 0.1185 -0.8919 0.4364
vn 0.7008 -0.6872 0.1914
vn 0.7937 0.2088 -0.5713
vn 0.2579 0.4974 -0.8283
vn 0.1192 -0.4119 -0.9034
vn 0.1635 -0.3850 -0.9083
vn 0.1672 -0.3506 -0.9215
vn 0.1060 -0.3308 -0.9377
vn 0.0451 -0.3180 -0.9470
vn 0.0029 -0.2734 -0.9619
vn -0.0186 -0.2325 -0.9724
vn 0.5892 -0.1745 0.7889
vn 0.4117 -0.1839 0.8926
vn 0.2065 -0.1742 0.9628
vn 0.1353 -0.1857 0.9732
vn 0.3567 -0.2676 0.8951
vn 0.8072 -0.1623 -0.5675
vn 0.1092 -0.0997 -0.9890
vn 0.1190 -0.1234 -0.9852
vn 0.0048 -0.0713 -0.9974
vn 0.0107 -0.0359 -0.9993
vn -0.2081 0.1902 -0.9594
vn -0.2950 0.2147 -0.9311
vn 0.0541 0.1458 -0.9878
vn 0.8315 -0.4335 -0.3475
vn 0.4843 0.4792 -0.7320
vn 0.3711 0.4908 -0.7883
vn -0.0862 0.6279 -0.7735
vn -0.3361 0.3498 -0.8744
vn -0.3731 -0.2215 -0.9009
vn -0.2218 -0.4114 -0.8840
vn -0.1440 -0.3972 -0.9063
vn -0.1859 -0.3548 -0.9163
vn -0.3736 -0.3180 -0.8714
vn -0.6300 -0.2535 -0.7341
vn -0.8474 -0.1830 -0.4984
vn -0.0147 -0.1886 0.9819
vn -0.0278 -0.1820 0.9829
vn -0.0994 -0.1571 0.9826
vn -0.1601 -0.1481 0.9759
vn -0.1491 -0.2063 0.9671
vn -0.0216 -0.2899 0.9568
vn 0.8740 -0.3092 -0.3748
vn 0.1725 -0.1054 -0.9794
vn 0.0120 -0.0470 -0.9988
vn -0.1412 0.0622 -0.9880
vn -0.4326 0.2541 -0.8651
vn -0.1341 0.0739 -0.9882
vn -0.1024 -0.8514 -0.5143
vn 0.1352 -0.0446 -0.9898
vn 0.5339 0.4860 -0.6920
vn 0.0057 0.7386 -0.6742
vn -0.3398 0.7477 -0.5705
vn -0.4900 0.2592 -0.8323
vn -0.4641 -0.1925 -0.8646
vn -0.5573 -0.3907 -0.7326
vn -0.6303 -0.3688 -0.6832
vn -0.7191 -0.2793 -0.6363
vn -0.8636 -0.1807 -0.4706
vn -0.9742 -0.0838 -0.2096
vn -0.9986 -0.0068 0.0520
vn -0.4716 -0.1611 0.8670
vn -0.5751 -0.1418 0.8057
vn -0.7616 -0.0544 0.6458
vn -0.7710 -0.0277 0.6362
vn -0.7529 -0.1218 0.6468
vn -0.6306 -0.0909 0.7708
vn -0.2972 0.1146 0.9479
vn 0.1441 0.0738 0.9868
vn 0.7103 -0.0697 0.7004
vn 0.2814 0.0776 -0.9565
vn 0.0264 0.1970 -0.9800
vn 0.0216 -0.0059 -0.9997
vn 0.0324 -0.3655 -0.9303
vn 0.9749 0.1993 -0.0995
vn -0.0020 0.6751 -0.7378
vn -0.2846 0.8222 -0.4929
vn -0.3706 0.7057 -0.6039
vn -0.2852 0.2376 -0.9285
vn -0.2818 -0.1650 -0.9452
vn -0.4466 -0.3661 -0.8164
vn -0.6522 -0.3459 -0.6745
vn -0.8351 -0.2001 -0.5124
vn -0.9698 -0.0615 -0.2360
vn -0.9988 0.0280 0.0392
vn -0.9677 0.0779 0.2398
vn -0.7860 -0.1234 0.6058
vn -0.8455 -0.1060 0.5234
vn -0.9001 -0.0096 0.4355
vn -0.8550 0.0255 0.5179
vn -0.6884 -0.1168 0.7159
vn -0.4082 -0.0470 0.9117
vn -0.2936 0.1746 0.9398
vn -0.1884 0.1792 0.9656
vn -0.0484 0.0443 0.9978
vn 0.0999 -0.0745 0.9922
vn 0.1528 -0.2859 0.9460
vn 0.1726 -0.0571 0.9833
vn 0.0724 0.0172 0.9972
vn 0.0504 -0.9819 0.1828
vn -0.0441 -0.7706 0.6358
vn -0.9684 0.2337 0.0871
vn -0.4595 0.5640 -0.6862
vn -0.1940 0.1658 -0.9669
vn -0.1390 -0.1511 -0.9787
vn -0.2721 -0.3102 -0.9109
vn -0.6327 -0.3032 -0.7126
vn -0.8992 -0.1066 -0.4244
vn -0.9946 0.0353 -0.0976
vn -0.9832 0.0988 0.1536
vn -0.9378 0.1277 0.3227
vn -0.9418 -0.0482 0.3326
vn -0.9305 -0.0697 0.3595
vn -0.8760 0.0005 0.4823
vn -0.7452 0.0302 0.6662
vn -0.4863 -0.0945 0.8687
vn -0.1887 -0.0326 0.9815
vn -0.1645 0.1395 0.9765
vn -0.2789 0.2036 0.9385
vn -0.3910 0.0821 0.9167
vn -0.3025 0.0092 0.9531
vn -0.1188 -0.1558 0.9806
vn -0.0092 -0.1779 0.9840
vn -0.1879 -0.7833 0.5925
vn -0.0137 -0.8783 0.4779
vn 0.3085 -0.5852 0.7499
vn 0.5257 -0.7086 0.4707
vn 0.0221 0.5607 -0.8277
vn -0.0093 0.1481 -0.9889
vn -0.1094 -0.1541 -0.9820
vn -0.2333 -0.2463 -0.9407
vn -0.7046 -0.2109 -0.6775
vn -0.9532 0.0014 -0.3023
vn -0.9939 0.1100 -0.0103
vn -0.9689 0.1466 0.1992
vn -0.9202 0.1636 0.3556
vn -0.9674 0.0227 0.2522
vn -0.9189 -0.0422 0.3922
vn -0.7336 0.0090 0.6795
vn -0.5020 0.0127 0.8648
vn -0.2446 -0.0695 0.9671
vn -0.0808 -0.0375 0.9960
vn -0.0968 0.0899 0.9912
vn -0.2929 0.1800 0.9391
vn -0.7748 0.0411 0.6308
vn -0.9069 0.1260 0.4021
vn -0.4562 -0.0536 0.8883
vn 0.0621 -0.0008 0.9981
vn 0.1820 -0.6768 0.7133
vn 0.2758 -0.6480 0.7100
vn 0.9163 -0.1172 0.3830
vn 0.6737 0.6237 -0.3964
vn 0.2476 0.6715 -0.6984
vn 0.0261 0.1091 -0.9937
vn -0.1002 -0.1355 -0.9857
vn -0.4034 -0.1538 -0.9020
vn -0.8513 -0.0677 -0.5203
vn -0.9797 0.0942 -0.1768
vn -0.9856 0.1636 0.0424
vn -0.9586 0.1841 0.2172
vn -0.9103 0.1938 0.3658
vn -0.9450 0.0314 0.3256
vn -0.8802 -0.0383 0.4730
vn -0.6659 -0.0032 0.7460
vn -0.4294 0.0250 0.9028
vn -0.2130 -0.0553 0.9755
vn -0.0540 -0.0511 0.9972
vn -0.0184 0.0383 0.9991
vn -0.3507 0.1418 0.9257
vn -0.9406 -0.0246 0.3387
vn -0.9559 0.1629 0.2442
vn -0.6224 0.1165 0.7740
vn -0.2018 -0.0000 0.9794
vn 0.3576 0.6254 0.6936
vn 0.4042 0.6975 -0.5917
vn 0.4117 0.4908 -0.7679
vn 0.3548 0.7830 -0.5109
vn 0.1666 0.7828 -0.5995
vn 0.0258 0.3343 -0.9421
vn -0.1051 -0.1160 -0.9877
vn -0.5255 -0.0885 -0.8462
vn -0.9020 0.0034 -0.4317
vn -0.9837 0.1327 -0.1217
vn -0.9806 0.1857 0.0632
vn -0.9537 0.2013 0.2233
vn -0.9073 0.2076 0.3657
vn 0.7110 0.1105 -0.6945
vn 0.7060 0.0408 -0.7071
vn 0.7827 0.1070 -0.6131
vn 0.8729 0.0244 -0.4873
vn 0.9095 -0.0265 -0.4149
vn 0.8999 -0.0694 -0.4306
vn 0.8427 -0.0994 -0.5292
vn 0.7887 -0.1253 -0.6019
vn 0.8445 -0.1600 -0.5111
vn 0.9835 -0.1363 -0.1186
vn 0.7029 0.0178 0.7110
vn 0.0365 0.1257 0.9914
vn -0.0261 -0.9765 0.2141
vn -0.1124 -0.9925 0.0484
vn -0.5732 -0.5708 0.5880
vn -0.3156 -0.6653 0.6765
vn -0.0546 -0.5622 0.8252
vn 0.0150 -0.2043 0.9788
vn 0.0031 0.1039 0.9946
vn -0.0230 0.1723 0.9848
vn -0.0855 0.1812 0.9797
vn -0.1690 0.1634 0.9720
vn -0.2228 0.1768 0.9587
vn -0.2323 0.1889 0.9541
vn -0.1642 0.1576 0.9738
vn 0.7441 -0.0000 0.6681
vn -0.7441 -0.0000 0.6681
vn 0.9987 -0.0000 -0.0519
vn -0.9987 -0.0000 -0.0519
vn 0.2400 -0.9708 -0.0000
vn 0.3056 -0.0000 0.9521
vn 0.9978 -0.0000 -0.0658
vn 0.2924 0.7552 0.5867
vn 0.2938 -0.9559 -0.0000
vn 0.2554 0.8199 0.5124
vn 0.2091 -0.9775 0.0274
vn 0.2568 0.9659 0.0336
vn 0.2568 -0.9659 0.0336
vn 0.2091 0.9775 0.0274
vn 0.7732 -0.0000 -0.6342
vn -0.2945 -0.0000 -0.9556
vn 0.2945 -0.0000 -0.9556
vn 0.2400 0.9708 -0.0000
vn 0.2924 -0.7552 0.5867
vn 0.2938 0.9559 -0.0000
vn 0.2554 -0.8199 0.5124
vn 0.9591 0.2829 0.0001
vn 0.6724 0.7402 0.0003
vn 0.2365 0.9716 0.0002
vn -0.2365 0.9716 0.0002
vn -0.6724 0.7402 0.0003
vn -0.9591 0.2829 0.0001
vn 0.9573 0.2822 -0.0632
vn 0.6719 0.7393 -0.0444
vn 0.2366 0.9715 -0.0157
vn -0.2366 0.9715 -0.0157
vn -0.6719 0.7393 -0.0444
vn -0.9573 0.2822 -0.0632
vn 0.7540 0.2210 -0.6186
vn 0.5901 0.6456 -0.4848
vn 0.2335 0.9532 -0.1922
vn -0.2335 0.9532 -0.1922
vn -0.5901 0.6456 -0.4848
vn -0.7540 0.2210 -0.6186
vn 0.3044 0.0899 0.9483
vn 0.2896 0.3193 0.9023
vn 0.1902 0.7827 0.5926
vn -0.1902 0.7828 0.5925
vn -0.2896 0.3193 0.9023
vn -0.3044 0.0899 0.9483
vn -0.5387 -0.2743 -0.7966
vn -0.2289 -0.6523 -0.7226
vn -0.0438 -0.9323 -0.3590
vn -0.0438 0.9323 -0.3590
vn -0.2289 0.6523 -0.7226
vn -0.5387 0.2742 -0.7966
vn -0.5390 -0.2739 -0.7965
vn -0.2293 -0.6520 -0.7227
vn -0.0440 -0.9322 -0.3592
vn -0.0440 0.9322 -0.3592
vn -0.2293 0.6520 -0.7227
vn -0.5390 0.2740 -0.7965
vn -0.6285 -0.1854 -0.7554
vn -0.4393 -0.4837 -0.7570
vn -0.2089 -0.8583 -0.4688
vn -0.9594 -0.2821 0.0001
vn -0.6788 -0.7343 0.0003
vn -0.2523 -0.9676 0.0002
vn -0.2523 0.9676 0.0002
vn -0.6788 0.7343 0.0003
vn -0.9594 0.2821 0.0001
vn -0.9595 -0.2816 0.0001
vn -0.6826 -0.7308 0.0003
vn -0.2620 -0.9651 0.0003
vn -0.2619 0.9651 0.0003
vn -0.6826 0.7308 0.0003
vn -0.9595 0.2816 0.0001
vn -0.1900 -0.7832 0.5921
vn -0.2896 -0.3198 0.9021
vn -0.3044 -0.0901 0.9483
vn -0.9575 -0.2814 -0.0631
vn -0.6776 -0.7341 -0.0441
vn -0.2507 -0.9680 -0.0146
vn -0.2507 0.9680 -0.0146
vn -0.6776 0.7341 -0.0441
vn -0.9575 0.2814 -0.0631
vn -0.9579 -0.2802 -0.0631
vn -0.6820 -0.7300 -0.0440
vn -0.2598 -0.9656 -0.0140
vn -0.2598 0.9656 -0.0140
vn -0.6820 0.7300 -0.0440
vn -0.9579 0.2802 -0.0631
vn -0.2360 -0.9716 -0.0156
vn -0.6710 -0.7401 -0.0443
vn -0.9571 -0.2828 -0.0631
vn -0.3045 -0.0894 0.9483
vn -0.2909 -0.3129 0.9042
vn -0.2023 -0.7584 0.6196
vn -0.2023 0.7584 0.6196
vn -0.2909 0.3129 0.9042
vn -0.3045 0.0894 0.9483
vn -0.3045 -0.0891 0.9483
vn -0.2917 -0.3088 0.9053
vn -0.2095 -0.7435 0.6351
vn -0.2095 0.7435 0.6351
vn -0.2917 0.3088 0.9053
vn -0.3045 0.0890 0.9483
vn -0.2362 -0.9717 0.0002
vn -0.6720 -0.7406 0.0003
vn -0.9591 -0.2832 0.0001
vn -0.0179 0.9998 -0.0000
vn -0.0179 -0.9998 -0.0000
vn -0.0154 -0.9999 0.0033
vn -0.9978 -0.0000 -0.0658
vn -0.0217 -0.9992 0.0344
vn -0.3056 -0.0000 0.9521
vn -0.0289 0.9996 -0.0000
vn -0.0289 -0.9996 -0.0000
vn -0.0154 0.9999 0.0033
vn -0.0217 0.9992 0.0344
vn -0.0249 -0.9997 0.0053
vn -0.0350 -0.9978 0.0555
vn -0.0249 0.9997 0.0053
vn -0.0350 0.9978 0.0555
vn -0.7732 -0.0000 -0.6342
vn -0.8045 -0.0000 -0.5939
vn 0.0761 0.0936 -0.9927
vn 0.0228 0.0554 -0.9982
vn 0.0104 0.0431 -0.9990
vn 0.0620 0.0852 -0.9944
vn 0.8562 0.2108 -0.4717
vn 0.8316 0.2112 -0.5137
vn 0.8287 0.2043 -0.5211
vn 0.8554 0.2017 -0.4770
vn 0.8348 0.1862 -0.5182
vn 0.8633 0.1796 -0.4717
vn 0.8552 0.1607 -0.4927
vn 0.8836 0.1509 -0.4432
vn 0.8828 0.1265 -0.4524
vn 0.9147 0.1125 -0.3881
vn 0.9193 0.0760 -0.3862
vn 0.9577 0.0517 -0.2829
vn 0.9749 -0.0115 -0.2224
vn 0.9963 -0.0797 0.0317
vn 0.0245 -0.1415 0.9896
vn 0.0203 -0.2041 0.9787
vn -0.6654 -0.0307 0.7458
vn -0.6636 -0.0630 0.7454
vn 0.0726 0.2316 -0.9701
vn -0.2899 0.3047 -0.9073
vn 0.1714 0.2405 -0.9554
vn 0.0013 0.2785 -0.9604
vn -0.1260 0.3013 -0.9452
vn -0.2369 0.3121 -0.9200
vn -0.9036 0.1901 -0.3838
vn -0.9156 0.1580 -0.3698
vn -0.9995 0.0189 -0.0245
vn -0.9893 0.0478 -0.1377
vn -0.9996 -0.0201 0.0216
vn -0.9977 -0.0236 0.0636
vn -0.9728 -0.0617 0.2233
vn -0.9649 -0.0639 0.2548
vn -0.5799 -0.1671 0.7974
vn -0.4993 -0.1793 0.8477
vn 0.0243 -0.1949 0.9805
vn 0.0142 -0.1994 0.9798
vn 0.4242 -0.1669 0.8901
vn 0.4554 -0.1664 0.8746
vn 0.0949 -0.1656 0.9816
vn 0.1087 -0.1699 0.9795
vn -0.1983 -0.1574 0.9674
vn -0.1803 -0.1640 0.9699
vn -0.9909 -0.0105 0.1345
vn -0.9886 -0.0191 0.1491
vn -0.5879 0.1238 -0.7994
vn -0.5498 0.1372 -0.8239
vn -0.1402 0.1159 -0.9833
vn -0.0951 0.1419 -0.9853
vn 0.0015 0.0869 -0.9962
vn 0.0649 0.1195 -0.9907
vn -0.7956 0.1506 0.5867
vn -0.7846 0.1349 0.6051
vn -0.7512 0.1136 0.6503
vn -0.7780 0.0862 0.6224
vn -0.8158 0.0797 0.5729
vn -0.7907 0.1026 0.6036
vn -0.8882 0.0042 0.4594
vn -0.8767 0.0181 0.4807
vn -0.9083 -0.0291 0.4173
vn -0.9079 -0.0280 0.4183
vn -0.8958 -0.0507 0.4416
vn -0.8955 -0.0634 0.4406
vn -0.8753 -0.0644 0.4793
vn -0.8469 -0.0872 0.5246
vn -0.9324 -0.1037 0.3463
vn -0.8249 -0.1179 0.5529
vn -0.8736 -0.0604 -0.4828
vn -0.9176 -0.1591 0.3642
vn -0.1335 0.1556 -0.9788
vn -0.9544 -0.0872 -0.2857
vn 0.0022 0.1144 -0.9934
vn -0.2556 0.0528 -0.9653
vn 0.0834 0.1426 -0.9863
vn -0.1912 0.1064 -0.9758
vn -0.2432 0.7010 -0.6704
vn -0.0755 -0.2414 -0.9675
vn -0.6421 0.6592 0.3913
vn -0.1443 -0.9024 -0.4060
vn -0.7987 0.2717 0.5369
vn -0.0131 -0.7648 -0.6442
vn -0.6655 -0.5965 -0.4486
vn 0.0030 -0.7152 -0.6989
vn -0.2905 -0.5916 -0.7521
vn -0.0238 -0.5924 -0.8053
vn -0.1939 -0.2332 -0.9529
vn -0.0562 -0.2341 -0.9706
vn -0.1284 0.1010 -0.9866
vn -0.0344 0.1037 -0.9940
vn -0.0364 0.1535 -0.9875
vn 0.0113 0.1684 -0.9857
vn 0.0527 0.1548 -0.9865
vn 0.0862 0.1710 -0.9815
vn 0.1031 0.1526 -0.9829
vn 0.1632 0.1584 -0.9738
vn 0.1238 0.1699 -0.9776
vn 0.2138 0.1732 -0.9614
vn 0.1481 0.1912 -0.9703
vn 0.2319 0.1897 -0.9541
vn 0.1514 0.1796 -0.9720
vn 0.1805 0.1648 -0.9697
vn -0.7019 0.1491 0.6965
vn -0.7538 0.1269 0.6448
vn -0.8375 0.0570 0.5435
vn -0.9004 -0.0058 0.4350
vn -0.9185 -0.0256 0.3946
vn -0.9226 -0.0351 0.3841
vn -0.9453 -0.0430 0.3233
vn -0.9918 -0.1069 -0.0701
vn -0.6326 -0.0611 -0.7721
vn -0.3160 0.0501 -0.9474
vn -0.0336 0.1173 -0.9925
vn -0.0290 0.1025 -0.9943
vn -0.0178 0.3587 -0.9333
vn -0.3605 -0.2310 -0.9037
vn -0.7384 -0.5170 -0.4330
vn -0.8812 -0.4541 -0.1316
vn -0.6882 -0.5284 -0.4971
vn -0.3861 -0.1741 -0.9059
vn -0.1979 0.0802 -0.9769
vn -0.1084 0.1376 -0.9845
vn -0.0689 0.1494 -0.9864
vn -0.0645 0.1558 -0.9857
vn -0.0697 0.1722 -0.9826
vn -0.0595 0.1904 -0.9799
vn -0.0475 0.1837 -0.9818
vn -0.6871 0.1190 0.7168
vn -0.7502 0.1007 0.6534
vn -0.8593 0.0362 0.5101
vn -0.9072 -0.0156 0.4205
vn -0.9318 -0.0266 0.3621
vn -0.9583 -0.0270 0.2846
vn -0.9913 -0.0391 0.1256
vn -0.9613 -0.1692 -0.2174
vn -0.8276 -0.2181 -0.5173
vn -0.6866 -0.1393 -0.7136
vn -0.6559 -0.0993 -0.7483
vn -0.7786 -0.0849 -0.6217
vn -0.6199 -0.3371 -0.7086
vn -0.4041 0.9037 -0.1418
vn -0.7334 -0.1039 0.6718
vn -0.9390 -0.2443 0.2419
vn -0.8301 -0.4960 -0.2549
vn -0.4623 -0.1863 -0.8669
vn -0.2837 0.0658 -0.9567
vn -0.3008 0.1378 -0.9437
vn -0.3894 0.1487 -0.9090
vn -0.4765 0.1501 -0.8663
vn -0.5399 0.1529 -0.8277
vn -0.5494 0.1571 -0.8207
vn -0.5250 0.1542 -0.8370
vn -0.7203 0.0868 0.6882
vn -0.7748 0.0696 0.6283
vn -0.8621 0.0154 0.5065
vn -0.9033 -0.0288 0.4281
vn -0.9385 -0.0398 0.3430
vn -0.9802 -0.0384 0.1944
vn -0.9985 -0.0547 0.0070
vn -0.9749 -0.2193 -0.0377
vn -0.9361 -0.3299 0.1219
vn -0.8465 -0.2818 0.4516
vn -0.5991 -0.2052 0.7739
vn -0.0517 -0.0258 0.9983
vn -0.3990 0.3128 0.8620
vn -0.3597 0.4134 0.8365
vn 0.0077 0.5131 0.8583
vn -0.0334 0.6287 0.7769
vn -0.0321 0.7513 0.6592
vn -0.0866 0.3181 0.9441
vn -0.6368 -0.1192 0.7617
vn -0.9030 -0.0704 0.4238
vn -0.9687 -0.0203 0.2475
vn -0.9812 -0.0138 0.1924
vn -0.9869 -0.0174 0.1607
vn -0.9891 -0.0258 0.1450
vn -0.9886 -0.0282 0.1479
vn -0.7475 0.0615 0.6615
vn -0.7882 0.0431 0.6139
vn -0.8606 -0.0041 0.5093
vn -0.9116 -0.0416 0.4090
vn -0.9627 -0.0544 0.2652
vn -0.9980 -0.0527 0.0363
vn -0.9799 -0.0500 -0.1931
vn -0.9780 -0.1588 -0.1352
vn -0.9032 -0.2616 0.3404
vn -0.5919 -0.1687 0.7881
vn -0.0368 0.0149 0.9992
vn 0.1844 0.0604 0.9810
vn 0.2625 -0.6798 0.6848
vn 0.7985 -0.2325 0.5553
vn 0.5661 0.5882 0.5775
vn 0.5887 0.6955 0.4120
vn 0.5980 0.6935 0.4019
vn 0.4770 0.2319 0.8478
vn 0.1940 -0.1254 0.9730
vn -0.0029 -0.2191 0.9757
vn -0.0576 -0.1983 0.9784
vn -0.1185 -0.1857 0.9754
vn -0.1620 -0.1825 0.9698
vn -0.1718 -0.1811 0.9684
vn -0.1694 -0.1755 0.9698
vn -0.7989 0.0535 0.5990
vn -0.8329 0.0321 0.5526
vn -0.9085 -0.0116 0.4178
vn -0.9754 -0.0387 0.2168
vn -0.9957 -0.0397 -0.0834
vn -0.8955 -0.0149 -0.4449
vn -0.7177 0.0278 -0.6958
vn -0.6467 0.0134 -0.7626
vn -0.8111 -0.0939 -0.5773
vn -0.9526 -0.1796 0.2457
vn -0.3342 -0.0225 0.9422
vn -0.1623 -0.0045 0.9867
vn -0.0127 -0.9550 0.2963
vn 0.3640 -0.8677 -0.3385
vn 0.7121 -0.3609 -0.6022
vn 0.9486 0.1502 -0.2787
vn 0.8014 0.5176 0.2996
vn 0.5168 0.2142 0.8289
vn 0.4329 -0.1539 0.8882
vn 0.4318 -0.2415 0.8690
vn 0.3067 -0.2139 0.9275
vn 0.1902 -0.1934 0.9625
vn 0.1334 -0.1876 0.9732
vn 0.1233 -0.1836 0.9752
vn 0.1210 -0.1782 0.9765
vn -0.8957 0.0635 0.4402
vn -0.9328 0.0394 0.3582
vn -0.9959 -0.0005 0.0904
vn -0.9415 -0.0038 -0.3371
vn -0.5627 0.0403 -0.8257
vn -0.1628 0.0978 -0.9818
vn -0.0543 0.1346 -0.9894
vn -0.0533 0.1325 -0.9898
vn -0.1127 0.0696 -0.9912
vn -0.2657 -0.0471 -0.9629
vn -0.4348 -0.2364 -0.8689
vn -0.5049 -0.1842 -0.8433
vn -0.5892 0.3413 -0.7324
vn 0.3110 0.9458 0.0933
vn 0.9805 0.1954 0.0189
vn 0.8953 0.4095 0.1752
vn 0.4862 0.5651 0.6665
vn 0.2543 0.2180 0.9422
vn 0.2576 -0.1336 0.9570
vn 0.4118 -0.2329 0.8810
vn 0.5556 -0.1984 0.8074
vn 0.6199 -0.1619 0.7678
vn 0.6258 -0.1557 0.7642
vn 0.5846 -0.1599 0.7954
vn 0.5223 -0.1645 0.8367
vn -0.9831 0.0689 0.1697
vn -0.9990 0.0440 0.0056
vn -0.9111 0.0079 -0.4121
vn -0.5828 0.0138 -0.8125
vn -0.1771 0.0404 -0.9834
vn 0.0226 0.0828 -0.9963
vn 0.2172 0.1447 -0.9653
vn 0.2764 0.1708 -0.9457
vn 0.2320 0.1286 -0.9642
vn 0.1454 0.0653 -0.9872
vn 0.0641 -0.0475 -0.9968
vn 0.0417 -0.2337 -0.9714
vn -0.7315 0.6772 -0.0794
vn -0.5204 0.5232 0.6749
vn -0.0160 0.7418 0.6704
vn 0.0269 0.7066 0.7071
vn 0.0909 0.5923 0.8006
vn 0.1594 0.1712 0.9723
vn 0.1729 -0.1164 0.9780
vn 0.3363 -0.1904 0.9223
vn 0.5565 -0.1754 0.8122
vn 0.5322 -0.1802 0.8272
vn 0.3195 -0.2113 0.9237
vn 0.1418 -0.2173 0.9658
vn 0.0499 -0.2093 0.9766
vn -0.9993 0.0328 -0.0170
vn -0.9773 0.0070 -0.2118
vn -0.8242 -0.0333 -0.5653
vn -0.5664 -0.0344 -0.8234
vn -0.2828 -0.0136 -0.9591
vn -0.0679 0.0192 -0.9975
vn 0.2130 0.0922 -0.9727
vn 0.5219 0.1343 -0.8424
vn 0.8888 0.0771 -0.4518
vn 0.9852 0.1341 -0.1068
vn 0.9495 0.2312 -0.2121
vn 0.2776 0.2283 -0.9332
vn -0.0929 -0.0508 -0.9944
vn -0.9735 -0.2284 0.0136
vn -0.9743 0.1505 0.1676
vn -0.5839 0.5445 0.6022
vn -0.1115 0.5552 0.8242
vn 0.0518 0.2558 0.9654
vn 0.1907 -0.1036 0.9762
vn 0.2710 -0.1592 0.9493
vn 0.1759 -0.2128 0.9611
vn 0.0169 -0.2377 0.9712
vn -0.0597 -0.2332 0.9706
vn -0.1694 -0.2232 0.9600
vn -0.3341 -0.2031 0.9204
vn -0.9916 -0.0450 0.1211
vn -0.9970 -0.0750 0.0184
vn -0.9793 -0.1301 -0.1551
vn -0.9470 -0.1583 -0.2794
vn -0.9156 -0.1420 -0.3761
vn -0.8329 -0.0979 -0.5447
vn -0.7509 -0.0118 -0.6603
vn 0.5484 0.1315 0.8258
vn 0.8326 0.0321 0.5529
vn 0.9751 0.1263 0.1822
vn 0.9586 0.1929 0.2093
vn 0.9770 0.1804 -0.1134
vn 0.2715 0.3161 -0.9090
vn 0.2848 0.4770 -0.8315
vn -0.0214 -0.6434 -0.7652
vn -0.0186 -0.7771 -0.6291
vn 0.0422 0.4225 0.9054
vn 0.0024 0.1325 0.9912
vn -0.0184 -0.0962 0.9952
vn -0.0281 -0.1654 0.9858
vn -0.2152 -0.2297 0.9492
vn -0.5428 -0.2180 0.8111
vn -0.8404 -0.1413 0.5232
vn -0.9185 -0.0964 0.3836
vn -0.9460 -0.0749 0.3155
vn -0.9416 -0.0937 0.3233
vn -0.6997 -0.1422 0.7002
vn -0.6400 -0.1486 0.7539
vn -0.5674 -0.1091 0.8162
vn -0.3855 -0.0027 0.9227
vn -0.2826 0.0357 0.9586
vn -0.0872 -0.0162 0.9961
vn -0.1613 0.0210 0.9867
vn -0.0192 0.0629 0.9978
vn 0.0403 0.0440 0.9982
vn 0.2090 -0.0120 0.9779
vn 0.3373 -0.0902 0.9371
vn 0.4264 -0.2857 0.8582
vn 0.9138 -0.1877 0.3601
vn 0.9500 -0.1502 -0.2738
vn 0.9033 -0.3507 -0.2471
vn 0.9495 -0.0931 0.2998
vn -0.7748 0.4869 -0.4034
vn -0.7902 0.0838 -0.6071
vn -0.8979 -0.0578 0.4363
vn -0.9928 -0.0470 0.1104
vn -0.9998 -0.0068 -0.0162
vn -0.9999 -0.0030 -0.0112
vn -0.9996 -0.0063 0.0260
vn -0.9996 -0.0102 0.0276
vn -0.4114 -0.1014 0.9058
vn -0.1708 -0.0570 0.9836
vn -0.0190 0.0022 0.9998
vn 0.0363 0.0902 0.9953
vn -0.0252 0.0760 0.9968
vn -0.0567 -0.0279 0.9980
vn -0.1508 0.0264 0.9882
vn -0.4839 0.0612 0.8730
vn -0.4475 -0.0075 0.8942
vn -0.1228 -0.0777 0.9894
vn -0.0602 -0.3791 0.9234
vn 0.1119 0.3254 -0.9389
vn -0.0184 0.9673 -0.2530
vn 0.2411 0.8376 0.4901
vn 0.2222 0.7345 0.6413
vn 0.3798 0.6548 0.6535
vn 0.0065 0.7189 0.6950
vn 0.0276 -0.4941 -0.8690
vn 0.0062 -0.0157 -0.9999
vn -0.0651 0.1520 -0.9862
vn -0.1151 0.3374 -0.9343
vn -0.4524 0.2926 -0.8425
vn -0.8109 0.1725 -0.5592
vn -0.9360 0.0988 -0.3380
vn -0.9777 0.0632 -0.2003
vn -0.5365 -0.0309 0.8433
vn -0.3335 -0.0366 0.9420
vn -0.0597 -0.0021 0.9982
vn 0.2303 0.0707 0.9705
vn 0.3659 0.1424 0.9197
vn 0.1419 0.0645 0.9878
vn -0.0370 -0.0299 0.9989
vn -0.0716 -0.0027 0.9974
vn -0.4583 0.0023 0.8888
vn -0.9003 -0.1461 0.4100
vn -0.8992 -0.2638 -0.3489
vn -0.5780 -0.0930 -0.8107
vn -0.3136 0.2809 -0.9070
vn -0.0687 0.8267 0.5584
vn -0.0584 0.7156 0.6960
vn -0.8847 0.3105 0.3476
vn -0.4225 -0.4569 -0.7828
vn 0.0533 -0.0860 -0.9949
vn -0.0017 0.1720 -0.9851
vn 0.0077 0.3361 -0.9418
vn -0.1461 0.3489 -0.9257
vn -0.3501 0.3122 -0.8831
vn -0.5747 0.2541 -0.7779
vn -0.7103 0.2124 -0.6711
vn -0.8073 0.1932 -0.5576
vn -0.6882 -0.0374 0.7246
vn -0.3989 -0.0011 0.9170
vn -0.1047 0.0409 0.9937
vn 0.0197 0.0891 0.9958
vn 0.1174 0.1042 0.9876
vn 0.1389 0.0213 0.9901
vn -0.0513 -0.0649 0.9966
vn -0.4373 -0.0939 0.8944
vn -0.8616 -0.1437 0.4868
vn -0.9591 -0.2521 0.1289
vn -0.8013 -0.1863 0.5684
vn -0.3803 -0.0528 0.9234
vn -0.0919 -0.9777 0.1886
vn -0.1018 -0.9911 0.0853
vn -0.9311 -0.2305 -0.2827
vn -0.5062 -0.7201 -0.4746
vn -0.2621 -0.5725 -0.7769
vn -0.1332 -0.2142 -0.9677
vn -0.0778 0.1666 -0.9829
vn -0.0654 0.3273 -0.9427
vn -0.0707 0.3637 -0.9288
vn -0.1151 0.3498 -0.9297
vn -0.1972 0.3207 -0.9264
vn -0.2713 0.2963 -0.9157
vn -0.3328 0.3021 -0.8933
vn -0.9563 -0.0618 0.2857
vn -0.9133 -0.0498 0.4043
vn -0.7175 -0.0108 0.6964
vn -0.2731 0.0734 0.9592
vn -0.1074 0.0599 0.9924
vn -0.2008 -0.0961 0.9749
vn -0.7666 0.1367 -0.6274
vn -0.0554 0.1121 -0.9922
vn -0.0327 0.0516 -0.9981
vn -0.0285 -0.0352 -0.9990
vn 0.2302 0.0314 0.9726
vn 0.1359 0.3352 -0.9323
vn 0.3515 0.7057 0.6151
vn -0.2551 0.0857 -0.9631
vn 0.0063 -0.6267 -0.7792
vn -0.0164 -0.7640 -0.6450
vn -0.1622 -0.6765 -0.7184
vn -0.1986 -0.2704 -0.9420
vn -0.1870 0.1621 -0.9689
vn -0.1493 0.3223 -0.9348
vn -0.1007 0.3622 -0.9267
vn -0.0889 0.3567 -0.9300
vn -0.1234 0.3330 -0.9348
vn -0.1884 0.3108 -0.9316
vn -0.1837 0.3047 -0.9346
vn -0.9968 -0.0797 0.0054
vn -0.9964 -0.0782 0.0327
vn -0.9911 -0.0722 0.1118
vn -0.9840 -0.1174 0.1338
vn -0.7665 -0.2742 -0.5808
vn -0.1582 -0.0960 -0.9827
vn 0.1152 0.0762 -0.9904
vn 0.3842 0.1716 -0.9072
vn 0.5582 0.1496 -0.8161
vn 0.6237 0.1479 -0.7675
vn 0.3193 0.0112 -0.9476
vn 0.2053 0.0387 -0.9779
vn -0.1115 0.6811 -0.7237
vn -0.1257 0.9673 -0.2203
vn 0.1917 -0.7218 -0.6651
vn 0.2350 -0.6734 -0.7010
vn -0.0246 -0.6514 -0.7583
vn -0.3549 -0.2705 -0.8949
vn -0.3345 0.1573 -0.9292
vn -0.3029 0.3109 -0.9009
vn -0.2903 0.3525 -0.8897
vn -0.2745 0.3534 -0.8943
vn -0.3185 0.3332 -0.8874
vn -0.4331 0.3063 -0.8477
vn -0.4203 0.3000 -0.8564
vn -0.9903 -0.0854 -0.1099
vn -0.9914 -0.0870 -0.0974
vn -0.9907 -0.0948 -0.0974
vn -0.9710 -0.1775 -0.1604
vn -0.8110 -0.2823 -0.5125
vn -0.5158 -0.2623 -0.8156
vn -0.0571 -0.0530 -0.9970
vn -0.0261 0.0306 -0.9992
vn -0.0135 0.0710 -0.9974
vn -0.0075 0.0041 -1.0000
vn -0.0860 -0.0925 -0.9920
vn -0.1048 -0.0529 -0.9931
vn 0.2586 -0.7426 -0.6178
vn -0.0275 -0.9597 -0.2798
vn 0.1431 -0.7026 -0.6970
vn 0.0360 -0.7121 -0.7011
vn -0.1631 -0.6128 -0.7732
vn -0.4403 -0.2331 -0.8671
vn -0.4457 0.1210 -0.8870
vn -0.5871 0.2954 -0.7536
vn -0.8116 0.2599 -0.5232
vn -0.9605 0.1555 -0.2307
vn -0.9893 0.0201 0.1446
vn -0.7873 -0.0954 0.6092
vn -0.6520 -0.1023 0.7512
vn -0.9513 -0.1046 -0.2899
vn -0.9391 -0.1165 -0.3234
vn -0.9079 -0.1400 -0.3950
vn -0.9275 -0.1866 -0.3238
vn -0.9735 -0.1410 0.1801
vn -0.5749 -0.0310 0.8176
vn -0.3103 -0.0483 0.9494
vn -0.1466 -0.1491 0.9779
vn -0.5470 -0.1667 0.8204
vn -0.9437 -0.2067 0.2585
vn -0.5349 -0.0703 0.8420
vn -0.0711 0.1282 0.9892
vn -0.6176 -0.1602 0.7700
vn -0.0408 -0.6916 0.7211
vn -0.1185 -0.8919 -0.4364
vn -0.7008 -0.6872 -0.1914
vn -0.7937 0.2088 0.5713
vn -0.2579 0.4974 0.8283
vn -0.1192 -0.4119 0.9034
vn -0.1635 -0.3850 0.9083
vn -0.1672 -0.3506 0.9215
vn -0.1060 -0.3308 0.9377
vn -0.0451 -0.3180 0.9470
vn -0.0029 -0.2734 0.9619
vn 0.0186 -0.2325 0.9724
vn -0.5892 -0.1745 -0.7889
vn -0.4117 -0.1839 -0.8926
vn -0.2065 -0.1743 -0.9628
vn -0.1353 -0.1857 -0.9732
vn -0.3567 -0.2676 -0.8951
vn -0.8072 -0.1623 0.5675
vn -0.1092 -0.0997 0.9890
vn -0.1190 -0.1234 0.9852
vn -0.0048 -0.0713 0.9974
vn -0.0107 -0.0359 0.9993
vn 0.2081 0.1902 0.9594
vn 0.2950 0.2147 0.9311
vn -0.0541 0.1458 0.9878
vn -0.8315 -0.4335 0.3475
vn -0.4843 0.4792 0.7320
vn -0.3711 0.4908 0.7883
vn 0.0862 0.6279 0.7735
vn 0.3361 0.3498 0.8744
vn 0.3731 -0.2215 0.9009
vn 0.2218 -0.4114 0.8840
vn 0.1440 -0.3972 0.9063
vn 0.1859 -0.3548 0.9163
vn 0.3736 -0.3180 0.8714
vn 0.6300 -0.2535 0.7341
vn 0.8474 -0.1830 0.4984
vn 0.0147 -0.1886 -0.9819
vn 0.0278 -0.1820 -0.9829
vn 0.0994 -0.1571 -0.9826
vn 0.1601 -0.1481 -0.9759
vn 0.1491 -0.2063 -0.9671
vn 0.0216 -0.2900 -0.9568
vn -0.8740 -0.3092 0.3748
vn -0.1725 -0.1054 0.9794
vn -0.0120 -0.0470 0.9988
vn 0.1412 0.0622 0.9880
vn 0.4326 0.2541 0.8651
vn 0.1341 0.0739 0.9882
vn 0.1024 -0.8514 0.5143
vn -0.1352 -0.0446 0.9898
vn -0.5339 0.4860 0.6920
vn -0.0057 0.7386 0.6742
vn 0.3398 0.7477 0.5705
vn 0.4900 0.2592 0.8323
vn 0.4641 -0.1925 0.8646
vn 0.5573 -0.3907 0.7326
vn 0.6303 -0.3688 0.6832
vn 0.7191 -0.2793 0.6363
vn 0.8636 -0.1807 0.4706
vn 0.9742 -0.0838 0.2096
vn 0.9986 -0.0068 -0.0520
vn 0.4716 -0.1611 -0.8670
vn 0.5751 -0.1418 -0.8057
vn 0.7616 -0.0544 -0.6458
vn 0.7711 -0.0277 -0.6362
vn 0.7529 -0.1218 -0.6468
vn 0.6306 -0.0909 -0.7708
vn 0.2972 0.1146 -0.9479
vn -0.1441 0.0738 -0.9868
vn -0.7103 -0.0696 -0.7004
vn -0.2814 0.0776 0.9565
vn -0.0264 0.1970 0.9800
vn -0.0216 -0.0059 0.9997
vn -0.0324 -0.3655 0.9303
vn -0.9749 0.1993 0.0995
vn 0.0020 0.6751 0.7378
vn 0.2846 0.8222 0.4929
vn 0.3706 0.7057 0.6039
vn 0.2852 0.2376 0.9285
vn 0.2818 -0.1650 0.9452
vn 0.4466 -0.3661 0.8164
vn 0.6522 -0.3459 0.6745
vn 0.8351 -0.2001 0.5124
vn 0.9698 -0.0615 0.2360
vn 0.9988 0.0280 -0.0392
vn 0.9677 0.0779 -0.2398
vn 0.7860 -0.1234 -0.6058
vn 0.8455 -0.1060 -0.5234
vn 0.9001 -0.0096 -0.4355
vn 0.8550 0.0255 -0.5179
vn 0.6884 -0.1168 -0.7159
vn 0.4082 -0.0470 -0.9117
vn 0.2936 0.1746 -0.9398
vn 0.1884 0.1792 -0.9656
vn 0.0484 0.0443 -0.9978
vn -0.0999 -0.0745 -0.9922
vn -0.1528 -0.2859 -0.9460
vn -0.1726 -0.0571 -0.9833
vn -0.0724 0.0172 -0.9972
vn -0.0504 -0.9819 -0.1828
vn 0.0441 -0.7706 -0.6358
vn 0.9684 0.2337 -0.0871
vn 0.4595 0.5640 0.6862
vn 0.1940 0.1658 0.9669
vn 0.1390 -0.1511 0.9787
vn 0.2721 -0.3102 0.9109
vn 0.6327 -0.3032 0.7126
vn 0.8992 -0.1066 0.4244
vn 0.9946 0.0353 0.0976
vn 0.9832 0.0988 -0.1536
vn 0.9378 0.1277 -0.3227
vn 0.9418 -0.0482 -0.3326
vn 0.9305 -0.0697 -0.3595
vn 0.8760 0.0005 -0.4823
vn 0.7452 0.0302 -0.6662
vn 0.4863 -0.0945 -0.8687
vn 0.1887 -0.0326 -0.9815
vn 0.1645 0.1395 -0.9765
vn 0.2789 0.2036 -0.9385
vn 0.3910 0.0821 -0.9167
vn 0.3025 0.0092 -0.9531
vn 0.1188 -0.1558 -0.9806
vn 0.0092 -0.1779 -0.9840
vn 0.1879 -0.7833 -0.5925
vn 0.0137 -0.8783 -0.4779
vn -0.3085 -0.5852 -0.7499
vn -0.5257 -0.7086 -0.4707
vn -0.0221 0.5607 0.8277
vn 0.0093 0.1481 0.9889
vn 0.1094 -0.1541 0.9820
vn 0.2333 -0.2463 0.9407
vn 0.7046 -0.2109 0.6775
vn 0.9532 0.0014 0.3023
vn 0.9939 0.1100 0.0103
vn 0.9689 0.1466 -0.1992
vn 0.9202 0.1636 -0.3556
vn 0.9674 0.0227 -0.2522
vn 0.9189 -0.0422 -0.3922
vn 0.7336 0.0090 -0.6795
vn 0.5020 0.0127 -0.8648
vn 0.2446 -0.0695 -0.9671
vn 0.0808 -0.0375 -0.9960
vn 0.0968 0.0899 -0.9912
vn 0.2929 0.1800 -0.9391
vn 0.7748 0.0411 -0.6308
vn 0.9069 0.1260 -0.4021
vn 0.4562 -0.0536 -0.8883
vn -0.0621 -0.0008 -0.9981
vn -0.1821 -0.6768 -0.7133
vn -0.2758 -0.6480 -0.7100
vn -0.9163 -0.1172 -0.3830
vn -0.6737 0.6237 0.3964
vn -0.2476 0.6715 0.6984
vn -0.0261 0.1091 0.9937
vn 0.1002 -0.1355 0.9857
vn 0.4034 -0.1538 0.9020
vn 0.8513 -0.0677 0.5203
vn 0.9797 0.0942 0.1768
vn 0.9856 0.1636 -0.0424
vn 0.9586 0.1841 -0.2172
vn 0.9103 0.1938 -0.3658
vn 0.9450 0.0314 -0.3256
vn 0.8802 -0.0383 -0.4730
vn 0.6659 -0.0032 -0.7460
vn 0.4294 0.0250 -0.9028
vn 0.2130 -0.0553 -0.9755
vn 0.0540 -0.0511 -0.9972
vn 0.0184 0.0383 -0.9991
vn 0.3507 0.1418 -0.9257
vn 0.9406 -0.0246 -0.3387
vn 0.9559 0.1629 -0.2442
vn 0.6224 0.1165 -0.7740
vn 0.2018 -0.0000 -0.9794
vn -0.3576 0.6254 -0.6935
vn -0.4042 0.6975 0.5917
vn -0.4117 0.4908 0.7679
vn -0.3548 0.7830 0.5109
vn -0.1666 0.7828 0.5995
vn -0.0258 0.3343 0.9421
vn 0.1051 -0.1160 0.9877
vn 0.5255 -0.0885 0.8462
vn 0.9020 0.0034 0.4317
vn 0.9837 0.1327 0.1217
vn 0.9806 0.1857 -0.0632
vn 0.9537 0.2013 -0.2233
vn 0.9073 0.2076 -0.3657
vn -0.7110 0.1105 0.6945
vn -0.7060 0.0408 0.7071
vn -0.7827 0.1070 0.6131
vn -0.8729 0.0244 0.4873
vn -0.9095 -0.0265 0.4149
vn -0.8999 -0.0694 0.4306
vn -0.8427 -0.0994 0.5292
vn -0.7887 -0.1253 0.6019
vn -0.8445 -0.1600 0.5111
vn -0.9835 -0.1363 0.1186
vn -0.7029 0.0178 -0.7110
vn -0.0365 0.1257 -0.9914
vn 0.0261 -0.9765 -0.2141
vn 0.1124 -0.9925 -0.0485
vn 0.5732 -0.5708 -0.5880
vn 0.3156 -0.6653 -0.6765
vn 0.0546 -0.5622 -0.8252
vn -0.0150 -0.2043 -0.9788
vn -0.0031 0.1039 -0.9946
vn 0.0230 0.1723 -0.9848
vn 0.0855 0.1812 -0.9797
vn 0.1690 0.1634 -0.9720
vn 0.2228 0.1768 -0.9587
vn 0.2323 0.1889 -0.9541
vn 0.1642 0.1576 -0.9738
vt 0.375000 0.000000
vt 0.625000 0.000000
vt 0.625000 0.250000
vt 0.375000 0.250000
vt 0.375000 0.340451
vt 0.625000 0.340451
vt 0.625000 0.500000
vt 0.375000 0.500000
vt 0.625000 0.750000
vt 0.375000 0.750000
vt 0.784549 0.750000
vt 0.784549 0.500000
vt 0.215451 0.500000
vt 0.215451 0.750000
vt 0.375000 0.909549
vt 0.625000 0.909549
vt 0.625000 1.000000
vt 0.375000 1.000000
vt 0.875000 0.500000
vt 0.875000 0.750000
vt 0.125000 0.500000
vt 0.125000 0.750000
vt 0.557886 0.317114
vt 0.557886 0.432886
vt 0.375000 0.648460
vt 0.442693 0.750000
vt 0.307307 0.783847
vt 0.658847 0.817693
vt 0.523460 0.750000
vt 0.625000 0.682307
vt 0.484398 0.792177
vt 0.485658 0.792256
vt 0.416309 0.928106
vt 0.572530 0.933849
vt 0.395840 0.839938
vt 0.579730 0.854190
vt 0.442114 0.317114
vt 0.442114 0.432886
vt 0.961538 0.961538
vt 1.000000 0.961538
vt 1.000000 1.000000
vt 0.961538 1.000000
vt 0.961538 0.000000
vt 1.000000 0.000000
vt 1.000000 0.038462
vt 0.961538 0.038462
vt 1.000000 0.076923
vt 0.961538 0.076923
vt 1.000000 0.115385
vt 0.961538 0.115385
vt 1.000000 0.153846
vt 0.961538 0.153846
vt 1.000000 0.192308
vt 0.961538 0.192308
vt 1.000000 0.230769
vt 0.961538 0.230769
vt 1.000000 0.269231
vt 0.961538 0.269231
vt 1.000000 0.307692
vt 0.961538 0.307692
vt 1.000000 0.346154
vt 0.961538 0.346154
vt 1.000000 0.384615
vt 0.961538 0.384615
vt 1.000000 0.423077
vt 0.961538 0.423077
vt 1.000000 0.461538
vt 0.961538 0.461538
vt 1.000000 0.500000
vt 0.961538 0.500000
vt 1.000000 0.538462
vt 0.961538 0.538462
vt 1.000000 0.576923
vt 0.961538 0.576923
vt 1.000000 0.615385
vt 0.961538 0.615385
vt 1.000000 0.653846
vt 0.961538 0.653846
vt 1.000000 0.692308
vt 0.961538 0.692308
vt 1.000000 0.730769
vt 0.961538 0.730769
vt 1.000000 0.769231
vt 0.961538 0.769231
vt 1.000000 0.807692
vt 0.961538 0.807692
vt 1.000000 0.846154
vt 0.961538 0.846154
vt 1.000000 0.884615
vt 0.961538 0.884615
vt 1.000000 0.923077
vt 0.961538 0.923077
vt 0.000000 0.923077
vt 0.038462 0.923077
vt 0.038462 0.961538
vt 0.000000 0.961538
vt 0.076923 0.923077
vt 0.076923 0.961538
vt 0.115385 0.923077
vt 0.115385 0.961538
vt 0.153846 0.923077
vt 0.153846 0.961538
vt 0.192308 0.923077
vt 0.192308 0.961538
vt 0.230769 0.923077
vt 0.230769 0.961538
vt 0.269231 0.923077
vt 0.269231 0.961538
vt 0.307692 0.923077
vt 0.307692 0.961538
vt 0.346154 0.923077
vt 0.346154 0.961538
vt 0.384615 0.923077
vt 0.384615 0.961538
vt 0.423077 0.923077
vt 0.423077 0.961538
vt 0.461538 0.923077
vt 0.461538 0.961538
vt 0.500000 0.923077
vt 0.500000 0.961538
vt 0.538462 0.923077
vt 0.538462 0.961538
vt 0.576923 0.923077
vt 0.576923 0.961538
vt 0.615385 0.923077
vt 0.615385 0.961538
vt 0.653846 0.923077
vt 0.653846 0.961538
vt 0.692308 0.923077
vt 0.692308 0.961538
vt 0.730769 0.923077
vt 0.730769 0.961538
vt 0.769231 0.923077
vt 0.769231 0.961538
vt 0.807692 0.923077
vt 0.807692 0.961538
vt 0.846154 0.923077
vt 0.846154 0.961538
vt 0.884615 0.923077
vt 0.884615 0.961538
vt 0.923077 0.923077
vt 0.923077 0.961538
vt 0.000000 0.884615
vt 0.038462 0.884615
vt 0.076923 0.884615
vt 0.115385 0.884615
vt 0.153846 0.884615
vt 0.192308 0.884615
vt 0.230769 0.884615
vt 0.269231 0.884615
vt 0.307692 0.884615
vt 0.346154 0.884615
vt 0.384615 0.884615
vt 0.423077 0.884615
vt 0.461538 0.884615
vt 0.500000 0.884615
vt 0.538462 0.884615
vt 0.576923 0.884615
vt 0.615385 0.884615
vt 0.653846 0.884615
vt 0.692308 0.884615
vt 0.730769 0.884615
vt 0.769231 0.884615
vt 0.807692 0.884615
vt 0.846154 0.884615
vt 0.884615 0.884615
vt 0.923077 0.884615
vt 0.000000 0.846154
vt 0.038462 0.846154
vt 0.076923 0.846154
vt 0.115385 0.846154
vt 0.153846 0.846154
vt 0.192308 0.846154
vt 0.230769 0.846154
vt 0.269231 0.846154
vt 0.307692 0.846154
vt 0.346154 0.846154
vt 0.384615 0.846154
vt 0.423077 0.846154
vt 0.461538 0.846154
vt 0.500000 0.846154
vt 0.538462 0.846154
vt 0.576923 0.846154
vt 0.615385 0.846154
vt 0.653846 0.846154
vt 0.692308 0.846154
vt 0.730769 0.846154
vt 0.769231 0.846154
vt 0.807692 0.846154
vt 0.846154 0.846154
vt 0.884615 0.846154
vt 0.923077 0.846154
vt 0.000000 0.807692
vt 0.038462 0.807692
vt 0.076923 0.807692
vt 0.115385 0.807692
vt 0.153846 0.807692
vt 0.192308 0.807692
vt 0.230769 0.807692
vt 0.269231 0.807692
vt 0.307692 0.807692
vt 0.346154 0.807692
vt 0.384615 0.807692
vt 0.423077 0.807692
vt 0.461538 0.807692
vt 0.500000 0.807692
vt 0.538462 0.807692
vt 0.576923 0.807692
vt 0.615385 0.807692
vt 0.653846 0.807692
vt 0.692308 0.807692
vt 0.730769 0.807692
vt 0.769231 0.807692
vt 0.807692 0.807692
vt 0.846154 0.807692
vt 0.884615 0.807692
vt 0.923077 0.807692
vt 0.000000 0.769231
vt 0.038462 0.769231
vt 0.076923 0.769231
vt 0.115385 0.769231
vt 0.153846 0.769231
vt 0.192308 0.769231
vt 0.230769 0.769231
vt 0.269231 0.769231
vt 0.307692 0.769231
vt 0.346154 0.769231
vt 0.384615 0.769231
vt 0.423077 0.769231
vt 0.461538 0.769231
vt 0.500000 0.769231
vt 0.538462 0.769231
vt 0.576923 0.769231
vt 0.615385 0.769231
vt 0.653846 0.769231
vt 0.692308 0.769231
vt 0.730769 0.769231
vt 0.769231 0.769231
vt 0.807692 0.769231
vt 0.846154 0.769231
vt 0.884615 0.769231
vt 0.923077 0.769231
vt 0.000000 0.730769
vt 0.038462 0.730769
vt 0.076923 0.730769
vt 0.115385 0.730769
vt 0.153846 0.730769
vt 0.192308 0.730769
vt 0.230769 0.730769
vt 0.269231 0.730769
vt 0.307692 0.730769
vt 0.346154 0.730769
vt 0.384615 0.730769
vt 0.423077 0.730769
vt 0.461538 0.730769
vt 0.500000 0.730769
vt 0.538462 0.730769
vt 0.576923 0.730769
vt 0.615385 0.730769
vt 0.653846 0.730769
vt 0.692308 0.730769
vt 0.730769 0.730769
vt 0.769231 0.730769
vt 0.807692 0.730769
vt 0.846154 0.730769
vt 0.884615 0.730769
vt 0.923077 0.730769
vt 0.000000 0.692308
vt 0.038462 0.692308
vt 0.076923 0.692308
vt 0.115385 0.692308
vt 0.153846 0.692308
vt 0.192308 0.692308
vt 0.230769 0.692308
vt 0.269231 0.692308
vt 0.307692 0.692308
vt 0.346154 0.692308
vt 0.384615 0.692308
vt 0.423077 0.692308
vt 0.461538 0.692308
vt 0.500000 0.692308
vt 0.538462 0.692308
vt 0.576923 0.692308
vt 0.615385 0.692308
vt 0.653846 0.692308
vt 0.692308 0.692308
vt 0.730769 0.692308
vt 0.769231 0.692308
vt 0.807692 0.692308
vt 0.846154 0.692308
vt 0.884615 0.692308
vt 0.923077 0.692308
vt 0.000000 0.653846
vt 0.038462 0.653846
vt 0.076923 0.653846
vt 0.115385 0.653846
vt 0.153846 0.653846
vt 0.192308 0.653846
vt 0.230769 0.653846
vt 0.269231 0.653846
vt 0.307692 0.653846
vt 0.346154 0.653846
vt 0.384615 0.653846
vt 0.423077 0.653846
vt 0.461538 0.653846
vt 0.500000 0.653846
vt 0.538462 0.653846
vt 0.576923 0.653846
vt 0.615385 0.653846
vt 0.653846 0.653846
vt 0.692308 0.653846
vt 0.730769 0.653846
vt 0.769231 0.653846
vt 0.807692 0.653846
vt 0.846154 0.653846
vt 0.884615 0.653846
vt 0.923077 0.653846
vt 0.000000 0.615385
vt 0.038462 0.615385
vt 0.076923 0.615385
vt 0.115385 0.615385
vt 0.153846 0.615385
vt 0.192308 0.615385
vt 0.230769 0.615385
vt 0.269231 0.615385
vt 0.307692 0.615385
vt 0.346154 0.615385
vt 0.384615 0.615385
vt 0.423077 0.615385
vt 0.461538 0.615385
vt 0.500000 0.615385
vt 0.538462 0.615385
vt 0.576923 0.615385
vt 0.615385 0.615385
vt 0.653846 0.615385
vt 0.692308 0.615385
vt 0.730769 0.615385
vt 0.769231 0.615385
vt 0.807692 0.615385
vt 0.846154 0.615385
vt 0.884615 0.615385
vt 0.923077 0.615385
vt 0.000000 0.576923
vt 0.038462 0.576923
vt 0.076923 0.576923
vt 0.115385 0.576923
vt 0.153846 0.576923
vt 0.192308 0.576923
vt 0.230769 0.576923
vt 0.269231 0.576923
vt 0.307692 0.576923
vt 0.346154 0.576923
vt 0.384615 0.576923
vt 0.423077 0.576923
vt 0.461538 0.576923
vt 0.500000 0.576923
vt 0.538461 0.576923
vt 0.576923 0.576923
vt 0.615384 0.576923
vt 0.653846 0.576923
vt 0.692308 0.576923
vt 0.730769 0.576923
vt 0.769231 0.576923
vt 0.807692 0.576923
vt 0.846154 0.576923
vt 0.884615 0.576923
vt 0.923077 0.576923
vt 0.000000 0.538462
vt 0.038462 0.538462
vt 0.076923 0.538462
vt 0.115385 0.538462
vt 0.153846 0.538462
vt 0.192308 0.538462
vt 0.230769 0.538462
vt 0.269231 0.538462
vt 0.307692 0.538462
vt 0.346154 0.538462
vt 0.384615 0.538462
vt 0.423077 0.538462
vt 0.461538 0.538462
vt 0.500000 0.538462
vt 0.538461 0.538462
vt 0.576923 0.538462
vt 0.615385 0.538462
vt 0.653846 0.538462
vt 0.692308 0.538462
vt 0.730769 0.538462
vt 0.769231 0.538462
vt 0.807692 0.538462
vt 0.846154 0.538462
vt 0.884615 0.538462
vt 0.923077 0.538462
vt 0.000000 0.500000
vt 0.038462 0.500000
vt 0.076923 0.500000
vt 0.115385 0.500000
vt 0.153846 0.500000
vt 0.192308 0.500000
vt 0.230769 0.500000
vt 0.269231 0.500000
vt 0.307692 0.500000
vt 0.346154 0.500000
vt 0.384615 0.500000
vt 0.423077 0.500000
vt 0.461538 0.500000
vt 0.500000 0.500000
vt 0.538462 0.500000
vt 0.576923 0.500000
vt 0.615385 0.500000
vt 0.653846 0.500000
vt 0.692308 0.500000
vt 0.730769 0.500000
vt 0.769231 0.500000
vt 0.807692 0.500000
vt 0.846154 0.500000
vt 0.884615 0.500000
vt 0.923077 0.500000
vt 0.000000 0.461538
vt 0.038462 0.461538
vt 0.076923 0.461538
vt 0.115385 0.461538
vt 0.153846 0.461538
vt 0.192308 0.461538
vt 0.230769 0.461538
vt 0.269231 0.461538
vt 0.307692 0.461538
vt 0.346154 0.461538
vt 0.384615 0.461538
vt 0.423077 0.461538
vt 0.461538 0.461538
vt 0.500000 0.461538
vt 0.538462 0.461538
vt 0.576923 0.461538
vt 0.615385 0.461538
vt 0.653846 0.461538
vt 0.692308 0.461538
vt 0.730769 0.461538
vt 0.769231 0.461538
vt 0.807692 0.461538
vt 0.846154 0.461538
vt 0.884615 0.461538
vt 0.923077 0.461538
vt 0.000000 0.423077
vt 0.038462 0.423077
vt 0.076923 0.423077
vt 0.115385 0.423077
vt 0.153846 0.423077
vt 0.192308 0.423077
vt 0.230769 0.423077
vt 0.269231 0.423077
vt 0.307692 0.423077
vt 0.346154 0.423077
vt 0.384615 0.423077
vt 0.423077 0.423077
vt 0.461538 0.423077
vt 0.500000 0.423077
vt 0.538462 0.423077
vt 0.576923 0.423077
vt 0.615385 0.423077
vt 0.653846 0.423077
vt 0.692308 0.423077
vt 0.730769 0.423077
vt 0.769231 0.423077
vt 0.807692 0.423077
vt 0.846154 0.423077
vt 0.884615 0.423077
vt 0.923077 0.423077
vt 0.000000 0.384615
vt 0.038462 0.384615
vt 0.076923 0.384615
vt 0.115385 0.384615
vt 0.153846 0.384615
vt 0.192308 0.384615
vt 0.230769 0.384615
vt 0.269231 0.384615
vt 0.307692 0.384615
vt 0.346154 0.384615
vt 0.384615 0.384615
vt 0.423077 0.384615
vt 0.461538 0.384615
vt 0.500000 0.384615
vt 0.538462 0.384615
vt 0.576923 0.384615
vt 0.615385 0.384615
vt 0.653846 0.384615
vt 0.692308 0.384615
vt 0.730769 0.384615
vt 0.769231 0.384615
vt 0.807692 0.384615
vt 0.846154 0.384615
vt 0.884615 0.384615
vt 0.923077 0.384615
vt 0.000000 0.346154
vt 0.038462 0.346154
vt 0.076923 0.346154
vt 0.115385 0.346154
vt 0.153846 0.346154
vt 0.192308 0.346154
vt 0.230769 0.346154
vt 0.269231 0.346154
vt 0.307692 0.346154
vt 0.346154 0.346154
vt 0.384615 0.346154
vt 0.423077 0.346154
vt 0.461538 0.346154
vt 0.500000 0.346154
vt 0.538462 0.346154
vt 0.576923 0.346154
vt 0.615385 0.346154
vt 0.653846 0.346154
vt 0.692308 0.346154
vt 0.730769 0.346154
vt 0.769231 0.346154
vt 0.807692 0.346154
vt 0.846154 0.346154
vt 0.884615 0.346154
vt 0.923077 0.346154
vt 0.000000 0.307692
vt 0.038462 0.307692
vt 0.076923 0.307692
vt 0.115385 0.307692
vt 0.153846 0.307692
vt 0.192308 0.307692
vt 0.230769 0.307692
vt 0.269231 0.307692
vt 0.307692 0.307692
vt 0.346154 0.307692
vt 0.384615 0.307692
vt 0.423077 0.307692
vt 0.461538 0.307692
vt 0.500000 0.307692
vt 0.538462 0.307692
vt 0.576923 0.307692
vt 0.615385 0.307692
vt 0.653846 0.307692
vt 0.692308 0.307692
vt 0.730769 0.307692
vt 0.769231 0.307692
vt 0.807692 0.307692
vt 0.846154 0.307692
vt 0.884615 0.307692
vt 0.923077 0.307692
vt 0.000000 0.269231
vt 0.038462 0.269231
vt 0.076923 0.269231
vt 0.115385 0.269231
vt 0.153846 0.269231
vt 0.192308 0.269231
vt 0.230769 0.269231
vt 0.269231 0.269231
vt 0.307692 0.269231
vt 0.346154 0.269231
vt 0.384615 0.269231
vt 0.423077 0.269231
vt 0.461538 0.269231
vt 0.500000 0.269231
vt 0.538462 0.269231
vt 0.576923 0.269231
vt 0.615385 0.269231
vt 0.653846 0.269231
vt 0.692308 0.269231
vt 0.730769 0.269231
vt 0.769231 0.269231
vt 0.807692 0.269231
vt 0.846154 0.269231
vt 0.884615 0.269231
vt 0.923077 0.269231
vt 0.000000 0.230769
vt 0.038462 0.230769
vt 0.076923 0.230769
vt 0.115385 0.230769
vt 0.153846 0.230769
vt 0.192308 0.230769
vt 0.230769 0.230769
vt 0.269231 0.230769
vt 0.307692 0.230769
vt 0.346154 0.230769
vt 0.384615 0.230769
vt 0.423077 0.230769
vt 0.461538 0.230769
vt 0.500000 0.230769
vt 0.538462 0.230769
vt 0.576923 0.230769
vt 0.615385 0.230769
vt 0.653846 0.230769
vt 0.692308 0.230769
vt 0.730769 0.230769
vt 0.769231 0.230769
vt 0.807692 0.230769
vt 0.846154 0.230769
vt 0.884615 0.230769
vt 0.923077 0.230769
vt 0.000000 0.192308
vt 0.038462 0.192308
vt 0.076923 0.192308
vt 0.115385 0.192308
vt 0.153846 0.192308
vt 0.192308 0.192308
vt 0.230769 0.192308
vt 0.269231 0.192308
vt 0.307692 0.192308
vt 0.346154 0.192308
vt 0.384615 0.192308
vt 0.423077 0.192308
vt 0.461538 0.192308
vt 0.500000 0.192308
vt 0.538462 0.192308
vt 0.576923 0.192308
vt 0.615385 0.192308
vt 0.653846 0.192308
vt 0.692308 0.192308
vt 0.730769 0.192308
vt 0.769231 0.192308
vt 0.807692 0.192308
vt 0.846154 0.192308
vt 0.884615 0.192308
vt 0.923077 0.192308
vt 0.000000 0.153846
vt 0.038462 0.153846
vt 0.076923 0.153846
vt 0.115385 0.153846
vt 0.153846 0.153846
vt 0.192308 0.153846
vt 0.230769 0.153846
vt 0.269231 0.153846
vt 0.307692 0.153846
vt 0.346154 0.153846
vt 0.384615 0.153846
vt 0.423077 0.153846
vt 0.461538 0.153846
vt 0.500000 0.153846
vt 0.538462 0.153846
vt 0.576923 0.153846
vt 0.615385 0.153846
vt 0.653846 0.153846
vt 0.692308 0.153846
vt 0.730769 0.153846
vt 0.769231 0.153846
vt 0.807692 0.153846
vt 0.846154 0.153846
vt 0.884615 0.153846
vt 0.923077 0.153846
vt 0.000000 0.115385
vt 0.038462 0.115385
vt 0.076923 0.115385
vt 0.115385 0.115385
vt 0.153846 0.115385
vt 0.192308 0.115385
vt 0.230769 0.115385
vt 0.269231 0.115385
vt 0.307692 0.115385
vt 0.346154 0.115385
vt 0.384615 0.115385
vt 0.423077 0.115385
vt 0.461538 0.115385
vt 0.500000 0.115385
vt 0.538462 0.115385
vt 0.576923 0.115385
vt 0.615385 0.115385
vt 0.653846 0.115385
vt 0.692308 0.115385
vt 0.730769 0.115385
vt 0.769231 0.115385
vt 0.807692 0.115385
vt 0.846154 0.115385
vt 0.884615 0.115385
vt 0.923077 0.115385
vt 0.000000 0.076923
vt 0.038462 0.076923
vt 0.076923 0.076923
vt 0.115385 0.076923
vt 0.153846 0.076923
vt 0.192308 0.076923
vt 0.230769 0.076923
vt 0.269231 0.076923
vt 0.307692 0.076923
vt 0.346154 0.076923
vt 0.384615 0.076923
vt 0.423077 0.076923
vt 0.461538 0.076923
vt 0.500000 0.076923
vt 0.538462 0.076923
vt 0.576923 0.076923
vt 0.615385 0.076923
vt 0.653846 0.076923
vt 0.692308 0.076923
vt 0.730769 0.076923
vt 0.769231 0.076923
vt 0.807692 0.076923
vt 0.846154 0.076923
vt 0.884615 0.076923
vt 0.923077 0.076923
vt 0.000000 0.038462
vt 0.038462 0.038462
vt 0.076923 0.038462
vt 0.115385 0.038462
vt 0.153846 0.038462
vt 0.192308 0.038462
vt 0.230769 0.038462
vt 0.269231 0.038462
vt 0.307692 0.038462
vt 0.346154 0.038462
vt 0.384615 0.038462
vt 0.423077 0.038462
vt 0.461538 0.038462
vt 0.500000 0.038462
vt 0.538462 0.038462
vt 0.576923 0.038462
vt 0.615385 0.038462
vt 0.653846 0.038462
vt 0.692308 0.038462
vt 0.730769 0.038462
vt 0.769231 0.038462
vt 0.807692 0.038462
vt 0.846154 0.038462
vt 0.884615 0.038462
vt 0.923077 0.038462
vt 0.000000 0.000000
vt 0.038462 0.000000
vt 0.076923 0.000000
vt 0.115385 0.000000
vt 0.153846 0.000000
vt 0.192308 0.000000
vt 0.230769 0.000000
vt 0.269231 0.000000
vt 0.307692 0.000000
vt 0.346154 0.000000
vt 0.384615 0.000000
vt 0.423077 0.000000
vt 0.461538 0.000000
vt 0.500000 0.000000
vt 0.538462 0.000000
vt 0.576923 0.000000
vt 0.615385 0.000000
vt 0.653846 0.000000
vt 0.692308 0.000000
vt 0.730769 0.000000
vt 0.769231 0.000000
vt 0.807692 0.000000
vt 0.846154 0.000000
vt 0.884615 0.000000
vt 0.923077 0.000000
vt 0.038462 1.000000
vt 0.000000 1.000000
vt 0.076923 1.000000
vt 0.115385 1.000000
vt 0.153846 1.000000
vt 0.192308 1.000000
vt 0.230769 1.000000
vt 0.269231 1.000000
vt 0.307692 1.000000
vt 0.346154 1.000000
vt 0.384615 1.000000
vt 0.423077 1.000000
vt 0.461538 1.000000
vt 0.500000 1.000000
vt 0.538462 1.000000
vt 0.576923 1.000000
vt 0.615385 1.000000
vt 0.653846 1.000000
vt 0.692308 1.000000
vt 0.730769 1.000000
vt 0.769231 1.000000
vt 0.807692 1.000000
vt 0.846154 1.000000
vt 0.884615 1.000000
vt 0.923077 1.000000
vt 0.312500 0.709893
vt 0.375000 0.709893
vt 0.312500 0.750000
vt 0.375000 0.669786
vt 0.375000 0.629679
vt 0.312500 0.500000
vt 0.375000 0.589572
vt 0.312500 0.589572
vt 0.312500 0.619653
vt 0.375000 0.619653
vt 0.312500 0.629679
vt 0.312500 0.669786
vt 0.312500 0.699866
vt 0.375000 0.699866
vt 0.395265 0.699866
vt 0.400602 0.699866
vt 0.400602 0.709893
vt 0.395265 0.709893
vt 0.395265 0.619653
vt 0.400602 0.619653
vt 0.400602 0.629679
vt 0.395265 0.629679
vt 0.395265 0.070187
vt 0.400602 0.070187
vt 0.400602 0.080214
vt 0.395265 0.080214
vt 0.395265 0.150401
vt 0.400602 0.150401
vt 0.400602 0.160428
vt 0.395265 0.160428
vt 0.395265 0.437500
vt 0.400602 0.437500
vt 0.400602 0.500000
vt 0.395265 0.500000
vt 0.569257 0.669786
vt 0.557982 0.669786
vt 0.569257 0.669786
vt 0.395265 0.937500
vt 0.400602 0.937500
vt 0.400602 1.000000
vt 0.395265 1.000000
vt 0.557982 0.699866
vt 0.557982 0.709893
vt 0.557982 0.619653
vt 0.557982 0.629679
vt 0.557982 0.070187
vt 0.557982 0.080214
vt 0.557982 0.150401
vt 0.557982 0.160428
vt 0.557982 0.437500
vt 0.557982 0.500000
vt 0.557982 0.937500
vt 0.557982 1.000000
vt 0.400602 0.750000
vt 0.557982 0.750000
vt 0.557982 0.812500
vt 0.400602 0.812500
vt 0.400602 0.859375
vt 0.557982 0.859375
vt 0.557982 0.875000
vt 0.400602 0.875000
vt 0.400602 0.921875
vt 0.557982 0.921875
vt 0.400602 0.250000
vt 0.557982 0.250000
vt 0.557982 0.312500
vt 0.400602 0.312500
vt 0.400602 0.359375
vt 0.557982 0.359375
vt 0.557982 0.375000
vt 0.400602 0.375000
vt 0.400602 0.421875
vt 0.557982 0.421875
vt 0.395265 0.750000
vt 0.395265 0.812500
vt 0.395265 0.859375
vt 0.395265 0.875000
vt 0.395265 0.921875
vt 0.395265 0.250000
vt 0.395265 0.312500
vt 0.395265 0.359375
vt 0.395265 0.375000
vt 0.395265 0.421875
vt 0.125000 0.699866
vt 0.187500 0.699866
vt 0.187500 0.709893
vt 0.125000 0.709893
vt 0.234375 0.699866
vt 0.250000 0.699866
vt 0.250000 0.709893
vt 0.234375 0.709893
vt 0.296875 0.699866
vt 0.296875 0.709893
vt 0.125000 0.629679
vt 0.187500 0.629679
vt 0.187500 0.669786
vt 0.125000 0.669786
vt 0.234375 0.629679
vt 0.250000 0.629679
vt 0.250000 0.669786
vt 0.234375 0.669786
vt 0.296875 0.629679
vt 0.296875 0.669786
vt 0.125000 0.619653
vt 0.187500 0.619653
vt 0.234375 0.619653
vt 0.250000 0.619653
vt 0.296875 0.619653
vt 0.569257 0.589572
vt 0.557982 0.589572
vt 0.569257 0.589572
vt 0.187500 0.500000
vt 0.187500 0.589572
vt 0.125000 0.589572
vt 0.234375 0.500000
vt 0.250000 0.500000
vt 0.250000 0.589572
vt 0.234375 0.589572
vt 0.296875 0.500000
vt 0.296875 0.589572
vt 0.187500 0.750000
vt 0.250000 0.750000
vt 0.234375 0.750000
vt 0.296875 0.750000
vt 0.203125 0.709893
vt 0.218750 0.709893
vt 0.218750 0.750000
vt 0.203125 0.750000
vt 0.203125 0.500000
vt 0.218750 0.500000
vt 0.218750 0.589572
vt 0.203125 0.589572
vt 0.569257 0.750000
vt 0.569257 0.750000
vt 0.203125 0.619653
vt 0.218750 0.619653
vt 0.218750 0.629679
vt 0.203125 0.629679
vt 0.218750 0.669786
vt 0.203125 0.669786
vt 0.203125 0.699866
vt 0.218750 0.699866
vt 0.395265 0.328125
vt 0.400602 0.328125
vt 0.400602 0.343750
vt 0.395265 0.343750
vt 0.395265 0.890625
vt 0.400602 0.890625
vt 0.400602 0.906250
vt 0.395265 0.906250
vt 0.557982 0.328125
vt 0.557982 0.343750
vt 0.557982 0.890625
vt 0.557982 0.906250
vt 0.265625 0.709893
vt 0.281250 0.709893
vt 0.281250 0.750000
vt 0.265625 0.750000
vt 0.265625 0.500000
vt 0.281250 0.500000
vt 0.281250 0.589572
vt 0.265625 0.589572
vt 0.265625 0.619653
vt 0.281250 0.619653
vt 0.281250 0.629679
vt 0.265625 0.629679
vt 0.281250 0.669786
vt 0.265625 0.669786
vt 0.265625 0.699866
vt 0.281250 0.699866
vt 0.395265 0.390625
vt 0.400602 0.390625
vt 0.400602 0.406250
vt 0.395265 0.406250
vt 0.395265 0.828125
vt 0.400602 0.828125
vt 0.400602 0.843750
vt 0.395265 0.843750
vt 0.557982 0.390625
vt 0.557982 0.406250
vt 0.557982 0.828125
vt 0.557982 0.843750
vt 0.395265 0.589572
vt 0.395265 0.589572
vt 0.400602 0.669786
vt 0.395265 0.669786
vt 0.395265 0.669786
vt 0.400602 0.589572
vt 0.569257 0.709893
vt 0.569257 0.629679
vt 0.569257 0.406250
vt 0.569257 0.421875
vt 0.569257 0.812500
vt 0.569257 0.828125
vt 0.569257 0.906250
vt 0.569257 0.921875
vt 0.569258 0.312500
vt 0.569257 0.328125
vt 0.569257 0.343750
vt 0.569257 0.359375
vt 0.569257 0.875000
vt 0.569257 0.890625
vt 0.569257 0.843750
vt 0.569257 0.859375
vt 0.569257 0.375000
vt 0.569257 0.390625
vt 0.569257 0.437500
vt 0.569257 0.250000
vt 0.569257 0.937500
vt 0.569257 1.000000
vt 0.569257 0.500000
vt 0.569257 0.150401
vt 0.569257 0.160428
vt 0.569257 0.070187
vt 0.569257 0.080214
vt 0.569257 0.619653
vt 0.569257 0.699866
vt 0.375000 0.406250
vt 0.375000 0.421875
vt 0.375000 0.812500
vt 0.375000 0.828125
vt 0.375000 0.906250
vt 0.375000 0.921875
vt 0.375000 0.312500
vt 0.375000 0.328125
vt 0.375000 0.343750
vt 0.375000 0.359375
vt 0.375000 0.875000
vt 0.375000 0.890625
vt 0.375000 0.843750
vt 0.375000 0.859375
vt 0.375000 0.375000
vt 0.375000 0.390625
vt 0.375000 0.437500
vt 0.375000 0.937500
vt 0.375000 0.150401
vt 0.375000 0.160428
vt 0.375000 0.070187
vt 0.375000 0.080214
vt 0.395265 0.515526
vt 0.375000 0.515526
vt 0.375000 0.507719
vt 0.395395 0.507763
vt 0.375000 0.500653
vt 0.375000 0.242237
vt 0.395395 0.242237
vt 0.375000 0.234474
vt 0.395265 0.234474
vt 0.557982 0.515526
vt 0.400602 0.515526
vt 0.400677 0.507763
vt 0.557744 0.507763
vt 0.400677 0.242237
vt 0.557744 0.242237
vt 0.400602 0.234474
vt 0.557982 0.234474
vt 0.569257 0.515526
vt 0.569077 0.507763
vt 0.569077 0.242237
vt 0.569257 0.234474
vt 0.557982 0.178381
vt 0.558865 0.169404
vt 0.562485 0.160428
vt 0.561280 0.162833
vt 0.564577 0.160428
vt 0.557982 0.040107
vt 0.557998 0.040107
vt 0.562485 0.040107
vt 0.558044 0.040107
vt 0.558089 0.040107
vt 0.557982 0.088129
vt 0.558864 0.084171
vt 0.562485 0.080214
vt 0.561275 0.081274
vt 0.564568 0.080214
vt 0.557982 0.120321
vt 0.558009 0.120321
vt 0.562485 0.120321
vt 0.558082 0.120321
vt 0.558155 0.120321
vt 0.557982 0.009573
vt 0.557982 0.004787
vt 0.562485 0.000000
vt 0.557982 0.001283
vt 0.557982 0.000000
vt 0.395265 0.178381
vt 0.375000 0.178381
vt 0.375000 0.169357
vt 0.395416 0.169357
vt 0.375000 0.160428
vt 0.395286 0.160428
vt 0.395265 0.160428
vt 0.395265 0.040107
vt 0.375000 0.040107
vt 0.375000 0.040107
vt 0.395286 0.040107
vt 0.375000 0.035346
vt 0.395416 0.035346
vt 0.375000 0.030534
vt 0.395265 0.030534
vt 0.395265 0.088129
vt 0.375000 0.088129
vt 0.375000 0.084138
vt 0.395416 0.084137
vt 0.395299 0.080214
vt 0.395265 0.080214
vt 0.395265 0.120321
vt 0.375000 0.120321
vt 0.395299 0.120321
vt 0.375000 0.116397
vt 0.395416 0.116397
vt 0.375000 0.112406
vt 0.395265 0.112406
vt 0.395829 1.000000
vt 0.395829 0.000000
vt 0.400602 0.000000
vt 0.400689 0.004787
vt 0.395416 0.004787
vt 0.400602 0.009573
vt 0.395265 0.009573
vt 0.400602 0.178381
vt 0.400689 0.169323
vt 0.400625 0.160428
vt 0.557998 0.160428
vt 0.400602 0.040107
vt 0.400625 0.040107
vt 0.400689 0.035363
vt 0.558865 0.035320
vt 0.400602 0.030534
vt 0.557982 0.030534
vt 0.400602 0.088129
vt 0.400689 0.084114
vt 0.400639 0.080214
vt 0.558009 0.080214
vt 0.400602 0.080214
vt 0.400602 0.120321
vt 0.400639 0.120321
vt 0.400689 0.116421
vt 0.558864 0.116363
vt 0.400602 0.112406
vt 0.557982 0.112406
vt 0.557499 1.000000
vt 0.557499 0.000000
vt 0.557852 0.004787
vt 0.375000 0.004787
vt 0.375000 0.009573
vt 0.395265 0.040107
vt 0.125000 0.748724
vt 0.125000 0.745221
vt 0.125000 0.740427
vt 0.125000 0.719466
vt 0.125000 0.714672
vt 0.125000 0.711169
vt 0.125000 0.709893
vt 0.125000 0.587179
vt 0.125000 0.580608
vt 0.125000 0.571619
vt 0.125000 0.515526
vt 0.125000 0.507632
vt 0.125000 0.501960
vt 0.395265 0.120321
vt 0.125000 0.668742
vt 0.125000 0.665846
vt 0.125000 0.661871
vt 0.125000 0.637594
vt 0.125000 0.633619
vt 0.125000 0.630723
vt 0.569257 0.040107
vt 0.569257 0.000000
vt 0.569257 0.120321
vt 0.569257 0.120321
vt 0.562485 1.000000
vt 0.375000 0.599599
vt 0.395265 0.599599
vt 0.395265 0.609626
vt 0.375000 0.609626
vt 0.375000 0.130348
vt 0.395265 0.130348
vt 0.395265 0.140374
vt 0.375000 0.140374
vt 0.557982 0.599599
vt 0.569257 0.599599
vt 0.569257 0.609626
vt 0.557982 0.609626
vt 0.281250 0.599599
vt 0.296875 0.599599
vt 0.296875 0.609626
vt 0.281250 0.609626
vt 0.187500 0.599599
vt 0.203125 0.599599
vt 0.203125 0.609626
vt 0.187500 0.609626
vt 0.218750 0.599599
vt 0.234375 0.599599
vt 0.234375 0.609626
vt 0.218750 0.609626
vt 0.250000 0.599599
vt 0.265625 0.599599
vt 0.265625 0.609626
vt 0.250000 0.609626
vt 0.312500 0.599599
vt 0.312500 0.609626
vt 0.125000 0.599599
vt 0.125000 0.609626
vt 0.400602 0.130348
vt 0.557982 0.130348
vt 0.557982 0.140374
vt 0.400602 0.140374
vt 0.400602 0.599599
vt 0.400602 0.609626
vt 0.569257 0.130348
vt 0.395265 0.679813
vt 0.375000 0.679813
vt 0.395265 0.689840
vt 0.375000 0.689840
vt 0.395265 0.050134
vt 0.375000 0.050134
vt 0.395265 0.060160
vt 0.375000 0.060160
vt 0.569257 0.679813
vt 0.557982 0.679813
vt 0.569257 0.689839
vt 0.557982 0.689840
vt 0.569257 0.050134
vt 0.557982 0.050134
vt 0.569257 0.060160
vt 0.557982 0.060160
vt 0.296875 0.679813
vt 0.281250 0.679813
vt 0.296875 0.689840
vt 0.281250 0.689840
vt 0.203125 0.679813
vt 0.187500 0.679813
vt 0.203125 0.689840
vt 0.187500 0.689840
vt 0.234375 0.679813
vt 0.218750 0.679813
vt 0.234375 0.689840
vt 0.218750 0.689840
vt 0.265625 0.679813
vt 0.250000 0.679813
vt 0.265625 0.689840
vt 0.250000 0.689840
vt 0.312500 0.679813
vt 0.312500 0.689840
vt 0.125000 0.679813
vt 0.125000 0.689840
vt 0.400602 0.050134
vt 0.400602 0.060160
vt 0.400602 0.679813
vt 0.400602 0.689840
vt 0.569257 0.139492
vt 0.570834 0.140374
vt 0.569257 0.141256
vt 0.564070 0.140374
s 0
usemtl Gotik_Symbol
f 44/23/5 46/24/5 67/24/5 64/23/5
f 48/31/9 51/32/9 59/31/9
f 51/32/10 50/36/10 59/32/10
f 42/34/11 41/33/11 59/34/11
f 50/36/12 42/34/12 59/36/12
f 41/33/13 49/35/13 59/33/13
f 49/35/14 48/31/14 59/35/14
f 43/37/1 44/23/1 64/23/1 65/37/1
f 46/24/3 45/38/3 66/38/3 67/24/3
f 45/38/4 43/37/4 65/37/4 66/38/4
f 79/23/5 99/23/5 102/24/5 81/24/5
f 83/31/21 94/31/21 86/32/21
f 86/32/22 94/32/22 85/36/22
f 77/34/23 94/34/23 76/33/23
f 85/36/24 94/36/24 77/34/24
f 76/33/25 94/33/25 84/35/25
f 84/35/26 94/35/26 83/31/26
f 78/37/1 100/37/1 99/23/1 79/23/1
f 81/24/3 102/24/3 101/38/3 80/38/3
f 80/38/4 101/38/4 100/37/4 78/37/4
f 146/23/5 166/23/5 169/24/5 148/24/5
f 150/31/33 161/31/33 153/32/33
f 153/32/34 161/32/34 152/36/34
f 144/34/35 161/34/35 143/33/35
f 152/36/12 161/36/12 144/34/12
f 143/33/13 161/33/13 151/35/13
f 151/35/36 161/35/36 150/31/36
f 145/37/3 167/37/3 166/23/3 146/23/3
f 148/24/1 169/24/1 168/38/1 147/38/1
f 147/38/4 168/38/4 167/37/4 145/37/4
f 181/23/5 183/24/5 204/24/5 201/23/5
f 185/31/39 188/32/39 196/31/39
f 188/32/40 187/36/40 196/32/40
f 179/34/41 178/33/41 196/34/41
f 187/36/24 179/34/24 196/36/24
f 178/33/25 186/35/25 196/33/25
f 186/35/42 185/31/42 196/35/42
f 180/37/3 181/23/3 201/23/3 202/37/3
f 183/24/1 182/38/1 203/38/1 204/24/1
f 182/38/4 180/37/4 202/37/4 203/38/4
f 248/23/5 250/24/5 271/24/5 268/23/5
f 252/31/9 255/32/9 263/31/9
f 255/32/10 254/36/10 263/32/10
f 246/34/11 245/33/11 263/34/11
f 254/36/12 246/34/12 263/36/12
f 245/33/13 253/35/13 263/33/13
f 253/35/14 252/31/14 263/35/14
f 247/37/1 248/23/1 268/23/1 269/37/1
f 250/24/3 249/38/3 270/38/3 271/24/3
f 249/38/4 247/37/4 269/37/4 270/38/4
f 272/23/5 275/24/5 279/24/5 276/23/5
f 274/38/5 273/37/5 277/37/5 278/38/5
f 283/23/5 303/23/5 306/24/5 285/24/5
f 287/31/21 298/31/21 290/32/21
f 290/32/22 298/32/22 289/36/22
f 281/34/23 298/34/23 280/33/23
f 289/36/24 298/36/24 281/34/24
f 280/33/25 298/33/25 288/35/25
f 288/35/26 298/35/26 287/31/26
f 282/37/1 304/37/1 303/23/1 283/23/1
f 285/24/3 306/24/3 305/38/3 284/38/3
f 284/38/4 305/38/4 304/37/4 282/37/4
f 350/23/5 370/23/5 373/24/5 352/24/5
f 354/31/33 365/31/33 357/32/33
f 357/32/34 365/32/34 356/36/34
f 348/34/35 365/34/35 347/33/35
f 356/36/12 365/36/12 348/34/12
f 347/33/13 365/33/13 355/35/13
f 355/35/36 365/35/36 354/31/36
f 349/37/3 371/37/3 370/23/3 350/23/3
f 352/24/1 373/24/1 372/38/1 351/38/1
f 351/38/4 372/38/4 371/37/4 349/37/4
f 385/23/5 387/24/5 408/24/5 405/23/5
f 389/31/39 392/32/39 400/31/39
f 392/32/40 391/36/40 400/32/40
f 383/34/41 382/33/41 400/34/41
f 391/36/24 383/34/24 400/36/24
f 382/33/25 390/35/25 400/33/25
f 390/35/42 389/31/42 400/35/42
f 384/37/3 385/23/3 405/23/3 406/37/3
f 387/24/1 386/38/1 407/38/1 408/24/1
f 386/38/4 384/37/4 406/37/4 407/38/4
usemtl Helles_Metall
f 1/1/1 2/2/1 4/3/1 3/4/1
f 9/5/2 10/6/2 8/7/2 7/8/2
f 7/8/3 8/7/3 6/9/3 5/10/3
f 12/11/3 10/12/3 19/12/3 18/11/3
f 9/13/4 7/8/4 5/10/4 11/14/4
f 11/15/3 12/16/3 18/16/3 20/15/3
f 8/7/5 10/12/5 12/11/5 6/9/5
f 1/1/1 3/4/1 13/4/1 14/1/1
f 5/10/6 6/9/6 12/16/6 11/15/6
f 4/3/1 2/2/1 15/2/1 16/3/1
f 20/15/6 18/16/6 15/17/6 14/18/6
f 19/12/5 16/19/5 15/20/5 18/11/5
f 13/21/4 17/13/4 20/14/4 14/22/4
f 13/4/2 16/3/2 19/6/2 17/5/2
f 3/4/1 4/3/1 16/3/1 13/4/1
f 2/2/1 1/1/1 14/1/1 15/2/1
f 10/6/3 9/5/3 17/5/3 19/6/3
f 9/13/3 11/14/3 20/14/3 17/13/3
f 21/1/1 22/2/1 24/3/1 23/4/1
f 29/5/2 30/6/2 28/7/2 27/8/2
f 27/8/3 28/7/3 26/9/3 25/10/3
f 32/11/3 30/12/3 39/12/3 38/11/3
f 29/13/4 27/8/4 25/10/4 31/14/4
f 31/15/3 32/16/3 38/16/3 40/15/3
f 28/7/5 30/12/5 32/11/5 26/9/5
f 21/1/1 23/4/1 33/4/1 34/1/1
f 25/10/6 26/9/6 32/16/6 31/15/6
f 24/3/1 22/2/1 35/2/1 36/3/1
f 40/15/6 38/16/6 35/17/6 34/18/6
f 39/12/5 36/19/5 35/20/5 38/11/5
f 33/21/4 37/13/4 40/14/4 34/22/4
f 33/4/2 36/3/2 39/6/2 37/5/2
f 23/4/1 24/3/1 36/3/1 33/4/1
f 22/2/1 21/1/1 34/1/1 35/2/1
f 30/6/3 29/5/3 37/5/3 39/6/3
f 29/13/3 31/14/3 40/14/3 37/13/3
f 53/1/1 54/2/1 60/3/1 61/4/1
f 47/25/7 55/26/7 56/27/7
f 57/28/8 58/29/8 52/30/8
f 61/21/4 62/8/4 47/25/4 56/27/4 53/22/4
f 62/8/3 63/7/3 52/30/3 58/29/3 55/26/3 47/25/3
f 63/7/5 60/19/5 54/20/5 57/28/5 52/30/5
f 41/33/6 42/34/6 54/17/6 53/18/6
f 48/31/6 49/35/6 56/27/6 55/26/6
f 50/36/6 51/32/6 58/29/6 57/28/6
f 49/35/6 41/33/6 53/18/6 56/27/6
f 51/32/6 48/31/6 55/26/6 58/29/6
f 42/34/6 50/36/6 57/28/6 54/17/6
f 44/23/2 43/37/2 61/4/2 60/3/2
f 43/37/2 45/38/2 62/8/2 61/4/2
f 46/24/2 44/23/2 60/3/2 63/7/2
f 45/38/2 46/24/2 63/7/2 62/8/2
f 67/24/15 66/38/15 70/38/15 71/24/15
f 68/23/5 71/24/5 75/24/5 72/23/5
f 66/38/16 65/37/16 69/37/16 70/38/16
f 64/23/17 67/24/17 71/24/17 68/23/17
f 65/37/18 64/23/18 68/23/18 69/37/18
f 73/37/2 72/23/2 75/24/2 74/38/2
f 69/37/5 68/23/5 72/23/5 73/37/5
f 71/24/5 70/38/5 74/38/5 75/24/5
f 70/38/5 69/37/5 73/37/5 74/38/5
f 88/1/1 96/4/1 95/3/1 89/2/1
f 82/25/19 91/27/19 90/26/19
f 92/28/20 87/30/20 93/29/20
f 96/21/4 88/22/4 91/27/4 82/25/4 97/8/4
f 97/8/3 82/25/3 90/26/3 93/29/3 87/30/3 98/7/3
f 98/7/5 87/30/5 92/28/5 89/20/5 95/19/5
f 76/33/2 88/18/2 89/17/2 77/34/2
f 83/31/2 90/26/2 91/27/2 84/35/2
f 85/36/2 92/28/2 93/29/2 86/32/2
f 84/35/2 91/27/2 88/18/2 76/33/2
f 86/32/2 93/29/2 90/26/2 83/31/2
f 77/34/2 89/17/2 92/28/2 85/36/2
f 79/23/6 95/3/6 96/4/6 78/37/6
f 78/37/6 96/4/6 97/8/6 80/38/6
f 81/24/6 98/7/6 95/3/6 79/23/6
f 80/38/6 97/8/6 98/7/6 81/24/6
f 102/24/27 71/24/27 70/38/27 101/38/27
f 101/38/28 70/38/28 69/37/28 100/37/28
f 99/23/29 68/23/29 71/24/29 102/24/29
f 100/37/30 69/37/30 68/23/30 99/23/30
f 103/1/3 105/4/3 106/3/3 104/2/3
f 111/5/2 109/8/2 110/7/2 112/6/2
f 109/8/1 107/10/1 108/9/1 110/7/1
f 114/11/1 120/11/1 121/12/1 112/12/1
f 111/13/4 113/14/4 107/10/4 109/8/4
f 113/15/1 122/15/1 120/16/1 114/16/1
f 110/7/5 108/9/5 114/11/5 112/12/5
f 103/1/3 116/1/3 115/4/3 105/4/3
f 107/10/6 113/15/6 114/16/6 108/9/6
f 106/3/3 118/3/3 117/2/3 104/2/3
f 122/15/6 116/18/6 117/17/6 120/16/6
f 121/12/5 120/11/5 117/20/5 118/19/5
f 115/21/4 116/22/4 122/14/4 119/13/4
f 115/4/2 119/5/2 121/6/2 118/3/2
f 105/4/3 115/4/3 118/3/3 106/3/3
f 104/2/3 117/2/3 116/1/3 103/1/3
f 112/6/1 121/6/1 119/5/1 111/5/1
f 111/13/1 119/13/1 122/14/1 113/14/1
f 123/1/3 125/4/3 126/3/3 124/2/3
f 131/5/2 129/8/2 130/7/2 132/6/2
f 129/8/1 127/10/1 128/9/1 130/7/1
f 134/11/1 140/11/1 141/12/1 132/12/1
f 131/13/4 133/14/4 127/10/4 129/8/4
f 133/15/1 142/15/1 140/16/1 134/16/1
f 130/7/5 128/9/5 134/11/5 132/12/5
f 123/1/3 136/1/3 135/4/3 125/4/3
f 127/10/6 133/15/6 134/16/6 128/9/6
f 126/3/3 138/3/3 137/2/3 124/2/3
f 142/15/6 136/18/6 137/17/6 140/16/6
f 141/12/5 140/11/5 137/20/5 138/19/5
f 135/21/4 136/22/4 142/14/4 139/13/4
f 135/4/2 139/5/2 141/6/2 138/3/2
f 125/4/3 135/4/3 138/3/3 126/3/3
f 124/2/3 137/2/3 136/1/3 123/1/3
f 132/6/1 141/6/1 139/5/1 131/5/1
f 131/13/1 139/13/1 142/14/1 133/14/1
f 155/1/3 163/4/3 162/3/3 156/2/3
f 149/25/31 158/27/31 157/26/31
f 159/28/32 154/30/32 160/29/32
f 163/21/4 155/22/4 158/27/4 149/25/4 164/8/4
f 164/8/1 149/25/1 157/26/1 160/29/1 154/30/1 165/7/1
f 165/7/5 154/30/5 159/28/5 156/20/5 162/19/5
f 143/33/6 155/18/6 156/17/6 144/34/6
f 150/31/6 157/26/6 158/27/6 151/35/6
f 152/36/6 159/28/6 160/29/6 153/32/6
f 151/35/6 158/27/6 155/18/6 143/33/6
f 153/32/6 160/29/6 157/26/6 150/31/6
f 144/34/6 156/17/6 159/28/6 152/36/6
f 146/23/2 162/3/2 163/4/2 145/37/2
f 145/37/2 163/4/2 164/8/2 147/38/2
f 148/24/2 165/7/2 162/3/2 146/23/2
f 147/38/2 164/8/2 165/7/2 148/24/2
f 169/24/18 173/24/18 172/38/18 168/38/18
f 170/23/5 174/23/5 177/24/5 173/24/5
f 168/38/16 172/38/16 171/37/16 167/37/16
f 166/23/17 170/23/17 173/24/17 169/24/17
f 167/37/15 171/37/15 170/23/15 166/23/15
f 175/37/2 176/38/2 177/24/2 174/23/2
f 171/37/5 175/37/5 174/23/5 170/23/5
f 173/24/5 177/24/5 176/38/5 172/38/5
f 172/38/5 176/38/5 175/37/5 171/37/5
f 190/1/3 191/2/3 197/3/3 198/4/3
f 184/25/37 192/26/37 193/27/37
f 194/28/38 195/29/38 189/30/38
f 198/21/4 199/8/4 184/25/4 193/27/4 190/22/4
f 199/8/1 200/7/1 189/30/1 195/29/1 192/26/1 184/25/1
f 200/7/5 197/19/5 191/20/5 194/28/5 189/30/5
f 178/33/2 179/34/2 191/17/2 190/18/2
f 185/31/2 186/35/2 193/27/2 192/26/2
f 187/36/2 188/32/2 195/29/2 194/28/2
f 186/35/2 178/33/2 190/18/2 193/27/2
f 188/32/2 185/31/2 192/26/2 195/29/2
f 179/34/2 187/36/2 194/28/2 191/17/2
f 181/23/6 180/37/6 198/4/6 197/3/6
f 180/37/6 182/38/6 199/8/6 198/4/6
f 183/24/6 181/23/6 197/3/6 200/7/6
f 182/38/6 183/24/6 200/7/6 199/8/6
f 204/24/30 203/38/30 172/38/30 173/24/30
f 203/38/28 202/37/28 171/37/28 172/38/28
f 201/23/29 204/24/29 173/24/29 170/23/29
f 202/37/27 201/23/27 170/23/27 171/37/27
f 205/1/1 206/2/1 208/3/1 207/4/1
f 213/5/2 214/6/2 212/7/2 211/8/2
f 211/8/3 212/7/3 210/9/3 209/10/3
f 216/11/3 214/12/3 223/12/3 222/11/3
f 213/13/4 211/8/4 209/10/4 215/14/4
f 215/15/3 216/16/3 222/16/3 224/15/3
f 212/7/5 214/12/5 216/11/5 210/9/5
f 205/1/1 207/4/1 217/4/1 218/1/1
f 209/10/6 210/9/6 216/16/6 215/15/6
f 208/3/1 206/2/1 219/2/1 220/3/1
f 224/15/6 222/16/6 219/17/6 218/18/6
f 223/12/5 220/19/5 219/20/5 222/11/5
f 217/21/4 221/13/4 224/14/4 218/22/4
f 217/4/2 220/3/2 223/6/2 221/5/2
f 207/4/1 208/3/1 220/3/1 217/4/1
f 206/2/1 205/1/1 218/1/1 219/2/1
f 214/6/3 213/5/3 221/5/3 223/6/3
f 213/13/3 215/14/3 224/14/3 221/13/3
f 225/1/1 226/2/1 228/3/1 227/4/1
f 233/5/2 234/6/2 232/7/2 231/8/2
f 231/8/3 232/7/3 230/9/3 229/10/3
f 236/11/3 234/12/3 243/12/3 242/11/3
f 233/13/4 231/8/4 229/10/4 235/14/4
f 235/15/3 236/16/3 242/16/3 244/15/3
f 232/7/5 234/12/5 236/11/5 230/9/5
f 225/1/1 227/4/1 237/4/1 238/1/1
f 229/10/6 230/9/6 236/16/6 235/15/6
f 228/3/1 226/2/1 239/2/1 240/3/1
f 244/15/6 242/16/6 239/17/6 238/18/6
f 243/12/5 240/19/5 239/20/5 242/11/5
f 237/21/4 241/13/4 244/14/4 238/22/4
f 237/4/2 240/3/2 243/6/2 241/5/2
f 227/4/1 228/3/1 240/3/1 237/4/1
f 226/2/1 225/1/1 238/1/1 239/2/1
f 234/6/3 233/5/3 241/5/3 243/6/3
f 233/13/3 235/14/3 244/14/3 241/13/3
f 257/1/1 258/2/1 264/3/1 265/4/1
f 251/25/43 259/26/43 260/27/43
f 261/28/44 262/29/44 256/30/44
f 265/21/4 266/8/4 251/25/4 260/27/4 257/22/4
f 266/8/3 267/7/3 256/30/3 262/29/3 259/26/3 251/25/3
f 267/7/5 264/19/5 258/20/5 261/28/5 256/30/5
f 245/33/6 246/34/6 258/17/6 257/18/6
f 252/31/6 253/35/6 260/27/6 259/26/6
f 254/36/6 255/32/6 262/29/6 261/28/6
f 253/35/6 245/33/6 257/18/6 260/27/6
f 255/32/6 252/31/6 259/26/6 262/29/6
f 246/34/6 254/36/6 261/28/6 258/17/6
f 248/23/2 247/37/2 265/4/2 264/3/2
f 247/37/2 249/38/2 266/8/2 265/4/2
f 250/24/2 248/23/2 264/3/2 267/7/2
f 249/38/2 250/24/2 267/7/2 266/8/2
f 271/24/15 270/38/15 274/38/15 275/24/15
f 270/38/16 269/37/16 273/37/16 274/38/16
f 268/23/17 271/24/17 275/24/17 272/23/17
f 269/37/18 268/23/18 272/23/18 273/37/18
f 277/37/2 276/23/2 279/24/2 278/38/2
f 273/37/5 272/23/5 276/23/5 277/37/5
f 275/24/5 274/38/5 278/38/5 279/24/5
f 292/1/1 300/4/1 299/3/1 293/2/1
f 286/25/19 295/27/19 294/26/19
f 296/28/20 291/30/20 297/29/20
f 300/21/4 292/22/4 295/27/4 286/25/4 301/8/4
f 301/8/3 286/25/3 294/26/3 297/29/3 291/30/3 302/7/3
f 302/7/5 291/30/5 296/28/5 293/20/5 299/19/5
f 280/33/2 292/18/2 293/17/2 281/34/2
f 287/31/2 294/26/2 295/27/2 288/35/2
f 289/36/2 296/28/2 297/29/2 290/32/2
f 288/35/2 295/27/2 292/18/2 280/33/2
f 290/32/2 297/29/2 294/26/2 287/31/2
f 281/34/2 293/17/2 296/28/2 289/36/2
f 283/23/6 299/3/6 300/4/6 282/37/6
f 282/37/6 300/4/6 301/8/6 284/38/6
f 285/24/6 302/7/6 299/3/6 283/23/6
f 284/38/6 301/8/6 302/7/6 285/24/6
f 306/24/27 275/24/27 274/38/27 305/38/27
f 305/38/28 274/38/28 273/37/28 304/37/28
f 303/23/29 272/23/29 275/24/29 306/24/29
f 304/37/30 273/37/30 272/23/30 303/23/30
f 307/1/3 309/4/3 310/3/3 308/2/3
f 315/5/2 313/8/2 314/7/2 316/6/2
f 313/8/1 311/10/1 312/9/1 314/7/1
f 318/11/1 324/11/1 325/12/1 316/12/1
f 315/13/4 317/14/4 311/10/4 313/8/4
f 317/15/1 326/15/1 324/16/1 318/16/1
f 314/7/5 312/9/5 318/11/5 316/12/5
f 307/1/3 320/1/3 319/4/3 309/4/3
f 311/10/6 317/15/6 318/16/6 312/9/6
f 310/3/3 322/3/3 321/2/3 308/2/3
f 326/15/6 320/18/6 321/17/6 324/16/6
f 325/12/5 324/11/5 321/20/5 322/19/5
f 319/21/4 320/22/4 326/14/4 323/13/4
f 319/4/2 323/5/2 325/6/2 322/3/2
f 309/4/3 319/4/3 322/3/3 310/3/3
f 308/2/3 321/2/3 320/1/3 307/1/3
f 316/6/1 325/6/1 323/5/1 315/5/1
f 315/13/1 323/13/1 326/14/1 317/14/1
f 327/1/3 329/4/3 330/3/3 328/2/3
f 335/5/2 333/8/2 334/7/2 336/6/2
f 333/8/1 331/10/1 332/9/1 334/7/1
f 338/11/1 344/11/1 345/12/1 336/12/1
f 335/13/4 337/14/4 331/10/4 333/8/4
f 337/15/1 346/15/1 344/16/1 338/16/1
f 334/7/5 332/9/5 338/11/5 336/12/5
f 327/1/3 340/1/3 339/4/3 329/4/3
f 331/10/6 337/15/6 338/16/6 332/9/6
f 330/3/3 342/3/3 341/2/3 328/2/3
f 346/15/6 340/18/6 341/17/6 344/16/6
f 345/12/5 344/11/5 341/20/5 342/19/5
f 339/21/4 340/22/4 346/14/4 343/13/4
f 339/4/2 343/5/2 345/6/2 342/3/2
f 329/4/3 339/4/3 342/3/3 330/3/3
f 328/2/3 341/2/3 340/1/3 327/1/3
f 336/6/1 345/6/1 343/5/1 335/5/1
f 335/13/1 343/13/1 346/14/1 337/14/1
f 359/1/3 367/4/3 366/3/3 360/2/3
f 353/25/45 362/27/45 361/26/45
f 363/28/46 358/30/46 364/29/46
f 367/21/4 359/22/4 362/27/4 353/25/4 368/8/4
f 368/8/1 353/25/1 361/26/1 364/29/1 358/30/1 369/7/1
f 369/7/5 358/30/5 363/28/5 360/20/5 366/19/5
f 347/33/6 359/18/6 360/17/6 348/34/6
f 354/31/6 361/26/6 362/27/6 355/35/6
f 356/36/6 363/28/6 364/29/6 357/32/6
f 355/35/6 362/27/6 359/18/6 347/33/6
f 357/32/6 364/29/6 361/26/6 354/31/6
f 348/34/6 360/17/6 363/28/6 356/36/6
f 350/23/2 366/3/2 367/4/2 349/37/2
f 349/37/2 367/4/2 368/8/2 351/38/2
f 352/24/2 369/7/2 366/3/2 350/23/2
f 351/38/2 368/8/2 369/7/2 352/24/2
f 373/24/18 377/24/18 376/38/18 372/38/18
f 374/23/5 378/23/5 381/24/5 377/24/5
f 372/38/16 376/38/16 375/37/16 371/37/16
f 370/23/17 374/23/17 377/24/17 373/24/17
f 371/37/15 375/37/15 374/23/15 370/23/15
f 379/37/2 380/38/2 381/24/2 378/23/2
f 375/37/5 379/37/5 378/23/5 374/23/5
f 377/24/5 381/24/5 380/38/5 376/38/5
f 376/38/5 380/38/5 379/37/5 375/37/5
f 394/1/3 395/2/3 401/3/3 402/4/3
f 388/25/47 396/26/47 397/27/47
f 398/28/48 399/29/48 393/30/48
f 402/21/4 403/8/4 388/25/4 397/27/4 394/22/4
f 403/8/1 404/7/1 393/30/1 399/29/1 396/26/1 388/25/1
f 404/7/5 401/19/5 395/20/5 398/28/5 393/30/5
f 382/33/2 383/34/2 395/17/2 394/18/2
f 389/31/2 390/35/2 397/27/2 396/26/2
f 391/36/2 392/32/2 399/29/2 398/28/2
f 390/35/2 382/33/2 394/18/2 397/27/2
f 392/32/2 389/31/2 396/26/2 399/29/2
f 383/34/2 391/36/2 398/28/2 395/17/2
f 385/23/6 384/37/6 402/4/6 401/3/6
f 384/37/6 386/38/6 403/8/6 402/4/6
f 387/24/6 385/23/6 401/3/6 404/7/6
f 386/38/6 387/24/6 404/7/6 403/8/6
f 408/24/30 407/38/30 376/38/30 377/24/30
f 407/38/28 406/37/28 375/37/28 376/38/28
f 405/23/29 408/24/29 377/24/29 374/23/29
f 406/37/27 405/23/27 374/23/27 375/37/27
f 1189/768/4 1147/769/4 1139/10/4 1179/770/4
f 1148/771/4 1149/772/4 1270/772/4 1269/771/4
f 1174/773/4 1138/8/4 1143/774/4 1180/775/4
f 1139/10/4 1147/769/4 1268/769/4 1265/10/4
f 1183/778/4 1149/772/4 1148/771/4 1186/779/4
f 1336/798/2 1194/799/2 1150/800/2 1319/801/2
f 1288/802/6 1172/803/6 1277/803/6 1316/804/6
f 1333/805/6 1197/806/6 1151/807/6 1330/808/6
f 1194/799/2 1200/817/2 1163/818/2 1150/800/2
f 1197/806/6 1203/819/6 1162/820/6 1151/807/6
f 1152/821/6 1164/822/6 1201/823/6 1195/824/6
f 1229/825/6 1230/826/6 1202/827/6 1196/828/6
f 1249/829/6 1250/830/6 1203/819/6 1197/806/6
f 1153/831/2 1165/832/2 1198/833/2 1192/834/2
f 1235/835/2 1236/836/2 1199/837/2 1193/838/2
f 1255/839/2 1256/840/2 1200/817/2 1194/799/2
f 1320/841/6 1152/821/6 1195/824/6 1331/842/6
f 1342/843/6 1229/825/6 1196/828/6 1332/844/6
f 1346/845/6 1249/829/6 1197/806/6 1333/805/6
f 1321/846/2 1153/831/2 1192/834/2 1334/847/2
f 1344/848/2 1235/835/2 1193/838/2 1335/849/2
f 1348/850/2 1255/839/2 1194/799/2 1336/798/2
f 1144/861/4 1185/862/4 1188/863/4 1145/864/4
f 1239/865/4 1184/866/4 1187/867/4 1240/868/4
f 1259/869/4 1183/778/4 1186/779/4 1260/870/4
f 1282/876/6 1166/877/6 1275/877/6 1310/878/6
f 1140/21/4 1176/879/4 1182/880/4 1142/881/4
f 1237/882/4 1175/883/4 1181/884/4 1238/885/4
f 1257/886/4 1174/773/4 1180/775/4 1258/887/4
f 1146/854/4 1191/853/4 1177/888/4 1141/22/4
f 1241/858/4 1190/857/4 1178/889/4 1234/890/4
f 1261/860/4 1189/768/4 1179/770/4 1254/891/4
f 1248/892/4 1209/893/4 1205/894/4 1251/895/4
f 1244/896/4 1204/897/4 1206/898/4 1245/899/4
f 1280/900/6 1164/822/6 1274/822/6 1309/901/6
f 1246/905/4 1207/904/4 1208/906/4 1247/907/4
f 1345/910/2 1252/911/2 1210/912/2 1337/913/2
f 1343/914/6 1242/915/6 1211/916/6 1338/917/6
f 1252/911/2 1253/918/2 1212/919/2 1210/912/2
f 1242/915/6 1243/920/6 1213/921/6 1211/916/6
f 1228/922/4 1219/923/4 1215/924/4 1231/925/4
f 1224/926/4 1214/927/4 1216/928/4 1225/929/4
f 1226/933/4 1217/932/4 1218/934/4 1227/935/4
f 1341/938/2 1232/939/2 1220/940/2 1339/941/2
f 1347/942/6 1262/943/6 1221/944/6 1340/945/6
f 1232/939/2 1233/946/2 1222/947/2 1220/940/2
f 1262/943/6 1263/948/6 1223/949/6 1221/944/6
f 1193/838/2 1199/837/2 1233/946/2 1232/939/2
f 1335/849/2 1193/838/2 1232/939/2 1341/938/2
f 1184/866/4 1226/933/4 1227/935/4 1187/867/4
f 1175/883/4 1224/926/4 1225/929/4 1181/884/4
f 1190/857/4 1228/922/4 1231/925/4 1178/889/4
f 1340/945/6 1221/944/6 1229/825/6 1342/843/6
f 1221/944/6 1223/949/6 1230/826/6 1229/825/6
f 1196/828/6 1202/827/6 1243/920/6 1242/915/6
f 1332/844/6 1196/828/6 1242/915/6 1343/914/6
f 1209/893/4 1241/858/4 1234/890/4 1205/894/4
f 1204/897/4 1237/882/4 1238/885/4 1206/898/4
f 1207/904/4 1239/865/4 1240/868/4 1208/906/4
f 1337/913/2 1210/912/2 1235/835/2 1344/848/2
f 1210/912/2 1212/919/2 1236/836/2 1235/835/2
f 1192/834/2 1198/833/2 1253/918/2 1252/911/2
f 1334/847/2 1192/834/2 1252/911/2 1345/910/2
f 1185/862/4 1246/905/4 1247/907/4 1188/863/4
f 1176/879/4 1244/896/4 1245/899/4 1182/880/4
f 1191/853/4 1248/892/4 1251/895/4 1177/888/4
f 1338/917/6 1211/916/6 1249/829/6 1346/845/6
f 1211/916/6 1213/921/6 1250/830/6 1249/829/6
f 1195/824/6 1201/823/6 1263/948/6 1262/943/6
f 1331/842/6 1195/824/6 1262/943/6 1347/942/6
f 1219/923/4 1261/860/4 1254/891/4 1215/924/4
f 1214/927/4 1257/886/4 1258/887/4 1216/928/4
f 1217/932/4 1259/869/4 1260/870/4 1218/934/4
f 1339/941/2 1220/940/2 1255/839/2 1348/850/2
f 1220/940/2 1222/947/2 1256/840/2 1255/839/2
f 1351/789/783 1271/788/783 1272/952/783 1352/953/783
f 1353/785/783 1273/784/783 1264/821/783 1349/841/783
f 1271/788/784 1276/812/784 1277/803/784 1272/952/784
f 1273/784/784 1278/810/784 1274/822/784 1264/821/784
f 1327/789/785 1159/788/785 1271/788/785 1351/789/785
f 1328/954/786 1148/771/786 1269/771/786 1352/953/786
f 1329/785/787 1161/784/787 1273/784/787 1353/785/787
f 1164/822/6 1152/821/6 1264/821/6 1274/822/6
f 1166/877/788 1154/955/788 1267/955/788 1275/877/788
f 1159/788/789 1171/812/789 1276/812/789 1271/788/789
f 1172/803/790 1160/952/790 1272/952/790 1277/803/790
f 1161/784/791 1173/810/791 1278/810/791 1273/784/791
f 1320/841/6 1139/10/6 1265/10/6 1349/841/6
f 1278/810/792 1317/956/792 1309/901/792 1274/822/792
f 1276/812/792 1315/957/792 1316/804/792 1277/803/792
f 1222/947/2 1299/958/2 1308/959/2 1256/840/2
f 1201/823/6 1291/960/6 1307/961/6 1263/948/6
f 1213/921/6 1298/962/6 1306/963/6 1250/830/6
f 1198/833/2 1294/964/2 1305/965/2 1253/918/2
f 1212/919/2 1297/966/2 1304/967/2 1236/836/2
f 1202/827/6 1292/968/6 1303/969/6 1243/920/6
f 1223/949/6 1300/970/6 1302/971/6 1230/826/6
f 1199/837/2 1295/972/2 1301/973/2 1233/946/2
f 1263/948/6 1307/961/6 1300/970/6 1223/949/6
f 1233/946/2 1301/973/2 1299/958/2 1222/947/2
f 1243/920/6 1303/969/6 1298/962/6 1213/921/6
f 1253/918/2 1305/965/2 1297/966/2 1212/919/2
f 1256/840/2 1308/959/2 1296/974/2 1200/817/2
f 1236/836/2 1304/967/2 1295/972/2 1199/837/2
f 1165/832/2 1281/975/2 1294/964/2 1198/833/2
f 1250/830/6 1306/963/6 1293/976/6 1203/819/6
f 1230/826/6 1302/971/6 1292/968/6 1202/827/6
f 1164/822/6 1280/900/6 1291/960/6 1201/823/6
f 1203/819/6 1293/976/6 1290/977/6 1162/820/6
f 1200/817/2 1296/974/2 1279/978/2 1163/818/2
f 1171/812/2 1287/957/2 1315/957/2 1276/812/2
f 1173/810/2 1289/956/2 1317/956/2 1278/810/2
f 1152/821/6 1320/841/6 1349/841/6 1264/821/6
f 1147/769/795 1329/785/795 1353/785/795 1268/769/795
f 1160/952/796 1328/954/796 1352/953/796 1272/952/796
f 1149/772/797 1327/789/797 1351/789/797 1270/772/797
f 1268/769/3 1353/785/3 1349/841/3 1265/10/3
f 1270/772/3 1351/789/3 1352/953/3 1269/771/3
f 1214/985/2 1339/941/2 1348/850/2 1257/986/2
f 1179/987/6 1331/842/6 1347/942/6 1254/988/6
f 1205/989/6 1338/917/6 1346/845/6 1251/990/6
f 1176/991/2 1334/847/2 1345/910/2 1244/992/2
f 1204/993/2 1337/913/2 1344/848/2 1237/994/2
f 1178/995/6 1332/844/6 1343/914/6 1234/996/6
f 1215/997/6 1340/945/6 1342/843/6 1231/998/6
f 1175/999/2 1335/849/2 1341/938/2 1224/1000/2
f 1254/988/6 1347/942/6 1340/945/6 1215/997/6
f 1224/1000/2 1341/938/2 1339/941/2 1214/985/2
f 1234/996/6 1343/914/6 1338/917/6 1205/989/6
f 1244/992/2 1345/910/2 1337/913/2 1204/993/2
f 1257/986/2 1348/850/2 1336/798/2 1174/1001/2
f 1237/994/2 1344/848/2 1335/849/2 1175/999/2
f 1140/4/2 1321/846/2 1334/847/2 1176/991/2
f 1251/990/6 1346/845/6 1333/805/6 1177/1002/6
f 1231/998/6 1342/843/6 1332/844/6 1178/995/6
f 1139/10/6 1320/841/6 1331/842/6 1179/987/6
f 1177/1002/6 1333/805/6 1330/808/6 1141/18/6
f 1174/1001/2 1336/798/2 1319/801/2 1138/8/2
f 1387/1007/799 1359/1008/799 1361/1009/799 1389/1010/799
f 1389/1010/800 1361/1009/800 1360/1011/800 1388/801/800
f 1388/801/801 1360/1011/801 1358/8/801 1386/801/801
f 1391/846/802 1367/4/802 1369/4/802 1393/846/802
f 1393/846/803 1369/4/803 1368/1012/803 1392/1013/803
f 1392/1013/804 1368/1012/804 1366/1014/804 1390/1015/804
f 1371/1016/805 1354/1017/805 1356/1018/805 1373/1019/805
f 1373/1019/806 1356/1018/806 1357/800/806 1372/818/806
f 1372/818/807 1357/800/807 1355/800/807 1370/818/807
f 1375/832/808 1362/831/808 1364/831/808 1377/832/808
f 1377/832/809 1364/831/809 1365/1020/809 1376/1021/809
f 1376/1021/810 1365/1020/810 1363/1022/810 1374/1023/810
f 1379/1024/811 1371/1016/811 1373/1019/811 1381/1025/811
f 1381/1025/812 1373/1019/812 1372/818/812 1380/978/812
f 1380/978/813 1372/818/813 1370/818/813 1378/978/813
f 1383/975/814 1375/832/814 1377/832/814 1385/975/814
f 1385/975/815 1377/832/815 1376/1021/815 1384/1026/815
f 1384/1026/816 1376/1021/816 1374/1023/816 1382/1027/816
f 1354/1017/817 1387/1007/817 1389/1010/817 1356/1018/817
f 1356/1018/818 1389/1010/818 1388/801/818 1357/800/818
f 1357/800/819 1388/801/819 1386/801/819 1355/800/819
f 1362/831/820 1391/846/820 1393/846/820 1364/831/820
f 1364/831/821 1393/846/821 1392/1013/821 1365/1020/821
f 1365/1020/822 1392/1013/822 1390/1015/822 1363/1022/822
f 1150/800/2 1163/818/2 1370/818/2 1355/800/2
f 1319/801/2 1150/800/2 1355/800/2 1386/801/2
f 1354/1017/784 1371/1016/784 1275/877/784 1267/955/784
f 1387/1007/783 1354/1017/783 1267/955/783 1350/951/783
f 1138/8/2 1319/801/2 1386/801/2 1358/8/2
f 1359/1008/3 1387/1007/3 1350/951/3 1266/774/3
f 1143/774/4 1138/8/4 1358/8/4 1360/1011/4 1361/1009/4 1359/1008/4 1266/774/4
f 1165/832/2 1153/831/2 1362/831/2 1375/832/2
f 1153/831/2 1321/846/2 1391/846/2 1362/831/2
f 1321/846/2 1140/4/2 1367/4/2 1391/846/2
f 1163/818/2 1279/978/2 1378/978/2 1370/818/2
f 1371/1016/792 1379/1024/792 1310/878/792 1275/877/792
f 1281/975/2 1165/832/2 1375/832/2 1383/975/2
f 1434/1028/823 1437/1029/823 1436/1030/823
f 1437/1029/824 1438/1031/824 1436/1030/824
f 1438/1031/825 1435/1032/825 1436/1030/825
f 1439/1033/826 1442/1034/826 1441/1035/826
f 1442/1034/827 1443/1036/827 1441/1035/827
f 1443/1036/828 1440/1037/828 1441/1035/828
f 1444/1038/829 1447/1039/829 1446/1040/829
f 1447/1039/830 1448/1041/830 1446/1040/830
f 1448/1041/831 1445/1042/831 1446/1040/831
f 1449/1043/832 1452/1044/832 1451/1045/832
f 1452/1044/833 1453/1046/833 1451/1045/833
f 1453/1046/834 1450/1047/834 1451/1045/834
f 1454/1048/835 1457/1049/835 1456/1050/835
f 1457/1049/836 1458/1051/836 1456/1050/836
f 1458/1051/837 1455/1052/837 1456/1050/837
f 1460/1053/838 1403/1054/838 1405/1055/838 1462/1056/838
f 1462/1056/839 1405/1055/839 1404/1057/839 1461/1058/839
f 1461/1058/840 1404/1057/840 1402/1004/840 1459/1059/840
f 1464/1060/841 1395/1061/841 1397/1062/841 1466/1063/841
f 1466/1063/842 1397/1062/842 1396/1064/842 1465/1065/842
f 1465/1065/843 1396/1064/843 1394/1066/843 1463/1067/843
f 1468/1068/844 1415/1069/844 1417/1070/844 1470/1071/844
f 1470/1071/845 1417/1070/845 1416/1006/845 1469/1072/845
f 1469/1072/846 1416/1006/846 1414/1006/846 1467/1073/846
f 1472/1074/847 1411/1075/847 1413/1075/847 1474/1076/847
f 1474/1076/848 1413/1075/848 1412/1077/848 1473/1078/848
f 1473/1078/849 1412/1077/849 1410/1079/849 1471/1080/849
f 1476/808/850 1430/807/850 1432/807/850 1478/1081/850
f 1478/1082/851 1432/1083/851 1433/1084/851 1477/1085/851
f 1477/1085/852 1433/1084/852 1431/1086/852 1475/1087/852
f 1434/1028/853 1406/1088/853 1408/1089/853 1437/1029/853
f 1437/1029/854 1408/1089/854 1409/1090/854 1438/1091/854
f 1438/1091/855 1409/1090/855 1407/796/855 1435/816/855
f 1439/1033/856 1418/1092/856 1420/1093/856 1442/1034/856
f 1442/1034/857 1420/1093/857 1421/1094/857 1443/1095/857
f 1443/1095/858 1421/1094/858 1419/1096/858 1440/1097/858
f 1444/1038/859 1422/1098/859 1424/1099/859 1447/1039/859
f 1447/1039/860 1424/1099/860 1425/1100/860 1448/1101/860
f 1448/1101/861 1425/1100/861 1423/1102/861 1445/814/861
f 1449/1043/862 1426/1103/862 1428/1104/862 1452/1044/862
f 1452/1044/863 1428/1104/863 1429/1105/863 1453/1106/863
f 1453/1106/864 1429/1105/864 1427/1107/864 1450/1108/864
f 1430/807/865 1455/820/865 1458/1109/865 1432/807/865
f 1432/1083/866 1458/1110/866 1457/1111/866 1433/1084/866
f 1433/1084/867 1457/1111/867 1454/1048/867 1431/1086/867
f 1406/1088/868 1460/1053/868 1462/1056/868 1408/1089/868
f 1408/1089/869 1462/1056/869 1461/1058/869 1409/1090/869
f 1409/1090/870 1461/1058/870 1459/1059/870 1407/796/870
f 1418/1092/871 1464/1060/871 1466/1063/871 1420/1093/871
f 1420/1093/872 1466/1063/872 1465/1065/872 1421/1094/872
f 1421/1094/873 1465/1065/873 1463/1067/873 1419/1096/873
f 1422/1098/874 1468/1068/874 1470/1071/874 1424/1099/874
f 1424/1099/875 1470/1071/875 1469/1072/875 1425/1100/875
f 1425/1100/876 1469/1072/876 1467/1073/876 1423/1102/876
f 1426/1103/877 1472/1074/877 1474/1076/877 1428/1104/877
f 1428/1104/878 1474/1076/878 1473/1078/878 1429/1105/878
f 1429/1105/879 1473/1078/879 1471/1080/879 1427/1107/879
f 1398/18/880 1476/808/880 1478/1081/880 1400/18/880
f 1400/1/881 1478/1082/881 1477/1085/881 1401/1112/881
f 1401/1112/882 1477/1085/882 1475/1087/882 1399/1113/882
f 1399/1113/1 1475/1087/1 1463/1067/1 1394/1066/1
f 1324/1114/883 1146/1061/883 1395/1061/883 1464/1060/883
f 1146/854/4 1141/22/4 1398/22/4 1400/1115/4 1401/1116/4 1399/1117/4 1394/1118/4 1396/1119/4 1397/1120/4 1395/1121/4
f 1141/18/6 1330/808/6 1476/808/6 1398/18/6
f 1140/21/4 1142/881/4 1402/881/4 1404/1122/4 1405/1123/4 1403/1124/4 1366/1125/4 1368/1126/4 1369/1127/4 1367/21/4
f 1142/1004/884 1323/797/884 1459/1059/884 1402/1004/884
f 1403/1054/1 1460/1053/1 1390/1015/1 1366/1014/1
f 1155/796/885 1167/816/885 1435/816/885 1407/796/885
f 1406/1088/886 1434/1028/886 1374/1023/886 1363/1022/886
f 1323/797/887 1155/796/887 1407/796/887 1459/1059/887
f 1460/1053/888 1406/1088/888 1363/1022/888 1390/1015/888
f 1326/1128/889 1144/1075/889 1411/1075/889 1472/1074/889
f 1144/861/4 1145/864/4 1414/864/4 1416/1129/4 1417/1130/4 1415/1131/4 1410/1132/4 1412/1133/4 1413/1134/4 1411/861/4
f 1415/1069/1 1468/1068/1 1471/1080/1 1410/1079/1
f 1145/1006/890 1325/793/890 1467/1073/890 1414/1006/890
f 1168/1033/891 1156/1092/891 1418/1092/891 1439/1033/891
f 1431/1086/886 1454/1048/886 1440/1097/886 1419/1096/886
f 1156/1092/892 1324/1114/892 1464/1060/892 1418/1092/892
f 1475/1087/888 1431/1086/888 1419/1096/888 1463/1067/888
f 1157/792/893 1169/814/893 1445/814/893 1423/1102/893
f 1325/793/894 1157/792/894 1423/1102/894 1467/1073/894
f 1422/1098/886 1444/1038/886 1450/1108/886 1427/1107/886
f 1468/1068/888 1422/1098/888 1427/1107/888 1471/1080/888
f 1170/1043/895 1158/1103/895 1426/1103/895 1449/1043/895
f 1158/1103/896 1326/1128/896 1472/1074/896 1426/1103/896
f 1330/808/6 1151/807/6 1430/807/6 1476/808/6
f 1151/807/6 1162/820/6 1455/820/6 1430/807/6
f 1167/816/6 1283/980/6 1311/980/6 1436/1030/6 1435/816/6
f 1434/1028/897 1436/1030/897 1311/980/897 1382/1027/897 1374/1023/897
f 1284/1135/2 1168/1033/2 1439/1033/2 1441/1035/2 1312/1135/2
f 1454/1048/897 1456/1050/897 1318/1136/897 1312/1135/897 1441/1035/897 1440/1097/897
f 1444/1038/897 1446/1040/897 1313/982/897 1314/1137/897 1451/1045/897 1450/1108/897
f 1169/814/6 1285/982/6 1313/982/6 1446/1040/6 1445/814/6
f 1286/1138/2 1170/1043/2 1449/1043/2 1451/1045/2 1314/1137/2
f 1162/820/6 1290/977/6 1318/977/6 1456/1139/6 1455/820/6
s 1
usemtl Sarg_innen_Samt
f 1113/39/49 462/40/50 412/41/51 488/42/52
f 487/43/53 410/44/54 438/45/55 513/46/56
f 513/46/56 438/45/55 439/47/57 538/48/58
f 538/48/58 439/47/57 440/49/59 563/50/60
f 563/50/60 440/49/59 441/51/61 588/52/62
f 588/52/62 441/51/61 442/53/63 613/54/64
f 613/54/64 442/53/63 443/55/65 638/56/66
f 638/56/66 443/55/65 444/57/67 663/58/68
f 663/58/68 444/57/67 445/59/69 688/60/70
f 688/60/70 445/59/69 446/61/71 713/62/72
f 713/62/72 446/61/71 447/63/73 738/64/74
f 738/64/74 447/63/73 448/65/75 763/66/76
f 763/66/76 448/65/75 449/67/77 788/68/78
f 788/68/78 449/67/77 450/69/79 813/70/80
f 813/70/80 450/69/79 451/71/81 838/72/82
f 838/72/82 451/71/81 452/73/83 863/74/84
f 863/74/84 452/73/83 453/75/85 888/76/86
f 888/76/86 453/75/85 454/77/87 913/78/88
f 913/78/88 454/77/87 455/79/89 938/80/90
f 938/80/90 455/79/89 456/81/91 963/82/92
f 963/82/92 456/81/91 457/83/93 988/84/94
f 988/84/94 457/83/93 458/85/95 1013/86/96
f 1013/86/96 458/85/95 459/87/97 1038/88/98
f 1038/88/98 459/87/97 460/89/99 1063/90/100
f 1063/90/100 460/89/99 461/91/101 1088/92/102
f 1088/92/102 461/91/101 462/40/50 1113/39/49
f 414/93/103 1112/94/104 1137/95/105 413/96/106
f 1112/94/104 1111/97/107 1136/98/108 1137/95/105
f 1111/97/107 1110/99/109 1135/100/110 1136/98/108
f 1110/99/109 1109/101/111 1134/102/112 1135/100/110
f 1109/101/111 1108/103/113 1133/104/114 1134/102/112
f 1108/103/113 1107/105/115 1132/106/116 1133/104/114
f 1107/105/115 1106/107/117 1131/108/118 1132/106/116
f 1106/107/117 1105/109/119 1130/110/120 1131/108/118
f 1105/109/119 1104/111/121 1129/112/122 1130/110/120
f 1104/111/121 1103/113/123 1128/114/124 1129/112/122
f 1103/113/123 1102/115/125 1127/116/126 1128/114/124
f 1102/115/125 1101/117/127 1126/118/128 1127/116/126
f 1101/117/127 1100/119/129 1125/120/130 1126/118/128
f 1100/119/129 1099/121/131 1124/122/132 1125/120/130
f 1099/121/131 1098/123/133 1123/124/134 1124/122/132
f 1098/123/133 1097/125/135 1122/126/136 1123/124/134
f 1097/125/135 1096/127/137 1121/128/138 1122/126/136
f 1096/127/137 1095/129/139 1120/130/140 1121/128/138
f 1095/129/139 1094/131/141 1119/132/142 1120/130/140
f 1094/131/141 1093/133/143 1118/134/144 1119/132/142
f 1093/133/143 1092/135/145 1117/136/146 1118/134/144
f 1092/135/145 1091/137/147 1116/138/148 1117/136/146
f 1091/137/147 1090/139/149 1115/140/150 1116/138/148
f 1090/139/149 1089/141/151 1114/142/152 1115/140/150
f 1089/141/151 1088/92/102 1113/39/49 1114/142/152
f 415/143/153 1087/144/154 1112/94/104 414/93/103
f 1087/144/154 1086/145/155 1111/97/107 1112/94/104
f 1086/145/155 1085/146/156 1110/99/109 1111/97/107
f 1085/146/156 1084/147/157 1109/101/111 1110/99/109
f 1084/147/157 1083/148/158 1108/103/113 1109/101/111
f 1083/148/158 1082/149/159 1107/105/115 1108/103/113
f 1082/149/159 1081/150/160 1106/107/117 1107/105/115
f 1081/150/160 1080/151/161 1105/109/119 1106/107/117
f 1080/151/161 1079/152/162 1104/111/121 1105/109/119
f 1079/152/162 1078/153/163 1103/113/123 1104/111/121
f 1078/153/163 1077/154/164 1102/115/125 1103/113/123
f 1077/154/164 1076/155/165 1101/117/127 1102/115/125
f 1076/155/165 1075/156/166 1100/119/129 1101/117/127
f 1075/156/166 1074/157/167 1099/121/131 1100/119/129
f 1074/157/167 1073/158/168 1098/123/133 1099/121/131
f 1073/158/168 1072/159/169 1097/125/135 1098/123/133
f 1072/159/169 1071/160/170 1096/127/137 1097/125/135
f 1071/160/170 1070/161/171 1095/129/139 1096/127/137
f 1070/161/171 1069/162/172 1094/131/141 1095/129/139
f 1069/162/172 1068/163/173 1093/133/143 1094/131/141
f 1068/163/173 1067/164/174 1092/135/145 1093/133/143
f 1067/164/174 1066/165/175 1091/137/147 1092/135/145
f 1066/165/175 1065/166/176 1090/139/149 1091/137/147
f 1065/166/176 1064/167/177 1089/141/151 1090/139/149
f 1064/167/177 1063/90/100 1088/92/102 1089/141/151
f 416/168/178 1062/169/179 1087/144/154 415/143/153
f 1062/169/179 1061/170/180 1086/145/155 1087/144/154
f 1061/170/180 1060/171/181 1085/146/156 1086/145/155
f 1060/171/181 1059/172/182 1084/147/157 1085/146/156
f 1059/172/182 1058/173/183 1083/148/158 1084/147/157
f 1058/173/183 1057/174/184 1082/149/159 1083/148/158
f 1057/174/184 1056/175/185 1081/150/160 1082/149/159
f 1056/175/185 1055/176/186 1080/151/161 1081/150/160
f 1055/176/186 1054/177/187 1079/152/162 1080/151/161
f 1054/177/187 1053/178/188 1078/153/163 1079/152/162
f 1053/178/188 1052/179/189 1077/154/164 1078/153/163
f 1052/179/189 1051/180/190 1076/155/165 1077/154/164
f 1051/180/190 1050/181/191 1075/156/166 1076/155/165
f 1050/181/191 1049/182/192 1074/157/167 1075/156/166
f 1049/182/192 1048/183/193 1073/158/168 1074/157/167
f 1048/183/193 1047/184/194 1072/159/169 1073/158/168
f 1047/184/194 1046/185/195 1071/160/170 1072/159/169
f 1046/185/195 1045/186/196 1070/161/171 1071/160/170
f 1045/186/196 1044/187/197 1069/162/172 1070/161/171
f 1044/187/197 1043/188/198 1068/163/173 1069/162/172
f 1043/188/198 1042/189/199 1067/164/174 1068/163/173
f 1042/189/199 1041/190/200 1066/165/175 1067/164/174
f 1041/190/200 1040/191/201 1065/166/176 1066/165/175
f 1040/191/201 1039/192/202 1064/167/177 1065/166/176
f 1039/192/202 1038/88/98 1063/90/100 1064/167/177
f 417/193/203 1037/194/204 1062/169/179 416/168/178
f 1037/194/204 1036/195/205 1061/170/180 1062/169/179
f 1036/195/205 1035/196/206 1060/171/181 1061/170/180
f 1035/196/206 1034/197/207 1059/172/182 1060/171/181
f 1034/197/207 1033/198/208 1058/173/183 1059/172/182
f 1033/198/208 1032/199/209 1057/174/184 1058/173/183
f 1032/199/209 1031/200/210 1056/175/185 1057/174/184
f 1031/200/210 1030/201/211 1055/176/186 1056/175/185
f 1030/201/211 1029/202/212 1054/177/187 1055/176/186
f 1029/202/212 1028/203/213 1053/178/188 1054/177/187
f 1028/203/213 1027/204/214 1052/179/189 1053/178/188
f 1027/204/214 1026/205/215 1051/180/190 1052/179/189
f 1026/205/215 1025/206/216 1050/181/191 1051/180/190
f 1025/206/216 1024/207/217 1049/182/192 1050/181/191
f 1024/207/217 1023/208/218 1048/183/193 1049/182/192
f 1023/208/218 1022/209/219 1047/184/194 1048/183/193
f 1022/209/219 1021/210/220 1046/185/195 1047/184/194
f 1021/210/220 1020/211/221 1045/186/196 1046/185/195
f 1020/211/221 1019/212/222 1044/187/197 1045/186/196
f 1019/212/222 1018/213/223 1043/188/198 1044/187/197
f 1018/213/223 1017/214/224 1042/189/199 1043/188/198
f 1017/214/224 1016/215/225 1041/190/200 1042/189/199
f 1016/215/225 1015/216/226 1040/191/201 1041/190/200
f 1015/216/226 1014/217/227 1039/192/202 1040/191/201
f 1014/217/227 1013/86/96 1038/88/98 1039/192/202
f 418/218/228 1012/219/229 1037/194/204 417/193/203
f 1012/219/229 1011/220/230 1036/195/205 1037/194/204
f 1011/220/230 1010/221/231 1035/196/206 1036/195/205
f 1010/221/231 1009/222/232 1034/197/207 1035/196/206
f 1009/222/232 1008/223/233 1033/198/208 1034/197/207
f 1008/223/233 1007/224/234 1032/199/209 1033/198/208
f 1007/224/234 1006/225/235 1031/200/210 1032/199/209
f 1006/225/235 1005/226/236 1030/201/211 1031/200/210
f 1005/226/236 1004/227/237 1029/202/212 1030/201/211
f 1004/227/237 1003/228/238 1028/203/213 1029/202/212
f 1003/228/238 1002/229/239 1027/204/214 1028/203/213
f 1002/229/239 1001/230/240 1026/205/215 1027/204/214
f 1001/230/240 1000/231/241 1025/206/216 1026/205/215
f 1000/231/241 999/232/242 1024/207/217 1025/206/216
f 999/232/242 998/233/243 1023/208/218 1024/207/217
f 998/233/243 997/234/244 1022/209/219 1023/208/218
f 997/234/244 996/235/245 1021/210/220 1022/209/219
f 996/235/245 995/236/246 1020/211/221 1021/210/220
f 995/236/246 994/237/247 1019/212/222 1020/211/221
f 994/237/247 993/238/248 1018/213/223 1019/212/222
f 993/238/248 992/239/249 1017/214/224 1018/213/223
f 992/239/249 991/240/250 1016/215/225 1017/214/224
f 991/240/250 990/241/251 1015/216/226 1016/215/225
f 990/241/251 989/242/252 1014/217/227 1015/216/226
f 989/242/252 988/84/94 1013/86/96 1014/217/227
f 419/243/253 987/244/254 1012/219/229 418/218/228
f 987/244/254 986/245/255 1011/220/230 1012/219/229
f 986/245/255 985/246/256 1010/221/231 1011/220/230
f 985/246/256 984/247/257 1009/222/232 1010/221/231
f 984/247/257 983/248/258 1008/223/233 1009/222/232
f 983/248/258 982/249/259 1007/224/234 1008/223/233
f 982/249/259 981/250/260 1006/225/235 1007/224/234
f 981/250/260 980/251/261 1005/226/236 1006/225/235
f 980/251/261 979/252/262 1004/227/237 1005/226/236
f 979/252/262 978/253/263 1003/228/238 1004/227/237
f 978/253/263 977/254/264 1002/229/239 1003/228/238
f 977/254/264 976/255/265 1001/230/240 1002/229/239
f 976/255/265 975/256/266 1000/231/241 1001/230/240
f 975/256/266 974/257/267 999/232/242 1000/231/241
f 974/257/267 973/258/268 998/233/243 999/232/242
f 973/258/268 972/259/269 997/234/244 998/233/243
f 972/259/269 971/260/270 996/235/245 997/234/244
f 971/260/270 970/261/271 995/236/246 996/235/245
f 970/261/271 969/262/272 994/237/247 995/236/246
f 969/262/272 968/263/273 993/238/248 994/237/247
f 968/263/273 967/264/274 992/239/249 993/238/248
f 967/264/274 966/265/275 991/240/250 992/239/249
f 966/265/275 965/266/276 990/241/251 991/240/250
f 965/266/276 964/267/277 989/242/252 990/241/251
f 964/267/277 963/82/92 988/84/94 989/242/252
f 420/268/278 962/269/279 987/244/254 419/243/253
f 962/269/279 961/270/280 986/245/255 987/244/254
f 961/270/280 960/271/281 985/246/256 986/245/255
f 960/271/281 959/272/282 984/247/257 985/246/256
f 959/272/282 958/273/283 983/248/258 984/247/257
f 958/273/283 957/274/284 982/249/259 983/248/258
f 957/274/284 956/275/285 981/250/260 982/249/259
f 956/275/285 955/276/286 980/251/261 981/250/260
f 955/276/286 954/277/287 979/252/262 980/251/261
f 954/277/287 953/278/288 978/253/263 979/252/262
f 953/278/288 952/279/289 977/254/264 978/253/263
f 952/279/289 951/280/290 976/255/265 977/254/264
f 951/280/290 950/281/291 975/256/266 976/255/265
f 950/281/291 949/282/292 974/257/267 975/256/266
f 949/282/292 948/283/293 973/258/268 974/257/267
f 948/283/293 947/284/294 972/259/269 973/258/268
f 947/284/294 946/285/295 971/260/270 972/259/269
f 946/285/295 945/286/296 970/261/271 971/260/270
f 945/286/296 944/287/297 969/262/272 970/261/271
f 944/287/297 943/288/298 968/263/273 969/262/272
f 943/288/298 942/289/299 967/264/274 968/263/273
f 942/289/299 941/290/300 966/265/275 967/264/274
f 941/290/300 940/291/301 965/266/276 966/265/275
f 940/291/301 939/292/302 964/267/277 965/266/276
f 939/292/302 938/80/90 963/82/92 964/267/277
f 421/293/303 937/294/304 962/269/279 420/268/278
f 937/294/304 936/295/305 961/270/280 962/269/279
f 936/295/305 935/296/306 960/271/281 961/270/280
f 935/296/306 934/297/307 959/272/282 960/271/281
f 934/297/307 933/298/308 958/273/283 959/272/282
f 933/298/308 932/299/309 957/274/284 958/273/283
f 932/299/309 931/300/310 956/275/285 957/274/284
f 931/300/310 930/301/311 955/276/286 956/275/285
f 930/301/311 929/302/312 954/277/287 955/276/286
f 929/302/312 928/303/313 953/278/288 954/277/287
f 928/303/313 927/304/314 952/279/289 953/278/288
f 927/304/314 926/305/315 951/280/290 952/279/289
f 926/305/315 925/306/316 950/281/291 951/280/290
f 925/306/316 924/307/317 949/282/292 950/281/291
f 924/307/317 923/308/318 948/283/293 949/282/292
f 923/308/318 922/309/319 947/284/294 948/283/293
f 922/309/319 921/310/320 946/285/295 947/284/294
f 921/310/320 920/311/321 945/286/296 946/285/295
f 920/311/321 919/312/322 944/287/297 945/286/296
f 919/312/322 918/313/323 943/288/298 944/287/297
f 918/313/323 917/314/324 942/289/299 943/288/298
f 917/314/324 916/315/325 941/290/300 942/289/299
f 916/315/325 915/316/326 940/291/301 941/290/300
f 915/316/326 914/317/327 939/292/302 940/291/301
f 914/317/327 913/78/88 938/80/90 939/292/302
f 422/318/328 912/319/329 937/294/304 421/293/303
f 912/319/329 911/320/330 936/295/305 937/294/304
f 911/320/330 910/321/331 935/296/306 936/295/305
f 910/321/331 909/322/332 934/297/307 935/296/306
f 909/322/332 908/323/333 933/298/308 934/297/307
f 908/323/333 907/324/334 932/299/309 933/298/308
f 907/324/334 906/325/335 931/300/310 932/299/309
f 906/325/335 905/326/336 930/301/311 931/300/310
f 905/326/336 904/327/337 929/302/312 930/301/311
f 904/327/337 903/328/338 928/303/313 929/302/312
f 903/328/338 902/329/339 927/304/314 928/303/313
f 902/329/339 901/330/340 926/305/315 927/304/314
f 901/330/340 900/331/341 925/306/316 926/305/315
f 900/331/341 899/332/342 924/307/317 925/306/316
f 899/332/342 898/333/343 923/308/318 924/307/317
f 898/333/343 897/334/344 922/309/319 923/308/318
f 897/334/344 896/335/345 921/310/320 922/309/319
f 896/335/345 895/336/346 920/311/321 921/310/320
f 895/336/346 894/337/347 919/312/322 920/311/321
f 894/337/347 893/338/348 918/313/323 919/312/322
f 893/338/348 892/339/349 917/314/324 918/313/323
f 892/339/349 891/340/350 916/315/325 917/314/324
f 891/340/350 890/341/351 915/316/326 916/315/325
f 890/341/351 889/342/352 914/317/327 915/316/326
f 889/342/352 888/76/86 913/78/88 914/317/327
f 423/343/353 887/344/354 912/319/329 422/318/328
f 887/344/354 886/345/355 911/320/330 912/319/329
f 886/345/355 885/346/356 910/321/331 911/320/330
f 885/346/356 884/347/357 909/322/332 910/321/331
f 884/347/357 883/348/358 908/323/333 909/322/332
f 883/348/358 882/349/359 907/324/334 908/323/333
f 882/349/359 881/350/360 906/325/335 907/324/334
f 881/350/360 880/351/361 905/326/336 906/325/335
f 880/351/361 879/352/362 904/327/337 905/326/336
f 879/352/362 878/353/363 903/328/338 904/327/337
f 878/353/363 877/354/364 902/329/339 903/328/338
f 877/354/364 876/355/365 901/330/340 902/329/339
f 876/355/365 875/356/366 900/331/341 901/330/340
f 875/356/366 874/357/367 899/332/342 900/331/341
f 874/357/367 873/358/368 898/333/343 899/332/342
f 873/358/368 872/359/369 897/334/344 898/333/343
f 872/359/369 871/360/370 896/335/345 897/334/344
f 871/360/370 870/361/371 895/336/346 896/335/345
f 870/361/371 869/362/372 894/337/347 895/336/346
f 869/362/372 868/363/373 893/338/348 894/337/347
f 868/363/373 867/364/374 892/339/349 893/338/348
f 867/364/374 866/365/375 891/340/350 892/339/349
f 866/365/375 865/366/376 890/341/351 891/340/350
f 865/366/376 864/367/377 889/342/352 890/341/351
f 864/367/377 863/74/84 888/76/86 889/342/352
f 424/368/378 862/369/379 887/344/354 423/343/353
f 862/369/379 861/370/380 886/345/355 887/344/354
f 861/370/380 860/371/381 885/346/356 886/345/355
f 860/371/381 859/372/382 884/347/357 885/346/356
f 859/372/382 858/373/383 883/348/358 884/347/357
f 858/373/383 857/374/384 882/349/359 883/348/358
f 857/374/384 856/375/385 881/350/360 882/349/359
f 856/375/385 855/376/386 880/351/361 881/350/360
f 855/376/386 854/377/387 879/352/362 880/351/361
f 854/377/387 853/378/388 878/353/363 879/352/362
f 853/378/388 852/379/389 877/354/364 878/353/363
f 852/379/389 851/380/390 876/355/365 877/354/364
f 851/380/390 850/381/391 875/356/366 876/355/365
f 850/381/391 849/382/392 874/357/367 875/356/366
f 849/382/392 848/383/393 873/358/368 874/357/367
f 848/383/393 847/384/394 872/359/369 873/358/368
f 847/384/394 846/385/395 871/360/370 872/359/369
f 846/385/395 845/386/396 870/361/371 871/360/370
f 845/386/396 844/387/397 869/362/372 870/361/371
f 844/387/397 843/388/398 868/363/373 869/362/372
f 843/388/398 842/389/399 867/364/374 868/363/373
f 842/389/399 841/390/400 866/365/375 867/364/374
f 841/390/400 840/391/401 865/366/376 866/365/375
f 840/391/401 839/392/402 864/367/377 865/366/376
f 839/392/402 838/72/82 863/74/84 864/367/377
f 425/393/403 837/394/404 862/369/379 424/368/378
f 837/394/404 836/395/405 861/370/380 862/369/379
f 836/395/405 835/396/406 860/371/381 861/370/380
f 835/396/406 834/397/407 859/372/382 860/371/381
f 834/397/407 833/398/408 858/373/383 859/372/382
f 833/398/408 832/399/409 857/374/384 858/373/383
f 832/399/409 831/400/410 856/375/385 857/374/384
f 831/400/410 830/401/411 855/376/386 856/375/385
f 830/401/411 829/402/412 854/377/387 855/376/386
f 829/402/412 828/403/413 853/378/388 854/377/387
f 828/403/413 827/404/414 852/379/389 853/378/388
f 827/404/414 826/405/415 851/380/390 852/379/389
f 826/405/415 825/406/416 850/381/391 851/380/390
f 825/406/416 824/407/417 849/382/392 850/381/391
f 824/407/417 823/408/418 848/383/393 849/382/392
f 823/408/418 822/409/419 847/384/394 848/383/393
f 822/409/419 821/410/420 846/385/395 847/384/394
f 821/410/420 820/411/421 845/386/396 846/385/395
f 820/411/421 819/412/422 844/387/397 845/386/396
f 819/412/422 818/413/423 843/388/398 844/387/397
f 818/413/423 817/414/424 842/389/399 843/388/398
f 817/414/424 816/415/425 841/390/400 842/389/399
f 816/415/425 815/416/426 840/391/401 841/390/400
f 815/416/426 814/417/427 839/392/402 840/391/401
f 814/417/427 813/70/80 838/72/82 839/392/402
f 426/418/428 812/419/429 837/394/404 425/393/403
f 812/419/429 811/420/430 836/395/405 837/394/404
f 811/420/430 810/421/431 835/396/406 836/395/405
f 810/421/431 809/422/432 834/397/407 835/396/406
f 809/422/432 808/423/433 833/398/408 834/397/407
f 808/423/433 807/424/434 832/399/409 833/398/408
f 807/424/434 806/425/435 831/400/410 832/399/409
f 806/425/435 805/426/436 830/401/411 831/400/410
f 805/426/436 804/427/437 829/402/412 830/401/411
f 804/427/437 803/428/438 828/403/413 829/402/412
f 803/428/438 802/429/439 827/404/414 828/403/413
f 802/429/439 801/430/440 826/405/415 827/404/414
f 801/430/440 800/431/441 825/406/416 826/405/415
f 800/431/441 799/432/442 824/407/417 825/406/416
f 799/432/442 798/433/443 823/408/418 824/407/417
f 798/433/443 797/434/444 822/409/419 823/408/418
f 797/434/444 796/435/445 821/410/420 822/409/419
f 796/435/445 795/436/446 820/411/421 821/410/420
f 795/436/446 794/437/447 819/412/422 820/411/421
f 794/437/447 793/438/448 818/413/423 819/412/422
f 793/438/448 792/439/449 817/414/424 818/413/423
f 792/439/449 791/440/450 816/415/425 817/414/424
f 791/440/450 790/441/451 815/416/426 816/415/425
f 790/441/451 789/442/452 814/417/427 815/416/426
f 789/442/452 788/68/78 813/70/80 814/417/427
f 427/443/453 787/444/454 812/419/429 426/418/428
f 787/444/454 786/445/455 811/420/430 812/419/429
f 786/445/455 785/446/456 810/421/431 811/420/430
f 785/446/456 784/447/457 809/422/432 810/421/431
f 784/447/457 783/448/458 808/423/433 809/422/432
f 783/448/458 782/449/459 807/424/434 808/423/433
f 782/449/459 781/450/460 806/425/435 807/424/434
f 781/450/460 780/451/461 805/426/436 806/425/435
f 780/451/461 779/452/462 804/427/437 805/426/436
f 779/452/462 778/453/463 803/428/438 804/427/437
f 778/453/463 777/454/464 802/429/439 803/428/438
f 777/454/464 776/455/465 801/430/440 802/429/439
f 776/455/465 775/456/466 800/431/441 801/430/440
f 775/456/466 774/457/467 799/432/442 800/431/441
f 774/457/467 773/458/468 798/433/443 799/432/442
f 773/458/468 772/459/469 797/434/444 798/433/443
f 772/459/469 771/460/470 796/435/445 797/434/444
f 771/460/470 770/461/471 795/436/446 796/435/445
f 770/461/471 769/462/472 794/437/447 795/436/446
f 769/462/472 768/463/473 793/438/448 794/437/447
f 768/463/473 767/464/474 792/439/449 793/438/448
f 767/464/474 766/465/475 791/440/450 792/439/449
f 766/465/475 765/466/476 790/441/451 791/440/450
f 765/466/476 764/467/477 789/442/452 790/441/451
f 764/467/477 763/66/76 788/68/78 789/442/452
f 428/468/478 762/469/479 787/444/454 427/443/453
f 762/469/479 761/470/480 786/445/455 787/444/454
f 761/470/480 760/471/481 785/446/456 786/445/455
f 760/471/481 759/472/482 784/447/457 785/446/456
f 759/472/482 758/473/483 783/448/458 784/447/457
f 758/473/483 757/474/484 782/449/459 783/448/458
f 757/474/484 756/475/485 781/450/460 782/449/459
f 756/475/485 755/476/486 780/451/461 781/450/460
f 755/476/486 754/477/487 779/452/462 780/451/461
f 754/477/487 753/478/488 778/453/463 779/452/462
f 753/478/488 752/479/489 777/454/464 778/453/463
f 752/479/489 751/480/490 776/455/465 777/454/464
f 751/480/490 750/481/491 775/456/466 776/455/465
f 750/481/491 749/482/492 774/457/467 775/456/466
f 749/482/492 748/483/493 773/458/468 774/457/467
f 748/483/493 747/484/494 772/459/469 773/458/468
f 747/484/494 746/485/495 771/460/470 772/459/469
f 746/485/495 745/486/496 770/461/471 771/460/470
f 745/486/496 744/487/497 769/462/472 770/461/471
f 744/487/497 743/488/498 768/463/473 769/462/472
f 743/488/498 742/489/499 767/464/474 768/463/473
f 742/489/499 741/490/500 766/465/475 767/464/474
f 741/490/500 740/491/501 765/466/476 766/465/475
f 740/491/501 739/492/502 764/467/477 765/466/476
f 739/492/502 738/64/74 763/66/76 764/467/477
f 429/493/503 737/494/504 762/469/479 428/468/478
f 737/494/504 736/495/505 761/470/480 762/469/479
f 736/495/505 735/496/506 760/471/481 761/470/480
f 735/496/506 734/497/507 759/472/482 760/471/481
f 734/497/507 733/498/508 758/473/483 759/472/482
f 733/498/508 732/499/509 757/474/484 758/473/483
f 732/499/509 731/500/510 756/475/485 757/474/484
f 731/500/510 730/501/511 755/476/486 756/475/485
f 730/501/511 729/502/512 754/477/487 755/476/486
f 729/502/512 728/503/513 753/478/488 754/477/487
f 728/503/513 727/504/514 752/479/489 753/478/488
f 727/504/514 726/505/515 751/480/490 752/479/489
f 726/505/515 725/506/516 750/481/491 751/480/490
f 725/506/516 724/507/517 749/482/492 750/481/491
f 724/507/517 723/508/518 748/483/493 749/482/492
f 723/508/518 722/509/519 747/484/494 748/483/493
f 722/509/519 721/510/520 746/485/495 747/484/494
f 721/510/520 720/511/521 745/486/496 746/485/495
f 720/511/521 719/512/522 744/487/497 745/486/496
f 719/512/522 718/513/523 743/488/498 744/487/497
f 718/513/523 717/514/524 742/489/499 743/488/498
f 717/514/524 716/515/525 741/490/500 742/489/499
f 716/515/525 715/516/526 740/491/501 741/490/500
f 715/516/526 714/517/527 739/492/502 740/491/501
f 714/517/527 713/62/72 738/64/74 739/492/502
f 430/518/528 712/519/529 737/494/504 429/493/503
f 712/519/529 711/520/530 736/495/505 737/494/504
f 711/520/530 710/521/531 735/496/506 736/495/505
f 710/521/531 709/522/532 734/497/507 735/496/506
f 709/522/532 708/523/533 733/498/508 734/497/507
f 708/523/533 707/524/534 732/499/509 733/498/508
f 707/524/534 706/525/535 731/500/510 732/499/509
f 706/525/535 705/526/536 730/501/511 731/500/510
f 705/526/536 704/527/537 729/502/512 730/501/511
f 704/527/537 703/528/538 728/503/513 729/502/512
f 703/528/538 702/529/539 727/504/514 728/503/513
f 702/529/539 701/530/540 726/505/515 727/504/514
f 701/530/540 700/531/541 725/506/516 726/505/515
f 700/531/541 699/532/542 724/507/517 725/506/516
f 699/532/542 698/533/543 723/508/518 724/507/517
f 698/533/543 697/534/544 722/509/519 723/508/518
f 697/534/544 696/535/545 721/510/520 722/509/519
f 696/535/545 695/536/546 720/511/521 721/510/520
f 695/536/546 694/537/547 719/512/522 720/511/521
f 694/537/547 693/538/548 718/513/523 719/512/522
f 693/538/548 692/539/549 717/514/524 718/513/523
f 692/539/549 691/540/550 716/515/525 717/514/524
f 691/540/550 690/541/551 715/516/526 716/515/525
f 690/541/551 689/542/552 714/517/527 715/516/526
f 689/542/552 688/60/70 713/62/72 714/517/527
f 431/543/553 687/544/554 712/519/529 430/518/528
f 687/544/554 686/545/555 711/520/530 712/519/529
f 686/545/555 685/546/556 710/521/531 711/520/530
f 685/546/556 684/547/557 709/522/532 710/521/531
f 684/547/557 683/548/558 708/523/533 709/522/532
f 683/548/558 682/549/559 707/524/534 708/523/533
f 682/549/559 681/550/560 706/525/535 707/524/534
f 681/550/560 680/551/561 705/526/536 706/525/535
f 680/551/561 679/552/562 704/527/537 705/526/536
f 679/552/562 678/553/563 703/528/538 704/527/537
f 678/553/563 677/554/564 702/529/539 703/528/538
f 677/554/564 676/555/565 701/530/540 702/529/539
f 676/555/565 675/556/566 700/531/541 701/530/540
f 675/556/566 674/557/567 699/532/542 700/531/541
f 674/557/567 673/558/568 698/533/543 699/532/542
f 673/558/568 672/559/569 697/534/544 698/533/543
f 672/559/569 671/560/570 696/535/545 697/534/544
f 671/560/570 670/561/571 695/536/546 696/535/545
f 670/561/571 669/562/572 694/537/547 695/536/546
f 669/562/572 668/563/573 693/538/548 694/537/547
f 668/563/573 667/564/574 692/539/549 693/538/548
f 667/564/574 666/565/575 691/540/550 692/539/549
f 666/565/575 665/566/576 690/541/551 691/540/550
f 665/566/576 664/567/577 689/542/552 690/541/551
f 664/567/577 663/58/68 688/60/70 689/542/552
f 432/568/578 662/569/579 687/544/554 431/543/553
f 662/569/579 661/570/580 686/545/555 687/544/554
f 661/570/580 660/571/581 685/546/556 686/545/555
f 660/571/581 659/572/582 684/547/557 685/546/556
f 659/572/582 658/573/583 683/548/558 684/547/557
f 658/573/583 657/574/584 682/549/559 683/548/558
f 657/574/584 656/575/585 681/550/560 682/549/559
f 656/575/585 655/576/586 680/551/561 681/550/560
f 655/576/586 654/577/587 679/552/562 680/551/561
f 654/577/587 653/578/588 678/553/563 679/552/562
f 653/578/588 652/579/589 677/554/564 678/553/563
f 652/579/589 651/580/590 676/555/565 677/554/564
f 651/580/590 650/581/591 675/556/566 676/555/565
f 650/581/591 649/582/592 674/557/567 675/556/566
f 649/582/592 648/583/593 673/558/568 674/557/567
f 648/583/593 647/584/594 672/559/569 673/558/568
f 647/584/594 646/585/595 671/560/570 672/559/569
f 646/585/595 645/586/596 670/561/571 671/560/570
f 645/586/596 644/587/597 669/562/572 670/561/571
f 644/587/597 643/588/598 668/563/573 669/562/572
f 643/588/598 642/589/599 667/564/574 668/563/573
f 642/589/599 641/590/600 666/565/575 667/564/574
f 641/590/600 640/591/601 665/566/576 666/565/575
f 640/591/601 639/592/602 664/567/577 665/566/576
f 639/592/602 638/56/66 663/58/68 664/567/577
f 433/593/603 637/594/604 662/569/579 432/568/578
f 637/594/604 636/595/605 661/570/580 662/569/579
f 636/595/605 635/596/606 660/571/581 661/570/580
f 635/596/606 634/597/607 659/572/582 660/571/581
f 634/597/607 633/598/608 658/573/583 659/572/582
f 633/598/608 632/599/609 657/574/584 658/573/583
f 632/599/609 631/600/610 656/575/585 657/574/584
f 631/600/610 630/601/611 655/576/586 656/575/585
f 630/601/611 629/602/612 654/577/587 655/576/586
f 629/602/612 628/603/613 653/578/588 654/577/587
f 628/603/613 627/604/614 652/579/589 653/578/588
f 627/604/614 626/605/615 651/580/590 652/579/589
f 626/605/615 625/606/616 650/581/591 651/580/590
f 625/606/616 624/607/617 649/582/592 650/581/591
f 624/607/617 623/608/618 648/583/593 649/582/592
f 623/608/618 622/609/619 647/584/594 648/583/593
f 622/609/619 621/610/620 646/585/595 647/584/594
f 621/610/620 620/611/621 645/586/596 646/585/595
f 620/611/621 619/612/622 644/587/597 645/586/596
f 619/612/622 618/613/623 643/588/598 644/587/597
f 618/613/623 617/614/624 642/589/599 643/588/598
f 617/614/624 616/615/625 641/590/600 642/589/599
f 616/615/625 615/616/626 640/591/601 641/590/600
f 615/616/626 614/617/627 639/592/602 640/591/601
f 614/617/627 613/54/64 638/56/66 639/592/602
f 434/618/628 612/619/629 637/594/604 433/593/603
f 612/619/629 611/620/630 636/595/605 637/594/604
f 611/620/630 610/621/631 635/596/606 636/595/605
f 610/621/631 609/622/632 634/597/607 635/596/606
f 609/622/632 608/623/633 633/598/608 634/597/607
f 608/623/633 607/624/634 632/599/609 633/598/608
f 607/624/634 606/625/635 631/600/610 632/599/609
f 606/625/635 605/626/636 630/601/611 631/600/610
f 605/626/636 604/627/637 629/602/612 630/601/611
f 604/627/637 603/628/638 628/603/613 629/602/612
f 603/628/638 602/629/639 627/604/614 628/603/613
f 602/629/639 601/630/640 626/605/615 627/604/614
f 601/630/640 600/631/641 625/606/616 626/605/615
f 600/631/641 599/632/642 624/607/617 625/606/616
f 599/632/642 598/633/643 623/608/618 624/607/617
f 598/633/643 597/634/644 622/609/619 623/608/618
f 597/634/644 596/635/645 621/610/620 622/609/619
f 596/635/645 595/636/646 620/611/621 621/610/620
f 595/636/646 594/637/647 619/612/622 620/611/621
f 594/637/647 593/638/648 618/613/623 619/612/622
f 593/638/648 592/639/649 617/614/624 618/613/623
f 592/639/649 591/640/650 616/615/625 617/614/624
f 591/640/650 590/641/651 615/616/626 616/615/625
f 590/641/651 589/642/652 614/617/627 615/616/626
f 589/642/652 588/52/62 613/54/64 614/617/627
f 435/643/653 587/644/654 612/619/629 434/618/628
f 587/644/654 586/645/655 611/620/630 612/619/629
f 586/645/655 585/646/656 610/621/631 611/620/630
f 585/646/656 584/647/657 609/622/632 610/621/631
f 584/647/657 583/648/658 608/623/633 609/622/632
f 583/648/658 582/649/659 607/624/634 608/623/633
f 582/649/659 581/650/660 606/625/635 607/624/634
f 581/650/660 580/651/661 605/626/636 606/625/635
f 580/651/661 579/652/662 604/627/637 605/626/636
f 579/652/662 578/653/663 603/628/638 604/627/637
f 578/653/663 577/654/664 602/629/639 603/628/638
f 577/654/664 576/655/665 601/630/640 602/629/639
f 576/655/665 575/656/666 600/631/641 601/630/640
f 575/656/666 574/657/667 599/632/642 600/631/641
f 574/657/667 573/658/668 598/633/643 599/632/642
f 573/658/668 572/659/669 597/634/644 598/633/643
f 572/659/669 571/660/670 596/635/645 597/634/644
f 571/660/670 570/661/671 595/636/646 596/635/645
f 570/661/671 569/662/672 594/637/647 595/636/646
f 569/662/672 568/663/673 593/638/648 594/637/647
f 568/663/673 567/664/674 592/639/649 593/638/648
f 567/664/674 566/665/675 591/640/650 592/639/649
f 566/665/675 565/666/676 590/641/651 591/640/650
f 565/666/676 564/667/677 589/642/652 590/641/651
f 564/667/677 563/50/60 588/52/62 589/642/652
f 436/668/678 562/669/679 587/644/654 435/643/653
f 562/669/679 561/670/680 586/645/655 587/644/654
f 561/670/680 560/671/681 585/646/656 586/645/655
f 560/671/681 559/672/682 584/647/657 585/646/656
f 559/672/682 558/673/683 583/648/658 584/647/657
f 558/673/683 557/674/684 582/649/659 583/648/658
f 557/674/684 556/675/685 581/650/660 582/649/659
f 556/675/685 555/676/686 580/651/661 581/650/660
f 555/676/686 554/677/687 579/652/662 580/651/661
f 554/677/687 553/678/688 578/653/663 579/652/662
f 553/678/688 552/679/689 577/654/664 578/653/663
f 552/679/689 551/680/690 576/655/665 577/654/664
f 551/680/690 550/681/691 575/656/666 576/655/665
f 550/681/691 549/682/692 574/657/667 575/656/666
f 549/682/692 548/683/693 573/658/668 574/657/667
f 548/683/693 547/684/694 572/659/669 573/658/668
f 547/684/694 546/685/695 571/660/670 572/659/669
f 546/685/695 545/686/696 570/661/671 571/660/670
f 545/686/696 544/687/697 569/662/672 570/661/671
f 544/687/697 543/688/698 568/663/673 569/662/672
f 543/688/698 542/689/699 567/664/674 568/663/673
f 542/689/699 541/690/700 566/665/675 567/664/674
f 541/690/700 540/691/701 565/666/676 566/665/675
f 540/691/701 539/692/702 564/667/677 565/666/676
f 539/692/702 538/48/58 563/50/60 564/667/677
f 437/693/703 537/694/704 562/669/679 436/668/678
f 537/694/704 536/695/705 561/670/680 562/669/679
f 536/695/705 535/696/706 560/671/681 561/670/680
f 535/696/706 534/697/707 559/672/682 560/671/681
f 534/697/707 533/698/708 558/673/683 559/672/682
f 533/698/708 532/699/709 557/674/684 558/673/683
f 532/699/709 531/700/710 556/675/685 557/674/684
f 531/700/710 530/701/711 555/676/686 556/675/685
f 530/701/711 529/702/712 554/677/687 555/676/686
f 529/702/712 528/703/713 553/678/688 554/677/687
f 528/703/713 527/704/714 552/679/689 553/678/688
f 527/704/714 526/705/715 551/680/690 552/679/689
f 526/705/715 525/706/716 550/681/691 551/680/690
f 525/706/716 524/707/717 549/682/692 550/681/691
f 524/707/717 523/708/718 548/683/693 549/682/692
f 523/708/718 522/709/719 547/684/694 548/683/693
f 522/709/719 521/710/720 546/685/695 547/684/694
f 521/710/720 520/711/721 545/686/696 546/685/695
f 520/711/721 519/712/722 544/687/697 545/686/696
f 519/712/722 518/713/723 543/688/698 544/687/697
f 518/713/723 517/714/724 542/689/699 543/688/698
f 517/714/724 516/715/725 541/690/700 542/689/699
f 516/715/725 515/716/726 540/691/701 541/690/700
f 515/716/726 514/717/727 539/692/702 540/691/701
f 514/717/727 513/46/56 538/48/58 539/692/702
f 409/718/728 463/719/729 537/694/704 437/693/703
f 463/719/729 464/720/730 536/695/705 537/694/704
f 464/720/730 465/721/731 535/696/706 536/695/705
f 465/721/731 466/722/732 534/697/707 535/696/706
f 466/722/732 467/723/733 533/698/708 534/697/707
f 467/723/733 468/724/734 532/699/709 533/698/708
f 468/724/734 469/725/735 531/700/710 532/699/709
f 469/725/735 470/726/736 530/701/711 531/700/710
f 470/726/736 471/727/737 529/702/712 530/701/711
f 471/727/737 472/728/738 528/703/713 529/702/712
f 472/728/738 473/729/739 527/704/714 528/703/713
f 473/729/739 474/730/740 526/705/715 527/704/714
f 474/730/740 475/731/741 525/706/716 526/705/715
f 475/731/741 476/732/742 524/707/717 525/706/716
f 476/732/742 477/733/743 523/708/718 524/707/717
f 477/733/743 478/734/744 522/709/719 523/708/718
f 478/734/744 479/735/745 521/710/720 522/709/719
f 479/735/745 480/736/746 520/711/721 521/710/720
f 480/736/746 481/737/747 519/712/722 520/711/721
f 481/737/747 482/738/748 518/713/723 519/712/722
f 482/738/748 483/739/749 517/714/724 518/713/723
f 483/739/749 484/740/750 516/715/725 517/714/724
f 484/740/750 485/741/751 515/716/726 516/715/725
f 485/741/751 486/742/752 514/717/727 515/716/726
f 486/742/752 487/43/53 513/46/56 514/717/727
f 413/96/106 1137/95/105 512/743/753 411/744/754
f 1137/95/105 1136/98/108 511/745/755 512/743/753
f 1136/98/108 1135/100/110 510/746/756 511/745/755
f 1135/100/110 1134/102/112 509/747/757 510/746/756
f 1134/102/112 1133/104/114 508/748/758 509/747/757
f 1133/104/114 1132/106/116 507/749/759 508/748/758
f 1132/106/116 1131/108/118 506/750/760 507/749/759
f 1131/108/118 1130/110/120 505/751/761 506/750/760
f 1130/110/120 1129/112/122 504/752/762 505/751/761
f 1129/112/122 1128/114/124 503/753/763 504/752/762
f 1128/114/124 1127/116/126 502/754/764 503/753/763
f 1127/116/126 1126/118/128 501/755/765 502/754/764
f 1126/118/128 1125/120/130 500/756/766 501/755/765
f 1125/120/130 1124/122/132 499/757/767 500/756/766
f 1124/122/132 1123/124/134 498/758/768 499/757/767
f 1123/124/134 1122/126/136 497/759/769 498/758/768
f 1122/126/136 1121/128/138 496/760/770 497/759/769
f 1121/128/138 1120/130/140 495/761/771 496/760/770
f 1120/130/140 1119/132/142 494/762/772 495/761/771
f 1119/132/142 1118/134/144 493/763/773 494/762/772
f 1118/134/144 1117/136/146 492/764/774 493/763/773
f 1117/136/146 1116/138/148 491/765/775 492/764/774
f 1116/138/148 1115/140/150 490/766/776 491/765/775
f 1115/140/150 1114/142/152 489/767/777 490/766/776
f 1114/142/152 1113/39/49 488/42/52 489/767/777
f 2300/39/899 1649/40/900 1599/41/901 1675/42/902
f 1674/43/903 1597/44/904 1625/45/905 1700/46/906
f 1700/46/906 1625/45/905 1626/47/907 1725/48/908
f 1725/48/908 1626/47/907 1627/49/909 1750/50/910
f 1750/50/910 1627/49/909 1628/51/911 1775/52/912
f 1775/52/912 1628/51/911 1629/53/913 1800/54/914
f 1800/54/914 1629/53/913 1630/55/915 1825/56/916
f 1825/56/916 1630/55/915 1631/57/917 1850/58/918
f 1850/58/918 1631/57/917 1632/59/919 1875/60/920
f 1875/60/920 1632/59/919 1633/61/921 1900/62/922
f 1900/62/922 1633/61/921 1634/63/923 1925/64/924
f 1925/64/924 1634/63/923 1635/65/925 1950/66/926
f 1950/66/926 1635/65/925 1636/67/927 1975/68/928
f 1975/68/928 1636/67/927 1637/69/929 2000/70/930
f 2000/70/930 1637/69/929 1638/71/931 2025/72/932
f 2025/72/932 1638/71/931 1639/73/933 2050/74/934
f 2050/74/934 1639/73/933 1640/75/935 2075/76/936
f 2075/76/936 1640/75/935 1641/77/937 2100/78/938
f 2100/78/938 1641/77/937 1642/79/939 2125/80/940
f 2125/80/940 1642/79/939 1643/81/941 2150/82/942
f 2150/82/942 1643/81/941 1644/83/943 2175/84/944
f 2175/84/944 1644/83/943 1645/85/945 2200/86/946
f 2200/86/946 1645/85/945 1646/87/947 2225/88/948
f 2225/88/948 1646/87/947 1647/89/949 2250/90/950
f 2250/90/950 1647/89/949 1648/91/951 2275/92/952
f 2275/92/952 1648/91/951 1649/40/900 2300/39/899
f 1601/93/953 2299/94/954 2324/95/955 1600/96/956
f 2299/94/954 2298/97/957 2323/98/958 2324/95/955
f 2298/97/957 2297/99/959 2322/100/960 2323/98/958
f 2297/99/959 2296/101/961 2321/102/962 2322/100/960
f 2296/101/961 2295/103/963 2320/104/964 2321/102/962
f 2295/103/963 2294/105/965 2319/106/966 2320/104/964
f 2294/105/965 2293/107/967 2318/108/968 2319/106/966
f 2293/107/967 2292/109/969 2317/110/970 2318/108/968
f 2292/109/969 2291/111/971 2316/112/972 2317/110/970
f 2291/111/971 2290/113/973 2315/114/974 2316/112/972
f 2290/113/973 2289/115/975 2314/116/976 2315/114/974
f 2289/115/975 2288/117/977 2313/118/978 2314/116/976
f 2288/117/977 2287/119/979 2312/120/980 2313/118/978
f 2287/119/979 2286/121/981 2311/122/982 2312/120/980
f 2286/121/981 2285/123/983 2310/124/984 2311/122/982
f 2285/123/983 2284/125/985 2309/126/986 2310/124/984
f 2284/125/985 2283/127/987 2308/128/988 2309/126/986
f 2283/127/987 2282/129/989 2307/130/990 2308/128/988
f 2282/129/989 2281/131/991 2306/132/992 2307/130/990
f 2281/131/991 2280/133/993 2305/134/994 2306/132/992
f 2280/133/993 2279/135/995 2304/136/996 2305/134/994
f 2279/135/995 2278/137/997 2303/138/998 2304/136/996
f 2278/137/997 2277/139/999 2302/140/1000 2303/138/998
f 2277/139/999 2276/141/1001 2301/142/1002 2302/140/1000
f 2276/141/1001 2275/92/952 2300/39/899 2301/142/1002
f 1602/143/1003 2274/144/1004 2299/94/954 1601/93/953
f 2274/144/1004 2273/145/1005 2298/97/957 2299/94/954
f 2273/145/1005 2272/146/1006 2297/99/959 2298/97/957
f 2272/146/1006 2271/147/1007 2296/101/961 2297/99/959
f 2271/147/1007 2270/148/1008 2295/103/963 2296/101/961
f 2270/148/1008 2269/149/1009 2294/105/965 2295/103/963
f 2269/149/1009 2268/150/1010 2293/107/967 2294/105/965
f 2268/150/1010 2267/151/1011 2292/109/969 2293/107/967
f 2267/151/1011 2266/152/1012 2291/111/971 2292/109/969
f 2266/152/1012 2265/153/1013 2290/113/973 2291/111/971
f 2265/153/1013 2264/154/1014 2289/115/975 2290/113/973
f 2264/154/1014 2263/155/1015 2288/117/977 2289/115/975
f 2263/155/1015 2262/156/1016 2287/119/979 2288/117/977
f 2262/156/1016 2261/157/1017 2286/121/981 2287/119/979
f 2261/157/1017 2260/158/1018 2285/123/983 2286/121/981
f 2260/158/1018 2259/159/1019 2284/125/985 2285/123/983
f 2259/159/1019 2258/160/1020 2283/127/987 2284/125/985
f 2258/160/1020 2257/161/1021 2282/129/989 2283/127/987
f 2257/161/1021 2256/162/1022 2281/131/991 2282/129/989
f 2256/162/1022 2255/163/1023 2280/133/993 2281/131/991
f 2255/163/1023 2254/164/1024 2279/135/995 2280/133/993
f 2254/164/1024 2253/165/1025 2278/137/997 2279/135/995
f 2253/165/1025 2252/166/1026 2277/139/999 2278/137/997
f 2252/166/1026 2251/167/1027 2276/141/1001 2277/139/999
f 2251/167/1027 2250/90/950 2275/92/952 2276/141/1001
f 1603/168/1028 2249/169/1029 2274/144/1004 1602/143/1003
f 2249/169/1029 2248/170/1030 2273/145/1005 2274/144/1004
f 2248/170/1030 2247/171/1031 2272/146/1006 2273/145/1005
f 2247/171/1031 2246/172/1032 2271/147/1007 2272/146/1006
f 2246/172/1032 2245/173/1033 2270/148/1008 2271/147/1007
f 2245/173/1033 2244/174/1034 2269/149/1009 2270/148/1008
f 2244/174/1034 2243/175/1035 2268/150/1010 2269/149/1009
f 2243/175/1035 2242/176/1036 2267/151/1011 2268/150/1010
f 2242/176/1036 2241/177/1037 2266/152/1012 2267/151/1011
f 2241/177/1037 2240/178/1038 2265/153/1013 2266/152/1012
f 2240/178/1038 2239/179/1039 2264/154/1014 2265/153/1013
f 2239/179/1039 2238/180/1040 2263/155/1015 2264/154/1014
f 2238/180/1040 2237/181/1041 2262/156/1016 2263/155/1015
f 2237/181/1041 2236/182/1042 2261/157/1017 2262/156/1016
f 2236/182/1042 2235/183/1043 2260/158/1018 2261/157/1017
f 2235/183/1043 2234/184/1044 2259/159/1019 2260/158/1018
f 2234/184/1044 2233/185/1045 2258/160/1020 2259/159/1019
f 2233/185/1045 2232/186/1046 2257/161/1021 2258/160/1020
f 2232/186/1046 2231/187/1047 2256/162/1022 2257/161/1021
f 2231/187/1047 2230/188/1048 2255/163/1023 2256/162/1022
f 2230/188/1048 2229/189/1049 2254/164/1024 2255/163/1023
f 2229/189/1049 2228/190/1050 2253/165/1025 2254/164/1024
f 2228/190/1050 2227/191/1051 2252/166/1026 2253/165/1025
f 2227/191/1051 2226/192/1052 2251/167/1027 2252/166/1026
f 2226/192/1052 2225/88/948 2250/90/950 2251/167/1027
f 1604/193/1053 2224/194/1054 2249/169/1029 1603/168/1028
f 2224/194/1054 2223/195/1055 2248/170/1030 2249/169/1029
f 2223/195/1055 2222/196/1056 2247/171/1031 2248/170/1030
f 2222/196/1056 2221/197/1057 2246/172/1032 2247/171/1031
f 2221/197/1057 2220/198/1058 2245/173/1033 2246/172/1032
f 2220/198/1058 2219/199/1059 2244/174/1034 2245/173/1033
f 2219/199/1059 2218/200/1060 2243/175/1035 2244/174/1034
f 2218/200/1060 2217/201/1061 2242/176/1036 2243/175/1035
f 2217/201/1061 2216/202/1062 2241/177/1037 2242/176/1036
f 2216/202/1062 2215/203/1063 2240/178/1038 2241/177/1037
f 2215/203/1063 2214/204/1064 2239/179/1039 2240/178/1038
f 2214/204/1064 2213/205/1065 2238/180/1040 2239/179/1039
f 2213/205/1065 2212/206/1066 2237/181/1041 2238/180/1040
f 2212/206/1066 2211/207/1067 2236/182/1042 2237/181/1041
f 2211/207/1067 2210/208/1068 2235/183/1043 2236/182/1042
f 2210/208/1068 2209/209/1069 2234/184/1044 2235/183/1043
f 2209/209/1069 2208/210/1070 2233/185/1045 2234/184/1044
f 2208/210/1070 2207/211/1071 2232/186/1046 2233/185/1045
f 2207/211/1071 2206/212/1072 2231/187/1047 2232/186/1046
f 2206/212/1072 2205/213/1073 2230/188/1048 2231/187/1047
f 2205/213/1073 2204/214/1074 2229/189/1049 2230/188/1048
f 2204/214/1074 2203/215/1075 2228/190/1050 2229/189/1049
f 2203/215/1075 2202/216/1076 2227/191/1051 2228/190/1050
f 2202/216/1076 2201/217/1077 2226/192/1052 2227/191/1051
f 2201/217/1077 2200/86/946 2225/88/948 2226/192/1052
f 1605/218/1078 2199/219/1079 2224/194/1054 1604/193/1053
f 2199/219/1079 2198/220/1080 2223/195/1055 2224/194/1054
f 2198/220/1080 2197/221/1081 2222/196/1056 2223/195/1055
f 2197/221/1081 2196/222/1082 2221/197/1057 2222/196/1056
f 2196/222/1082 2195/223/1083 2220/198/1058 2221/197/1057
f 2195/223/1083 2194/224/1084 2219/199/1059 2220/198/1058
f 2194/224/1084 2193/225/1085 2218/200/1060 2219/199/1059
f 2193/225/1085 2192/226/1086 2217/201/1061 2218/200/1060
f 2192/226/1086 2191/227/1087 2216/202/1062 2217/201/1061
f 2191/227/1087 2190/228/1088 2215/203/1063 2216/202/1062
f 2190/228/1088 2189/229/1089 2214/204/1064 2215/203/1063
f 2189/229/1089 2188/230/1090 2213/205/1065 2214/204/1064
f 2188/230/1090 2187/231/1091 2212/206/1066 2213/205/1065
f 2187/231/1091 2186/232/1092 2211/207/1067 2212/206/1066
f 2186/232/1092 2185/233/1093 2210/208/1068 2211/207/1067
f 2185/233/1093 2184/234/1094 2209/209/1069 2210/208/1068
f 2184/234/1094 2183/235/1095 2208/210/1070 2209/209/1069
f 2183/235/1095 2182/236/1096 2207/211/1071 2208/210/1070
f 2182/236/1096 2181/237/1097 2206/212/1072 2207/211/1071
f 2181/237/1097 2180/238/1098 2205/213/1073 2206/212/1072
f 2180/238/1098 2179/239/1099 2204/214/1074 2205/213/1073
f 2179/239/1099 2178/240/1100 2203/215/1075 2204/214/1074
f 2178/240/1100 2177/241/1101 2202/216/1076 2203/215/1075
f 2177/241/1101 2176/242/1102 2201/217/1077 2202/216/1076
f 2176/242/1102 2175/84/944 2200/86/946 2201/217/1077
f 1606/243/1103 2174/244/1104 2199/219/1079 1605/218/1078
f 2174/244/1104 2173/245/1105 2198/220/1080 2199/219/1079
f 2173/245/1105 2172/246/1106 2197/221/1081 2198/220/1080
f 2172/246/1106 2171/247/1107 2196/222/1082 2197/221/1081
f 2171/247/1107 2170/248/1108 2195/223/1083 2196/222/1082
f 2170/248/1108 2169/249/1109 2194/224/1084 2195/223/1083
f 2169/249/1109 2168/250/1110 2193/225/1085 2194/224/1084
f 2168/250/1110 2167/251/1111 2192/226/1086 2193/225/1085
f 2167/251/1111 2166/252/1112 2191/227/1087 2192/226/1086
f 2166/252/1112 2165/253/1113 2190/228/1088 2191/227/1087
f 2165/253/1113 2164/254/1114 2189/229/1089 2190/228/1088
f 2164/254/1114 2163/255/1115 2188/230/1090 2189/229/1089
f 2163/255/1115 2162/256/1116 2187/231/1091 2188/230/1090
f 2162/256/1116 2161/257/1117 2186/232/1092 2187/231/1091
f 2161/257/1117 2160/258/1118 2185/233/1093 2186/232/1092
f 2160/258/1118 2159/259/1119 2184/234/1094 2185/233/1093
f 2159/259/1119 2158/260/1120 2183/235/1095 2184/234/1094
f 2158/260/1120 2157/261/1121 2182/236/1096 2183/235/1095
f 2157/261/1121 2156/262/1122 2181/237/1097 2182/236/1096
f 2156/262/1122 2155/263/1123 2180/238/1098 2181/237/1097
f 2155/263/1123 2154/264/1124 2179/239/1099 2180/238/1098
f 2154/264/1124 2153/265/1125 2178/240/1100 2179/239/1099
f 2153/265/1125 2152/266/1126 2177/241/1101 2178/240/1100
f 2152/266/1126 2151/267/1127 2176/242/1102 2177/241/1101
f 2151/267/1127 2150/82/942 2175/84/944 2176/242/1102
f 1607/268/1128 2149/269/1129 2174/244/1104 1606/243/1103
f 2149/269/1129 2148/270/1130 2173/245/1105 2174/244/1104
f 2148/270/1130 2147/271/1131 2172/246/1106 2173/245/1105
f 2147/271/1131 2146/272/1132 2171/247/1107 2172/246/1106
f 2146/272/1132 2145/273/1133 2170/248/1108 2171/247/1107
f 2145/273/1133 2144/274/1134 2169/249/1109 2170/248/1108
f 2144/274/1134 2143/275/1135 2168/250/1110 2169/249/1109
f 2143/275/1135 2142/276/1136 2167/251/1111 2168/250/1110
f 2142/276/1136 2141/277/1137 2166/252/1112 2167/251/1111
f 2141/277/1137 2140/278/1138 2165/253/1113 2166/252/1112
f 2140/278/1138 2139/279/1139 2164/254/1114 2165/253/1113
f 2139/279/1139 2138/280/1140 2163/255/1115 2164/254/1114
f 2138/280/1140 2137/281/1141 2162/256/1116 2163/255/1115
f 2137/281/1141 2136/282/1142 2161/257/1117 2162/256/1116
f 2136/282/1142 2135/283/1143 2160/258/1118 2161/257/1117
f 2135/283/1143 2134/284/1144 2159/259/1119 2160/258/1118
f 2134/284/1144 2133/285/1145 2158/260/1120 2159/259/1119
f 2133/285/1145 2132/286/1146 2157/261/1121 2158/260/1120
f 2132/286/1146 2131/287/1147 2156/262/1122 2157/261/1121
f 2131/287/1147 2130/288/1148 2155/263/1123 2156/262/1122
f 2130/288/1148 2129/289/1149 2154/264/1124 2155/263/1123
f 2129/289/1149 2128/290/1150 2153/265/1125 2154/264/1124
f 2128/290/1150 2127/291/1151 2152/266/1126 2153/265/1125
f 2127/291/1151 2126/292/1152 2151/267/1127 2152/266/1126
f 2126/292/1152 2125/80/940 2150/82/942 2151/267/1127
f 1608/293/1153 2124/294/1154 2149/269/1129 1607/268/1128
f 2124/294/1154 2123/295/1155 2148/270/1130 2149/269/1129
f 2123/295/1155 2122/296/1156 2147/271/1131 2148/270/1130
f 2122/296/1156 2121/297/1157 2146/272/1132 2147/271/1131
f 2121/297/1157 2120/298/1158 2145/273/1133 2146/272/1132
f 2120/298/1158 2119/299/1159 2144/274/1134 2145/273/1133
f 2119/299/1159 2118/300/1160 2143/275/1135 2144/274/1134
f 2118/300/1160 2117/301/1161 2142/276/1136 2143/275/1135
f 2117/301/1161 2116/302/1162 2141/277/1137 2142/276/1136
f 2116/302/1162 2115/303/1163 2140/278/1138 2141/277/1137
f 2115/303/1163 2114/304/1164 2139/279/1139 2140/278/1138
f 2114/304/1164 2113/305/1165 2138/280/1140 2139/279/1139
f 2113/305/1165 2112/306/1166 2137/281/1141 2138/280/1140
f 2112/306/1166 2111/307/1167 2136/282/1142 2137/281/1141
f 2111/307/1167 2110/308/1168 2135/283/1143 2136/282/1142
f 2110/308/1168 2109/309/1169 2134/284/1144 2135/283/1143
f 2109/309/1169 2108/310/1170 2133/285/1145 2134/284/1144
f 2108/310/1170 2107/311/1171 2132/286/1146 2133/285/1145
f 2107/311/1171 2106/312/1172 2131/287/1147 2132/286/1146
f 2106/312/1172 2105/313/1173 2130/288/1148 2131/287/1147
f 2105/313/1173 2104/314/1174 2129/289/1149 2130/288/1148
f 2104/314/1174 2103/315/1175 2128/290/1150 2129/289/1149
f 2103/315/1175 2102/316/1176 2127/291/1151 2128/290/1150
f 2102/316/1176 2101/317/1177 2126/292/1152 2127/291/1151
f 2101/317/1177 2100/78/938 2125/80/940 2126/292/1152
f 1609/318/1178 2099/319/1179 2124/294/1154 1608/293/1153
f 2099/319/1179 2098/320/1180 2123/295/1155 2124/294/1154
f 2098/320/1180 2097/321/1181 2122/296/1156 2123/295/1155
f 2097/321/1181 2096/322/1182 2121/297/1157 2122/296/1156
f 2096/322/1182 2095/323/1183 2120/298/1158 2121/297/1157
f 2095/323/1183 2094/324/1184 2119/299/1159 2120/298/1158
f 2094/324/1184 2093/325/1185 2118/300/1160 2119/299/1159
f 2093/325/1185 2092/326/1186 2117/301/1161 2118/300/1160
f 2092/326/1186 2091/327/1187 2116/302/1162 2117/301/1161
f 2091/327/1187 2090/328/1188 2115/303/1163 2116/302/1162
f 2090/328/1188 2089/329/1189 2114/304/1164 2115/303/1163
f 2089/329/1189 2088/330/1190 2113/305/1165 2114/304/1164
f 2088/330/1190 2087/331/1191 2112/306/1166 2113/305/1165
f 2087/331/1191 2086/332/1192 2111/307/1167 2112/306/1166
f 2086/332/1192 2085/333/1193 2110/308/1168 2111/307/1167
f 2085/333/1193 2084/334/1194 2109/309/1169 2110/308/1168
f 2084/334/1194 2083/335/1195 2108/310/1170 2109/309/1169
f 2083/335/1195 2082/336/1196 2107/311/1171 2108/310/1170
f 2082/336/1196 2081/337/1197 2106/312/1172 2107/311/1171
f 2081/337/1197 2080/338/1198 2105/313/1173 2106/312/1172
f 2080/338/1198 2079/339/1199 2104/314/1174 2105/313/1173
f 2079/339/1199 2078/340/1200 2103/315/1175 2104/314/1174
f 2078/340/1200 2077/341/1201 2102/316/1176 2103/315/1175
f 2077/341/1201 2076/342/1202 2101/317/1177 2102/316/1176
f 2076/342/1202 2075/76/936 2100/78/938 2101/317/1177
f 1610/343/1203 2074/344/1204 2099/319/1179 1609/318/1178
f 2074/344/1204 2073/345/1205 2098/320/1180 2099/319/1179
f 2073/345/1205 2072/346/1206 2097/321/1181 2098/320/1180
f 2072/346/1206 2071/347/1207 2096/322/1182 2097/321/1181
f 2071/347/1207 2070/348/1208 2095/323/1183 2096/322/1182
f 2070/348/1208 2069/349/1209 2094/324/1184 2095/323/1183
f 2069/349/1209 2068/350/1210 2093/325/1185 2094/324/1184
f 2068/350/1210 2067/351/1211 2092/326/1186 2093/325/1185
f 2067/351/1211 2066/352/1212 2091/327/1187 2092/326/1186
f 2066/352/1212 2065/353/1213 2090/328/1188 2091/327/1187
f 2065/353/1213 2064/354/1214 2089/329/1189 2090/328/1188
f 2064/354/1214 2063/355/1215 2088/330/1190 2089/329/1189
f 2063/355/1215 2062/356/1216 2087/331/1191 2088/330/1190
f 2062/356/1216 2061/357/1217 2086/332/1192 2087/331/1191
f 2061/357/1217 2060/358/1218 2085/333/1193 2086/332/1192
f 2060/358/1218 2059/359/1219 2084/334/1194 2085/333/1193
f 2059/359/1219 2058/360/1220 2083/335/1195 2084/334/1194
f 2058/360/1220 2057/361/1221 2082/336/1196 2083/335/1195
f 2057/361/1221 2056/362/1222 2081/337/1197 2082/336/1196
f 2056/362/1222 2055/363/1223 2080/338/1198 2081/337/1197
f 2055/363/1223 2054/364/1224 2079/339/1199 2080/338/1198
f 2054/364/1224 2053/365/1225 2078/340/1200 2079/339/1199
f 2053/365/1225 2052/366/1226 2077/341/1201 2078/340/1200
f 2052/366/1226 2051/367/1227 2076/342/1202 2077/341/1201
f 2051/367/1227 2050/74/934 2075/76/936 2076/342/1202
f 1611/368/1228 2049/369/1229 2074/344/1204 1610/343/1203
f 2049/369/1229 2048/370/1230 2073/345/1205 2074/344/1204
f 2048/370/1230 2047/371/1231 2072/346/1206 2073/345/1205
f 2047/371/1231 2046/372/1232 2071/347/1207 2072/346/1206
f 2046/372/1232 2045/373/1233 2070/348/1208 2071/347/1207
f 2045/373/1233 2044/374/1234 2069/349/1209 2070/348/1208
f 2044/374/1234 2043/375/1235 2068/350/1210 2069/349/1209
f 2043/375/1235 2042/376/1236 2067/351/1211 2068/350/1210
f 2042/376/1236 2041/377/1237 2066/352/1212 2067/351/1211
f 2041/377/1237 2040/378/1238 2065/353/1213 2066/352/1212
f 2040/378/1238 2039/379/1239 2064/354/1214 2065/353/1213
f 2039/379/1239 2038/380/1240 2063/355/1215 2064/354/1214
f 2038/380/1240 2037/381/1241 2062/356/1216 2063/355/1215
f 2037/381/1241 2036/382/1242 2061/357/1217 2062/356/1216
f 2036/382/1242 2035/383/1243 2060/358/1218 2061/357/1217
f 2035/383/1243 2034/384/1244 2059/359/1219 2060/358/1218
f 2034/384/1244 2033/385/1245 2058/360/1220 2059/359/1219
f 2033/385/1245 2032/386/1246 2057/361/1221 2058/360/1220
f 2032/386/1246 2031/387/1247 2056/362/1222 2057/361/1221
f 2031/387/1247 2030/388/1248 2055/363/1223 2056/362/1222
f 2030/388/1248 2029/389/1249 2054/364/1224 2055/363/1223
f 2029/389/1249 2028/390/1250 2053/365/1225 2054/364/1224
f 2028/390/1250 2027/391/1251 2052/366/1226 2053/365/1225
f 2027/391/1251 2026/392/1252 2051/367/1227 2052/366/1226
f 2026/392/1252 2025/72/932 2050/74/934 2051/367/1227
f 1612/393/1253 2024/394/1254 2049/369/1229 1611/368/1228
f 2024/394/1254 2023/395/1255 2048/370/1230 2049/369/1229
f 2023/395/1255 2022/396/1256 2047/371/1231 2048/370/1230
f 2022/396/1256 2021/397/1257 2046/372/1232 2047/371/1231
f 2021/397/1257 2020/398/1258 2045/373/1233 2046/372/1232
f 2020/398/1258 2019/399/1259 2044/374/1234 2045/373/1233
f 2019/399/1259 2018/400/1260 2043/375/1235 2044/374/1234
f 2018/400/1260 2017/401/1261 2042/376/1236 2043/375/1235
f 2017/401/1261 2016/402/1262 2041/377/1237 2042/376/1236
f 2016/402/1262 2015/403/1263 2040/378/1238 2041/377/1237
f 2015/403/1263 2014/404/1264 2039/379/1239 2040/378/1238
f 2014/404/1264 2013/405/1265 2038/380/1240 2039/379/1239
f 2013/405/1265 2012/406/1266 2037/381/1241 2038/380/1240
f 2012/406/1266 2011/407/1267 2036/382/1242 2037/381/1241
f 2011/407/1267 2010/408/1268 2035/383/1243 2036/382/1242
f 2010/408/1268 2009/409/1269 2034/384/1244 2035/383/1243
f 2009/409/1269 2008/410/1270 2033/385/1245 2034/384/1244
f 2008/410/1270 2007/411/1271 2032/386/1246 2033/385/1245
f 2007/411/1271 2006/412/1272 2031/387/1247 2032/386/1246
f 2006/412/1272 2005/413/1273 2030/388/1248 2031/387/1247
f 2005/413/1273 2004/414/1274 2029/389/1249 2030/388/1248
f 2004/414/1274 2003/415/1275 2028/390/1250 2029/389/1249
f 2003/415/1275 2002/416/1276 2027/391/1251 2028/390/1250
f 2002/416/1276 2001/417/1277 2026/392/1252 2027/391/1251
f 2001/417/1277 2000/70/930 2025/72/932 2026/392/1252
f 1613/418/1278 1999/419/1279 2024/394/1254 1612/393/1253
f 1999/419/1279 1998/420/1280 2023/395/1255 2024/394/1254
f 1998/420/1280 1997/421/1281 2022/396/1256 2023/395/1255
f 1997/421/1281 1996/422/1282 2021/397/1257 2022/396/1256
f 1996/422/1282 1995/423/1283 2020/398/1258 2021/397/1257
f 1995/423/1283 1994/424/1284 2019/399/1259 2020/398/1258
f 1994/424/1284 1993/425/1285 2018/400/1260 2019/399/1259
f 1993/425/1285 1992/426/1286 2017/401/1261 2018/400/1260
f 1992/426/1286 1991/427/1287 2016/402/1262 2017/401/1261
f 1991/427/1287 1990/428/1288 2015/403/1263 2016/402/1262
f 1990/428/1288 1989/429/1289 2014/404/1264 2015/403/1263
f 1989/429/1289 1988/430/1290 2013/405/1265 2014/404/1264
f 1988/430/1290 1987/431/1291 2012/406/1266 2013/405/1265
f 1987/431/1291 1986/432/1292 2011/407/1267 2012/406/1266
f 1986/432/1292 1985/433/1293 2010/408/1268 2011/407/1267
f 1985/433/1293 1984/434/1294 2009/409/1269 2010/408/1268
f 1984/434/1294 1983/435/1295 2008/410/1270 2009/409/1269
f 1983/435/1295 1982/436/1296 2007/411/1271 2008/410/1270
f 1982/436/1296 1981/437/1297 2006/412/1272 2007/411/1271
f 1981/437/1297 1980/438/1298 2005/413/1273 2006/412/1272
f 1980/438/1298 1979/439/1299 2004/414/1274 2005/413/1273
f 1979/439/1299 1978/440/1300 2003/415/1275 2004/414/1274
f 1978/440/1300 1977/441/1301 2002/416/1276 2003/415/1275
f 1977/441/1301 1976/442/1302 2001/417/1277 2002/416/1276
f 1976/442/1302 1975/68/928 2000/70/930 2001/417/1277
f 1614/443/1303 1974/444/1304 1999/419/1279 1613/418/1278
f 1974/444/1304 1973/445/1305 1998/420/1280 1999/419/1279
f 1973/445/1305 1972/446/1306 1997/421/1281 1998/420/1280
f 1972/446/1306 1971/447/1307 1996/422/1282 1997/421/1281
f 1971/447/1307 1970/448/1308 1995/423/1283 1996/422/1282
f 1970/448/1308 1969/449/1309 1994/424/1284 1995/423/1283
f 1969/449/1309 1968/450/1310 1993/425/1285 1994/424/1284
f 1968/450/1310 1967/451/1311 1992/426/1286 1993/425/1285
f 1967/451/1311 1966/452/1312 1991/427/1287 1992/426/1286
f 1966/452/1312 1965/453/1313 1990/428/1288 1991/427/1287
f 1965/453/1313 1964/454/1314 1989/429/1289 1990/428/1288
f 1964/454/1314 1963/455/1315 1988/430/1290 1989/429/1289
f 1963/455/1315 1962/456/1316 1987/431/1291 1988/430/1290
f 1962/456/1316 1961/457/1317 1986/432/1292 1987/431/1291
f 1961/457/1317 1960/458/1318 1985/433/1293 1986/432/1292
f 1960/458/1318 1959/459/1319 1984/434/1294 1985/433/1293
f 1959/459/1319 1958/460/1320 1983/435/1295 1984/434/1294
f 1958/460/1320 1957/461/1321 1982/436/1296 1983/435/1295
f 1957/461/1321 1956/462/1322 1981/437/1297 1982/436/1296
f 1956/462/1322 1955/463/1323 1980/438/1298 1981/437/1297
f 1955/463/1323 1954/464/1324 1979/439/1299 1980/438/1298
f 1954/464/1324 1953/465/1325 1978/440/1300 1979/439/1299
f 1953/465/1325 1952/466/1326 1977/441/1301 1978/440/1300
f 1952/466/1326 1951/467/1327 1976/442/1302 1977/441/1301
f 1951/467/1327 1950/66/926 1975/68/928 1976/442/1302
f 1615/468/1328 1949/469/1329 1974/444/1304 1614/443/1303
f 1949/469/1329 1948/470/1330 1973/445/1305 1974/444/1304
f 1948/470/1330 1947/471/1331 1972/446/1306 1973/445/1305
f 1947/471/1331 1946/472/1332 1971/447/1307 1972/446/1306
f 1946/472/1332 1945/473/1333 1970/448/1308 1971/447/1307
f 1945/473/1333 1944/474/1334 1969/449/1309 1970/448/1308
f 1944/474/1334 1943/475/1335 1968/450/1310 1969/449/1309
f 1943/475/1335 1942/476/1336 1967/451/1311 1968/450/1310
f 1942/476/1336 1941/477/1337 1966/452/1312 1967/451/1311
f 1941/477/1337 1940/478/1338 1965/453/1313 1966/452/1312
f 1940/478/1338 1939/479/1339 1964/454/1314 1965/453/1313
f 1939/479/1339 1938/480/1340 1963/455/1315 1964/454/1314
f 1938/480/1340 1937/481/1341 1962/456/1316 1963/455/1315
f 1937/481/1341 1936/482/1342 1961/457/1317 1962/456/1316
f 1936/482/1342 1935/483/1343 1960/458/1318 1961/457/1317
f 1935/483/1343 1934/484/1344 1959/459/1319 1960/458/1318
f 1934/484/1344 1933/485/1345 1958/460/1320 1959/459/1319
f 1933/485/1345 1932/486/1346 1957/461/1321 1958/460/1320
f 1932/486/1346 1931/487/1347 1956/462/1322 1957/461/1321
f 1931/487/1347 1930/488/1348 1955/463/1323 1956/462/1322
f 1930/488/1348 1929/489/1349 1954/464/1324 1955/463/1323
f 1929/489/1349 1928/490/1350 1953/465/1325 1954/464/1324
f 1928/490/1350 1927/491/1351 1952/466/1326 1953/465/1325
f 1927/491/1351 1926/492/1352 1951/467/1327 1952/466/1326
f 1926/492/1352 1925/64/924 1950/66/926 1951/467/1327
f 1616/493/1353 1924/494/1354 1949/469/1329 1615/468/1328
f 1924/494/1354 1923/495/1355 1948/470/1330 1949/469/1329
f 1923/495/1355 1922/496/1356 1947/471/1331 1948/470/1330
f 1922/496/1356 1921/497/1357 1946/472/1332 1947/471/1331
f 1921/497/1357 1920/498/1358 1945/473/1333 1946/472/1332
f 1920/498/1358 1919/499/1359 1944/474/1334 1945/473/1333
f 1919/499/1359 1918/500/1360 1943/475/1335 1944/474/1334
f 1918/500/1360 1917/501/1361 1942/476/1336 1943/475/1335
f 1917/501/1361 1916/502/1362 1941/477/1337 1942/476/1336
f 1916/502/1362 1915/503/1363 1940/478/1338 1941/477/1337
f 1915/503/1363 1914/504/1364 1939/479/1339 1940/478/1338
f 1914/504/1364 1913/505/1365 1938/480/1340 1939/479/1339
f 1913/505/1365 1912/506/1366 1937/481/1341 1938/480/1340
f 1912/506/1366 1911/507/1367 1936/482/1342 1937/481/1341
f 1911/507/1367 1910/508/1368 1935/483/1343 1936/482/1342
f 1910/508/1368 1909/509/1369 1934/484/1344 1935/483/1343
f 1909/509/1369 1908/510/1370 1933/485/1345 1934/484/1344
f 1908/510/1370 1907/511/1371 1932/486/1346 1933/485/1345
f 1907/511/1371 1906/512/1372 1931/487/1347 1932/486/1346
f 1906/512/1372 1905/513/1373 1930/488/1348 1931/487/1347
f 1905/513/1373 1904/514/1374 1929/489/1349 1930/488/1348
f 1904/514/1374 1903/515/1375 1928/490/1350 1929/489/1349
f 1903/515/1375 1902/516/1376 1927/491/1351 1928/490/1350
f 1902/516/1376 1901/517/1377 1926/492/1352 1927/491/1351
f 1901/517/1377 1900/62/922 1925/64/924 1926/492/1352
f 1617/518/1378 1899/519/1379 1924/494/1354 1616/493/1353
f 1899/519/1379 1898/520/1380 1923/495/1355 1924/494/1354
f 1898/520/1380 1897/521/1381 1922/496/1356 1923/495/1355
f 1897/521/1381 1896/522/1382 1921/497/1357 1922/496/1356
f 1896/522/1382 1895/523/1383 1920/498/1358 1921/497/1357
f 1895/523/1383 1894/524/1384 1919/499/1359 1920/498/1358
f 1894/524/1384 1893/525/1385 1918/500/1360 1919/499/1359
f 1893/525/1385 1892/526/1386 1917/501/1361 1918/500/1360
f 1892/526/1386 1891/527/1387 1916/502/1362 1917/501/1361
f 1891/527/1387 1890/528/1388 1915/503/1363 1916/502/1362
f 1890/528/1388 1889/529/1389 1914/504/1364 1915/503/1363
f 1889/529/1389 1888/530/1390 1913/505/1365 1914/504/1364
f 1888/530/1390 1887/531/1391 1912/506/1366 1913/505/1365
f 1887/531/1391 1886/532/1392 1911/507/1367 1912/506/1366
f 1886/532/1392 1885/533/1393 1910/508/1368 1911/507/1367
f 1885/533/1393 1884/534/1394 1909/509/1369 1910/508/1368
f 1884/534/1394 1883/535/1395 1908/510/1370 1909/509/1369
f 1883/535/1395 1882/536/1396 1907/511/1371 1908/510/1370
f 1882/536/1396 1881/537/1397 1906/512/1372 1907/511/1371
f 1881/537/1397 1880/538/1398 1905/513/1373 1906/512/1372
f 1880/538/1398 1879/539/1399 1904/514/1374 1905/513/1373
f 1879/539/1399 1878/540/1400 1903/515/1375 1904/514/1374
f 1878/540/1400 1877/541/1401 1902/516/1376 1903/515/1375
f 1877/541/1401 1876/542/1402 1901/517/1377 1902/516/1376
f 1876/542/1402 1875/60/920 1900/62/922 1901/517/1377
f 1618/543/1403 1874/544/1404 1899/519/1379 1617/518/1378
f 1874/544/1404 1873/545/1405 1898/520/1380 1899/519/1379
f 1873/545/1405 1872/546/1406 1897/521/1381 1898/520/1380
f 1872/546/1406 1871/547/1407 1896/522/1382 1897/521/1381
f 1871/547/1407 1870/548/1408 1895/523/1383 1896/522/1382
f 1870/548/1408 1869/549/1409 1894/524/1384 1895/523/1383
f 1869/549/1409 1868/550/1410 1893/525/1385 1894/524/1384
f 1868/550/1410 1867/551/1411 1892/526/1386 1893/525/1385
f 1867/551/1411 1866/552/1412 1891/527/1387 1892/526/1386
f 1866/552/1412 1865/553/1413 1890/528/1388 1891/527/1387
f 1865/553/1413 1864/554/1414 1889/529/1389 1890/528/1388
f 1864/554/1414 1863/555/1415 1888/530/1390 1889/529/1389
f 1863/555/1415 1862/556/1416 1887/531/1391 1888/530/1390
f 1862/556/1416 1861/557/1417 1886/532/1392 1887/531/1391
f 1861/557/1417 1860/558/1418 1885/533/1393 1886/532/1392
f 1860/558/1418 1859/559/1419 1884/534/1394 1885/533/1393
f 1859/559/1419 1858/560/1420 1883/535/1395 1884/534/1394
f 1858/560/1420 1857/561/1421 1882/536/1396 1883/535/1395
f 1857/561/1421 1856/562/1422 1881/537/1397 1882/536/1396
f 1856/562/1422 1855/563/1423 1880/538/1398 1881/537/1397
f 1855/563/1423 1854/564/1424 1879/539/1399 1880/538/1398
f 1854/564/1424 1853/565/1425 1878/540/1400 1879/539/1399
f 1853/565/1425 1852/566/1426 1877/541/1401 1878/540/1400
f 1852/566/1426 1851/567/1427 1876/542/1402 1877/541/1401
f 1851/567/1427 1850/58/918 1875/60/920 1876/542/1402
f 1619/568/1428 1849/569/1429 1874/544/1404 1618/543/1403
f 1849/569/1429 1848/570/1430 1873/545/1405 1874/544/1404
f 1848/570/1430 1847/571/1431 1872/546/1406 1873/545/1405
f 1847/571/1431 1846/572/1432 1871/547/1407 1872/546/1406
f 1846/572/1432 1845/573/1433 1870/548/1408 1871/547/1407
f 1845/573/1433 1844/574/1434 1869/549/1409 1870/548/1408
f 1844/574/1434 1843/575/1435 1868/550/1410 1869/549/1409
f 1843/575/1435 1842/576/1436 1867/551/1411 1868/550/1410
f 1842/576/1436 1841/577/1437 1866/552/1412 1867/551/1411
f 1841/577/1437 1840/578/1438 1865/553/1413 1866/552/1412
f 1840/578/1438 1839/579/1439 1864/554/1414 1865/553/1413
f 1839/579/1439 1838/580/1440 1863/555/1415 1864/554/1414
f 1838/580/1440 1837/581/1441 1862/556/1416 1863/555/1415
f 1837/581/1441 1836/582/1442 1861/557/1417 1862/556/1416
f 1836/582/1442 1835/583/1443 1860/558/1418 1861/557/1417
f 1835/583/1443 1834/584/1444 1859/559/1419 1860/558/1418
f 1834/584/1444 1833/585/1445 1858/560/1420 1859/559/1419
f 1833/585/1445 1832/586/1446 1857/561/1421 1858/560/1420
f 1832/586/1446 1831/587/1447 1856/562/1422 1857/561/1421
f 1831/587/1447 1830/588/1448 1855/563/1423 1856/562/1422
f 1830/588/1448 1829/589/1449 1854/564/1424 1855/563/1423
f 1829/589/1449 1828/590/1450 1853/565/1425 1854/564/1424
f 1828/590/1450 1827/591/1451 1852/566/1426 1853/565/1425
f 1827/591/1451 1826/592/1452 1851/567/1427 1852/566/1426
f 1826/592/1452 1825/56/916 1850/58/918 1851/567/1427
f 1620/593/1453 1824/594/1454 1849/569/1429 1619/568/1428
f 1824/594/1454 1823/595/1455 1848/570/1430 1849/569/1429
f 1823/595/1455 1822/596/1456 1847/571/1431 1848/570/1430
f 1822/596/1456 1821/597/1457 1846/572/1432 1847/571/1431
f 1821/597/1457 1820/598/1458 1845/573/1433 1846/572/1432
f 1820/598/1458 1819/599/1459 1844/574/1434 1845/573/1433
f 1819/599/1459 1818/600/1460 1843/575/1435 1844/574/1434
f 1818/600/1460 1817/601/1461 1842/576/1436 1843/575/1435
f 1817/601/1461 1816/602/1462 1841/577/1437 1842/576/1436
f 1816/602/1462 1815/603/1463 1840/578/1438 1841/577/1437
f 1815/603/1463 1814/604/1464 1839/579/1439 1840/578/1438
f 1814/604/1464 1813/605/1465 1838/580/1440 1839/579/1439
f 1813/605/1465 1812/606/1466 1837/581/1441 1838/580/1440
f 1812/606/1466 1811/607/1467 1836/582/1442 1837/581/1441
f 1811/607/1467 1810/608/1468 1835/583/1443 1836/582/1442
f 1810/608/1468 1809/609/1469 1834/584/1444 1835/583/1443
f 1809/609/1469 1808/610/1470 1833/585/1445 1834/584/1444
f 1808/610/1470 1807/611/1471 1832/586/1446 1833/585/1445
f 1807/611/1471 1806/612/1472 1831/587/1447 1832/586/1446
f 1806/612/1472 1805/613/1473 1830/588/1448 1831/587/1447
f 1805/613/1473 1804/614/1474 1829/589/1449 1830/588/1448
f 1804/614/1474 1803/615/1475 1828/590/1450 1829/589/1449
f 1803/615/1475 1802/616/1476 1827/591/1451 1828/590/1450
f 1802/616/1476 1801/617/1477 1826/592/1452 1827/591/1451
f 1801/617/1477 1800/54/914 1825/56/916 1826/592/1452
f 1621/618/1478 1799/619/1479 1824/594/1454 1620/593/1453
f 1799/619/1479 1798/620/1480 1823/595/1455 1824/594/1454
f 1798/620/1480 1797/621/1481 1822/596/1456 1823/595/1455
f 1797/621/1481 1796/622/1482 1821/597/1457 1822/596/1456
f 1796/622/1482 1795/623/1483 1820/598/1458 1821/597/1457
f 1795/623/1483 1794/624/1484 1819/599/1459 1820/598/1458
f 1794/624/1484 1793/625/1485 1818/600/1460 1819/599/1459
f 1793/625/1485 1792/626/1486 1817/601/1461 1818/600/1460
f 1792/626/1486 1791/627/1487 1816/602/1462 1817/601/1461
f 1791/627/1487 1790/628/1488 1815/603/1463 1816/602/1462
f 1790/628/1488 1789/629/1489 1814/604/1464 1815/603/1463
f 1789/629/1489 1788/630/1490 1813/605/1465 1814/604/1464
f 1788/630/1490 1787/631/1491 1812/606/1466 1813/605/1465
f 1787/631/1491 1786/632/1492 1811/607/1467 1812/606/1466
f 1786/632/1492 1785/633/1493 1810/608/1468 1811/607/1467
f 1785/633/1493 1784/634/1494 1809/609/1469 1810/608/1468
f 1784/634/1494 1783/635/1495 1808/610/1470 1809/609/1469
f 1783/635/1495 1782/636/1496 1807/611/1471 1808/610/1470
f 1782/636/1496 1781/637/1497 1806/612/1472 1807/611/1471
f 1781/637/1497 1780/638/1498 1805/613/1473 1806/612/1472
f 1780/638/1498 1779/639/1499 1804/614/1474 1805/613/1473
f 1779/639/1499 1778/640/1500 1803/615/1475 1804/614/1474
f 1778/640/1500 1777/641/1501 1802/616/1476 1803/615/1475
f 1777/641/1501 1776/642/1502 1801/617/1477 1802/616/1476
f 1776/642/1502 1775/52/912 1800/54/914 1801/617/1477
f 1622/643/1503 1774/644/1504 1799/619/1479 1621/618/1478
f 1774/644/1504 1773/645/1505 1798/620/1480 1799/619/1479
f 1773/645/1505 1772/646/1506 1797/621/1481 1798/620/1480
f 1772/646/1506 1771/647/1507 1796/622/1482 1797/621/1481
f 1771/647/1507 1770/648/1508 1795/623/1483 1796/622/1482
f 1770/648/1508 1769/649/1509 1794/624/1484 1795/623/1483
f 1769/649/1509 1768/650/1510 1793/625/1485 1794/624/1484
f 1768/650/1510 1767/651/1511 1792/626/1486 1793/625/1485
f 1767/651/1511 1766/652/1512 1791/627/1487 1792/626/1486
f 1766/652/1512 1765/653/1513 1790/628/1488 1791/627/1487
f 1765/653/1513 1764/654/1514 1789/629/1489 1790/628/1488
f 1764/654/1514 1763/655/1515 1788/630/1490 1789/629/1489
f 1763/655/1515 1762/656/1516 1787/631/1491 1788/630/1490
f 1762/656/1516 1761/657/1517 1786/632/1492 1787/631/1491
f 1761/657/1517 1760/658/1518 1785/633/1493 1786/632/1492
f 1760/658/1518 1759/659/1519 1784/634/1494 1785/633/1493
f 1759/659/1519 1758/660/1520 1783/635/1495 1784/634/1494
f 1758/660/1520 1757/661/1521 1782/636/1496 1783/635/1495
f 1757/661/1521 1756/662/1522 1781/637/1497 1782/636/1496
f 1756/662/1522 1755/663/1523 1780/638/1498 1781/637/1497
f 1755/663/1523 1754/664/1524 1779/639/1499 1780/638/1498
f 1754/664/1524 1753/665/1525 1778/640/1500 1779/639/1499
f 1753/665/1525 1752/666/1526 1777/641/1501 1778/640/1500
f 1752/666/1526 1751/667/1527 1776/642/1502 1777/641/1501
f 1751/667/1527 1750/50/910 1775/52/912 1776/642/1502
f 1623/668/1528 1749/669/1529 1774/644/1504 1622/643/1503
f 1749/669/1529 1748/670/1530 1773/645/1505 1774/644/1504
f 1748/670/1530 1747/671/1531 1772/646/1506 1773/645/1505
f 1747/671/1531 1746/672/1532 1771/647/1507 1772/646/1506
f 1746/672/1532 1745/673/1533 1770/648/1508 1771/647/1507
f 1745/673/1533 1744/674/1534 1769/649/1509 1770/648/1508
f 1744/674/1534 1743/675/1535 1768/650/1510 1769/649/1509
f 1743/675/1535 1742/676/1536 1767/651/1511 1768/650/1510
f 1742/676/1536 1741/677/1537 1766/652/1512 1767/651/1511
f 1741/677/1537 1740/678/1538 1765/653/1513 1766/652/1512
f 1740/678/1538 1739/679/1539 1764/654/1514 1765/653/1513
f 1739/679/1539 1738/680/1540 1763/655/1515 1764/654/1514
f 1738/680/1540 1737/681/1541 1762/656/1516 1763/655/1515
f 1737/681/1541 1736/682/1542 1761/657/1517 1762/656/1516
f 1736/682/1542 1735/683/1543 1760/658/1518 1761/657/1517
f 1735/683/1543 1734/684/1544 1759/659/1519 1760/658/1518
f 1734/684/1544 1733/685/1545 1758/660/1520 1759/659/1519
f 1733/685/1545 1732/686/1546 1757/661/1521 1758/660/1520
f 1732/686/1546 1731/687/1547 1756/662/1522 1757/661/1521
f 1731/687/1547 1730/688/1548 1755/663/1523 1756/662/1522
f 1730/688/1548 1729/689/1549 1754/664/1524 1755/663/1523
f 1729/689/1549 1728/690/1550 1753/665/1525 1754/664/1524
f 1728/690/1550 1727/691/1551 1752/666/1526 1753/665/1525
f 1727/691/1551 1726/692/1552 1751/667/1527 1752/666/1526
f 1726/692/1552 1725/48/908 1750/50/910 1751/667/1527
f 1624/693/1553 1724/694/1554 1749/669/1529 1623/668/1528
f 1724/694/1554 1723/695/1555 1748/670/1530 1749/669/1529
f 1723/695/1555 1722/696/1556 1747/671/1531 1748/670/1530
f 1722/696/1556 1721/697/1557 1746/672/1532 1747/671/1531
f 1721/697/1557 1720/698/1558 1745/673/1533 1746/672/1532
f 1720/698/1558 1719/699/1559 1744/674/1534 1745/673/1533
f 1719/699/1559 1718/700/1560 1743/675/1535 1744/674/1534
f 1718/700/1560 1717/701/1561 1742/676/1536 1743/675/1535
f 1717/701/1561 1716/702/1562 1741/677/1537 1742/676/1536
f 1716/702/1562 1715/703/1563 1740/678/1538 1741/677/1537
f 1715/703/1563 1714/704/1564 1739/679/1539 1740/678/1538
f 1714/704/1564 1713/705/1565 1738/680/1540 1739/679/1539
f 1713/705/1565 1712/706/1566 1737/681/1541 1738/680/1540
f 1712/706/1566 1711/707/1567 1736/682/1542 1737/681/1541
f 1711/707/1567 1710/708/1568 1735/683/1543 1736/682/1542
f 1710/708/1568 1709/709/1569 1734/684/1544 1735/683/1543
f 1709/709/1569 1708/710/1570 1733/685/1545 1734/684/1544
f 1708/710/1570 1707/711/1571 1732/686/1546 1733/685/1545
f 1707/711/1571 1706/712/1572 1731/687/1547 1732/686/1546
f 1706/712/1572 1705/713/1573 1730/688/1548 1731/687/1547
f 1705/713/1573 1704/714/1574 1729/689/1549 1730/688/1548
f 1704/714/1574 1703/715/1575 1728/690/1550 1729/689/1549
f 1703/715/1575 1702/716/1576 1727/691/1551 1728/690/1550
f 1702/716/1576 1701/717/1577 1726/692/1552 1727/691/1551
f 1701/717/1577 1700/46/906 1725/48/908 1726/692/1552
f 1596/718/1578 1650/719/1579 1724/694/1554 1624/693/1553
f 1650/719/1579 1651/720/1580 1723/695/1555 1724/694/1554
f 1651/720/1580 1652/721/1581 1722/696/1556 1723/695/1555
f 1652/721/1581 1653/722/1582 1721/697/1557 1722/696/1556
f 1653/722/1582 1654/723/1583 1720/698/1558 1721/697/1557
f 1654/723/1583 1655/724/1584 1719/699/1559 1720/698/1558
f 1655/724/1584 1656/725/1585 1718/700/1560 1719/699/1559
f 1656/725/1585 1657/726/1586 1717/701/1561 1718/700/1560
f 1657/726/1586 1658/727/1587 1716/702/1562 1717/701/1561
f 1658/727/1587 1659/728/1588 1715/703/1563 1716/702/1562
f 1659/728/1588 1660/729/1589 1714/704/1564 1715/703/1563
f 1660/729/1589 1661/730/1590 1713/705/1565 1714/704/1564
f 1661/730/1590 1662/731/1591 1712/706/1566 1713/705/1565
f 1662/731/1591 1663/732/1592 1711/707/1567 1712/706/1566
f 1663/732/1592 1664/733/1593 1710/708/1568 1711/707/1567
f 1664/733/1593 1665/734/1594 1709/709/1569 1710/708/1568
f 1665/734/1594 1666/735/1595 1708/710/1570 1709/709/1569
f 1666/735/1595 1667/736/1596 1707/711/1571 1708/710/1570
f 1667/736/1596 1668/737/1597 1706/712/1572 1707/711/1571
f 1668/737/1597 1669/738/1598 1705/713/1573 1706/712/1572
f 1669/738/1598 1670/739/1599 1704/714/1574 1705/713/1573
f 1670/739/1599 1671/740/1600 1703/715/1575 1704/714/1574
f 1671/740/1600 1672/741/1601 1702/716/1576 1703/715/1575
f 1672/741/1601 1673/742/1602 1701/717/1577 1702/716/1576
f 1673/742/1602 1674/43/903 1700/46/906 1701/717/1577
f 1600/96/956 2324/95/955 1699/743/1603 1598/744/1604
f 2324/95/955 2323/98/958 1698/745/1605 1699/743/1603
f 2323/98/958 2322/100/960 1697/746/1606 1698/745/1605
f 2322/100/960 2321/102/962 1696/747/1607 1697/746/1606
f 2321/102/962 2320/104/964 1695/748/1608 1696/747/1607
f 2320/104/964 2319/106/966 1694/749/1609 1695/748/1608
f 2319/106/966 2318/108/968 1693/750/1610 1694/749/1609
f 2318/108/968 2317/110/970 1692/751/1611 1693/750/1610
f 2317/110/970 2316/112/972 1691/752/1612 1692/751/1611
f 2316/112/972 2315/114/974 1690/753/1613 1691/752/1612
f 2315/114/974 2314/116/976 1689/754/1614 1690/753/1613
f 2314/116/976 2313/118/978 1688/755/1615 1689/754/1614
f 2313/118/978 2312/120/980 1687/756/1616 1688/755/1615
f 2312/120/980 2311/122/982 1686/757/1617 1687/756/1616
f 2311/122/982 2310/124/984 1685/758/1618 1686/757/1617
f 2310/124/984 2309/126/986 1684/759/1619 1685/758/1618
f 2309/126/986 2308/128/988 1683/760/1620 1684/759/1619
f 2308/128/988 2307/130/990 1682/761/1621 1683/760/1620
f 2307/130/990 2306/132/992 1681/762/1622 1682/761/1621
f 2306/132/992 2305/134/994 1680/763/1623 1681/762/1622
f 2305/134/994 2304/136/996 1679/764/1624 1680/763/1623
f 2304/136/996 2303/138/998 1678/765/1625 1679/764/1624
f 2303/138/998 2302/140/1000 1677/766/1626 1678/765/1625
f 2302/140/1000 2301/142/1002 1676/767/1627 1677/766/1626
f 2301/142/1002 2300/39/899 1675/42/902 1676/767/1627
s 0
usemtl Dunkles_Holz_Sarg
f 1521/776/4 1530/777/4 1149/772/4 1183/778/4
f 1561/780/4 1538/781/4 1147/769/4 1189/768/4
f 1591/782/778 1543/783/778 1161/784/778 1329/785/778
f 1529/786/778 1517/787/778 1159/788/778 1327/789/778
f 1588/790/779 1546/791/779 1157/792/779 1325/793/779
f 1501/794/779 1498/795/779 1155/796/779 1323/797/779
f 1543/783/780 1549/809/780 1173/810/780 1161/784/780
f 1517/787/780 1518/811/780 1171/812/780 1159/788/780
f 1546/791/781 1552/813/781 1169/814/781 1157/792/781
f 1498/795/781 1499/815/781 1167/816/781 1155/796/781
f 1537/851/4 1555/852/4 1191/853/4 1146/854/4
f 1573/855/4 1558/856/4 1190/857/4 1241/858/4
f 1579/859/4 1561/780/4 1189/768/4 1261/860/4
f 1516/871/4 1519/872/4 1185/862/4 1144/861/4
f 1525/873/4 1520/874/4 1184/866/4 1239/865/4
f 1527/875/4 1521/776/4 1183/778/4 1259/869/4
f 1526/902/4 1522/903/4 1207/904/4 1246/905/4
f 1576/908/4 1564/909/4 1209/893/4 1248/892/4
f 1524/930/4 1523/931/4 1217/932/4 1226/933/4
f 1570/936/4 1567/937/4 1219/923/4 1228/922/4
f 1558/856/4 1570/936/4 1228/922/4 1190/857/4
f 1520/874/4 1524/930/4 1226/933/4 1184/866/4
f 1322/950/782 1143/774/782 1266/774/782 1350/951/782
f 1522/903/4 1525/873/4 1239/865/4 1207/904/4
f 1564/909/4 1573/855/4 1241/858/4 1209/893/4
f 1555/852/4 1576/908/4 1248/892/4 1191/853/4
f 1519/872/4 1526/902/4 1246/905/4 1185/862/4
f 1523/931/4 1527/875/4 1259/869/4 1217/932/4
f 1567/937/4 1579/859/4 1261/860/4 1219/923/4
f 1499/815/793 1500/979/793 1283/980/793 1167/816/793
f 1552/813/793 1582/981/793 1285/982/793 1169/814/793
f 1518/811/794 1528/983/794 1287/957/794 1171/812/794
f 1549/809/794 1585/984/794 1289/956/794 1173/810/794
f 1154/955/798 1322/950/798 1350/951/798 1267/955/798
f 1502/1003/1 1501/794/1 1323/797/1 1142/1004/1
f 1535/1005/1 1588/790/1 1325/793/1 1145/1006/1
f 1530/777/3 1529/786/3 1327/789/3 1149/772/3
f 1538/781/3 1591/782/3 1329/785/3 1147/769/3
f 1497/1140/3 1515/1141/3 1496/1142/3 1479/1143/3
f 1516/1144/1 1534/1145/1 1495/1146/1 1480/1147/1
f 1504/1148/794 1514/1149/794 1494/1150/794 1483/1151/794
f 1509/1152/4 1513/1153/4 1493/1154/4 1489/1155/4
f 1505/1156/4 1512/1157/4 1492/1158/4 1485/1159/4
f 1508/1160/4 1511/1161/4 1491/1162/4 1488/1163/4
f 1506/1164/4 1510/1165/4 1490/1166/4 1486/1167/4
f 1510/1165/4 1509/1152/4 1489/1155/4 1490/1166/4
f 1512/1157/4 1508/1160/4 1488/1163/4 1492/1158/4
f 1513/1153/4 1507/1168/4 1487/1169/4 1493/1154/4
f 1511/1161/4 1506/1164/4 1486/1167/4 1491/1162/4
f 1502/1170/4 1505/1156/4 1485/1159/4 1480/1171/4
f 1531/1172/781 1532/1173/781 1484/1174/781 1482/1175/781
f 1503/1176/780 1504/1148/780 1483/1151/780 1481/1177/780
f 1534/1145/779 1531/1172/779 1482/1175/779 1495/1146/779
f 1515/1141/778 1503/1176/778 1481/1177/778 1496/1142/778
f 1507/1168/4 1497/1140/4 1479/1143/4 1487/1169/4
f 1180/775/4 1143/774/4 1497/1140/4 1507/1168/4
f 1322/950/778 1154/955/778 1503/1176/778 1515/1141/778
f 1154/955/780 1166/877/780 1504/1148/780 1503/1176/780
f 1142/881/4 1182/880/4 1505/1156/4 1502/1170/4
f 1238/885/4 1181/884/4 1506/1164/4 1511/1161/4
f 1258/887/4 1180/775/4 1507/1168/4 1513/1153/4
f 1245/899/4 1206/898/4 1508/1160/4 1512/1157/4
f 1225/929/4 1216/928/4 1509/1152/4 1510/1165/4
f 1181/884/4 1225/929/4 1510/1165/4 1506/1164/4
f 1206/898/4 1238/885/4 1511/1161/4 1508/1160/4
f 1182/880/4 1245/899/4 1512/1157/4 1505/1156/4
f 1216/928/4 1258/887/4 1513/1153/4 1509/1152/4
f 1166/877/794 1282/876/794 1514/1149/794 1504/1148/794
f 1143/774/3 1322/950/3 1515/1141/3 1497/1140/3
f 1480/1147/1 1495/1146/1 1501/794/1 1502/1003/1
f 1482/1175/781 1484/1174/781 1499/815/781 1498/795/781
f 1495/1146/779 1482/1175/779 1498/795/779 1501/794/779
f 1326/1128/779 1158/1103/779 1531/1172/779 1534/1145/779
f 1158/1103/781 1170/1043/781 1532/1173/781 1531/1172/781
f 1170/1043/793 1286/1138/793 1533/1178/793 1532/1173/793
f 1144/1075/1 1326/1128/1 1534/1145/1 1516/1144/1
f 1479/1143/3 1496/1142/3 1529/786/3 1530/777/3
f 1483/1151/794 1494/1150/794 1528/983/794 1518/811/794
f 1489/1155/4 1493/1154/4 1527/875/4 1523/931/4
f 1485/1159/4 1492/1158/4 1526/902/4 1519/872/4
f 1488/1163/4 1491/1162/4 1525/873/4 1522/903/4
f 1486/1167/4 1490/1166/4 1524/930/4 1520/874/4
f 1490/1166/4 1489/1155/4 1523/931/4 1524/930/4
f 1492/1158/4 1488/1163/4 1522/903/4 1526/902/4
f 1493/1154/4 1487/1169/4 1521/776/4 1527/875/4
f 1491/1162/4 1486/1167/4 1520/874/4 1525/873/4
f 1480/1171/4 1485/1159/4 1519/872/4 1516/871/4
f 1481/1177/780 1483/1151/780 1518/811/780 1517/787/780
f 1496/1142/778 1481/1177/778 1517/787/778 1529/786/778
f 1487/1169/4 1479/1143/4 1530/777/4 1521/776/4
f 1148/771/3 1328/954/3 1589/1179/3 1540/1180/3
f 1540/1180/3 1589/1179/3 1590/1181/3 1539/1182/3
f 1539/1182/3 1590/1181/3 1591/782/3 1538/781/3
f 1146/1061/1 1324/1114/1 1586/1183/1 1537/1184/1
f 1537/1184/1 1586/1183/1 1587/1185/1 1536/1186/1
f 1536/1186/1 1587/1185/1 1588/790/1 1535/1005/1
f 1172/803/794 1288/802/794 1583/1187/794 1547/1188/794
f 1547/1188/794 1583/1187/794 1584/1189/794 1548/1190/794
f 1548/1190/794 1584/1189/794 1585/984/794 1549/809/794
f 1168/1033/793 1284/1135/793 1580/1191/793 1550/1192/793
f 1550/1192/793 1580/1191/793 1581/1193/793 1551/1194/793
f 1551/1194/793 1581/1193/793 1582/981/793 1552/813/793
f 1218/934/4 1260/870/4 1577/1195/4 1565/1196/4
f 1565/1196/4 1577/1195/4 1578/1197/4 1566/1198/4
f 1566/1198/4 1578/1197/4 1579/859/4 1567/937/4
f 1188/863/4 1247/907/4 1574/1199/4 1553/1200/4
f 1553/1200/4 1574/1199/4 1575/1201/4 1554/1202/4
f 1554/1202/4 1575/1201/4 1576/908/4 1555/852/4
f 1208/906/4 1240/868/4 1571/1203/4 1562/1204/4
f 1562/1204/4 1571/1203/4 1572/1205/4 1563/1206/4
f 1563/1206/4 1572/1205/4 1573/855/4 1564/909/4
f 1187/867/4 1227/935/4 1568/1207/4 1556/1208/4
f 1556/1208/4 1568/1207/4 1569/1209/4 1557/1210/4
f 1557/1210/4 1569/1209/4 1570/936/4 1558/856/4
f 1227/935/4 1218/934/4 1565/1196/4 1568/1207/4
f 1568/1207/4 1565/1196/4 1566/1198/4 1569/1209/4
f 1569/1209/4 1566/1198/4 1567/937/4 1570/936/4
f 1247/907/4 1208/906/4 1562/1204/4 1574/1199/4
f 1574/1199/4 1562/1204/4 1563/1206/4 1575/1201/4
f 1575/1201/4 1563/1206/4 1564/909/4 1576/908/4
f 1260/870/4 1186/779/4 1559/1211/4 1577/1195/4
f 1577/1195/4 1559/1211/4 1560/1212/4 1578/1197/4
f 1578/1197/4 1560/1212/4 1561/780/4 1579/859/4
f 1240/868/4 1187/867/4 1556/1208/4 1571/1203/4
f 1571/1203/4 1556/1208/4 1557/1210/4 1572/1205/4
f 1572/1205/4 1557/1210/4 1558/856/4 1573/855/4
f 1145/864/4 1188/863/4 1553/1200/4 1535/1213/4
f 1535/1213/4 1553/1200/4 1554/1202/4 1536/1214/4
f 1536/1214/4 1554/1202/4 1555/852/4 1537/851/4
f 1156/1092/781 1168/1033/781 1550/1192/781 1544/1215/781
f 1544/1215/781 1550/1192/781 1551/1194/781 1545/1216/781
f 1545/1216/781 1551/1194/781 1552/813/781 1546/791/781
f 1160/952/780 1172/803/780 1547/1188/780 1541/1217/780
f 1541/1217/780 1547/1188/780 1548/1190/780 1542/1218/780
f 1542/1218/780 1548/1190/780 1549/809/780 1543/783/780
f 1324/1114/779 1156/1092/779 1544/1215/779 1586/1183/779
f 1586/1183/779 1544/1215/779 1545/1216/779 1587/1185/779
f 1587/1185/779 1545/1216/779 1546/791/779 1588/790/779
f 1328/954/778 1160/952/778 1541/1217/778 1589/1179/778
f 1589/1179/778 1541/1217/778 1542/1218/778 1590/1181/778
f 1590/1181/778 1542/1218/778 1543/783/778 1591/782/778
f 1186/779/4 1148/771/4 1540/1180/4 1559/1211/4
f 1559/1211/4 1540/1180/4 1539/1182/4 1560/1212/4
f 1560/1212/4 1539/1182/4 1538/781/4 1561/780/4
f 1592/1219/898 1593/1220/898 1594/1221/898 1595/1222/898
f 1532/1173/793 1533/1178/793 1592/1219/793 1595/1222/793 1484/1174/793
f 1484/1174/793 1595/1222/793 1594/1221/793 1500/979/793 1499/815/793
